"source","Date","Treatment","Replicate","Response.Variable","site_abbr","site_type","experiment_type","stock_or_flux"
"AND_tree_DBH_2002-2015_processed.csv","2002","WS06","4","13.8058823529412","AND","Forest","Vegetation Removal","Proxy"
"AND_tree_DBH_2002-2015_processed.csv","2002","WS06","6","15.5111111111111","AND","Forest","Vegetation Removal","Proxy"
"AND_tree_DBH_2002-2015_processed.csv","2002","WS06","14","16.1324324324324","AND","Forest","Vegetation Removal","Proxy"
"AND_tree_DBH_2002-2015_processed.csv","2002","WS06","18","15.3962962962963","AND","Forest","Vegetation Removal","Proxy"
"AND_tree_DBH_2002-2015_processed.csv","2002","WS06","19","14.9791666666667","AND","Forest","Vegetation Removal","Proxy"
"AND_tree_DBH_2002-2015_processed.csv","2002","WS06","21","12.8666666666667","AND","Forest","Vegetation Removal","Proxy"
"AND_tree_DBH_2002-2015_processed.csv","2002","WS06","23","17.35","AND","Forest","Vegetation Removal","Proxy"
"AND_tree_DBH_2002-2015_processed.csv","2002","WS06","25","17.4322580645161","AND","Forest","Vegetation Removal","Proxy"
"AND_tree_DBH_2002-2015_processed.csv","2002","WS06","38","14.0894736842105","AND","Forest","Vegetation Removal","Proxy"
"AND_tree_DBH_2002-2015_processed.csv","2002","WS06","39","16.0230769230769","AND","Forest","Vegetation Removal","Proxy"
"AND_tree_DBH_2002-2015_processed.csv","2002","WS06","41","13.1418604651163","AND","Forest","Vegetation Removal","Proxy"
"AND_tree_DBH_2002-2015_processed.csv","2002","WS06","43","17.8125","AND","Forest","Vegetation Removal","Proxy"
"AND_tree_DBH_2002-2015_processed.csv","2002","WS06","45","11.9277777777778","AND","Forest","Vegetation Removal","Proxy"
"AND_tree_DBH_2002-2015_processed.csv","2002","WS06","54","13.1818181818182","AND","Forest","Vegetation Removal","Proxy"
"AND_tree_DBH_2002-2015_processed.csv","2002","WS06","56","16.5863636363636","AND","Forest","Vegetation Removal","Proxy"
"AND_tree_DBH_2002-2015_processed.csv","2002","WS06","58","15.3045454545455","AND","Forest","Vegetation Removal","Proxy"
"AND_tree_DBH_2002-2015_processed.csv","2002","WS06","60","16.592","AND","Forest","Vegetation Removal","Proxy"
"AND_tree_DBH_2002-2015_processed.csv","2002","WS06","65","15.8428571428571","AND","Forest","Vegetation Removal","Proxy"
"AND_tree_DBH_2002-2015_processed.csv","2002","WS06","66","16.1228571428571","AND","Forest","Vegetation Removal","Proxy"
"AND_tree_DBH_2002-2015_processed.csv","2002","WS06","67","12.045","AND","Forest","Vegetation Removal","Proxy"
"AND_tree_DBH_2002-2015_processed.csv","2002","WS06","68","12.575","AND","Forest","Vegetation Removal","Proxy"
"AND_tree_DBH_2002-2015_processed.csv","2002","WS06","69","10.9648648648649","AND","Forest","Vegetation Removal","Proxy"
"AND_tree_DBH_2002-2015_processed.csv","2002","WS07","1","11.7430555555556","AND","Forest","Vegetation Removal","Proxy"
"AND_tree_DBH_2002-2015_processed.csv","2002","WS07","3","13.2833333333333","AND","Forest","Vegetation Removal","Proxy"
"AND_tree_DBH_2002-2015_processed.csv","2002","WS07","14","14.2333333333333","AND","Forest","Vegetation Removal","Proxy"
"AND_tree_DBH_2002-2015_processed.csv","2002","WS07","18","16.6875","AND","Forest","Vegetation Removal","Proxy"
"AND_tree_DBH_2002-2015_processed.csv","2002","WS07","19","13.3176470588235","AND","Forest","Vegetation Removal","Proxy"
"AND_tree_DBH_2002-2015_processed.csv","2002","WS07","20","16.4625","AND","Forest","Vegetation Removal","Proxy"
"AND_tree_DBH_2002-2015_processed.csv","2002","WS07","22","13.6411764705882","AND","Forest","Vegetation Removal","Proxy"
"AND_tree_DBH_2002-2015_processed.csv","2002","WS07","24","11.006976744186","AND","Forest","Vegetation Removal","Proxy"
"AND_tree_DBH_2002-2015_processed.csv","2002","WS07","26","11.445","AND","Forest","Vegetation Removal","Proxy"
"AND_tree_DBH_2002-2015_processed.csv","2002","WS07","39","11.805","AND","Forest","Vegetation Removal","Proxy"
"AND_tree_DBH_2002-2015_processed.csv","2002","WS07","41","16.23","AND","Forest","Vegetation Removal","Proxy"
"AND_tree_DBH_2002-2015_processed.csv","2002","WS07","43","12.04375","AND","Forest","Vegetation Removal","Proxy"
"AND_tree_DBH_2002-2015_processed.csv","2002","WS07","45","15.50625","AND","Forest","Vegetation Removal","Proxy"
"AND_tree_DBH_2002-2015_processed.csv","2002","WS07","47","12.6375","AND","Forest","Vegetation Removal","Proxy"
"AND_tree_DBH_2002-2015_processed.csv","2002","WS07","49","8.84705882352941","AND","Forest","Vegetation Removal","Proxy"
"AND_tree_DBH_2002-2015_processed.csv","2002","WS07","59","8.64736842105263","AND","Forest","Vegetation Removal","Proxy"
"AND_tree_DBH_2002-2015_processed.csv","2002","WS07","61","12.0071428571429","AND","Forest","Vegetation Removal","Proxy"
"AND_tree_DBH_2002-2015_processed.csv","2002","WS07","63","12.1730769230769","AND","Forest","Vegetation Removal","Proxy"
"AND_tree_DBH_2002-2015_processed.csv","2002","WS07","65","17.56","AND","Forest","Vegetation Removal","Proxy"
"AND_tree_DBH_2002-2015_processed.csv","2002","WS07","66","10.7542857142857","AND","Forest","Vegetation Removal","Proxy"
"AND_tree_DBH_2002-2015_processed.csv","2002","WS07","67","12.096","AND","Forest","Vegetation Removal","Proxy"
"AND_tree_DBH_2002-2015_processed.csv","2002","WS07","68","9.68947368421053","AND","Forest","Vegetation Removal","Proxy"
"AND_tree_DBH_2002-2015_processed.csv","2002","WS07","69","10.34","AND","Forest","Vegetation Removal","Proxy"
"AND_tree_DBH_2002-2015_processed.csv","2002","WS07","70","9.27083333333333","AND","Forest","Vegetation Removal","Proxy"
"AND_tree_DBH_2002-2015_processed.csv","2002","WS08","1","27.2923076923077","AND","Forest","Vegetation Removal","Proxy"
"AND_tree_DBH_2002-2015_processed.csv","2002","WS08","2","44.8139534883721","AND","Forest","Vegetation Removal","Proxy"
"AND_tree_DBH_2002-2015_processed.csv","2002","WS08","3","47.9942857142857","AND","Forest","Vegetation Removal","Proxy"
"AND_tree_DBH_2002-2015_processed.csv","2002","WS08","4","38.6315789473684","AND","Forest","Vegetation Removal","Proxy"
"AND_tree_DBH_2002-2015_processed.csv","2002","WS08","5","38.2414634146341","AND","Forest","Vegetation Removal","Proxy"
"AND_tree_DBH_2002-2015_processed.csv","2002","WS08","6","47.1409090909091","AND","Forest","Vegetation Removal","Proxy"
"AND_tree_DBH_2002-2015_processed.csv","2002","WS08","7","34.5745098039216","AND","Forest","Vegetation Removal","Proxy"
"AND_tree_DBH_2002-2015_processed.csv","2002","WS08","8","44.7487179487179","AND","Forest","Vegetation Removal","Proxy"
"AND_tree_DBH_2002-2015_processed.csv","2002","WS08","9","29.890243902439","AND","Forest","Vegetation Removal","Proxy"
"AND_tree_DBH_2002-2015_processed.csv","2002","WS08","10","24.0850746268657","AND","Forest","Vegetation Removal","Proxy"
"AND_tree_DBH_2002-2015_processed.csv","2002","WS08","11","23.9959459459459","AND","Forest","Vegetation Removal","Proxy"
"AND_tree_DBH_2002-2015_processed.csv","2002","WS08","12","17.3951807228916","AND","Forest","Vegetation Removal","Proxy"
"AND_tree_DBH_2002-2015_processed.csv","2002","WS08","13","42.6058823529412","AND","Forest","Vegetation Removal","Proxy"
"AND_tree_DBH_2002-2015_processed.csv","2002","WS08","14","38.0367346938775","AND","Forest","Vegetation Removal","Proxy"
"AND_tree_DBH_2002-2015_processed.csv","2002","WS08","15","24.5622222222222","AND","Forest","Vegetation Removal","Proxy"
"AND_tree_DBH_2002-2015_processed.csv","2002","WS08","16","25.9956989247312","AND","Forest","Vegetation Removal","Proxy"
"AND_tree_DBH_2002-2015_processed.csv","2002","WS08","17","24.6258823529412","AND","Forest","Vegetation Removal","Proxy"
"AND_tree_DBH_2002-2015_processed.csv","2002","WS08","18","34.7755102040816","AND","Forest","Vegetation Removal","Proxy"
"AND_tree_DBH_2002-2015_processed.csv","2002","WS08","19","31.9229508196721","AND","Forest","Vegetation Removal","Proxy"
"AND_tree_DBH_2002-2015_processed.csv","2002","WS08","20","38.0355555555556","AND","Forest","Vegetation Removal","Proxy"
"AND_tree_DBH_2002-2015_processed.csv","2002","WS08","21","43.1704545454545","AND","Forest","Vegetation Removal","Proxy"
"AND_tree_DBH_2002-2015_processed.csv","2002","WS08","22","43.1434782608696","AND","Forest","Vegetation Removal","Proxy"
"AND_tree_DBH_2002-2015_processed.csv","2008","WS06","4","17.451724137931","AND","Forest","Vegetation Removal","Proxy"
"AND_tree_DBH_2002-2015_processed.csv","2008","WS06","6","19.06","AND","Forest","Vegetation Removal","Proxy"
"AND_tree_DBH_2002-2015_processed.csv","2008","WS06","14","20.2636363636364","AND","Forest","Vegetation Removal","Proxy"
"AND_tree_DBH_2002-2015_processed.csv","2008","WS06","18","18.6888888888889","AND","Forest","Vegetation Removal","Proxy"
"AND_tree_DBH_2002-2015_processed.csv","2008","WS06","19","18.8086956521739","AND","Forest","Vegetation Removal","Proxy"
"AND_tree_DBH_2002-2015_processed.csv","2008","WS06","21","15.440625","AND","Forest","Vegetation Removal","Proxy"
"AND_tree_DBH_2002-2015_processed.csv","2008","WS06","23","20.0714285714286","AND","Forest","Vegetation Removal","Proxy"
"AND_tree_DBH_2002-2015_processed.csv","2008","WS06","25","21.1064516129032","AND","Forest","Vegetation Removal","Proxy"
"AND_tree_DBH_2002-2015_processed.csv","2008","WS06","38","17.84","AND","Forest","Vegetation Removal","Proxy"
"AND_tree_DBH_2002-2015_processed.csv","2008","WS06","39","19.2714285714286","AND","Forest","Vegetation Removal","Proxy"
"AND_tree_DBH_2002-2015_processed.csv","2008","WS06","41","16.4756756756757","AND","Forest","Vegetation Removal","Proxy"
"AND_tree_DBH_2002-2015_processed.csv","2008","WS06","43","22.9952380952381","AND","Forest","Vegetation Removal","Proxy"
"AND_tree_DBH_2002-2015_processed.csv","2008","WS06","45","13.7083333333333","AND","Forest","Vegetation Removal","Proxy"
"AND_tree_DBH_2002-2015_processed.csv","2008","WS06","54","16.6483870967742","AND","Forest","Vegetation Removal","Proxy"
"AND_tree_DBH_2002-2015_processed.csv","2008","WS06","56","20.9352941176471","AND","Forest","Vegetation Removal","Proxy"
"AND_tree_DBH_2002-2015_processed.csv","2008","WS06","58","20.5","AND","Forest","Vegetation Removal","Proxy"
"AND_tree_DBH_2002-2015_processed.csv","2008","WS06","60","19.9153846153846","AND","Forest","Vegetation Removal","Proxy"
"AND_tree_DBH_2002-2015_processed.csv","2008","WS06","65","19.9947368421053","AND","Forest","Vegetation Removal","Proxy"
"AND_tree_DBH_2002-2015_processed.csv","2008","WS06","66","16.96","AND","Forest","Vegetation Removal","Proxy"
"AND_tree_DBH_2002-2015_processed.csv","2008","WS06","67","13.1488888888889","AND","Forest","Vegetation Removal","Proxy"
"AND_tree_DBH_2002-2015_processed.csv","2008","WS06","68","14.5965517241379","AND","Forest","Vegetation Removal","Proxy"
"AND_tree_DBH_2002-2015_processed.csv","2008","WS06","69","12.7705882352941","AND","Forest","Vegetation Removal","Proxy"
"AND_tree_DBH_2002-2015_processed.csv","2008","WS07","1","14.0565217391304","AND","Forest","Vegetation Removal","Proxy"
"AND_tree_DBH_2002-2015_processed.csv","2008","WS07","3","15.69375","AND","Forest","Vegetation Removal","Proxy"
"AND_tree_DBH_2002-2015_processed.csv","2008","WS07","14","17.03","AND","Forest","Vegetation Removal","Proxy"
"AND_tree_DBH_2002-2015_processed.csv","2008","WS07","18","22.30625","AND","Forest","Vegetation Removal","Proxy"
"AND_tree_DBH_2002-2015_processed.csv","2008","WS07","19","19.0588235294118","AND","Forest","Vegetation Removal","Proxy"
"AND_tree_DBH_2002-2015_processed.csv","2008","WS07","20","21.3888888888889","AND","Forest","Vegetation Removal","Proxy"
"AND_tree_DBH_2002-2015_processed.csv","2008","WS07","22","19.8058823529412","AND","Forest","Vegetation Removal","Proxy"
"AND_tree_DBH_2002-2015_processed.csv","2008","WS07","24","14.3651162790698","AND","Forest","Vegetation Removal","Proxy"
"AND_tree_DBH_2002-2015_processed.csv","2008","WS07","26","14.6076923076923","AND","Forest","Vegetation Removal","Proxy"
"AND_tree_DBH_2002-2015_processed.csv","2008","WS07","39","16.2590909090909","AND","Forest","Vegetation Removal","Proxy"
"AND_tree_DBH_2002-2015_processed.csv","2008","WS07","41","20.68","AND","Forest","Vegetation Removal","Proxy"
"AND_tree_DBH_2002-2015_processed.csv","2008","WS07","43","14.5526315789474","AND","Forest","Vegetation Removal","Proxy"
"AND_tree_DBH_2002-2015_processed.csv","2008","WS07","45","21","AND","Forest","Vegetation Removal","Proxy"
"AND_tree_DBH_2002-2015_processed.csv","2008","WS07","47","14.3678571428571","AND","Forest","Vegetation Removal","Proxy"
"AND_tree_DBH_2002-2015_processed.csv","2008","WS07","49","10.6611111111111","AND","Forest","Vegetation Removal","Proxy"
"AND_tree_DBH_2002-2015_processed.csv","2008","WS07","59","12.2227272727273","AND","Forest","Vegetation Removal","Proxy"
"AND_tree_DBH_2002-2015_processed.csv","2008","WS07","61","16.5076923076923","AND","Forest","Vegetation Removal","Proxy"
"AND_tree_DBH_2002-2015_processed.csv","2008","WS07","63","14.6962962962963","AND","Forest","Vegetation Removal","Proxy"
"AND_tree_DBH_2002-2015_processed.csv","2008","WS07","65","19.1666666666667","AND","Forest","Vegetation Removal","Proxy"
"AND_tree_DBH_2002-2015_processed.csv","2008","WS07","66","14.3325","AND","Forest","Vegetation Removal","Proxy"
"AND_tree_DBH_2002-2015_processed.csv","2008","WS07","67","15.5884615384615","AND","Forest","Vegetation Removal","Proxy"
"AND_tree_DBH_2002-2015_processed.csv","2008","WS07","68","12.595652173913","AND","Forest","Vegetation Removal","Proxy"
"AND_tree_DBH_2002-2015_processed.csv","2008","WS07","69","14.6846153846154","AND","Forest","Vegetation Removal","Proxy"
"AND_tree_DBH_2002-2015_processed.csv","2008","WS07","70","10.6676470588235","AND","Forest","Vegetation Removal","Proxy"
"AND_tree_DBH_2002-2015_processed.csv","2008","WS08","1","26.6303571428571","AND","Forest","Vegetation Removal","Proxy"
"AND_tree_DBH_2002-2015_processed.csv","2008","WS08","2","44.6704545454545","AND","Forest","Vegetation Removal","Proxy"
"AND_tree_DBH_2002-2015_processed.csv","2008","WS08","3","46.6972972972973","AND","Forest","Vegetation Removal","Proxy"
"AND_tree_DBH_2002-2015_processed.csv","2008","WS08","4","38.3052631578947","AND","Forest","Vegetation Removal","Proxy"
"AND_tree_DBH_2002-2015_processed.csv","2008","WS08","5","35.3369565217391","AND","Forest","Vegetation Removal","Proxy"
"AND_tree_DBH_2002-2015_processed.csv","2008","WS08","6","42.88","AND","Forest","Vegetation Removal","Proxy"
"AND_tree_DBH_2002-2015_processed.csv","2008","WS08","7","33.9075471698113","AND","Forest","Vegetation Removal","Proxy"
"AND_tree_DBH_2002-2015_processed.csv","2008","WS08","8","46.0473684210526","AND","Forest","Vegetation Removal","Proxy"
"AND_tree_DBH_2002-2015_processed.csv","2008","WS08","9","32.7675675675676","AND","Forest","Vegetation Removal","Proxy"
"AND_tree_DBH_2002-2015_processed.csv","2008","WS08","10","23.2662162162162","AND","Forest","Vegetation Removal","Proxy"
"AND_tree_DBH_2002-2015_processed.csv","2008","WS08","11","23.6705128205128","AND","Forest","Vegetation Removal","Proxy"
"AND_tree_DBH_2002-2015_processed.csv","2008","WS08","12","18.5375","AND","Forest","Vegetation Removal","Proxy"
"AND_tree_DBH_2002-2015_processed.csv","2008","WS08","13","43.6323529411765","AND","Forest","Vegetation Removal","Proxy"
"AND_tree_DBH_2002-2015_processed.csv","2008","WS08","14","39.1791666666667","AND","Forest","Vegetation Removal","Proxy"
"AND_tree_DBH_2002-2015_processed.csv","2008","WS08","15","24.1340425531915","AND","Forest","Vegetation Removal","Proxy"
"AND_tree_DBH_2002-2015_processed.csv","2008","WS08","16","26.8268817204301","AND","Forest","Vegetation Removal","Proxy"
"AND_tree_DBH_2002-2015_processed.csv","2008","WS08","17","24.7988764044944","AND","Forest","Vegetation Removal","Proxy"
"AND_tree_DBH_2002-2015_processed.csv","2008","WS08","18","33.834","AND","Forest","Vegetation Removal","Proxy"
"AND_tree_DBH_2002-2015_processed.csv","2008","WS08","19","30.1779411764706","AND","Forest","Vegetation Removal","Proxy"
"AND_tree_DBH_2002-2015_processed.csv","2008","WS08","20","38.8934782608696","AND","Forest","Vegetation Removal","Proxy"
"AND_tree_DBH_2002-2015_processed.csv","2008","WS08","21","44.9976744186047","AND","Forest","Vegetation Removal","Proxy"
"AND_tree_DBH_2002-2015_processed.csv","2008","WS08","22","46.8238095238095","AND","Forest","Vegetation Removal","Proxy"
"AND_tree_DBH_2002-2015_processed.csv","2014","WS06","4","20.7346153846154","AND","Forest","Vegetation Removal","Proxy"
"AND_tree_DBH_2002-2015_processed.csv","2014","WS06","6","21.2769230769231","AND","Forest","Vegetation Removal","Proxy"
"AND_tree_DBH_2002-2015_processed.csv","2014","WS06","14","24.864","AND","Forest","Vegetation Removal","Proxy"
"AND_tree_DBH_2002-2015_processed.csv","2014","WS06","18","23.0454545454545","AND","Forest","Vegetation Removal","Proxy"
"AND_tree_DBH_2002-2015_processed.csv","2014","WS06","19","23.0947368421053","AND","Forest","Vegetation Removal","Proxy"
"AND_tree_DBH_2002-2015_processed.csv","2014","WS06","21","17.9354838709677","AND","Forest","Vegetation Removal","Proxy"
"AND_tree_DBH_2002-2015_processed.csv","2014","WS06","23","24.3428571428571","AND","Forest","Vegetation Removal","Proxy"
"AND_tree_DBH_2002-2015_processed.csv","2014","WS06","25","24.6592592592593","AND","Forest","Vegetation Removal","Proxy"
"AND_tree_DBH_2002-2015_processed.csv","2014","WS06","38","21.7684210526316","AND","Forest","Vegetation Removal","Proxy"
"AND_tree_DBH_2002-2015_processed.csv","2014","WS06","39","22.0894736842105","AND","Forest","Vegetation Removal","Proxy"
"AND_tree_DBH_2002-2015_processed.csv","2014","WS06","41","19.2896551724138","AND","Forest","Vegetation Removal","Proxy"
"AND_tree_DBH_2002-2015_processed.csv","2014","WS06","43","25.9142857142857","AND","Forest","Vegetation Removal","Proxy"
"AND_tree_DBH_2002-2015_processed.csv","2014","WS06","45","15.059375","AND","Forest","Vegetation Removal","Proxy"
"AND_tree_DBH_2002-2015_processed.csv","2014","WS06","54","19.27","AND","Forest","Vegetation Removal","Proxy"
"AND_tree_DBH_2002-2015_processed.csv","2014","WS06","56","24.8533333333333","AND","Forest","Vegetation Removal","Proxy"
"AND_tree_DBH_2002-2015_processed.csv","2014","WS06","58","21.9894736842105","AND","Forest","Vegetation Removal","Proxy"
"AND_tree_DBH_2002-2015_processed.csv","2014","WS06","60","22.0615384615385","AND","Forest","Vegetation Removal","Proxy"
"AND_tree_DBH_2002-2015_processed.csv","2014","WS06","65","23.778947368421","AND","Forest","Vegetation Removal","Proxy"
"AND_tree_DBH_2002-2015_processed.csv","2014","WS06","66","18.9638888888889","AND","Forest","Vegetation Removal","Proxy"
"AND_tree_DBH_2002-2015_processed.csv","2014","WS06","67","15.9769230769231","AND","Forest","Vegetation Removal","Proxy"
"AND_tree_DBH_2002-2015_processed.csv","2014","WS06","68","17.6344827586207","AND","Forest","Vegetation Removal","Proxy"
"AND_tree_DBH_2002-2015_processed.csv","2014","WS06","69","14.8366666666667","AND","Forest","Vegetation Removal","Proxy"
"AND_tree_DBH_2002-2015_processed.csv","2014","WS07","1","16.6537037037037","AND","Forest","Vegetation Removal","Proxy"
"AND_tree_DBH_2002-2015_processed.csv","2014","WS07","3","17.3176470588235","AND","Forest","Vegetation Removal","Proxy"
"AND_tree_DBH_2002-2015_processed.csv","2014","WS07","14","21.2631578947368","AND","Forest","Vegetation Removal","Proxy"
"AND_tree_DBH_2002-2015_processed.csv","2014","WS07","18","26.9875","AND","Forest","Vegetation Removal","Proxy"
"AND_tree_DBH_2002-2015_processed.csv","2014","WS07","19","22.6944444444444","AND","Forest","Vegetation Removal","Proxy"
"AND_tree_DBH_2002-2015_processed.csv","2014","WS07","20","27.2222222222222","AND","Forest","Vegetation Removal","Proxy"
"AND_tree_DBH_2002-2015_processed.csv","2014","WS07","22","24.725","AND","Forest","Vegetation Removal","Proxy"
"AND_tree_DBH_2002-2015_processed.csv","2014","WS07","24","17.5472222222222","AND","Forest","Vegetation Removal","Proxy"
"AND_tree_DBH_2002-2015_processed.csv","2014","WS07","26","18.8933333333333","AND","Forest","Vegetation Removal","Proxy"
"AND_tree_DBH_2002-2015_processed.csv","2014","WS07","39","19.4565217391304","AND","Forest","Vegetation Removal","Proxy"
"AND_tree_DBH_2002-2015_processed.csv","2014","WS07","41","24.78","AND","Forest","Vegetation Removal","Proxy"
"AND_tree_DBH_2002-2015_processed.csv","2014","WS07","43","18.4","AND","Forest","Vegetation Removal","Proxy"
"AND_tree_DBH_2002-2015_processed.csv","2014","WS07","45","25.5125","AND","Forest","Vegetation Removal","Proxy"
"AND_tree_DBH_2002-2015_processed.csv","2014","WS07","47","16.1551724137931","AND","Forest","Vegetation Removal","Proxy"
"AND_tree_DBH_2002-2015_processed.csv","2014","WS07","49","12.9294117647059","AND","Forest","Vegetation Removal","Proxy"
"AND_tree_DBH_2002-2015_processed.csv","2014","WS07","59","16.99","AND","Forest","Vegetation Removal","Proxy"
"AND_tree_DBH_2002-2015_processed.csv","2014","WS07","61","19.6166666666667","AND","Forest","Vegetation Removal","Proxy"
"AND_tree_DBH_2002-2015_processed.csv","2014","WS07","63","16.8925925925926","AND","Forest","Vegetation Removal","Proxy"
"AND_tree_DBH_2002-2015_processed.csv","2014","WS07","65","22.1444444444444","AND","Forest","Vegetation Removal","Proxy"
"AND_tree_DBH_2002-2015_processed.csv","2014","WS07","66","18.3457142857143","AND","Forest","Vegetation Removal","Proxy"
"AND_tree_DBH_2002-2015_processed.csv","2014","WS07","67","17.4888888888889","AND","Forest","Vegetation Removal","Proxy"
"AND_tree_DBH_2002-2015_processed.csv","2014","WS07","68","15.028","AND","Forest","Vegetation Removal","Proxy"
"AND_tree_DBH_2002-2015_processed.csv","2014","WS07","69","18.7428571428571","AND","Forest","Vegetation Removal","Proxy"
"AND_tree_DBH_2002-2015_processed.csv","2014","WS07","70","12.3352941176471","AND","Forest","Vegetation Removal","Proxy"
"AND_tree_DBH_2002-2015_processed.csv","2014","WS08","1","25.3777777777778","AND","Forest","Vegetation Removal","Proxy"
"AND_tree_DBH_2002-2015_processed.csv","2014","WS08","2","36.2017857142857","AND","Forest","Vegetation Removal","Proxy"
"AND_tree_DBH_2002-2015_processed.csv","2014","WS08","3","37.5846153846154","AND","Forest","Vegetation Removal","Proxy"
"AND_tree_DBH_2002-2015_processed.csv","2014","WS08","4","37.0525","AND","Forest","Vegetation Removal","Proxy"
"AND_tree_DBH_2002-2015_processed.csv","2014","WS08","5","33.6913043478261","AND","Forest","Vegetation Removal","Proxy"
"AND_tree_DBH_2002-2015_processed.csv","2014","WS08","6","43.304347826087","AND","Forest","Vegetation Removal","Proxy"
"AND_tree_DBH_2002-2015_processed.csv","2014","WS08","7","34.2314814814815","AND","Forest","Vegetation Removal","Proxy"
"AND_tree_DBH_2002-2015_processed.csv","2014","WS08","8","47.5621621621622","AND","Forest","Vegetation Removal","Proxy"
"AND_tree_DBH_2002-2015_processed.csv","2014","WS08","9","33.5027027027027","AND","Forest","Vegetation Removal","Proxy"
"AND_tree_DBH_2002-2015_processed.csv","2014","WS08","10","23.1405405405405","AND","Forest","Vegetation Removal","Proxy"
"AND_tree_DBH_2002-2015_processed.csv","2014","WS08","11","24.158024691358","AND","Forest","Vegetation Removal","Proxy"
"AND_tree_DBH_2002-2015_processed.csv","2014","WS08","12","19.7350649350649","AND","Forest","Vegetation Removal","Proxy"
"AND_tree_DBH_2002-2015_processed.csv","2014","WS08","13","46.0870967741935","AND","Forest","Vegetation Removal","Proxy"
"AND_tree_DBH_2002-2015_processed.csv","2014","WS08","14","40.1276595744681","AND","Forest","Vegetation Removal","Proxy"
"AND_tree_DBH_2002-2015_processed.csv","2014","WS08","15","25.6886363636364","AND","Forest","Vegetation Removal","Proxy"
"AND_tree_DBH_2002-2015_processed.csv","2014","WS08","16","28.6284090909091","AND","Forest","Vegetation Removal","Proxy"
"AND_tree_DBH_2002-2015_processed.csv","2014","WS08","17","26.1402298850575","AND","Forest","Vegetation Removal","Proxy"
"AND_tree_DBH_2002-2015_processed.csv","2014","WS08","18","31.2859649122807","AND","Forest","Vegetation Removal","Proxy"
"AND_tree_DBH_2002-2015_processed.csv","2014","WS08","19","29.3324324324324","AND","Forest","Vegetation Removal","Proxy"
"AND_tree_DBH_2002-2015_processed.csv","2014","WS08","20","39.3276595744681","AND","Forest","Vegetation Removal","Proxy"
"AND_tree_DBH_2002-2015_processed.csv","2014","WS08","21","46.880487804878","AND","Forest","Vegetation Removal","Proxy"
"AND_tree_DBH_2002-2015_processed.csv","2014","WS08","22","48.2785714285714","AND","Forest","Vegetation Removal","Proxy"
"ARC_vascular_biomass_1983-2015.csv","1982","Control","block 1","311.62","ARC","Tundra","Fertilization","Stock"
"ARC_vascular_biomass_1983-2015.csv","1982","Control","block 2","420.985","ARC","Tundra","Fertilization","Stock"
"ARC_vascular_biomass_1983-2015.csv","1982","Control","block 3","309.695","ARC","Tundra","Fertilization","Stock"
"ARC_vascular_biomass_1983-2015.csv","1982","Control","block 4","468.6","ARC","Tundra","Fertilization","Stock"
"ARC_vascular_biomass_1983-2015.csv","1983","Control","block 1","354.27","ARC","Tundra","Fertilization","Stock"
"ARC_vascular_biomass_1983-2015.csv","1983","Control","block 2","230.04","ARC","Tundra","Fertilization","Stock"
"ARC_vascular_biomass_1983-2015.csv","1983","Control","block 3","333.095","ARC","Tundra","Fertilization","Stock"
"ARC_vascular_biomass_1983-2015.csv","1983","Control","block 4","338.16","ARC","Tundra","Fertilization","Stock"
"ARC_vascular_biomass_1983-2015.csv","1983","GH","block 1","445","ARC","Tundra","Fertilization","Stock"
"ARC_vascular_biomass_1983-2015.csv","1983","GH","block 2","352.275","ARC","Tundra","Fertilization","Stock"
"ARC_vascular_biomass_1983-2015.csv","1983","GH","block 3","314.31","ARC","Tundra","Fertilization","Stock"
"ARC_vascular_biomass_1983-2015.csv","1983","GH","block 4","166.3","ARC","Tundra","Fertilization","Stock"
"ARC_vascular_biomass_1983-2015.csv","1983","GHNP","block 1","368.955","ARC","Tundra","Fertilization","Stock"
"ARC_vascular_biomass_1983-2015.csv","1983","GHNP","block 2","564.295","ARC","Tundra","Fertilization","Stock"
"ARC_vascular_biomass_1983-2015.csv","1983","GHNP","block 3","460.08","ARC","Tundra","Fertilization","Stock"
"ARC_vascular_biomass_1983-2015.csv","1983","GHNP","block 4","420.04","ARC","Tundra","Fertilization","Stock"
"ARC_vascular_biomass_1983-2015.csv","1983","NP","block 1","479.95","ARC","Tundra","Fertilization","Stock"
"ARC_vascular_biomass_1983-2015.csv","1983","NP","block 2","410.475","ARC","Tundra","Fertilization","Stock"
"ARC_vascular_biomass_1983-2015.csv","1983","NP","block 3","446.15","ARC","Tundra","Fertilization","Stock"
"ARC_vascular_biomass_1983-2015.csv","1983","NP","block 4","337.13","ARC","Tundra","Fertilization","Stock"
"ARC_vascular_biomass_1983-2015.csv","1983","SH","block 1","225.435","ARC","Tundra","Fertilization","Stock"
"ARC_vascular_biomass_1983-2015.csv","1983","SH","block 2","200.325","ARC","Tundra","Fertilization","Stock"
"ARC_vascular_biomass_1983-2015.csv","1983","SH","block 3","300.96","ARC","Tundra","Fertilization","Stock"
"ARC_vascular_biomass_1983-2015.csv","1983","SH","block 4","330.905","ARC","Tundra","Fertilization","Stock"
"ARC_vascular_biomass_1983-2015.csv","1984","Control","block 1","289.94","ARC","Tundra","Fertilization","Stock"
"ARC_vascular_biomass_1983-2015.csv","1984","Control","block 2","246.79","ARC","Tundra","Fertilization","Stock"
"ARC_vascular_biomass_1983-2015.csv","1984","Control","block 3","244.56","ARC","Tundra","Fertilization","Stock"
"ARC_vascular_biomass_1983-2015.csv","1984","Control","block 4","247.955","ARC","Tundra","Fertilization","Stock"
"ARC_vascular_biomass_1983-2015.csv","1984","NP","block 1","246.66","ARC","Tundra","Fertilization","Stock"
"ARC_vascular_biomass_1983-2015.csv","1984","NP","block 2","442","ARC","Tundra","Fertilization","Stock"
"ARC_vascular_biomass_1983-2015.csv","1984","NP","block 3","380.235","ARC","Tundra","Fertilization","Stock"
"ARC_vascular_biomass_1983-2015.csv","1984","NP","block 4","358.705","ARC","Tundra","Fertilization","Stock"
"ARC_vascular_biomass_1983-2015.csv","1989","Control","block 1","259.95","ARC","Tundra","Fertilization","Stock"
"ARC_vascular_biomass_1983-2015.csv","1989","Control","block 2","218.555","ARC","Tundra","Fertilization","Stock"
"ARC_vascular_biomass_1983-2015.csv","1989","Control","block 3","261.58","ARC","Tundra","Fertilization","Stock"
"ARC_vascular_biomass_1983-2015.csv","1989","Control","block 4","276.74","ARC","Tundra","Fertilization","Stock"
"ARC_vascular_biomass_1983-2015.csv","1989","GH","block 1","349.25","ARC","Tundra","Fertilization","Stock"
"ARC_vascular_biomass_1983-2015.csv","1989","GH","block 2","358.095","ARC","Tundra","Fertilization","Stock"
"ARC_vascular_biomass_1983-2015.csv","1989","GH","block 3","305.295","ARC","Tundra","Fertilization","Stock"
"ARC_vascular_biomass_1983-2015.csv","1989","GH","block 4","400.53","ARC","Tundra","Fertilization","Stock"
"ARC_vascular_biomass_1983-2015.csv","1989","GHNP","block 1","396.1","ARC","Tundra","Fertilization","Stock"
"ARC_vascular_biomass_1983-2015.csv","1989","GHNP","block 2","606.115","ARC","Tundra","Fertilization","Stock"
"ARC_vascular_biomass_1983-2015.csv","1989","GHNP","block 3","643.16","ARC","Tundra","Fertilization","Stock"
"ARC_vascular_biomass_1983-2015.csv","1989","GHNP","block 4","542.895","ARC","Tundra","Fertilization","Stock"
"ARC_vascular_biomass_1983-2015.csv","1989","NP","block 1","525.765","ARC","Tundra","Fertilization","Stock"
"ARC_vascular_biomass_1983-2015.csv","1989","NP","block 2","454.695","ARC","Tundra","Fertilization","Stock"
"ARC_vascular_biomass_1983-2015.csv","1989","NP","block 3","524.845","ARC","Tundra","Fertilization","Stock"
"ARC_vascular_biomass_1983-2015.csv","1989","NP","block 4","562.59","ARC","Tundra","Fertilization","Stock"
"ARC_vascular_biomass_1983-2015.csv","1989","SH","block 1","263.77","ARC","Tundra","Fertilization","Stock"
"ARC_vascular_biomass_1983-2015.csv","1989","SH","block 2","114.995","ARC","Tundra","Fertilization","Stock"
"ARC_vascular_biomass_1983-2015.csv","1989","SH","block 3","134.665","ARC","Tundra","Fertilization","Stock"
"ARC_vascular_biomass_1983-2015.csv","1989","SH","block 4","158.755","ARC","Tundra","Fertilization","Stock"
"ARC_vascular_biomass_1983-2015.csv","1995","Control","block 1","277.655","ARC","Tundra","Fertilization","Stock"
"ARC_vascular_biomass_1983-2015.csv","1995","Control","block 2","371.135","ARC","Tundra","Fertilization","Stock"
"ARC_vascular_biomass_1983-2015.csv","1995","Control","block 3","287.505","ARC","Tundra","Fertilization","Stock"
"ARC_vascular_biomass_1983-2015.csv","1995","Control","block 4","327.115","ARC","Tundra","Fertilization","Stock"
"ARC_vascular_biomass_1983-2015.csv","1995","NP","block 1","688.07","ARC","Tundra","Fertilization","Stock"
"ARC_vascular_biomass_1983-2015.csv","1995","NP","block 2","831.785","ARC","Tundra","Fertilization","Stock"
"ARC_vascular_biomass_1983-2015.csv","1995","NP","block 3","634.315","ARC","Tundra","Fertilization","Stock"
"ARC_vascular_biomass_1983-2015.csv","1995","NP","block 4","1057.565","ARC","Tundra","Fertilization","Stock"
"ARC_vascular_biomass_1983-2015.csv","2000","Control","block 1","702.623","ARC","Tundra","Fertilization","Stock"
"ARC_vascular_biomass_1983-2015.csv","2000","Control","block 2","333.78","ARC","Tundra","Fertilization","Stock"
"ARC_vascular_biomass_1983-2015.csv","2000","Control","block 3","344.47","ARC","Tundra","Fertilization","Stock"
"ARC_vascular_biomass_1983-2015.csv","2000","Control","block 4","503.525","ARC","Tundra","Fertilization","Stock"
"ARC_vascular_biomass_1983-2015.csv","2000","NP","block 1","802.534642857143","ARC","Tundra","Fertilization","Stock"
"ARC_vascular_biomass_1983-2015.csv","2000","NP","block 2","595.064285714286","ARC","Tundra","Fertilization","Stock"
"ARC_vascular_biomass_1983-2015.csv","2000","NP","block 3","981.985714285714","ARC","Tundra","Fertilization","Stock"
"ARC_vascular_biomass_1983-2015.csv","2000","NP","block 4","936.671428571429","ARC","Tundra","Fertilization","Stock"
"ARC_vascular_biomass_1983-2015.csv","2015","Control","block 1","308.51875","ARC","Tundra","Fertilization","Stock"
"ARC_vascular_biomass_1983-2015.csv","2015","Control","block 2","434.281875","ARC","Tundra","Fertilization","Stock"
"ARC_vascular_biomass_1983-2015.csv","2015","Control","block 3","273.7753125","ARC","Tundra","Fertilization","Stock"
"ARC_vascular_biomass_1983-2015.csv","2015","Control","block 4","427.7915625","ARC","Tundra","Fertilization","Stock"
"ARC_vascular_biomass_1983-2015.csv","2015","NP","block 1","977.125","ARC","Tundra","Fertilization","Stock"
"ARC_vascular_biomass_1983-2015.csv","2015","NP","block 2","938.185","ARC","Tundra","Fertilization","Stock"
"ARC_vascular_biomass_1983-2015.csv","2015","NP","block 3","1385.14","ARC","Tundra","Fertilization","Stock"
"ARC_vascular_biomass_1983-2015.csv","2015","NP","block 4","652.24","ARC","Tundra","Fertilization","Stock"
"BNZ_NEE_2009-2021.csv","2009","C C","1","0.112496933333316","BNZ","Tundra","Warming","Flux"
"BNZ_NEE_2009-2021.csv","2009","C S","1","0.779565760000007","BNZ","Tundra","Warming","Flux"
"BNZ_NEE_2009-2021.csv","2009","W C","1","-11.3474691733333","BNZ","Tundra","Warming","Flux"
"BNZ_NEE_2009-2021.csv","2009","W S","1","-2.71707506666667","BNZ","Tundra","Warming","Flux"
"BNZ_NEE_2009-2021.csv","2009","C C","2","-5.68737370666669","BNZ","Tundra","Warming","Flux"
"BNZ_NEE_2009-2021.csv","2009","C S","2","-19.4572959333334","BNZ","Tundra","Warming","Flux"
"BNZ_NEE_2009-2021.csv","2009","W C","2","-14.4088087466666","BNZ","Tundra","Warming","Flux"
"BNZ_NEE_2009-2021.csv","2009","W S","2","-10.34969182","BNZ","Tundra","Warming","Flux"
"BNZ_NEE_2009-2021.csv","2009","C C","3","22.6304638066666","BNZ","Tundra","Warming","Flux"
"BNZ_NEE_2009-2021.csv","2009","C S","3","25.1768709199999","BNZ","Tundra","Warming","Flux"
"BNZ_NEE_2009-2021.csv","2009","W C","3","20.0866772733333","BNZ","Tundra","Warming","Flux"
"BNZ_NEE_2009-2021.csv","2009","W S","3","-30.40116088","BNZ","Tundra","Warming","Flux"
"BNZ_NEE_2009-2021.csv","2009","C C","4","10.8380932866666","BNZ","Tundra","Warming","Flux"
"BNZ_NEE_2009-2021.csv","2009","C S","4","15.4188135666668","BNZ","Tundra","Warming","Flux"
"BNZ_NEE_2009-2021.csv","2009","W C","4","4.39376418000003","BNZ","Tundra","Warming","Flux"
"BNZ_NEE_2009-2021.csv","2009","W S","4","3.87133752666668","BNZ","Tundra","Warming","Flux"
"BNZ_NEE_2009-2021.csv","2009","C C","5","3.17138384","BNZ","Tundra","Warming","Flux"
"BNZ_NEE_2009-2021.csv","2009","C S","5","20.9983705133333","BNZ","Tundra","Warming","Flux"
"BNZ_NEE_2009-2021.csv","2009","W C","5","-11.08660116","BNZ","Tundra","Warming","Flux"
"BNZ_NEE_2009-2021.csv","2009","W S","5","34.4030673866667","BNZ","Tundra","Warming","Flux"
"BNZ_NEE_2009-2021.csv","2009","C C","6","-9.65196098","BNZ","Tundra","Warming","Flux"
"BNZ_NEE_2009-2021.csv","2009","C S","6","8.82281041999994","BNZ","Tundra","Warming","Flux"
"BNZ_NEE_2009-2021.csv","2009","W C","6","7.25025371333325","BNZ","Tundra","Warming","Flux"
"BNZ_NEE_2009-2021.csv","2009","W S","6","17.1171428666667","BNZ","Tundra","Warming","Flux"
"BNZ_NEE_2009-2021.csv","2010","C C","1","26.5880489330552","BNZ","Tundra","Warming","Flux"
"BNZ_NEE_2009-2021.csv","2010","C S","1","23.3815633894149","BNZ","Tundra","Warming","Flux"
"BNZ_NEE_2009-2021.csv","2010","W C","1","25.7027229855499","BNZ","Tundra","Warming","Flux"
"BNZ_NEE_2009-2021.csv","2010","W S","1","36.3011634415401","BNZ","Tundra","Warming","Flux"
"BNZ_NEE_2009-2021.csv","2010","C C","2","-4.07594025534504","BNZ","Tundra","Warming","Flux"
"BNZ_NEE_2009-2021.csv","2010","C S","2","-10.0013911629401","BNZ","Tundra","Warming","Flux"
"BNZ_NEE_2009-2021.csv","2010","W C","2","17.2115778154449","BNZ","Tundra","Warming","Flux"
"BNZ_NEE_2009-2021.csv","2010","W S","2","32.9886794883499","BNZ","Tundra","Warming","Flux"
"BNZ_NEE_2009-2021.csv","2010","C C","3","60.2045205995249","BNZ","Tundra","Warming","Flux"
"BNZ_NEE_2009-2021.csv","2010","C S","3","74.3196100696802","BNZ","Tundra","Warming","Flux"
"BNZ_NEE_2009-2021.csv","2010","W C","3","119.626184436125","BNZ","Tundra","Warming","Flux"
"BNZ_NEE_2009-2021.csv","2010","W S","3","-33.8473665524751","BNZ","Tundra","Warming","Flux"
"BNZ_NEE_2009-2021.csv","2010","C C","4","39.290726500215","BNZ","Tundra","Warming","Flux"
"BNZ_NEE_2009-2021.csv","2010","C S","4","60.7830235726802","BNZ","Tundra","Warming","Flux"
"BNZ_NEE_2009-2021.csv","2010","W C","4","29.01327421119","BNZ","Tundra","Warming","Flux"
"BNZ_NEE_2009-2021.csv","2010","W S","4","88.4358462610199","BNZ","Tundra","Warming","Flux"
"BNZ_NEE_2009-2021.csv","2010","C C","5","40.907141318035","BNZ","Tundra","Warming","Flux"
"BNZ_NEE_2009-2021.csv","2010","C S","5","91.0865034563751","BNZ","Tundra","Warming","Flux"
"BNZ_NEE_2009-2021.csv","2010","W C","5","7.72453349915985","BNZ","Tundra","Warming","Flux"
"BNZ_NEE_2009-2021.csv","2010","W S","5","93.2645910532196","BNZ","Tundra","Warming","Flux"
"BNZ_NEE_2009-2021.csv","2010","C C","6","-25.45613727103","BNZ","Tundra","Warming","Flux"
"BNZ_NEE_2009-2021.csv","2010","C S","6","29.2082601042251","BNZ","Tundra","Warming","Flux"
"BNZ_NEE_2009-2021.csv","2010","W C","6","89.6163975351452","BNZ","Tundra","Warming","Flux"
"BNZ_NEE_2009-2021.csv","2010","W S","6","62.105819885695","BNZ","Tundra","Warming","Flux"
"BNZ_NEE_2009-2021.csv","2011","C C","1","67.83629002099","BNZ","Tundra","Warming","Flux"
"BNZ_NEE_2009-2021.csv","2011","C S","1","50.2995313640499","BNZ","Tundra","Warming","Flux"
"BNZ_NEE_2009-2021.csv","2011","W C","1","117.61028594027","BNZ","Tundra","Warming","Flux"
"BNZ_NEE_2009-2021.csv","2011","W S","1","84.274040004395","BNZ","Tundra","Warming","Flux"
"BNZ_NEE_2009-2021.csv","2011","C C","2","49.5576025938551","BNZ","Tundra","Warming","Flux"
"BNZ_NEE_2009-2021.csv","2011","C S","2","31.8070118613802","BNZ","Tundra","Warming","Flux"
"BNZ_NEE_2009-2021.csv","2011","W C","2","80.3225269327998","BNZ","Tundra","Warming","Flux"
"BNZ_NEE_2009-2021.csv","2011","W S","2","63.5807558461549","BNZ","Tundra","Warming","Flux"
"BNZ_NEE_2009-2021.csv","2011","C C","3","86.28224357486","BNZ","Tundra","Warming","Flux"
"BNZ_NEE_2009-2021.csv","2011","C S","3","83.9342094653101","BNZ","Tundra","Warming","Flux"
"BNZ_NEE_2009-2021.csv","2011","W C","3","157.196263961469","BNZ","Tundra","Warming","Flux"
"BNZ_NEE_2009-2021.csv","2011","W S","3","-6.79523375058011","BNZ","Tundra","Warming","Flux"
"BNZ_NEE_2009-2021.csv","2011","C C","4","42.40085342785","BNZ","Tundra","Warming","Flux"
"BNZ_NEE_2009-2021.csv","2011","C S","4","88.4167489218999","BNZ","Tundra","Warming","Flux"
"BNZ_NEE_2009-2021.csv","2011","W C","4","57.9497734317202","BNZ","Tundra","Warming","Flux"
"BNZ_NEE_2009-2021.csv","2011","W S","4","227.11502924639","BNZ","Tundra","Warming","Flux"
"BNZ_NEE_2009-2021.csv","2011","C C","5","48.092779367255","BNZ","Tundra","Warming","Flux"
"BNZ_NEE_2009-2021.csv","2011","C S","5","136.47606722885","BNZ","Tundra","Warming","Flux"
"BNZ_NEE_2009-2021.csv","2011","W C","5","65.4919598488549","BNZ","Tundra","Warming","Flux"
"BNZ_NEE_2009-2021.csv","2011","W S","5","137.71785001589","BNZ","Tundra","Warming","Flux"
"BNZ_NEE_2009-2021.csv","2011","C C","6","-1.34941868721492","BNZ","Tundra","Warming","Flux"
"BNZ_NEE_2009-2021.csv","2011","C S","6","63.6654287582201","BNZ","Tundra","Warming","Flux"
"BNZ_NEE_2009-2021.csv","2011","W C","6","134.839223405385","BNZ","Tundra","Warming","Flux"
"BNZ_NEE_2009-2021.csv","2011","W S","6","53.0350056071149","BNZ","Tundra","Warming","Flux"
"BNZ_NEE_2009-2021.csv","2012","C C","1","104.57551724891","BNZ","Tundra","Warming","Flux"
"BNZ_NEE_2009-2021.csv","2012","C S","1","74.0941826972999","BNZ","Tundra","Warming","Flux"
"BNZ_NEE_2009-2021.csv","2012","W C","1","157.64319037322","BNZ","Tundra","Warming","Flux"
"BNZ_NEE_2009-2021.csv","2012","W S","1","146.06507759011","BNZ","Tundra","Warming","Flux"
"BNZ_NEE_2009-2021.csv","2012","C C","2","69.5877447764853","BNZ","Tundra","Warming","Flux"
"BNZ_NEE_2009-2021.csv","2012","C S","2","34.18185349233","BNZ","Tundra","Warming","Flux"
"BNZ_NEE_2009-2021.csv","2012","W C","2","154.66636810875","BNZ","Tundra","Warming","Flux"
"BNZ_NEE_2009-2021.csv","2012","W S","2","111.33859453421","BNZ","Tundra","Warming","Flux"
"BNZ_NEE_2009-2021.csv","2012","C C","3","103.83398249085","BNZ","Tundra","Warming","Flux"
"BNZ_NEE_2009-2021.csv","2012","C S","3","72.6326808876852","BNZ","Tundra","Warming","Flux"
"BNZ_NEE_2009-2021.csv","2012","W C","3","122.26071320559","BNZ","Tundra","Warming","Flux"
"BNZ_NEE_2009-2021.csv","2012","W S","3","37.11589274943","BNZ","Tundra","Warming","Flux"
"BNZ_NEE_2009-2021.csv","2012","C C","4","58.3971787657049","BNZ","Tundra","Warming","Flux"
"BNZ_NEE_2009-2021.csv","2012","C S","4","108.33583050675","BNZ","Tundra","Warming","Flux"
"BNZ_NEE_2009-2021.csv","2012","W C","4","67.8668389223199","BNZ","Tundra","Warming","Flux"
"BNZ_NEE_2009-2021.csv","2012","W S","4","236.524942321369","BNZ","Tundra","Warming","Flux"
"BNZ_NEE_2009-2021.csv","2012","C C","5","81.4807591382645","BNZ","Tundra","Warming","Flux"
"BNZ_NEE_2009-2021.csv","2012","C S","5","205.639293715146","BNZ","Tundra","Warming","Flux"
"BNZ_NEE_2009-2021.csv","2012","W C","5","53.1701855521683","BNZ","Tundra","Warming","Flux"
"BNZ_NEE_2009-2021.csv","2012","W S","5","90.8955403837001","BNZ","Tundra","Warming","Flux"
"BNZ_NEE_2009-2021.csv","2012","C C","6","40.055946158515","BNZ","Tundra","Warming","Flux"
"BNZ_NEE_2009-2021.csv","2012","C S","6","95.0901109817652","BNZ","Tundra","Warming","Flux"
"BNZ_NEE_2009-2021.csv","2012","W C","6","202.77572380449","BNZ","Tundra","Warming","Flux"
"BNZ_NEE_2009-2021.csv","2012","W S","6","55.9382483160526","BNZ","Tundra","Warming","Flux"
"BNZ_NEE_2009-2021.csv","2013","C C","1","90.5758729764999","BNZ","Tundra","Warming","Flux"
"BNZ_NEE_2009-2021.csv","2013","C S","1","122.4535148505","BNZ","Tundra","Warming","Flux"
"BNZ_NEE_2009-2021.csv","2013","W C","1","206.80703879","BNZ","Tundra","Warming","Flux"
"BNZ_NEE_2009-2021.csv","2013","W S","1","132.742756232","BNZ","Tundra","Warming","Flux"
"BNZ_NEE_2009-2021.csv","2013","C C","2","110.15654311","BNZ","Tundra","Warming","Flux"
"BNZ_NEE_2009-2021.csv","2013","C S","2","45.261180047","BNZ","Tundra","Warming","Flux"
"BNZ_NEE_2009-2021.csv","2013","W C","2","244.879733544","BNZ","Tundra","Warming","Flux"
"BNZ_NEE_2009-2021.csv","2013","W S","2","159.5211492915","BNZ","Tundra","Warming","Flux"
"BNZ_NEE_2009-2021.csv","2013","C C","3","109.6944502115","BNZ","Tundra","Warming","Flux"
"BNZ_NEE_2009-2021.csv","2013","C S","3","76.4729897525001","BNZ","Tundra","Warming","Flux"
"BNZ_NEE_2009-2021.csv","2013","W C","3","103.5548392965","BNZ","Tundra","Warming","Flux"
"BNZ_NEE_2009-2021.csv","2013","W S","3","64.7263431495002","BNZ","Tundra","Warming","Flux"
"BNZ_NEE_2009-2021.csv","2013","C C","4","57.4324414349999","BNZ","Tundra","Warming","Flux"
"BNZ_NEE_2009-2021.csv","2013","C S","4","106.7774756735","BNZ","Tundra","Warming","Flux"
"BNZ_NEE_2009-2021.csv","2013","W C","4","52.8000580744997","BNZ","Tundra","Warming","Flux"
"BNZ_NEE_2009-2021.csv","2013","W S","4","152.354708291","BNZ","Tundra","Warming","Flux"
"BNZ_NEE_2009-2021.csv","2013","C C","5","84.500911627","BNZ","Tundra","Warming","Flux"
"BNZ_NEE_2009-2021.csv","2013","C S","5","208.6059364875","BNZ","Tundra","Warming","Flux"
"BNZ_NEE_2009-2021.csv","2013","W C","5","99.6110872820002","BNZ","Tundra","Warming","Flux"
"BNZ_NEE_2009-2021.csv","2013","W S","5","83.5000514419998","BNZ","Tundra","Warming","Flux"
"BNZ_NEE_2009-2021.csv","2013","C C","6","89.0063087089999","BNZ","Tundra","Warming","Flux"
"BNZ_NEE_2009-2021.csv","2013","C S","6","127.696938829","BNZ","Tundra","Warming","Flux"
"BNZ_NEE_2009-2021.csv","2013","W C","6","130.1210467935","BNZ","Tundra","Warming","Flux"
"BNZ_NEE_2009-2021.csv","2013","W S","6","132.7440937885","BNZ","Tundra","Warming","Flux"
"BNZ_NEE_2009-2021.csv","2014","C C","1","146.286575587","BNZ","Tundra","Warming","Flux"
"BNZ_NEE_2009-2021.csv","2014","C S","1","101.6293484595","BNZ","Tundra","Warming","Flux"
"BNZ_NEE_2009-2021.csv","2014","W C","1","26.9623912660001","BNZ","Tundra","Warming","Flux"
"BNZ_NEE_2009-2021.csv","2014","W S","1","202.2351864765","BNZ","Tundra","Warming","Flux"
"BNZ_NEE_2009-2021.csv","2014","C C","2","112.798375028","BNZ","Tundra","Warming","Flux"
"BNZ_NEE_2009-2021.csv","2014","C S","2","47.6000303464996","BNZ","Tundra","Warming","Flux"
"BNZ_NEE_2009-2021.csv","2014","W C","2","152.143175978999","BNZ","Tundra","Warming","Flux"
"BNZ_NEE_2009-2021.csv","2014","W S","2","134.094270406999","BNZ","Tundra","Warming","Flux"
"BNZ_NEE_2009-2021.csv","2014","C C","3","107.508388889","BNZ","Tundra","Warming","Flux"
"BNZ_NEE_2009-2021.csv","2014","C S","3","101.029558781","BNZ","Tundra","Warming","Flux"
"BNZ_NEE_2009-2021.csv","2014","W C","3","102.0050202355","BNZ","Tundra","Warming","Flux"
"BNZ_NEE_2009-2021.csv","2014","W S","3","72.8048578374997","BNZ","Tundra","Warming","Flux"
"BNZ_NEE_2009-2021.csv","2014","C C","4","79.7168304685003","BNZ","Tundra","Warming","Flux"
"BNZ_NEE_2009-2021.csv","2014","C S","4","120.749263884","BNZ","Tundra","Warming","Flux"
"BNZ_NEE_2009-2021.csv","2014","W C","4","59.2383723584999","BNZ","Tundra","Warming","Flux"
"BNZ_NEE_2009-2021.csv","2014","W S","4","140.882036628999","BNZ","Tundra","Warming","Flux"
"BNZ_NEE_2009-2021.csv","2014","C C","5","110.5040631235","BNZ","Tundra","Warming","Flux"
"BNZ_NEE_2009-2021.csv","2014","C S","5","215.145161480001","BNZ","Tundra","Warming","Flux"
"BNZ_NEE_2009-2021.csv","2014","W C","5","41.3955759400001","BNZ","Tundra","Warming","Flux"
"BNZ_NEE_2009-2021.csv","2014","W S","5","67.0224753696501","BNZ","Tundra","Warming","Flux"
"BNZ_NEE_2009-2021.csv","2014","C C","6","75.7310520000001","BNZ","Tundra","Warming","Flux"
"BNZ_NEE_2009-2021.csv","2014","C S","6","125.125854070501","BNZ","Tundra","Warming","Flux"
"BNZ_NEE_2009-2021.csv","2014","W C","6","119.1156059685","BNZ","Tundra","Warming","Flux"
"BNZ_NEE_2009-2021.csv","2014","W S","6","38.4596750475004","BNZ","Tundra","Warming","Flux"
"BNZ_NEE_2009-2021.csv","2015","C C","1","223.90760497925","BNZ","Tundra","Warming","Flux"
"BNZ_NEE_2009-2021.csv","2015","C S","1","153.036121101449","BNZ","Tundra","Warming","Flux"
"BNZ_NEE_2009-2021.csv","2015","W C","1","-9.80887463464997","BNZ","Tundra","Warming","Flux"
"BNZ_NEE_2009-2021.csv","2015","W S","1","306.60719377905","BNZ","Tundra","Warming","Flux"
"BNZ_NEE_2009-2021.csv","2015","C C","2","57.9327115504997","BNZ","Tundra","Warming","Flux"
"BNZ_NEE_2009-2021.csv","2015","C S","2","81.8229749273","BNZ","Tundra","Warming","Flux"
"BNZ_NEE_2009-2021.csv","2015","W C","2","189.881879552292","BNZ","Tundra","Warming","Flux"
"BNZ_NEE_2009-2021.csv","2015","W S","2","186.7029632455","BNZ","Tundra","Warming","Flux"
"BNZ_NEE_2009-2021.csv","2015","C C","3","121.868550632764","BNZ","Tundra","Warming","Flux"
"BNZ_NEE_2009-2021.csv","2015","C S","3","87.2681847364501","BNZ","Tundra","Warming","Flux"
"BNZ_NEE_2009-2021.csv","2015","W C","3","55.2118352794198","BNZ","Tundra","Warming","Flux"
"BNZ_NEE_2009-2021.csv","2015","W S","3","94.9218690530993","BNZ","Tundra","Warming","Flux"
"BNZ_NEE_2009-2021.csv","2015","C C","4","49.1503475238912","BNZ","Tundra","Warming","Flux"
"BNZ_NEE_2009-2021.csv","2015","C S","4","71.2112577897205","BNZ","Tundra","Warming","Flux"
"BNZ_NEE_2009-2021.csv","2015","W C","4","95.9870854478646","BNZ","Tundra","Warming","Flux"
"BNZ_NEE_2009-2021.csv","2015","W S","4","191.4515008797","BNZ","Tundra","Warming","Flux"
"BNZ_NEE_2009-2021.csv","2015","C C","5","93.5115574326908","BNZ","Tundra","Warming","Flux"
"BNZ_NEE_2009-2021.csv","2015","C S","5","231.54270803805","BNZ","Tundra","Warming","Flux"
"BNZ_NEE_2009-2021.csv","2015","W C","5","33.8667444365701","BNZ","Tundra","Warming","Flux"
"BNZ_NEE_2009-2021.csv","2015","W S","5","121.527047562599","BNZ","Tundra","Warming","Flux"
"BNZ_NEE_2009-2021.csv","2015","C C","6","77.38472565675","BNZ","Tundra","Warming","Flux"
"BNZ_NEE_2009-2021.csv","2015","C S","6","146.7316153984","BNZ","Tundra","Warming","Flux"
"BNZ_NEE_2009-2021.csv","2015","W C","6","118.94280714805","BNZ","Tundra","Warming","Flux"
"BNZ_NEE_2009-2021.csv","2015","W S","6","78.4624873881596","BNZ","Tundra","Warming","Flux"
"BNZ_NEE_2009-2021.csv","2016","C C","1","103.66344112405","BNZ","Tundra","Warming","Flux"
"BNZ_NEE_2009-2021.csv","2016","C S","1","72.8545510612693","BNZ","Tundra","Warming","Flux"
"BNZ_NEE_2009-2021.csv","2016","W C","1","-72.42778481406","BNZ","Tundra","Warming","Flux"
"BNZ_NEE_2009-2021.csv","2016","W S","1","187.91590478665","BNZ","Tundra","Warming","Flux"
"BNZ_NEE_2009-2021.csv","2016","C C","2","126.905366634435","BNZ","Tundra","Warming","Flux"
"BNZ_NEE_2009-2021.csv","2016","C S","2","55.6052036496756","BNZ","Tundra","Warming","Flux"
"BNZ_NEE_2009-2021.csv","2016","W C","2","49.4907199029999","BNZ","Tundra","Warming","Flux"
"BNZ_NEE_2009-2021.csv","2016","W S","2","126.62119326095","BNZ","Tundra","Warming","Flux"
"BNZ_NEE_2009-2021.csv","2016","C C","3","93.6969778609502","BNZ","Tundra","Warming","Flux"
"BNZ_NEE_2009-2021.csv","2016","C S","3","76.3182813222163","BNZ","Tundra","Warming","Flux"
"BNZ_NEE_2009-2021.csv","2016","W C","3","6.41999382764988","BNZ","Tundra","Warming","Flux"
"BNZ_NEE_2009-2021.csv","2016","W S","3","42.5054488004851","BNZ","Tundra","Warming","Flux"
"BNZ_NEE_2009-2021.csv","2016","C C","4","57.9005329547001","BNZ","Tundra","Warming","Flux"
"BNZ_NEE_2009-2021.csv","2016","C S","4","68.1999416806799","BNZ","Tundra","Warming","Flux"
"BNZ_NEE_2009-2021.csv","2016","W C","4","-39.8306188370902","BNZ","Tundra","Warming","Flux"
"BNZ_NEE_2009-2021.csv","2016","W S","4","165.116699331101","BNZ","Tundra","Warming","Flux"
"BNZ_NEE_2009-2021.csv","2016","C C","5","83.6035155633003","BNZ","Tundra","Warming","Flux"
"BNZ_NEE_2009-2021.csv","2016","C S","5","186.072062708735","BNZ","Tundra","Warming","Flux"
"BNZ_NEE_2009-2021.csv","2016","W C","5","-6.37010199413004","BNZ","Tundra","Warming","Flux"
"BNZ_NEE_2009-2021.csv","2016","W S","5","21.4664037268799","BNZ","Tundra","Warming","Flux"
"BNZ_NEE_2009-2021.csv","2016","C C","6","36.59847244277","BNZ","Tundra","Warming","Flux"
"BNZ_NEE_2009-2021.csv","2016","C S","6","105.274776034045","BNZ","Tundra","Warming","Flux"
"BNZ_NEE_2009-2021.csv","2016","W C","6","38.5617031624698","BNZ","Tundra","Warming","Flux"
"BNZ_NEE_2009-2021.csv","2016","W S","6","52.4907046048951","BNZ","Tundra","Warming","Flux"
"BNZ_NEE_2009-2021.csv","2017","C C","1","136.829314358049","BNZ","Tundra","Warming","Flux"
"BNZ_NEE_2009-2021.csv","2017","C S","1","171.8094137999","BNZ","Tundra","Warming","Flux"
"BNZ_NEE_2009-2021.csv","2017","W C","1","-48.581049963295","BNZ","Tundra","Warming","Flux"
"BNZ_NEE_2009-2021.csv","2017","W S","1","194.308704940999","BNZ","Tundra","Warming","Flux"
"BNZ_NEE_2009-2021.csv","2017","C C","2","132.404374864249","BNZ","Tundra","Warming","Flux"
"BNZ_NEE_2009-2021.csv","2017","C S","2","95.5390645217999","BNZ","Tundra","Warming","Flux"
"BNZ_NEE_2009-2021.csv","2017","W C","2","130.3005500795","BNZ","Tundra","Warming","Flux"
"BNZ_NEE_2009-2021.csv","2017","W S","2","163.219483665074","BNZ","Tundra","Warming","Flux"
"BNZ_NEE_2009-2021.csv","2017","C C","3","87.23178480255","BNZ","Tundra","Warming","Flux"
"BNZ_NEE_2009-2021.csv","2017","C S","3","106.60770938705","BNZ","Tundra","Warming","Flux"
"BNZ_NEE_2009-2021.csv","2017","W C","3","100.79856252315","BNZ","Tundra","Warming","Flux"
"BNZ_NEE_2009-2021.csv","2017","W S","3","166.413403654249","BNZ","Tundra","Warming","Flux"
"BNZ_NEE_2009-2021.csv","2017","C C","4","42.7885175487451","BNZ","Tundra","Warming","Flux"
"BNZ_NEE_2009-2021.csv","2017","C S","4","32.5421435113611","BNZ","Tundra","Warming","Flux"
"BNZ_NEE_2009-2021.csv","2017","W C","4","5.20848832988994","BNZ","Tundra","Warming","Flux"
"BNZ_NEE_2009-2021.csv","2017","W S","4","140.24849970615","BNZ","Tundra","Warming","Flux"
"BNZ_NEE_2009-2021.csv","2017","C C","5","102.6691226105","BNZ","Tundra","Warming","Flux"
"BNZ_NEE_2009-2021.csv","2017","C S","5","243.484518265715","BNZ","Tundra","Warming","Flux"
"BNZ_NEE_2009-2021.csv","2017","W C","5","23.8800746168349","BNZ","Tundra","Warming","Flux"
"BNZ_NEE_2009-2021.csv","2017","W S","5","155.353860780464","BNZ","Tundra","Warming","Flux"
"BNZ_NEE_2009-2021.csv","2017","C C","6","75.9031575232503","BNZ","Tundra","Warming","Flux"
"BNZ_NEE_2009-2021.csv","2017","C S","6","104.92939024764","BNZ","Tundra","Warming","Flux"
"BNZ_NEE_2009-2021.csv","2017","W C","6","76.9936064123099","BNZ","Tundra","Warming","Flux"
"BNZ_NEE_2009-2021.csv","2017","W S","6","105.119099195451","BNZ","Tundra","Warming","Flux"
"BNZ_NEE_2009-2021.csv","2018","C C","1","71.8081261121349","BNZ","Tundra","Warming","Flux"
"BNZ_NEE_2009-2021.csv","2018","C S","1","148.492028452125","BNZ","Tundra","Warming","Flux"
"BNZ_NEE_2009-2021.csv","2018","W C","1","-51.3054824353351","BNZ","Tundra","Warming","Flux"
"BNZ_NEE_2009-2021.csv","2018","W S","1","121.098113594425","BNZ","Tundra","Warming","Flux"
"BNZ_NEE_2009-2021.csv","2018","C C","2","170.7266322446","BNZ","Tundra","Warming","Flux"
"BNZ_NEE_2009-2021.csv","2018","C S","2","147.411119423065","BNZ","Tundra","Warming","Flux"
"BNZ_NEE_2009-2021.csv","2018","W C","2","53.1524427163994","BNZ","Tundra","Warming","Flux"
"BNZ_NEE_2009-2021.csv","2018","W S","2","115.99292127348","BNZ","Tundra","Warming","Flux"
"BNZ_NEE_2009-2021.csv","2018","C C","3","57.5227918455101","BNZ","Tundra","Warming","Flux"
"BNZ_NEE_2009-2021.csv","2018","C S","3","109.1359403058","BNZ","Tundra","Warming","Flux"
"BNZ_NEE_2009-2021.csv","2018","W C","3","101.850056229959","BNZ","Tundra","Warming","Flux"
"BNZ_NEE_2009-2021.csv","2018","W S","3","122.357965958811","BNZ","Tundra","Warming","Flux"
"BNZ_NEE_2009-2021.csv","2018","C C","4","42.6816539924183","BNZ","Tundra","Warming","Flux"
"BNZ_NEE_2009-2021.csv","2018","C S","4","52.8609679114201","BNZ","Tundra","Warming","Flux"
"BNZ_NEE_2009-2021.csv","2018","W C","4","-46.290702635025","BNZ","Tundra","Warming","Flux"
"BNZ_NEE_2009-2021.csv","2018","W S","4","90.7011980455851","BNZ","Tundra","Warming","Flux"
"BNZ_NEE_2009-2021.csv","2018","C C","5","60.6101681216601","BNZ","Tundra","Warming","Flux"
"BNZ_NEE_2009-2021.csv","2018","C S","5","184.53750863236","BNZ","Tundra","Warming","Flux"
"BNZ_NEE_2009-2021.csv","2018","W C","5","8.85213496636058","BNZ","Tundra","Warming","Flux"
"BNZ_NEE_2009-2021.csv","2018","W S","5","60.809569551665","BNZ","Tundra","Warming","Flux"
"BNZ_NEE_2009-2021.csv","2018","C C","6","47.8703680573098","BNZ","Tundra","Warming","Flux"
"BNZ_NEE_2009-2021.csv","2018","C S","6","106.702711917155","BNZ","Tundra","Warming","Flux"
"BNZ_NEE_2009-2021.csv","2018","W C","6","46.6445147391497","BNZ","Tundra","Warming","Flux"
"BNZ_NEE_2009-2021.csv","2018","W S","6","94.3009961351448","BNZ","Tundra","Warming","Flux"
"BNZ_NEE_2009-2021.csv","2019","W C","3","187.969815885661","BNZ","Tundra","Warming","Flux"
"BNZ_NEE_2009-2021.csv","2019","W S","3","72.3543896428104","BNZ","Tundra","Warming","Flux"
"BNZ_NEE_2009-2021.csv","2019","C C","4","92.6494842871834","BNZ","Tundra","Warming","Flux"
"BNZ_NEE_2009-2021.csv","2019","C S","4","62.9144901556996","BNZ","Tundra","Warming","Flux"
"BNZ_NEE_2009-2021.csv","2019","W C","4","56.4278488863577","BNZ","Tundra","Warming","Flux"
"BNZ_NEE_2009-2021.csv","2019","W S","4","145.284457126101","BNZ","Tundra","Warming","Flux"
"BNZ_NEE_2009-2021.csv","2019","C C","5","-33.610518634655","BNZ","Tundra","Warming","Flux"
"BNZ_NEE_2009-2021.csv","2019","W C","5","-22.9099587871998","BNZ","Tundra","Warming","Flux"
"BNZ_NEE_2009-2021.csv","2019","W S","5","204.6471367101","BNZ","Tundra","Warming","Flux"
"BNZ_NEE_2009-2021.csv","2019","W C","6","83.6141366339999","BNZ","Tundra","Warming","Flux"
"BNZ_NEE_2009-2021.csv","2019","W S","6","53.6645992115105","BNZ","Tundra","Warming","Flux"
"BNZ_NEE_2009-2021.csv","2020","C C","1","46.0602250958898","BNZ","Tundra","Warming","Flux"
"BNZ_NEE_2009-2021.csv","2020","C S","1","169.336829037687","BNZ","Tundra","Warming","Flux"
"BNZ_NEE_2009-2021.csv","2020","W C","1","-65.8021576560552","BNZ","Tundra","Warming","Flux"
"BNZ_NEE_2009-2021.csv","2020","W S","1","89.899036704025","BNZ","Tundra","Warming","Flux"
"BNZ_NEE_2009-2021.csv","2020","C C","2","152.100424557695","BNZ","Tundra","Warming","Flux"
"BNZ_NEE_2009-2021.csv","2020","C S","2","112.29186872929","BNZ","Tundra","Warming","Flux"
"BNZ_NEE_2009-2021.csv","2020","W C","2","-30.5105706722652","BNZ","Tundra","Warming","Flux"
"BNZ_NEE_2009-2021.csv","2020","W S","2","220.972560821859","BNZ","Tundra","Warming","Flux"
"BNZ_NEE_2009-2021.csv","2020","C C","3","171.292906120016","BNZ","Tundra","Warming","Flux"
"BNZ_NEE_2009-2021.csv","2020","C S","3","181.20293989202","BNZ","Tundra","Warming","Flux"
"BNZ_NEE_2009-2021.csv","2020","W C","3","7.01949486896003","BNZ","Tundra","Warming","Flux"
"BNZ_NEE_2009-2021.csv","2020","W S","3","116.462042898435","BNZ","Tundra","Warming","Flux"
"BNZ_NEE_2009-2021.csv","2020","C C","4","46.0734851548488","BNZ","Tundra","Warming","Flux"
"BNZ_NEE_2009-2021.csv","2020","C S","4","51.5131584906818","BNZ","Tundra","Warming","Flux"
"BNZ_NEE_2009-2021.csv","2020","W C","4","-46.4786333009353","BNZ","Tundra","Warming","Flux"
"BNZ_NEE_2009-2021.csv","2020","W S","4","39.1178379679425","BNZ","Tundra","Warming","Flux"
"BNZ_NEE_2009-2021.csv","2020","C C","5","80.2804767070228","BNZ","Tundra","Warming","Flux"
"BNZ_NEE_2009-2021.csv","2020","C S","5","201.48985708137","BNZ","Tundra","Warming","Flux"
"BNZ_NEE_2009-2021.csv","2020","W C","5","28.4116954617771","BNZ","Tundra","Warming","Flux"
"BNZ_NEE_2009-2021.csv","2020","W S","5","79.1701869680695","BNZ","Tundra","Warming","Flux"
"BNZ_NEE_2009-2021.csv","2020","C C","6","131.955704703065","BNZ","Tundra","Warming","Flux"
"BNZ_NEE_2009-2021.csv","2020","C S","6","165.58585868336","BNZ","Tundra","Warming","Flux"
"BNZ_NEE_2009-2021.csv","2020","W C","6","121.323707798192","BNZ","Tundra","Warming","Flux"
"BNZ_NEE_2009-2021.csv","2020","W S","6","204.859124020991","BNZ","Tundra","Warming","Flux"
"BNZ_NEE_2009-2021.csv","2021","C C","1","20.993496570135","BNZ","Tundra","Warming","Flux"
"BNZ_NEE_2009-2021.csv","2021","C S","1","105.649081067365","BNZ","Tundra","Warming","Flux"
"BNZ_NEE_2009-2021.csv","2021","W C","1","-44.815672368201","BNZ","Tundra","Warming","Flux"
"BNZ_NEE_2009-2021.csv","2021","W S","1","88.3701178758503","BNZ","Tundra","Warming","Flux"
"BNZ_NEE_2009-2021.csv","2021","C C","2","126.99510827647","BNZ","Tundra","Warming","Flux"
"BNZ_NEE_2009-2021.csv","2021","C S","2","108.38642578083","BNZ","Tundra","Warming","Flux"
"BNZ_NEE_2009-2021.csv","2021","W C","2","41.4586691197948","BNZ","Tundra","Warming","Flux"
"BNZ_NEE_2009-2021.csv","2021","W S","2","78.45342305751","BNZ","Tundra","Warming","Flux"
"BNZ_NEE_2009-2021.csv","2021","C C","3","56.1157426398746","BNZ","Tundra","Warming","Flux"
"BNZ_NEE_2009-2021.csv","2021","C S","3","130.699544925916","BNZ","Tundra","Warming","Flux"
"BNZ_NEE_2009-2021.csv","2021","W C","3","-21.1823511595149","BNZ","Tundra","Warming","Flux"
"BNZ_NEE_2009-2021.csv","2021","W S","3","61.54530944059","BNZ","Tundra","Warming","Flux"
"BNZ_NEE_2009-2021.csv","2021","C C","4","-9.29524502459","BNZ","Tundra","Warming","Flux"
"BNZ_NEE_2009-2021.csv","2021","C S","4","27.87965198","BNZ","Tundra","Warming","Flux"
"BNZ_NEE_2009-2021.csv","2021","W C","4","-38.4259356427001","BNZ","Tundra","Warming","Flux"
"BNZ_NEE_2009-2021.csv","2021","W S","4","13.855958651305","BNZ","Tundra","Warming","Flux"
"BNZ_NEE_2009-2021.csv","2021","C C","5","22.2116718456072","BNZ","Tundra","Warming","Flux"
"BNZ_NEE_2009-2021.csv","2021","C S","5","104.404075595471","BNZ","Tundra","Warming","Flux"
"BNZ_NEE_2009-2021.csv","2021","W C","5","-11.545978626625","BNZ","Tundra","Warming","Flux"
"BNZ_NEE_2009-2021.csv","2021","W S","5","89.2854221651226","BNZ","Tundra","Warming","Flux"
"BNZ_NEE_2009-2021.csv","2021","C C","6","138.870064467266","BNZ","Tundra","Warming","Flux"
"BNZ_NEE_2009-2021.csv","2021","C S","6","97.9422159861501","BNZ","Tundra","Warming","Flux"
"BNZ_NEE_2009-2021.csv","2021","W C","6","75.8772041021043","BNZ","Tundra","Warming","Flux"
"BNZ_NEE_2009-2021.csv","2021","W S","6","92.5869856525851","BNZ","Tundra","Warming","Flux"
"CAP_annual_plant_biomass_2008-2024.csv","2008","C1","DBG","5.745","CAP","Urban","Fertilization","Stock"
"CAP_annual_plant_biomass_2008-2024.csv","2008","N","DBG","18.255","CAP","Urban","Fertilization","Stock"
"CAP_annual_plant_biomass_2008-2024.csv","2008","NP","DBG","21.995","CAP","Urban","Fertilization","Stock"
"CAP_annual_plant_biomass_2008-2024.csv","2008","P","DBG","11.8625","CAP","Urban","Fertilization","Stock"
"CAP_annual_plant_biomass_2008-2024.csv","2008","C1","EME","18.705","CAP","Urban","Fertilization","Stock"
"CAP_annual_plant_biomass_2008-2024.csv","2008","N","EME","29.135","CAP","Urban","Fertilization","Stock"
"CAP_annual_plant_biomass_2008-2024.csv","2008","NP","EME","30.265","CAP","Urban","Fertilization","Stock"
"CAP_annual_plant_biomass_2008-2024.csv","2008","P","EME","22.34","CAP","Urban","Fertilization","Stock"
"CAP_annual_plant_biomass_2008-2024.csv","2008","C1","EMW","10.085","CAP","Urban","Fertilization","Stock"
"CAP_annual_plant_biomass_2008-2024.csv","2008","N","EMW","21.165","CAP","Urban","Fertilization","Stock"
"CAP_annual_plant_biomass_2008-2024.csv","2008","NP","EMW","24.8775","CAP","Urban","Fertilization","Stock"
"CAP_annual_plant_biomass_2008-2024.csv","2008","P","EMW","13.365","CAP","Urban","Fertilization","Stock"
"CAP_annual_plant_biomass_2008-2024.csv","2008","C1","LDP","15.4825","CAP","Urban","Fertilization","Stock"
"CAP_annual_plant_biomass_2008-2024.csv","2008","N","LDP","11.575","CAP","Urban","Fertilization","Stock"
"CAP_annual_plant_biomass_2008-2024.csv","2008","NP","LDP","42.065","CAP","Urban","Fertilization","Stock"
"CAP_annual_plant_biomass_2008-2024.csv","2008","P","LDP","20.7775","CAP","Urban","Fertilization","Stock"
"CAP_annual_plant_biomass_2008-2024.csv","2008","C1","MCN","5.67","CAP","Urban","Fertilization","Stock"
"CAP_annual_plant_biomass_2008-2024.csv","2008","N","MCN","27.9425","CAP","Urban","Fertilization","Stock"
"CAP_annual_plant_biomass_2008-2024.csv","2008","NP","MCN","64.4275","CAP","Urban","Fertilization","Stock"
"CAP_annual_plant_biomass_2008-2024.csv","2008","P","MCN","24.0775","CAP","Urban","Fertilization","Stock"
"CAP_annual_plant_biomass_2008-2024.csv","2008","C1","MCS","46.3825","CAP","Urban","Fertilization","Stock"
"CAP_annual_plant_biomass_2008-2024.csv","2008","N","MCS","40.3475","CAP","Urban","Fertilization","Stock"
"CAP_annual_plant_biomass_2008-2024.csv","2008","NP","MCS","38.7325","CAP","Urban","Fertilization","Stock"
"CAP_annual_plant_biomass_2008-2024.csv","2008","P","MCS","41.565","CAP","Urban","Fertilization","Stock"
"CAP_annual_plant_biomass_2008-2024.csv","2008","C1","MVP","16.71","CAP","Urban","Fertilization","Stock"
"CAP_annual_plant_biomass_2008-2024.csv","2008","N","MVP","21.4875","CAP","Urban","Fertilization","Stock"
"CAP_annual_plant_biomass_2008-2024.csv","2008","NP","MVP","35","CAP","Urban","Fertilization","Stock"
"CAP_annual_plant_biomass_2008-2024.csv","2008","P","MVP","22.005","CAP","Urban","Fertilization","Stock"
"CAP_annual_plant_biomass_2008-2024.csv","2008","C1","PWP","20.26","CAP","Urban","Fertilization","Stock"
"CAP_annual_plant_biomass_2008-2024.csv","2008","N","PWP","36.49","CAP","Urban","Fertilization","Stock"
"CAP_annual_plant_biomass_2008-2024.csv","2008","NP","PWP","43.915","CAP","Urban","Fertilization","Stock"
"CAP_annual_plant_biomass_2008-2024.csv","2008","P","PWP","24.39","CAP","Urban","Fertilization","Stock"
"CAP_annual_plant_biomass_2008-2024.csv","2008","C1","SME","33.1525","CAP","Urban","Fertilization","Stock"
"CAP_annual_plant_biomass_2008-2024.csv","2008","N","SME","24.9525","CAP","Urban","Fertilization","Stock"
"CAP_annual_plant_biomass_2008-2024.csv","2008","NP","SME","50.775","CAP","Urban","Fertilization","Stock"
"CAP_annual_plant_biomass_2008-2024.csv","2008","P","SME","44.4475","CAP","Urban","Fertilization","Stock"
"CAP_annual_plant_biomass_2008-2024.csv","2008","C1","SMW","20.6275","CAP","Urban","Fertilization","Stock"
"CAP_annual_plant_biomass_2008-2024.csv","2008","N","SMW","18.47","CAP","Urban","Fertilization","Stock"
"CAP_annual_plant_biomass_2008-2024.csv","2008","NP","SMW","27.345","CAP","Urban","Fertilization","Stock"
"CAP_annual_plant_biomass_2008-2024.csv","2008","P","SMW","20.9325","CAP","Urban","Fertilization","Stock"
"CAP_annual_plant_biomass_2008-2024.csv","2008","C1","SNE","17.65","CAP","Urban","Fertilization","Stock"
"CAP_annual_plant_biomass_2008-2024.csv","2008","N","SNE","15.1425","CAP","Urban","Fertilization","Stock"
"CAP_annual_plant_biomass_2008-2024.csv","2008","NP","SNE","24.3025","CAP","Urban","Fertilization","Stock"
"CAP_annual_plant_biomass_2008-2024.csv","2008","P","SNE","24.19","CAP","Urban","Fertilization","Stock"
"CAP_annual_plant_biomass_2008-2024.csv","2008","C1","SNW","15.1525","CAP","Urban","Fertilization","Stock"
"CAP_annual_plant_biomass_2008-2024.csv","2008","N","SNW","14.6625","CAP","Urban","Fertilization","Stock"
"CAP_annual_plant_biomass_2008-2024.csv","2008","NP","SNW","15.12","CAP","Urban","Fertilization","Stock"
"CAP_annual_plant_biomass_2008-2024.csv","2008","P","SNW","20.7125","CAP","Urban","Fertilization","Stock"
"CAP_annual_plant_biomass_2008-2024.csv","2008","C1","SRR","22.895","CAP","Urban","Fertilization","Stock"
"CAP_annual_plant_biomass_2008-2024.csv","2008","N","SRR","63.6075","CAP","Urban","Fertilization","Stock"
"CAP_annual_plant_biomass_2008-2024.csv","2008","NP","SRR","65.4975","CAP","Urban","Fertilization","Stock"
"CAP_annual_plant_biomass_2008-2024.csv","2008","P","SRR","41.4125","CAP","Urban","Fertilization","Stock"
"CAP_annual_plant_biomass_2008-2024.csv","2008","C1","UMP","6.3975","CAP","Urban","Fertilization","Stock"
"CAP_annual_plant_biomass_2008-2024.csv","2008","N","UMP","40.825","CAP","Urban","Fertilization","Stock"
"CAP_annual_plant_biomass_2008-2024.csv","2008","NP","UMP","36.025","CAP","Urban","Fertilization","Stock"
"CAP_annual_plant_biomass_2008-2024.csv","2008","P","UMP","18.1325","CAP","Urban","Fertilization","Stock"
"CAP_annual_plant_biomass_2008-2024.csv","2008","C1","WTM","39.485","CAP","Urban","Fertilization","Stock"
"CAP_annual_plant_biomass_2008-2024.csv","2008","N","WTM","41.2375","CAP","Urban","Fertilization","Stock"
"CAP_annual_plant_biomass_2008-2024.csv","2008","NP","WTM","60.69","CAP","Urban","Fertilization","Stock"
"CAP_annual_plant_biomass_2008-2024.csv","2008","P","WTM","33.405","CAP","Urban","Fertilization","Stock"
"CAP_annual_plant_biomass_2008-2024.csv","2009","C1","DBG","1.85","CAP","Urban","Fertilization","Stock"
"CAP_annual_plant_biomass_2008-2024.csv","2009","N","DBG","2.26","CAP","Urban","Fertilization","Stock"
"CAP_annual_plant_biomass_2008-2024.csv","2009","NP","DBG","6.4575","CAP","Urban","Fertilization","Stock"
"CAP_annual_plant_biomass_2008-2024.csv","2009","P","DBG","1.8925","CAP","Urban","Fertilization","Stock"
"CAP_annual_plant_biomass_2008-2024.csv","2009","C1","EME","6.495","CAP","Urban","Fertilization","Stock"
"CAP_annual_plant_biomass_2008-2024.csv","2009","N","EME","5.33","CAP","Urban","Fertilization","Stock"
"CAP_annual_plant_biomass_2008-2024.csv","2009","NP","EME","6.385","CAP","Urban","Fertilization","Stock"
"CAP_annual_plant_biomass_2008-2024.csv","2009","P","EME","4.235","CAP","Urban","Fertilization","Stock"
"CAP_annual_plant_biomass_2008-2024.csv","2009","C1","EMW","2.1625","CAP","Urban","Fertilization","Stock"
"CAP_annual_plant_biomass_2008-2024.csv","2009","N","EMW","4.5075","CAP","Urban","Fertilization","Stock"
"CAP_annual_plant_biomass_2008-2024.csv","2009","NP","EMW","5.03","CAP","Urban","Fertilization","Stock"
"CAP_annual_plant_biomass_2008-2024.csv","2009","P","EMW","2.73","CAP","Urban","Fertilization","Stock"
"CAP_annual_plant_biomass_2008-2024.csv","2009","C1","LDP","10.6525","CAP","Urban","Fertilization","Stock"
"CAP_annual_plant_biomass_2008-2024.csv","2009","N","LDP","9.3925","CAP","Urban","Fertilization","Stock"
"CAP_annual_plant_biomass_2008-2024.csv","2009","NP","LDP","24.2075","CAP","Urban","Fertilization","Stock"
"CAP_annual_plant_biomass_2008-2024.csv","2009","P","LDP","18.69","CAP","Urban","Fertilization","Stock"
"CAP_annual_plant_biomass_2008-2024.csv","2009","C1","MCN","10.1175","CAP","Urban","Fertilization","Stock"
"CAP_annual_plant_biomass_2008-2024.csv","2009","N","MCN","14.8425","CAP","Urban","Fertilization","Stock"
"CAP_annual_plant_biomass_2008-2024.csv","2009","NP","MCN","32.5125","CAP","Urban","Fertilization","Stock"
"CAP_annual_plant_biomass_2008-2024.csv","2009","P","MCN","12.8125","CAP","Urban","Fertilization","Stock"
"CAP_annual_plant_biomass_2008-2024.csv","2009","C1","MCS","17.0575","CAP","Urban","Fertilization","Stock"
"CAP_annual_plant_biomass_2008-2024.csv","2009","N","MCS","10.54","CAP","Urban","Fertilization","Stock"
"CAP_annual_plant_biomass_2008-2024.csv","2009","NP","MCS","21.215","CAP","Urban","Fertilization","Stock"
"CAP_annual_plant_biomass_2008-2024.csv","2009","P","MCS","26.8475","CAP","Urban","Fertilization","Stock"
"CAP_annual_plant_biomass_2008-2024.csv","2009","C1","MVP","3.52","CAP","Urban","Fertilization","Stock"
"CAP_annual_plant_biomass_2008-2024.csv","2009","N","MVP","4.225","CAP","Urban","Fertilization","Stock"
"CAP_annual_plant_biomass_2008-2024.csv","2009","NP","MVP","6.6075","CAP","Urban","Fertilization","Stock"
"CAP_annual_plant_biomass_2008-2024.csv","2009","P","MVP","3.3475","CAP","Urban","Fertilization","Stock"
"CAP_annual_plant_biomass_2008-2024.csv","2009","C1","PWP","4.4825","CAP","Urban","Fertilization","Stock"
"CAP_annual_plant_biomass_2008-2024.csv","2009","N","PWP","9.37","CAP","Urban","Fertilization","Stock"
"CAP_annual_plant_biomass_2008-2024.csv","2009","NP","PWP","7.78","CAP","Urban","Fertilization","Stock"
"CAP_annual_plant_biomass_2008-2024.csv","2009","P","PWP","5.47","CAP","Urban","Fertilization","Stock"
"CAP_annual_plant_biomass_2008-2024.csv","2009","C1","SME","8.1575","CAP","Urban","Fertilization","Stock"
"CAP_annual_plant_biomass_2008-2024.csv","2009","N","SME","8.19","CAP","Urban","Fertilization","Stock"
"CAP_annual_plant_biomass_2008-2024.csv","2009","NP","SME","12.17","CAP","Urban","Fertilization","Stock"
"CAP_annual_plant_biomass_2008-2024.csv","2009","P","SME","7.9325","CAP","Urban","Fertilization","Stock"
"CAP_annual_plant_biomass_2008-2024.csv","2009","C1","SMW","6.57","CAP","Urban","Fertilization","Stock"
"CAP_annual_plant_biomass_2008-2024.csv","2009","N","SMW","8","CAP","Urban","Fertilization","Stock"
"CAP_annual_plant_biomass_2008-2024.csv","2009","NP","SMW","12.55","CAP","Urban","Fertilization","Stock"
"CAP_annual_plant_biomass_2008-2024.csv","2009","P","SMW","4.6675","CAP","Urban","Fertilization","Stock"
"CAP_annual_plant_biomass_2008-2024.csv","2009","C1","SNE","3.2075","CAP","Urban","Fertilization","Stock"
"CAP_annual_plant_biomass_2008-2024.csv","2009","N","SNE","4.405","CAP","Urban","Fertilization","Stock"
"CAP_annual_plant_biomass_2008-2024.csv","2009","NP","SNE","4.1425","CAP","Urban","Fertilization","Stock"
"CAP_annual_plant_biomass_2008-2024.csv","2009","P","SNE","4.15","CAP","Urban","Fertilization","Stock"
"CAP_annual_plant_biomass_2008-2024.csv","2009","C1","SNW","3.545","CAP","Urban","Fertilization","Stock"
"CAP_annual_plant_biomass_2008-2024.csv","2009","N","SNW","5.81","CAP","Urban","Fertilization","Stock"
"CAP_annual_plant_biomass_2008-2024.csv","2009","NP","SNW","7.11","CAP","Urban","Fertilization","Stock"
"CAP_annual_plant_biomass_2008-2024.csv","2009","P","SNW","4.5725","CAP","Urban","Fertilization","Stock"
"CAP_annual_plant_biomass_2008-2024.csv","2009","C1","SRR","11.9725","CAP","Urban","Fertilization","Stock"
"CAP_annual_plant_biomass_2008-2024.csv","2009","N","SRR","24.0625","CAP","Urban","Fertilization","Stock"
"CAP_annual_plant_biomass_2008-2024.csv","2009","NP","SRR","52.2725","CAP","Urban","Fertilization","Stock"
"CAP_annual_plant_biomass_2008-2024.csv","2009","P","SRR","18.18","CAP","Urban","Fertilization","Stock"
"CAP_annual_plant_biomass_2008-2024.csv","2009","C1","UMP","7.025","CAP","Urban","Fertilization","Stock"
"CAP_annual_plant_biomass_2008-2024.csv","2009","N","UMP","13.7","CAP","Urban","Fertilization","Stock"
"CAP_annual_plant_biomass_2008-2024.csv","2009","NP","UMP","12.165","CAP","Urban","Fertilization","Stock"
"CAP_annual_plant_biomass_2008-2024.csv","2009","P","UMP","6.35","CAP","Urban","Fertilization","Stock"
"CAP_annual_plant_biomass_2008-2024.csv","2009","C1","WTM","14.435","CAP","Urban","Fertilization","Stock"
"CAP_annual_plant_biomass_2008-2024.csv","2009","N","WTM","18.395","CAP","Urban","Fertilization","Stock"
"CAP_annual_plant_biomass_2008-2024.csv","2009","NP","WTM","21.7175","CAP","Urban","Fertilization","Stock"
"CAP_annual_plant_biomass_2008-2024.csv","2009","P","WTM","15.89","CAP","Urban","Fertilization","Stock"
"CAP_annual_plant_biomass_2008-2024.csv","2010","C1","DBG","2.7525","CAP","Urban","Fertilization","Stock"
"CAP_annual_plant_biomass_2008-2024.csv","2010","N","DBG","7.1775","CAP","Urban","Fertilization","Stock"
"CAP_annual_plant_biomass_2008-2024.csv","2010","NP","DBG","13.66","CAP","Urban","Fertilization","Stock"
"CAP_annual_plant_biomass_2008-2024.csv","2010","P","DBG","6.4325","CAP","Urban","Fertilization","Stock"
"CAP_annual_plant_biomass_2008-2024.csv","2010","C1","EME","14.75","CAP","Urban","Fertilization","Stock"
"CAP_annual_plant_biomass_2008-2024.csv","2010","N","EME","27.815","CAP","Urban","Fertilization","Stock"
"CAP_annual_plant_biomass_2008-2024.csv","2010","NP","EME","45.6825","CAP","Urban","Fertilization","Stock"
"CAP_annual_plant_biomass_2008-2024.csv","2010","P","EME","19.36","CAP","Urban","Fertilization","Stock"
"CAP_annual_plant_biomass_2008-2024.csv","2010","C1","EMW","4.195","CAP","Urban","Fertilization","Stock"
"CAP_annual_plant_biomass_2008-2024.csv","2010","N","EMW","15.8425","CAP","Urban","Fertilization","Stock"
"CAP_annual_plant_biomass_2008-2024.csv","2010","NP","EMW","19.2275","CAP","Urban","Fertilization","Stock"
"CAP_annual_plant_biomass_2008-2024.csv","2010","P","EMW","13.4575","CAP","Urban","Fertilization","Stock"
"CAP_annual_plant_biomass_2008-2024.csv","2010","C1","LDP","8.5475","CAP","Urban","Fertilization","Stock"
"CAP_annual_plant_biomass_2008-2024.csv","2010","N","LDP","3.775","CAP","Urban","Fertilization","Stock"
"CAP_annual_plant_biomass_2008-2024.csv","2010","NP","LDP","50.045","CAP","Urban","Fertilization","Stock"
"CAP_annual_plant_biomass_2008-2024.csv","2010","P","LDP","9.72","CAP","Urban","Fertilization","Stock"
"CAP_annual_plant_biomass_2008-2024.csv","2010","C1","MCN","7.7575","CAP","Urban","Fertilization","Stock"
"CAP_annual_plant_biomass_2008-2024.csv","2010","N","MCN","48.495","CAP","Urban","Fertilization","Stock"
"CAP_annual_plant_biomass_2008-2024.csv","2010","NP","MCN","37.42","CAP","Urban","Fertilization","Stock"
"CAP_annual_plant_biomass_2008-2024.csv","2010","P","MCN","18.6025","CAP","Urban","Fertilization","Stock"
"CAP_annual_plant_biomass_2008-2024.csv","2010","C1","MCS","16.08","CAP","Urban","Fertilization","Stock"
"CAP_annual_plant_biomass_2008-2024.csv","2010","N","MCS","22.825","CAP","Urban","Fertilization","Stock"
"CAP_annual_plant_biomass_2008-2024.csv","2010","NP","MCS","40.2775","CAP","Urban","Fertilization","Stock"
"CAP_annual_plant_biomass_2008-2024.csv","2010","P","MCS","28.52","CAP","Urban","Fertilization","Stock"
"CAP_annual_plant_biomass_2008-2024.csv","2010","C1","MVP","14.0475","CAP","Urban","Fertilization","Stock"
"CAP_annual_plant_biomass_2008-2024.csv","2010","N","MVP","24.0425","CAP","Urban","Fertilization","Stock"
"CAP_annual_plant_biomass_2008-2024.csv","2010","NP","MVP","44.7","CAP","Urban","Fertilization","Stock"
"CAP_annual_plant_biomass_2008-2024.csv","2010","P","MVP","13.6325","CAP","Urban","Fertilization","Stock"
"CAP_annual_plant_biomass_2008-2024.csv","2010","C1","PWP","11.6475","CAP","Urban","Fertilization","Stock"
"CAP_annual_plant_biomass_2008-2024.csv","2010","N","PWP","19.1725","CAP","Urban","Fertilization","Stock"
"CAP_annual_plant_biomass_2008-2024.csv","2010","NP","PWP","41.83","CAP","Urban","Fertilization","Stock"
"CAP_annual_plant_biomass_2008-2024.csv","2010","P","PWP","15.7525","CAP","Urban","Fertilization","Stock"
"CAP_annual_plant_biomass_2008-2024.csv","2010","C1","SME","19.54","CAP","Urban","Fertilization","Stock"
"CAP_annual_plant_biomass_2008-2024.csv","2010","N","SME","20.1625","CAP","Urban","Fertilization","Stock"
"CAP_annual_plant_biomass_2008-2024.csv","2010","NP","SME","33.16","CAP","Urban","Fertilization","Stock"
"CAP_annual_plant_biomass_2008-2024.csv","2010","P","SME","19.7025","CAP","Urban","Fertilization","Stock"
"CAP_annual_plant_biomass_2008-2024.csv","2010","C1","SMW","12.17","CAP","Urban","Fertilization","Stock"
"CAP_annual_plant_biomass_2008-2024.csv","2010","N","SMW","28.4925","CAP","Urban","Fertilization","Stock"
"CAP_annual_plant_biomass_2008-2024.csv","2010","NP","SMW","35.375","CAP","Urban","Fertilization","Stock"
"CAP_annual_plant_biomass_2008-2024.csv","2010","P","SMW","11.1","CAP","Urban","Fertilization","Stock"
"CAP_annual_plant_biomass_2008-2024.csv","2010","C1","SNE","14.7125","CAP","Urban","Fertilization","Stock"
"CAP_annual_plant_biomass_2008-2024.csv","2010","N","SNE","26.61","CAP","Urban","Fertilization","Stock"
"CAP_annual_plant_biomass_2008-2024.csv","2010","NP","SNE","40.8575","CAP","Urban","Fertilization","Stock"
"CAP_annual_plant_biomass_2008-2024.csv","2010","P","SNE","12.9775","CAP","Urban","Fertilization","Stock"
"CAP_annual_plant_biomass_2008-2024.csv","2010","C1","SNW","12.1525","CAP","Urban","Fertilization","Stock"
"CAP_annual_plant_biomass_2008-2024.csv","2010","N","SNW","17.175","CAP","Urban","Fertilization","Stock"
"CAP_annual_plant_biomass_2008-2024.csv","2010","NP","SNW","19.3375","CAP","Urban","Fertilization","Stock"
"CAP_annual_plant_biomass_2008-2024.csv","2010","P","SNW","15.89","CAP","Urban","Fertilization","Stock"
"CAP_annual_plant_biomass_2008-2024.csv","2010","C1","SRR","7.4525","CAP","Urban","Fertilization","Stock"
"CAP_annual_plant_biomass_2008-2024.csv","2010","N","SRR","24.6475","CAP","Urban","Fertilization","Stock"
"CAP_annual_plant_biomass_2008-2024.csv","2010","NP","SRR","61.455","CAP","Urban","Fertilization","Stock"
"CAP_annual_plant_biomass_2008-2024.csv","2010","P","SRR","15.84","CAP","Urban","Fertilization","Stock"
"CAP_annual_plant_biomass_2008-2024.csv","2010","C1","UMP","5.97","CAP","Urban","Fertilization","Stock"
"CAP_annual_plant_biomass_2008-2024.csv","2010","N","UMP","19.685","CAP","Urban","Fertilization","Stock"
"CAP_annual_plant_biomass_2008-2024.csv","2010","NP","UMP","16.1775","CAP","Urban","Fertilization","Stock"
"CAP_annual_plant_biomass_2008-2024.csv","2010","P","UMP","8.1475","CAP","Urban","Fertilization","Stock"
"CAP_annual_plant_biomass_2008-2024.csv","2010","C1","WTM","21.055","CAP","Urban","Fertilization","Stock"
"CAP_annual_plant_biomass_2008-2024.csv","2010","N","WTM","70.89","CAP","Urban","Fertilization","Stock"
"CAP_annual_plant_biomass_2008-2024.csv","2010","NP","WTM","79.66","CAP","Urban","Fertilization","Stock"
"CAP_annual_plant_biomass_2008-2024.csv","2010","P","WTM","18.6925","CAP","Urban","Fertilization","Stock"
"CAP_annual_plant_biomass_2008-2024.csv","2013","C1","DBG","1.8175","CAP","Urban","Fertilization","Stock"
"CAP_annual_plant_biomass_2008-2024.csv","2013","N","DBG","0.39","CAP","Urban","Fertilization","Stock"
"CAP_annual_plant_biomass_2008-2024.csv","2013","P","DBG","1.0925","CAP","Urban","Fertilization","Stock"
"CAP_annual_plant_biomass_2008-2024.csv","2013","C1","EME","4.335","CAP","Urban","Fertilization","Stock"
"CAP_annual_plant_biomass_2008-2024.csv","2013","N","EME","6.845","CAP","Urban","Fertilization","Stock"
"CAP_annual_plant_biomass_2008-2024.csv","2013","NP","EME","5.3875","CAP","Urban","Fertilization","Stock"
"CAP_annual_plant_biomass_2008-2024.csv","2013","P","EME","1.5775","CAP","Urban","Fertilization","Stock"
"CAP_annual_plant_biomass_2008-2024.csv","2013","C1","EMW","0.4675","CAP","Urban","Fertilization","Stock"
"CAP_annual_plant_biomass_2008-2024.csv","2013","N","EMW","2.2675","CAP","Urban","Fertilization","Stock"
"CAP_annual_plant_biomass_2008-2024.csv","2013","NP","EMW","3.9925","CAP","Urban","Fertilization","Stock"
"CAP_annual_plant_biomass_2008-2024.csv","2013","P","EMW","2.2375","CAP","Urban","Fertilization","Stock"
"CAP_annual_plant_biomass_2008-2024.csv","2013","C1","LDP","12.9375","CAP","Urban","Fertilization","Stock"
"CAP_annual_plant_biomass_2008-2024.csv","2013","N","LDP","7.6325","CAP","Urban","Fertilization","Stock"
"CAP_annual_plant_biomass_2008-2024.csv","2013","NP","LDP","22.825","CAP","Urban","Fertilization","Stock"
"CAP_annual_plant_biomass_2008-2024.csv","2013","P","LDP","14.435","CAP","Urban","Fertilization","Stock"
"CAP_annual_plant_biomass_2008-2024.csv","2013","C1","MCN","4.1975","CAP","Urban","Fertilization","Stock"
"CAP_annual_plant_biomass_2008-2024.csv","2013","N","MCN","22.9025","CAP","Urban","Fertilization","Stock"
"CAP_annual_plant_biomass_2008-2024.csv","2013","NP","MCN","38.4575","CAP","Urban","Fertilization","Stock"
"CAP_annual_plant_biomass_2008-2024.csv","2013","P","MCN","25.555","CAP","Urban","Fertilization","Stock"
"CAP_annual_plant_biomass_2008-2024.csv","2013","C1","MCS","20.8325","CAP","Urban","Fertilization","Stock"
"CAP_annual_plant_biomass_2008-2024.csv","2013","N","MCS","24.44","CAP","Urban","Fertilization","Stock"
"CAP_annual_plant_biomass_2008-2024.csv","2013","NP","MCS","22.23","CAP","Urban","Fertilization","Stock"
"CAP_annual_plant_biomass_2008-2024.csv","2013","P","MCS","25.9925","CAP","Urban","Fertilization","Stock"
"CAP_annual_plant_biomass_2008-2024.csv","2013","C1","MVP","4.4975","CAP","Urban","Fertilization","Stock"
"CAP_annual_plant_biomass_2008-2024.csv","2013","N","MVP","4.835","CAP","Urban","Fertilization","Stock"
"CAP_annual_plant_biomass_2008-2024.csv","2013","NP","MVP","12.085","CAP","Urban","Fertilization","Stock"
"CAP_annual_plant_biomass_2008-2024.csv","2013","P","MVP","5.755","CAP","Urban","Fertilization","Stock"
"CAP_annual_plant_biomass_2008-2024.csv","2013","C1","PWP","8.45","CAP","Urban","Fertilization","Stock"
"CAP_annual_plant_biomass_2008-2024.csv","2013","N","PWP","13.625","CAP","Urban","Fertilization","Stock"
"CAP_annual_plant_biomass_2008-2024.csv","2013","NP","PWP","18.31","CAP","Urban","Fertilization","Stock"
"CAP_annual_plant_biomass_2008-2024.csv","2013","P","PWP","10.8325","CAP","Urban","Fertilization","Stock"
"CAP_annual_plant_biomass_2008-2024.csv","2013","C1","SME","7.9275","CAP","Urban","Fertilization","Stock"
"CAP_annual_plant_biomass_2008-2024.csv","2013","N","SME","6.2625","CAP","Urban","Fertilization","Stock"
"CAP_annual_plant_biomass_2008-2024.csv","2013","NP","SME","7.82","CAP","Urban","Fertilization","Stock"
"CAP_annual_plant_biomass_2008-2024.csv","2013","P","SME","7.7825","CAP","Urban","Fertilization","Stock"
"CAP_annual_plant_biomass_2008-2024.csv","2013","C1","SMW","4.7525","CAP","Urban","Fertilization","Stock"
"CAP_annual_plant_biomass_2008-2024.csv","2013","N","SMW","10.4025","CAP","Urban","Fertilization","Stock"
"CAP_annual_plant_biomass_2008-2024.csv","2013","NP","SMW","9.15","CAP","Urban","Fertilization","Stock"
"CAP_annual_plant_biomass_2008-2024.csv","2013","P","SMW","5.39","CAP","Urban","Fertilization","Stock"
"CAP_annual_plant_biomass_2008-2024.csv","2013","C1","SNE","3.525","CAP","Urban","Fertilization","Stock"
"CAP_annual_plant_biomass_2008-2024.csv","2013","N","SNE","4.1325","CAP","Urban","Fertilization","Stock"
"CAP_annual_plant_biomass_2008-2024.csv","2013","NP","SNE","3.795","CAP","Urban","Fertilization","Stock"
"CAP_annual_plant_biomass_2008-2024.csv","2013","P","SNE","4.28","CAP","Urban","Fertilization","Stock"
"CAP_annual_plant_biomass_2008-2024.csv","2013","C1","SNW","4.755","CAP","Urban","Fertilization","Stock"
"CAP_annual_plant_biomass_2008-2024.csv","2013","N","SNW","5.5875","CAP","Urban","Fertilization","Stock"
"CAP_annual_plant_biomass_2008-2024.csv","2013","NP","SNW","3.3475","CAP","Urban","Fertilization","Stock"
"CAP_annual_plant_biomass_2008-2024.csv","2013","P","SNW","3.085","CAP","Urban","Fertilization","Stock"
"CAP_annual_plant_biomass_2008-2024.csv","2013","C1","SRR","9.53","CAP","Urban","Fertilization","Stock"
"CAP_annual_plant_biomass_2008-2024.csv","2013","N","SRR","30.5475","CAP","Urban","Fertilization","Stock"
"CAP_annual_plant_biomass_2008-2024.csv","2013","NP","SRR","47.71","CAP","Urban","Fertilization","Stock"
"CAP_annual_plant_biomass_2008-2024.csv","2013","P","SRR","16.42","CAP","Urban","Fertilization","Stock"
"CAP_annual_plant_biomass_2008-2024.csv","2013","C1","UMP","11.4025","CAP","Urban","Fertilization","Stock"
"CAP_annual_plant_biomass_2008-2024.csv","2013","N","UMP","16.165","CAP","Urban","Fertilization","Stock"
"CAP_annual_plant_biomass_2008-2024.csv","2013","NP","UMP","13.83","CAP","Urban","Fertilization","Stock"
"CAP_annual_plant_biomass_2008-2024.csv","2013","P","UMP","7.5325","CAP","Urban","Fertilization","Stock"
"CAP_annual_plant_biomass_2008-2024.csv","2013","C1","WTM","3.9","CAP","Urban","Fertilization","Stock"
"CAP_annual_plant_biomass_2008-2024.csv","2013","N","WTM","5.41","CAP","Urban","Fertilization","Stock"
"CAP_annual_plant_biomass_2008-2024.csv","2013","NP","WTM","6.5","CAP","Urban","Fertilization","Stock"
"CAP_annual_plant_biomass_2008-2024.csv","2013","P","WTM","4.52","CAP","Urban","Fertilization","Stock"
"CAP_annual_plant_biomass_2008-2024.csv","2015","C1","DBG","2.911","CAP","Urban","Fertilization","Stock"
"CAP_annual_plant_biomass_2008-2024.csv","2015","N","DBG","1.606","CAP","Urban","Fertilization","Stock"
"CAP_annual_plant_biomass_2008-2024.csv","2015","NP","DBG","0.206","CAP","Urban","Fertilization","Stock"
"CAP_annual_plant_biomass_2008-2024.csv","2015","P","DBG","3.371","CAP","Urban","Fertilization","Stock"
"CAP_annual_plant_biomass_2008-2024.csv","2015","C1","EME","2.4285","CAP","Urban","Fertilization","Stock"
"CAP_annual_plant_biomass_2008-2024.csv","2015","N","EME","4.0785","CAP","Urban","Fertilization","Stock"
"CAP_annual_plant_biomass_2008-2024.csv","2015","NP","EME","14.7285","CAP","Urban","Fertilization","Stock"
"CAP_annual_plant_biomass_2008-2024.csv","2015","P","EME","1.5835","CAP","Urban","Fertilization","Stock"
"CAP_annual_plant_biomass_2008-2024.csv","2015","C1","EMW","2.241","CAP","Urban","Fertilization","Stock"
"CAP_annual_plant_biomass_2008-2024.csv","2015","N","EMW","5.621","CAP","Urban","Fertilization","Stock"
"CAP_annual_plant_biomass_2008-2024.csv","2015","NP","EMW","5.2435","CAP","Urban","Fertilization","Stock"
"CAP_annual_plant_biomass_2008-2024.csv","2015","P","EMW","9.5385","CAP","Urban","Fertilization","Stock"
"CAP_annual_plant_biomass_2008-2024.csv","2015","C1","LDP","4.731","CAP","Urban","Fertilization","Stock"
"CAP_annual_plant_biomass_2008-2024.csv","2015","N","LDP","5.866","CAP","Urban","Fertilization","Stock"
"CAP_annual_plant_biomass_2008-2024.csv","2015","NP","LDP","8.5435","CAP","Urban","Fertilization","Stock"
"CAP_annual_plant_biomass_2008-2024.csv","2015","P","LDP","3.9485","CAP","Urban","Fertilization","Stock"
"CAP_annual_plant_biomass_2008-2024.csv","2015","C1","MCN","2.8285","CAP","Urban","Fertilization","Stock"
"CAP_annual_plant_biomass_2008-2024.csv","2015","N","MCN","6.606","CAP","Urban","Fertilization","Stock"
"CAP_annual_plant_biomass_2008-2024.csv","2015","NP","MCN","17.9285","CAP","Urban","Fertilization","Stock"
"CAP_annual_plant_biomass_2008-2024.csv","2015","P","MCN","6.5285","CAP","Urban","Fertilization","Stock"
"CAP_annual_plant_biomass_2008-2024.csv","2015","C1","PWP","4.0935","CAP","Urban","Fertilization","Stock"
"CAP_annual_plant_biomass_2008-2024.csv","2015","N","PWP","6.9535","CAP","Urban","Fertilization","Stock"
"CAP_annual_plant_biomass_2008-2024.csv","2015","NP","PWP","5.531","CAP","Urban","Fertilization","Stock"
"CAP_annual_plant_biomass_2008-2024.csv","2015","P","PWP","2.066","CAP","Urban","Fertilization","Stock"
"CAP_annual_plant_biomass_2008-2024.csv","2015","C1","SME","2.0535","CAP","Urban","Fertilization","Stock"
"CAP_annual_plant_biomass_2008-2024.csv","2015","N","SME","3.961","CAP","Urban","Fertilization","Stock"
"CAP_annual_plant_biomass_2008-2024.csv","2015","NP","SME","4.566","CAP","Urban","Fertilization","Stock"
"CAP_annual_plant_biomass_2008-2024.csv","2015","P","SME","3.0135","CAP","Urban","Fertilization","Stock"
"CAP_annual_plant_biomass_2008-2024.csv","2015","C1","SMW","1.8885","CAP","Urban","Fertilization","Stock"
"CAP_annual_plant_biomass_2008-2024.csv","2015","N","SMW","8.461","CAP","Urban","Fertilization","Stock"
"CAP_annual_plant_biomass_2008-2024.csv","2015","NP","SMW","4.041","CAP","Urban","Fertilization","Stock"
"CAP_annual_plant_biomass_2008-2024.csv","2015","P","SMW","8.621","CAP","Urban","Fertilization","Stock"
"CAP_annual_plant_biomass_2008-2024.csv","2015","C1","SNE","3.286","CAP","Urban","Fertilization","Stock"
"CAP_annual_plant_biomass_2008-2024.csv","2015","N","SNE","6.601","CAP","Urban","Fertilization","Stock"
"CAP_annual_plant_biomass_2008-2024.csv","2015","NP","SNE","4.641","CAP","Urban","Fertilization","Stock"
"CAP_annual_plant_biomass_2008-2024.csv","2015","P","SNE","7.236","CAP","Urban","Fertilization","Stock"
"CAP_annual_plant_biomass_2008-2024.csv","2015","C1","SNW","8.526","CAP","Urban","Fertilization","Stock"
"CAP_annual_plant_biomass_2008-2024.csv","2015","N","SNW","6.521","CAP","Urban","Fertilization","Stock"
"CAP_annual_plant_biomass_2008-2024.csv","2015","NP","SNW","17.2435","CAP","Urban","Fertilization","Stock"
"CAP_annual_plant_biomass_2008-2024.csv","2015","P","SNW","3.6535","CAP","Urban","Fertilization","Stock"
"CAP_annual_plant_biomass_2008-2024.csv","2015","C1","WTM","1.971","CAP","Urban","Fertilization","Stock"
"CAP_annual_plant_biomass_2008-2024.csv","2015","N","WTM","3.0435","CAP","Urban","Fertilization","Stock"
"CAP_annual_plant_biomass_2008-2024.csv","2015","NP","WTM","3.571","CAP","Urban","Fertilization","Stock"
"CAP_annual_plant_biomass_2008-2024.csv","2015","P","WTM","0.991","CAP","Urban","Fertilization","Stock"
"CAP_annual_plant_biomass_2008-2024.csv","2016","C1","DBG","0.0865","CAP","Urban","Fertilization","Stock"
"CAP_annual_plant_biomass_2008-2024.csv","2016","N","DBG","-0.3085","CAP","Urban","Fertilization","Stock"
"CAP_annual_plant_biomass_2008-2024.csv","2016","NP","DBG","-0.4435","CAP","Urban","Fertilization","Stock"
"CAP_annual_plant_biomass_2008-2024.csv","2016","P","DBG","-0.3135","CAP","Urban","Fertilization","Stock"
"CAP_annual_plant_biomass_2008-2024.csv","2016","C1","EME","1.639","CAP","Urban","Fertilization","Stock"
"CAP_annual_plant_biomass_2008-2024.csv","2016","N","EME","3.0515","CAP","Urban","Fertilization","Stock"
"CAP_annual_plant_biomass_2008-2024.csv","2016","NP","EME","3.6565","CAP","Urban","Fertilization","Stock"
"CAP_annual_plant_biomass_2008-2024.csv","2016","P","EME","0.344","CAP","Urban","Fertilization","Stock"
"CAP_annual_plant_biomass_2008-2024.csv","2016","C1","EMW","-0.0185","CAP","Urban","Fertilization","Stock"
"CAP_annual_plant_biomass_2008-2024.csv","2016","N","EMW","0.0865","CAP","Urban","Fertilization","Stock"
"CAP_annual_plant_biomass_2008-2024.csv","2016","NP","EMW","3.3015","CAP","Urban","Fertilization","Stock"
"CAP_annual_plant_biomass_2008-2024.csv","2016","P","EMW","0.8365","CAP","Urban","Fertilization","Stock"
"CAP_annual_plant_biomass_2008-2024.csv","2016","C1","LDP","4.779","CAP","Urban","Fertilization","Stock"
"CAP_annual_plant_biomass_2008-2024.csv","2016","N","LDP","2.2915","CAP","Urban","Fertilization","Stock"
"CAP_annual_plant_biomass_2008-2024.csv","2016","NP","LDP","4.554","CAP","Urban","Fertilization","Stock"
"CAP_annual_plant_biomass_2008-2024.csv","2016","P","LDP","2.549","CAP","Urban","Fertilization","Stock"
"CAP_annual_plant_biomass_2008-2024.csv","2016","C1","MCN","4.7115","CAP","Urban","Fertilization","Stock"
"CAP_annual_plant_biomass_2008-2024.csv","2016","N","MCN","4.9815","CAP","Urban","Fertilization","Stock"
"CAP_annual_plant_biomass_2008-2024.csv","2016","NP","MCN","8.9815","CAP","Urban","Fertilization","Stock"
"CAP_annual_plant_biomass_2008-2024.csv","2016","P","MCN","7.8015","CAP","Urban","Fertilization","Stock"
"CAP_annual_plant_biomass_2008-2024.csv","2016","C1","MCS","11.634","CAP","Urban","Fertilization","Stock"
"CAP_annual_plant_biomass_2008-2024.csv","2016","N","MCS","10.1465","CAP","Urban","Fertilization","Stock"
"CAP_annual_plant_biomass_2008-2024.csv","2016","NP","MCS","15.984","CAP","Urban","Fertilization","Stock"
"CAP_annual_plant_biomass_2008-2024.csv","2016","P","MCS","19.524","CAP","Urban","Fertilization","Stock"
"CAP_annual_plant_biomass_2008-2024.csv","2016","C1","MVP","0.329","CAP","Urban","Fertilization","Stock"
"CAP_annual_plant_biomass_2008-2024.csv","2016","N","MVP","-0.0685","CAP","Urban","Fertilization","Stock"
"CAP_annual_plant_biomass_2008-2024.csv","2016","NP","MVP","0.379","CAP","Urban","Fertilization","Stock"
"CAP_annual_plant_biomass_2008-2024.csv","2016","P","MVP","0.409","CAP","Urban","Fertilization","Stock"
"CAP_annual_plant_biomass_2008-2024.csv","2016","C1","PWP","0.974","CAP","Urban","Fertilization","Stock"
"CAP_annual_plant_biomass_2008-2024.csv","2016","N","PWP","1.484","CAP","Urban","Fertilization","Stock"
"CAP_annual_plant_biomass_2008-2024.csv","2016","NP","PWP","4.669","CAP","Urban","Fertilization","Stock"
"CAP_annual_plant_biomass_2008-2024.csv","2016","P","PWP","1.1715","CAP","Urban","Fertilization","Stock"
"CAP_annual_plant_biomass_2008-2024.csv","2016","C1","SME","1.2715","CAP","Urban","Fertilization","Stock"
"CAP_annual_plant_biomass_2008-2024.csv","2016","N","SME","0.0465","CAP","Urban","Fertilization","Stock"
"CAP_annual_plant_biomass_2008-2024.csv","2016","NP","SME","0.684","CAP","Urban","Fertilization","Stock"
"CAP_annual_plant_biomass_2008-2024.csv","2016","P","SME","0.764","CAP","Urban","Fertilization","Stock"
"CAP_annual_plant_biomass_2008-2024.csv","2016","C1","SMW","0.9515","CAP","Urban","Fertilization","Stock"
"CAP_annual_plant_biomass_2008-2024.csv","2016","N","SMW","2.769","CAP","Urban","Fertilization","Stock"
"CAP_annual_plant_biomass_2008-2024.csv","2016","NP","SMW","1.319","CAP","Urban","Fertilization","Stock"
"CAP_annual_plant_biomass_2008-2024.csv","2016","P","SMW","1.8615","CAP","Urban","Fertilization","Stock"
"CAP_annual_plant_biomass_2008-2024.csv","2016","C1","SNE","1.134","CAP","Urban","Fertilization","Stock"
"CAP_annual_plant_biomass_2008-2024.csv","2016","N","SNE","3.3265","CAP","Urban","Fertilization","Stock"
"CAP_annual_plant_biomass_2008-2024.csv","2016","NP","SNE","6.474","CAP","Urban","Fertilization","Stock"
"CAP_annual_plant_biomass_2008-2024.csv","2016","P","SNE","1.654","CAP","Urban","Fertilization","Stock"
"CAP_annual_plant_biomass_2008-2024.csv","2016","C1","SNW","0.374","CAP","Urban","Fertilization","Stock"
"CAP_annual_plant_biomass_2008-2024.csv","2016","N","SNW","0.549","CAP","Urban","Fertilization","Stock"
"CAP_annual_plant_biomass_2008-2024.csv","2016","NP","SNW","0.8765","CAP","Urban","Fertilization","Stock"
"CAP_annual_plant_biomass_2008-2024.csv","2016","P","SNW","0.104","CAP","Urban","Fertilization","Stock"
"CAP_annual_plant_biomass_2008-2024.csv","2016","C1","SRR","6.1815","CAP","Urban","Fertilization","Stock"
"CAP_annual_plant_biomass_2008-2024.csv","2016","N","SRR","8.5565","CAP","Urban","Fertilization","Stock"
"CAP_annual_plant_biomass_2008-2024.csv","2016","NP","SRR","16.759","CAP","Urban","Fertilization","Stock"
"CAP_annual_plant_biomass_2008-2024.csv","2016","P","SRR","10.454","CAP","Urban","Fertilization","Stock"
"CAP_annual_plant_biomass_2008-2024.csv","2016","C1","UMP","1.689","CAP","Urban","Fertilization","Stock"
"CAP_annual_plant_biomass_2008-2024.csv","2016","N","UMP","2.3665","CAP","Urban","Fertilization","Stock"
"CAP_annual_plant_biomass_2008-2024.csv","2016","NP","UMP","3.3865","CAP","Urban","Fertilization","Stock"
"CAP_annual_plant_biomass_2008-2024.csv","2016","P","UMP","3.929","CAP","Urban","Fertilization","Stock"
"CAP_annual_plant_biomass_2008-2024.csv","2016","C1","WTM","0.239","CAP","Urban","Fertilization","Stock"
"CAP_annual_plant_biomass_2008-2024.csv","2016","N","WTM","1.7615","CAP","Urban","Fertilization","Stock"
"CAP_annual_plant_biomass_2008-2024.csv","2016","NP","WTM","4.5615","CAP","Urban","Fertilization","Stock"
"CAP_annual_plant_biomass_2008-2024.csv","2016","P","WTM","1.114","CAP","Urban","Fertilization","Stock"
"CAP_annual_plant_biomass_2008-2024.csv","2017","C1","DBG","0.467","CAP","Urban","Fertilization","Stock"
"CAP_annual_plant_biomass_2008-2024.csv","2017","N","DBG","0.407","CAP","Urban","Fertilization","Stock"
"CAP_annual_plant_biomass_2008-2024.csv","2017","P","DBG","0.9145","CAP","Urban","Fertilization","Stock"
"CAP_annual_plant_biomass_2008-2024.csv","2017","C1","EME","14.912","CAP","Urban","Fertilization","Stock"
"CAP_annual_plant_biomass_2008-2024.csv","2017","N","EME","28.012","CAP","Urban","Fertilization","Stock"
"CAP_annual_plant_biomass_2008-2024.csv","2017","NP","EME","24.942","CAP","Urban","Fertilization","Stock"
"CAP_annual_plant_biomass_2008-2024.csv","2017","P","EME","8.732","CAP","Urban","Fertilization","Stock"
"CAP_annual_plant_biomass_2008-2024.csv","2017","C1","EMW","0.997","CAP","Urban","Fertilization","Stock"
"CAP_annual_plant_biomass_2008-2024.csv","2017","N","EMW","0.6195","CAP","Urban","Fertilization","Stock"
"CAP_annual_plant_biomass_2008-2024.csv","2017","NP","EMW","7.022","CAP","Urban","Fertilization","Stock"
"CAP_annual_plant_biomass_2008-2024.csv","2017","P","EMW","2.2795","CAP","Urban","Fertilization","Stock"
"CAP_annual_plant_biomass_2008-2024.csv","2017","C1","LDP","15.912","CAP","Urban","Fertilization","Stock"
"CAP_annual_plant_biomass_2008-2024.csv","2017","N","LDP","10.6645","CAP","Urban","Fertilization","Stock"
"CAP_annual_plant_biomass_2008-2024.csv","2017","NP","LDP","46.5095","CAP","Urban","Fertilization","Stock"
"CAP_annual_plant_biomass_2008-2024.csv","2017","P","LDP","32.4295","CAP","Urban","Fertilization","Stock"
"CAP_annual_plant_biomass_2008-2024.csv","2017","C1","MCN","10.7295","CAP","Urban","Fertilization","Stock"
"CAP_annual_plant_biomass_2008-2024.csv","2017","N","MCN","43.432","CAP","Urban","Fertilization","Stock"
"CAP_annual_plant_biomass_2008-2024.csv","2017","NP","MCN","47.6695","CAP","Urban","Fertilization","Stock"
"CAP_annual_plant_biomass_2008-2024.csv","2017","P","MCN","30.2045","CAP","Urban","Fertilization","Stock"
"CAP_annual_plant_biomass_2008-2024.csv","2017","C1","MCS","25.287","CAP","Urban","Fertilization","Stock"
"CAP_annual_plant_biomass_2008-2024.csv","2017","N","MCS","22.7845","CAP","Urban","Fertilization","Stock"
"CAP_annual_plant_biomass_2008-2024.csv","2017","NP","MCS","31.077","CAP","Urban","Fertilization","Stock"
"CAP_annual_plant_biomass_2008-2024.csv","2017","P","MCS","35.967","CAP","Urban","Fertilization","Stock"
"CAP_annual_plant_biomass_2008-2024.csv","2017","C1","MVP","9.522","CAP","Urban","Fertilization","Stock"
"CAP_annual_plant_biomass_2008-2024.csv","2017","N","MVP","7.492","CAP","Urban","Fertilization","Stock"
"CAP_annual_plant_biomass_2008-2024.csv","2017","NP","MVP","13.3245","CAP","Urban","Fertilization","Stock"
"CAP_annual_plant_biomass_2008-2024.csv","2017","P","MVP","9.077","CAP","Urban","Fertilization","Stock"
"CAP_annual_plant_biomass_2008-2024.csv","2017","C1","PWP","12.4295","CAP","Urban","Fertilization","Stock"
"CAP_annual_plant_biomass_2008-2024.csv","2017","N","PWP","21.032","CAP","Urban","Fertilization","Stock"
"CAP_annual_plant_biomass_2008-2024.csv","2017","NP","PWP","21.337","CAP","Urban","Fertilization","Stock"
"CAP_annual_plant_biomass_2008-2024.csv","2017","P","PWP","9.4495","CAP","Urban","Fertilization","Stock"
"CAP_annual_plant_biomass_2008-2024.csv","2017","C1","SME","13.827","CAP","Urban","Fertilization","Stock"
"CAP_annual_plant_biomass_2008-2024.csv","2017","N","SME","8.797","CAP","Urban","Fertilization","Stock"
"CAP_annual_plant_biomass_2008-2024.csv","2017","NP","SME","16.307","CAP","Urban","Fertilization","Stock"
"CAP_annual_plant_biomass_2008-2024.csv","2017","P","SME","14.827","CAP","Urban","Fertilization","Stock"
"CAP_annual_plant_biomass_2008-2024.csv","2017","C1","SMW","5.5295","CAP","Urban","Fertilization","Stock"
"CAP_annual_plant_biomass_2008-2024.csv","2017","N","SMW","8.912","CAP","Urban","Fertilization","Stock"
"CAP_annual_plant_biomass_2008-2024.csv","2017","NP","SMW","5.6745","CAP","Urban","Fertilization","Stock"
"CAP_annual_plant_biomass_2008-2024.csv","2017","P","SMW","8.6545","CAP","Urban","Fertilization","Stock"
"CAP_annual_plant_biomass_2008-2024.csv","2017","C1","SNE","5.1395","CAP","Urban","Fertilization","Stock"
"CAP_annual_plant_biomass_2008-2024.csv","2017","N","SNE","12.9045","CAP","Urban","Fertilization","Stock"
"CAP_annual_plant_biomass_2008-2024.csv","2017","NP","SNE","11.162","CAP","Urban","Fertilization","Stock"
"CAP_annual_plant_biomass_2008-2024.csv","2017","P","SNE","5.2595","CAP","Urban","Fertilization","Stock"
"CAP_annual_plant_biomass_2008-2024.csv","2017","C1","SNW","6.7395","CAP","Urban","Fertilization","Stock"
"CAP_annual_plant_biomass_2008-2024.csv","2017","N","SNW","9.8845","CAP","Urban","Fertilization","Stock"
"CAP_annual_plant_biomass_2008-2024.csv","2017","NP","SNW","7.002","CAP","Urban","Fertilization","Stock"
"CAP_annual_plant_biomass_2008-2024.csv","2017","P","SNW","4.957","CAP","Urban","Fertilization","Stock"
"CAP_annual_plant_biomass_2008-2024.csv","2017","C1","SRR","11.927","CAP","Urban","Fertilization","Stock"
"CAP_annual_plant_biomass_2008-2024.csv","2017","N","SRR","35.0345","CAP","Urban","Fertilization","Stock"
"CAP_annual_plant_biomass_2008-2024.csv","2017","NP","SRR","38.0195","CAP","Urban","Fertilization","Stock"
"CAP_annual_plant_biomass_2008-2024.csv","2017","P","SRR","28.727","CAP","Urban","Fertilization","Stock"
"CAP_annual_plant_biomass_2008-2024.csv","2017","C1","UMP","8.9045","CAP","Urban","Fertilization","Stock"
"CAP_annual_plant_biomass_2008-2024.csv","2017","N","UMP","13.667","CAP","Urban","Fertilization","Stock"
"CAP_annual_plant_biomass_2008-2024.csv","2017","NP","UMP","15.452","CAP","Urban","Fertilization","Stock"
"CAP_annual_plant_biomass_2008-2024.csv","2017","P","UMP","12.2945","CAP","Urban","Fertilization","Stock"
"CAP_annual_plant_biomass_2008-2024.csv","2017","C1","WTM","18.662","CAP","Urban","Fertilization","Stock"
"CAP_annual_plant_biomass_2008-2024.csv","2017","N","WTM","33.397","CAP","Urban","Fertilization","Stock"
"CAP_annual_plant_biomass_2008-2024.csv","2017","NP","WTM","67.6345","CAP","Urban","Fertilization","Stock"
"CAP_annual_plant_biomass_2008-2024.csv","2017","P","WTM","53.432","CAP","Urban","Fertilization","Stock"
"CAP_annual_plant_biomass_2008-2024.csv","2019","C1","EME","17.944","CAP","Urban","Fertilization","Stock"
"CAP_annual_plant_biomass_2008-2024.csv","2019","N","EME","22.596","CAP","Urban","Fertilization","Stock"
"CAP_annual_plant_biomass_2008-2024.csv","2019","NP","EME","23.2635","CAP","Urban","Fertilization","Stock"
"CAP_annual_plant_biomass_2008-2024.csv","2019","P","EME","30.214","CAP","Urban","Fertilization","Stock"
"CAP_annual_plant_biomass_2008-2024.csv","2019","C1","EMW","12.7855","CAP","Urban","Fertilization","Stock"
"CAP_annual_plant_biomass_2008-2024.csv","2019","N","EMW","18.4555","CAP","Urban","Fertilization","Stock"
"CAP_annual_plant_biomass_2008-2024.csv","2019","NP","EMW","35.698","CAP","Urban","Fertilization","Stock"
"CAP_annual_plant_biomass_2008-2024.csv","2019","P","EMW","15.453","CAP","Urban","Fertilization","Stock"
"CAP_annual_plant_biomass_2008-2024.csv","2019","C1","LDP","22.791","CAP","Urban","Fertilization","Stock"
"CAP_annual_plant_biomass_2008-2024.csv","2019","N","LDP","38.9515","CAP","Urban","Fertilization","Stock"
"CAP_annual_plant_biomass_2008-2024.csv","2019","NP","LDP","44.0205","CAP","Urban","Fertilization","Stock"
"CAP_annual_plant_biomass_2008-2024.csv","2019","P","LDP","27.454","CAP","Urban","Fertilization","Stock"
"CAP_annual_plant_biomass_2008-2024.csv","2019","C1","MCS","39.5415","CAP","Urban","Fertilization","Stock"
"CAP_annual_plant_biomass_2008-2024.csv","2019","N","MCS","59.689","CAP","Urban","Fertilization","Stock"
"CAP_annual_plant_biomass_2008-2024.csv","2019","NP","MCS","72.0465","CAP","Urban","Fertilization","Stock"
"CAP_annual_plant_biomass_2008-2024.csv","2019","P","MCS","44.3015","CAP","Urban","Fertilization","Stock"
"CAP_annual_plant_biomass_2008-2024.csv","2019","C1","PWP","26.164","CAP","Urban","Fertilization","Stock"
"CAP_annual_plant_biomass_2008-2024.csv","2019","N","PWP","22.5265","CAP","Urban","Fertilization","Stock"
"CAP_annual_plant_biomass_2008-2024.csv","2019","NP","PWP","29.4015","CAP","Urban","Fertilization","Stock"
"CAP_annual_plant_biomass_2008-2024.csv","2019","P","PWP","26.784","CAP","Urban","Fertilization","Stock"
"CAP_annual_plant_biomass_2008-2024.csv","2019","C1","SME","39.1615","CAP","Urban","Fertilization","Stock"
"CAP_annual_plant_biomass_2008-2024.csv","2019","N","SME","24.0855","CAP","Urban","Fertilization","Stock"
"CAP_annual_plant_biomass_2008-2024.csv","2019","NP","SME","35.7905","CAP","Urban","Fertilization","Stock"
"CAP_annual_plant_biomass_2008-2024.csv","2019","P","SME","34.858","CAP","Urban","Fertilization","Stock"
"CAP_annual_plant_biomass_2008-2024.csv","2019","C1","SMW","29.1705","CAP","Urban","Fertilization","Stock"
"CAP_annual_plant_biomass_2008-2024.csv","2019","N","SMW","36.463","CAP","Urban","Fertilization","Stock"
"CAP_annual_plant_biomass_2008-2024.csv","2019","NP","SMW","22.453","CAP","Urban","Fertilization","Stock"
"CAP_annual_plant_biomass_2008-2024.csv","2019","P","SMW","18.7305","CAP","Urban","Fertilization","Stock"
"CAP_annual_plant_biomass_2008-2024.csv","2019","C1","SRR","24.6515","CAP","Urban","Fertilization","Stock"
"CAP_annual_plant_biomass_2008-2024.csv","2019","N","SRR","49.73","CAP","Urban","Fertilization","Stock"
"CAP_annual_plant_biomass_2008-2024.csv","2019","NP","SRR","78.524","CAP","Urban","Fertilization","Stock"
"CAP_annual_plant_biomass_2008-2024.csv","2019","P","SRR","19.294","CAP","Urban","Fertilization","Stock"
"CAP_annual_plant_biomass_2008-2024.csv","2019","C1","WTM","28.2915","CAP","Urban","Fertilization","Stock"
"CAP_annual_plant_biomass_2008-2024.csv","2019","N","WTM","33.549","CAP","Urban","Fertilization","Stock"
"CAP_annual_plant_biomass_2008-2024.csv","2019","NP","WTM","40.1515","CAP","Urban","Fertilization","Stock"
"CAP_annual_plant_biomass_2008-2024.csv","2019","P","WTM","22.6865","CAP","Urban","Fertilization","Stock"
"CAP_annual_plant_biomass_2008-2024.csv","2021","C1","EME","0.384","CAP","Urban","Fertilization","Stock"
"CAP_annual_plant_biomass_2008-2024.csv","2021","N","EME","1.914","CAP","Urban","Fertilization","Stock"
"CAP_annual_plant_biomass_2008-2024.csv","2021","NP","EME","0.614","CAP","Urban","Fertilization","Stock"
"CAP_annual_plant_biomass_2008-2024.csv","2021","P","EME","1.1465","CAP","Urban","Fertilization","Stock"
"CAP_annual_plant_biomass_2008-2024.csv","2021","C1","EMW","0.2215","CAP","Urban","Fertilization","Stock"
"CAP_annual_plant_biomass_2008-2024.csv","2021","N","EMW","0.156500000000001","CAP","Urban","Fertilization","Stock"
"CAP_annual_plant_biomass_2008-2024.csv","2021","NP","EMW","0.409","CAP","Urban","Fertilization","Stock"
"CAP_annual_plant_biomass_2008-2024.csv","2021","P","EMW","0.0190000000000004","CAP","Urban","Fertilization","Stock"
"CAP_annual_plant_biomass_2008-2024.csv","2021","C1","LDP","0.5915","CAP","Urban","Fertilization","Stock"
"CAP_annual_plant_biomass_2008-2024.csv","2021","N","LDP","0.4015","CAP","Urban","Fertilization","Stock"
"CAP_annual_plant_biomass_2008-2024.csv","2021","NP","LDP","0.7465","CAP","Urban","Fertilization","Stock"
"CAP_annual_plant_biomass_2008-2024.csv","2021","P","LDP","0.6515","CAP","Urban","Fertilization","Stock"
"CAP_annual_plant_biomass_2008-2024.csv","2021","C1","MCS","0.9315","CAP","Urban","Fertilization","Stock"
"CAP_annual_plant_biomass_2008-2024.csv","2021","N","MCS","1.019","CAP","Urban","Fertilization","Stock"
"CAP_annual_plant_biomass_2008-2024.csv","2021","NP","MCS","1.124","CAP","Urban","Fertilization","Stock"
"CAP_annual_plant_biomass_2008-2024.csv","2021","P","MCS","1.7715","CAP","Urban","Fertilization","Stock"
"CAP_annual_plant_biomass_2008-2024.csv","2021","C1","PWP","0.9865","CAP","Urban","Fertilization","Stock"
"CAP_annual_plant_biomass_2008-2024.csv","2021","N","PWP","0.8265","CAP","Urban","Fertilization","Stock"
"CAP_annual_plant_biomass_2008-2024.csv","2021","NP","PWP","0.824","CAP","Urban","Fertilization","Stock"
"CAP_annual_plant_biomass_2008-2024.csv","2021","P","PWP","0.434","CAP","Urban","Fertilization","Stock"
"CAP_annual_plant_biomass_2008-2024.csv","2021","C1","SME","0.9065","CAP","Urban","Fertilization","Stock"
"CAP_annual_plant_biomass_2008-2024.csv","2021","N","SME","0.9865","CAP","Urban","Fertilization","Stock"
"CAP_annual_plant_biomass_2008-2024.csv","2021","NP","SME","3.5215","CAP","Urban","Fertilization","Stock"
"CAP_annual_plant_biomass_2008-2024.csv","2021","P","SME","0.6615","CAP","Urban","Fertilization","Stock"
"CAP_annual_plant_biomass_2008-2024.csv","2021","C1","SMW","1.349","CAP","Urban","Fertilization","Stock"
"CAP_annual_plant_biomass_2008-2024.csv","2021","N","SMW","0.6915","CAP","Urban","Fertilization","Stock"
"CAP_annual_plant_biomass_2008-2024.csv","2021","NP","SMW","1.6915","CAP","Urban","Fertilization","Stock"
"CAP_annual_plant_biomass_2008-2024.csv","2021","P","SMW","0.8415","CAP","Urban","Fertilization","Stock"
"CAP_annual_plant_biomass_2008-2024.csv","2021","C1","SRR","0.424","CAP","Urban","Fertilization","Stock"
"CAP_annual_plant_biomass_2008-2024.csv","2021","N","SRR","0.544","CAP","Urban","Fertilization","Stock"
"CAP_annual_plant_biomass_2008-2024.csv","2021","NP","SRR","0.749","CAP","Urban","Fertilization","Stock"
"CAP_annual_plant_biomass_2008-2024.csv","2021","P","SRR","0.4865","CAP","Urban","Fertilization","Stock"
"CAP_annual_plant_biomass_2008-2024.csv","2021","C1","WTM","0.644","CAP","Urban","Fertilization","Stock"
"CAP_annual_plant_biomass_2008-2024.csv","2021","N","WTM","1.7065","CAP","Urban","Fertilization","Stock"
"CAP_annual_plant_biomass_2008-2024.csv","2021","NP","WTM","2.804","CAP","Urban","Fertilization","Stock"
"CAP_annual_plant_biomass_2008-2024.csv","2021","P","WTM","0.9215","CAP","Urban","Fertilization","Stock"
"CAP_annual_plant_biomass_2008-2024.csv","2023","C1","EME","165.244","CAP","Urban","Fertilization","Stock"
"CAP_annual_plant_biomass_2008-2024.csv","2023","N","EME","199.364","CAP","Urban","Fertilization","Stock"
"CAP_annual_plant_biomass_2008-2024.csv","2023","NP","EME","194.454","CAP","Urban","Fertilization","Stock"
"CAP_annual_plant_biomass_2008-2024.csv","2023","P","EME","74.014","CAP","Urban","Fertilization","Stock"
"CAP_annual_plant_biomass_2008-2024.csv","2023","C1","EMW","40.834","CAP","Urban","Fertilization","Stock"
"CAP_annual_plant_biomass_2008-2024.csv","2023","N","EMW","126.574","CAP","Urban","Fertilization","Stock"
"CAP_annual_plant_biomass_2008-2024.csv","2023","NP","EMW","191.804","CAP","Urban","Fertilization","Stock"
"CAP_annual_plant_biomass_2008-2024.csv","2023","P","EMW","59.204","CAP","Urban","Fertilization","Stock"
"CAP_annual_plant_biomass_2008-2024.csv","2023","C1","LDP","57.112","CAP","Urban","Fertilization","Stock"
"CAP_annual_plant_biomass_2008-2024.csv","2023","N","LDP","68.9","CAP","Urban","Fertilization","Stock"
"CAP_annual_plant_biomass_2008-2024.csv","2023","NP","LDP","66.282","CAP","Urban","Fertilization","Stock"
"CAP_annual_plant_biomass_2008-2024.csv","2023","P","LDP","63.244","CAP","Urban","Fertilization","Stock"
"CAP_annual_plant_biomass_2008-2024.csv","2023","C1","MCS","151.92","CAP","Urban","Fertilization","Stock"
"CAP_annual_plant_biomass_2008-2024.csv","2023","N","MCS","243.7","CAP","Urban","Fertilization","Stock"
"CAP_annual_plant_biomass_2008-2024.csv","2023","NP","MCS","278.34","CAP","Urban","Fertilization","Stock"
"CAP_annual_plant_biomass_2008-2024.csv","2023","P","MCS","233.41","CAP","Urban","Fertilization","Stock"
"CAP_annual_plant_biomass_2008-2024.csv","2023","C1","PWP","68.232","CAP","Urban","Fertilization","Stock"
"CAP_annual_plant_biomass_2008-2024.csv","2023","N","PWP","83.962","CAP","Urban","Fertilization","Stock"
"CAP_annual_plant_biomass_2008-2024.csv","2023","NP","PWP","62.162","CAP","Urban","Fertilization","Stock"
"CAP_annual_plant_biomass_2008-2024.csv","2023","P","PWP","36.062","CAP","Urban","Fertilization","Stock"
"CAP_annual_plant_biomass_2008-2024.csv","2023","C1","SME","107.644","CAP","Urban","Fertilization","Stock"
"CAP_annual_plant_biomass_2008-2024.csv","2023","N","SME","126.374","CAP","Urban","Fertilization","Stock"
"CAP_annual_plant_biomass_2008-2024.csv","2023","NP","SME","140.744","CAP","Urban","Fertilization","Stock"
"CAP_annual_plant_biomass_2008-2024.csv","2023","P","SME","115.244","CAP","Urban","Fertilization","Stock"
"CAP_annual_plant_biomass_2008-2024.csv","2023","C1","SMW","45.036","CAP","Urban","Fertilization","Stock"
"CAP_annual_plant_biomass_2008-2024.csv","2023","N","SMW","76.094","CAP","Urban","Fertilization","Stock"
"CAP_annual_plant_biomass_2008-2024.csv","2023","NP","SMW","88.816","CAP","Urban","Fertilization","Stock"
"CAP_annual_plant_biomass_2008-2024.csv","2023","P","SMW","33.842","CAP","Urban","Fertilization","Stock"
"CAP_annual_plant_biomass_2008-2024.csv","2023","C1","SRR","79.424","CAP","Urban","Fertilization","Stock"
"CAP_annual_plant_biomass_2008-2024.csv","2023","N","SRR","411.18","CAP","Urban","Fertilization","Stock"
"CAP_annual_plant_biomass_2008-2024.csv","2023","NP","SRR","297.552","CAP","Urban","Fertilization","Stock"
"CAP_annual_plant_biomass_2008-2024.csv","2023","P","SRR","129.582","CAP","Urban","Fertilization","Stock"
"CAP_annual_plant_biomass_2008-2024.csv","2023","C1","WTM","77.516","CAP","Urban","Fertilization","Stock"
"CAP_annual_plant_biomass_2008-2024.csv","2023","N","WTM","112.906","CAP","Urban","Fertilization","Stock"
"CAP_annual_plant_biomass_2008-2024.csv","2023","NP","WTM","153.686","CAP","Urban","Fertilization","Stock"
"CAP_annual_plant_biomass_2008-2024.csv","2023","P","WTM","72.066","CAP","Urban","Fertilization","Stock"
"CAP_annual_plant_biomass_2008-2024.csv","2024","C1","EME","66.88","CAP","Urban","Fertilization","Stock"
"CAP_annual_plant_biomass_2008-2024.csv","2024","N","EME","55.22","CAP","Urban","Fertilization","Stock"
"CAP_annual_plant_biomass_2008-2024.csv","2024","NP","EME","58.06","CAP","Urban","Fertilization","Stock"
"CAP_annual_plant_biomass_2008-2024.csv","2024","P","EME","92.05","CAP","Urban","Fertilization","Stock"
"CAP_annual_plant_biomass_2008-2024.csv","2024","C1","EMW","14.91","CAP","Urban","Fertilization","Stock"
"CAP_annual_plant_biomass_2008-2024.csv","2024","N","EMW","31.94","CAP","Urban","Fertilization","Stock"
"CAP_annual_plant_biomass_2008-2024.csv","2024","NP","EMW","26.53","CAP","Urban","Fertilization","Stock"
"CAP_annual_plant_biomass_2008-2024.csv","2024","P","EMW","29.38","CAP","Urban","Fertilization","Stock"
"CAP_annual_plant_biomass_2008-2024.csv","2024","C1","LDP","75.99","CAP","Urban","Fertilization","Stock"
"CAP_annual_plant_biomass_2008-2024.csv","2024","N","LDP","43.53","CAP","Urban","Fertilization","Stock"
"CAP_annual_plant_biomass_2008-2024.csv","2024","NP","LDP","61.03","CAP","Urban","Fertilization","Stock"
"CAP_annual_plant_biomass_2008-2024.csv","2024","P","LDP","81.08","CAP","Urban","Fertilization","Stock"
"CAP_annual_plant_biomass_2008-2024.csv","2024","C1","MCS","68.39","CAP","Urban","Fertilization","Stock"
"CAP_annual_plant_biomass_2008-2024.csv","2024","N","MCS","105.79","CAP","Urban","Fertilization","Stock"
"CAP_annual_plant_biomass_2008-2024.csv","2024","NP","MCS","106.14","CAP","Urban","Fertilization","Stock"
"CAP_annual_plant_biomass_2008-2024.csv","2024","P","MCS","171.93","CAP","Urban","Fertilization","Stock"
"CAP_annual_plant_biomass_2008-2024.csv","2024","C1","PWP","37.81","CAP","Urban","Fertilization","Stock"
"CAP_annual_plant_biomass_2008-2024.csv","2024","N","PWP","34.38","CAP","Urban","Fertilization","Stock"
"CAP_annual_plant_biomass_2008-2024.csv","2024","NP","PWP","23.55","CAP","Urban","Fertilization","Stock"
"CAP_annual_plant_biomass_2008-2024.csv","2024","P","PWP","30.4","CAP","Urban","Fertilization","Stock"
"CAP_annual_plant_biomass_2008-2024.csv","2024","C1","SME","59.87","CAP","Urban","Fertilization","Stock"
"CAP_annual_plant_biomass_2008-2024.csv","2024","N","SME","80.55","CAP","Urban","Fertilization","Stock"
"CAP_annual_plant_biomass_2008-2024.csv","2024","NP","SME","84.26","CAP","Urban","Fertilization","Stock"
"CAP_annual_plant_biomass_2008-2024.csv","2024","P","SME","67.18","CAP","Urban","Fertilization","Stock"
"CAP_annual_plant_biomass_2008-2024.csv","2024","C1","SMW","31.89","CAP","Urban","Fertilization","Stock"
"CAP_annual_plant_biomass_2008-2024.csv","2024","N","SMW","48.59","CAP","Urban","Fertilization","Stock"
"CAP_annual_plant_biomass_2008-2024.csv","2024","NP","SMW","29.78","CAP","Urban","Fertilization","Stock"
"CAP_annual_plant_biomass_2008-2024.csv","2024","P","SMW","31.43","CAP","Urban","Fertilization","Stock"
"CAP_annual_plant_biomass_2008-2024.csv","2024","C1","SRR","66.47","CAP","Urban","Fertilization","Stock"
"CAP_annual_plant_biomass_2008-2024.csv","2024","N","SRR","102.35","CAP","Urban","Fertilization","Stock"
"CAP_annual_plant_biomass_2008-2024.csv","2024","NP","SRR","154.53","CAP","Urban","Fertilization","Stock"
"CAP_annual_plant_biomass_2008-2024.csv","2024","P","SRR","65.17","CAP","Urban","Fertilization","Stock"
"CAP_annual_plant_biomass_2008-2024.csv","2024","C1","WTM","42.68","CAP","Urban","Fertilization","Stock"
"CAP_annual_plant_biomass_2008-2024.csv","2024","N","WTM","56.52","CAP","Urban","Fertilization","Stock"
"CAP_annual_plant_biomass_2008-2024.csv","2024","NP","WTM","79.97","CAP","Urban","Fertilization","Stock"
"CAP_annual_plant_biomass_2008-2024.csv","2024","P","WTM","57.53","CAP","Urban","Fertilization","Stock"
"CDR_Biomass_1998-2021_gm2_processed.csv","1998","Cenrich Namb M","1","336.654166666667","CDR","Grassland","Fertilization","Stock"
"CDR_Biomass_1998-2021_gm2_processed.csv","1998","Cenrich Namb S","1","280.32","CDR","Grassland","Fertilization","Stock"
"CDR_Biomass_1998-2021_gm2_processed.csv","1998","Cenrich Nenrich M","1","391.888461538462","CDR","Grassland","Fertilization","Stock"
"CDR_Biomass_1998-2021_gm2_processed.csv","1998","Cenrich Nenrich S","1","362.62","CDR","Grassland","Fertilization","Stock"
"CDR_Biomass_1998-2021_gm2_processed.csv","1998","Camb Namb M","2","239.84","CDR","Grassland","Fertilization","Stock"
"CDR_Biomass_1998-2021_gm2_processed.csv","1998","Camb Namb S","2","276.64","CDR","Grassland","Fertilization","Stock"
"CDR_Biomass_1998-2021_gm2_processed.csv","1998","Camb Nenrich M","2","339.6768","CDR","Grassland","Fertilization","Stock"
"CDR_Biomass_1998-2021_gm2_processed.csv","1998","Camb Nenrich S","2","347.433333333333","CDR","Grassland","Fertilization","Stock"
"CDR_Biomass_1998-2021_gm2_processed.csv","1998","Cenrich Namb M","3","283.4004","CDR","Grassland","Fertilization","Stock"
"CDR_Biomass_1998-2021_gm2_processed.csv","1998","Cenrich Namb S","3","251","CDR","Grassland","Fertilization","Stock"
"CDR_Biomass_1998-2021_gm2_processed.csv","1998","Cenrich Nenrich M","3","379.58","CDR","Grassland","Fertilization","Stock"
"CDR_Biomass_1998-2021_gm2_processed.csv","1998","Cenrich Nenrich S","3","519.88","CDR","Grassland","Fertilization","Stock"
"CDR_Biomass_1998-2021_gm2_processed.csv","1998","Camb Namb M","4","262.152","CDR","Grassland","Fertilization","Stock"
"CDR_Biomass_1998-2021_gm2_processed.csv","1998","Camb Namb S","4","262.466666666667","CDR","Grassland","Fertilization","Stock"
"CDR_Biomass_1998-2021_gm2_processed.csv","1998","Camb Nenrich M","4","340.026666666667","CDR","Grassland","Fertilization","Stock"
"CDR_Biomass_1998-2021_gm2_processed.csv","1998","Camb Nenrich S","4","345.6","CDR","Grassland","Fertilization","Stock"
"CDR_Biomass_1998-2021_gm2_processed.csv","1998","Cenrich Namb M","5","299.8836","CDR","Grassland","Fertilization","Stock"
"CDR_Biomass_1998-2021_gm2_processed.csv","1998","Cenrich Namb S","5","312.544","CDR","Grassland","Fertilization","Stock"
"CDR_Biomass_1998-2021_gm2_processed.csv","1998","Cenrich Nenrich M","5","368.002","CDR","Grassland","Fertilization","Stock"
"CDR_Biomass_1998-2021_gm2_processed.csv","1998","Cenrich Nenrich S","5","465.114","CDR","Grassland","Fertilization","Stock"
"CDR_Biomass_1998-2021_gm2_processed.csv","1998","Camb Namb M","6","320.839615384615","CDR","Grassland","Fertilization","Stock"
"CDR_Biomass_1998-2021_gm2_processed.csv","1998","Camb Namb S","6","290.883333333333","CDR","Grassland","Fertilization","Stock"
"CDR_Biomass_1998-2021_gm2_processed.csv","1998","Camb Nenrich M","6","380.495384615385","CDR","Grassland","Fertilization","Stock"
"CDR_Biomass_1998-2021_gm2_processed.csv","1998","Camb Nenrich S","6","419.9","CDR","Grassland","Fertilization","Stock"
"CDR_Biomass_1998-2021_gm2_processed.csv","1999","Cenrich Namb M","1","206.9512","CDR","Grassland","Fertilization","Stock"
"CDR_Biomass_1998-2021_gm2_processed.csv","1999","Cenrich Namb S","1","276.062","CDR","Grassland","Fertilization","Stock"
"CDR_Biomass_1998-2021_gm2_processed.csv","1999","Cenrich Nenrich M","1","286.811923076923","CDR","Grassland","Fertilization","Stock"
"CDR_Biomass_1998-2021_gm2_processed.csv","1999","Cenrich Nenrich S","1","338.186","CDR","Grassland","Fertilization","Stock"
"CDR_Biomass_1998-2021_gm2_processed.csv","1999","Camb Namb M","2","189.2236","CDR","Grassland","Fertilization","Stock"
"CDR_Biomass_1998-2021_gm2_processed.csv","1999","Camb Namb S","2","136","CDR","Grassland","Fertilization","Stock"
"CDR_Biomass_1998-2021_gm2_processed.csv","1999","Camb Nenrich M","2","340.2992","CDR","Grassland","Fertilization","Stock"
"CDR_Biomass_1998-2021_gm2_processed.csv","1999","Camb Nenrich S","2","278.431666666667","CDR","Grassland","Fertilization","Stock"
"CDR_Biomass_1998-2021_gm2_processed.csv","1999","Cenrich Namb M","3","228.1012","CDR","Grassland","Fertilization","Stock"
"CDR_Biomass_1998-2021_gm2_processed.csv","1999","Cenrich Namb S","3","205.594","CDR","Grassland","Fertilization","Stock"
"CDR_Biomass_1998-2021_gm2_processed.csv","1999","Cenrich Nenrich M","3","283.214230769231","CDR","Grassland","Fertilization","Stock"
"CDR_Biomass_1998-2021_gm2_processed.csv","1999","Cenrich Nenrich S","3","307.15","CDR","Grassland","Fertilization","Stock"
"CDR_Biomass_1998-2021_gm2_processed.csv","1999","Camb Namb M","4","190.6924","CDR","Grassland","Fertilization","Stock"
"CDR_Biomass_1998-2021_gm2_processed.csv","1999","Camb Namb S","4","163.245","CDR","Grassland","Fertilization","Stock"
"CDR_Biomass_1998-2021_gm2_processed.csv","1999","Camb Nenrich M","4","224.308","CDR","Grassland","Fertilization","Stock"
"CDR_Biomass_1998-2021_gm2_processed.csv","1999","Camb Nenrich S","4","239.172","CDR","Grassland","Fertilization","Stock"
"CDR_Biomass_1998-2021_gm2_processed.csv","1999","Cenrich Namb M","5","205.0844","CDR","Grassland","Fertilization","Stock"
"CDR_Biomass_1998-2021_gm2_processed.csv","1999","Cenrich Namb S","5","172.94","CDR","Grassland","Fertilization","Stock"
"CDR_Biomass_1998-2021_gm2_processed.csv","1999","Cenrich Nenrich M","5","229.0632","CDR","Grassland","Fertilization","Stock"
"CDR_Biomass_1998-2021_gm2_processed.csv","1999","Cenrich Nenrich S","5","212.084","CDR","Grassland","Fertilization","Stock"
"CDR_Biomass_1998-2021_gm2_processed.csv","1999","Camb Namb M","6","174.356923076923","CDR","Grassland","Fertilization","Stock"
"CDR_Biomass_1998-2021_gm2_processed.csv","1999","Camb Namb S","6","142.766666666667","CDR","Grassland","Fertilization","Stock"
"CDR_Biomass_1998-2021_gm2_processed.csv","1999","Camb Nenrich M","6","211.6604","CDR","Grassland","Fertilization","Stock"
"CDR_Biomass_1998-2021_gm2_processed.csv","1999","Camb Nenrich S","6","287.79","CDR","Grassland","Fertilization","Stock"
"CDR_Biomass_1998-2021_gm2_processed.csv","2000","Cenrich Namb M","1","327.363333333333","CDR","Grassland","Fertilization","Stock"
"CDR_Biomass_1998-2021_gm2_processed.csv","2000","Cenrich Namb S","1","272.406","CDR","Grassland","Fertilization","Stock"
"CDR_Biomass_1998-2021_gm2_processed.csv","2000","Cenrich Nenrich M","1","404.2856","CDR","Grassland","Fertilization","Stock"
"CDR_Biomass_1998-2021_gm2_processed.csv","2000","Cenrich Nenrich S","1","242.666","CDR","Grassland","Fertilization","Stock"
"CDR_Biomass_1998-2021_gm2_processed.csv","2000","Camb Namb M","2","179.4552","CDR","Grassland","Fertilization","Stock"
"CDR_Biomass_1998-2021_gm2_processed.csv","2000","Camb Namb S","2","190.662","CDR","Grassland","Fertilization","Stock"
"CDR_Biomass_1998-2021_gm2_processed.csv","2000","Camb Nenrich M","2","291.776","CDR","Grassland","Fertilization","Stock"
"CDR_Biomass_1998-2021_gm2_processed.csv","2000","Camb Nenrich S","2","298.118333333333","CDR","Grassland","Fertilization","Stock"
"CDR_Biomass_1998-2021_gm2_processed.csv","2000","Cenrich Namb M","3","285.02","CDR","Grassland","Fertilization","Stock"
"CDR_Biomass_1998-2021_gm2_processed.csv","2000","Cenrich Namb S","3","134.444","CDR","Grassland","Fertilization","Stock"
"CDR_Biomass_1998-2021_gm2_processed.csv","2000","Cenrich Nenrich M","3","314.8508","CDR","Grassland","Fertilization","Stock"
"CDR_Biomass_1998-2021_gm2_processed.csv","2000","Cenrich Nenrich S","3","308.62","CDR","Grassland","Fertilization","Stock"
"CDR_Biomass_1998-2021_gm2_processed.csv","2000","Camb Namb M","4","248.2932","CDR","Grassland","Fertilization","Stock"
"CDR_Biomass_1998-2021_gm2_processed.csv","2000","Camb Namb S","4","189.676666666667","CDR","Grassland","Fertilization","Stock"
"CDR_Biomass_1998-2021_gm2_processed.csv","2000","Camb Nenrich M","4","237.14625","CDR","Grassland","Fertilization","Stock"
"CDR_Biomass_1998-2021_gm2_processed.csv","2000","Camb Nenrich S","4","245.36","CDR","Grassland","Fertilization","Stock"
"CDR_Biomass_1998-2021_gm2_processed.csv","2000","Cenrich Namb M","5","282.7468","CDR","Grassland","Fertilization","Stock"
"CDR_Biomass_1998-2021_gm2_processed.csv","2000","Cenrich Namb S","5","234.948","CDR","Grassland","Fertilization","Stock"
"CDR_Biomass_1998-2021_gm2_processed.csv","2000","Cenrich Nenrich M","5","285.640833333333","CDR","Grassland","Fertilization","Stock"
"CDR_Biomass_1998-2021_gm2_processed.csv","2000","Cenrich Nenrich S","5","336.66","CDR","Grassland","Fertilization","Stock"
"CDR_Biomass_1998-2021_gm2_processed.csv","2000","Camb Namb M","6","229.7412","CDR","Grassland","Fertilization","Stock"
"CDR_Biomass_1998-2021_gm2_processed.csv","2000","Camb Namb S","6","239.701666666667","CDR","Grassland","Fertilization","Stock"
"CDR_Biomass_1998-2021_gm2_processed.csv","2000","Camb Nenrich M","6","324.9872","CDR","Grassland","Fertilization","Stock"
"CDR_Biomass_1998-2021_gm2_processed.csv","2000","Camb Nenrich S","6","286.894","CDR","Grassland","Fertilization","Stock"
"CDR_Biomass_1998-2021_gm2_processed.csv","2001","Cenrich Namb M","1","243.584583333333","CDR","Grassland","Fertilization","Stock"
"CDR_Biomass_1998-2021_gm2_processed.csv","2001","Cenrich Namb S","1","275.56","CDR","Grassland","Fertilization","Stock"
"CDR_Biomass_1998-2021_gm2_processed.csv","2001","Cenrich Nenrich M","1","369.5616","CDR","Grassland","Fertilization","Stock"
"CDR_Biomass_1998-2021_gm2_processed.csv","2001","Cenrich Nenrich S","1","208.462","CDR","Grassland","Fertilization","Stock"
"CDR_Biomass_1998-2021_gm2_processed.csv","2001","Camb Namb M","2","262.2075","CDR","Grassland","Fertilization","Stock"
"CDR_Biomass_1998-2021_gm2_processed.csv","2001","Camb Namb S","2","139.4","CDR","Grassland","Fertilization","Stock"
"CDR_Biomass_1998-2021_gm2_processed.csv","2001","Camb Nenrich M","2","351.1548","CDR","Grassland","Fertilization","Stock"
"CDR_Biomass_1998-2021_gm2_processed.csv","2001","Camb Nenrich S","2","353.145","CDR","Grassland","Fertilization","Stock"
"CDR_Biomass_1998-2021_gm2_processed.csv","2001","Cenrich Namb M","3","242.1","CDR","Grassland","Fertilization","Stock"
"CDR_Biomass_1998-2021_gm2_processed.csv","2001","Cenrich Namb S","3","210.9","CDR","Grassland","Fertilization","Stock"
"CDR_Biomass_1998-2021_gm2_processed.csv","2001","Cenrich Nenrich M","3","382.453076923077","CDR","Grassland","Fertilization","Stock"
"CDR_Biomass_1998-2021_gm2_processed.csv","2001","Cenrich Nenrich S","3","360.162","CDR","Grassland","Fertilization","Stock"
"CDR_Biomass_1998-2021_gm2_processed.csv","2001","Camb Namb M","4","260.7672","CDR","Grassland","Fertilization","Stock"
"CDR_Biomass_1998-2021_gm2_processed.csv","2001","Camb Namb S","4","220.066666666667","CDR","Grassland","Fertilization","Stock"
"CDR_Biomass_1998-2021_gm2_processed.csv","2001","Camb Nenrich M","4","281.258","CDR","Grassland","Fertilization","Stock"
"CDR_Biomass_1998-2021_gm2_processed.csv","2001","Camb Nenrich S","4","355.724","CDR","Grassland","Fertilization","Stock"
"CDR_Biomass_1998-2021_gm2_processed.csv","2001","Cenrich Namb M","5","304.923461538462","CDR","Grassland","Fertilization","Stock"
"CDR_Biomass_1998-2021_gm2_processed.csv","2001","Cenrich Namb S","5","198.2","CDR","Grassland","Fertilization","Stock"
"CDR_Biomass_1998-2021_gm2_processed.csv","2001","Cenrich Nenrich M","5","356.7316","CDR","Grassland","Fertilization","Stock"
"CDR_Biomass_1998-2021_gm2_processed.csv","2001","Cenrich Nenrich S","5","288.744","CDR","Grassland","Fertilization","Stock"
"CDR_Biomass_1998-2021_gm2_processed.csv","2001","Camb Namb M","6","236.8756","CDR","Grassland","Fertilization","Stock"
"CDR_Biomass_1998-2021_gm2_processed.csv","2001","Camb Namb S","6","173.65","CDR","Grassland","Fertilization","Stock"
"CDR_Biomass_1998-2021_gm2_processed.csv","2001","Camb Nenrich M","6","308.5524","CDR","Grassland","Fertilization","Stock"
"CDR_Biomass_1998-2021_gm2_processed.csv","2001","Camb Nenrich S","6","304.666","CDR","Grassland","Fertilization","Stock"
"CDR_Biomass_1998-2021_gm2_processed.csv","2002","Cenrich Namb M","1","376.222083333333","CDR","Grassland","Fertilization","Stock"
"CDR_Biomass_1998-2021_gm2_processed.csv","2002","Cenrich Namb S","1","497.832","CDR","Grassland","Fertilization","Stock"
"CDR_Biomass_1998-2021_gm2_processed.csv","2002","Cenrich Nenrich M","1","473.328846153846","CDR","Grassland","Fertilization","Stock"
"CDR_Biomass_1998-2021_gm2_processed.csv","2002","Cenrich Nenrich S","1","372.76","CDR","Grassland","Fertilization","Stock"
"CDR_Biomass_1998-2021_gm2_processed.csv","2002","Camb Namb M","2","259.946666666667","CDR","Grassland","Fertilization","Stock"
"CDR_Biomass_1998-2021_gm2_processed.csv","2002","Camb Namb S","2","240.9","CDR","Grassland","Fertilization","Stock"
"CDR_Biomass_1998-2021_gm2_processed.csv","2002","Camb Nenrich M","2","319.8716","CDR","Grassland","Fertilization","Stock"
"CDR_Biomass_1998-2021_gm2_processed.csv","2002","Camb Nenrich S","2","396.153333333333","CDR","Grassland","Fertilization","Stock"
"CDR_Biomass_1998-2021_gm2_processed.csv","2002","Cenrich Namb M","3","316.0552","CDR","Grassland","Fertilization","Stock"
"CDR_Biomass_1998-2021_gm2_processed.csv","2002","Cenrich Namb S","3","227.022","CDR","Grassland","Fertilization","Stock"
"CDR_Biomass_1998-2021_gm2_processed.csv","2002","Cenrich Nenrich M","3","467.5996","CDR","Grassland","Fertilization","Stock"
"CDR_Biomass_1998-2021_gm2_processed.csv","2002","Cenrich Nenrich S","3","375.56","CDR","Grassland","Fertilization","Stock"
"CDR_Biomass_1998-2021_gm2_processed.csv","2002","Camb Namb M","4","279.4564","CDR","Grassland","Fertilization","Stock"
"CDR_Biomass_1998-2021_gm2_processed.csv","2002","Camb Namb S","4","133.406666666667","CDR","Grassland","Fertilization","Stock"
"CDR_Biomass_1998-2021_gm2_processed.csv","2002","Camb Nenrich M","4","335.4084","CDR","Grassland","Fertilization","Stock"
"CDR_Biomass_1998-2021_gm2_processed.csv","2002","Camb Nenrich S","4","306.046","CDR","Grassland","Fertilization","Stock"
"CDR_Biomass_1998-2021_gm2_processed.csv","2002","Cenrich Namb M","5","316.2204","CDR","Grassland","Fertilization","Stock"
"CDR_Biomass_1998-2021_gm2_processed.csv","2002","Cenrich Namb S","5","302.118","CDR","Grassland","Fertilization","Stock"
"CDR_Biomass_1998-2021_gm2_processed.csv","2002","Cenrich Nenrich M","5","368.5972","CDR","Grassland","Fertilization","Stock"
"CDR_Biomass_1998-2021_gm2_processed.csv","2002","Cenrich Nenrich S","5","455.9","CDR","Grassland","Fertilization","Stock"
"CDR_Biomass_1998-2021_gm2_processed.csv","2002","Camb Namb M","6","302.475","CDR","Grassland","Fertilization","Stock"
"CDR_Biomass_1998-2021_gm2_processed.csv","2002","Camb Namb S","6","268.151666666667","CDR","Grassland","Fertilization","Stock"
"CDR_Biomass_1998-2021_gm2_processed.csv","2002","Camb Nenrich M","6","382.8532","CDR","Grassland","Fertilization","Stock"
"CDR_Biomass_1998-2021_gm2_processed.csv","2002","Camb Nenrich S","6","463.8","CDR","Grassland","Fertilization","Stock"
"CDR_Biomass_1998-2021_gm2_processed.csv","2003","Cenrich Namb M","1","325.26375","CDR","Grassland","Fertilization","Stock"
"CDR_Biomass_1998-2021_gm2_processed.csv","2003","Cenrich Namb S","1","253.24","CDR","Grassland","Fertilization","Stock"
"CDR_Biomass_1998-2021_gm2_processed.csv","2003","Cenrich Nenrich M","1","300.99","CDR","Grassland","Fertilization","Stock"
"CDR_Biomass_1998-2021_gm2_processed.csv","2003","Cenrich Nenrich S","1","525.95","CDR","Grassland","Fertilization","Stock"
"CDR_Biomass_1998-2021_gm2_processed.csv","2003","Camb Namb M","2","257.764166666667","CDR","Grassland","Fertilization","Stock"
"CDR_Biomass_1998-2021_gm2_processed.csv","2003","Camb Namb S","2","301.584","CDR","Grassland","Fertilization","Stock"
"CDR_Biomass_1998-2021_gm2_processed.csv","2003","Camb Nenrich M","2","292.2312","CDR","Grassland","Fertilization","Stock"
"CDR_Biomass_1998-2021_gm2_processed.csv","2003","Camb Nenrich S","2","312.146666666667","CDR","Grassland","Fertilization","Stock"
"CDR_Biomass_1998-2021_gm2_processed.csv","2003","Cenrich Namb M","3","315.386","CDR","Grassland","Fertilization","Stock"
"CDR_Biomass_1998-2021_gm2_processed.csv","2003","Cenrich Namb S","3","283.26","CDR","Grassland","Fertilization","Stock"
"CDR_Biomass_1998-2021_gm2_processed.csv","2003","Cenrich Nenrich M","3","469.6736","CDR","Grassland","Fertilization","Stock"
"CDR_Biomass_1998-2021_gm2_processed.csv","2003","Cenrich Nenrich S","3","443.318","CDR","Grassland","Fertilization","Stock"
"CDR_Biomass_1998-2021_gm2_processed.csv","2003","Camb Namb M","4","272.54","CDR","Grassland","Fertilization","Stock"
"CDR_Biomass_1998-2021_gm2_processed.csv","2003","Camb Namb S","4","311.231666666667","CDR","Grassland","Fertilization","Stock"
"CDR_Biomass_1998-2021_gm2_processed.csv","2003","Camb Nenrich M","4","268.583333333333","CDR","Grassland","Fertilization","Stock"
"CDR_Biomass_1998-2021_gm2_processed.csv","2003","Camb Nenrich S","4","426.66","CDR","Grassland","Fertilization","Stock"
"CDR_Biomass_1998-2021_gm2_processed.csv","2003","Cenrich Namb M","5","317.4316","CDR","Grassland","Fertilization","Stock"
"CDR_Biomass_1998-2021_gm2_processed.csv","2003","Cenrich Namb S","5","213.89","CDR","Grassland","Fertilization","Stock"
"CDR_Biomass_1998-2021_gm2_processed.csv","2003","Cenrich Nenrich M","5","384.442173913043","CDR","Grassland","Fertilization","Stock"
"CDR_Biomass_1998-2021_gm2_processed.csv","2003","Cenrich Nenrich S","5","731.274","CDR","Grassland","Fertilization","Stock"
"CDR_Biomass_1998-2021_gm2_processed.csv","2003","Camb Namb M","6","276.8024","CDR","Grassland","Fertilization","Stock"
"CDR_Biomass_1998-2021_gm2_processed.csv","2003","Camb Namb S","6","232.62","CDR","Grassland","Fertilization","Stock"
"CDR_Biomass_1998-2021_gm2_processed.csv","2003","Camb Nenrich M","6","351.43625","CDR","Grassland","Fertilization","Stock"
"CDR_Biomass_1998-2021_gm2_processed.csv","2003","Camb Nenrich S","6","314.04","CDR","Grassland","Fertilization","Stock"
"CDR_Biomass_1998-2021_gm2_processed.csv","2004","Cenrich Namb M","1","249.255833333333","CDR","Grassland","Fertilization","Stock"
"CDR_Biomass_1998-2021_gm2_processed.csv","2004","Cenrich Namb S","1","484.96","CDR","Grassland","Fertilization","Stock"
"CDR_Biomass_1998-2021_gm2_processed.csv","2004","Cenrich Nenrich M","1","385.8856","CDR","Grassland","Fertilization","Stock"
"CDR_Biomass_1998-2021_gm2_processed.csv","2004","Cenrich Nenrich S","1","458.474","CDR","Grassland","Fertilization","Stock"
"CDR_Biomass_1998-2021_gm2_processed.csv","2004","Camb Namb M","2","239.662083333333","CDR","Grassland","Fertilization","Stock"
"CDR_Biomass_1998-2021_gm2_processed.csv","2004","Camb Namb S","2","297.92","CDR","Grassland","Fertilization","Stock"
"CDR_Biomass_1998-2021_gm2_processed.csv","2004","Camb Nenrich M","2","284.5396","CDR","Grassland","Fertilization","Stock"
"CDR_Biomass_1998-2021_gm2_processed.csv","2004","Camb Nenrich S","2","215.754","CDR","Grassland","Fertilization","Stock"
"CDR_Biomass_1998-2021_gm2_processed.csv","2004","Cenrich Namb M","3","304.127692307692","CDR","Grassland","Fertilization","Stock"
"CDR_Biomass_1998-2021_gm2_processed.csv","2004","Cenrich Namb S","3","347.68","CDR","Grassland","Fertilization","Stock"
"CDR_Biomass_1998-2021_gm2_processed.csv","2004","Cenrich Nenrich M","3","359.0692","CDR","Grassland","Fertilization","Stock"
"CDR_Biomass_1998-2021_gm2_processed.csv","2004","Cenrich Nenrich S","3","361.62","CDR","Grassland","Fertilization","Stock"
"CDR_Biomass_1998-2021_gm2_processed.csv","2004","Camb Namb M","4","249.719166666667","CDR","Grassland","Fertilization","Stock"
"CDR_Biomass_1998-2021_gm2_processed.csv","2004","Camb Namb S","4","290.303333333333","CDR","Grassland","Fertilization","Stock"
"CDR_Biomass_1998-2021_gm2_processed.csv","2004","Camb Nenrich M","4","257.364166666667","CDR","Grassland","Fertilization","Stock"
"CDR_Biomass_1998-2021_gm2_processed.csv","2004","Camb Nenrich S","4","386.538","CDR","Grassland","Fertilization","Stock"
"CDR_Biomass_1998-2021_gm2_processed.csv","2004","Cenrich Namb M","5","302.542083333333","CDR","Grassland","Fertilization","Stock"
"CDR_Biomass_1998-2021_gm2_processed.csv","2004","Cenrich Namb S","5","417.606","CDR","Grassland","Fertilization","Stock"
"CDR_Biomass_1998-2021_gm2_processed.csv","2004","Cenrich Nenrich M","5","316.485416666667","CDR","Grassland","Fertilization","Stock"
"CDR_Biomass_1998-2021_gm2_processed.csv","2004","Cenrich Nenrich S","5","336","CDR","Grassland","Fertilization","Stock"
"CDR_Biomass_1998-2021_gm2_processed.csv","2004","Camb Namb M","6","201.018846153846","CDR","Grassland","Fertilization","Stock"
"CDR_Biomass_1998-2021_gm2_processed.csv","2004","Camb Namb S","6","293.55","CDR","Grassland","Fertilization","Stock"
"CDR_Biomass_1998-2021_gm2_processed.csv","2004","Camb Nenrich M","6","282.30125","CDR","Grassland","Fertilization","Stock"
"CDR_Biomass_1998-2021_gm2_processed.csv","2004","Camb Nenrich S","6","280.05","CDR","Grassland","Fertilization","Stock"
"CDR_Biomass_1998-2021_gm2_processed.csv","2005","Cenrich Namb M","1","425.147083333333","CDR","Grassland","Fertilization","Stock"
"CDR_Biomass_1998-2021_gm2_processed.csv","2005","Cenrich Namb S","1","417.68","CDR","Grassland","Fertilization","Stock"
"CDR_Biomass_1998-2021_gm2_processed.csv","2005","Cenrich Nenrich M","1","518.072","CDR","Grassland","Fertilization","Stock"
"CDR_Biomass_1998-2021_gm2_processed.csv","2005","Cenrich Nenrich S","1","483.04","CDR","Grassland","Fertilization","Stock"
"CDR_Biomass_1998-2021_gm2_processed.csv","2005","Camb Namb M","2","313.577391304348","CDR","Grassland","Fertilization","Stock"
"CDR_Biomass_1998-2021_gm2_processed.csv","2005","Camb Namb S","2","198.58","CDR","Grassland","Fertilization","Stock"
"CDR_Biomass_1998-2021_gm2_processed.csv","2005","Camb Nenrich M","2","379.056","CDR","Grassland","Fertilization","Stock"
"CDR_Biomass_1998-2021_gm2_processed.csv","2005","Camb Nenrich S","2","310.166666666667","CDR","Grassland","Fertilization","Stock"
"CDR_Biomass_1998-2021_gm2_processed.csv","2005","Cenrich Namb M","3","444.894583333333","CDR","Grassland","Fertilization","Stock"
"CDR_Biomass_1998-2021_gm2_processed.csv","2005","Cenrich Namb S","3","378.44","CDR","Grassland","Fertilization","Stock"
"CDR_Biomass_1998-2021_gm2_processed.csv","2005","Cenrich Nenrich M","3","488.148","CDR","Grassland","Fertilization","Stock"
"CDR_Biomass_1998-2021_gm2_processed.csv","2005","Cenrich Nenrich S","3","369.56","CDR","Grassland","Fertilization","Stock"
"CDR_Biomass_1998-2021_gm2_processed.csv","2005","Camb Namb M","4","404.84","CDR","Grassland","Fertilization","Stock"
"CDR_Biomass_1998-2021_gm2_processed.csv","2005","Camb Namb S","4","294.6","CDR","Grassland","Fertilization","Stock"
"CDR_Biomass_1998-2021_gm2_processed.csv","2005","Camb Nenrich M","4","354.15652173913","CDR","Grassland","Fertilization","Stock"
"CDR_Biomass_1998-2021_gm2_processed.csv","2005","Camb Nenrich S","4","406.78","CDR","Grassland","Fertilization","Stock"
"CDR_Biomass_1998-2021_gm2_processed.csv","2005","Cenrich Namb M","5","378.916","CDR","Grassland","Fertilization","Stock"
"CDR_Biomass_1998-2021_gm2_processed.csv","2005","Cenrich Namb S","5","532.04","CDR","Grassland","Fertilization","Stock"
"CDR_Biomass_1998-2021_gm2_processed.csv","2005","Cenrich Nenrich M","5","410.525","CDR","Grassland","Fertilization","Stock"
"CDR_Biomass_1998-2021_gm2_processed.csv","2005","Cenrich Nenrich S","5","373.48","CDR","Grassland","Fertilization","Stock"
"CDR_Biomass_1998-2021_gm2_processed.csv","2005","Camb Namb M","6","375.9456","CDR","Grassland","Fertilization","Stock"
"CDR_Biomass_1998-2021_gm2_processed.csv","2005","Camb Namb S","6","345.018333333333","CDR","Grassland","Fertilization","Stock"
"CDR_Biomass_1998-2021_gm2_processed.csv","2005","Camb Nenrich M","6","417.145833333333","CDR","Grassland","Fertilization","Stock"
"CDR_Biomass_1998-2021_gm2_processed.csv","2005","Camb Nenrich S","6","532","CDR","Grassland","Fertilization","Stock"
"CDR_Biomass_1998-2021_gm2_processed.csv","2006","Cenrich Namb M","1","285.074347826087","CDR","Grassland","Fertilization","Stock"
"CDR_Biomass_1998-2021_gm2_processed.csv","2006","Cenrich Namb S","1","339.24","CDR","Grassland","Fertilization","Stock"
"CDR_Biomass_1998-2021_gm2_processed.csv","2006","Cenrich Nenrich M","1","283.264230769231","CDR","Grassland","Fertilization","Stock"
"CDR_Biomass_1998-2021_gm2_processed.csv","2006","Cenrich Nenrich S","1","440.76","CDR","Grassland","Fertilization","Stock"
"CDR_Biomass_1998-2021_gm2_processed.csv","2006","Camb Namb M","2","227.511304347826","CDR","Grassland","Fertilization","Stock"
"CDR_Biomass_1998-2021_gm2_processed.csv","2006","Camb Namb S","2","194.48","CDR","Grassland","Fertilization","Stock"
"CDR_Biomass_1998-2021_gm2_processed.csv","2006","Camb Nenrich M","2","247.704","CDR","Grassland","Fertilization","Stock"
"CDR_Biomass_1998-2021_gm2_processed.csv","2006","Camb Nenrich S","2","335.95","CDR","Grassland","Fertilization","Stock"
"CDR_Biomass_1998-2021_gm2_processed.csv","2006","Cenrich Namb M","3","276.636","CDR","Grassland","Fertilization","Stock"
"CDR_Biomass_1998-2021_gm2_processed.csv","2006","Cenrich Namb S","3","254.3","CDR","Grassland","Fertilization","Stock"
"CDR_Biomass_1998-2021_gm2_processed.csv","2006","Cenrich Nenrich M","3","353.175","CDR","Grassland","Fertilization","Stock"
"CDR_Biomass_1998-2021_gm2_processed.csv","2006","Cenrich Nenrich S","3","344","CDR","Grassland","Fertilization","Stock"
"CDR_Biomass_1998-2021_gm2_processed.csv","2006","Camb Namb M","4","300.204","CDR","Grassland","Fertilization","Stock"
"CDR_Biomass_1998-2021_gm2_processed.csv","2006","Camb Namb S","4","443.11","CDR","Grassland","Fertilization","Stock"
"CDR_Biomass_1998-2021_gm2_processed.csv","2006","Camb Nenrich M","4","324.613043478261","CDR","Grassland","Fertilization","Stock"
"CDR_Biomass_1998-2021_gm2_processed.csv","2006","Camb Nenrich S","4","334.82","CDR","Grassland","Fertilization","Stock"
"CDR_Biomass_1998-2021_gm2_processed.csv","2006","Cenrich Namb M","5","220.5844","CDR","Grassland","Fertilization","Stock"
"CDR_Biomass_1998-2021_gm2_processed.csv","2006","Cenrich Namb S","5","225.964","CDR","Grassland","Fertilization","Stock"
"CDR_Biomass_1998-2021_gm2_processed.csv","2006","Cenrich Nenrich M","5","309.065652173913","CDR","Grassland","Fertilization","Stock"
"CDR_Biomass_1998-2021_gm2_processed.csv","2006","Cenrich Nenrich S","5","372.98","CDR","Grassland","Fertilization","Stock"
"CDR_Biomass_1998-2021_gm2_processed.csv","2006","Camb Namb M","6","208.2976","CDR","Grassland","Fertilization","Stock"
"CDR_Biomass_1998-2021_gm2_processed.csv","2006","Camb Namb S","6","285.666666666667","CDR","Grassland","Fertilization","Stock"
"CDR_Biomass_1998-2021_gm2_processed.csv","2006","Camb Nenrich M","6","223.031739130435","CDR","Grassland","Fertilization","Stock"
"CDR_Biomass_1998-2021_gm2_processed.csv","2006","Camb Nenrich S","6","207.52","CDR","Grassland","Fertilization","Stock"
"CDR_Biomass_1998-2021_gm2_processed.csv","2007","Cenrich Namb M","1","197.757142857143","CDR","Grassland","Fertilization","Stock"
"CDR_Biomass_1998-2021_gm2_processed.csv","2007","Cenrich Namb M H2Oamb","1","508.15","CDR","Grassland","Fertilization","Stock"
"CDR_Biomass_1998-2021_gm2_processed.csv","2007","Cenrich Namb M H2Oneg","1","496.335","CDR","Grassland","Fertilization","Stock"
"CDR_Biomass_1998-2021_gm2_processed.csv","2007","Cenrich Namb S","1","413","CDR","Grassland","Fertilization","Stock"
"CDR_Biomass_1998-2021_gm2_processed.csv","2007","Cenrich Nenrich M","1","309.927272727273","CDR","Grassland","Fertilization","Stock"
"CDR_Biomass_1998-2021_gm2_processed.csv","2007","Cenrich Nenrich M H2Oamb","1","357.5","CDR","Grassland","Fertilization","Stock"
"CDR_Biomass_1998-2021_gm2_processed.csv","2007","Cenrich Nenrich M H2Oneg","1","434.3","CDR","Grassland","Fertilization","Stock"
"CDR_Biomass_1998-2021_gm2_processed.csv","2007","Cenrich Nenrich S","1","245.32","CDR","Grassland","Fertilization","Stock"
"CDR_Biomass_1998-2021_gm2_processed.csv","2007","Camb Namb M","2","219.9205","CDR","Grassland","Fertilization","Stock"
"CDR_Biomass_1998-2021_gm2_processed.csv","2007","Camb Namb M H2Oamb","2","242.896666666667","CDR","Grassland","Fertilization","Stock"
"CDR_Biomass_1998-2021_gm2_processed.csv","2007","Camb Namb M H2Oneg","2","278.05","CDR","Grassland","Fertilization","Stock"
"CDR_Biomass_1998-2021_gm2_processed.csv","2007","Camb Namb S","2","270.5","CDR","Grassland","Fertilization","Stock"
"CDR_Biomass_1998-2021_gm2_processed.csv","2007","Camb Nenrich M","2","239.534782608696","CDR","Grassland","Fertilization","Stock"
"CDR_Biomass_1998-2021_gm2_processed.csv","2007","Camb Nenrich M H2Oamb","2","591","CDR","Grassland","Fertilization","Stock"
"CDR_Biomass_1998-2021_gm2_processed.csv","2007","Camb Nenrich M H2Oneg","2","324.35","CDR","Grassland","Fertilization","Stock"
"CDR_Biomass_1998-2021_gm2_processed.csv","2007","Camb Nenrich S","2","262.383333333333","CDR","Grassland","Fertilization","Stock"
"CDR_Biomass_1998-2021_gm2_processed.csv","2007","Cenrich Namb M","3","340.076818181818","CDR","Grassland","Fertilization","Stock"
"CDR_Biomass_1998-2021_gm2_processed.csv","2007","Cenrich Namb M H2Oamb","3","629.05","CDR","Grassland","Fertilization","Stock"
"CDR_Biomass_1998-2021_gm2_processed.csv","2007","Cenrich Namb M H2Oneg","3","227.8","CDR","Grassland","Fertilization","Stock"
"CDR_Biomass_1998-2021_gm2_processed.csv","2007","Cenrich Namb S","3","380.68","CDR","Grassland","Fertilization","Stock"
"CDR_Biomass_1998-2021_gm2_processed.csv","2007","Cenrich Nenrich M","3","364.468181818182","CDR","Grassland","Fertilization","Stock"
"CDR_Biomass_1998-2021_gm2_processed.csv","2007","Cenrich Nenrich M H2Oamb","3","279.15","CDR","Grassland","Fertilization","Stock"
"CDR_Biomass_1998-2021_gm2_processed.csv","2007","Cenrich Nenrich M H2Oneg","3","462.32","CDR","Grassland","Fertilization","Stock"
"CDR_Biomass_1998-2021_gm2_processed.csv","2007","Cenrich Nenrich S","3","374.1","CDR","Grassland","Fertilization","Stock"
"CDR_Biomass_1998-2021_gm2_processed.csv","2007","Camb Namb M","4","194.347826086957","CDR","Grassland","Fertilization","Stock"
"CDR_Biomass_1998-2021_gm2_processed.csv","2007","Camb Namb M H2Oamb","4","269.14","CDR","Grassland","Fertilization","Stock"
"CDR_Biomass_1998-2021_gm2_processed.csv","2007","Camb Namb M H2Oneg","4","300.2","CDR","Grassland","Fertilization","Stock"
"CDR_Biomass_1998-2021_gm2_processed.csv","2007","Camb Namb S","4","310.456666666667","CDR","Grassland","Fertilization","Stock"
"CDR_Biomass_1998-2021_gm2_processed.csv","2007","Camb Nenrich M","4","215.9855","CDR","Grassland","Fertilization","Stock"
"CDR_Biomass_1998-2021_gm2_processed.csv","2007","Camb Nenrich M H2Oamb","4","195.623333333333","CDR","Grassland","Fertilization","Stock"
"CDR_Biomass_1998-2021_gm2_processed.csv","2007","Camb Nenrich M H2Oneg","4","147.675","CDR","Grassland","Fertilization","Stock"
"CDR_Biomass_1998-2021_gm2_processed.csv","2007","Camb Nenrich S","4","241.398","CDR","Grassland","Fertilization","Stock"
"CDR_Biomass_1998-2021_gm2_processed.csv","2007","Cenrich Namb M","5","241.245454545455","CDR","Grassland","Fertilization","Stock"
"CDR_Biomass_1998-2021_gm2_processed.csv","2007","Cenrich Namb M H2Oamb","5","345.7","CDR","Grassland","Fertilization","Stock"
"CDR_Biomass_1998-2021_gm2_processed.csv","2007","Cenrich Namb M H2Oneg","5","367.75","CDR","Grassland","Fertilization","Stock"
"CDR_Biomass_1998-2021_gm2_processed.csv","2007","Cenrich Namb S","5","346.74","CDR","Grassland","Fertilization","Stock"
"CDR_Biomass_1998-2021_gm2_processed.csv","2007","Cenrich Nenrich M","5","270.385238095238","CDR","Grassland","Fertilization","Stock"
"CDR_Biomass_1998-2021_gm2_processed.csv","2007","Cenrich Nenrich M H2Oamb","5","488.75","CDR","Grassland","Fertilization","Stock"
"CDR_Biomass_1998-2021_gm2_processed.csv","2007","Cenrich Nenrich M H2Oneg","5","358.45","CDR","Grassland","Fertilization","Stock"
"CDR_Biomass_1998-2021_gm2_processed.csv","2007","Cenrich Nenrich S","5","315.38","CDR","Grassland","Fertilization","Stock"
"CDR_Biomass_1998-2021_gm2_processed.csv","2007","Camb Namb M","6","206.304545454545","CDR","Grassland","Fertilization","Stock"
"CDR_Biomass_1998-2021_gm2_processed.csv","2007","Camb Namb M H2Oamb","6","272.65","CDR","Grassland","Fertilization","Stock"
"CDR_Biomass_1998-2021_gm2_processed.csv","2007","Camb Namb M H2Oneg","6","185.7","CDR","Grassland","Fertilization","Stock"
"CDR_Biomass_1998-2021_gm2_processed.csv","2007","Camb Namb S","6","288.983333333333","CDR","Grassland","Fertilization","Stock"
"CDR_Biomass_1998-2021_gm2_processed.csv","2007","Camb Nenrich M","6","220.745454545455","CDR","Grassland","Fertilization","Stock"
"CDR_Biomass_1998-2021_gm2_processed.csv","2007","Camb Nenrich M H2Oamb","6","215.25","CDR","Grassland","Fertilization","Stock"
"CDR_Biomass_1998-2021_gm2_processed.csv","2007","Camb Nenrich M H2Oneg","6","329.85","CDR","Grassland","Fertilization","Stock"
"CDR_Biomass_1998-2021_gm2_processed.csv","2007","Camb Nenrich S","6","272.76","CDR","Grassland","Fertilization","Stock"
"CDR_Biomass_1998-2021_gm2_processed.csv","2008","Cenrich Namb M","1","222.781904761905","CDR","Grassland","Fertilization","Stock"
"CDR_Biomass_1998-2021_gm2_processed.csv","2008","Cenrich Namb M H2Oamb","1","414.305","CDR","Grassland","Fertilization","Stock"
"CDR_Biomass_1998-2021_gm2_processed.csv","2008","Cenrich Namb M H2Oneg","1","377.9","CDR","Grassland","Fertilization","Stock"
"CDR_Biomass_1998-2021_gm2_processed.csv","2008","Cenrich Namb S","1","303.94","CDR","Grassland","Fertilization","Stock"
"CDR_Biomass_1998-2021_gm2_processed.csv","2008","Cenrich Nenrich M","1","272.362727272727","CDR","Grassland","Fertilization","Stock"
"CDR_Biomass_1998-2021_gm2_processed.csv","2008","Cenrich Nenrich M H2Oamb","1","304.2","CDR","Grassland","Fertilization","Stock"
"CDR_Biomass_1998-2021_gm2_processed.csv","2008","Cenrich Nenrich M H2Oneg","1","328.75","CDR","Grassland","Fertilization","Stock"
"CDR_Biomass_1998-2021_gm2_processed.csv","2008","Cenrich Nenrich S","1","319.3","CDR","Grassland","Fertilization","Stock"
"CDR_Biomass_1998-2021_gm2_processed.csv","2008","Camb Namb M","2","196.8805","CDR","Grassland","Fertilization","Stock"
"CDR_Biomass_1998-2021_gm2_processed.csv","2008","Camb Namb M H2Oamb","2","311.866666666667","CDR","Grassland","Fertilization","Stock"
"CDR_Biomass_1998-2021_gm2_processed.csv","2008","Camb Namb M H2Oneg","2","275.85","CDR","Grassland","Fertilization","Stock"
"CDR_Biomass_1998-2021_gm2_processed.csv","2008","Camb Namb S","2","277.526","CDR","Grassland","Fertilization","Stock"
"CDR_Biomass_1998-2021_gm2_processed.csv","2008","Camb Nenrich M","2","265.234782608696","CDR","Grassland","Fertilization","Stock"
"CDR_Biomass_1998-2021_gm2_processed.csv","2008","Camb Nenrich M H2Oamb","2","521.1","CDR","Grassland","Fertilization","Stock"
"CDR_Biomass_1998-2021_gm2_processed.csv","2008","Camb Nenrich M H2Oneg","2","225.75","CDR","Grassland","Fertilization","Stock"
"CDR_Biomass_1998-2021_gm2_processed.csv","2008","Camb Nenrich S","2","282.12","CDR","Grassland","Fertilization","Stock"
"CDR_Biomass_1998-2021_gm2_processed.csv","2008","Cenrich Namb M","3","245.731863636364","CDR","Grassland","Fertilization","Stock"
"CDR_Biomass_1998-2021_gm2_processed.csv","2008","Cenrich Namb M H2Oamb","3","292.6","CDR","Grassland","Fertilization","Stock"
"CDR_Biomass_1998-2021_gm2_processed.csv","2008","Cenrich Namb M H2Oneg","3","278.65","CDR","Grassland","Fertilization","Stock"
"CDR_Biomass_1998-2021_gm2_processed.csv","2008","Cenrich Namb S","3","335.36","CDR","Grassland","Fertilization","Stock"
"CDR_Biomass_1998-2021_gm2_processed.csv","2008","Cenrich Nenrich M","3","337.753181818182","CDR","Grassland","Fertilization","Stock"
"CDR_Biomass_1998-2021_gm2_processed.csv","2008","Cenrich Nenrich M H2Oamb","3","163","CDR","Grassland","Fertilization","Stock"
"CDR_Biomass_1998-2021_gm2_processed.csv","2008","Cenrich Nenrich M H2Oneg","3","397","CDR","Grassland","Fertilization","Stock"
"CDR_Biomass_1998-2021_gm2_processed.csv","2008","Cenrich Nenrich S","3","242.518","CDR","Grassland","Fertilization","Stock"
"CDR_Biomass_1998-2021_gm2_processed.csv","2008","Camb Namb M","4","226.799130434783","CDR","Grassland","Fertilization","Stock"
"CDR_Biomass_1998-2021_gm2_processed.csv","2008","Camb Namb M H2Oamb","4","297.5","CDR","Grassland","Fertilization","Stock"
"CDR_Biomass_1998-2021_gm2_processed.csv","2008","Camb Namb M H2Oneg","4","317.35","CDR","Grassland","Fertilization","Stock"
"CDR_Biomass_1998-2021_gm2_processed.csv","2008","Camb Namb S","4","221.71","CDR","Grassland","Fertilization","Stock"
"CDR_Biomass_1998-2021_gm2_processed.csv","2008","Camb Nenrich M","4","167.337","CDR","Grassland","Fertilization","Stock"
"CDR_Biomass_1998-2021_gm2_processed.csv","2008","Camb Nenrich M H2Oamb","4","225.896666666667","CDR","Grassland","Fertilization","Stock"
"CDR_Biomass_1998-2021_gm2_processed.csv","2008","Camb Nenrich M H2Oneg","4","194.85","CDR","Grassland","Fertilization","Stock"
"CDR_Biomass_1998-2021_gm2_processed.csv","2008","Camb Nenrich S","4","170.308","CDR","Grassland","Fertilization","Stock"
"CDR_Biomass_1998-2021_gm2_processed.csv","2008","Cenrich Namb M","5","160.475909090909","CDR","Grassland","Fertilization","Stock"
"CDR_Biomass_1998-2021_gm2_processed.csv","2008","Cenrich Namb M H2Oamb","5","271.665","CDR","Grassland","Fertilization","Stock"
"CDR_Biomass_1998-2021_gm2_processed.csv","2008","Cenrich Namb M H2Oneg","5","304.855","CDR","Grassland","Fertilization","Stock"
"CDR_Biomass_1998-2021_gm2_processed.csv","2008","Cenrich Namb S","5","137.184","CDR","Grassland","Fertilization","Stock"
"CDR_Biomass_1998-2021_gm2_processed.csv","2008","Cenrich Nenrich M","5","227.876666666667","CDR","Grassland","Fertilization","Stock"
"CDR_Biomass_1998-2021_gm2_processed.csv","2008","Cenrich Nenrich M H2Oamb","5","292.305","CDR","Grassland","Fertilization","Stock"
"CDR_Biomass_1998-2021_gm2_processed.csv","2008","Cenrich Nenrich M H2Oneg","5","256.3","CDR","Grassland","Fertilization","Stock"
"CDR_Biomass_1998-2021_gm2_processed.csv","2008","Cenrich Nenrich S","5","327.858","CDR","Grassland","Fertilization","Stock"
"CDR_Biomass_1998-2021_gm2_processed.csv","2008","Camb Namb M","6","164.353636363636","CDR","Grassland","Fertilization","Stock"
"CDR_Biomass_1998-2021_gm2_processed.csv","2008","Camb Namb M H2Oamb","6","125.75","CDR","Grassland","Fertilization","Stock"
"CDR_Biomass_1998-2021_gm2_processed.csv","2008","Camb Namb M H2Oneg","6","165.4","CDR","Grassland","Fertilization","Stock"
"CDR_Biomass_1998-2021_gm2_processed.csv","2008","Camb Namb S","6","134.85","CDR","Grassland","Fertilization","Stock"
"CDR_Biomass_1998-2021_gm2_processed.csv","2008","Camb Nenrich M","6","204.155","CDR","Grassland","Fertilization","Stock"
"CDR_Biomass_1998-2021_gm2_processed.csv","2008","Camb Nenrich M H2Oamb","6","227.68","CDR","Grassland","Fertilization","Stock"
"CDR_Biomass_1998-2021_gm2_processed.csv","2008","Camb Nenrich M H2Oneg","6","366.46","CDR","Grassland","Fertilization","Stock"
"CDR_Biomass_1998-2021_gm2_processed.csv","2008","Camb Nenrich S","6","232.64","CDR","Grassland","Fertilization","Stock"
"CDR_Biomass_1998-2021_gm2_processed.csv","2009","Cenrich Namb M","1","201.804761904762","CDR","Grassland","Fertilization","Stock"
"CDR_Biomass_1998-2021_gm2_processed.csv","2009","Cenrich Namb M H2Oamb","1","471","CDR","Grassland","Fertilization","Stock"
"CDR_Biomass_1998-2021_gm2_processed.csv","2009","Cenrich Namb M H2Oneg","1","310.05","CDR","Grassland","Fertilization","Stock"
"CDR_Biomass_1998-2021_gm2_processed.csv","2009","Cenrich Namb S","1","256.56","CDR","Grassland","Fertilization","Stock"
"CDR_Biomass_1998-2021_gm2_processed.csv","2009","Cenrich Nenrich M","1","287.018181818182","CDR","Grassland","Fertilization","Stock"
"CDR_Biomass_1998-2021_gm2_processed.csv","2009","Cenrich Nenrich M H2Oamb","1","303.45","CDR","Grassland","Fertilization","Stock"
"CDR_Biomass_1998-2021_gm2_processed.csv","2009","Cenrich Nenrich M H2Oneg","1","395.5","CDR","Grassland","Fertilization","Stock"
"CDR_Biomass_1998-2021_gm2_processed.csv","2009","Cenrich Nenrich S","1","220.38","CDR","Grassland","Fertilization","Stock"
"CDR_Biomass_1998-2021_gm2_processed.csv","2009","Camb Namb M","2","188.545","CDR","Grassland","Fertilization","Stock"
"CDR_Biomass_1998-2021_gm2_processed.csv","2009","Camb Namb M H2Oamb","2","269","CDR","Grassland","Fertilization","Stock"
"CDR_Biomass_1998-2021_gm2_processed.csv","2009","Camb Namb M H2Oneg","2","219.55","CDR","Grassland","Fertilization","Stock"
"CDR_Biomass_1998-2021_gm2_processed.csv","2009","Camb Namb S","2","283.98","CDR","Grassland","Fertilization","Stock"
"CDR_Biomass_1998-2021_gm2_processed.csv","2009","Camb Nenrich M","2","211.591304347826","CDR","Grassland","Fertilization","Stock"
"CDR_Biomass_1998-2021_gm2_processed.csv","2009","Camb Nenrich M H2Oamb","2","545.2","CDR","Grassland","Fertilization","Stock"
"CDR_Biomass_1998-2021_gm2_processed.csv","2009","Camb Nenrich M H2Oneg","2","210.85","CDR","Grassland","Fertilization","Stock"
"CDR_Biomass_1998-2021_gm2_processed.csv","2009","Camb Nenrich S","2","238.2","CDR","Grassland","Fertilization","Stock"
"CDR_Biomass_1998-2021_gm2_processed.csv","2009","Cenrich Namb M","3","243.940909090909","CDR","Grassland","Fertilization","Stock"
"CDR_Biomass_1998-2021_gm2_processed.csv","2009","Cenrich Namb M H2Oamb","3","471.1","CDR","Grassland","Fertilization","Stock"
"CDR_Biomass_1998-2021_gm2_processed.csv","2009","Cenrich Namb M H2Oneg","3","212.6","CDR","Grassland","Fertilization","Stock"
"CDR_Biomass_1998-2021_gm2_processed.csv","2009","Cenrich Namb S","3","300.842","CDR","Grassland","Fertilization","Stock"
"CDR_Biomass_1998-2021_gm2_processed.csv","2009","Cenrich Nenrich M","3","375.15","CDR","Grassland","Fertilization","Stock"
"CDR_Biomass_1998-2021_gm2_processed.csv","2009","Cenrich Nenrich M H2Oamb","3","146.15","CDR","Grassland","Fertilization","Stock"
"CDR_Biomass_1998-2021_gm2_processed.csv","2009","Cenrich Nenrich M H2Oneg","3","294.45","CDR","Grassland","Fertilization","Stock"
"CDR_Biomass_1998-2021_gm2_processed.csv","2009","Cenrich Nenrich S","3","383.4","CDR","Grassland","Fertilization","Stock"
"CDR_Biomass_1998-2021_gm2_processed.csv","2009","Camb Namb M","4","224.595652173913","CDR","Grassland","Fertilization","Stock"
"CDR_Biomass_1998-2021_gm2_processed.csv","2009","Camb Namb M H2Oamb","4","405.8","CDR","Grassland","Fertilization","Stock"
"CDR_Biomass_1998-2021_gm2_processed.csv","2009","Camb Namb M H2Oneg","4","255.99","CDR","Grassland","Fertilization","Stock"
"CDR_Biomass_1998-2021_gm2_processed.csv","2009","Camb Namb S","4","215.816666666667","CDR","Grassland","Fertilization","Stock"
"CDR_Biomass_1998-2021_gm2_processed.csv","2009","Camb Nenrich M","4","187.655","CDR","Grassland","Fertilization","Stock"
"CDR_Biomass_1998-2021_gm2_processed.csv","2009","Camb Nenrich M H2Oamb","4","294.133333333333","CDR","Grassland","Fertilization","Stock"
"CDR_Biomass_1998-2021_gm2_processed.csv","2009","Camb Nenrich M H2Oneg","4","168.5","CDR","Grassland","Fertilization","Stock"
"CDR_Biomass_1998-2021_gm2_processed.csv","2009","Camb Nenrich S","4","200.08","CDR","Grassland","Fertilization","Stock"
"CDR_Biomass_1998-2021_gm2_processed.csv","2009","Cenrich Namb M","5","185.070454545455","CDR","Grassland","Fertilization","Stock"
"CDR_Biomass_1998-2021_gm2_processed.csv","2009","Cenrich Namb M H2Oamb","5","352.55","CDR","Grassland","Fertilization","Stock"
"CDR_Biomass_1998-2021_gm2_processed.csv","2009","Cenrich Namb M H2Oneg","5","190.06","CDR","Grassland","Fertilization","Stock"
"CDR_Biomass_1998-2021_gm2_processed.csv","2009","Cenrich Namb S","5","153.72","CDR","Grassland","Fertilization","Stock"
"CDR_Biomass_1998-2021_gm2_processed.csv","2009","Cenrich Nenrich M","5","213.26","CDR","Grassland","Fertilization","Stock"
"CDR_Biomass_1998-2021_gm2_processed.csv","2009","Cenrich Nenrich M H2Oamb","5","343.85","CDR","Grassland","Fertilization","Stock"
"CDR_Biomass_1998-2021_gm2_processed.csv","2009","Cenrich Nenrich M H2Oneg","5","256.4","CDR","Grassland","Fertilization","Stock"
"CDR_Biomass_1998-2021_gm2_processed.csv","2009","Cenrich Nenrich S","5","233.366","CDR","Grassland","Fertilization","Stock"
"CDR_Biomass_1998-2021_gm2_processed.csv","2009","Camb Namb M","6","208.216818181818","CDR","Grassland","Fertilization","Stock"
"CDR_Biomass_1998-2021_gm2_processed.csv","2009","Camb Namb M H2Oamb","6","208.95","CDR","Grassland","Fertilization","Stock"
"CDR_Biomass_1998-2021_gm2_processed.csv","2009","Camb Namb M H2Oneg","6","179.985","CDR","Grassland","Fertilization","Stock"
"CDR_Biomass_1998-2021_gm2_processed.csv","2009","Camb Namb S","6","287.883333333333","CDR","Grassland","Fertilization","Stock"
"CDR_Biomass_1998-2021_gm2_processed.csv","2009","Camb Nenrich M","6","238.093181818182","CDR","Grassland","Fertilization","Stock"
"CDR_Biomass_1998-2021_gm2_processed.csv","2009","Camb Nenrich M H2Oamb","6","370.7","CDR","Grassland","Fertilization","Stock"
"CDR_Biomass_1998-2021_gm2_processed.csv","2009","Camb Nenrich M H2Oneg","6","456.04","CDR","Grassland","Fertilization","Stock"
"CDR_Biomass_1998-2021_gm2_processed.csv","2009","Camb Nenrich S","6","320.4","CDR","Grassland","Fertilization","Stock"
"CDR_Biomass_1998-2021_gm2_processed.csv","2010","Cenrich Namb M","1","266.160952380952","CDR","Grassland","Fertilization","Stock"
"CDR_Biomass_1998-2021_gm2_processed.csv","2010","Cenrich Namb M H2Oamb","1","401.395","CDR","Grassland","Fertilization","Stock"
"CDR_Biomass_1998-2021_gm2_processed.csv","2010","Cenrich Namb M H2Oneg","1","538.75","CDR","Grassland","Fertilization","Stock"
"CDR_Biomass_1998-2021_gm2_processed.csv","2010","Cenrich Namb S","1","330.958","CDR","Grassland","Fertilization","Stock"
"CDR_Biomass_1998-2021_gm2_processed.csv","2010","Cenrich Nenrich M","1","334.172272727273","CDR","Grassland","Fertilization","Stock"
"CDR_Biomass_1998-2021_gm2_processed.csv","2010","Cenrich Nenrich M H2Oamb","1","733.635","CDR","Grassland","Fertilization","Stock"
"CDR_Biomass_1998-2021_gm2_processed.csv","2010","Cenrich Nenrich M H2Oneg","1","545.41","CDR","Grassland","Fertilization","Stock"
"CDR_Biomass_1998-2021_gm2_processed.csv","2010","Cenrich Nenrich S","1","525.324","CDR","Grassland","Fertilization","Stock"
"CDR_Biomass_1998-2021_gm2_processed.csv","2010","Camb Namb M","2","331.904","CDR","Grassland","Fertilization","Stock"
"CDR_Biomass_1998-2021_gm2_processed.csv","2010","Camb Namb M H2Oamb","2","331.493333333333","CDR","Grassland","Fertilization","Stock"
"CDR_Biomass_1998-2021_gm2_processed.csv","2010","Camb Namb M H2Oneg","2","262.9","CDR","Grassland","Fertilization","Stock"
"CDR_Biomass_1998-2021_gm2_processed.csv","2010","Camb Namb S","2","242.446","CDR","Grassland","Fertilization","Stock"
"CDR_Biomass_1998-2021_gm2_processed.csv","2010","Camb Nenrich M","2","365.738695652174","CDR","Grassland","Fertilization","Stock"
"CDR_Biomass_1998-2021_gm2_processed.csv","2010","Camb Nenrich M H2Oamb","2","435.81","CDR","Grassland","Fertilization","Stock"
"CDR_Biomass_1998-2021_gm2_processed.csv","2010","Camb Nenrich M H2Oneg","2","320.23","CDR","Grassland","Fertilization","Stock"
"CDR_Biomass_1998-2021_gm2_processed.csv","2010","Camb Nenrich S","2","368.948333333333","CDR","Grassland","Fertilization","Stock"
"CDR_Biomass_1998-2021_gm2_processed.csv","2010","Cenrich Namb M","3","273.720454545455","CDR","Grassland","Fertilization","Stock"
"CDR_Biomass_1998-2021_gm2_processed.csv","2010","Cenrich Namb M H2Oamb","3","653.565","CDR","Grassland","Fertilization","Stock"
"CDR_Biomass_1998-2021_gm2_processed.csv","2010","Cenrich Namb M H2Oneg","3","359.195","CDR","Grassland","Fertilization","Stock"
"CDR_Biomass_1998-2021_gm2_processed.csv","2010","Cenrich Namb S","3","369.146","CDR","Grassland","Fertilization","Stock"
"CDR_Biomass_1998-2021_gm2_processed.csv","2010","Cenrich Nenrich M","3","360.696818181818","CDR","Grassland","Fertilization","Stock"
"CDR_Biomass_1998-2021_gm2_processed.csv","2010","Cenrich Nenrich M H2Oamb","3","249.475","CDR","Grassland","Fertilization","Stock"
"CDR_Biomass_1998-2021_gm2_processed.csv","2010","Cenrich Nenrich M H2Oneg","3","354.97","CDR","Grassland","Fertilization","Stock"
"CDR_Biomass_1998-2021_gm2_processed.csv","2010","Cenrich Nenrich S","3","306.544","CDR","Grassland","Fertilization","Stock"
"CDR_Biomass_1998-2021_gm2_processed.csv","2010","Camb Namb M","4","252.844782608696","CDR","Grassland","Fertilization","Stock"
"CDR_Biomass_1998-2021_gm2_processed.csv","2010","Camb Namb M H2Oamb","4","209.6","CDR","Grassland","Fertilization","Stock"
"CDR_Biomass_1998-2021_gm2_processed.csv","2010","Camb Namb M H2Oneg","4","462.925","CDR","Grassland","Fertilization","Stock"
"CDR_Biomass_1998-2021_gm2_processed.csv","2010","Camb Namb S","4","306.633333333333","CDR","Grassland","Fertilization","Stock"
"CDR_Biomass_1998-2021_gm2_processed.csv","2010","Camb Nenrich M","4","256.766","CDR","Grassland","Fertilization","Stock"
"CDR_Biomass_1998-2021_gm2_processed.csv","2010","Camb Nenrich M H2Oamb","4","353.47","CDR","Grassland","Fertilization","Stock"
"CDR_Biomass_1998-2021_gm2_processed.csv","2010","Camb Nenrich M H2Oneg","4","251.335","CDR","Grassland","Fertilization","Stock"
"CDR_Biomass_1998-2021_gm2_processed.csv","2010","Camb Nenrich S","4","320.604","CDR","Grassland","Fertilization","Stock"
"CDR_Biomass_1998-2021_gm2_processed.csv","2010","Cenrich Namb M","5","189.742727272727","CDR","Grassland","Fertilization","Stock"
"CDR_Biomass_1998-2021_gm2_processed.csv","2010","Cenrich Namb M H2Oamb","5","354.25","CDR","Grassland","Fertilization","Stock"
"CDR_Biomass_1998-2021_gm2_processed.csv","2010","Cenrich Namb M H2Oneg","5","183.2","CDR","Grassland","Fertilization","Stock"
"CDR_Biomass_1998-2021_gm2_processed.csv","2010","Cenrich Namb S","5","208.312","CDR","Grassland","Fertilization","Stock"
"CDR_Biomass_1998-2021_gm2_processed.csv","2010","Cenrich Nenrich M","5","236.864761904762","CDR","Grassland","Fertilization","Stock"
"CDR_Biomass_1998-2021_gm2_processed.csv","2010","Cenrich Nenrich M H2Oamb","5","427.95","CDR","Grassland","Fertilization","Stock"
"CDR_Biomass_1998-2021_gm2_processed.csv","2010","Cenrich Nenrich M H2Oneg","5","328.855","CDR","Grassland","Fertilization","Stock"
"CDR_Biomass_1998-2021_gm2_processed.csv","2010","Cenrich Nenrich S","5","252.208","CDR","Grassland","Fertilization","Stock"
"CDR_Biomass_1998-2021_gm2_processed.csv","2010","Camb Namb M","6","253.040909090909","CDR","Grassland","Fertilization","Stock"
"CDR_Biomass_1998-2021_gm2_processed.csv","2010","Camb Namb M H2Oamb","6","358.2","CDR","Grassland","Fertilization","Stock"
"CDR_Biomass_1998-2021_gm2_processed.csv","2010","Camb Namb M H2Oneg","6","430.86","CDR","Grassland","Fertilization","Stock"
"CDR_Biomass_1998-2021_gm2_processed.csv","2010","Camb Namb S","6","277.083333333333","CDR","Grassland","Fertilization","Stock"
"CDR_Biomass_1998-2021_gm2_processed.csv","2010","Camb Nenrich M","6","335.540909090909","CDR","Grassland","Fertilization","Stock"
"CDR_Biomass_1998-2021_gm2_processed.csv","2010","Camb Nenrich M H2Oamb","6","290.94","CDR","Grassland","Fertilization","Stock"
"CDR_Biomass_1998-2021_gm2_processed.csv","2010","Camb Nenrich M H2Oneg","6","213.7","CDR","Grassland","Fertilization","Stock"
"CDR_Biomass_1998-2021_gm2_processed.csv","2010","Camb Nenrich S","6","232.832","CDR","Grassland","Fertilization","Stock"
"CDR_Biomass_1998-2021_gm2_processed.csv","2011","Cenrich Namb M","1","305.78380952381","CDR","Grassland","Fertilization","Stock"
"CDR_Biomass_1998-2021_gm2_processed.csv","2011","Cenrich Namb M H2Oamb","1","325.9","CDR","Grassland","Fertilization","Stock"
"CDR_Biomass_1998-2021_gm2_processed.csv","2011","Cenrich Namb M H2Oneg","1","461.67","CDR","Grassland","Fertilization","Stock"
"CDR_Biomass_1998-2021_gm2_processed.csv","2011","Cenrich Namb S","1","387.642","CDR","Grassland","Fertilization","Stock"
"CDR_Biomass_1998-2021_gm2_processed.csv","2011","Cenrich Nenrich M","1","292.023636363636","CDR","Grassland","Fertilization","Stock"
"CDR_Biomass_1998-2021_gm2_processed.csv","2011","Cenrich Nenrich M H2Oamb","1","691.85","CDR","Grassland","Fertilization","Stock"
"CDR_Biomass_1998-2021_gm2_processed.csv","2011","Cenrich Nenrich M H2Oneg","1","413.55","CDR","Grassland","Fertilization","Stock"
"CDR_Biomass_1998-2021_gm2_processed.csv","2011","Cenrich Nenrich S","1","616","CDR","Grassland","Fertilization","Stock"
"CDR_Biomass_1998-2021_gm2_processed.csv","2011","Camb Namb M","2","250.577","CDR","Grassland","Fertilization","Stock"
"CDR_Biomass_1998-2021_gm2_processed.csv","2011","Camb Namb M H2Oamb","2","425.766666666667","CDR","Grassland","Fertilization","Stock"
"CDR_Biomass_1998-2021_gm2_processed.csv","2011","Camb Namb M H2Oneg","2","297.45","CDR","Grassland","Fertilization","Stock"
"CDR_Biomass_1998-2021_gm2_processed.csv","2011","Camb Namb S","2","523.08","CDR","Grassland","Fertilization","Stock"
"CDR_Biomass_1998-2021_gm2_processed.csv","2011","Camb Nenrich M","2","391.182608695652","CDR","Grassland","Fertilization","Stock"
"CDR_Biomass_1998-2021_gm2_processed.csv","2011","Camb Nenrich M H2Oamb","2","659.1","CDR","Grassland","Fertilization","Stock"
"CDR_Biomass_1998-2021_gm2_processed.csv","2011","Camb Nenrich M H2Oneg","2","443.95","CDR","Grassland","Fertilization","Stock"
"CDR_Biomass_1998-2021_gm2_processed.csv","2011","Camb Nenrich S","2","447.133333333333","CDR","Grassland","Fertilization","Stock"
"CDR_Biomass_1998-2021_gm2_processed.csv","2011","Cenrich Namb M","3","331.264090909091","CDR","Grassland","Fertilization","Stock"
"CDR_Biomass_1998-2021_gm2_processed.csv","2011","Cenrich Namb M H2Oamb","3","463.695","CDR","Grassland","Fertilization","Stock"
"CDR_Biomass_1998-2021_gm2_processed.csv","2011","Cenrich Namb M H2Oneg","3","344.75","CDR","Grassland","Fertilization","Stock"
"CDR_Biomass_1998-2021_gm2_processed.csv","2011","Cenrich Namb S","3","311.334","CDR","Grassland","Fertilization","Stock"
"CDR_Biomass_1998-2021_gm2_processed.csv","2011","Cenrich Nenrich M","3","540.798636363636","CDR","Grassland","Fertilization","Stock"
"CDR_Biomass_1998-2021_gm2_processed.csv","2011","Cenrich Nenrich M H2Oamb","3","425.7","CDR","Grassland","Fertilization","Stock"
"CDR_Biomass_1998-2021_gm2_processed.csv","2011","Cenrich Nenrich M H2Oneg","3","633.7","CDR","Grassland","Fertilization","Stock"
"CDR_Biomass_1998-2021_gm2_processed.csv","2011","Cenrich Nenrich S","3","523.412","CDR","Grassland","Fertilization","Stock"
"CDR_Biomass_1998-2021_gm2_processed.csv","2011","Camb Namb M","4","300.148260869565","CDR","Grassland","Fertilization","Stock"
"CDR_Biomass_1998-2021_gm2_processed.csv","2011","Camb Namb M H2Oamb","4","503.85","CDR","Grassland","Fertilization","Stock"
"CDR_Biomass_1998-2021_gm2_processed.csv","2011","Camb Namb M H2Oneg","4","522.7","CDR","Grassland","Fertilization","Stock"
"CDR_Biomass_1998-2021_gm2_processed.csv","2011","Camb Namb S","4","340.545","CDR","Grassland","Fertilization","Stock"
"CDR_Biomass_1998-2021_gm2_processed.csv","2011","Camb Nenrich M","4","287.2315","CDR","Grassland","Fertilization","Stock"
"CDR_Biomass_1998-2021_gm2_processed.csv","2011","Camb Nenrich M H2Oamb","4","480.1","CDR","Grassland","Fertilization","Stock"
"CDR_Biomass_1998-2021_gm2_processed.csv","2011","Camb Nenrich M H2Oneg","4","371.755","CDR","Grassland","Fertilization","Stock"
"CDR_Biomass_1998-2021_gm2_processed.csv","2011","Camb Nenrich S","4","371.102","CDR","Grassland","Fertilization","Stock"
"CDR_Biomass_1998-2021_gm2_processed.csv","2011","Cenrich Namb M","5","257.805","CDR","Grassland","Fertilization","Stock"
"CDR_Biomass_1998-2021_gm2_processed.csv","2011","Cenrich Namb M H2Oamb","5","226.9","CDR","Grassland","Fertilization","Stock"
"CDR_Biomass_1998-2021_gm2_processed.csv","2011","Cenrich Namb M H2Oneg","5","274.9","CDR","Grassland","Fertilization","Stock"
"CDR_Biomass_1998-2021_gm2_processed.csv","2011","Cenrich Namb S","5","417.66","CDR","Grassland","Fertilization","Stock"
"CDR_Biomass_1998-2021_gm2_processed.csv","2011","Cenrich Nenrich M","5","308.334285714286","CDR","Grassland","Fertilization","Stock"
"CDR_Biomass_1998-2021_gm2_processed.csv","2011","Cenrich Nenrich M H2Oamb","5","424.9","CDR","Grassland","Fertilization","Stock"
"CDR_Biomass_1998-2021_gm2_processed.csv","2011","Cenrich Nenrich M H2Oneg","5","472.2","CDR","Grassland","Fertilization","Stock"
"CDR_Biomass_1998-2021_gm2_processed.csv","2011","Cenrich Nenrich S","5","655.54","CDR","Grassland","Fertilization","Stock"
"CDR_Biomass_1998-2021_gm2_processed.csv","2011","Camb Namb M","6","235.659545454545","CDR","Grassland","Fertilization","Stock"
"CDR_Biomass_1998-2021_gm2_processed.csv","2011","Camb Namb M H2Oamb","6","293.75","CDR","Grassland","Fertilization","Stock"
"CDR_Biomass_1998-2021_gm2_processed.csv","2011","Camb Namb M H2Oneg","6","339.8","CDR","Grassland","Fertilization","Stock"
"CDR_Biomass_1998-2021_gm2_processed.csv","2011","Camb Namb S","6","266.351666666667","CDR","Grassland","Fertilization","Stock"
"CDR_Biomass_1998-2021_gm2_processed.csv","2011","Camb Nenrich M","6","275.996818181818","CDR","Grassland","Fertilization","Stock"
"CDR_Biomass_1998-2021_gm2_processed.csv","2011","Camb Nenrich M H2Oamb","6","454.15","CDR","Grassland","Fertilization","Stock"
"CDR_Biomass_1998-2021_gm2_processed.csv","2011","Camb Nenrich M H2Oneg","6","373.15","CDR","Grassland","Fertilization","Stock"
"CDR_Biomass_1998-2021_gm2_processed.csv","2011","Camb Nenrich S","6","576.52","CDR","Grassland","Fertilization","Stock"
"CDR_Biomass_1998-2021_gm2_processed.csv","2012","Cenrich Namb M","1","196.079095238095","CDR","Grassland","Fertilization","Stock"
"CDR_Biomass_1998-2021_gm2_processed.csv","2012","Cenrich Namb M H2Oamb HTamb","1","206.6","CDR","Grassland","Fertilization","Stock"
"CDR_Biomass_1998-2021_gm2_processed.csv","2012","Cenrich Namb M H2Oamb HTelv","1","471","CDR","Grassland","Fertilization","Stock"
"CDR_Biomass_1998-2021_gm2_processed.csv","2012","Cenrich Namb M H2Oneg HTamb","1","294.67","CDR","Grassland","Fertilization","Stock"
"CDR_Biomass_1998-2021_gm2_processed.csv","2012","Cenrich Namb M H2Oneg HTelv","1","281","CDR","Grassland","Fertilization","Stock"
"CDR_Biomass_1998-2021_gm2_processed.csv","2012","Cenrich Namb S","1","354.78","CDR","Grassland","Fertilization","Stock"
"CDR_Biomass_1998-2021_gm2_processed.csv","2012","Cenrich Nenrich M","1","291.836363636364","CDR","Grassland","Fertilization","Stock"
"CDR_Biomass_1998-2021_gm2_processed.csv","2012","Cenrich Nenrich M H2Oamb HTamb","1","629.4","CDR","Grassland","Fertilization","Stock"
"CDR_Biomass_1998-2021_gm2_processed.csv","2012","Cenrich Nenrich M H2Oamb HTelv","1","1655.9","CDR","Grassland","Fertilization","Stock"
"CDR_Biomass_1998-2021_gm2_processed.csv","2012","Cenrich Nenrich M H2Oneg HTamb","1","591.81","CDR","Grassland","Fertilization","Stock"
"CDR_Biomass_1998-2021_gm2_processed.csv","2012","Cenrich Nenrich M H2Oneg HTelv","1","648.7","CDR","Grassland","Fertilization","Stock"
"CDR_Biomass_1998-2021_gm2_processed.csv","2012","Cenrich Nenrich S","1","292.66","CDR","Grassland","Fertilization","Stock"
"CDR_Biomass_1998-2021_gm2_processed.csv","2012","Camb Namb M","2","238.53380952381","CDR","Grassland","Fertilization","Stock"
"CDR_Biomass_1998-2021_gm2_processed.csv","2012","Camb Namb M H2Oamb HTamb","2","559.1","CDR","Grassland","Fertilization","Stock"
"CDR_Biomass_1998-2021_gm2_processed.csv","2012","Camb Namb M H2Oamb HTelv","2","482.1","CDR","Grassland","Fertilization","Stock"
"CDR_Biomass_1998-2021_gm2_processed.csv","2012","Camb Namb M H2Oneg HTamb","2","234.9","CDR","Grassland","Fertilization","Stock"
"CDR_Biomass_1998-2021_gm2_processed.csv","2012","Camb Namb M H2Oneg HTelv","2","431.7","CDR","Grassland","Fertilization","Stock"
"CDR_Biomass_1998-2021_gm2_processed.csv","2012","Camb Namb S","2","295.64","CDR","Grassland","Fertilization","Stock"
"CDR_Biomass_1998-2021_gm2_processed.csv","2012","Camb Nenrich M","2","269.793181818182","CDR","Grassland","Fertilization","Stock"
"CDR_Biomass_1998-2021_gm2_processed.csv","2012","Camb Nenrich M H2Oamb HTamb","2","302.2","CDR","Grassland","Fertilization","Stock"
"CDR_Biomass_1998-2021_gm2_processed.csv","2012","Camb Nenrich M H2Oamb HTelv","2","623.3","CDR","Grassland","Fertilization","Stock"
"CDR_Biomass_1998-2021_gm2_processed.csv","2012","Camb Nenrich M H2Oneg HTamb","2","388.3","CDR","Grassland","Fertilization","Stock"
"CDR_Biomass_1998-2021_gm2_processed.csv","2012","Camb Nenrich M H2Oneg HTelv","2","308.7","CDR","Grassland","Fertilization","Stock"
"CDR_Biomass_1998-2021_gm2_processed.csv","2012","Camb Nenrich S","2","364.133333333333","CDR","Grassland","Fertilization","Stock"
"CDR_Biomass_1998-2021_gm2_processed.csv","2012","Cenrich Namb M","3","286.554545454545","CDR","Grassland","Fertilization","Stock"
"CDR_Biomass_1998-2021_gm2_processed.csv","2012","Cenrich Namb M H2Oamb HTamb","3","300.9","CDR","Grassland","Fertilization","Stock"
"CDR_Biomass_1998-2021_gm2_processed.csv","2012","Cenrich Namb M H2Oamb HTelv","3","694","CDR","Grassland","Fertilization","Stock"
"CDR_Biomass_1998-2021_gm2_processed.csv","2012","Cenrich Namb M H2Oneg HTamb","3","279.6","CDR","Grassland","Fertilization","Stock"
"CDR_Biomass_1998-2021_gm2_processed.csv","2012","Cenrich Namb M H2Oneg HTelv","3","391.39","CDR","Grassland","Fertilization","Stock"
"CDR_Biomass_1998-2021_gm2_processed.csv","2012","Cenrich Namb S","3","276.662","CDR","Grassland","Fertilization","Stock"
"CDR_Biomass_1998-2021_gm2_processed.csv","2012","Cenrich Nenrich M","3","369.336363636364","CDR","Grassland","Fertilization","Stock"
"CDR_Biomass_1998-2021_gm2_processed.csv","2012","Cenrich Nenrich M H2Oamb HTamb","3","303.6","CDR","Grassland","Fertilization","Stock"
"CDR_Biomass_1998-2021_gm2_processed.csv","2012","Cenrich Nenrich M H2Oamb HTelv","3","171.9","CDR","Grassland","Fertilization","Stock"
"CDR_Biomass_1998-2021_gm2_processed.csv","2012","Cenrich Nenrich M H2Oneg HTamb","3","356.5","CDR","Grassland","Fertilization","Stock"
"CDR_Biomass_1998-2021_gm2_processed.csv","2012","Cenrich Nenrich M H2Oneg HTelv","3","355.3","CDR","Grassland","Fertilization","Stock"
"CDR_Biomass_1998-2021_gm2_processed.csv","2012","Cenrich Nenrich S","3","417.754","CDR","Grassland","Fertilization","Stock"
"CDR_Biomass_1998-2021_gm2_processed.csv","2012","Camb Namb M","4","227.1185","CDR","Grassland","Fertilization","Stock"
"CDR_Biomass_1998-2021_gm2_processed.csv","2012","Camb Namb M H2Oamb HTamb","4","268.7","CDR","Grassland","Fertilization","Stock"
"CDR_Biomass_1998-2021_gm2_processed.csv","2012","Camb Namb M H2Oamb HTelv","4","286.8","CDR","Grassland","Fertilization","Stock"
"CDR_Biomass_1998-2021_gm2_processed.csv","2012","Camb Namb M H2Oneg HTamb","4","286.8","CDR","Grassland","Fertilization","Stock"
"CDR_Biomass_1998-2021_gm2_processed.csv","2012","Camb Namb M H2Oneg HTelv","4","345.7","CDR","Grassland","Fertilization","Stock"
"CDR_Biomass_1998-2021_gm2_processed.csv","2012","Camb Namb S","4","316.823333333333","CDR","Grassland","Fertilization","Stock"
"CDR_Biomass_1998-2021_gm2_processed.csv","2012","Camb Nenrich M","4","249.609523809524","CDR","Grassland","Fertilization","Stock"
"CDR_Biomass_1998-2021_gm2_processed.csv","2012","Camb Nenrich M H2Oamb HTamb","4","197.8","CDR","Grassland","Fertilization","Stock"
"CDR_Biomass_1998-2021_gm2_processed.csv","2012","Camb Nenrich M H2Oamb HTelv","4","444.5","CDR","Grassland","Fertilization","Stock"
"CDR_Biomass_1998-2021_gm2_processed.csv","2012","Camb Nenrich M H2Oneg HTamb","4","306.7","CDR","Grassland","Fertilization","Stock"
"CDR_Biomass_1998-2021_gm2_processed.csv","2012","Camb Nenrich M H2Oneg HTelv","4","268","CDR","Grassland","Fertilization","Stock"
"CDR_Biomass_1998-2021_gm2_processed.csv","2012","Camb Nenrich S","4","351.74","CDR","Grassland","Fertilization","Stock"
"CDR_Biomass_1998-2021_gm2_processed.csv","2012","Cenrich Namb M","5","214.138181818182","CDR","Grassland","Fertilization","Stock"
"CDR_Biomass_1998-2021_gm2_processed.csv","2012","Cenrich Namb M H2Oamb HTamb","5","221.5","CDR","Grassland","Fertilization","Stock"
"CDR_Biomass_1998-2021_gm2_processed.csv","2012","Cenrich Namb M H2Oamb HTelv","5","486.79","CDR","Grassland","Fertilization","Stock"
"CDR_Biomass_1998-2021_gm2_processed.csv","2012","Cenrich Namb M H2Oneg HTamb","5","761","CDR","Grassland","Fertilization","Stock"
"CDR_Biomass_1998-2021_gm2_processed.csv","2012","Cenrich Namb M H2Oneg HTelv","5","130.66","CDR","Grassland","Fertilization","Stock"
"CDR_Biomass_1998-2021_gm2_processed.csv","2012","Cenrich Namb S","5","306.632","CDR","Grassland","Fertilization","Stock"
"CDR_Biomass_1998-2021_gm2_processed.csv","2012","Cenrich Nenrich M","5","393.867619047619","CDR","Grassland","Fertilization","Stock"
"CDR_Biomass_1998-2021_gm2_processed.csv","2012","Cenrich Nenrich M H2Oamb HTamb","5","815.05","CDR","Grassland","Fertilization","Stock"
"CDR_Biomass_1998-2021_gm2_processed.csv","2012","Cenrich Nenrich M H2Oamb HTelv","5","549.1","CDR","Grassland","Fertilization","Stock"
"CDR_Biomass_1998-2021_gm2_processed.csv","2012","Cenrich Nenrich M H2Oneg HTamb","5","315.5","CDR","Grassland","Fertilization","Stock"
"CDR_Biomass_1998-2021_gm2_processed.csv","2012","Cenrich Nenrich M H2Oneg HTelv","5","351.18","CDR","Grassland","Fertilization","Stock"
"CDR_Biomass_1998-2021_gm2_processed.csv","2012","Cenrich Nenrich S","5","354.546","CDR","Grassland","Fertilization","Stock"
"CDR_Biomass_1998-2021_gm2_processed.csv","2012","Camb Namb M","6","211.263636363636","CDR","Grassland","Fertilization","Stock"
"CDR_Biomass_1998-2021_gm2_processed.csv","2012","Camb Namb M H2Oamb HTamb","6","249.1","CDR","Grassland","Fertilization","Stock"
"CDR_Biomass_1998-2021_gm2_processed.csv","2012","Camb Namb M H2Oamb HTelv","6","351.9","CDR","Grassland","Fertilization","Stock"
"CDR_Biomass_1998-2021_gm2_processed.csv","2012","Camb Namb M H2Oneg HTamb","6","326.3","CDR","Grassland","Fertilization","Stock"
"CDR_Biomass_1998-2021_gm2_processed.csv","2012","Camb Namb M H2Oneg HTelv","6","122","CDR","Grassland","Fertilization","Stock"
"CDR_Biomass_1998-2021_gm2_processed.csv","2012","Camb Namb S","6","132.783333333333","CDR","Grassland","Fertilization","Stock"
"CDR_Biomass_1998-2021_gm2_processed.csv","2012","Camb Nenrich M","6","250.518909090909","CDR","Grassland","Fertilization","Stock"
"CDR_Biomass_1998-2021_gm2_processed.csv","2012","Camb Nenrich M H2Oamb HTamb","6","16","CDR","Grassland","Fertilization","Stock"
"CDR_Biomass_1998-2021_gm2_processed.csv","2012","Camb Nenrich M H2Oamb HTelv","6","458.7","CDR","Grassland","Fertilization","Stock"
"CDR_Biomass_1998-2021_gm2_processed.csv","2012","Camb Nenrich M H2Oneg HTamb","6","304.5","CDR","Grassland","Fertilization","Stock"
"CDR_Biomass_1998-2021_gm2_processed.csv","2012","Camb Nenrich M H2Oneg HTelv","6","544.9","CDR","Grassland","Fertilization","Stock"
"CDR_Biomass_1998-2021_gm2_processed.csv","2012","Camb Nenrich S","6","365.84","CDR","Grassland","Fertilization","Stock"
"CDR_Biomass_1998-2021_gm2_processed.csv","2013","Cenrich Namb M","1","279.305333333333","CDR","Grassland","Fertilization","Stock"
"CDR_Biomass_1998-2021_gm2_processed.csv","2013","Cenrich Namb M H2Oamb HTamb","1","217.15","CDR","Grassland","Fertilization","Stock"
"CDR_Biomass_1998-2021_gm2_processed.csv","2013","Cenrich Namb M H2Oamb HTelv","1","710.9","CDR","Grassland","Fertilization","Stock"
"CDR_Biomass_1998-2021_gm2_processed.csv","2013","Cenrich Namb M H2Oneg HTamb","1","167.45","CDR","Grassland","Fertilization","Stock"
"CDR_Biomass_1998-2021_gm2_processed.csv","2013","Cenrich Namb M H2Oneg HTelv","1","408.3","CDR","Grassland","Fertilization","Stock"
"CDR_Biomass_1998-2021_gm2_processed.csv","2013","Cenrich Namb S","1","290.04","CDR","Grassland","Fertilization","Stock"
"CDR_Biomass_1998-2021_gm2_processed.csv","2013","Cenrich Nenrich M","1","320.853636363636","CDR","Grassland","Fertilization","Stock"
"CDR_Biomass_1998-2021_gm2_processed.csv","2013","Cenrich Nenrich M H2Oamb HTamb","1","658.9","CDR","Grassland","Fertilization","Stock"
"CDR_Biomass_1998-2021_gm2_processed.csv","2013","Cenrich Nenrich M H2Oamb HTelv","1","618.1","CDR","Grassland","Fertilization","Stock"
"CDR_Biomass_1998-2021_gm2_processed.csv","2013","Cenrich Nenrich M H2Oneg HTamb","1","155.8","CDR","Grassland","Fertilization","Stock"
"CDR_Biomass_1998-2021_gm2_processed.csv","2013","Cenrich Nenrich M H2Oneg HTelv","1","918","CDR","Grassland","Fertilization","Stock"
"CDR_Biomass_1998-2021_gm2_processed.csv","2013","Cenrich Nenrich S","1","435.222","CDR","Grassland","Fertilization","Stock"
"CDR_Biomass_1998-2021_gm2_processed.csv","2013","Camb Namb M","2","203.9555","CDR","Grassland","Fertilization","Stock"
"CDR_Biomass_1998-2021_gm2_processed.csv","2013","Camb Namb M H2Oamb HTamb","2","417","CDR","Grassland","Fertilization","Stock"
"CDR_Biomass_1998-2021_gm2_processed.csv","2013","Camb Namb M H2Oamb HTelv","2","417.7","CDR","Grassland","Fertilization","Stock"
"CDR_Biomass_1998-2021_gm2_processed.csv","2013","Camb Namb M H2Oneg HTamb","2","326.51","CDR","Grassland","Fertilization","Stock"
"CDR_Biomass_1998-2021_gm2_processed.csv","2013","Camb Namb M H2Oneg HTelv","2","455.2","CDR","Grassland","Fertilization","Stock"
"CDR_Biomass_1998-2021_gm2_processed.csv","2013","Camb Namb S","2","227.34","CDR","Grassland","Fertilization","Stock"
"CDR_Biomass_1998-2021_gm2_processed.csv","2013","Camb Nenrich M","2","267.788181818182","CDR","Grassland","Fertilization","Stock"
"CDR_Biomass_1998-2021_gm2_processed.csv","2013","Camb Nenrich M H2Oamb HTamb","2","423.81","CDR","Grassland","Fertilization","Stock"
"CDR_Biomass_1998-2021_gm2_processed.csv","2013","Camb Nenrich M H2Oamb HTelv","2","249.4","CDR","Grassland","Fertilization","Stock"
"CDR_Biomass_1998-2021_gm2_processed.csv","2013","Camb Nenrich M H2Oneg HTamb","2","229.4","CDR","Grassland","Fertilization","Stock"
"CDR_Biomass_1998-2021_gm2_processed.csv","2013","Camb Nenrich M H2Oneg HTelv","2","260.4","CDR","Grassland","Fertilization","Stock"
"CDR_Biomass_1998-2021_gm2_processed.csv","2013","Camb Nenrich S","2","276.75","CDR","Grassland","Fertilization","Stock"
"CDR_Biomass_1998-2021_gm2_processed.csv","2013","Cenrich Namb M","3","280.712272727273","CDR","Grassland","Fertilization","Stock"
"CDR_Biomass_1998-2021_gm2_processed.csv","2013","Cenrich Namb M H2Oamb HTamb","3","500.8","CDR","Grassland","Fertilization","Stock"
"CDR_Biomass_1998-2021_gm2_processed.csv","2013","Cenrich Namb M H2Oamb HTelv","3","426.6","CDR","Grassland","Fertilization","Stock"
"CDR_Biomass_1998-2021_gm2_processed.csv","2013","Cenrich Namb M H2Oneg HTamb","3","455.8","CDR","Grassland","Fertilization","Stock"
"CDR_Biomass_1998-2021_gm2_processed.csv","2013","Cenrich Namb M H2Oneg HTelv","3","598.1","CDR","Grassland","Fertilization","Stock"
"CDR_Biomass_1998-2021_gm2_processed.csv","2013","Cenrich Namb S","3","366.9","CDR","Grassland","Fertilization","Stock"
"CDR_Biomass_1998-2021_gm2_processed.csv","2013","Cenrich Nenrich M","3","359.283636363636","CDR","Grassland","Fertilization","Stock"
"CDR_Biomass_1998-2021_gm2_processed.csv","2013","Cenrich Nenrich M H2Oamb HTamb","3","301.3","CDR","Grassland","Fertilization","Stock"
"CDR_Biomass_1998-2021_gm2_processed.csv","2013","Cenrich Nenrich M H2Oamb HTelv","3","819.5","CDR","Grassland","Fertilization","Stock"
"CDR_Biomass_1998-2021_gm2_processed.csv","2013","Cenrich Nenrich M H2Oneg HTamb","3","445.8","CDR","Grassland","Fertilization","Stock"
"CDR_Biomass_1998-2021_gm2_processed.csv","2013","Cenrich Nenrich M H2Oneg HTelv","3","567.2","CDR","Grassland","Fertilization","Stock"
"CDR_Biomass_1998-2021_gm2_processed.csv","2013","Cenrich Nenrich S","3","317.184","CDR","Grassland","Fertilization","Stock"
"CDR_Biomass_1998-2021_gm2_processed.csv","2013","Camb Namb M","4","273.286363636364","CDR","Grassland","Fertilization","Stock"
"CDR_Biomass_1998-2021_gm2_processed.csv","2013","Camb Namb M H2Oamb HTamb","4","503.7","CDR","Grassland","Fertilization","Stock"
"CDR_Biomass_1998-2021_gm2_processed.csv","2013","Camb Namb M H2Oamb HTelv","4","892.3","CDR","Grassland","Fertilization","Stock"
"CDR_Biomass_1998-2021_gm2_processed.csv","2013","Camb Namb M H2Oneg HTamb","4","224.85","CDR","Grassland","Fertilization","Stock"
"CDR_Biomass_1998-2021_gm2_processed.csv","2013","Camb Namb M H2Oneg HTelv","4","412","CDR","Grassland","Fertilization","Stock"
"CDR_Biomass_1998-2021_gm2_processed.csv","2013","Camb Namb S","4","279.326666666667","CDR","Grassland","Fertilization","Stock"
"CDR_Biomass_1998-2021_gm2_processed.csv","2013","Camb Nenrich M","4","251.543157894737","CDR","Grassland","Fertilization","Stock"
"CDR_Biomass_1998-2021_gm2_processed.csv","2013","Camb Nenrich M H2Oamb HTamb","4","233.4","CDR","Grassland","Fertilization","Stock"
"CDR_Biomass_1998-2021_gm2_processed.csv","2013","Camb Nenrich M H2Oamb HTelv","4","255.32","CDR","Grassland","Fertilization","Stock"
"CDR_Biomass_1998-2021_gm2_processed.csv","2013","Camb Nenrich M H2Oneg HTamb","4","284.2","CDR","Grassland","Fertilization","Stock"
"CDR_Biomass_1998-2021_gm2_processed.csv","2013","Camb Nenrich M H2Oneg HTelv","4","255.2","CDR","Grassland","Fertilization","Stock"
"CDR_Biomass_1998-2021_gm2_processed.csv","2013","Camb Nenrich S","4","341.43","CDR","Grassland","Fertilization","Stock"
"CDR_Biomass_1998-2021_gm2_processed.csv","2013","Cenrich Namb M","5","266.07","CDR","Grassland","Fertilization","Stock"
"CDR_Biomass_1998-2021_gm2_processed.csv","2013","Cenrich Namb M H2Oamb HTamb","5","282.1","CDR","Grassland","Fertilization","Stock"
"CDR_Biomass_1998-2021_gm2_processed.csv","2013","Cenrich Namb M H2Oamb HTelv","5","497.705","CDR","Grassland","Fertilization","Stock"
"CDR_Biomass_1998-2021_gm2_processed.csv","2013","Cenrich Namb M H2Oneg HTamb","5","451.1","CDR","Grassland","Fertilization","Stock"
"CDR_Biomass_1998-2021_gm2_processed.csv","2013","Cenrich Namb M H2Oneg HTelv","5","228.9","CDR","Grassland","Fertilization","Stock"
"CDR_Biomass_1998-2021_gm2_processed.csv","2013","Cenrich Namb S","5","209.12","CDR","Grassland","Fertilization","Stock"
"CDR_Biomass_1998-2021_gm2_processed.csv","2013","Cenrich Nenrich M","5","348.844380952381","CDR","Grassland","Fertilization","Stock"
"CDR_Biomass_1998-2021_gm2_processed.csv","2013","Cenrich Nenrich M H2Oamb HTamb","5","255.9","CDR","Grassland","Fertilization","Stock"
"CDR_Biomass_1998-2021_gm2_processed.csv","2013","Cenrich Nenrich M H2Oamb HTelv","5","692.9","CDR","Grassland","Fertilization","Stock"
"CDR_Biomass_1998-2021_gm2_processed.csv","2013","Cenrich Nenrich M H2Oneg HTamb","5","467.7","CDR","Grassland","Fertilization","Stock"
"CDR_Biomass_1998-2021_gm2_processed.csv","2013","Cenrich Nenrich M H2Oneg HTelv","5","746.2","CDR","Grassland","Fertilization","Stock"
"CDR_Biomass_1998-2021_gm2_processed.csv","2013","Cenrich Nenrich S","5","288.24","CDR","Grassland","Fertilization","Stock"
"CDR_Biomass_1998-2021_gm2_processed.csv","2013","Camb Namb M","6","228.513380952381","CDR","Grassland","Fertilization","Stock"
"CDR_Biomass_1998-2021_gm2_processed.csv","2013","Camb Namb M H2Oamb HTamb","6","315","CDR","Grassland","Fertilization","Stock"
"CDR_Biomass_1998-2021_gm2_processed.csv","2013","Camb Namb M H2Oamb HTelv","6","458.9","CDR","Grassland","Fertilization","Stock"
"CDR_Biomass_1998-2021_gm2_processed.csv","2013","Camb Namb M H2Oneg HTamb","6","161.6","CDR","Grassland","Fertilization","Stock"
"CDR_Biomass_1998-2021_gm2_processed.csv","2013","Camb Namb M H2Oneg HTelv","6","562.1","CDR","Grassland","Fertilization","Stock"
"CDR_Biomass_1998-2021_gm2_processed.csv","2013","Camb Namb S","6","250.885","CDR","Grassland","Fertilization","Stock"
"CDR_Biomass_1998-2021_gm2_processed.csv","2013","Camb Nenrich M","6","308.923904761905","CDR","Grassland","Fertilization","Stock"
"CDR_Biomass_1998-2021_gm2_processed.csv","2013","Camb Nenrich M H2Oamb HTamb","6","189.1","CDR","Grassland","Fertilization","Stock"
"CDR_Biomass_1998-2021_gm2_processed.csv","2013","Camb Nenrich M H2Oamb HTelv","6","607.1","CDR","Grassland","Fertilization","Stock"
"CDR_Biomass_1998-2021_gm2_processed.csv","2013","Camb Nenrich M H2Oneg HTamb","6","288.147","CDR","Grassland","Fertilization","Stock"
"CDR_Biomass_1998-2021_gm2_processed.csv","2013","Camb Nenrich M H2Oneg HTelv","6","786.9","CDR","Grassland","Fertilization","Stock"
"CDR_Biomass_1998-2021_gm2_processed.csv","2013","Camb Nenrich S","6","290.4224","CDR","Grassland","Fertilization","Stock"
"CDR_Biomass_1998-2021_gm2_processed.csv","2014","Cenrich Namb M","1","188.995714285714","CDR","Grassland","Fertilization","Stock"
"CDR_Biomass_1998-2021_gm2_processed.csv","2014","Cenrich Namb M H2Oamb HTamb","1","135.8","CDR","Grassland","Fertilization","Stock"
"CDR_Biomass_1998-2021_gm2_processed.csv","2014","Cenrich Namb M H2Oamb HTelv","1","187.2","CDR","Grassland","Fertilization","Stock"
"CDR_Biomass_1998-2021_gm2_processed.csv","2014","Cenrich Namb M H2Oneg HTamb","1","247.7","CDR","Grassland","Fertilization","Stock"
"CDR_Biomass_1998-2021_gm2_processed.csv","2014","Cenrich Namb M H2Oneg HTelv","1","610.9","CDR","Grassland","Fertilization","Stock"
"CDR_Biomass_1998-2021_gm2_processed.csv","2014","Cenrich Namb S","1","246.328","CDR","Grassland","Fertilization","Stock"
"CDR_Biomass_1998-2021_gm2_processed.csv","2014","Cenrich Nenrich M","1","291.302272727273","CDR","Grassland","Fertilization","Stock"
"CDR_Biomass_1998-2021_gm2_processed.csv","2014","Cenrich Nenrich M H2Oamb HTamb","1","253.4","CDR","Grassland","Fertilization","Stock"
"CDR_Biomass_1998-2021_gm2_processed.csv","2014","Cenrich Nenrich M H2Oamb HTelv","1","623.4","CDR","Grassland","Fertilization","Stock"
"CDR_Biomass_1998-2021_gm2_processed.csv","2014","Cenrich Nenrich M H2Oneg HTamb","1","642.2","CDR","Grassland","Fertilization","Stock"
"CDR_Biomass_1998-2021_gm2_processed.csv","2014","Cenrich Nenrich M H2Oneg HTelv","1","408.7","CDR","Grassland","Fertilization","Stock"
"CDR_Biomass_1998-2021_gm2_processed.csv","2014","Cenrich Nenrich S","1","207.804","CDR","Grassland","Fertilization","Stock"
"CDR_Biomass_1998-2021_gm2_processed.csv","2014","Camb Namb M","2","171.3885","CDR","Grassland","Fertilization","Stock"
"CDR_Biomass_1998-2021_gm2_processed.csv","2014","Camb Namb M H2Oamb HTamb","2","510.9","CDR","Grassland","Fertilization","Stock"
"CDR_Biomass_1998-2021_gm2_processed.csv","2014","Camb Namb M H2Oamb HTelv","2","572.9","CDR","Grassland","Fertilization","Stock"
"CDR_Biomass_1998-2021_gm2_processed.csv","2014","Camb Namb M H2Oneg HTamb","2","208.1","CDR","Grassland","Fertilization","Stock"
"CDR_Biomass_1998-2021_gm2_processed.csv","2014","Camb Namb M H2Oneg HTelv","2","487","CDR","Grassland","Fertilization","Stock"
"CDR_Biomass_1998-2021_gm2_processed.csv","2014","Camb Namb S","2","255.346","CDR","Grassland","Fertilization","Stock"
"CDR_Biomass_1998-2021_gm2_processed.csv","2014","Camb Nenrich M","2","284.868636363636","CDR","Grassland","Fertilization","Stock"
"CDR_Biomass_1998-2021_gm2_processed.csv","2014","Camb Nenrich M H2Oamb HTamb","2","191.79","CDR","Grassland","Fertilization","Stock"
"CDR_Biomass_1998-2021_gm2_processed.csv","2014","Camb Nenrich M H2Oamb HTelv","2","591.7","CDR","Grassland","Fertilization","Stock"
"CDR_Biomass_1998-2021_gm2_processed.csv","2014","Camb Nenrich M H2Oneg HTamb","2","273.4","CDR","Grassland","Fertilization","Stock"
"CDR_Biomass_1998-2021_gm2_processed.csv","2014","Camb Nenrich M H2Oneg HTelv","2","198.9","CDR","Grassland","Fertilization","Stock"
"CDR_Biomass_1998-2021_gm2_processed.csv","2014","Camb Nenrich S","2","377.106666666667","CDR","Grassland","Fertilization","Stock"
"CDR_Biomass_1998-2021_gm2_processed.csv","2014","Cenrich Namb M","3","292.567727272727","CDR","Grassland","Fertilization","Stock"
"CDR_Biomass_1998-2021_gm2_processed.csv","2014","Cenrich Namb M H2Oamb HTamb","3","188.3","CDR","Grassland","Fertilization","Stock"
"CDR_Biomass_1998-2021_gm2_processed.csv","2014","Cenrich Namb M H2Oamb HTelv","3","824.1","CDR","Grassland","Fertilization","Stock"
"CDR_Biomass_1998-2021_gm2_processed.csv","2014","Cenrich Namb M H2Oneg HTamb","3","265.63","CDR","Grassland","Fertilization","Stock"
"CDR_Biomass_1998-2021_gm2_processed.csv","2014","Cenrich Namb M H2Oneg HTelv","3","310.9","CDR","Grassland","Fertilization","Stock"
"CDR_Biomass_1998-2021_gm2_processed.csv","2014","Cenrich Namb S","3","338.86","CDR","Grassland","Fertilization","Stock"
"CDR_Biomass_1998-2021_gm2_processed.csv","2014","Cenrich Nenrich M","3","420.836818181818","CDR","Grassland","Fertilization","Stock"
"CDR_Biomass_1998-2021_gm2_processed.csv","2014","Cenrich Nenrich M H2Oamb HTamb","3","178","CDR","Grassland","Fertilization","Stock"
"CDR_Biomass_1998-2021_gm2_processed.csv","2014","Cenrich Nenrich M H2Oamb HTelv","3","223.4","CDR","Grassland","Fertilization","Stock"
"CDR_Biomass_1998-2021_gm2_processed.csv","2014","Cenrich Nenrich M H2Oneg HTamb","3","676.3","CDR","Grassland","Fertilization","Stock"
"CDR_Biomass_1998-2021_gm2_processed.csv","2014","Cenrich Nenrich M H2Oneg HTelv","3","327.7","CDR","Grassland","Fertilization","Stock"
"CDR_Biomass_1998-2021_gm2_processed.csv","2014","Cenrich Nenrich S","3","257.4","CDR","Grassland","Fertilization","Stock"
"CDR_Biomass_1998-2021_gm2_processed.csv","2014","Camb Namb M","4","250.206363636364","CDR","Grassland","Fertilization","Stock"
"CDR_Biomass_1998-2021_gm2_processed.csv","2014","Camb Namb M H2Oamb HTamb","4","284.1","CDR","Grassland","Fertilization","Stock"
"CDR_Biomass_1998-2021_gm2_processed.csv","2014","Camb Namb M H2Oamb HTelv","4","694.5","CDR","Grassland","Fertilization","Stock"
"CDR_Biomass_1998-2021_gm2_processed.csv","2014","Camb Namb M H2Oneg HTamb","4","681.01","CDR","Grassland","Fertilization","Stock"
"CDR_Biomass_1998-2021_gm2_processed.csv","2014","Camb Namb M H2Oneg HTelv","4","337.7","CDR","Grassland","Fertilization","Stock"
"CDR_Biomass_1998-2021_gm2_processed.csv","2014","Camb Namb S","4","241.12","CDR","Grassland","Fertilization","Stock"
"CDR_Biomass_1998-2021_gm2_processed.csv","2014","Camb Nenrich M","4","255.7565","CDR","Grassland","Fertilization","Stock"
"CDR_Biomass_1998-2021_gm2_processed.csv","2014","Camb Nenrich M H2Oamb HTamb","4","379.1","CDR","Grassland","Fertilization","Stock"
"CDR_Biomass_1998-2021_gm2_processed.csv","2014","Camb Nenrich M H2Oamb HTelv","4","622.3","CDR","Grassland","Fertilization","Stock"
"CDR_Biomass_1998-2021_gm2_processed.csv","2014","Camb Nenrich M H2Oneg HTamb","4","144.4","CDR","Grassland","Fertilization","Stock"
"CDR_Biomass_1998-2021_gm2_processed.csv","2014","Camb Nenrich M H2Oneg HTelv","4","303.1","CDR","Grassland","Fertilization","Stock"
"CDR_Biomass_1998-2021_gm2_processed.csv","2014","Camb Nenrich S","4","270.922","CDR","Grassland","Fertilization","Stock"
"CDR_Biomass_1998-2021_gm2_processed.csv","2014","Cenrich Namb M","5","256.535454545455","CDR","Grassland","Fertilization","Stock"
"CDR_Biomass_1998-2021_gm2_processed.csv","2014","Cenrich Namb M H2Oamb HTamb","5","141.9","CDR","Grassland","Fertilization","Stock"
"CDR_Biomass_1998-2021_gm2_processed.csv","2014","Cenrich Namb M H2Oamb HTelv","5","545.3","CDR","Grassland","Fertilization","Stock"
"CDR_Biomass_1998-2021_gm2_processed.csv","2014","Cenrich Namb M H2Oneg HTamb","5","589.7","CDR","Grassland","Fertilization","Stock"
"CDR_Biomass_1998-2021_gm2_processed.csv","2014","Cenrich Namb M H2Oneg HTelv","5","371.9","CDR","Grassland","Fertilization","Stock"
"CDR_Biomass_1998-2021_gm2_processed.csv","2014","Cenrich Namb S","5","273.88","CDR","Grassland","Fertilization","Stock"
"CDR_Biomass_1998-2021_gm2_processed.csv","2014","Cenrich Nenrich M","5","360.546666666667","CDR","Grassland","Fertilization","Stock"
"CDR_Biomass_1998-2021_gm2_processed.csv","2014","Cenrich Nenrich M H2Oamb HTamb","5","318.2","CDR","Grassland","Fertilization","Stock"
"CDR_Biomass_1998-2021_gm2_processed.csv","2014","Cenrich Nenrich M H2Oamb HTelv","5","1213","CDR","Grassland","Fertilization","Stock"
"CDR_Biomass_1998-2021_gm2_processed.csv","2014","Cenrich Nenrich M H2Oneg HTamb","5","147.7","CDR","Grassland","Fertilization","Stock"
"CDR_Biomass_1998-2021_gm2_processed.csv","2014","Cenrich Nenrich M H2Oneg HTelv","5","592.7","CDR","Grassland","Fertilization","Stock"
"CDR_Biomass_1998-2021_gm2_processed.csv","2014","Cenrich Nenrich S","5","471.624","CDR","Grassland","Fertilization","Stock"
"CDR_Biomass_1998-2021_gm2_processed.csv","2014","Camb Namb M","6","200.131363636364","CDR","Grassland","Fertilization","Stock"
"CDR_Biomass_1998-2021_gm2_processed.csv","2014","Camb Namb M H2Oamb HTamb","6","245.9","CDR","Grassland","Fertilization","Stock"
"CDR_Biomass_1998-2021_gm2_processed.csv","2014","Camb Namb M H2Oamb HTelv","6","639.2","CDR","Grassland","Fertilization","Stock"
"CDR_Biomass_1998-2021_gm2_processed.csv","2014","Camb Namb M H2Oneg HTamb","6","194.96","CDR","Grassland","Fertilization","Stock"
"CDR_Biomass_1998-2021_gm2_processed.csv","2014","Camb Namb M H2Oneg HTelv","6","259.1","CDR","Grassland","Fertilization","Stock"
"CDR_Biomass_1998-2021_gm2_processed.csv","2014","Camb Namb S","6","222.825","CDR","Grassland","Fertilization","Stock"
"CDR_Biomass_1998-2021_gm2_processed.csv","2014","Camb Nenrich M","6","291.390772727273","CDR","Grassland","Fertilization","Stock"
"CDR_Biomass_1998-2021_gm2_processed.csv","2014","Camb Nenrich M H2Oamb HTamb","6","85.6","CDR","Grassland","Fertilization","Stock"
"CDR_Biomass_1998-2021_gm2_processed.csv","2014","Camb Nenrich M H2Oamb HTelv","6","968","CDR","Grassland","Fertilization","Stock"
"CDR_Biomass_1998-2021_gm2_processed.csv","2014","Camb Nenrich M H2Oneg HTamb","6","217.2","CDR","Grassland","Fertilization","Stock"
"CDR_Biomass_1998-2021_gm2_processed.csv","2014","Camb Nenrich M H2Oneg HTelv","6","591.6","CDR","Grassland","Fertilization","Stock"
"CDR_Biomass_1998-2021_gm2_processed.csv","2014","Camb Nenrich S","6","522.822","CDR","Grassland","Fertilization","Stock"
"CDR_Biomass_1998-2021_gm2_processed.csv","2015","Cenrich Namb M","1","323.535238095238","CDR","Grassland","Fertilization","Stock"
"CDR_Biomass_1998-2021_gm2_processed.csv","2015","Cenrich Namb M H2Oamb HTamb","1","205.2","CDR","Grassland","Fertilization","Stock"
"CDR_Biomass_1998-2021_gm2_processed.csv","2015","Cenrich Namb M H2Oamb HTelv","1","959.4","CDR","Grassland","Fertilization","Stock"
"CDR_Biomass_1998-2021_gm2_processed.csv","2015","Cenrich Namb M H2Oneg HTamb","1","514.1","CDR","Grassland","Fertilization","Stock"
"CDR_Biomass_1998-2021_gm2_processed.csv","2015","Cenrich Namb M H2Oneg HTelv","1","561","CDR","Grassland","Fertilization","Stock"
"CDR_Biomass_1998-2021_gm2_processed.csv","2015","Cenrich Namb S","1","271.814","CDR","Grassland","Fertilization","Stock"
"CDR_Biomass_1998-2021_gm2_processed.csv","2015","Cenrich Nenrich M","1","324.595454545455","CDR","Grassland","Fertilization","Stock"
"CDR_Biomass_1998-2021_gm2_processed.csv","2015","Cenrich Nenrich M H2Oamb HTamb","1","500.22","CDR","Grassland","Fertilization","Stock"
"CDR_Biomass_1998-2021_gm2_processed.csv","2015","Cenrich Nenrich M H2Oamb HTelv","1","801.5","CDR","Grassland","Fertilization","Stock"
"CDR_Biomass_1998-2021_gm2_processed.csv","2015","Cenrich Nenrich M H2Oneg HTamb","1","294.2","CDR","Grassland","Fertilization","Stock"
"CDR_Biomass_1998-2021_gm2_processed.csv","2015","Cenrich Nenrich M H2Oneg HTelv","1","870.07","CDR","Grassland","Fertilization","Stock"
"CDR_Biomass_1998-2021_gm2_processed.csv","2015","Cenrich Nenrich S","1","364.456","CDR","Grassland","Fertilization","Stock"
"CDR_Biomass_1998-2021_gm2_processed.csv","2015","Camb Namb M","2","311.3895","CDR","Grassland","Fertilization","Stock"
"CDR_Biomass_1998-2021_gm2_processed.csv","2015","Camb Namb M H2Oamb HTamb","2","792.5","CDR","Grassland","Fertilization","Stock"
"CDR_Biomass_1998-2021_gm2_processed.csv","2015","Camb Namb M H2Oamb HTelv","2","602.3","CDR","Grassland","Fertilization","Stock"
"CDR_Biomass_1998-2021_gm2_processed.csv","2015","Camb Namb M H2Oneg HTamb","2","233.7","CDR","Grassland","Fertilization","Stock"
"CDR_Biomass_1998-2021_gm2_processed.csv","2015","Camb Namb M H2Oneg HTelv","2","471.6","CDR","Grassland","Fertilization","Stock"
"CDR_Biomass_1998-2021_gm2_processed.csv","2015","Camb Namb S","2","303.722","CDR","Grassland","Fertilization","Stock"
"CDR_Biomass_1998-2021_gm2_processed.csv","2015","Camb Nenrich M","2","313.714545454545","CDR","Grassland","Fertilization","Stock"
"CDR_Biomass_1998-2021_gm2_processed.csv","2015","Camb Nenrich M H2Oamb HTamb","2","283.5","CDR","Grassland","Fertilization","Stock"
"CDR_Biomass_1998-2021_gm2_processed.csv","2015","Camb Nenrich M H2Oamb HTelv","2","699.3","CDR","Grassland","Fertilization","Stock"
"CDR_Biomass_1998-2021_gm2_processed.csv","2015","Camb Nenrich M H2Oneg HTamb","2","215.49","CDR","Grassland","Fertilization","Stock"
"CDR_Biomass_1998-2021_gm2_processed.csv","2015","Camb Nenrich M H2Oneg HTelv","2","379.7","CDR","Grassland","Fertilization","Stock"
"CDR_Biomass_1998-2021_gm2_processed.csv","2015","Camb Nenrich S","2","354.426666666667","CDR","Grassland","Fertilization","Stock"
"CDR_Biomass_1998-2021_gm2_processed.csv","2015","Cenrich Namb M","3","393.685454545455","CDR","Grassland","Fertilization","Stock"
"CDR_Biomass_1998-2021_gm2_processed.csv","2015","Cenrich Namb M H2Oamb HTamb","3","779.75","CDR","Grassland","Fertilization","Stock"
"CDR_Biomass_1998-2021_gm2_processed.csv","2015","Cenrich Namb M H2Oamb HTelv","3","930.6","CDR","Grassland","Fertilization","Stock"
"CDR_Biomass_1998-2021_gm2_processed.csv","2015","Cenrich Namb M H2Oneg HTamb","3","402.33","CDR","Grassland","Fertilization","Stock"
"CDR_Biomass_1998-2021_gm2_processed.csv","2015","Cenrich Namb M H2Oneg HTelv","3","624.9","CDR","Grassland","Fertilization","Stock"
"CDR_Biomass_1998-2021_gm2_processed.csv","2015","Cenrich Namb S","3","252.002","CDR","Grassland","Fertilization","Stock"
"CDR_Biomass_1998-2021_gm2_processed.csv","2015","Cenrich Nenrich M","3","425.226863636364","CDR","Grassland","Fertilization","Stock"
"CDR_Biomass_1998-2021_gm2_processed.csv","2015","Cenrich Nenrich M H2Oamb HTamb","3","862","CDR","Grassland","Fertilization","Stock"
"CDR_Biomass_1998-2021_gm2_processed.csv","2015","Cenrich Nenrich M H2Oamb HTelv","3","738.33","CDR","Grassland","Fertilization","Stock"
"CDR_Biomass_1998-2021_gm2_processed.csv","2015","Cenrich Nenrich M H2Oneg HTamb","3","513.5","CDR","Grassland","Fertilization","Stock"
"CDR_Biomass_1998-2021_gm2_processed.csv","2015","Cenrich Nenrich M H2Oneg HTelv","3","662.7","CDR","Grassland","Fertilization","Stock"
"CDR_Biomass_1998-2021_gm2_processed.csv","2015","Cenrich Nenrich S","3","591.26","CDR","Grassland","Fertilization","Stock"
"CDR_Biomass_1998-2021_gm2_processed.csv","2015","Camb Namb M","4","258.651363636364","CDR","Grassland","Fertilization","Stock"
"CDR_Biomass_1998-2021_gm2_processed.csv","2015","Camb Namb M H2Oamb HTamb","4","887.03","CDR","Grassland","Fertilization","Stock"
"CDR_Biomass_1998-2021_gm2_processed.csv","2015","Camb Namb M H2Oamb HTelv","4","909.2","CDR","Grassland","Fertilization","Stock"
"CDR_Biomass_1998-2021_gm2_processed.csv","2015","Camb Namb M H2Oneg HTamb","4","503.27","CDR","Grassland","Fertilization","Stock"
"CDR_Biomass_1998-2021_gm2_processed.csv","2015","Camb Namb M H2Oneg HTelv","4","225.55","CDR","Grassland","Fertilization","Stock"
"CDR_Biomass_1998-2021_gm2_processed.csv","2015","Camb Namb S","4","313.79","CDR","Grassland","Fertilization","Stock"
"CDR_Biomass_1998-2021_gm2_processed.csv","2015","Camb Nenrich M","4","402.355","CDR","Grassland","Fertilization","Stock"
"CDR_Biomass_1998-2021_gm2_processed.csv","2015","Camb Nenrich M H2Oamb HTamb","4","351.3","CDR","Grassland","Fertilization","Stock"
"CDR_Biomass_1998-2021_gm2_processed.csv","2015","Camb Nenrich M H2Oamb HTelv","4","452.7","CDR","Grassland","Fertilization","Stock"
"CDR_Biomass_1998-2021_gm2_processed.csv","2015","Camb Nenrich M H2Oneg HTamb","4","222.06","CDR","Grassland","Fertilization","Stock"
"CDR_Biomass_1998-2021_gm2_processed.csv","2015","Camb Nenrich M H2Oneg HTelv","4","251.65","CDR","Grassland","Fertilization","Stock"
"CDR_Biomass_1998-2021_gm2_processed.csv","2015","Camb Nenrich S","4","249.38","CDR","Grassland","Fertilization","Stock"
"CDR_Biomass_1998-2021_gm2_processed.csv","2015","Cenrich Namb M","5","341.011363636364","CDR","Grassland","Fertilization","Stock"
"CDR_Biomass_1998-2021_gm2_processed.csv","2015","Cenrich Namb M H2Oamb HTamb","5","295.7","CDR","Grassland","Fertilization","Stock"
"CDR_Biomass_1998-2021_gm2_processed.csv","2015","Cenrich Namb M H2Oamb HTelv","5","307.2","CDR","Grassland","Fertilization","Stock"
"CDR_Biomass_1998-2021_gm2_processed.csv","2015","Cenrich Namb M H2Oneg HTamb","5","531.1","CDR","Grassland","Fertilization","Stock"
"CDR_Biomass_1998-2021_gm2_processed.csv","2015","Cenrich Namb M H2Oneg HTelv","5","423.9","CDR","Grassland","Fertilization","Stock"
"CDR_Biomass_1998-2021_gm2_processed.csv","2015","Cenrich Namb S","5","288.972","CDR","Grassland","Fertilization","Stock"
"CDR_Biomass_1998-2021_gm2_processed.csv","2015","Cenrich Nenrich M","5","518.387142857143","CDR","Grassland","Fertilization","Stock"
"CDR_Biomass_1998-2021_gm2_processed.csv","2015","Cenrich Nenrich M H2Oamb HTamb","5","158.24","CDR","Grassland","Fertilization","Stock"
"CDR_Biomass_1998-2021_gm2_processed.csv","2015","Cenrich Nenrich M H2Oamb HTelv","5","208.9","CDR","Grassland","Fertilization","Stock"
"CDR_Biomass_1998-2021_gm2_processed.csv","2015","Cenrich Nenrich M H2Oneg HTamb","5","925.4","CDR","Grassland","Fertilization","Stock"
"CDR_Biomass_1998-2021_gm2_processed.csv","2015","Cenrich Nenrich M H2Oneg HTelv","5","695.2","CDR","Grassland","Fertilization","Stock"
"CDR_Biomass_1998-2021_gm2_processed.csv","2015","Cenrich Nenrich S","5","514.5","CDR","Grassland","Fertilization","Stock"
"CDR_Biomass_1998-2021_gm2_processed.csv","2015","Camb Namb M","6","463.087272727273","CDR","Grassland","Fertilization","Stock"
"CDR_Biomass_1998-2021_gm2_processed.csv","2015","Camb Namb M H2Oamb HTamb","6","482.5","CDR","Grassland","Fertilization","Stock"
"CDR_Biomass_1998-2021_gm2_processed.csv","2015","Camb Namb M H2Oamb HTelv","6","248.86","CDR","Grassland","Fertilization","Stock"
"CDR_Biomass_1998-2021_gm2_processed.csv","2015","Camb Namb M H2Oneg HTamb","6","274.4","CDR","Grassland","Fertilization","Stock"
"CDR_Biomass_1998-2021_gm2_processed.csv","2015","Camb Namb M H2Oneg HTelv","6","225.3","CDR","Grassland","Fertilization","Stock"
"CDR_Biomass_1998-2021_gm2_processed.csv","2015","Camb Namb S","6","295.1335","CDR","Grassland","Fertilization","Stock"
"CDR_Biomass_1998-2021_gm2_processed.csv","2015","Camb Nenrich M","6","442.524636363636","CDR","Grassland","Fertilization","Stock"
"CDR_Biomass_1998-2021_gm2_processed.csv","2015","Camb Nenrich M H2Oamb HTamb","6","528.7","CDR","Grassland","Fertilization","Stock"
"CDR_Biomass_1998-2021_gm2_processed.csv","2015","Camb Nenrich M H2Oamb HTelv","6","743.8","CDR","Grassland","Fertilization","Stock"
"CDR_Biomass_1998-2021_gm2_processed.csv","2015","Camb Nenrich M H2Oneg HTamb","6","315.82","CDR","Grassland","Fertilization","Stock"
"CDR_Biomass_1998-2021_gm2_processed.csv","2015","Camb Nenrich M H2Oneg HTelv","6","645","CDR","Grassland","Fertilization","Stock"
"CDR_Biomass_1998-2021_gm2_processed.csv","2015","Camb Nenrich S","6","657.632","CDR","Grassland","Fertilization","Stock"
"CDR_Biomass_1998-2021_gm2_processed.csv","2016","Cenrich Namb M","1","332.245238095238","CDR","Grassland","Fertilization","Stock"
"CDR_Biomass_1998-2021_gm2_processed.csv","2016","Cenrich Namb M H2Oamb HTamb","1","685.1","CDR","Grassland","Fertilization","Stock"
"CDR_Biomass_1998-2021_gm2_processed.csv","2016","Cenrich Namb M H2Oamb HTelv","1","538.26","CDR","Grassland","Fertilization","Stock"
"CDR_Biomass_1998-2021_gm2_processed.csv","2016","Cenrich Namb M H2Oneg HTamb","1","402","CDR","Grassland","Fertilization","Stock"
"CDR_Biomass_1998-2021_gm2_processed.csv","2016","Cenrich Namb M H2Oneg HTelv","1","844.6","CDR","Grassland","Fertilization","Stock"
"CDR_Biomass_1998-2021_gm2_processed.csv","2016","Cenrich Namb S","1","444.054","CDR","Grassland","Fertilization","Stock"
"CDR_Biomass_1998-2021_gm2_processed.csv","2016","Cenrich Nenrich M","1","412.949545454545","CDR","Grassland","Fertilization","Stock"
"CDR_Biomass_1998-2021_gm2_processed.csv","2016","Cenrich Nenrich M H2Oamb HTamb","1","940.65","CDR","Grassland","Fertilization","Stock"
"CDR_Biomass_1998-2021_gm2_processed.csv","2016","Cenrich Nenrich M H2Oamb HTelv","1","339.1","CDR","Grassland","Fertilization","Stock"
"CDR_Biomass_1998-2021_gm2_processed.csv","2016","Cenrich Nenrich M H2Oneg HTamb","1","380.9","CDR","Grassland","Fertilization","Stock"
"CDR_Biomass_1998-2021_gm2_processed.csv","2016","Cenrich Nenrich M H2Oneg HTelv","1","1187.2","CDR","Grassland","Fertilization","Stock"
"CDR_Biomass_1998-2021_gm2_processed.csv","2016","Cenrich Nenrich S","1","364.57","CDR","Grassland","Fertilization","Stock"
"CDR_Biomass_1998-2021_gm2_processed.csv","2016","Camb Namb M","2","349.4725","CDR","Grassland","Fertilization","Stock"
"CDR_Biomass_1998-2021_gm2_processed.csv","2016","Camb Namb M H2Oamb HTamb","2","370.6","CDR","Grassland","Fertilization","Stock"
"CDR_Biomass_1998-2021_gm2_processed.csv","2016","Camb Namb M H2Oamb HTelv","2","414.2","CDR","Grassland","Fertilization","Stock"
"CDR_Biomass_1998-2021_gm2_processed.csv","2016","Camb Namb M H2Oneg HTamb","2","251.5","CDR","Grassland","Fertilization","Stock"
"CDR_Biomass_1998-2021_gm2_processed.csv","2016","Camb Namb M H2Oneg HTelv","2","246.3","CDR","Grassland","Fertilization","Stock"
"CDR_Biomass_1998-2021_gm2_processed.csv","2016","Camb Namb S","2","302.352","CDR","Grassland","Fertilization","Stock"
"CDR_Biomass_1998-2021_gm2_processed.csv","2016","Camb Nenrich M","2","359.986818181818","CDR","Grassland","Fertilization","Stock"
"CDR_Biomass_1998-2021_gm2_processed.csv","2016","Camb Nenrich M H2Oamb HTamb","2","263","CDR","Grassland","Fertilization","Stock"
"CDR_Biomass_1998-2021_gm2_processed.csv","2016","Camb Nenrich M H2Oamb HTelv","2","601.7","CDR","Grassland","Fertilization","Stock"
"CDR_Biomass_1998-2021_gm2_processed.csv","2016","Camb Nenrich M H2Oneg HTamb","2","148.4","CDR","Grassland","Fertilization","Stock"
"CDR_Biomass_1998-2021_gm2_processed.csv","2016","Camb Nenrich M H2Oneg HTelv","2","617.05","CDR","Grassland","Fertilization","Stock"
"CDR_Biomass_1998-2021_gm2_processed.csv","2016","Camb Nenrich S","2","391.928333333333","CDR","Grassland","Fertilization","Stock"
"CDR_Biomass_1998-2021_gm2_processed.csv","2016","Cenrich Namb M","3","477.035","CDR","Grassland","Fertilization","Stock"
"CDR_Biomass_1998-2021_gm2_processed.csv","2016","Cenrich Namb M H2Oamb HTamb","3","370.8","CDR","Grassland","Fertilization","Stock"
"CDR_Biomass_1998-2021_gm2_processed.csv","2016","Cenrich Namb M H2Oamb HTelv","3","1010.4","CDR","Grassland","Fertilization","Stock"
"CDR_Biomass_1998-2021_gm2_processed.csv","2016","Cenrich Namb M H2Oneg HTamb","3","252.9","CDR","Grassland","Fertilization","Stock"
"CDR_Biomass_1998-2021_gm2_processed.csv","2016","Cenrich Namb M H2Oneg HTelv","3","469.4","CDR","Grassland","Fertilization","Stock"
"CDR_Biomass_1998-2021_gm2_processed.csv","2016","Cenrich Namb S","3","302.26","CDR","Grassland","Fertilization","Stock"
"CDR_Biomass_1998-2021_gm2_processed.csv","2016","Cenrich Nenrich M","3","422.745454545455","CDR","Grassland","Fertilization","Stock"
"CDR_Biomass_1998-2021_gm2_processed.csv","2016","Cenrich Nenrich M H2Oamb HTamb","3","722.7","CDR","Grassland","Fertilization","Stock"
"CDR_Biomass_1998-2021_gm2_processed.csv","2016","Cenrich Nenrich M H2Oamb HTelv","3","458.6","CDR","Grassland","Fertilization","Stock"
"CDR_Biomass_1998-2021_gm2_processed.csv","2016","Cenrich Nenrich M H2Oneg HTamb","3","1211.7","CDR","Grassland","Fertilization","Stock"
"CDR_Biomass_1998-2021_gm2_processed.csv","2016","Cenrich Nenrich M H2Oneg HTelv","3","1954.61","CDR","Grassland","Fertilization","Stock"
"CDR_Biomass_1998-2021_gm2_processed.csv","2016","Cenrich Nenrich S","3","475.68","CDR","Grassland","Fertilization","Stock"
"CDR_Biomass_1998-2021_gm2_processed.csv","2016","Camb Namb M","4","248.821363636364","CDR","Grassland","Fertilization","Stock"
"CDR_Biomass_1998-2021_gm2_processed.csv","2016","Camb Namb M H2Oamb HTamb","4","402.2","CDR","Grassland","Fertilization","Stock"
"CDR_Biomass_1998-2021_gm2_processed.csv","2016","Camb Namb M H2Oamb HTelv","4","618.1","CDR","Grassland","Fertilization","Stock"
"CDR_Biomass_1998-2021_gm2_processed.csv","2016","Camb Namb M H2Oneg HTamb","4","332","CDR","Grassland","Fertilization","Stock"
"CDR_Biomass_1998-2021_gm2_processed.csv","2016","Camb Namb M H2Oneg HTelv","4","246.2","CDR","Grassland","Fertilization","Stock"
"CDR_Biomass_1998-2021_gm2_processed.csv","2016","Camb Namb S","4","404.923333333333","CDR","Grassland","Fertilization","Stock"
"CDR_Biomass_1998-2021_gm2_processed.csv","2016","Camb Nenrich M","4","421.3935","CDR","Grassland","Fertilization","Stock"
"CDR_Biomass_1998-2021_gm2_processed.csv","2016","Camb Nenrich M H2Oamb HTamb","4","529.1","CDR","Grassland","Fertilization","Stock"
"CDR_Biomass_1998-2021_gm2_processed.csv","2016","Camb Nenrich M H2Oamb HTelv","4","1192.42","CDR","Grassland","Fertilization","Stock"
"CDR_Biomass_1998-2021_gm2_processed.csv","2016","Camb Nenrich M H2Oneg HTamb","4","1064.4","CDR","Grassland","Fertilization","Stock"
"CDR_Biomass_1998-2021_gm2_processed.csv","2016","Camb Nenrich M H2Oneg HTelv","4","337.5","CDR","Grassland","Fertilization","Stock"
"CDR_Biomass_1998-2021_gm2_processed.csv","2016","Camb Nenrich S","4","581.08","CDR","Grassland","Fertilization","Stock"
"CDR_Biomass_1998-2021_gm2_processed.csv","2016","Cenrich Namb M","5","381.363636363636","CDR","Grassland","Fertilization","Stock"
"CDR_Biomass_1998-2021_gm2_processed.csv","2016","Cenrich Namb M H2Oamb HTamb","5","685.75","CDR","Grassland","Fertilization","Stock"
"CDR_Biomass_1998-2021_gm2_processed.csv","2016","Cenrich Namb M H2Oamb HTelv","5","693.3","CDR","Grassland","Fertilization","Stock"
"CDR_Biomass_1998-2021_gm2_processed.csv","2016","Cenrich Namb M H2Oneg HTamb","5","557.1","CDR","Grassland","Fertilization","Stock"
"CDR_Biomass_1998-2021_gm2_processed.csv","2016","Cenrich Namb M H2Oneg HTelv","5","270.7","CDR","Grassland","Fertilization","Stock"
"CDR_Biomass_1998-2021_gm2_processed.csv","2016","Cenrich Namb S","5","252.16","CDR","Grassland","Fertilization","Stock"
"CDR_Biomass_1998-2021_gm2_processed.csv","2016","Cenrich Nenrich M","5","435.483333333333","CDR","Grassland","Fertilization","Stock"
"CDR_Biomass_1998-2021_gm2_processed.csv","2016","Cenrich Nenrich M H2Oamb HTamb","5","776.4","CDR","Grassland","Fertilization","Stock"
"CDR_Biomass_1998-2021_gm2_processed.csv","2016","Cenrich Nenrich M H2Oamb HTelv","5","711.8","CDR","Grassland","Fertilization","Stock"
"CDR_Biomass_1998-2021_gm2_processed.csv","2016","Cenrich Nenrich M H2Oneg HTamb","5","1301.31","CDR","Grassland","Fertilization","Stock"
"CDR_Biomass_1998-2021_gm2_processed.csv","2016","Cenrich Nenrich M H2Oneg HTelv","5","531","CDR","Grassland","Fertilization","Stock"
"CDR_Biomass_1998-2021_gm2_processed.csv","2016","Cenrich Nenrich S","5","512.198","CDR","Grassland","Fertilization","Stock"
"CDR_Biomass_1998-2021_gm2_processed.csv","2016","Camb Namb M","6","316.107272727273","CDR","Grassland","Fertilization","Stock"
"CDR_Biomass_1998-2021_gm2_processed.csv","2016","Camb Namb M H2Oamb HTamb","6","695.6","CDR","Grassland","Fertilization","Stock"
"CDR_Biomass_1998-2021_gm2_processed.csv","2016","Camb Namb M H2Oamb HTelv","6","699.6","CDR","Grassland","Fertilization","Stock"
"CDR_Biomass_1998-2021_gm2_processed.csv","2016","Camb Namb M H2Oneg HTamb","6","784.6","CDR","Grassland","Fertilization","Stock"
"CDR_Biomass_1998-2021_gm2_processed.csv","2016","Camb Namb M H2Oneg HTelv","6","490.38","CDR","Grassland","Fertilization","Stock"
"CDR_Biomass_1998-2021_gm2_processed.csv","2016","Camb Namb S","6","381.57","CDR","Grassland","Fertilization","Stock"
"CDR_Biomass_1998-2021_gm2_processed.csv","2016","Camb Nenrich M","6","411.332727272727","CDR","Grassland","Fertilization","Stock"
"CDR_Biomass_1998-2021_gm2_processed.csv","2016","Camb Nenrich M H2Oamb HTamb","6","383.8","CDR","Grassland","Fertilization","Stock"
"CDR_Biomass_1998-2021_gm2_processed.csv","2016","Camb Nenrich M H2Oamb HTelv","6","934","CDR","Grassland","Fertilization","Stock"
"CDR_Biomass_1998-2021_gm2_processed.csv","2016","Camb Nenrich M H2Oneg HTamb","6","291.3","CDR","Grassland","Fertilization","Stock"
"CDR_Biomass_1998-2021_gm2_processed.csv","2016","Camb Nenrich M H2Oneg HTelv","6","707.7","CDR","Grassland","Fertilization","Stock"
"CDR_Biomass_1998-2021_gm2_processed.csv","2016","Camb Nenrich S","6","561.34","CDR","Grassland","Fertilization","Stock"
"CDR_Biomass_1998-2021_gm2_processed.csv","2017","Cenrich Namb M","1","207.43619047619","CDR","Grassland","Fertilization","Stock"
"CDR_Biomass_1998-2021_gm2_processed.csv","2017","Cenrich Namb M H2Oamb HTamb","1","1768.52","CDR","Grassland","Fertilization","Stock"
"CDR_Biomass_1998-2021_gm2_processed.csv","2017","Cenrich Namb M H2Oamb HTelv","1","433.41","CDR","Grassland","Fertilization","Stock"
"CDR_Biomass_1998-2021_gm2_processed.csv","2017","Cenrich Namb M H2Oneg HTamb","1","275","CDR","Grassland","Fertilization","Stock"
"CDR_Biomass_1998-2021_gm2_processed.csv","2017","Cenrich Namb M H2Oneg HTelv","1","440.01","CDR","Grassland","Fertilization","Stock"
"CDR_Biomass_1998-2021_gm2_processed.csv","2017","Cenrich Namb S","1","320.212","CDR","Grassland","Fertilization","Stock"
"CDR_Biomass_1998-2021_gm2_processed.csv","2017","Cenrich Nenrich M","1","249.7","CDR","Grassland","Fertilization","Stock"
"CDR_Biomass_1998-2021_gm2_processed.csv","2017","Cenrich Nenrich M H2Oamb HTamb","1","320","CDR","Grassland","Fertilization","Stock"
"CDR_Biomass_1998-2021_gm2_processed.csv","2017","Cenrich Nenrich M H2Oamb HTelv","1","581.1","CDR","Grassland","Fertilization","Stock"
"CDR_Biomass_1998-2021_gm2_processed.csv","2017","Cenrich Nenrich M H2Oneg HTamb","1","386.5","CDR","Grassland","Fertilization","Stock"
"CDR_Biomass_1998-2021_gm2_processed.csv","2017","Cenrich Nenrich M H2Oneg HTelv","1","980.7","CDR","Grassland","Fertilization","Stock"
"CDR_Biomass_1998-2021_gm2_processed.csv","2017","Cenrich Nenrich S","1","153.016","CDR","Grassland","Fertilization","Stock"
"CDR_Biomass_1998-2021_gm2_processed.csv","2017","Camb Namb M","2","202.195","CDR","Grassland","Fertilization","Stock"
"CDR_Biomass_1998-2021_gm2_processed.csv","2017","Camb Namb M H2Oamb HTamb","2","393.3","CDR","Grassland","Fertilization","Stock"
"CDR_Biomass_1998-2021_gm2_processed.csv","2017","Camb Namb M H2Oamb HTelv","2","256.4","CDR","Grassland","Fertilization","Stock"
"CDR_Biomass_1998-2021_gm2_processed.csv","2017","Camb Namb M H2Oneg HTamb","2","286.1","CDR","Grassland","Fertilization","Stock"
"CDR_Biomass_1998-2021_gm2_processed.csv","2017","Camb Namb M H2Oneg HTelv","2","171.9","CDR","Grassland","Fertilization","Stock"
"CDR_Biomass_1998-2021_gm2_processed.csv","2017","Camb Namb S","2","166.24","CDR","Grassland","Fertilization","Stock"
"CDR_Biomass_1998-2021_gm2_processed.csv","2017","Camb Nenrich M","2","223.454545454545","CDR","Grassland","Fertilization","Stock"
"CDR_Biomass_1998-2021_gm2_processed.csv","2017","Camb Nenrich M H2Oamb HTamb","2","208","CDR","Grassland","Fertilization","Stock"
"CDR_Biomass_1998-2021_gm2_processed.csv","2017","Camb Nenrich M H2Oamb HTelv","2","339.7","CDR","Grassland","Fertilization","Stock"
"CDR_Biomass_1998-2021_gm2_processed.csv","2017","Camb Nenrich M H2Oneg HTamb","2","107.5","CDR","Grassland","Fertilization","Stock"
"CDR_Biomass_1998-2021_gm2_processed.csv","2017","Camb Nenrich M H2Oneg HTelv","2","289.7","CDR","Grassland","Fertilization","Stock"
"CDR_Biomass_1998-2021_gm2_processed.csv","2017","Camb Nenrich S","2","158.916666666667","CDR","Grassland","Fertilization","Stock"
"CDR_Biomass_1998-2021_gm2_processed.csv","2017","Cenrich Namb M","3","260.585454545455","CDR","Grassland","Fertilization","Stock"
"CDR_Biomass_1998-2021_gm2_processed.csv","2017","Cenrich Namb M H2Oamb HTamb","3","609","CDR","Grassland","Fertilization","Stock"
"CDR_Biomass_1998-2021_gm2_processed.csv","2017","Cenrich Namb M H2Oamb HTelv","3","1053.5","CDR","Grassland","Fertilization","Stock"
"CDR_Biomass_1998-2021_gm2_processed.csv","2017","Cenrich Namb M H2Oneg HTamb","3","350.1","CDR","Grassland","Fertilization","Stock"
"CDR_Biomass_1998-2021_gm2_processed.csv","2017","Cenrich Namb M H2Oneg HTelv","3","478.5","CDR","Grassland","Fertilization","Stock"
"CDR_Biomass_1998-2021_gm2_processed.csv","2017","Cenrich Namb S","3","145.08","CDR","Grassland","Fertilization","Stock"
"CDR_Biomass_1998-2021_gm2_processed.csv","2017","Cenrich Nenrich M","3","332.040909090909","CDR","Grassland","Fertilization","Stock"
"CDR_Biomass_1998-2021_gm2_processed.csv","2017","Cenrich Nenrich M H2Oamb HTamb","3","380.55","CDR","Grassland","Fertilization","Stock"
"CDR_Biomass_1998-2021_gm2_processed.csv","2017","Cenrich Nenrich M H2Oamb HTelv","3","443.9","CDR","Grassland","Fertilization","Stock"
"CDR_Biomass_1998-2021_gm2_processed.csv","2017","Cenrich Nenrich M H2Oneg HTamb","3","683.2","CDR","Grassland","Fertilization","Stock"
"CDR_Biomass_1998-2021_gm2_processed.csv","2017","Cenrich Nenrich M H2Oneg HTelv","3","213.7","CDR","Grassland","Fertilization","Stock"
"CDR_Biomass_1998-2021_gm2_processed.csv","2017","Cenrich Nenrich S","3","352.36","CDR","Grassland","Fertilization","Stock"
"CDR_Biomass_1998-2021_gm2_processed.csv","2017","Camb Namb M","4","166.837727272727","CDR","Grassland","Fertilization","Stock"
"CDR_Biomass_1998-2021_gm2_processed.csv","2017","Camb Namb M H2Oamb HTamb","4","724.5","CDR","Grassland","Fertilization","Stock"
"CDR_Biomass_1998-2021_gm2_processed.csv","2017","Camb Namb M H2Oamb HTelv","4","632.5","CDR","Grassland","Fertilization","Stock"
"CDR_Biomass_1998-2021_gm2_processed.csv","2017","Camb Namb M H2Oneg HTamb","4","387.4","CDR","Grassland","Fertilization","Stock"
"CDR_Biomass_1998-2021_gm2_processed.csv","2017","Camb Namb M H2Oneg HTelv","4","520.5","CDR","Grassland","Fertilization","Stock"
"CDR_Biomass_1998-2021_gm2_processed.csv","2017","Camb Namb S","4","229.101666666667","CDR","Grassland","Fertilization","Stock"
"CDR_Biomass_1998-2021_gm2_processed.csv","2017","Camb Nenrich M","4","171.36755","CDR","Grassland","Fertilization","Stock"
"CDR_Biomass_1998-2021_gm2_processed.csv","2017","Camb Nenrich M H2Oamb HTamb","4","304.9","CDR","Grassland","Fertilization","Stock"
"CDR_Biomass_1998-2021_gm2_processed.csv","2017","Camb Nenrich M H2Oamb HTelv","4","347.4","CDR","Grassland","Fertilization","Stock"
"CDR_Biomass_1998-2021_gm2_processed.csv","2017","Camb Nenrich M H2Oneg HTamb","4","188.4","CDR","Grassland","Fertilization","Stock"
"CDR_Biomass_1998-2021_gm2_processed.csv","2017","Camb Nenrich M H2Oneg HTelv","4","318.7","CDR","Grassland","Fertilization","Stock"
"CDR_Biomass_1998-2021_gm2_processed.csv","2017","Camb Nenrich S","4","213","CDR","Grassland","Fertilization","Stock"
"CDR_Biomass_1998-2021_gm2_processed.csv","2017","Cenrich Namb M","5","223.636363636364","CDR","Grassland","Fertilization","Stock"
"CDR_Biomass_1998-2021_gm2_processed.csv","2017","Cenrich Namb M H2Oamb HTamb","5","282.6","CDR","Grassland","Fertilization","Stock"
"CDR_Biomass_1998-2021_gm2_processed.csv","2017","Cenrich Namb M H2Oamb HTelv","5","497.2","CDR","Grassland","Fertilization","Stock"
"CDR_Biomass_1998-2021_gm2_processed.csv","2017","Cenrich Namb M H2Oneg HTamb","5","495.2","CDR","Grassland","Fertilization","Stock"
"CDR_Biomass_1998-2021_gm2_processed.csv","2017","Cenrich Namb M H2Oneg HTelv","5","182.82","CDR","Grassland","Fertilization","Stock"
"CDR_Biomass_1998-2021_gm2_processed.csv","2017","Cenrich Namb S","5","153.94","CDR","Grassland","Fertilization","Stock"
"CDR_Biomass_1998-2021_gm2_processed.csv","2017","Cenrich Nenrich M","5","203.715238095238","CDR","Grassland","Fertilization","Stock"
"CDR_Biomass_1998-2021_gm2_processed.csv","2017","Cenrich Nenrich M H2Oamb HTamb","5","299.7","CDR","Grassland","Fertilization","Stock"
"CDR_Biomass_1998-2021_gm2_processed.csv","2017","Cenrich Nenrich M H2Oamb HTelv","5","1072.4","CDR","Grassland","Fertilization","Stock"
"CDR_Biomass_1998-2021_gm2_processed.csv","2017","Cenrich Nenrich M H2Oneg HTamb","5","260.1","CDR","Grassland","Fertilization","Stock"
"CDR_Biomass_1998-2021_gm2_processed.csv","2017","Cenrich Nenrich M H2Oneg HTelv","5","1093.1","CDR","Grassland","Fertilization","Stock"
"CDR_Biomass_1998-2021_gm2_processed.csv","2017","Cenrich Nenrich S","5","249.56","CDR","Grassland","Fertilization","Stock"
"CDR_Biomass_1998-2021_gm2_processed.csv","2017","Camb Namb M","6","185.450909090909","CDR","Grassland","Fertilization","Stock"
"CDR_Biomass_1998-2021_gm2_processed.csv","2017","Camb Namb M H2Oamb HTamb","6","324.3","CDR","Grassland","Fertilization","Stock"
"CDR_Biomass_1998-2021_gm2_processed.csv","2017","Camb Namb M H2Oamb HTelv","6","274.5","CDR","Grassland","Fertilization","Stock"
"CDR_Biomass_1998-2021_gm2_processed.csv","2017","Camb Namb M H2Oneg HTamb","6","172.2","CDR","Grassland","Fertilization","Stock"
"CDR_Biomass_1998-2021_gm2_processed.csv","2017","Camb Namb M H2Oneg HTelv","6","526","CDR","Grassland","Fertilization","Stock"
"CDR_Biomass_1998-2021_gm2_processed.csv","2017","Camb Namb S","6","138.158333333333","CDR","Grassland","Fertilization","Stock"
"CDR_Biomass_1998-2021_gm2_processed.csv","2017","Camb Nenrich M","6","188.116818181818","CDR","Grassland","Fertilization","Stock"
"CDR_Biomass_1998-2021_gm2_processed.csv","2017","Camb Nenrich M H2Oamb HTamb","6","185.7","CDR","Grassland","Fertilization","Stock"
"CDR_Biomass_1998-2021_gm2_processed.csv","2017","Camb Nenrich M H2Oamb HTelv","6","583.3","CDR","Grassland","Fertilization","Stock"
"CDR_Biomass_1998-2021_gm2_processed.csv","2017","Camb Nenrich M H2Oneg HTamb","6","355.6","CDR","Grassland","Fertilization","Stock"
"CDR_Biomass_1998-2021_gm2_processed.csv","2017","Camb Nenrich M H2Oneg HTelv","6","408.8","CDR","Grassland","Fertilization","Stock"
"CDR_Biomass_1998-2021_gm2_processed.csv","2017","Camb Nenrich S","6","368.72","CDR","Grassland","Fertilization","Stock"
"CDR_Biomass_1998-2021_gm2_processed.csv","2018","Cenrich Namb M","1","331.33380952381","CDR","Grassland","Fertilization","Stock"
"CDR_Biomass_1998-2021_gm2_processed.csv","2018","Cenrich Namb M H2Oamb HTamb","1","223.13","CDR","Grassland","Fertilization","Stock"
"CDR_Biomass_1998-2021_gm2_processed.csv","2018","Cenrich Namb M H2Oamb HTelv","1","201.53","CDR","Grassland","Fertilization","Stock"
"CDR_Biomass_1998-2021_gm2_processed.csv","2018","Cenrich Namb M H2Oneg HTamb","1","301.8","CDR","Grassland","Fertilization","Stock"
"CDR_Biomass_1998-2021_gm2_processed.csv","2018","Cenrich Namb M H2Oneg HTelv","1","577.72","CDR","Grassland","Fertilization","Stock"
"CDR_Biomass_1998-2021_gm2_processed.csv","2018","Cenrich Namb S","1","411.438","CDR","Grassland","Fertilization","Stock"
"CDR_Biomass_1998-2021_gm2_processed.csv","2018","Cenrich Nenrich M","1","373.705454545455","CDR","Grassland","Fertilization","Stock"
"CDR_Biomass_1998-2021_gm2_processed.csv","2018","Cenrich Nenrich M H2Oamb HTamb","1","474.23","CDR","Grassland","Fertilization","Stock"
"CDR_Biomass_1998-2021_gm2_processed.csv","2018","Cenrich Nenrich M H2Oamb HTelv","1","576.18","CDR","Grassland","Fertilization","Stock"
"CDR_Biomass_1998-2021_gm2_processed.csv","2018","Cenrich Nenrich M H2Oneg HTamb","1","404.95","CDR","Grassland","Fertilization","Stock"
"CDR_Biomass_1998-2021_gm2_processed.csv","2018","Cenrich Nenrich M H2Oneg HTelv","1","818.3","CDR","Grassland","Fertilization","Stock"
"CDR_Biomass_1998-2021_gm2_processed.csv","2018","Cenrich Nenrich S","1","173.596","CDR","Grassland","Fertilization","Stock"
"CDR_Biomass_1998-2021_gm2_processed.csv","2018","Camb Namb M","2","273.40145","CDR","Grassland","Fertilization","Stock"
"CDR_Biomass_1998-2021_gm2_processed.csv","2018","Camb Namb M H2Oamb HTamb","2","875.5","CDR","Grassland","Fertilization","Stock"
"CDR_Biomass_1998-2021_gm2_processed.csv","2018","Camb Namb M H2Oamb HTelv","2","601.7","CDR","Grassland","Fertilization","Stock"
"CDR_Biomass_1998-2021_gm2_processed.csv","2018","Camb Namb M H2Oneg HTamb","2","111.68","CDR","Grassland","Fertilization","Stock"
"CDR_Biomass_1998-2021_gm2_processed.csv","2018","Camb Namb M H2Oneg HTelv","2","631.75","CDR","Grassland","Fertilization","Stock"
"CDR_Biomass_1998-2021_gm2_processed.csv","2018","Camb Namb S","2","167.252","CDR","Grassland","Fertilization","Stock"
"CDR_Biomass_1998-2021_gm2_processed.csv","2018","Camb Nenrich M","2","304.345909090909","CDR","Grassland","Fertilization","Stock"
"CDR_Biomass_1998-2021_gm2_processed.csv","2018","Camb Nenrich M H2Oamb HTamb","2","269.4","CDR","Grassland","Fertilization","Stock"
"CDR_Biomass_1998-2021_gm2_processed.csv","2018","Camb Nenrich M H2Oamb HTelv","2","711.7","CDR","Grassland","Fertilization","Stock"
"CDR_Biomass_1998-2021_gm2_processed.csv","2018","Camb Nenrich M H2Oneg HTamb","2","158.57","CDR","Grassland","Fertilization","Stock"
"CDR_Biomass_1998-2021_gm2_processed.csv","2018","Camb Nenrich M H2Oneg HTelv","2","725.1","CDR","Grassland","Fertilization","Stock"
"CDR_Biomass_1998-2021_gm2_processed.csv","2018","Camb Nenrich S","2","301.23","CDR","Grassland","Fertilization","Stock"
"CDR_Biomass_1998-2021_gm2_processed.csv","2018","Cenrich Namb M","3","312.748181818182","CDR","Grassland","Fertilization","Stock"
"CDR_Biomass_1998-2021_gm2_processed.csv","2018","Cenrich Namb M H2Oamb HTamb","3","152.7","CDR","Grassland","Fertilization","Stock"
"CDR_Biomass_1998-2021_gm2_processed.csv","2018","Cenrich Namb M H2Oamb HTelv","3","924.66","CDR","Grassland","Fertilization","Stock"
"CDR_Biomass_1998-2021_gm2_processed.csv","2018","Cenrich Namb M H2Oneg HTamb","3","241.75","CDR","Grassland","Fertilization","Stock"
"CDR_Biomass_1998-2021_gm2_processed.csv","2018","Cenrich Namb M H2Oneg HTelv","3","318.53","CDR","Grassland","Fertilization","Stock"
"CDR_Biomass_1998-2021_gm2_processed.csv","2018","Cenrich Namb S","3","311.988","CDR","Grassland","Fertilization","Stock"
"CDR_Biomass_1998-2021_gm2_processed.csv","2018","Cenrich Nenrich M","3","424.949045454545","CDR","Grassland","Fertilization","Stock"
"CDR_Biomass_1998-2021_gm2_processed.csv","2018","Cenrich Nenrich M H2Oamb HTamb","3","449.13","CDR","Grassland","Fertilization","Stock"
"CDR_Biomass_1998-2021_gm2_processed.csv","2018","Cenrich Nenrich M H2Oamb HTelv","3","583.1","CDR","Grassland","Fertilization","Stock"
"CDR_Biomass_1998-2021_gm2_processed.csv","2018","Cenrich Nenrich M H2Oneg HTamb","3","753.88","CDR","Grassland","Fertilization","Stock"
"CDR_Biomass_1998-2021_gm2_processed.csv","2018","Cenrich Nenrich M H2Oneg HTelv","3","662","CDR","Grassland","Fertilization","Stock"
"CDR_Biomass_1998-2021_gm2_processed.csv","2018","Cenrich Nenrich S","3","310.576","CDR","Grassland","Fertilization","Stock"
"CDR_Biomass_1998-2021_gm2_processed.csv","2018","Camb Namb M","4","236.482272727273","CDR","Grassland","Fertilization","Stock"
"CDR_Biomass_1998-2021_gm2_processed.csv","2018","Camb Namb M H2Oamb HTamb","4","284.2","CDR","Grassland","Fertilization","Stock"
"CDR_Biomass_1998-2021_gm2_processed.csv","2018","Camb Namb M H2Oamb HTelv","4","501.49","CDR","Grassland","Fertilization","Stock"
"CDR_Biomass_1998-2021_gm2_processed.csv","2018","Camb Namb M H2Oneg HTamb","4","413.79","CDR","Grassland","Fertilization","Stock"
"CDR_Biomass_1998-2021_gm2_processed.csv","2018","Camb Namb M H2Oneg HTelv","4","295","CDR","Grassland","Fertilization","Stock"
"CDR_Biomass_1998-2021_gm2_processed.csv","2018","Camb Namb S","4","314.466666666667","CDR","Grassland","Fertilization","Stock"
"CDR_Biomass_1998-2021_gm2_processed.csv","2018","Camb Nenrich M","4","305.818","CDR","Grassland","Fertilization","Stock"
"CDR_Biomass_1998-2021_gm2_processed.csv","2018","Camb Nenrich M H2Oamb HTamb","4","222.05","CDR","Grassland","Fertilization","Stock"
"CDR_Biomass_1998-2021_gm2_processed.csv","2018","Camb Nenrich M H2Oamb HTelv","4","486.58","CDR","Grassland","Fertilization","Stock"
"CDR_Biomass_1998-2021_gm2_processed.csv","2018","Camb Nenrich M H2Oneg HTamb","4","486.55","CDR","Grassland","Fertilization","Stock"
"CDR_Biomass_1998-2021_gm2_processed.csv","2018","Camb Nenrich M H2Oneg HTelv","4","353.87","CDR","Grassland","Fertilization","Stock"
"CDR_Biomass_1998-2021_gm2_processed.csv","2018","Camb Nenrich S","4","286.84","CDR","Grassland","Fertilization","Stock"
"CDR_Biomass_1998-2021_gm2_processed.csv","2018","Cenrich Namb M","5","286.317272727273","CDR","Grassland","Fertilization","Stock"
"CDR_Biomass_1998-2021_gm2_processed.csv","2018","Cenrich Namb M H2Oamb HTamb","5","305.2","CDR","Grassland","Fertilization","Stock"
"CDR_Biomass_1998-2021_gm2_processed.csv","2018","Cenrich Namb M H2Oamb HTelv","5","559.85","CDR","Grassland","Fertilization","Stock"
"CDR_Biomass_1998-2021_gm2_processed.csv","2018","Cenrich Namb M H2Oneg HTamb","5","667.7","CDR","Grassland","Fertilization","Stock"
"CDR_Biomass_1998-2021_gm2_processed.csv","2018","Cenrich Namb M H2Oneg HTelv","5","624.01","CDR","Grassland","Fertilization","Stock"
"CDR_Biomass_1998-2021_gm2_processed.csv","2018","Cenrich Namb S","5","262.408","CDR","Grassland","Fertilization","Stock"
"CDR_Biomass_1998-2021_gm2_processed.csv","2018","Cenrich Nenrich M","5","395.50380952381","CDR","Grassland","Fertilization","Stock"
"CDR_Biomass_1998-2021_gm2_processed.csv","2018","Cenrich Nenrich M H2Oamb HTamb","5","697","CDR","Grassland","Fertilization","Stock"
"CDR_Biomass_1998-2021_gm2_processed.csv","2018","Cenrich Nenrich M H2Oamb HTelv","5","751.92","CDR","Grassland","Fertilization","Stock"
"CDR_Biomass_1998-2021_gm2_processed.csv","2018","Cenrich Nenrich M H2Oneg HTamb","5","382.55","CDR","Grassland","Fertilization","Stock"
"CDR_Biomass_1998-2021_gm2_processed.csv","2018","Cenrich Nenrich M H2Oneg HTelv","5","464.96","CDR","Grassland","Fertilization","Stock"
"CDR_Biomass_1998-2021_gm2_processed.csv","2018","Cenrich Nenrich S","5","276.256","CDR","Grassland","Fertilization","Stock"
"CDR_Biomass_1998-2021_gm2_processed.csv","2018","Camb Namb M","6","325.656363636364","CDR","Grassland","Fertilization","Stock"
"CDR_Biomass_1998-2021_gm2_processed.csv","2018","Camb Namb M H2Oamb HTamb","6","383.83","CDR","Grassland","Fertilization","Stock"
"CDR_Biomass_1998-2021_gm2_processed.csv","2018","Camb Namb M H2Oamb HTelv","6","447.18","CDR","Grassland","Fertilization","Stock"
"CDR_Biomass_1998-2021_gm2_processed.csv","2018","Camb Namb M H2Oneg HTamb","6","443.2","CDR","Grassland","Fertilization","Stock"
"CDR_Biomass_1998-2021_gm2_processed.csv","2018","Camb Namb M H2Oneg HTelv","6","236.87","CDR","Grassland","Fertilization","Stock"
"CDR_Biomass_1998-2021_gm2_processed.csv","2018","Camb Namb S","6","240.265","CDR","Grassland","Fertilization","Stock"
"CDR_Biomass_1998-2021_gm2_processed.csv","2018","Camb Nenrich M","6","437.081363636364","CDR","Grassland","Fertilization","Stock"
"CDR_Biomass_1998-2021_gm2_processed.csv","2018","Camb Nenrich M H2Oamb HTamb","6","407.8","CDR","Grassland","Fertilization","Stock"
"CDR_Biomass_1998-2021_gm2_processed.csv","2018","Camb Nenrich M H2Oamb HTelv","6","853.95","CDR","Grassland","Fertilization","Stock"
"CDR_Biomass_1998-2021_gm2_processed.csv","2018","Camb Nenrich M H2Oneg HTamb","6","188.88","CDR","Grassland","Fertilization","Stock"
"CDR_Biomass_1998-2021_gm2_processed.csv","2018","Camb Nenrich M H2Oneg HTelv","6","839.81","CDR","Grassland","Fertilization","Stock"
"CDR_Biomass_1998-2021_gm2_processed.csv","2018","Camb Nenrich S","6","312.218","CDR","Grassland","Fertilization","Stock"
"CDR_Biomass_1998-2021_gm2_processed.csv","2019","Cenrich Namb M","1","276.28480952381","CDR","Grassland","Fertilization","Stock"
"CDR_Biomass_1998-2021_gm2_processed.csv","2019","Cenrich Namb M H2Oamb HTamb","1","876.15","CDR","Grassland","Fertilization","Stock"
"CDR_Biomass_1998-2021_gm2_processed.csv","2019","Cenrich Namb M H2Oamb HTelv","1","565.7","CDR","Grassland","Fertilization","Stock"
"CDR_Biomass_1998-2021_gm2_processed.csv","2019","Cenrich Namb M H2Oneg HTamb","1","255.9","CDR","Grassland","Fertilization","Stock"
"CDR_Biomass_1998-2021_gm2_processed.csv","2019","Cenrich Namb M H2Oneg HTelv","1","461.6","CDR","Grassland","Fertilization","Stock"
"CDR_Biomass_1998-2021_gm2_processed.csv","2019","Cenrich Namb S","1","354.7","CDR","Grassland","Fertilization","Stock"
"CDR_Biomass_1998-2021_gm2_processed.csv","2019","Cenrich Nenrich M","1","267.335954545455","CDR","Grassland","Fertilization","Stock"
"CDR_Biomass_1998-2021_gm2_processed.csv","2019","Cenrich Nenrich M H2Oamb HTamb","1","484.5","CDR","Grassland","Fertilization","Stock"
"CDR_Biomass_1998-2021_gm2_processed.csv","2019","Cenrich Nenrich M H2Oamb HTelv","1","339.6","CDR","Grassland","Fertilization","Stock"
"CDR_Biomass_1998-2021_gm2_processed.csv","2019","Cenrich Nenrich M H2Oneg HTamb","1","362.9","CDR","Grassland","Fertilization","Stock"
"CDR_Biomass_1998-2021_gm2_processed.csv","2019","Cenrich Nenrich M H2Oneg HTelv","1","1092.1","CDR","Grassland","Fertilization","Stock"
"CDR_Biomass_1998-2021_gm2_processed.csv","2019","Cenrich Nenrich S","1","223.88","CDR","Grassland","Fertilization","Stock"
"CDR_Biomass_1998-2021_gm2_processed.csv","2019","Camb Namb M","2","191.3755","CDR","Grassland","Fertilization","Stock"
"CDR_Biomass_1998-2021_gm2_processed.csv","2019","Camb Namb M H2Oamb HTamb","2","513.2","CDR","Grassland","Fertilization","Stock"
"CDR_Biomass_1998-2021_gm2_processed.csv","2019","Camb Namb M H2Oamb HTelv","2","420.42","CDR","Grassland","Fertilization","Stock"
"CDR_Biomass_1998-2021_gm2_processed.csv","2019","Camb Namb M H2Oneg HTamb","2","233.41","CDR","Grassland","Fertilization","Stock"
"CDR_Biomass_1998-2021_gm2_processed.csv","2019","Camb Namb M H2Oneg HTelv","2","423.6","CDR","Grassland","Fertilization","Stock"
"CDR_Biomass_1998-2021_gm2_processed.csv","2019","Camb Namb S","2","163.472","CDR","Grassland","Fertilization","Stock"
"CDR_Biomass_1998-2021_gm2_processed.csv","2019","Camb Nenrich M","2","173.664545454545","CDR","Grassland","Fertilization","Stock"
"CDR_Biomass_1998-2021_gm2_processed.csv","2019","Camb Nenrich M H2Oamb HTamb","2","174.5","CDR","Grassland","Fertilization","Stock"
"CDR_Biomass_1998-2021_gm2_processed.csv","2019","Camb Nenrich M H2Oamb HTelv","2","454.2","CDR","Grassland","Fertilization","Stock"
"CDR_Biomass_1998-2021_gm2_processed.csv","2019","Camb Nenrich M H2Oneg HTamb","2","224.8","CDR","Grassland","Fertilization","Stock"
"CDR_Biomass_1998-2021_gm2_processed.csv","2019","Camb Nenrich M H2Oneg HTelv","2","156.2","CDR","Grassland","Fertilization","Stock"
"CDR_Biomass_1998-2021_gm2_processed.csv","2019","Camb Nenrich S","2","153.678333333333","CDR","Grassland","Fertilization","Stock"
"CDR_Biomass_1998-2021_gm2_processed.csv","2019","Cenrich Namb M","3","254.982727272727","CDR","Grassland","Fertilization","Stock"
"CDR_Biomass_1998-2021_gm2_processed.csv","2019","Cenrich Namb M H2Oamb HTamb","3","307.57","CDR","Grassland","Fertilization","Stock"
"CDR_Biomass_1998-2021_gm2_processed.csv","2019","Cenrich Namb M H2Oamb HTelv","3","211.02","CDR","Grassland","Fertilization","Stock"
"CDR_Biomass_1998-2021_gm2_processed.csv","2019","Cenrich Namb M H2Oneg HTamb","3","296.6","CDR","Grassland","Fertilization","Stock"
"CDR_Biomass_1998-2021_gm2_processed.csv","2019","Cenrich Namb M H2Oneg HTelv","3","333.2","CDR","Grassland","Fertilization","Stock"
"CDR_Biomass_1998-2021_gm2_processed.csv","2019","Cenrich Namb S","3","269.4","CDR","Grassland","Fertilization","Stock"
"CDR_Biomass_1998-2021_gm2_processed.csv","2019","Cenrich Nenrich M","3","249.760454545455","CDR","Grassland","Fertilization","Stock"
"CDR_Biomass_1998-2021_gm2_processed.csv","2019","Cenrich Nenrich M H2Oamb HTamb","3","429.5","CDR","Grassland","Fertilization","Stock"
"CDR_Biomass_1998-2021_gm2_processed.csv","2019","Cenrich Nenrich M H2Oamb HTelv","3","244.92","CDR","Grassland","Fertilization","Stock"
"CDR_Biomass_1998-2021_gm2_processed.csv","2019","Cenrich Nenrich M H2Oneg HTamb","3","736.83","CDR","Grassland","Fertilization","Stock"
"CDR_Biomass_1998-2021_gm2_processed.csv","2019","Cenrich Nenrich M H2Oneg HTelv","3","359.4","CDR","Grassland","Fertilization","Stock"
"CDR_Biomass_1998-2021_gm2_processed.csv","2019","Cenrich Nenrich S","3","259.092","CDR","Grassland","Fertilization","Stock"
"CDR_Biomass_1998-2021_gm2_processed.csv","2019","Camb Namb M","4","222.296363636364","CDR","Grassland","Fertilization","Stock"
"CDR_Biomass_1998-2021_gm2_processed.csv","2019","Camb Namb M H2Oamb HTamb","4","842.98","CDR","Grassland","Fertilization","Stock"
"CDR_Biomass_1998-2021_gm2_processed.csv","2019","Camb Namb M H2Oamb HTelv","4","513.1","CDR","Grassland","Fertilization","Stock"
"CDR_Biomass_1998-2021_gm2_processed.csv","2019","Camb Namb M H2Oneg HTamb","4","547.9","CDR","Grassland","Fertilization","Stock"
"CDR_Biomass_1998-2021_gm2_processed.csv","2019","Camb Namb M H2Oneg HTelv","4","290.1","CDR","Grassland","Fertilization","Stock"
"CDR_Biomass_1998-2021_gm2_processed.csv","2019","Camb Namb S","4","240.908333333333","CDR","Grassland","Fertilization","Stock"
"CDR_Biomass_1998-2021_gm2_processed.csv","2019","Camb Nenrich M","4","228.621","CDR","Grassland","Fertilization","Stock"
"CDR_Biomass_1998-2021_gm2_processed.csv","2019","Camb Nenrich M H2Oamb HTamb","4","198.4","CDR","Grassland","Fertilization","Stock"
"CDR_Biomass_1998-2021_gm2_processed.csv","2019","Camb Nenrich M H2Oamb HTelv","4","545.7","CDR","Grassland","Fertilization","Stock"
"CDR_Biomass_1998-2021_gm2_processed.csv","2019","Camb Nenrich M H2Oneg HTamb","4","320.37","CDR","Grassland","Fertilization","Stock"
"CDR_Biomass_1998-2021_gm2_processed.csv","2019","Camb Nenrich M H2Oneg HTelv","4","501.45","CDR","Grassland","Fertilization","Stock"
"CDR_Biomass_1998-2021_gm2_processed.csv","2019","Camb Nenrich S","4","257.392","CDR","Grassland","Fertilization","Stock"
"CDR_Biomass_1998-2021_gm2_processed.csv","2019","Cenrich Namb M","5","259.104545454545","CDR","Grassland","Fertilization","Stock"
"CDR_Biomass_1998-2021_gm2_processed.csv","2019","Cenrich Namb M H2Oamb HTamb","5","161.84","CDR","Grassland","Fertilization","Stock"
"CDR_Biomass_1998-2021_gm2_processed.csv","2019","Cenrich Namb M H2Oamb HTelv","5","362.41","CDR","Grassland","Fertilization","Stock"
"CDR_Biomass_1998-2021_gm2_processed.csv","2019","Cenrich Namb M H2Oneg HTamb","5","549.6","CDR","Grassland","Fertilization","Stock"
"CDR_Biomass_1998-2021_gm2_processed.csv","2019","Cenrich Namb M H2Oneg HTelv","5","285.66","CDR","Grassland","Fertilization","Stock"
"CDR_Biomass_1998-2021_gm2_processed.csv","2019","Cenrich Namb S","5","302.96","CDR","Grassland","Fertilization","Stock"
"CDR_Biomass_1998-2021_gm2_processed.csv","2019","Cenrich Nenrich M","5","291.980476190476","CDR","Grassland","Fertilization","Stock"
"CDR_Biomass_1998-2021_gm2_processed.csv","2019","Cenrich Nenrich M H2Oamb HTamb","5","683.4","CDR","Grassland","Fertilization","Stock"
"CDR_Biomass_1998-2021_gm2_processed.csv","2019","Cenrich Nenrich M H2Oamb HTelv","5","545.59","CDR","Grassland","Fertilization","Stock"
"CDR_Biomass_1998-2021_gm2_processed.csv","2019","Cenrich Nenrich M H2Oneg HTamb","5","331.5","CDR","Grassland","Fertilization","Stock"
"CDR_Biomass_1998-2021_gm2_processed.csv","2019","Cenrich Nenrich M H2Oneg HTelv","5","876.95","CDR","Grassland","Fertilization","Stock"
"CDR_Biomass_1998-2021_gm2_processed.csv","2019","Cenrich Nenrich S","5","318.056","CDR","Grassland","Fertilization","Stock"
"CDR_Biomass_1998-2021_gm2_processed.csv","2019","Camb Namb M","6","229.573636363636","CDR","Grassland","Fertilization","Stock"
"CDR_Biomass_1998-2021_gm2_processed.csv","2019","Camb Namb M H2Oamb HTamb","6","269.7","CDR","Grassland","Fertilization","Stock"
"CDR_Biomass_1998-2021_gm2_processed.csv","2019","Camb Namb M H2Oamb HTelv","6","452.17","CDR","Grassland","Fertilization","Stock"
"CDR_Biomass_1998-2021_gm2_processed.csv","2019","Camb Namb M H2Oneg HTamb","6","286.3","CDR","Grassland","Fertilization","Stock"
"CDR_Biomass_1998-2021_gm2_processed.csv","2019","Camb Namb M H2Oneg HTelv","6","236.1","CDR","Grassland","Fertilization","Stock"
"CDR_Biomass_1998-2021_gm2_processed.csv","2019","Camb Namb S","6","228.631666666667","CDR","Grassland","Fertilization","Stock"
"CDR_Biomass_1998-2021_gm2_processed.csv","2019","Camb Nenrich M","6","265.796363636364","CDR","Grassland","Fertilization","Stock"
"CDR_Biomass_1998-2021_gm2_processed.csv","2019","Camb Nenrich M H2Oamb HTamb","6","355.5","CDR","Grassland","Fertilization","Stock"
"CDR_Biomass_1998-2021_gm2_processed.csv","2019","Camb Nenrich M H2Oamb HTelv","6","534.2","CDR","Grassland","Fertilization","Stock"
"CDR_Biomass_1998-2021_gm2_processed.csv","2019","Camb Nenrich M H2Oneg HTamb","6","358.9","CDR","Grassland","Fertilization","Stock"
"CDR_Biomass_1998-2021_gm2_processed.csv","2019","Camb Nenrich M H2Oneg HTelv","6","807.8","CDR","Grassland","Fertilization","Stock"
"CDR_Biomass_1998-2021_gm2_processed.csv","2019","Camb Nenrich S","6","283.838","CDR","Grassland","Fertilization","Stock"
"CDR_Biomass_1998-2021_gm2_processed.csv","2020","Cenrich Namb M","1","182.71602","CDR","Grassland","Fertilization","Stock"
"CDR_Biomass_1998-2021_gm2_processed.csv","2020","Cenrich Namb M H2Oamb HTelv","1","255.3294","CDR","Grassland","Fertilization","Stock"
"CDR_Biomass_1998-2021_gm2_processed.csv","2020","Cenrich Nenrich M","1","142.320583333333","CDR","Grassland","Fertilization","Stock"
"CDR_Biomass_1998-2021_gm2_processed.csv","2020","Camb Namb M","2","240.4395125","CDR","Grassland","Fertilization","Stock"
"CDR_Biomass_1998-2021_gm2_processed.csv","2020","Camb Namb M H2Oamb HTamb","2","263.2","CDR","Grassland","Fertilization","Stock"
"CDR_Biomass_1998-2021_gm2_processed.csv","2020","Camb Namb M H2Oamb HTelv","2","257.9","CDR","Grassland","Fertilization","Stock"
"CDR_Biomass_1998-2021_gm2_processed.csv","2020","Camb Nenrich M","2","241.791044444444","CDR","Grassland","Fertilization","Stock"
"CDR_Biomass_1998-2021_gm2_processed.csv","2020","Camb Nenrich M H2Oamb HTamb","2","353","CDR","Grassland","Fertilization","Stock"
"CDR_Biomass_1998-2021_gm2_processed.csv","2020","Camb Nenrich M H2Oamb HTelv","2","446.8905","CDR","Grassland","Fertilization","Stock"
"CDR_Biomass_1998-2021_gm2_processed.csv","2020","Cenrich Namb M","3","298.101362777778","CDR","Grassland","Fertilization","Stock"
"CDR_Biomass_1998-2021_gm2_processed.csv","2020","Cenrich Namb M H2Oamb HTamb","3","480.8141","CDR","Grassland","Fertilization","Stock"
"CDR_Biomass_1998-2021_gm2_processed.csv","2020","Cenrich Namb M H2Oamb HTelv","3","484.322","CDR","Grassland","Fertilization","Stock"
"CDR_Biomass_1998-2021_gm2_processed.csv","2020","Cenrich Nenrich M","3","270.4575","CDR","Grassland","Fertilization","Stock"
"CDR_Biomass_1998-2021_gm2_processed.csv","2020","Cenrich Nenrich M H2Oamb HTamb","3","255.1","CDR","Grassland","Fertilization","Stock"
"CDR_Biomass_1998-2021_gm2_processed.csv","2020","Cenrich Nenrich M H2Oamb HTelv","3","201.5","CDR","Grassland","Fertilization","Stock"
"CDR_Biomass_1998-2021_gm2_processed.csv","2020","Camb Namb M","4","256.884627777778","CDR","Grassland","Fertilization","Stock"
"CDR_Biomass_1998-2021_gm2_processed.csv","2020","Camb Namb M H2Oamb HTamb","4","459.38","CDR","Grassland","Fertilization","Stock"
"CDR_Biomass_1998-2021_gm2_processed.csv","2020","Camb Namb M H2Oamb HTelv","4","454.9","CDR","Grassland","Fertilization","Stock"
"CDR_Biomass_1998-2021_gm2_processed.csv","2020","Camb Nenrich M","4","290.7123625","CDR","Grassland","Fertilization","Stock"
"CDR_Biomass_1998-2021_gm2_processed.csv","2020","Camb Nenrich M H2Oamb HTamb","4","244.7","CDR","Grassland","Fertilization","Stock"
"CDR_Biomass_1998-2021_gm2_processed.csv","2020","Camb Nenrich M H2Oamb HTelv","4","544.6","CDR","Grassland","Fertilization","Stock"
"CDR_Biomass_1998-2021_gm2_processed.csv","2020","Cenrich Namb M","5","255.230277777778","CDR","Grassland","Fertilization","Stock"
"CDR_Biomass_1998-2021_gm2_processed.csv","2020","Cenrich Namb M H2Oamb HTamb","5","396.8","CDR","Grassland","Fertilization","Stock"
"CDR_Biomass_1998-2021_gm2_processed.csv","2020","Cenrich Namb M H2Oamb HTelv","5","895.2","CDR","Grassland","Fertilization","Stock"
"CDR_Biomass_1998-2021_gm2_processed.csv","2020","Cenrich Nenrich M","5","318.859064705882","CDR","Grassland","Fertilization","Stock"
"CDR_Biomass_1998-2021_gm2_processed.csv","2020","Cenrich Nenrich M H2Oamb HTamb","5","662.8","CDR","Grassland","Fertilization","Stock"
"CDR_Biomass_1998-2021_gm2_processed.csv","2020","Cenrich Nenrich M H2Oamb HTelv","5","589.1","CDR","Grassland","Fertilization","Stock"
"CDR_Biomass_1998-2021_gm2_processed.csv","2020","Camb Namb M","6","369.93605","CDR","Grassland","Fertilization","Stock"
"CDR_Biomass_1998-2021_gm2_processed.csv","2020","Camb Namb M H2Oamb HTamb","6","524.7","CDR","Grassland","Fertilization","Stock"
"CDR_Biomass_1998-2021_gm2_processed.csv","2020","Camb Namb M H2Oamb HTelv","6","347.2573","CDR","Grassland","Fertilization","Stock"
"CDR_Biomass_1998-2021_gm2_processed.csv","2020","Camb Nenrich M","6","300.261472222222","CDR","Grassland","Fertilization","Stock"
"CDR_Biomass_1998-2021_gm2_processed.csv","2020","Camb Nenrich M H2Oamb HTamb","6","93","CDR","Grassland","Fertilization","Stock"
"CDR_Biomass_1998-2021_gm2_processed.csv","2020","Camb Nenrich M H2Oamb HTelv","6","597.9","CDR","Grassland","Fertilization","Stock"
"CDR_Biomass_1998-2021_gm2_processed.csv","2021","Cenrich Namb M","1","179.985385714286","CDR","Grassland","Fertilization","Stock"
"CDR_Biomass_1998-2021_gm2_processed.csv","2021","Cenrich Namb M H2Oamb HTamb","1","93.41","CDR","Grassland","Fertilization","Stock"
"CDR_Biomass_1998-2021_gm2_processed.csv","2021","Cenrich Namb M H2Oamb HTelv","1","137.8349","CDR","Grassland","Fertilization","Stock"
"CDR_Biomass_1998-2021_gm2_processed.csv","2021","Cenrich Namb M H2Oneg HTamb","1","190.1","CDR","Grassland","Fertilization","Stock"
"CDR_Biomass_1998-2021_gm2_processed.csv","2021","Cenrich Namb M H2Oneg HTelv","1","212.5","CDR","Grassland","Fertilization","Stock"
"CDR_Biomass_1998-2021_gm2_processed.csv","2021","Cenrich Namb S","1","171.43314","CDR","Grassland","Fertilization","Stock"
"CDR_Biomass_1998-2021_gm2_processed.csv","2021","Cenrich Nenrich M","1","129.771781818182","CDR","Grassland","Fertilization","Stock"
"CDR_Biomass_1998-2021_gm2_processed.csv","2021","Cenrich Nenrich M H2Oamb HTamb","1","210.6","CDR","Grassland","Fertilization","Stock"
"CDR_Biomass_1998-2021_gm2_processed.csv","2021","Cenrich Nenrich M H2Oamb HTelv","1","282","CDR","Grassland","Fertilization","Stock"
"CDR_Biomass_1998-2021_gm2_processed.csv","2021","Cenrich Nenrich M H2Oneg HTamb","1","131.5","CDR","Grassland","Fertilization","Stock"
"CDR_Biomass_1998-2021_gm2_processed.csv","2021","Cenrich Nenrich M H2Oneg HTelv","1","468.4","CDR","Grassland","Fertilization","Stock"
"CDR_Biomass_1998-2021_gm2_processed.csv","2021","Cenrich Nenrich S","1","148.5967","CDR","Grassland","Fertilization","Stock"
"CDR_Biomass_1998-2021_gm2_processed.csv","2021","Camb Namb M","2","210.617325","CDR","Grassland","Fertilization","Stock"
"CDR_Biomass_1998-2021_gm2_processed.csv","2021","Camb Namb M H2Oamb HTamb","2","282.8","CDR","Grassland","Fertilization","Stock"
"CDR_Biomass_1998-2021_gm2_processed.csv","2021","Camb Namb M H2Oamb HTelv","2","165.7","CDR","Grassland","Fertilization","Stock"
"CDR_Biomass_1998-2021_gm2_processed.csv","2021","Camb Namb M H2Oneg HTamb","2","63.7","CDR","Grassland","Fertilization","Stock"
"CDR_Biomass_1998-2021_gm2_processed.csv","2021","Camb Namb M H2Oneg HTelv","2","320.8","CDR","Grassland","Fertilization","Stock"
"CDR_Biomass_1998-2021_gm2_processed.csv","2021","Camb Namb S","2","188.96","CDR","Grassland","Fertilization","Stock"
"CDR_Biomass_1998-2021_gm2_processed.csv","2021","Camb Nenrich M","2","184.955868181818","CDR","Grassland","Fertilization","Stock"
"CDR_Biomass_1998-2021_gm2_processed.csv","2021","Camb Nenrich M H2Oamb HTamb","2","325.3","CDR","Grassland","Fertilization","Stock"
"CDR_Biomass_1998-2021_gm2_processed.csv","2021","Camb Nenrich M H2Oamb HTelv","2","213","CDR","Grassland","Fertilization","Stock"
"CDR_Biomass_1998-2021_gm2_processed.csv","2021","Camb Nenrich M H2Oneg HTamb","2","113.3","CDR","Grassland","Fertilization","Stock"
"CDR_Biomass_1998-2021_gm2_processed.csv","2021","Camb Nenrich M H2Oneg HTelv","2","362.3","CDR","Grassland","Fertilization","Stock"
"CDR_Biomass_1998-2021_gm2_processed.csv","2021","Camb Nenrich S","2","117.283333333333","CDR","Grassland","Fertilization","Stock"
"CDR_Biomass_1998-2021_gm2_processed.csv","2021","Cenrich Namb M","3","163.021963636364","CDR","Grassland","Fertilization","Stock"
"CDR_Biomass_1998-2021_gm2_processed.csv","2021","Cenrich Namb M H2Oamb HTamb","3","146.3336","CDR","Grassland","Fertilization","Stock"
"CDR_Biomass_1998-2021_gm2_processed.csv","2021","Cenrich Namb M H2Oamb HTelv","3","313","CDR","Grassland","Fertilization","Stock"
"CDR_Biomass_1998-2021_gm2_processed.csv","2021","Cenrich Namb M H2Oneg HTamb","3","258.5","CDR","Grassland","Fertilization","Stock"
"CDR_Biomass_1998-2021_gm2_processed.csv","2021","Cenrich Namb M H2Oneg HTelv","3","189.1","CDR","Grassland","Fertilization","Stock"
"CDR_Biomass_1998-2021_gm2_processed.csv","2021","Cenrich Namb S","3","167.94762","CDR","Grassland","Fertilization","Stock"
"CDR_Biomass_1998-2021_gm2_processed.csv","2021","Cenrich Nenrich M","3","147.610913636364","CDR","Grassland","Fertilization","Stock"
"CDR_Biomass_1998-2021_gm2_processed.csv","2021","Cenrich Nenrich M H2Oamb HTamb","3","235","CDR","Grassland","Fertilization","Stock"
"CDR_Biomass_1998-2021_gm2_processed.csv","2021","Cenrich Nenrich M H2Oamb HTelv","3","162","CDR","Grassland","Fertilization","Stock"
"CDR_Biomass_1998-2021_gm2_processed.csv","2021","Cenrich Nenrich M H2Oneg HTamb","3","279.2","CDR","Grassland","Fertilization","Stock"
"CDR_Biomass_1998-2021_gm2_processed.csv","2021","Cenrich Nenrich M H2Oneg HTelv","3","348.2655","CDR","Grassland","Fertilization","Stock"
"CDR_Biomass_1998-2021_gm2_processed.csv","2021","Cenrich Nenrich S","3","164.5404","CDR","Grassland","Fertilization","Stock"
"CDR_Biomass_1998-2021_gm2_processed.csv","2021","Camb Namb M","4","135.892918181818","CDR","Grassland","Fertilization","Stock"
"CDR_Biomass_1998-2021_gm2_processed.csv","2021","Camb Namb M H2Oamb HTamb","4","191.4845","CDR","Grassland","Fertilization","Stock"
"CDR_Biomass_1998-2021_gm2_processed.csv","2021","Camb Namb M H2Oamb HTelv","4","228.5","CDR","Grassland","Fertilization","Stock"
"CDR_Biomass_1998-2021_gm2_processed.csv","2021","Camb Namb M H2Oneg HTamb","4","130.3","CDR","Grassland","Fertilization","Stock"
"CDR_Biomass_1998-2021_gm2_processed.csv","2021","Camb Namb M H2Oneg HTelv","4","156.8168","CDR","Grassland","Fertilization","Stock"
"CDR_Biomass_1998-2021_gm2_processed.csv","2021","Camb Namb S","4","154.066033333333","CDR","Grassland","Fertilization","Stock"
"CDR_Biomass_1998-2021_gm2_processed.csv","2021","Camb Nenrich M","4","175.72183","CDR","Grassland","Fertilization","Stock"
"CDR_Biomass_1998-2021_gm2_processed.csv","2021","Camb Nenrich M H2Oamb HTamb","4","159.7533","CDR","Grassland","Fertilization","Stock"
"CDR_Biomass_1998-2021_gm2_processed.csv","2021","Camb Nenrich M H2Oamb HTelv","4","436.1424","CDR","Grassland","Fertilization","Stock"
"CDR_Biomass_1998-2021_gm2_processed.csv","2021","Camb Nenrich M H2Oneg HTamb","4","197.2","CDR","Grassland","Fertilization","Stock"
"CDR_Biomass_1998-2021_gm2_processed.csv","2021","Camb Nenrich M H2Oneg HTelv","4","134.1","CDR","Grassland","Fertilization","Stock"
"CDR_Biomass_1998-2021_gm2_processed.csv","2021","Camb Nenrich S","4","235.1165","CDR","Grassland","Fertilization","Stock"
"CDR_Biomass_1998-2021_gm2_processed.csv","2021","Cenrich Namb M","5","216.839018181818","CDR","Grassland","Fertilization","Stock"
"CDR_Biomass_1998-2021_gm2_processed.csv","2021","Cenrich Namb M H2Oamb HTamb","5","196.5","CDR","Grassland","Fertilization","Stock"
"CDR_Biomass_1998-2021_gm2_processed.csv","2021","Cenrich Namb M H2Oamb HTelv","5","452.8","CDR","Grassland","Fertilization","Stock"
"CDR_Biomass_1998-2021_gm2_processed.csv","2021","Cenrich Namb M H2Oneg HTamb","5","254.5","CDR","Grassland","Fertilization","Stock"
"CDR_Biomass_1998-2021_gm2_processed.csv","2021","Cenrich Namb M H2Oneg HTelv","5","76.8","CDR","Grassland","Fertilization","Stock"
"CDR_Biomass_1998-2021_gm2_processed.csv","2021","Cenrich Namb S","5","263.11918","CDR","Grassland","Fertilization","Stock"
"CDR_Biomass_1998-2021_gm2_processed.csv","2021","Cenrich Nenrich M","5","179.993904761905","CDR","Grassland","Fertilization","Stock"
"CDR_Biomass_1998-2021_gm2_processed.csv","2021","Cenrich Nenrich M H2Oamb HTamb","5","191.7","CDR","Grassland","Fertilization","Stock"
"CDR_Biomass_1998-2021_gm2_processed.csv","2021","Cenrich Nenrich M H2Oamb HTelv","5","189.6","CDR","Grassland","Fertilization","Stock"
"CDR_Biomass_1998-2021_gm2_processed.csv","2021","Cenrich Nenrich M H2Oneg HTamb","5","196.5","CDR","Grassland","Fertilization","Stock"
"CDR_Biomass_1998-2021_gm2_processed.csv","2021","Cenrich Nenrich M H2Oneg HTelv","5","591.3603","CDR","Grassland","Fertilization","Stock"
"CDR_Biomass_1998-2021_gm2_processed.csv","2021","Cenrich Nenrich S","5","245.33942","CDR","Grassland","Fertilization","Stock"
"CDR_Biomass_1998-2021_gm2_processed.csv","2021","Camb Namb M","6","168.530431818182","CDR","Grassland","Fertilization","Stock"
"CDR_Biomass_1998-2021_gm2_processed.csv","2021","Camb Namb M H2Oamb HTamb","6","196.9","CDR","Grassland","Fertilization","Stock"
"CDR_Biomass_1998-2021_gm2_processed.csv","2021","Camb Namb M H2Oamb HTelv","6","203.5","CDR","Grassland","Fertilization","Stock"
"CDR_Biomass_1998-2021_gm2_processed.csv","2021","Camb Namb M H2Oneg HTamb","6","98.2","CDR","Grassland","Fertilization","Stock"
"CDR_Biomass_1998-2021_gm2_processed.csv","2021","Camb Namb M H2Oneg HTelv","6","131.7","CDR","Grassland","Fertilization","Stock"
"CDR_Biomass_1998-2021_gm2_processed.csv","2021","Camb Namb S","6","115.5216","CDR","Grassland","Fertilization","Stock"
"CDR_Biomass_1998-2021_gm2_processed.csv","2021","Camb Nenrich M","6","162.501040909091","CDR","Grassland","Fertilization","Stock"
"CDR_Biomass_1998-2021_gm2_processed.csv","2021","Camb Nenrich M H2Oamb HTamb","6","119","CDR","Grassland","Fertilization","Stock"
"CDR_Biomass_1998-2021_gm2_processed.csv","2021","Camb Nenrich M H2Oamb HTelv","6","419.376","CDR","Grassland","Fertilization","Stock"
"CDR_Biomass_1998-2021_gm2_processed.csv","2021","Camb Nenrich M H2Oneg HTamb","6","85.5","CDR","Grassland","Fertilization","Stock"
"CDR_Biomass_1998-2021_gm2_processed.csv","2021","Camb Nenrich M H2Oneg HTelv","6","205","CDR","Grassland","Fertilization","Stock"
"CDR_Biomass_1998-2021_gm2_processed.csv","2021","Camb Nenrich S","6","87.53208","CDR","Grassland","Fertilization","Stock"
"GCE_vegetation_cover_2010-2014.csv","2010","Control","A","799","GCE","Coastal","Vegetation Removal","Proxy"
"GCE_vegetation_cover_2010-2014.csv","2010","Disturbed (March-2010)","A","736","GCE","Coastal","Vegetation Removal","Proxy"
"GCE_vegetation_cover_2010-2014.csv","2010","Control","B","798","GCE","Coastal","Vegetation Removal","Proxy"
"GCE_vegetation_cover_2010-2014.csv","2010","Disturbed (March-2010)","B","288","GCE","Coastal","Vegetation Removal","Proxy"
"GCE_vegetation_cover_2010-2014.csv","2010","Control","GCE1","799","GCE","Coastal","Vegetation Removal","Proxy"
"GCE_vegetation_cover_2010-2014.csv","2010","Disturbed (March-2010)","GCE1","78","GCE","Coastal","Vegetation Removal","Proxy"
"GCE_vegetation_cover_2010-2014.csv","2010","Control","GCE10","732","GCE","Coastal","Vegetation Removal","Proxy"
"GCE_vegetation_cover_2010-2014.csv","2010","Disturbed (March-2010)","GCE10","544","GCE","Coastal","Vegetation Removal","Proxy"
"GCE_vegetation_cover_2010-2014.csv","2010","Control","GCE2","704","GCE","Coastal","Vegetation Removal","Proxy"
"GCE_vegetation_cover_2010-2014.csv","2010","Disturbed (March-2010)","GCE2","364","GCE","Coastal","Vegetation Removal","Proxy"
"GCE_vegetation_cover_2010-2014.csv","2010","Control","GCE3","787","GCE","Coastal","Vegetation Removal","Proxy"
"GCE_vegetation_cover_2010-2014.csv","2010","Disturbed (March-2010)","GCE3","261","GCE","Coastal","Vegetation Removal","Proxy"
"GCE_vegetation_cover_2010-2014.csv","2010","Control","GCE4","792","GCE","Coastal","Vegetation Removal","Proxy"
"GCE_vegetation_cover_2010-2014.csv","2010","Disturbed (March-2010)","GCE4","163","GCE","Coastal","Vegetation Removal","Proxy"
"GCE_vegetation_cover_2010-2014.csv","2010","Control","GCE5","749","GCE","Coastal","Vegetation Removal","Proxy"
"GCE_vegetation_cover_2010-2014.csv","2010","Disturbed (March-2010)","GCE5","13","GCE","Coastal","Vegetation Removal","Proxy"
"GCE_vegetation_cover_2010-2014.csv","2010","Control","GCE6","739","GCE","Coastal","Vegetation Removal","Proxy"
"GCE_vegetation_cover_2010-2014.csv","2010","Disturbed (March-2010)","GCE6","317","GCE","Coastal","Vegetation Removal","Proxy"
"GCE_vegetation_cover_2010-2014.csv","2010","Control","GCE7","768","GCE","Coastal","Vegetation Removal","Proxy"
"GCE_vegetation_cover_2010-2014.csv","2010","Disturbed (March-2010)","GCE7","745","GCE","Coastal","Vegetation Removal","Proxy"
"GCE_vegetation_cover_2010-2014.csv","2010","Control","GCE8","681","GCE","Coastal","Vegetation Removal","Proxy"
"GCE_vegetation_cover_2010-2014.csv","2010","Disturbed (March-2010)","GCE8","375","GCE","Coastal","Vegetation Removal","Proxy"
"GCE_vegetation_cover_2010-2014.csv","2010","Control","GCE9","799","GCE","Coastal","Vegetation Removal","Proxy"
"GCE_vegetation_cover_2010-2014.csv","2010","Disturbed (March-2010)","GCE9","787","GCE","Coastal","Vegetation Removal","Proxy"
"GCE_vegetation_cover_2010-2014.csv","2011","Control","A","799","GCE","Coastal","Vegetation Removal","Proxy"
"GCE_vegetation_cover_2010-2014.csv","2011","Disturbed (March-2010)","A","799","GCE","Coastal","Vegetation Removal","Proxy"
"GCE_vegetation_cover_2010-2014.csv","2011","Control","B","792","GCE","Coastal","Vegetation Removal","Proxy"
"GCE_vegetation_cover_2010-2014.csv","2011","Disturbed (March-2010)","B","606","GCE","Coastal","Vegetation Removal","Proxy"
"GCE_vegetation_cover_2010-2014.csv","2011","Control","GCE1","780","GCE","Coastal","Vegetation Removal","Proxy"
"GCE_vegetation_cover_2010-2014.csv","2011","Disturbed (March-2010)","GCE1","121","GCE","Coastal","Vegetation Removal","Proxy"
"GCE_vegetation_cover_2010-2014.csv","2011","Control","GCE10","785","GCE","Coastal","Vegetation Removal","Proxy"
"GCE_vegetation_cover_2010-2014.csv","2011","Disturbed (March-2010)","GCE10","608","GCE","Coastal","Vegetation Removal","Proxy"
"GCE_vegetation_cover_2010-2014.csv","2011","Control","GCE2","709","GCE","Coastal","Vegetation Removal","Proxy"
"GCE_vegetation_cover_2010-2014.csv","2011","Disturbed (March-2010)","GCE2","521","GCE","Coastal","Vegetation Removal","Proxy"
"GCE_vegetation_cover_2010-2014.csv","2011","Control","GCE3","786","GCE","Coastal","Vegetation Removal","Proxy"
"GCE_vegetation_cover_2010-2014.csv","2011","Disturbed (March-2010)","GCE3","471","GCE","Coastal","Vegetation Removal","Proxy"
"GCE_vegetation_cover_2010-2014.csv","2011","Control","GCE4","695","GCE","Coastal","Vegetation Removal","Proxy"
"GCE_vegetation_cover_2010-2014.csv","2011","Disturbed (March-2010)","GCE4","616","GCE","Coastal","Vegetation Removal","Proxy"
"GCE_vegetation_cover_2010-2014.csv","2011","Control","GCE5","694","GCE","Coastal","Vegetation Removal","Proxy"
"GCE_vegetation_cover_2010-2014.csv","2011","Disturbed (March-2010)","GCE5","350","GCE","Coastal","Vegetation Removal","Proxy"
"GCE_vegetation_cover_2010-2014.csv","2011","Control","GCE6","644","GCE","Coastal","Vegetation Removal","Proxy"
"GCE_vegetation_cover_2010-2014.csv","2011","Disturbed (March-2010)","GCE6","553","GCE","Coastal","Vegetation Removal","Proxy"
"GCE_vegetation_cover_2010-2014.csv","2011","Control","GCE7","800","GCE","Coastal","Vegetation Removal","Proxy"
"GCE_vegetation_cover_2010-2014.csv","2011","Disturbed (March-2010)","GCE7","800","GCE","Coastal","Vegetation Removal","Proxy"
"GCE_vegetation_cover_2010-2014.csv","2011","Control","GCE8","770","GCE","Coastal","Vegetation Removal","Proxy"
"GCE_vegetation_cover_2010-2014.csv","2011","Disturbed (March-2010)","GCE8","585","GCE","Coastal","Vegetation Removal","Proxy"
"GCE_vegetation_cover_2010-2014.csv","2011","Control","GCE9","691","GCE","Coastal","Vegetation Removal","Proxy"
"GCE_vegetation_cover_2010-2014.csv","2011","Disturbed (March-2010)","GCE9","610","GCE","Coastal","Vegetation Removal","Proxy"
"GCE_vegetation_cover_2010-2014.csv","2012","Control","A","799","GCE","Coastal","Vegetation Removal","Proxy"
"GCE_vegetation_cover_2010-2014.csv","2012","Disturbed (March-2010)","A","800","GCE","Coastal","Vegetation Removal","Proxy"
"GCE_vegetation_cover_2010-2014.csv","2012","Control","B","790","GCE","Coastal","Vegetation Removal","Proxy"
"GCE_vegetation_cover_2010-2014.csv","2012","Disturbed (March-2010)","B","664","GCE","Coastal","Vegetation Removal","Proxy"
"GCE_vegetation_cover_2010-2014.csv","2012","Control","GCE1","799","GCE","Coastal","Vegetation Removal","Proxy"
"GCE_vegetation_cover_2010-2014.csv","2012","Disturbed (March-2010)","GCE1","406","GCE","Coastal","Vegetation Removal","Proxy"
"GCE_vegetation_cover_2010-2014.csv","2012","Control","GCE10","716","GCE","Coastal","Vegetation Removal","Proxy"
"GCE_vegetation_cover_2010-2014.csv","2012","Disturbed (March-2010)","GCE10","686","GCE","Coastal","Vegetation Removal","Proxy"
"GCE_vegetation_cover_2010-2014.csv","2012","Control","GCE2","733","GCE","Coastal","Vegetation Removal","Proxy"
"GCE_vegetation_cover_2010-2014.csv","2012","Disturbed (March-2010)","GCE2","677","GCE","Coastal","Vegetation Removal","Proxy"
"GCE_vegetation_cover_2010-2014.csv","2012","Control","GCE3","778","GCE","Coastal","Vegetation Removal","Proxy"
"GCE_vegetation_cover_2010-2014.csv","2012","Disturbed (March-2010)","GCE3","582","GCE","Coastal","Vegetation Removal","Proxy"
"GCE_vegetation_cover_2010-2014.csv","2012","Control","GCE4","720","GCE","Coastal","Vegetation Removal","Proxy"
"GCE_vegetation_cover_2010-2014.csv","2012","Disturbed (March-2010)","GCE4","696","GCE","Coastal","Vegetation Removal","Proxy"
"GCE_vegetation_cover_2010-2014.csv","2012","Control","GCE5","715","GCE","Coastal","Vegetation Removal","Proxy"
"GCE_vegetation_cover_2010-2014.csv","2012","Disturbed (March-2010)","GCE5","647","GCE","Coastal","Vegetation Removal","Proxy"
"GCE_vegetation_cover_2010-2014.csv","2012","Control","GCE6","698","GCE","Coastal","Vegetation Removal","Proxy"
"GCE_vegetation_cover_2010-2014.csv","2012","Disturbed (March-2010)","GCE6","656","GCE","Coastal","Vegetation Removal","Proxy"
"GCE_vegetation_cover_2010-2014.csv","2012","Control","GCE7","799","GCE","Coastal","Vegetation Removal","Proxy"
"GCE_vegetation_cover_2010-2014.csv","2012","Disturbed (March-2010)","GCE7","800","GCE","Coastal","Vegetation Removal","Proxy"
"GCE_vegetation_cover_2010-2014.csv","2012","Control","GCE8","798","GCE","Coastal","Vegetation Removal","Proxy"
"GCE_vegetation_cover_2010-2014.csv","2012","Disturbed (March-2010)","GCE8","776","GCE","Coastal","Vegetation Removal","Proxy"
"GCE_vegetation_cover_2010-2014.csv","2012","Control","GCE9","767","GCE","Coastal","Vegetation Removal","Proxy"
"GCE_vegetation_cover_2010-2014.csv","2012","Disturbed (March-2010)","GCE9","763","GCE","Coastal","Vegetation Removal","Proxy"
"GCE_vegetation_cover_2010-2014.csv","2013","Control","A","799","GCE","Coastal","Vegetation Removal","Proxy"
"GCE_vegetation_cover_2010-2014.csv","2013","Disturbed (March-2010)","A","799","GCE","Coastal","Vegetation Removal","Proxy"
"GCE_vegetation_cover_2010-2014.csv","2013","Control","B","798","GCE","Coastal","Vegetation Removal","Proxy"
"GCE_vegetation_cover_2010-2014.csv","2013","Disturbed (March-2010)","B","762","GCE","Coastal","Vegetation Removal","Proxy"
"GCE_vegetation_cover_2010-2014.csv","2013","Control","GCE1","799","GCE","Coastal","Vegetation Removal","Proxy"
"GCE_vegetation_cover_2010-2014.csv","2013","Disturbed (March-2010)","GCE1","587","GCE","Coastal","Vegetation Removal","Proxy"
"GCE_vegetation_cover_2010-2014.csv","2013","Control","GCE10","756","GCE","Coastal","Vegetation Removal","Proxy"
"GCE_vegetation_cover_2010-2014.csv","2013","Disturbed (March-2010)","GCE10","720","GCE","Coastal","Vegetation Removal","Proxy"
"GCE_vegetation_cover_2010-2014.csv","2013","Control","GCE2","769","GCE","Coastal","Vegetation Removal","Proxy"
"GCE_vegetation_cover_2010-2014.csv","2013","Disturbed (March-2010)","GCE2","766","GCE","Coastal","Vegetation Removal","Proxy"
"GCE_vegetation_cover_2010-2014.csv","2013","Control","GCE3","768","GCE","Coastal","Vegetation Removal","Proxy"
"GCE_vegetation_cover_2010-2014.csv","2013","Disturbed (March-2010)","GCE3","649","GCE","Coastal","Vegetation Removal","Proxy"
"GCE_vegetation_cover_2010-2014.csv","2013","Control","GCE4","790","GCE","Coastal","Vegetation Removal","Proxy"
"GCE_vegetation_cover_2010-2014.csv","2013","Disturbed (March-2010)","GCE4","781","GCE","Coastal","Vegetation Removal","Proxy"
"GCE_vegetation_cover_2010-2014.csv","2013","Control","GCE5","782","GCE","Coastal","Vegetation Removal","Proxy"
"GCE_vegetation_cover_2010-2014.csv","2013","Disturbed (March-2010)","GCE5","779","GCE","Coastal","Vegetation Removal","Proxy"
"GCE_vegetation_cover_2010-2014.csv","2013","Control","GCE6","756","GCE","Coastal","Vegetation Removal","Proxy"
"GCE_vegetation_cover_2010-2014.csv","2013","Disturbed (March-2010)","GCE6","752","GCE","Coastal","Vegetation Removal","Proxy"
"GCE_vegetation_cover_2010-2014.csv","2013","Control","GCE7","799","GCE","Coastal","Vegetation Removal","Proxy"
"GCE_vegetation_cover_2010-2014.csv","2013","Disturbed (March-2010)","GCE7","799","GCE","Coastal","Vegetation Removal","Proxy"
"GCE_vegetation_cover_2010-2014.csv","2013","Control","GCE8","799","GCE","Coastal","Vegetation Removal","Proxy"
"GCE_vegetation_cover_2010-2014.csv","2013","Disturbed (March-2010)","GCE8","799","GCE","Coastal","Vegetation Removal","Proxy"
"GCE_vegetation_cover_2010-2014.csv","2013","Control","GCE9","783","GCE","Coastal","Vegetation Removal","Proxy"
"GCE_vegetation_cover_2010-2014.csv","2013","Disturbed (March-2010)","GCE9","782","GCE","Coastal","Vegetation Removal","Proxy"
"GCE_vegetation_cover_2010-2014.csv","2014","Control","A","799","GCE","Coastal","Vegetation Removal","Proxy"
"GCE_vegetation_cover_2010-2014.csv","2014","Disturbed (March-2010)","A","798","GCE","Coastal","Vegetation Removal","Proxy"
"GCE_vegetation_cover_2010-2014.csv","2014","Control","B","799","GCE","Coastal","Vegetation Removal","Proxy"
"GCE_vegetation_cover_2010-2014.csv","2014","Disturbed (March-2010)","B","798","GCE","Coastal","Vegetation Removal","Proxy"
"GCE_vegetation_cover_2010-2014.csv","2014","Control","GCE1","799","GCE","Coastal","Vegetation Removal","Proxy"
"GCE_vegetation_cover_2010-2014.csv","2014","Disturbed (March-2010)","GCE1","626","GCE","Coastal","Vegetation Removal","Proxy"
"GCE_vegetation_cover_2010-2014.csv","2014","Control","GCE10","799","GCE","Coastal","Vegetation Removal","Proxy"
"GCE_vegetation_cover_2010-2014.csv","2014","Disturbed (March-2010)","GCE10","798","GCE","Coastal","Vegetation Removal","Proxy"
"GCE_vegetation_cover_2010-2014.csv","2014","Control","GCE2","799","GCE","Coastal","Vegetation Removal","Proxy"
"GCE_vegetation_cover_2010-2014.csv","2014","Disturbed (March-2010)","GCE2","798","GCE","Coastal","Vegetation Removal","Proxy"
"GCE_vegetation_cover_2010-2014.csv","2014","Control","GCE3","799","GCE","Coastal","Vegetation Removal","Proxy"
"GCE_vegetation_cover_2010-2014.csv","2014","Disturbed (March-2010)","GCE3","798","GCE","Coastal","Vegetation Removal","Proxy"
"GCE_vegetation_cover_2010-2014.csv","2014","Control","GCE4","799","GCE","Coastal","Vegetation Removal","Proxy"
"GCE_vegetation_cover_2010-2014.csv","2014","Disturbed (March-2010)","GCE4","798","GCE","Coastal","Vegetation Removal","Proxy"
"GCE_vegetation_cover_2010-2014.csv","2014","Control","GCE5","799","GCE","Coastal","Vegetation Removal","Proxy"
"GCE_vegetation_cover_2010-2014.csv","2014","Disturbed (March-2010)","GCE5","798","GCE","Coastal","Vegetation Removal","Proxy"
"GCE_vegetation_cover_2010-2014.csv","2014","Control","GCE6","799","GCE","Coastal","Vegetation Removal","Proxy"
"GCE_vegetation_cover_2010-2014.csv","2014","Disturbed (March-2010)","GCE6","798","GCE","Coastal","Vegetation Removal","Proxy"
"GCE_vegetation_cover_2010-2014.csv","2014","Control","GCE7","799","GCE","Coastal","Vegetation Removal","Proxy"
"GCE_vegetation_cover_2010-2014.csv","2014","Disturbed (March-2010)","GCE7","798","GCE","Coastal","Vegetation Removal","Proxy"
"GCE_vegetation_cover_2010-2014.csv","2014","Control","GCE8","799","GCE","Coastal","Vegetation Removal","Proxy"
"GCE_vegetation_cover_2010-2014.csv","2014","Disturbed (March-2010)","GCE8","798","GCE","Coastal","Vegetation Removal","Proxy"
"GCE_vegetation_cover_2010-2014.csv","2014","Control","GCE9","799","GCE","Coastal","Vegetation Removal","Proxy"
"GCE_vegetation_cover_2010-2014.csv","2014","Disturbed (March-2010)","GCE9","798","GCE","Coastal","Vegetation Removal","Proxy"
"HBR_litterfall_2011-2021.csv","2011","C","C1","275.052","HBR","Forest","Fertilization","Flux"
"HBR_litterfall_2011-2021.csv","2011","N","C1","246.296","HBR","Forest","Fertilization","Flux"
"HBR_litterfall_2011-2021.csv","2011","NP","C1","263.364","HBR","Forest","Fertilization","Flux"
"HBR_litterfall_2011-2021.csv","2011","P","C1","265.54","HBR","Forest","Fertilization","Flux"
"HBR_litterfall_2011-2021.csv","2011","C","C2","249.476","HBR","Forest","Fertilization","Flux"
"HBR_litterfall_2011-2021.csv","2011","N","C2","232.766","HBR","Forest","Fertilization","Flux"
"HBR_litterfall_2011-2021.csv","2011","NP","C2","315.046","HBR","Forest","Fertilization","Flux"
"HBR_litterfall_2011-2021.csv","2011","P","C2","262.314","HBR","Forest","Fertilization","Flux"
"HBR_litterfall_2011-2021.csv","2011","C","C4","217.426","HBR","Forest","Fertilization","Flux"
"HBR_litterfall_2011-2021.csv","2011","N","C4","268.3375","HBR","Forest","Fertilization","Flux"
"HBR_litterfall_2011-2021.csv","2011","NP","C4","251.076","HBR","Forest","Fertilization","Flux"
"HBR_litterfall_2011-2021.csv","2011","P","C4","296.74","HBR","Forest","Fertilization","Flux"
"HBR_litterfall_2011-2021.csv","2011","C","C6","320.32","HBR","Forest","Fertilization","Flux"
"HBR_litterfall_2011-2021.csv","2011","N","C6","282.668","HBR","Forest","Fertilization","Flux"
"HBR_litterfall_2011-2021.csv","2011","NP","C6","305.192","HBR","Forest","Fertilization","Flux"
"HBR_litterfall_2011-2021.csv","2011","P","C6","287.366","HBR","Forest","Fertilization","Flux"
"HBR_litterfall_2011-2021.csv","2011","C","C7","284.676","HBR","Forest","Fertilization","Flux"
"HBR_litterfall_2011-2021.csv","2011","N","C7","287.596666666667","HBR","Forest","Fertilization","Flux"
"HBR_litterfall_2011-2021.csv","2011","NP","C7","287.8675","HBR","Forest","Fertilization","Flux"
"HBR_litterfall_2011-2021.csv","2011","P","C7","246.41","HBR","Forest","Fertilization","Flux"
"HBR_litterfall_2011-2021.csv","2011","C","C8","299.286","HBR","Forest","Fertilization","Flux"
"HBR_litterfall_2011-2021.csv","2011","N","C8","253.912","HBR","Forest","Fertilization","Flux"
"HBR_litterfall_2011-2021.csv","2011","NP","C8","293.304","HBR","Forest","Fertilization","Flux"
"HBR_litterfall_2011-2021.csv","2011","P","C8","273.042","HBR","Forest","Fertilization","Flux"
"HBR_litterfall_2011-2021.csv","2011","C","C9","340.226","HBR","Forest","Fertilization","Flux"
"HBR_litterfall_2011-2021.csv","2011","N","C9","331.94","HBR","Forest","Fertilization","Flux"
"HBR_litterfall_2011-2021.csv","2011","NP","C9","309.286","HBR","Forest","Fertilization","Flux"
"HBR_litterfall_2011-2021.csv","2011","P","C9","275.22","HBR","Forest","Fertilization","Flux"
"HBR_litterfall_2011-2021.csv","2011","C","HBM","324.566666666667","HBR","Forest","Fertilization","Flux"
"HBR_litterfall_2011-2021.csv","2011","N","HBM","305.1075","HBR","Forest","Fertilization","Flux"
"HBR_litterfall_2011-2021.csv","2011","NP","HBM","344.138","HBR","Forest","Fertilization","Flux"
"HBR_litterfall_2011-2021.csv","2011","P","HBM","320.5425","HBR","Forest","Fertilization","Flux"
"HBR_litterfall_2011-2021.csv","2011","C","HBO","332.45","HBR","Forest","Fertilization","Flux"
"HBR_litterfall_2011-2021.csv","2011","N","HBO","318.5225","HBR","Forest","Fertilization","Flux"
"HBR_litterfall_2011-2021.csv","2011","NP","HBO","245.523333333333","HBR","Forest","Fertilization","Flux"
"HBR_litterfall_2011-2021.csv","2011","P","HBO","241.61","HBR","Forest","Fertilization","Flux"
"HBR_litterfall_2011-2021.csv","2011","C","JBM","282.984","HBR","Forest","Fertilization","Flux"
"HBR_litterfall_2011-2021.csv","2011","N","JBM","242.304","HBR","Forest","Fertilization","Flux"
"HBR_litterfall_2011-2021.csv","2011","NP","JBM","230.33","HBR","Forest","Fertilization","Flux"
"HBR_litterfall_2011-2021.csv","2011","P","JBM","250.838","HBR","Forest","Fertilization","Flux"
"HBR_litterfall_2011-2021.csv","2011","C","JBO","292.018","HBR","Forest","Fertilization","Flux"
"HBR_litterfall_2011-2021.csv","2011","N","JBO","285.096","HBR","Forest","Fertilization","Flux"
"HBR_litterfall_2011-2021.csv","2011","NP","JBO","280.956","HBR","Forest","Fertilization","Flux"
"HBR_litterfall_2011-2021.csv","2011","P","JBO","304.522","HBR","Forest","Fertilization","Flux"
"HBR_litterfall_2011-2021.csv","2012","C","C1","259.21","HBR","Forest","Fertilization","Flux"
"HBR_litterfall_2011-2021.csv","2012","N","C1","260.616","HBR","Forest","Fertilization","Flux"
"HBR_litterfall_2011-2021.csv","2012","NP","C1","275.192","HBR","Forest","Fertilization","Flux"
"HBR_litterfall_2011-2021.csv","2012","P","C1","277.738","HBR","Forest","Fertilization","Flux"
"HBR_litterfall_2011-2021.csv","2012","C","C2","273.966","HBR","Forest","Fertilization","Flux"
"HBR_litterfall_2011-2021.csv","2012","N","C2","266.686","HBR","Forest","Fertilization","Flux"
"HBR_litterfall_2011-2021.csv","2012","NP","C2","253.678","HBR","Forest","Fertilization","Flux"
"HBR_litterfall_2011-2021.csv","2012","P","C2","282.748","HBR","Forest","Fertilization","Flux"
"HBR_litterfall_2011-2021.csv","2012","C","C4","299.262","HBR","Forest","Fertilization","Flux"
"HBR_litterfall_2011-2021.csv","2012","N","C4","331.164","HBR","Forest","Fertilization","Flux"
"HBR_litterfall_2011-2021.csv","2012","NP","C4","355.374","HBR","Forest","Fertilization","Flux"
"HBR_litterfall_2011-2021.csv","2012","P","C4","260.138","HBR","Forest","Fertilization","Flux"
"HBR_litterfall_2011-2021.csv","2012","C","C6","297.226","HBR","Forest","Fertilization","Flux"
"HBR_litterfall_2011-2021.csv","2012","N","C6","316.932","HBR","Forest","Fertilization","Flux"
"HBR_litterfall_2011-2021.csv","2012","NP","C6","315.626","HBR","Forest","Fertilization","Flux"
"HBR_litterfall_2011-2021.csv","2012","P","C6","331.774","HBR","Forest","Fertilization","Flux"
"HBR_litterfall_2011-2021.csv","2012","C","C7","288.81","HBR","Forest","Fertilization","Flux"
"HBR_litterfall_2011-2021.csv","2012","N","C7","262.502","HBR","Forest","Fertilization","Flux"
"HBR_litterfall_2011-2021.csv","2012","NP","C7","259.928","HBR","Forest","Fertilization","Flux"
"HBR_litterfall_2011-2021.csv","2012","P","C7","230.808","HBR","Forest","Fertilization","Flux"
"HBR_litterfall_2011-2021.csv","2012","C","C8","283.398","HBR","Forest","Fertilization","Flux"
"HBR_litterfall_2011-2021.csv","2012","N","C8","282.122","HBR","Forest","Fertilization","Flux"
"HBR_litterfall_2011-2021.csv","2012","NP","C8","230.914","HBR","Forest","Fertilization","Flux"
"HBR_litterfall_2011-2021.csv","2012","P","C8","306.444","HBR","Forest","Fertilization","Flux"
"HBR_litterfall_2011-2021.csv","2012","C","C9","349.53","HBR","Forest","Fertilization","Flux"
"HBR_litterfall_2011-2021.csv","2012","N","C9","286.634","HBR","Forest","Fertilization","Flux"
"HBR_litterfall_2011-2021.csv","2012","NP","C9","303.486","HBR","Forest","Fertilization","Flux"
"HBR_litterfall_2011-2021.csv","2012","P","C9","254.034","HBR","Forest","Fertilization","Flux"
"HBR_litterfall_2011-2021.csv","2012","C","HBM","309.296","HBR","Forest","Fertilization","Flux"
"HBR_litterfall_2011-2021.csv","2012","N","HBM","355.016","HBR","Forest","Fertilization","Flux"
"HBR_litterfall_2011-2021.csv","2012","NP","HBM","396.724","HBR","Forest","Fertilization","Flux"
"HBR_litterfall_2011-2021.csv","2012","P","HBM","339.478","HBR","Forest","Fertilization","Flux"
"HBR_litterfall_2011-2021.csv","2012","C","HBO","330.304","HBR","Forest","Fertilization","Flux"
"HBR_litterfall_2011-2021.csv","2012","N","HBO","310.634","HBR","Forest","Fertilization","Flux"
"HBR_litterfall_2011-2021.csv","2012","NP","HBO","294.626","HBR","Forest","Fertilization","Flux"
"HBR_litterfall_2011-2021.csv","2012","P","HBO","282.982","HBR","Forest","Fertilization","Flux"
"HBR_litterfall_2011-2021.csv","2012","C","JBM","352.608","HBR","Forest","Fertilization","Flux"
"HBR_litterfall_2011-2021.csv","2012","N","JBM","316.2","HBR","Forest","Fertilization","Flux"
"HBR_litterfall_2011-2021.csv","2012","NP","JBM","292.8","HBR","Forest","Fertilization","Flux"
"HBR_litterfall_2011-2021.csv","2012","P","JBM","317.476","HBR","Forest","Fertilization","Flux"
"HBR_litterfall_2011-2021.csv","2012","C","JBO","311.366","HBR","Forest","Fertilization","Flux"
"HBR_litterfall_2011-2021.csv","2012","N","JBO","325.922","HBR","Forest","Fertilization","Flux"
"HBR_litterfall_2011-2021.csv","2012","NP","JBO","310.878","HBR","Forest","Fertilization","Flux"
"HBR_litterfall_2011-2021.csv","2012","P","JBO","328.582","HBR","Forest","Fertilization","Flux"
"HBR_litterfall_2011-2021.csv","2013","C","C1","271.156","HBR","Forest","Fertilization","Flux"
"HBR_litterfall_2011-2021.csv","2013","N","C1","272.694","HBR","Forest","Fertilization","Flux"
"HBR_litterfall_2011-2021.csv","2013","NP","C1","300","HBR","Forest","Fertilization","Flux"
"HBR_litterfall_2011-2021.csv","2013","P","C1","278.776","HBR","Forest","Fertilization","Flux"
"HBR_litterfall_2011-2021.csv","2013","C","C2","308.356","HBR","Forest","Fertilization","Flux"
"HBR_litterfall_2011-2021.csv","2013","N","C2","277.198","HBR","Forest","Fertilization","Flux"
"HBR_litterfall_2011-2021.csv","2013","NP","C2","197.598","HBR","Forest","Fertilization","Flux"
"HBR_litterfall_2011-2021.csv","2013","P","C2","344.538","HBR","Forest","Fertilization","Flux"
"HBR_litterfall_2011-2021.csv","2013","C","C4","317.888","HBR","Forest","Fertilization","Flux"
"HBR_litterfall_2011-2021.csv","2013","N","C4","299.134","HBR","Forest","Fertilization","Flux"
"HBR_litterfall_2011-2021.csv","2013","NP","C4","345.435","HBR","Forest","Fertilization","Flux"
"HBR_litterfall_2011-2021.csv","2013","P","C4","263.564","HBR","Forest","Fertilization","Flux"
"HBR_litterfall_2011-2021.csv","2013","C","C6","332.26","HBR","Forest","Fertilization","Flux"
"HBR_litterfall_2011-2021.csv","2013","N","C6","341.566","HBR","Forest","Fertilization","Flux"
"HBR_litterfall_2011-2021.csv","2013","NP","C6","358.218","HBR","Forest","Fertilization","Flux"
"HBR_litterfall_2011-2021.csv","2013","P","C6","341.826","HBR","Forest","Fertilization","Flux"
"HBR_litterfall_2011-2021.csv","2013","C","C7","324.52","HBR","Forest","Fertilization","Flux"
"HBR_litterfall_2011-2021.csv","2013","N","C7","321.13","HBR","Forest","Fertilization","Flux"
"HBR_litterfall_2011-2021.csv","2013","NP","C7","319.096","HBR","Forest","Fertilization","Flux"
"HBR_litterfall_2011-2021.csv","2013","P","C7","243.912","HBR","Forest","Fertilization","Flux"
"HBR_litterfall_2011-2021.csv","2013","C","C8","333.216","HBR","Forest","Fertilization","Flux"
"HBR_litterfall_2011-2021.csv","2013","N","C8","296.782","HBR","Forest","Fertilization","Flux"
"HBR_litterfall_2011-2021.csv","2013","NP","C8","259.13","HBR","Forest","Fertilization","Flux"
"HBR_litterfall_2011-2021.csv","2013","P","C8","314.06","HBR","Forest","Fertilization","Flux"
"HBR_litterfall_2011-2021.csv","2013","C","C9","366.87","HBR","Forest","Fertilization","Flux"
"HBR_litterfall_2011-2021.csv","2013","N","C9","336.262","HBR","Forest","Fertilization","Flux"
"HBR_litterfall_2011-2021.csv","2013","NP","C9","312.086","HBR","Forest","Fertilization","Flux"
"HBR_litterfall_2011-2021.csv","2013","P","C9","300.348","HBR","Forest","Fertilization","Flux"
"HBR_litterfall_2011-2021.csv","2013","C","HBM","349.39","HBR","Forest","Fertilization","Flux"
"HBR_litterfall_2011-2021.csv","2013","N","HBM","344.87","HBR","Forest","Fertilization","Flux"
"HBR_litterfall_2011-2021.csv","2013","NP","HBM","342.872","HBR","Forest","Fertilization","Flux"
"HBR_litterfall_2011-2021.csv","2013","P","HBM","316.262","HBR","Forest","Fertilization","Flux"
"HBR_litterfall_2011-2021.csv","2013","C","HBO","311.244","HBR","Forest","Fertilization","Flux"
"HBR_litterfall_2011-2021.csv","2013","N","HBO","303.644","HBR","Forest","Fertilization","Flux"
"HBR_litterfall_2011-2021.csv","2013","NP","HBO","313.174","HBR","Forest","Fertilization","Flux"
"HBR_litterfall_2011-2021.csv","2013","P","HBO","238.452","HBR","Forest","Fertilization","Flux"
"HBR_litterfall_2011-2021.csv","2013","C","JBM","239.306","HBR","Forest","Fertilization","Flux"
"HBR_litterfall_2011-2021.csv","2013","N","JBM","226.348","HBR","Forest","Fertilization","Flux"
"HBR_litterfall_2011-2021.csv","2013","NP","JBM","227.478","HBR","Forest","Fertilization","Flux"
"HBR_litterfall_2011-2021.csv","2013","P","JBM","232.468","HBR","Forest","Fertilization","Flux"
"HBR_litterfall_2011-2021.csv","2013","C","JBO","190.686","HBR","Forest","Fertilization","Flux"
"HBR_litterfall_2011-2021.csv","2013","N","JBO","227.07","HBR","Forest","Fertilization","Flux"
"HBR_litterfall_2011-2021.csv","2013","NP","JBO","211.218","HBR","Forest","Fertilization","Flux"
"HBR_litterfall_2011-2021.csv","2013","P","JBO","220.662","HBR","Forest","Fertilization","Flux"
"HBR_litterfall_2011-2021.csv","2014","C","C1","260.086","HBR","Forest","Fertilization","Flux"
"HBR_litterfall_2011-2021.csv","2014","N","C1","293.616","HBR","Forest","Fertilization","Flux"
"HBR_litterfall_2011-2021.csv","2014","NP","C1","334.49","HBR","Forest","Fertilization","Flux"
"HBR_litterfall_2011-2021.csv","2014","P","C1","300.738","HBR","Forest","Fertilization","Flux"
"HBR_litterfall_2011-2021.csv","2014","C","C2","308.408","HBR","Forest","Fertilization","Flux"
"HBR_litterfall_2011-2021.csv","2014","N","C2","249.86","HBR","Forest","Fertilization","Flux"
"HBR_litterfall_2011-2021.csv","2014","NP","C2","239.182","HBR","Forest","Fertilization","Flux"
"HBR_litterfall_2011-2021.csv","2014","P","C2","293.992","HBR","Forest","Fertilization","Flux"
"HBR_litterfall_2011-2021.csv","2014","C","C4","275.644","HBR","Forest","Fertilization","Flux"
"HBR_litterfall_2011-2021.csv","2014","N","C4","264.79","HBR","Forest","Fertilization","Flux"
"HBR_litterfall_2011-2021.csv","2014","NP","C4","259.358","HBR","Forest","Fertilization","Flux"
"HBR_litterfall_2011-2021.csv","2014","P","C4","259.73","HBR","Forest","Fertilization","Flux"
"HBR_litterfall_2011-2021.csv","2014","C","C6","305.4","HBR","Forest","Fertilization","Flux"
"HBR_litterfall_2011-2021.csv","2014","N","C6","323.914","HBR","Forest","Fertilization","Flux"
"HBR_litterfall_2011-2021.csv","2014","NP","C6","278.808","HBR","Forest","Fertilization","Flux"
"HBR_litterfall_2011-2021.csv","2014","P","C6","285.93","HBR","Forest","Fertilization","Flux"
"HBR_litterfall_2011-2021.csv","2014","C","C7","268.252","HBR","Forest","Fertilization","Flux"
"HBR_litterfall_2011-2021.csv","2014","N","C7","249.826","HBR","Forest","Fertilization","Flux"
"HBR_litterfall_2011-2021.csv","2014","NP","C7","226.662","HBR","Forest","Fertilization","Flux"
"HBR_litterfall_2011-2021.csv","2014","P","C7","229.182","HBR","Forest","Fertilization","Flux"
"HBR_litterfall_2011-2021.csv","2014","C","C8","287.7475","HBR","Forest","Fertilization","Flux"
"HBR_litterfall_2011-2021.csv","2014","N","C8","263.8","HBR","Forest","Fertilization","Flux"
"HBR_litterfall_2011-2021.csv","2014","NP","C8","221.075","HBR","Forest","Fertilization","Flux"
"HBR_litterfall_2011-2021.csv","2014","P","C8","259.358","HBR","Forest","Fertilization","Flux"
"HBR_litterfall_2011-2021.csv","2014","C","C9","302.948","HBR","Forest","Fertilization","Flux"
"HBR_litterfall_2011-2021.csv","2014","N","C9","240.984","HBR","Forest","Fertilization","Flux"
"HBR_litterfall_2011-2021.csv","2014","NP","C9","224.398","HBR","Forest","Fertilization","Flux"
"HBR_litterfall_2011-2021.csv","2014","P","C9","234.182","HBR","Forest","Fertilization","Flux"
"HBR_litterfall_2011-2021.csv","2014","C","HBM","361.52","HBR","Forest","Fertilization","Flux"
"HBR_litterfall_2011-2021.csv","2014","N","HBM","281.43","HBR","Forest","Fertilization","Flux"
"HBR_litterfall_2011-2021.csv","2014","NP","HBM","313.476","HBR","Forest","Fertilization","Flux"
"HBR_litterfall_2011-2021.csv","2014","P","HBM","284.562","HBR","Forest","Fertilization","Flux"
"HBR_litterfall_2011-2021.csv","2014","C","HBO","338.145","HBR","Forest","Fertilization","Flux"
"HBR_litterfall_2011-2021.csv","2014","N","HBO","336.546","HBR","Forest","Fertilization","Flux"
"HBR_litterfall_2011-2021.csv","2014","NP","HBO","334.938","HBR","Forest","Fertilization","Flux"
"HBR_litterfall_2011-2021.csv","2014","P","HBO","275.696","HBR","Forest","Fertilization","Flux"
"HBR_litterfall_2011-2021.csv","2014","C","JBM","306.52","HBR","Forest","Fertilization","Flux"
"HBR_litterfall_2011-2021.csv","2014","N","JBM","265.72","HBR","Forest","Fertilization","Flux"
"HBR_litterfall_2011-2021.csv","2014","NP","JBM","270.686","HBR","Forest","Fertilization","Flux"
"HBR_litterfall_2011-2021.csv","2014","P","JBM","270.158","HBR","Forest","Fertilization","Flux"
"HBR_litterfall_2011-2021.csv","2014","C","JBO","285.416","HBR","Forest","Fertilization","Flux"
"HBR_litterfall_2011-2021.csv","2014","N","JBO","349.465","HBR","Forest","Fertilization","Flux"
"HBR_litterfall_2011-2021.csv","2014","NP","JBO","309.702","HBR","Forest","Fertilization","Flux"
"HBR_litterfall_2011-2021.csv","2014","P","JBO","313.328","HBR","Forest","Fertilization","Flux"
"HBR_litterfall_2011-2021.csv","2015","C","C1","319.104","HBR","Forest","Fertilization","Flux"
"HBR_litterfall_2011-2021.csv","2015","N","C1","293.506","HBR","Forest","Fertilization","Flux"
"HBR_litterfall_2011-2021.csv","2015","NP","C1","333.686","HBR","Forest","Fertilization","Flux"
"HBR_litterfall_2011-2021.csv","2015","P","C1","329.6425","HBR","Forest","Fertilization","Flux"
"HBR_litterfall_2011-2021.csv","2015","C","C2","294.932","HBR","Forest","Fertilization","Flux"
"HBR_litterfall_2011-2021.csv","2015","N","C2","298.668","HBR","Forest","Fertilization","Flux"
"HBR_litterfall_2011-2021.csv","2015","NP","C2","279.9225","HBR","Forest","Fertilization","Flux"
"HBR_litterfall_2011-2021.csv","2015","P","C2","337.538","HBR","Forest","Fertilization","Flux"
"HBR_litterfall_2011-2021.csv","2015","C","C4","372.088","HBR","Forest","Fertilization","Flux"
"HBR_litterfall_2011-2021.csv","2015","N","C4","338.98","HBR","Forest","Fertilization","Flux"
"HBR_litterfall_2011-2021.csv","2015","NP","C4","373.364","HBR","Forest","Fertilization","Flux"
"HBR_litterfall_2011-2021.csv","2015","P","C4","286.444","HBR","Forest","Fertilization","Flux"
"HBR_litterfall_2011-2021.csv","2015","C","C6","348.868","HBR","Forest","Fertilization","Flux"
"HBR_litterfall_2011-2021.csv","2015","Ca","C6","317.628","HBR","Forest","Fertilization","Flux"
"HBR_litterfall_2011-2021.csv","2015","N","C6","368.316","HBR","Forest","Fertilization","Flux"
"HBR_litterfall_2011-2021.csv","2015","NP","C6","373.79","HBR","Forest","Fertilization","Flux"
"HBR_litterfall_2011-2021.csv","2015","P","C6","333.054","HBR","Forest","Fertilization","Flux"
"HBR_litterfall_2011-2021.csv","2015","C","C7","363.476","HBR","Forest","Fertilization","Flux"
"HBR_litterfall_2011-2021.csv","2015","N","C7","421.914","HBR","Forest","Fertilization","Flux"
"HBR_litterfall_2011-2021.csv","2015","NP","C7","388.156","HBR","Forest","Fertilization","Flux"
"HBR_litterfall_2011-2021.csv","2015","P","C7","373.93","HBR","Forest","Fertilization","Flux"
"HBR_litterfall_2011-2021.csv","2015","C","C8","360.708","HBR","Forest","Fertilization","Flux"
"HBR_litterfall_2011-2021.csv","2015","Ca","C8","304.904","HBR","Forest","Fertilization","Flux"
"HBR_litterfall_2011-2021.csv","2015","N","C8","312.252","HBR","Forest","Fertilization","Flux"
"HBR_litterfall_2011-2021.csv","2015","NP","C8","203.416","HBR","Forest","Fertilization","Flux"
"HBR_litterfall_2011-2021.csv","2015","P","C8","361.322","HBR","Forest","Fertilization","Flux"
"HBR_litterfall_2011-2021.csv","2015","C","C9","367.46","HBR","Forest","Fertilization","Flux"
"HBR_litterfall_2011-2021.csv","2015","N","C9","358.68","HBR","Forest","Fertilization","Flux"
"HBR_litterfall_2011-2021.csv","2015","NP","C9","398.156","HBR","Forest","Fertilization","Flux"
"HBR_litterfall_2011-2021.csv","2015","P","C9","343.026","HBR","Forest","Fertilization","Flux"
"HBR_litterfall_2011-2021.csv","2015","C","HBM","335.696","HBR","Forest","Fertilization","Flux"
"HBR_litterfall_2011-2021.csv","2015","N","HBM","367.546","HBR","Forest","Fertilization","Flux"
"HBR_litterfall_2011-2021.csv","2015","NP","HBM","357.162","HBR","Forest","Fertilization","Flux"
"HBR_litterfall_2011-2021.csv","2015","P","HBM","318.948","HBR","Forest","Fertilization","Flux"
"HBR_litterfall_2011-2021.csv","2015","C","HBO","284.172","HBR","Forest","Fertilization","Flux"
"HBR_litterfall_2011-2021.csv","2015","N","HBO","273.5425","HBR","Forest","Fertilization","Flux"
"HBR_litterfall_2011-2021.csv","2015","NP","HBO","310.9975","HBR","Forest","Fertilization","Flux"
"HBR_litterfall_2011-2021.csv","2015","P","HBO","312.226","HBR","Forest","Fertilization","Flux"
"HBR_litterfall_2011-2021.csv","2015","C","JBM","256.6","HBR","Forest","Fertilization","Flux"
"HBR_litterfall_2011-2021.csv","2015","N","JBM","255.428","HBR","Forest","Fertilization","Flux"
"HBR_litterfall_2011-2021.csv","2015","NP","JBM","234.096","HBR","Forest","Fertilization","Flux"
"HBR_litterfall_2011-2021.csv","2015","P","JBM","263.634","HBR","Forest","Fertilization","Flux"
"HBR_litterfall_2011-2021.csv","2015","C","JBO","272.148","HBR","Forest","Fertilization","Flux"
"HBR_litterfall_2011-2021.csv","2015","N","JBO","264.512","HBR","Forest","Fertilization","Flux"
"HBR_litterfall_2011-2021.csv","2015","NP","JBO","289.172","HBR","Forest","Fertilization","Flux"
"HBR_litterfall_2011-2021.csv","2015","P","JBO","292.722","HBR","Forest","Fertilization","Flux"
"HBR_litterfall_2011-2021.csv","2016","C","C1","319.408","HBR","Forest","Fertilization","Flux"
"HBR_litterfall_2011-2021.csv","2016","N","C1","320.208","HBR","Forest","Fertilization","Flux"
"HBR_litterfall_2011-2021.csv","2016","NP","C1","333.226","HBR","Forest","Fertilization","Flux"
"HBR_litterfall_2011-2021.csv","2016","P","C1","328.714","HBR","Forest","Fertilization","Flux"
"HBR_litterfall_2011-2021.csv","2016","C","C2","333.826","HBR","Forest","Fertilization","Flux"
"HBR_litterfall_2011-2021.csv","2016","N","C2","273.39","HBR","Forest","Fertilization","Flux"
"HBR_litterfall_2011-2021.csv","2016","NP","C2","282.802","HBR","Forest","Fertilization","Flux"
"HBR_litterfall_2011-2021.csv","2016","P","C2","335.4225","HBR","Forest","Fertilization","Flux"
"HBR_litterfall_2011-2021.csv","2016","C","C4","322.298","HBR","Forest","Fertilization","Flux"
"HBR_litterfall_2011-2021.csv","2016","N","C4","322.76","HBR","Forest","Fertilization","Flux"
"HBR_litterfall_2011-2021.csv","2016","NP","C4","335.358","HBR","Forest","Fertilization","Flux"
"HBR_litterfall_2011-2021.csv","2016","P","C4","325.998","HBR","Forest","Fertilization","Flux"
"HBR_litterfall_2011-2021.csv","2016","C","C5","313.94","HBR","Forest","Fertilization","Flux"
"HBR_litterfall_2011-2021.csv","2016","N","C5","348.556","HBR","Forest","Fertilization","Flux"
"HBR_litterfall_2011-2021.csv","2016","NP","C5","366.556","HBR","Forest","Fertilization","Flux"
"HBR_litterfall_2011-2021.csv","2016","P","C5","325.0975","HBR","Forest","Fertilization","Flux"
"HBR_litterfall_2011-2021.csv","2016","C","C6","346.964","HBR","Forest","Fertilization","Flux"
"HBR_litterfall_2011-2021.csv","2016","Ca","C6","339.48","HBR","Forest","Fertilization","Flux"
"HBR_litterfall_2011-2021.csv","2016","N","C6","348.294","HBR","Forest","Fertilization","Flux"
"HBR_litterfall_2011-2021.csv","2016","NP","C6","357.2375","HBR","Forest","Fertilization","Flux"
"HBR_litterfall_2011-2021.csv","2016","P","C6","335.358","HBR","Forest","Fertilization","Flux"
"HBR_litterfall_2011-2021.csv","2016","C","C7","375.764","HBR","Forest","Fertilization","Flux"
"HBR_litterfall_2011-2021.csv","2016","N","C7","340.756","HBR","Forest","Fertilization","Flux"
"HBR_litterfall_2011-2021.csv","2016","NP","C7","273.384","HBR","Forest","Fertilization","Flux"
"HBR_litterfall_2011-2021.csv","2016","P","C7","264.938","HBR","Forest","Fertilization","Flux"
"HBR_litterfall_2011-2021.csv","2016","C","C8","350.398","HBR","Forest","Fertilization","Flux"
"HBR_litterfall_2011-2021.csv","2016","Ca","C8","344.598","HBR","Forest","Fertilization","Flux"
"HBR_litterfall_2011-2021.csv","2016","N","C8","360.288","HBR","Forest","Fertilization","Flux"
"HBR_litterfall_2011-2021.csv","2016","NP","C8","269.14","HBR","Forest","Fertilization","Flux"
"HBR_litterfall_2011-2021.csv","2016","P","C8","351.964","HBR","Forest","Fertilization","Flux"
"HBR_litterfall_2011-2021.csv","2016","C","C9","379.6075","HBR","Forest","Fertilization","Flux"
"HBR_litterfall_2011-2021.csv","2016","N","C9","354.974","HBR","Forest","Fertilization","Flux"
"HBR_litterfall_2011-2021.csv","2016","NP","C9","377.5525","HBR","Forest","Fertilization","Flux"
"HBR_litterfall_2011-2021.csv","2016","P","C9","357.358","HBR","Forest","Fertilization","Flux"
"HBR_litterfall_2011-2021.csv","2016","C","HBM","344","HBR","Forest","Fertilization","Flux"
"HBR_litterfall_2011-2021.csv","2016","N","HBM","405.184","HBR","Forest","Fertilization","Flux"
"HBR_litterfall_2011-2021.csv","2016","NP","HBM","408.272","HBR","Forest","Fertilization","Flux"
"HBR_litterfall_2011-2021.csv","2016","P","HBM","355.888","HBR","Forest","Fertilization","Flux"
"HBR_litterfall_2011-2021.csv","2016","C","HBO","399.918571428571","HBR","Forest","Fertilization","Flux"
"HBR_litterfall_2011-2021.csv","2016","N","HBO","378.932","HBR","Forest","Fertilization","Flux"
"HBR_litterfall_2011-2021.csv","2016","NP","HBO","356.73","HBR","Forest","Fertilization","Flux"
"HBR_litterfall_2011-2021.csv","2016","P","HBO","298.332","HBR","Forest","Fertilization","Flux"
"HBR_litterfall_2011-2021.csv","2016","C","JBM","324.408","HBR","Forest","Fertilization","Flux"
"HBR_litterfall_2011-2021.csv","2016","N","JBM","328.478","HBR","Forest","Fertilization","Flux"
"HBR_litterfall_2011-2021.csv","2016","NP","JBM","306.503333333333","HBR","Forest","Fertilization","Flux"
"HBR_litterfall_2011-2021.csv","2016","P","JBM","317.052","HBR","Forest","Fertilization","Flux"
"HBR_litterfall_2011-2021.csv","2016","C","JBO","344.99","HBR","Forest","Fertilization","Flux"
"HBR_litterfall_2011-2021.csv","2016","N","JBO","373.842","HBR","Forest","Fertilization","Flux"
"HBR_litterfall_2011-2021.csv","2016","NP","JBO","354.852","HBR","Forest","Fertilization","Flux"
"HBR_litterfall_2011-2021.csv","2016","P","JBO","380.468","HBR","Forest","Fertilization","Flux"
"HBR_litterfall_2011-2021.csv","2017","C","C1","369.376","HBR","Forest","Fertilization","Flux"
"HBR_litterfall_2011-2021.csv","2017","N","C1","318.2","HBR","Forest","Fertilization","Flux"
"HBR_litterfall_2011-2021.csv","2017","NP","C1","316.156","HBR","Forest","Fertilization","Flux"
"HBR_litterfall_2011-2021.csv","2017","P","C1","349.828","HBR","Forest","Fertilization","Flux"
"HBR_litterfall_2011-2021.csv","2017","C","C2","312.685","HBR","Forest","Fertilization","Flux"
"HBR_litterfall_2011-2021.csv","2017","N","C2","302.808","HBR","Forest","Fertilization","Flux"
"HBR_litterfall_2011-2021.csv","2017","NP","C2","281.042","HBR","Forest","Fertilization","Flux"
"HBR_litterfall_2011-2021.csv","2017","P","C2","295.582","HBR","Forest","Fertilization","Flux"
"HBR_litterfall_2011-2021.csv","2017","C","C4","320.794","HBR","Forest","Fertilization","Flux"
"HBR_litterfall_2011-2021.csv","2017","N","C4","279.406","HBR","Forest","Fertilization","Flux"
"HBR_litterfall_2011-2021.csv","2017","NP","C4","305.6525","HBR","Forest","Fertilization","Flux"
"HBR_litterfall_2011-2021.csv","2017","P","C4","204.496","HBR","Forest","Fertilization","Flux"
"HBR_litterfall_2011-2021.csv","2017","C","C5","313.59","HBR","Forest","Fertilization","Flux"
"HBR_litterfall_2011-2021.csv","2017","N","C5","349.13","HBR","Forest","Fertilization","Flux"
"HBR_litterfall_2011-2021.csv","2017","NP","C5","320.583333333333","HBR","Forest","Fertilization","Flux"
"HBR_litterfall_2011-2021.csv","2017","P","C5","321.303333333333","HBR","Forest","Fertilization","Flux"
"HBR_litterfall_2011-2021.csv","2017","C","C6","363.654","HBR","Forest","Fertilization","Flux"
"HBR_litterfall_2011-2021.csv","2017","Ca","C6","340.584","HBR","Forest","Fertilization","Flux"
"HBR_litterfall_2011-2021.csv","2017","N","C6","395.706","HBR","Forest","Fertilization","Flux"
"HBR_litterfall_2011-2021.csv","2017","NP","C6","375.722","HBR","Forest","Fertilization","Flux"
"HBR_litterfall_2011-2021.csv","2017","P","C6","343.33","HBR","Forest","Fertilization","Flux"
"HBR_litterfall_2011-2021.csv","2017","C","C7","317.68","HBR","Forest","Fertilization","Flux"
"HBR_litterfall_2011-2021.csv","2017","N","C7","425.29","HBR","Forest","Fertilization","Flux"
"HBR_litterfall_2011-2021.csv","2017","NP","C7","462.238","HBR","Forest","Fertilization","Flux"
"HBR_litterfall_2011-2021.csv","2017","P","C7","299.906","HBR","Forest","Fertilization","Flux"
"HBR_litterfall_2011-2021.csv","2017","C","C8","340.088","HBR","Forest","Fertilization","Flux"
"HBR_litterfall_2011-2021.csv","2017","Ca","C8","291.782","HBR","Forest","Fertilization","Flux"
"HBR_litterfall_2011-2021.csv","2017","N","C8","328.892","HBR","Forest","Fertilization","Flux"
"HBR_litterfall_2011-2021.csv","2017","NP","C8","320.322","HBR","Forest","Fertilization","Flux"
"HBR_litterfall_2011-2021.csv","2017","P","C8","313.454","HBR","Forest","Fertilization","Flux"
"HBR_litterfall_2011-2021.csv","2017","C","C9","365.626","HBR","Forest","Fertilization","Flux"
"HBR_litterfall_2011-2021.csv","2017","N","C9","376.912","HBR","Forest","Fertilization","Flux"
"HBR_litterfall_2011-2021.csv","2017","NP","C9","415.392","HBR","Forest","Fertilization","Flux"
"HBR_litterfall_2011-2021.csv","2017","P","C9","360.278","HBR","Forest","Fertilization","Flux"
"HBR_litterfall_2011-2021.csv","2017","C","HBM","321.772","HBR","Forest","Fertilization","Flux"
"HBR_litterfall_2011-2021.csv","2017","N","HBM","362.474","HBR","Forest","Fertilization","Flux"
"HBR_litterfall_2011-2021.csv","2017","NP","HBM","371.57","HBR","Forest","Fertilization","Flux"
"HBR_litterfall_2011-2021.csv","2017","P","HBM","341.45","HBR","Forest","Fertilization","Flux"
"HBR_litterfall_2011-2021.csv","2017","C","HBO","312.014285714286","HBR","Forest","Fertilization","Flux"
"HBR_litterfall_2011-2021.csv","2017","N","HBO","406.618","HBR","Forest","Fertilization","Flux"
"HBR_litterfall_2011-2021.csv","2017","NP","HBO","314.422","HBR","Forest","Fertilization","Flux"
"HBR_litterfall_2011-2021.csv","2017","P","HBO","311.2375","HBR","Forest","Fertilization","Flux"
"HBR_litterfall_2011-2021.csv","2017","C","JBM","297.176","HBR","Forest","Fertilization","Flux"
"HBR_litterfall_2011-2021.csv","2017","N","JBM","292.085","HBR","Forest","Fertilization","Flux"
"HBR_litterfall_2011-2021.csv","2017","NP","JBM","216.35","HBR","Forest","Fertilization","Flux"
"HBR_litterfall_2011-2021.csv","2017","P","JBM","264.752","HBR","Forest","Fertilization","Flux"
"HBR_litterfall_2011-2021.csv","2017","C","JBO","332.7775","HBR","Forest","Fertilization","Flux"
"HBR_litterfall_2011-2021.csv","2017","N","JBO","317.516","HBR","Forest","Fertilization","Flux"
"HBR_litterfall_2011-2021.csv","2017","NP","JBO","348.706","HBR","Forest","Fertilization","Flux"
"HBR_litterfall_2011-2021.csv","2017","P","JBO","374.096","HBR","Forest","Fertilization","Flux"
"HBR_litterfall_2011-2021.csv","2018","C","C1","331.01","HBR","Forest","Fertilization","Flux"
"HBR_litterfall_2011-2021.csv","2018","N","C1","330.546","HBR","Forest","Fertilization","Flux"
"HBR_litterfall_2011-2021.csv","2018","NP","C1","325.154","HBR","Forest","Fertilization","Flux"
"HBR_litterfall_2011-2021.csv","2018","P","C1","349.104","HBR","Forest","Fertilization","Flux"
"HBR_litterfall_2011-2021.csv","2018","C","C2","249.34","HBR","Forest","Fertilization","Flux"
"HBR_litterfall_2011-2021.csv","2018","N","C2","224.722","HBR","Forest","Fertilization","Flux"
"HBR_litterfall_2011-2021.csv","2018","NP","C2","207.852","HBR","Forest","Fertilization","Flux"
"HBR_litterfall_2011-2021.csv","2018","P","C2","250.27","HBR","Forest","Fertilization","Flux"
"HBR_litterfall_2011-2021.csv","2018","C","C3","244.94","HBR","Forest","Fertilization","Flux"
"HBR_litterfall_2011-2021.csv","2018","N","C3","248.018","HBR","Forest","Fertilization","Flux"
"HBR_litterfall_2011-2021.csv","2018","NP","C3","340.05","HBR","Forest","Fertilization","Flux"
"HBR_litterfall_2011-2021.csv","2018","P","C3","311.478","HBR","Forest","Fertilization","Flux"
"HBR_litterfall_2011-2021.csv","2018","C","C4","228.33","HBR","Forest","Fertilization","Flux"
"HBR_litterfall_2011-2021.csv","2018","N","C4","284.73","HBR","Forest","Fertilization","Flux"
"HBR_litterfall_2011-2021.csv","2018","NP","C4","264.828","HBR","Forest","Fertilization","Flux"
"HBR_litterfall_2011-2021.csv","2018","P","C4","165.094","HBR","Forest","Fertilization","Flux"
"HBR_litterfall_2011-2021.csv","2018","C","C5","301.218","HBR","Forest","Fertilization","Flux"
"HBR_litterfall_2011-2021.csv","2018","N","C5","378.174","HBR","Forest","Fertilization","Flux"
"HBR_litterfall_2011-2021.csv","2018","NP","C5","324.216","HBR","Forest","Fertilization","Flux"
"HBR_litterfall_2011-2021.csv","2018","P","C5","285.818","HBR","Forest","Fertilization","Flux"
"HBR_litterfall_2011-2021.csv","2018","C","C6","294.782","HBR","Forest","Fertilization","Flux"
"HBR_litterfall_2011-2021.csv","2018","N","C6","295.886","HBR","Forest","Fertilization","Flux"
"HBR_litterfall_2011-2021.csv","2018","NP","C6","251.782","HBR","Forest","Fertilization","Flux"
"HBR_litterfall_2011-2021.csv","2018","P","C6","292.774","HBR","Forest","Fertilization","Flux"
"HBR_litterfall_2011-2021.csv","2018","C","C7","261.226","HBR","Forest","Fertilization","Flux"
"HBR_litterfall_2011-2021.csv","2018","N","C7","329.46","HBR","Forest","Fertilization","Flux"
"HBR_litterfall_2011-2021.csv","2018","NP","C7","279.362","HBR","Forest","Fertilization","Flux"
"HBR_litterfall_2011-2021.csv","2018","P","C7","254.124","HBR","Forest","Fertilization","Flux"
"HBR_litterfall_2011-2021.csv","2018","C","C8","262.782","HBR","Forest","Fertilization","Flux"
"HBR_litterfall_2011-2021.csv","2018","N","C8","258.016","HBR","Forest","Fertilization","Flux"
"HBR_litterfall_2011-2021.csv","2018","NP","C8","187.312","HBR","Forest","Fertilization","Flux"
"HBR_litterfall_2011-2021.csv","2018","P","C8","253.19","HBR","Forest","Fertilization","Flux"
"HBR_litterfall_2011-2021.csv","2018","C","C9","336.8","HBR","Forest","Fertilization","Flux"
"HBR_litterfall_2011-2021.csv","2018","N","C9","292.166","HBR","Forest","Fertilization","Flux"
"HBR_litterfall_2011-2021.csv","2018","NP","C9","358.834","HBR","Forest","Fertilization","Flux"
"HBR_litterfall_2011-2021.csv","2018","P","C9","307.408","HBR","Forest","Fertilization","Flux"
"HBR_litterfall_2011-2021.csv","2018","C","HBM","324.424","HBR","Forest","Fertilization","Flux"
"HBR_litterfall_2011-2021.csv","2018","N","HBM","371.912","HBR","Forest","Fertilization","Flux"
"HBR_litterfall_2011-2021.csv","2018","NP","HBM","355.28","HBR","Forest","Fertilization","Flux"
"HBR_litterfall_2011-2021.csv","2018","P","HBM","319.994","HBR","Forest","Fertilization","Flux"
"HBR_litterfall_2011-2021.csv","2018","C","HBO","322.317142857143","HBR","Forest","Fertilization","Flux"
"HBR_litterfall_2011-2021.csv","2018","N","HBO","309.392","HBR","Forest","Fertilization","Flux"
"HBR_litterfall_2011-2021.csv","2018","NP","HBO","277.418","HBR","Forest","Fertilization","Flux"
"HBR_litterfall_2011-2021.csv","2018","P","HBO","261.564","HBR","Forest","Fertilization","Flux"
"HBR_litterfall_2011-2021.csv","2018","C","JBM","212.124","HBR","Forest","Fertilization","Flux"
"HBR_litterfall_2011-2021.csv","2018","N","JBM","207.088","HBR","Forest","Fertilization","Flux"
"HBR_litterfall_2011-2021.csv","2018","NP","JBM","181.408","HBR","Forest","Fertilization","Flux"
"HBR_litterfall_2011-2021.csv","2018","P","JBM","198.442","HBR","Forest","Fertilization","Flux"
"HBR_litterfall_2011-2021.csv","2018","C","JBO","217.592","HBR","Forest","Fertilization","Flux"
"HBR_litterfall_2011-2021.csv","2018","N","JBO","209.66","HBR","Forest","Fertilization","Flux"
"HBR_litterfall_2011-2021.csv","2018","NP","JBO","248.224","HBR","Forest","Fertilization","Flux"
"HBR_litterfall_2011-2021.csv","2018","P","JBO","236.444","HBR","Forest","Fertilization","Flux"
"HBR_litterfall_2011-2021.csv","2019","C","C1","302.986666666667","HBR","Forest","Fertilization","Flux"
"HBR_litterfall_2011-2021.csv","2019","N","C1","323.1975","HBR","Forest","Fertilization","Flux"
"HBR_litterfall_2011-2021.csv","2019","NP","C1","279.52","HBR","Forest","Fertilization","Flux"
"HBR_litterfall_2011-2021.csv","2019","P","C1","318.75","HBR","Forest","Fertilization","Flux"
"HBR_litterfall_2011-2021.csv","2019","C","C2","276.53","HBR","Forest","Fertilization","Flux"
"HBR_litterfall_2011-2021.csv","2019","N","C2","237.432","HBR","Forest","Fertilization","Flux"
"HBR_litterfall_2011-2021.csv","2019","NP","C2","241.645","HBR","Forest","Fertilization","Flux"
"HBR_litterfall_2011-2021.csv","2019","P","C2","252.48","HBR","Forest","Fertilization","Flux"
"HBR_litterfall_2011-2021.csv","2019","C","C3","248.2625","HBR","Forest","Fertilization","Flux"
"HBR_litterfall_2011-2021.csv","2019","N","C3","261.9075","HBR","Forest","Fertilization","Flux"
"HBR_litterfall_2011-2021.csv","2019","NP","C3","310.206666666667","HBR","Forest","Fertilization","Flux"
"HBR_litterfall_2011-2021.csv","2019","P","C3","198.1625","HBR","Forest","Fertilization","Flux"
"HBR_litterfall_2011-2021.csv","2019","C","C4","317.6475","HBR","Forest","Fertilization","Flux"
"HBR_litterfall_2011-2021.csv","2019","N","C4","306.388","HBR","Forest","Fertilization","Flux"
"HBR_litterfall_2011-2021.csv","2019","NP","C4","370.443333333333","HBR","Forest","Fertilization","Flux"
"HBR_litterfall_2011-2021.csv","2019","P","C4","307.9575","HBR","Forest","Fertilization","Flux"
"HBR_litterfall_2011-2021.csv","2019","C","C5","274.572","HBR","Forest","Fertilization","Flux"
"HBR_litterfall_2011-2021.csv","2019","N","C5","329.22","HBR","Forest","Fertilization","Flux"
"HBR_litterfall_2011-2021.csv","2019","NP","C5","192.826666666667","HBR","Forest","Fertilization","Flux"
"HBR_litterfall_2011-2021.csv","2019","P","C5","254.062","HBR","Forest","Fertilization","Flux"
"HBR_litterfall_2011-2021.csv","2019","C","C6","327.8225","HBR","Forest","Fertilization","Flux"
"HBR_litterfall_2011-2021.csv","2019","Ca","C6","318.23","HBR","Forest","Fertilization","Flux"
"HBR_litterfall_2011-2021.csv","2019","N","C6","354.033333333333","HBR","Forest","Fertilization","Flux"
"HBR_litterfall_2011-2021.csv","2019","NP","C6","373.965","HBR","Forest","Fertilization","Flux"
"HBR_litterfall_2011-2021.csv","2019","P","C6","330.61","HBR","Forest","Fertilization","Flux"
"HBR_litterfall_2011-2021.csv","2019","C","C7","278.94","HBR","Forest","Fertilization","Flux"
"HBR_litterfall_2011-2021.csv","2019","N","C7","398.482","HBR","Forest","Fertilization","Flux"
"HBR_litterfall_2011-2021.csv","2019","NP","C7","374.04","HBR","Forest","Fertilization","Flux"
"HBR_litterfall_2011-2021.csv","2019","P","C7","305.7275","HBR","Forest","Fertilization","Flux"
"HBR_litterfall_2011-2021.csv","2019","C","C8","336.252","HBR","Forest","Fertilization","Flux"
"HBR_litterfall_2011-2021.csv","2019","Ca","C8","254.748","HBR","Forest","Fertilization","Flux"
"HBR_litterfall_2011-2021.csv","2019","N","C8","310.676","HBR","Forest","Fertilization","Flux"
"HBR_litterfall_2011-2021.csv","2019","NP","C8","255.61","HBR","Forest","Fertilization","Flux"
"HBR_litterfall_2011-2021.csv","2019","P","C8","278.434","HBR","Forest","Fertilization","Flux"
"HBR_litterfall_2011-2021.csv","2019","C","C9","326.796666666667","HBR","Forest","Fertilization","Flux"
"HBR_litterfall_2011-2021.csv","2019","NP","C9","330.722","HBR","Forest","Fertilization","Flux"
"HBR_litterfall_2011-2021.csv","2019","P","C9","316.6625","HBR","Forest","Fertilization","Flux"
"HBR_litterfall_2011-2021.csv","2019","C","HBM","295.88","HBR","Forest","Fertilization","Flux"
"HBR_litterfall_2011-2021.csv","2019","N","HBM","337.476","HBR","Forest","Fertilization","Flux"
"HBR_litterfall_2011-2021.csv","2019","NP","HBM","361.4","HBR","Forest","Fertilization","Flux"
"HBR_litterfall_2011-2021.csv","2019","P","HBM","313.0025","HBR","Forest","Fertilization","Flux"
"HBR_litterfall_2011-2021.csv","2019","C","HBO","329.738571428571","HBR","Forest","Fertilization","Flux"
"HBR_litterfall_2011-2021.csv","2019","N","HBO","333","HBR","Forest","Fertilization","Flux"
"HBR_litterfall_2011-2021.csv","2019","NP","HBO","320.3475","HBR","Forest","Fertilization","Flux"
"HBR_litterfall_2011-2021.csv","2019","P","HBO","364.12","HBR","Forest","Fertilization","Flux"
"HBR_litterfall_2011-2021.csv","2019","C","JBM","240.25","HBR","Forest","Fertilization","Flux"
"HBR_litterfall_2011-2021.csv","2019","N","JBM","243.892","HBR","Forest","Fertilization","Flux"
"HBR_litterfall_2011-2021.csv","2019","NP","JBM","239.9025","HBR","Forest","Fertilization","Flux"
"HBR_litterfall_2011-2021.csv","2019","P","JBM","244.4225","HBR","Forest","Fertilization","Flux"
"HBR_litterfall_2011-2021.csv","2019","C","JBO","246.36","HBR","Forest","Fertilization","Flux"
"HBR_litterfall_2011-2021.csv","2019","N","JBO","284.403333333333","HBR","Forest","Fertilization","Flux"
"HBR_litterfall_2011-2021.csv","2019","NP","JBO","285.145","HBR","Forest","Fertilization","Flux"
"HBR_litterfall_2011-2021.csv","2019","P","JBO","273.684","HBR","Forest","Fertilization","Flux"
"HBR_litterfall_2011-2021.csv","2020","C","C1","264.495","HBR","Forest","Fertilization","Flux"
"HBR_litterfall_2011-2021.csv","2020","N","C1","292.8775","HBR","Forest","Fertilization","Flux"
"HBR_litterfall_2011-2021.csv","2020","NP","C1","278.73","HBR","Forest","Fertilization","Flux"
"HBR_litterfall_2011-2021.csv","2020","P","C1","296.78","HBR","Forest","Fertilization","Flux"
"HBR_litterfall_2011-2021.csv","2020","C","C2","268.438","HBR","Forest","Fertilization","Flux"
"HBR_litterfall_2011-2021.csv","2020","N","C2","271.804","HBR","Forest","Fertilization","Flux"
"HBR_litterfall_2011-2021.csv","2020","NP","C2","277.012","HBR","Forest","Fertilization","Flux"
"HBR_litterfall_2011-2021.csv","2020","P","C2","270.206","HBR","Forest","Fertilization","Flux"
"HBR_litterfall_2011-2021.csv","2020","C","C3","289.45","HBR","Forest","Fertilization","Flux"
"HBR_litterfall_2011-2021.csv","2020","N","C3","288.265","HBR","Forest","Fertilization","Flux"
"HBR_litterfall_2011-2021.csv","2020","NP","C3","294.325","HBR","Forest","Fertilization","Flux"
"HBR_litterfall_2011-2021.csv","2020","P","C3","254.196","HBR","Forest","Fertilization","Flux"
"HBR_litterfall_2011-2021.csv","2020","C","C4","291.156","HBR","Forest","Fertilization","Flux"
"HBR_litterfall_2011-2021.csv","2020","N","C4","286.49","HBR","Forest","Fertilization","Flux"
"HBR_litterfall_2011-2021.csv","2020","NP","C4","330.02","HBR","Forest","Fertilization","Flux"
"HBR_litterfall_2011-2021.csv","2020","P","C4","203.662","HBR","Forest","Fertilization","Flux"
"HBR_litterfall_2011-2021.csv","2020","C","C5","276.144","HBR","Forest","Fertilization","Flux"
"HBR_litterfall_2011-2021.csv","2020","N","C5","486.146","HBR","Forest","Fertilization","Flux"
"HBR_litterfall_2011-2021.csv","2020","NP","C5","252.768","HBR","Forest","Fertilization","Flux"
"HBR_litterfall_2011-2021.csv","2020","P","C5","300.878","HBR","Forest","Fertilization","Flux"
"HBR_litterfall_2011-2021.csv","2020","C","C6","310.396","HBR","Forest","Fertilization","Flux"
"HBR_litterfall_2011-2021.csv","2020","Ca","C6","308.686","HBR","Forest","Fertilization","Flux"
"HBR_litterfall_2011-2021.csv","2020","N","C6","331.264","HBR","Forest","Fertilization","Flux"
"HBR_litterfall_2011-2021.csv","2020","NP","C6","226.262","HBR","Forest","Fertilization","Flux"
"HBR_litterfall_2011-2021.csv","2020","P","C6","273.226","HBR","Forest","Fertilization","Flux"
"HBR_litterfall_2011-2021.csv","2020","C","C7","271.926","HBR","Forest","Fertilization","Flux"
"HBR_litterfall_2011-2021.csv","2020","N","C7","276.914","HBR","Forest","Fertilization","Flux"
"HBR_litterfall_2011-2021.csv","2020","NP","C7","296.836","HBR","Forest","Fertilization","Flux"
"HBR_litterfall_2011-2021.csv","2020","P","C7","280.834","HBR","Forest","Fertilization","Flux"
"HBR_litterfall_2011-2021.csv","2020","C","C8","254.743333333333","HBR","Forest","Fertilization","Flux"
"HBR_litterfall_2011-2021.csv","2020","Ca","C8","263.838","HBR","Forest","Fertilization","Flux"
"HBR_litterfall_2011-2021.csv","2020","N","C8","298.79","HBR","Forest","Fertilization","Flux"
"HBR_litterfall_2011-2021.csv","2020","NP","C8","267.625","HBR","Forest","Fertilization","Flux"
"HBR_litterfall_2011-2021.csv","2020","P","C8","284.83","HBR","Forest","Fertilization","Flux"
"HBR_litterfall_2011-2021.csv","2020","C","C9","320.946","HBR","Forest","Fertilization","Flux"
"HBR_litterfall_2011-2021.csv","2020","N","C9","328.348","HBR","Forest","Fertilization","Flux"
"HBR_litterfall_2011-2021.csv","2020","NP","C9","292.466","HBR","Forest","Fertilization","Flux"
"HBR_litterfall_2011-2021.csv","2020","P","C9","280.628","HBR","Forest","Fertilization","Flux"
"HBR_litterfall_2011-2021.csv","2020","C","HBM","277.878","HBR","Forest","Fertilization","Flux"
"HBR_litterfall_2011-2021.csv","2020","N","HBM","265.71","HBR","Forest","Fertilization","Flux"
"HBR_litterfall_2011-2021.csv","2020","NP","HBM","288.464","HBR","Forest","Fertilization","Flux"
"HBR_litterfall_2011-2021.csv","2020","P","HBM","257.186","HBR","Forest","Fertilization","Flux"
"HBR_litterfall_2011-2021.csv","2020","C","HBO","266.587142857143","HBR","Forest","Fertilization","Flux"
"HBR_litterfall_2011-2021.csv","2020","N","HBO","252.328","HBR","Forest","Fertilization","Flux"
"HBR_litterfall_2011-2021.csv","2020","NP","HBO","253.916","HBR","Forest","Fertilization","Flux"
"HBR_litterfall_2011-2021.csv","2020","P","HBO","216.266","HBR","Forest","Fertilization","Flux"
"HBR_litterfall_2011-2021.csv","2020","C","JBM","255.428","HBR","Forest","Fertilization","Flux"
"HBR_litterfall_2011-2021.csv","2020","N","JBM","209.83","HBR","Forest","Fertilization","Flux"
"HBR_litterfall_2011-2021.csv","2020","NP","JBM","221.672","HBR","Forest","Fertilization","Flux"
"HBR_litterfall_2011-2021.csv","2020","P","JBM","234.28","HBR","Forest","Fertilization","Flux"
"HBR_litterfall_2011-2021.csv","2020","C","JBO","238.254","HBR","Forest","Fertilization","Flux"
"HBR_litterfall_2011-2021.csv","2020","N","JBO","302.642","HBR","Forest","Fertilization","Flux"
"HBR_litterfall_2011-2021.csv","2020","NP","JBO","272.664","HBR","Forest","Fertilization","Flux"
"HBR_litterfall_2011-2021.csv","2020","P","JBO","292.236","HBR","Forest","Fertilization","Flux"
"HBR_litterfall_2011-2021.csv","2021","C","C1","247.27","HBR","Forest","Fertilization","Flux"
"HBR_litterfall_2011-2021.csv","2021","N","C1","256.524","HBR","Forest","Fertilization","Flux"
"HBR_litterfall_2011-2021.csv","2021","NP","C1","265.908","HBR","Forest","Fertilization","Flux"
"HBR_litterfall_2011-2021.csv","2021","P","C1","252.7","HBR","Forest","Fertilization","Flux"
"HBR_litterfall_2011-2021.csv","2021","C","C2","267.04","HBR","Forest","Fertilization","Flux"
"HBR_litterfall_2011-2021.csv","2021","N","C2","220.474","HBR","Forest","Fertilization","Flux"
"HBR_litterfall_2011-2021.csv","2021","NP","C2","193.956","HBR","Forest","Fertilization","Flux"
"HBR_litterfall_2011-2021.csv","2021","P","C2","251.036","HBR","Forest","Fertilization","Flux"
"HBR_litterfall_2011-2021.csv","2021","C","C3","182.466666666667","HBR","Forest","Fertilization","Flux"
"HBR_litterfall_2011-2021.csv","2021","N","C3","224.6625","HBR","Forest","Fertilization","Flux"
"HBR_litterfall_2011-2021.csv","2021","NP","C3","306.13","HBR","Forest","Fertilization","Flux"
"HBR_litterfall_2011-2021.csv","2021","P","C3","196.395","HBR","Forest","Fertilization","Flux"
"HBR_litterfall_2011-2021.csv","2021","C","C4","253.282","HBR","Forest","Fertilization","Flux"
"HBR_litterfall_2011-2021.csv","2021","N","C4","264.876","HBR","Forest","Fertilization","Flux"
"HBR_litterfall_2011-2021.csv","2021","NP","C4","288.344","HBR","Forest","Fertilization","Flux"
"HBR_litterfall_2011-2021.csv","2021","P","C4","196.3075","HBR","Forest","Fertilization","Flux"
"HBR_litterfall_2011-2021.csv","2021","C","C5","249.984","HBR","Forest","Fertilization","Flux"
"HBR_litterfall_2011-2021.csv","2021","N","C5","288.008","HBR","Forest","Fertilization","Flux"
"HBR_litterfall_2011-2021.csv","2021","NP","C5","261.498","HBR","Forest","Fertilization","Flux"
"HBR_litterfall_2011-2021.csv","2021","P","C5","210.305","HBR","Forest","Fertilization","Flux"
"HBR_litterfall_2011-2021.csv","2021","C","C6","260.768","HBR","Forest","Fertilization","Flux"
"HBR_litterfall_2011-2021.csv","2021","Ca","C6","276.01","HBR","Forest","Fertilization","Flux"
"HBR_litterfall_2011-2021.csv","2021","N","C6","279.722","HBR","Forest","Fertilization","Flux"
"HBR_litterfall_2011-2021.csv","2021","NP","C6","263.19","HBR","Forest","Fertilization","Flux"
"HBR_litterfall_2011-2021.csv","2021","P","C6","267.838","HBR","Forest","Fertilization","Flux"
"HBR_litterfall_2011-2021.csv","2021","C","C7","248.046","HBR","Forest","Fertilization","Flux"
"HBR_litterfall_2011-2021.csv","2021","N","C7","263.588","HBR","Forest","Fertilization","Flux"
"HBR_litterfall_2011-2021.csv","2021","NP","C7","256.31","HBR","Forest","Fertilization","Flux"
"HBR_litterfall_2011-2021.csv","2021","P","C7","199.36","HBR","Forest","Fertilization","Flux"
"HBR_litterfall_2011-2021.csv","2021","C","C8","225.926","HBR","Forest","Fertilization","Flux"
"HBR_litterfall_2011-2021.csv","2021","Ca","C8","203.582","HBR","Forest","Fertilization","Flux"
"HBR_litterfall_2011-2021.csv","2021","N","C8","263.268","HBR","Forest","Fertilization","Flux"
"HBR_litterfall_2011-2021.csv","2021","NP","C8","207.508","HBR","Forest","Fertilization","Flux"
"HBR_litterfall_2011-2021.csv","2021","P","C8","234.136","HBR","Forest","Fertilization","Flux"
"HBR_litterfall_2011-2021.csv","2021","C","C9","279.964","HBR","Forest","Fertilization","Flux"
"HBR_litterfall_2011-2021.csv","2021","N","C9","278.6","HBR","Forest","Fertilization","Flux"
"HBR_litterfall_2011-2021.csv","2021","NP","C9","290.358","HBR","Forest","Fertilization","Flux"
"HBR_litterfall_2011-2021.csv","2021","P","C9","252.28","HBR","Forest","Fertilization","Flux"
"HBR_litterfall_2011-2021.csv","2021","C","HBM","264.94","HBR","Forest","Fertilization","Flux"
"HBR_litterfall_2011-2021.csv","2021","N","HBM","286.38","HBR","Forest","Fertilization","Flux"
"HBR_litterfall_2011-2021.csv","2021","NP","HBM","280.204","HBR","Forest","Fertilization","Flux"
"HBR_litterfall_2011-2021.csv","2021","P","HBM","267.912","HBR","Forest","Fertilization","Flux"
"HBR_litterfall_2011-2021.csv","2021","C","HBO","265.873333333333","HBR","Forest","Fertilization","Flux"
"HBR_litterfall_2011-2021.csv","2021","N","HBO","291.37","HBR","Forest","Fertilization","Flux"
"HBR_litterfall_2011-2021.csv","2021","NP","HBO","294.116","HBR","Forest","Fertilization","Flux"
"HBR_litterfall_2011-2021.csv","2021","P","HBO","243.24","HBR","Forest","Fertilization","Flux"
"HBR_litterfall_2011-2021.csv","2021","C","JBM","255.7725","HBR","Forest","Fertilization","Flux"
"HBR_litterfall_2011-2021.csv","2021","N","JBM","227.98","HBR","Forest","Fertilization","Flux"
"HBR_litterfall_2011-2021.csv","2021","NP","JBM","243.042","HBR","Forest","Fertilization","Flux"
"HBR_litterfall_2011-2021.csv","2021","P","JBM","228.078","HBR","Forest","Fertilization","Flux"
"HBR_litterfall_2011-2021.csv","2021","C","JBO","226.2275","HBR","Forest","Fertilization","Flux"
"HBR_litterfall_2011-2021.csv","2021","N","JBO","300.64","HBR","Forest","Fertilization","Flux"
"HBR_litterfall_2011-2021.csv","2021","NP","JBO","307.564","HBR","Forest","Fertilization","Flux"
"HBR_litterfall_2011-2021.csv","2021","P","JBO","313.966","HBR","Forest","Fertilization","Flux"
"HFR_soil-respiration_1991-2021_Processed.csv","1991","C","3","133.8855","HFR","Forest","Warming","Flux"
"HFR_soil-respiration_1991-2021_Processed.csv","1991","C","5","163.1575","HFR","Forest","Warming","Flux"
"HFR_soil-respiration_1991-2021_Processed.csv","1991","C","9","122.036","HFR","Forest","Warming","Flux"
"HFR_soil-respiration_1991-2021_Processed.csv","1991","C","10","126.291","HFR","Forest","Warming","Flux"
"HFR_soil-respiration_1991-2021_Processed.csv","1991","C","13","164.325","HFR","Forest","Warming","Flux"
"HFR_soil-respiration_1991-2021_Processed.csv","1991","C","17","136.3505","HFR","Forest","Warming","Flux"
"HFR_soil-respiration_1991-2021_Processed.csv","1991","H","1","135.1105","HFR","Forest","Warming","Flux"
"HFR_soil-respiration_1991-2021_Processed.csv","1991","H","6","209.101","HFR","Forest","Warming","Flux"
"HFR_soil-respiration_1991-2021_Processed.csv","1991","H","8","168.349","HFR","Forest","Warming","Flux"
"HFR_soil-respiration_1991-2021_Processed.csv","1991","H","12","202.137","HFR","Forest","Warming","Flux"
"HFR_soil-respiration_1991-2021_Processed.csv","1991","H","15","274.1605","HFR","Forest","Warming","Flux"
"HFR_soil-respiration_1991-2021_Processed.csv","1991","H","16","208.737222222222","HFR","Forest","Warming","Flux"
"HFR_soil-respiration_1991-2021_Processed.csv","1992","C","3","98.585","HFR","Forest","Warming","Flux"
"HFR_soil-respiration_1991-2021_Processed.csv","1992","C","5","112.3175","HFR","Forest","Warming","Flux"
"HFR_soil-respiration_1991-2021_Processed.csv","1992","C","9","99.28875","HFR","Forest","Warming","Flux"
"HFR_soil-respiration_1991-2021_Processed.csv","1992","C","10","103.4765625","HFR","Forest","Warming","Flux"
"HFR_soil-respiration_1991-2021_Processed.csv","1992","C","13","112.3203125","HFR","Forest","Warming","Flux"
"HFR_soil-respiration_1991-2021_Processed.csv","1992","C","17","93.081875","HFR","Forest","Warming","Flux"
"HFR_soil-respiration_1991-2021_Processed.csv","1992","H","1","93.37625","HFR","Forest","Warming","Flux"
"HFR_soil-respiration_1991-2021_Processed.csv","1992","H","6","117.159375","HFR","Forest","Warming","Flux"
"HFR_soil-respiration_1991-2021_Processed.csv","1992","H","8","100.9290625","HFR","Forest","Warming","Flux"
"HFR_soil-respiration_1991-2021_Processed.csv","1992","H","12","120.608125","HFR","Forest","Warming","Flux"
"HFR_soil-respiration_1991-2021_Processed.csv","1992","H","15","149.480625","HFR","Forest","Warming","Flux"
"HFR_soil-respiration_1991-2021_Processed.csv","1992","H","16","122.573125","HFR","Forest","Warming","Flux"
"HFR_soil-respiration_1991-2021_Processed.csv","1993","C","3","104.220909090909","HFR","Forest","Warming","Flux"
"HFR_soil-respiration_1991-2021_Processed.csv","1993","C","5","111.170454545455","HFR","Forest","Warming","Flux"
"HFR_soil-respiration_1991-2021_Processed.csv","1993","C","9","95.5640909090909","HFR","Forest","Warming","Flux"
"HFR_soil-respiration_1991-2021_Processed.csv","1993","C","10","102.233636363636","HFR","Forest","Warming","Flux"
"HFR_soil-respiration_1991-2021_Processed.csv","1993","C","13","123.961363636364","HFR","Forest","Warming","Flux"
"HFR_soil-respiration_1991-2021_Processed.csv","1993","C","17","107.075909090909","HFR","Forest","Warming","Flux"
"HFR_soil-respiration_1991-2021_Processed.csv","1993","H","1","99.9386363636364","HFR","Forest","Warming","Flux"
"HFR_soil-respiration_1991-2021_Processed.csv","1993","H","6","128.585909090909","HFR","Forest","Warming","Flux"
"HFR_soil-respiration_1991-2021_Processed.csv","1993","H","8","104.365454545455","HFR","Forest","Warming","Flux"
"HFR_soil-respiration_1991-2021_Processed.csv","1993","H","12","122.869090909091","HFR","Forest","Warming","Flux"
"HFR_soil-respiration_1991-2021_Processed.csv","1993","H","15","168.442727272727","HFR","Forest","Warming","Flux"
"HFR_soil-respiration_1991-2021_Processed.csv","1993","H","16","153.601363636364","HFR","Forest","Warming","Flux"
"HFR_soil-respiration_1991-2021_Processed.csv","1994","C","3","123.103125","HFR","Forest","Warming","Flux"
"HFR_soil-respiration_1991-2021_Processed.csv","1994","C","5","132.1325","HFR","Forest","Warming","Flux"
"HFR_soil-respiration_1991-2021_Processed.csv","1994","C","9","129.750625","HFR","Forest","Warming","Flux"
"HFR_soil-respiration_1991-2021_Processed.csv","1994","C","10","109.6775","HFR","Forest","Warming","Flux"
"HFR_soil-respiration_1991-2021_Processed.csv","1994","C","13","136.498125","HFR","Forest","Warming","Flux"
"HFR_soil-respiration_1991-2021_Processed.csv","1994","C","17","117.505625","HFR","Forest","Warming","Flux"
"HFR_soil-respiration_1991-2021_Processed.csv","1994","H","1","114.458125","HFR","Forest","Warming","Flux"
"HFR_soil-respiration_1991-2021_Processed.csv","1994","H","6","144.681875","HFR","Forest","Warming","Flux"
"HFR_soil-respiration_1991-2021_Processed.csv","1994","H","8","132.086875","HFR","Forest","Warming","Flux"
"HFR_soil-respiration_1991-2021_Processed.csv","1994","H","12","162.053125","HFR","Forest","Warming","Flux"
"HFR_soil-respiration_1991-2021_Processed.csv","1994","H","15","172.981875","HFR","Forest","Warming","Flux"
"HFR_soil-respiration_1991-2021_Processed.csv","1994","H","16","164.4775","HFR","Forest","Warming","Flux"
"HFR_soil-respiration_1991-2021_Processed.csv","1995","C","3","72.1933333333333","HFR","Forest","Warming","Flux"
"HFR_soil-respiration_1991-2021_Processed.csv","1995","C","5","91.6333333333333","HFR","Forest","Warming","Flux"
"HFR_soil-respiration_1991-2021_Processed.csv","1995","C","9","76.0233333333333","HFR","Forest","Warming","Flux"
"HFR_soil-respiration_1991-2021_Processed.csv","1995","C","10","84.2066666666667","HFR","Forest","Warming","Flux"
"HFR_soil-respiration_1991-2021_Processed.csv","1995","C","13","102.650833333333","HFR","Forest","Warming","Flux"
"HFR_soil-respiration_1991-2021_Processed.csv","1995","C","17","87.5933333333333","HFR","Forest","Warming","Flux"
"HFR_soil-respiration_1991-2021_Processed.csv","1995","H","1","78.7133333333333","HFR","Forest","Warming","Flux"
"HFR_soil-respiration_1991-2021_Processed.csv","1995","H","6","104.883333333333","HFR","Forest","Warming","Flux"
"HFR_soil-respiration_1991-2021_Processed.csv","1995","H","8","66.8366666666667","HFR","Forest","Warming","Flux"
"HFR_soil-respiration_1991-2021_Processed.csv","1995","H","12","131.939166666667","HFR","Forest","Warming","Flux"
"HFR_soil-respiration_1991-2021_Processed.csv","1995","H","15","112.015","HFR","Forest","Warming","Flux"
"HFR_soil-respiration_1991-2021_Processed.csv","1995","H","16","111.2","HFR","Forest","Warming","Flux"
"HFR_soil-respiration_1991-2021_Processed.csv","1996","C","3","80.1193333333333","HFR","Forest","Warming","Flux"
"HFR_soil-respiration_1991-2021_Processed.csv","1996","C","5","101.039333333333","HFR","Forest","Warming","Flux"
"HFR_soil-respiration_1991-2021_Processed.csv","1996","C","9","99.938","HFR","Forest","Warming","Flux"
"HFR_soil-respiration_1991-2021_Processed.csv","1996","C","10","85.4386666666667","HFR","Forest","Warming","Flux"
"HFR_soil-respiration_1991-2021_Processed.csv","1996","C","13","84.72","HFR","Forest","Warming","Flux"
"HFR_soil-respiration_1991-2021_Processed.csv","1996","C","17","90.508","HFR","Forest","Warming","Flux"
"HFR_soil-respiration_1991-2021_Processed.csv","1996","H","1","87.6013333333333","HFR","Forest","Warming","Flux"
"HFR_soil-respiration_1991-2021_Processed.csv","1996","H","6","123.415333333333","HFR","Forest","Warming","Flux"
"HFR_soil-respiration_1991-2021_Processed.csv","1996","H","8","89.806","HFR","Forest","Warming","Flux"
"HFR_soil-respiration_1991-2021_Processed.csv","1996","H","12","127.543333333333","HFR","Forest","Warming","Flux"
"HFR_soil-respiration_1991-2021_Processed.csv","1996","H","15","113.214","HFR","Forest","Warming","Flux"
"HFR_soil-respiration_1991-2021_Processed.csv","1996","H","16","105.703333333333","HFR","Forest","Warming","Flux"
"HFR_soil-respiration_1991-2021_Processed.csv","1997","C","3","86.95375","HFR","Forest","Warming","Flux"
"HFR_soil-respiration_1991-2021_Processed.csv","1997","C","5","105.929375","HFR","Forest","Warming","Flux"
"HFR_soil-respiration_1991-2021_Processed.csv","1997","C","9","105.94375","HFR","Forest","Warming","Flux"
"HFR_soil-respiration_1991-2021_Processed.csv","1997","C","10","104.0825","HFR","Forest","Warming","Flux"
"HFR_soil-respiration_1991-2021_Processed.csv","1997","C","13","108.9925","HFR","Forest","Warming","Flux"
"HFR_soil-respiration_1991-2021_Processed.csv","1997","C","17","94.910625","HFR","Forest","Warming","Flux"
"HFR_soil-respiration_1991-2021_Processed.csv","1997","H","1","91.701875","HFR","Forest","Warming","Flux"
"HFR_soil-respiration_1991-2021_Processed.csv","1997","H","6","123.008125","HFR","Forest","Warming","Flux"
"HFR_soil-respiration_1991-2021_Processed.csv","1997","H","8","85.48125","HFR","Forest","Warming","Flux"
"HFR_soil-respiration_1991-2021_Processed.csv","1997","H","12","114.48875","HFR","Forest","Warming","Flux"
"HFR_soil-respiration_1991-2021_Processed.csv","1997","H","15","110.96875","HFR","Forest","Warming","Flux"
"HFR_soil-respiration_1991-2021_Processed.csv","1997","H","16","119.034375","HFR","Forest","Warming","Flux"
"HFR_soil-respiration_1991-2021_Processed.csv","1998","C","3","108.971666666667","HFR","Forest","Warming","Flux"
"HFR_soil-respiration_1991-2021_Processed.csv","1998","C","5","170.455","HFR","Forest","Warming","Flux"
"HFR_soil-respiration_1991-2021_Processed.csv","1998","C","9","175.833333333333","HFR","Forest","Warming","Flux"
"HFR_soil-respiration_1991-2021_Processed.csv","1998","C","10","155.46","HFR","Forest","Warming","Flux"
"HFR_soil-respiration_1991-2021_Processed.csv","1998","C","13","147.908333333333","HFR","Forest","Warming","Flux"
"HFR_soil-respiration_1991-2021_Processed.csv","1998","C","17","151.526666666667","HFR","Forest","Warming","Flux"
"HFR_soil-respiration_1991-2021_Processed.csv","1998","H","1","116.9175","HFR","Forest","Warming","Flux"
"HFR_soil-respiration_1991-2021_Processed.csv","1998","H","6","183.556666666667","HFR","Forest","Warming","Flux"
"HFR_soil-respiration_1991-2021_Processed.csv","1998","H","8","120.298333333333","HFR","Forest","Warming","Flux"
"HFR_soil-respiration_1991-2021_Processed.csv","1998","H","12","180.156666666667","HFR","Forest","Warming","Flux"
"HFR_soil-respiration_1991-2021_Processed.csv","1998","H","15","162.850833333333","HFR","Forest","Warming","Flux"
"HFR_soil-respiration_1991-2021_Processed.csv","1998","H","16","148.541666666667","HFR","Forest","Warming","Flux"
"HFR_soil-respiration_1991-2021_Processed.csv","1999","C","3","68.881875","HFR","Forest","Warming","Flux"
"HFR_soil-respiration_1991-2021_Processed.csv","1999","C","5","121.54375","HFR","Forest","Warming","Flux"
"HFR_soil-respiration_1991-2021_Processed.csv","1999","C","9","140.38125","HFR","Forest","Warming","Flux"
"HFR_soil-respiration_1991-2021_Processed.csv","1999","C","10","99.995625","HFR","Forest","Warming","Flux"
"HFR_soil-respiration_1991-2021_Processed.csv","1999","C","13","104.184375","HFR","Forest","Warming","Flux"
"HFR_soil-respiration_1991-2021_Processed.csv","1999","C","17","113.369375","HFR","Forest","Warming","Flux"
"HFR_soil-respiration_1991-2021_Processed.csv","1999","H","1","79.26","HFR","Forest","Warming","Flux"
"HFR_soil-respiration_1991-2021_Processed.csv","1999","H","6","108.496875","HFR","Forest","Warming","Flux"
"HFR_soil-respiration_1991-2021_Processed.csv","1999","H","8","76.401875","HFR","Forest","Warming","Flux"
"HFR_soil-respiration_1991-2021_Processed.csv","1999","H","12","116.4325","HFR","Forest","Warming","Flux"
"HFR_soil-respiration_1991-2021_Processed.csv","1999","H","15","106.43","HFR","Forest","Warming","Flux"
"HFR_soil-respiration_1991-2021_Processed.csv","1999","H","16","103.64375","HFR","Forest","Warming","Flux"
"HFR_soil-respiration_1991-2021_Processed.csv","2000","C","3","78.7171875","HFR","Forest","Warming","Flux"
"HFR_soil-respiration_1991-2021_Processed.csv","2000","C","5","116.1665625","HFR","Forest","Warming","Flux"
"HFR_soil-respiration_1991-2021_Processed.csv","2000","C","9","152.6790625","HFR","Forest","Warming","Flux"
"HFR_soil-respiration_1991-2021_Processed.csv","2000","C","10","91.4340625","HFR","Forest","Warming","Flux"
"HFR_soil-respiration_1991-2021_Processed.csv","2000","C","13","111.4790625","HFR","Forest","Warming","Flux"
"HFR_soil-respiration_1991-2021_Processed.csv","2000","C","17","121.4840625","HFR","Forest","Warming","Flux"
"HFR_soil-respiration_1991-2021_Processed.csv","2000","H","1","86.894375","HFR","Forest","Warming","Flux"
"HFR_soil-respiration_1991-2021_Processed.csv","2000","H","6","126.6015625","HFR","Forest","Warming","Flux"
"HFR_soil-respiration_1991-2021_Processed.csv","2000","H","8","83.8953125","HFR","Forest","Warming","Flux"
"HFR_soil-respiration_1991-2021_Processed.csv","2000","H","12","136.9896875","HFR","Forest","Warming","Flux"
"HFR_soil-respiration_1991-2021_Processed.csv","2000","H","15","123.1378125","HFR","Forest","Warming","Flux"
"HFR_soil-respiration_1991-2021_Processed.csv","2000","H","16","114.0503125","HFR","Forest","Warming","Flux"
"HFR_soil-respiration_1991-2021_Processed.csv","2001","C","3","68.331875","HFR","Forest","Warming","Flux"
"HFR_soil-respiration_1991-2021_Processed.csv","2001","C","5","101.514375","HFR","Forest","Warming","Flux"
"HFR_soil-respiration_1991-2021_Processed.csv","2001","C","9","114.56125","HFR","Forest","Warming","Flux"
"HFR_soil-respiration_1991-2021_Processed.csv","2001","C","10","95.096875","HFR","Forest","Warming","Flux"
"HFR_soil-respiration_1991-2021_Processed.csv","2001","C","13","119.3875","HFR","Forest","Warming","Flux"
"HFR_soil-respiration_1991-2021_Processed.csv","2001","C","17","128.355","HFR","Forest","Warming","Flux"
"HFR_soil-respiration_1991-2021_Processed.csv","2001","H","1","80.79625","HFR","Forest","Warming","Flux"
"HFR_soil-respiration_1991-2021_Processed.csv","2001","H","6","112.696875","HFR","Forest","Warming","Flux"
"HFR_soil-respiration_1991-2021_Processed.csv","2001","H","8","72.48375","HFR","Forest","Warming","Flux"
"HFR_soil-respiration_1991-2021_Processed.csv","2001","H","12","108.100625","HFR","Forest","Warming","Flux"
"HFR_soil-respiration_1991-2021_Processed.csv","2001","H","15","109.05625","HFR","Forest","Warming","Flux"
"HFR_soil-respiration_1991-2021_Processed.csv","2001","H","16","99.706875","HFR","Forest","Warming","Flux"
"HFR_soil-respiration_1991-2021_Processed.csv","2002","C","3","72.5121428571429","HFR","Forest","Warming","Flux"
"HFR_soil-respiration_1991-2021_Processed.csv","2002","C","5","106.091428571429","HFR","Forest","Warming","Flux"
"HFR_soil-respiration_1991-2021_Processed.csv","2002","C","9","145.98","HFR","Forest","Warming","Flux"
"HFR_soil-respiration_1991-2021_Processed.csv","2002","C","10","98.5971428571429","HFR","Forest","Warming","Flux"
"HFR_soil-respiration_1991-2021_Processed.csv","2002","C","13","125.265","HFR","Forest","Warming","Flux"
"HFR_soil-respiration_1991-2021_Processed.csv","2002","C","17","106.92","HFR","Forest","Warming","Flux"
"HFR_soil-respiration_1991-2021_Processed.csv","2002","H","1","91.8057142857143","HFR","Forest","Warming","Flux"
"HFR_soil-respiration_1991-2021_Processed.csv","2002","H","6","113.867142857143","HFR","Forest","Warming","Flux"
"HFR_soil-respiration_1991-2021_Processed.csv","2002","H","8","73.6392857142857","HFR","Forest","Warming","Flux"
"HFR_soil-respiration_1991-2021_Processed.csv","2002","H","12","113.602857142857","HFR","Forest","Warming","Flux"
"HFR_soil-respiration_1991-2021_Processed.csv","2002","H","15","93.9764285714286","HFR","Forest","Warming","Flux"
"HFR_soil-respiration_1991-2021_Processed.csv","2002","H","16","89.0107142857143","HFR","Forest","Warming","Flux"
"HFR_soil-respiration_1991-2021_Processed.csv","2003","C","3","64.9766666666667","HFR","Forest","Warming","Flux"
"HFR_soil-respiration_1991-2021_Processed.csv","2003","C","5","96.6542857142857","HFR","Forest","Warming","Flux"
"HFR_soil-respiration_1991-2021_Processed.csv","2003","C","9","116.462857142857","HFR","Forest","Warming","Flux"
"HFR_soil-respiration_1991-2021_Processed.csv","2003","C","10","81.8557142857143","HFR","Forest","Warming","Flux"
"HFR_soil-respiration_1991-2021_Processed.csv","2003","C","13","91.1557142857143","HFR","Forest","Warming","Flux"
"HFR_soil-respiration_1991-2021_Processed.csv","2003","C","17","94.7285714285714","HFR","Forest","Warming","Flux"
"HFR_soil-respiration_1991-2021_Processed.csv","2003","H","1","73.3171428571429","HFR","Forest","Warming","Flux"
"HFR_soil-respiration_1991-2021_Processed.csv","2003","H","6","111.507142857143","HFR","Forest","Warming","Flux"
"HFR_soil-respiration_1991-2021_Processed.csv","2003","H","8","88.5685714285714","HFR","Forest","Warming","Flux"
"HFR_soil-respiration_1991-2021_Processed.csv","2003","H","12","111.117142857143","HFR","Forest","Warming","Flux"
"HFR_soil-respiration_1991-2021_Processed.csv","2003","H","15","106.944285714286","HFR","Forest","Warming","Flux"
"HFR_soil-respiration_1991-2021_Processed.csv","2003","H","16","113.695714285714","HFR","Forest","Warming","Flux"
"HFR_soil-respiration_1991-2021_Processed.csv","2004","C","3","67.5285714285714","HFR","Forest","Warming","Flux"
"HFR_soil-respiration_1991-2021_Processed.csv","2004","C","5","113.827142857143","HFR","Forest","Warming","Flux"
"HFR_soil-respiration_1991-2021_Processed.csv","2004","C","9","92.3316666666667","HFR","Forest","Warming","Flux"
"HFR_soil-respiration_1991-2021_Processed.csv","2004","C","10","110.461428571429","HFR","Forest","Warming","Flux"
"HFR_soil-respiration_1991-2021_Processed.csv","2004","C","13","119.128571428571","HFR","Forest","Warming","Flux"
"HFR_soil-respiration_1991-2021_Processed.csv","2004","C","17","150.297142857143","HFR","Forest","Warming","Flux"
"HFR_soil-respiration_1991-2021_Processed.csv","2004","H","6","120.165714285714","HFR","Forest","Warming","Flux"
"HFR_soil-respiration_1991-2021_Processed.csv","2004","H","8","78.082","HFR","Forest","Warming","Flux"
"HFR_soil-respiration_1991-2021_Processed.csv","2004","H","12","116.147142857143","HFR","Forest","Warming","Flux"
"HFR_soil-respiration_1991-2021_Processed.csv","2004","H","15","116.578571428571","HFR","Forest","Warming","Flux"
"HFR_soil-respiration_1991-2021_Processed.csv","2004","H","16","99.8016666666667","HFR","Forest","Warming","Flux"
"HFR_soil-respiration_1991-2021_Processed.csv","2005","C","3","73.1166666666667","HFR","Forest","Warming","Flux"
"HFR_soil-respiration_1991-2021_Processed.csv","2005","C","5","117.871666666667","HFR","Forest","Warming","Flux"
"HFR_soil-respiration_1991-2021_Processed.csv","2005","C","9","120.706666666667","HFR","Forest","Warming","Flux"
"HFR_soil-respiration_1991-2021_Processed.csv","2005","C","10","100.521666666667","HFR","Forest","Warming","Flux"
"HFR_soil-respiration_1991-2021_Processed.csv","2005","C","13","125.446666666667","HFR","Forest","Warming","Flux"
"HFR_soil-respiration_1991-2021_Processed.csv","2005","C","17","127.12","HFR","Forest","Warming","Flux"
"HFR_soil-respiration_1991-2021_Processed.csv","2005","H","1","82.5133333333333","HFR","Forest","Warming","Flux"
"HFR_soil-respiration_1991-2021_Processed.csv","2005","H","6","125.6","HFR","Forest","Warming","Flux"
"HFR_soil-respiration_1991-2021_Processed.csv","2005","H","8","85.9016666666667","HFR","Forest","Warming","Flux"
"HFR_soil-respiration_1991-2021_Processed.csv","2005","H","12","108.378333333333","HFR","Forest","Warming","Flux"
"HFR_soil-respiration_1991-2021_Processed.csv","2005","H","15","134.205","HFR","Forest","Warming","Flux"
"HFR_soil-respiration_1991-2021_Processed.csv","2005","H","16","96.81","HFR","Forest","Warming","Flux"
"HFR_soil-respiration_1991-2021_Processed.csv","2006","C","3","61.2883333333333","HFR","Forest","Warming","Flux"
"HFR_soil-respiration_1991-2021_Processed.csv","2006","C","5","87.81","HFR","Forest","Warming","Flux"
"HFR_soil-respiration_1991-2021_Processed.csv","2006","C","9","73.025","HFR","Forest","Warming","Flux"
"HFR_soil-respiration_1991-2021_Processed.csv","2006","C","10","69.1566666666667","HFR","Forest","Warming","Flux"
"HFR_soil-respiration_1991-2021_Processed.csv","2006","C","13","92.6883333333333","HFR","Forest","Warming","Flux"
"HFR_soil-respiration_1991-2021_Processed.csv","2006","C","17","83.1183333333333","HFR","Forest","Warming","Flux"
"HFR_soil-respiration_1991-2021_Processed.csv","2006","H","1","64.9816666666667","HFR","Forest","Warming","Flux"
"HFR_soil-respiration_1991-2021_Processed.csv","2006","H","6","120.486666666667","HFR","Forest","Warming","Flux"
"HFR_soil-respiration_1991-2021_Processed.csv","2006","H","8","61.0466666666667","HFR","Forest","Warming","Flux"
"HFR_soil-respiration_1991-2021_Processed.csv","2006","H","12","90.1266666666667","HFR","Forest","Warming","Flux"
"HFR_soil-respiration_1991-2021_Processed.csv","2006","H","15","77.5766666666667","HFR","Forest","Warming","Flux"
"HFR_soil-respiration_1991-2021_Processed.csv","2006","H","16","66.4233333333333","HFR","Forest","Warming","Flux"
"HFR_soil-respiration_1991-2021_Processed.csv","2007","C","3","65.51","HFR","Forest","Warming","Flux"
"HFR_soil-respiration_1991-2021_Processed.csv","2007","C","5","108.57375","HFR","Forest","Warming","Flux"
"HFR_soil-respiration_1991-2021_Processed.csv","2007","C","9","101.2075","HFR","Forest","Warming","Flux"
"HFR_soil-respiration_1991-2021_Processed.csv","2007","C","10","84.06","HFR","Forest","Warming","Flux"
"HFR_soil-respiration_1991-2021_Processed.csv","2007","C","13","110.16625","HFR","Forest","Warming","Flux"
"HFR_soil-respiration_1991-2021_Processed.csv","2007","C","17","98.13125","HFR","Forest","Warming","Flux"
"HFR_soil-respiration_1991-2021_Processed.csv","2007","H","1","77.4125","HFR","Forest","Warming","Flux"
"HFR_soil-respiration_1991-2021_Processed.csv","2007","H","6","140.98625","HFR","Forest","Warming","Flux"
"HFR_soil-respiration_1991-2021_Processed.csv","2007","H","8","85.375","HFR","Forest","Warming","Flux"
"HFR_soil-respiration_1991-2021_Processed.csv","2007","H","12","156.89125","HFR","Forest","Warming","Flux"
"HFR_soil-respiration_1991-2021_Processed.csv","2007","H","15","109.1225","HFR","Forest","Warming","Flux"
"HFR_soil-respiration_1991-2021_Processed.csv","2007","H","16","94.46","HFR","Forest","Warming","Flux"
"HFR_soil-respiration_1991-2021_Processed.csv","2008","C","3","88.20375","HFR","Forest","Warming","Flux"
"HFR_soil-respiration_1991-2021_Processed.csv","2008","C","5","132.7675","HFR","Forest","Warming","Flux"
"HFR_soil-respiration_1991-2021_Processed.csv","2008","C","9","120.13125","HFR","Forest","Warming","Flux"
"HFR_soil-respiration_1991-2021_Processed.csv","2008","C","10","95.3525","HFR","Forest","Warming","Flux"
"HFR_soil-respiration_1991-2021_Processed.csv","2008","C","13","139.0425","HFR","Forest","Warming","Flux"
"HFR_soil-respiration_1991-2021_Processed.csv","2008","C","17","125.272857142857","HFR","Forest","Warming","Flux"
"HFR_soil-respiration_1991-2021_Processed.csv","2008","H","1","108.922857142857","HFR","Forest","Warming","Flux"
"HFR_soil-respiration_1991-2021_Processed.csv","2008","H","6","189.19875","HFR","Forest","Warming","Flux"
"HFR_soil-respiration_1991-2021_Processed.csv","2008","H","8","108.8025","HFR","Forest","Warming","Flux"
"HFR_soil-respiration_1991-2021_Processed.csv","2008","H","12","154.085","HFR","Forest","Warming","Flux"
"HFR_soil-respiration_1991-2021_Processed.csv","2008","H","15","150.9225","HFR","Forest","Warming","Flux"
"HFR_soil-respiration_1991-2021_Processed.csv","2008","H","16","134.12375","HFR","Forest","Warming","Flux"
"HFR_soil-respiration_1991-2021_Processed.csv","2009","C","3","79.185","HFR","Forest","Warming","Flux"
"HFR_soil-respiration_1991-2021_Processed.csv","2009","C","5","101.625","HFR","Forest","Warming","Flux"
"HFR_soil-respiration_1991-2021_Processed.csv","2009","C","9","98.88","HFR","Forest","Warming","Flux"
"HFR_soil-respiration_1991-2021_Processed.csv","2009","C","10","93.94125","HFR","Forest","Warming","Flux"
"HFR_soil-respiration_1991-2021_Processed.csv","2009","C","13","114.275","HFR","Forest","Warming","Flux"
"HFR_soil-respiration_1991-2021_Processed.csv","2009","C","17","123.215","HFR","Forest","Warming","Flux"
"HFR_soil-respiration_1991-2021_Processed.csv","2009","H","1","82.89125","HFR","Forest","Warming","Flux"
"HFR_soil-respiration_1991-2021_Processed.csv","2009","H","6","107.08875","HFR","Forest","Warming","Flux"
"HFR_soil-respiration_1991-2021_Processed.csv","2009","H","8","92.135","HFR","Forest","Warming","Flux"
"HFR_soil-respiration_1991-2021_Processed.csv","2009","H","12","85.23125","HFR","Forest","Warming","Flux"
"HFR_soil-respiration_1991-2021_Processed.csv","2009","H","15","122.295","HFR","Forest","Warming","Flux"
"HFR_soil-respiration_1991-2021_Processed.csv","2009","H","16","123.2975","HFR","Forest","Warming","Flux"
"HFR_soil-respiration_1991-2021_Processed.csv","2010","C","3","71.76","HFR","Forest","Warming","Flux"
"HFR_soil-respiration_1991-2021_Processed.csv","2010","C","5","84.61","HFR","Forest","Warming","Flux"
"HFR_soil-respiration_1991-2021_Processed.csv","2010","C","9","66.2825","HFR","Forest","Warming","Flux"
"HFR_soil-respiration_1991-2021_Processed.csv","2010","C","10","81.5","HFR","Forest","Warming","Flux"
"HFR_soil-respiration_1991-2021_Processed.csv","2010","C","13","103.8975","HFR","Forest","Warming","Flux"
"HFR_soil-respiration_1991-2021_Processed.csv","2010","C","17","127.3875","HFR","Forest","Warming","Flux"
"HFR_soil-respiration_1991-2021_Processed.csv","2010","H","1","63.685","HFR","Forest","Warming","Flux"
"HFR_soil-respiration_1991-2021_Processed.csv","2010","H","6","93.2275","HFR","Forest","Warming","Flux"
"HFR_soil-respiration_1991-2021_Processed.csv","2010","H","8","70.945","HFR","Forest","Warming","Flux"
"HFR_soil-respiration_1991-2021_Processed.csv","2010","H","12","76.395","HFR","Forest","Warming","Flux"
"HFR_soil-respiration_1991-2021_Processed.csv","2010","H","15","91.9125","HFR","Forest","Warming","Flux"
"HFR_soil-respiration_1991-2021_Processed.csv","2010","H","16","80.815","HFR","Forest","Warming","Flux"
"HFR_soil-respiration_1991-2021_Processed.csv","2011","C","3","90.6416666666667","HFR","Forest","Warming","Flux"
"HFR_soil-respiration_1991-2021_Processed.csv","2011","C","5","93.3833333333333","HFR","Forest","Warming","Flux"
"HFR_soil-respiration_1991-2021_Processed.csv","2011","C","9","105.19","HFR","Forest","Warming","Flux"
"HFR_soil-respiration_1991-2021_Processed.csv","2011","C","10","89.6516666666667","HFR","Forest","Warming","Flux"
"HFR_soil-respiration_1991-2021_Processed.csv","2011","C","13","119.898333333333","HFR","Forest","Warming","Flux"
"HFR_soil-respiration_1991-2021_Processed.csv","2011","C","17","153.973333333333","HFR","Forest","Warming","Flux"
"HFR_soil-respiration_1991-2021_Processed.csv","2011","H","1","106.393333333333","HFR","Forest","Warming","Flux"
"HFR_soil-respiration_1991-2021_Processed.csv","2011","H","6","109.591666666667","HFR","Forest","Warming","Flux"
"HFR_soil-respiration_1991-2021_Processed.csv","2011","H","8","113.576666666667","HFR","Forest","Warming","Flux"
"HFR_soil-respiration_1991-2021_Processed.csv","2011","H","12","150.06","HFR","Forest","Warming","Flux"
"HFR_soil-respiration_1991-2021_Processed.csv","2011","H","15","127.291666666667","HFR","Forest","Warming","Flux"
"HFR_soil-respiration_1991-2021_Processed.csv","2011","H","16","112.583333333333","HFR","Forest","Warming","Flux"
"HFR_soil-respiration_1991-2021_Processed.csv","2012","C","3","62.3611111111111","HFR","Forest","Warming","Flux"
"HFR_soil-respiration_1991-2021_Processed.csv","2012","C","5","94.1022222222222","HFR","Forest","Warming","Flux"
"HFR_soil-respiration_1991-2021_Processed.csv","2012","C","9","88.6488888888889","HFR","Forest","Warming","Flux"
"HFR_soil-respiration_1991-2021_Processed.csv","2012","C","10","74.7544444444444","HFR","Forest","Warming","Flux"
"HFR_soil-respiration_1991-2021_Processed.csv","2012","C","13","90.3244444444444","HFR","Forest","Warming","Flux"
"HFR_soil-respiration_1991-2021_Processed.csv","2012","C","17","113.59","HFR","Forest","Warming","Flux"
"HFR_soil-respiration_1991-2021_Processed.csv","2012","H","1","72.7733333333333","HFR","Forest","Warming","Flux"
"HFR_soil-respiration_1991-2021_Processed.csv","2012","H","6","104.442222222222","HFR","Forest","Warming","Flux"
"HFR_soil-respiration_1991-2021_Processed.csv","2012","H","8","79.6733333333333","HFR","Forest","Warming","Flux"
"HFR_soil-respiration_1991-2021_Processed.csv","2012","H","12","94.6944444444444","HFR","Forest","Warming","Flux"
"HFR_soil-respiration_1991-2021_Processed.csv","2012","H","15","93.4044444444445","HFR","Forest","Warming","Flux"
"HFR_soil-respiration_1991-2021_Processed.csv","2012","H","16","83.22125","HFR","Forest","Warming","Flux"
"HFR_soil-respiration_1991-2021_Processed.csv","2013","C","3","61.01875","HFR","Forest","Warming","Flux"
"HFR_soil-respiration_1991-2021_Processed.csv","2013","C","5","87.79875","HFR","Forest","Warming","Flux"
"HFR_soil-respiration_1991-2021_Processed.csv","2013","C","9","90.69","HFR","Forest","Warming","Flux"
"HFR_soil-respiration_1991-2021_Processed.csv","2013","C","10","79.85125","HFR","Forest","Warming","Flux"
"HFR_soil-respiration_1991-2021_Processed.csv","2013","C","13","93.6325","HFR","Forest","Warming","Flux"
"HFR_soil-respiration_1991-2021_Processed.csv","2013","C","17","126.42125","HFR","Forest","Warming","Flux"
"HFR_soil-respiration_1991-2021_Processed.csv","2013","H","1","75.27375","HFR","Forest","Warming","Flux"
"HFR_soil-respiration_1991-2021_Processed.csv","2013","H","6","99.9075","HFR","Forest","Warming","Flux"
"HFR_soil-respiration_1991-2021_Processed.csv","2013","H","8","78.31125","HFR","Forest","Warming","Flux"
"HFR_soil-respiration_1991-2021_Processed.csv","2013","H","12","124.7475","HFR","Forest","Warming","Flux"
"HFR_soil-respiration_1991-2021_Processed.csv","2013","H","15","88.07","HFR","Forest","Warming","Flux"
"HFR_soil-respiration_1991-2021_Processed.csv","2013","H","16","90.845","HFR","Forest","Warming","Flux"
"HFR_soil-respiration_1991-2021_Processed.csv","2014","C","3","57.41375","HFR","Forest","Warming","Flux"
"HFR_soil-respiration_1991-2021_Processed.csv","2014","C","5","107.082857142857","HFR","Forest","Warming","Flux"
"HFR_soil-respiration_1991-2021_Processed.csv","2014","C","9","90.54625","HFR","Forest","Warming","Flux"
"HFR_soil-respiration_1991-2021_Processed.csv","2014","C","10","74.73625","HFR","Forest","Warming","Flux"
"HFR_soil-respiration_1991-2021_Processed.csv","2014","C","13","99.09875","HFR","Forest","Warming","Flux"
"HFR_soil-respiration_1991-2021_Processed.csv","2014","C","17","114.2825","HFR","Forest","Warming","Flux"
"HFR_soil-respiration_1991-2021_Processed.csv","2014","H","1","62.295","HFR","Forest","Warming","Flux"
"HFR_soil-respiration_1991-2021_Processed.csv","2014","H","6","102.08125","HFR","Forest","Warming","Flux"
"HFR_soil-respiration_1991-2021_Processed.csv","2014","H","8","79.63375","HFR","Forest","Warming","Flux"
"HFR_soil-respiration_1991-2021_Processed.csv","2014","H","12","120.8275","HFR","Forest","Warming","Flux"
"HFR_soil-respiration_1991-2021_Processed.csv","2014","H","15","80.4675","HFR","Forest","Warming","Flux"
"HFR_soil-respiration_1991-2021_Processed.csv","2014","H","16","97.70125","HFR","Forest","Warming","Flux"
"HFR_soil-respiration_1991-2021_Processed.csv","2015","C","3","98.5490909090909","HFR","Forest","Warming","Flux"
"HFR_soil-respiration_1991-2021_Processed.csv","2015","C","5","221.004166666667","HFR","Forest","Warming","Flux"
"HFR_soil-respiration_1991-2021_Processed.csv","2015","C","9","133.835454545455","HFR","Forest","Warming","Flux"
"HFR_soil-respiration_1991-2021_Processed.csv","2015","C","10","107.818181818182","HFR","Forest","Warming","Flux"
"HFR_soil-respiration_1991-2021_Processed.csv","2015","C","13","153.797272727273","HFR","Forest","Warming","Flux"
"HFR_soil-respiration_1991-2021_Processed.csv","2015","C","17","181.582727272727","HFR","Forest","Warming","Flux"
"HFR_soil-respiration_1991-2021_Processed.csv","2015","H","1","86.7063636363636","HFR","Forest","Warming","Flux"
"HFR_soil-respiration_1991-2021_Processed.csv","2015","H","6","139.553333333333","HFR","Forest","Warming","Flux"
"HFR_soil-respiration_1991-2021_Processed.csv","2015","H","8","99.5663636363636","HFR","Forest","Warming","Flux"
"HFR_soil-respiration_1991-2021_Processed.csv","2015","H","12","230.493636363636","HFR","Forest","Warming","Flux"
"HFR_soil-respiration_1991-2021_Processed.csv","2015","H","15","144.628181818182","HFR","Forest","Warming","Flux"
"HFR_soil-respiration_1991-2021_Processed.csv","2015","H","16","138.641818181818","HFR","Forest","Warming","Flux"
"HFR_soil-respiration_1991-2021_Processed.csv","2016","C","3","66.2033333333333","HFR","Forest","Warming","Flux"
"HFR_soil-respiration_1991-2021_Processed.csv","2016","C","5","177.29","HFR","Forest","Warming","Flux"
"HFR_soil-respiration_1991-2021_Processed.csv","2016","C","9","118.468888888889","HFR","Forest","Warming","Flux"
"HFR_soil-respiration_1991-2021_Processed.csv","2016","C","10","85.21","HFR","Forest","Warming","Flux"
"HFR_soil-respiration_1991-2021_Processed.csv","2016","C","13","130.327777777778","HFR","Forest","Warming","Flux"
"HFR_soil-respiration_1991-2021_Processed.csv","2016","C","17","164.887777777778","HFR","Forest","Warming","Flux"
"HFR_soil-respiration_1991-2021_Processed.csv","2016","H","1","68.2666666666667","HFR","Forest","Warming","Flux"
"HFR_soil-respiration_1991-2021_Processed.csv","2016","H","6","100.727777777778","HFR","Forest","Warming","Flux"
"HFR_soil-respiration_1991-2021_Processed.csv","2016","H","8","76.2144444444444","HFR","Forest","Warming","Flux"
"HFR_soil-respiration_1991-2021_Processed.csv","2016","H","12","156.121111111111","HFR","Forest","Warming","Flux"
"HFR_soil-respiration_1991-2021_Processed.csv","2016","H","15","106.348888888889","HFR","Forest","Warming","Flux"
"HFR_soil-respiration_1991-2021_Processed.csv","2016","H","16","96.4922222222222","HFR","Forest","Warming","Flux"
"HFR_soil-respiration_1991-2021_Processed.csv","2017","C","3","66.30375","HFR","Forest","Warming","Flux"
"HFR_soil-respiration_1991-2021_Processed.csv","2017","C","5","124.35","HFR","Forest","Warming","Flux"
"HFR_soil-respiration_1991-2021_Processed.csv","2017","C","9","124.3025","HFR","Forest","Warming","Flux"
"HFR_soil-respiration_1991-2021_Processed.csv","2017","C","10","83.74625","HFR","Forest","Warming","Flux"
"HFR_soil-respiration_1991-2021_Processed.csv","2017","C","13","98.02875","HFR","Forest","Warming","Flux"
"HFR_soil-respiration_1991-2021_Processed.csv","2017","C","17","179.06875","HFR","Forest","Warming","Flux"
"HFR_soil-respiration_1991-2021_Processed.csv","2017","H","1","81.08375","HFR","Forest","Warming","Flux"
"HFR_soil-respiration_1991-2021_Processed.csv","2017","H","6","130.83625","HFR","Forest","Warming","Flux"
"HFR_soil-respiration_1991-2021_Processed.csv","2017","H","8","95.1185714285714","HFR","Forest","Warming","Flux"
"HFR_soil-respiration_1991-2021_Processed.csv","2017","H","12","129.10375","HFR","Forest","Warming","Flux"
"HFR_soil-respiration_1991-2021_Processed.csv","2017","H","15","106.1975","HFR","Forest","Warming","Flux"
"HFR_soil-respiration_1991-2021_Processed.csv","2017","H","16","89.06875","HFR","Forest","Warming","Flux"
"HFR_soil-respiration_1991-2021_Processed.csv","2018","C","3","72.6816666666667","HFR","Forest","Warming","Flux"
"HFR_soil-respiration_1991-2021_Processed.csv","2018","C","5","117.891666666667","HFR","Forest","Warming","Flux"
"HFR_soil-respiration_1991-2021_Processed.csv","2018","C","9","125.085","HFR","Forest","Warming","Flux"
"HFR_soil-respiration_1991-2021_Processed.csv","2018","C","10","93.8966666666667","HFR","Forest","Warming","Flux"
"HFR_soil-respiration_1991-2021_Processed.csv","2018","C","13","112.568333333333","HFR","Forest","Warming","Flux"
"HFR_soil-respiration_1991-2021_Processed.csv","2018","C","17","209.76","HFR","Forest","Warming","Flux"
"HFR_soil-respiration_1991-2021_Processed.csv","2018","H","1","78.7666666666667","HFR","Forest","Warming","Flux"
"HFR_soil-respiration_1991-2021_Processed.csv","2018","H","6","122.206666666667","HFR","Forest","Warming","Flux"
"HFR_soil-respiration_1991-2021_Processed.csv","2018","H","8","117.14","HFR","Forest","Warming","Flux"
"HFR_soil-respiration_1991-2021_Processed.csv","2018","H","12","125.865","HFR","Forest","Warming","Flux"
"HFR_soil-respiration_1991-2021_Processed.csv","2018","H","15","113.073333333333","HFR","Forest","Warming","Flux"
"HFR_soil-respiration_1991-2021_Processed.csv","2018","H","16","109.481666666667","HFR","Forest","Warming","Flux"
"HFR_soil-respiration_1991-2021_Processed.csv","2019","C","3","131.975555555556","HFR","Forest","Warming","Flux"
"HFR_soil-respiration_1991-2021_Processed.csv","2019","C","5","172.367777777778","HFR","Forest","Warming","Flux"
"HFR_soil-respiration_1991-2021_Processed.csv","2019","C","9","151.045555555556","HFR","Forest","Warming","Flux"
"HFR_soil-respiration_1991-2021_Processed.csv","2019","C","10","168.603333333333","HFR","Forest","Warming","Flux"
"HFR_soil-respiration_1991-2021_Processed.csv","2019","C","13","212.102222222222","HFR","Forest","Warming","Flux"
"HFR_soil-respiration_1991-2021_Processed.csv","2019","C","17","268.965555555556","HFR","Forest","Warming","Flux"
"HFR_soil-respiration_1991-2021_Processed.csv","2019","H","1","119.54375","HFR","Forest","Warming","Flux"
"HFR_soil-respiration_1991-2021_Processed.csv","2019","H","6","170.04625","HFR","Forest","Warming","Flux"
"HFR_soil-respiration_1991-2021_Processed.csv","2019","H","8","209.166666666667","HFR","Forest","Warming","Flux"
"HFR_soil-respiration_1991-2021_Processed.csv","2019","H","12","156.108888888889","HFR","Forest","Warming","Flux"
"HFR_soil-respiration_1991-2021_Processed.csv","2019","H","15","187.793333333333","HFR","Forest","Warming","Flux"
"HFR_soil-respiration_1991-2021_Processed.csv","2019","H","16","187.78","HFR","Forest","Warming","Flux"
"HFR_soil-respiration_1991-2021_Processed.csv","2020","C","3","260.951666666667","HFR","Forest","Warming","Flux"
"HFR_soil-respiration_1991-2021_Processed.csv","2020","C","5","215.116666666667","HFR","Forest","Warming","Flux"
"HFR_soil-respiration_1991-2021_Processed.csv","2020","C","9","284.67","HFR","Forest","Warming","Flux"
"HFR_soil-respiration_1991-2021_Processed.csv","2020","C","10","461.71","HFR","Forest","Warming","Flux"
"HFR_soil-respiration_1991-2021_Processed.csv","2020","C","13","274.016666666667","HFR","Forest","Warming","Flux"
"HFR_soil-respiration_1991-2021_Processed.csv","2020","C","17","457.52","HFR","Forest","Warming","Flux"
"HFR_soil-respiration_1991-2021_Processed.csv","2020","H","1","253.45","HFR","Forest","Warming","Flux"
"HFR_soil-respiration_1991-2021_Processed.csv","2020","H","6","241.86","HFR","Forest","Warming","Flux"
"HFR_soil-respiration_1991-2021_Processed.csv","2020","H","8","595.678333333333","HFR","Forest","Warming","Flux"
"HFR_soil-respiration_1991-2021_Processed.csv","2020","H","12","211.073333333333","HFR","Forest","Warming","Flux"
"HFR_soil-respiration_1991-2021_Processed.csv","2020","H","15","241.071666666667","HFR","Forest","Warming","Flux"
"HFR_soil-respiration_1991-2021_Processed.csv","2020","H","16","307.723333333333","HFR","Forest","Warming","Flux"
"HFR_soil-respiration_1991-2021_Processed.csv","2021","C","3","264.52","HFR","Forest","Warming","Flux"
"HFR_soil-respiration_1991-2021_Processed.csv","2021","C","5","250.711666666667","HFR","Forest","Warming","Flux"
"HFR_soil-respiration_1991-2021_Processed.csv","2021","C","9","251.268333333333","HFR","Forest","Warming","Flux"
"HFR_soil-respiration_1991-2021_Processed.csv","2021","C","10","224.26","HFR","Forest","Warming","Flux"
"HFR_soil-respiration_1991-2021_Processed.csv","2021","C","13","225.47","HFR","Forest","Warming","Flux"
"HFR_soil-respiration_1991-2021_Processed.csv","2021","C","17","432.53","HFR","Forest","Warming","Flux"
"HFR_soil-respiration_1991-2021_Processed.csv","2021","H","1","254.72","HFR","Forest","Warming","Flux"
"HFR_soil-respiration_1991-2021_Processed.csv","2021","H","6","264.713333333333","HFR","Forest","Warming","Flux"
"HFR_soil-respiration_1991-2021_Processed.csv","2021","H","8","259.403333333333","HFR","Forest","Warming","Flux"
"HFR_soil-respiration_1991-2021_Processed.csv","2021","H","12","242.601666666667","HFR","Forest","Warming","Flux"
"HFR_soil-respiration_1991-2021_Processed.csv","2021","H","15","215.115","HFR","Forest","Warming","Flux"
"HFR_soil-respiration_1991-2021_Processed.csv","2021","H","16","242.888333333333","HFR","Forest","Warming","Flux"
"KBS_herbaceous_biomass_1993-2018.csv","1993","T1","R1","1414.42038","KBS","Grassland","Fertilization","Stock"
"KBS_herbaceous_biomass_1993-2018.csv","1993","T1","R2","1549.05252","KBS","Grassland","Fertilization","Stock"
"KBS_herbaceous_biomass_1993-2018.csv","1993","T1","R3","1557.06302","KBS","Grassland","Fertilization","Stock"
"KBS_herbaceous_biomass_1993-2018.csv","1993","T1","R4","1492.51734","KBS","Grassland","Fertilization","Stock"
"KBS_herbaceous_biomass_1993-2018.csv","1993","T1","R5","2011.22552","KBS","Grassland","Fertilization","Stock"
"KBS_herbaceous_biomass_1993-2018.csv","1993","T1","R6","1667.14912","KBS","Grassland","Fertilization","Stock"
"KBS_herbaceous_biomass_1993-2018.csv","1993","T2","R1","1762.91994","KBS","Grassland","Fertilization","Stock"
"KBS_herbaceous_biomass_1993-2018.csv","1993","T2","R2","1755.41012","KBS","Grassland","Fertilization","Stock"
"KBS_herbaceous_biomass_1993-2018.csv","1993","T2","R3","1813.12488","KBS","Grassland","Fertilization","Stock"
"KBS_herbaceous_biomass_1993-2018.csv","1993","T2","R4","1917.7098","KBS","Grassland","Fertilization","Stock"
"KBS_herbaceous_biomass_1993-2018.csv","1993","T2","R5","1361.67878","KBS","Grassland","Fertilization","Stock"
"KBS_herbaceous_biomass_1993-2018.csv","1993","T2","R6","1418.36532","KBS","Grassland","Fertilization","Stock"
"KBS_herbaceous_biomass_1993-2018.csv","1993","T3","R1","1375.84098666667","KBS","Grassland","Fertilization","Stock"
"KBS_herbaceous_biomass_1993-2018.csv","1993","T3","R2","1562.37442","KBS","Grassland","Fertilization","Stock"
"KBS_herbaceous_biomass_1993-2018.csv","1993","T3","R3","1606.26252","KBS","Grassland","Fertilization","Stock"
"KBS_herbaceous_biomass_1993-2018.csv","1993","T3","R4","1764.6964","KBS","Grassland","Fertilization","Stock"
"KBS_herbaceous_biomass_1993-2018.csv","1993","T3","R5","1581.29114","KBS","Grassland","Fertilization","Stock"
"KBS_herbaceous_biomass_1993-2018.csv","1993","T3","R6","1427.91366","KBS","Grassland","Fertilization","Stock"
"KBS_herbaceous_biomass_1993-2018.csv","1993","T4","R1","1270.16644","KBS","Grassland","Fertilization","Stock"
"KBS_herbaceous_biomass_1993-2018.csv","1993","T4","R2","1279.00438","KBS","Grassland","Fertilization","Stock"
"KBS_herbaceous_biomass_1993-2018.csv","1993","T4","R3","1380.57674","KBS","Grassland","Fertilization","Stock"
"KBS_herbaceous_biomass_1993-2018.csv","1993","T4","R4","1229.91544","KBS","Grassland","Fertilization","Stock"
"KBS_herbaceous_biomass_1993-2018.csv","1993","T4","R5","1084.9857","KBS","Grassland","Fertilization","Stock"
"KBS_herbaceous_biomass_1993-2018.csv","1993","T4","R6","1058.93114","KBS","Grassland","Fertilization","Stock"
"KBS_herbaceous_biomass_1993-2018.csv","1994","T1","R1","638.45","KBS","Grassland","Fertilization","Stock"
"KBS_herbaceous_biomass_1993-2018.csv","1994","T1","R2","819.862","KBS","Grassland","Fertilization","Stock"
"KBS_herbaceous_biomass_1993-2018.csv","1994","T1","R3","711.28","KBS","Grassland","Fertilization","Stock"
"KBS_herbaceous_biomass_1993-2018.csv","1994","T1","R4","765.686","KBS","Grassland","Fertilization","Stock"
"KBS_herbaceous_biomass_1993-2018.csv","1994","T1","R5","703.856","KBS","Grassland","Fertilization","Stock"
"KBS_herbaceous_biomass_1993-2018.csv","1994","T1","R6","759.416","KBS","Grassland","Fertilization","Stock"
"KBS_herbaceous_biomass_1993-2018.csv","1994","T2","R1","811.25","KBS","Grassland","Fertilization","Stock"
"KBS_herbaceous_biomass_1993-2018.csv","1994","T2","R2","498.994","KBS","Grassland","Fertilization","Stock"
"KBS_herbaceous_biomass_1993-2018.csv","1994","T2","R3","651.06","KBS","Grassland","Fertilization","Stock"
"KBS_herbaceous_biomass_1993-2018.csv","1994","T2","R4","531.848","KBS","Grassland","Fertilization","Stock"
"KBS_herbaceous_biomass_1993-2018.csv","1994","T2","R6","660.444","KBS","Grassland","Fertilization","Stock"
"KBS_herbaceous_biomass_1993-2018.csv","1994","T21","R5","615.548","KBS","Grassland","Fertilization","Stock"
"KBS_herbaceous_biomass_1993-2018.csv","1994","T3","R1","621.16382","KBS","Grassland","Fertilization","Stock"
"KBS_herbaceous_biomass_1993-2018.csv","1994","T3","R2","720.0228","KBS","Grassland","Fertilization","Stock"
"KBS_herbaceous_biomass_1993-2018.csv","1994","T3","R3","807.63768","KBS","Grassland","Fertilization","Stock"
"KBS_herbaceous_biomass_1993-2018.csv","1994","T3","R4","925.70246","KBS","Grassland","Fertilization","Stock"
"KBS_herbaceous_biomass_1993-2018.csv","1994","T3","R5","884.22146","KBS","Grassland","Fertilization","Stock"
"KBS_herbaceous_biomass_1993-2018.csv","1994","T3","R6","644.6601","KBS","Grassland","Fertilization","Stock"
"KBS_herbaceous_biomass_1993-2018.csv","1994","T4","R1","782.23108","KBS","Grassland","Fertilization","Stock"
"KBS_herbaceous_biomass_1993-2018.csv","1994","T4","R2","690.65282","KBS","Grassland","Fertilization","Stock"
"KBS_herbaceous_biomass_1993-2018.csv","1994","T4","R3","830.31064","KBS","Grassland","Fertilization","Stock"
"KBS_herbaceous_biomass_1993-2018.csv","1994","T4","R4","815.21884","KBS","Grassland","Fertilization","Stock"
"KBS_herbaceous_biomass_1993-2018.csv","1994","T4","R5","801.3173","KBS","Grassland","Fertilization","Stock"
"KBS_herbaceous_biomass_1993-2018.csv","1994","T4","R6","721.58758","KBS","Grassland","Fertilization","Stock"
"KBS_herbaceous_biomass_1993-2018.csv","1995","T1","R1","919.582","KBS","Grassland","Fertilization","Stock"
"KBS_herbaceous_biomass_1993-2018.csv","1995","T1","R2","1162.592","KBS","Grassland","Fertilization","Stock"
"KBS_herbaceous_biomass_1993-2018.csv","1995","T1","R3","1210.542","KBS","Grassland","Fertilization","Stock"
"KBS_herbaceous_biomass_1993-2018.csv","1995","T1","R4","862.514","KBS","Grassland","Fertilization","Stock"
"KBS_herbaceous_biomass_1993-2018.csv","1995","T1","R5","1016.88","KBS","Grassland","Fertilization","Stock"
"KBS_herbaceous_biomass_1993-2018.csv","1995","T1","R6","1001.322","KBS","Grassland","Fertilization","Stock"
"KBS_herbaceous_biomass_1993-2018.csv","1995","T2","R1","1110.776","KBS","Grassland","Fertilization","Stock"
"KBS_herbaceous_biomass_1993-2018.csv","1995","T2","R2","907.192","KBS","Grassland","Fertilization","Stock"
"KBS_herbaceous_biomass_1993-2018.csv","1995","T2","R3","1181.316","KBS","Grassland","Fertilization","Stock"
"KBS_herbaceous_biomass_1993-2018.csv","1995","T2","R4","938.768","KBS","Grassland","Fertilization","Stock"
"KBS_herbaceous_biomass_1993-2018.csv","1995","T2","R6","1097.764","KBS","Grassland","Fertilization","Stock"
"KBS_herbaceous_biomass_1993-2018.csv","1995","T21","R5","807.014","KBS","Grassland","Fertilization","Stock"
"KBS_herbaceous_biomass_1993-2018.csv","1995","T3","R1","719.534","KBS","Grassland","Fertilization","Stock"
"KBS_herbaceous_biomass_1993-2018.csv","1995","T3","R2","720.208","KBS","Grassland","Fertilization","Stock"
"KBS_herbaceous_biomass_1993-2018.csv","1995","T3","R3","816.974","KBS","Grassland","Fertilization","Stock"
"KBS_herbaceous_biomass_1993-2018.csv","1995","T3","R4","731.364","KBS","Grassland","Fertilization","Stock"
"KBS_herbaceous_biomass_1993-2018.csv","1995","T3","R5","799.588","KBS","Grassland","Fertilization","Stock"
"KBS_herbaceous_biomass_1993-2018.csv","1995","T3","R6","645.262","KBS","Grassland","Fertilization","Stock"
"KBS_herbaceous_biomass_1993-2018.csv","1995","T4","R1","618.128","KBS","Grassland","Fertilization","Stock"
"KBS_herbaceous_biomass_1993-2018.csv","1995","T4","R2","616.458","KBS","Grassland","Fertilization","Stock"
"KBS_herbaceous_biomass_1993-2018.csv","1995","T4","R3","678.594","KBS","Grassland","Fertilization","Stock"
"KBS_herbaceous_biomass_1993-2018.csv","1995","T4","R4","723.392","KBS","Grassland","Fertilization","Stock"
"KBS_herbaceous_biomass_1993-2018.csv","1995","T4","R5","555.556","KBS","Grassland","Fertilization","Stock"
"KBS_herbaceous_biomass_1993-2018.csv","1995","T4","R6","606.98","KBS","Grassland","Fertilization","Stock"
"KBS_herbaceous_biomass_1993-2018.csv","1996","T1","R1","862.478","KBS","Grassland","Fertilization","Stock"
"KBS_herbaceous_biomass_1993-2018.csv","1996","T1","R2","915.46","KBS","Grassland","Fertilization","Stock"
"KBS_herbaceous_biomass_1993-2018.csv","1996","T1","R3","1385.204","KBS","Grassland","Fertilization","Stock"
"KBS_herbaceous_biomass_1993-2018.csv","1996","T1","R4","707.938","KBS","Grassland","Fertilization","Stock"
"KBS_herbaceous_biomass_1993-2018.csv","1996","T1","R5","797.16","KBS","Grassland","Fertilization","Stock"
"KBS_herbaceous_biomass_1993-2018.csv","1996","T1","R6","903.27","KBS","Grassland","Fertilization","Stock"
"KBS_herbaceous_biomass_1993-2018.csv","1996","T2","R1","1151.638","KBS","Grassland","Fertilization","Stock"
"KBS_herbaceous_biomass_1993-2018.csv","1996","T2","R2","993.19","KBS","Grassland","Fertilization","Stock"
"KBS_herbaceous_biomass_1993-2018.csv","1996","T2","R3","1232.908","KBS","Grassland","Fertilization","Stock"
"KBS_herbaceous_biomass_1993-2018.csv","1996","T2","R4","1586.212","KBS","Grassland","Fertilization","Stock"
"KBS_herbaceous_biomass_1993-2018.csv","1996","T2","R5","735.506","KBS","Grassland","Fertilization","Stock"
"KBS_herbaceous_biomass_1993-2018.csv","1996","T2","R6","765.986","KBS","Grassland","Fertilization","Stock"
"KBS_herbaceous_biomass_1993-2018.csv","1996","T3","R1","939.008","KBS","Grassland","Fertilization","Stock"
"KBS_herbaceous_biomass_1993-2018.csv","1996","T3","R2","1046.03","KBS","Grassland","Fertilization","Stock"
"KBS_herbaceous_biomass_1993-2018.csv","1996","T3","R3","1241.686","KBS","Grassland","Fertilization","Stock"
"KBS_herbaceous_biomass_1993-2018.csv","1996","T3","R4","1069.83333333333","KBS","Grassland","Fertilization","Stock"
"KBS_herbaceous_biomass_1993-2018.csv","1996","T3","R5","996.108","KBS","Grassland","Fertilization","Stock"
"KBS_herbaceous_biomass_1993-2018.csv","1996","T3","R6","1158.684","KBS","Grassland","Fertilization","Stock"
"KBS_herbaceous_biomass_1993-2018.csv","1996","T4","R1","946.450666666667","KBS","Grassland","Fertilization","Stock"
"KBS_herbaceous_biomass_1993-2018.csv","1996","T4","R2","1070.74","KBS","Grassland","Fertilization","Stock"
"KBS_herbaceous_biomass_1993-2018.csv","1996","T4","R3","1152.712","KBS","Grassland","Fertilization","Stock"
"KBS_herbaceous_biomass_1993-2018.csv","1996","T4","R4","1202.29933333333","KBS","Grassland","Fertilization","Stock"
"KBS_herbaceous_biomass_1993-2018.csv","1996","T4","R5","937.925333333333","KBS","Grassland","Fertilization","Stock"
"KBS_herbaceous_biomass_1993-2018.csv","1996","T4","R6","847.824666666667","KBS","Grassland","Fertilization","Stock"
"KBS_herbaceous_biomass_1993-2018.csv","1997","T1","R1","449.938","KBS","Grassland","Fertilization","Stock"
"KBS_herbaceous_biomass_1993-2018.csv","1997","T1","R2","507.336","KBS","Grassland","Fertilization","Stock"
"KBS_herbaceous_biomass_1993-2018.csv","1997","T1","R3","615.35","KBS","Grassland","Fertilization","Stock"
"KBS_herbaceous_biomass_1993-2018.csv","1997","T1","R4","502.796","KBS","Grassland","Fertilization","Stock"
"KBS_herbaceous_biomass_1993-2018.csv","1997","T1","R5","530.466","KBS","Grassland","Fertilization","Stock"
"KBS_herbaceous_biomass_1993-2018.csv","1997","T1","R6","572.214","KBS","Grassland","Fertilization","Stock"
"KBS_herbaceous_biomass_1993-2018.csv","1997","T2","R1","559.862","KBS","Grassland","Fertilization","Stock"
"KBS_herbaceous_biomass_1993-2018.csv","1997","T2","R2","491.84","KBS","Grassland","Fertilization","Stock"
"KBS_herbaceous_biomass_1993-2018.csv","1997","T2","R3","634.664","KBS","Grassland","Fertilization","Stock"
"KBS_herbaceous_biomass_1993-2018.csv","1997","T2","R4","370.85","KBS","Grassland","Fertilization","Stock"
"KBS_herbaceous_biomass_1993-2018.csv","1997","T2","R5","394.1","KBS","Grassland","Fertilization","Stock"
"KBS_herbaceous_biomass_1993-2018.csv","1997","T2","R6","530.25","KBS","Grassland","Fertilization","Stock"
"KBS_herbaceous_biomass_1993-2018.csv","1997","T3","R1","416.888","KBS","Grassland","Fertilization","Stock"
"KBS_herbaceous_biomass_1993-2018.csv","1997","T3","R2","552.192","KBS","Grassland","Fertilization","Stock"
"KBS_herbaceous_biomass_1993-2018.csv","1997","T3","R3","543.686","KBS","Grassland","Fertilization","Stock"
"KBS_herbaceous_biomass_1993-2018.csv","1997","T3","R4","593.436","KBS","Grassland","Fertilization","Stock"
"KBS_herbaceous_biomass_1993-2018.csv","1997","T3","R5","505.792","KBS","Grassland","Fertilization","Stock"
"KBS_herbaceous_biomass_1993-2018.csv","1997","T3","R6","365.226","KBS","Grassland","Fertilization","Stock"
"KBS_herbaceous_biomass_1993-2018.csv","1997","T4","R1","477.974","KBS","Grassland","Fertilization","Stock"
"KBS_herbaceous_biomass_1993-2018.csv","1997","T4","R2","459.868","KBS","Grassland","Fertilization","Stock"
"KBS_herbaceous_biomass_1993-2018.csv","1997","T4","R3","540.388","KBS","Grassland","Fertilization","Stock"
"KBS_herbaceous_biomass_1993-2018.csv","1997","T4","R4","674.926","KBS","Grassland","Fertilization","Stock"
"KBS_herbaceous_biomass_1993-2018.csv","1997","T4","R5","525.51","KBS","Grassland","Fertilization","Stock"
"KBS_herbaceous_biomass_1993-2018.csv","1997","T4","R6","502.576","KBS","Grassland","Fertilization","Stock"
"KBS_herbaceous_biomass_1993-2018.csv","1998","T1","R1","672.2","KBS","Grassland","Fertilization","Stock"
"KBS_herbaceous_biomass_1993-2018.csv","1998","T1","R2","660.138","KBS","Grassland","Fertilization","Stock"
"KBS_herbaceous_biomass_1993-2018.csv","1998","T1","R3","848.312","KBS","Grassland","Fertilization","Stock"
"KBS_herbaceous_biomass_1993-2018.csv","1998","T1","R4","590.5","KBS","Grassland","Fertilization","Stock"
"KBS_herbaceous_biomass_1993-2018.csv","1998","T1","R5","581.652","KBS","Grassland","Fertilization","Stock"
"KBS_herbaceous_biomass_1993-2018.csv","1998","T1","R6","547.148","KBS","Grassland","Fertilization","Stock"
"KBS_herbaceous_biomass_1993-2018.csv","1998","T2","R1","621.24","KBS","Grassland","Fertilization","Stock"
"KBS_herbaceous_biomass_1993-2018.csv","1998","T2","R2","560.96","KBS","Grassland","Fertilization","Stock"
"KBS_herbaceous_biomass_1993-2018.csv","1998","T2","R3","748.35","KBS","Grassland","Fertilization","Stock"
"KBS_herbaceous_biomass_1993-2018.csv","1998","T2","R4","682.274","KBS","Grassland","Fertilization","Stock"
"KBS_herbaceous_biomass_1993-2018.csv","1998","T2","R5","550.516","KBS","Grassland","Fertilization","Stock"
"KBS_herbaceous_biomass_1993-2018.csv","1998","T2","R6","624.146","KBS","Grassland","Fertilization","Stock"
"KBS_herbaceous_biomass_1993-2018.csv","1998","T3","R1","415.966","KBS","Grassland","Fertilization","Stock"
"KBS_herbaceous_biomass_1993-2018.csv","1998","T3","R2","490.898","KBS","Grassland","Fertilization","Stock"
"KBS_herbaceous_biomass_1993-2018.csv","1998","T3","R3","515.106","KBS","Grassland","Fertilization","Stock"
"KBS_herbaceous_biomass_1993-2018.csv","1998","T3","R4","558.144","KBS","Grassland","Fertilization","Stock"
"KBS_herbaceous_biomass_1993-2018.csv","1998","T3","R5","585.476","KBS","Grassland","Fertilization","Stock"
"KBS_herbaceous_biomass_1993-2018.csv","1998","T3","R6","616.31","KBS","Grassland","Fertilization","Stock"
"KBS_herbaceous_biomass_1993-2018.csv","1998","T4","R1","461.55","KBS","Grassland","Fertilization","Stock"
"KBS_herbaceous_biomass_1993-2018.csv","1998","T4","R2","336.322","KBS","Grassland","Fertilization","Stock"
"KBS_herbaceous_biomass_1993-2018.csv","1998","T4","R3","362.832","KBS","Grassland","Fertilization","Stock"
"KBS_herbaceous_biomass_1993-2018.csv","1998","T4","R4","407.952","KBS","Grassland","Fertilization","Stock"
"KBS_herbaceous_biomass_1993-2018.csv","1998","T4","R5","354.2","KBS","Grassland","Fertilization","Stock"
"KBS_herbaceous_biomass_1993-2018.csv","1998","T4","R6","351.286","KBS","Grassland","Fertilization","Stock"
"KBS_herbaceous_biomass_1993-2018.csv","1999","T1","R1","1220.65048","KBS","Grassland","Fertilization","Stock"
"KBS_herbaceous_biomass_1993-2018.csv","1999","T1","R2","1237.82806","KBS","Grassland","Fertilization","Stock"
"KBS_herbaceous_biomass_1993-2018.csv","1999","T1","R3","1685.2591","KBS","Grassland","Fertilization","Stock"
"KBS_herbaceous_biomass_1993-2018.csv","1999","T1","R4","1298.20032","KBS","Grassland","Fertilization","Stock"
"KBS_herbaceous_biomass_1993-2018.csv","1999","T1","R5","730.2391","KBS","Grassland","Fertilization","Stock"
"KBS_herbaceous_biomass_1993-2018.csv","1999","T1","R6","1116.88688","KBS","Grassland","Fertilization","Stock"
"KBS_herbaceous_biomass_1993-2018.csv","1999","T2","R1","1165.49222","KBS","Grassland","Fertilization","Stock"
"KBS_herbaceous_biomass_1993-2018.csv","1999","T2","R2","994.44346","KBS","Grassland","Fertilization","Stock"
"KBS_herbaceous_biomass_1993-2018.csv","1999","T2","R3","1471.35748","KBS","Grassland","Fertilization","Stock"
"KBS_herbaceous_biomass_1993-2018.csv","1999","T2","R4","1246.37256","KBS","Grassland","Fertilization","Stock"
"KBS_herbaceous_biomass_1993-2018.csv","1999","T2","R5","1059.4476","KBS","Grassland","Fertilization","Stock"
"KBS_herbaceous_biomass_1993-2018.csv","1999","T2","R6","1345.44078","KBS","Grassland","Fertilization","Stock"
"KBS_herbaceous_biomass_1993-2018.csv","1999","T3","R1","1292.19002","KBS","Grassland","Fertilization","Stock"
"KBS_herbaceous_biomass_1993-2018.csv","1999","T3","R2","2068.29276","KBS","Grassland","Fertilization","Stock"
"KBS_herbaceous_biomass_1993-2018.csv","1999","T3","R3","1419.62694","KBS","Grassland","Fertilization","Stock"
"KBS_herbaceous_biomass_1993-2018.csv","1999","T3","R4","1364.9895","KBS","Grassland","Fertilization","Stock"
"KBS_herbaceous_biomass_1993-2018.csv","1999","T3","R5","1567.49856","KBS","Grassland","Fertilization","Stock"
"KBS_herbaceous_biomass_1993-2018.csv","1999","T3","R6","1811.35072","KBS","Grassland","Fertilization","Stock"
"KBS_herbaceous_biomass_1993-2018.csv","1999","T4","R1","2389.9095","KBS","Grassland","Fertilization","Stock"
"KBS_herbaceous_biomass_1993-2018.csv","1999","T4","R2","1518.7028","KBS","Grassland","Fertilization","Stock"
"KBS_herbaceous_biomass_1993-2018.csv","1999","T4","R3","1801.28336","KBS","Grassland","Fertilization","Stock"
"KBS_herbaceous_biomass_1993-2018.csv","1999","T4","R4","2124.39652","KBS","Grassland","Fertilization","Stock"
"KBS_herbaceous_biomass_1993-2018.csv","1999","T4","R5","1304.80086","KBS","Grassland","Fertilization","Stock"
"KBS_herbaceous_biomass_1993-2018.csv","1999","T4","R6","1591.02884","KBS","Grassland","Fertilization","Stock"
"KBS_herbaceous_biomass_1993-2018.csv","2000","T1","R1","526.288","KBS","Grassland","Fertilization","Stock"
"KBS_herbaceous_biomass_1993-2018.csv","2000","T1","R2","555.446","KBS","Grassland","Fertilization","Stock"
"KBS_herbaceous_biomass_1993-2018.csv","2000","T1","R3","547.778","KBS","Grassland","Fertilization","Stock"
"KBS_herbaceous_biomass_1993-2018.csv","2000","T1","R4","487.368","KBS","Grassland","Fertilization","Stock"
"KBS_herbaceous_biomass_1993-2018.csv","2000","T1","R5","387.404","KBS","Grassland","Fertilization","Stock"
"KBS_herbaceous_biomass_1993-2018.csv","2000","T1","R6","559.758","KBS","Grassland","Fertilization","Stock"
"KBS_herbaceous_biomass_1993-2018.csv","2000","T2","R1","601.716","KBS","Grassland","Fertilization","Stock"
"KBS_herbaceous_biomass_1993-2018.csv","2000","T2","R2","517.028","KBS","Grassland","Fertilization","Stock"
"KBS_herbaceous_biomass_1993-2018.csv","2000","T2","R3","600.992","KBS","Grassland","Fertilization","Stock"
"KBS_herbaceous_biomass_1993-2018.csv","2000","T2","R4","515.752","KBS","Grassland","Fertilization","Stock"
"KBS_herbaceous_biomass_1993-2018.csv","2000","T2","R5","506.47","KBS","Grassland","Fertilization","Stock"
"KBS_herbaceous_biomass_1993-2018.csv","2000","T2","R6","666.212","KBS","Grassland","Fertilization","Stock"
"KBS_herbaceous_biomass_1993-2018.csv","2000","T3","R1","591.4112","KBS","Grassland","Fertilization","Stock"
"KBS_herbaceous_biomass_1993-2018.csv","2000","T3","R2","574.00532","KBS","Grassland","Fertilization","Stock"
"KBS_herbaceous_biomass_1993-2018.csv","2000","T3","R3","639.02514","KBS","Grassland","Fertilization","Stock"
"KBS_herbaceous_biomass_1993-2018.csv","2000","T3","R4","542.49612","KBS","Grassland","Fertilization","Stock"
"KBS_herbaceous_biomass_1993-2018.csv","2000","T3","R5","554.06546","KBS","Grassland","Fertilization","Stock"
"KBS_herbaceous_biomass_1993-2018.csv","2000","T3","R6","717.83804","KBS","Grassland","Fertilization","Stock"
"KBS_herbaceous_biomass_1993-2018.csv","2000","T4","R1","704.06328","KBS","Grassland","Fertilization","Stock"
"KBS_herbaceous_biomass_1993-2018.csv","2000","T4","R2","600.76824","KBS","Grassland","Fertilization","Stock"
"KBS_herbaceous_biomass_1993-2018.csv","2000","T4","R3","666.26786","KBS","Grassland","Fertilization","Stock"
"KBS_herbaceous_biomass_1993-2018.csv","2000","T4","R4","696.4113","KBS","Grassland","Fertilization","Stock"
"KBS_herbaceous_biomass_1993-2018.csv","2000","T4","R5","569.89626","KBS","Grassland","Fertilization","Stock"
"KBS_herbaceous_biomass_1993-2018.csv","2000","T4","R6","630.53218","KBS","Grassland","Fertilization","Stock"
"KBS_herbaceous_biomass_1993-2018.csv","2001","T1","R1","811.292","KBS","Grassland","Fertilization","Stock"
"KBS_herbaceous_biomass_1993-2018.csv","2001","T1","R2","945.29","KBS","Grassland","Fertilization","Stock"
"KBS_herbaceous_biomass_1993-2018.csv","2001","T1","R3","1104.392","KBS","Grassland","Fertilization","Stock"
"KBS_herbaceous_biomass_1993-2018.csv","2001","T1","R4","888.77","KBS","Grassland","Fertilization","Stock"
"KBS_herbaceous_biomass_1993-2018.csv","2001","T1","R5","859.696","KBS","Grassland","Fertilization","Stock"
"KBS_herbaceous_biomass_1993-2018.csv","2001","T1","R6","672.016","KBS","Grassland","Fertilization","Stock"
"KBS_herbaceous_biomass_1993-2018.csv","2001","T2","R1","710.324","KBS","Grassland","Fertilization","Stock"
"KBS_herbaceous_biomass_1993-2018.csv","2001","T2","R2","560.028","KBS","Grassland","Fertilization","Stock"
"KBS_herbaceous_biomass_1993-2018.csv","2001","T2","R3","898.198","KBS","Grassland","Fertilization","Stock"
"KBS_herbaceous_biomass_1993-2018.csv","2001","T2","R4","790.508","KBS","Grassland","Fertilization","Stock"
"KBS_herbaceous_biomass_1993-2018.csv","2001","T2","R5","692.662","KBS","Grassland","Fertilization","Stock"
"KBS_herbaceous_biomass_1993-2018.csv","2001","T2","R6","684.834","KBS","Grassland","Fertilization","Stock"
"KBS_herbaceous_biomass_1993-2018.csv","2001","T3","R1","658.466","KBS","Grassland","Fertilization","Stock"
"KBS_herbaceous_biomass_1993-2018.csv","2001","T3","R2","782.032","KBS","Grassland","Fertilization","Stock"
"KBS_herbaceous_biomass_1993-2018.csv","2001","T3","R3","785.298","KBS","Grassland","Fertilization","Stock"
"KBS_herbaceous_biomass_1993-2018.csv","2001","T3","R4","771.8","KBS","Grassland","Fertilization","Stock"
"KBS_herbaceous_biomass_1993-2018.csv","2001","T3","R5","724.322","KBS","Grassland","Fertilization","Stock"
"KBS_herbaceous_biomass_1993-2018.csv","2001","T3","R6","761.644","KBS","Grassland","Fertilization","Stock"
"KBS_herbaceous_biomass_1993-2018.csv","2001","T4","R1","650.506","KBS","Grassland","Fertilization","Stock"
"KBS_herbaceous_biomass_1993-2018.csv","2001","T4","R2","560.142","KBS","Grassland","Fertilization","Stock"
"KBS_herbaceous_biomass_1993-2018.csv","2001","T4","R3","668.49","KBS","Grassland","Fertilization","Stock"
"KBS_herbaceous_biomass_1993-2018.csv","2001","T4","R4","610.658","KBS","Grassland","Fertilization","Stock"
"KBS_herbaceous_biomass_1993-2018.csv","2001","T4","R5","532.706","KBS","Grassland","Fertilization","Stock"
"KBS_herbaceous_biomass_1993-2018.csv","2001","T4","R6","500.898","KBS","Grassland","Fertilization","Stock"
"KBS_herbaceous_biomass_1993-2018.csv","2002","T1","R1","810.35632","KBS","Grassland","Fertilization","Stock"
"KBS_herbaceous_biomass_1993-2018.csv","2002","T1","R2","1460.78178","KBS","Grassland","Fertilization","Stock"
"KBS_herbaceous_biomass_1993-2018.csv","2002","T1","R3","1473.5779","KBS","Grassland","Fertilization","Stock"
"KBS_herbaceous_biomass_1993-2018.csv","2002","T1","R4","769.76584","KBS","Grassland","Fertilization","Stock"
"KBS_herbaceous_biomass_1993-2018.csv","2002","T1","R5","1035.29036","KBS","Grassland","Fertilization","Stock"
"KBS_herbaceous_biomass_1993-2018.csv","2002","T1","R6","1348.81158","KBS","Grassland","Fertilization","Stock"
"KBS_herbaceous_biomass_1993-2018.csv","2002","T2","R1","1073.7709","KBS","Grassland","Fertilization","Stock"
"KBS_herbaceous_biomass_1993-2018.csv","2002","T2","R2","907.70764","KBS","Grassland","Fertilization","Stock"
"KBS_herbaceous_biomass_1993-2018.csv","2002","T2","R3","1105.94546","KBS","Grassland","Fertilization","Stock"
"KBS_herbaceous_biomass_1993-2018.csv","2002","T2","R4","901.42322","KBS","Grassland","Fertilization","Stock"
"KBS_herbaceous_biomass_1993-2018.csv","2002","T2","R5","1253.298","KBS","Grassland","Fertilization","Stock"
"KBS_herbaceous_biomass_1993-2018.csv","2002","T2","R6","1280.4745","KBS","Grassland","Fertilization","Stock"
"KBS_herbaceous_biomass_1993-2018.csv","2002","T3","R1","1241.34166","KBS","Grassland","Fertilization","Stock"
"KBS_herbaceous_biomass_1993-2018.csv","2002","T3","R2","1398.20282","KBS","Grassland","Fertilization","Stock"
"KBS_herbaceous_biomass_1993-2018.csv","2002","T3","R3","1496.35192","KBS","Grassland","Fertilization","Stock"
"KBS_herbaceous_biomass_1993-2018.csv","2002","T3","R4","1100.39168","KBS","Grassland","Fertilization","Stock"
"KBS_herbaceous_biomass_1993-2018.csv","2002","T3","R5","1160.60988","KBS","Grassland","Fertilization","Stock"
"KBS_herbaceous_biomass_1993-2018.csv","2002","T3","R6","1216.00766","KBS","Grassland","Fertilization","Stock"
"KBS_herbaceous_biomass_1993-2018.csv","2002","T4","R1","1636.56658","KBS","Grassland","Fertilization","Stock"
"KBS_herbaceous_biomass_1993-2018.csv","2002","T4","R2","1065.86972","KBS","Grassland","Fertilization","Stock"
"KBS_herbaceous_biomass_1993-2018.csv","2002","T4","R3","1245.8125","KBS","Grassland","Fertilization","Stock"
"KBS_herbaceous_biomass_1993-2018.csv","2002","T4","R4","1232.14776","KBS","Grassland","Fertilization","Stock"
"KBS_herbaceous_biomass_1993-2018.csv","2002","T4","R5","1031.12638","KBS","Grassland","Fertilization","Stock"
"KBS_herbaceous_biomass_1993-2018.csv","2002","T4","R6","659.2115","KBS","Grassland","Fertilization","Stock"
"KBS_herbaceous_biomass_1993-2018.csv","2003","T1","R1","493.93","KBS","Grassland","Fertilization","Stock"
"KBS_herbaceous_biomass_1993-2018.csv","2003","T1","R2","507.34","KBS","Grassland","Fertilization","Stock"
"KBS_herbaceous_biomass_1993-2018.csv","2003","T1","R3","552.542","KBS","Grassland","Fertilization","Stock"
"KBS_herbaceous_biomass_1993-2018.csv","2003","T1","R4","491.024","KBS","Grassland","Fertilization","Stock"
"KBS_herbaceous_biomass_1993-2018.csv","2003","T1","R5","529.556","KBS","Grassland","Fertilization","Stock"
"KBS_herbaceous_biomass_1993-2018.csv","2003","T1","R6","545.248","KBS","Grassland","Fertilization","Stock"
"KBS_herbaceous_biomass_1993-2018.csv","2003","T2","R1","458.16","KBS","Grassland","Fertilization","Stock"
"KBS_herbaceous_biomass_1993-2018.csv","2003","T2","R2","439.986","KBS","Grassland","Fertilization","Stock"
"KBS_herbaceous_biomass_1993-2018.csv","2003","T2","R3","549.538","KBS","Grassland","Fertilization","Stock"
"KBS_herbaceous_biomass_1993-2018.csv","2003","T2","R4","479.506","KBS","Grassland","Fertilization","Stock"
"KBS_herbaceous_biomass_1993-2018.csv","2003","T2","R5","431.126","KBS","Grassland","Fertilization","Stock"
"KBS_herbaceous_biomass_1993-2018.csv","2003","T2","R6","455.362","KBS","Grassland","Fertilization","Stock"
"KBS_herbaceous_biomass_1993-2018.csv","2003","T3","R1","418.078","KBS","Grassland","Fertilization","Stock"
"KBS_herbaceous_biomass_1993-2018.csv","2003","T3","R2","571.152","KBS","Grassland","Fertilization","Stock"
"KBS_herbaceous_biomass_1993-2018.csv","2003","T3","R3","498.604","KBS","Grassland","Fertilization","Stock"
"KBS_herbaceous_biomass_1993-2018.csv","2003","T3","R4","526.976","KBS","Grassland","Fertilization","Stock"
"KBS_herbaceous_biomass_1993-2018.csv","2003","T3","R5","539.312","KBS","Grassland","Fertilization","Stock"
"KBS_herbaceous_biomass_1993-2018.csv","2003","T3","R6","618.196","KBS","Grassland","Fertilization","Stock"
"KBS_herbaceous_biomass_1993-2018.csv","2003","T4","R1","493.732","KBS","Grassland","Fertilization","Stock"
"KBS_herbaceous_biomass_1993-2018.csv","2003","T4","R2","500.106","KBS","Grassland","Fertilization","Stock"
"KBS_herbaceous_biomass_1993-2018.csv","2003","T4","R3","543.408","KBS","Grassland","Fertilization","Stock"
"KBS_herbaceous_biomass_1993-2018.csv","2003","T4","R4","531.47","KBS","Grassland","Fertilization","Stock"
"KBS_herbaceous_biomass_1993-2018.csv","2003","T4","R5","442.984","KBS","Grassland","Fertilization","Stock"
"KBS_herbaceous_biomass_1993-2018.csv","2003","T4","R6","573.748","KBS","Grassland","Fertilization","Stock"
"KBS_herbaceous_biomass_1993-2018.csv","2004","T1","R1","757.4884","KBS","Grassland","Fertilization","Stock"
"KBS_herbaceous_biomass_1993-2018.csv","2004","T1","R2","842.616","KBS","Grassland","Fertilization","Stock"
"KBS_herbaceous_biomass_1993-2018.csv","2004","T1","R3","961.664","KBS","Grassland","Fertilization","Stock"
"KBS_herbaceous_biomass_1993-2018.csv","2004","T1","R4","826.694","KBS","Grassland","Fertilization","Stock"
"KBS_herbaceous_biomass_1993-2018.csv","2004","T1","R5","824.0872","KBS","Grassland","Fertilization","Stock"
"KBS_herbaceous_biomass_1993-2018.csv","2004","T1","R6","700.942","KBS","Grassland","Fertilization","Stock"
"KBS_herbaceous_biomass_1993-2018.csv","2004","T2","R1","811.658","KBS","Grassland","Fertilization","Stock"
"KBS_herbaceous_biomass_1993-2018.csv","2004","T2","R2","769.816","KBS","Grassland","Fertilization","Stock"
"KBS_herbaceous_biomass_1993-2018.csv","2004","T2","R3","899.486","KBS","Grassland","Fertilization","Stock"
"KBS_herbaceous_biomass_1993-2018.csv","2004","T2","R4","878.658","KBS","Grassland","Fertilization","Stock"
"KBS_herbaceous_biomass_1993-2018.csv","2004","T2","R6","779.436","KBS","Grassland","Fertilization","Stock"
"KBS_herbaceous_biomass_1993-2018.csv","2004","T21","R5","761.022","KBS","Grassland","Fertilization","Stock"
"KBS_herbaceous_biomass_1993-2018.csv","2004","T3","R1","806.663","KBS","Grassland","Fertilization","Stock"
"KBS_herbaceous_biomass_1993-2018.csv","2004","T3","R2","865.019","KBS","Grassland","Fertilization","Stock"
"KBS_herbaceous_biomass_1993-2018.csv","2004","T3","R3","792.8282","KBS","Grassland","Fertilization","Stock"
"KBS_herbaceous_biomass_1993-2018.csv","2004","T3","R4","823.809","KBS","Grassland","Fertilization","Stock"
"KBS_herbaceous_biomass_1993-2018.csv","2004","T3","R5","764.837","KBS","Grassland","Fertilization","Stock"
"KBS_herbaceous_biomass_1993-2018.csv","2004","T3","R6","809.693","KBS","Grassland","Fertilization","Stock"
"KBS_herbaceous_biomass_1993-2018.csv","2004","T4","R1","606.217","KBS","Grassland","Fertilization","Stock"
"KBS_herbaceous_biomass_1993-2018.csv","2004","T4","R2","645.423","KBS","Grassland","Fertilization","Stock"
"KBS_herbaceous_biomass_1993-2018.csv","2004","T4","R3","617.861","KBS","Grassland","Fertilization","Stock"
"KBS_herbaceous_biomass_1993-2018.csv","2004","T4","R4","586.715","KBS","Grassland","Fertilization","Stock"
"KBS_herbaceous_biomass_1993-2018.csv","2004","T4","R5","603.285","KBS","Grassland","Fertilization","Stock"
"KBS_herbaceous_biomass_1993-2018.csv","2004","T4","R6","523.015","KBS","Grassland","Fertilization","Stock"
"KBS_herbaceous_biomass_1993-2018.csv","2005","T1","R1","1492.602","KBS","Grassland","Fertilization","Stock"
"KBS_herbaceous_biomass_1993-2018.csv","2005","T1","R2","1563.492","KBS","Grassland","Fertilization","Stock"
"KBS_herbaceous_biomass_1993-2018.csv","2005","T1","R3","1879.766","KBS","Grassland","Fertilization","Stock"
"KBS_herbaceous_biomass_1993-2018.csv","2005","T1","R4","1228.758","KBS","Grassland","Fertilization","Stock"
"KBS_herbaceous_biomass_1993-2018.csv","2005","T1","R5","1438.984","KBS","Grassland","Fertilization","Stock"
"KBS_herbaceous_biomass_1993-2018.csv","2005","T1","R6","1615.958","KBS","Grassland","Fertilization","Stock"
"KBS_herbaceous_biomass_1993-2018.csv","2005","T2","R1","1539.746","KBS","Grassland","Fertilization","Stock"
"KBS_herbaceous_biomass_1993-2018.csv","2005","T2","R2","1551.748","KBS","Grassland","Fertilization","Stock"
"KBS_herbaceous_biomass_1993-2018.csv","2005","T2","R3","1992.742","KBS","Grassland","Fertilization","Stock"
"KBS_herbaceous_biomass_1993-2018.csv","2005","T2","R4","1628.976","KBS","Grassland","Fertilization","Stock"
"KBS_herbaceous_biomass_1993-2018.csv","2005","T2","R5","1472.57","KBS","Grassland","Fertilization","Stock"
"KBS_herbaceous_biomass_1993-2018.csv","2005","T2","R6","1670.174","KBS","Grassland","Fertilization","Stock"
"KBS_herbaceous_biomass_1993-2018.csv","2005","T3","R1","1517.7202","KBS","Grassland","Fertilization","Stock"
"KBS_herbaceous_biomass_1993-2018.csv","2005","T3","R2","1736.8728","KBS","Grassland","Fertilization","Stock"
"KBS_herbaceous_biomass_1993-2018.csv","2005","T3","R3","1793.6104","KBS","Grassland","Fertilization","Stock"
"KBS_herbaceous_biomass_1993-2018.csv","2005","T3","R4","1597.3964","KBS","Grassland","Fertilization","Stock"
"KBS_herbaceous_biomass_1993-2018.csv","2005","T3","R5","1862.974","KBS","Grassland","Fertilization","Stock"
"KBS_herbaceous_biomass_1993-2018.csv","2005","T3","R6","1964.6924","KBS","Grassland","Fertilization","Stock"
"KBS_herbaceous_biomass_1993-2018.csv","2005","T4","R1","1803.9092","KBS","Grassland","Fertilization","Stock"
"KBS_herbaceous_biomass_1993-2018.csv","2005","T4","R2","1756.228","KBS","Grassland","Fertilization","Stock"
"KBS_herbaceous_biomass_1993-2018.csv","2005","T4","R3","1691.8376","KBS","Grassland","Fertilization","Stock"
"KBS_herbaceous_biomass_1993-2018.csv","2005","T4","R4","1391.0656","KBS","Grassland","Fertilization","Stock"
"KBS_herbaceous_biomass_1993-2018.csv","2005","T4","R5","1524.3368","KBS","Grassland","Fertilization","Stock"
"KBS_herbaceous_biomass_1993-2018.csv","2005","T4","R6","1732.818","KBS","Grassland","Fertilization","Stock"
"KBS_herbaceous_biomass_1993-2018.csv","2006","T1","R1","446.1288","KBS","Grassland","Fertilization","Stock"
"KBS_herbaceous_biomass_1993-2018.csv","2006","T1","R2","578.2482","KBS","Grassland","Fertilization","Stock"
"KBS_herbaceous_biomass_1993-2018.csv","2006","T1","R3","544.4828","KBS","Grassland","Fertilization","Stock"
"KBS_herbaceous_biomass_1993-2018.csv","2006","T1","R4","519.5368","KBS","Grassland","Fertilization","Stock"
"KBS_herbaceous_biomass_1993-2018.csv","2006","T1","R5","490.033","KBS","Grassland","Fertilization","Stock"
"KBS_herbaceous_biomass_1993-2018.csv","2006","T1","R6","595.659","KBS","Grassland","Fertilization","Stock"
"KBS_herbaceous_biomass_1993-2018.csv","2006","T2","R1","596.983","KBS","Grassland","Fertilization","Stock"
"KBS_herbaceous_biomass_1993-2018.csv","2006","T2","R2","619.171","KBS","Grassland","Fertilization","Stock"
"KBS_herbaceous_biomass_1993-2018.csv","2006","T2","R3","620.193","KBS","Grassland","Fertilization","Stock"
"KBS_herbaceous_biomass_1993-2018.csv","2006","T2","R4","614.815","KBS","Grassland","Fertilization","Stock"
"KBS_herbaceous_biomass_1993-2018.csv","2006","T2","R5","557.769","KBS","Grassland","Fertilization","Stock"
"KBS_herbaceous_biomass_1993-2018.csv","2006","T2","R6","624.207","KBS","Grassland","Fertilization","Stock"
"KBS_herbaceous_biomass_1993-2018.csv","2006","T3","R1","583.8234","KBS","Grassland","Fertilization","Stock"
"KBS_herbaceous_biomass_1993-2018.csv","2006","T3","R2","722.8128","KBS","Grassland","Fertilization","Stock"
"KBS_herbaceous_biomass_1993-2018.csv","2006","T3","R3","735.2442","KBS","Grassland","Fertilization","Stock"
"KBS_herbaceous_biomass_1993-2018.csv","2006","T3","R4","639.2702","KBS","Grassland","Fertilization","Stock"
"KBS_herbaceous_biomass_1993-2018.csv","2006","T3","R5","740.677","KBS","Grassland","Fertilization","Stock"
"KBS_herbaceous_biomass_1993-2018.csv","2006","T3","R6","760.509","KBS","Grassland","Fertilization","Stock"
"KBS_herbaceous_biomass_1993-2018.csv","2006","T4","R1","737.1194","KBS","Grassland","Fertilization","Stock"
"KBS_herbaceous_biomass_1993-2018.csv","2006","T4","R2","660.5922","KBS","Grassland","Fertilization","Stock"
"KBS_herbaceous_biomass_1993-2018.csv","2006","T4","R3","727.6068","KBS","Grassland","Fertilization","Stock"
"KBS_herbaceous_biomass_1993-2018.csv","2006","T4","R4","712.0122","KBS","Grassland","Fertilization","Stock"
"KBS_herbaceous_biomass_1993-2018.csv","2006","T4","R5","619.673","KBS","Grassland","Fertilization","Stock"
"KBS_herbaceous_biomass_1993-2018.csv","2006","T4","R6","725.721","KBS","Grassland","Fertilization","Stock"
"KBS_herbaceous_biomass_1993-2018.csv","2007","T1","R1","501.758","KBS","Grassland","Fertilization","Stock"
"KBS_herbaceous_biomass_1993-2018.csv","2007","T1","R2","707.376","KBS","Grassland","Fertilization","Stock"
"KBS_herbaceous_biomass_1993-2018.csv","2007","T1","R3","700.87","KBS","Grassland","Fertilization","Stock"
"KBS_herbaceous_biomass_1993-2018.csv","2007","T1","R4","652.8564","KBS","Grassland","Fertilization","Stock"
"KBS_herbaceous_biomass_1993-2018.csv","2007","T1","R5","549.5914","KBS","Grassland","Fertilization","Stock"
"KBS_herbaceous_biomass_1993-2018.csv","2007","T1","R6","497.2714","KBS","Grassland","Fertilization","Stock"
"KBS_herbaceous_biomass_1993-2018.csv","2007","T2","R1","767.274","KBS","Grassland","Fertilization","Stock"
"KBS_herbaceous_biomass_1993-2018.csv","2007","T2","R2","767.1812","KBS","Grassland","Fertilization","Stock"
"KBS_herbaceous_biomass_1993-2018.csv","2007","T2","R3","908.094","KBS","Grassland","Fertilization","Stock"
"KBS_herbaceous_biomass_1993-2018.csv","2007","T2","R4","846.794","KBS","Grassland","Fertilization","Stock"
"KBS_herbaceous_biomass_1993-2018.csv","2007","T2","R5","713.4412","KBS","Grassland","Fertilization","Stock"
"KBS_herbaceous_biomass_1993-2018.csv","2007","T2","R6","722.036","KBS","Grassland","Fertilization","Stock"
"KBS_herbaceous_biomass_1993-2018.csv","2007","T3","R1","575.15","KBS","Grassland","Fertilization","Stock"
"KBS_herbaceous_biomass_1993-2018.csv","2007","T3","R2","481.2084","KBS","Grassland","Fertilization","Stock"
"KBS_herbaceous_biomass_1993-2018.csv","2007","T3","R3","605.9","KBS","Grassland","Fertilization","Stock"
"KBS_herbaceous_biomass_1993-2018.csv","2007","T3","R4","553.4444","KBS","Grassland","Fertilization","Stock"
"KBS_herbaceous_biomass_1993-2018.csv","2007","T3","R5","615.0188","KBS","Grassland","Fertilization","Stock"
"KBS_herbaceous_biomass_1993-2018.csv","2007","T3","R6","569.63","KBS","Grassland","Fertilization","Stock"
"KBS_herbaceous_biomass_1993-2018.csv","2007","T4","R1","496.674","KBS","Grassland","Fertilization","Stock"
"KBS_herbaceous_biomass_1993-2018.csv","2007","T4","R2","458.5536","KBS","Grassland","Fertilization","Stock"
"KBS_herbaceous_biomass_1993-2018.csv","2007","T4","R3","508.96","KBS","Grassland","Fertilization","Stock"
"KBS_herbaceous_biomass_1993-2018.csv","2007","T4","R4","502.08","KBS","Grassland","Fertilization","Stock"
"KBS_herbaceous_biomass_1993-2018.csv","2007","T4","R5","494.218","KBS","Grassland","Fertilization","Stock"
"KBS_herbaceous_biomass_1993-2018.csv","2007","T4","R6","350.266","KBS","Grassland","Fertilization","Stock"
"KBS_herbaceous_biomass_1993-2018.csv","2008","T1","R1","925.674","KBS","Grassland","Fertilization","Stock"
"KBS_herbaceous_biomass_1993-2018.csv","2008","T1","R2","1177.182","KBS","Grassland","Fertilization","Stock"
"KBS_herbaceous_biomass_1993-2018.csv","2008","T1","R3","1546.172","KBS","Grassland","Fertilization","Stock"
"KBS_herbaceous_biomass_1993-2018.csv","2008","T1","R4","782.278","KBS","Grassland","Fertilization","Stock"
"KBS_herbaceous_biomass_1993-2018.csv","2008","T1","R5","1042.702","KBS","Grassland","Fertilization","Stock"
"KBS_herbaceous_biomass_1993-2018.csv","2008","T1","R6","1566.876","KBS","Grassland","Fertilization","Stock"
"KBS_herbaceous_biomass_1993-2018.csv","2008","T2","R1","1269.092","KBS","Grassland","Fertilization","Stock"
"KBS_herbaceous_biomass_1993-2018.csv","2008","T2","R2","1056.832","KBS","Grassland","Fertilization","Stock"
"KBS_herbaceous_biomass_1993-2018.csv","2008","T2","R3","1455.152","KBS","Grassland","Fertilization","Stock"
"KBS_herbaceous_biomass_1993-2018.csv","2008","T2","R4","1359.584","KBS","Grassland","Fertilization","Stock"
"KBS_herbaceous_biomass_1993-2018.csv","2008","T2","R5","1201.58","KBS","Grassland","Fertilization","Stock"
"KBS_herbaceous_biomass_1993-2018.csv","2008","T2","R6","1449.182","KBS","Grassland","Fertilization","Stock"
"KBS_herbaceous_biomass_1993-2018.csv","2008","T3","R1","1240.0992","KBS","Grassland","Fertilization","Stock"
"KBS_herbaceous_biomass_1993-2018.csv","2008","T3","R2","1249.4146","KBS","Grassland","Fertilization","Stock"
"KBS_herbaceous_biomass_1993-2018.csv","2008","T3","R3","1141.6266","KBS","Grassland","Fertilization","Stock"
"KBS_herbaceous_biomass_1993-2018.csv","2008","T3","R4","1198.3114","KBS","Grassland","Fertilization","Stock"
"KBS_herbaceous_biomass_1993-2018.csv","2008","T3","R5","1353.4732","KBS","Grassland","Fertilization","Stock"
"KBS_herbaceous_biomass_1993-2018.csv","2008","T3","R6","1630.1232","KBS","Grassland","Fertilization","Stock"
"KBS_herbaceous_biomass_1993-2018.csv","2008","T4","R1","1161.573","KBS","Grassland","Fertilization","Stock"
"KBS_herbaceous_biomass_1993-2018.csv","2008","T4","R2","1003.4536","KBS","Grassland","Fertilization","Stock"
"KBS_herbaceous_biomass_1993-2018.csv","2008","T4","R3","1217.6612","KBS","Grassland","Fertilization","Stock"
"KBS_herbaceous_biomass_1993-2018.csv","2008","T4","R4","996.9874","KBS","Grassland","Fertilization","Stock"
"KBS_herbaceous_biomass_1993-2018.csv","2008","T4","R5","1037.2108","KBS","Grassland","Fertilization","Stock"
"KBS_herbaceous_biomass_1993-2018.csv","2008","T4","R6","971.9346","KBS","Grassland","Fertilization","Stock"
"KBS_herbaceous_biomass_1993-2018.csv","2009","T1","R1","394.832","KBS","Grassland","Fertilization","Stock"
"KBS_herbaceous_biomass_1993-2018.csv","2009","T1","R2","463.972","KBS","Grassland","Fertilization","Stock"
"KBS_herbaceous_biomass_1993-2018.csv","2009","T1","R3","606.178","KBS","Grassland","Fertilization","Stock"
"KBS_herbaceous_biomass_1993-2018.csv","2009","T1","R4","468.49","KBS","Grassland","Fertilization","Stock"
"KBS_herbaceous_biomass_1993-2018.csv","2009","T1","R5","422.26","KBS","Grassland","Fertilization","Stock"
"KBS_herbaceous_biomass_1993-2018.csv","2009","T1","R6","448.936","KBS","Grassland","Fertilization","Stock"
"KBS_herbaceous_biomass_1993-2018.csv","2009","T2","R1","518.874","KBS","Grassland","Fertilization","Stock"
"KBS_herbaceous_biomass_1993-2018.csv","2009","T2","R2","479.238","KBS","Grassland","Fertilization","Stock"
"KBS_herbaceous_biomass_1993-2018.csv","2009","T2","R3","493.744","KBS","Grassland","Fertilization","Stock"
"KBS_herbaceous_biomass_1993-2018.csv","2009","T2","R4","483.232","KBS","Grassland","Fertilization","Stock"
"KBS_herbaceous_biomass_1993-2018.csv","2009","T2","R5","554.238","KBS","Grassland","Fertilization","Stock"
"KBS_herbaceous_biomass_1993-2018.csv","2009","T2","R6","554.658","KBS","Grassland","Fertilization","Stock"
"KBS_herbaceous_biomass_1993-2018.csv","2009","T3","R1","506.578","KBS","Grassland","Fertilization","Stock"
"KBS_herbaceous_biomass_1993-2018.csv","2009","T3","R2","563.739","KBS","Grassland","Fertilization","Stock"
"KBS_herbaceous_biomass_1993-2018.csv","2009","T3","R3","565.46","KBS","Grassland","Fertilization","Stock"
"KBS_herbaceous_biomass_1993-2018.csv","2009","T3","R4","523.368","KBS","Grassland","Fertilization","Stock"
"KBS_herbaceous_biomass_1993-2018.csv","2009","T3","R5","535.434","KBS","Grassland","Fertilization","Stock"
"KBS_herbaceous_biomass_1993-2018.csv","2009","T3","R6","627.698","KBS","Grassland","Fertilization","Stock"
"KBS_herbaceous_biomass_1993-2018.csv","2009","T4","R1","601.036","KBS","Grassland","Fertilization","Stock"
"KBS_herbaceous_biomass_1993-2018.csv","2009","T4","R2","531.388","KBS","Grassland","Fertilization","Stock"
"KBS_herbaceous_biomass_1993-2018.csv","2009","T4","R3","652.172","KBS","Grassland","Fertilization","Stock"
"KBS_herbaceous_biomass_1993-2018.csv","2009","T4","R4","548.956","KBS","Grassland","Fertilization","Stock"
"KBS_herbaceous_biomass_1993-2018.csv","2009","T4","R5","451.604","KBS","Grassland","Fertilization","Stock"
"KBS_herbaceous_biomass_1993-2018.csv","2009","T4","R6","420.55","KBS","Grassland","Fertilization","Stock"
"KBS_herbaceous_biomass_1993-2018.csv","2010","T1","R1","397.9748","KBS","Grassland","Fertilization","Stock"
"KBS_herbaceous_biomass_1993-2018.csv","2010","T1","R2","425.454","KBS","Grassland","Fertilization","Stock"
"KBS_herbaceous_biomass_1993-2018.csv","2010","T1","R3","702.104","KBS","Grassland","Fertilization","Stock"
"KBS_herbaceous_biomass_1993-2018.csv","2010","T1","R4","551.748","KBS","Grassland","Fertilization","Stock"
"KBS_herbaceous_biomass_1993-2018.csv","2010","T1","R5","497.244","KBS","Grassland","Fertilization","Stock"
"KBS_herbaceous_biomass_1993-2018.csv","2010","T1","R6","522.702","KBS","Grassland","Fertilization","Stock"
"KBS_herbaceous_biomass_1993-2018.csv","2010","T2","R1","745.84","KBS","Grassland","Fertilization","Stock"
"KBS_herbaceous_biomass_1993-2018.csv","2010","T2","R2","671.5622","KBS","Grassland","Fertilization","Stock"
"KBS_herbaceous_biomass_1993-2018.csv","2010","T2","R3","821.038","KBS","Grassland","Fertilization","Stock"
"KBS_herbaceous_biomass_1993-2018.csv","2010","T2","R4","749.8858","KBS","Grassland","Fertilization","Stock"
"KBS_herbaceous_biomass_1993-2018.csv","2010","T2","R5","679.844","KBS","Grassland","Fertilization","Stock"
"KBS_herbaceous_biomass_1993-2018.csv","2010","T2","R6","624.728","KBS","Grassland","Fertilization","Stock"
"KBS_herbaceous_biomass_1993-2018.csv","2010","T3","R1","688.9528","KBS","Grassland","Fertilization","Stock"
"KBS_herbaceous_biomass_1993-2018.csv","2010","T3","R2","557.802","KBS","Grassland","Fertilization","Stock"
"KBS_herbaceous_biomass_1993-2018.csv","2010","T3","R3","659.2376","KBS","Grassland","Fertilization","Stock"
"KBS_herbaceous_biomass_1993-2018.csv","2010","T3","R4","671.2524","KBS","Grassland","Fertilization","Stock"
"KBS_herbaceous_biomass_1993-2018.csv","2010","T3","R5","595.024","KBS","Grassland","Fertilization","Stock"
"KBS_herbaceous_biomass_1993-2018.csv","2010","T3","R6","663.1744","KBS","Grassland","Fertilization","Stock"
"KBS_herbaceous_biomass_1993-2018.csv","2010","T4","R1","476.936","KBS","Grassland","Fertilization","Stock"
"KBS_herbaceous_biomass_1993-2018.csv","2010","T4","R2","438.764","KBS","Grassland","Fertilization","Stock"
"KBS_herbaceous_biomass_1993-2018.csv","2010","T4","R3","430.798","KBS","Grassland","Fertilization","Stock"
"KBS_herbaceous_biomass_1993-2018.csv","2010","T4","R4","426.78","KBS","Grassland","Fertilization","Stock"
"KBS_herbaceous_biomass_1993-2018.csv","2010","T4","R5","448.546","KBS","Grassland","Fertilization","Stock"
"KBS_herbaceous_biomass_1993-2018.csv","2010","T4","R6","376.574","KBS","Grassland","Fertilization","Stock"
"KBS_herbaceous_biomass_1993-2018.csv","2011","T1","R1","1640.686","KBS","Grassland","Fertilization","Stock"
"KBS_herbaceous_biomass_1993-2018.csv","2011","T1","R2","1944.67","KBS","Grassland","Fertilization","Stock"
"KBS_herbaceous_biomass_1993-2018.csv","2011","T1","R3","1999.782","KBS","Grassland","Fertilization","Stock"
"KBS_herbaceous_biomass_1993-2018.csv","2011","T1","R4","1952.404","KBS","Grassland","Fertilization","Stock"
"KBS_herbaceous_biomass_1993-2018.csv","2011","T1","R5","1749.416","KBS","Grassland","Fertilization","Stock"
"KBS_herbaceous_biomass_1993-2018.csv","2011","T1","R6","1648.322","KBS","Grassland","Fertilization","Stock"
"KBS_herbaceous_biomass_1993-2018.csv","2011","T2","R1","1644.35","KBS","Grassland","Fertilization","Stock"
"KBS_herbaceous_biomass_1993-2018.csv","2011","T2","R2","1581.1316","KBS","Grassland","Fertilization","Stock"
"KBS_herbaceous_biomass_1993-2018.csv","2011","T2","R3","2066.2","KBS","Grassland","Fertilization","Stock"
"KBS_herbaceous_biomass_1993-2018.csv","2011","T2","R4","2055.362","KBS","Grassland","Fertilization","Stock"
"KBS_herbaceous_biomass_1993-2018.csv","2011","T2","R5","1702.07","KBS","Grassland","Fertilization","Stock"
"KBS_herbaceous_biomass_1993-2018.csv","2011","T2","R6","1847.4596","KBS","Grassland","Fertilization","Stock"
"KBS_herbaceous_biomass_1993-2018.csv","2011","T3","R1","2032.7212","KBS","Grassland","Fertilization","Stock"
"KBS_herbaceous_biomass_1993-2018.csv","2011","T3","R2","2188.8192","KBS","Grassland","Fertilization","Stock"
"KBS_herbaceous_biomass_1993-2018.csv","2011","T3","R3","2001.979","KBS","Grassland","Fertilization","Stock"
"KBS_herbaceous_biomass_1993-2018.csv","2011","T3","R4","2458.4878","KBS","Grassland","Fertilization","Stock"
"KBS_herbaceous_biomass_1993-2018.csv","2011","T3","R5","2431.393","KBS","Grassland","Fertilization","Stock"
"KBS_herbaceous_biomass_1993-2018.csv","2011","T3","R6","2893.786","KBS","Grassland","Fertilization","Stock"
"KBS_herbaceous_biomass_1993-2018.csv","2011","T4","R1","1550.2436","KBS","Grassland","Fertilization","Stock"
"KBS_herbaceous_biomass_1993-2018.csv","2011","T4","R2","1423.6712","KBS","Grassland","Fertilization","Stock"
"KBS_herbaceous_biomass_1993-2018.csv","2011","T4","R3","1479.3216","KBS","Grassland","Fertilization","Stock"
"KBS_herbaceous_biomass_1993-2018.csv","2011","T4","R4","1448.2216","KBS","Grassland","Fertilization","Stock"
"KBS_herbaceous_biomass_1993-2018.csv","2011","T4","R5","1463.016","KBS","Grassland","Fertilization","Stock"
"KBS_herbaceous_biomass_1993-2018.csv","2011","T4","R6","1562.7896","KBS","Grassland","Fertilization","Stock"
"KBS_herbaceous_biomass_1993-2018.csv","2012","T1","R1","288.71","KBS","Grassland","Fertilization","Stock"
"KBS_herbaceous_biomass_1993-2018.csv","2012","T1","R2","340.23","KBS","Grassland","Fertilization","Stock"
"KBS_herbaceous_biomass_1993-2018.csv","2012","T1","R3","462.886","KBS","Grassland","Fertilization","Stock"
"KBS_herbaceous_biomass_1993-2018.csv","2012","T1","R4","276.48","KBS","Grassland","Fertilization","Stock"
"KBS_herbaceous_biomass_1993-2018.csv","2012","T1","R5","301.292","KBS","Grassland","Fertilization","Stock"
"KBS_herbaceous_biomass_1993-2018.csv","2012","T1","R6","452.452","KBS","Grassland","Fertilization","Stock"
"KBS_herbaceous_biomass_1993-2018.csv","2012","T2","R1","320.678","KBS","Grassland","Fertilization","Stock"
"KBS_herbaceous_biomass_1993-2018.csv","2012","T2","R2","342.556","KBS","Grassland","Fertilization","Stock"
"KBS_herbaceous_biomass_1993-2018.csv","2012","T2","R3","440.14","KBS","Grassland","Fertilization","Stock"
"KBS_herbaceous_biomass_1993-2018.csv","2012","T2","R4","466.44","KBS","Grassland","Fertilization","Stock"
"KBS_herbaceous_biomass_1993-2018.csv","2012","T2","R5","317.446","KBS","Grassland","Fertilization","Stock"
"KBS_herbaceous_biomass_1993-2018.csv","2012","T2","R6","423.974","KBS","Grassland","Fertilization","Stock"
"KBS_herbaceous_biomass_1993-2018.csv","2012","T3","R1","379.175","KBS","Grassland","Fertilization","Stock"
"KBS_herbaceous_biomass_1993-2018.csv","2012","T3","R2","456.2598","KBS","Grassland","Fertilization","Stock"
"KBS_herbaceous_biomass_1993-2018.csv","2012","T3","R3","457.2184","KBS","Grassland","Fertilization","Stock"
"KBS_herbaceous_biomass_1993-2018.csv","2012","T3","R4","325.367","KBS","Grassland","Fertilization","Stock"
"KBS_herbaceous_biomass_1993-2018.csv","2012","T3","R5","341.199","KBS","Grassland","Fertilization","Stock"
"KBS_herbaceous_biomass_1993-2018.csv","2012","T3","R6","384.255","KBS","Grassland","Fertilization","Stock"
"KBS_herbaceous_biomass_1993-2018.csv","2012","T4","R1","430.202","KBS","Grassland","Fertilization","Stock"
"KBS_herbaceous_biomass_1993-2018.csv","2012","T4","R2","321.742","KBS","Grassland","Fertilization","Stock"
"KBS_herbaceous_biomass_1993-2018.csv","2012","T4","R3","370.358","KBS","Grassland","Fertilization","Stock"
"KBS_herbaceous_biomass_1993-2018.csv","2012","T4","R4","382.032","KBS","Grassland","Fertilization","Stock"
"KBS_herbaceous_biomass_1993-2018.csv","2012","T4","R5","342.8698","KBS","Grassland","Fertilization","Stock"
"KBS_herbaceous_biomass_1993-2018.csv","2012","T4","R6","415.9538","KBS","Grassland","Fertilization","Stock"
"KBS_herbaceous_biomass_1993-2018.csv","2013","T1","R1","752.236","KBS","Grassland","Fertilization","Stock"
"KBS_herbaceous_biomass_1993-2018.csv","2013","T1","R2","871.465","KBS","Grassland","Fertilization","Stock"
"KBS_herbaceous_biomass_1993-2018.csv","2013","T1","R3","845.736","KBS","Grassland","Fertilization","Stock"
"KBS_herbaceous_biomass_1993-2018.csv","2013","T1","R4","768.906","KBS","Grassland","Fertilization","Stock"
"KBS_herbaceous_biomass_1993-2018.csv","2013","T1","R5","862.718","KBS","Grassland","Fertilization","Stock"
"KBS_herbaceous_biomass_1993-2018.csv","2013","T1","R6","628.048","KBS","Grassland","Fertilization","Stock"
"KBS_herbaceous_biomass_1993-2018.csv","2013","T2","R1","681.122","KBS","Grassland","Fertilization","Stock"
"KBS_herbaceous_biomass_1993-2018.csv","2013","T2","R2","657.044","KBS","Grassland","Fertilization","Stock"
"KBS_herbaceous_biomass_1993-2018.csv","2013","T2","R3","745.636","KBS","Grassland","Fertilization","Stock"
"KBS_herbaceous_biomass_1993-2018.csv","2013","T2","R4","820.374","KBS","Grassland","Fertilization","Stock"
"KBS_herbaceous_biomass_1993-2018.csv","2013","T2","R5","483.738","KBS","Grassland","Fertilization","Stock"
"KBS_herbaceous_biomass_1993-2018.csv","2013","T2","R6","736.65","KBS","Grassland","Fertilization","Stock"
"KBS_herbaceous_biomass_1993-2018.csv","2013","T3","R1","656.69","KBS","Grassland","Fertilization","Stock"
"KBS_herbaceous_biomass_1993-2018.csv","2013","T3","R2","633.108","KBS","Grassland","Fertilization","Stock"
"KBS_herbaceous_biomass_1993-2018.csv","2013","T3","R3","745.316","KBS","Grassland","Fertilization","Stock"
"KBS_herbaceous_biomass_1993-2018.csv","2013","T3","R4","679.104","KBS","Grassland","Fertilization","Stock"
"KBS_herbaceous_biomass_1993-2018.csv","2013","T3","R5","716.272","KBS","Grassland","Fertilization","Stock"
"KBS_herbaceous_biomass_1993-2018.csv","2013","T3","R6","670.79","KBS","Grassland","Fertilization","Stock"
"KBS_herbaceous_biomass_1993-2018.csv","2013","T4","R1","545.136","KBS","Grassland","Fertilization","Stock"
"KBS_herbaceous_biomass_1993-2018.csv","2013","T4","R2","633.986","KBS","Grassland","Fertilization","Stock"
"KBS_herbaceous_biomass_1993-2018.csv","2013","T4","R3","614.812","KBS","Grassland","Fertilization","Stock"
"KBS_herbaceous_biomass_1993-2018.csv","2013","T4","R4","550.024","KBS","Grassland","Fertilization","Stock"
"KBS_herbaceous_biomass_1993-2018.csv","2013","T4","R5","527.036","KBS","Grassland","Fertilization","Stock"
"KBS_herbaceous_biomass_1993-2018.csv","2013","T4","R6","432.978","KBS","Grassland","Fertilization","Stock"
"KBS_herbaceous_biomass_1993-2018.csv","2014","T1","R1","1743.9826","KBS","Grassland","Fertilization","Stock"
"KBS_herbaceous_biomass_1993-2018.csv","2014","T1","R2","1983.561","KBS","Grassland","Fertilization","Stock"
"KBS_herbaceous_biomass_1993-2018.csv","2014","T1","R3","2013.135","KBS","Grassland","Fertilization","Stock"
"KBS_herbaceous_biomass_1993-2018.csv","2014","T1","R4","1911.931","KBS","Grassland","Fertilization","Stock"
"KBS_herbaceous_biomass_1993-2018.csv","2014","T1","R5","1702.975","KBS","Grassland","Fertilization","Stock"
"KBS_herbaceous_biomass_1993-2018.csv","2014","T1","R6","1873.653","KBS","Grassland","Fertilization","Stock"
"KBS_herbaceous_biomass_1993-2018.csv","2014","T2","R1","2093.8378","KBS","Grassland","Fertilization","Stock"
"KBS_herbaceous_biomass_1993-2018.csv","2014","T2","R2","1983.863","KBS","Grassland","Fertilization","Stock"
"KBS_herbaceous_biomass_1993-2018.csv","2014","T2","R3","2317.327","KBS","Grassland","Fertilization","Stock"
"KBS_herbaceous_biomass_1993-2018.csv","2014","T2","R4","2235.975","KBS","Grassland","Fertilization","Stock"
"KBS_herbaceous_biomass_1993-2018.csv","2014","T2","R5","2062.845","KBS","Grassland","Fertilization","Stock"
"KBS_herbaceous_biomass_1993-2018.csv","2014","T2","R6","2121.751","KBS","Grassland","Fertilization","Stock"
"KBS_herbaceous_biomass_1993-2018.csv","2014","T3","R1","1908.8278","KBS","Grassland","Fertilization","Stock"
"KBS_herbaceous_biomass_1993-2018.csv","2014","T3","R2","2514.0118","KBS","Grassland","Fertilization","Stock"
"KBS_herbaceous_biomass_1993-2018.csv","2014","T3","R3","2214.3864","KBS","Grassland","Fertilization","Stock"
"KBS_herbaceous_biomass_1993-2018.csv","2014","T3","R4","2003.255","KBS","Grassland","Fertilization","Stock"
"KBS_herbaceous_biomass_1993-2018.csv","2014","T3","R5","2147.037","KBS","Grassland","Fertilization","Stock"
"KBS_herbaceous_biomass_1993-2018.csv","2014","T3","R6","2193.6198","KBS","Grassland","Fertilization","Stock"
"KBS_herbaceous_biomass_1993-2018.csv","2014","T4","R1","1688.6734","KBS","Grassland","Fertilization","Stock"
"KBS_herbaceous_biomass_1993-2018.csv","2014","T4","R2","1583.6354","KBS","Grassland","Fertilization","Stock"
"KBS_herbaceous_biomass_1993-2018.csv","2014","T4","R3","1307.2316","KBS","Grassland","Fertilization","Stock"
"KBS_herbaceous_biomass_1993-2018.csv","2014","T4","R4","1528.504","KBS","Grassland","Fertilization","Stock"
"KBS_herbaceous_biomass_1993-2018.csv","2014","T4","R5","1257.2702","KBS","Grassland","Fertilization","Stock"
"KBS_herbaceous_biomass_1993-2018.csv","2014","T4","R6","1219.5276","KBS","Grassland","Fertilization","Stock"
"KBS_herbaceous_biomass_1993-2018.csv","2015","T1","R1","613.7012","KBS","Grassland","Fertilization","Stock"
"KBS_herbaceous_biomass_1993-2018.csv","2015","T1","R2","626.982","KBS","Grassland","Fertilization","Stock"
"KBS_herbaceous_biomass_1993-2018.csv","2015","T1","R3","677.234","KBS","Grassland","Fertilization","Stock"
"KBS_herbaceous_biomass_1993-2018.csv","2015","T1","R4","685.564","KBS","Grassland","Fertilization","Stock"
"KBS_herbaceous_biomass_1993-2018.csv","2015","T1","R5","587.526","KBS","Grassland","Fertilization","Stock"
"KBS_herbaceous_biomass_1993-2018.csv","2015","T1","R6","611.886","KBS","Grassland","Fertilization","Stock"
"KBS_herbaceous_biomass_1993-2018.csv","2015","T2","R1","683.3792","KBS","Grassland","Fertilization","Stock"
"KBS_herbaceous_biomass_1993-2018.csv","2015","T2","R2","639.9","KBS","Grassland","Fertilization","Stock"
"KBS_herbaceous_biomass_1993-2018.csv","2015","T2","R3","674.764","KBS","Grassland","Fertilization","Stock"
"KBS_herbaceous_biomass_1993-2018.csv","2015","T2","R4","650.07","KBS","Grassland","Fertilization","Stock"
"KBS_herbaceous_biomass_1993-2018.csv","2015","T2","R5","660.502","KBS","Grassland","Fertilization","Stock"
"KBS_herbaceous_biomass_1993-2018.csv","2015","T2","R6","708.734","KBS","Grassland","Fertilization","Stock"
"KBS_herbaceous_biomass_1993-2018.csv","2015","T3","R1","745.919","KBS","Grassland","Fertilization","Stock"
"KBS_herbaceous_biomass_1993-2018.csv","2015","T3","R2","801.9075","KBS","Grassland","Fertilization","Stock"
"KBS_herbaceous_biomass_1993-2018.csv","2015","T3","R3","813.498333333333","KBS","Grassland","Fertilization","Stock"
"KBS_herbaceous_biomass_1993-2018.csv","2015","T3","R4","793.768","KBS","Grassland","Fertilization","Stock"
"KBS_herbaceous_biomass_1993-2018.csv","2015","T3","R5","857.7245","KBS","Grassland","Fertilization","Stock"
"KBS_herbaceous_biomass_1993-2018.csv","2015","T3","R6","841.795333333333","KBS","Grassland","Fertilization","Stock"
"KBS_herbaceous_biomass_1993-2018.csv","2015","T4","R1","671.846333333333","KBS","Grassland","Fertilization","Stock"
"KBS_herbaceous_biomass_1993-2018.csv","2015","T4","R2","631.44","KBS","Grassland","Fertilization","Stock"
"KBS_herbaceous_biomass_1993-2018.csv","2015","T4","R3","701.8435","KBS","Grassland","Fertilization","Stock"
"KBS_herbaceous_biomass_1993-2018.csv","2015","T4","R4","705.8195","KBS","Grassland","Fertilization","Stock"
"KBS_herbaceous_biomass_1993-2018.csv","2015","T4","R5","587.922333333333","KBS","Grassland","Fertilization","Stock"
"KBS_herbaceous_biomass_1993-2018.csv","2015","T4","R6","630.583","KBS","Grassland","Fertilization","Stock"
"KBS_herbaceous_biomass_1993-2018.csv","2016","T1","R1","1158.65","KBS","Grassland","Fertilization","Stock"
"KBS_herbaceous_biomass_1993-2018.csv","2016","T1","R2","1281.3172","KBS","Grassland","Fertilization","Stock"
"KBS_herbaceous_biomass_1993-2018.csv","2016","T1","R3","1369.5232","KBS","Grassland","Fertilization","Stock"
"KBS_herbaceous_biomass_1993-2018.csv","2016","T1","R4","1184.084","KBS","Grassland","Fertilization","Stock"
"KBS_herbaceous_biomass_1993-2018.csv","2016","T1","R5","1177.2416","KBS","Grassland","Fertilization","Stock"
"KBS_herbaceous_biomass_1993-2018.csv","2016","T1","R6","1190.8176","KBS","Grassland","Fertilization","Stock"
"KBS_herbaceous_biomass_1993-2018.csv","2016","T2","R1","1308.8036","KBS","Grassland","Fertilization","Stock"
"KBS_herbaceous_biomass_1993-2018.csv","2016","T2","R2","1258.8732","KBS","Grassland","Fertilization","Stock"
"KBS_herbaceous_biomass_1993-2018.csv","2016","T2","R3","1349.712","KBS","Grassland","Fertilization","Stock"
"KBS_herbaceous_biomass_1993-2018.csv","2016","T2","R4","1494.2416","KBS","Grassland","Fertilization","Stock"
"KBS_herbaceous_biomass_1993-2018.csv","2016","T2","R5","1277.558","KBS","Grassland","Fertilization","Stock"
"KBS_herbaceous_biomass_1993-2018.csv","2016","T2","R6","1177.8616","KBS","Grassland","Fertilization","Stock"
"KBS_herbaceous_biomass_1993-2018.csv","2016","T3","R1","891.016","KBS","Grassland","Fertilization","Stock"
"KBS_herbaceous_biomass_1993-2018.csv","2016","T3","R2","1053.4616","KBS","Grassland","Fertilization","Stock"
"KBS_herbaceous_biomass_1993-2018.csv","2016","T3","R3","963.072","KBS","Grassland","Fertilization","Stock"
"KBS_herbaceous_biomass_1993-2018.csv","2016","T3","R4","1052.5696","KBS","Grassland","Fertilization","Stock"
"KBS_herbaceous_biomass_1993-2018.csv","2016","T3","R5","1012.932","KBS","Grassland","Fertilization","Stock"
"KBS_herbaceous_biomass_1993-2018.csv","2016","T3","R6","991.62","KBS","Grassland","Fertilization","Stock"
"KBS_herbaceous_biomass_1993-2018.csv","2016","T4","R1","620.232","KBS","Grassland","Fertilization","Stock"
"KBS_herbaceous_biomass_1993-2018.csv","2016","T4","R2","597.2224","KBS","Grassland","Fertilization","Stock"
"KBS_herbaceous_biomass_1993-2018.csv","2016","T4","R3","618.5844","KBS","Grassland","Fertilization","Stock"
"KBS_herbaceous_biomass_1993-2018.csv","2016","T4","R4","642.0284","KBS","Grassland","Fertilization","Stock"
"KBS_herbaceous_biomass_1993-2018.csv","2016","T4","R5","615.2152","KBS","Grassland","Fertilization","Stock"
"KBS_herbaceous_biomass_1993-2018.csv","2016","T4","R6","464.1336","KBS","Grassland","Fertilization","Stock"
"KBS_herbaceous_biomass_1993-2018.csv","2017","T1","R1","1410.946","KBS","Grassland","Fertilization","Stock"
"KBS_herbaceous_biomass_1993-2018.csv","2017","T1","R2","1610.762","KBS","Grassland","Fertilization","Stock"
"KBS_herbaceous_biomass_1993-2018.csv","2017","T1","R3","1879.414","KBS","Grassland","Fertilization","Stock"
"KBS_herbaceous_biomass_1993-2018.csv","2017","T1","R4","1379.936","KBS","Grassland","Fertilization","Stock"
"KBS_herbaceous_biomass_1993-2018.csv","2017","T1","R5","1676.098","KBS","Grassland","Fertilization","Stock"
"KBS_herbaceous_biomass_1993-2018.csv","2017","T1","R6","1560.358","KBS","Grassland","Fertilization","Stock"
"KBS_herbaceous_biomass_1993-2018.csv","2017","T2","R1","1682.562","KBS","Grassland","Fertilization","Stock"
"KBS_herbaceous_biomass_1993-2018.csv","2017","T2","R2","1701.652","KBS","Grassland","Fertilization","Stock"
"KBS_herbaceous_biomass_1993-2018.csv","2017","T2","R3","1650.63","KBS","Grassland","Fertilization","Stock"
"KBS_herbaceous_biomass_1993-2018.csv","2017","T2","R4","1546.202","KBS","Grassland","Fertilization","Stock"
"KBS_herbaceous_biomass_1993-2018.csv","2017","T2","R5","1464.116","KBS","Grassland","Fertilization","Stock"
"KBS_herbaceous_biomass_1993-2018.csv","2017","T2","R6","1495.256","KBS","Grassland","Fertilization","Stock"
"KBS_herbaceous_biomass_1993-2018.csv","2017","T3","R1","1562.796","KBS","Grassland","Fertilization","Stock"
"KBS_herbaceous_biomass_1993-2018.csv","2017","T3","R2","1943.862","KBS","Grassland","Fertilization","Stock"
"KBS_herbaceous_biomass_1993-2018.csv","2017","T3","R3","1709.412","KBS","Grassland","Fertilization","Stock"
"KBS_herbaceous_biomass_1993-2018.csv","2017","T3","R4","1751.96","KBS","Grassland","Fertilization","Stock"
"KBS_herbaceous_biomass_1993-2018.csv","2017","T3","R5","2033.944","KBS","Grassland","Fertilization","Stock"
"KBS_herbaceous_biomass_1993-2018.csv","2017","T3","R6","1833.354","KBS","Grassland","Fertilization","Stock"
"KBS_herbaceous_biomass_1993-2018.csv","2017","T4","R1","1137.356","KBS","Grassland","Fertilization","Stock"
"KBS_herbaceous_biomass_1993-2018.csv","2017","T4","R2","1010.676","KBS","Grassland","Fertilization","Stock"
"KBS_herbaceous_biomass_1993-2018.csv","2017","T4","R3","1180.6","KBS","Grassland","Fertilization","Stock"
"KBS_herbaceous_biomass_1993-2018.csv","2017","T4","R4","998.742","KBS","Grassland","Fertilization","Stock"
"KBS_herbaceous_biomass_1993-2018.csv","2017","T4","R5","796.61","KBS","Grassland","Fertilization","Stock"
"KBS_herbaceous_biomass_1993-2018.csv","2017","T4","R6","788.096","KBS","Grassland","Fertilization","Stock"
"KBS_herbaceous_biomass_1993-2018.csv","2018","T1","R1","720.414","KBS","Grassland","Fertilization","Stock"
"KBS_herbaceous_biomass_1993-2018.csv","2018","T1","R2","686.858","KBS","Grassland","Fertilization","Stock"
"KBS_herbaceous_biomass_1993-2018.csv","2018","T1","R3","653.39","KBS","Grassland","Fertilization","Stock"
"KBS_herbaceous_biomass_1993-2018.csv","2018","T1","R4","632.288","KBS","Grassland","Fertilization","Stock"
"KBS_herbaceous_biomass_1993-2018.csv","2018","T1","R5","585.378","KBS","Grassland","Fertilization","Stock"
"KBS_herbaceous_biomass_1993-2018.csv","2018","T1","R6","692.044","KBS","Grassland","Fertilization","Stock"
"KBS_herbaceous_biomass_1993-2018.csv","2018","T2","R1","623.234","KBS","Grassland","Fertilization","Stock"
"KBS_herbaceous_biomass_1993-2018.csv","2018","T2","R2","497.24","KBS","Grassland","Fertilization","Stock"
"KBS_herbaceous_biomass_1993-2018.csv","2018","T2","R3","706.448","KBS","Grassland","Fertilization","Stock"
"KBS_herbaceous_biomass_1993-2018.csv","2018","T2","R4","614.292","KBS","Grassland","Fertilization","Stock"
"KBS_herbaceous_biomass_1993-2018.csv","2018","T2","R5","559.19","KBS","Grassland","Fertilization","Stock"
"KBS_herbaceous_biomass_1993-2018.csv","2018","T2","R6","652.006","KBS","Grassland","Fertilization","Stock"
"KBS_herbaceous_biomass_1993-2018.csv","2018","T3","R1","894.142","KBS","Grassland","Fertilization","Stock"
"KBS_herbaceous_biomass_1993-2018.csv","2018","T3","R2","935.33","KBS","Grassland","Fertilization","Stock"
"KBS_herbaceous_biomass_1993-2018.csv","2018","T3","R3","643.882","KBS","Grassland","Fertilization","Stock"
"KBS_herbaceous_biomass_1993-2018.csv","2018","T3","R4","640.382","KBS","Grassland","Fertilization","Stock"
"KBS_herbaceous_biomass_1993-2018.csv","2018","T3","R5","539.368","KBS","Grassland","Fertilization","Stock"
"KBS_herbaceous_biomass_1993-2018.csv","2018","T3","R6","676.698","KBS","Grassland","Fertilization","Stock"
"KBS_herbaceous_biomass_1993-2018.csv","2018","T4","R1","864.858","KBS","Grassland","Fertilization","Stock"
"KBS_herbaceous_biomass_1993-2018.csv","2018","T4","R2","718.864","KBS","Grassland","Fertilization","Stock"
"KBS_herbaceous_biomass_1993-2018.csv","2018","T4","R3","792.364","KBS","Grassland","Fertilization","Stock"
"KBS_herbaceous_biomass_1993-2018.csv","2018","T4","R4","820.702","KBS","Grassland","Fertilization","Stock"
"KBS_herbaceous_biomass_1993-2018.csv","2018","T4","R5","615.91","KBS","Grassland","Fertilization","Stock"
"KBS_herbaceous_biomass_1993-2018.csv","2018","T4","R6","852.874","KBS","Grassland","Fertilization","Stock"
"KNZ_Biomass_1986-2021_processed.csv","1986","u u n","1","43.08","KNZ","Grassland","Fertilization","Stock"
"KNZ_Biomass_1986-2021_processed.csv","1986","u u c","2","47.39","KNZ","Grassland","Fertilization","Stock"
"KNZ_Biomass_1986-2021_processed.csv","1986","u u p","3","54.69","KNZ","Grassland","Fertilization","Stock"
"KNZ_Biomass_1986-2021_processed.csv","1986","u u n+p","4","77.55","KNZ","Grassland","Fertilization","Stock"
"KNZ_Biomass_1986-2021_processed.csv","1986","u m n","5","27.51","KNZ","Grassland","Fertilization","Stock"
"KNZ_Biomass_1986-2021_processed.csv","1986","u m c","6","13.28","KNZ","Grassland","Fertilization","Stock"
"KNZ_Biomass_1986-2021_processed.csv","1986","u m p","7","27.14","KNZ","Grassland","Fertilization","Stock"
"KNZ_Biomass_1986-2021_processed.csv","1986","u m n+p","8","13.16","KNZ","Grassland","Fertilization","Stock"
"KNZ_Biomass_1986-2021_processed.csv","1986","b m c","9","9.69","KNZ","Grassland","Fertilization","Stock"
"KNZ_Biomass_1986-2021_processed.csv","1986","b m p","10","3.12","KNZ","Grassland","Fertilization","Stock"
"KNZ_Biomass_1986-2021_processed.csv","1986","b m n+p","11","8.04","KNZ","Grassland","Fertilization","Stock"
"KNZ_Biomass_1986-2021_processed.csv","1986","b m n","12","31.22","KNZ","Grassland","Fertilization","Stock"
"KNZ_Biomass_1986-2021_processed.csv","1986","b u c","13","6.83","KNZ","Grassland","Fertilization","Stock"
"KNZ_Biomass_1986-2021_processed.csv","1986","b u p","14","9.99","KNZ","Grassland","Fertilization","Stock"
"KNZ_Biomass_1986-2021_processed.csv","1986","b u n+p","15","22.21","KNZ","Grassland","Fertilization","Stock"
"KNZ_Biomass_1986-2021_processed.csv","1986","b u n","16","39.02","KNZ","Grassland","Fertilization","Stock"
"KNZ_Biomass_1986-2021_processed.csv","1986","u u n+p","17","18.17","KNZ","Grassland","Fertilization","Stock"
"KNZ_Biomass_1986-2021_processed.csv","1986","u u n","18","25.28","KNZ","Grassland","Fertilization","Stock"
"KNZ_Biomass_1986-2021_processed.csv","1986","u u p","19","14.15","KNZ","Grassland","Fertilization","Stock"
"KNZ_Biomass_1986-2021_processed.csv","1986","u u c","20","34.68","KNZ","Grassland","Fertilization","Stock"
"KNZ_Biomass_1986-2021_processed.csv","1986","u m n+p","21","0","KNZ","Grassland","Fertilization","Stock"
"KNZ_Biomass_1986-2021_processed.csv","1986","u m n","22","4.86","KNZ","Grassland","Fertilization","Stock"
"KNZ_Biomass_1986-2021_processed.csv","1986","u m p","23","5.41","KNZ","Grassland","Fertilization","Stock"
"KNZ_Biomass_1986-2021_processed.csv","1986","u m c","24","6.61","KNZ","Grassland","Fertilization","Stock"
"KNZ_Biomass_1986-2021_processed.csv","1986","b u c","25","23.55","KNZ","Grassland","Fertilization","Stock"
"KNZ_Biomass_1986-2021_processed.csv","1986","b u n+p","26","16.37","KNZ","Grassland","Fertilization","Stock"
"KNZ_Biomass_1986-2021_processed.csv","1986","b u p","27","30.68","KNZ","Grassland","Fertilization","Stock"
"KNZ_Biomass_1986-2021_processed.csv","1986","b u n","28","32.23","KNZ","Grassland","Fertilization","Stock"
"KNZ_Biomass_1986-2021_processed.csv","1986","b m c","29","12.58","KNZ","Grassland","Fertilization","Stock"
"KNZ_Biomass_1986-2021_processed.csv","1986","b m n+p","30","22.38","KNZ","Grassland","Fertilization","Stock"
"KNZ_Biomass_1986-2021_processed.csv","1986","b m p","31","18.65","KNZ","Grassland","Fertilization","Stock"
"KNZ_Biomass_1986-2021_processed.csv","1986","b m n","32","20.75","KNZ","Grassland","Fertilization","Stock"
"KNZ_Biomass_1986-2021_processed.csv","1986","u m n+p","33","19.46","KNZ","Grassland","Fertilization","Stock"
"KNZ_Biomass_1986-2021_processed.csv","1986","u m c","34","24.43","KNZ","Grassland","Fertilization","Stock"
"KNZ_Biomass_1986-2021_processed.csv","1986","u m p","35","13.3","KNZ","Grassland","Fertilization","Stock"
"KNZ_Biomass_1986-2021_processed.csv","1986","u m n","36","23.59","KNZ","Grassland","Fertilization","Stock"
"KNZ_Biomass_1986-2021_processed.csv","1986","u u n+p","37","28.26","KNZ","Grassland","Fertilization","Stock"
"KNZ_Biomass_1986-2021_processed.csv","1986","u u c","38","23.19","KNZ","Grassland","Fertilization","Stock"
"KNZ_Biomass_1986-2021_processed.csv","1986","u u p","39","34.87","KNZ","Grassland","Fertilization","Stock"
"KNZ_Biomass_1986-2021_processed.csv","1986","u u n","40","49.37","KNZ","Grassland","Fertilization","Stock"
"KNZ_Biomass_1986-2021_processed.csv","1986","b u n","41","144.29","KNZ","Grassland","Fertilization","Stock"
"KNZ_Biomass_1986-2021_processed.csv","1986","b u c","42","52.15","KNZ","Grassland","Fertilization","Stock"
"KNZ_Biomass_1986-2021_processed.csv","1986","b u p","43","42.17","KNZ","Grassland","Fertilization","Stock"
"KNZ_Biomass_1986-2021_processed.csv","1986","b u n+p","44","66.97","KNZ","Grassland","Fertilization","Stock"
"KNZ_Biomass_1986-2021_processed.csv","1986","b m n","45","28.69","KNZ","Grassland","Fertilization","Stock"
"KNZ_Biomass_1986-2021_processed.csv","1986","b m c","46","18.98","KNZ","Grassland","Fertilization","Stock"
"KNZ_Biomass_1986-2021_processed.csv","1986","b m p","47","18.26","KNZ","Grassland","Fertilization","Stock"
"KNZ_Biomass_1986-2021_processed.csv","1986","b m n+p","48","34.13","KNZ","Grassland","Fertilization","Stock"
"KNZ_Biomass_1986-2021_processed.csv","1986","b m n+p","49","21.28","KNZ","Grassland","Fertilization","Stock"
"KNZ_Biomass_1986-2021_processed.csv","1986","b m n","50","19.18","KNZ","Grassland","Fertilization","Stock"
"KNZ_Biomass_1986-2021_processed.csv","1986","b m p","51","20.68","KNZ","Grassland","Fertilization","Stock"
"KNZ_Biomass_1986-2021_processed.csv","1986","b m c","52","23.92","KNZ","Grassland","Fertilization","Stock"
"KNZ_Biomass_1986-2021_processed.csv","1986","b u n+p","53","43.69","KNZ","Grassland","Fertilization","Stock"
"KNZ_Biomass_1986-2021_processed.csv","1986","b u n","54","37.05","KNZ","Grassland","Fertilization","Stock"
"KNZ_Biomass_1986-2021_processed.csv","1986","b u p","55","41","KNZ","Grassland","Fertilization","Stock"
"KNZ_Biomass_1986-2021_processed.csv","1986","b u c","56","58.42","KNZ","Grassland","Fertilization","Stock"
"KNZ_Biomass_1986-2021_processed.csv","1986","u u c","57","50.1","KNZ","Grassland","Fertilization","Stock"
"KNZ_Biomass_1986-2021_processed.csv","1986","u u n+p","58","22.68","KNZ","Grassland","Fertilization","Stock"
"KNZ_Biomass_1986-2021_processed.csv","1986","u u p","59","67.8","KNZ","Grassland","Fertilization","Stock"
"KNZ_Biomass_1986-2021_processed.csv","1986","u u n","60","34.62","KNZ","Grassland","Fertilization","Stock"
"KNZ_Biomass_1986-2021_processed.csv","1986","u m c","61","13.56","KNZ","Grassland","Fertilization","Stock"
"KNZ_Biomass_1986-2021_processed.csv","1986","u m n+p","62","20.14","KNZ","Grassland","Fertilization","Stock"
"KNZ_Biomass_1986-2021_processed.csv","1986","u m p","63","15.12","KNZ","Grassland","Fertilization","Stock"
"KNZ_Biomass_1986-2021_processed.csv","1986","u m n","64","14.27","KNZ","Grassland","Fertilization","Stock"
"KNZ_Biomass_1986-2021_processed.csv","1987","u u n","1","41.505","KNZ","Grassland","Fertilization","Stock"
"KNZ_Biomass_1986-2021_processed.csv","1987","u u c","2","26.61","KNZ","Grassland","Fertilization","Stock"
"KNZ_Biomass_1986-2021_processed.csv","1987","u u p","3","15.52","KNZ","Grassland","Fertilization","Stock"
"KNZ_Biomass_1986-2021_processed.csv","1987","u u n+p","4","41.65","KNZ","Grassland","Fertilization","Stock"
"KNZ_Biomass_1986-2021_processed.csv","1987","u m n","5","52.735","KNZ","Grassland","Fertilization","Stock"
"KNZ_Biomass_1986-2021_processed.csv","1987","u m c","6","37.435","KNZ","Grassland","Fertilization","Stock"
"KNZ_Biomass_1986-2021_processed.csv","1987","u m p","7","43.735","KNZ","Grassland","Fertilization","Stock"
"KNZ_Biomass_1986-2021_processed.csv","1987","u m n+p","8","72.59","KNZ","Grassland","Fertilization","Stock"
"KNZ_Biomass_1986-2021_processed.csv","1987","b m c","9","44.34","KNZ","Grassland","Fertilization","Stock"
"KNZ_Biomass_1986-2021_processed.csv","1987","b m p","10","33.84","KNZ","Grassland","Fertilization","Stock"
"KNZ_Biomass_1986-2021_processed.csv","1987","b m n+p","11","63.345","KNZ","Grassland","Fertilization","Stock"
"KNZ_Biomass_1986-2021_processed.csv","1987","b m n","12","65.23","KNZ","Grassland","Fertilization","Stock"
"KNZ_Biomass_1986-2021_processed.csv","1987","b u c","13","25.97","KNZ","Grassland","Fertilization","Stock"
"KNZ_Biomass_1986-2021_processed.csv","1987","b u p","14","22.11","KNZ","Grassland","Fertilization","Stock"
"KNZ_Biomass_1986-2021_processed.csv","1987","b u n+p","15","66.625","KNZ","Grassland","Fertilization","Stock"
"KNZ_Biomass_1986-2021_processed.csv","1987","b u n","16","54.155","KNZ","Grassland","Fertilization","Stock"
"KNZ_Biomass_1986-2021_processed.csv","1987","u u n+p","17","40.405","KNZ","Grassland","Fertilization","Stock"
"KNZ_Biomass_1986-2021_processed.csv","1987","u u n","18","44.12","KNZ","Grassland","Fertilization","Stock"
"KNZ_Biomass_1986-2021_processed.csv","1987","u u p","19","19.82","KNZ","Grassland","Fertilization","Stock"
"KNZ_Biomass_1986-2021_processed.csv","1987","u u c","20","20.145","KNZ","Grassland","Fertilization","Stock"
"KNZ_Biomass_1986-2021_processed.csv","1987","u m n+p","21","93.21","KNZ","Grassland","Fertilization","Stock"
"KNZ_Biomass_1986-2021_processed.csv","1987","u m n","22","57.235","KNZ","Grassland","Fertilization","Stock"
"KNZ_Biomass_1986-2021_processed.csv","1987","u m p","23","43.155","KNZ","Grassland","Fertilization","Stock"
"KNZ_Biomass_1986-2021_processed.csv","1987","u m c","24","50.29","KNZ","Grassland","Fertilization","Stock"
"KNZ_Biomass_1986-2021_processed.csv","1987","b u c","25","60.81","KNZ","Grassland","Fertilization","Stock"
"KNZ_Biomass_1986-2021_processed.csv","1987","b u n+p","26","49.83","KNZ","Grassland","Fertilization","Stock"
"KNZ_Biomass_1986-2021_processed.csv","1987","b u p","27","64.54","KNZ","Grassland","Fertilization","Stock"
"KNZ_Biomass_1986-2021_processed.csv","1987","b u n","28","58.94","KNZ","Grassland","Fertilization","Stock"
"KNZ_Biomass_1986-2021_processed.csv","1987","b m c","29","77.95","KNZ","Grassland","Fertilization","Stock"
"KNZ_Biomass_1986-2021_processed.csv","1987","b m n+p","30","69.945","KNZ","Grassland","Fertilization","Stock"
"KNZ_Biomass_1986-2021_processed.csv","1987","b m p","31","52.005","KNZ","Grassland","Fertilization","Stock"
"KNZ_Biomass_1986-2021_processed.csv","1987","b m n","32","100.705","KNZ","Grassland","Fertilization","Stock"
"KNZ_Biomass_1986-2021_processed.csv","1987","u m n+p","33","106.465","KNZ","Grassland","Fertilization","Stock"
"KNZ_Biomass_1986-2021_processed.csv","1987","u m c","34","60.11","KNZ","Grassland","Fertilization","Stock"
"KNZ_Biomass_1986-2021_processed.csv","1987","u m p","35","53.985","KNZ","Grassland","Fertilization","Stock"
"KNZ_Biomass_1986-2021_processed.csv","1987","u m n","36","131.665","KNZ","Grassland","Fertilization","Stock"
"KNZ_Biomass_1986-2021_processed.csv","1987","u u n+p","37","30.125","KNZ","Grassland","Fertilization","Stock"
"KNZ_Biomass_1986-2021_processed.csv","1987","u u c","38","29.905","KNZ","Grassland","Fertilization","Stock"
"KNZ_Biomass_1986-2021_processed.csv","1987","u u p","39","55.18","KNZ","Grassland","Fertilization","Stock"
"KNZ_Biomass_1986-2021_processed.csv","1987","u u n","40","30.24","KNZ","Grassland","Fertilization","Stock"
"KNZ_Biomass_1986-2021_processed.csv","1987","b u n","41","33.225","KNZ","Grassland","Fertilization","Stock"
"KNZ_Biomass_1986-2021_processed.csv","1987","b u c","42","75.095","KNZ","Grassland","Fertilization","Stock"
"KNZ_Biomass_1986-2021_processed.csv","1987","b u p","43","34.335","KNZ","Grassland","Fertilization","Stock"
"KNZ_Biomass_1986-2021_processed.csv","1987","b u n+p","44","96.98","KNZ","Grassland","Fertilization","Stock"
"KNZ_Biomass_1986-2021_processed.csv","1987","b m n","45","97.05","KNZ","Grassland","Fertilization","Stock"
"KNZ_Biomass_1986-2021_processed.csv","1987","b m c","46","47.205","KNZ","Grassland","Fertilization","Stock"
"KNZ_Biomass_1986-2021_processed.csv","1987","b m p","47","51.675","KNZ","Grassland","Fertilization","Stock"
"KNZ_Biomass_1986-2021_processed.csv","1987","b m n+p","48","102.53","KNZ","Grassland","Fertilization","Stock"
"KNZ_Biomass_1986-2021_processed.csv","1987","b m n+p","49","78.93","KNZ","Grassland","Fertilization","Stock"
"KNZ_Biomass_1986-2021_processed.csv","1987","b m n","50","86.7","KNZ","Grassland","Fertilization","Stock"
"KNZ_Biomass_1986-2021_processed.csv","1987","b m p","51","62.075","KNZ","Grassland","Fertilization","Stock"
"KNZ_Biomass_1986-2021_processed.csv","1987","b m c","52","48.18","KNZ","Grassland","Fertilization","Stock"
"KNZ_Biomass_1986-2021_processed.csv","1987","b u n+p","53","104.65","KNZ","Grassland","Fertilization","Stock"
"KNZ_Biomass_1986-2021_processed.csv","1987","b u n","54","81.445","KNZ","Grassland","Fertilization","Stock"
"KNZ_Biomass_1986-2021_processed.csv","1987","b u p","55","43.08","KNZ","Grassland","Fertilization","Stock"
"KNZ_Biomass_1986-2021_processed.csv","1987","b u c","56","47.14","KNZ","Grassland","Fertilization","Stock"
"KNZ_Biomass_1986-2021_processed.csv","1987","u u c","57","24.285","KNZ","Grassland","Fertilization","Stock"
"KNZ_Biomass_1986-2021_processed.csv","1987","u u n+p","58","14.68","KNZ","Grassland","Fertilization","Stock"
"KNZ_Biomass_1986-2021_processed.csv","1987","u u p","59","37.52","KNZ","Grassland","Fertilization","Stock"
"KNZ_Biomass_1986-2021_processed.csv","1987","u u n","60","43.81","KNZ","Grassland","Fertilization","Stock"
"KNZ_Biomass_1986-2021_processed.csv","1987","u m c","61","55.43","KNZ","Grassland","Fertilization","Stock"
"KNZ_Biomass_1986-2021_processed.csv","1987","u m n+p","62","95.575","KNZ","Grassland","Fertilization","Stock"
"KNZ_Biomass_1986-2021_processed.csv","1987","u m p","63","46.275","KNZ","Grassland","Fertilization","Stock"
"KNZ_Biomass_1986-2021_processed.csv","1987","u m n","64","75.545","KNZ","Grassland","Fertilization","Stock"
"KNZ_Biomass_1986-2021_processed.csv","1988","u u n","1","36.515","KNZ","Grassland","Fertilization","Stock"
"KNZ_Biomass_1986-2021_processed.csv","1988","u u c","2","26.4","KNZ","Grassland","Fertilization","Stock"
"KNZ_Biomass_1986-2021_processed.csv","1988","u u p","3","40.74","KNZ","Grassland","Fertilization","Stock"
"KNZ_Biomass_1986-2021_processed.csv","1988","u u n+p","4","29.185","KNZ","Grassland","Fertilization","Stock"
"KNZ_Biomass_1986-2021_processed.csv","1988","u m n","5","24.295","KNZ","Grassland","Fertilization","Stock"
"KNZ_Biomass_1986-2021_processed.csv","1988","u m c","6","14.29","KNZ","Grassland","Fertilization","Stock"
"KNZ_Biomass_1986-2021_processed.csv","1988","u m p","7","28.605","KNZ","Grassland","Fertilization","Stock"
"KNZ_Biomass_1986-2021_processed.csv","1988","u m n+p","8","44.07","KNZ","Grassland","Fertilization","Stock"
"KNZ_Biomass_1986-2021_processed.csv","1988","b m c","9","11.24","KNZ","Grassland","Fertilization","Stock"
"KNZ_Biomass_1986-2021_processed.csv","1988","b m p","10","28.89","KNZ","Grassland","Fertilization","Stock"
"KNZ_Biomass_1986-2021_processed.csv","1988","b m n+p","11","24.275","KNZ","Grassland","Fertilization","Stock"
"KNZ_Biomass_1986-2021_processed.csv","1988","b m n","12","61.385","KNZ","Grassland","Fertilization","Stock"
"KNZ_Biomass_1986-2021_processed.csv","1988","b u c","13","17.595","KNZ","Grassland","Fertilization","Stock"
"KNZ_Biomass_1986-2021_processed.csv","1988","b u p","14","14.37","KNZ","Grassland","Fertilization","Stock"
"KNZ_Biomass_1986-2021_processed.csv","1988","b u n+p","15","51.97","KNZ","Grassland","Fertilization","Stock"
"KNZ_Biomass_1986-2021_processed.csv","1988","b u n","16","44.15","KNZ","Grassland","Fertilization","Stock"
"KNZ_Biomass_1986-2021_processed.csv","1988","u u n+p","17","54.81","KNZ","Grassland","Fertilization","Stock"
"KNZ_Biomass_1986-2021_processed.csv","1988","u u n","18","51.56","KNZ","Grassland","Fertilization","Stock"
"KNZ_Biomass_1986-2021_processed.csv","1988","u u p","19","34.195","KNZ","Grassland","Fertilization","Stock"
"KNZ_Biomass_1986-2021_processed.csv","1988","u u c","20","32.54","KNZ","Grassland","Fertilization","Stock"
"KNZ_Biomass_1986-2021_processed.csv","1988","u m n+p","21","58.48","KNZ","Grassland","Fertilization","Stock"
"KNZ_Biomass_1986-2021_processed.csv","1988","u m n","22","49.985","KNZ","Grassland","Fertilization","Stock"
"KNZ_Biomass_1986-2021_processed.csv","1988","u m p","23","38.485","KNZ","Grassland","Fertilization","Stock"
"KNZ_Biomass_1986-2021_processed.csv","1988","u m c","24","37.945","KNZ","Grassland","Fertilization","Stock"
"KNZ_Biomass_1986-2021_processed.csv","1988","b u c","25","31.075","KNZ","Grassland","Fertilization","Stock"
"KNZ_Biomass_1986-2021_processed.csv","1988","b u n+p","26","64.665","KNZ","Grassland","Fertilization","Stock"
"KNZ_Biomass_1986-2021_processed.csv","1988","b u p","27","22.125","KNZ","Grassland","Fertilization","Stock"
"KNZ_Biomass_1986-2021_processed.csv","1988","b u n","28","61.09","KNZ","Grassland","Fertilization","Stock"
"KNZ_Biomass_1986-2021_processed.csv","1988","b m c","29","22.785","KNZ","Grassland","Fertilization","Stock"
"KNZ_Biomass_1986-2021_processed.csv","1988","b m n+p","30","38.435","KNZ","Grassland","Fertilization","Stock"
"KNZ_Biomass_1986-2021_processed.csv","1988","b m p","31","33.26","KNZ","Grassland","Fertilization","Stock"
"KNZ_Biomass_1986-2021_processed.csv","1988","b m n","32","41.385","KNZ","Grassland","Fertilization","Stock"
"KNZ_Biomass_1986-2021_processed.csv","1988","u m n+p","33","53.355","KNZ","Grassland","Fertilization","Stock"
"KNZ_Biomass_1986-2021_processed.csv","1988","u m c","34","35.82","KNZ","Grassland","Fertilization","Stock"
"KNZ_Biomass_1986-2021_processed.csv","1988","u m p","35","53.115","KNZ","Grassland","Fertilization","Stock"
"KNZ_Biomass_1986-2021_processed.csv","1988","u m n","36","82.4","KNZ","Grassland","Fertilization","Stock"
"KNZ_Biomass_1986-2021_processed.csv","1988","u u n+p","37","63.56","KNZ","Grassland","Fertilization","Stock"
"KNZ_Biomass_1986-2021_processed.csv","1988","u u c","38","60.895","KNZ","Grassland","Fertilization","Stock"
"KNZ_Biomass_1986-2021_processed.csv","1988","u u p","39","53.39","KNZ","Grassland","Fertilization","Stock"
"KNZ_Biomass_1986-2021_processed.csv","1988","u u n","40","62.625","KNZ","Grassland","Fertilization","Stock"
"KNZ_Biomass_1986-2021_processed.csv","1988","b u n","41","70.055","KNZ","Grassland","Fertilization","Stock"
"KNZ_Biomass_1986-2021_processed.csv","1988","b u c","42","43.425","KNZ","Grassland","Fertilization","Stock"
"KNZ_Biomass_1986-2021_processed.csv","1988","b u p","43","29.525","KNZ","Grassland","Fertilization","Stock"
"KNZ_Biomass_1986-2021_processed.csv","1988","b u n+p","44","64.475","KNZ","Grassland","Fertilization","Stock"
"KNZ_Biomass_1986-2021_processed.csv","1988","b m n","45","47.915","KNZ","Grassland","Fertilization","Stock"
"KNZ_Biomass_1986-2021_processed.csv","1988","b m c","46","26.375","KNZ","Grassland","Fertilization","Stock"
"KNZ_Biomass_1986-2021_processed.csv","1988","b m p","47","26.03","KNZ","Grassland","Fertilization","Stock"
"KNZ_Biomass_1986-2021_processed.csv","1988","b m n+p","48","70.595","KNZ","Grassland","Fertilization","Stock"
"KNZ_Biomass_1986-2021_processed.csv","1988","b m n+p","49","35.455","KNZ","Grassland","Fertilization","Stock"
"KNZ_Biomass_1986-2021_processed.csv","1988","b m n","50","41.57","KNZ","Grassland","Fertilization","Stock"
"KNZ_Biomass_1986-2021_processed.csv","1988","b m p","51","28.08","KNZ","Grassland","Fertilization","Stock"
"KNZ_Biomass_1986-2021_processed.csv","1988","b m c","52","18.69","KNZ","Grassland","Fertilization","Stock"
"KNZ_Biomass_1986-2021_processed.csv","1988","b u n+p","53","78.675","KNZ","Grassland","Fertilization","Stock"
"KNZ_Biomass_1986-2021_processed.csv","1988","b u n","54","73.985","KNZ","Grassland","Fertilization","Stock"
"KNZ_Biomass_1986-2021_processed.csv","1988","b u p","55","53.61","KNZ","Grassland","Fertilization","Stock"
"KNZ_Biomass_1986-2021_processed.csv","1988","b u c","56","55.395","KNZ","Grassland","Fertilization","Stock"
"KNZ_Biomass_1986-2021_processed.csv","1988","u u c","57","56.675","KNZ","Grassland","Fertilization","Stock"
"KNZ_Biomass_1986-2021_processed.csv","1988","u u n+p","58","57.795","KNZ","Grassland","Fertilization","Stock"
"KNZ_Biomass_1986-2021_processed.csv","1988","u u p","59","54.01","KNZ","Grassland","Fertilization","Stock"
"KNZ_Biomass_1986-2021_processed.csv","1988","u u n","60","70.515","KNZ","Grassland","Fertilization","Stock"
"KNZ_Biomass_1986-2021_processed.csv","1988","u m c","61","22.77","KNZ","Grassland","Fertilization","Stock"
"KNZ_Biomass_1986-2021_processed.csv","1988","u m n+p","62","42.845","KNZ","Grassland","Fertilization","Stock"
"KNZ_Biomass_1986-2021_processed.csv","1988","u m p","63","26.27","KNZ","Grassland","Fertilization","Stock"
"KNZ_Biomass_1986-2021_processed.csv","1988","u m n","64","43.32","KNZ","Grassland","Fertilization","Stock"
"KNZ_Biomass_1986-2021_processed.csv","1989","u u n","1","8.93","KNZ","Grassland","Fertilization","Stock"
"KNZ_Biomass_1986-2021_processed.csv","1989","u u c","2","9.31","KNZ","Grassland","Fertilization","Stock"
"KNZ_Biomass_1986-2021_processed.csv","1989","u u p","3","17.48","KNZ","Grassland","Fertilization","Stock"
"KNZ_Biomass_1986-2021_processed.csv","1989","u u n+p","4","24.58","KNZ","Grassland","Fertilization","Stock"
"KNZ_Biomass_1986-2021_processed.csv","1989","u m n","5","23.47","KNZ","Grassland","Fertilization","Stock"
"KNZ_Biomass_1986-2021_processed.csv","1989","u m c","6","22.33","KNZ","Grassland","Fertilization","Stock"
"KNZ_Biomass_1986-2021_processed.csv","1989","u m p","7","26.9","KNZ","Grassland","Fertilization","Stock"
"KNZ_Biomass_1986-2021_processed.csv","1989","u m n+p","8","43.76","KNZ","Grassland","Fertilization","Stock"
"KNZ_Biomass_1986-2021_processed.csv","1989","b m c","9","10.42","KNZ","Grassland","Fertilization","Stock"
"KNZ_Biomass_1986-2021_processed.csv","1989","b m p","10","6.51","KNZ","Grassland","Fertilization","Stock"
"KNZ_Biomass_1986-2021_processed.csv","1989","b m n+p","11","20.79","KNZ","Grassland","Fertilization","Stock"
"KNZ_Biomass_1986-2021_processed.csv","1989","b m n","12","29.46","KNZ","Grassland","Fertilization","Stock"
"KNZ_Biomass_1986-2021_processed.csv","1989","b u c","13","6.34","KNZ","Grassland","Fertilization","Stock"
"KNZ_Biomass_1986-2021_processed.csv","1989","b u p","14","7.98","KNZ","Grassland","Fertilization","Stock"
"KNZ_Biomass_1986-2021_processed.csv","1989","b u n+p","15","18.75","KNZ","Grassland","Fertilization","Stock"
"KNZ_Biomass_1986-2021_processed.csv","1989","b u n","16","23.53","KNZ","Grassland","Fertilization","Stock"
"KNZ_Biomass_1986-2021_processed.csv","1989","u u n+p","17","16.63","KNZ","Grassland","Fertilization","Stock"
"KNZ_Biomass_1986-2021_processed.csv","1989","u u n","18","16.53","KNZ","Grassland","Fertilization","Stock"
"KNZ_Biomass_1986-2021_processed.csv","1989","u u p","19","13.76","KNZ","Grassland","Fertilization","Stock"
"KNZ_Biomass_1986-2021_processed.csv","1989","u u c","20","12.5","KNZ","Grassland","Fertilization","Stock"
"KNZ_Biomass_1986-2021_processed.csv","1989","u m n+p","21","33.52","KNZ","Grassland","Fertilization","Stock"
"KNZ_Biomass_1986-2021_processed.csv","1989","u m n","22","42.35","KNZ","Grassland","Fertilization","Stock"
"KNZ_Biomass_1986-2021_processed.csv","1989","u m p","23","28.5","KNZ","Grassland","Fertilization","Stock"
"KNZ_Biomass_1986-2021_processed.csv","1989","u m c","24","23.63","KNZ","Grassland","Fertilization","Stock"
"KNZ_Biomass_1986-2021_processed.csv","1989","b u c","25","18.85","KNZ","Grassland","Fertilization","Stock"
"KNZ_Biomass_1986-2021_processed.csv","1989","b u n+p","26","30.37","KNZ","Grassland","Fertilization","Stock"
"KNZ_Biomass_1986-2021_processed.csv","1989","b u p","27","16.6","KNZ","Grassland","Fertilization","Stock"
"KNZ_Biomass_1986-2021_processed.csv","1989","b u n","28","14.4","KNZ","Grassland","Fertilization","Stock"
"KNZ_Biomass_1986-2021_processed.csv","1989","b m c","29","18.26","KNZ","Grassland","Fertilization","Stock"
"KNZ_Biomass_1986-2021_processed.csv","1989","b m n+p","30","39.11","KNZ","Grassland","Fertilization","Stock"
"KNZ_Biomass_1986-2021_processed.csv","1989","b m p","31","14.63","KNZ","Grassland","Fertilization","Stock"
"KNZ_Biomass_1986-2021_processed.csv","1989","b m n","32","23.68","KNZ","Grassland","Fertilization","Stock"
"KNZ_Biomass_1986-2021_processed.csv","1989","u m n+p","33","55.75","KNZ","Grassland","Fertilization","Stock"
"KNZ_Biomass_1986-2021_processed.csv","1989","u m c","34","46.83","KNZ","Grassland","Fertilization","Stock"
"KNZ_Biomass_1986-2021_processed.csv","1989","u m p","35","43.58","KNZ","Grassland","Fertilization","Stock"
"KNZ_Biomass_1986-2021_processed.csv","1989","u m n","36","200.31","KNZ","Grassland","Fertilization","Stock"
"KNZ_Biomass_1986-2021_processed.csv","1989","u u n+p","37","55.34","KNZ","Grassland","Fertilization","Stock"
"KNZ_Biomass_1986-2021_processed.csv","1989","u u c","38","29.25","KNZ","Grassland","Fertilization","Stock"
"KNZ_Biomass_1986-2021_processed.csv","1989","u u p","39","12.44","KNZ","Grassland","Fertilization","Stock"
"KNZ_Biomass_1986-2021_processed.csv","1989","u u n","40","11.89","KNZ","Grassland","Fertilization","Stock"
"KNZ_Biomass_1986-2021_processed.csv","1989","b u n","41","28.11","KNZ","Grassland","Fertilization","Stock"
"KNZ_Biomass_1986-2021_processed.csv","1989","b u c","42","67.26","KNZ","Grassland","Fertilization","Stock"
"KNZ_Biomass_1986-2021_processed.csv","1989","b u p","43","23.1","KNZ","Grassland","Fertilization","Stock"
"KNZ_Biomass_1986-2021_processed.csv","1989","b u n+p","44","51.08","KNZ","Grassland","Fertilization","Stock"
"KNZ_Biomass_1986-2021_processed.csv","1989","b m n","45","62.27","KNZ","Grassland","Fertilization","Stock"
"KNZ_Biomass_1986-2021_processed.csv","1989","b m c","46","36.54","KNZ","Grassland","Fertilization","Stock"
"KNZ_Biomass_1986-2021_processed.csv","1989","b m p","47","29.97","KNZ","Grassland","Fertilization","Stock"
"KNZ_Biomass_1986-2021_processed.csv","1989","b m n+p","48","120.15","KNZ","Grassland","Fertilization","Stock"
"KNZ_Biomass_1986-2021_processed.csv","1989","b m n+p","49","79.52","KNZ","Grassland","Fertilization","Stock"
"KNZ_Biomass_1986-2021_processed.csv","1989","b m n","50","66.41","KNZ","Grassland","Fertilization","Stock"
"KNZ_Biomass_1986-2021_processed.csv","1989","b m p","51","40.05","KNZ","Grassland","Fertilization","Stock"
"KNZ_Biomass_1986-2021_processed.csv","1989","b m c","52","38.62","KNZ","Grassland","Fertilization","Stock"
"KNZ_Biomass_1986-2021_processed.csv","1989","b u n+p","53","77.48","KNZ","Grassland","Fertilization","Stock"
"KNZ_Biomass_1986-2021_processed.csv","1989","b u n","54","30.1","KNZ","Grassland","Fertilization","Stock"
"KNZ_Biomass_1986-2021_processed.csv","1989","b u p","55","26.35","KNZ","Grassland","Fertilization","Stock"
"KNZ_Biomass_1986-2021_processed.csv","1989","b u c","56","29.55","KNZ","Grassland","Fertilization","Stock"
"KNZ_Biomass_1986-2021_processed.csv","1989","u u c","57","33.74","KNZ","Grassland","Fertilization","Stock"
"KNZ_Biomass_1986-2021_processed.csv","1989","u u n+p","58","63.46","KNZ","Grassland","Fertilization","Stock"
"KNZ_Biomass_1986-2021_processed.csv","1989","u u p","59","30.12","KNZ","Grassland","Fertilization","Stock"
"KNZ_Biomass_1986-2021_processed.csv","1989","u u n","60","31.69","KNZ","Grassland","Fertilization","Stock"
"KNZ_Biomass_1986-2021_processed.csv","1989","u m c","61","27.71","KNZ","Grassland","Fertilization","Stock"
"KNZ_Biomass_1986-2021_processed.csv","1989","u m n+p","62","83.87","KNZ","Grassland","Fertilization","Stock"
"KNZ_Biomass_1986-2021_processed.csv","1989","u m p","63","58.99","KNZ","Grassland","Fertilization","Stock"
"KNZ_Biomass_1986-2021_processed.csv","1989","u m n","64","61.86","KNZ","Grassland","Fertilization","Stock"
"KNZ_Biomass_1986-2021_processed.csv","1990","u u n","1","35.52","KNZ","Grassland","Fertilization","Stock"
"KNZ_Biomass_1986-2021_processed.csv","1990","u u c","2","25.28","KNZ","Grassland","Fertilization","Stock"
"KNZ_Biomass_1986-2021_processed.csv","1990","u u p","3","28.41","KNZ","Grassland","Fertilization","Stock"
"KNZ_Biomass_1986-2021_processed.csv","1990","u u n+p","4","122.61","KNZ","Grassland","Fertilization","Stock"
"KNZ_Biomass_1986-2021_processed.csv","1990","u m n","5","42.49","KNZ","Grassland","Fertilization","Stock"
"KNZ_Biomass_1986-2021_processed.csv","1990","u m c","6","29.38","KNZ","Grassland","Fertilization","Stock"
"KNZ_Biomass_1986-2021_processed.csv","1990","u m p","7","51.85","KNZ","Grassland","Fertilization","Stock"
"KNZ_Biomass_1986-2021_processed.csv","1990","u m n+p","8","72.32","KNZ","Grassland","Fertilization","Stock"
"KNZ_Biomass_1986-2021_processed.csv","1990","b m c","9","63.53","KNZ","Grassland","Fertilization","Stock"
"KNZ_Biomass_1986-2021_processed.csv","1990","b m p","10","37.16","KNZ","Grassland","Fertilization","Stock"
"KNZ_Biomass_1986-2021_processed.csv","1990","b m n+p","11","84.47","KNZ","Grassland","Fertilization","Stock"
"KNZ_Biomass_1986-2021_processed.csv","1990","b m n","12","58.14","KNZ","Grassland","Fertilization","Stock"
"KNZ_Biomass_1986-2021_processed.csv","1990","b u c","13","43.15","KNZ","Grassland","Fertilization","Stock"
"KNZ_Biomass_1986-2021_processed.csv","1990","b u p","14","58.76","KNZ","Grassland","Fertilization","Stock"
"KNZ_Biomass_1986-2021_processed.csv","1990","b u n+p","15","79.1","KNZ","Grassland","Fertilization","Stock"
"KNZ_Biomass_1986-2021_processed.csv","1990","b u n","16","57.49","KNZ","Grassland","Fertilization","Stock"
"KNZ_Biomass_1986-2021_processed.csv","1990","u u n+p","17","36.24","KNZ","Grassland","Fertilization","Stock"
"KNZ_Biomass_1986-2021_processed.csv","1990","u u n","18","61.77","KNZ","Grassland","Fertilization","Stock"
"KNZ_Biomass_1986-2021_processed.csv","1990","u u p","19","33.25","KNZ","Grassland","Fertilization","Stock"
"KNZ_Biomass_1986-2021_processed.csv","1990","u u c","20","17.3","KNZ","Grassland","Fertilization","Stock"
"KNZ_Biomass_1986-2021_processed.csv","1990","u m n+p","21","63.92","KNZ","Grassland","Fertilization","Stock"
"KNZ_Biomass_1986-2021_processed.csv","1990","u m n","22","59.13","KNZ","Grassland","Fertilization","Stock"
"KNZ_Biomass_1986-2021_processed.csv","1990","u m p","23","29.42","KNZ","Grassland","Fertilization","Stock"
"KNZ_Biomass_1986-2021_processed.csv","1990","u m c","24","46.94","KNZ","Grassland","Fertilization","Stock"
"KNZ_Biomass_1986-2021_processed.csv","1990","b u c","25","57.03","KNZ","Grassland","Fertilization","Stock"
"KNZ_Biomass_1986-2021_processed.csv","1990","b u n+p","26","127.45","KNZ","Grassland","Fertilization","Stock"
"KNZ_Biomass_1986-2021_processed.csv","1990","b u p","27","67.1","KNZ","Grassland","Fertilization","Stock"
"KNZ_Biomass_1986-2021_processed.csv","1990","b u n","28","117.56","KNZ","Grassland","Fertilization","Stock"
"KNZ_Biomass_1986-2021_processed.csv","1990","b m c","29","48.54","KNZ","Grassland","Fertilization","Stock"
"KNZ_Biomass_1986-2021_processed.csv","1990","b m n+p","30","103.84","KNZ","Grassland","Fertilization","Stock"
"KNZ_Biomass_1986-2021_processed.csv","1990","b m p","31","33.16","KNZ","Grassland","Fertilization","Stock"
"KNZ_Biomass_1986-2021_processed.csv","1990","b m n","32","109.28","KNZ","Grassland","Fertilization","Stock"
"KNZ_Biomass_1986-2021_processed.csv","1990","u m n+p","33","79.32","KNZ","Grassland","Fertilization","Stock"
"KNZ_Biomass_1986-2021_processed.csv","1990","u m c","34","54.8","KNZ","Grassland","Fertilization","Stock"
"KNZ_Biomass_1986-2021_processed.csv","1990","u m p","35","47.38","KNZ","Grassland","Fertilization","Stock"
"KNZ_Biomass_1986-2021_processed.csv","1990","u m n","36","108.76","KNZ","Grassland","Fertilization","Stock"
"KNZ_Biomass_1986-2021_processed.csv","1990","u u n+p","37","129.7","KNZ","Grassland","Fertilization","Stock"
"KNZ_Biomass_1986-2021_processed.csv","1990","u u c","38","44.66","KNZ","Grassland","Fertilization","Stock"
"KNZ_Biomass_1986-2021_processed.csv","1990","u u p","39","48.48","KNZ","Grassland","Fertilization","Stock"
"KNZ_Biomass_1986-2021_processed.csv","1990","u u n","40","74.93","KNZ","Grassland","Fertilization","Stock"
"KNZ_Biomass_1986-2021_processed.csv","1990","b u n","41","113.07","KNZ","Grassland","Fertilization","Stock"
"KNZ_Biomass_1986-2021_processed.csv","1990","b u c","42","36.21","KNZ","Grassland","Fertilization","Stock"
"KNZ_Biomass_1986-2021_processed.csv","1990","b u p","43","56.01","KNZ","Grassland","Fertilization","Stock"
"KNZ_Biomass_1986-2021_processed.csv","1990","b u n+p","44","93.18","KNZ","Grassland","Fertilization","Stock"
"KNZ_Biomass_1986-2021_processed.csv","1990","b m n","45","88.94","KNZ","Grassland","Fertilization","Stock"
"KNZ_Biomass_1986-2021_processed.csv","1990","b m c","46","33.49","KNZ","Grassland","Fertilization","Stock"
"KNZ_Biomass_1986-2021_processed.csv","1990","b m p","47","33.12","KNZ","Grassland","Fertilization","Stock"
"KNZ_Biomass_1986-2021_processed.csv","1990","b m n+p","48","180.48","KNZ","Grassland","Fertilization","Stock"
"KNZ_Biomass_1986-2021_processed.csv","1990","b m n+p","49","81.07","KNZ","Grassland","Fertilization","Stock"
"KNZ_Biomass_1986-2021_processed.csv","1990","b m n","50","77.68","KNZ","Grassland","Fertilization","Stock"
"KNZ_Biomass_1986-2021_processed.csv","1990","b m p","51","40.52","KNZ","Grassland","Fertilization","Stock"
"KNZ_Biomass_1986-2021_processed.csv","1990","b m c","52","38.86","KNZ","Grassland","Fertilization","Stock"
"KNZ_Biomass_1986-2021_processed.csv","1990","b u n+p","53","111.94","KNZ","Grassland","Fertilization","Stock"
"KNZ_Biomass_1986-2021_processed.csv","1990","b u n","54","58.37","KNZ","Grassland","Fertilization","Stock"
"KNZ_Biomass_1986-2021_processed.csv","1990","b u p","55","85.12","KNZ","Grassland","Fertilization","Stock"
"KNZ_Biomass_1986-2021_processed.csv","1990","b u c","56","81.18","KNZ","Grassland","Fertilization","Stock"
"KNZ_Biomass_1986-2021_processed.csv","1990","u u c","57","40.74","KNZ","Grassland","Fertilization","Stock"
"KNZ_Biomass_1986-2021_processed.csv","1990","u u n+p","58","35.96","KNZ","Grassland","Fertilization","Stock"
"KNZ_Biomass_1986-2021_processed.csv","1990","u u p","59","22.31","KNZ","Grassland","Fertilization","Stock"
"KNZ_Biomass_1986-2021_processed.csv","1990","u u n","60","47.78","KNZ","Grassland","Fertilization","Stock"
"KNZ_Biomass_1986-2021_processed.csv","1990","u m c","61","35.96","KNZ","Grassland","Fertilization","Stock"
"KNZ_Biomass_1986-2021_processed.csv","1990","u m n+p","62","122.07","KNZ","Grassland","Fertilization","Stock"
"KNZ_Biomass_1986-2021_processed.csv","1990","u m p","63","46.19","KNZ","Grassland","Fertilization","Stock"
"KNZ_Biomass_1986-2021_processed.csv","1990","u m n","64","80.52","KNZ","Grassland","Fertilization","Stock"
"KNZ_Biomass_1986-2021_processed.csv","1991","u u n","1","28.6","KNZ","Grassland","Fertilization","Stock"
"KNZ_Biomass_1986-2021_processed.csv","1991","u u c","2","13.4","KNZ","Grassland","Fertilization","Stock"
"KNZ_Biomass_1986-2021_processed.csv","1991","u u p","3","31.01","KNZ","Grassland","Fertilization","Stock"
"KNZ_Biomass_1986-2021_processed.csv","1991","u u n+p","4","38.48","KNZ","Grassland","Fertilization","Stock"
"KNZ_Biomass_1986-2021_processed.csv","1991","u m n","5","28.06","KNZ","Grassland","Fertilization","Stock"
"KNZ_Biomass_1986-2021_processed.csv","1991","u m c","6","36.04","KNZ","Grassland","Fertilization","Stock"
"KNZ_Biomass_1986-2021_processed.csv","1991","u m p","7","67.48","KNZ","Grassland","Fertilization","Stock"
"KNZ_Biomass_1986-2021_processed.csv","1991","u m n+p","8","95.15","KNZ","Grassland","Fertilization","Stock"
"KNZ_Biomass_1986-2021_processed.csv","1991","b m c","9","30.13","KNZ","Grassland","Fertilization","Stock"
"KNZ_Biomass_1986-2021_processed.csv","1991","b m p","10","27.18","KNZ","Grassland","Fertilization","Stock"
"KNZ_Biomass_1986-2021_processed.csv","1991","b m n+p","11","78.65","KNZ","Grassland","Fertilization","Stock"
"KNZ_Biomass_1986-2021_processed.csv","1991","b m n","12","52.49","KNZ","Grassland","Fertilization","Stock"
"KNZ_Biomass_1986-2021_processed.csv","1991","b u c","13","27.7","KNZ","Grassland","Fertilization","Stock"
"KNZ_Biomass_1986-2021_processed.csv","1991","b u p","14","31.49","KNZ","Grassland","Fertilization","Stock"
"KNZ_Biomass_1986-2021_processed.csv","1991","b u n+p","15","133.3","KNZ","Grassland","Fertilization","Stock"
"KNZ_Biomass_1986-2021_processed.csv","1991","b u n","16","40.29","KNZ","Grassland","Fertilization","Stock"
"KNZ_Biomass_1986-2021_processed.csv","1991","u u n+p","17","34.36","KNZ","Grassland","Fertilization","Stock"
"KNZ_Biomass_1986-2021_processed.csv","1991","u u n","18","37.73","KNZ","Grassland","Fertilization","Stock"
"KNZ_Biomass_1986-2021_processed.csv","1991","u u p","19","35.91","KNZ","Grassland","Fertilization","Stock"
"KNZ_Biomass_1986-2021_processed.csv","1991","u u c","20","22.98","KNZ","Grassland","Fertilization","Stock"
"KNZ_Biomass_1986-2021_processed.csv","1991","u m n+p","21","82.19","KNZ","Grassland","Fertilization","Stock"
"KNZ_Biomass_1986-2021_processed.csv","1991","u m n","22","63.39","KNZ","Grassland","Fertilization","Stock"
"KNZ_Biomass_1986-2021_processed.csv","1991","u m p","23","56.07","KNZ","Grassland","Fertilization","Stock"
"KNZ_Biomass_1986-2021_processed.csv","1991","u m c","24","64.93","KNZ","Grassland","Fertilization","Stock"
"KNZ_Biomass_1986-2021_processed.csv","1991","b u c","25","44.84","KNZ","Grassland","Fertilization","Stock"
"KNZ_Biomass_1986-2021_processed.csv","1991","b u n+p","26","58.39","KNZ","Grassland","Fertilization","Stock"
"KNZ_Biomass_1986-2021_processed.csv","1991","b u p","27","31.37","KNZ","Grassland","Fertilization","Stock"
"KNZ_Biomass_1986-2021_processed.csv","1991","b u n","28","87.5","KNZ","Grassland","Fertilization","Stock"
"KNZ_Biomass_1986-2021_processed.csv","1991","b m c","29","23.12","KNZ","Grassland","Fertilization","Stock"
"KNZ_Biomass_1986-2021_processed.csv","1991","u m c","29","26.64","KNZ","Grassland","Fertilization","Stock"
"KNZ_Biomass_1986-2021_processed.csv","1991","b m n+p","30","83.83","KNZ","Grassland","Fertilization","Stock"
"KNZ_Biomass_1986-2021_processed.csv","1991","b m p","31","38.93","KNZ","Grassland","Fertilization","Stock"
"KNZ_Biomass_1986-2021_processed.csv","1991","b m n","32","90.44","KNZ","Grassland","Fertilization","Stock"
"KNZ_Biomass_1986-2021_processed.csv","1991","u m n+p","33","64.81","KNZ","Grassland","Fertilization","Stock"
"KNZ_Biomass_1986-2021_processed.csv","1991","u m c","34","57.45","KNZ","Grassland","Fertilization","Stock"
"KNZ_Biomass_1986-2021_processed.csv","1991","u m p","35","55.94","KNZ","Grassland","Fertilization","Stock"
"KNZ_Biomass_1986-2021_processed.csv","1991","u m n","36","131.76","KNZ","Grassland","Fertilization","Stock"
"KNZ_Biomass_1986-2021_processed.csv","1991","u u n+p","37","66.22","KNZ","Grassland","Fertilization","Stock"
"KNZ_Biomass_1986-2021_processed.csv","1991","u u c","38","22.81","KNZ","Grassland","Fertilization","Stock"
"KNZ_Biomass_1986-2021_processed.csv","1991","u u p","39","14.16","KNZ","Grassland","Fertilization","Stock"
"KNZ_Biomass_1986-2021_processed.csv","1991","u u n","40","99.51","KNZ","Grassland","Fertilization","Stock"
"KNZ_Biomass_1986-2021_processed.csv","1991","b u n","41","132.39","KNZ","Grassland","Fertilization","Stock"
"KNZ_Biomass_1986-2021_processed.csv","1991","b u c","42","87.09","KNZ","Grassland","Fertilization","Stock"
"KNZ_Biomass_1986-2021_processed.csv","1991","b u p","43","33.69","KNZ","Grassland","Fertilization","Stock"
"KNZ_Biomass_1986-2021_processed.csv","1991","b u n+p","44","127.07","KNZ","Grassland","Fertilization","Stock"
"KNZ_Biomass_1986-2021_processed.csv","1991","b m n","45","76.69","KNZ","Grassland","Fertilization","Stock"
"KNZ_Biomass_1986-2021_processed.csv","1991","b m c","46","45.08","KNZ","Grassland","Fertilization","Stock"
"KNZ_Biomass_1986-2021_processed.csv","1991","b m p","47","42.32","KNZ","Grassland","Fertilization","Stock"
"KNZ_Biomass_1986-2021_processed.csv","1991","b m n+p","48","141.89","KNZ","Grassland","Fertilization","Stock"
"KNZ_Biomass_1986-2021_processed.csv","1991","b m n+p","49","78.81","KNZ","Grassland","Fertilization","Stock"
"KNZ_Biomass_1986-2021_processed.csv","1991","b m n","50","85.68","KNZ","Grassland","Fertilization","Stock"
"KNZ_Biomass_1986-2021_processed.csv","1991","b m p","51","45.87","KNZ","Grassland","Fertilization","Stock"
"KNZ_Biomass_1986-2021_processed.csv","1991","b m c","52","39.02","KNZ","Grassland","Fertilization","Stock"
"KNZ_Biomass_1986-2021_processed.csv","1991","b u n+p","53","130.83","KNZ","Grassland","Fertilization","Stock"
"KNZ_Biomass_1986-2021_processed.csv","1991","b u n","54","111.89","KNZ","Grassland","Fertilization","Stock"
"KNZ_Biomass_1986-2021_processed.csv","1991","b u p","55","59.58","KNZ","Grassland","Fertilization","Stock"
"KNZ_Biomass_1986-2021_processed.csv","1991","b u c","56","52.22","KNZ","Grassland","Fertilization","Stock"
"KNZ_Biomass_1986-2021_processed.csv","1991","u u c","57","62.2","KNZ","Grassland","Fertilization","Stock"
"KNZ_Biomass_1986-2021_processed.csv","1991","u u n+p","58","59.07","KNZ","Grassland","Fertilization","Stock"
"KNZ_Biomass_1986-2021_processed.csv","1991","u u p","59","51.67","KNZ","Grassland","Fertilization","Stock"
"KNZ_Biomass_1986-2021_processed.csv","1991","u u n","60","62.52","KNZ","Grassland","Fertilization","Stock"
"KNZ_Biomass_1986-2021_processed.csv","1991","u m c","61","56.36","KNZ","Grassland","Fertilization","Stock"
"KNZ_Biomass_1986-2021_processed.csv","1991","u m n+p","62","90.85","KNZ","Grassland","Fertilization","Stock"
"KNZ_Biomass_1986-2021_processed.csv","1991","u m p","63","51.63","KNZ","Grassland","Fertilization","Stock"
"KNZ_Biomass_1986-2021_processed.csv","1991","u m n","64","123.53","KNZ","Grassland","Fertilization","Stock"
"KNZ_Biomass_1986-2021_processed.csv","1992","u u n","1","44.3","KNZ","Grassland","Fertilization","Stock"
"KNZ_Biomass_1986-2021_processed.csv","1992","u u c","2","27.8","KNZ","Grassland","Fertilization","Stock"
"KNZ_Biomass_1986-2021_processed.csv","1992","u u p","3","42.6","KNZ","Grassland","Fertilization","Stock"
"KNZ_Biomass_1986-2021_processed.csv","1992","u u n+p","4","66.05","KNZ","Grassland","Fertilization","Stock"
"KNZ_Biomass_1986-2021_processed.csv","1992","u m n","5","61.25","KNZ","Grassland","Fertilization","Stock"
"KNZ_Biomass_1986-2021_processed.csv","1992","u m c","6","45.65","KNZ","Grassland","Fertilization","Stock"
"KNZ_Biomass_1986-2021_processed.csv","1992","u m p","7","71.25","KNZ","Grassland","Fertilization","Stock"
"KNZ_Biomass_1986-2021_processed.csv","1992","u m n+p","8","93.555","KNZ","Grassland","Fertilization","Stock"
"KNZ_Biomass_1986-2021_processed.csv","1992","b m c","9","51.4","KNZ","Grassland","Fertilization","Stock"
"KNZ_Biomass_1986-2021_processed.csv","1992","b m p","10","38.2","KNZ","Grassland","Fertilization","Stock"
"KNZ_Biomass_1986-2021_processed.csv","1992","b m n+p","11","110.075","KNZ","Grassland","Fertilization","Stock"
"KNZ_Biomass_1986-2021_processed.csv","1992","b m n","12","113.25","KNZ","Grassland","Fertilization","Stock"
"KNZ_Biomass_1986-2021_processed.csv","1992","b u c","13","36.95","KNZ","Grassland","Fertilization","Stock"
"KNZ_Biomass_1986-2021_processed.csv","1992","b u p","14","66.75","KNZ","Grassland","Fertilization","Stock"
"KNZ_Biomass_1986-2021_processed.csv","1992","b u n+p","15","133","KNZ","Grassland","Fertilization","Stock"
"KNZ_Biomass_1986-2021_processed.csv","1992","b u n","16","140.55","KNZ","Grassland","Fertilization","Stock"
"KNZ_Biomass_1986-2021_processed.csv","1992","u u n+p","17","49.25","KNZ","Grassland","Fertilization","Stock"
"KNZ_Biomass_1986-2021_processed.csv","1992","u u n","18","58.75","KNZ","Grassland","Fertilization","Stock"
"KNZ_Biomass_1986-2021_processed.csv","1992","u u p","19","23.5","KNZ","Grassland","Fertilization","Stock"
"KNZ_Biomass_1986-2021_processed.csv","1992","u u c","20","38.7","KNZ","Grassland","Fertilization","Stock"
"KNZ_Biomass_1986-2021_processed.csv","1992","u m n+p","21","66.05","KNZ","Grassland","Fertilization","Stock"
"KNZ_Biomass_1986-2021_processed.csv","1992","u m n","22","113.4","KNZ","Grassland","Fertilization","Stock"
"KNZ_Biomass_1986-2021_processed.csv","1992","u m p","23","59.8","KNZ","Grassland","Fertilization","Stock"
"KNZ_Biomass_1986-2021_processed.csv","1992","u m c","24","55.15","KNZ","Grassland","Fertilization","Stock"
"KNZ_Biomass_1986-2021_processed.csv","1992","b u c","25","64.75","KNZ","Grassland","Fertilization","Stock"
"KNZ_Biomass_1986-2021_processed.csv","1992","b u n+p","26","107.4","KNZ","Grassland","Fertilization","Stock"
"KNZ_Biomass_1986-2021_processed.csv","1992","b u p","27","51.15","KNZ","Grassland","Fertilization","Stock"
"KNZ_Biomass_1986-2021_processed.csv","1992","b u n","28","128.25","KNZ","Grassland","Fertilization","Stock"
"KNZ_Biomass_1986-2021_processed.csv","1992","b m c","29","56.35","KNZ","Grassland","Fertilization","Stock"
"KNZ_Biomass_1986-2021_processed.csv","1992","b m n+p","30","107.55","KNZ","Grassland","Fertilization","Stock"
"KNZ_Biomass_1986-2021_processed.csv","1992","b m p","31","65.8","KNZ","Grassland","Fertilization","Stock"
"KNZ_Biomass_1986-2021_processed.csv","1992","b m n","32","127.7","KNZ","Grassland","Fertilization","Stock"
"KNZ_Biomass_1986-2021_processed.csv","1992","u m n+p","33","110.15","KNZ","Grassland","Fertilization","Stock"
"KNZ_Biomass_1986-2021_processed.csv","1992","u m c","34","62.7","KNZ","Grassland","Fertilization","Stock"
"KNZ_Biomass_1986-2021_processed.csv","1992","u m p","35","82.415","KNZ","Grassland","Fertilization","Stock"
"KNZ_Biomass_1986-2021_processed.csv","1992","u m n","36","142.4","KNZ","Grassland","Fertilization","Stock"
"KNZ_Biomass_1986-2021_processed.csv","1992","u u n+p","37","59.9","KNZ","Grassland","Fertilization","Stock"
"KNZ_Biomass_1986-2021_processed.csv","1992","u u c","38","33","KNZ","Grassland","Fertilization","Stock"
"KNZ_Biomass_1986-2021_processed.csv","1992","u u p","39","37.2","KNZ","Grassland","Fertilization","Stock"
"KNZ_Biomass_1986-2021_processed.csv","1992","u u n","40","102.6","KNZ","Grassland","Fertilization","Stock"
"KNZ_Biomass_1986-2021_processed.csv","1992","b u n","41","134.7","KNZ","Grassland","Fertilization","Stock"
"KNZ_Biomass_1986-2021_processed.csv","1992","b u c","42","50.9","KNZ","Grassland","Fertilization","Stock"
"KNZ_Biomass_1986-2021_processed.csv","1992","b u p","43","35.815","KNZ","Grassland","Fertilization","Stock"
"KNZ_Biomass_1986-2021_processed.csv","1992","b u n+p","44","93.55","KNZ","Grassland","Fertilization","Stock"
"KNZ_Biomass_1986-2021_processed.csv","1992","b m n","45","79","KNZ","Grassland","Fertilization","Stock"
"KNZ_Biomass_1986-2021_processed.csv","1992","b m c","46","51.1","KNZ","Grassland","Fertilization","Stock"
"KNZ_Biomass_1986-2021_processed.csv","1992","b m p","47","50","KNZ","Grassland","Fertilization","Stock"
"KNZ_Biomass_1986-2021_processed.csv","1992","b m n+p","48","99.8","KNZ","Grassland","Fertilization","Stock"
"KNZ_Biomass_1986-2021_processed.csv","1992","b m n+p","49","79.45","KNZ","Grassland","Fertilization","Stock"
"KNZ_Biomass_1986-2021_processed.csv","1992","b m n","50","83.45","KNZ","Grassland","Fertilization","Stock"
"KNZ_Biomass_1986-2021_processed.csv","1992","b m p","51","39.7","KNZ","Grassland","Fertilization","Stock"
"KNZ_Biomass_1986-2021_processed.csv","1992","b m c","52","47.7","KNZ","Grassland","Fertilization","Stock"
"KNZ_Biomass_1986-2021_processed.csv","1992","b u n+p","53","139.35","KNZ","Grassland","Fertilization","Stock"
"KNZ_Biomass_1986-2021_processed.csv","1992","b u n","54","178.6","KNZ","Grassland","Fertilization","Stock"
"KNZ_Biomass_1986-2021_processed.csv","1992","b u p","55","48.9","KNZ","Grassland","Fertilization","Stock"
"KNZ_Biomass_1986-2021_processed.csv","1992","b u c","56","54.5","KNZ","Grassland","Fertilization","Stock"
"KNZ_Biomass_1986-2021_processed.csv","1992","u u c","57","23.6","KNZ","Grassland","Fertilization","Stock"
"KNZ_Biomass_1986-2021_processed.csv","1992","u u n+p","58","32.95","KNZ","Grassland","Fertilization","Stock"
"KNZ_Biomass_1986-2021_processed.csv","1992","u u p","59","18.6","KNZ","Grassland","Fertilization","Stock"
"KNZ_Biomass_1986-2021_processed.csv","1992","u u n","60","67.95","KNZ","Grassland","Fertilization","Stock"
"KNZ_Biomass_1986-2021_processed.csv","1992","u m c","61","62.15","KNZ","Grassland","Fertilization","Stock"
"KNZ_Biomass_1986-2021_processed.csv","1992","u m n+p","62","100.28","KNZ","Grassland","Fertilization","Stock"
"KNZ_Biomass_1986-2021_processed.csv","1992","u m p","63","47.7","KNZ","Grassland","Fertilization","Stock"
"KNZ_Biomass_1986-2021_processed.csv","1992","u m n","64","103.7","KNZ","Grassland","Fertilization","Stock"
"KNZ_Biomass_1986-2021_processed.csv","1993","u u n","1","30.125","KNZ","Grassland","Fertilization","Stock"
"KNZ_Biomass_1986-2021_processed.csv","1993","u u c","2","42.16","KNZ","Grassland","Fertilization","Stock"
"KNZ_Biomass_1986-2021_processed.csv","1993","u u p","3","42.665","KNZ","Grassland","Fertilization","Stock"
"KNZ_Biomass_1986-2021_processed.csv","1993","u u n+p","4","71.695","KNZ","Grassland","Fertilization","Stock"
"KNZ_Biomass_1986-2021_processed.csv","1993","u m n","5","47.75","KNZ","Grassland","Fertilization","Stock"
"KNZ_Biomass_1986-2021_processed.csv","1993","u m c","6","32.17","KNZ","Grassland","Fertilization","Stock"
"KNZ_Biomass_1986-2021_processed.csv","1993","u m p","7","60.65","KNZ","Grassland","Fertilization","Stock"
"KNZ_Biomass_1986-2021_processed.csv","1993","u m n+p","8","60.575","KNZ","Grassland","Fertilization","Stock"
"KNZ_Biomass_1986-2021_processed.csv","1993","b m c","9","52.045","KNZ","Grassland","Fertilization","Stock"
"KNZ_Biomass_1986-2021_processed.csv","1993","b m p","10","38.365","KNZ","Grassland","Fertilization","Stock"
"KNZ_Biomass_1986-2021_processed.csv","1993","b m n+p","11","95.895","KNZ","Grassland","Fertilization","Stock"
"KNZ_Biomass_1986-2021_processed.csv","1993","b m n","12","80.145","KNZ","Grassland","Fertilization","Stock"
"KNZ_Biomass_1986-2021_processed.csv","1993","b u c","13","30.12","KNZ","Grassland","Fertilization","Stock"
"KNZ_Biomass_1986-2021_processed.csv","1993","b u p","14","36.8","KNZ","Grassland","Fertilization","Stock"
"KNZ_Biomass_1986-2021_processed.csv","1993","b u n+p","15","160.63","KNZ","Grassland","Fertilization","Stock"
"KNZ_Biomass_1986-2021_processed.csv","1993","b u n","16","153.465","KNZ","Grassland","Fertilization","Stock"
"KNZ_Biomass_1986-2021_processed.csv","1993","u u n+p","17","24.845","KNZ","Grassland","Fertilization","Stock"
"KNZ_Biomass_1986-2021_processed.csv","1993","u u n","18","45.87","KNZ","Grassland","Fertilization","Stock"
"KNZ_Biomass_1986-2021_processed.csv","1993","u u p","19","22.525","KNZ","Grassland","Fertilization","Stock"
"KNZ_Biomass_1986-2021_processed.csv","1993","u u c","20","38.44","KNZ","Grassland","Fertilization","Stock"
"KNZ_Biomass_1986-2021_processed.csv","1993","u m n+p","21","64.735","KNZ","Grassland","Fertilization","Stock"
"KNZ_Biomass_1986-2021_processed.csv","1993","u m n","22","59.925","KNZ","Grassland","Fertilization","Stock"
"KNZ_Biomass_1986-2021_processed.csv","1993","u m p","23","49.085","KNZ","Grassland","Fertilization","Stock"
"KNZ_Biomass_1986-2021_processed.csv","1993","u m c","24","43.13","KNZ","Grassland","Fertilization","Stock"
"KNZ_Biomass_1986-2021_processed.csv","1993","b u c","25","48.245","KNZ","Grassland","Fertilization","Stock"
"KNZ_Biomass_1986-2021_processed.csv","1993","b u n+p","26","115.96","KNZ","Grassland","Fertilization","Stock"
"KNZ_Biomass_1986-2021_processed.csv","1993","b u p","27","74.17","KNZ","Grassland","Fertilization","Stock"
"KNZ_Biomass_1986-2021_processed.csv","1993","b u n","28","163.425","KNZ","Grassland","Fertilization","Stock"
"KNZ_Biomass_1986-2021_processed.csv","1993","b m c","29","53.65","KNZ","Grassland","Fertilization","Stock"
"KNZ_Biomass_1986-2021_processed.csv","1993","b m n+p","30","86.21","KNZ","Grassland","Fertilization","Stock"
"KNZ_Biomass_1986-2021_processed.csv","1993","b m p","31","57.675","KNZ","Grassland","Fertilization","Stock"
"KNZ_Biomass_1986-2021_processed.csv","1993","b m n","32","113.395","KNZ","Grassland","Fertilization","Stock"
"KNZ_Biomass_1986-2021_processed.csv","1993","u m n+p","33","82.91","KNZ","Grassland","Fertilization","Stock"
"KNZ_Biomass_1986-2021_processed.csv","1993","u m c","34","46.02","KNZ","Grassland","Fertilization","Stock"
"KNZ_Biomass_1986-2021_processed.csv","1993","u m p","35","52.235","KNZ","Grassland","Fertilization","Stock"
"KNZ_Biomass_1986-2021_processed.csv","1993","u m n","36","104.405","KNZ","Grassland","Fertilization","Stock"
"KNZ_Biomass_1986-2021_processed.csv","1993","u u n+p","37","94.88","KNZ","Grassland","Fertilization","Stock"
"KNZ_Biomass_1986-2021_processed.csv","1993","u u c","38","33.095","KNZ","Grassland","Fertilization","Stock"
"KNZ_Biomass_1986-2021_processed.csv","1993","u u p","39","71.78","KNZ","Grassland","Fertilization","Stock"
"KNZ_Biomass_1986-2021_processed.csv","1993","u u n","40","28.5","KNZ","Grassland","Fertilization","Stock"
"KNZ_Biomass_1986-2021_processed.csv","1993","b u n","41","185.28","KNZ","Grassland","Fertilization","Stock"
"KNZ_Biomass_1986-2021_processed.csv","1993","b u c","42","39.05","KNZ","Grassland","Fertilization","Stock"
"KNZ_Biomass_1986-2021_processed.csv","1993","b u p","43","60.315","KNZ","Grassland","Fertilization","Stock"
"KNZ_Biomass_1986-2021_processed.csv","1993","b u n+p","44","165.735","KNZ","Grassland","Fertilization","Stock"
"KNZ_Biomass_1986-2021_processed.csv","1993","b m n","45","91.61","KNZ","Grassland","Fertilization","Stock"
"KNZ_Biomass_1986-2021_processed.csv","1993","b m c","46","42.99","KNZ","Grassland","Fertilization","Stock"
"KNZ_Biomass_1986-2021_processed.csv","1993","b m p","47","52.94","KNZ","Grassland","Fertilization","Stock"
"KNZ_Biomass_1986-2021_processed.csv","1993","b m n+p","48","127.665","KNZ","Grassland","Fertilization","Stock"
"KNZ_Biomass_1986-2021_processed.csv","1993","b m n+p","49","92.66","KNZ","Grassland","Fertilization","Stock"
"KNZ_Biomass_1986-2021_processed.csv","1993","b m n","50","84.06","KNZ","Grassland","Fertilization","Stock"
"KNZ_Biomass_1986-2021_processed.csv","1993","b m p","51","50.28","KNZ","Grassland","Fertilization","Stock"
"KNZ_Biomass_1986-2021_processed.csv","1993","b m c","52","58.395","KNZ","Grassland","Fertilization","Stock"
"KNZ_Biomass_1986-2021_processed.csv","1993","b u n+p","53","308.92","KNZ","Grassland","Fertilization","Stock"
"KNZ_Biomass_1986-2021_processed.csv","1993","b u n","54","113.58","KNZ","Grassland","Fertilization","Stock"
"KNZ_Biomass_1986-2021_processed.csv","1993","b u p","55","51.93","KNZ","Grassland","Fertilization","Stock"
"KNZ_Biomass_1986-2021_processed.csv","1993","b u c","56","71.435","KNZ","Grassland","Fertilization","Stock"
"KNZ_Biomass_1986-2021_processed.csv","1993","u u c","57","43.12","KNZ","Grassland","Fertilization","Stock"
"KNZ_Biomass_1986-2021_processed.csv","1993","u u n+p","58","59.415","KNZ","Grassland","Fertilization","Stock"
"KNZ_Biomass_1986-2021_processed.csv","1993","u u p","59","34.42","KNZ","Grassland","Fertilization","Stock"
"KNZ_Biomass_1986-2021_processed.csv","1993","u u n","60","54.645","KNZ","Grassland","Fertilization","Stock"
"KNZ_Biomass_1986-2021_processed.csv","1993","u m c","61","39.375","KNZ","Grassland","Fertilization","Stock"
"KNZ_Biomass_1986-2021_processed.csv","1993","u m n+p","62","69.12","KNZ","Grassland","Fertilization","Stock"
"KNZ_Biomass_1986-2021_processed.csv","1993","u m p","63","40.79","KNZ","Grassland","Fertilization","Stock"
"KNZ_Biomass_1986-2021_processed.csv","1993","u m n","64","70.755","KNZ","Grassland","Fertilization","Stock"
"KNZ_Biomass_1986-2021_processed.csv","1994","u u n","1","30.17","KNZ","Grassland","Fertilization","Stock"
"KNZ_Biomass_1986-2021_processed.csv","1994","u u c","2","23.855","KNZ","Grassland","Fertilization","Stock"
"KNZ_Biomass_1986-2021_processed.csv","1994","u u p","3","46.375","KNZ","Grassland","Fertilization","Stock"
"KNZ_Biomass_1986-2021_processed.csv","1994","u u n+p","4","54.75","KNZ","Grassland","Fertilization","Stock"
"KNZ_Biomass_1986-2021_processed.csv","1994","u m n","5","48.15","KNZ","Grassland","Fertilization","Stock"
"KNZ_Biomass_1986-2021_processed.csv","1994","u m c","6","43.04","KNZ","Grassland","Fertilization","Stock"
"KNZ_Biomass_1986-2021_processed.csv","1994","u m p","7","55.285","KNZ","Grassland","Fertilization","Stock"
"KNZ_Biomass_1986-2021_processed.csv","1994","u m n+p","8","69.275","KNZ","Grassland","Fertilization","Stock"
"KNZ_Biomass_1986-2021_processed.csv","1994","b m c","9","39.6","KNZ","Grassland","Fertilization","Stock"
"KNZ_Biomass_1986-2021_processed.csv","1994","b m p","10","20.375","KNZ","Grassland","Fertilization","Stock"
"KNZ_Biomass_1986-2021_processed.csv","1994","b m n+p","11","55.46","KNZ","Grassland","Fertilization","Stock"
"KNZ_Biomass_1986-2021_processed.csv","1994","b m n","12","79.055","KNZ","Grassland","Fertilization","Stock"
"KNZ_Biomass_1986-2021_processed.csv","1994","b u c","13","31.045","KNZ","Grassland","Fertilization","Stock"
"KNZ_Biomass_1986-2021_processed.csv","1994","b u p","14","38.305","KNZ","Grassland","Fertilization","Stock"
"KNZ_Biomass_1986-2021_processed.csv","1994","b u n+p","15","94.78","KNZ","Grassland","Fertilization","Stock"
"KNZ_Biomass_1986-2021_processed.csv","1994","b u n","16","64.085","KNZ","Grassland","Fertilization","Stock"
"KNZ_Biomass_1986-2021_processed.csv","1994","u u n+p","17","103.44","KNZ","Grassland","Fertilization","Stock"
"KNZ_Biomass_1986-2021_processed.csv","1994","u u n","18","142.225","KNZ","Grassland","Fertilization","Stock"
"KNZ_Biomass_1986-2021_processed.csv","1994","u u p","19","55.11","KNZ","Grassland","Fertilization","Stock"
"KNZ_Biomass_1986-2021_processed.csv","1994","u u c","20","24.915","KNZ","Grassland","Fertilization","Stock"
"KNZ_Biomass_1986-2021_processed.csv","1994","u m n+p","21","57.235","KNZ","Grassland","Fertilization","Stock"
"KNZ_Biomass_1986-2021_processed.csv","1994","u m n","22","55.73","KNZ","Grassland","Fertilization","Stock"
"KNZ_Biomass_1986-2021_processed.csv","1994","u m p","23","38.55","KNZ","Grassland","Fertilization","Stock"
"KNZ_Biomass_1986-2021_processed.csv","1994","u m c","24","38.16","KNZ","Grassland","Fertilization","Stock"
"KNZ_Biomass_1986-2021_processed.csv","1994","b u c","25","34.1","KNZ","Grassland","Fertilization","Stock"
"KNZ_Biomass_1986-2021_processed.csv","1994","b u n+p","26","134.89","KNZ","Grassland","Fertilization","Stock"
"KNZ_Biomass_1986-2021_processed.csv","1994","b u p","27","41.48","KNZ","Grassland","Fertilization","Stock"
"KNZ_Biomass_1986-2021_processed.csv","1994","b u n","28","82.735","KNZ","Grassland","Fertilization","Stock"
"KNZ_Biomass_1986-2021_processed.csv","1994","b m c","29","39.77","KNZ","Grassland","Fertilization","Stock"
"KNZ_Biomass_1986-2021_processed.csv","1994","b m n+p","30","109.42","KNZ","Grassland","Fertilization","Stock"
"KNZ_Biomass_1986-2021_processed.csv","1994","b m p","31","46.695","KNZ","Grassland","Fertilization","Stock"
"KNZ_Biomass_1986-2021_processed.csv","1994","b m n","32","71.205","KNZ","Grassland","Fertilization","Stock"
"KNZ_Biomass_1986-2021_processed.csv","1994","u m n+p","33","62.92","KNZ","Grassland","Fertilization","Stock"
"KNZ_Biomass_1986-2021_processed.csv","1994","u m c","34","62.595","KNZ","Grassland","Fertilization","Stock"
"KNZ_Biomass_1986-2021_processed.csv","1994","u m p","35","49.825","KNZ","Grassland","Fertilization","Stock"
"KNZ_Biomass_1986-2021_processed.csv","1994","u m n","36","87.97","KNZ","Grassland","Fertilization","Stock"
"KNZ_Biomass_1986-2021_processed.csv","1994","u u n+p","37","106.66","KNZ","Grassland","Fertilization","Stock"
"KNZ_Biomass_1986-2021_processed.csv","1994","u u c","38","37.11","KNZ","Grassland","Fertilization","Stock"
"KNZ_Biomass_1986-2021_processed.csv","1994","u u p","39","47.255","KNZ","Grassland","Fertilization","Stock"
"KNZ_Biomass_1986-2021_processed.csv","1994","u u n","40","55.69","KNZ","Grassland","Fertilization","Stock"
"KNZ_Biomass_1986-2021_processed.csv","1994","b u n","41","88.11","KNZ","Grassland","Fertilization","Stock"
"KNZ_Biomass_1986-2021_processed.csv","1994","b u c","42","67.72","KNZ","Grassland","Fertilization","Stock"
"KNZ_Biomass_1986-2021_processed.csv","1994","b u p","43","50.825","KNZ","Grassland","Fertilization","Stock"
"KNZ_Biomass_1986-2021_processed.csv","1994","b u n+p","44","97.04","KNZ","Grassland","Fertilization","Stock"
"KNZ_Biomass_1986-2021_processed.csv","1994","b m n","45","139.43","KNZ","Grassland","Fertilization","Stock"
"KNZ_Biomass_1986-2021_processed.csv","1994","b m c","46","48.875","KNZ","Grassland","Fertilization","Stock"
"KNZ_Biomass_1986-2021_processed.csv","1994","b m p","47","30.12","KNZ","Grassland","Fertilization","Stock"
"KNZ_Biomass_1986-2021_processed.csv","1994","b m n+p","48","105.035","KNZ","Grassland","Fertilization","Stock"
"KNZ_Biomass_1986-2021_processed.csv","1994","b m n+p","49","72.435","KNZ","Grassland","Fertilization","Stock"
"KNZ_Biomass_1986-2021_processed.csv","1994","b m n","50","74.07","KNZ","Grassland","Fertilization","Stock"
"KNZ_Biomass_1986-2021_processed.csv","1994","b m p","51","49.035","KNZ","Grassland","Fertilization","Stock"
"KNZ_Biomass_1986-2021_processed.csv","1994","b m c","52","40.85","KNZ","Grassland","Fertilization","Stock"
"KNZ_Biomass_1986-2021_processed.csv","1994","b u n+p","53","136.36","KNZ","Grassland","Fertilization","Stock"
"KNZ_Biomass_1986-2021_processed.csv","1994","b u n","54","139.28","KNZ","Grassland","Fertilization","Stock"
"KNZ_Biomass_1986-2021_processed.csv","1994","b u p","55","41.05","KNZ","Grassland","Fertilization","Stock"
"KNZ_Biomass_1986-2021_processed.csv","1994","b u c","56","29.63","KNZ","Grassland","Fertilization","Stock"
"KNZ_Biomass_1986-2021_processed.csv","1994","u u c","57","49.38","KNZ","Grassland","Fertilization","Stock"
"KNZ_Biomass_1986-2021_processed.csv","1994","u u n+p","58","33.4","KNZ","Grassland","Fertilization","Stock"
"KNZ_Biomass_1986-2021_processed.csv","1994","u u p","59","32.53","KNZ","Grassland","Fertilization","Stock"
"KNZ_Biomass_1986-2021_processed.csv","1994","u u n","60","61.085","KNZ","Grassland","Fertilization","Stock"
"KNZ_Biomass_1986-2021_processed.csv","1994","u m c","61","45.255","KNZ","Grassland","Fertilization","Stock"
"KNZ_Biomass_1986-2021_processed.csv","1994","u m n+p","62","64.725","KNZ","Grassland","Fertilization","Stock"
"KNZ_Biomass_1986-2021_processed.csv","1994","u m p","63","40.61","KNZ","Grassland","Fertilization","Stock"
"KNZ_Biomass_1986-2021_processed.csv","1994","u m n","64","60.935","KNZ","Grassland","Fertilization","Stock"
"KNZ_Biomass_1986-2021_processed.csv","1995","u u n","1","48.13","KNZ","Grassland","Fertilization","Stock"
"KNZ_Biomass_1986-2021_processed.csv","1995","u u c","2","23.06","KNZ","Grassland","Fertilization","Stock"
"KNZ_Biomass_1986-2021_processed.csv","1995","u u p","3","49.805","KNZ","Grassland","Fertilization","Stock"
"KNZ_Biomass_1986-2021_processed.csv","1995","u u n+p","4","51.795","KNZ","Grassland","Fertilization","Stock"
"KNZ_Biomass_1986-2021_processed.csv","1995","u m n","5","50.54","KNZ","Grassland","Fertilization","Stock"
"KNZ_Biomass_1986-2021_processed.csv","1995","u m c","6","51.185","KNZ","Grassland","Fertilization","Stock"
"KNZ_Biomass_1986-2021_processed.csv","1995","u m p","7","52.475","KNZ","Grassland","Fertilization","Stock"
"KNZ_Biomass_1986-2021_processed.csv","1995","u m n+p","8","81.51","KNZ","Grassland","Fertilization","Stock"
"KNZ_Biomass_1986-2021_processed.csv","1995","b m c","9","53.19","KNZ","Grassland","Fertilization","Stock"
"KNZ_Biomass_1986-2021_processed.csv","1995","b m p","10","37.865","KNZ","Grassland","Fertilization","Stock"
"KNZ_Biomass_1986-2021_processed.csv","1995","b m n+p","11","98.48","KNZ","Grassland","Fertilization","Stock"
"KNZ_Biomass_1986-2021_processed.csv","1995","b m n","12","66.31","KNZ","Grassland","Fertilization","Stock"
"KNZ_Biomass_1986-2021_processed.csv","1995","b u c","13","34.25","KNZ","Grassland","Fertilization","Stock"
"KNZ_Biomass_1986-2021_processed.csv","1995","b u p","14","44.06","KNZ","Grassland","Fertilization","Stock"
"KNZ_Biomass_1986-2021_processed.csv","1995","b u n+p","15","220.3","KNZ","Grassland","Fertilization","Stock"
"KNZ_Biomass_1986-2021_processed.csv","1995","b u n","16","118.3","KNZ","Grassland","Fertilization","Stock"
"KNZ_Biomass_1986-2021_processed.csv","1995","u u n+p","17","42.325","KNZ","Grassland","Fertilization","Stock"
"KNZ_Biomass_1986-2021_processed.csv","1995","u u n","18","47.445","KNZ","Grassland","Fertilization","Stock"
"KNZ_Biomass_1986-2021_processed.csv","1995","u u p","19","34.52","KNZ","Grassland","Fertilization","Stock"
"KNZ_Biomass_1986-2021_processed.csv","1995","u u c","20","45.465","KNZ","Grassland","Fertilization","Stock"
"KNZ_Biomass_1986-2021_processed.csv","1995","u m n+p","21","73.71","KNZ","Grassland","Fertilization","Stock"
"KNZ_Biomass_1986-2021_processed.csv","1995","u m n","22","71.78","KNZ","Grassland","Fertilization","Stock"
"KNZ_Biomass_1986-2021_processed.csv","1995","u m p","23","41.585","KNZ","Grassland","Fertilization","Stock"
"KNZ_Biomass_1986-2021_processed.csv","1995","u m c","24","53.43","KNZ","Grassland","Fertilization","Stock"
"KNZ_Biomass_1986-2021_processed.csv","1995","b u c","25","40.76","KNZ","Grassland","Fertilization","Stock"
"KNZ_Biomass_1986-2021_processed.csv","1995","b u n+p","26","182.18","KNZ","Grassland","Fertilization","Stock"
"KNZ_Biomass_1986-2021_processed.csv","1995","b u p","27","56.27","KNZ","Grassland","Fertilization","Stock"
"KNZ_Biomass_1986-2021_processed.csv","1995","b u n","28","110.12","KNZ","Grassland","Fertilization","Stock"
"KNZ_Biomass_1986-2021_processed.csv","1995","b m c","29","48.605","KNZ","Grassland","Fertilization","Stock"
"KNZ_Biomass_1986-2021_processed.csv","1995","b m n+p","30","98.31","KNZ","Grassland","Fertilization","Stock"
"KNZ_Biomass_1986-2021_processed.csv","1995","b m p","31","44.64","KNZ","Grassland","Fertilization","Stock"
"KNZ_Biomass_1986-2021_processed.csv","1995","b m n","32","120.28","KNZ","Grassland","Fertilization","Stock"
"KNZ_Biomass_1986-2021_processed.csv","1995","u m n+p","33","52.185","KNZ","Grassland","Fertilization","Stock"
"KNZ_Biomass_1986-2021_processed.csv","1995","u m c","34","47.82","KNZ","Grassland","Fertilization","Stock"
"KNZ_Biomass_1986-2021_processed.csv","1995","u m p","35","61.265","KNZ","Grassland","Fertilization","Stock"
"KNZ_Biomass_1986-2021_processed.csv","1995","u m n","36","112.37","KNZ","Grassland","Fertilization","Stock"
"KNZ_Biomass_1986-2021_processed.csv","1995","u u n+p","37","72.565","KNZ","Grassland","Fertilization","Stock"
"KNZ_Biomass_1986-2021_processed.csv","1995","u u c","38","29.93","KNZ","Grassland","Fertilization","Stock"
"KNZ_Biomass_1986-2021_processed.csv","1995","u u p","39","35.01","KNZ","Grassland","Fertilization","Stock"
"KNZ_Biomass_1986-2021_processed.csv","1995","u u n","40","119.275","KNZ","Grassland","Fertilization","Stock"
"KNZ_Biomass_1986-2021_processed.csv","1995","b u n","41","106.025","KNZ","Grassland","Fertilization","Stock"
"KNZ_Biomass_1986-2021_processed.csv","1995","b u c","42","50.315","KNZ","Grassland","Fertilization","Stock"
"KNZ_Biomass_1986-2021_processed.csv","1995","b u p","43","39.665","KNZ","Grassland","Fertilization","Stock"
"KNZ_Biomass_1986-2021_processed.csv","1995","b u n+p","44","156.045","KNZ","Grassland","Fertilization","Stock"
"KNZ_Biomass_1986-2021_processed.csv","1995","b m n","45","93.285","KNZ","Grassland","Fertilization","Stock"
"KNZ_Biomass_1986-2021_processed.csv","1995","b m c","46","51.525","KNZ","Grassland","Fertilization","Stock"
"KNZ_Biomass_1986-2021_processed.csv","1995","b m p","47","51.93","KNZ","Grassland","Fertilization","Stock"
"KNZ_Biomass_1986-2021_processed.csv","1995","b m n+p","48","114.885","KNZ","Grassland","Fertilization","Stock"
"KNZ_Biomass_1986-2021_processed.csv","1995","b m n+p","49","92.055","KNZ","Grassland","Fertilization","Stock"
"KNZ_Biomass_1986-2021_processed.csv","1995","b m n","50","87.15","KNZ","Grassland","Fertilization","Stock"
"KNZ_Biomass_1986-2021_processed.csv","1995","b m p","51","38.58","KNZ","Grassland","Fertilization","Stock"
"KNZ_Biomass_1986-2021_processed.csv","1995","b m c","52","63.75","KNZ","Grassland","Fertilization","Stock"
"KNZ_Biomass_1986-2021_processed.csv","1995","b u n+p","53","143.1","KNZ","Grassland","Fertilization","Stock"
"KNZ_Biomass_1986-2021_processed.csv","1995","b u n","54","163.07","KNZ","Grassland","Fertilization","Stock"
"KNZ_Biomass_1986-2021_processed.csv","1995","b u p","55","33.065","KNZ","Grassland","Fertilization","Stock"
"KNZ_Biomass_1986-2021_processed.csv","1995","b u c","56","57.37","KNZ","Grassland","Fertilization","Stock"
"KNZ_Biomass_1986-2021_processed.csv","1995","u u c","57","39.855","KNZ","Grassland","Fertilization","Stock"
"KNZ_Biomass_1986-2021_processed.csv","1995","u u n+p","58","94.83","KNZ","Grassland","Fertilization","Stock"
"KNZ_Biomass_1986-2021_processed.csv","1995","u u p","59","37.815","KNZ","Grassland","Fertilization","Stock"
"KNZ_Biomass_1986-2021_processed.csv","1995","u u n","60","33.605","KNZ","Grassland","Fertilization","Stock"
"KNZ_Biomass_1986-2021_processed.csv","1995","u m c","61","44.1","KNZ","Grassland","Fertilization","Stock"
"KNZ_Biomass_1986-2021_processed.csv","1995","u m n+p","62","79.44","KNZ","Grassland","Fertilization","Stock"
"KNZ_Biomass_1986-2021_processed.csv","1995","u m p","63","41.645","KNZ","Grassland","Fertilization","Stock"
"KNZ_Biomass_1986-2021_processed.csv","1995","u m n","64","58.115","KNZ","Grassland","Fertilization","Stock"
"KNZ_Biomass_1986-2021_processed.csv","1996","u u n","1","54.33","KNZ","Grassland","Fertilization","Stock"
"KNZ_Biomass_1986-2021_processed.csv","1996","u u c","2","22.52","KNZ","Grassland","Fertilization","Stock"
"KNZ_Biomass_1986-2021_processed.csv","1996","u u p","3","73.32","KNZ","Grassland","Fertilization","Stock"
"KNZ_Biomass_1986-2021_processed.csv","1996","u u n+p","4","56.205","KNZ","Grassland","Fertilization","Stock"
"KNZ_Biomass_1986-2021_processed.csv","1996","u m n","5","39.415","KNZ","Grassland","Fertilization","Stock"
"KNZ_Biomass_1986-2021_processed.csv","1996","u m c","6","35.625","KNZ","Grassland","Fertilization","Stock"
"KNZ_Biomass_1986-2021_processed.csv","1996","u m p","7","42.21","KNZ","Grassland","Fertilization","Stock"
"KNZ_Biomass_1986-2021_processed.csv","1996","u m n+p","8","75.14","KNZ","Grassland","Fertilization","Stock"
"KNZ_Biomass_1986-2021_processed.csv","1996","b m c","9","32.59","KNZ","Grassland","Fertilization","Stock"
"KNZ_Biomass_1986-2021_processed.csv","1996","b m p","10","30.78","KNZ","Grassland","Fertilization","Stock"
"KNZ_Biomass_1986-2021_processed.csv","1996","b m n+p","11","87.685","KNZ","Grassland","Fertilization","Stock"
"KNZ_Biomass_1986-2021_processed.csv","1996","b m n","12","87.06","KNZ","Grassland","Fertilization","Stock"
"KNZ_Biomass_1986-2021_processed.csv","1996","b u c","13","29.87","KNZ","Grassland","Fertilization","Stock"
"KNZ_Biomass_1986-2021_processed.csv","1996","b u p","14","42.85","KNZ","Grassland","Fertilization","Stock"
"KNZ_Biomass_1986-2021_processed.csv","1996","b u n+p","15","123.865","KNZ","Grassland","Fertilization","Stock"
"KNZ_Biomass_1986-2021_processed.csv","1996","b u n","16","81.62","KNZ","Grassland","Fertilization","Stock"
"KNZ_Biomass_1986-2021_processed.csv","1996","u u n+p","17","105.125","KNZ","Grassland","Fertilization","Stock"
"KNZ_Biomass_1986-2021_processed.csv","1996","u u n","18","28.765","KNZ","Grassland","Fertilization","Stock"
"KNZ_Biomass_1986-2021_processed.csv","1996","u u p","19","30.88","KNZ","Grassland","Fertilization","Stock"
"KNZ_Biomass_1986-2021_processed.csv","1996","u u c","20","26.86","KNZ","Grassland","Fertilization","Stock"
"KNZ_Biomass_1986-2021_processed.csv","1996","u m n+p","21","75.9","KNZ","Grassland","Fertilization","Stock"
"KNZ_Biomass_1986-2021_processed.csv","1996","u m n","22","57.515","KNZ","Grassland","Fertilization","Stock"
"KNZ_Biomass_1986-2021_processed.csv","1996","u m p","23","49.43","KNZ","Grassland","Fertilization","Stock"
"KNZ_Biomass_1986-2021_processed.csv","1996","u m c","24","44.72","KNZ","Grassland","Fertilization","Stock"
"KNZ_Biomass_1986-2021_processed.csv","1996","b u c","25","46.15","KNZ","Grassland","Fertilization","Stock"
"KNZ_Biomass_1986-2021_processed.csv","1996","b u n+p","26","136.145","KNZ","Grassland","Fertilization","Stock"
"KNZ_Biomass_1986-2021_processed.csv","1996","b u p","27","31.75","KNZ","Grassland","Fertilization","Stock"
"KNZ_Biomass_1986-2021_processed.csv","1996","b u n","28","116.425","KNZ","Grassland","Fertilization","Stock"
"KNZ_Biomass_1986-2021_processed.csv","1996","b m c","29","61.485","KNZ","Grassland","Fertilization","Stock"
"KNZ_Biomass_1986-2021_processed.csv","1996","b m n+p","30","78.48","KNZ","Grassland","Fertilization","Stock"
"KNZ_Biomass_1986-2021_processed.csv","1996","b m p","31","78.605","KNZ","Grassland","Fertilization","Stock"
"KNZ_Biomass_1986-2021_processed.csv","1996","b m n","32","95.85","KNZ","Grassland","Fertilization","Stock"
"KNZ_Biomass_1986-2021_processed.csv","1996","u m n+p","33","90.945","KNZ","Grassland","Fertilization","Stock"
"KNZ_Biomass_1986-2021_processed.csv","1996","u m c","34","40.26","KNZ","Grassland","Fertilization","Stock"
"KNZ_Biomass_1986-2021_processed.csv","1996","u m p","35","44.34","KNZ","Grassland","Fertilization","Stock"
"KNZ_Biomass_1986-2021_processed.csv","1996","u m n","36","134.125","KNZ","Grassland","Fertilization","Stock"
"KNZ_Biomass_1986-2021_processed.csv","1996","u u n+p","37","61.015","KNZ","Grassland","Fertilization","Stock"
"KNZ_Biomass_1986-2021_processed.csv","1996","u u c","38","55.89","KNZ","Grassland","Fertilization","Stock"
"KNZ_Biomass_1986-2021_processed.csv","1996","u u p","39","12.97","KNZ","Grassland","Fertilization","Stock"
"KNZ_Biomass_1986-2021_processed.csv","1996","u u n","40","89.49","KNZ","Grassland","Fertilization","Stock"
"KNZ_Biomass_1986-2021_processed.csv","1996","b u n","41","110.235","KNZ","Grassland","Fertilization","Stock"
"KNZ_Biomass_1986-2021_processed.csv","1996","b u c","42","50.765","KNZ","Grassland","Fertilization","Stock"
"KNZ_Biomass_1986-2021_processed.csv","1996","b u p","43","39.575","KNZ","Grassland","Fertilization","Stock"
"KNZ_Biomass_1986-2021_processed.csv","1996","b u n+p","44","117.52","KNZ","Grassland","Fertilization","Stock"
"KNZ_Biomass_1986-2021_processed.csv","1996","b m n","45","62.97","KNZ","Grassland","Fertilization","Stock"
"KNZ_Biomass_1986-2021_processed.csv","1996","b m c","46","48","KNZ","Grassland","Fertilization","Stock"
"KNZ_Biomass_1986-2021_processed.csv","1996","b m p","47","51.41","KNZ","Grassland","Fertilization","Stock"
"KNZ_Biomass_1986-2021_processed.csv","1996","b m n+p","48","119.645","KNZ","Grassland","Fertilization","Stock"
"KNZ_Biomass_1986-2021_processed.csv","1996","b m n+p","49","98.525","KNZ","Grassland","Fertilization","Stock"
"KNZ_Biomass_1986-2021_processed.csv","1996","b m n","50","75.04","KNZ","Grassland","Fertilization","Stock"
"KNZ_Biomass_1986-2021_processed.csv","1996","b m p","51","77.325","KNZ","Grassland","Fertilization","Stock"
"KNZ_Biomass_1986-2021_processed.csv","1996","b m c","52","34.59","KNZ","Grassland","Fertilization","Stock"
"KNZ_Biomass_1986-2021_processed.csv","1996","b u n+p","53","106.19","KNZ","Grassland","Fertilization","Stock"
"KNZ_Biomass_1986-2021_processed.csv","1996","b u n","54","130.605","KNZ","Grassland","Fertilization","Stock"
"KNZ_Biomass_1986-2021_processed.csv","1996","b u p","55","51.34","KNZ","Grassland","Fertilization","Stock"
"KNZ_Biomass_1986-2021_processed.csv","1996","b u c","56","52.445","KNZ","Grassland","Fertilization","Stock"
"KNZ_Biomass_1986-2021_processed.csv","1996","u u c","57","51.77","KNZ","Grassland","Fertilization","Stock"
"KNZ_Biomass_1986-2021_processed.csv","1996","u u n+p","58","77.25","KNZ","Grassland","Fertilization","Stock"
"KNZ_Biomass_1986-2021_processed.csv","1996","u u p","59","31.145","KNZ","Grassland","Fertilization","Stock"
"KNZ_Biomass_1986-2021_processed.csv","1996","u u n","60","47.815","KNZ","Grassland","Fertilization","Stock"
"KNZ_Biomass_1986-2021_processed.csv","1996","u m c","61","44.915","KNZ","Grassland","Fertilization","Stock"
"KNZ_Biomass_1986-2021_processed.csv","1996","u m n+p","62","70.89","KNZ","Grassland","Fertilization","Stock"
"KNZ_Biomass_1986-2021_processed.csv","1996","u m p","63","54.85","KNZ","Grassland","Fertilization","Stock"
"KNZ_Biomass_1986-2021_processed.csv","1996","u m n","64","77.24","KNZ","Grassland","Fertilization","Stock"
"KNZ_Biomass_1986-2021_processed.csv","1997","u u n","1","23.255","KNZ","Grassland","Fertilization","Stock"
"KNZ_Biomass_1986-2021_processed.csv","1997","u u c","2","25.295","KNZ","Grassland","Fertilization","Stock"
"KNZ_Biomass_1986-2021_processed.csv","1997","u u p","3","36.89","KNZ","Grassland","Fertilization","Stock"
"KNZ_Biomass_1986-2021_processed.csv","1997","u u n+p","4","41.995","KNZ","Grassland","Fertilization","Stock"
"KNZ_Biomass_1986-2021_processed.csv","1997","u m n","5","55.14","KNZ","Grassland","Fertilization","Stock"
"KNZ_Biomass_1986-2021_processed.csv","1997","u m c","6","37.895","KNZ","Grassland","Fertilization","Stock"
"KNZ_Biomass_1986-2021_processed.csv","1997","u m p","7","56.555","KNZ","Grassland","Fertilization","Stock"
"KNZ_Biomass_1986-2021_processed.csv","1997","u m n+p","8","89.1","KNZ","Grassland","Fertilization","Stock"
"KNZ_Biomass_1986-2021_processed.csv","1997","b m c","9","45.745","KNZ","Grassland","Fertilization","Stock"
"KNZ_Biomass_1986-2021_processed.csv","1997","b m p","10","33.33","KNZ","Grassland","Fertilization","Stock"
"KNZ_Biomass_1986-2021_processed.csv","1997","b m n+p","11","103.565","KNZ","Grassland","Fertilization","Stock"
"KNZ_Biomass_1986-2021_processed.csv","1997","b m n","12","139.205","KNZ","Grassland","Fertilization","Stock"
"KNZ_Biomass_1986-2021_processed.csv","1997","b u c","13","66.065","KNZ","Grassland","Fertilization","Stock"
"KNZ_Biomass_1986-2021_processed.csv","1997","b u p","14","32.67","KNZ","Grassland","Fertilization","Stock"
"KNZ_Biomass_1986-2021_processed.csv","1997","b u n+p","15","39.38","KNZ","Grassland","Fertilization","Stock"
"KNZ_Biomass_1986-2021_processed.csv","1997","b u n","16","78.66","KNZ","Grassland","Fertilization","Stock"
"KNZ_Biomass_1986-2021_processed.csv","1997","u u n+p","17","124.37","KNZ","Grassland","Fertilization","Stock"
"KNZ_Biomass_1986-2021_processed.csv","1997","u u n","18","42.08","KNZ","Grassland","Fertilization","Stock"
"KNZ_Biomass_1986-2021_processed.csv","1997","u u p","19","29.235","KNZ","Grassland","Fertilization","Stock"
"KNZ_Biomass_1986-2021_processed.csv","1997","u u c","20","33.065","KNZ","Grassland","Fertilization","Stock"
"KNZ_Biomass_1986-2021_processed.csv","1997","u m n+p","21","85.3","KNZ","Grassland","Fertilization","Stock"
"KNZ_Biomass_1986-2021_processed.csv","1997","u m n","22","64.225","KNZ","Grassland","Fertilization","Stock"
"KNZ_Biomass_1986-2021_processed.csv","1997","u m p","23","44.615","KNZ","Grassland","Fertilization","Stock"
"KNZ_Biomass_1986-2021_processed.csv","1997","u m c","24","49.885","KNZ","Grassland","Fertilization","Stock"
"KNZ_Biomass_1986-2021_processed.csv","1997","b u c","25","32.77","KNZ","Grassland","Fertilization","Stock"
"KNZ_Biomass_1986-2021_processed.csv","1997","b u n+p","26","111.185","KNZ","Grassland","Fertilization","Stock"
"KNZ_Biomass_1986-2021_processed.csv","1997","b u p","27","28.765","KNZ","Grassland","Fertilization","Stock"
"KNZ_Biomass_1986-2021_processed.csv","1997","b u n","28","61.245","KNZ","Grassland","Fertilization","Stock"
"KNZ_Biomass_1986-2021_processed.csv","1997","b m c","29","57.485","KNZ","Grassland","Fertilization","Stock"
"KNZ_Biomass_1986-2021_processed.csv","1997","b m n+p","30","64.57","KNZ","Grassland","Fertilization","Stock"
"KNZ_Biomass_1986-2021_processed.csv","1997","b m p","31","64.195","KNZ","Grassland","Fertilization","Stock"
"KNZ_Biomass_1986-2021_processed.csv","1997","b m n","32","101.595","KNZ","Grassland","Fertilization","Stock"
"KNZ_Biomass_1986-2021_processed.csv","1997","u m n+p","33","67.52","KNZ","Grassland","Fertilization","Stock"
"KNZ_Biomass_1986-2021_processed.csv","1997","u m c","34","43.575","KNZ","Grassland","Fertilization","Stock"
"KNZ_Biomass_1986-2021_processed.csv","1997","u m p","35","42.065","KNZ","Grassland","Fertilization","Stock"
"KNZ_Biomass_1986-2021_processed.csv","1997","u m n","36","123.93","KNZ","Grassland","Fertilization","Stock"
"KNZ_Biomass_1986-2021_processed.csv","1997","u u n+p","37","48.67","KNZ","Grassland","Fertilization","Stock"
"KNZ_Biomass_1986-2021_processed.csv","1997","u u c","38","34.74","KNZ","Grassland","Fertilization","Stock"
"KNZ_Biomass_1986-2021_processed.csv","1997","u u p","39","42.805","KNZ","Grassland","Fertilization","Stock"
"KNZ_Biomass_1986-2021_processed.csv","1997","u u n","40","31.05","KNZ","Grassland","Fertilization","Stock"
"KNZ_Biomass_1986-2021_processed.csv","1997","b u n","41","79.99","KNZ","Grassland","Fertilization","Stock"
"KNZ_Biomass_1986-2021_processed.csv","1997","b u c","42","39.39","KNZ","Grassland","Fertilization","Stock"
"KNZ_Biomass_1986-2021_processed.csv","1997","b u p","43","27.015","KNZ","Grassland","Fertilization","Stock"
"KNZ_Biomass_1986-2021_processed.csv","1997","b u n+p","44","58.555","KNZ","Grassland","Fertilization","Stock"
"KNZ_Biomass_1986-2021_processed.csv","1997","b m n","45","114.61","KNZ","Grassland","Fertilization","Stock"
"KNZ_Biomass_1986-2021_processed.csv","1997","b m c","46","42.865","KNZ","Grassland","Fertilization","Stock"
"KNZ_Biomass_1986-2021_processed.csv","1997","b m p","47","60.075","KNZ","Grassland","Fertilization","Stock"
"KNZ_Biomass_1986-2021_processed.csv","1997","b m n+p","48","155.285","KNZ","Grassland","Fertilization","Stock"
"KNZ_Biomass_1986-2021_processed.csv","1997","b m n+p","49","90.215","KNZ","Grassland","Fertilization","Stock"
"KNZ_Biomass_1986-2021_processed.csv","1997","b m n","50","82.09","KNZ","Grassland","Fertilization","Stock"
"KNZ_Biomass_1986-2021_processed.csv","1997","b m p","51","39.235","KNZ","Grassland","Fertilization","Stock"
"KNZ_Biomass_1986-2021_processed.csv","1997","b m c","52","66.75","KNZ","Grassland","Fertilization","Stock"
"KNZ_Biomass_1986-2021_processed.csv","1997","b u n+p","53","73.54","KNZ","Grassland","Fertilization","Stock"
"KNZ_Biomass_1986-2021_processed.csv","1997","b u n","54","104.35","KNZ","Grassland","Fertilization","Stock"
"KNZ_Biomass_1986-2021_processed.csv","1997","b u p","55","30.38","KNZ","Grassland","Fertilization","Stock"
"KNZ_Biomass_1986-2021_processed.csv","1997","b u c","56","28.4","KNZ","Grassland","Fertilization","Stock"
"KNZ_Biomass_1986-2021_processed.csv","1997","u u c","57","44.285","KNZ","Grassland","Fertilization","Stock"
"KNZ_Biomass_1986-2021_processed.csv","1997","u u n+p","58","77.425","KNZ","Grassland","Fertilization","Stock"
"KNZ_Biomass_1986-2021_processed.csv","1997","u u p","59","26.21","KNZ","Grassland","Fertilization","Stock"
"KNZ_Biomass_1986-2021_processed.csv","1997","u u n","60","43.78","KNZ","Grassland","Fertilization","Stock"
"KNZ_Biomass_1986-2021_processed.csv","1997","u m c","61","38.84","KNZ","Grassland","Fertilization","Stock"
"KNZ_Biomass_1986-2021_processed.csv","1997","u m n+p","62","65.125","KNZ","Grassland","Fertilization","Stock"
"KNZ_Biomass_1986-2021_processed.csv","1997","u m p","63","40.365","KNZ","Grassland","Fertilization","Stock"
"KNZ_Biomass_1986-2021_processed.csv","1997","u m n","64","69.53","KNZ","Grassland","Fertilization","Stock"
"KNZ_Biomass_1986-2021_processed.csv","1998","u u n","1","45.485","KNZ","Grassland","Fertilization","Stock"
"KNZ_Biomass_1986-2021_processed.csv","1998","u u c","2","22.505","KNZ","Grassland","Fertilization","Stock"
"KNZ_Biomass_1986-2021_processed.csv","1998","u u p","3","33.325","KNZ","Grassland","Fertilization","Stock"
"KNZ_Biomass_1986-2021_processed.csv","1998","u u n+p","4","18.015","KNZ","Grassland","Fertilization","Stock"
"KNZ_Biomass_1986-2021_processed.csv","1998","u m n","5","46.71","KNZ","Grassland","Fertilization","Stock"
"KNZ_Biomass_1986-2021_processed.csv","1998","u m c","6","40.455","KNZ","Grassland","Fertilization","Stock"
"KNZ_Biomass_1986-2021_processed.csv","1998","u m p","7","53.315","KNZ","Grassland","Fertilization","Stock"
"KNZ_Biomass_1986-2021_processed.csv","1998","u m n+p","8","85.16","KNZ","Grassland","Fertilization","Stock"
"KNZ_Biomass_1986-2021_processed.csv","1998","b m c","9","30.595","KNZ","Grassland","Fertilization","Stock"
"KNZ_Biomass_1986-2021_processed.csv","1998","b m p","10","48.335","KNZ","Grassland","Fertilization","Stock"
"KNZ_Biomass_1986-2021_processed.csv","1998","b m n+p","11","119.425","KNZ","Grassland","Fertilization","Stock"
"KNZ_Biomass_1986-2021_processed.csv","1998","b m n","12","108.41","KNZ","Grassland","Fertilization","Stock"
"KNZ_Biomass_1986-2021_processed.csv","1998","b u c","13","51.14","KNZ","Grassland","Fertilization","Stock"
"KNZ_Biomass_1986-2021_processed.csv","1998","b u p","14","30.34","KNZ","Grassland","Fertilization","Stock"
"KNZ_Biomass_1986-2021_processed.csv","1998","b u n+p","15","69.26","KNZ","Grassland","Fertilization","Stock"
"KNZ_Biomass_1986-2021_processed.csv","1998","b u n","16","86.75","KNZ","Grassland","Fertilization","Stock"
"KNZ_Biomass_1986-2021_processed.csv","1998","u u n+p","17","37.32","KNZ","Grassland","Fertilization","Stock"
"KNZ_Biomass_1986-2021_processed.csv","1998","u u n","18","60.18","KNZ","Grassland","Fertilization","Stock"
"KNZ_Biomass_1986-2021_processed.csv","1998","u u p","19","22.865","KNZ","Grassland","Fertilization","Stock"
"KNZ_Biomass_1986-2021_processed.csv","1998","u u c","20","41","KNZ","Grassland","Fertilization","Stock"
"KNZ_Biomass_1986-2021_processed.csv","1998","u m n+p","21","59.235","KNZ","Grassland","Fertilization","Stock"
"KNZ_Biomass_1986-2021_processed.csv","1998","u m n","22","54.785","KNZ","Grassland","Fertilization","Stock"
"KNZ_Biomass_1986-2021_processed.csv","1998","u m p","23","52.24","KNZ","Grassland","Fertilization","Stock"
"KNZ_Biomass_1986-2021_processed.csv","1998","u m c","24","44.605","KNZ","Grassland","Fertilization","Stock"
"KNZ_Biomass_1986-2021_processed.csv","1998","b u c","25","40.59","KNZ","Grassland","Fertilization","Stock"
"KNZ_Biomass_1986-2021_processed.csv","1998","b u n+p","26","91.33","KNZ","Grassland","Fertilization","Stock"
"KNZ_Biomass_1986-2021_processed.csv","1998","b u p","27","56.52","KNZ","Grassland","Fertilization","Stock"
"KNZ_Biomass_1986-2021_processed.csv","1998","b u n","28","129.485","KNZ","Grassland","Fertilization","Stock"
"KNZ_Biomass_1986-2021_processed.csv","1998","b m c","29","50","KNZ","Grassland","Fertilization","Stock"
"KNZ_Biomass_1986-2021_processed.csv","1998","b m n+p","30","95.03","KNZ","Grassland","Fertilization","Stock"
"KNZ_Biomass_1986-2021_processed.csv","1998","b m p","31","62.32","KNZ","Grassland","Fertilization","Stock"
"KNZ_Biomass_1986-2021_processed.csv","1998","b m n","32","133.705","KNZ","Grassland","Fertilization","Stock"
"KNZ_Biomass_1986-2021_processed.csv","1998","u m n+p","33","73.64","KNZ","Grassland","Fertilization","Stock"
"KNZ_Biomass_1986-2021_processed.csv","1998","u m c","34","61.605","KNZ","Grassland","Fertilization","Stock"
"KNZ_Biomass_1986-2021_processed.csv","1998","u m p","35","47.37","KNZ","Grassland","Fertilization","Stock"
"KNZ_Biomass_1986-2021_processed.csv","1998","u m n","36","126.455","KNZ","Grassland","Fertilization","Stock"
"KNZ_Biomass_1986-2021_processed.csv","1998","u u n+p","37","28.865","KNZ","Grassland","Fertilization","Stock"
"KNZ_Biomass_1986-2021_processed.csv","1998","u u c","38","45.12","KNZ","Grassland","Fertilization","Stock"
"KNZ_Biomass_1986-2021_processed.csv","1998","u u p","39","36.865","KNZ","Grassland","Fertilization","Stock"
"KNZ_Biomass_1986-2021_processed.csv","1998","u u n","40","18.5","KNZ","Grassland","Fertilization","Stock"
"KNZ_Biomass_1986-2021_processed.csv","1998","b u n","41","128.23","KNZ","Grassland","Fertilization","Stock"
"KNZ_Biomass_1986-2021_processed.csv","1998","b u c","42","33.8","KNZ","Grassland","Fertilization","Stock"
"KNZ_Biomass_1986-2021_processed.csv","1998","b u p","43","39.325","KNZ","Grassland","Fertilization","Stock"
"KNZ_Biomass_1986-2021_processed.csv","1998","b u n+p","44","87.16","KNZ","Grassland","Fertilization","Stock"
"KNZ_Biomass_1986-2021_processed.csv","1998","b m n","45","106.775","KNZ","Grassland","Fertilization","Stock"
"KNZ_Biomass_1986-2021_processed.csv","1998","b m c","46","49","KNZ","Grassland","Fertilization","Stock"
"KNZ_Biomass_1986-2021_processed.csv","1998","b m p","47","64.185","KNZ","Grassland","Fertilization","Stock"
"KNZ_Biomass_1986-2021_processed.csv","1998","b m n+p","48","129.44","KNZ","Grassland","Fertilization","Stock"
"KNZ_Biomass_1986-2021_processed.csv","1998","b m n+p","49","97.38","KNZ","Grassland","Fertilization","Stock"
"KNZ_Biomass_1986-2021_processed.csv","1998","b m n","50","86.88","KNZ","Grassland","Fertilization","Stock"
"KNZ_Biomass_1986-2021_processed.csv","1998","b m p","51","48.19","KNZ","Grassland","Fertilization","Stock"
"KNZ_Biomass_1986-2021_processed.csv","1998","b m c","52","69.355","KNZ","Grassland","Fertilization","Stock"
"KNZ_Biomass_1986-2021_processed.csv","1998","b u n+p","53","79.725","KNZ","Grassland","Fertilization","Stock"
"KNZ_Biomass_1986-2021_processed.csv","1998","b u n","54","134.145","KNZ","Grassland","Fertilization","Stock"
"KNZ_Biomass_1986-2021_processed.csv","1998","b u p","55","44.225","KNZ","Grassland","Fertilization","Stock"
"KNZ_Biomass_1986-2021_processed.csv","1998","b u c","56","44.17","KNZ","Grassland","Fertilization","Stock"
"KNZ_Biomass_1986-2021_processed.csv","1998","u u c","57","25.785","KNZ","Grassland","Fertilization","Stock"
"KNZ_Biomass_1986-2021_processed.csv","1998","u u n+p","58","43.44","KNZ","Grassland","Fertilization","Stock"
"KNZ_Biomass_1986-2021_processed.csv","1998","u u p","59","30.765","KNZ","Grassland","Fertilization","Stock"
"KNZ_Biomass_1986-2021_processed.csv","1998","u u n","60","84.755","KNZ","Grassland","Fertilization","Stock"
"KNZ_Biomass_1986-2021_processed.csv","1998","u m c","61","47.1","KNZ","Grassland","Fertilization","Stock"
"KNZ_Biomass_1986-2021_processed.csv","1998","u m n+p","62","58.6","KNZ","Grassland","Fertilization","Stock"
"KNZ_Biomass_1986-2021_processed.csv","1998","u m p","63","59.06","KNZ","Grassland","Fertilization","Stock"
"KNZ_Biomass_1986-2021_processed.csv","1998","u m n","64","67.21","KNZ","Grassland","Fertilization","Stock"
"KNZ_Biomass_1986-2021_processed.csv","1999","u u n","1","34.05","KNZ","Grassland","Fertilization","Stock"
"KNZ_Biomass_1986-2021_processed.csv","1999","u u c","2","30.25","KNZ","Grassland","Fertilization","Stock"
"KNZ_Biomass_1986-2021_processed.csv","1999","u u p","3","22.47","KNZ","Grassland","Fertilization","Stock"
"KNZ_Biomass_1986-2021_processed.csv","1999","u u n+p","4","33.755","KNZ","Grassland","Fertilization","Stock"
"KNZ_Biomass_1986-2021_processed.csv","1999","u m n","5","56.89","KNZ","Grassland","Fertilization","Stock"
"KNZ_Biomass_1986-2021_processed.csv","1999","u m c","6","38.265","KNZ","Grassland","Fertilization","Stock"
"KNZ_Biomass_1986-2021_processed.csv","1999","u m p","7","55.865","KNZ","Grassland","Fertilization","Stock"
"KNZ_Biomass_1986-2021_processed.csv","1999","u m n+p","8","70.92","KNZ","Grassland","Fertilization","Stock"
"KNZ_Biomass_1986-2021_processed.csv","1999","b m c","9","56.005","KNZ","Grassland","Fertilization","Stock"
"KNZ_Biomass_1986-2021_processed.csv","1999","b m p","10","43.42","KNZ","Grassland","Fertilization","Stock"
"KNZ_Biomass_1986-2021_processed.csv","1999","b m n+p","11","108.67","KNZ","Grassland","Fertilization","Stock"
"KNZ_Biomass_1986-2021_processed.csv","1999","b m n","12","98.255","KNZ","Grassland","Fertilization","Stock"
"KNZ_Biomass_1986-2021_processed.csv","1999","b u c","13","33.35","KNZ","Grassland","Fertilization","Stock"
"KNZ_Biomass_1986-2021_processed.csv","1999","b u p","14","37.155","KNZ","Grassland","Fertilization","Stock"
"KNZ_Biomass_1986-2021_processed.csv","1999","b u n+p","15","78.375","KNZ","Grassland","Fertilization","Stock"
"KNZ_Biomass_1986-2021_processed.csv","1999","b u n","16","93.425","KNZ","Grassland","Fertilization","Stock"
"KNZ_Biomass_1986-2021_processed.csv","1999","u u n+p","17","41.52","KNZ","Grassland","Fertilization","Stock"
"KNZ_Biomass_1986-2021_processed.csv","1999","u u n","18","31.92","KNZ","Grassland","Fertilization","Stock"
"KNZ_Biomass_1986-2021_processed.csv","1999","u u p","19","34.485","KNZ","Grassland","Fertilization","Stock"
"KNZ_Biomass_1986-2021_processed.csv","1999","u u c","20","23.87","KNZ","Grassland","Fertilization","Stock"
"KNZ_Biomass_1986-2021_processed.csv","1999","u m n+p","21","64.315","KNZ","Grassland","Fertilization","Stock"
"KNZ_Biomass_1986-2021_processed.csv","1999","u m n","22","63.255","KNZ","Grassland","Fertilization","Stock"
"KNZ_Biomass_1986-2021_processed.csv","1999","u m p","23","48.98","KNZ","Grassland","Fertilization","Stock"
"KNZ_Biomass_1986-2021_processed.csv","1999","u m c","24","37.82","KNZ","Grassland","Fertilization","Stock"
"KNZ_Biomass_1986-2021_processed.csv","1999","b u c","25","34.365","KNZ","Grassland","Fertilization","Stock"
"KNZ_Biomass_1986-2021_processed.csv","1999","b u n+p","26","38.46","KNZ","Grassland","Fertilization","Stock"
"KNZ_Biomass_1986-2021_processed.csv","1999","b u p","27","52.405","KNZ","Grassland","Fertilization","Stock"
"KNZ_Biomass_1986-2021_processed.csv","1999","b u n","28","81.375","KNZ","Grassland","Fertilization","Stock"
"KNZ_Biomass_1986-2021_processed.csv","1999","b m c","29","66.75","KNZ","Grassland","Fertilization","Stock"
"KNZ_Biomass_1986-2021_processed.csv","1999","b m n+p","30","106.345","KNZ","Grassland","Fertilization","Stock"
"KNZ_Biomass_1986-2021_processed.csv","1999","b m p","31","71.36","KNZ","Grassland","Fertilization","Stock"
"KNZ_Biomass_1986-2021_processed.csv","1999","b m n","32","101.34","KNZ","Grassland","Fertilization","Stock"
"KNZ_Biomass_1986-2021_processed.csv","1999","u m n+p","33","67.675","KNZ","Grassland","Fertilization","Stock"
"KNZ_Biomass_1986-2021_processed.csv","1999","u m c","34","50.955","KNZ","Grassland","Fertilization","Stock"
"KNZ_Biomass_1986-2021_processed.csv","1999","u m p","35","63.43","KNZ","Grassland","Fertilization","Stock"
"KNZ_Biomass_1986-2021_processed.csv","1999","u m n","36","91.415","KNZ","Grassland","Fertilization","Stock"
"KNZ_Biomass_1986-2021_processed.csv","1999","u u n+p","37","30.22","KNZ","Grassland","Fertilization","Stock"
"KNZ_Biomass_1986-2021_processed.csv","1999","u u c","38","48.405","KNZ","Grassland","Fertilization","Stock"
"KNZ_Biomass_1986-2021_processed.csv","1999","u u p","39","16.765","KNZ","Grassland","Fertilization","Stock"
"KNZ_Biomass_1986-2021_processed.csv","1999","u u n","40","32.965","KNZ","Grassland","Fertilization","Stock"
"KNZ_Biomass_1986-2021_processed.csv","1999","b u n","41","160.175","KNZ","Grassland","Fertilization","Stock"
"KNZ_Biomass_1986-2021_processed.csv","1999","b u c","42","31.785","KNZ","Grassland","Fertilization","Stock"
"KNZ_Biomass_1986-2021_processed.csv","1999","b u p","43","35.33","KNZ","Grassland","Fertilization","Stock"
"KNZ_Biomass_1986-2021_processed.csv","1999","b u n+p","44","63.005","KNZ","Grassland","Fertilization","Stock"
"KNZ_Biomass_1986-2021_processed.csv","1999","b m n","45","87.215","KNZ","Grassland","Fertilization","Stock"
"KNZ_Biomass_1986-2021_processed.csv","1999","b m c","46","46.68","KNZ","Grassland","Fertilization","Stock"
"KNZ_Biomass_1986-2021_processed.csv","1999","b m p","47","52.77","KNZ","Grassland","Fertilization","Stock"
"KNZ_Biomass_1986-2021_processed.csv","1999","b m n+p","48","153.125","KNZ","Grassland","Fertilization","Stock"
"KNZ_Biomass_1986-2021_processed.csv","1999","b m n+p","49","113.515","KNZ","Grassland","Fertilization","Stock"
"KNZ_Biomass_1986-2021_processed.csv","1999","b m n","50","88.15","KNZ","Grassland","Fertilization","Stock"
"KNZ_Biomass_1986-2021_processed.csv","1999","b m p","51","56.3","KNZ","Grassland","Fertilization","Stock"
"KNZ_Biomass_1986-2021_processed.csv","1999","b m c","52","63.06","KNZ","Grassland","Fertilization","Stock"
"KNZ_Biomass_1986-2021_processed.csv","1999","b u n+p","53","164","KNZ","Grassland","Fertilization","Stock"
"KNZ_Biomass_1986-2021_processed.csv","1999","b u n","54","111.065","KNZ","Grassland","Fertilization","Stock"
"KNZ_Biomass_1986-2021_processed.csv","1999","b u p","55","44.24","KNZ","Grassland","Fertilization","Stock"
"KNZ_Biomass_1986-2021_processed.csv","1999","b u c","56","46.355","KNZ","Grassland","Fertilization","Stock"
"KNZ_Biomass_1986-2021_processed.csv","1999","u u c","57","23.77","KNZ","Grassland","Fertilization","Stock"
"KNZ_Biomass_1986-2021_processed.csv","1999","u u n+p","58","24.03","KNZ","Grassland","Fertilization","Stock"
"KNZ_Biomass_1986-2021_processed.csv","1999","u u p","59","36.085","KNZ","Grassland","Fertilization","Stock"
"KNZ_Biomass_1986-2021_processed.csv","1999","u u n","60","0.12","KNZ","Grassland","Fertilization","Stock"
"KNZ_Biomass_1986-2021_processed.csv","1999","u m c","61","37.745","KNZ","Grassland","Fertilization","Stock"
"KNZ_Biomass_1986-2021_processed.csv","1999","u m n+p","62","60.32","KNZ","Grassland","Fertilization","Stock"
"KNZ_Biomass_1986-2021_processed.csv","1999","u m p","63","44.575","KNZ","Grassland","Fertilization","Stock"
"KNZ_Biomass_1986-2021_processed.csv","1999","u m n","64","49.17","KNZ","Grassland","Fertilization","Stock"
"KNZ_Biomass_1986-2021_processed.csv","2000","u u n","1","13.95","KNZ","Grassland","Fertilization","Stock"
"KNZ_Biomass_1986-2021_processed.csv","2000","u u c","2","23.825","KNZ","Grassland","Fertilization","Stock"
"KNZ_Biomass_1986-2021_processed.csv","2000","u u p","3","23.92","KNZ","Grassland","Fertilization","Stock"
"KNZ_Biomass_1986-2021_processed.csv","2000","u u n+p","4","18.05","KNZ","Grassland","Fertilization","Stock"
"KNZ_Biomass_1986-2021_processed.csv","2000","u m n","5","41.29","KNZ","Grassland","Fertilization","Stock"
"KNZ_Biomass_1986-2021_processed.csv","2000","u m c","6","27.65","KNZ","Grassland","Fertilization","Stock"
"KNZ_Biomass_1986-2021_processed.csv","2000","u m p","7","40.12","KNZ","Grassland","Fertilization","Stock"
"KNZ_Biomass_1986-2021_processed.csv","2000","u m n+p","8","81.145","KNZ","Grassland","Fertilization","Stock"
"KNZ_Biomass_1986-2021_processed.csv","2000","b m c","9","29.365","KNZ","Grassland","Fertilization","Stock"
"KNZ_Biomass_1986-2021_processed.csv","2000","b m p","10","34.21","KNZ","Grassland","Fertilization","Stock"
"KNZ_Biomass_1986-2021_processed.csv","2000","b m n+p","11","72.92","KNZ","Grassland","Fertilization","Stock"
"KNZ_Biomass_1986-2021_processed.csv","2000","b m n","12","75.66","KNZ","Grassland","Fertilization","Stock"
"KNZ_Biomass_1986-2021_processed.csv","2000","b u c","13","27.635","KNZ","Grassland","Fertilization","Stock"
"KNZ_Biomass_1986-2021_processed.csv","2000","b u p","14","35.95","KNZ","Grassland","Fertilization","Stock"
"KNZ_Biomass_1986-2021_processed.csv","2000","b u n+p","15","87.035","KNZ","Grassland","Fertilization","Stock"
"KNZ_Biomass_1986-2021_processed.csv","2000","b u n","16","63.345","KNZ","Grassland","Fertilization","Stock"
"KNZ_Biomass_1986-2021_processed.csv","2000","u u n+p","17","23.675","KNZ","Grassland","Fertilization","Stock"
"KNZ_Biomass_1986-2021_processed.csv","2000","u u n","18","57.455","KNZ","Grassland","Fertilization","Stock"
"KNZ_Biomass_1986-2021_processed.csv","2000","u u p","19","24.68","KNZ","Grassland","Fertilization","Stock"
"KNZ_Biomass_1986-2021_processed.csv","2000","u u c","20","28.125","KNZ","Grassland","Fertilization","Stock"
"KNZ_Biomass_1986-2021_processed.csv","2000","u m n+p","21","69.505","KNZ","Grassland","Fertilization","Stock"
"KNZ_Biomass_1986-2021_processed.csv","2000","u m n","22","66.43","KNZ","Grassland","Fertilization","Stock"
"KNZ_Biomass_1986-2021_processed.csv","2000","u m p","23","46.66","KNZ","Grassland","Fertilization","Stock"
"KNZ_Biomass_1986-2021_processed.csv","2000","u m c","24","38.05","KNZ","Grassland","Fertilization","Stock"
"KNZ_Biomass_1986-2021_processed.csv","2000","b u c","25","30.12","KNZ","Grassland","Fertilization","Stock"
"KNZ_Biomass_1986-2021_processed.csv","2000","b u n+p","26","111.24","KNZ","Grassland","Fertilization","Stock"
"KNZ_Biomass_1986-2021_processed.csv","2000","b u p","27","52.94","KNZ","Grassland","Fertilization","Stock"
"KNZ_Biomass_1986-2021_processed.csv","2000","b u n","28","98.79","KNZ","Grassland","Fertilization","Stock"
"KNZ_Biomass_1986-2021_processed.csv","2000","b m c","29","39.12","KNZ","Grassland","Fertilization","Stock"
"KNZ_Biomass_1986-2021_processed.csv","2000","b m n+p","30","153.38","KNZ","Grassland","Fertilization","Stock"
"KNZ_Biomass_1986-2021_processed.csv","2000","b m p","31","46.295","KNZ","Grassland","Fertilization","Stock"
"KNZ_Biomass_1986-2021_processed.csv","2000","b m n","32","82.18","KNZ","Grassland","Fertilization","Stock"
"KNZ_Biomass_1986-2021_processed.csv","2000","u m n+p","33","63.85","KNZ","Grassland","Fertilization","Stock"
"KNZ_Biomass_1986-2021_processed.csv","2000","u m c","34","39.36","KNZ","Grassland","Fertilization","Stock"
"KNZ_Biomass_1986-2021_processed.csv","2000","u m p","35","55.6","KNZ","Grassland","Fertilization","Stock"
"KNZ_Biomass_1986-2021_processed.csv","2000","u m n","36","99.85","KNZ","Grassland","Fertilization","Stock"
"KNZ_Biomass_1986-2021_processed.csv","2000","u u n+p","37","43.65","KNZ","Grassland","Fertilization","Stock"
"KNZ_Biomass_1986-2021_processed.csv","2000","u u c","38","36.175","KNZ","Grassland","Fertilization","Stock"
"KNZ_Biomass_1986-2021_processed.csv","2000","u u p","39","18.61","KNZ","Grassland","Fertilization","Stock"
"KNZ_Biomass_1986-2021_processed.csv","2000","u u n","40","63.295","KNZ","Grassland","Fertilization","Stock"
"KNZ_Biomass_1986-2021_processed.csv","2000","b u n","41","147.145","KNZ","Grassland","Fertilization","Stock"
"KNZ_Biomass_1986-2021_processed.csv","2000","b u c","42","34.8","KNZ","Grassland","Fertilization","Stock"
"KNZ_Biomass_1986-2021_processed.csv","2000","b u p","43","45.85","KNZ","Grassland","Fertilization","Stock"
"KNZ_Biomass_1986-2021_processed.csv","2000","b u n+p","44","53.92","KNZ","Grassland","Fertilization","Stock"
"KNZ_Biomass_1986-2021_processed.csv","2000","b m n","45","81.535","KNZ","Grassland","Fertilization","Stock"
"KNZ_Biomass_1986-2021_processed.csv","2000","b m c","46","51.08","KNZ","Grassland","Fertilization","Stock"
"KNZ_Biomass_1986-2021_processed.csv","2000","b m p","47","43.075","KNZ","Grassland","Fertilization","Stock"
"KNZ_Biomass_1986-2021_processed.csv","2000","b m n+p","48","84.31","KNZ","Grassland","Fertilization","Stock"
"KNZ_Biomass_1986-2021_processed.csv","2000","b m n+p","49","76.11","KNZ","Grassland","Fertilization","Stock"
"KNZ_Biomass_1986-2021_processed.csv","2000","b m n","50","83.41","KNZ","Grassland","Fertilization","Stock"
"KNZ_Biomass_1986-2021_processed.csv","2000","b m p","51","38.435","KNZ","Grassland","Fertilization","Stock"
"KNZ_Biomass_1986-2021_processed.csv","2000","b m c","52","37.335","KNZ","Grassland","Fertilization","Stock"
"KNZ_Biomass_1986-2021_processed.csv","2000","b u n+p","53","98.315","KNZ","Grassland","Fertilization","Stock"
"KNZ_Biomass_1986-2021_processed.csv","2000","b u n","54","148.4","KNZ","Grassland","Fertilization","Stock"
"KNZ_Biomass_1986-2021_processed.csv","2000","b u p","55","38.14","KNZ","Grassland","Fertilization","Stock"
"KNZ_Biomass_1986-2021_processed.csv","2000","b u c","56","42.855","KNZ","Grassland","Fertilization","Stock"
"KNZ_Biomass_1986-2021_processed.csv","2000","u u c","57","32.84","KNZ","Grassland","Fertilization","Stock"
"KNZ_Biomass_1986-2021_processed.csv","2000","u u n+p","58","43.35","KNZ","Grassland","Fertilization","Stock"
"KNZ_Biomass_1986-2021_processed.csv","2000","u u p","59","39.115","KNZ","Grassland","Fertilization","Stock"
"KNZ_Biomass_1986-2021_processed.csv","2000","u u n","60","25.7","KNZ","Grassland","Fertilization","Stock"
"KNZ_Biomass_1986-2021_processed.csv","2000","u m c","61","40.48","KNZ","Grassland","Fertilization","Stock"
"KNZ_Biomass_1986-2021_processed.csv","2000","u m n+p","62","75.97","KNZ","Grassland","Fertilization","Stock"
"KNZ_Biomass_1986-2021_processed.csv","2000","u m p","63","44.47","KNZ","Grassland","Fertilization","Stock"
"KNZ_Biomass_1986-2021_processed.csv","2000","u m n","64","70.175","KNZ","Grassland","Fertilization","Stock"
"KNZ_Biomass_1986-2021_processed.csv","2001","u u n","1","35.955","KNZ","Grassland","Fertilization","Stock"
"KNZ_Biomass_1986-2021_processed.csv","2001","u u c","2","29.985","KNZ","Grassland","Fertilization","Stock"
"KNZ_Biomass_1986-2021_processed.csv","2001","u u p","3","57.745","KNZ","Grassland","Fertilization","Stock"
"KNZ_Biomass_1986-2021_processed.csv","2001","u u n+p","4","72.35","KNZ","Grassland","Fertilization","Stock"
"KNZ_Biomass_1986-2021_processed.csv","2001","u m n","5","49.635","KNZ","Grassland","Fertilization","Stock"
"KNZ_Biomass_1986-2021_processed.csv","2001","u m c","6","33.54","KNZ","Grassland","Fertilization","Stock"
"KNZ_Biomass_1986-2021_processed.csv","2001","u m p","7","60.395","KNZ","Grassland","Fertilization","Stock"
"KNZ_Biomass_1986-2021_processed.csv","2001","u m n+p","8","79.565","KNZ","Grassland","Fertilization","Stock"
"KNZ_Biomass_1986-2021_processed.csv","2001","b m c","9","59.065","KNZ","Grassland","Fertilization","Stock"
"KNZ_Biomass_1986-2021_processed.csv","2001","b m p","10","43.26","KNZ","Grassland","Fertilization","Stock"
"KNZ_Biomass_1986-2021_processed.csv","2001","b m n+p","11","106.56","KNZ","Grassland","Fertilization","Stock"
"KNZ_Biomass_1986-2021_processed.csv","2001","b m n","12","99.615","KNZ","Grassland","Fertilization","Stock"
"KNZ_Biomass_1986-2021_processed.csv","2001","b u c","13","26.61","KNZ","Grassland","Fertilization","Stock"
"KNZ_Biomass_1986-2021_processed.csv","2001","b u p","14","45.955","KNZ","Grassland","Fertilization","Stock"
"KNZ_Biomass_1986-2021_processed.csv","2001","b u n+p","15","117.895","KNZ","Grassland","Fertilization","Stock"
"KNZ_Biomass_1986-2021_processed.csv","2001","b u n","16","99.005","KNZ","Grassland","Fertilization","Stock"
"KNZ_Biomass_1986-2021_processed.csv","2001","u u n+p","17","35.985","KNZ","Grassland","Fertilization","Stock"
"KNZ_Biomass_1986-2021_processed.csv","2001","u u n","18","53.485","KNZ","Grassland","Fertilization","Stock"
"KNZ_Biomass_1986-2021_processed.csv","2001","u u p","19","29.7","KNZ","Grassland","Fertilization","Stock"
"KNZ_Biomass_1986-2021_processed.csv","2001","u u c","20","43.68","KNZ","Grassland","Fertilization","Stock"
"KNZ_Biomass_1986-2021_processed.csv","2001","u m n+p","21","86.965","KNZ","Grassland","Fertilization","Stock"
"KNZ_Biomass_1986-2021_processed.csv","2001","u m n","22","68.575","KNZ","Grassland","Fertilization","Stock"
"KNZ_Biomass_1986-2021_processed.csv","2001","u m p","23","62.21","KNZ","Grassland","Fertilization","Stock"
"KNZ_Biomass_1986-2021_processed.csv","2001","u m c","24","54.5","KNZ","Grassland","Fertilization","Stock"
"KNZ_Biomass_1986-2021_processed.csv","2001","b u c","25","53.245","KNZ","Grassland","Fertilization","Stock"
"KNZ_Biomass_1986-2021_processed.csv","2001","b u n+p","26","98.135","KNZ","Grassland","Fertilization","Stock"
"KNZ_Biomass_1986-2021_processed.csv","2001","b u p","27","45.205","KNZ","Grassland","Fertilization","Stock"
"KNZ_Biomass_1986-2021_processed.csv","2001","b u n","28","112.885","KNZ","Grassland","Fertilization","Stock"
"KNZ_Biomass_1986-2021_processed.csv","2001","b m c","29","67.31","KNZ","Grassland","Fertilization","Stock"
"KNZ_Biomass_1986-2021_processed.csv","2001","b m n+p","30","129.315","KNZ","Grassland","Fertilization","Stock"
"KNZ_Biomass_1986-2021_processed.csv","2001","b m p","31","41.785","KNZ","Grassland","Fertilization","Stock"
"KNZ_Biomass_1986-2021_processed.csv","2001","b m n","32","125.275","KNZ","Grassland","Fertilization","Stock"
"KNZ_Biomass_1986-2021_processed.csv","2001","u m n+p","33","93.44","KNZ","Grassland","Fertilization","Stock"
"KNZ_Biomass_1986-2021_processed.csv","2001","u m c","34","58.44","KNZ","Grassland","Fertilization","Stock"
"KNZ_Biomass_1986-2021_processed.csv","2001","u m p","35","62.96","KNZ","Grassland","Fertilization","Stock"
"KNZ_Biomass_1986-2021_processed.csv","2001","u m n","36","74.91","KNZ","Grassland","Fertilization","Stock"
"KNZ_Biomass_1986-2021_processed.csv","2001","u u n+p","37","96.07","KNZ","Grassland","Fertilization","Stock"
"KNZ_Biomass_1986-2021_processed.csv","2001","u u c","38","44.65","KNZ","Grassland","Fertilization","Stock"
"KNZ_Biomass_1986-2021_processed.csv","2001","u u p","39","39.665","KNZ","Grassland","Fertilization","Stock"
"KNZ_Biomass_1986-2021_processed.csv","2001","u u n","40","69.645","KNZ","Grassland","Fertilization","Stock"
"KNZ_Biomass_1986-2021_processed.csv","2001","b u n","41","138.635","KNZ","Grassland","Fertilization","Stock"
"KNZ_Biomass_1986-2021_processed.csv","2001","b u c","42","39.335","KNZ","Grassland","Fertilization","Stock"
"KNZ_Biomass_1986-2021_processed.csv","2001","b u p","43","34.135","KNZ","Grassland","Fertilization","Stock"
"KNZ_Biomass_1986-2021_processed.csv","2001","b u n+p","44","139.64","KNZ","Grassland","Fertilization","Stock"
"KNZ_Biomass_1986-2021_processed.csv","2001","b m n","45","111.04","KNZ","Grassland","Fertilization","Stock"
"KNZ_Biomass_1986-2021_processed.csv","2001","b m c","46","48.96","KNZ","Grassland","Fertilization","Stock"
"KNZ_Biomass_1986-2021_processed.csv","2001","b m p","47","71.58","KNZ","Grassland","Fertilization","Stock"
"KNZ_Biomass_1986-2021_processed.csv","2001","b m n+p","48","110.295","KNZ","Grassland","Fertilization","Stock"
"KNZ_Biomass_1986-2021_processed.csv","2001","b m n+p","49","103.54","KNZ","Grassland","Fertilization","Stock"
"KNZ_Biomass_1986-2021_processed.csv","2001","b m n","50","103.005","KNZ","Grassland","Fertilization","Stock"
"KNZ_Biomass_1986-2021_processed.csv","2001","b m p","51","45.62","KNZ","Grassland","Fertilization","Stock"
"KNZ_Biomass_1986-2021_processed.csv","2001","b m c","52","46.195","KNZ","Grassland","Fertilization","Stock"
"KNZ_Biomass_1986-2021_processed.csv","2001","b u n+p","53","124.08","KNZ","Grassland","Fertilization","Stock"
"KNZ_Biomass_1986-2021_processed.csv","2001","b u n","54","125.27","KNZ","Grassland","Fertilization","Stock"
"KNZ_Biomass_1986-2021_processed.csv","2001","b u p","55","38.77","KNZ","Grassland","Fertilization","Stock"
"KNZ_Biomass_1986-2021_processed.csv","2001","b u c","56","41.5","KNZ","Grassland","Fertilization","Stock"
"KNZ_Biomass_1986-2021_processed.csv","2001","u u c","57","43.155","KNZ","Grassland","Fertilization","Stock"
"KNZ_Biomass_1986-2021_processed.csv","2001","u u n+p","58","50.535","KNZ","Grassland","Fertilization","Stock"
"KNZ_Biomass_1986-2021_processed.csv","2001","u u p","59","37.085","KNZ","Grassland","Fertilization","Stock"
"KNZ_Biomass_1986-2021_processed.csv","2001","u u n","60","88.94","KNZ","Grassland","Fertilization","Stock"
"KNZ_Biomass_1986-2021_processed.csv","2001","u m c","61","41.76","KNZ","Grassland","Fertilization","Stock"
"KNZ_Biomass_1986-2021_processed.csv","2001","u m n+p","62","101.93","KNZ","Grassland","Fertilization","Stock"
"KNZ_Biomass_1986-2021_processed.csv","2001","u m p","63","48.665","KNZ","Grassland","Fertilization","Stock"
"KNZ_Biomass_1986-2021_processed.csv","2001","u m n","64","108.49","KNZ","Grassland","Fertilization","Stock"
"KNZ_Biomass_1986-2021_processed.csv","2002","u u n","1","15.015","KNZ","Grassland","Fertilization","Stock"
"KNZ_Biomass_1986-2021_processed.csv","2002","u u c","2","16.815","KNZ","Grassland","Fertilization","Stock"
"KNZ_Biomass_1986-2021_processed.csv","2002","u u p","3","42.58","KNZ","Grassland","Fertilization","Stock"
"KNZ_Biomass_1986-2021_processed.csv","2002","u u n+p","4","52.495","KNZ","Grassland","Fertilization","Stock"
"KNZ_Biomass_1986-2021_processed.csv","2002","u m n","5","53.37","KNZ","Grassland","Fertilization","Stock"
"KNZ_Biomass_1986-2021_processed.csv","2002","u m c","6","41.09","KNZ","Grassland","Fertilization","Stock"
"KNZ_Biomass_1986-2021_processed.csv","2002","u m p","7","66.495","KNZ","Grassland","Fertilization","Stock"
"KNZ_Biomass_1986-2021_processed.csv","2002","u m n+p","8","85","KNZ","Grassland","Fertilization","Stock"
"KNZ_Biomass_1986-2021_processed.csv","2002","b m c","9","48.02","KNZ","Grassland","Fertilization","Stock"
"KNZ_Biomass_1986-2021_processed.csv","2002","b m p","10","33.695","KNZ","Grassland","Fertilization","Stock"
"KNZ_Biomass_1986-2021_processed.csv","2002","b m n+p","11","72.465","KNZ","Grassland","Fertilization","Stock"
"KNZ_Biomass_1986-2021_processed.csv","2002","b m n","12","99.385","KNZ","Grassland","Fertilization","Stock"
"KNZ_Biomass_1986-2021_processed.csv","2002","b u c","13","18.99","KNZ","Grassland","Fertilization","Stock"
"KNZ_Biomass_1986-2021_processed.csv","2002","b u p","14","31.06","KNZ","Grassland","Fertilization","Stock"
"KNZ_Biomass_1986-2021_processed.csv","2002","b u n+p","15","60.745","KNZ","Grassland","Fertilization","Stock"
"KNZ_Biomass_1986-2021_processed.csv","2002","b u n","16","55.005","KNZ","Grassland","Fertilization","Stock"
"KNZ_Biomass_1986-2021_processed.csv","2002","u u n+p","17","123.12","KNZ","Grassland","Fertilization","Stock"
"KNZ_Biomass_1986-2021_processed.csv","2002","u u n","18","6.7","KNZ","Grassland","Fertilization","Stock"
"KNZ_Biomass_1986-2021_processed.csv","2002","u u p","19","22.835","KNZ","Grassland","Fertilization","Stock"
"KNZ_Biomass_1986-2021_processed.csv","2002","u u c","20","26.54","KNZ","Grassland","Fertilization","Stock"
"KNZ_Biomass_1986-2021_processed.csv","2002","u m n+p","21","82.85","KNZ","Grassland","Fertilization","Stock"
"KNZ_Biomass_1986-2021_processed.csv","2002","u m n","22","79.185","KNZ","Grassland","Fertilization","Stock"
"KNZ_Biomass_1986-2021_processed.csv","2002","u m p","23","61","KNZ","Grassland","Fertilization","Stock"
"KNZ_Biomass_1986-2021_processed.csv","2002","u m c","24","48.98","KNZ","Grassland","Fertilization","Stock"
"KNZ_Biomass_1986-2021_processed.csv","2002","b u c","25","29.535","KNZ","Grassland","Fertilization","Stock"
"KNZ_Biomass_1986-2021_processed.csv","2002","b u n+p","26","67.645","KNZ","Grassland","Fertilization","Stock"
"KNZ_Biomass_1986-2021_processed.csv","2002","b u p","27","36.325","KNZ","Grassland","Fertilization","Stock"
"KNZ_Biomass_1986-2021_processed.csv","2002","b u n","28","81.225","KNZ","Grassland","Fertilization","Stock"
"KNZ_Biomass_1986-2021_processed.csv","2002","b m c","29","67.525","KNZ","Grassland","Fertilization","Stock"
"KNZ_Biomass_1986-2021_processed.csv","2002","b m n+p","30","84.255","KNZ","Grassland","Fertilization","Stock"
"KNZ_Biomass_1986-2021_processed.csv","2002","b m p","31","50.18","KNZ","Grassland","Fertilization","Stock"
"KNZ_Biomass_1986-2021_processed.csv","2002","b m n","32","96.225","KNZ","Grassland","Fertilization","Stock"
"KNZ_Biomass_1986-2021_processed.csv","2002","u m n+p","33","86.71","KNZ","Grassland","Fertilization","Stock"
"KNZ_Biomass_1986-2021_processed.csv","2002","u m c","34","45.975","KNZ","Grassland","Fertilization","Stock"
"KNZ_Biomass_1986-2021_processed.csv","2002","u m p","35","59.25","KNZ","Grassland","Fertilization","Stock"
"KNZ_Biomass_1986-2021_processed.csv","2002","u m n","36","88.695","KNZ","Grassland","Fertilization","Stock"
"KNZ_Biomass_1986-2021_processed.csv","2002","u u n+p","37","79.085","KNZ","Grassland","Fertilization","Stock"
"KNZ_Biomass_1986-2021_processed.csv","2002","u u c","38","33.655","KNZ","Grassland","Fertilization","Stock"
"KNZ_Biomass_1986-2021_processed.csv","2002","u u p","39","37.825","KNZ","Grassland","Fertilization","Stock"
"KNZ_Biomass_1986-2021_processed.csv","2002","u u n","40","17.915","KNZ","Grassland","Fertilization","Stock"
"KNZ_Biomass_1986-2021_processed.csv","2002","b u n","41","71.375","KNZ","Grassland","Fertilization","Stock"
"KNZ_Biomass_1986-2021_processed.csv","2002","b u c","42","39.38","KNZ","Grassland","Fertilization","Stock"
"KNZ_Biomass_1986-2021_processed.csv","2002","b u p","43","29.9","KNZ","Grassland","Fertilization","Stock"
"KNZ_Biomass_1986-2021_processed.csv","2002","b u n+p","44","62.355","KNZ","Grassland","Fertilization","Stock"
"KNZ_Biomass_1986-2021_processed.csv","2002","b m n","45","121.185","KNZ","Grassland","Fertilization","Stock"
"KNZ_Biomass_1986-2021_processed.csv","2002","b m c","46","43.62","KNZ","Grassland","Fertilization","Stock"
"KNZ_Biomass_1986-2021_processed.csv","2002","b m p","47","71.055","KNZ","Grassland","Fertilization","Stock"
"KNZ_Biomass_1986-2021_processed.csv","2002","b m n+p","48","68.705","KNZ","Grassland","Fertilization","Stock"
"KNZ_Biomass_1986-2021_processed.csv","2002","b m n+p","49","88.49","KNZ","Grassland","Fertilization","Stock"
"KNZ_Biomass_1986-2021_processed.csv","2002","b m n","50","90.57","KNZ","Grassland","Fertilization","Stock"
"KNZ_Biomass_1986-2021_processed.csv","2002","b m p","51","48.12","KNZ","Grassland","Fertilization","Stock"
"KNZ_Biomass_1986-2021_processed.csv","2002","b m c","52","46.28","KNZ","Grassland","Fertilization","Stock"
"KNZ_Biomass_1986-2021_processed.csv","2002","b u n+p","53","13.515","KNZ","Grassland","Fertilization","Stock"
"KNZ_Biomass_1986-2021_processed.csv","2002","b u n","54","38.05","KNZ","Grassland","Fertilization","Stock"
"KNZ_Biomass_1986-2021_processed.csv","2002","b u p","55","41.56","KNZ","Grassland","Fertilization","Stock"
"KNZ_Biomass_1986-2021_processed.csv","2002","b u c","56","35.745","KNZ","Grassland","Fertilization","Stock"
"KNZ_Biomass_1986-2021_processed.csv","2002","u u c","57","21.045","KNZ","Grassland","Fertilization","Stock"
"KNZ_Biomass_1986-2021_processed.csv","2002","u u n+p","58","11.67","KNZ","Grassland","Fertilization","Stock"
"KNZ_Biomass_1986-2021_processed.csv","2002","u u p","59","32.205","KNZ","Grassland","Fertilization","Stock"
"KNZ_Biomass_1986-2021_processed.csv","2002","u u n","60","70.4","KNZ","Grassland","Fertilization","Stock"
"KNZ_Biomass_1986-2021_processed.csv","2002","u m c","61","41.725","KNZ","Grassland","Fertilization","Stock"
"KNZ_Biomass_1986-2021_processed.csv","2002","u m n+p","62","66.545","KNZ","Grassland","Fertilization","Stock"
"KNZ_Biomass_1986-2021_processed.csv","2002","u m p","63","48.015","KNZ","Grassland","Fertilization","Stock"
"KNZ_Biomass_1986-2021_processed.csv","2002","u m n","64","87.1","KNZ","Grassland","Fertilization","Stock"
"KNZ_Biomass_1986-2021_processed.csv","2003","u u n","1","23.965","KNZ","Grassland","Fertilization","Stock"
"KNZ_Biomass_1986-2021_processed.csv","2003","u u c","2","31.57","KNZ","Grassland","Fertilization","Stock"
"KNZ_Biomass_1986-2021_processed.csv","2003","u u p","3","29.81","KNZ","Grassland","Fertilization","Stock"
"KNZ_Biomass_1986-2021_processed.csv","2003","u u n+p","4","19.17","KNZ","Grassland","Fertilization","Stock"
"KNZ_Biomass_1986-2021_processed.csv","2003","u m n","5","49.63","KNZ","Grassland","Fertilization","Stock"
"KNZ_Biomass_1986-2021_processed.csv","2003","u m c","6","38.41","KNZ","Grassland","Fertilization","Stock"
"KNZ_Biomass_1986-2021_processed.csv","2003","u m p","7","69.28","KNZ","Grassland","Fertilization","Stock"
"KNZ_Biomass_1986-2021_processed.csv","2003","u m n+p","8","91.185","KNZ","Grassland","Fertilization","Stock"
"KNZ_Biomass_1986-2021_processed.csv","2003","b m c","9","34.5","KNZ","Grassland","Fertilization","Stock"
"KNZ_Biomass_1986-2021_processed.csv","2003","b m p","10","24.27","KNZ","Grassland","Fertilization","Stock"
"KNZ_Biomass_1986-2021_processed.csv","2003","b m n+p","11","69.39","KNZ","Grassland","Fertilization","Stock"
"KNZ_Biomass_1986-2021_processed.csv","2003","b m n","12","87.34","KNZ","Grassland","Fertilization","Stock"
"KNZ_Biomass_1986-2021_processed.csv","2003","b u c","13","15.29","KNZ","Grassland","Fertilization","Stock"
"KNZ_Biomass_1986-2021_processed.csv","2003","b u p","14","50.3","KNZ","Grassland","Fertilization","Stock"
"KNZ_Biomass_1986-2021_processed.csv","2003","b u n+p","15","95.52","KNZ","Grassland","Fertilization","Stock"
"KNZ_Biomass_1986-2021_processed.csv","2003","b u n","16","94.485","KNZ","Grassland","Fertilization","Stock"
"KNZ_Biomass_1986-2021_processed.csv","2003","u u n+p","17","71.52","KNZ","Grassland","Fertilization","Stock"
"KNZ_Biomass_1986-2021_processed.csv","2003","u u n","18","74.475","KNZ","Grassland","Fertilization","Stock"
"KNZ_Biomass_1986-2021_processed.csv","2003","u u p","19","33.425","KNZ","Grassland","Fertilization","Stock"
"KNZ_Biomass_1986-2021_processed.csv","2003","u u c","20","36.9","KNZ","Grassland","Fertilization","Stock"
"KNZ_Biomass_1986-2021_processed.csv","2003","u m n+p","21","60.5","KNZ","Grassland","Fertilization","Stock"
"KNZ_Biomass_1986-2021_processed.csv","2003","u m n","22","63.83","KNZ","Grassland","Fertilization","Stock"
"KNZ_Biomass_1986-2021_processed.csv","2003","u m p","23","45.52","KNZ","Grassland","Fertilization","Stock"
"KNZ_Biomass_1986-2021_processed.csv","2003","u m c","24","60.01","KNZ","Grassland","Fertilization","Stock"
"KNZ_Biomass_1986-2021_processed.csv","2003","b u c","25","25.91","KNZ","Grassland","Fertilization","Stock"
"KNZ_Biomass_1986-2021_processed.csv","2003","b u n+p","26","99.62","KNZ","Grassland","Fertilization","Stock"
"KNZ_Biomass_1986-2021_processed.csv","2003","b u p","27","67.45","KNZ","Grassland","Fertilization","Stock"
"KNZ_Biomass_1986-2021_processed.csv","2003","b u n","28","108.715","KNZ","Grassland","Fertilization","Stock"
"KNZ_Biomass_1986-2021_processed.csv","2003","b m c","29","44.79","KNZ","Grassland","Fertilization","Stock"
"KNZ_Biomass_1986-2021_processed.csv","2003","b m n+p","30","72.07","KNZ","Grassland","Fertilization","Stock"
"KNZ_Biomass_1986-2021_processed.csv","2003","b m p","31","42.6","KNZ","Grassland","Fertilization","Stock"
"KNZ_Biomass_1986-2021_processed.csv","2003","b m n","32","70.985","KNZ","Grassland","Fertilization","Stock"
"KNZ_Biomass_1986-2021_processed.csv","2003","u m n+p","33","78.59","KNZ","Grassland","Fertilization","Stock"
"KNZ_Biomass_1986-2021_processed.csv","2003","u m c","34","38.08","KNZ","Grassland","Fertilization","Stock"
"KNZ_Biomass_1986-2021_processed.csv","2003","u m p","35","78.215","KNZ","Grassland","Fertilization","Stock"
"KNZ_Biomass_1986-2021_processed.csv","2003","u m n","36","43.475","KNZ","Grassland","Fertilization","Stock"
"KNZ_Biomass_1986-2021_processed.csv","2003","u u n+p","37","160.275","KNZ","Grassland","Fertilization","Stock"
"KNZ_Biomass_1986-2021_processed.csv","2003","u u c","38","24.345","KNZ","Grassland","Fertilization","Stock"
"KNZ_Biomass_1986-2021_processed.csv","2003","u u p","39","24.265","KNZ","Grassland","Fertilization","Stock"
"KNZ_Biomass_1986-2021_processed.csv","2003","u u n","40","52.465","KNZ","Grassland","Fertilization","Stock"
"KNZ_Biomass_1986-2021_processed.csv","2003","b u n","41","116.08","KNZ","Grassland","Fertilization","Stock"
"KNZ_Biomass_1986-2021_processed.csv","2003","b u c","42","36.755","KNZ","Grassland","Fertilization","Stock"
"KNZ_Biomass_1986-2021_processed.csv","2003","b u p","43","32.225","KNZ","Grassland","Fertilization","Stock"
"KNZ_Biomass_1986-2021_processed.csv","2003","b u n+p","44","43.48","KNZ","Grassland","Fertilization","Stock"
"KNZ_Biomass_1986-2021_processed.csv","2003","b m n","45","92.47","KNZ","Grassland","Fertilization","Stock"
"KNZ_Biomass_1986-2021_processed.csv","2003","b m c","46","43.7","KNZ","Grassland","Fertilization","Stock"
"KNZ_Biomass_1986-2021_processed.csv","2003","b m p","47","43.265","KNZ","Grassland","Fertilization","Stock"
"KNZ_Biomass_1986-2021_processed.csv","2003","b m n+p","48","111.475","KNZ","Grassland","Fertilization","Stock"
"KNZ_Biomass_1986-2021_processed.csv","2003","b m n+p","49","73.58","KNZ","Grassland","Fertilization","Stock"
"KNZ_Biomass_1986-2021_processed.csv","2003","b m n","50","82.845","KNZ","Grassland","Fertilization","Stock"
"KNZ_Biomass_1986-2021_processed.csv","2003","b m p","51","37.4","KNZ","Grassland","Fertilization","Stock"
"KNZ_Biomass_1986-2021_processed.csv","2003","b m c","52","43.955","KNZ","Grassland","Fertilization","Stock"
"KNZ_Biomass_1986-2021_processed.csv","2003","b u n+p","53","121.085","KNZ","Grassland","Fertilization","Stock"
"KNZ_Biomass_1986-2021_processed.csv","2003","b u n","54","168.4","KNZ","Grassland","Fertilization","Stock"
"KNZ_Biomass_1986-2021_processed.csv","2003","b u p","55","40.715","KNZ","Grassland","Fertilization","Stock"
"KNZ_Biomass_1986-2021_processed.csv","2003","b u c","56","37.93","KNZ","Grassland","Fertilization","Stock"
"KNZ_Biomass_1986-2021_processed.csv","2003","u u c","57","36.625","KNZ","Grassland","Fertilization","Stock"
"KNZ_Biomass_1986-2021_processed.csv","2003","u u n+p","58","75.56","KNZ","Grassland","Fertilization","Stock"
"KNZ_Biomass_1986-2021_processed.csv","2003","u u p","59","39.995","KNZ","Grassland","Fertilization","Stock"
"KNZ_Biomass_1986-2021_processed.csv","2003","u u n","60","44.03","KNZ","Grassland","Fertilization","Stock"
"KNZ_Biomass_1986-2021_processed.csv","2003","u m c","61","44.385","KNZ","Grassland","Fertilization","Stock"
"KNZ_Biomass_1986-2021_processed.csv","2003","u m n+p","62","77.86","KNZ","Grassland","Fertilization","Stock"
"KNZ_Biomass_1986-2021_processed.csv","2003","u m p","63","39.15","KNZ","Grassland","Fertilization","Stock"
"KNZ_Biomass_1986-2021_processed.csv","2003","u m n","64","62.56","KNZ","Grassland","Fertilization","Stock"
"KNZ_Biomass_1986-2021_processed.csv","2004","u u n","1","90.775","KNZ","Grassland","Fertilization","Stock"
"KNZ_Biomass_1986-2021_processed.csv","2004","u u c","2","50.695","KNZ","Grassland","Fertilization","Stock"
"KNZ_Biomass_1986-2021_processed.csv","2004","u u p","3","38.49","KNZ","Grassland","Fertilization","Stock"
"KNZ_Biomass_1986-2021_processed.csv","2004","u u n+p","4","74.495","KNZ","Grassland","Fertilization","Stock"
"KNZ_Biomass_1986-2021_processed.csv","2004","b u c","13","53.355","KNZ","Grassland","Fertilization","Stock"
"KNZ_Biomass_1986-2021_processed.csv","2004","b u p","14","45.05","KNZ","Grassland","Fertilization","Stock"
"KNZ_Biomass_1986-2021_processed.csv","2004","b u n+p","15","116.755","KNZ","Grassland","Fertilization","Stock"
"KNZ_Biomass_1986-2021_processed.csv","2004","b u n","16","97.715","KNZ","Grassland","Fertilization","Stock"
"KNZ_Biomass_1986-2021_processed.csv","2004","u u n+p","17","58.32","KNZ","Grassland","Fertilization","Stock"
"KNZ_Biomass_1986-2021_processed.csv","2004","u u n","18","38.43","KNZ","Grassland","Fertilization","Stock"
"KNZ_Biomass_1986-2021_processed.csv","2004","u u p","19","45.12","KNZ","Grassland","Fertilization","Stock"
"KNZ_Biomass_1986-2021_processed.csv","2004","u u c","20","65.71","KNZ","Grassland","Fertilization","Stock"
"KNZ_Biomass_1986-2021_processed.csv","2004","b u c","25","69.085","KNZ","Grassland","Fertilization","Stock"
"KNZ_Biomass_1986-2021_processed.csv","2004","b u n+p","26","102.705","KNZ","Grassland","Fertilization","Stock"
"KNZ_Biomass_1986-2021_processed.csv","2004","b u p","27","103.755","KNZ","Grassland","Fertilization","Stock"
"KNZ_Biomass_1986-2021_processed.csv","2004","b u n","28","100.13","KNZ","Grassland","Fertilization","Stock"
"KNZ_Biomass_1986-2021_processed.csv","2004","u u n+p","37","95.79","KNZ","Grassland","Fertilization","Stock"
"KNZ_Biomass_1986-2021_processed.csv","2004","u u c","38","32.54","KNZ","Grassland","Fertilization","Stock"
"KNZ_Biomass_1986-2021_processed.csv","2004","u u p","39","57.15","KNZ","Grassland","Fertilization","Stock"
"KNZ_Biomass_1986-2021_processed.csv","2004","u u n","40","36.82","KNZ","Grassland","Fertilization","Stock"
"KNZ_Biomass_1986-2021_processed.csv","2004","b u n","41","92.365","KNZ","Grassland","Fertilization","Stock"
"KNZ_Biomass_1986-2021_processed.csv","2004","b u c","42","48.635","KNZ","Grassland","Fertilization","Stock"
"KNZ_Biomass_1986-2021_processed.csv","2004","b u p","43","45.445","KNZ","Grassland","Fertilization","Stock"
"KNZ_Biomass_1986-2021_processed.csv","2004","b u n+p","44","87.67","KNZ","Grassland","Fertilization","Stock"
"KNZ_Biomass_1986-2021_processed.csv","2004","b u n+p","53","140.185","KNZ","Grassland","Fertilization","Stock"
"KNZ_Biomass_1986-2021_processed.csv","2004","b u n","54","124.03","KNZ","Grassland","Fertilization","Stock"
"KNZ_Biomass_1986-2021_processed.csv","2004","b u p","55","85.135","KNZ","Grassland","Fertilization","Stock"
"KNZ_Biomass_1986-2021_processed.csv","2004","b u c","56","66.565","KNZ","Grassland","Fertilization","Stock"
"KNZ_Biomass_1986-2021_processed.csv","2004","u u c","57","58.435","KNZ","Grassland","Fertilization","Stock"
"KNZ_Biomass_1986-2021_processed.csv","2004","u u n+p","58","63.055","KNZ","Grassland","Fertilization","Stock"
"KNZ_Biomass_1986-2021_processed.csv","2004","u u p","59","45.005","KNZ","Grassland","Fertilization","Stock"
"KNZ_Biomass_1986-2021_processed.csv","2004","u u n","60","0.575","KNZ","Grassland","Fertilization","Stock"
"KNZ_Biomass_1986-2021_processed.csv","2005","u u n","1","27.455","KNZ","Grassland","Fertilization","Stock"
"KNZ_Biomass_1986-2021_processed.csv","2005","u u c","2","24.765","KNZ","Grassland","Fertilization","Stock"
"KNZ_Biomass_1986-2021_processed.csv","2005","u u p","3","38.78","KNZ","Grassland","Fertilization","Stock"
"KNZ_Biomass_1986-2021_processed.csv","2005","u u n+p","4","37.74","KNZ","Grassland","Fertilization","Stock"
"KNZ_Biomass_1986-2021_processed.csv","2005","b u c","13","34.545","KNZ","Grassland","Fertilization","Stock"
"KNZ_Biomass_1986-2021_processed.csv","2005","b u p","14","32.01","KNZ","Grassland","Fertilization","Stock"
"KNZ_Biomass_1986-2021_processed.csv","2005","b u n+p","15","73.395","KNZ","Grassland","Fertilization","Stock"
"KNZ_Biomass_1986-2021_processed.csv","2005","b u n","16","57.245","KNZ","Grassland","Fertilization","Stock"
"KNZ_Biomass_1986-2021_processed.csv","2005","u u n+p","17","18.56","KNZ","Grassland","Fertilization","Stock"
"KNZ_Biomass_1986-2021_processed.csv","2005","u u n","18","43.165","KNZ","Grassland","Fertilization","Stock"
"KNZ_Biomass_1986-2021_processed.csv","2005","u u p","19","26.165","KNZ","Grassland","Fertilization","Stock"
"KNZ_Biomass_1986-2021_processed.csv","2005","u u c","20","24.605","KNZ","Grassland","Fertilization","Stock"
"KNZ_Biomass_1986-2021_processed.csv","2005","b u c","25","26.12","KNZ","Grassland","Fertilization","Stock"
"KNZ_Biomass_1986-2021_processed.csv","2005","b u n+p","26","84.75","KNZ","Grassland","Fertilization","Stock"
"KNZ_Biomass_1986-2021_processed.csv","2005","b u p","27","44.705","KNZ","Grassland","Fertilization","Stock"
"KNZ_Biomass_1986-2021_processed.csv","2005","b u n","28","70.79","KNZ","Grassland","Fertilization","Stock"
"KNZ_Biomass_1986-2021_processed.csv","2005","u u n+p","37","61.95","KNZ","Grassland","Fertilization","Stock"
"KNZ_Biomass_1986-2021_processed.csv","2005","u u c","38","22.095","KNZ","Grassland","Fertilization","Stock"
"KNZ_Biomass_1986-2021_processed.csv","2005","u u p","39","17.185","KNZ","Grassland","Fertilization","Stock"
"KNZ_Biomass_1986-2021_processed.csv","2005","u u n","40","57.705","KNZ","Grassland","Fertilization","Stock"
"KNZ_Biomass_1986-2021_processed.csv","2005","b u n","41","78.285","KNZ","Grassland","Fertilization","Stock"
"KNZ_Biomass_1986-2021_processed.csv","2005","b u c","42","36.76","KNZ","Grassland","Fertilization","Stock"
"KNZ_Biomass_1986-2021_processed.csv","2005","b u p","43","40.13","KNZ","Grassland","Fertilization","Stock"
"KNZ_Biomass_1986-2021_processed.csv","2005","b u n+p","44","65.415","KNZ","Grassland","Fertilization","Stock"
"KNZ_Biomass_1986-2021_processed.csv","2005","b u n+p","53","149.96","KNZ","Grassland","Fertilization","Stock"
"KNZ_Biomass_1986-2021_processed.csv","2005","b u n","54","87.075","KNZ","Grassland","Fertilization","Stock"
"KNZ_Biomass_1986-2021_processed.csv","2005","b u p","55","40.265","KNZ","Grassland","Fertilization","Stock"
"KNZ_Biomass_1986-2021_processed.csv","2005","b u c","56","50.33","KNZ","Grassland","Fertilization","Stock"
"KNZ_Biomass_1986-2021_processed.csv","2005","u u c","57","15.57","KNZ","Grassland","Fertilization","Stock"
"KNZ_Biomass_1986-2021_processed.csv","2005","u u n+p","58","27.56","KNZ","Grassland","Fertilization","Stock"
"KNZ_Biomass_1986-2021_processed.csv","2005","u u p","59","28.295","KNZ","Grassland","Fertilization","Stock"
"KNZ_Biomass_1986-2021_processed.csv","2005","u u n","60","8.33","KNZ","Grassland","Fertilization","Stock"
"KNZ_Biomass_1986-2021_processed.csv","2006","u u n","1","28.135","KNZ","Grassland","Fertilization","Stock"
"KNZ_Biomass_1986-2021_processed.csv","2006","u u c","2","32.245","KNZ","Grassland","Fertilization","Stock"
"KNZ_Biomass_1986-2021_processed.csv","2006","u u p","3","18.16","KNZ","Grassland","Fertilization","Stock"
"KNZ_Biomass_1986-2021_processed.csv","2006","u u n+p","4","11.125","KNZ","Grassland","Fertilization","Stock"
"KNZ_Biomass_1986-2021_processed.csv","2006","b u c","13","26.755","KNZ","Grassland","Fertilization","Stock"
"KNZ_Biomass_1986-2021_processed.csv","2006","b u p","14","34.235","KNZ","Grassland","Fertilization","Stock"
"KNZ_Biomass_1986-2021_processed.csv","2006","b u n+p","15","59.36","KNZ","Grassland","Fertilization","Stock"
"KNZ_Biomass_1986-2021_processed.csv","2006","b u n","16","68.165","KNZ","Grassland","Fertilization","Stock"
"KNZ_Biomass_1986-2021_processed.csv","2006","u u n+p","17","52.08","KNZ","Grassland","Fertilization","Stock"
"KNZ_Biomass_1986-2021_processed.csv","2006","u u n","18","100.725","KNZ","Grassland","Fertilization","Stock"
"KNZ_Biomass_1986-2021_processed.csv","2006","u u p","19","61.465","KNZ","Grassland","Fertilization","Stock"
"KNZ_Biomass_1986-2021_processed.csv","2006","u u c","20","21.035","KNZ","Grassland","Fertilization","Stock"
"KNZ_Biomass_1986-2021_processed.csv","2006","b u c","25","26.56","KNZ","Grassland","Fertilization","Stock"
"KNZ_Biomass_1986-2021_processed.csv","2006","b u n+p","26","49.57","KNZ","Grassland","Fertilization","Stock"
"KNZ_Biomass_1986-2021_processed.csv","2006","b u p","27","45.395","KNZ","Grassland","Fertilization","Stock"
"KNZ_Biomass_1986-2021_processed.csv","2006","b u n","28","94.095","KNZ","Grassland","Fertilization","Stock"
"KNZ_Biomass_1986-2021_processed.csv","2006","u u n+p","37","55.83","KNZ","Grassland","Fertilization","Stock"
"KNZ_Biomass_1986-2021_processed.csv","2006","u u c","38","18.39","KNZ","Grassland","Fertilization","Stock"
"KNZ_Biomass_1986-2021_processed.csv","2006","u u p","39","2.87","KNZ","Grassland","Fertilization","Stock"
"KNZ_Biomass_1986-2021_processed.csv","2006","u u n","40","0.22","KNZ","Grassland","Fertilization","Stock"
"KNZ_Biomass_1986-2021_processed.csv","2006","b u n","41","64.945","KNZ","Grassland","Fertilization","Stock"
"KNZ_Biomass_1986-2021_processed.csv","2006","b u c","42","32.71","KNZ","Grassland","Fertilization","Stock"
"KNZ_Biomass_1986-2021_processed.csv","2006","b u p","43","42.335","KNZ","Grassland","Fertilization","Stock"
"KNZ_Biomass_1986-2021_processed.csv","2006","b u n+p","44","73.195","KNZ","Grassland","Fertilization","Stock"
"KNZ_Biomass_1986-2021_processed.csv","2006","b u n+p","53","42.6","KNZ","Grassland","Fertilization","Stock"
"KNZ_Biomass_1986-2021_processed.csv","2006","b u n","54","95.44","KNZ","Grassland","Fertilization","Stock"
"KNZ_Biomass_1986-2021_processed.csv","2006","b u p","55","45.135","KNZ","Grassland","Fertilization","Stock"
"KNZ_Biomass_1986-2021_processed.csv","2006","b u c","56","29.295","KNZ","Grassland","Fertilization","Stock"
"KNZ_Biomass_1986-2021_processed.csv","2006","u u c","57","13.475","KNZ","Grassland","Fertilization","Stock"
"KNZ_Biomass_1986-2021_processed.csv","2006","u u n+p","58","24.035","KNZ","Grassland","Fertilization","Stock"
"KNZ_Biomass_1986-2021_processed.csv","2006","u u p","59","14.36","KNZ","Grassland","Fertilization","Stock"
"KNZ_Biomass_1986-2021_processed.csv","2006","u u n","60","25.7","KNZ","Grassland","Fertilization","Stock"
"KNZ_Biomass_1986-2021_processed.csv","2007","u u n","1","25.585","KNZ","Grassland","Fertilization","Stock"
"KNZ_Biomass_1986-2021_processed.csv","2007","u u c","2","23.82","KNZ","Grassland","Fertilization","Stock"
"KNZ_Biomass_1986-2021_processed.csv","2007","u u p","3","22.48","KNZ","Grassland","Fertilization","Stock"
"KNZ_Biomass_1986-2021_processed.csv","2007","u u n+p","4","6.725","KNZ","Grassland","Fertilization","Stock"
"KNZ_Biomass_1986-2021_processed.csv","2007","b u c","13","50.07","KNZ","Grassland","Fertilization","Stock"
"KNZ_Biomass_1986-2021_processed.csv","2007","b u p","14","44.49","KNZ","Grassland","Fertilization","Stock"
"KNZ_Biomass_1986-2021_processed.csv","2007","b u n+p","15","71.995","KNZ","Grassland","Fertilization","Stock"
"KNZ_Biomass_1986-2021_processed.csv","2007","b u n","16","53.115","KNZ","Grassland","Fertilization","Stock"
"KNZ_Biomass_1986-2021_processed.csv","2007","u u n+p","17","38.675","KNZ","Grassland","Fertilization","Stock"
"KNZ_Biomass_1986-2021_processed.csv","2007","u u n","18","30.2","KNZ","Grassland","Fertilization","Stock"
"KNZ_Biomass_1986-2021_processed.csv","2007","u u p","19","27.54","KNZ","Grassland","Fertilization","Stock"
"KNZ_Biomass_1986-2021_processed.csv","2007","u u c","20","14.115","KNZ","Grassland","Fertilization","Stock"
"KNZ_Biomass_1986-2021_processed.csv","2007","b u c","25","50.935","KNZ","Grassland","Fertilization","Stock"
"KNZ_Biomass_1986-2021_processed.csv","2007","b u n+p","26","92.045","KNZ","Grassland","Fertilization","Stock"
"KNZ_Biomass_1986-2021_processed.csv","2007","b u p","27","41.685","KNZ","Grassland","Fertilization","Stock"
"KNZ_Biomass_1986-2021_processed.csv","2007","b u n","28","31.19","KNZ","Grassland","Fertilization","Stock"
"KNZ_Biomass_1986-2021_processed.csv","2007","u u n+p","37","24.705","KNZ","Grassland","Fertilization","Stock"
"KNZ_Biomass_1986-2021_processed.csv","2007","u u c","38","31.51","KNZ","Grassland","Fertilization","Stock"
"KNZ_Biomass_1986-2021_processed.csv","2007","u u p","39","30.645","KNZ","Grassland","Fertilization","Stock"
"KNZ_Biomass_1986-2021_processed.csv","2007","u u n","40","37.555","KNZ","Grassland","Fertilization","Stock"
"KNZ_Biomass_1986-2021_processed.csv","2007","b u n","41","139.19","KNZ","Grassland","Fertilization","Stock"
"KNZ_Biomass_1986-2021_processed.csv","2007","b u c","42","43.8","KNZ","Grassland","Fertilization","Stock"
"KNZ_Biomass_1986-2021_processed.csv","2007","b u p","43","49.59","KNZ","Grassland","Fertilization","Stock"
"KNZ_Biomass_1986-2021_processed.csv","2007","b u n+p","44","91.135","KNZ","Grassland","Fertilization","Stock"
"KNZ_Biomass_1986-2021_processed.csv","2007","b u n+p","53","123.96","KNZ","Grassland","Fertilization","Stock"
"KNZ_Biomass_1986-2021_processed.csv","2007","b u n","54","111.615","KNZ","Grassland","Fertilization","Stock"
"KNZ_Biomass_1986-2021_processed.csv","2007","b u p","55","54.24","KNZ","Grassland","Fertilization","Stock"
"KNZ_Biomass_1986-2021_processed.csv","2007","b u c","56","35.415","KNZ","Grassland","Fertilization","Stock"
"KNZ_Biomass_1986-2021_processed.csv","2007","u u c","57","12.94","KNZ","Grassland","Fertilization","Stock"
"KNZ_Biomass_1986-2021_processed.csv","2007","u u n+p","58","95.215","KNZ","Grassland","Fertilization","Stock"
"KNZ_Biomass_1986-2021_processed.csv","2007","u u p","59","14.375","KNZ","Grassland","Fertilization","Stock"
"KNZ_Biomass_1986-2021_processed.csv","2007","u u n","60","0","KNZ","Grassland","Fertilization","Stock"
"KNZ_Biomass_1986-2021_processed.csv","2008","u u n","1","40.05","KNZ","Grassland","Fertilization","Stock"
"KNZ_Biomass_1986-2021_processed.csv","2008","u u c","2","38.55","KNZ","Grassland","Fertilization","Stock"
"KNZ_Biomass_1986-2021_processed.csv","2008","u u p","3","52.245","KNZ","Grassland","Fertilization","Stock"
"KNZ_Biomass_1986-2021_processed.csv","2008","u u n+p","4","31.795","KNZ","Grassland","Fertilization","Stock"
"KNZ_Biomass_1986-2021_processed.csv","2008","b u c","13","43.715","KNZ","Grassland","Fertilization","Stock"
"KNZ_Biomass_1986-2021_processed.csv","2008","b u p","14","40.285","KNZ","Grassland","Fertilization","Stock"
"KNZ_Biomass_1986-2021_processed.csv","2008","b u n+p","15","145.915","KNZ","Grassland","Fertilization","Stock"
"KNZ_Biomass_1986-2021_processed.csv","2008","b u n","16","119.73","KNZ","Grassland","Fertilization","Stock"
"KNZ_Biomass_1986-2021_processed.csv","2008","u u n+p","17","88.95","KNZ","Grassland","Fertilization","Stock"
"KNZ_Biomass_1986-2021_processed.csv","2008","u u n","18","68.15","KNZ","Grassland","Fertilization","Stock"
"KNZ_Biomass_1986-2021_processed.csv","2008","u u p","19","25.085","KNZ","Grassland","Fertilization","Stock"
"KNZ_Biomass_1986-2021_processed.csv","2008","u u c","20","24.58","KNZ","Grassland","Fertilization","Stock"
"KNZ_Biomass_1986-2021_processed.csv","2008","b u c","25","68.565","KNZ","Grassland","Fertilization","Stock"
"KNZ_Biomass_1986-2021_processed.csv","2008","b u n+p","26","176.04","KNZ","Grassland","Fertilization","Stock"
"KNZ_Biomass_1986-2021_processed.csv","2008","b u p","27","53.395","KNZ","Grassland","Fertilization","Stock"
"KNZ_Biomass_1986-2021_processed.csv","2008","b u n","28","171.48","KNZ","Grassland","Fertilization","Stock"
"KNZ_Biomass_1986-2021_processed.csv","2008","u u n+p","37","56.375","KNZ","Grassland","Fertilization","Stock"
"KNZ_Biomass_1986-2021_processed.csv","2008","u u c","38","13.735","KNZ","Grassland","Fertilization","Stock"
"KNZ_Biomass_1986-2021_processed.csv","2008","u u p","39","46.455","KNZ","Grassland","Fertilization","Stock"
"KNZ_Biomass_1986-2021_processed.csv","2008","u u n","40","19.21","KNZ","Grassland","Fertilization","Stock"
"KNZ_Biomass_1986-2021_processed.csv","2008","b u n","41","134.875","KNZ","Grassland","Fertilization","Stock"
"KNZ_Biomass_1986-2021_processed.csv","2008","b u c","42","55.405","KNZ","Grassland","Fertilization","Stock"
"KNZ_Biomass_1986-2021_processed.csv","2008","b u p","43","42.77","KNZ","Grassland","Fertilization","Stock"
"KNZ_Biomass_1986-2021_processed.csv","2008","b u n+p","44","221.035","KNZ","Grassland","Fertilization","Stock"
"KNZ_Biomass_1986-2021_processed.csv","2008","b u n+p","53","132.09","KNZ","Grassland","Fertilization","Stock"
"KNZ_Biomass_1986-2021_processed.csv","2008","b u n","54","195.97","KNZ","Grassland","Fertilization","Stock"
"KNZ_Biomass_1986-2021_processed.csv","2008","b u p","55","73.685","KNZ","Grassland","Fertilization","Stock"
"KNZ_Biomass_1986-2021_processed.csv","2008","b u c","56","52.14","KNZ","Grassland","Fertilization","Stock"
"KNZ_Biomass_1986-2021_processed.csv","2008","u u c","57","7.44","KNZ","Grassland","Fertilization","Stock"
"KNZ_Biomass_1986-2021_processed.csv","2008","u u n+p","58","17.585","KNZ","Grassland","Fertilization","Stock"
"KNZ_Biomass_1986-2021_processed.csv","2008","u u p","59","35.325","KNZ","Grassland","Fertilization","Stock"
"KNZ_Biomass_1986-2021_processed.csv","2008","u u n","60","289.48","KNZ","Grassland","Fertilization","Stock"
"KNZ_Biomass_1986-2021_processed.csv","2009","u u n","1","26.45","KNZ","Grassland","Fertilization","Stock"
"KNZ_Biomass_1986-2021_processed.csv","2009","u u c","2","26.615","KNZ","Grassland","Fertilization","Stock"
"KNZ_Biomass_1986-2021_processed.csv","2009","u u p","3","20.155","KNZ","Grassland","Fertilization","Stock"
"KNZ_Biomass_1986-2021_processed.csv","2009","u u n+p","4","9.46","KNZ","Grassland","Fertilization","Stock"
"KNZ_Biomass_1986-2021_processed.csv","2009","b u c","13","36.78","KNZ","Grassland","Fertilization","Stock"
"KNZ_Biomass_1986-2021_processed.csv","2009","b u p","14","52.7","KNZ","Grassland","Fertilization","Stock"
"KNZ_Biomass_1986-2021_processed.csv","2009","b u n+p","15","187.18","KNZ","Grassland","Fertilization","Stock"
"KNZ_Biomass_1986-2021_processed.csv","2009","b u n","16","122.915","KNZ","Grassland","Fertilization","Stock"
"KNZ_Biomass_1986-2021_processed.csv","2009","u u n+p","17","57.365","KNZ","Grassland","Fertilization","Stock"
"KNZ_Biomass_1986-2021_processed.csv","2009","u u n","18","38.02","KNZ","Grassland","Fertilization","Stock"
"KNZ_Biomass_1986-2021_processed.csv","2009","u u p","19","35.29","KNZ","Grassland","Fertilization","Stock"
"KNZ_Biomass_1986-2021_processed.csv","2009","u u c","20","27.575","KNZ","Grassland","Fertilization","Stock"
"KNZ_Biomass_1986-2021_processed.csv","2009","b u c","25","50.93","KNZ","Grassland","Fertilization","Stock"
"KNZ_Biomass_1986-2021_processed.csv","2009","b u n+p","26","148.06","KNZ","Grassland","Fertilization","Stock"
"KNZ_Biomass_1986-2021_processed.csv","2009","b u p","27","70.115","KNZ","Grassland","Fertilization","Stock"
"KNZ_Biomass_1986-2021_processed.csv","2009","b u n","28","93.015","KNZ","Grassland","Fertilization","Stock"
"KNZ_Biomass_1986-2021_processed.csv","2009","u u n+p","37","30.665","KNZ","Grassland","Fertilization","Stock"
"KNZ_Biomass_1986-2021_processed.csv","2009","u u c","38","8.965","KNZ","Grassland","Fertilization","Stock"
"KNZ_Biomass_1986-2021_processed.csv","2009","u u p","39","20.785","KNZ","Grassland","Fertilization","Stock"
"KNZ_Biomass_1986-2021_processed.csv","2009","u u n","40","6.42","KNZ","Grassland","Fertilization","Stock"
"KNZ_Biomass_1986-2021_processed.csv","2009","b u n","41","72.865","KNZ","Grassland","Fertilization","Stock"
"KNZ_Biomass_1986-2021_processed.csv","2009","b u c","42","57.73","KNZ","Grassland","Fertilization","Stock"
"KNZ_Biomass_1986-2021_processed.csv","2009","b u p","43","34.88","KNZ","Grassland","Fertilization","Stock"
"KNZ_Biomass_1986-2021_processed.csv","2009","b u n+p","44","92.69","KNZ","Grassland","Fertilization","Stock"
"KNZ_Biomass_1986-2021_processed.csv","2009","b u n+p","53","102.625","KNZ","Grassland","Fertilization","Stock"
"KNZ_Biomass_1986-2021_processed.csv","2009","b u n","54","179.48","KNZ","Grassland","Fertilization","Stock"
"KNZ_Biomass_1986-2021_processed.csv","2009","b u p","55","67.05","KNZ","Grassland","Fertilization","Stock"
"KNZ_Biomass_1986-2021_processed.csv","2009","b u c","56","71.17","KNZ","Grassland","Fertilization","Stock"
"KNZ_Biomass_1986-2021_processed.csv","2009","u u c","57","32.18","KNZ","Grassland","Fertilization","Stock"
"KNZ_Biomass_1986-2021_processed.csv","2009","u u n+p","58","10.515","KNZ","Grassland","Fertilization","Stock"
"KNZ_Biomass_1986-2021_processed.csv","2009","u u p","59","13.22","KNZ","Grassland","Fertilization","Stock"
"KNZ_Biomass_1986-2021_processed.csv","2009","u u n","60","1.92","KNZ","Grassland","Fertilization","Stock"
"KNZ_Biomass_1986-2021_processed.csv","2010","u u n","1","45.79","KNZ","Grassland","Fertilization","Stock"
"KNZ_Biomass_1986-2021_processed.csv","2010","u u c","2","32.805","KNZ","Grassland","Fertilization","Stock"
"KNZ_Biomass_1986-2021_processed.csv","2010","u u p","3","16.315","KNZ","Grassland","Fertilization","Stock"
"KNZ_Biomass_1986-2021_processed.csv","2010","u u n+p","4","62.02","KNZ","Grassland","Fertilization","Stock"
"KNZ_Biomass_1986-2021_processed.csv","2010","b u c","13","49.085","KNZ","Grassland","Fertilization","Stock"
"KNZ_Biomass_1986-2021_processed.csv","2010","b u p","14","39.3","KNZ","Grassland","Fertilization","Stock"
"KNZ_Biomass_1986-2021_processed.csv","2010","b u n+p","15","109.705","KNZ","Grassland","Fertilization","Stock"
"KNZ_Biomass_1986-2021_processed.csv","2010","b u n","16","106.205","KNZ","Grassland","Fertilization","Stock"
"KNZ_Biomass_1986-2021_processed.csv","2010","u u n+p","17","61.54","KNZ","Grassland","Fertilization","Stock"
"KNZ_Biomass_1986-2021_processed.csv","2010","u u n","18","66.715","KNZ","Grassland","Fertilization","Stock"
"KNZ_Biomass_1986-2021_processed.csv","2010","u u p","19","43.625","KNZ","Grassland","Fertilization","Stock"
"KNZ_Biomass_1986-2021_processed.csv","2010","u u c","20","21.76","KNZ","Grassland","Fertilization","Stock"
"KNZ_Biomass_1986-2021_processed.csv","2010","b u c","25","67.49","KNZ","Grassland","Fertilization","Stock"
"KNZ_Biomass_1986-2021_processed.csv","2010","b u n+p","26","133.105","KNZ","Grassland","Fertilization","Stock"
"KNZ_Biomass_1986-2021_processed.csv","2010","b u p","27","52.45","KNZ","Grassland","Fertilization","Stock"
"KNZ_Biomass_1986-2021_processed.csv","2010","b u n","28","66.835","KNZ","Grassland","Fertilization","Stock"
"KNZ_Biomass_1986-2021_processed.csv","2010","u u n+p","37","27.48","KNZ","Grassland","Fertilization","Stock"
"KNZ_Biomass_1986-2021_processed.csv","2010","u u c","38","12.165","KNZ","Grassland","Fertilization","Stock"
"KNZ_Biomass_1986-2021_processed.csv","2010","u u p","39","7.585","KNZ","Grassland","Fertilization","Stock"
"KNZ_Biomass_1986-2021_processed.csv","2010","u u n","40","0.075","KNZ","Grassland","Fertilization","Stock"
"KNZ_Biomass_1986-2021_processed.csv","2010","b u n","41","142.47","KNZ","Grassland","Fertilization","Stock"
"KNZ_Biomass_1986-2021_processed.csv","2010","b u c","42","57.425","KNZ","Grassland","Fertilization","Stock"
"KNZ_Biomass_1986-2021_processed.csv","2010","b u p","43","63.545","KNZ","Grassland","Fertilization","Stock"
"KNZ_Biomass_1986-2021_processed.csv","2010","b u n+p","44","160.39","KNZ","Grassland","Fertilization","Stock"
"KNZ_Biomass_1986-2021_processed.csv","2010","b u n+p","53","88.805","KNZ","Grassland","Fertilization","Stock"
"KNZ_Biomass_1986-2021_processed.csv","2010","b u n","54","115.75","KNZ","Grassland","Fertilization","Stock"
"KNZ_Biomass_1986-2021_processed.csv","2010","b u p","55","68.885","KNZ","Grassland","Fertilization","Stock"
"KNZ_Biomass_1986-2021_processed.csv","2010","b u c","56","73.765","KNZ","Grassland","Fertilization","Stock"
"KNZ_Biomass_1986-2021_processed.csv","2010","u u c","57","2.9","KNZ","Grassland","Fertilization","Stock"
"KNZ_Biomass_1986-2021_processed.csv","2010","u u n+p","58","15.145","KNZ","Grassland","Fertilization","Stock"
"KNZ_Biomass_1986-2021_processed.csv","2010","u u p","59","8.43","KNZ","Grassland","Fertilization","Stock"
"KNZ_Biomass_1986-2021_processed.csv","2010","u u n","60","0.96","KNZ","Grassland","Fertilization","Stock"
"KNZ_Biomass_1986-2021_processed.csv","2011","u u n","1","17.425","KNZ","Grassland","Fertilization","Stock"
"KNZ_Biomass_1986-2021_processed.csv","2011","u u c","2","24.54","KNZ","Grassland","Fertilization","Stock"
"KNZ_Biomass_1986-2021_processed.csv","2011","u u p","3","7.465","KNZ","Grassland","Fertilization","Stock"
"KNZ_Biomass_1986-2021_processed.csv","2011","u u n+p","4","0.93","KNZ","Grassland","Fertilization","Stock"
"KNZ_Biomass_1986-2021_processed.csv","2011","b u c","13","83.24","KNZ","Grassland","Fertilization","Stock"
"KNZ_Biomass_1986-2021_processed.csv","2011","b u p","14","25.48","KNZ","Grassland","Fertilization","Stock"
"KNZ_Biomass_1986-2021_processed.csv","2011","b u n+p","15","82.35","KNZ","Grassland","Fertilization","Stock"
"KNZ_Biomass_1986-2021_processed.csv","2011","b u n","16","87.62","KNZ","Grassland","Fertilization","Stock"
"KNZ_Biomass_1986-2021_processed.csv","2011","u u n+p","17","88.25","KNZ","Grassland","Fertilization","Stock"
"KNZ_Biomass_1986-2021_processed.csv","2011","u u n","18","31.925","KNZ","Grassland","Fertilization","Stock"
"KNZ_Biomass_1986-2021_processed.csv","2011","u u p","19","34.095","KNZ","Grassland","Fertilization","Stock"
"KNZ_Biomass_1986-2021_processed.csv","2011","u u c","20","27.495","KNZ","Grassland","Fertilization","Stock"
"KNZ_Biomass_1986-2021_processed.csv","2011","b u c","25","33.565","KNZ","Grassland","Fertilization","Stock"
"KNZ_Biomass_1986-2021_processed.csv","2011","b u n+p","26","127.375","KNZ","Grassland","Fertilization","Stock"
"KNZ_Biomass_1986-2021_processed.csv","2011","b u p","27","53.35","KNZ","Grassland","Fertilization","Stock"
"KNZ_Biomass_1986-2021_processed.csv","2011","b u n","28","114.285","KNZ","Grassland","Fertilization","Stock"
"KNZ_Biomass_1986-2021_processed.csv","2011","u u n+p","37","41.58","KNZ","Grassland","Fertilization","Stock"
"KNZ_Biomass_1986-2021_processed.csv","2011","u u c","38","8.49","KNZ","Grassland","Fertilization","Stock"
"KNZ_Biomass_1986-2021_processed.csv","2011","u u p","39","25.42","KNZ","Grassland","Fertilization","Stock"
"KNZ_Biomass_1986-2021_processed.csv","2011","u u n","40","0","KNZ","Grassland","Fertilization","Stock"
"KNZ_Biomass_1986-2021_processed.csv","2011","b u n","41","84.685","KNZ","Grassland","Fertilization","Stock"
"KNZ_Biomass_1986-2021_processed.csv","2011","b u c","42","54.28","KNZ","Grassland","Fertilization","Stock"
"KNZ_Biomass_1986-2021_processed.csv","2011","b u p","43","41.35","KNZ","Grassland","Fertilization","Stock"
"KNZ_Biomass_1986-2021_processed.csv","2011","b u n+p","44","99.98","KNZ","Grassland","Fertilization","Stock"
"KNZ_Biomass_1986-2021_processed.csv","2011","b u n+p","53","100.725","KNZ","Grassland","Fertilization","Stock"
"KNZ_Biomass_1986-2021_processed.csv","2011","b u n","54","102.955","KNZ","Grassland","Fertilization","Stock"
"KNZ_Biomass_1986-2021_processed.csv","2011","b u p","55","45.64","KNZ","Grassland","Fertilization","Stock"
"KNZ_Biomass_1986-2021_processed.csv","2011","b u c","56","60.155","KNZ","Grassland","Fertilization","Stock"
"KNZ_Biomass_1986-2021_processed.csv","2011","u u c","57","5.475","KNZ","Grassland","Fertilization","Stock"
"KNZ_Biomass_1986-2021_processed.csv","2011","u u n+p","58","8.34","KNZ","Grassland","Fertilization","Stock"
"KNZ_Biomass_1986-2021_processed.csv","2011","u u p","59","0.125","KNZ","Grassland","Fertilization","Stock"
"KNZ_Biomass_1986-2021_processed.csv","2011","u u n","60","2.235","KNZ","Grassland","Fertilization","Stock"
"KNZ_Biomass_1986-2021_processed.csv","2012","u u n","1","14.72","KNZ","Grassland","Fertilization","Stock"
"KNZ_Biomass_1986-2021_processed.csv","2012","u u c","2","13.38","KNZ","Grassland","Fertilization","Stock"
"KNZ_Biomass_1986-2021_processed.csv","2012","u u p","3","9.41","KNZ","Grassland","Fertilization","Stock"
"KNZ_Biomass_1986-2021_processed.csv","2012","u u n+p","4","0.04","KNZ","Grassland","Fertilization","Stock"
"KNZ_Biomass_1986-2021_processed.csv","2012","b u c","13","24.475","KNZ","Grassland","Fertilization","Stock"
"KNZ_Biomass_1986-2021_processed.csv","2012","b u p","14","26.95","KNZ","Grassland","Fertilization","Stock"
"KNZ_Biomass_1986-2021_processed.csv","2012","b u n+p","15","83.13","KNZ","Grassland","Fertilization","Stock"
"KNZ_Biomass_1986-2021_processed.csv","2012","b u n","16","44.305","KNZ","Grassland","Fertilization","Stock"
"KNZ_Biomass_1986-2021_processed.csv","2012","u u n+p","17","45.285","KNZ","Grassland","Fertilization","Stock"
"KNZ_Biomass_1986-2021_processed.csv","2012","u u n","18","34.31","KNZ","Grassland","Fertilization","Stock"
"KNZ_Biomass_1986-2021_processed.csv","2012","u u p","19","19.295","KNZ","Grassland","Fertilization","Stock"
"KNZ_Biomass_1986-2021_processed.csv","2012","u u c","20","26.62","KNZ","Grassland","Fertilization","Stock"
"KNZ_Biomass_1986-2021_processed.csv","2012","b u c","25","31.32","KNZ","Grassland","Fertilization","Stock"
"KNZ_Biomass_1986-2021_processed.csv","2012","b u n+p","26","80.83","KNZ","Grassland","Fertilization","Stock"
"KNZ_Biomass_1986-2021_processed.csv","2012","b u p","27","42.955","KNZ","Grassland","Fertilization","Stock"
"KNZ_Biomass_1986-2021_processed.csv","2012","b u n","28","86.525","KNZ","Grassland","Fertilization","Stock"
"KNZ_Biomass_1986-2021_processed.csv","2012","u u n+p","37","36.925","KNZ","Grassland","Fertilization","Stock"
"KNZ_Biomass_1986-2021_processed.csv","2012","u u c","38","3.17","KNZ","Grassland","Fertilization","Stock"
"KNZ_Biomass_1986-2021_processed.csv","2012","u u p","39","0.08","KNZ","Grassland","Fertilization","Stock"
"KNZ_Biomass_1986-2021_processed.csv","2012","u u n","40","0","KNZ","Grassland","Fertilization","Stock"
"KNZ_Biomass_1986-2021_processed.csv","2012","b u n","41","83.215","KNZ","Grassland","Fertilization","Stock"
"KNZ_Biomass_1986-2021_processed.csv","2012","b u c","42","38.725","KNZ","Grassland","Fertilization","Stock"
"KNZ_Biomass_1986-2021_processed.csv","2012","b u p","43","26.65","KNZ","Grassland","Fertilization","Stock"
"KNZ_Biomass_1986-2021_processed.csv","2012","b u n+p","44","60.29","KNZ","Grassland","Fertilization","Stock"
"KNZ_Biomass_1986-2021_processed.csv","2012","b u n+p","53","113.345","KNZ","Grassland","Fertilization","Stock"
"KNZ_Biomass_1986-2021_processed.csv","2012","b u n","54","109.305","KNZ","Grassland","Fertilization","Stock"
"KNZ_Biomass_1986-2021_processed.csv","2012","b u p","55","34.125","KNZ","Grassland","Fertilization","Stock"
"KNZ_Biomass_1986-2021_processed.csv","2012","b u c","56","43.575","KNZ","Grassland","Fertilization","Stock"
"KNZ_Biomass_1986-2021_processed.csv","2012","u u c","57","2.42","KNZ","Grassland","Fertilization","Stock"
"KNZ_Biomass_1986-2021_processed.csv","2012","u u n+p","58","2.355","KNZ","Grassland","Fertilization","Stock"
"KNZ_Biomass_1986-2021_processed.csv","2012","u u p","59","0.28","KNZ","Grassland","Fertilization","Stock"
"KNZ_Biomass_1986-2021_processed.csv","2012","u u n","60","15.07","KNZ","Grassland","Fertilization","Stock"
"KNZ_Biomass_1986-2021_processed.csv","2013","u u n","1","14.655","KNZ","Grassland","Fertilization","Stock"
"KNZ_Biomass_1986-2021_processed.csv","2013","u u c","2","13.82","KNZ","Grassland","Fertilization","Stock"
"KNZ_Biomass_1986-2021_processed.csv","2013","u u p","3","32.22","KNZ","Grassland","Fertilization","Stock"
"KNZ_Biomass_1986-2021_processed.csv","2013","u u n+p","4","57.54","KNZ","Grassland","Fertilization","Stock"
"KNZ_Biomass_1986-2021_processed.csv","2013","b u c","13","26.015","KNZ","Grassland","Fertilization","Stock"
"KNZ_Biomass_1986-2021_processed.csv","2013","b u p","14","30.245","KNZ","Grassland","Fertilization","Stock"
"KNZ_Biomass_1986-2021_processed.csv","2013","b u n+p","15","96.095","KNZ","Grassland","Fertilization","Stock"
"KNZ_Biomass_1986-2021_processed.csv","2013","b u n","16","92.94","KNZ","Grassland","Fertilization","Stock"
"KNZ_Biomass_1986-2021_processed.csv","2013","u u n+p","17","40.125","KNZ","Grassland","Fertilization","Stock"
"KNZ_Biomass_1986-2021_processed.csv","2013","u u n","18","43.875","KNZ","Grassland","Fertilization","Stock"
"KNZ_Biomass_1986-2021_processed.csv","2013","u u p","19","38.235","KNZ","Grassland","Fertilization","Stock"
"KNZ_Biomass_1986-2021_processed.csv","2013","u u c","20","28.665","KNZ","Grassland","Fertilization","Stock"
"KNZ_Biomass_1986-2021_processed.csv","2013","b u c","25","52.31","KNZ","Grassland","Fertilization","Stock"
"KNZ_Biomass_1986-2021_processed.csv","2013","b u n+p","26","135.42","KNZ","Grassland","Fertilization","Stock"
"KNZ_Biomass_1986-2021_processed.csv","2013","b u p","27","55.12","KNZ","Grassland","Fertilization","Stock"
"KNZ_Biomass_1986-2021_processed.csv","2013","b u n","28","118.08","KNZ","Grassland","Fertilization","Stock"
"KNZ_Biomass_1986-2021_processed.csv","2013","u u n+p","37","11.225","KNZ","Grassland","Fertilization","Stock"
"KNZ_Biomass_1986-2021_processed.csv","2013","u u c","38","5.905","KNZ","Grassland","Fertilization","Stock"
"KNZ_Biomass_1986-2021_processed.csv","2013","u u p","39","7.395","KNZ","Grassland","Fertilization","Stock"
"KNZ_Biomass_1986-2021_processed.csv","2013","u u n","40","19.665","KNZ","Grassland","Fertilization","Stock"
"KNZ_Biomass_1986-2021_processed.csv","2013","b u n","41","81.695","KNZ","Grassland","Fertilization","Stock"
"KNZ_Biomass_1986-2021_processed.csv","2013","b u c","42","54.275","KNZ","Grassland","Fertilization","Stock"
"KNZ_Biomass_1986-2021_processed.csv","2013","b u p","43","58.91","KNZ","Grassland","Fertilization","Stock"
"KNZ_Biomass_1986-2021_processed.csv","2013","b u n+p","44","89.305","KNZ","Grassland","Fertilization","Stock"
"KNZ_Biomass_1986-2021_processed.csv","2013","b u n+p","53","153.015","KNZ","Grassland","Fertilization","Stock"
"KNZ_Biomass_1986-2021_processed.csv","2013","b u n","54","78.48","KNZ","Grassland","Fertilization","Stock"
"KNZ_Biomass_1986-2021_processed.csv","2013","b u p","55","42.3","KNZ","Grassland","Fertilization","Stock"
"KNZ_Biomass_1986-2021_processed.csv","2013","b u c","56","51.965","KNZ","Grassland","Fertilization","Stock"
"KNZ_Biomass_1986-2021_processed.csv","2013","u u c","57","0.005","KNZ","Grassland","Fertilization","Stock"
"KNZ_Biomass_1986-2021_processed.csv","2013","u u n+p","58","9.49","KNZ","Grassland","Fertilization","Stock"
"KNZ_Biomass_1986-2021_processed.csv","2013","u u p","59","0","KNZ","Grassland","Fertilization","Stock"
"KNZ_Biomass_1986-2021_processed.csv","2013","u u n","60","154.14","KNZ","Grassland","Fertilization","Stock"
"KNZ_Biomass_1986-2021_processed.csv","2014","u u n","1","6.185","KNZ","Grassland","Fertilization","Stock"
"KNZ_Biomass_1986-2021_processed.csv","2014","u u c","2","4.305","KNZ","Grassland","Fertilization","Stock"
"KNZ_Biomass_1986-2021_processed.csv","2014","u u p","3","10.3","KNZ","Grassland","Fertilization","Stock"
"KNZ_Biomass_1986-2021_processed.csv","2014","u u n+p","4","0.465","KNZ","Grassland","Fertilization","Stock"
"KNZ_Biomass_1986-2021_processed.csv","2014","b u c","13","35.915","KNZ","Grassland","Fertilization","Stock"
"KNZ_Biomass_1986-2021_processed.csv","2014","b u p","14","41.375","KNZ","Grassland","Fertilization","Stock"
"KNZ_Biomass_1986-2021_processed.csv","2014","b u n+p","15","87.805","KNZ","Grassland","Fertilization","Stock"
"KNZ_Biomass_1986-2021_processed.csv","2014","b u n","16","77.07","KNZ","Grassland","Fertilization","Stock"
"KNZ_Biomass_1986-2021_processed.csv","2014","u u n+p","17","26.185","KNZ","Grassland","Fertilization","Stock"
"KNZ_Biomass_1986-2021_processed.csv","2014","u u n","18","41.455","KNZ","Grassland","Fertilization","Stock"
"KNZ_Biomass_1986-2021_processed.csv","2014","u u p","19","13.22","KNZ","Grassland","Fertilization","Stock"
"KNZ_Biomass_1986-2021_processed.csv","2014","u u c","20","10.905","KNZ","Grassland","Fertilization","Stock"
"KNZ_Biomass_1986-2021_processed.csv","2014","b u c","25","38.835","KNZ","Grassland","Fertilization","Stock"
"KNZ_Biomass_1986-2021_processed.csv","2014","b u n+p","26","74.65","KNZ","Grassland","Fertilization","Stock"
"KNZ_Biomass_1986-2021_processed.csv","2014","b u p","27","34.745","KNZ","Grassland","Fertilization","Stock"
"KNZ_Biomass_1986-2021_processed.csv","2014","b u n","28","90.425","KNZ","Grassland","Fertilization","Stock"
"KNZ_Biomass_1986-2021_processed.csv","2014","u u n+p","37","50.81","KNZ","Grassland","Fertilization","Stock"
"KNZ_Biomass_1986-2021_processed.csv","2014","u u c","38","12.88","KNZ","Grassland","Fertilization","Stock"
"KNZ_Biomass_1986-2021_processed.csv","2014","u u p","39","6.81","KNZ","Grassland","Fertilization","Stock"
"KNZ_Biomass_1986-2021_processed.csv","2014","u u n","40","0","KNZ","Grassland","Fertilization","Stock"
"KNZ_Biomass_1986-2021_processed.csv","2014","b u n","41","42.24","KNZ","Grassland","Fertilization","Stock"
"KNZ_Biomass_1986-2021_processed.csv","2014","b u c","42","70.07","KNZ","Grassland","Fertilization","Stock"
"KNZ_Biomass_1986-2021_processed.csv","2014","b u p","43","31.39","KNZ","Grassland","Fertilization","Stock"
"KNZ_Biomass_1986-2021_processed.csv","2014","b u n+p","44","94.025","KNZ","Grassland","Fertilization","Stock"
"KNZ_Biomass_1986-2021_processed.csv","2014","b u n+p","53","119.215","KNZ","Grassland","Fertilization","Stock"
"KNZ_Biomass_1986-2021_processed.csv","2014","b u n","54","130.37","KNZ","Grassland","Fertilization","Stock"
"KNZ_Biomass_1986-2021_processed.csv","2014","b u p","55","39.73","KNZ","Grassland","Fertilization","Stock"
"KNZ_Biomass_1986-2021_processed.csv","2014","b u c","56","34.255","KNZ","Grassland","Fertilization","Stock"
"KNZ_Biomass_1986-2021_processed.csv","2014","u u c","57","0.29","KNZ","Grassland","Fertilization","Stock"
"KNZ_Biomass_1986-2021_processed.csv","2014","u u n+p","58","0.265","KNZ","Grassland","Fertilization","Stock"
"KNZ_Biomass_1986-2021_processed.csv","2014","u u p","59","1.36","KNZ","Grassland","Fertilization","Stock"
"KNZ_Biomass_1986-2021_processed.csv","2014","u u n","60","0.055","KNZ","Grassland","Fertilization","Stock"
"KNZ_Biomass_1986-2021_processed.csv","2015","u u n","1","34.845","KNZ","Grassland","Fertilization","Stock"
"KNZ_Biomass_1986-2021_processed.csv","2015","u u c","2","11.015","KNZ","Grassland","Fertilization","Stock"
"KNZ_Biomass_1986-2021_processed.csv","2015","u u p","3","33.895","KNZ","Grassland","Fertilization","Stock"
"KNZ_Biomass_1986-2021_processed.csv","2015","u u n+p","4","0","KNZ","Grassland","Fertilization","Stock"
"KNZ_Biomass_1986-2021_processed.csv","2015","b u c","13","45.46","KNZ","Grassland","Fertilization","Stock"
"KNZ_Biomass_1986-2021_processed.csv","2015","b u p","14","37.795","KNZ","Grassland","Fertilization","Stock"
"KNZ_Biomass_1986-2021_processed.csv","2015","b u n+p","15","99.085","KNZ","Grassland","Fertilization","Stock"
"KNZ_Biomass_1986-2021_processed.csv","2015","b u n","16","102.275","KNZ","Grassland","Fertilization","Stock"
"KNZ_Biomass_1986-2021_processed.csv","2015","u u n+p","17","29.325","KNZ","Grassland","Fertilization","Stock"
"KNZ_Biomass_1986-2021_processed.csv","2015","u u n","18","34.865","KNZ","Grassland","Fertilization","Stock"
"KNZ_Biomass_1986-2021_processed.csv","2015","u u p","19","19.9","KNZ","Grassland","Fertilization","Stock"
"KNZ_Biomass_1986-2021_processed.csv","2015","u u c","20","12.71","KNZ","Grassland","Fertilization","Stock"
"KNZ_Biomass_1986-2021_processed.csv","2015","b u c","25","35.96","KNZ","Grassland","Fertilization","Stock"
"KNZ_Biomass_1986-2021_processed.csv","2015","b u n+p","26","99.58","KNZ","Grassland","Fertilization","Stock"
"KNZ_Biomass_1986-2021_processed.csv","2015","b u p","27","39.27","KNZ","Grassland","Fertilization","Stock"
"KNZ_Biomass_1986-2021_processed.csv","2015","b u n","28","214.005","KNZ","Grassland","Fertilization","Stock"
"KNZ_Biomass_1986-2021_processed.csv","2015","u u n+p","37","16.51","KNZ","Grassland","Fertilization","Stock"
"KNZ_Biomass_1986-2021_processed.csv","2015","u u c","38","2.965","KNZ","Grassland","Fertilization","Stock"
"KNZ_Biomass_1986-2021_processed.csv","2015","u u p","39","8.185","KNZ","Grassland","Fertilization","Stock"
"KNZ_Biomass_1986-2021_processed.csv","2015","u u n","40","2.345","KNZ","Grassland","Fertilization","Stock"
"KNZ_Biomass_1986-2021_processed.csv","2015","b u n","41","94.93","KNZ","Grassland","Fertilization","Stock"
"KNZ_Biomass_1986-2021_processed.csv","2015","b u c","42","52.66","KNZ","Grassland","Fertilization","Stock"
"KNZ_Biomass_1986-2021_processed.csv","2015","b u p","43","41.9","KNZ","Grassland","Fertilization","Stock"
"KNZ_Biomass_1986-2021_processed.csv","2015","b u n+p","44","97.76","KNZ","Grassland","Fertilization","Stock"
"KNZ_Biomass_1986-2021_processed.csv","2015","b u n+p","53","180.83","KNZ","Grassland","Fertilization","Stock"
"KNZ_Biomass_1986-2021_processed.csv","2015","b u n","54","185.675","KNZ","Grassland","Fertilization","Stock"
"KNZ_Biomass_1986-2021_processed.csv","2015","b u p","55","64.22","KNZ","Grassland","Fertilization","Stock"
"KNZ_Biomass_1986-2021_processed.csv","2015","b u c","56","66.4","KNZ","Grassland","Fertilization","Stock"
"KNZ_Biomass_1986-2021_processed.csv","2015","u u c","57","1.49","KNZ","Grassland","Fertilization","Stock"
"KNZ_Biomass_1986-2021_processed.csv","2015","u u n+p","58","20.565","KNZ","Grassland","Fertilization","Stock"
"KNZ_Biomass_1986-2021_processed.csv","2015","u u p","59","0","KNZ","Grassland","Fertilization","Stock"
"KNZ_Biomass_1986-2021_processed.csv","2015","u u n","60","0","KNZ","Grassland","Fertilization","Stock"
"KNZ_Biomass_1986-2021_processed.csv","2016","u u n","1","30.725","KNZ","Grassland","Fertilization","Stock"
"KNZ_Biomass_1986-2021_processed.csv","2016","u u c","2","29.71","KNZ","Grassland","Fertilization","Stock"
"KNZ_Biomass_1986-2021_processed.csv","2016","u u p","3","0.12","KNZ","Grassland","Fertilization","Stock"
"KNZ_Biomass_1986-2021_processed.csv","2016","u u n+p","4","1.335","KNZ","Grassland","Fertilization","Stock"
"KNZ_Biomass_1986-2021_processed.csv","2016","b u c","13","40.7","KNZ","Grassland","Fertilization","Stock"
"KNZ_Biomass_1986-2021_processed.csv","2016","b u p","14","58.48","KNZ","Grassland","Fertilization","Stock"
"KNZ_Biomass_1986-2021_processed.csv","2016","b u n+p","15","131.22","KNZ","Grassland","Fertilization","Stock"
"KNZ_Biomass_1986-2021_processed.csv","2016","b u n","16","92.59","KNZ","Grassland","Fertilization","Stock"
"KNZ_Biomass_1986-2021_processed.csv","2016","u u n+p","17","113.05","KNZ","Grassland","Fertilization","Stock"
"KNZ_Biomass_1986-2021_processed.csv","2016","u u n","18","55.6","KNZ","Grassland","Fertilization","Stock"
"KNZ_Biomass_1986-2021_processed.csv","2016","u u p","19","19.945","KNZ","Grassland","Fertilization","Stock"
"KNZ_Biomass_1986-2021_processed.csv","2016","u u c","20","14.17","KNZ","Grassland","Fertilization","Stock"
"KNZ_Biomass_1986-2021_processed.csv","2016","b u c","25","69.68","KNZ","Grassland","Fertilization","Stock"
"KNZ_Biomass_1986-2021_processed.csv","2016","b u n+p","26","128.615","KNZ","Grassland","Fertilization","Stock"
"KNZ_Biomass_1986-2021_processed.csv","2016","b u p","27","86.905","KNZ","Grassland","Fertilization","Stock"
"KNZ_Biomass_1986-2021_processed.csv","2016","b u n","28","133.42","KNZ","Grassland","Fertilization","Stock"
"KNZ_Biomass_1986-2021_processed.csv","2016","u u n+p","37","5.115","KNZ","Grassland","Fertilization","Stock"
"KNZ_Biomass_1986-2021_processed.csv","2016","u u c","38","0.24","KNZ","Grassland","Fertilization","Stock"
"KNZ_Biomass_1986-2021_processed.csv","2016","u u p","39","7.805","KNZ","Grassland","Fertilization","Stock"
"KNZ_Biomass_1986-2021_processed.csv","2016","u u n","40","0","KNZ","Grassland","Fertilization","Stock"
"KNZ_Biomass_1986-2021_processed.csv","2016","b u n","41","168.37","KNZ","Grassland","Fertilization","Stock"
"KNZ_Biomass_1986-2021_processed.csv","2016","b u c","42","55.245","KNZ","Grassland","Fertilization","Stock"
"KNZ_Biomass_1986-2021_processed.csv","2016","b u p","43","55.37","KNZ","Grassland","Fertilization","Stock"
"KNZ_Biomass_1986-2021_processed.csv","2016","b u n+p","44","94.6","KNZ","Grassland","Fertilization","Stock"
"KNZ_Biomass_1986-2021_processed.csv","2016","b u n+p","53","66.475","KNZ","Grassland","Fertilization","Stock"
"KNZ_Biomass_1986-2021_processed.csv","2016","b u n","54","119.4","KNZ","Grassland","Fertilization","Stock"
"KNZ_Biomass_1986-2021_processed.csv","2016","b u p","55","60.51","KNZ","Grassland","Fertilization","Stock"
"KNZ_Biomass_1986-2021_processed.csv","2016","b u c","56","57.485","KNZ","Grassland","Fertilization","Stock"
"KNZ_Biomass_1986-2021_processed.csv","2016","u u c","57","0.385","KNZ","Grassland","Fertilization","Stock"
"KNZ_Biomass_1986-2021_processed.csv","2016","u u n+p","58","0","KNZ","Grassland","Fertilization","Stock"
"KNZ_Biomass_1986-2021_processed.csv","2016","u u p","59","0","KNZ","Grassland","Fertilization","Stock"
"KNZ_Biomass_1986-2021_processed.csv","2016","u u n","60","0.415","KNZ","Grassland","Fertilization","Stock"
"KNZ_Biomass_1986-2021_processed.csv","2017","u u c","2","18.05","KNZ","Grassland","Fertilization","Stock"
"KNZ_Biomass_1986-2021_processed.csv","2017","b u c","13","30.37","KNZ","Grassland","Fertilization","Stock"
"KNZ_Biomass_1986-2021_processed.csv","2017","u u c","20","9.165","KNZ","Grassland","Fertilization","Stock"
"KNZ_Biomass_1986-2021_processed.csv","2017","b u c","25","38.97","KNZ","Grassland","Fertilization","Stock"
"KNZ_Biomass_1986-2021_processed.csv","2017","u u c","38","0.795","KNZ","Grassland","Fertilization","Stock"
"KNZ_Biomass_1986-2021_processed.csv","2017","b u c","42","42.775","KNZ","Grassland","Fertilization","Stock"
"KNZ_Biomass_1986-2021_processed.csv","2017","b u c","56","54.725","KNZ","Grassland","Fertilization","Stock"
"KNZ_Biomass_1986-2021_processed.csv","2017","u u c","57","2.33","KNZ","Grassland","Fertilization","Stock"
"KNZ_Biomass_1986-2021_processed.csv","2018","u u c","2","11.745","KNZ","Grassland","Fertilization","Stock"
"KNZ_Biomass_1986-2021_processed.csv","2018","b u c","13","14.305","KNZ","Grassland","Fertilization","Stock"
"KNZ_Biomass_1986-2021_processed.csv","2018","u u c","20","10.35","KNZ","Grassland","Fertilization","Stock"
"KNZ_Biomass_1986-2021_processed.csv","2018","b u c","25","44.03","KNZ","Grassland","Fertilization","Stock"
"KNZ_Biomass_1986-2021_processed.csv","2018","u u c","38","0.115","KNZ","Grassland","Fertilization","Stock"
"KNZ_Biomass_1986-2021_processed.csv","2018","b u c","42","47.945","KNZ","Grassland","Fertilization","Stock"
"KNZ_Biomass_1986-2021_processed.csv","2018","b u c","56","39.5","KNZ","Grassland","Fertilization","Stock"
"KNZ_Biomass_1986-2021_processed.csv","2018","u u c","57","0","KNZ","Grassland","Fertilization","Stock"
"KNZ_Biomass_1986-2021_processed.csv","2019","u u c","2","20.4","KNZ","Grassland","Fertilization","Stock"
"KNZ_Biomass_1986-2021_processed.csv","2019","b u c","13","52.735","KNZ","Grassland","Fertilization","Stock"
"KNZ_Biomass_1986-2021_processed.csv","2019","u u c","20","5.965","KNZ","Grassland","Fertilization","Stock"
"KNZ_Biomass_1986-2021_processed.csv","2019","b u c","25","57.19","KNZ","Grassland","Fertilization","Stock"
"KNZ_Biomass_1986-2021_processed.csv","2019","u u c","38","0.4","KNZ","Grassland","Fertilization","Stock"
"KNZ_Biomass_1986-2021_processed.csv","2019","b u c","42","51.65","KNZ","Grassland","Fertilization","Stock"
"KNZ_Biomass_1986-2021_processed.csv","2019","b u c","56","49.005","KNZ","Grassland","Fertilization","Stock"
"KNZ_Biomass_1986-2021_processed.csv","2019","u u c","57","0.075","KNZ","Grassland","Fertilization","Stock"
"KNZ_Biomass_1986-2021_processed.csv","2020","u u c","2","9.295","KNZ","Grassland","Fertilization","Stock"
"KNZ_Biomass_1986-2021_processed.csv","2020","b u c","13","46.585","KNZ","Grassland","Fertilization","Stock"
"KNZ_Biomass_1986-2021_processed.csv","2020","u u c","20","6.955","KNZ","Grassland","Fertilization","Stock"
"KNZ_Biomass_1986-2021_processed.csv","2020","b u c","25","51.8","KNZ","Grassland","Fertilization","Stock"
"KNZ_Biomass_1986-2021_processed.csv","2020","u u c","38","0.105","KNZ","Grassland","Fertilization","Stock"
"KNZ_Biomass_1986-2021_processed.csv","2020","b u c","42","81.855","KNZ","Grassland","Fertilization","Stock"
"KNZ_Biomass_1986-2021_processed.csv","2020","b u c","56","59.6","KNZ","Grassland","Fertilization","Stock"
"KNZ_Biomass_1986-2021_processed.csv","2020","u u c","57","0.025","KNZ","Grassland","Fertilization","Stock"
"KNZ_Biomass_1986-2021_processed.csv","2021","u u c","2","4.12","KNZ","Grassland","Fertilization","Stock"
"KNZ_Biomass_1986-2021_processed.csv","2021","b u c","13","27.085","KNZ","Grassland","Fertilization","Stock"
"KNZ_Biomass_1986-2021_processed.csv","2021","u u c","20","1.915","KNZ","Grassland","Fertilization","Stock"
"KNZ_Biomass_1986-2021_processed.csv","2021","b u c","25","50.46","KNZ","Grassland","Fertilization","Stock"
"KNZ_Biomass_1986-2021_processed.csv","2021","u u c","38","0.04","KNZ","Grassland","Fertilization","Stock"
"KNZ_Biomass_1986-2021_processed.csv","2021","b u c","42","46.38","KNZ","Grassland","Fertilization","Stock"
"KNZ_Biomass_1986-2021_processed.csv","2021","b u c","56","31.265","KNZ","Grassland","Fertilization","Stock"
"KNZ_Biomass_1986-2021_processed.csv","2021","u u c","57","0","KNZ","Grassland","Fertilization","Stock"
"LUQ_soil_CO2_flux_2005-2009.csv","2005","Control","A-1","13.32","LUQ","Forest","Vegetation Removal","Flux"
"LUQ_soil_CO2_flux_2005-2009.csv","2005","Control","A-1","18.084","LUQ","Forest","Vegetation Removal","Flux"
"LUQ_soil_CO2_flux_2005-2009.csv","2005","Control","A-1","27.446","LUQ","Forest","Vegetation Removal","Flux"
"LUQ_soil_CO2_flux_2005-2009.csv","2005","Control","A-1","21.444","LUQ","Forest","Vegetation Removal","Flux"
"LUQ_soil_CO2_flux_2005-2009.csv","2005","Control","A-1","10.298","LUQ","Forest","Vegetation Removal","Flux"
"LUQ_soil_CO2_flux_2005-2009.csv","2005","Control","A-1","16.208","LUQ","Forest","Vegetation Removal","Flux"
"LUQ_soil_CO2_flux_2005-2009.csv","2005","Control","A-1","14.414","LUQ","Forest","Vegetation Removal","Flux"
"LUQ_soil_CO2_flux_2005-2009.csv","2006","Control","A-1","13.32","LUQ","Forest","Vegetation Removal","Flux"
"LUQ_soil_CO2_flux_2005-2009.csv","2006","Control","A-1","14.77","LUQ","Forest","Vegetation Removal","Flux"
"LUQ_soil_CO2_flux_2005-2009.csv","2006","Control","A-1","13.696","LUQ","Forest","Vegetation Removal","Flux"
"LUQ_soil_CO2_flux_2005-2009.csv","2006","Control","A-1","21.388","LUQ","Forest","Vegetation Removal","Flux"
"LUQ_soil_CO2_flux_2005-2009.csv","2006","Control","A-1","39.094","LUQ","Forest","Vegetation Removal","Flux"
"LUQ_soil_CO2_flux_2005-2009.csv","2006","Control","A-1","15.508","LUQ","Forest","Vegetation Removal","Flux"
"LUQ_soil_CO2_flux_2005-2009.csv","2006","Control","A-1","20.848","LUQ","Forest","Vegetation Removal","Flux"
"LUQ_soil_CO2_flux_2005-2009.csv","2006","Control","A-1","21.218","LUQ","Forest","Vegetation Removal","Flux"
"LUQ_soil_CO2_flux_2005-2009.csv","2006","Control","A-1","18.974","LUQ","Forest","Vegetation Removal","Flux"
"LUQ_soil_CO2_flux_2005-2009.csv","2006","Control","A-1","19.974","LUQ","Forest","Vegetation Removal","Flux"
"LUQ_soil_CO2_flux_2005-2009.csv","2006","Control","A-1","11.852","LUQ","Forest","Vegetation Removal","Flux"
"LUQ_soil_CO2_flux_2005-2009.csv","2006","Control","A-1","12.942","LUQ","Forest","Vegetation Removal","Flux"
"LUQ_soil_CO2_flux_2005-2009.csv","2007","Control","A-1","7.878","LUQ","Forest","Vegetation Removal","Flux"
"LUQ_soil_CO2_flux_2005-2009.csv","2007","Control","A-1","7.774","LUQ","Forest","Vegetation Removal","Flux"
"LUQ_soil_CO2_flux_2005-2009.csv","2007","Control","A-1","6.402","LUQ","Forest","Vegetation Removal","Flux"
"LUQ_soil_CO2_flux_2005-2009.csv","2007","Control","A-1","8.888","LUQ","Forest","Vegetation Removal","Flux"
"LUQ_soil_CO2_flux_2005-2009.csv","2007","Control","A-1","10.7025","LUQ","Forest","Vegetation Removal","Flux"
"LUQ_soil_CO2_flux_2005-2009.csv","2007","Control","A-1","12.508","LUQ","Forest","Vegetation Removal","Flux"
"LUQ_soil_CO2_flux_2005-2009.csv","2007","Control","A-1","12.606","LUQ","Forest","Vegetation Removal","Flux"
"LUQ_soil_CO2_flux_2005-2009.csv","2007","Control","A-1","13.806","LUQ","Forest","Vegetation Removal","Flux"
"LUQ_soil_CO2_flux_2005-2009.csv","2007","Control","A-1","12.654","LUQ","Forest","Vegetation Removal","Flux"
"LUQ_soil_CO2_flux_2005-2009.csv","2007","Control","A-1","12.45","LUQ","Forest","Vegetation Removal","Flux"
"LUQ_soil_CO2_flux_2005-2009.csv","2007","Control","A-1","7.438","LUQ","Forest","Vegetation Removal","Flux"
"LUQ_soil_CO2_flux_2005-2009.csv","2007","Control","A-1","9.79","LUQ","Forest","Vegetation Removal","Flux"
"LUQ_soil_CO2_flux_2005-2009.csv","2008","Control","A-1","9.156","LUQ","Forest","Vegetation Removal","Flux"
"LUQ_soil_CO2_flux_2005-2009.csv","2008","Control","A-1","10.9625","LUQ","Forest","Vegetation Removal","Flux"
"LUQ_soil_CO2_flux_2005-2009.csv","2008","Control","A-1","3.835","LUQ","Forest","Vegetation Removal","Flux"
"LUQ_soil_CO2_flux_2005-2009.csv","2008","Control","A-1","20.17","LUQ","Forest","Vegetation Removal","Flux"
"LUQ_soil_CO2_flux_2005-2009.csv","2008","Control","A-1","12.09","LUQ","Forest","Vegetation Removal","Flux"
"LUQ_soil_CO2_flux_2005-2009.csv","2008","Control","A-1","15.698","LUQ","Forest","Vegetation Removal","Flux"
"LUQ_soil_CO2_flux_2005-2009.csv","2008","Control","A-1","13.476","LUQ","Forest","Vegetation Removal","Flux"
"LUQ_soil_CO2_flux_2005-2009.csv","2008","Control","A-1","16.842","LUQ","Forest","Vegetation Removal","Flux"
"LUQ_soil_CO2_flux_2005-2009.csv","2008","Control","A-1","13.435","LUQ","Forest","Vegetation Removal","Flux"
"LUQ_soil_CO2_flux_2005-2009.csv","2008","Control","A-1","9.366","LUQ","Forest","Vegetation Removal","Flux"
"LUQ_soil_CO2_flux_2005-2009.csv","2008","Control","A-1","8.59","LUQ","Forest","Vegetation Removal","Flux"
"LUQ_soil_CO2_flux_2005-2009.csv","2008","Control","A-1","8.344","LUQ","Forest","Vegetation Removal","Flux"
"LUQ_soil_CO2_flux_2005-2009.csv","2009","Control","A-1","8.48","LUQ","Forest","Vegetation Removal","Flux"
"LUQ_soil_CO2_flux_2005-2009.csv","2009","Control","A-1","11.028","LUQ","Forest","Vegetation Removal","Flux"
"LUQ_soil_CO2_flux_2005-2009.csv","2009","Control","A-1","9.465","LUQ","Forest","Vegetation Removal","Flux"
"LUQ_soil_CO2_flux_2005-2009.csv","2009","Control","A-1","5.728","LUQ","Forest","Vegetation Removal","Flux"
"LUQ_soil_CO2_flux_2005-2009.csv","2009","Control","A-1","7.344","LUQ","Forest","Vegetation Removal","Flux"
"LUQ_soil_CO2_flux_2005-2009.csv","2009","Control","A-1","14","LUQ","Forest","Vegetation Removal","Flux"
"LUQ_soil_CO2_flux_2005-2009.csv","2009","Control","A-1","15.464","LUQ","Forest","Vegetation Removal","Flux"
"LUQ_soil_CO2_flux_2005-2009.csv","2009","Control","A-1","17.71","LUQ","Forest","Vegetation Removal","Flux"
"LUQ_soil_CO2_flux_2005-2009.csv","2009","Control","A-1","9.636","LUQ","Forest","Vegetation Removal","Flux"
"LUQ_soil_CO2_flux_2005-2009.csv","2009","Control","A-1","10.576","LUQ","Forest","Vegetation Removal","Flux"
"LUQ_soil_CO2_flux_2005-2009.csv","2009","Control","A-1","9.83","LUQ","Forest","Vegetation Removal","Flux"
"LUQ_soil_CO2_flux_2005-2009.csv","2005","Trim & clear","A-2","12.272","LUQ","Forest","Vegetation Removal","Flux"
"LUQ_soil_CO2_flux_2005-2009.csv","2005","Trim & clear","A-2","17.975","LUQ","Forest","Vegetation Removal","Flux"
"LUQ_soil_CO2_flux_2005-2009.csv","2005","Trim & clear","A-2","18.072","LUQ","Forest","Vegetation Removal","Flux"
"LUQ_soil_CO2_flux_2005-2009.csv","2005","Trim & clear","A-2","18.554","LUQ","Forest","Vegetation Removal","Flux"
"LUQ_soil_CO2_flux_2005-2009.csv","2005","Trim & clear","A-2","14.444","LUQ","Forest","Vegetation Removal","Flux"
"LUQ_soil_CO2_flux_2005-2009.csv","2005","Trim & clear","A-2","16.0425","LUQ","Forest","Vegetation Removal","Flux"
"LUQ_soil_CO2_flux_2005-2009.csv","2005","Trim & clear","A-2","16.724","LUQ","Forest","Vegetation Removal","Flux"
"LUQ_soil_CO2_flux_2005-2009.csv","2006","Trim & clear","A-2","12.738","LUQ","Forest","Vegetation Removal","Flux"
"LUQ_soil_CO2_flux_2005-2009.csv","2006","Trim & clear","A-2","16.29","LUQ","Forest","Vegetation Removal","Flux"
"LUQ_soil_CO2_flux_2005-2009.csv","2006","Trim & clear","A-2","11.696","LUQ","Forest","Vegetation Removal","Flux"
"LUQ_soil_CO2_flux_2005-2009.csv","2006","Trim & clear","A-2","16.964","LUQ","Forest","Vegetation Removal","Flux"
"LUQ_soil_CO2_flux_2005-2009.csv","2006","Trim & clear","A-2","22.922","LUQ","Forest","Vegetation Removal","Flux"
"LUQ_soil_CO2_flux_2005-2009.csv","2006","Trim & clear","A-2","13.264","LUQ","Forest","Vegetation Removal","Flux"
"LUQ_soil_CO2_flux_2005-2009.csv","2006","Trim & clear","A-2","15.638","LUQ","Forest","Vegetation Removal","Flux"
"LUQ_soil_CO2_flux_2005-2009.csv","2006","Trim & clear","A-2","18.085","LUQ","Forest","Vegetation Removal","Flux"
"LUQ_soil_CO2_flux_2005-2009.csv","2006","Trim & clear","A-2","22.282","LUQ","Forest","Vegetation Removal","Flux"
"LUQ_soil_CO2_flux_2005-2009.csv","2006","Trim & clear","A-2","13.644","LUQ","Forest","Vegetation Removal","Flux"
"LUQ_soil_CO2_flux_2005-2009.csv","2006","Trim & clear","A-2","16.59","LUQ","Forest","Vegetation Removal","Flux"
"LUQ_soil_CO2_flux_2005-2009.csv","2006","Trim & clear","A-2","9.975","LUQ","Forest","Vegetation Removal","Flux"
"LUQ_soil_CO2_flux_2005-2009.csv","2007","Trim & clear","A-2","8.09","LUQ","Forest","Vegetation Removal","Flux"
"LUQ_soil_CO2_flux_2005-2009.csv","2007","Trim & clear","A-2","8.72","LUQ","Forest","Vegetation Removal","Flux"
"LUQ_soil_CO2_flux_2005-2009.csv","2007","Trim & clear","A-2","11.424","LUQ","Forest","Vegetation Removal","Flux"
"LUQ_soil_CO2_flux_2005-2009.csv","2007","Trim & clear","A-2","10.715","LUQ","Forest","Vegetation Removal","Flux"
"LUQ_soil_CO2_flux_2005-2009.csv","2007","Trim & clear","A-2","19.734","LUQ","Forest","Vegetation Removal","Flux"
"LUQ_soil_CO2_flux_2005-2009.csv","2007","Trim & clear","A-2","15.542","LUQ","Forest","Vegetation Removal","Flux"
"LUQ_soil_CO2_flux_2005-2009.csv","2007","Trim & clear","A-2","11.326","LUQ","Forest","Vegetation Removal","Flux"
"LUQ_soil_CO2_flux_2005-2009.csv","2007","Trim & clear","A-2","12.83","LUQ","Forest","Vegetation Removal","Flux"
"LUQ_soil_CO2_flux_2005-2009.csv","2007","Trim & clear","A-2","14.432","LUQ","Forest","Vegetation Removal","Flux"
"LUQ_soil_CO2_flux_2005-2009.csv","2007","Trim & clear","A-2","11.79","LUQ","Forest","Vegetation Removal","Flux"
"LUQ_soil_CO2_flux_2005-2009.csv","2007","Trim & clear","A-2","12.486","LUQ","Forest","Vegetation Removal","Flux"
"LUQ_soil_CO2_flux_2005-2009.csv","2007","Trim & clear","A-2","6.694","LUQ","Forest","Vegetation Removal","Flux"
"LUQ_soil_CO2_flux_2005-2009.csv","2008","Trim & clear","A-2","11.1825","LUQ","Forest","Vegetation Removal","Flux"
"LUQ_soil_CO2_flux_2005-2009.csv","2008","Trim & clear","A-2","8.58","LUQ","Forest","Vegetation Removal","Flux"
"LUQ_soil_CO2_flux_2005-2009.csv","2008","Trim & clear","A-2","4.4375","LUQ","Forest","Vegetation Removal","Flux"
"LUQ_soil_CO2_flux_2005-2009.csv","2008","Trim & clear","A-2","23.318","LUQ","Forest","Vegetation Removal","Flux"
"LUQ_soil_CO2_flux_2005-2009.csv","2008","Trim & clear","A-2","16.406","LUQ","Forest","Vegetation Removal","Flux"
"LUQ_soil_CO2_flux_2005-2009.csv","2008","Trim & clear","A-2","11.92","LUQ","Forest","Vegetation Removal","Flux"
"LUQ_soil_CO2_flux_2005-2009.csv","2008","Trim & clear","A-2","13.666","LUQ","Forest","Vegetation Removal","Flux"
"LUQ_soil_CO2_flux_2005-2009.csv","2008","Trim & clear","A-2","18.144","LUQ","Forest","Vegetation Removal","Flux"
"LUQ_soil_CO2_flux_2005-2009.csv","2008","Trim & clear","A-2","18.832","LUQ","Forest","Vegetation Removal","Flux"
"LUQ_soil_CO2_flux_2005-2009.csv","2008","Trim & clear","A-2","8.72","LUQ","Forest","Vegetation Removal","Flux"
"LUQ_soil_CO2_flux_2005-2009.csv","2008","Trim & clear","A-2","10.325","LUQ","Forest","Vegetation Removal","Flux"
"LUQ_soil_CO2_flux_2005-2009.csv","2008","Trim & clear","A-2","6.838","LUQ","Forest","Vegetation Removal","Flux"
"LUQ_soil_CO2_flux_2005-2009.csv","2009","Trim & clear","A-2","5.884","LUQ","Forest","Vegetation Removal","Flux"
"LUQ_soil_CO2_flux_2005-2009.csv","2009","Trim & clear","A-2","13.8475","LUQ","Forest","Vegetation Removal","Flux"
"LUQ_soil_CO2_flux_2005-2009.csv","2009","Trim & clear","A-2","7.258","LUQ","Forest","Vegetation Removal","Flux"
"LUQ_soil_CO2_flux_2005-2009.csv","2009","Trim & clear","A-2","14.62","LUQ","Forest","Vegetation Removal","Flux"
"LUQ_soil_CO2_flux_2005-2009.csv","2009","Trim & clear","A-2","9.702","LUQ","Forest","Vegetation Removal","Flux"
"LUQ_soil_CO2_flux_2005-2009.csv","2009","Trim & clear","A-2","13.458","LUQ","Forest","Vegetation Removal","Flux"
"LUQ_soil_CO2_flux_2005-2009.csv","2009","Trim & clear","A-2","15.518","LUQ","Forest","Vegetation Removal","Flux"
"LUQ_soil_CO2_flux_2005-2009.csv","2009","Trim & clear","A-2","16.74","LUQ","Forest","Vegetation Removal","Flux"
"LUQ_soil_CO2_flux_2005-2009.csv","2009","Trim & clear","A-2","9.4775","LUQ","Forest","Vegetation Removal","Flux"
"LUQ_soil_CO2_flux_2005-2009.csv","2009","Trim & clear","A-2","11.024","LUQ","Forest","Vegetation Removal","Flux"
"LUQ_soil_CO2_flux_2005-2009.csv","2009","Trim & clear","A-2","13.662","LUQ","Forest","Vegetation Removal","Flux"
"LUQ_soil_CO2_flux_2005-2009.csv","2005","Trim + debris","A-3","12.3933333333333","LUQ","Forest","Vegetation Removal","Flux"
"LUQ_soil_CO2_flux_2005-2009.csv","2005","Trim + debris","A-3","19.644","LUQ","Forest","Vegetation Removal","Flux"
"LUQ_soil_CO2_flux_2005-2009.csv","2005","Trim + debris","A-3","25.618","LUQ","Forest","Vegetation Removal","Flux"
"LUQ_soil_CO2_flux_2005-2009.csv","2005","Trim + debris","A-3","22.272","LUQ","Forest","Vegetation Removal","Flux"
"LUQ_soil_CO2_flux_2005-2009.csv","2005","Trim + debris","A-3","26.972","LUQ","Forest","Vegetation Removal","Flux"
"LUQ_soil_CO2_flux_2005-2009.csv","2005","Trim + debris","A-3","19.312","LUQ","Forest","Vegetation Removal","Flux"
"LUQ_soil_CO2_flux_2005-2009.csv","2005","Trim + debris","A-3","20.642","LUQ","Forest","Vegetation Removal","Flux"
"LUQ_soil_CO2_flux_2005-2009.csv","2006","Trim + debris","A-3","14.378","LUQ","Forest","Vegetation Removal","Flux"
"LUQ_soil_CO2_flux_2005-2009.csv","2006","Trim + debris","A-3","16.76","LUQ","Forest","Vegetation Removal","Flux"
"LUQ_soil_CO2_flux_2005-2009.csv","2006","Trim + debris","A-3","15.424","LUQ","Forest","Vegetation Removal","Flux"
"LUQ_soil_CO2_flux_2005-2009.csv","2006","Trim + debris","A-3","20.856","LUQ","Forest","Vegetation Removal","Flux"
"LUQ_soil_CO2_flux_2005-2009.csv","2006","Trim + debris","A-3","14.47","LUQ","Forest","Vegetation Removal","Flux"
"LUQ_soil_CO2_flux_2005-2009.csv","2006","Trim + debris","A-3","14.61","LUQ","Forest","Vegetation Removal","Flux"
"LUQ_soil_CO2_flux_2005-2009.csv","2006","Trim + debris","A-3","15.3475","LUQ","Forest","Vegetation Removal","Flux"
"LUQ_soil_CO2_flux_2005-2009.csv","2006","Trim + debris","A-3","15.62","LUQ","Forest","Vegetation Removal","Flux"
"LUQ_soil_CO2_flux_2005-2009.csv","2006","Trim + debris","A-3","19.08","LUQ","Forest","Vegetation Removal","Flux"
"LUQ_soil_CO2_flux_2005-2009.csv","2006","Trim + debris","A-3","18.286","LUQ","Forest","Vegetation Removal","Flux"
"LUQ_soil_CO2_flux_2005-2009.csv","2006","Trim + debris","A-3","13.636","LUQ","Forest","Vegetation Removal","Flux"
"LUQ_soil_CO2_flux_2005-2009.csv","2006","Trim + debris","A-3","14.892","LUQ","Forest","Vegetation Removal","Flux"
"LUQ_soil_CO2_flux_2005-2009.csv","2007","Trim + debris","A-3","10.266","LUQ","Forest","Vegetation Removal","Flux"
"LUQ_soil_CO2_flux_2005-2009.csv","2007","Trim + debris","A-3","10.8625","LUQ","Forest","Vegetation Removal","Flux"
"LUQ_soil_CO2_flux_2005-2009.csv","2007","Trim + debris","A-3","9.026","LUQ","Forest","Vegetation Removal","Flux"
"LUQ_soil_CO2_flux_2005-2009.csv","2007","Trim + debris","A-3","36.51","LUQ","Forest","Vegetation Removal","Flux"
"LUQ_soil_CO2_flux_2005-2009.csv","2007","Trim + debris","A-3","12.69","LUQ","Forest","Vegetation Removal","Flux"
"LUQ_soil_CO2_flux_2005-2009.csv","2007","Trim + debris","A-3","13.87","LUQ","Forest","Vegetation Removal","Flux"
"LUQ_soil_CO2_flux_2005-2009.csv","2007","Trim + debris","A-3","16.702","LUQ","Forest","Vegetation Removal","Flux"
"LUQ_soil_CO2_flux_2005-2009.csv","2007","Trim + debris","A-3","16.148","LUQ","Forest","Vegetation Removal","Flux"
"LUQ_soil_CO2_flux_2005-2009.csv","2007","Trim + debris","A-3","9.282","LUQ","Forest","Vegetation Removal","Flux"
"LUQ_soil_CO2_flux_2005-2009.csv","2007","Trim + debris","A-3","15.38","LUQ","Forest","Vegetation Removal","Flux"
"LUQ_soil_CO2_flux_2005-2009.csv","2007","Trim + debris","A-3","12.622","LUQ","Forest","Vegetation Removal","Flux"
"LUQ_soil_CO2_flux_2005-2009.csv","2007","Trim + debris","A-3","7.24","LUQ","Forest","Vegetation Removal","Flux"
"LUQ_soil_CO2_flux_2005-2009.csv","2008","Trim + debris","A-3","6.506","LUQ","Forest","Vegetation Removal","Flux"
"LUQ_soil_CO2_flux_2005-2009.csv","2008","Trim + debris","A-3","7.8425","LUQ","Forest","Vegetation Removal","Flux"
"LUQ_soil_CO2_flux_2005-2009.csv","2008","Trim + debris","A-3","6.11666666666667","LUQ","Forest","Vegetation Removal","Flux"
"LUQ_soil_CO2_flux_2005-2009.csv","2008","Trim + debris","A-3","17.54","LUQ","Forest","Vegetation Removal","Flux"
"LUQ_soil_CO2_flux_2005-2009.csv","2008","Trim + debris","A-3","11.202","LUQ","Forest","Vegetation Removal","Flux"
"LUQ_soil_CO2_flux_2005-2009.csv","2008","Trim + debris","A-3","15.17","LUQ","Forest","Vegetation Removal","Flux"
"LUQ_soil_CO2_flux_2005-2009.csv","2008","Trim + debris","A-3",NA,"LUQ","Forest","Vegetation Removal","Flux"
"LUQ_soil_CO2_flux_2005-2009.csv","2008","Trim + debris","A-3","17.342","LUQ","Forest","Vegetation Removal","Flux"
"LUQ_soil_CO2_flux_2005-2009.csv","2008","Trim + debris","A-3","11.748","LUQ","Forest","Vegetation Removal","Flux"
"LUQ_soil_CO2_flux_2005-2009.csv","2008","Trim + debris","A-3","13.802","LUQ","Forest","Vegetation Removal","Flux"
"LUQ_soil_CO2_flux_2005-2009.csv","2008","Trim + debris","A-3","9.456","LUQ","Forest","Vegetation Removal","Flux"
"LUQ_soil_CO2_flux_2005-2009.csv","2008","Trim + debris","A-3","10.346","LUQ","Forest","Vegetation Removal","Flux"
"LUQ_soil_CO2_flux_2005-2009.csv","2009","Trim + debris","A-3","8.778","LUQ","Forest","Vegetation Removal","Flux"
"LUQ_soil_CO2_flux_2005-2009.csv","2009","Trim + debris","A-3","12.26","LUQ","Forest","Vegetation Removal","Flux"
"LUQ_soil_CO2_flux_2005-2009.csv","2009","Trim + debris","A-3","6.642","LUQ","Forest","Vegetation Removal","Flux"
"LUQ_soil_CO2_flux_2005-2009.csv","2009","Trim + debris","A-3","8.424","LUQ","Forest","Vegetation Removal","Flux"
"LUQ_soil_CO2_flux_2005-2009.csv","2009","Trim + debris","A-3","6.912","LUQ","Forest","Vegetation Removal","Flux"
"LUQ_soil_CO2_flux_2005-2009.csv","2009","Trim + debris","A-3","13.656","LUQ","Forest","Vegetation Removal","Flux"
"LUQ_soil_CO2_flux_2005-2009.csv","2009","Trim + debris","A-3","15.632","LUQ","Forest","Vegetation Removal","Flux"
"LUQ_soil_CO2_flux_2005-2009.csv","2009","Trim + debris","A-3","9.362","LUQ","Forest","Vegetation Removal","Flux"
"LUQ_soil_CO2_flux_2005-2009.csv","2009","Trim + debris","A-3","6.278","LUQ","Forest","Vegetation Removal","Flux"
"LUQ_soil_CO2_flux_2005-2009.csv","2009","Trim + debris","A-3","16.304","LUQ","Forest","Vegetation Removal","Flux"
"LUQ_soil_CO2_flux_2005-2009.csv","2009","Trim + debris","A-3","14.364","LUQ","Forest","Vegetation Removal","Flux"
"LUQ_soil_CO2_flux_2005-2009.csv","2005","No trim + debris","A-4","11.812","LUQ","Forest","Vegetation Removal","Flux"
"LUQ_soil_CO2_flux_2005-2009.csv","2005","No trim + debris","A-4","21.158","LUQ","Forest","Vegetation Removal","Flux"
"LUQ_soil_CO2_flux_2005-2009.csv","2005","No trim + debris","A-4","23.86","LUQ","Forest","Vegetation Removal","Flux"
"LUQ_soil_CO2_flux_2005-2009.csv","2005","No trim + debris","A-4","29.484","LUQ","Forest","Vegetation Removal","Flux"
"LUQ_soil_CO2_flux_2005-2009.csv","2005","No trim + debris","A-4","27.682","LUQ","Forest","Vegetation Removal","Flux"
"LUQ_soil_CO2_flux_2005-2009.csv","2005","No trim + debris","A-4","25.384","LUQ","Forest","Vegetation Removal","Flux"
"LUQ_soil_CO2_flux_2005-2009.csv","2005","No trim + debris","A-4","34.346","LUQ","Forest","Vegetation Removal","Flux"
"LUQ_soil_CO2_flux_2005-2009.csv","2006","No trim + debris","A-4","20.264","LUQ","Forest","Vegetation Removal","Flux"
"LUQ_soil_CO2_flux_2005-2009.csv","2006","No trim + debris","A-4","14.216","LUQ","Forest","Vegetation Removal","Flux"
"LUQ_soil_CO2_flux_2005-2009.csv","2006","No trim + debris","A-4","16.144","LUQ","Forest","Vegetation Removal","Flux"
"LUQ_soil_CO2_flux_2005-2009.csv","2006","No trim + debris","A-4","18.782","LUQ","Forest","Vegetation Removal","Flux"
"LUQ_soil_CO2_flux_2005-2009.csv","2006","No trim + debris","A-4","23.158","LUQ","Forest","Vegetation Removal","Flux"
"LUQ_soil_CO2_flux_2005-2009.csv","2006","No trim + debris","A-4","17.462","LUQ","Forest","Vegetation Removal","Flux"
"LUQ_soil_CO2_flux_2005-2009.csv","2006","No trim + debris","A-4","20.608","LUQ","Forest","Vegetation Removal","Flux"
"LUQ_soil_CO2_flux_2005-2009.csv","2006","No trim + debris","A-4","26.164","LUQ","Forest","Vegetation Removal","Flux"
"LUQ_soil_CO2_flux_2005-2009.csv","2006","No trim + debris","A-4","19.452","LUQ","Forest","Vegetation Removal","Flux"
"LUQ_soil_CO2_flux_2005-2009.csv","2006","No trim + debris","A-4","21.706","LUQ","Forest","Vegetation Removal","Flux"
"LUQ_soil_CO2_flux_2005-2009.csv","2006","No trim + debris","A-4","18.842","LUQ","Forest","Vegetation Removal","Flux"
"LUQ_soil_CO2_flux_2005-2009.csv","2006","No trim + debris","A-4","18.6","LUQ","Forest","Vegetation Removal","Flux"
"LUQ_soil_CO2_flux_2005-2009.csv","2007","No trim + debris","A-4","12.4275","LUQ","Forest","Vegetation Removal","Flux"
"LUQ_soil_CO2_flux_2005-2009.csv","2007","No trim + debris","A-4","7.794","LUQ","Forest","Vegetation Removal","Flux"
"LUQ_soil_CO2_flux_2005-2009.csv","2007","No trim + debris","A-4","14.816","LUQ","Forest","Vegetation Removal","Flux"
"LUQ_soil_CO2_flux_2005-2009.csv","2007","No trim + debris","A-4","11.735","LUQ","Forest","Vegetation Removal","Flux"
"LUQ_soil_CO2_flux_2005-2009.csv","2007","No trim + debris","A-4","27.44","LUQ","Forest","Vegetation Removal","Flux"
"LUQ_soil_CO2_flux_2005-2009.csv","2007","No trim + debris","A-4","13.002","LUQ","Forest","Vegetation Removal","Flux"
"LUQ_soil_CO2_flux_2005-2009.csv","2007","No trim + debris","A-4","12.486","LUQ","Forest","Vegetation Removal","Flux"
"LUQ_soil_CO2_flux_2005-2009.csv","2007","No trim + debris","A-4","11.392","LUQ","Forest","Vegetation Removal","Flux"
"LUQ_soil_CO2_flux_2005-2009.csv","2007","No trim + debris","A-4","21.206","LUQ","Forest","Vegetation Removal","Flux"
"LUQ_soil_CO2_flux_2005-2009.csv","2007","No trim + debris","A-4","9.236","LUQ","Forest","Vegetation Removal","Flux"
"LUQ_soil_CO2_flux_2005-2009.csv","2007","No trim + debris","A-4","13.35","LUQ","Forest","Vegetation Removal","Flux"
"LUQ_soil_CO2_flux_2005-2009.csv","2007","No trim + debris","A-4","15.0866666666667","LUQ","Forest","Vegetation Removal","Flux"
"LUQ_soil_CO2_flux_2005-2009.csv","2008","No trim + debris","A-4","9.914","LUQ","Forest","Vegetation Removal","Flux"
"LUQ_soil_CO2_flux_2005-2009.csv","2008","No trim + debris","A-4","7.182","LUQ","Forest","Vegetation Removal","Flux"
"LUQ_soil_CO2_flux_2005-2009.csv","2008","No trim + debris","A-4","6.024","LUQ","Forest","Vegetation Removal","Flux"
"LUQ_soil_CO2_flux_2005-2009.csv","2008","No trim + debris","A-4","15.908","LUQ","Forest","Vegetation Removal","Flux"
"LUQ_soil_CO2_flux_2005-2009.csv","2008","No trim + debris","A-4","18.266","LUQ","Forest","Vegetation Removal","Flux"
"LUQ_soil_CO2_flux_2005-2009.csv","2008","No trim + debris","A-4","13.106","LUQ","Forest","Vegetation Removal","Flux"
"LUQ_soil_CO2_flux_2005-2009.csv","2008","No trim + debris","A-4","15.932","LUQ","Forest","Vegetation Removal","Flux"
"LUQ_soil_CO2_flux_2005-2009.csv","2008","No trim + debris","A-4","13.694","LUQ","Forest","Vegetation Removal","Flux"
"LUQ_soil_CO2_flux_2005-2009.csv","2008","No trim + debris","A-4","19.446","LUQ","Forest","Vegetation Removal","Flux"
"LUQ_soil_CO2_flux_2005-2009.csv","2008","No trim + debris","A-4","7.732","LUQ","Forest","Vegetation Removal","Flux"
"LUQ_soil_CO2_flux_2005-2009.csv","2008","No trim + debris","A-4","12.692","LUQ","Forest","Vegetation Removal","Flux"
"LUQ_soil_CO2_flux_2005-2009.csv","2008","No trim + debris","A-4","8.156","LUQ","Forest","Vegetation Removal","Flux"
"LUQ_soil_CO2_flux_2005-2009.csv","2009","No trim + debris","A-4","12.936","LUQ","Forest","Vegetation Removal","Flux"
"LUQ_soil_CO2_flux_2005-2009.csv","2009","No trim + debris","A-4","9.606","LUQ","Forest","Vegetation Removal","Flux"
"LUQ_soil_CO2_flux_2005-2009.csv","2009","No trim + debris","A-4","9.116","LUQ","Forest","Vegetation Removal","Flux"
"LUQ_soil_CO2_flux_2005-2009.csv","2009","No trim + debris","A-4","8.41","LUQ","Forest","Vegetation Removal","Flux"
"LUQ_soil_CO2_flux_2005-2009.csv","2009","No trim + debris","A-4","6.298","LUQ","Forest","Vegetation Removal","Flux"
"LUQ_soil_CO2_flux_2005-2009.csv","2009","No trim + debris","A-4","9.712","LUQ","Forest","Vegetation Removal","Flux"
"LUQ_soil_CO2_flux_2005-2009.csv","2009","No trim + debris","A-4","16.416","LUQ","Forest","Vegetation Removal","Flux"
"LUQ_soil_CO2_flux_2005-2009.csv","2009","No trim + debris","A-4","14.24","LUQ","Forest","Vegetation Removal","Flux"
"LUQ_soil_CO2_flux_2005-2009.csv","2009","No trim + debris","A-4","13.358","LUQ","Forest","Vegetation Removal","Flux"
"LUQ_soil_CO2_flux_2005-2009.csv","2009","No trim + debris","A-4","14.94","LUQ","Forest","Vegetation Removal","Flux"
"LUQ_soil_CO2_flux_2005-2009.csv","2009","No trim + debris","A-4","11.818","LUQ","Forest","Vegetation Removal","Flux"
"LUQ_soil_CO2_flux_2005-2009.csv","2005","Control","B-1","17.865","LUQ","Forest","Vegetation Removal","Flux"
"LUQ_soil_CO2_flux_2005-2009.csv","2005","Control","B-1","13.082","LUQ","Forest","Vegetation Removal","Flux"
"LUQ_soil_CO2_flux_2005-2009.csv","2005","Control","B-1","12.462","LUQ","Forest","Vegetation Removal","Flux"
"LUQ_soil_CO2_flux_2005-2009.csv","2005","Control","B-1","17.57","LUQ","Forest","Vegetation Removal","Flux"
"LUQ_soil_CO2_flux_2005-2009.csv","2005","Control","B-1","19.242","LUQ","Forest","Vegetation Removal","Flux"
"LUQ_soil_CO2_flux_2005-2009.csv","2005","Control","B-1","16.924","LUQ","Forest","Vegetation Removal","Flux"
"LUQ_soil_CO2_flux_2005-2009.csv","2005","Control","B-1","20.124","LUQ","Forest","Vegetation Removal","Flux"
"LUQ_soil_CO2_flux_2005-2009.csv","2005","Control","B-1","28.238","LUQ","Forest","Vegetation Removal","Flux"
"LUQ_soil_CO2_flux_2005-2009.csv","2005","Control","B-1","23.434","LUQ","Forest","Vegetation Removal","Flux"
"LUQ_soil_CO2_flux_2005-2009.csv","2005","Control","B-1","20.054","LUQ","Forest","Vegetation Removal","Flux"
"LUQ_soil_CO2_flux_2005-2009.csv","2006","Control","B-1","20.47","LUQ","Forest","Vegetation Removal","Flux"
"LUQ_soil_CO2_flux_2005-2009.csv","2006","Control","B-1","18.72","LUQ","Forest","Vegetation Removal","Flux"
"LUQ_soil_CO2_flux_2005-2009.csv","2006","Control","B-1","12.46","LUQ","Forest","Vegetation Removal","Flux"
"LUQ_soil_CO2_flux_2005-2009.csv","2006","Control","B-1","19.732","LUQ","Forest","Vegetation Removal","Flux"
"LUQ_soil_CO2_flux_2005-2009.csv","2006","Control","B-1","22.522","LUQ","Forest","Vegetation Removal","Flux"
"LUQ_soil_CO2_flux_2005-2009.csv","2006","Control","B-1","28.395","LUQ","Forest","Vegetation Removal","Flux"
"LUQ_soil_CO2_flux_2005-2009.csv","2006","Control","B-1","15.06","LUQ","Forest","Vegetation Removal","Flux"
"LUQ_soil_CO2_flux_2005-2009.csv","2006","Control","B-1","15.692","LUQ","Forest","Vegetation Removal","Flux"
"LUQ_soil_CO2_flux_2005-2009.csv","2006","Control","B-1","23.406","LUQ","Forest","Vegetation Removal","Flux"
"LUQ_soil_CO2_flux_2005-2009.csv","2006","Control","B-1","19.312","LUQ","Forest","Vegetation Removal","Flux"
"LUQ_soil_CO2_flux_2005-2009.csv","2006","Control","B-1","12.428","LUQ","Forest","Vegetation Removal","Flux"
"LUQ_soil_CO2_flux_2005-2009.csv","2006","Control","B-1","22.244","LUQ","Forest","Vegetation Removal","Flux"
"LUQ_soil_CO2_flux_2005-2009.csv","2007","Control","B-1","16.94","LUQ","Forest","Vegetation Removal","Flux"
"LUQ_soil_CO2_flux_2005-2009.csv","2007","Control","B-1","9.592","LUQ","Forest","Vegetation Removal","Flux"
"LUQ_soil_CO2_flux_2005-2009.csv","2007","Control","B-1","10.182","LUQ","Forest","Vegetation Removal","Flux"
"LUQ_soil_CO2_flux_2005-2009.csv","2007","Control","B-1","10.222","LUQ","Forest","Vegetation Removal","Flux"
"LUQ_soil_CO2_flux_2005-2009.csv","2007","Control","B-1","9.464","LUQ","Forest","Vegetation Removal","Flux"
"LUQ_soil_CO2_flux_2005-2009.csv","2007","Control","B-1","12.604","LUQ","Forest","Vegetation Removal","Flux"
"LUQ_soil_CO2_flux_2005-2009.csv","2007","Control","B-1","11.268","LUQ","Forest","Vegetation Removal","Flux"
"LUQ_soil_CO2_flux_2005-2009.csv","2007","Control","B-1","17.9133333333333","LUQ","Forest","Vegetation Removal","Flux"
"LUQ_soil_CO2_flux_2005-2009.csv","2007","Control","B-1","11.19","LUQ","Forest","Vegetation Removal","Flux"
"LUQ_soil_CO2_flux_2005-2009.csv","2007","Control","B-1","22.9175","LUQ","Forest","Vegetation Removal","Flux"
"LUQ_soil_CO2_flux_2005-2009.csv","2007","Control","B-1","6.5775","LUQ","Forest","Vegetation Removal","Flux"
"LUQ_soil_CO2_flux_2005-2009.csv","2007","Control","B-1","6.4925","LUQ","Forest","Vegetation Removal","Flux"
"LUQ_soil_CO2_flux_2005-2009.csv","2008","Control","B-1","10.4533333333333","LUQ","Forest","Vegetation Removal","Flux"
"LUQ_soil_CO2_flux_2005-2009.csv","2008","Control","B-1",NA,"LUQ","Forest","Vegetation Removal","Flux"
"LUQ_soil_CO2_flux_2005-2009.csv","2008","Control","B-1","12.578","LUQ","Forest","Vegetation Removal","Flux"
"LUQ_soil_CO2_flux_2005-2009.csv","2008","Control","B-1","11.025","LUQ","Forest","Vegetation Removal","Flux"
"LUQ_soil_CO2_flux_2005-2009.csv","2008","Control","B-1","10.672","LUQ","Forest","Vegetation Removal","Flux"
"LUQ_soil_CO2_flux_2005-2009.csv","2008","Control","B-1","13.344","LUQ","Forest","Vegetation Removal","Flux"
"LUQ_soil_CO2_flux_2005-2009.csv","2008","Control","B-1","24.032","LUQ","Forest","Vegetation Removal","Flux"
"LUQ_soil_CO2_flux_2005-2009.csv","2008","Control","B-1","12.5225","LUQ","Forest","Vegetation Removal","Flux"
"LUQ_soil_CO2_flux_2005-2009.csv","2008","Control","B-1","22.122","LUQ","Forest","Vegetation Removal","Flux"
"LUQ_soil_CO2_flux_2005-2009.csv","2008","Control","B-1","13.558","LUQ","Forest","Vegetation Removal","Flux"
"LUQ_soil_CO2_flux_2005-2009.csv","2008","Control","B-1","16.818","LUQ","Forest","Vegetation Removal","Flux"
"LUQ_soil_CO2_flux_2005-2009.csv","2008","Control","B-1","12.7175","LUQ","Forest","Vegetation Removal","Flux"
"LUQ_soil_CO2_flux_2005-2009.csv","2009","Control","B-1","11.695","LUQ","Forest","Vegetation Removal","Flux"
"LUQ_soil_CO2_flux_2005-2009.csv","2009","Control","B-1","8.7525","LUQ","Forest","Vegetation Removal","Flux"
"LUQ_soil_CO2_flux_2005-2009.csv","2009","Control","B-1","8.955","LUQ","Forest","Vegetation Removal","Flux"
"LUQ_soil_CO2_flux_2005-2009.csv","2009","Control","B-1","10.5633333333333","LUQ","Forest","Vegetation Removal","Flux"
"LUQ_soil_CO2_flux_2005-2009.csv","2009","Control","B-1","13.232","LUQ","Forest","Vegetation Removal","Flux"
"LUQ_soil_CO2_flux_2005-2009.csv","2009","Control","B-1","18.445","LUQ","Forest","Vegetation Removal","Flux"
"LUQ_soil_CO2_flux_2005-2009.csv","2009","Control","B-1","19.535","LUQ","Forest","Vegetation Removal","Flux"
"LUQ_soil_CO2_flux_2005-2009.csv","2009","Control","B-1","14.3133333333333","LUQ","Forest","Vegetation Removal","Flux"
"LUQ_soil_CO2_flux_2005-2009.csv","2009","Control","B-1","13.956","LUQ","Forest","Vegetation Removal","Flux"
"LUQ_soil_CO2_flux_2005-2009.csv","2009","Control","B-1","11.16","LUQ","Forest","Vegetation Removal","Flux"
"LUQ_soil_CO2_flux_2005-2009.csv","2009","Control","B-1","10.4925","LUQ","Forest","Vegetation Removal","Flux"
"LUQ_soil_CO2_flux_2005-2009.csv","2005","Trim + debris","B-2","6.7425","LUQ","Forest","Vegetation Removal","Flux"
"LUQ_soil_CO2_flux_2005-2009.csv","2005","Trim + debris","B-2","10.705","LUQ","Forest","Vegetation Removal","Flux"
"LUQ_soil_CO2_flux_2005-2009.csv","2005","Trim + debris","B-2","19.222","LUQ","Forest","Vegetation Removal","Flux"
"LUQ_soil_CO2_flux_2005-2009.csv","2005","Trim + debris","B-2","8.83","LUQ","Forest","Vegetation Removal","Flux"
"LUQ_soil_CO2_flux_2005-2009.csv","2005","Trim + debris","B-2","17.245","LUQ","Forest","Vegetation Removal","Flux"
"LUQ_soil_CO2_flux_2005-2009.csv","2005","Trim + debris","B-2","16.816","LUQ","Forest","Vegetation Removal","Flux"
"LUQ_soil_CO2_flux_2005-2009.csv","2005","Trim + debris","B-2","22.474","LUQ","Forest","Vegetation Removal","Flux"
"LUQ_soil_CO2_flux_2005-2009.csv","2005","Trim + debris","B-2","20.875","LUQ","Forest","Vegetation Removal","Flux"
"LUQ_soil_CO2_flux_2005-2009.csv","2005","Trim + debris","B-2","17.284","LUQ","Forest","Vegetation Removal","Flux"
"LUQ_soil_CO2_flux_2005-2009.csv","2005","Trim + debris","B-2","15.312","LUQ","Forest","Vegetation Removal","Flux"
"LUQ_soil_CO2_flux_2005-2009.csv","2006","Trim + debris","B-2","14.384","LUQ","Forest","Vegetation Removal","Flux"
"LUQ_soil_CO2_flux_2005-2009.csv","2006","Trim + debris","B-2","10.342","LUQ","Forest","Vegetation Removal","Flux"
"LUQ_soil_CO2_flux_2005-2009.csv","2006","Trim + debris","B-2","13.138","LUQ","Forest","Vegetation Removal","Flux"
"LUQ_soil_CO2_flux_2005-2009.csv","2006","Trim + debris","B-2","19.38","LUQ","Forest","Vegetation Removal","Flux"
"LUQ_soil_CO2_flux_2005-2009.csv","2006","Trim + debris","B-2","18.242","LUQ","Forest","Vegetation Removal","Flux"
"LUQ_soil_CO2_flux_2005-2009.csv","2006","Trim + debris","B-2","13.644","LUQ","Forest","Vegetation Removal","Flux"
"LUQ_soil_CO2_flux_2005-2009.csv","2006","Trim + debris","B-2","15.348","LUQ","Forest","Vegetation Removal","Flux"
"LUQ_soil_CO2_flux_2005-2009.csv","2006","Trim + debris","B-2","23.152","LUQ","Forest","Vegetation Removal","Flux"
"LUQ_soil_CO2_flux_2005-2009.csv","2006","Trim + debris","B-2","17.606","LUQ","Forest","Vegetation Removal","Flux"
"LUQ_soil_CO2_flux_2005-2009.csv","2006","Trim + debris","B-2","16.628","LUQ","Forest","Vegetation Removal","Flux"
"LUQ_soil_CO2_flux_2005-2009.csv","2006","Trim + debris","B-2","14.682","LUQ","Forest","Vegetation Removal","Flux"
"LUQ_soil_CO2_flux_2005-2009.csv","2006","Trim + debris","B-2","14.776","LUQ","Forest","Vegetation Removal","Flux"
"LUQ_soil_CO2_flux_2005-2009.csv","2007","Trim + debris","B-2","19.906","LUQ","Forest","Vegetation Removal","Flux"
"LUQ_soil_CO2_flux_2005-2009.csv","2007","Trim + debris","B-2","11.396","LUQ","Forest","Vegetation Removal","Flux"
"LUQ_soil_CO2_flux_2005-2009.csv","2007","Trim + debris","B-2","8.612","LUQ","Forest","Vegetation Removal","Flux"
"LUQ_soil_CO2_flux_2005-2009.csv","2007","Trim + debris","B-2","10.92","LUQ","Forest","Vegetation Removal","Flux"
"LUQ_soil_CO2_flux_2005-2009.csv","2007","Trim + debris","B-2","9.755","LUQ","Forest","Vegetation Removal","Flux"
"LUQ_soil_CO2_flux_2005-2009.csv","2007","Trim + debris","B-2","15.026","LUQ","Forest","Vegetation Removal","Flux"
"LUQ_soil_CO2_flux_2005-2009.csv","2007","Trim + debris","B-2","7.1725","LUQ","Forest","Vegetation Removal","Flux"
"LUQ_soil_CO2_flux_2005-2009.csv","2007","Trim + debris","B-2","10.4075","LUQ","Forest","Vegetation Removal","Flux"
"LUQ_soil_CO2_flux_2005-2009.csv","2007","Trim + debris","B-2","14.215","LUQ","Forest","Vegetation Removal","Flux"
"LUQ_soil_CO2_flux_2005-2009.csv","2007","Trim + debris","B-2","11.5066666666667","LUQ","Forest","Vegetation Removal","Flux"
"LUQ_soil_CO2_flux_2005-2009.csv","2007","Trim + debris","B-2","8.755","LUQ","Forest","Vegetation Removal","Flux"
"LUQ_soil_CO2_flux_2005-2009.csv","2007","Trim + debris","B-2","6.775","LUQ","Forest","Vegetation Removal","Flux"
"LUQ_soil_CO2_flux_2005-2009.csv","2008","Trim + debris","B-2","6.1525","LUQ","Forest","Vegetation Removal","Flux"
"LUQ_soil_CO2_flux_2005-2009.csv","2008","Trim + debris","B-2","9.69666666666667","LUQ","Forest","Vegetation Removal","Flux"
"LUQ_soil_CO2_flux_2005-2009.csv","2008","Trim + debris","B-2","12.564","LUQ","Forest","Vegetation Removal","Flux"
"LUQ_soil_CO2_flux_2005-2009.csv","2008","Trim + debris","B-2","19.7933333333333","LUQ","Forest","Vegetation Removal","Flux"
"LUQ_soil_CO2_flux_2005-2009.csv","2008","Trim + debris","B-2","12.3975","LUQ","Forest","Vegetation Removal","Flux"
"LUQ_soil_CO2_flux_2005-2009.csv","2008","Trim + debris","B-2","14.5","LUQ","Forest","Vegetation Removal","Flux"
"LUQ_soil_CO2_flux_2005-2009.csv","2008","Trim + debris","B-2","18.448","LUQ","Forest","Vegetation Removal","Flux"
"LUQ_soil_CO2_flux_2005-2009.csv","2008","Trim + debris","B-2","12.1525","LUQ","Forest","Vegetation Removal","Flux"
"LUQ_soil_CO2_flux_2005-2009.csv","2008","Trim + debris","B-2","11.175","LUQ","Forest","Vegetation Removal","Flux"
"LUQ_soil_CO2_flux_2005-2009.csv","2008","Trim + debris","B-2","11.05","LUQ","Forest","Vegetation Removal","Flux"
"LUQ_soil_CO2_flux_2005-2009.csv","2008","Trim + debris","B-2","13.802","LUQ","Forest","Vegetation Removal","Flux"
"LUQ_soil_CO2_flux_2005-2009.csv","2008","Trim + debris","B-2","8.086","LUQ","Forest","Vegetation Removal","Flux"
"LUQ_soil_CO2_flux_2005-2009.csv","2009","Trim + debris","B-2","9.854","LUQ","Forest","Vegetation Removal","Flux"
"LUQ_soil_CO2_flux_2005-2009.csv","2009","Trim + debris","B-2","11.9075","LUQ","Forest","Vegetation Removal","Flux"
"LUQ_soil_CO2_flux_2005-2009.csv","2009","Trim + debris","B-2","6.55","LUQ","Forest","Vegetation Removal","Flux"
"LUQ_soil_CO2_flux_2005-2009.csv","2009","Trim + debris","B-2","11.405","LUQ","Forest","Vegetation Removal","Flux"
"LUQ_soil_CO2_flux_2005-2009.csv","2009","Trim + debris","B-2","13.03","LUQ","Forest","Vegetation Removal","Flux"
"LUQ_soil_CO2_flux_2005-2009.csv","2009","Trim + debris","B-2","15.815","LUQ","Forest","Vegetation Removal","Flux"
"LUQ_soil_CO2_flux_2005-2009.csv","2009","Trim + debris","B-2","11.19","LUQ","Forest","Vegetation Removal","Flux"
"LUQ_soil_CO2_flux_2005-2009.csv","2009","Trim + debris","B-2","19.8425","LUQ","Forest","Vegetation Removal","Flux"
"LUQ_soil_CO2_flux_2005-2009.csv","2009","Trim + debris","B-2","12.61","LUQ","Forest","Vegetation Removal","Flux"
"LUQ_soil_CO2_flux_2005-2009.csv","2009","Trim + debris","B-2","13.155","LUQ","Forest","Vegetation Removal","Flux"
"LUQ_soil_CO2_flux_2005-2009.csv","2009","Trim + debris","B-2","6.608","LUQ","Forest","Vegetation Removal","Flux"
"LUQ_soil_CO2_flux_2005-2009.csv","2005","No trim + debris","B-3","15.282","LUQ","Forest","Vegetation Removal","Flux"
"LUQ_soil_CO2_flux_2005-2009.csv","2005","No trim + debris","B-3","9.674","LUQ","Forest","Vegetation Removal","Flux"
"LUQ_soil_CO2_flux_2005-2009.csv","2005","No trim + debris","B-3","17.626","LUQ","Forest","Vegetation Removal","Flux"
"LUQ_soil_CO2_flux_2005-2009.csv","2005","No trim + debris","B-3","19.04","LUQ","Forest","Vegetation Removal","Flux"
"LUQ_soil_CO2_flux_2005-2009.csv","2005","No trim + debris","B-3","20.7375","LUQ","Forest","Vegetation Removal","Flux"
"LUQ_soil_CO2_flux_2005-2009.csv","2005","No trim + debris","B-3","18.708","LUQ","Forest","Vegetation Removal","Flux"
"LUQ_soil_CO2_flux_2005-2009.csv","2005","No trim + debris","B-3","24.295","LUQ","Forest","Vegetation Removal","Flux"
"LUQ_soil_CO2_flux_2005-2009.csv","2005","No trim + debris","B-3","21.878","LUQ","Forest","Vegetation Removal","Flux"
"LUQ_soil_CO2_flux_2005-2009.csv","2005","No trim + debris","B-3","23.838","LUQ","Forest","Vegetation Removal","Flux"
"LUQ_soil_CO2_flux_2005-2009.csv","2005","No trim + debris","B-3","26.206","LUQ","Forest","Vegetation Removal","Flux"
"LUQ_soil_CO2_flux_2005-2009.csv","2006","No trim + debris","B-3","25.726","LUQ","Forest","Vegetation Removal","Flux"
"LUQ_soil_CO2_flux_2005-2009.csv","2006","No trim + debris","B-3","12.516","LUQ","Forest","Vegetation Removal","Flux"
"LUQ_soil_CO2_flux_2005-2009.csv","2006","No trim + debris","B-3","16.59","LUQ","Forest","Vegetation Removal","Flux"
"LUQ_soil_CO2_flux_2005-2009.csv","2006","No trim + debris","B-3","19.604","LUQ","Forest","Vegetation Removal","Flux"
"LUQ_soil_CO2_flux_2005-2009.csv","2006","No trim + debris","B-3","20.34","LUQ","Forest","Vegetation Removal","Flux"
"LUQ_soil_CO2_flux_2005-2009.csv","2006","No trim + debris","B-3","19.368","LUQ","Forest","Vegetation Removal","Flux"
"LUQ_soil_CO2_flux_2005-2009.csv","2006","No trim + debris","B-3","21.54","LUQ","Forest","Vegetation Removal","Flux"
"LUQ_soil_CO2_flux_2005-2009.csv","2006","No trim + debris","B-3","28.4675","LUQ","Forest","Vegetation Removal","Flux"
"LUQ_soil_CO2_flux_2005-2009.csv","2006","No trim + debris","B-3","25.1","LUQ","Forest","Vegetation Removal","Flux"
"LUQ_soil_CO2_flux_2005-2009.csv","2006","No trim + debris","B-3","24.576","LUQ","Forest","Vegetation Removal","Flux"
"LUQ_soil_CO2_flux_2005-2009.csv","2006","No trim + debris","B-3","18.312","LUQ","Forest","Vegetation Removal","Flux"
"LUQ_soil_CO2_flux_2005-2009.csv","2006","No trim + debris","B-3","15.954","LUQ","Forest","Vegetation Removal","Flux"
"LUQ_soil_CO2_flux_2005-2009.csv","2007","No trim + debris","B-3","17.59","LUQ","Forest","Vegetation Removal","Flux"
"LUQ_soil_CO2_flux_2005-2009.csv","2007","No trim + debris","B-3","10.082","LUQ","Forest","Vegetation Removal","Flux"
"LUQ_soil_CO2_flux_2005-2009.csv","2007","No trim + debris","B-3","13.482","LUQ","Forest","Vegetation Removal","Flux"
"LUQ_soil_CO2_flux_2005-2009.csv","2007","No trim + debris","B-3","8.92","LUQ","Forest","Vegetation Removal","Flux"
"LUQ_soil_CO2_flux_2005-2009.csv","2007","No trim + debris","B-3","8.42666666666667","LUQ","Forest","Vegetation Removal","Flux"
"LUQ_soil_CO2_flux_2005-2009.csv","2007","No trim + debris","B-3","9.614","LUQ","Forest","Vegetation Removal","Flux"
"LUQ_soil_CO2_flux_2005-2009.csv","2007","No trim + debris","B-3","16.2975","LUQ","Forest","Vegetation Removal","Flux"
"LUQ_soil_CO2_flux_2005-2009.csv","2007","No trim + debris","B-3","11.8025","LUQ","Forest","Vegetation Removal","Flux"
"LUQ_soil_CO2_flux_2005-2009.csv","2007","No trim + debris","B-3","9.706","LUQ","Forest","Vegetation Removal","Flux"
"LUQ_soil_CO2_flux_2005-2009.csv","2007","No trim + debris","B-3","8.7925","LUQ","Forest","Vegetation Removal","Flux"
"LUQ_soil_CO2_flux_2005-2009.csv","2007","No trim + debris","B-3","12.74","LUQ","Forest","Vegetation Removal","Flux"
"LUQ_soil_CO2_flux_2005-2009.csv","2007","No trim + debris","B-3","8.255","LUQ","Forest","Vegetation Removal","Flux"
"LUQ_soil_CO2_flux_2005-2009.csv","2008","No trim + debris","B-3","87.61","LUQ","Forest","Vegetation Removal","Flux"
"LUQ_soil_CO2_flux_2005-2009.csv","2008","No trim + debris","B-3","13.31","LUQ","Forest","Vegetation Removal","Flux"
"LUQ_soil_CO2_flux_2005-2009.csv","2008","No trim + debris","B-3","13.93","LUQ","Forest","Vegetation Removal","Flux"
"LUQ_soil_CO2_flux_2005-2009.csv","2008","No trim + debris","B-3","15.222","LUQ","Forest","Vegetation Removal","Flux"
"LUQ_soil_CO2_flux_2005-2009.csv","2008","No trim + debris","B-3","12.52","LUQ","Forest","Vegetation Removal","Flux"
"LUQ_soil_CO2_flux_2005-2009.csv","2008","No trim + debris","B-3","15.51","LUQ","Forest","Vegetation Removal","Flux"
"LUQ_soil_CO2_flux_2005-2009.csv","2008","No trim + debris","B-3","17.574","LUQ","Forest","Vegetation Removal","Flux"
"LUQ_soil_CO2_flux_2005-2009.csv","2008","No trim + debris","B-3","21.032","LUQ","Forest","Vegetation Removal","Flux"
"LUQ_soil_CO2_flux_2005-2009.csv","2008","No trim + debris","B-3","16.175","LUQ","Forest","Vegetation Removal","Flux"
"LUQ_soil_CO2_flux_2005-2009.csv","2008","No trim + debris","B-3","13.458","LUQ","Forest","Vegetation Removal","Flux"
"LUQ_soil_CO2_flux_2005-2009.csv","2008","No trim + debris","B-3","18.724","LUQ","Forest","Vegetation Removal","Flux"
"LUQ_soil_CO2_flux_2005-2009.csv","2008","No trim + debris","B-3","12.224","LUQ","Forest","Vegetation Removal","Flux"
"LUQ_soil_CO2_flux_2005-2009.csv","2009","No trim + debris","B-3","10.3325","LUQ","Forest","Vegetation Removal","Flux"
"LUQ_soil_CO2_flux_2005-2009.csv","2009","No trim + debris","B-3","13.4733333333333","LUQ","Forest","Vegetation Removal","Flux"
"LUQ_soil_CO2_flux_2005-2009.csv","2009","No trim + debris","B-3","7.5925","LUQ","Forest","Vegetation Removal","Flux"
"LUQ_soil_CO2_flux_2005-2009.csv","2009","No trim + debris","B-3","11.3825","LUQ","Forest","Vegetation Removal","Flux"
"LUQ_soil_CO2_flux_2005-2009.csv","2009","No trim + debris","B-3","19.36","LUQ","Forest","Vegetation Removal","Flux"
"LUQ_soil_CO2_flux_2005-2009.csv","2009","No trim + debris","B-3","16.4675","LUQ","Forest","Vegetation Removal","Flux"
"LUQ_soil_CO2_flux_2005-2009.csv","2009","No trim + debris","B-3","12.55","LUQ","Forest","Vegetation Removal","Flux"
"LUQ_soil_CO2_flux_2005-2009.csv","2009","No trim + debris","B-3","14.5625","LUQ","Forest","Vegetation Removal","Flux"
"LUQ_soil_CO2_flux_2005-2009.csv","2009","No trim + debris","B-3","23.2725","LUQ","Forest","Vegetation Removal","Flux"
"LUQ_soil_CO2_flux_2005-2009.csv","2009","No trim + debris","B-3","12.9433333333333","LUQ","Forest","Vegetation Removal","Flux"
"LUQ_soil_CO2_flux_2005-2009.csv","2009","No trim + debris","B-3","8.395","LUQ","Forest","Vegetation Removal","Flux"
"LUQ_soil_CO2_flux_2005-2009.csv","2005","Trim & clear","B-4","13.486","LUQ","Forest","Vegetation Removal","Flux"
"LUQ_soil_CO2_flux_2005-2009.csv","2005","Trim & clear","B-4","10.866","LUQ","Forest","Vegetation Removal","Flux"
"LUQ_soil_CO2_flux_2005-2009.csv","2005","Trim & clear","B-4","13.818","LUQ","Forest","Vegetation Removal","Flux"
"LUQ_soil_CO2_flux_2005-2009.csv","2005","Trim & clear","B-4","12.2933333333333","LUQ","Forest","Vegetation Removal","Flux"
"LUQ_soil_CO2_flux_2005-2009.csv","2005","Trim & clear","B-4","21.966","LUQ","Forest","Vegetation Removal","Flux"
"LUQ_soil_CO2_flux_2005-2009.csv","2005","Trim & clear","B-4","9.768","LUQ","Forest","Vegetation Removal","Flux"
"LUQ_soil_CO2_flux_2005-2009.csv","2005","Trim & clear","B-4","13.455","LUQ","Forest","Vegetation Removal","Flux"
"LUQ_soil_CO2_flux_2005-2009.csv","2005","Trim & clear","B-4","20.274","LUQ","Forest","Vegetation Removal","Flux"
"LUQ_soil_CO2_flux_2005-2009.csv","2005","Trim & clear","B-4","21.522","LUQ","Forest","Vegetation Removal","Flux"
"LUQ_soil_CO2_flux_2005-2009.csv","2005","Trim & clear","B-4",NA,"LUQ","Forest","Vegetation Removal","Flux"
"LUQ_soil_CO2_flux_2005-2009.csv","2006","Trim & clear","B-4","15.18","LUQ","Forest","Vegetation Removal","Flux"
"LUQ_soil_CO2_flux_2005-2009.csv","2006","Trim & clear","B-4","16.144","LUQ","Forest","Vegetation Removal","Flux"
"LUQ_soil_CO2_flux_2005-2009.csv","2006","Trim & clear","B-4","12.172","LUQ","Forest","Vegetation Removal","Flux"
"LUQ_soil_CO2_flux_2005-2009.csv","2006","Trim & clear","B-4","12.98","LUQ","Forest","Vegetation Removal","Flux"
"LUQ_soil_CO2_flux_2005-2009.csv","2006","Trim & clear","B-4","20.048","LUQ","Forest","Vegetation Removal","Flux"
"LUQ_soil_CO2_flux_2005-2009.csv","2006","Trim & clear","B-4","11.178","LUQ","Forest","Vegetation Removal","Flux"
"LUQ_soil_CO2_flux_2005-2009.csv","2006","Trim & clear","B-4","15.45","LUQ","Forest","Vegetation Removal","Flux"
"LUQ_soil_CO2_flux_2005-2009.csv","2006","Trim & clear","B-4","20.186","LUQ","Forest","Vegetation Removal","Flux"
"LUQ_soil_CO2_flux_2005-2009.csv","2006","Trim & clear","B-4","15.164","LUQ","Forest","Vegetation Removal","Flux"
"LUQ_soil_CO2_flux_2005-2009.csv","2006","Trim & clear","B-4","9.445","LUQ","Forest","Vegetation Removal","Flux"
"LUQ_soil_CO2_flux_2005-2009.csv","2006","Trim & clear","B-4","12.894","LUQ","Forest","Vegetation Removal","Flux"
"LUQ_soil_CO2_flux_2005-2009.csv","2006","Trim & clear","B-4","14.0375","LUQ","Forest","Vegetation Removal","Flux"
"LUQ_soil_CO2_flux_2005-2009.csv","2007","Trim & clear","B-4","8.862","LUQ","Forest","Vegetation Removal","Flux"
"LUQ_soil_CO2_flux_2005-2009.csv","2007","Trim & clear","B-4","9.435","LUQ","Forest","Vegetation Removal","Flux"
"LUQ_soil_CO2_flux_2005-2009.csv","2007","Trim & clear","B-4","7.11333333333333","LUQ","Forest","Vegetation Removal","Flux"
"LUQ_soil_CO2_flux_2005-2009.csv","2007","Trim & clear","B-4","5.29","LUQ","Forest","Vegetation Removal","Flux"
"LUQ_soil_CO2_flux_2005-2009.csv","2007","Trim & clear","B-4","9.675","LUQ","Forest","Vegetation Removal","Flux"
"LUQ_soil_CO2_flux_2005-2009.csv","2007","Trim & clear","B-4","10.274","LUQ","Forest","Vegetation Removal","Flux"
"LUQ_soil_CO2_flux_2005-2009.csv","2007","Trim & clear","B-4","11.2575","LUQ","Forest","Vegetation Removal","Flux"
"LUQ_soil_CO2_flux_2005-2009.csv","2007","Trim & clear","B-4","18.84","LUQ","Forest","Vegetation Removal","Flux"
"LUQ_soil_CO2_flux_2005-2009.csv","2007","Trim & clear","B-4","6.8","LUQ","Forest","Vegetation Removal","Flux"
"LUQ_soil_CO2_flux_2005-2009.csv","2007","Trim & clear","B-4","8.87666666666667","LUQ","Forest","Vegetation Removal","Flux"
"LUQ_soil_CO2_flux_2005-2009.csv","2007","Trim & clear","B-4","5.656","LUQ","Forest","Vegetation Removal","Flux"
"LUQ_soil_CO2_flux_2005-2009.csv","2007","Trim & clear","B-4","4.85","LUQ","Forest","Vegetation Removal","Flux"
"LUQ_soil_CO2_flux_2005-2009.csv","2008","Trim & clear","B-4",NA,"LUQ","Forest","Vegetation Removal","Flux"
"LUQ_soil_CO2_flux_2005-2009.csv","2008","Trim & clear","B-4","99.595","LUQ","Forest","Vegetation Removal","Flux"
"LUQ_soil_CO2_flux_2005-2009.csv","2008","Trim & clear","B-4","5.84666666666667","LUQ","Forest","Vegetation Removal","Flux"
"LUQ_soil_CO2_flux_2005-2009.csv","2008","Trim & clear","B-4","9.936","LUQ","Forest","Vegetation Removal","Flux"
"LUQ_soil_CO2_flux_2005-2009.csv","2008","Trim & clear","B-4","7.352","LUQ","Forest","Vegetation Removal","Flux"
"LUQ_soil_CO2_flux_2005-2009.csv","2008","Trim & clear","B-4","7.786","LUQ","Forest","Vegetation Removal","Flux"
"LUQ_soil_CO2_flux_2005-2009.csv","2008","Trim & clear","B-4","9.472","LUQ","Forest","Vegetation Removal","Flux"
"LUQ_soil_CO2_flux_2005-2009.csv","2008","Trim & clear","B-4","14.134","LUQ","Forest","Vegetation Removal","Flux"
"LUQ_soil_CO2_flux_2005-2009.csv","2008","Trim & clear","B-4","8.45666666666667","LUQ","Forest","Vegetation Removal","Flux"
"LUQ_soil_CO2_flux_2005-2009.csv","2008","Trim & clear","B-4","14.745","LUQ","Forest","Vegetation Removal","Flux"
"LUQ_soil_CO2_flux_2005-2009.csv","2008","Trim & clear","B-4","9.135","LUQ","Forest","Vegetation Removal","Flux"
"LUQ_soil_CO2_flux_2005-2009.csv","2008","Trim & clear","B-4","6.266","LUQ","Forest","Vegetation Removal","Flux"
"LUQ_soil_CO2_flux_2005-2009.csv","2009","Trim & clear","B-4","9.41","LUQ","Forest","Vegetation Removal","Flux"
"LUQ_soil_CO2_flux_2005-2009.csv","2009","Trim & clear","B-4","10.1933333333333","LUQ","Forest","Vegetation Removal","Flux"
"LUQ_soil_CO2_flux_2005-2009.csv","2009","Trim & clear","B-4","7.49","LUQ","Forest","Vegetation Removal","Flux"
"LUQ_soil_CO2_flux_2005-2009.csv","2009","Trim & clear","B-4","12.92","LUQ","Forest","Vegetation Removal","Flux"
"LUQ_soil_CO2_flux_2005-2009.csv","2009","Trim & clear","B-4","12.24","LUQ","Forest","Vegetation Removal","Flux"
"LUQ_soil_CO2_flux_2005-2009.csv","2009","Trim & clear","B-4","9.89666666666667","LUQ","Forest","Vegetation Removal","Flux"
"LUQ_soil_CO2_flux_2005-2009.csv","2009","Trim & clear","B-4","9.145","LUQ","Forest","Vegetation Removal","Flux"
"LUQ_soil_CO2_flux_2005-2009.csv","2009","Trim & clear","B-4","7.39333333333333","LUQ","Forest","Vegetation Removal","Flux"
"LUQ_soil_CO2_flux_2005-2009.csv","2009","Trim & clear","B-4","10.4166666666667","LUQ","Forest","Vegetation Removal","Flux"
"LUQ_soil_CO2_flux_2005-2009.csv","2009","Trim & clear","B-4","7.26666666666667","LUQ","Forest","Vegetation Removal","Flux"
"LUQ_soil_CO2_flux_2005-2009.csv","2009","Trim & clear","B-4","5.51","LUQ","Forest","Vegetation Removal","Flux"
"LUQ_soil_CO2_flux_2005-2009.csv","2005","No trim + debris","C-1","13.258","LUQ","Forest","Vegetation Removal","Flux"
"LUQ_soil_CO2_flux_2005-2009.csv","2005","No trim + debris","C-1","22.562","LUQ","Forest","Vegetation Removal","Flux"
"LUQ_soil_CO2_flux_2005-2009.csv","2005","No trim + debris","C-1","25.752","LUQ","Forest","Vegetation Removal","Flux"
"LUQ_soil_CO2_flux_2005-2009.csv","2005","No trim + debris","C-1","23.854","LUQ","Forest","Vegetation Removal","Flux"
"LUQ_soil_CO2_flux_2005-2009.csv","2005","No trim + debris","C-1","14.058","LUQ","Forest","Vegetation Removal","Flux"
"LUQ_soil_CO2_flux_2005-2009.csv","2005","No trim + debris","C-1","22.688","LUQ","Forest","Vegetation Removal","Flux"
"LUQ_soil_CO2_flux_2005-2009.csv","2005","No trim + debris","C-1","21.578","LUQ","Forest","Vegetation Removal","Flux"
"LUQ_soil_CO2_flux_2005-2009.csv","2005","No trim + debris","C-1","18.405","LUQ","Forest","Vegetation Removal","Flux"
"LUQ_soil_CO2_flux_2005-2009.csv","2006","No trim + debris","C-1","6.574","LUQ","Forest","Vegetation Removal","Flux"
"LUQ_soil_CO2_flux_2005-2009.csv","2006","No trim + debris","C-1","19.462","LUQ","Forest","Vegetation Removal","Flux"
"LUQ_soil_CO2_flux_2005-2009.csv","2006","No trim + debris","C-1","17.166","LUQ","Forest","Vegetation Removal","Flux"
"LUQ_soil_CO2_flux_2005-2009.csv","2006","No trim + debris","C-1","12.212","LUQ","Forest","Vegetation Removal","Flux"
"LUQ_soil_CO2_flux_2005-2009.csv","2006","No trim + debris","C-1","24.9","LUQ","Forest","Vegetation Removal","Flux"
"LUQ_soil_CO2_flux_2005-2009.csv","2006","No trim + debris","C-1","16.712","LUQ","Forest","Vegetation Removal","Flux"
"LUQ_soil_CO2_flux_2005-2009.csv","2006","No trim + debris","C-1","19.51","LUQ","Forest","Vegetation Removal","Flux"
"LUQ_soil_CO2_flux_2005-2009.csv","2006","No trim + debris","C-1","24.728","LUQ","Forest","Vegetation Removal","Flux"
"LUQ_soil_CO2_flux_2005-2009.csv","2006","No trim + debris","C-1","21.114","LUQ","Forest","Vegetation Removal","Flux"
"LUQ_soil_CO2_flux_2005-2009.csv","2006","No trim + debris","C-1","21.456","LUQ","Forest","Vegetation Removal","Flux"
"LUQ_soil_CO2_flux_2005-2009.csv","2006","No trim + debris","C-1","16.356","LUQ","Forest","Vegetation Removal","Flux"
"LUQ_soil_CO2_flux_2005-2009.csv","2006","No trim + debris","C-1","11.216","LUQ","Forest","Vegetation Removal","Flux"
"LUQ_soil_CO2_flux_2005-2009.csv","2007","No trim + debris","C-1","16.336","LUQ","Forest","Vegetation Removal","Flux"
"LUQ_soil_CO2_flux_2005-2009.csv","2007","No trim + debris","C-1","5.3225","LUQ","Forest","Vegetation Removal","Flux"
"LUQ_soil_CO2_flux_2005-2009.csv","2007","No trim + debris","C-1","9.028","LUQ","Forest","Vegetation Removal","Flux"
"LUQ_soil_CO2_flux_2005-2009.csv","2007","No trim + debris","C-1","15.184","LUQ","Forest","Vegetation Removal","Flux"
"LUQ_soil_CO2_flux_2005-2009.csv","2007","No trim + debris","C-1","11.892","LUQ","Forest","Vegetation Removal","Flux"
"LUQ_soil_CO2_flux_2005-2009.csv","2007","No trim + debris","C-1","9.475","LUQ","Forest","Vegetation Removal","Flux"
"LUQ_soil_CO2_flux_2005-2009.csv","2007","No trim + debris","C-1","16.872","LUQ","Forest","Vegetation Removal","Flux"
"LUQ_soil_CO2_flux_2005-2009.csv","2007","No trim + debris","C-1","12.75","LUQ","Forest","Vegetation Removal","Flux"
"LUQ_soil_CO2_flux_2005-2009.csv","2007","No trim + debris","C-1","13.99","LUQ","Forest","Vegetation Removal","Flux"
"LUQ_soil_CO2_flux_2005-2009.csv","2007","No trim + debris","C-1","13.1625","LUQ","Forest","Vegetation Removal","Flux"
"LUQ_soil_CO2_flux_2005-2009.csv","2007","No trim + debris","C-1","9.534","LUQ","Forest","Vegetation Removal","Flux"
"LUQ_soil_CO2_flux_2005-2009.csv","2007","No trim + debris","C-1","12.348","LUQ","Forest","Vegetation Removal","Flux"
"LUQ_soil_CO2_flux_2005-2009.csv","2008","No trim + debris","C-1","7.4075","LUQ","Forest","Vegetation Removal","Flux"
"LUQ_soil_CO2_flux_2005-2009.csv","2008","No trim + debris","C-1","15.2875","LUQ","Forest","Vegetation Removal","Flux"
"LUQ_soil_CO2_flux_2005-2009.csv","2008","No trim + debris","C-1","8.98","LUQ","Forest","Vegetation Removal","Flux"
"LUQ_soil_CO2_flux_2005-2009.csv","2008","No trim + debris","C-1","16.738","LUQ","Forest","Vegetation Removal","Flux"
"LUQ_soil_CO2_flux_2005-2009.csv","2008","No trim + debris","C-1","6.754","LUQ","Forest","Vegetation Removal","Flux"
"LUQ_soil_CO2_flux_2005-2009.csv","2008","No trim + debris","C-1","12.308","LUQ","Forest","Vegetation Removal","Flux"
"LUQ_soil_CO2_flux_2005-2009.csv","2008","No trim + debris","C-1","14.1625","LUQ","Forest","Vegetation Removal","Flux"
"LUQ_soil_CO2_flux_2005-2009.csv","2008","No trim + debris","C-1",NA,"LUQ","Forest","Vegetation Removal","Flux"
"LUQ_soil_CO2_flux_2005-2009.csv","2008","No trim + debris","C-1","16.09","LUQ","Forest","Vegetation Removal","Flux"
"LUQ_soil_CO2_flux_2005-2009.csv","2008","No trim + debris","C-1","18.682","LUQ","Forest","Vegetation Removal","Flux"
"LUQ_soil_CO2_flux_2005-2009.csv","2008","No trim + debris","C-1","18.144","LUQ","Forest","Vegetation Removal","Flux"
"LUQ_soil_CO2_flux_2005-2009.csv","2008","No trim + debris","C-1","9.014","LUQ","Forest","Vegetation Removal","Flux"
"LUQ_soil_CO2_flux_2005-2009.csv","2009","No trim + debris","C-1","5.78","LUQ","Forest","Vegetation Removal","Flux"
"LUQ_soil_CO2_flux_2005-2009.csv","2009","No trim + debris","C-1","12.336","LUQ","Forest","Vegetation Removal","Flux"
"LUQ_soil_CO2_flux_2005-2009.csv","2009","No trim + debris","C-1","8.306","LUQ","Forest","Vegetation Removal","Flux"
"LUQ_soil_CO2_flux_2005-2009.csv","2009","No trim + debris","C-1","9.84","LUQ","Forest","Vegetation Removal","Flux"
"LUQ_soil_CO2_flux_2005-2009.csv","2009","No trim + debris","C-1","6.186","LUQ","Forest","Vegetation Removal","Flux"
"LUQ_soil_CO2_flux_2005-2009.csv","2009","No trim + debris","C-1","11.09","LUQ","Forest","Vegetation Removal","Flux"
"LUQ_soil_CO2_flux_2005-2009.csv","2009","No trim + debris","C-1","13.508","LUQ","Forest","Vegetation Removal","Flux"
"LUQ_soil_CO2_flux_2005-2009.csv","2009","No trim + debris","C-1","12.658","LUQ","Forest","Vegetation Removal","Flux"
"LUQ_soil_CO2_flux_2005-2009.csv","2009","No trim + debris","C-1","6.022","LUQ","Forest","Vegetation Removal","Flux"
"LUQ_soil_CO2_flux_2005-2009.csv","2009","No trim + debris","C-1","10.224","LUQ","Forest","Vegetation Removal","Flux"
"LUQ_soil_CO2_flux_2005-2009.csv","2009","No trim + debris","C-1","15.122","LUQ","Forest","Vegetation Removal","Flux"
"LUQ_soil_CO2_flux_2005-2009.csv","2005","Trim + debris","C-2","13.696","LUQ","Forest","Vegetation Removal","Flux"
"LUQ_soil_CO2_flux_2005-2009.csv","2005","Trim + debris","C-2","22.32","LUQ","Forest","Vegetation Removal","Flux"
"LUQ_soil_CO2_flux_2005-2009.csv","2005","Trim + debris","C-2","14.65","LUQ","Forest","Vegetation Removal","Flux"
"LUQ_soil_CO2_flux_2005-2009.csv","2005","Trim + debris","C-2","20.552","LUQ","Forest","Vegetation Removal","Flux"
"LUQ_soil_CO2_flux_2005-2009.csv","2005","Trim + debris","C-2","14.6125","LUQ","Forest","Vegetation Removal","Flux"
"LUQ_soil_CO2_flux_2005-2009.csv","2005","Trim + debris","C-2","17.188","LUQ","Forest","Vegetation Removal","Flux"
"LUQ_soil_CO2_flux_2005-2009.csv","2005","Trim + debris","C-2","14.786","LUQ","Forest","Vegetation Removal","Flux"
"LUQ_soil_CO2_flux_2005-2009.csv","2005","Trim + debris","C-2","19.708","LUQ","Forest","Vegetation Removal","Flux"
"LUQ_soil_CO2_flux_2005-2009.csv","2006","Trim + debris","C-2","8.996","LUQ","Forest","Vegetation Removal","Flux"
"LUQ_soil_CO2_flux_2005-2009.csv","2006","Trim + debris","C-2","10.36","LUQ","Forest","Vegetation Removal","Flux"
"LUQ_soil_CO2_flux_2005-2009.csv","2006","Trim + debris","C-2","12.848","LUQ","Forest","Vegetation Removal","Flux"
"LUQ_soil_CO2_flux_2005-2009.csv","2006","Trim + debris","C-2","13.994","LUQ","Forest","Vegetation Removal","Flux"
"LUQ_soil_CO2_flux_2005-2009.csv","2006","Trim + debris","C-2","20.308","LUQ","Forest","Vegetation Removal","Flux"
"LUQ_soil_CO2_flux_2005-2009.csv","2006","Trim + debris","C-2","8.092","LUQ","Forest","Vegetation Removal","Flux"
"LUQ_soil_CO2_flux_2005-2009.csv","2006","Trim + debris","C-2","17.3575","LUQ","Forest","Vegetation Removal","Flux"
"LUQ_soil_CO2_flux_2005-2009.csv","2006","Trim + debris","C-2","14.4475","LUQ","Forest","Vegetation Removal","Flux"
"LUQ_soil_CO2_flux_2005-2009.csv","2006","Trim + debris","C-2","18.86","LUQ","Forest","Vegetation Removal","Flux"
"LUQ_soil_CO2_flux_2005-2009.csv","2006","Trim + debris","C-2","22.542","LUQ","Forest","Vegetation Removal","Flux"
"LUQ_soil_CO2_flux_2005-2009.csv","2006","Trim + debris","C-2","14.56","LUQ","Forest","Vegetation Removal","Flux"
"LUQ_soil_CO2_flux_2005-2009.csv","2006","Trim + debris","C-2","10.18","LUQ","Forest","Vegetation Removal","Flux"
"LUQ_soil_CO2_flux_2005-2009.csv","2007","Trim + debris","C-2","13.39","LUQ","Forest","Vegetation Removal","Flux"
"LUQ_soil_CO2_flux_2005-2009.csv","2007","Trim + debris","C-2","6.032","LUQ","Forest","Vegetation Removal","Flux"
"LUQ_soil_CO2_flux_2005-2009.csv","2007","Trim + debris","C-2","10.15","LUQ","Forest","Vegetation Removal","Flux"
"LUQ_soil_CO2_flux_2005-2009.csv","2007","Trim + debris","C-2","13.052","LUQ","Forest","Vegetation Removal","Flux"
"LUQ_soil_CO2_flux_2005-2009.csv","2007","Trim + debris","C-2","13.875","LUQ","Forest","Vegetation Removal","Flux"
"LUQ_soil_CO2_flux_2005-2009.csv","2007","Trim + debris","C-2","7.94","LUQ","Forest","Vegetation Removal","Flux"
"LUQ_soil_CO2_flux_2005-2009.csv","2007","Trim + debris","C-2","13.722","LUQ","Forest","Vegetation Removal","Flux"
"LUQ_soil_CO2_flux_2005-2009.csv","2007","Trim + debris","C-2","10.082","LUQ","Forest","Vegetation Removal","Flux"
"LUQ_soil_CO2_flux_2005-2009.csv","2007","Trim + debris","C-2","12.706","LUQ","Forest","Vegetation Removal","Flux"
"LUQ_soil_CO2_flux_2005-2009.csv","2007","Trim + debris","C-2","10.872","LUQ","Forest","Vegetation Removal","Flux"
"LUQ_soil_CO2_flux_2005-2009.csv","2007","Trim + debris","C-2","15.638","LUQ","Forest","Vegetation Removal","Flux"
"LUQ_soil_CO2_flux_2005-2009.csv","2007","Trim + debris","C-2","18.33","LUQ","Forest","Vegetation Removal","Flux"
"LUQ_soil_CO2_flux_2005-2009.csv","2008","Trim + debris","C-2","10.366","LUQ","Forest","Vegetation Removal","Flux"
"LUQ_soil_CO2_flux_2005-2009.csv","2008","Trim + debris","C-2","11.354","LUQ","Forest","Vegetation Removal","Flux"
"LUQ_soil_CO2_flux_2005-2009.csv","2008","Trim + debris","C-2","13.87","LUQ","Forest","Vegetation Removal","Flux"
"LUQ_soil_CO2_flux_2005-2009.csv","2008","Trim + debris","C-2","16.6975","LUQ","Forest","Vegetation Removal","Flux"
"LUQ_soil_CO2_flux_2005-2009.csv","2008","Trim + debris","C-2","8.726","LUQ","Forest","Vegetation Removal","Flux"
"LUQ_soil_CO2_flux_2005-2009.csv","2008","Trim + debris","C-2","21.18","LUQ","Forest","Vegetation Removal","Flux"
"LUQ_soil_CO2_flux_2005-2009.csv","2008","Trim + debris","C-2","15.006","LUQ","Forest","Vegetation Removal","Flux"
"LUQ_soil_CO2_flux_2005-2009.csv","2008","Trim + debris","C-2",NA,"LUQ","Forest","Vegetation Removal","Flux"
"LUQ_soil_CO2_flux_2005-2009.csv","2008","Trim + debris","C-2","13.372","LUQ","Forest","Vegetation Removal","Flux"
"LUQ_soil_CO2_flux_2005-2009.csv","2008","Trim + debris","C-2","17.07","LUQ","Forest","Vegetation Removal","Flux"
"LUQ_soil_CO2_flux_2005-2009.csv","2008","Trim + debris","C-2","8.24","LUQ","Forest","Vegetation Removal","Flux"
"LUQ_soil_CO2_flux_2005-2009.csv","2008","Trim + debris","C-2","9.472","LUQ","Forest","Vegetation Removal","Flux"
"LUQ_soil_CO2_flux_2005-2009.csv","2009","Trim + debris","C-2","10.336","LUQ","Forest","Vegetation Removal","Flux"
"LUQ_soil_CO2_flux_2005-2009.csv","2009","Trim + debris","C-2","13.9175","LUQ","Forest","Vegetation Removal","Flux"
"LUQ_soil_CO2_flux_2005-2009.csv","2009","Trim + debris","C-2","11.364","LUQ","Forest","Vegetation Removal","Flux"
"LUQ_soil_CO2_flux_2005-2009.csv","2009","Trim + debris","C-2","9.824","LUQ","Forest","Vegetation Removal","Flux"
"LUQ_soil_CO2_flux_2005-2009.csv","2009","Trim + debris","C-2","8.958","LUQ","Forest","Vegetation Removal","Flux"
"LUQ_soil_CO2_flux_2005-2009.csv","2009","Trim + debris","C-2","13.72","LUQ","Forest","Vegetation Removal","Flux"
"LUQ_soil_CO2_flux_2005-2009.csv","2009","Trim + debris","C-2","12.272","LUQ","Forest","Vegetation Removal","Flux"
"LUQ_soil_CO2_flux_2005-2009.csv","2009","Trim + debris","C-2","13.226","LUQ","Forest","Vegetation Removal","Flux"
"LUQ_soil_CO2_flux_2005-2009.csv","2009","Trim + debris","C-2","8.552","LUQ","Forest","Vegetation Removal","Flux"
"LUQ_soil_CO2_flux_2005-2009.csv","2009","Trim + debris","C-2","10.366","LUQ","Forest","Vegetation Removal","Flux"
"LUQ_soil_CO2_flux_2005-2009.csv","2009","Trim + debris","C-2","9.51","LUQ","Forest","Vegetation Removal","Flux"
"LUQ_soil_CO2_flux_2005-2009.csv","2005","Trim & clear","C-3","8.8525","LUQ","Forest","Vegetation Removal","Flux"
"LUQ_soil_CO2_flux_2005-2009.csv","2005","Trim & clear","C-3","12.02","LUQ","Forest","Vegetation Removal","Flux"
"LUQ_soil_CO2_flux_2005-2009.csv","2005","Trim & clear","C-3","15.2","LUQ","Forest","Vegetation Removal","Flux"
"LUQ_soil_CO2_flux_2005-2009.csv","2005","Trim & clear","C-3","14.07","LUQ","Forest","Vegetation Removal","Flux"
"LUQ_soil_CO2_flux_2005-2009.csv","2005","Trim & clear","C-3","18.854","LUQ","Forest","Vegetation Removal","Flux"
"LUQ_soil_CO2_flux_2005-2009.csv","2005","Trim & clear","C-3","12.472","LUQ","Forest","Vegetation Removal","Flux"
"LUQ_soil_CO2_flux_2005-2009.csv","2005","Trim & clear","C-3","21.118","LUQ","Forest","Vegetation Removal","Flux"
"LUQ_soil_CO2_flux_2005-2009.csv","2005","Trim & clear","C-3","14.534","LUQ","Forest","Vegetation Removal","Flux"
"LUQ_soil_CO2_flux_2005-2009.csv","2006","Trim & clear","C-3","11.515","LUQ","Forest","Vegetation Removal","Flux"
"LUQ_soil_CO2_flux_2005-2009.csv","2006","Trim & clear","C-3","11.988","LUQ","Forest","Vegetation Removal","Flux"
"LUQ_soil_CO2_flux_2005-2009.csv","2006","Trim & clear","C-3","16.224","LUQ","Forest","Vegetation Removal","Flux"
"LUQ_soil_CO2_flux_2005-2009.csv","2006","Trim & clear","C-3","13.74","LUQ","Forest","Vegetation Removal","Flux"
"LUQ_soil_CO2_flux_2005-2009.csv","2006","Trim & clear","C-3","16.0725","LUQ","Forest","Vegetation Removal","Flux"
"LUQ_soil_CO2_flux_2005-2009.csv","2006","Trim & clear","C-3","15.014","LUQ","Forest","Vegetation Removal","Flux"
"LUQ_soil_CO2_flux_2005-2009.csv","2006","Trim & clear","C-3","18.478","LUQ","Forest","Vegetation Removal","Flux"
"LUQ_soil_CO2_flux_2005-2009.csv","2006","Trim & clear","C-3","19.874","LUQ","Forest","Vegetation Removal","Flux"
"LUQ_soil_CO2_flux_2005-2009.csv","2006","Trim & clear","C-3","16.674","LUQ","Forest","Vegetation Removal","Flux"
"LUQ_soil_CO2_flux_2005-2009.csv","2006","Trim & clear","C-3","15.742","LUQ","Forest","Vegetation Removal","Flux"
"LUQ_soil_CO2_flux_2005-2009.csv","2006","Trim & clear","C-3","15.51","LUQ","Forest","Vegetation Removal","Flux"
"LUQ_soil_CO2_flux_2005-2009.csv","2006","Trim & clear","C-3","12.522","LUQ","Forest","Vegetation Removal","Flux"
"LUQ_soil_CO2_flux_2005-2009.csv","2007","Trim & clear","C-3","17.174","LUQ","Forest","Vegetation Removal","Flux"
"LUQ_soil_CO2_flux_2005-2009.csv","2007","Trim & clear","C-3","7.83","LUQ","Forest","Vegetation Removal","Flux"
"LUQ_soil_CO2_flux_2005-2009.csv","2007","Trim & clear","C-3","11.374","LUQ","Forest","Vegetation Removal","Flux"
"LUQ_soil_CO2_flux_2005-2009.csv","2007","Trim & clear","C-3","15.938","LUQ","Forest","Vegetation Removal","Flux"
"LUQ_soil_CO2_flux_2005-2009.csv","2007","Trim & clear","C-3","13.6875","LUQ","Forest","Vegetation Removal","Flux"
"LUQ_soil_CO2_flux_2005-2009.csv","2007","Trim & clear","C-3","10.998","LUQ","Forest","Vegetation Removal","Flux"
"LUQ_soil_CO2_flux_2005-2009.csv","2007","Trim & clear","C-3","15.186","LUQ","Forest","Vegetation Removal","Flux"
"LUQ_soil_CO2_flux_2005-2009.csv","2007","Trim & clear","C-3","9.462","LUQ","Forest","Vegetation Removal","Flux"
"LUQ_soil_CO2_flux_2005-2009.csv","2007","Trim & clear","C-3","11.38","LUQ","Forest","Vegetation Removal","Flux"
"LUQ_soil_CO2_flux_2005-2009.csv","2007","Trim & clear","C-3","12.646","LUQ","Forest","Vegetation Removal","Flux"
"LUQ_soil_CO2_flux_2005-2009.csv","2007","Trim & clear","C-3","13.454","LUQ","Forest","Vegetation Removal","Flux"
"LUQ_soil_CO2_flux_2005-2009.csv","2007","Trim & clear","C-3","14.466","LUQ","Forest","Vegetation Removal","Flux"
"LUQ_soil_CO2_flux_2005-2009.csv","2008","Trim & clear","C-3","10.174","LUQ","Forest","Vegetation Removal","Flux"
"LUQ_soil_CO2_flux_2005-2009.csv","2008","Trim & clear","C-3","18.465","LUQ","Forest","Vegetation Removal","Flux"
"LUQ_soil_CO2_flux_2005-2009.csv","2008","Trim & clear","C-3","10.598","LUQ","Forest","Vegetation Removal","Flux"
"LUQ_soil_CO2_flux_2005-2009.csv","2008","Trim & clear","C-3","14.0875","LUQ","Forest","Vegetation Removal","Flux"
"LUQ_soil_CO2_flux_2005-2009.csv","2008","Trim & clear","C-3","10.614","LUQ","Forest","Vegetation Removal","Flux"
"LUQ_soil_CO2_flux_2005-2009.csv","2008","Trim & clear","C-3","9.4525","LUQ","Forest","Vegetation Removal","Flux"
"LUQ_soil_CO2_flux_2005-2009.csv","2008","Trim & clear","C-3","16.03","LUQ","Forest","Vegetation Removal","Flux"
"LUQ_soil_CO2_flux_2005-2009.csv","2008","Trim & clear","C-3",NA,"LUQ","Forest","Vegetation Removal","Flux"
"LUQ_soil_CO2_flux_2005-2009.csv","2008","Trim & clear","C-3","15.596","LUQ","Forest","Vegetation Removal","Flux"
"LUQ_soil_CO2_flux_2005-2009.csv","2008","Trim & clear","C-3","16.5525","LUQ","Forest","Vegetation Removal","Flux"
"LUQ_soil_CO2_flux_2005-2009.csv","2008","Trim & clear","C-3","8.985","LUQ","Forest","Vegetation Removal","Flux"
"LUQ_soil_CO2_flux_2005-2009.csv","2008","Trim & clear","C-3","8.986","LUQ","Forest","Vegetation Removal","Flux"
"LUQ_soil_CO2_flux_2005-2009.csv","2009","Trim & clear","C-3","13.9266666666667","LUQ","Forest","Vegetation Removal","Flux"
"LUQ_soil_CO2_flux_2005-2009.csv","2009","Trim & clear","C-3","10.26","LUQ","Forest","Vegetation Removal","Flux"
"LUQ_soil_CO2_flux_2005-2009.csv","2009","Trim & clear","C-3","7.03","LUQ","Forest","Vegetation Removal","Flux"
"LUQ_soil_CO2_flux_2005-2009.csv","2009","Trim & clear","C-3","9.382","LUQ","Forest","Vegetation Removal","Flux"
"LUQ_soil_CO2_flux_2005-2009.csv","2009","Trim & clear","C-3","8.872","LUQ","Forest","Vegetation Removal","Flux"
"LUQ_soil_CO2_flux_2005-2009.csv","2009","Trim & clear","C-3","16.688","LUQ","Forest","Vegetation Removal","Flux"
"LUQ_soil_CO2_flux_2005-2009.csv","2009","Trim & clear","C-3","14.554","LUQ","Forest","Vegetation Removal","Flux"
"LUQ_soil_CO2_flux_2005-2009.csv","2009","Trim & clear","C-3","9.892","LUQ","Forest","Vegetation Removal","Flux"
"LUQ_soil_CO2_flux_2005-2009.csv","2009","Trim & clear","C-3","9.344","LUQ","Forest","Vegetation Removal","Flux"
"LUQ_soil_CO2_flux_2005-2009.csv","2009","Trim & clear","C-3","10.238","LUQ","Forest","Vegetation Removal","Flux"
"LUQ_soil_CO2_flux_2005-2009.csv","2009","Trim & clear","C-3","6.722","LUQ","Forest","Vegetation Removal","Flux"
"LUQ_soil_CO2_flux_2005-2009.csv","2005","Control","C-4","11.246","LUQ","Forest","Vegetation Removal","Flux"
"LUQ_soil_CO2_flux_2005-2009.csv","2005","Control","C-4","9.87","LUQ","Forest","Vegetation Removal","Flux"
"LUQ_soil_CO2_flux_2005-2009.csv","2005","Control","C-4","20.656","LUQ","Forest","Vegetation Removal","Flux"
"LUQ_soil_CO2_flux_2005-2009.csv","2005","Control","C-4","13.37","LUQ","Forest","Vegetation Removal","Flux"
"LUQ_soil_CO2_flux_2005-2009.csv","2005","Control","C-4","19.22","LUQ","Forest","Vegetation Removal","Flux"
"LUQ_soil_CO2_flux_2005-2009.csv","2005","Control","C-4","17.028","LUQ","Forest","Vegetation Removal","Flux"
"LUQ_soil_CO2_flux_2005-2009.csv","2005","Control","C-4","21.908","LUQ","Forest","Vegetation Removal","Flux"
"LUQ_soil_CO2_flux_2005-2009.csv","2005","Control","C-4","19.442","LUQ","Forest","Vegetation Removal","Flux"
"LUQ_soil_CO2_flux_2005-2009.csv","2006","Control","C-4","16.698","LUQ","Forest","Vegetation Removal","Flux"
"LUQ_soil_CO2_flux_2005-2009.csv","2006","Control","C-4","15.122","LUQ","Forest","Vegetation Removal","Flux"
"LUQ_soil_CO2_flux_2005-2009.csv","2006","Control","C-4","12.864","LUQ","Forest","Vegetation Removal","Flux"
"LUQ_soil_CO2_flux_2005-2009.csv","2006","Control","C-4","16.242","LUQ","Forest","Vegetation Removal","Flux"
"LUQ_soil_CO2_flux_2005-2009.csv","2006","Control","C-4","20.58","LUQ","Forest","Vegetation Removal","Flux"
"LUQ_soil_CO2_flux_2005-2009.csv","2006","Control","C-4","15.816","LUQ","Forest","Vegetation Removal","Flux"
"LUQ_soil_CO2_flux_2005-2009.csv","2006","Control","C-4","15.008","LUQ","Forest","Vegetation Removal","Flux"
"LUQ_soil_CO2_flux_2005-2009.csv","2006","Control","C-4","20.708","LUQ","Forest","Vegetation Removal","Flux"
"LUQ_soil_CO2_flux_2005-2009.csv","2006","Control","C-4","17.414","LUQ","Forest","Vegetation Removal","Flux"
"LUQ_soil_CO2_flux_2005-2009.csv","2006","Control","C-4","15.342","LUQ","Forest","Vegetation Removal","Flux"
"LUQ_soil_CO2_flux_2005-2009.csv","2006","Control","C-4","22.61","LUQ","Forest","Vegetation Removal","Flux"
"LUQ_soil_CO2_flux_2005-2009.csv","2006","Control","C-4","14.864","LUQ","Forest","Vegetation Removal","Flux"
"LUQ_soil_CO2_flux_2005-2009.csv","2007","Control","C-4","9.666","LUQ","Forest","Vegetation Removal","Flux"
"LUQ_soil_CO2_flux_2005-2009.csv","2007","Control","C-4","8.94","LUQ","Forest","Vegetation Removal","Flux"
"LUQ_soil_CO2_flux_2005-2009.csv","2007","Control","C-4","15.312","LUQ","Forest","Vegetation Removal","Flux"
"LUQ_soil_CO2_flux_2005-2009.csv","2007","Control","C-4","12.424","LUQ","Forest","Vegetation Removal","Flux"
"LUQ_soil_CO2_flux_2005-2009.csv","2007","Control","C-4","11.96","LUQ","Forest","Vegetation Removal","Flux"
"LUQ_soil_CO2_flux_2005-2009.csv","2007","Control","C-4","7.194","LUQ","Forest","Vegetation Removal","Flux"
"LUQ_soil_CO2_flux_2005-2009.csv","2007","Control","C-4","15.65","LUQ","Forest","Vegetation Removal","Flux"
"LUQ_soil_CO2_flux_2005-2009.csv","2007","Control","C-4","14.64","LUQ","Forest","Vegetation Removal","Flux"
"LUQ_soil_CO2_flux_2005-2009.csv","2007","Control","C-4","9.686","LUQ","Forest","Vegetation Removal","Flux"
"LUQ_soil_CO2_flux_2005-2009.csv","2007","Control","C-4","13.968","LUQ","Forest","Vegetation Removal","Flux"
"LUQ_soil_CO2_flux_2005-2009.csv","2007","Control","C-4","10.578","LUQ","Forest","Vegetation Removal","Flux"
"LUQ_soil_CO2_flux_2005-2009.csv","2007","Control","C-4","8.5725","LUQ","Forest","Vegetation Removal","Flux"
"LUQ_soil_CO2_flux_2005-2009.csv","2008","Control","C-4","11.162","LUQ","Forest","Vegetation Removal","Flux"
"LUQ_soil_CO2_flux_2005-2009.csv","2008","Control","C-4","10.132","LUQ","Forest","Vegetation Removal","Flux"
"LUQ_soil_CO2_flux_2005-2009.csv","2008","Control","C-4","10.81","LUQ","Forest","Vegetation Removal","Flux"
"LUQ_soil_CO2_flux_2005-2009.csv","2008","Control","C-4","15.062","LUQ","Forest","Vegetation Removal","Flux"
"LUQ_soil_CO2_flux_2005-2009.csv","2008","Control","C-4","14.72","LUQ","Forest","Vegetation Removal","Flux"
"LUQ_soil_CO2_flux_2005-2009.csv","2008","Control","C-4","6.388","LUQ","Forest","Vegetation Removal","Flux"
"LUQ_soil_CO2_flux_2005-2009.csv","2008","Control","C-4","15.734","LUQ","Forest","Vegetation Removal","Flux"
"LUQ_soil_CO2_flux_2005-2009.csv","2008","Control","C-4",NA,"LUQ","Forest","Vegetation Removal","Flux"
"LUQ_soil_CO2_flux_2005-2009.csv","2008","Control","C-4","18.212","LUQ","Forest","Vegetation Removal","Flux"
"LUQ_soil_CO2_flux_2005-2009.csv","2008","Control","C-4","13.894","LUQ","Forest","Vegetation Removal","Flux"
"LUQ_soil_CO2_flux_2005-2009.csv","2008","Control","C-4","10.4733333333333","LUQ","Forest","Vegetation Removal","Flux"
"LUQ_soil_CO2_flux_2005-2009.csv","2008","Control","C-4","13.538","LUQ","Forest","Vegetation Removal","Flux"
"LUQ_soil_CO2_flux_2005-2009.csv","2009","Control","C-4","15.634","LUQ","Forest","Vegetation Removal","Flux"
"LUQ_soil_CO2_flux_2005-2009.csv","2009","Control","C-4","9.565","LUQ","Forest","Vegetation Removal","Flux"
"LUQ_soil_CO2_flux_2005-2009.csv","2009","Control","C-4","8.158","LUQ","Forest","Vegetation Removal","Flux"
"LUQ_soil_CO2_flux_2005-2009.csv","2009","Control","C-4","11.008","LUQ","Forest","Vegetation Removal","Flux"
"LUQ_soil_CO2_flux_2005-2009.csv","2009","Control","C-4","8.7","LUQ","Forest","Vegetation Removal","Flux"
"LUQ_soil_CO2_flux_2005-2009.csv","2009","Control","C-4","13.264","LUQ","Forest","Vegetation Removal","Flux"
"LUQ_soil_CO2_flux_2005-2009.csv","2009","Control","C-4","13.185","LUQ","Forest","Vegetation Removal","Flux"
"LUQ_soil_CO2_flux_2005-2009.csv","2009","Control","C-4","10.39","LUQ","Forest","Vegetation Removal","Flux"
"LUQ_soil_CO2_flux_2005-2009.csv","2009","Control","C-4","8.754","LUQ","Forest","Vegetation Removal","Flux"
"LUQ_soil_CO2_flux_2005-2009.csv","2009","Control","C-4","12.318","LUQ","Forest","Vegetation Removal","Flux"
"LUQ_soil_CO2_flux_2005-2009.csv","2009","Control","C-4","12.542","LUQ","Forest","Vegetation Removal","Flux"
"MCM_CO2flux_2003-2010_processed.csv","2003","C","Bonney 1","0.0787","MCM","Tundra","Fertilization","Flux"
"MCM_CO2flux_2003-2010_processed.csv","2003","CN","Bonney 1","0.0707","MCM","Tundra","Fertilization","Flux"
"MCM_CO2flux_2003-2010_processed.csv","2003","CP","Bonney 1","0.0889","MCM","Tundra","Fertilization","Flux"
"MCM_CO2flux_2003-2010_processed.csv","2003","N","Bonney 1","0.0704","MCM","Tundra","Fertilization","Flux"
"MCM_CO2flux_2003-2010_processed.csv","2003","P","Bonney 1","0.0585","MCM","Tundra","Fertilization","Flux"
"MCM_CO2flux_2003-2010_processed.csv","2003","W","Bonney 1","0.0661","MCM","Tundra","Fertilization","Flux"
"MCM_CO2flux_2003-2010_processed.csv","2003","C","Bonney 2","0.1917","MCM","Tundra","Fertilization","Flux"
"MCM_CO2flux_2003-2010_processed.csv","2003","CN","Bonney 2","0.193","MCM","Tundra","Fertilization","Flux"
"MCM_CO2flux_2003-2010_processed.csv","2003","CP","Bonney 2","0.003","MCM","Tundra","Fertilization","Flux"
"MCM_CO2flux_2003-2010_processed.csv","2003","N","Bonney 2","0.083","MCM","Tundra","Fertilization","Flux"
"MCM_CO2flux_2003-2010_processed.csv","2003","P","Bonney 2","0.1343","MCM","Tundra","Fertilization","Flux"
"MCM_CO2flux_2003-2010_processed.csv","2003","W","Bonney 2","0.1177","MCM","Tundra","Fertilization","Flux"
"MCM_CO2flux_2003-2010_processed.csv","2003","C","Bonney 5","0.1","MCM","Tundra","Fertilization","Flux"
"MCM_CO2flux_2003-2010_processed.csv","2003","CN","Bonney 5","0.0994","MCM","Tundra","Fertilization","Flux"
"MCM_CO2flux_2003-2010_processed.csv","2003","CP","Bonney 5","0.1167","MCM","Tundra","Fertilization","Flux"
"MCM_CO2flux_2003-2010_processed.csv","2003","N","Bonney 5","0.0477","MCM","Tundra","Fertilization","Flux"
"MCM_CO2flux_2003-2010_processed.csv","2003","P","Bonney 5","0.0912","MCM","Tundra","Fertilization","Flux"
"MCM_CO2flux_2003-2010_processed.csv","2003","W","Bonney 5","0.1607","MCM","Tundra","Fertilization","Flux"
"MCM_CO2flux_2003-2010_processed.csv","2003","C","Bonney 6","0.0749","MCM","Tundra","Fertilization","Flux"
"MCM_CO2flux_2003-2010_processed.csv","2003","CN","Bonney 6","0.139","MCM","Tundra","Fertilization","Flux"
"MCM_CO2flux_2003-2010_processed.csv","2003","CP","Bonney 6","-0.0096","MCM","Tundra","Fertilization","Flux"
"MCM_CO2flux_2003-2010_processed.csv","2003","N","Bonney 6","0.0468","MCM","Tundra","Fertilization","Flux"
"MCM_CO2flux_2003-2010_processed.csv","2003","P","Bonney 6","0.0232","MCM","Tundra","Fertilization","Flux"
"MCM_CO2flux_2003-2010_processed.csv","2003","W","Bonney 6","0.0551","MCM","Tundra","Fertilization","Flux"
"MCM_CO2flux_2003-2010_processed.csv","2007","C","Fryxell 1","0.306","MCM","Tundra","Fertilization","Flux"
"MCM_CO2flux_2003-2010_processed.csv","2007","CN","Fryxell 1","0.506","MCM","Tundra","Fertilization","Flux"
"MCM_CO2flux_2003-2010_processed.csv","2007","CP","Fryxell 1","0.273","MCM","Tundra","Fertilization","Flux"
"MCM_CO2flux_2003-2010_processed.csv","2007","N","Fryxell 1","0.441","MCM","Tundra","Fertilization","Flux"
"MCM_CO2flux_2003-2010_processed.csv","2007","P","Fryxell 1","0.217","MCM","Tundra","Fertilization","Flux"
"MCM_CO2flux_2003-2010_processed.csv","2007","W","Fryxell 1","0.243","MCM","Tundra","Fertilization","Flux"
"MCM_CO2flux_2003-2010_processed.csv","2007","C","Fryxell 2","0.239","MCM","Tundra","Fertilization","Flux"
"MCM_CO2flux_2003-2010_processed.csv","2007","CN","Fryxell 2","0.258","MCM","Tundra","Fertilization","Flux"
"MCM_CO2flux_2003-2010_processed.csv","2007","CP","Fryxell 2","0.324","MCM","Tundra","Fertilization","Flux"
"MCM_CO2flux_2003-2010_processed.csv","2007","N","Fryxell 2","0.204","MCM","Tundra","Fertilization","Flux"
"MCM_CO2flux_2003-2010_processed.csv","2007","P","Fryxell 2","0.251","MCM","Tundra","Fertilization","Flux"
"MCM_CO2flux_2003-2010_processed.csv","2007","W","Fryxell 2","0.368","MCM","Tundra","Fertilization","Flux"
"MCM_CO2flux_2003-2010_processed.csv","2007","C","Fryxell 5","0.347","MCM","Tundra","Fertilization","Flux"
"MCM_CO2flux_2003-2010_processed.csv","2007","CN","Fryxell 5","0.134","MCM","Tundra","Fertilization","Flux"
"MCM_CO2flux_2003-2010_processed.csv","2007","CP","Fryxell 5","0.345","MCM","Tundra","Fertilization","Flux"
"MCM_CO2flux_2003-2010_processed.csv","2007","N","Fryxell 5","0.383","MCM","Tundra","Fertilization","Flux"
"MCM_CO2flux_2003-2010_processed.csv","2007","P","Fryxell 5","0.442","MCM","Tundra","Fertilization","Flux"
"MCM_CO2flux_2003-2010_processed.csv","2007","W","Fryxell 5","0.247","MCM","Tundra","Fertilization","Flux"
"MCM_CO2flux_2003-2010_processed.csv","2007","C","Fryxell 6","0.417","MCM","Tundra","Fertilization","Flux"
"MCM_CO2flux_2003-2010_processed.csv","2007","CN","Fryxell 6","0.216","MCM","Tundra","Fertilization","Flux"
"MCM_CO2flux_2003-2010_processed.csv","2007","CP","Fryxell 6","0.243","MCM","Tundra","Fertilization","Flux"
"MCM_CO2flux_2003-2010_processed.csv","2007","N","Fryxell 6","0.367","MCM","Tundra","Fertilization","Flux"
"MCM_CO2flux_2003-2010_processed.csv","2007","P","Fryxell 6","0.098","MCM","Tundra","Fertilization","Flux"
"MCM_CO2flux_2003-2010_processed.csv","2007","W","Fryxell 6","0.072","MCM","Tundra","Fertilization","Flux"
"MCM_CO2flux_2003-2010_processed.csv","2008","C","Bonney 1","0.15","MCM","Tundra","Fertilization","Flux"
"MCM_CO2flux_2003-2010_processed.csv","2008","CN","Bonney 1","0.31","MCM","Tundra","Fertilization","Flux"
"MCM_CO2flux_2003-2010_processed.csv","2008","CP","Bonney 1","0.13","MCM","Tundra","Fertilization","Flux"
"MCM_CO2flux_2003-2010_processed.csv","2008","N","Bonney 1","0.2","MCM","Tundra","Fertilization","Flux"
"MCM_CO2flux_2003-2010_processed.csv","2008","P","Bonney 1","0.09","MCM","Tundra","Fertilization","Flux"
"MCM_CO2flux_2003-2010_processed.csv","2008","W","Bonney 1","0.17","MCM","Tundra","Fertilization","Flux"
"MCM_CO2flux_2003-2010_processed.csv","2008","C","Bonney 2","0.16","MCM","Tundra","Fertilization","Flux"
"MCM_CO2flux_2003-2010_processed.csv","2008","CN","Bonney 2","0.18","MCM","Tundra","Fertilization","Flux"
"MCM_CO2flux_2003-2010_processed.csv","2008","CP","Bonney 2","0.15","MCM","Tundra","Fertilization","Flux"
"MCM_CO2flux_2003-2010_processed.csv","2008","N","Bonney 2","0.1","MCM","Tundra","Fertilization","Flux"
"MCM_CO2flux_2003-2010_processed.csv","2008","P","Bonney 2","0.12","MCM","Tundra","Fertilization","Flux"
"MCM_CO2flux_2003-2010_processed.csv","2008","W","Bonney 2","0.12","MCM","Tundra","Fertilization","Flux"
"MCM_CO2flux_2003-2010_processed.csv","2008","C","Bonney 3","0.15","MCM","Tundra","Fertilization","Flux"
"MCM_CO2flux_2003-2010_processed.csv","2008","CN","Bonney 3","0.18","MCM","Tundra","Fertilization","Flux"
"MCM_CO2flux_2003-2010_processed.csv","2008","CP","Bonney 3","0.2","MCM","Tundra","Fertilization","Flux"
"MCM_CO2flux_2003-2010_processed.csv","2008","N","Bonney 3","0.11","MCM","Tundra","Fertilization","Flux"
"MCM_CO2flux_2003-2010_processed.csv","2008","P","Bonney 3","0.2","MCM","Tundra","Fertilization","Flux"
"MCM_CO2flux_2003-2010_processed.csv","2008","W","Bonney 3","0.22","MCM","Tundra","Fertilization","Flux"
"MCM_CO2flux_2003-2010_processed.csv","2008","C","Bonney 4","0.25","MCM","Tundra","Fertilization","Flux"
"MCM_CO2flux_2003-2010_processed.csv","2008","CN","Bonney 4","0.16","MCM","Tundra","Fertilization","Flux"
"MCM_CO2flux_2003-2010_processed.csv","2008","CP","Bonney 4","0.22","MCM","Tundra","Fertilization","Flux"
"MCM_CO2flux_2003-2010_processed.csv","2008","N","Bonney 4","0.05","MCM","Tundra","Fertilization","Flux"
"MCM_CO2flux_2003-2010_processed.csv","2008","P","Bonney 4","0.16","MCM","Tundra","Fertilization","Flux"
"MCM_CO2flux_2003-2010_processed.csv","2008","W","Bonney 4","0.12","MCM","Tundra","Fertilization","Flux"
"MCM_CO2flux_2003-2010_processed.csv","2008","C","Bonney 5","0.22","MCM","Tundra","Fertilization","Flux"
"MCM_CO2flux_2003-2010_processed.csv","2008","CN","Bonney 5","0.33","MCM","Tundra","Fertilization","Flux"
"MCM_CO2flux_2003-2010_processed.csv","2008","CP","Bonney 5","0.14","MCM","Tundra","Fertilization","Flux"
"MCM_CO2flux_2003-2010_processed.csv","2008","N","Bonney 5","0.1","MCM","Tundra","Fertilization","Flux"
"MCM_CO2flux_2003-2010_processed.csv","2008","P","Bonney 5","0.14","MCM","Tundra","Fertilization","Flux"
"MCM_CO2flux_2003-2010_processed.csv","2008","W","Bonney 5","0.14","MCM","Tundra","Fertilization","Flux"
"MCM_CO2flux_2003-2010_processed.csv","2008","C","Bonney 6","0.16","MCM","Tundra","Fertilization","Flux"
"MCM_CO2flux_2003-2010_processed.csv","2008","CN","Bonney 6","0.3","MCM","Tundra","Fertilization","Flux"
"MCM_CO2flux_2003-2010_processed.csv","2008","CP","Bonney 6","0.25","MCM","Tundra","Fertilization","Flux"
"MCM_CO2flux_2003-2010_processed.csv","2008","N","Bonney 6","0.13","MCM","Tundra","Fertilization","Flux"
"MCM_CO2flux_2003-2010_processed.csv","2008","P","Bonney 6","0.18","MCM","Tundra","Fertilization","Flux"
"MCM_CO2flux_2003-2010_processed.csv","2008","W","Bonney 6","0.17","MCM","Tundra","Fertilization","Flux"
"MCM_CO2flux_2003-2010_processed.csv","2008","C","Bonney 7","0.16","MCM","Tundra","Fertilization","Flux"
"MCM_CO2flux_2003-2010_processed.csv","2008","CN","Bonney 7","0.21","MCM","Tundra","Fertilization","Flux"
"MCM_CO2flux_2003-2010_processed.csv","2008","CP","Bonney 7","0.33","MCM","Tundra","Fertilization","Flux"
"MCM_CO2flux_2003-2010_processed.csv","2008","N","Bonney 7","0.1","MCM","Tundra","Fertilization","Flux"
"MCM_CO2flux_2003-2010_processed.csv","2008","P","Bonney 7","0.16","MCM","Tundra","Fertilization","Flux"
"MCM_CO2flux_2003-2010_processed.csv","2008","W","Bonney 7","0.13","MCM","Tundra","Fertilization","Flux"
"MCM_CO2flux_2003-2010_processed.csv","2008","C","Bonney 8","0.1","MCM","Tundra","Fertilization","Flux"
"MCM_CO2flux_2003-2010_processed.csv","2008","CN","Bonney 8","0.14","MCM","Tundra","Fertilization","Flux"
"MCM_CO2flux_2003-2010_processed.csv","2008","CP","Bonney 8","0.1","MCM","Tundra","Fertilization","Flux"
"MCM_CO2flux_2003-2010_processed.csv","2008","N","Bonney 8","0.12","MCM","Tundra","Fertilization","Flux"
"MCM_CO2flux_2003-2010_processed.csv","2008","P","Bonney 8","0.14","MCM","Tundra","Fertilization","Flux"
"MCM_CO2flux_2003-2010_processed.csv","2008","W","Bonney 8","0.09","MCM","Tundra","Fertilization","Flux"
"MCM_CO2flux_2003-2010_processed.csv","2008","C","Fryxell 1","0.34","MCM","Tundra","Fertilization","Flux"
"MCM_CO2flux_2003-2010_processed.csv","2008","CN","Fryxell 1","0.17","MCM","Tundra","Fertilization","Flux"
"MCM_CO2flux_2003-2010_processed.csv","2008","CP","Fryxell 1","0.2","MCM","Tundra","Fertilization","Flux"
"MCM_CO2flux_2003-2010_processed.csv","2008","N","Fryxell 1","0.16","MCM","Tundra","Fertilization","Flux"
"MCM_CO2flux_2003-2010_processed.csv","2008","P","Fryxell 1","0.26","MCM","Tundra","Fertilization","Flux"
"MCM_CO2flux_2003-2010_processed.csv","2008","W","Fryxell 1","0.05","MCM","Tundra","Fertilization","Flux"
"MCM_CO2flux_2003-2010_processed.csv","2008","C","Fryxell 2","0.13","MCM","Tundra","Fertilization","Flux"
"MCM_CO2flux_2003-2010_processed.csv","2008","CN","Fryxell 2","0.11","MCM","Tundra","Fertilization","Flux"
"MCM_CO2flux_2003-2010_processed.csv","2008","CP","Fryxell 2","0.1","MCM","Tundra","Fertilization","Flux"
"MCM_CO2flux_2003-2010_processed.csv","2008","N","Fryxell 2","0.1","MCM","Tundra","Fertilization","Flux"
"MCM_CO2flux_2003-2010_processed.csv","2008","P","Fryxell 2","0.14","MCM","Tundra","Fertilization","Flux"
"MCM_CO2flux_2003-2010_processed.csv","2008","W","Fryxell 2","0.18","MCM","Tundra","Fertilization","Flux"
"MCM_CO2flux_2003-2010_processed.csv","2008","C","Fryxell 3","0.47","MCM","Tundra","Fertilization","Flux"
"MCM_CO2flux_2003-2010_processed.csv","2008","CN","Fryxell 3","0.16","MCM","Tundra","Fertilization","Flux"
"MCM_CO2flux_2003-2010_processed.csv","2008","CP","Fryxell 3","0.23","MCM","Tundra","Fertilization","Flux"
"MCM_CO2flux_2003-2010_processed.csv","2008","N","Fryxell 3","0.17","MCM","Tundra","Fertilization","Flux"
"MCM_CO2flux_2003-2010_processed.csv","2008","P","Fryxell 3","0.24","MCM","Tundra","Fertilization","Flux"
"MCM_CO2flux_2003-2010_processed.csv","2008","W","Fryxell 3","0.08","MCM","Tundra","Fertilization","Flux"
"MCM_CO2flux_2003-2010_processed.csv","2008","C","Fryxell 4","0.37","MCM","Tundra","Fertilization","Flux"
"MCM_CO2flux_2003-2010_processed.csv","2008","CN","Fryxell 4","0.49","MCM","Tundra","Fertilization","Flux"
"MCM_CO2flux_2003-2010_processed.csv","2008","CP","Fryxell 4","0.44","MCM","Tundra","Fertilization","Flux"
"MCM_CO2flux_2003-2010_processed.csv","2008","N","Fryxell 4","0.15","MCM","Tundra","Fertilization","Flux"
"MCM_CO2flux_2003-2010_processed.csv","2008","P","Fryxell 4","0.18","MCM","Tundra","Fertilization","Flux"
"MCM_CO2flux_2003-2010_processed.csv","2008","W","Fryxell 4","0.16","MCM","Tundra","Fertilization","Flux"
"MCM_CO2flux_2003-2010_processed.csv","2008","C","Fryxell 5","0.35","MCM","Tundra","Fertilization","Flux"
"MCM_CO2flux_2003-2010_processed.csv","2008","CN","Fryxell 5","0.33","MCM","Tundra","Fertilization","Flux"
"MCM_CO2flux_2003-2010_processed.csv","2008","CP","Fryxell 5","0.48","MCM","Tundra","Fertilization","Flux"
"MCM_CO2flux_2003-2010_processed.csv","2008","N","Fryxell 5","0.19","MCM","Tundra","Fertilization","Flux"
"MCM_CO2flux_2003-2010_processed.csv","2008","P","Fryxell 5","0.18","MCM","Tundra","Fertilization","Flux"
"MCM_CO2flux_2003-2010_processed.csv","2008","W","Fryxell 5","0.2","MCM","Tundra","Fertilization","Flux"
"MCM_CO2flux_2003-2010_processed.csv","2008","C","Fryxell 6","0.13","MCM","Tundra","Fertilization","Flux"
"MCM_CO2flux_2003-2010_processed.csv","2008","CN","Fryxell 6","0.39","MCM","Tundra","Fertilization","Flux"
"MCM_CO2flux_2003-2010_processed.csv","2008","CP","Fryxell 6","0.07","MCM","Tundra","Fertilization","Flux"
"MCM_CO2flux_2003-2010_processed.csv","2008","N","Fryxell 6","0.23","MCM","Tundra","Fertilization","Flux"
"MCM_CO2flux_2003-2010_processed.csv","2008","P","Fryxell 6","0.37","MCM","Tundra","Fertilization","Flux"
"MCM_CO2flux_2003-2010_processed.csv","2008","W","Fryxell 6","0.06","MCM","Tundra","Fertilization","Flux"
"MCM_CO2flux_2003-2010_processed.csv","2008","C","Fryxell 7","0.3","MCM","Tundra","Fertilization","Flux"
"MCM_CO2flux_2003-2010_processed.csv","2008","CN","Fryxell 7","0.48","MCM","Tundra","Fertilization","Flux"
"MCM_CO2flux_2003-2010_processed.csv","2008","CP","Fryxell 7","0.41","MCM","Tundra","Fertilization","Flux"
"MCM_CO2flux_2003-2010_processed.csv","2008","N","Fryxell 7","0.36","MCM","Tundra","Fertilization","Flux"
"MCM_CO2flux_2003-2010_processed.csv","2008","P","Fryxell 7","0.14","MCM","Tundra","Fertilization","Flux"
"MCM_CO2flux_2003-2010_processed.csv","2008","W","Fryxell 7","0.22","MCM","Tundra","Fertilization","Flux"
"MCM_CO2flux_2003-2010_processed.csv","2008","C","Fryxell 8","0.22","MCM","Tundra","Fertilization","Flux"
"MCM_CO2flux_2003-2010_processed.csv","2008","CN","Fryxell 8","0.39","MCM","Tundra","Fertilization","Flux"
"MCM_CO2flux_2003-2010_processed.csv","2008","CP","Fryxell 8","0.23","MCM","Tundra","Fertilization","Flux"
"MCM_CO2flux_2003-2010_processed.csv","2008","N","Fryxell 8","0.19","MCM","Tundra","Fertilization","Flux"
"MCM_CO2flux_2003-2010_processed.csv","2008","P","Fryxell 8","0.12","MCM","Tundra","Fertilization","Flux"
"MCM_CO2flux_2003-2010_processed.csv","2008","W","Fryxell 8","0.19","MCM","Tundra","Fertilization","Flux"
"MCM_CO2flux_2003-2010_processed.csv","2009","C","Bonney 1","0.01","MCM","Tundra","Fertilization","Flux"
"MCM_CO2flux_2003-2010_processed.csv","2009","CN","Bonney 1","0.08","MCM","Tundra","Fertilization","Flux"
"MCM_CO2flux_2003-2010_processed.csv","2009","CP","Bonney 1","0.05","MCM","Tundra","Fertilization","Flux"
"MCM_CO2flux_2003-2010_processed.csv","2009","N","Bonney 1","-0.02","MCM","Tundra","Fertilization","Flux"
"MCM_CO2flux_2003-2010_processed.csv","2009","P","Bonney 1","-0.11","MCM","Tundra","Fertilization","Flux"
"MCM_CO2flux_2003-2010_processed.csv","2009","W","Bonney 1","-0.07","MCM","Tundra","Fertilization","Flux"
"MCM_CO2flux_2003-2010_processed.csv","2009","C","Bonney 3","0.16","MCM","Tundra","Fertilization","Flux"
"MCM_CO2flux_2003-2010_processed.csv","2009","CN","Bonney 3","0.19","MCM","Tundra","Fertilization","Flux"
"MCM_CO2flux_2003-2010_processed.csv","2009","CP","Bonney 3","0.15","MCM","Tundra","Fertilization","Flux"
"MCM_CO2flux_2003-2010_processed.csv","2009","N","Bonney 3","-0.03","MCM","Tundra","Fertilization","Flux"
"MCM_CO2flux_2003-2010_processed.csv","2009","P","Bonney 3","0.14","MCM","Tundra","Fertilization","Flux"
"MCM_CO2flux_2003-2010_processed.csv","2009","W","Bonney 3","-0.13","MCM","Tundra","Fertilization","Flux"
"MCM_CO2flux_2003-2010_processed.csv","2009","C","Bonney 5","0.19","MCM","Tundra","Fertilization","Flux"
"MCM_CO2flux_2003-2010_processed.csv","2009","CN","Bonney 5","0.19","MCM","Tundra","Fertilization","Flux"
"MCM_CO2flux_2003-2010_processed.csv","2009","CP","Bonney 5","0.25","MCM","Tundra","Fertilization","Flux"
"MCM_CO2flux_2003-2010_processed.csv","2009","N","Bonney 5","0.17","MCM","Tundra","Fertilization","Flux"
"MCM_CO2flux_2003-2010_processed.csv","2009","P","Bonney 5","0.15","MCM","Tundra","Fertilization","Flux"
"MCM_CO2flux_2003-2010_processed.csv","2009","W","Bonney 5","0.18","MCM","Tundra","Fertilization","Flux"
"MCM_CO2flux_2003-2010_processed.csv","2009","C","Bonney 7","0.11","MCM","Tundra","Fertilization","Flux"
"MCM_CO2flux_2003-2010_processed.csv","2009","CN","Bonney 7","0.1","MCM","Tundra","Fertilization","Flux"
"MCM_CO2flux_2003-2010_processed.csv","2009","CP","Bonney 7","0.19","MCM","Tundra","Fertilization","Flux"
"MCM_CO2flux_2003-2010_processed.csv","2009","N","Bonney 7","0.11","MCM","Tundra","Fertilization","Flux"
"MCM_CO2flux_2003-2010_processed.csv","2009","P","Bonney 7","0.04","MCM","Tundra","Fertilization","Flux"
"MCM_CO2flux_2003-2010_processed.csv","2009","W","Bonney 7","0.09","MCM","Tundra","Fertilization","Flux"
"MCM_CO2flux_2003-2010_processed.csv","2009","C","Fryxell 1","0.15","MCM","Tundra","Fertilization","Flux"
"MCM_CO2flux_2003-2010_processed.csv","2009","CN","Fryxell 1","0.18","MCM","Tundra","Fertilization","Flux"
"MCM_CO2flux_2003-2010_processed.csv","2009","CP","Fryxell 1","0.11","MCM","Tundra","Fertilization","Flux"
"MCM_CO2flux_2003-2010_processed.csv","2009","N","Fryxell 1","0.07","MCM","Tundra","Fertilization","Flux"
"MCM_CO2flux_2003-2010_processed.csv","2009","P","Fryxell 1","0.18","MCM","Tundra","Fertilization","Flux"
"MCM_CO2flux_2003-2010_processed.csv","2009","W","Fryxell 1","0.14","MCM","Tundra","Fertilization","Flux"
"MCM_CO2flux_2003-2010_processed.csv","2009","C","Fryxell 3","0.19","MCM","Tundra","Fertilization","Flux"
"MCM_CO2flux_2003-2010_processed.csv","2009","CN","Fryxell 3","0.23","MCM","Tundra","Fertilization","Flux"
"MCM_CO2flux_2003-2010_processed.csv","2009","CP","Fryxell 3","0.19","MCM","Tundra","Fertilization","Flux"
"MCM_CO2flux_2003-2010_processed.csv","2009","N","Fryxell 3","0.05","MCM","Tundra","Fertilization","Flux"
"MCM_CO2flux_2003-2010_processed.csv","2009","P","Fryxell 3","0.14","MCM","Tundra","Fertilization","Flux"
"MCM_CO2flux_2003-2010_processed.csv","2009","W","Fryxell 3","0.2","MCM","Tundra","Fertilization","Flux"
"MCM_CO2flux_2003-2010_processed.csv","2009","C","Fryxell 6","0.28","MCM","Tundra","Fertilization","Flux"
"MCM_CO2flux_2003-2010_processed.csv","2009","CN","Fryxell 6","0.26","MCM","Tundra","Fertilization","Flux"
"MCM_CO2flux_2003-2010_processed.csv","2009","CP","Fryxell 6","0.3","MCM","Tundra","Fertilization","Flux"
"MCM_CO2flux_2003-2010_processed.csv","2009","N","Fryxell 6","0.32","MCM","Tundra","Fertilization","Flux"
"MCM_CO2flux_2003-2010_processed.csv","2009","P","Fryxell 6","0.28","MCM","Tundra","Fertilization","Flux"
"MCM_CO2flux_2003-2010_processed.csv","2009","W","Fryxell 6","0.2","MCM","Tundra","Fertilization","Flux"
"MCM_CO2flux_2003-2010_processed.csv","2009","C","Fryxell 7","0.31","MCM","Tundra","Fertilization","Flux"
"MCM_CO2flux_2003-2010_processed.csv","2009","CN","Fryxell 7","0.2","MCM","Tundra","Fertilization","Flux"
"MCM_CO2flux_2003-2010_processed.csv","2009","CP","Fryxell 7","0.25","MCM","Tundra","Fertilization","Flux"
"MCM_CO2flux_2003-2010_processed.csv","2009","N","Fryxell 7","0.24","MCM","Tundra","Fertilization","Flux"
"MCM_CO2flux_2003-2010_processed.csv","2009","P","Fryxell 7","0.23","MCM","Tundra","Fertilization","Flux"
"MCM_CO2flux_2003-2010_processed.csv","2009","W","Fryxell 7","0.26","MCM","Tundra","Fertilization","Flux"
"MCM_CO2flux_2003-2010_processed.csv","2010","C","Bonney 2","0.18","MCM","Tundra","Fertilization","Flux"
"MCM_CO2flux_2003-2010_processed.csv","2010","CN","Bonney 2","0.35","MCM","Tundra","Fertilization","Flux"
"MCM_CO2flux_2003-2010_processed.csv","2010","CP","Bonney 2","0.16","MCM","Tundra","Fertilization","Flux"
"MCM_CO2flux_2003-2010_processed.csv","2010","N","Bonney 2","0.11","MCM","Tundra","Fertilization","Flux"
"MCM_CO2flux_2003-2010_processed.csv","2010","P","Bonney 2","0.16","MCM","Tundra","Fertilization","Flux"
"MCM_CO2flux_2003-2010_processed.csv","2010","W","Bonney 2","0.16","MCM","Tundra","Fertilization","Flux"
"MCM_CO2flux_2003-2010_processed.csv","2010","C","Bonney 4","0.15","MCM","Tundra","Fertilization","Flux"
"MCM_CO2flux_2003-2010_processed.csv","2010","CN","Bonney 4","0.27","MCM","Tundra","Fertilization","Flux"
"MCM_CO2flux_2003-2010_processed.csv","2010","CP","Bonney 4","0.2","MCM","Tundra","Fertilization","Flux"
"MCM_CO2flux_2003-2010_processed.csv","2010","N","Bonney 4","0.12","MCM","Tundra","Fertilization","Flux"
"MCM_CO2flux_2003-2010_processed.csv","2010","P","Bonney 4","0.16","MCM","Tundra","Fertilization","Flux"
"MCM_CO2flux_2003-2010_processed.csv","2010","W","Bonney 4","0.2","MCM","Tundra","Fertilization","Flux"
"MCM_CO2flux_2003-2010_processed.csv","2010","C","Bonney 5","0.2","MCM","Tundra","Fertilization","Flux"
"MCM_CO2flux_2003-2010_processed.csv","2010","CN","Bonney 5","0.24","MCM","Tundra","Fertilization","Flux"
"MCM_CO2flux_2003-2010_processed.csv","2010","CP","Bonney 5","0.12","MCM","Tundra","Fertilization","Flux"
"MCM_CO2flux_2003-2010_processed.csv","2010","N","Bonney 5","0.14","MCM","Tundra","Fertilization","Flux"
"MCM_CO2flux_2003-2010_processed.csv","2010","P","Bonney 5","0.11","MCM","Tundra","Fertilization","Flux"
"MCM_CO2flux_2003-2010_processed.csv","2010","W","Bonney 5","0.12","MCM","Tundra","Fertilization","Flux"
"MCM_CO2flux_2003-2010_processed.csv","2010","C","Bonney 7","0.26","MCM","Tundra","Fertilization","Flux"
"MCM_CO2flux_2003-2010_processed.csv","2010","CN","Bonney 7","0.37","MCM","Tundra","Fertilization","Flux"
"MCM_CO2flux_2003-2010_processed.csv","2010","CP","Bonney 7","0.19","MCM","Tundra","Fertilization","Flux"
"MCM_CO2flux_2003-2010_processed.csv","2010","N","Bonney 7","0.17","MCM","Tundra","Fertilization","Flux"
"MCM_CO2flux_2003-2010_processed.csv","2010","P","Bonney 7","0.22","MCM","Tundra","Fertilization","Flux"
"MCM_CO2flux_2003-2010_processed.csv","2010","W","Bonney 7","0.11","MCM","Tundra","Fertilization","Flux"
"MCM_CO2flux_2003-2010_processed.csv","2010","C","Fryxell 2","0.42","MCM","Tundra","Fertilization","Flux"
"MCM_CO2flux_2003-2010_processed.csv","2010","CN","Fryxell 2","0.865","MCM","Tundra","Fertilization","Flux"
"MCM_CO2flux_2003-2010_processed.csv","2010","CP","Fryxell 2","0.31","MCM","Tundra","Fertilization","Flux"
"MCM_CO2flux_2003-2010_processed.csv","2010","N","Fryxell 2","0.28","MCM","Tundra","Fertilization","Flux"
"MCM_CO2flux_2003-2010_processed.csv","2010","P","Fryxell 2","0.315","MCM","Tundra","Fertilization","Flux"
"MCM_CO2flux_2003-2010_processed.csv","2010","W","Fryxell 2","0.315","MCM","Tundra","Fertilization","Flux"
"MCM_CO2flux_2003-2010_processed.csv","2010","C","Fryxell 4","0.475","MCM","Tundra","Fertilization","Flux"
"MCM_CO2flux_2003-2010_processed.csv","2010","CN","Fryxell 4","0.725","MCM","Tundra","Fertilization","Flux"
"MCM_CO2flux_2003-2010_processed.csv","2010","CP","Fryxell 4","0.3","MCM","Tundra","Fertilization","Flux"
"MCM_CO2flux_2003-2010_processed.csv","2010","N","Fryxell 4","0.35","MCM","Tundra","Fertilization","Flux"
"MCM_CO2flux_2003-2010_processed.csv","2010","P","Fryxell 4","0.215","MCM","Tundra","Fertilization","Flux"
"MCM_CO2flux_2003-2010_processed.csv","2010","W","Fryxell 4","0.275","MCM","Tundra","Fertilization","Flux"
"MCM_CO2flux_2003-2010_processed.csv","2010","C","Fryxell 5","0.375","MCM","Tundra","Fertilization","Flux"
"MCM_CO2flux_2003-2010_processed.csv","2010","CN","Fryxell 5","1.28","MCM","Tundra","Fertilization","Flux"
"MCM_CO2flux_2003-2010_processed.csv","2010","CP","Fryxell 5","0.345","MCM","Tundra","Fertilization","Flux"
"MCM_CO2flux_2003-2010_processed.csv","2010","N","Fryxell 5","0.395","MCM","Tundra","Fertilization","Flux"
"MCM_CO2flux_2003-2010_processed.csv","2010","P","Fryxell 5","0.205","MCM","Tundra","Fertilization","Flux"
"MCM_CO2flux_2003-2010_processed.csv","2010","W","Fryxell 5","0.27","MCM","Tundra","Fertilization","Flux"
"MCM_CO2flux_2003-2010_processed.csv","2010","C","Fryxell 7","0.355","MCM","Tundra","Fertilization","Flux"
"MCM_CO2flux_2003-2010_processed.csv","2010","CN","Fryxell 7","0.62","MCM","Tundra","Fertilization","Flux"
"MCM_CO2flux_2003-2010_processed.csv","2010","CP","Fryxell 7","0.133","MCM","Tundra","Fertilization","Flux"
"MCM_CO2flux_2003-2010_processed.csv","2010","N","Fryxell 7","0.15","MCM","Tundra","Fertilization","Flux"
"MCM_CO2flux_2003-2010_processed.csv","2010","P","Fryxell 7","0.25","MCM","Tundra","Fertilization","Flux"
"MCM_CO2flux_2003-2010_processed.csv","2010","W","Fryxell 7","0.185","MCM","Tundra","Fertilization","Flux"
"NTL_chlorophyll_2013-2019.csv","2011","none","L","2.80606405405405","NTL","Freshwater","Fertilization","Proxy"
"NTL_chlorophyll_2013-2019.csv","2013","none","L","2.38892976387879","NTL","Freshwater","Fertilization","Proxy"
"NTL_chlorophyll_2013-2019.csv","2014","none","L","2.13500942450833","NTL","Freshwater","Fertilization","Proxy"
"NTL_chlorophyll_2013-2019.csv","2015","none","L","2.15404458608612","NTL","Freshwater","Fertilization","Proxy"
"NTL_chlorophyll_2013-2019.csv","2016","none","L",NA,"NTL","Freshwater","Fertilization","Proxy"
"NTL_chlorophyll_2013-2019.csv","2018","none","L","2.64544494122151","NTL","Freshwater","Fertilization","Proxy"
"NTL_chlorophyll_2013-2019.csv","2019","none","L","4.01152326458456","NTL","Freshwater","Fertilization","Proxy"
"NTL_chlorophyll_2013-2019.csv","2011","none","R","3.67178130787387","NTL","Freshwater","Fertilization","Proxy"
"NTL_chlorophyll_2013-2019.csv","2013","added","R","3.85740958983838","NTL","Freshwater","Fertilization","Proxy"
"NTL_chlorophyll_2013-2019.csv","2014","added","R","5.78245469408268","NTL","Freshwater","Fertilization","Proxy"
"NTL_chlorophyll_2013-2019.csv","2015","added","R","7.75296034205343","NTL","Freshwater","Fertilization","Proxy"
"NTL_chlorophyll_2013-2019.csv","2016","none","R",NA,"NTL","Freshwater","Fertilization","Proxy"
"NTL_chlorophyll_2013-2019.csv","2018","none","R","2.73054144260199","NTL","Freshwater","Fertilization","Proxy"
"NTL_chlorophyll_2013-2019.csv","2019","added","R","10.2597111187332","NTL","Freshwater","Fertilization","Proxy"
"NTL_chlorophyll_2013-2019.csv","2013","added","T","11.8747171559798","NTL","Freshwater","Fertilization","Proxy"
"NTL_chlorophyll_2013-2019.csv","2014","added","T","11.7225942984951","NTL","Freshwater","Fertilization","Proxy"
"NTL_chlorophyll_2013-2019.csv","2015","added","T","17.3173816395118","NTL","Freshwater","Fertilization","Proxy"
"NTL_chlorophyll_2013-2019.csv","2016","none","T",NA,"NTL","Freshwater","Fertilization","Proxy"
"NWT_live_biomass_2007-2019.csv","2007","N","1","280.25","NWT","Tundra","Fertilization","Stock"
"NWT_live_biomass_2007-2019.csv","2007","X","1","313.875","NWT","Tundra","Fertilization","Stock"
"NWT_live_biomass_2007-2019.csv","2007","N","2","209.625","NWT","Tundra","Fertilization","Stock"
"NWT_live_biomass_2007-2019.csv","2007","X","2","154.875","NWT","Tundra","Fertilization","Stock"
"NWT_live_biomass_2007-2019.csv","2007","N","3","174","NWT","Tundra","Fertilization","Stock"
"NWT_live_biomass_2007-2019.csv","2007","X","3","287.75","NWT","Tundra","Fertilization","Stock"
"NWT_live_biomass_2007-2019.csv","2008","N","1","256.5","NWT","Tundra","Fertilization","Stock"
"NWT_live_biomass_2007-2019.csv","2008","X","1","348","NWT","Tundra","Fertilization","Stock"
"NWT_live_biomass_2007-2019.csv","2008","N","2","344.875","NWT","Tundra","Fertilization","Stock"
"NWT_live_biomass_2007-2019.csv","2008","X","2","251.375","NWT","Tundra","Fertilization","Stock"
"NWT_live_biomass_2007-2019.csv","2008","N","3","280.875","NWT","Tundra","Fertilization","Stock"
"NWT_live_biomass_2007-2019.csv","2008","X","3","280.5","NWT","Tundra","Fertilization","Stock"
"NWT_live_biomass_2007-2019.csv","2009","N","1","275.125","NWT","Tundra","Fertilization","Stock"
"NWT_live_biomass_2007-2019.csv","2009","X","1","361","NWT","Tundra","Fertilization","Stock"
"NWT_live_biomass_2007-2019.csv","2009","N","2","308.875","NWT","Tundra","Fertilization","Stock"
"NWT_live_biomass_2007-2019.csv","2009","X","2","348.5","NWT","Tundra","Fertilization","Stock"
"NWT_live_biomass_2007-2019.csv","2009","N","3","318.75","NWT","Tundra","Fertilization","Stock"
"NWT_live_biomass_2007-2019.csv","2009","X","3","233.5","NWT","Tundra","Fertilization","Stock"
"NWT_live_biomass_2007-2019.csv","2010","N","1","368.75","NWT","Tundra","Fertilization","Stock"
"NWT_live_biomass_2007-2019.csv","2010","X","1","319.75","NWT","Tundra","Fertilization","Stock"
"NWT_live_biomass_2007-2019.csv","2010","N","2","161.875","NWT","Tundra","Fertilization","Stock"
"NWT_live_biomass_2007-2019.csv","2010","X","2","212.625","NWT","Tundra","Fertilization","Stock"
"NWT_live_biomass_2007-2019.csv","2010","N","3","301.375","NWT","Tundra","Fertilization","Stock"
"NWT_live_biomass_2007-2019.csv","2010","X","3","248.125","NWT","Tundra","Fertilization","Stock"
"NWT_live_biomass_2007-2019.csv","2011","N","1","122.25","NWT","Tundra","Fertilization","Stock"
"NWT_live_biomass_2007-2019.csv","2011","X","1","184.5","NWT","Tundra","Fertilization","Stock"
"NWT_live_biomass_2007-2019.csv","2011","N","2","272","NWT","Tundra","Fertilization","Stock"
"NWT_live_biomass_2007-2019.csv","2011","X","2","185.625","NWT","Tundra","Fertilization","Stock"
"NWT_live_biomass_2007-2019.csv","2011","N","3","224.375","NWT","Tundra","Fertilization","Stock"
"NWT_live_biomass_2007-2019.csv","2011","X","3","124.25","NWT","Tundra","Fertilization","Stock"
"NWT_live_biomass_2007-2019.csv","2012","N","1","168.625","NWT","Tundra","Fertilization","Stock"
"NWT_live_biomass_2007-2019.csv","2012","X","1","199.875","NWT","Tundra","Fertilization","Stock"
"NWT_live_biomass_2007-2019.csv","2012","N","2","138.375","NWT","Tundra","Fertilization","Stock"
"NWT_live_biomass_2007-2019.csv","2012","X","2","114.375","NWT","Tundra","Fertilization","Stock"
"NWT_live_biomass_2007-2019.csv","2012","N","3","135.875","NWT","Tundra","Fertilization","Stock"
"NWT_live_biomass_2007-2019.csv","2012","X","3","141.375","NWT","Tundra","Fertilization","Stock"
"NWT_live_biomass_2007-2019.csv","2013","N","1","214.375","NWT","Tundra","Fertilization","Stock"
"NWT_live_biomass_2007-2019.csv","2013","X","1","276","NWT","Tundra","Fertilization","Stock"
"NWT_live_biomass_2007-2019.csv","2013","N","2","201.125","NWT","Tundra","Fertilization","Stock"
"NWT_live_biomass_2007-2019.csv","2013","X","2","212.125","NWT","Tundra","Fertilization","Stock"
"NWT_live_biomass_2007-2019.csv","2013","N","3","123","NWT","Tundra","Fertilization","Stock"
"NWT_live_biomass_2007-2019.csv","2013","X","3","161.625","NWT","Tundra","Fertilization","Stock"
"NWT_live_biomass_2007-2019.csv","2014","N","1","402.25","NWT","Tundra","Fertilization","Stock"
"NWT_live_biomass_2007-2019.csv","2014","X","1","510","NWT","Tundra","Fertilization","Stock"
"NWT_live_biomass_2007-2019.csv","2014","N","2","293.5","NWT","Tundra","Fertilization","Stock"
"NWT_live_biomass_2007-2019.csv","2014","X","2","250.375","NWT","Tundra","Fertilization","Stock"
"NWT_live_biomass_2007-2019.csv","2014","N","3","463","NWT","Tundra","Fertilization","Stock"
"NWT_live_biomass_2007-2019.csv","2014","X","3","275.875","NWT","Tundra","Fertilization","Stock"
"NWT_live_biomass_2007-2019.csv","2015","N","1","274.5","NWT","Tundra","Fertilization","Stock"
"NWT_live_biomass_2007-2019.csv","2015","X","1","440.625","NWT","Tundra","Fertilization","Stock"
"NWT_live_biomass_2007-2019.csv","2015","N","2","304","NWT","Tundra","Fertilization","Stock"
"NWT_live_biomass_2007-2019.csv","2015","X","2","314.75","NWT","Tundra","Fertilization","Stock"
"NWT_live_biomass_2007-2019.csv","2015","N","3","289.875","NWT","Tundra","Fertilization","Stock"
"NWT_live_biomass_2007-2019.csv","2015","X","3","220.625","NWT","Tundra","Fertilization","Stock"
"NWT_live_biomass_2007-2019.csv","2016","N","1","268.25","NWT","Tundra","Fertilization","Stock"
"NWT_live_biomass_2007-2019.csv","2016","X","1","366.125","NWT","Tundra","Fertilization","Stock"
"NWT_live_biomass_2007-2019.csv","2016","N","2","251.75","NWT","Tundra","Fertilization","Stock"
"NWT_live_biomass_2007-2019.csv","2016","X","2","257.5","NWT","Tundra","Fertilization","Stock"
"NWT_live_biomass_2007-2019.csv","2016","N","3","253","NWT","Tundra","Fertilization","Stock"
"NWT_live_biomass_2007-2019.csv","2016","X","3","259.75","NWT","Tundra","Fertilization","Stock"
"NWT_live_biomass_2007-2019.csv","2017","N","1","365.125","NWT","Tundra","Fertilization","Stock"
"NWT_live_biomass_2007-2019.csv","2017","X","1","339.125","NWT","Tundra","Fertilization","Stock"
"NWT_live_biomass_2007-2019.csv","2017","N","2","258.625","NWT","Tundra","Fertilization","Stock"
"NWT_live_biomass_2007-2019.csv","2017","X","2","287.875","NWT","Tundra","Fertilization","Stock"
"NWT_live_biomass_2007-2019.csv","2017","N","3","354.375","NWT","Tundra","Fertilization","Stock"
"NWT_live_biomass_2007-2019.csv","2017","X","3","245.75","NWT","Tundra","Fertilization","Stock"
"NWT_live_biomass_2007-2019.csv","2019","N","1","171.75","NWT","Tundra","Fertilization","Stock"
"NWT_live_biomass_2007-2019.csv","2019","X","1","319.625","NWT","Tundra","Fertilization","Stock"
"NWT_live_biomass_2007-2019.csv","2019","N","2","325.75","NWT","Tundra","Fertilization","Stock"
"NWT_live_biomass_2007-2019.csv","2019","X","2","267.875","NWT","Tundra","Fertilization","Stock"
"NWT_live_biomass_2007-2019.csv","2019","N","3","205.5","NWT","Tundra","Fertilization","Stock"
"NWT_live_biomass_2007-2019.csv","2019","X","3","211.125","NWT","Tundra","Fertilization","Stock"
"PIE_shoot_mass_2004-2019.csv","2004","Control","NE L 1","8.03224166666667","PIE","Coastal","Fertilization","Proxy"
"PIE_shoot_mass_2004-2019.csv","2004","Control","NE L 2","8.4181252173913","PIE","Coastal","Fertilization","Proxy"
"PIE_shoot_mass_2004-2019.csv","2004","Control","NE L 3","5.89976963768116","PIE","Coastal","Fertilization","Proxy"
"PIE_shoot_mass_2004-2019.csv","2004","Control","NE R 1","8.86724","PIE","Coastal","Fertilization","Proxy"
"PIE_shoot_mass_2004-2019.csv","2004","Control","NE R 2","7.08396","PIE","Coastal","Fertilization","Proxy"
"PIE_shoot_mass_2004-2019.csv","2004","Control","NE R 3","9.75024","PIE","Coastal","Fertilization","Proxy"
"PIE_shoot_mass_2004-2019.csv","2004","Enriched","SW L 1","8.06416909090909","PIE","Coastal","Fertilization","Proxy"
"PIE_shoot_mass_2004-2019.csv","2004","Enriched","SW L 2","6.84442608695652","PIE","Coastal","Fertilization","Proxy"
"PIE_shoot_mass_2004-2019.csv","2004","Enriched","SW L 3","6.7868","PIE","Coastal","Fertilization","Proxy"
"PIE_shoot_mass_2004-2019.csv","2004","Enriched","SW R 1","10.0809923809524","PIE","Coastal","Fertilization","Proxy"
"PIE_shoot_mass_2004-2019.csv","2004","Enriched","SW R 2","10.1092","PIE","Coastal","Fertilization","Proxy"
"PIE_shoot_mass_2004-2019.csv","2004","Enriched","SW R 3","6.84318297101449","PIE","Coastal","Fertilization","Proxy"
"PIE_shoot_mass_2004-2019.csv","2004","Control","WE L 1","6.52195256916996","PIE","Coastal","Fertilization","Proxy"
"PIE_shoot_mass_2004-2019.csv","2004","Control","WE L 2","4.83643","PIE","Coastal","Fertilization","Proxy"
"PIE_shoot_mass_2004-2019.csv","2004","Control","WE L 3","6.66181076604555","PIE","Coastal","Fertilization","Proxy"
"PIE_shoot_mass_2004-2019.csv","2004","Control","WE R 1","4.91943787878788","PIE","Coastal","Fertilization","Proxy"
"PIE_shoot_mass_2004-2019.csv","2004","Control","WE R 2","4.72602052295531","PIE","Coastal","Fertilization","Proxy"
"PIE_shoot_mass_2004-2019.csv","2004","Control","WE R 3","6.5751798757764","PIE","Coastal","Fertilization","Proxy"
"PIE_shoot_mass_2004-2019.csv","2005","Enriched","CL L 1","7.334465","PIE","Coastal","Fertilization","Proxy"
"PIE_shoot_mass_2004-2019.csv","2005","Enriched","CL L 2","8.74321391304348","PIE","Coastal","Fertilization","Proxy"
"PIE_shoot_mass_2004-2019.csv","2005","Enriched","CL L 3","9.58766260869565","PIE","Coastal","Fertilization","Proxy"
"PIE_shoot_mass_2004-2019.csv","2005","Enriched","CL R 1","9.71290307692308","PIE","Coastal","Fertilization","Proxy"
"PIE_shoot_mass_2004-2019.csv","2005","Enriched","CL R 2","9.90950962962963","PIE","Coastal","Fertilization","Proxy"
"PIE_shoot_mass_2004-2019.csv","2005","Enriched","CL R 3","10.6763312318841","PIE","Coastal","Fertilization","Proxy"
"PIE_shoot_mass_2004-2019.csv","2005","Control","NE L 1","8.142805","PIE","Coastal","Fertilization","Proxy"
"PIE_shoot_mass_2004-2019.csv","2005","Control","NE L 2","10.3062382608696","PIE","Coastal","Fertilization","Proxy"
"PIE_shoot_mass_2004-2019.csv","2005","Control","NE L 3","8.11548166666667","PIE","Coastal","Fertilization","Proxy"
"PIE_shoot_mass_2004-2019.csv","2005","Control","NE R 1","10.4584034782609","PIE","Coastal","Fertilization","Proxy"
"PIE_shoot_mass_2004-2019.csv","2005","Control","NE R 2","8.501745","PIE","Coastal","Fertilization","Proxy"
"PIE_shoot_mass_2004-2019.csv","2005","Control","NE R 3","10.75768","PIE","Coastal","Fertilization","Proxy"
"PIE_shoot_mass_2004-2019.csv","2005","Enriched","SW L 1","8.05184","PIE","Coastal","Fertilization","Proxy"
"PIE_shoot_mass_2004-2019.csv","2005","Enriched","SW L 2","7.49543959866221","PIE","Coastal","Fertilization","Proxy"
"PIE_shoot_mass_2004-2019.csv","2005","Enriched","SW L 3","7.04232981481481","PIE","Coastal","Fertilization","Proxy"
"PIE_shoot_mass_2004-2019.csv","2005","Enriched","SW R 1","8.89106615384615","PIE","Coastal","Fertilization","Proxy"
"PIE_shoot_mass_2004-2019.csv","2005","Enriched","SW R 2","9.20978307692308","PIE","Coastal","Fertilization","Proxy"
"PIE_shoot_mass_2004-2019.csv","2005","Enriched","SW R 3","6.23819416445623","PIE","Coastal","Fertilization","Proxy"
"PIE_shoot_mass_2004-2019.csv","2005","Control","WE L 1","7.31708","PIE","Coastal","Fertilization","Proxy"
"PIE_shoot_mass_2004-2019.csv","2005","Control","WE L 2","8.89977648351648","PIE","Coastal","Fertilization","Proxy"
"PIE_shoot_mass_2004-2019.csv","2005","Control","WE L 3","7.56323132183908","PIE","Coastal","Fertilization","Proxy"
"PIE_shoot_mass_2004-2019.csv","2005","Control","WE R 1","6.02285656084656","PIE","Coastal","Fertilization","Proxy"
"PIE_shoot_mass_2004-2019.csv","2005","Control","WE R 2","8.37412173913043","PIE","Coastal","Fertilization","Proxy"
"PIE_shoot_mass_2004-2019.csv","2005","Control","WE R 3","7.46715692307692","PIE","Coastal","Fertilization","Proxy"
"PIE_shoot_mass_2004-2019.csv","2006","Control","NE L 1","8.44970167487685","PIE","Coastal","Fertilization","Proxy"
"PIE_shoot_mass_2004-2019.csv","2006","Control","NE L 2","10.5725434615385","PIE","Coastal","Fertilization","Proxy"
"PIE_shoot_mass_2004-2019.csv","2006","Control","NE L 3","5.75742361854787","PIE","Coastal","Fertilization","Proxy"
"PIE_shoot_mass_2004-2019.csv","2006","Control","NE R 1","11.0842083333333","PIE","Coastal","Fertilization","Proxy"
"PIE_shoot_mass_2004-2019.csv","2006","Control","NE R 2","8.84968806177719","PIE","Coastal","Fertilization","Proxy"
"PIE_shoot_mass_2004-2019.csv","2006","Control","NE R 3","0.968104882943144","PIE","Coastal","Fertilization","Proxy"
"PIE_shoot_mass_2004-2019.csv","2006","Enriched","SW L 1","8.55486930641822","PIE","Coastal","Fertilization","Proxy"
"PIE_shoot_mass_2004-2019.csv","2006","Enriched","SW L 2","7.80528239028945","PIE","Coastal","Fertilization","Proxy"
"PIE_shoot_mass_2004-2019.csv","2006","Enriched","SW L 3","9.26841961861668","PIE","Coastal","Fertilization","Proxy"
"PIE_shoot_mass_2004-2019.csv","2006","Enriched","SW R 1","9.60842136591479","PIE","Coastal","Fertilization","Proxy"
"PIE_shoot_mass_2004-2019.csv","2006","Enriched","SW R 2","6.98289454545455","PIE","Coastal","Fertilization","Proxy"
"PIE_shoot_mass_2004-2019.csv","2006","Enriched","SW R 3","8.96255375696767","PIE","Coastal","Fertilization","Proxy"
"PIE_shoot_mass_2004-2019.csv","2006","Control","WE L 1","7.4294614609362","PIE","Coastal","Fertilization","Proxy"
"PIE_shoot_mass_2004-2019.csv","2006","Control","WE L 2","10.2353864468864","PIE","Coastal","Fertilization","Proxy"
"PIE_shoot_mass_2004-2019.csv","2006","Control","WE L 3","8.36115496540497","PIE","Coastal","Fertilization","Proxy"
"PIE_shoot_mass_2004-2019.csv","2006","Control","WE R 1","7.00688968253968","PIE","Coastal","Fertilization","Proxy"
"PIE_shoot_mass_2004-2019.csv","2006","Control","WE R 2","9.72088090351677","PIE","Coastal","Fertilization","Proxy"
"PIE_shoot_mass_2004-2019.csv","2006","Control","WE R 3","8.40211854154617","PIE","Coastal","Fertilization","Proxy"
"PIE_shoot_mass_2004-2019.csv","2007","Enriched","SW L 1","8.6475252173913","PIE","Coastal","Fertilization","Proxy"
"PIE_shoot_mass_2004-2019.csv","2007","Enriched","SW L 2","8.48803851851852","PIE","Coastal","Fertilization","Proxy"
"PIE_shoot_mass_2004-2019.csv","2007","Enriched","SW L 3","7.58695666666667","PIE","Coastal","Fertilization","Proxy"
"PIE_shoot_mass_2004-2019.csv","2007","Enriched","SW R 1","8.97251361823362","PIE","Coastal","Fertilization","Proxy"
"PIE_shoot_mass_2004-2019.csv","2007","Enriched","SW R 2","8.96594","PIE","Coastal","Fertilization","Proxy"
"PIE_shoot_mass_2004-2019.csv","2007","Enriched","SW R 3","7.96576","PIE","Coastal","Fertilization","Proxy"
"PIE_shoot_mass_2004-2019.csv","2007","Control","WE L 1","7.31794","PIE","Coastal","Fertilization","Proxy"
"PIE_shoot_mass_2004-2019.csv","2007","Control","WE L 2","8.898","PIE","Coastal","Fertilization","Proxy"
"PIE_shoot_mass_2004-2019.csv","2007","Control","WE L 3","7.95172","PIE","Coastal","Fertilization","Proxy"
"PIE_shoot_mass_2004-2019.csv","2007","Control","WE R 1","4.91432578347578","PIE","Coastal","Fertilization","Proxy"
"PIE_shoot_mass_2004-2019.csv","2007","Control","WE R 2","6.99965391304348","PIE","Coastal","Fertilization","Proxy"
"PIE_shoot_mass_2004-2019.csv","2007","Control","WE R 3","7.99707833333333","PIE","Coastal","Fertilization","Proxy"
"PIE_shoot_mass_2004-2019.csv","2008","Enriched","SW L 1","7.95125895763657","PIE","Coastal","Fertilization","Proxy"
"PIE_shoot_mass_2004-2019.csv","2008","Enriched","SW L 2","10.05384","PIE","Coastal","Fertilization","Proxy"
"PIE_shoot_mass_2004-2019.csv","2008","Enriched","SW L 3","6.85431269230769","PIE","Coastal","Fertilization","Proxy"
"PIE_shoot_mass_2004-2019.csv","2008","Enriched","SW R 1","8.34621666666667","PIE","Coastal","Fertilization","Proxy"
"PIE_shoot_mass_2004-2019.csv","2008","Enriched","SW R 2","5.950135","PIE","Coastal","Fertilization","Proxy"
"PIE_shoot_mass_2004-2019.csv","2008","Enriched","SW R 3","6.29494769230769","PIE","Coastal","Fertilization","Proxy"
"PIE_shoot_mass_2004-2019.csv","2008","Control","WE L 1","6.60758260869565","PIE","Coastal","Fertilization","Proxy"
"PIE_shoot_mass_2004-2019.csv","2008","Control","WE L 2","5.806745","PIE","Coastal","Fertilization","Proxy"
"PIE_shoot_mass_2004-2019.csv","2008","Control","WE L 3","5.440575","PIE","Coastal","Fertilization","Proxy"
"PIE_shoot_mass_2004-2019.csv","2008","Control","WE R 1","4.30648119047619","PIE","Coastal","Fertilization","Proxy"
"PIE_shoot_mass_2004-2019.csv","2008","Control","WE R 2","6.07181398550725","PIE","Coastal","Fertilization","Proxy"
"PIE_shoot_mass_2004-2019.csv","2008","Control","WE R 3","4.32841904761905","PIE","Coastal","Fertilization","Proxy"
"PIE_shoot_mass_2004-2019.csv","2009","Enriched","CL L 1","6.70779166666667","PIE","Coastal","Fertilization","Proxy"
"PIE_shoot_mass_2004-2019.csv","2009","Enriched","CL L 2","6.52312","PIE","Coastal","Fertilization","Proxy"
"PIE_shoot_mass_2004-2019.csv","2009","Enriched","CL L 3","6.83152","PIE","Coastal","Fertilization","Proxy"
"PIE_shoot_mass_2004-2019.csv","2009","Enriched","CL L 4","7.33468","PIE","Coastal","Fertilization","Proxy"
"PIE_shoot_mass_2004-2019.csv","2009","Control","NE R 1","5.87468613154961","PIE","Coastal","Fertilization","Proxy"
"PIE_shoot_mass_2004-2019.csv","2009","Control","NE R 2","9.05672","PIE","Coastal","Fertilization","Proxy"
"PIE_shoot_mass_2004-2019.csv","2009","Control","NE R 3","6.67279826086957","PIE","Coastal","Fertilization","Proxy"
"PIE_shoot_mass_2004-2019.csv","2009","Control","NE R 4","7.18948","PIE","Coastal","Fertilization","Proxy"
"PIE_shoot_mass_2004-2019.csv","2009","Enriched","SW L 1","9.098","PIE","Coastal","Fertilization","Proxy"
"PIE_shoot_mass_2004-2019.csv","2009","Enriched","SW L 2","7.4388","PIE","Coastal","Fertilization","Proxy"
"PIE_shoot_mass_2004-2019.csv","2009","Enriched","SW L 3","6.60839076923077","PIE","Coastal","Fertilization","Proxy"
"PIE_shoot_mass_2004-2019.csv","2009","Enriched","SW L 4","8.97588","PIE","Coastal","Fertilization","Proxy"
"PIE_shoot_mass_2004-2019.csv","2009","Enriched","SW R 1","8.40840190476191","PIE","Coastal","Fertilization","Proxy"
"PIE_shoot_mass_2004-2019.csv","2009","Enriched","SW R 2","6.97608","PIE","Coastal","Fertilization","Proxy"
"PIE_shoot_mass_2004-2019.csv","2009","Enriched","SW R 3","7.52572","PIE","Coastal","Fertilization","Proxy"
"PIE_shoot_mass_2004-2019.csv","2009","Enriched","SW R 4","6.35387333333333","PIE","Coastal","Fertilization","Proxy"
"PIE_shoot_mass_2004-2019.csv","2009","Control","WE L 1","5.59240196969697","PIE","Coastal","Fertilization","Proxy"
"PIE_shoot_mass_2004-2019.csv","2009","Control","WE L 2","6.43","PIE","Coastal","Fertilization","Proxy"
"PIE_shoot_mass_2004-2019.csv","2009","Control","WE L 3","6.88832","PIE","Coastal","Fertilization","Proxy"
"PIE_shoot_mass_2004-2019.csv","2009","Control","WE L 4","6.92556","PIE","Coastal","Fertilization","Proxy"
"PIE_shoot_mass_2004-2019.csv","2009","Control","WE R 1","5.63456","PIE","Coastal","Fertilization","Proxy"
"PIE_shoot_mass_2004-2019.csv","2009","Control","WE R 2","7.20788","PIE","Coastal","Fertilization","Proxy"
"PIE_shoot_mass_2004-2019.csv","2009","Control","WE R 3","7.05748","PIE","Coastal","Fertilization","Proxy"
"PIE_shoot_mass_2004-2019.csv","2009","Control","WE R 4","5.95056","PIE","Coastal","Fertilization","Proxy"
"PIE_shoot_mass_2004-2019.csv","2010","Enriched","CL R 1","9.10584","PIE","Coastal","Fertilization","Proxy"
"PIE_shoot_mass_2004-2019.csv","2010","Enriched","CL R 2","6.45450424242424","PIE","Coastal","Fertilization","Proxy"
"PIE_shoot_mass_2004-2019.csv","2010","Enriched","CL R 3","8.10628","PIE","Coastal","Fertilization","Proxy"
"PIE_shoot_mass_2004-2019.csv","2010","Control","NE L 1","6.99261666666667","PIE","Coastal","Fertilization","Proxy"
"PIE_shoot_mass_2004-2019.csv","2010","Control","NE L 2","5.54524","PIE","Coastal","Fertilization","Proxy"
"PIE_shoot_mass_2004-2019.csv","2010","Control","NE L 3","7.51759368421053","PIE","Coastal","Fertilization","Proxy"
"PIE_shoot_mass_2004-2019.csv","2010","Enriched","SW L 1","8.05943166666667","PIE","Coastal","Fertilization","Proxy"
"PIE_shoot_mass_2004-2019.csv","2010","Enriched","SW L 2","7.18040666666667","PIE","Coastal","Fertilization","Proxy"
"PIE_shoot_mass_2004-2019.csv","2010","Enriched","SW L 3","7.34695833333333","PIE","Coastal","Fertilization","Proxy"
"PIE_shoot_mass_2004-2019.csv","2010","Enriched","SW R 1","10.8577882021152","PIE","Coastal","Fertilization","Proxy"
"PIE_shoot_mass_2004-2019.csv","2010","Enriched","SW R 2","8.47585702898551","PIE","Coastal","Fertilization","Proxy"
"PIE_shoot_mass_2004-2019.csv","2010","Enriched","SW R 3","8.06764166666667","PIE","Coastal","Fertilization","Proxy"
"PIE_shoot_mass_2004-2019.csv","2010","Control","WE L 1","7.30275152173913","PIE","Coastal","Fertilization","Proxy"
"PIE_shoot_mass_2004-2019.csv","2010","Control","WE L 2","7.99342727272727","PIE","Coastal","Fertilization","Proxy"
"PIE_shoot_mass_2004-2019.csv","2010","Control","WE L 3","6.79332115942029","PIE","Coastal","Fertilization","Proxy"
"PIE_shoot_mass_2004-2019.csv","2010","Control","WE R 1","7.36805833333333","PIE","Coastal","Fertilization","Proxy"
"PIE_shoot_mass_2004-2019.csv","2010","Control","WE R 2","0.870912380952381","PIE","Coastal","Fertilization","Proxy"
"PIE_shoot_mass_2004-2019.csv","2010","Control","WE R 3","8.47167965367965","PIE","Coastal","Fertilization","Proxy"
"PIE_shoot_mass_2004-2019.csv","2011","Enriched","CL R 1","8.573685","PIE","Coastal","Fertilization","Proxy"
"PIE_shoot_mass_2004-2019.csv","2011","Enriched","CL R 2","6.94464","PIE","Coastal","Fertilization","Proxy"
"PIE_shoot_mass_2004-2019.csv","2011","Enriched","CL R 3","6.896","PIE","Coastal","Fertilization","Proxy"
"PIE_shoot_mass_2004-2019.csv","2011","Control","NE L 1","7.83665833333333","PIE","Coastal","Fertilization","Proxy"
"PIE_shoot_mass_2004-2019.csv","2011","Control","NE L 2","7.84004","PIE","Coastal","Fertilization","Proxy"
"PIE_shoot_mass_2004-2019.csv","2011","Control","NE L 3","7.90598166666667","PIE","Coastal","Fertilization","Proxy"
"PIE_shoot_mass_2004-2019.csv","2011","Enriched","SW L 1","6.56728","PIE","Coastal","Fertilization","Proxy"
"PIE_shoot_mass_2004-2019.csv","2011","Enriched","SW L 2","6.96432","PIE","Coastal","Fertilization","Proxy"
"PIE_shoot_mass_2004-2019.csv","2011","Enriched","SW L 3","8.49008","PIE","Coastal","Fertilization","Proxy"
"PIE_shoot_mass_2004-2019.csv","2011","Enriched","SW R 1","8.995","PIE","Coastal","Fertilization","Proxy"
"PIE_shoot_mass_2004-2019.csv","2011","Enriched","SW R 2","8.33731304347826","PIE","Coastal","Fertilization","Proxy"
"PIE_shoot_mass_2004-2019.csv","2011","Enriched","SW R 3","7.08892","PIE","Coastal","Fertilization","Proxy"
"PIE_shoot_mass_2004-2019.csv","2011","Control","WE L 1","6.79548","PIE","Coastal","Fertilization","Proxy"
"PIE_shoot_mass_2004-2019.csv","2011","Control","WE L 2","7.88462166666667","PIE","Coastal","Fertilization","Proxy"
"PIE_shoot_mass_2004-2019.csv","2011","Control","WE L 3","6.94068","PIE","Coastal","Fertilization","Proxy"
"PIE_shoot_mass_2004-2019.csv","2011","Control","WE R 1","7.0896","PIE","Coastal","Fertilization","Proxy"
"PIE_shoot_mass_2004-2019.csv","2011","Control","WE R 2","6.75524","PIE","Coastal","Fertilization","Proxy"
"PIE_shoot_mass_2004-2019.csv","2011","Control","WE R 3","6.30044","PIE","Coastal","Fertilization","Proxy"
"PIE_shoot_mass_2004-2019.csv","2012","Enriched","CL R 1","5.60244","PIE","Coastal","Fertilization","Proxy"
"PIE_shoot_mass_2004-2019.csv","2012","Enriched","CL R 2","5.48922833333333","PIE","Coastal","Fertilization","Proxy"
"PIE_shoot_mass_2004-2019.csv","2012","Enriched","CL R 3","5.83256","PIE","Coastal","Fertilization","Proxy"
"PIE_shoot_mass_2004-2019.csv","2012","Control","NE L 1","5.2884","PIE","Coastal","Fertilization","Proxy"
"PIE_shoot_mass_2004-2019.csv","2012","Control","NE L 2","5.40836666666667","PIE","Coastal","Fertilization","Proxy"
"PIE_shoot_mass_2004-2019.csv","2012","Control","NE L 3","5.61312","PIE","Coastal","Fertilization","Proxy"
"PIE_shoot_mass_2004-2019.csv","2012","Enriched","SW L 1","6.1236","PIE","Coastal","Fertilization","Proxy"
"PIE_shoot_mass_2004-2019.csv","2012","Enriched","SW L 2","6.19944","PIE","Coastal","Fertilization","Proxy"
"PIE_shoot_mass_2004-2019.csv","2012","Enriched","SW L 3","5.69188","PIE","Coastal","Fertilization","Proxy"
"PIE_shoot_mass_2004-2019.csv","2012","Enriched","SW R 1","6.24092","PIE","Coastal","Fertilization","Proxy"
"PIE_shoot_mass_2004-2019.csv","2012","Enriched","SW R 2","4.55916","PIE","Coastal","Fertilization","Proxy"
"PIE_shoot_mass_2004-2019.csv","2012","Enriched","SW R 3","6.723","PIE","Coastal","Fertilization","Proxy"
"PIE_shoot_mass_2004-2019.csv","2012","Control","WE L 1","6.41832","PIE","Coastal","Fertilization","Proxy"
"PIE_shoot_mass_2004-2019.csv","2012","Control","WE L 2","5.70096","PIE","Coastal","Fertilization","Proxy"
"PIE_shoot_mass_2004-2019.csv","2012","Control","WE L 3","5.13976","PIE","Coastal","Fertilization","Proxy"
"PIE_shoot_mass_2004-2019.csv","2012","Control","WE R 1","4.52","PIE","Coastal","Fertilization","Proxy"
"PIE_shoot_mass_2004-2019.csv","2012","Control","WE R 2","5.66996","PIE","Coastal","Fertilization","Proxy"
"PIE_shoot_mass_2004-2019.csv","2012","Control","WE R 3","6.27528","PIE","Coastal","Fertilization","Proxy"
"PIE_shoot_mass_2004-2019.csv","2013","Enriched","CL R 1","6.39352681818182","PIE","Coastal","Fertilization","Proxy"
"PIE_shoot_mass_2004-2019.csv","2013","Enriched","CL R 2","6.61458289855072","PIE","Coastal","Fertilization","Proxy"
"PIE_shoot_mass_2004-2019.csv","2013","Enriched","CL R 3","8.03366742424242","PIE","Coastal","Fertilization","Proxy"
"PIE_shoot_mass_2004-2019.csv","2013","Control","NE L 1","8.44978506393862","PIE","Coastal","Fertilization","Proxy"
"PIE_shoot_mass_2004-2019.csv","2013","Control","NE L 2","7.63912303030303","PIE","Coastal","Fertilization","Proxy"
"PIE_shoot_mass_2004-2019.csv","2013","Control","NE L 3","5.32879166666667","PIE","Coastal","Fertilization","Proxy"
"PIE_shoot_mass_2004-2019.csv","2013","Control","WE L 1","6.37651333333333","PIE","Coastal","Fertilization","Proxy"
"PIE_shoot_mass_2004-2019.csv","2013","Control","WE L 2","5.72965454545455","PIE","Coastal","Fertilization","Proxy"
"PIE_shoot_mass_2004-2019.csv","2013","Control","WE L 3","4.56404173913044","PIE","Coastal","Fertilization","Proxy"
"PIE_shoot_mass_2004-2019.csv","2013","Control","WE R 1","5.32873540372671","PIE","Coastal","Fertilization","Proxy"
"PIE_shoot_mass_2004-2019.csv","2013","Control","WE R 2","5.8274798245614","PIE","Coastal","Fertilization","Proxy"
"PIE_shoot_mass_2004-2019.csv","2013","Control","WE R 3","6.41310285714286","PIE","Coastal","Fertilization","Proxy"
"PIE_shoot_mass_2004-2019.csv","2014","Enriched","CL R 1","7.15764","PIE","Coastal","Fertilization","Proxy"
"PIE_shoot_mass_2004-2019.csv","2014","Enriched","CL R 2","6.09672","PIE","Coastal","Fertilization","Proxy"
"PIE_shoot_mass_2004-2019.csv","2014","Enriched","CL R 3","6.74528","PIE","Coastal","Fertilization","Proxy"
"PIE_shoot_mass_2004-2019.csv","2014","Control","NE L 1","8.69592","PIE","Coastal","Fertilization","Proxy"
"PIE_shoot_mass_2004-2019.csv","2014","Control","NE L 2","6.95228","PIE","Coastal","Fertilization","Proxy"
"PIE_shoot_mass_2004-2019.csv","2014","Control","NE L 3","5.04516","PIE","Coastal","Fertilization","Proxy"
"PIE_shoot_mass_2004-2019.csv","2014","Control","WE L 1","6.21536","PIE","Coastal","Fertilization","Proxy"
"PIE_shoot_mass_2004-2019.csv","2014","Control","WE L 2","6.29238","PIE","Coastal","Fertilization","Proxy"
"PIE_shoot_mass_2004-2019.csv","2014","Control","WE L 3","4.25692","PIE","Coastal","Fertilization","Proxy"
"PIE_shoot_mass_2004-2019.csv","2014","Control","WE R 1","5.12535","PIE","Coastal","Fertilization","Proxy"
"PIE_shoot_mass_2004-2019.csv","2014","Control","WE R 2","6.57228","PIE","Coastal","Fertilization","Proxy"
"PIE_shoot_mass_2004-2019.csv","2014","Control","WE R 3","5.82996","PIE","Coastal","Fertilization","Proxy"
"PIE_shoot_mass_2004-2019.csv","2015","Enriched","CL R 1","6.78828","PIE","Coastal","Fertilization","Proxy"
"PIE_shoot_mass_2004-2019.csv","2015","Enriched","CL R 2","4.87868","PIE","Coastal","Fertilization","Proxy"
"PIE_shoot_mass_2004-2019.csv","2015","Enriched","CL R 3","7.89148","PIE","Coastal","Fertilization","Proxy"
"PIE_shoot_mass_2004-2019.csv","2015","Control","NE L 1","6.75352","PIE","Coastal","Fertilization","Proxy"
"PIE_shoot_mass_2004-2019.csv","2015","Control","NE L 2","4.98824","PIE","Coastal","Fertilization","Proxy"
"PIE_shoot_mass_2004-2019.csv","2015","Control","NE L 3","5.14056","PIE","Coastal","Fertilization","Proxy"
"PIE_shoot_mass_2004-2019.csv","2015","Control","WE L 1","6.11976","PIE","Coastal","Fertilization","Proxy"
"PIE_shoot_mass_2004-2019.csv","2015","Control","WE L 2","7.0798","PIE","Coastal","Fertilization","Proxy"
"PIE_shoot_mass_2004-2019.csv","2015","Control","WE L 3","7.55832","PIE","Coastal","Fertilization","Proxy"
"PIE_shoot_mass_2004-2019.csv","2015","Control","WE R 1","5.16748","PIE","Coastal","Fertilization","Proxy"
"PIE_shoot_mass_2004-2019.csv","2015","Control","WE R 2","6.05284","PIE","Coastal","Fertilization","Proxy"
"PIE_shoot_mass_2004-2019.csv","2015","Control","WE R 3","6.54568","PIE","Coastal","Fertilization","Proxy"
"PIE_shoot_mass_2004-2019.csv","2016","Enriched","CL R 1","7.4062","PIE","Coastal","Fertilization","Proxy"
"PIE_shoot_mass_2004-2019.csv","2016","Enriched","CL R 2","6.59808","PIE","Coastal","Fertilization","Proxy"
"PIE_shoot_mass_2004-2019.csv","2016","Enriched","CL R 3","7.989855","PIE","Coastal","Fertilization","Proxy"
"PIE_shoot_mass_2004-2019.csv","2016","Control","NE L 1","5.32534434782609","PIE","Coastal","Fertilization","Proxy"
"PIE_shoot_mass_2004-2019.csv","2016","Control","NE L 2","4.4662","PIE","Coastal","Fertilization","Proxy"
"PIE_shoot_mass_2004-2019.csv","2016","Control","NE L 3","4.27752","PIE","Coastal","Fertilization","Proxy"
"PIE_shoot_mass_2004-2019.csv","2016","Control","WE L 1","5.063155","PIE","Coastal","Fertilization","Proxy"
"PIE_shoot_mass_2004-2019.csv","2016","Control","WE L 2","4.19412","PIE","Coastal","Fertilization","Proxy"
"PIE_shoot_mass_2004-2019.csv","2016","Control","WE L 3","5.75928333333333","PIE","Coastal","Fertilization","Proxy"
"PIE_shoot_mass_2004-2019.csv","2016","Control","WE R 1","4.43492","PIE","Coastal","Fertilization","Proxy"
"PIE_shoot_mass_2004-2019.csv","2016","Control","WE R 2","6.05744","PIE","Coastal","Fertilization","Proxy"
"PIE_shoot_mass_2004-2019.csv","2016","Control","WE R 3","5.72792","PIE","Coastal","Fertilization","Proxy"
"PIE_shoot_mass_2004-2019.csv","2017","Enriched","CL R 1","7.1604","PIE","Coastal","Fertilization","Proxy"
"PIE_shoot_mass_2004-2019.csv","2017","Enriched","CL R 2","5.33544","PIE","Coastal","Fertilization","Proxy"
"PIE_shoot_mass_2004-2019.csv","2017","Enriched","CL R 3","6.66916","PIE","Coastal","Fertilization","Proxy"
"PIE_shoot_mass_2004-2019.csv","2017","Control","NE L 1","8.61732","PIE","Coastal","Fertilization","Proxy"
"PIE_shoot_mass_2004-2019.csv","2017","Control","NE L 2","4.63076","PIE","Coastal","Fertilization","Proxy"
"PIE_shoot_mass_2004-2019.csv","2017","Control","NE L 3","4.41752","PIE","Coastal","Fertilization","Proxy"
"PIE_shoot_mass_2004-2019.csv","2017","Control","WE L 1","5.60164","PIE","Coastal","Fertilization","Proxy"
"PIE_shoot_mass_2004-2019.csv","2017","Control","WE L 2","7.05848","PIE","Coastal","Fertilization","Proxy"
"PIE_shoot_mass_2004-2019.csv","2017","Control","WE L 3","6.7824","PIE","Coastal","Fertilization","Proxy"
"PIE_shoot_mass_2004-2019.csv","2017","Control","WE R 1","5.0426","PIE","Coastal","Fertilization","Proxy"
"PIE_shoot_mass_2004-2019.csv","2017","Control","WE R 2","4.64308","PIE","Coastal","Fertilization","Proxy"
"PIE_shoot_mass_2004-2019.csv","2017","Control","WE R 3","5.03964","PIE","Coastal","Fertilization","Proxy"
"PIE_shoot_mass_2004-2019.csv","2018","Enriched","CL R 1","5.33132","PIE","Coastal","Fertilization","Proxy"
"PIE_shoot_mass_2004-2019.csv","2018","Enriched","CL R 2","5.18672","PIE","Coastal","Fertilization","Proxy"
"PIE_shoot_mass_2004-2019.csv","2018","Enriched","CL R 3","5.85232","PIE","Coastal","Fertilization","Proxy"
"PIE_shoot_mass_2004-2019.csv","2018","Control","NE L 1","3.64832","PIE","Coastal","Fertilization","Proxy"
"PIE_shoot_mass_2004-2019.csv","2018","Control","NE L 2","3.39884","PIE","Coastal","Fertilization","Proxy"
"PIE_shoot_mass_2004-2019.csv","2018","Control","NE L 3","4.5082","PIE","Coastal","Fertilization","Proxy"
"PIE_shoot_mass_2004-2019.csv","2018","Control","WE L 1","6.29116","PIE","Coastal","Fertilization","Proxy"
"PIE_shoot_mass_2004-2019.csv","2018","Control","WE L 2","6.42176","PIE","Coastal","Fertilization","Proxy"
"PIE_shoot_mass_2004-2019.csv","2018","Control","WE L 3","7.20464","PIE","Coastal","Fertilization","Proxy"
"PIE_shoot_mass_2004-2019.csv","2018","Control","WE R 1","2.75936","PIE","Coastal","Fertilization","Proxy"
"PIE_shoot_mass_2004-2019.csv","2018","Control","WE R 2","4.22804","PIE","Coastal","Fertilization","Proxy"
"PIE_shoot_mass_2004-2019.csv","2018","Control","WE R 3","4.65016","PIE","Coastal","Fertilization","Proxy"
"PIE_shoot_mass_2004-2019.csv","2019","Enriched","CL R 1","5.897","PIE","Coastal","Fertilization","Proxy"
"PIE_shoot_mass_2004-2019.csv","2019","Enriched","CL R 2","5.85212","PIE","Coastal","Fertilization","Proxy"
"PIE_shoot_mass_2004-2019.csv","2019","Enriched","CL R 3","6.30644","PIE","Coastal","Fertilization","Proxy"
"PIE_shoot_mass_2004-2019.csv","2019","Control","NE L 1","5.94048","PIE","Coastal","Fertilization","Proxy"
"PIE_shoot_mass_2004-2019.csv","2019","Control","NE L 2","5.26132","PIE","Coastal","Fertilization","Proxy"
"PIE_shoot_mass_2004-2019.csv","2019","Control","NE L 3","5.00484","PIE","Coastal","Fertilization","Proxy"
"PIE_shoot_mass_2004-2019.csv","2019","Control","WE L 1","5.788","PIE","Coastal","Fertilization","Proxy"
"PIE_shoot_mass_2004-2019.csv","2019","Control","WE L 2","5.7778","PIE","Coastal","Fertilization","Proxy"
"PIE_shoot_mass_2004-2019.csv","2019","Control","WE L 3","4.54552","PIE","Coastal","Fertilization","Proxy"
"PIE_shoot_mass_2004-2019.csv","2019","Control","WE R 1","5.43136","PIE","Coastal","Fertilization","Proxy"
"PIE_shoot_mass_2004-2019.csv","2019","Control","WE R 2","5.64744","PIE","Coastal","Fertilization","Proxy"
"PIE_shoot_mass_2004-2019.csv","2019","Control","WE R 3","5.1568","PIE","Coastal","Fertilization","Proxy"
"PIE_shoot_mass_2004-2019.csv","2020","Control","NE L 1","6.17072","PIE","Coastal","Fertilization","Proxy"
"PIE_shoot_mass_2004-2019.csv","2020","Control","NE L 2","5.88976","PIE","Coastal","Fertilization","Proxy"
"PIE_shoot_mass_2004-2019.csv","2020","Control","NE L 3","4.5516","PIE","Coastal","Fertilization","Proxy"
"PIE_shoot_mass_2004-2019.csv","2020","Control","WE R 1","4.42384","PIE","Coastal","Fertilization","Proxy"
"PIE_shoot_mass_2004-2019.csv","2020","Control","WE R 2","6.47532","PIE","Coastal","Fertilization","Proxy"
"PIE_shoot_mass_2004-2019.csv","2020","Control","WE R 3","5.09944","PIE","Coastal","Fertilization","Proxy"
"SBC_reef_biomass_2008-2023.csv","2008","CONTROL","CARP","4103.14281091385","SBC","Coastal","Vegetation Removal","Stock"
"SBC_reef_biomass_2008-2023.csv","2008","ANNUAL","CARP","4689.57356093654","SBC","Coastal","Vegetation Removal","Stock"
"SBC_reef_biomass_2008-2023.csv","2008","CONTROL","AQUE","108.255567901225","SBC","Coastal","Vegetation Removal","Stock"
"SBC_reef_biomass_2008-2023.csv","2008","ANNUAL","AQUE","154.33723658735","SBC","Coastal","Vegetation Removal","Stock"
"SBC_reef_biomass_2008-2023.csv","2008","CONTROL","CARP","2357.81659179592","SBC","Coastal","Vegetation Removal","Stock"
"SBC_reef_biomass_2008-2023.csv","2008","ANNUAL","CARP","2918.44035032851","SBC","Coastal","Vegetation Removal","Stock"
"SBC_reef_biomass_2008-2023.csv","2008","CONTROL","MOHK","691.883316704439","SBC","Coastal","Vegetation Removal","Stock"
"SBC_reef_biomass_2008-2023.csv","2008","ANNUAL","MOHK","351.171573089352","SBC","Coastal","Vegetation Removal","Stock"
"SBC_reef_biomass_2008-2023.csv","2008","CONTROL","NAPL","798.122180050252","SBC","Coastal","Vegetation Removal","Stock"
"SBC_reef_biomass_2008-2023.csv","2008","ANNUAL","NAPL","673.908940871082","SBC","Coastal","Vegetation Removal","Stock"
"SBC_reef_biomass_2008-2023.csv","2008","CONTROL","AQUE","166.273611995618","SBC","Coastal","Vegetation Removal","Stock"
"SBC_reef_biomass_2008-2023.csv","2008","ANNUAL","AQUE","243.036513591803","SBC","Coastal","Vegetation Removal","Stock"
"SBC_reef_biomass_2008-2023.csv","2008","CONTROL","CARP","6625.74867244796","SBC","Coastal","Vegetation Removal","Stock"
"SBC_reef_biomass_2008-2023.csv","2008","ANNUAL","CARP","6053.62735877303","SBC","Coastal","Vegetation Removal","Stock"
"SBC_reef_biomass_2008-2023.csv","2008","CONTROL","MOHK","578.467484815319","SBC","Coastal","Vegetation Removal","Stock"
"SBC_reef_biomass_2008-2023.csv","2008","ANNUAL","MOHK","584.46034487004","SBC","Coastal","Vegetation Removal","Stock"
"SBC_reef_biomass_2008-2023.csv","2008","CONTROL","NAPL","606.65932960262","SBC","Coastal","Vegetation Removal","Stock"
"SBC_reef_biomass_2008-2023.csv","2008","ANNUAL","NAPL","567.778441724449","SBC","Coastal","Vegetation Removal","Stock"
"SBC_reef_biomass_2008-2023.csv","2008","CONTROL","AQUE","168.71123715134","SBC","Coastal","Vegetation Removal","Stock"
"SBC_reef_biomass_2008-2023.csv","2008","ANNUAL","AQUE","478.183508356265","SBC","Coastal","Vegetation Removal","Stock"
"SBC_reef_biomass_2008-2023.csv","2008","CONTROL","CARP","5785.33001716268","SBC","Coastal","Vegetation Removal","Stock"
"SBC_reef_biomass_2008-2023.csv","2008","ANNUAL","CARP","5478.34347377458","SBC","Coastal","Vegetation Removal","Stock"
"SBC_reef_biomass_2008-2023.csv","2008","CONTROL","MOHK","769.512283432758","SBC","Coastal","Vegetation Removal","Stock"
"SBC_reef_biomass_2008-2023.csv","2008","ANNUAL","MOHK","610.567771260282","SBC","Coastal","Vegetation Removal","Stock"
"SBC_reef_biomass_2008-2023.csv","2008","CONTROL","NAPL","594.46777934098","SBC","Coastal","Vegetation Removal","Stock"
"SBC_reef_biomass_2008-2023.csv","2008","ANNUAL","NAPL","565.586968705826","SBC","Coastal","Vegetation Removal","Stock"
"SBC_reef_biomass_2008-2023.csv","2008","CONTROL","AQUE","183.023643661964","SBC","Coastal","Vegetation Removal","Stock"
"SBC_reef_biomass_2008-2023.csv","2008","ANNUAL","AQUE","307.659200750916","SBC","Coastal","Vegetation Removal","Stock"
"SBC_reef_biomass_2008-2023.csv","2008","CONTROL","CARP","4491.54612910137","SBC","Coastal","Vegetation Removal","Stock"
"SBC_reef_biomass_2008-2023.csv","2008","ANNUAL","CARP","4542.51791017527","SBC","Coastal","Vegetation Removal","Stock"
"SBC_reef_biomass_2008-2023.csv","2008","CONTROL","MOHK","716.095719010482","SBC","Coastal","Vegetation Removal","Stock"
"SBC_reef_biomass_2008-2023.csv","2008","ANNUAL","MOHK","369.553066468917","SBC","Coastal","Vegetation Removal","Stock"
"SBC_reef_biomass_2008-2023.csv","2008","CONTROL","NAPL","645.287570994339","SBC","Coastal","Vegetation Removal","Stock"
"SBC_reef_biomass_2008-2023.csv","2008","ANNUAL","NAPL","609.273367886594","SBC","Coastal","Vegetation Removal","Stock"
"SBC_reef_biomass_2008-2023.csv","2008","CONTROL","AQUE","155.135909361983","SBC","Coastal","Vegetation Removal","Stock"
"SBC_reef_biomass_2008-2023.csv","2008","ANNUAL","AQUE","277.60869184943","SBC","Coastal","Vegetation Removal","Stock"
"SBC_reef_biomass_2008-2023.csv","2008","CONTROL","CARP","4272.24006931519","SBC","Coastal","Vegetation Removal","Stock"
"SBC_reef_biomass_2008-2023.csv","2008","ANNUAL","CARP","4863.30615657371","SBC","Coastal","Vegetation Removal","Stock"
"SBC_reef_biomass_2008-2023.csv","2008","CONTROL","MOHK","412.845203783622","SBC","Coastal","Vegetation Removal","Stock"
"SBC_reef_biomass_2008-2023.csv","2008","ANNUAL","MOHK","423.851801250385","SBC","Coastal","Vegetation Removal","Stock"
"SBC_reef_biomass_2008-2023.csv","2008","CONTROL","NAPL","958.981898983804","SBC","Coastal","Vegetation Removal","Stock"
"SBC_reef_biomass_2008-2023.csv","2008","ANNUAL","NAPL","849.510517179602","SBC","Coastal","Vegetation Removal","Stock"
"SBC_reef_biomass_2008-2023.csv","2008","CONTROL","AQUE","157.371056581453","SBC","Coastal","Vegetation Removal","Stock"
"SBC_reef_biomass_2008-2023.csv","2008","ANNUAL","AQUE","145.162075779986","SBC","Coastal","Vegetation Removal","Stock"
"SBC_reef_biomass_2008-2023.csv","2008","CONTROL","CARP","4983.17169156792","SBC","Coastal","Vegetation Removal","Stock"
"SBC_reef_biomass_2008-2023.csv","2008","ANNUAL","CARP","6541.97526727537","SBC","Coastal","Vegetation Removal","Stock"
"SBC_reef_biomass_2008-2023.csv","2008","CONTROL","MOHK","918.332373430459","SBC","Coastal","Vegetation Removal","Stock"
"SBC_reef_biomass_2008-2023.csv","2008","ANNUAL","MOHK","581.170698386125","SBC","Coastal","Vegetation Removal","Stock"
"SBC_reef_biomass_2008-2023.csv","2008","CONTROL","NAPL","673.525726969868","SBC","Coastal","Vegetation Removal","Stock"
"SBC_reef_biomass_2008-2023.csv","2008","ANNUAL","NAPL","536.622046095443","SBC","Coastal","Vegetation Removal","Stock"
"SBC_reef_biomass_2008-2023.csv","2008","CONTROL","AQUE","114.722997047603","SBC","Coastal","Vegetation Removal","Stock"
"SBC_reef_biomass_2008-2023.csv","2008","ANNUAL","AQUE","54.3452646711282","SBC","Coastal","Vegetation Removal","Stock"
"SBC_reef_biomass_2008-2023.csv","2008","CONTROL","CARP","6365.67252671219","SBC","Coastal","Vegetation Removal","Stock"
"SBC_reef_biomass_2008-2023.csv","2008","ANNUAL","CARP","7430.74464189167","SBC","Coastal","Vegetation Removal","Stock"
"SBC_reef_biomass_2008-2023.csv","2008","CONTROL","MOHK","607.14523636373","SBC","Coastal","Vegetation Removal","Stock"
"SBC_reef_biomass_2008-2023.csv","2008","ANNUAL","MOHK","669.814265669713","SBC","Coastal","Vegetation Removal","Stock"
"SBC_reef_biomass_2008-2023.csv","2008","CONTROL","NAPL","578.386075626854","SBC","Coastal","Vegetation Removal","Stock"
"SBC_reef_biomass_2008-2023.csv","2008","ANNUAL","NAPL","424.121094314811","SBC","Coastal","Vegetation Removal","Stock"
"SBC_reef_biomass_2008-2023.csv","2009","CONTROL","AQUE","161.977209493455","SBC","Coastal","Vegetation Removal","Stock"
"SBC_reef_biomass_2008-2023.csv","2009","ANNUAL","AQUE","75.9578339860789","SBC","Coastal","Vegetation Removal","Stock"
"SBC_reef_biomass_2008-2023.csv","2009","CONTROL","CARP","4353.07642427649","SBC","Coastal","Vegetation Removal","Stock"
"SBC_reef_biomass_2008-2023.csv","2009","ANNUAL","CARP","2265.65511711807","SBC","Coastal","Vegetation Removal","Stock"
"SBC_reef_biomass_2008-2023.csv","2009","CONTROL","MOHK","288.103408913883","SBC","Coastal","Vegetation Removal","Stock"
"SBC_reef_biomass_2008-2023.csv","2009","ANNUAL","MOHK","320.368551391439","SBC","Coastal","Vegetation Removal","Stock"
"SBC_reef_biomass_2008-2023.csv","2009","CONTROL","NAPL","356.384866341444","SBC","Coastal","Vegetation Removal","Stock"
"SBC_reef_biomass_2008-2023.csv","2009","ANNUAL","NAPL","371.348453194389","SBC","Coastal","Vegetation Removal","Stock"
"SBC_reef_biomass_2008-2023.csv","2009","CONTROL","AQUE","161.706631206359","SBC","Coastal","Vegetation Removal","Stock"
"SBC_reef_biomass_2008-2023.csv","2009","ANNUAL","AQUE","208.822136084555","SBC","Coastal","Vegetation Removal","Stock"
"SBC_reef_biomass_2008-2023.csv","2009","CONTROL","CARP","1974.03792687562","SBC","Coastal","Vegetation Removal","Stock"
"SBC_reef_biomass_2008-2023.csv","2009","ANNUAL","CARP","1390.66081905465","SBC","Coastal","Vegetation Removal","Stock"
"SBC_reef_biomass_2008-2023.csv","2009","CONTROL","MOHK","633.410734025685","SBC","Coastal","Vegetation Removal","Stock"
"SBC_reef_biomass_2008-2023.csv","2009","ANNUAL","MOHK","564.226487941049","SBC","Coastal","Vegetation Removal","Stock"
"SBC_reef_biomass_2008-2023.csv","2009","CONTROL","NAPL","856.890187955321","SBC","Coastal","Vegetation Removal","Stock"
"SBC_reef_biomass_2008-2023.csv","2009","ANNUAL","NAPL","1119.38445644386","SBC","Coastal","Vegetation Removal","Stock"
"SBC_reef_biomass_2008-2023.csv","2009","CONTROL","AQUE","215.704011544847","SBC","Coastal","Vegetation Removal","Stock"
"SBC_reef_biomass_2008-2023.csv","2009","ANNUAL","AQUE","266.135563382428","SBC","Coastal","Vegetation Removal","Stock"
"SBC_reef_biomass_2008-2023.csv","2009","CONTROL","CARP","5207.37676097069","SBC","Coastal","Vegetation Removal","Stock"
"SBC_reef_biomass_2008-2023.csv","2009","ANNUAL","CARP","4310.80815840701","SBC","Coastal","Vegetation Removal","Stock"
"SBC_reef_biomass_2008-2023.csv","2009","CONTROL","MOHK","466.665113602324","SBC","Coastal","Vegetation Removal","Stock"
"SBC_reef_biomass_2008-2023.csv","2009","ANNUAL","MOHK","496.569686791376","SBC","Coastal","Vegetation Removal","Stock"
"SBC_reef_biomass_2008-2023.csv","2009","CONTROL","NAPL","784.979909935106","SBC","Coastal","Vegetation Removal","Stock"
"SBC_reef_biomass_2008-2023.csv","2009","ANNUAL","NAPL","638.137238302944","SBC","Coastal","Vegetation Removal","Stock"
"SBC_reef_biomass_2008-2023.csv","2009","CONTROL","AQUE","179.805109176261","SBC","Coastal","Vegetation Removal","Stock"
"SBC_reef_biomass_2008-2023.csv","2009","ANNUAL","AQUE","466.696808534338","SBC","Coastal","Vegetation Removal","Stock"
"SBC_reef_biomass_2008-2023.csv","2009","CONTROL","CARP","4753.90854736599","SBC","Coastal","Vegetation Removal","Stock"
"SBC_reef_biomass_2008-2023.csv","2009","ANNUAL","CARP","3268.57158056885","SBC","Coastal","Vegetation Removal","Stock"
"SBC_reef_biomass_2008-2023.csv","2009","CONTROL","MOHK","682.494491287294","SBC","Coastal","Vegetation Removal","Stock"
"SBC_reef_biomass_2008-2023.csv","2009","ANNUAL","MOHK","839.804244782607","SBC","Coastal","Vegetation Removal","Stock"
"SBC_reef_biomass_2008-2023.csv","2009","CONTROL","NAPL","682.22079598371","SBC","Coastal","Vegetation Removal","Stock"
"SBC_reef_biomass_2008-2023.csv","2009","ANNUAL","NAPL","623.75863764214","SBC","Coastal","Vegetation Removal","Stock"
"SBC_reef_biomass_2008-2023.csv","2009","CONTROL","AQUE","199.956146192083","SBC","Coastal","Vegetation Removal","Stock"
"SBC_reef_biomass_2008-2023.csv","2009","ANNUAL","AQUE","539.393897857155","SBC","Coastal","Vegetation Removal","Stock"
"SBC_reef_biomass_2008-2023.csv","2009","CONTROL","CARP","3800.25715959987","SBC","Coastal","Vegetation Removal","Stock"
"SBC_reef_biomass_2008-2023.csv","2009","ANNUAL","CARP","1650.69121217831","SBC","Coastal","Vegetation Removal","Stock"
"SBC_reef_biomass_2008-2023.csv","2009","CONTROL","MOHK","529.92825744944","SBC","Coastal","Vegetation Removal","Stock"
"SBC_reef_biomass_2008-2023.csv","2009","ANNUAL","MOHK","788.416543115293","SBC","Coastal","Vegetation Removal","Stock"
"SBC_reef_biomass_2008-2023.csv","2009","CONTROL","NAPL","718.122304779219","SBC","Coastal","Vegetation Removal","Stock"
"SBC_reef_biomass_2008-2023.csv","2009","ANNUAL","NAPL","599.202064005255","SBC","Coastal","Vegetation Removal","Stock"
"SBC_reef_biomass_2008-2023.csv","2009","CONTROL","AQUE","221.929688216534","SBC","Coastal","Vegetation Removal","Stock"
"SBC_reef_biomass_2008-2023.csv","2009","ANNUAL","AQUE","451.122360091288","SBC","Coastal","Vegetation Removal","Stock"
"SBC_reef_biomass_2008-2023.csv","2009","CONTROL","NAPL","781.714643331121","SBC","Coastal","Vegetation Removal","Stock"
"SBC_reef_biomass_2008-2023.csv","2009","ANNUAL","NAPL","702.49761795316","SBC","Coastal","Vegetation Removal","Stock"
"SBC_reef_biomass_2008-2023.csv","2009","CONTROL","CARP","4454.54736847434","SBC","Coastal","Vegetation Removal","Stock"
"SBC_reef_biomass_2008-2023.csv","2009","ANNUAL","CARP","5048.87195857907","SBC","Coastal","Vegetation Removal","Stock"
"SBC_reef_biomass_2008-2023.csv","2009","CONTROL","MOHK","552.733182037074","SBC","Coastal","Vegetation Removal","Stock"
"SBC_reef_biomass_2008-2023.csv","2009","ANNUAL","MOHK","477.11697622688","SBC","Coastal","Vegetation Removal","Stock"
"SBC_reef_biomass_2008-2023.csv","2009","CONTROL","AQUE","203.401341509392","SBC","Coastal","Vegetation Removal","Stock"
"SBC_reef_biomass_2008-2023.csv","2009","ANNUAL","AQUE","284.278442781108","SBC","Coastal","Vegetation Removal","Stock"
"SBC_reef_biomass_2008-2023.csv","2009","CONTROL","CARP","3690.81898976259","SBC","Coastal","Vegetation Removal","Stock"
"SBC_reef_biomass_2008-2023.csv","2009","ANNUAL","CARP","2507.92583184351","SBC","Coastal","Vegetation Removal","Stock"
"SBC_reef_biomass_2008-2023.csv","2009","CONTROL","MOHK","728.662865013833","SBC","Coastal","Vegetation Removal","Stock"
"SBC_reef_biomass_2008-2023.csv","2009","ANNUAL","MOHK","464.294575427789","SBC","Coastal","Vegetation Removal","Stock"
"SBC_reef_biomass_2008-2023.csv","2009","CONTROL","NAPL","272.286936939699","SBC","Coastal","Vegetation Removal","Stock"
"SBC_reef_biomass_2008-2023.csv","2009","ANNUAL","NAPL","477.484770045708","SBC","Coastal","Vegetation Removal","Stock"
"SBC_reef_biomass_2008-2023.csv","2009","CONTROL","AQUE","262.562192205613","SBC","Coastal","Vegetation Removal","Stock"
"SBC_reef_biomass_2008-2023.csv","2009","ANNUAL","AQUE","262.751806180938","SBC","Coastal","Vegetation Removal","Stock"
"SBC_reef_biomass_2008-2023.csv","2009","CONTROL","CARP","4011.20220209033","SBC","Coastal","Vegetation Removal","Stock"
"SBC_reef_biomass_2008-2023.csv","2009","ANNUAL","CARP","3774.42915139134","SBC","Coastal","Vegetation Removal","Stock"
"SBC_reef_biomass_2008-2023.csv","2009","CONTROL","MOHK","891.418212008298","SBC","Coastal","Vegetation Removal","Stock"
"SBC_reef_biomass_2008-2023.csv","2009","ANNUAL","MOHK","891.120827039895","SBC","Coastal","Vegetation Removal","Stock"
"SBC_reef_biomass_2008-2023.csv","2009","CONTROL","NAPL","864.225041312342","SBC","Coastal","Vegetation Removal","Stock"
"SBC_reef_biomass_2008-2023.csv","2009","ANNUAL","NAPL","830.541117878045","SBC","Coastal","Vegetation Removal","Stock"
"SBC_reef_biomass_2008-2023.csv","2010","CONTROL","CARP","2705.92555536476","SBC","Coastal","Vegetation Removal","Stock"
"SBC_reef_biomass_2008-2023.csv","2010","ANNUAL","CARP","1759.42786910187","SBC","Coastal","Vegetation Removal","Stock"
"SBC_reef_biomass_2008-2023.csv","2010","CONTROL","NAPL","735.561262942764","SBC","Coastal","Vegetation Removal","Stock"
"SBC_reef_biomass_2008-2023.csv","2010","ANNUAL","NAPL","649.018705114829","SBC","Coastal","Vegetation Removal","Stock"
"SBC_reef_biomass_2008-2023.csv","2010","CONTROL","AQUE","119.415418080963","SBC","Coastal","Vegetation Removal","Stock"
"SBC_reef_biomass_2008-2023.csv","2010","ANNUAL","AQUE","82.6629318965497","SBC","Coastal","Vegetation Removal","Stock"
"SBC_reef_biomass_2008-2023.csv","2010","CONTROL","MOHK","506.835694458117","SBC","Coastal","Vegetation Removal","Stock"
"SBC_reef_biomass_2008-2023.csv","2010","ANNUAL","MOHK","615.353297800936","SBC","Coastal","Vegetation Removal","Stock"
"SBC_reef_biomass_2008-2023.csv","2010","CONTROL","AQUE","252.241482775743","SBC","Coastal","Vegetation Removal","Stock"
"SBC_reef_biomass_2008-2023.csv","2010","ANNUAL","AQUE","377.386456183454","SBC","Coastal","Vegetation Removal","Stock"
"SBC_reef_biomass_2008-2023.csv","2010","CONTROL","CARP","3152.29952235468","SBC","Coastal","Vegetation Removal","Stock"
"SBC_reef_biomass_2008-2023.csv","2010","ANNUAL","CARP","2559.31671979609","SBC","Coastal","Vegetation Removal","Stock"
"SBC_reef_biomass_2008-2023.csv","2010","CONTROL","MOHK","429.01644268626","SBC","Coastal","Vegetation Removal","Stock"
"SBC_reef_biomass_2008-2023.csv","2010","ANNUAL","MOHK","571.248496307149","SBC","Coastal","Vegetation Removal","Stock"
"SBC_reef_biomass_2008-2023.csv","2010","CONTROL","NAPL","775.602471665502","SBC","Coastal","Vegetation Removal","Stock"
"SBC_reef_biomass_2008-2023.csv","2010","ANNUAL","NAPL","651.534422911705","SBC","Coastal","Vegetation Removal","Stock"
"SBC_reef_biomass_2008-2023.csv","2010","CONTROL","AQUE","362.5646509034","SBC","Coastal","Vegetation Removal","Stock"
"SBC_reef_biomass_2008-2023.csv","2010","ANNUAL","AQUE","425.898016323698","SBC","Coastal","Vegetation Removal","Stock"
"SBC_reef_biomass_2008-2023.csv","2010","CONTINUAL","AQUE","953.77647231353","SBC","Coastal","Vegetation Removal","Stock"
"SBC_reef_biomass_2008-2023.csv","2010","CONTROL","CARP","4348.03266008371","SBC","Coastal","Vegetation Removal","Stock"
"SBC_reef_biomass_2008-2023.csv","2010","ANNUAL","CARP","5375.96323181566","SBC","Coastal","Vegetation Removal","Stock"
"SBC_reef_biomass_2008-2023.csv","2010","CONTINUAL","CARP","3820.65096623243","SBC","Coastal","Vegetation Removal","Stock"
"SBC_reef_biomass_2008-2023.csv","2010","CONTROL","NAPL","722.924323388406","SBC","Coastal","Vegetation Removal","Stock"
"SBC_reef_biomass_2008-2023.csv","2010","ANNUAL","NAPL","690.57710788723","SBC","Coastal","Vegetation Removal","Stock"
"SBC_reef_biomass_2008-2023.csv","2010","CONTINUAL","NAPL","602.749263477284","SBC","Coastal","Vegetation Removal","Stock"
"SBC_reef_biomass_2008-2023.csv","2010","CONTROL","MOHK","718.894416592138","SBC","Coastal","Vegetation Removal","Stock"
"SBC_reef_biomass_2008-2023.csv","2010","ANNUAL","MOHK","416.023869561287","SBC","Coastal","Vegetation Removal","Stock"
"SBC_reef_biomass_2008-2023.csv","2010","CONTINUAL","MOHK","500.200787677628","SBC","Coastal","Vegetation Removal","Stock"
"SBC_reef_biomass_2008-2023.csv","2010","CONTROL","AQUE","391.642627671422","SBC","Coastal","Vegetation Removal","Stock"
"SBC_reef_biomass_2008-2023.csv","2010","ANNUAL","AQUE","346.214527941236","SBC","Coastal","Vegetation Removal","Stock"
"SBC_reef_biomass_2008-2023.csv","2010","CONTINUAL","AQUE","1113.37285548644","SBC","Coastal","Vegetation Removal","Stock"
"SBC_reef_biomass_2008-2023.csv","2010","CONTROL","CARP","4074.49990958921","SBC","Coastal","Vegetation Removal","Stock"
"SBC_reef_biomass_2008-2023.csv","2010","ANNUAL","CARP","4892.36712357682","SBC","Coastal","Vegetation Removal","Stock"
"SBC_reef_biomass_2008-2023.csv","2010","CONTINUAL","CARP","5871.02196846375","SBC","Coastal","Vegetation Removal","Stock"
"SBC_reef_biomass_2008-2023.csv","2010","CONTROL","MOHK","532.612016672299","SBC","Coastal","Vegetation Removal","Stock"
"SBC_reef_biomass_2008-2023.csv","2010","ANNUAL","MOHK","620.033457756565","SBC","Coastal","Vegetation Removal","Stock"
"SBC_reef_biomass_2008-2023.csv","2010","CONTINUAL","MOHK","289.992082672104","SBC","Coastal","Vegetation Removal","Stock"
"SBC_reef_biomass_2008-2023.csv","2010","CONTROL","NAPL","910.427000105854","SBC","Coastal","Vegetation Removal","Stock"
"SBC_reef_biomass_2008-2023.csv","2010","ANNUAL","NAPL","642.001705164995","SBC","Coastal","Vegetation Removal","Stock"
"SBC_reef_biomass_2008-2023.csv","2010","CONTINUAL","NAPL","491.477809321891","SBC","Coastal","Vegetation Removal","Stock"
"SBC_reef_biomass_2008-2023.csv","2010","CONTROL","AQUE","292.231409725087","SBC","Coastal","Vegetation Removal","Stock"
"SBC_reef_biomass_2008-2023.csv","2010","ANNUAL","AQUE","191.175807279433","SBC","Coastal","Vegetation Removal","Stock"
"SBC_reef_biomass_2008-2023.csv","2010","CONTINUAL","AQUE","694.548050357679","SBC","Coastal","Vegetation Removal","Stock"
"SBC_reef_biomass_2008-2023.csv","2010","CONTROL","CARP","4409.52853973707","SBC","Coastal","Vegetation Removal","Stock"
"SBC_reef_biomass_2008-2023.csv","2010","ANNUAL","CARP","4726.92326466676","SBC","Coastal","Vegetation Removal","Stock"
"SBC_reef_biomass_2008-2023.csv","2010","CONTINUAL","CARP","5868.36667841052","SBC","Coastal","Vegetation Removal","Stock"
"SBC_reef_biomass_2008-2023.csv","2010","CONTROL","MOHK","1012.53465927324","SBC","Coastal","Vegetation Removal","Stock"
"SBC_reef_biomass_2008-2023.csv","2010","ANNUAL","MOHK","783.22732633141","SBC","Coastal","Vegetation Removal","Stock"
"SBC_reef_biomass_2008-2023.csv","2010","CONTINUAL","MOHK","372.342930704358","SBC","Coastal","Vegetation Removal","Stock"
"SBC_reef_biomass_2008-2023.csv","2010","CONTROL","NAPL","981.096376753691","SBC","Coastal","Vegetation Removal","Stock"
"SBC_reef_biomass_2008-2023.csv","2010","ANNUAL","NAPL","953.156954853619","SBC","Coastal","Vegetation Removal","Stock"
"SBC_reef_biomass_2008-2023.csv","2010","CONTINUAL","NAPL","655.817040125892","SBC","Coastal","Vegetation Removal","Stock"
"SBC_reef_biomass_2008-2023.csv","2010","CONTROL","AQUE","263.548891003778","SBC","Coastal","Vegetation Removal","Stock"
"SBC_reef_biomass_2008-2023.csv","2010","ANNUAL","AQUE","294.583244191923","SBC","Coastal","Vegetation Removal","Stock"
"SBC_reef_biomass_2008-2023.csv","2010","CONTINUAL","AQUE","1223.26923811637","SBC","Coastal","Vegetation Removal","Stock"
"SBC_reef_biomass_2008-2023.csv","2010","CONTROL","CARP","4288.64429649608","SBC","Coastal","Vegetation Removal","Stock"
"SBC_reef_biomass_2008-2023.csv","2010","ANNUAL","CARP","4333.0087043361","SBC","Coastal","Vegetation Removal","Stock"
"SBC_reef_biomass_2008-2023.csv","2010","CONTINUAL","CARP","4983.67857502704","SBC","Coastal","Vegetation Removal","Stock"
"SBC_reef_biomass_2008-2023.csv","2010","CONTROL","MOHK","558.148196097686","SBC","Coastal","Vegetation Removal","Stock"
"SBC_reef_biomass_2008-2023.csv","2010","ANNUAL","MOHK","530.046208255938","SBC","Coastal","Vegetation Removal","Stock"
"SBC_reef_biomass_2008-2023.csv","2010","CONTINUAL","MOHK","715.389076864615","SBC","Coastal","Vegetation Removal","Stock"
"SBC_reef_biomass_2008-2023.csv","2010","CONTROL","NAPL","609.644218985929","SBC","Coastal","Vegetation Removal","Stock"
"SBC_reef_biomass_2008-2023.csv","2010","ANNUAL","NAPL","448.424023382235","SBC","Coastal","Vegetation Removal","Stock"
"SBC_reef_biomass_2008-2023.csv","2010","CONTINUAL","NAPL","493.841683584618","SBC","Coastal","Vegetation Removal","Stock"
"SBC_reef_biomass_2008-2023.csv","2010","CONTROL","AQUE","301.106928792403","SBC","Coastal","Vegetation Removal","Stock"
"SBC_reef_biomass_2008-2023.csv","2010","ANNUAL","AQUE","247.711409523089","SBC","Coastal","Vegetation Removal","Stock"
"SBC_reef_biomass_2008-2023.csv","2010","CONTINUAL","AQUE","801.111500246915","SBC","Coastal","Vegetation Removal","Stock"
"SBC_reef_biomass_2008-2023.csv","2010","CONTROL","CARP","4871.42302768049","SBC","Coastal","Vegetation Removal","Stock"
"SBC_reef_biomass_2008-2023.csv","2010","ANNUAL","CARP","7232.968509462","SBC","Coastal","Vegetation Removal","Stock"
"SBC_reef_biomass_2008-2023.csv","2010","CONTINUAL","CARP","6533.92529342561","SBC","Coastal","Vegetation Removal","Stock"
"SBC_reef_biomass_2008-2023.csv","2010","CONTROL","MOHK","514.502837476267","SBC","Coastal","Vegetation Removal","Stock"
"SBC_reef_biomass_2008-2023.csv","2010","ANNUAL","MOHK","696.936495895003","SBC","Coastal","Vegetation Removal","Stock"
"SBC_reef_biomass_2008-2023.csv","2010","CONTINUAL","MOHK","419.639076275147","SBC","Coastal","Vegetation Removal","Stock"
"SBC_reef_biomass_2008-2023.csv","2010","CONTROL","NAPL","632.822237712603","SBC","Coastal","Vegetation Removal","Stock"
"SBC_reef_biomass_2008-2023.csv","2010","ANNUAL","NAPL","612.106087410581","SBC","Coastal","Vegetation Removal","Stock"
"SBC_reef_biomass_2008-2023.csv","2010","CONTINUAL","NAPL","730.445125114908","SBC","Coastal","Vegetation Removal","Stock"
"SBC_reef_biomass_2008-2023.csv","2010","CONTROL","AQUE","675.869324840592","SBC","Coastal","Vegetation Removal","Stock"
"SBC_reef_biomass_2008-2023.csv","2010","ANNUAL","AQUE","471.25948487924","SBC","Coastal","Vegetation Removal","Stock"
"SBC_reef_biomass_2008-2023.csv","2010","CONTINUAL","AQUE","1202.91945000674","SBC","Coastal","Vegetation Removal","Stock"
"SBC_reef_biomass_2008-2023.csv","2010","CONTROL","MOHK","557.81142991906","SBC","Coastal","Vegetation Removal","Stock"
"SBC_reef_biomass_2008-2023.csv","2010","ANNUAL","MOHK","731.219736582798","SBC","Coastal","Vegetation Removal","Stock"
"SBC_reef_biomass_2008-2023.csv","2010","CONTINUAL","MOHK","614.842748714883","SBC","Coastal","Vegetation Removal","Stock"
"SBC_reef_biomass_2008-2023.csv","2010","CONTROL","NAPL","809.32726027557","SBC","Coastal","Vegetation Removal","Stock"
"SBC_reef_biomass_2008-2023.csv","2010","ANNUAL","NAPL","625.308461500897","SBC","Coastal","Vegetation Removal","Stock"
"SBC_reef_biomass_2008-2023.csv","2010","CONTINUAL","NAPL","646.334891866324","SBC","Coastal","Vegetation Removal","Stock"
"SBC_reef_biomass_2008-2023.csv","2010","CONTROL","CARP","4893.60608979349","SBC","Coastal","Vegetation Removal","Stock"
"SBC_reef_biomass_2008-2023.csv","2010","ANNUAL","CARP","4657.53950637087","SBC","Coastal","Vegetation Removal","Stock"
"SBC_reef_biomass_2008-2023.csv","2010","CONTINUAL","CARP","4932.86164552054","SBC","Coastal","Vegetation Removal","Stock"
"SBC_reef_biomass_2008-2023.csv","2011","CONTROL","AQUE","526.863441532285","SBC","Coastal","Vegetation Removal","Stock"
"SBC_reef_biomass_2008-2023.csv","2011","ANNUAL","AQUE","222.177719566162","SBC","Coastal","Vegetation Removal","Stock"
"SBC_reef_biomass_2008-2023.csv","2011","CONTINUAL","AQUE","549.018938827463","SBC","Coastal","Vegetation Removal","Stock"
"SBC_reef_biomass_2008-2023.csv","2011","CONTROL","CARP","2329.51870531163","SBC","Coastal","Vegetation Removal","Stock"
"SBC_reef_biomass_2008-2023.csv","2011","ANNUAL","CARP","804.398635717668","SBC","Coastal","Vegetation Removal","Stock"
"SBC_reef_biomass_2008-2023.csv","2011","CONTINUAL","CARP","2316.12187522552","SBC","Coastal","Vegetation Removal","Stock"
"SBC_reef_biomass_2008-2023.csv","2011","CONTROL","MOHK","672.727635095478","SBC","Coastal","Vegetation Removal","Stock"
"SBC_reef_biomass_2008-2023.csv","2011","ANNUAL","MOHK","369.120817462801","SBC","Coastal","Vegetation Removal","Stock"
"SBC_reef_biomass_2008-2023.csv","2011","CONTINUAL","MOHK","328.359816407108","SBC","Coastal","Vegetation Removal","Stock"
"SBC_reef_biomass_2008-2023.csv","2011","CONTROL","NAPL","873.706797417512","SBC","Coastal","Vegetation Removal","Stock"
"SBC_reef_biomass_2008-2023.csv","2011","ANNUAL","NAPL","488.761408884908","SBC","Coastal","Vegetation Removal","Stock"
"SBC_reef_biomass_2008-2023.csv","2011","CONTINUAL","NAPL","527.474154562325","SBC","Coastal","Vegetation Removal","Stock"
"SBC_reef_biomass_2008-2023.csv","2011","CONTROL","NAPL","652.320181830403","SBC","Coastal","Vegetation Removal","Stock"
"SBC_reef_biomass_2008-2023.csv","2011","ANNUAL","NAPL","615.343360605467","SBC","Coastal","Vegetation Removal","Stock"
"SBC_reef_biomass_2008-2023.csv","2011","CONTINUAL","NAPL","529.486965000222","SBC","Coastal","Vegetation Removal","Stock"
"SBC_reef_biomass_2008-2023.csv","2011","CONTROL","AQUE","216.00354086982","SBC","Coastal","Vegetation Removal","Stock"
"SBC_reef_biomass_2008-2023.csv","2011","ANNUAL","AQUE","217.293320300807","SBC","Coastal","Vegetation Removal","Stock"
"SBC_reef_biomass_2008-2023.csv","2011","CONTINUAL","AQUE","1018.18186979174","SBC","Coastal","Vegetation Removal","Stock"
"SBC_reef_biomass_2008-2023.csv","2011","CONTROL","CARP","3605.34990441219","SBC","Coastal","Vegetation Removal","Stock"
"SBC_reef_biomass_2008-2023.csv","2011","ANNUAL","CARP","2705.17731556463","SBC","Coastal","Vegetation Removal","Stock"
"SBC_reef_biomass_2008-2023.csv","2011","CONTINUAL","CARP","5880.0847873125","SBC","Coastal","Vegetation Removal","Stock"
"SBC_reef_biomass_2008-2023.csv","2011","CONTROL","MOHK","503.776335922813","SBC","Coastal","Vegetation Removal","Stock"
"SBC_reef_biomass_2008-2023.csv","2011","ANNUAL","MOHK","452.094841510633","SBC","Coastal","Vegetation Removal","Stock"
"SBC_reef_biomass_2008-2023.csv","2011","CONTINUAL","MOHK","423.536538533591","SBC","Coastal","Vegetation Removal","Stock"
"SBC_reef_biomass_2008-2023.csv","2011","CONTROL","AQUE","393.027875803502","SBC","Coastal","Vegetation Removal","Stock"
"SBC_reef_biomass_2008-2023.csv","2011","ANNUAL","AQUE","399.489464435721","SBC","Coastal","Vegetation Removal","Stock"
"SBC_reef_biomass_2008-2023.csv","2011","CONTINUAL","AQUE","1097.5243368241","SBC","Coastal","Vegetation Removal","Stock"
"SBC_reef_biomass_2008-2023.csv","2011","CONTROL","CARP","2946.31556969121","SBC","Coastal","Vegetation Removal","Stock"
"SBC_reef_biomass_2008-2023.csv","2011","ANNUAL","CARP","2408.26901475381","SBC","Coastal","Vegetation Removal","Stock"
"SBC_reef_biomass_2008-2023.csv","2011","CONTINUAL","CARP","4103.01869473926","SBC","Coastal","Vegetation Removal","Stock"
"SBC_reef_biomass_2008-2023.csv","2011","CONTROL","MOHK","497.033503216283","SBC","Coastal","Vegetation Removal","Stock"
"SBC_reef_biomass_2008-2023.csv","2011","ANNUAL","MOHK","521.749772782141","SBC","Coastal","Vegetation Removal","Stock"
"SBC_reef_biomass_2008-2023.csv","2011","CONTINUAL","MOHK","393.122618340655","SBC","Coastal","Vegetation Removal","Stock"
"SBC_reef_biomass_2008-2023.csv","2011","CONTROL","NAPL","668.430579181863","SBC","Coastal","Vegetation Removal","Stock"
"SBC_reef_biomass_2008-2023.csv","2011","ANNUAL","NAPL","491.26888540153","SBC","Coastal","Vegetation Removal","Stock"
"SBC_reef_biomass_2008-2023.csv","2011","CONTINUAL","NAPL","430.507937540401","SBC","Coastal","Vegetation Removal","Stock"
"SBC_reef_biomass_2008-2023.csv","2011","CONTROL","CARP","4788.31995200975","SBC","Coastal","Vegetation Removal","Stock"
"SBC_reef_biomass_2008-2023.csv","2011","ANNUAL","CARP","4350.22105911561","SBC","Coastal","Vegetation Removal","Stock"
"SBC_reef_biomass_2008-2023.csv","2011","CONTINUAL","CARP","5214.92178887565","SBC","Coastal","Vegetation Removal","Stock"
"SBC_reef_biomass_2008-2023.csv","2011","CONTROL","MOHK","158.077260282852","SBC","Coastal","Vegetation Removal","Stock"
"SBC_reef_biomass_2008-2023.csv","2011","ANNUAL","MOHK","364.404542760082","SBC","Coastal","Vegetation Removal","Stock"
"SBC_reef_biomass_2008-2023.csv","2011","CONTINUAL","MOHK","210.234077416655","SBC","Coastal","Vegetation Removal","Stock"
"SBC_reef_biomass_2008-2023.csv","2011","CONTROL","NAPL","856.821176556964","SBC","Coastal","Vegetation Removal","Stock"
"SBC_reef_biomass_2008-2023.csv","2011","ANNUAL","NAPL","545.913627686197","SBC","Coastal","Vegetation Removal","Stock"
"SBC_reef_biomass_2008-2023.csv","2011","CONTINUAL","NAPL","319.245198823725","SBC","Coastal","Vegetation Removal","Stock"
"SBC_reef_biomass_2008-2023.csv","2011","CONTROL","AQUE","409.580003465658","SBC","Coastal","Vegetation Removal","Stock"
"SBC_reef_biomass_2008-2023.csv","2011","ANNUAL","AQUE","324.689766070306","SBC","Coastal","Vegetation Removal","Stock"
"SBC_reef_biomass_2008-2023.csv","2011","CONTINUAL","AQUE","880.390167208572","SBC","Coastal","Vegetation Removal","Stock"
"SBC_reef_biomass_2008-2023.csv","2011","CONTROL","AQUE","420.884810264546","SBC","Coastal","Vegetation Removal","Stock"
"SBC_reef_biomass_2008-2023.csv","2011","ANNUAL","AQUE","459.255014591735","SBC","Coastal","Vegetation Removal","Stock"
"SBC_reef_biomass_2008-2023.csv","2011","CONTINUAL","AQUE","1117.73394861561","SBC","Coastal","Vegetation Removal","Stock"
"SBC_reef_biomass_2008-2023.csv","2011","CONTROL","CARP","2702.25168000161","SBC","Coastal","Vegetation Removal","Stock"
"SBC_reef_biomass_2008-2023.csv","2011","ANNUAL","CARP","1701.00866709915","SBC","Coastal","Vegetation Removal","Stock"
"SBC_reef_biomass_2008-2023.csv","2011","CONTINUAL","CARP","3288.9315640674","SBC","Coastal","Vegetation Removal","Stock"
"SBC_reef_biomass_2008-2023.csv","2011","CONTROL","MOHK","446.196885830862","SBC","Coastal","Vegetation Removal","Stock"
"SBC_reef_biomass_2008-2023.csv","2011","ANNUAL","MOHK","796.436070171822","SBC","Coastal","Vegetation Removal","Stock"
"SBC_reef_biomass_2008-2023.csv","2011","CONTINUAL","MOHK","390.349051960432","SBC","Coastal","Vegetation Removal","Stock"
"SBC_reef_biomass_2008-2023.csv","2011","CONTROL","NAPL","803.275741955812","SBC","Coastal","Vegetation Removal","Stock"
"SBC_reef_biomass_2008-2023.csv","2011","ANNUAL","NAPL","699.493382761654","SBC","Coastal","Vegetation Removal","Stock"
"SBC_reef_biomass_2008-2023.csv","2011","CONTINUAL","NAPL","532.677775983163","SBC","Coastal","Vegetation Removal","Stock"
"SBC_reef_biomass_2008-2023.csv","2011","CONTROL","CARP","3227.39002642623","SBC","Coastal","Vegetation Removal","Stock"
"SBC_reef_biomass_2008-2023.csv","2011","ANNUAL","CARP","2860.10507377406","SBC","Coastal","Vegetation Removal","Stock"
"SBC_reef_biomass_2008-2023.csv","2011","CONTINUAL","CARP","2670.55017075826","SBC","Coastal","Vegetation Removal","Stock"
"SBC_reef_biomass_2008-2023.csv","2011","CONTROL","AQUE","349.550686499455","SBC","Coastal","Vegetation Removal","Stock"
"SBC_reef_biomass_2008-2023.csv","2011","ANNUAL","AQUE","279.314291256591","SBC","Coastal","Vegetation Removal","Stock"
"SBC_reef_biomass_2008-2023.csv","2011","CONTINUAL","AQUE","1209.90775654423","SBC","Coastal","Vegetation Removal","Stock"
"SBC_reef_biomass_2008-2023.csv","2011","CONTROL","MOHK","544.897381265986","SBC","Coastal","Vegetation Removal","Stock"
"SBC_reef_biomass_2008-2023.csv","2011","ANNUAL","MOHK","464.649493793248","SBC","Coastal","Vegetation Removal","Stock"
"SBC_reef_biomass_2008-2023.csv","2011","CONTINUAL","MOHK","1102.08012327289","SBC","Coastal","Vegetation Removal","Stock"
"SBC_reef_biomass_2008-2023.csv","2011","CONTROL","NAPL","709.988911388518","SBC","Coastal","Vegetation Removal","Stock"
"SBC_reef_biomass_2008-2023.csv","2011","ANNUAL","NAPL","674.480135154751","SBC","Coastal","Vegetation Removal","Stock"
"SBC_reef_biomass_2008-2023.csv","2011","CONTINUAL","NAPL","562.596995059877","SBC","Coastal","Vegetation Removal","Stock"
"SBC_reef_biomass_2008-2023.csv","2011","CONTROL","AQUE","323.933489921965","SBC","Coastal","Vegetation Removal","Stock"
"SBC_reef_biomass_2008-2023.csv","2011","ANNUAL","AQUE","270.564944106383","SBC","Coastal","Vegetation Removal","Stock"
"SBC_reef_biomass_2008-2023.csv","2011","CONTINUAL","AQUE","1529.91551576883","SBC","Coastal","Vegetation Removal","Stock"
"SBC_reef_biomass_2008-2023.csv","2011","CONTROL","CARP","1917.41946969074","SBC","Coastal","Vegetation Removal","Stock"
"SBC_reef_biomass_2008-2023.csv","2011","ANNUAL","CARP","2470.20299552965","SBC","Coastal","Vegetation Removal","Stock"
"SBC_reef_biomass_2008-2023.csv","2011","CONTINUAL","CARP","2858.01104532084","SBC","Coastal","Vegetation Removal","Stock"
"SBC_reef_biomass_2008-2023.csv","2011","CONTROL","IVEE","378.777513573892","SBC","Coastal","Vegetation Removal","Stock"
"SBC_reef_biomass_2008-2023.csv","2011","ANNUAL","IVEE","390.246233856942","SBC","Coastal","Vegetation Removal","Stock"
"SBC_reef_biomass_2008-2023.csv","2011","CONTROL","MOHK","549.005715559776","SBC","Coastal","Vegetation Removal","Stock"
"SBC_reef_biomass_2008-2023.csv","2011","ANNUAL","MOHK","437.147553690633","SBC","Coastal","Vegetation Removal","Stock"
"SBC_reef_biomass_2008-2023.csv","2011","CONTINUAL","MOHK","954.618201158905","SBC","Coastal","Vegetation Removal","Stock"
"SBC_reef_biomass_2008-2023.csv","2011","CONTROL","NAPL","916.67828828985","SBC","Coastal","Vegetation Removal","Stock"
"SBC_reef_biomass_2008-2023.csv","2011","ANNUAL","NAPL","628.761566559447","SBC","Coastal","Vegetation Removal","Stock"
"SBC_reef_biomass_2008-2023.csv","2011","CONTINUAL","NAPL","507.037747191152","SBC","Coastal","Vegetation Removal","Stock"
"SBC_reef_biomass_2008-2023.csv","2011","CONTROL","CARP","2620.08746395758","SBC","Coastal","Vegetation Removal","Stock"
"SBC_reef_biomass_2008-2023.csv","2011","ANNUAL","CARP","2145.98752560042","SBC","Coastal","Vegetation Removal","Stock"
"SBC_reef_biomass_2008-2023.csv","2011","CONTINUAL","CARP","2908.90837897841","SBC","Coastal","Vegetation Removal","Stock"
"SBC_reef_biomass_2008-2023.csv","2011","CONTROL","MOHK","304.541745377698","SBC","Coastal","Vegetation Removal","Stock"
"SBC_reef_biomass_2008-2023.csv","2011","ANNUAL","MOHK","627.490583849987","SBC","Coastal","Vegetation Removal","Stock"
"SBC_reef_biomass_2008-2023.csv","2011","CONTINUAL","MOHK","802.296544590918","SBC","Coastal","Vegetation Removal","Stock"
"SBC_reef_biomass_2008-2023.csv","2011","CONTROL","NAPL","912.212147323371","SBC","Coastal","Vegetation Removal","Stock"
"SBC_reef_biomass_2008-2023.csv","2011","ANNUAL","NAPL","530.530489430626","SBC","Coastal","Vegetation Removal","Stock"
"SBC_reef_biomass_2008-2023.csv","2011","CONTINUAL","NAPL","501.85698981247","SBC","Coastal","Vegetation Removal","Stock"
"SBC_reef_biomass_2008-2023.csv","2011","CONTROL","AQUE","239.869689878721","SBC","Coastal","Vegetation Removal","Stock"
"SBC_reef_biomass_2008-2023.csv","2011","ANNUAL","AQUE","391.447579497262","SBC","Coastal","Vegetation Removal","Stock"
"SBC_reef_biomass_2008-2023.csv","2011","CONTINUAL","AQUE","1984.57336525722","SBC","Coastal","Vegetation Removal","Stock"
"SBC_reef_biomass_2008-2023.csv","2012","CONTROL","CARP","1504.55332931698","SBC","Coastal","Vegetation Removal","Stock"
"SBC_reef_biomass_2008-2023.csv","2012","ANNUAL","CARP","530.989602730666","SBC","Coastal","Vegetation Removal","Stock"
"SBC_reef_biomass_2008-2023.csv","2012","CONTINUAL","CARP","1673.15537475187","SBC","Coastal","Vegetation Removal","Stock"
"SBC_reef_biomass_2008-2023.csv","2012","CONTROL","IVEE","462.525990740873","SBC","Coastal","Vegetation Removal","Stock"
"SBC_reef_biomass_2008-2023.csv","2012","ANNUAL","IVEE","226.810157081129","SBC","Coastal","Vegetation Removal","Stock"
"SBC_reef_biomass_2008-2023.csv","2012","CONTROL","MOHK","306.908709759043","SBC","Coastal","Vegetation Removal","Stock"
"SBC_reef_biomass_2008-2023.csv","2012","ANNUAL","MOHK","423.953923535133","SBC","Coastal","Vegetation Removal","Stock"
"SBC_reef_biomass_2008-2023.csv","2012","CONTINUAL","MOHK","416.523562339777","SBC","Coastal","Vegetation Removal","Stock"
"SBC_reef_biomass_2008-2023.csv","2012","CONTROL","NAPL","829.399508520816","SBC","Coastal","Vegetation Removal","Stock"
"SBC_reef_biomass_2008-2023.csv","2012","ANNUAL","NAPL","548.194818135877","SBC","Coastal","Vegetation Removal","Stock"
"SBC_reef_biomass_2008-2023.csv","2012","CONTINUAL","NAPL","558.853272040917","SBC","Coastal","Vegetation Removal","Stock"
"SBC_reef_biomass_2008-2023.csv","2012","CONTROL","AQUE","386.763818786863","SBC","Coastal","Vegetation Removal","Stock"
"SBC_reef_biomass_2008-2023.csv","2012","ANNUAL","AQUE","339.835929094437","SBC","Coastal","Vegetation Removal","Stock"
"SBC_reef_biomass_2008-2023.csv","2012","CONTINUAL","AQUE","913.768473615805","SBC","Coastal","Vegetation Removal","Stock"
"SBC_reef_biomass_2008-2023.csv","2012","CONTROL","AQUE","312.052927950476","SBC","Coastal","Vegetation Removal","Stock"
"SBC_reef_biomass_2008-2023.csv","2012","ANNUAL","AQUE","290.21972294498","SBC","Coastal","Vegetation Removal","Stock"
"SBC_reef_biomass_2008-2023.csv","2012","CONTINUAL","AQUE","405.603681836312","SBC","Coastal","Vegetation Removal","Stock"
"SBC_reef_biomass_2008-2023.csv","2012","CONTROL","CARP","3873.23542561849","SBC","Coastal","Vegetation Removal","Stock"
"SBC_reef_biomass_2008-2023.csv","2012","ANNUAL","CARP","3942.45214436068","SBC","Coastal","Vegetation Removal","Stock"
"SBC_reef_biomass_2008-2023.csv","2012","CONTINUAL","CARP","5069.23796301174","SBC","Coastal","Vegetation Removal","Stock"
"SBC_reef_biomass_2008-2023.csv","2012","CONTROL","IVEE","571.257310947566","SBC","Coastal","Vegetation Removal","Stock"
"SBC_reef_biomass_2008-2023.csv","2012","ANNUAL","IVEE","261.488621069882","SBC","Coastal","Vegetation Removal","Stock"
"SBC_reef_biomass_2008-2023.csv","2012","CONTROL","MOHK","625.087656467052","SBC","Coastal","Vegetation Removal","Stock"
"SBC_reef_biomass_2008-2023.csv","2012","ANNUAL","MOHK","625.757530670038","SBC","Coastal","Vegetation Removal","Stock"
"SBC_reef_biomass_2008-2023.csv","2012","CONTINUAL","MOHK","657.094720001486","SBC","Coastal","Vegetation Removal","Stock"
"SBC_reef_biomass_2008-2023.csv","2012","CONTROL","NAPL","815.031584001128","SBC","Coastal","Vegetation Removal","Stock"
"SBC_reef_biomass_2008-2023.csv","2012","ANNUAL","NAPL","528.391190121587","SBC","Coastal","Vegetation Removal","Stock"
"SBC_reef_biomass_2008-2023.csv","2012","CONTINUAL","NAPL","538.690784154409","SBC","Coastal","Vegetation Removal","Stock"
"SBC_reef_biomass_2008-2023.csv","2012","CONTROL","AQUE","419.011056931542","SBC","Coastal","Vegetation Removal","Stock"
"SBC_reef_biomass_2008-2023.csv","2012","ANNUAL","AQUE","387.073309311068","SBC","Coastal","Vegetation Removal","Stock"
"SBC_reef_biomass_2008-2023.csv","2012","CONTINUAL","AQUE","1447.30226780399","SBC","Coastal","Vegetation Removal","Stock"
"SBC_reef_biomass_2008-2023.csv","2012","CONTROL","CARP","4100.96755177797","SBC","Coastal","Vegetation Removal","Stock"
"SBC_reef_biomass_2008-2023.csv","2012","ANNUAL","CARP","4017.63596841291","SBC","Coastal","Vegetation Removal","Stock"
"SBC_reef_biomass_2008-2023.csv","2012","CONTINUAL","CARP","4485.60337098843","SBC","Coastal","Vegetation Removal","Stock"
"SBC_reef_biomass_2008-2023.csv","2012","CONTROL","IVEE","529.18424074879","SBC","Coastal","Vegetation Removal","Stock"
"SBC_reef_biomass_2008-2023.csv","2012","ANNUAL","IVEE","539.194975165037","SBC","Coastal","Vegetation Removal","Stock"
"SBC_reef_biomass_2008-2023.csv","2012","CONTROL","MOHK","511.953602556188","SBC","Coastal","Vegetation Removal","Stock"
"SBC_reef_biomass_2008-2023.csv","2012","ANNUAL","MOHK","614.927744893503","SBC","Coastal","Vegetation Removal","Stock"
"SBC_reef_biomass_2008-2023.csv","2012","CONTINUAL","MOHK","545.07633630834","SBC","Coastal","Vegetation Removal","Stock"
"SBC_reef_biomass_2008-2023.csv","2012","CONTROL","NAPL","472.929956291936","SBC","Coastal","Vegetation Removal","Stock"
"SBC_reef_biomass_2008-2023.csv","2012","ANNUAL","NAPL","347.819405651149","SBC","Coastal","Vegetation Removal","Stock"
"SBC_reef_biomass_2008-2023.csv","2012","CONTINUAL","NAPL","439.76171238907","SBC","Coastal","Vegetation Removal","Stock"
"SBC_reef_biomass_2008-2023.csv","2012","CONTROL","AQUE","388.647760634836","SBC","Coastal","Vegetation Removal","Stock"
"SBC_reef_biomass_2008-2023.csv","2012","ANNUAL","AQUE","387.890286857777","SBC","Coastal","Vegetation Removal","Stock"
"SBC_reef_biomass_2008-2023.csv","2012","CONTINUAL","AQUE","1176.38586237777","SBC","Coastal","Vegetation Removal","Stock"
"SBC_reef_biomass_2008-2023.csv","2012","CONTROL","CARP","3583.44699993289","SBC","Coastal","Vegetation Removal","Stock"
"SBC_reef_biomass_2008-2023.csv","2012","ANNUAL","CARP","3705.2408601244","SBC","Coastal","Vegetation Removal","Stock"
"SBC_reef_biomass_2008-2023.csv","2012","CONTINUAL","CARP","5610.61742049162","SBC","Coastal","Vegetation Removal","Stock"
"SBC_reef_biomass_2008-2023.csv","2012","CONTROL","IVEE","662.975695501322","SBC","Coastal","Vegetation Removal","Stock"
"SBC_reef_biomass_2008-2023.csv","2012","ANNUAL","IVEE","364.586940984134","SBC","Coastal","Vegetation Removal","Stock"
"SBC_reef_biomass_2008-2023.csv","2012","CONTROL","MOHK","776.9823071534","SBC","Coastal","Vegetation Removal","Stock"
"SBC_reef_biomass_2008-2023.csv","2012","ANNUAL","MOHK","701.403742995711","SBC","Coastal","Vegetation Removal","Stock"
"SBC_reef_biomass_2008-2023.csv","2012","CONTINUAL","MOHK","675.681046858372","SBC","Coastal","Vegetation Removal","Stock"
"SBC_reef_biomass_2008-2023.csv","2012","CONTROL","NAPL","879.456234609483","SBC","Coastal","Vegetation Removal","Stock"
"SBC_reef_biomass_2008-2023.csv","2012","ANNUAL","NAPL","648.354008888418","SBC","Coastal","Vegetation Removal","Stock"
"SBC_reef_biomass_2008-2023.csv","2012","CONTINUAL","NAPL","921.579475413664","SBC","Coastal","Vegetation Removal","Stock"
"SBC_reef_biomass_2008-2023.csv","2012","CONTROL","AQUE","434.389425869782","SBC","Coastal","Vegetation Removal","Stock"
"SBC_reef_biomass_2008-2023.csv","2012","ANNUAL","AQUE","338.320890364951","SBC","Coastal","Vegetation Removal","Stock"
"SBC_reef_biomass_2008-2023.csv","2012","CONTINUAL","AQUE","710.761818845301","SBC","Coastal","Vegetation Removal","Stock"
"SBC_reef_biomass_2008-2023.csv","2012","CONTROL","CARP","719.612065604752","SBC","Coastal","Vegetation Removal","Stock"
"SBC_reef_biomass_2008-2023.csv","2012","ANNUAL","CARP","996.857007951705","SBC","Coastal","Vegetation Removal","Stock"
"SBC_reef_biomass_2008-2023.csv","2012","CONTINUAL","CARP","1177.42091746809","SBC","Coastal","Vegetation Removal","Stock"
"SBC_reef_biomass_2008-2023.csv","2012","CONTROL","IVEE","498.910611911044","SBC","Coastal","Vegetation Removal","Stock"
"SBC_reef_biomass_2008-2023.csv","2012","ANNUAL","IVEE","658.565943310598","SBC","Coastal","Vegetation Removal","Stock"
"SBC_reef_biomass_2008-2023.csv","2012","CONTROL","MOHK","426.016791159818","SBC","Coastal","Vegetation Removal","Stock"
"SBC_reef_biomass_2008-2023.csv","2012","ANNUAL","MOHK","419.220381881726","SBC","Coastal","Vegetation Removal","Stock"
"SBC_reef_biomass_2008-2023.csv","2012","CONTINUAL","MOHK","518.391992789921","SBC","Coastal","Vegetation Removal","Stock"
"SBC_reef_biomass_2008-2023.csv","2012","CONTROL","NAPL","1634.12402328399","SBC","Coastal","Vegetation Removal","Stock"
"SBC_reef_biomass_2008-2023.csv","2012","ANNUAL","NAPL","559.249253316626","SBC","Coastal","Vegetation Removal","Stock"
"SBC_reef_biomass_2008-2023.csv","2012","CONTINUAL","NAPL","501.41880676712","SBC","Coastal","Vegetation Removal","Stock"
"SBC_reef_biomass_2008-2023.csv","2012","CONTROL","AQUE","521.091337076002","SBC","Coastal","Vegetation Removal","Stock"
"SBC_reef_biomass_2008-2023.csv","2012","ANNUAL","AQUE","221.952763490043","SBC","Coastal","Vegetation Removal","Stock"
"SBC_reef_biomass_2008-2023.csv","2012","CONTINUAL","AQUE","667.017370172797","SBC","Coastal","Vegetation Removal","Stock"
"SBC_reef_biomass_2008-2023.csv","2012","CONTROL","IVEE","360.397303045508","SBC","Coastal","Vegetation Removal","Stock"
"SBC_reef_biomass_2008-2023.csv","2012","ANNUAL","IVEE","331.1378072278","SBC","Coastal","Vegetation Removal","Stock"
"SBC_reef_biomass_2008-2023.csv","2012","CONTROL","MOHK","318.477884300699","SBC","Coastal","Vegetation Removal","Stock"
"SBC_reef_biomass_2008-2023.csv","2012","ANNUAL","MOHK","497.396152508585","SBC","Coastal","Vegetation Removal","Stock"
"SBC_reef_biomass_2008-2023.csv","2012","CONTINUAL","MOHK","398.917292363044","SBC","Coastal","Vegetation Removal","Stock"
"SBC_reef_biomass_2008-2023.csv","2012","CONTROL","NAPL","1064.76265108761","SBC","Coastal","Vegetation Removal","Stock"
"SBC_reef_biomass_2008-2023.csv","2012","ANNUAL","NAPL","1088.73691024263","SBC","Coastal","Vegetation Removal","Stock"
"SBC_reef_biomass_2008-2023.csv","2012","CONTINUAL","NAPL","683.612153059559","SBC","Coastal","Vegetation Removal","Stock"
"SBC_reef_biomass_2008-2023.csv","2012","CONTROL","CARP","1430.86368695887","SBC","Coastal","Vegetation Removal","Stock"
"SBC_reef_biomass_2008-2023.csv","2012","ANNUAL","CARP","1415.11428716399","SBC","Coastal","Vegetation Removal","Stock"
"SBC_reef_biomass_2008-2023.csv","2012","CONTINUAL","CARP","1514.05671478554","SBC","Coastal","Vegetation Removal","Stock"
"SBC_reef_biomass_2008-2023.csv","2012","CONTROL","AQUE","377.243444101623","SBC","Coastal","Vegetation Removal","Stock"
"SBC_reef_biomass_2008-2023.csv","2012","ANNUAL","AQUE","447.141527344336","SBC","Coastal","Vegetation Removal","Stock"
"SBC_reef_biomass_2008-2023.csv","2012","CONTINUAL","AQUE","925.105204494863","SBC","Coastal","Vegetation Removal","Stock"
"SBC_reef_biomass_2008-2023.csv","2012","CONTROL","CARP","705.137940440467","SBC","Coastal","Vegetation Removal","Stock"
"SBC_reef_biomass_2008-2023.csv","2012","ANNUAL","CARP","322.474188783953","SBC","Coastal","Vegetation Removal","Stock"
"SBC_reef_biomass_2008-2023.csv","2012","CONTINUAL","CARP","934.378986111137","SBC","Coastal","Vegetation Removal","Stock"
"SBC_reef_biomass_2008-2023.csv","2012","CONTROL","IVEE","611.992049484253","SBC","Coastal","Vegetation Removal","Stock"
"SBC_reef_biomass_2008-2023.csv","2012","ANNUAL","IVEE","293.635426606896","SBC","Coastal","Vegetation Removal","Stock"
"SBC_reef_biomass_2008-2023.csv","2012","CONTROL","MOHK","532.147434010019","SBC","Coastal","Vegetation Removal","Stock"
"SBC_reef_biomass_2008-2023.csv","2012","ANNUAL","MOHK","748.235935082631","SBC","Coastal","Vegetation Removal","Stock"
"SBC_reef_biomass_2008-2023.csv","2012","CONTINUAL","MOHK","1288.25272209548","SBC","Coastal","Vegetation Removal","Stock"
"SBC_reef_biomass_2008-2023.csv","2012","CONTROL","NAPL","859.862131372493","SBC","Coastal","Vegetation Removal","Stock"
"SBC_reef_biomass_2008-2023.csv","2012","ANNUAL","NAPL","708.162691684225","SBC","Coastal","Vegetation Removal","Stock"
"SBC_reef_biomass_2008-2023.csv","2012","CONTINUAL","NAPL","514.921805401948","SBC","Coastal","Vegetation Removal","Stock"
"SBC_reef_biomass_2008-2023.csv","2013","CONTROL","AQUE","315.175708846412","SBC","Coastal","Vegetation Removal","Stock"
"SBC_reef_biomass_2008-2023.csv","2013","ANNUAL","AQUE","331.27048851843","SBC","Coastal","Vegetation Removal","Stock"
"SBC_reef_biomass_2008-2023.csv","2013","CONTINUAL","AQUE","987.967253478288","SBC","Coastal","Vegetation Removal","Stock"
"SBC_reef_biomass_2008-2023.csv","2013","CONTROL","CARP","1201.38133886505","SBC","Coastal","Vegetation Removal","Stock"
"SBC_reef_biomass_2008-2023.csv","2013","ANNUAL","CARP","528.191891390024","SBC","Coastal","Vegetation Removal","Stock"
"SBC_reef_biomass_2008-2023.csv","2013","CONTINUAL","CARP","918.018868044571","SBC","Coastal","Vegetation Removal","Stock"
"SBC_reef_biomass_2008-2023.csv","2013","CONTROL","IVEE","416.657084988107","SBC","Coastal","Vegetation Removal","Stock"
"SBC_reef_biomass_2008-2023.csv","2013","ANNUAL","IVEE","188.871771582682","SBC","Coastal","Vegetation Removal","Stock"
"SBC_reef_biomass_2008-2023.csv","2013","CONTROL","MOHK","878.83058956948","SBC","Coastal","Vegetation Removal","Stock"
"SBC_reef_biomass_2008-2023.csv","2013","ANNUAL","MOHK","581.505498082432","SBC","Coastal","Vegetation Removal","Stock"
"SBC_reef_biomass_2008-2023.csv","2013","CONTINUAL","MOHK","849.552049002188","SBC","Coastal","Vegetation Removal","Stock"
"SBC_reef_biomass_2008-2023.csv","2013","CONTROL","NAPL","518.467622870076","SBC","Coastal","Vegetation Removal","Stock"
"SBC_reef_biomass_2008-2023.csv","2013","ANNUAL","NAPL","620.10848000841","SBC","Coastal","Vegetation Removal","Stock"
"SBC_reef_biomass_2008-2023.csv","2013","CONTINUAL","NAPL","497.327357543614","SBC","Coastal","Vegetation Removal","Stock"
"SBC_reef_biomass_2008-2023.csv","2013","CONTROL","AQUE","293.243530691283","SBC","Coastal","Vegetation Removal","Stock"
"SBC_reef_biomass_2008-2023.csv","2013","ANNUAL","AQUE","230.226793920172","SBC","Coastal","Vegetation Removal","Stock"
"SBC_reef_biomass_2008-2023.csv","2013","CONTINUAL","AQUE","1508.59510541953","SBC","Coastal","Vegetation Removal","Stock"
"SBC_reef_biomass_2008-2023.csv","2013","CONTROL","CARP","1305.77794876204","SBC","Coastal","Vegetation Removal","Stock"
"SBC_reef_biomass_2008-2023.csv","2013","ANNUAL","CARP","828.663742665965","SBC","Coastal","Vegetation Removal","Stock"
"SBC_reef_biomass_2008-2023.csv","2013","CONTINUAL","CARP","2287.71251271085","SBC","Coastal","Vegetation Removal","Stock"
"SBC_reef_biomass_2008-2023.csv","2013","CONTROL","IVEE","404.698575127847","SBC","Coastal","Vegetation Removal","Stock"
"SBC_reef_biomass_2008-2023.csv","2013","ANNUAL","IVEE","397.066505731392","SBC","Coastal","Vegetation Removal","Stock"
"SBC_reef_biomass_2008-2023.csv","2013","CONTROL","NAPL","1065.81274300071","SBC","Coastal","Vegetation Removal","Stock"
"SBC_reef_biomass_2008-2023.csv","2013","ANNUAL","NAPL","502.910190418594","SBC","Coastal","Vegetation Removal","Stock"
"SBC_reef_biomass_2008-2023.csv","2013","CONTINUAL","NAPL","643.327936721788","SBC","Coastal","Vegetation Removal","Stock"
"SBC_reef_biomass_2008-2023.csv","2013","CONTROL","MOHK","686.493794351021","SBC","Coastal","Vegetation Removal","Stock"
"SBC_reef_biomass_2008-2023.csv","2013","ANNUAL","MOHK","679.171238980275","SBC","Coastal","Vegetation Removal","Stock"
"SBC_reef_biomass_2008-2023.csv","2013","CONTINUAL","MOHK","864.930453399568","SBC","Coastal","Vegetation Removal","Stock"
"SBC_reef_biomass_2008-2023.csv","2013","CONTROL","AQUE","480.632598710824","SBC","Coastal","Vegetation Removal","Stock"
"SBC_reef_biomass_2008-2023.csv","2013","ANNUAL","AQUE","466.052728341236","SBC","Coastal","Vegetation Removal","Stock"
"SBC_reef_biomass_2008-2023.csv","2013","CONTINUAL","AQUE","1216.6579020196","SBC","Coastal","Vegetation Removal","Stock"
"SBC_reef_biomass_2008-2023.csv","2013","CONTROL","CARP","1580.38109397556","SBC","Coastal","Vegetation Removal","Stock"
"SBC_reef_biomass_2008-2023.csv","2013","ANNUAL","CARP","2581.29643354219","SBC","Coastal","Vegetation Removal","Stock"
"SBC_reef_biomass_2008-2023.csv","2013","CONTINUAL","CARP","2328.06971211551","SBC","Coastal","Vegetation Removal","Stock"
"SBC_reef_biomass_2008-2023.csv","2013","CONTROL","IVEE","419.057708878969","SBC","Coastal","Vegetation Removal","Stock"
"SBC_reef_biomass_2008-2023.csv","2013","ANNUAL","IVEE","253.137301402077","SBC","Coastal","Vegetation Removal","Stock"
"SBC_reef_biomass_2008-2023.csv","2013","CONTROL","MOHK","724.916050813611","SBC","Coastal","Vegetation Removal","Stock"
"SBC_reef_biomass_2008-2023.csv","2013","ANNUAL","MOHK","648.8979735666","SBC","Coastal","Vegetation Removal","Stock"
"SBC_reef_biomass_2008-2023.csv","2013","CONTINUAL","MOHK","820.309407442243","SBC","Coastal","Vegetation Removal","Stock"
"SBC_reef_biomass_2008-2023.csv","2013","CONTROL","NAPL","1000.1068382172","SBC","Coastal","Vegetation Removal","Stock"
"SBC_reef_biomass_2008-2023.csv","2013","ANNUAL","NAPL","628.835847158544","SBC","Coastal","Vegetation Removal","Stock"
"SBC_reef_biomass_2008-2023.csv","2013","CONTINUAL","NAPL","1103.18366855206","SBC","Coastal","Vegetation Removal","Stock"
"SBC_reef_biomass_2008-2023.csv","2013","CONTROL","AQUE","393.28794783859","SBC","Coastal","Vegetation Removal","Stock"
"SBC_reef_biomass_2008-2023.csv","2013","ANNUAL","AQUE","466.22878510154","SBC","Coastal","Vegetation Removal","Stock"
"SBC_reef_biomass_2008-2023.csv","2013","CONTINUAL","AQUE","2395.58311667174","SBC","Coastal","Vegetation Removal","Stock"
"SBC_reef_biomass_2008-2023.csv","2013","CONTROL","CARP","1721.26105293466","SBC","Coastal","Vegetation Removal","Stock"
"SBC_reef_biomass_2008-2023.csv","2013","ANNUAL","CARP","1601.24472508597","SBC","Coastal","Vegetation Removal","Stock"
"SBC_reef_biomass_2008-2023.csv","2013","CONTINUAL","CARP","2248.256307906","SBC","Coastal","Vegetation Removal","Stock"
"SBC_reef_biomass_2008-2023.csv","2013","CONTROL","IVEE","228.654606447644","SBC","Coastal","Vegetation Removal","Stock"
"SBC_reef_biomass_2008-2023.csv","2013","ANNUAL","IVEE","198.45917216028","SBC","Coastal","Vegetation Removal","Stock"
"SBC_reef_biomass_2008-2023.csv","2013","CONTROL","MOHK","521.783647647021","SBC","Coastal","Vegetation Removal","Stock"
"SBC_reef_biomass_2008-2023.csv","2013","ANNUAL","MOHK","566.736346852607","SBC","Coastal","Vegetation Removal","Stock"
"SBC_reef_biomass_2008-2023.csv","2013","CONTINUAL","MOHK","817.977700465728","SBC","Coastal","Vegetation Removal","Stock"
"SBC_reef_biomass_2008-2023.csv","2013","CONTROL","NAPL","812.51573779564","SBC","Coastal","Vegetation Removal","Stock"
"SBC_reef_biomass_2008-2023.csv","2013","ANNUAL","NAPL","618.683123525723","SBC","Coastal","Vegetation Removal","Stock"
"SBC_reef_biomass_2008-2023.csv","2013","CONTINUAL","NAPL","1035.90034428297","SBC","Coastal","Vegetation Removal","Stock"
"SBC_reef_biomass_2008-2023.csv","2014","CONTROL","AQUE","333.608867483587","SBC","Coastal","Vegetation Removal","Stock"
"SBC_reef_biomass_2008-2023.csv","2014","ANNUAL","AQUE","406.251464881745","SBC","Coastal","Vegetation Removal","Stock"
"SBC_reef_biomass_2008-2023.csv","2014","CONTINUAL","AQUE","1520.36656446541","SBC","Coastal","Vegetation Removal","Stock"
"SBC_reef_biomass_2008-2023.csv","2014","CONTROL","CARP","1543.25658829891","SBC","Coastal","Vegetation Removal","Stock"
"SBC_reef_biomass_2008-2023.csv","2014","ANNUAL","CARP","1127.95179802757","SBC","Coastal","Vegetation Removal","Stock"
"SBC_reef_biomass_2008-2023.csv","2014","CONTINUAL","CARP","1956.263106372","SBC","Coastal","Vegetation Removal","Stock"
"SBC_reef_biomass_2008-2023.csv","2014","CONTROL","IVEE","463.884573772069","SBC","Coastal","Vegetation Removal","Stock"
"SBC_reef_biomass_2008-2023.csv","2014","ANNUAL","IVEE","109.176563162518","SBC","Coastal","Vegetation Removal","Stock"
"SBC_reef_biomass_2008-2023.csv","2014","CONTROL","MOHK","501.074048285647","SBC","Coastal","Vegetation Removal","Stock"
"SBC_reef_biomass_2008-2023.csv","2014","ANNUAL","MOHK","372.8210586279","SBC","Coastal","Vegetation Removal","Stock"
"SBC_reef_biomass_2008-2023.csv","2014","CONTINUAL","MOHK","621.533550231013","SBC","Coastal","Vegetation Removal","Stock"
"SBC_reef_biomass_2008-2023.csv","2014","CONTROL","NAPL","986.680480239619","SBC","Coastal","Vegetation Removal","Stock"
"SBC_reef_biomass_2008-2023.csv","2014","ANNUAL","NAPL","676.974312536014","SBC","Coastal","Vegetation Removal","Stock"
"SBC_reef_biomass_2008-2023.csv","2014","CONTINUAL","NAPL","891.920041397852","SBC","Coastal","Vegetation Removal","Stock"
"SBC_reef_biomass_2008-2023.csv","2014","CONTROL","AQUE","305.042815781265","SBC","Coastal","Vegetation Removal","Stock"
"SBC_reef_biomass_2008-2023.csv","2014","ANNUAL","AQUE","292.772111998382","SBC","Coastal","Vegetation Removal","Stock"
"SBC_reef_biomass_2008-2023.csv","2014","CONTINUAL","AQUE","935.645721902427","SBC","Coastal","Vegetation Removal","Stock"
"SBC_reef_biomass_2008-2023.csv","2014","CONTROL","CARP","2064.065419284","SBC","Coastal","Vegetation Removal","Stock"
"SBC_reef_biomass_2008-2023.csv","2014","ANNUAL","CARP","1456.71983969629","SBC","Coastal","Vegetation Removal","Stock"
"SBC_reef_biomass_2008-2023.csv","2014","CONTINUAL","CARP","2147.11429883899","SBC","Coastal","Vegetation Removal","Stock"
"SBC_reef_biomass_2008-2023.csv","2014","CONTROL","IVEE","594.257762305505","SBC","Coastal","Vegetation Removal","Stock"
"SBC_reef_biomass_2008-2023.csv","2014","ANNUAL","IVEE","289.211795633608","SBC","Coastal","Vegetation Removal","Stock"
"SBC_reef_biomass_2008-2023.csv","2014","CONTROL","MOHK","373.671817093707","SBC","Coastal","Vegetation Removal","Stock"
"SBC_reef_biomass_2008-2023.csv","2014","ANNUAL","MOHK","894.535742923964","SBC","Coastal","Vegetation Removal","Stock"
"SBC_reef_biomass_2008-2023.csv","2014","CONTINUAL","MOHK","900.217809540452","SBC","Coastal","Vegetation Removal","Stock"
"SBC_reef_biomass_2008-2023.csv","2014","CONTROL","NAPL","759.426528760594","SBC","Coastal","Vegetation Removal","Stock"
"SBC_reef_biomass_2008-2023.csv","2014","ANNUAL","NAPL","690.262208898328","SBC","Coastal","Vegetation Removal","Stock"
"SBC_reef_biomass_2008-2023.csv","2014","CONTINUAL","NAPL","528.406500375483","SBC","Coastal","Vegetation Removal","Stock"
"SBC_reef_biomass_2008-2023.csv","2014","CONTROL","AQUE","237.723794619428","SBC","Coastal","Vegetation Removal","Stock"
"SBC_reef_biomass_2008-2023.csv","2014","ANNUAL","AQUE","334.610830376967","SBC","Coastal","Vegetation Removal","Stock"
"SBC_reef_biomass_2008-2023.csv","2014","CONTINUAL","AQUE","491.055234337795","SBC","Coastal","Vegetation Removal","Stock"
"SBC_reef_biomass_2008-2023.csv","2014","CONTROL","CARP","2348.34112621705","SBC","Coastal","Vegetation Removal","Stock"
"SBC_reef_biomass_2008-2023.csv","2014","ANNUAL","CARP","2417.42743588634","SBC","Coastal","Vegetation Removal","Stock"
"SBC_reef_biomass_2008-2023.csv","2014","CONTINUAL","CARP","4333.04252298641","SBC","Coastal","Vegetation Removal","Stock"
"SBC_reef_biomass_2008-2023.csv","2014","CONTROL","IVEE","364.08233483588","SBC","Coastal","Vegetation Removal","Stock"
"SBC_reef_biomass_2008-2023.csv","2014","ANNUAL","IVEE","593.715411330431","SBC","Coastal","Vegetation Removal","Stock"
"SBC_reef_biomass_2008-2023.csv","2014","CONTROL","MOHK","196.505760595381","SBC","Coastal","Vegetation Removal","Stock"
"SBC_reef_biomass_2008-2023.csv","2014","ANNUAL","MOHK","641.114627498328","SBC","Coastal","Vegetation Removal","Stock"
"SBC_reef_biomass_2008-2023.csv","2014","CONTINUAL","MOHK","786.956205092345","SBC","Coastal","Vegetation Removal","Stock"
"SBC_reef_biomass_2008-2023.csv","2014","CONTROL","NAPL","1199.00473542769","SBC","Coastal","Vegetation Removal","Stock"
"SBC_reef_biomass_2008-2023.csv","2014","ANNUAL","NAPL","454.418674251586","SBC","Coastal","Vegetation Removal","Stock"
"SBC_reef_biomass_2008-2023.csv","2014","CONTINUAL","NAPL","579.373380564004","SBC","Coastal","Vegetation Removal","Stock"
"SBC_reef_biomass_2008-2023.csv","2014","CONTROL","AQUE","273.07523458537","SBC","Coastal","Vegetation Removal","Stock"
"SBC_reef_biomass_2008-2023.csv","2014","ANNUAL","AQUE","166.618732975318","SBC","Coastal","Vegetation Removal","Stock"
"SBC_reef_biomass_2008-2023.csv","2014","CONTINUAL","AQUE","551.236340851212","SBC","Coastal","Vegetation Removal","Stock"
"SBC_reef_biomass_2008-2023.csv","2014","CONTROL","CARP","2526.01278441296","SBC","Coastal","Vegetation Removal","Stock"
"SBC_reef_biomass_2008-2023.csv","2014","ANNUAL","CARP","1749.73429564971","SBC","Coastal","Vegetation Removal","Stock"
"SBC_reef_biomass_2008-2023.csv","2014","CONTINUAL","CARP","2810.67126373955","SBC","Coastal","Vegetation Removal","Stock"
"SBC_reef_biomass_2008-2023.csv","2014","CONTROL","IVEE","1747.97417337687","SBC","Coastal","Vegetation Removal","Stock"
"SBC_reef_biomass_2008-2023.csv","2014","ANNUAL","IVEE","223.758406380742","SBC","Coastal","Vegetation Removal","Stock"
"SBC_reef_biomass_2008-2023.csv","2014","CONTROL","MOHK","233.147788082296","SBC","Coastal","Vegetation Removal","Stock"
"SBC_reef_biomass_2008-2023.csv","2014","ANNUAL","MOHK","444.871513199633","SBC","Coastal","Vegetation Removal","Stock"
"SBC_reef_biomass_2008-2023.csv","2014","CONTINUAL","MOHK","474.000804103093","SBC","Coastal","Vegetation Removal","Stock"
"SBC_reef_biomass_2008-2023.csv","2014","CONTROL","NAPL","1127.6100128826","SBC","Coastal","Vegetation Removal","Stock"
"SBC_reef_biomass_2008-2023.csv","2014","ANNUAL","NAPL","393.903110820984","SBC","Coastal","Vegetation Removal","Stock"
"SBC_reef_biomass_2008-2023.csv","2014","CONTINUAL","NAPL","182.177355398107","SBC","Coastal","Vegetation Removal","Stock"
"SBC_reef_biomass_2008-2023.csv","2015","CONTROL","CARP","2520.5690128607","SBC","Coastal","Vegetation Removal","Stock"
"SBC_reef_biomass_2008-2023.csv","2015","ANNUAL","CARP","1780.23369615758","SBC","Coastal","Vegetation Removal","Stock"
"SBC_reef_biomass_2008-2023.csv","2015","CONTINUAL","CARP","1316.82851510499","SBC","Coastal","Vegetation Removal","Stock"
"SBC_reef_biomass_2008-2023.csv","2015","CONTROL","IVEE","77.3898006714323","SBC","Coastal","Vegetation Removal","Stock"
"SBC_reef_biomass_2008-2023.csv","2015","ANNUAL","IVEE","220.098537792436","SBC","Coastal","Vegetation Removal","Stock"
"SBC_reef_biomass_2008-2023.csv","2015","CONTROL","MOHK","429.884326219011","SBC","Coastal","Vegetation Removal","Stock"
"SBC_reef_biomass_2008-2023.csv","2015","ANNUAL","MOHK","586.022796170371","SBC","Coastal","Vegetation Removal","Stock"
"SBC_reef_biomass_2008-2023.csv","2015","CONTINUAL","MOHK","573.202096603603","SBC","Coastal","Vegetation Removal","Stock"
"SBC_reef_biomass_2008-2023.csv","2015","CONTROL","NAPL","544.186028193932","SBC","Coastal","Vegetation Removal","Stock"
"SBC_reef_biomass_2008-2023.csv","2015","ANNUAL","NAPL","389.07758549715","SBC","Coastal","Vegetation Removal","Stock"
"SBC_reef_biomass_2008-2023.csv","2015","CONTINUAL","NAPL","534.04111320993","SBC","Coastal","Vegetation Removal","Stock"
"SBC_reef_biomass_2008-2023.csv","2015","CONTROL","AQUE","206.013817136582","SBC","Coastal","Vegetation Removal","Stock"
"SBC_reef_biomass_2008-2023.csv","2015","ANNUAL","AQUE","126.724735187248","SBC","Coastal","Vegetation Removal","Stock"
"SBC_reef_biomass_2008-2023.csv","2015","CONTINUAL","AQUE","519.150930761001","SBC","Coastal","Vegetation Removal","Stock"
"SBC_reef_biomass_2008-2023.csv","2015","CONTROL","AQUE","188.485281936558","SBC","Coastal","Vegetation Removal","Stock"
"SBC_reef_biomass_2008-2023.csv","2015","ANNUAL","AQUE","137.546095320225","SBC","Coastal","Vegetation Removal","Stock"
"SBC_reef_biomass_2008-2023.csv","2015","CONTINUAL","AQUE","227.602038983994","SBC","Coastal","Vegetation Removal","Stock"
"SBC_reef_biomass_2008-2023.csv","2015","CONTROL","CARP","1733.27898904271","SBC","Coastal","Vegetation Removal","Stock"
"SBC_reef_biomass_2008-2023.csv","2015","ANNUAL","CARP","710.254545592472","SBC","Coastal","Vegetation Removal","Stock"
"SBC_reef_biomass_2008-2023.csv","2015","CONTINUAL","CARP","1944.96758689245","SBC","Coastal","Vegetation Removal","Stock"
"SBC_reef_biomass_2008-2023.csv","2015","CONTROL","IVEE","257.845720502721","SBC","Coastal","Vegetation Removal","Stock"
"SBC_reef_biomass_2008-2023.csv","2015","ANNUAL","IVEE","335.134780044637","SBC","Coastal","Vegetation Removal","Stock"
"SBC_reef_biomass_2008-2023.csv","2015","CONTROL","MOHK","406.243075886144","SBC","Coastal","Vegetation Removal","Stock"
"SBC_reef_biomass_2008-2023.csv","2015","ANNUAL","MOHK","646.011291603684","SBC","Coastal","Vegetation Removal","Stock"
"SBC_reef_biomass_2008-2023.csv","2015","CONTINUAL","MOHK","566.346098586338","SBC","Coastal","Vegetation Removal","Stock"
"SBC_reef_biomass_2008-2023.csv","2015","CONTROL","NAPL","620.388738475384","SBC","Coastal","Vegetation Removal","Stock"
"SBC_reef_biomass_2008-2023.csv","2015","ANNUAL","NAPL","636.755673756551","SBC","Coastal","Vegetation Removal","Stock"
"SBC_reef_biomass_2008-2023.csv","2015","CONTINUAL","NAPL","579.796520699209","SBC","Coastal","Vegetation Removal","Stock"
"SBC_reef_biomass_2008-2023.csv","2015","CONTROL","AQUE","115.488805956183","SBC","Coastal","Vegetation Removal","Stock"
"SBC_reef_biomass_2008-2023.csv","2015","ANNUAL","AQUE","197.774519047814","SBC","Coastal","Vegetation Removal","Stock"
"SBC_reef_biomass_2008-2023.csv","2015","CONTINUAL","AQUE","241.066498670763","SBC","Coastal","Vegetation Removal","Stock"
"SBC_reef_biomass_2008-2023.csv","2015","CONTROL","CARP","3866.31058367817","SBC","Coastal","Vegetation Removal","Stock"
"SBC_reef_biomass_2008-2023.csv","2015","ANNUAL","CARP","3207.21905197321","SBC","Coastal","Vegetation Removal","Stock"
"SBC_reef_biomass_2008-2023.csv","2015","CONTINUAL","CARP","6452.07155418569","SBC","Coastal","Vegetation Removal","Stock"
"SBC_reef_biomass_2008-2023.csv","2015","CONTROL","IVEE","137.416201194963","SBC","Coastal","Vegetation Removal","Stock"
"SBC_reef_biomass_2008-2023.csv","2015","ANNUAL","IVEE","217.156905016794","SBC","Coastal","Vegetation Removal","Stock"
"SBC_reef_biomass_2008-2023.csv","2015","CONTROL","MOHK","350.623738231348","SBC","Coastal","Vegetation Removal","Stock"
"SBC_reef_biomass_2008-2023.csv","2015","ANNUAL","MOHK","386.836082916465","SBC","Coastal","Vegetation Removal","Stock"
"SBC_reef_biomass_2008-2023.csv","2015","CONTINUAL","MOHK","632.297841495323","SBC","Coastal","Vegetation Removal","Stock"
"SBC_reef_biomass_2008-2023.csv","2015","CONTROL","NAPL","653.325454653684","SBC","Coastal","Vegetation Removal","Stock"
"SBC_reef_biomass_2008-2023.csv","2015","ANNUAL","NAPL","270.215643795506","SBC","Coastal","Vegetation Removal","Stock"
"SBC_reef_biomass_2008-2023.csv","2015","CONTINUAL","NAPL","290.035723430889","SBC","Coastal","Vegetation Removal","Stock"
"SBC_reef_biomass_2008-2023.csv","2015","CONTROL","AQUE","142.977289947911","SBC","Coastal","Vegetation Removal","Stock"
"SBC_reef_biomass_2008-2023.csv","2015","ANNUAL","AQUE","147.67303021214","SBC","Coastal","Vegetation Removal","Stock"
"SBC_reef_biomass_2008-2023.csv","2015","CONTINUAL","AQUE","354.550439122857","SBC","Coastal","Vegetation Removal","Stock"
"SBC_reef_biomass_2008-2023.csv","2015","CONTROL","CARP","2169.96302598435","SBC","Coastal","Vegetation Removal","Stock"
"SBC_reef_biomass_2008-2023.csv","2015","ANNUAL","CARP","1788.56617288695","SBC","Coastal","Vegetation Removal","Stock"
"SBC_reef_biomass_2008-2023.csv","2015","CONTINUAL","CARP","2126.74603780845","SBC","Coastal","Vegetation Removal","Stock"
"SBC_reef_biomass_2008-2023.csv","2015","CONTROL","IVEE","367.723134828339","SBC","Coastal","Vegetation Removal","Stock"
"SBC_reef_biomass_2008-2023.csv","2015","ANNUAL","IVEE","233.997210825714","SBC","Coastal","Vegetation Removal","Stock"
"SBC_reef_biomass_2008-2023.csv","2015","CONTROL","MOHK","196.717579898113","SBC","Coastal","Vegetation Removal","Stock"
"SBC_reef_biomass_2008-2023.csv","2015","ANNUAL","MOHK","368.640578268532","SBC","Coastal","Vegetation Removal","Stock"
"SBC_reef_biomass_2008-2023.csv","2015","CONTINUAL","MOHK","287.395654438842","SBC","Coastal","Vegetation Removal","Stock"
"SBC_reef_biomass_2008-2023.csv","2015","CONTROL","NAPL","696.232241473296","SBC","Coastal","Vegetation Removal","Stock"
"SBC_reef_biomass_2008-2023.csv","2015","ANNUAL","NAPL","479.274192513304","SBC","Coastal","Vegetation Removal","Stock"
"SBC_reef_biomass_2008-2023.csv","2015","CONTINUAL","NAPL","832.334218153999","SBC","Coastal","Vegetation Removal","Stock"
"SBC_reef_biomass_2008-2023.csv","2016","CONTROL","AQUE","191.536477580553","SBC","Coastal","Vegetation Removal","Stock"
"SBC_reef_biomass_2008-2023.csv","2016","ANNUAL","AQUE","205.859361659231","SBC","Coastal","Vegetation Removal","Stock"
"SBC_reef_biomass_2008-2023.csv","2016","CONTINUAL","AQUE","673.500583187694","SBC","Coastal","Vegetation Removal","Stock"
"SBC_reef_biomass_2008-2023.csv","2016","CONTROL","CARP","4740.00067506157","SBC","Coastal","Vegetation Removal","Stock"
"SBC_reef_biomass_2008-2023.csv","2016","ANNUAL","CARP","3940.55897859832","SBC","Coastal","Vegetation Removal","Stock"
"SBC_reef_biomass_2008-2023.csv","2016","CONTINUAL","CARP","4213.00336367503","SBC","Coastal","Vegetation Removal","Stock"
"SBC_reef_biomass_2008-2023.csv","2016","CONTROL","IVEE","543.482318875054","SBC","Coastal","Vegetation Removal","Stock"
"SBC_reef_biomass_2008-2023.csv","2016","ANNUAL","IVEE","414.759673103471","SBC","Coastal","Vegetation Removal","Stock"
"SBC_reef_biomass_2008-2023.csv","2016","CONTROL","MOHK","850.133795326204","SBC","Coastal","Vegetation Removal","Stock"
"SBC_reef_biomass_2008-2023.csv","2016","ANNUAL","MOHK","328.435072970713","SBC","Coastal","Vegetation Removal","Stock"
"SBC_reef_biomass_2008-2023.csv","2016","CONTINUAL","MOHK","865.447548188635","SBC","Coastal","Vegetation Removal","Stock"
"SBC_reef_biomass_2008-2023.csv","2016","CONTROL","NAPL","740.208802218894","SBC","Coastal","Vegetation Removal","Stock"
"SBC_reef_biomass_2008-2023.csv","2016","ANNUAL","NAPL","414.555084754139","SBC","Coastal","Vegetation Removal","Stock"
"SBC_reef_biomass_2008-2023.csv","2016","CONTINUAL","NAPL","434.066658231124","SBC","Coastal","Vegetation Removal","Stock"
"SBC_reef_biomass_2008-2023.csv","2016","CONTROL","AQUE","377.8948905582","SBC","Coastal","Vegetation Removal","Stock"
"SBC_reef_biomass_2008-2023.csv","2016","ANNUAL","AQUE","277.058966545826","SBC","Coastal","Vegetation Removal","Stock"
"SBC_reef_biomass_2008-2023.csv","2016","CONTINUAL","AQUE","859.06036893564","SBC","Coastal","Vegetation Removal","Stock"
"SBC_reef_biomass_2008-2023.csv","2016","CONTROL","CARP","3656.12816234883","SBC","Coastal","Vegetation Removal","Stock"
"SBC_reef_biomass_2008-2023.csv","2016","ANNUAL","CARP","3290.37247770001","SBC","Coastal","Vegetation Removal","Stock"
"SBC_reef_biomass_2008-2023.csv","2016","CONTINUAL","CARP","5841.35511182597","SBC","Coastal","Vegetation Removal","Stock"
"SBC_reef_biomass_2008-2023.csv","2016","CONTROL","IVEE","222.872848222696","SBC","Coastal","Vegetation Removal","Stock"
"SBC_reef_biomass_2008-2023.csv","2016","ANNUAL","IVEE","254.276473115414","SBC","Coastal","Vegetation Removal","Stock"
"SBC_reef_biomass_2008-2023.csv","2016","CONTROL","MOHK","467.219700998398","SBC","Coastal","Vegetation Removal","Stock"
"SBC_reef_biomass_2008-2023.csv","2016","ANNUAL","MOHK","500.270751726586","SBC","Coastal","Vegetation Removal","Stock"
"SBC_reef_biomass_2008-2023.csv","2016","CONTINUAL","MOHK","611.069706064425","SBC","Coastal","Vegetation Removal","Stock"
"SBC_reef_biomass_2008-2023.csv","2016","CONTROL","NAPL","840.722888227377","SBC","Coastal","Vegetation Removal","Stock"
"SBC_reef_biomass_2008-2023.csv","2016","ANNUAL","NAPL","414.657385461799","SBC","Coastal","Vegetation Removal","Stock"
"SBC_reef_biomass_2008-2023.csv","2016","CONTINUAL","NAPL","429.365223316171","SBC","Coastal","Vegetation Removal","Stock"
"SBC_reef_biomass_2008-2023.csv","2016","CONTROL","AQUE","229.701944054376","SBC","Coastal","Vegetation Removal","Stock"
"SBC_reef_biomass_2008-2023.csv","2016","ANNUAL","AQUE","158.694586045834","SBC","Coastal","Vegetation Removal","Stock"
"SBC_reef_biomass_2008-2023.csv","2016","CONTINUAL","AQUE","422.716921627708","SBC","Coastal","Vegetation Removal","Stock"
"SBC_reef_biomass_2008-2023.csv","2016","CONTROL","CARP","3108.18652414458","SBC","Coastal","Vegetation Removal","Stock"
"SBC_reef_biomass_2008-2023.csv","2016","ANNUAL","CARP","1539.57099222047","SBC","Coastal","Vegetation Removal","Stock"
"SBC_reef_biomass_2008-2023.csv","2016","CONTINUAL","CARP","3733.70063059912","SBC","Coastal","Vegetation Removal","Stock"
"SBC_reef_biomass_2008-2023.csv","2016","CONTROL","IVEE","2544.75201950091","SBC","Coastal","Vegetation Removal","Stock"
"SBC_reef_biomass_2008-2023.csv","2016","ANNUAL","IVEE","252.256876252561","SBC","Coastal","Vegetation Removal","Stock"
"SBC_reef_biomass_2008-2023.csv","2016","CONTROL","MOHK","472.948242311283","SBC","Coastal","Vegetation Removal","Stock"
"SBC_reef_biomass_2008-2023.csv","2016","ANNUAL","MOHK","508.244904898812","SBC","Coastal","Vegetation Removal","Stock"
"SBC_reef_biomass_2008-2023.csv","2016","CONTINUAL","MOHK","645.877340461509","SBC","Coastal","Vegetation Removal","Stock"
"SBC_reef_biomass_2008-2023.csv","2016","CONTROL","NAPL","407.435584138064","SBC","Coastal","Vegetation Removal","Stock"
"SBC_reef_biomass_2008-2023.csv","2016","ANNUAL","NAPL","192.911578435794","SBC","Coastal","Vegetation Removal","Stock"
"SBC_reef_biomass_2008-2023.csv","2016","CONTINUAL","NAPL","218.696051241123","SBC","Coastal","Vegetation Removal","Stock"
"SBC_reef_biomass_2008-2023.csv","2016","CONTROL","AQUE","227.041291906651","SBC","Coastal","Vegetation Removal","Stock"
"SBC_reef_biomass_2008-2023.csv","2016","ANNUAL","AQUE","181.306548450986","SBC","Coastal","Vegetation Removal","Stock"
"SBC_reef_biomass_2008-2023.csv","2016","CONTINUAL","AQUE","368.814563928516","SBC","Coastal","Vegetation Removal","Stock"
"SBC_reef_biomass_2008-2023.csv","2016","CONTROL","CARP","3169.50863780017","SBC","Coastal","Vegetation Removal","Stock"
"SBC_reef_biomass_2008-2023.csv","2016","ANNUAL","CARP","4145.95942716634","SBC","Coastal","Vegetation Removal","Stock"
"SBC_reef_biomass_2008-2023.csv","2016","CONTINUAL","CARP","3969.4191063801","SBC","Coastal","Vegetation Removal","Stock"
"SBC_reef_biomass_2008-2023.csv","2016","CONTROL","IVEE","411.793056200598","SBC","Coastal","Vegetation Removal","Stock"
"SBC_reef_biomass_2008-2023.csv","2016","ANNUAL","IVEE","195.410331517242","SBC","Coastal","Vegetation Removal","Stock"
"SBC_reef_biomass_2008-2023.csv","2016","CONTROL","MOHK","257.290991591592","SBC","Coastal","Vegetation Removal","Stock"
"SBC_reef_biomass_2008-2023.csv","2016","ANNUAL","MOHK","237.274290390069","SBC","Coastal","Vegetation Removal","Stock"
"SBC_reef_biomass_2008-2023.csv","2016","CONTINUAL","MOHK","602.209430783383","SBC","Coastal","Vegetation Removal","Stock"
"SBC_reef_biomass_2008-2023.csv","2016","CONTROL","NAPL","662.730798051403","SBC","Coastal","Vegetation Removal","Stock"
"SBC_reef_biomass_2008-2023.csv","2016","ANNUAL","NAPL","312.607144506369","SBC","Coastal","Vegetation Removal","Stock"
"SBC_reef_biomass_2008-2023.csv","2016","CONTINUAL","NAPL","261.660624548105","SBC","Coastal","Vegetation Removal","Stock"
"SBC_reef_biomass_2008-2023.csv","2017","CONTROL","CARP","3768.32652232909","SBC","Coastal","Vegetation Removal","Stock"
"SBC_reef_biomass_2008-2023.csv","2017","ANNUAL","CARP","2278.85373304376","SBC","Coastal","Vegetation Removal","Stock"
"SBC_reef_biomass_2008-2023.csv","2017","CONTINUAL","CARP","4827.47394152973","SBC","Coastal","Vegetation Removal","Stock"
"SBC_reef_biomass_2008-2023.csv","2017","CONTROL","IVEE","180.065797118787","SBC","Coastal","Vegetation Removal","Stock"
"SBC_reef_biomass_2008-2023.csv","2017","ANNUAL","IVEE","185.15147476374","SBC","Coastal","Vegetation Removal","Stock"
"SBC_reef_biomass_2008-2023.csv","2017","CONTROL","MOHK","220.72043632762","SBC","Coastal","Vegetation Removal","Stock"
"SBC_reef_biomass_2008-2023.csv","2017","ANNUAL","MOHK","254.383926603317","SBC","Coastal","Vegetation Removal","Stock"
"SBC_reef_biomass_2008-2023.csv","2017","CONTINUAL","MOHK","322.495978429163","SBC","Coastal","Vegetation Removal","Stock"
"SBC_reef_biomass_2008-2023.csv","2017","CONTROL","NAPL","460.651505378614","SBC","Coastal","Vegetation Removal","Stock"
"SBC_reef_biomass_2008-2023.csv","2017","ANNUAL","NAPL","525.320814391672","SBC","Coastal","Vegetation Removal","Stock"
"SBC_reef_biomass_2008-2023.csv","2017","CONTINUAL","NAPL","455.088650164916","SBC","Coastal","Vegetation Removal","Stock"
"SBC_reef_biomass_2008-2023.csv","2017","CONTROL","AQUE","150.000760506614","SBC","Coastal","Vegetation Removal","Stock"
"SBC_reef_biomass_2008-2023.csv","2017","ANNUAL","AQUE","205.747863227211","SBC","Coastal","Vegetation Removal","Stock"
"SBC_reef_biomass_2008-2023.csv","2017","CONTINUAL","AQUE","463.173970761996","SBC","Coastal","Vegetation Removal","Stock"
"SBC_reef_biomass_2008-2023.csv","2017","CONTROL","AQUE","165.1184054365","SBC","Coastal","Vegetation Removal","Stock"
"SBC_reef_biomass_2008-2023.csv","2017","ANNUAL","AQUE","164.424953810243","SBC","Coastal","Vegetation Removal","Stock"
"SBC_reef_biomass_2008-2023.csv","2017","CONTINUAL","AQUE","298.51375584634","SBC","Coastal","Vegetation Removal","Stock"
"SBC_reef_biomass_2008-2023.csv","2017","CONTROL","CARP","4271.327010181","SBC","Coastal","Vegetation Removal","Stock"
"SBC_reef_biomass_2008-2023.csv","2017","ANNUAL","CARP","3576.60974886663","SBC","Coastal","Vegetation Removal","Stock"
"SBC_reef_biomass_2008-2023.csv","2017","CONTINUAL","CARP","6545.37378046059","SBC","Coastal","Vegetation Removal","Stock"
"SBC_reef_biomass_2008-2023.csv","2017","CONTROL","IVEE","3451.98836365974","SBC","Coastal","Vegetation Removal","Stock"
"SBC_reef_biomass_2008-2023.csv","2017","ANNUAL","IVEE","554.708838529864","SBC","Coastal","Vegetation Removal","Stock"
"SBC_reef_biomass_2008-2023.csv","2017","CONTROL","MOHK","329.400869998413","SBC","Coastal","Vegetation Removal","Stock"
"SBC_reef_biomass_2008-2023.csv","2017","ANNUAL","MOHK","318.677716711234","SBC","Coastal","Vegetation Removal","Stock"
"SBC_reef_biomass_2008-2023.csv","2017","CONTINUAL","MOHK","631.84666744795","SBC","Coastal","Vegetation Removal","Stock"
"SBC_reef_biomass_2008-2023.csv","2017","CONTROL","NAPL","1092.38063733167","SBC","Coastal","Vegetation Removal","Stock"
"SBC_reef_biomass_2008-2023.csv","2017","ANNUAL","NAPL","657.026721009682","SBC","Coastal","Vegetation Removal","Stock"
"SBC_reef_biomass_2008-2023.csv","2017","CONTINUAL","NAPL","739.150890426167","SBC","Coastal","Vegetation Removal","Stock"
"SBC_reef_biomass_2008-2023.csv","2017","CONTROL","AQUE","73.8745746630784","SBC","Coastal","Vegetation Removal","Stock"
"SBC_reef_biomass_2008-2023.csv","2017","ANNUAL","AQUE","233.405590019583","SBC","Coastal","Vegetation Removal","Stock"
"SBC_reef_biomass_2008-2023.csv","2017","CONTINUAL","AQUE","586.949916797112","SBC","Coastal","Vegetation Removal","Stock"
"SBC_reef_biomass_2008-2023.csv","2017","CONTROL","CARP","4813.46313108053","SBC","Coastal","Vegetation Removal","Stock"
"SBC_reef_biomass_2008-2023.csv","2017","ANNUAL","CARP","3219.76773964626","SBC","Coastal","Vegetation Removal","Stock"
"SBC_reef_biomass_2008-2023.csv","2017","CONTINUAL","CARP","4436.39763371915","SBC","Coastal","Vegetation Removal","Stock"
"SBC_reef_biomass_2008-2023.csv","2017","CONTROL","IVEE","3033.13227674127","SBC","Coastal","Vegetation Removal","Stock"
"SBC_reef_biomass_2008-2023.csv","2017","ANNUAL","IVEE","350.819314829114","SBC","Coastal","Vegetation Removal","Stock"
"SBC_reef_biomass_2008-2023.csv","2017","CONTROL","MOHK","456.613679372204","SBC","Coastal","Vegetation Removal","Stock"
"SBC_reef_biomass_2008-2023.csv","2017","ANNUAL","MOHK","694.826741464202","SBC","Coastal","Vegetation Removal","Stock"
"SBC_reef_biomass_2008-2023.csv","2017","CONTINUAL","MOHK","838.794876612269","SBC","Coastal","Vegetation Removal","Stock"
"SBC_reef_biomass_2008-2023.csv","2017","CONTROL","NAPL","255.459186950799","SBC","Coastal","Vegetation Removal","Stock"
"SBC_reef_biomass_2008-2023.csv","2017","ANNUAL","NAPL","425.782855304872","SBC","Coastal","Vegetation Removal","Stock"
"SBC_reef_biomass_2008-2023.csv","2017","CONTINUAL","NAPL","356.960611390155","SBC","Coastal","Vegetation Removal","Stock"
"SBC_reef_biomass_2008-2023.csv","2017","CONTROL","AQUE","92.385865004436","SBC","Coastal","Vegetation Removal","Stock"
"SBC_reef_biomass_2008-2023.csv","2017","ANNUAL","AQUE","177.765795162637","SBC","Coastal","Vegetation Removal","Stock"
"SBC_reef_biomass_2008-2023.csv","2017","CONTINUAL","AQUE","524.988363261981","SBC","Coastal","Vegetation Removal","Stock"
"SBC_reef_biomass_2008-2023.csv","2017","CONTROL","CARP","5161.98214551998","SBC","Coastal","Vegetation Removal","Stock"
"SBC_reef_biomass_2008-2023.csv","2017","ANNUAL","CARP","3807.18860376459","SBC","Coastal","Vegetation Removal","Stock"
"SBC_reef_biomass_2008-2023.csv","2017","CONTINUAL","CARP","6411.42949501721","SBC","Coastal","Vegetation Removal","Stock"
"SBC_reef_biomass_2008-2023.csv","2017","CONTROL","IVEE","4643.11617512232","SBC","Coastal","Vegetation Removal","Stock"
"SBC_reef_biomass_2008-2023.csv","2017","ANNUAL","IVEE","931.740785470586","SBC","Coastal","Vegetation Removal","Stock"
"SBC_reef_biomass_2008-2023.csv","2017","CONTROL","MOHK","326.254523086115","SBC","Coastal","Vegetation Removal","Stock"
"SBC_reef_biomass_2008-2023.csv","2017","ANNUAL","MOHK","388.04742672008","SBC","Coastal","Vegetation Removal","Stock"
"SBC_reef_biomass_2008-2023.csv","2017","CONTINUAL","MOHK","377.73735630211","SBC","Coastal","Vegetation Removal","Stock"
"SBC_reef_biomass_2008-2023.csv","2017","CONTROL","NAPL","568.78007804884","SBC","Coastal","Vegetation Removal","Stock"
"SBC_reef_biomass_2008-2023.csv","2017","ANNUAL","NAPL","487.372969679438","SBC","Coastal","Vegetation Removal","Stock"
"SBC_reef_biomass_2008-2023.csv","2017","CONTINUAL","NAPL","503.155146738941","SBC","Coastal","Vegetation Removal","Stock"
"SBC_reef_biomass_2008-2023.csv","2018","CONTROL","AQUE","158.764867427777","SBC","Coastal","Vegetation Removal","Stock"
"SBC_reef_biomass_2008-2023.csv","2018","ANNUAL","AQUE","514.713972618071","SBC","Coastal","Vegetation Removal","Stock"
"SBC_reef_biomass_2008-2023.csv","2018","CONTINUAL","AQUE","721.96561823949","SBC","Coastal","Vegetation Removal","Stock"
"SBC_reef_biomass_2008-2023.csv","2018","CONTROL","CARP","5179.96773712054","SBC","Coastal","Vegetation Removal","Stock"
"SBC_reef_biomass_2008-2023.csv","2018","ANNUAL","CARP","4856.01664750454","SBC","Coastal","Vegetation Removal","Stock"
"SBC_reef_biomass_2008-2023.csv","2018","CONTINUAL","CARP","5317.08484902356","SBC","Coastal","Vegetation Removal","Stock"
"SBC_reef_biomass_2008-2023.csv","2018","CONTROL","IVEE","2398.6130042446","SBC","Coastal","Vegetation Removal","Stock"
"SBC_reef_biomass_2008-2023.csv","2018","ANNUAL","IVEE","1289.20298756023","SBC","Coastal","Vegetation Removal","Stock"
"SBC_reef_biomass_2008-2023.csv","2018","CONTROL","MOHK","328.635079803162","SBC","Coastal","Vegetation Removal","Stock"
"SBC_reef_biomass_2008-2023.csv","2018","ANNUAL","MOHK","468.307435191499","SBC","Coastal","Vegetation Removal","Stock"
"SBC_reef_biomass_2008-2023.csv","2018","CONTINUAL","MOHK","534.094107363166","SBC","Coastal","Vegetation Removal","Stock"
"SBC_reef_biomass_2008-2023.csv","2018","CONTROL","NAPL","428.012871879914","SBC","Coastal","Vegetation Removal","Stock"
"SBC_reef_biomass_2008-2023.csv","2018","ANNUAL","NAPL","569.004147825674","SBC","Coastal","Vegetation Removal","Stock"
"SBC_reef_biomass_2008-2023.csv","2018","CONTINUAL","NAPL","477.881889638504","SBC","Coastal","Vegetation Removal","Stock"
"SBC_reef_biomass_2008-2023.csv","2018","CONTROL","AQUE","123.596846660909","SBC","Coastal","Vegetation Removal","Stock"
"SBC_reef_biomass_2008-2023.csv","2018","ANNUAL","AQUE","388.852470846693","SBC","Coastal","Vegetation Removal","Stock"
"SBC_reef_biomass_2008-2023.csv","2018","CONTINUAL","AQUE","865.007033124722","SBC","Coastal","Vegetation Removal","Stock"
"SBC_reef_biomass_2008-2023.csv","2018","CONTROL","CARP","5315.59654038974","SBC","Coastal","Vegetation Removal","Stock"
"SBC_reef_biomass_2008-2023.csv","2018","ANNUAL","CARP","4993.28128904605","SBC","Coastal","Vegetation Removal","Stock"
"SBC_reef_biomass_2008-2023.csv","2018","CONTINUAL","CARP","7319.93618044822","SBC","Coastal","Vegetation Removal","Stock"
"SBC_reef_biomass_2008-2023.csv","2018","CONTROL","IVEE","3663.88172395158","SBC","Coastal","Vegetation Removal","Stock"
"SBC_reef_biomass_2008-2023.csv","2018","ANNUAL","IVEE","1650.1578279498","SBC","Coastal","Vegetation Removal","Stock"
"SBC_reef_biomass_2008-2023.csv","2018","CONTROL","MOHK","840.142175733471","SBC","Coastal","Vegetation Removal","Stock"
"SBC_reef_biomass_2008-2023.csv","2018","ANNUAL","MOHK","916.370891618301","SBC","Coastal","Vegetation Removal","Stock"
"SBC_reef_biomass_2008-2023.csv","2018","CONTINUAL","MOHK","1382.80940301615","SBC","Coastal","Vegetation Removal","Stock"
"SBC_reef_biomass_2008-2023.csv","2018","CONTROL","NAPL","1226.76510783941","SBC","Coastal","Vegetation Removal","Stock"
"SBC_reef_biomass_2008-2023.csv","2018","ANNUAL","NAPL","820.881520535794","SBC","Coastal","Vegetation Removal","Stock"
"SBC_reef_biomass_2008-2023.csv","2018","CONTINUAL","NAPL","785.651543864015","SBC","Coastal","Vegetation Removal","Stock"
"SBC_reef_biomass_2008-2023.csv","2018","CONTROL","AQUE","231.910754567412","SBC","Coastal","Vegetation Removal","Stock"
"SBC_reef_biomass_2008-2023.csv","2018","ANNUAL","AQUE","363.220092317883","SBC","Coastal","Vegetation Removal","Stock"
"SBC_reef_biomass_2008-2023.csv","2018","CONTINUAL","AQUE","659.91481215059","SBC","Coastal","Vegetation Removal","Stock"
"SBC_reef_biomass_2008-2023.csv","2018","CONTROL","CARP","4639.42333220564","SBC","Coastal","Vegetation Removal","Stock"
"SBC_reef_biomass_2008-2023.csv","2018","ANNUAL","CARP","5503.18214371947","SBC","Coastal","Vegetation Removal","Stock"
"SBC_reef_biomass_2008-2023.csv","2018","CONTINUAL","CARP","7289.38914795794","SBC","Coastal","Vegetation Removal","Stock"
"SBC_reef_biomass_2008-2023.csv","2018","CONTROL","IVEE","3013.57045669408","SBC","Coastal","Vegetation Removal","Stock"
"SBC_reef_biomass_2008-2023.csv","2018","ANNUAL","IVEE","1360.12595647117","SBC","Coastal","Vegetation Removal","Stock"
"SBC_reef_biomass_2008-2023.csv","2018","CONTROL","MOHK","764.593267330763","SBC","Coastal","Vegetation Removal","Stock"
"SBC_reef_biomass_2008-2023.csv","2018","ANNUAL","MOHK","494.558819946434","SBC","Coastal","Vegetation Removal","Stock"
"SBC_reef_biomass_2008-2023.csv","2018","CONTINUAL","MOHK","1065.73118825348","SBC","Coastal","Vegetation Removal","Stock"
"SBC_reef_biomass_2008-2023.csv","2018","CONTROL","NAPL","835.74825533689","SBC","Coastal","Vegetation Removal","Stock"
"SBC_reef_biomass_2008-2023.csv","2018","ANNUAL","NAPL","936.32740001477","SBC","Coastal","Vegetation Removal","Stock"
"SBC_reef_biomass_2008-2023.csv","2018","CONTINUAL","NAPL","720.382941383183","SBC","Coastal","Vegetation Removal","Stock"
"SBC_reef_biomass_2008-2023.csv","2018","CONTROL","AQUE","228.433295608699","SBC","Coastal","Vegetation Removal","Stock"
"SBC_reef_biomass_2008-2023.csv","2018","ANNUAL","AQUE","404.8127898808","SBC","Coastal","Vegetation Removal","Stock"
"SBC_reef_biomass_2008-2023.csv","2018","CONTINUAL","AQUE","611.590776170472","SBC","Coastal","Vegetation Removal","Stock"
"SBC_reef_biomass_2008-2023.csv","2018","CONTROL","CARP","5086.06125144868","SBC","Coastal","Vegetation Removal","Stock"
"SBC_reef_biomass_2008-2023.csv","2018","ANNUAL","CARP","4626.83136219113","SBC","Coastal","Vegetation Removal","Stock"
"SBC_reef_biomass_2008-2023.csv","2018","CONTINUAL","CARP","6006.17935878105","SBC","Coastal","Vegetation Removal","Stock"
"SBC_reef_biomass_2008-2023.csv","2018","CONTROL","IVEE","2472.35260880893","SBC","Coastal","Vegetation Removal","Stock"
"SBC_reef_biomass_2008-2023.csv","2018","ANNUAL","IVEE","1100.05081230514","SBC","Coastal","Vegetation Removal","Stock"
"SBC_reef_biomass_2008-2023.csv","2018","CONTROL","MOHK","614.54219985433","SBC","Coastal","Vegetation Removal","Stock"
"SBC_reef_biomass_2008-2023.csv","2018","ANNUAL","MOHK","506.904598870016","SBC","Coastal","Vegetation Removal","Stock"
"SBC_reef_biomass_2008-2023.csv","2018","CONTINUAL","MOHK","1051.08562096667","SBC","Coastal","Vegetation Removal","Stock"
"SBC_reef_biomass_2008-2023.csv","2018","CONTROL","NAPL","884.063594659128","SBC","Coastal","Vegetation Removal","Stock"
"SBC_reef_biomass_2008-2023.csv","2018","ANNUAL","NAPL","911.805366910269","SBC","Coastal","Vegetation Removal","Stock"
"SBC_reef_biomass_2008-2023.csv","2018","CONTINUAL","NAPL","697.415166562801","SBC","Coastal","Vegetation Removal","Stock"
"SBC_reef_biomass_2008-2023.csv","2019","CONTROL","AQUE","242.534777105808","SBC","Coastal","Vegetation Removal","Stock"
"SBC_reef_biomass_2008-2023.csv","2019","ANNUAL","AQUE","356.808578670831","SBC","Coastal","Vegetation Removal","Stock"
"SBC_reef_biomass_2008-2023.csv","2019","CONTINUAL","AQUE","547.759509576599","SBC","Coastal","Vegetation Removal","Stock"
"SBC_reef_biomass_2008-2023.csv","2019","CONTROL","CARP","5560.88468401215","SBC","Coastal","Vegetation Removal","Stock"
"SBC_reef_biomass_2008-2023.csv","2019","ANNUAL","CARP","4642.25772957181","SBC","Coastal","Vegetation Removal","Stock"
"SBC_reef_biomass_2008-2023.csv","2019","CONTINUAL","CARP","6294.27444597733","SBC","Coastal","Vegetation Removal","Stock"
"SBC_reef_biomass_2008-2023.csv","2019","CONTROL","IVEE","2112.23706402139","SBC","Coastal","Vegetation Removal","Stock"
"SBC_reef_biomass_2008-2023.csv","2019","ANNUAL","IVEE","626.385012409624","SBC","Coastal","Vegetation Removal","Stock"
"SBC_reef_biomass_2008-2023.csv","2019","CONTROL","MOHK","457.594887508973","SBC","Coastal","Vegetation Removal","Stock"
"SBC_reef_biomass_2008-2023.csv","2019","ANNUAL","MOHK","427.589753335754","SBC","Coastal","Vegetation Removal","Stock"
"SBC_reef_biomass_2008-2023.csv","2019","CONTINUAL","MOHK","1035.07439926208","SBC","Coastal","Vegetation Removal","Stock"
"SBC_reef_biomass_2008-2023.csv","2019","CONTROL","NAPL","656.661323468393","SBC","Coastal","Vegetation Removal","Stock"
"SBC_reef_biomass_2008-2023.csv","2019","ANNUAL","NAPL","566.191437768411","SBC","Coastal","Vegetation Removal","Stock"
"SBC_reef_biomass_2008-2023.csv","2019","CONTINUAL","NAPL","427.380288500979","SBC","Coastal","Vegetation Removal","Stock"
"SBC_reef_biomass_2008-2023.csv","2019","CONTROL","AQUE","269.667104626446","SBC","Coastal","Vegetation Removal","Stock"
"SBC_reef_biomass_2008-2023.csv","2019","ANNUAL","AQUE","379.328966022467","SBC","Coastal","Vegetation Removal","Stock"
"SBC_reef_biomass_2008-2023.csv","2019","CONTINUAL","AQUE","630.265980444178","SBC","Coastal","Vegetation Removal","Stock"
"SBC_reef_biomass_2008-2023.csv","2019","CONTROL","CARP","5116.38514472203","SBC","Coastal","Vegetation Removal","Stock"
"SBC_reef_biomass_2008-2023.csv","2019","ANNUAL","CARP","4421.47468932115","SBC","Coastal","Vegetation Removal","Stock"
"SBC_reef_biomass_2008-2023.csv","2019","CONTINUAL","CARP","6324.49242142114","SBC","Coastal","Vegetation Removal","Stock"
"SBC_reef_biomass_2008-2023.csv","2019","CONTROL","IVEE","2345.38368298292","SBC","Coastal","Vegetation Removal","Stock"
"SBC_reef_biomass_2008-2023.csv","2019","ANNUAL","IVEE","1104.08538769236","SBC","Coastal","Vegetation Removal","Stock"
"SBC_reef_biomass_2008-2023.csv","2019","CONTROL","MOHK","585.773002861136","SBC","Coastal","Vegetation Removal","Stock"
"SBC_reef_biomass_2008-2023.csv","2019","ANNUAL","MOHK","760.775538801476","SBC","Coastal","Vegetation Removal","Stock"
"SBC_reef_biomass_2008-2023.csv","2019","CONTINUAL","MOHK","1311.65055411247","SBC","Coastal","Vegetation Removal","Stock"
"SBC_reef_biomass_2008-2023.csv","2019","CONTROL","NAPL","1221.62668974919","SBC","Coastal","Vegetation Removal","Stock"
"SBC_reef_biomass_2008-2023.csv","2019","ANNUAL","NAPL","1018.9612074306","SBC","Coastal","Vegetation Removal","Stock"
"SBC_reef_biomass_2008-2023.csv","2019","CONTINUAL","NAPL","842.810734135311","SBC","Coastal","Vegetation Removal","Stock"
"SBC_reef_biomass_2008-2023.csv","2019","CONTROL","AQUE","452.86767026211","SBC","Coastal","Vegetation Removal","Stock"
"SBC_reef_biomass_2008-2023.csv","2019","ANNUAL","AQUE","343.464101750842","SBC","Coastal","Vegetation Removal","Stock"
"SBC_reef_biomass_2008-2023.csv","2019","CONTINUAL","AQUE","813.729244655335","SBC","Coastal","Vegetation Removal","Stock"
"SBC_reef_biomass_2008-2023.csv","2019","CONTROL","CARP","5808.1759392151","SBC","Coastal","Vegetation Removal","Stock"
"SBC_reef_biomass_2008-2023.csv","2019","ANNUAL","CARP","5922.96214965725","SBC","Coastal","Vegetation Removal","Stock"
"SBC_reef_biomass_2008-2023.csv","2019","CONTINUAL","CARP","6831.78164720536","SBC","Coastal","Vegetation Removal","Stock"
"SBC_reef_biomass_2008-2023.csv","2019","CONTROL","IVEE","2523.9606348","SBC","Coastal","Vegetation Removal","Stock"
"SBC_reef_biomass_2008-2023.csv","2019","ANNUAL","IVEE","1221.04527904721","SBC","Coastal","Vegetation Removal","Stock"
"SBC_reef_biomass_2008-2023.csv","2019","CONTROL","MOHK","722.79329464185","SBC","Coastal","Vegetation Removal","Stock"
"SBC_reef_biomass_2008-2023.csv","2019","ANNUAL","MOHK","642.898678268332","SBC","Coastal","Vegetation Removal","Stock"
"SBC_reef_biomass_2008-2023.csv","2019","CONTINUAL","MOHK","1334.44683306401","SBC","Coastal","Vegetation Removal","Stock"
"SBC_reef_biomass_2008-2023.csv","2019","CONTROL","NAPL","988.339662276623","SBC","Coastal","Vegetation Removal","Stock"
"SBC_reef_biomass_2008-2023.csv","2019","ANNUAL","NAPL","894.225727637688","SBC","Coastal","Vegetation Removal","Stock"
"SBC_reef_biomass_2008-2023.csv","2019","CONTINUAL","NAPL","536.068675675638","SBC","Coastal","Vegetation Removal","Stock"
"SBC_reef_biomass_2008-2023.csv","2019","CONTROL","AQUE","398.360361365767","SBC","Coastal","Vegetation Removal","Stock"
"SBC_reef_biomass_2008-2023.csv","2019","ANNUAL","AQUE","410.74791853565","SBC","Coastal","Vegetation Removal","Stock"
"SBC_reef_biomass_2008-2023.csv","2019","CONTINUAL","AQUE","748.413037557649","SBC","Coastal","Vegetation Removal","Stock"
"SBC_reef_biomass_2008-2023.csv","2019","CONTROL","CARP","4351.49493034817","SBC","Coastal","Vegetation Removal","Stock"
"SBC_reef_biomass_2008-2023.csv","2019","ANNUAL","CARP","3021.47066686817","SBC","Coastal","Vegetation Removal","Stock"
"SBC_reef_biomass_2008-2023.csv","2019","CONTINUAL","CARP","4929.62833069218","SBC","Coastal","Vegetation Removal","Stock"
"SBC_reef_biomass_2008-2023.csv","2019","CONTROL","IVEE","1512.55440023213","SBC","Coastal","Vegetation Removal","Stock"
"SBC_reef_biomass_2008-2023.csv","2019","ANNUAL","IVEE","574.484327444594","SBC","Coastal","Vegetation Removal","Stock"
"SBC_reef_biomass_2008-2023.csv","2019","CONTROL","MOHK","398.006406856698","SBC","Coastal","Vegetation Removal","Stock"
"SBC_reef_biomass_2008-2023.csv","2019","ANNUAL","MOHK","731.824430260548","SBC","Coastal","Vegetation Removal","Stock"
"SBC_reef_biomass_2008-2023.csv","2019","CONTINUAL","MOHK","1312.95863283645","SBC","Coastal","Vegetation Removal","Stock"
"SBC_reef_biomass_2008-2023.csv","2019","CONTROL","NAPL","971.585656050494","SBC","Coastal","Vegetation Removal","Stock"
"SBC_reef_biomass_2008-2023.csv","2019","ANNUAL","NAPL","997.318358232517","SBC","Coastal","Vegetation Removal","Stock"
"SBC_reef_biomass_2008-2023.csv","2019","CONTINUAL","NAPL","736.515339184379","SBC","Coastal","Vegetation Removal","Stock"
"SBC_reef_biomass_2008-2023.csv","2020","CONTROL","AQUE","381.838738461881","SBC","Coastal","Vegetation Removal","Stock"
"SBC_reef_biomass_2008-2023.csv","2020","ANNUAL","AQUE","398.656207985438","SBC","Coastal","Vegetation Removal","Stock"
"SBC_reef_biomass_2008-2023.csv","2020","CONTINUAL","AQUE","714.738036830422","SBC","Coastal","Vegetation Removal","Stock"
"SBC_reef_biomass_2008-2023.csv","2020","CONTROL","CARP","4782.16315216224","SBC","Coastal","Vegetation Removal","Stock"
"SBC_reef_biomass_2008-2023.csv","2020","ANNUAL","CARP","3322.15855299741","SBC","Coastal","Vegetation Removal","Stock"
"SBC_reef_biomass_2008-2023.csv","2020","CONTINUAL","CARP","5161.45521360122","SBC","Coastal","Vegetation Removal","Stock"
"SBC_reef_biomass_2008-2023.csv","2020","CONTROL","IVEE","1299.20064715052","SBC","Coastal","Vegetation Removal","Stock"
"SBC_reef_biomass_2008-2023.csv","2020","ANNUAL","IVEE","530.97165181954","SBC","Coastal","Vegetation Removal","Stock"
"SBC_reef_biomass_2008-2023.csv","2020","CONTROL","MOHK","491.33958801024","SBC","Coastal","Vegetation Removal","Stock"
"SBC_reef_biomass_2008-2023.csv","2020","ANNUAL","MOHK","403.656307187845","SBC","Coastal","Vegetation Removal","Stock"
"SBC_reef_biomass_2008-2023.csv","2020","CONTINUAL","MOHK","1271.5002891172","SBC","Coastal","Vegetation Removal","Stock"
"SBC_reef_biomass_2008-2023.csv","2020","CONTROL","NAPL","776.134411531029","SBC","Coastal","Vegetation Removal","Stock"
"SBC_reef_biomass_2008-2023.csv","2020","ANNUAL","NAPL","648.541691276739","SBC","Coastal","Vegetation Removal","Stock"
"SBC_reef_biomass_2008-2023.csv","2020","CONTINUAL","NAPL","557.73313347543","SBC","Coastal","Vegetation Removal","Stock"
"SBC_reef_biomass_2008-2023.csv","2020","CONTROL","AQUE","170.736022390881","SBC","Coastal","Vegetation Removal","Stock"
"SBC_reef_biomass_2008-2023.csv","2020","ANNUAL","AQUE","230.164982751451","SBC","Coastal","Vegetation Removal","Stock"
"SBC_reef_biomass_2008-2023.csv","2020","CONTINUAL","AQUE","581.767521315577","SBC","Coastal","Vegetation Removal","Stock"
"SBC_reef_biomass_2008-2023.csv","2020","CONTROL","CARP","7144.42114410139","SBC","Coastal","Vegetation Removal","Stock"
"SBC_reef_biomass_2008-2023.csv","2020","ANNUAL","CARP","6619.71829205969","SBC","Coastal","Vegetation Removal","Stock"
"SBC_reef_biomass_2008-2023.csv","2020","CONTINUAL","CARP","7460.63025861161","SBC","Coastal","Vegetation Removal","Stock"
"SBC_reef_biomass_2008-2023.csv","2020","CONTROL","IVEE","4026.10020592262","SBC","Coastal","Vegetation Removal","Stock"
"SBC_reef_biomass_2008-2023.csv","2020","ANNUAL","IVEE","973.72104174033","SBC","Coastal","Vegetation Removal","Stock"
"SBC_reef_biomass_2008-2023.csv","2020","CONTROL","MOHK","595.172432951356","SBC","Coastal","Vegetation Removal","Stock"
"SBC_reef_biomass_2008-2023.csv","2020","ANNUAL","MOHK","628.670992800049","SBC","Coastal","Vegetation Removal","Stock"
"SBC_reef_biomass_2008-2023.csv","2020","CONTINUAL","MOHK","1075.75908760252","SBC","Coastal","Vegetation Removal","Stock"
"SBC_reef_biomass_2008-2023.csv","2020","CONTROL","NAPL","559.86445882635","SBC","Coastal","Vegetation Removal","Stock"
"SBC_reef_biomass_2008-2023.csv","2020","ANNUAL","NAPL","706.979322862967","SBC","Coastal","Vegetation Removal","Stock"
"SBC_reef_biomass_2008-2023.csv","2020","CONTINUAL","NAPL","651.377458712034","SBC","Coastal","Vegetation Removal","Stock"
"SBC_reef_biomass_2008-2023.csv","2020","CONTROL","AQUE","250.659819347148","SBC","Coastal","Vegetation Removal","Stock"
"SBC_reef_biomass_2008-2023.csv","2020","ANNUAL","AQUE","318.838354643495","SBC","Coastal","Vegetation Removal","Stock"
"SBC_reef_biomass_2008-2023.csv","2020","CONTINUAL","AQUE","535.491253831107","SBC","Coastal","Vegetation Removal","Stock"
"SBC_reef_biomass_2008-2023.csv","2020","CONTROL","CARP","2177.48671653101","SBC","Coastal","Vegetation Removal","Stock"
"SBC_reef_biomass_2008-2023.csv","2020","ANNUAL","CARP","1000.35876533387","SBC","Coastal","Vegetation Removal","Stock"
"SBC_reef_biomass_2008-2023.csv","2020","CONTINUAL","CARP","2489.4065478394","SBC","Coastal","Vegetation Removal","Stock"
"SBC_reef_biomass_2008-2023.csv","2020","CONTROL","IVEE","2258.39132058845","SBC","Coastal","Vegetation Removal","Stock"
"SBC_reef_biomass_2008-2023.csv","2020","ANNUAL","IVEE","338.996236425607","SBC","Coastal","Vegetation Removal","Stock"
"SBC_reef_biomass_2008-2023.csv","2020","CONTROL","MOHK","235.871083633113","SBC","Coastal","Vegetation Removal","Stock"
"SBC_reef_biomass_2008-2023.csv","2020","ANNUAL","MOHK","541.859993232962","SBC","Coastal","Vegetation Removal","Stock"
"SBC_reef_biomass_2008-2023.csv","2020","CONTINUAL","MOHK","446.300416607521","SBC","Coastal","Vegetation Removal","Stock"
"SBC_reef_biomass_2008-2023.csv","2020","CONTROL","NAPL","743.870470849819","SBC","Coastal","Vegetation Removal","Stock"
"SBC_reef_biomass_2008-2023.csv","2020","ANNUAL","NAPL","755.47257285305","SBC","Coastal","Vegetation Removal","Stock"
"SBC_reef_biomass_2008-2023.csv","2020","CONTINUAL","NAPL","700.940542986845","SBC","Coastal","Vegetation Removal","Stock"
"SBC_reef_biomass_2008-2023.csv","2021","CONTROL","AQUE","404.054489067981","SBC","Coastal","Vegetation Removal","Stock"
"SBC_reef_biomass_2008-2023.csv","2021","ANNUAL","AQUE","520.287036630356","SBC","Coastal","Vegetation Removal","Stock"
"SBC_reef_biomass_2008-2023.csv","2021","CONTINUAL","AQUE","747.030933408826","SBC","Coastal","Vegetation Removal","Stock"
"SBC_reef_biomass_2008-2023.csv","2021","CONTROL","CARP","3988.73650915501","SBC","Coastal","Vegetation Removal","Stock"
"SBC_reef_biomass_2008-2023.csv","2021","ANNUAL","CARP","3738.16914814691","SBC","Coastal","Vegetation Removal","Stock"
"SBC_reef_biomass_2008-2023.csv","2021","CONTINUAL","CARP","4255.04176264946","SBC","Coastal","Vegetation Removal","Stock"
"SBC_reef_biomass_2008-2023.csv","2021","CONTROL","IVEE","2431.43634258601","SBC","Coastal","Vegetation Removal","Stock"
"SBC_reef_biomass_2008-2023.csv","2021","ANNUAL","IVEE","388.08468775458","SBC","Coastal","Vegetation Removal","Stock"
"SBC_reef_biomass_2008-2023.csv","2021","CONTROL","MOHK","662.055268616474","SBC","Coastal","Vegetation Removal","Stock"
"SBC_reef_biomass_2008-2023.csv","2021","ANNUAL","MOHK","821.154053530884","SBC","Coastal","Vegetation Removal","Stock"
"SBC_reef_biomass_2008-2023.csv","2021","CONTINUAL","MOHK","1105.59526814728","SBC","Coastal","Vegetation Removal","Stock"
"SBC_reef_biomass_2008-2023.csv","2021","CONTROL","NAPL","854.42510523089","SBC","Coastal","Vegetation Removal","Stock"
"SBC_reef_biomass_2008-2023.csv","2021","ANNUAL","NAPL","630.721610501155","SBC","Coastal","Vegetation Removal","Stock"
"SBC_reef_biomass_2008-2023.csv","2021","CONTINUAL","NAPL","526.86918757223","SBC","Coastal","Vegetation Removal","Stock"
"SBC_reef_biomass_2008-2023.csv","2021","CONTROL","AQUE","323.309165881674","SBC","Coastal","Vegetation Removal","Stock"
"SBC_reef_biomass_2008-2023.csv","2021","ANNUAL","AQUE","254.432917636529","SBC","Coastal","Vegetation Removal","Stock"
"SBC_reef_biomass_2008-2023.csv","2021","CONTINUAL","AQUE","389.388324766666","SBC","Coastal","Vegetation Removal","Stock"
"SBC_reef_biomass_2008-2023.csv","2021","CONTROL","CARP","3982.46024346909","SBC","Coastal","Vegetation Removal","Stock"
"SBC_reef_biomass_2008-2023.csv","2021","ANNUAL","CARP","3676.03409125485","SBC","Coastal","Vegetation Removal","Stock"
"SBC_reef_biomass_2008-2023.csv","2021","CONTINUAL","CARP","4494.37355745978","SBC","Coastal","Vegetation Removal","Stock"
"SBC_reef_biomass_2008-2023.csv","2021","CONTROL","IVEE","1844.40322754918","SBC","Coastal","Vegetation Removal","Stock"
"SBC_reef_biomass_2008-2023.csv","2021","ANNUAL","IVEE","323.052441043731","SBC","Coastal","Vegetation Removal","Stock"
"SBC_reef_biomass_2008-2023.csv","2021","CONTROL","MOHK","595.441058900385","SBC","Coastal","Vegetation Removal","Stock"
"SBC_reef_biomass_2008-2023.csv","2021","ANNUAL","MOHK","331.183627610716","SBC","Coastal","Vegetation Removal","Stock"
"SBC_reef_biomass_2008-2023.csv","2021","CONTINUAL","MOHK","356.442769595632","SBC","Coastal","Vegetation Removal","Stock"
"SBC_reef_biomass_2008-2023.csv","2021","CONTROL","NAPL","769.980202316866","SBC","Coastal","Vegetation Removal","Stock"
"SBC_reef_biomass_2008-2023.csv","2021","ANNUAL","NAPL","444.630971732752","SBC","Coastal","Vegetation Removal","Stock"
"SBC_reef_biomass_2008-2023.csv","2021","CONTINUAL","NAPL","756.802089210808","SBC","Coastal","Vegetation Removal","Stock"
"SBC_reef_biomass_2008-2023.csv","2021","CONTROL","AQUE","246.454936251126","SBC","Coastal","Vegetation Removal","Stock"
"SBC_reef_biomass_2008-2023.csv","2021","ANNUAL","AQUE","223.953019137862","SBC","Coastal","Vegetation Removal","Stock"
"SBC_reef_biomass_2008-2023.csv","2021","CONTINUAL","AQUE","420.472707589557","SBC","Coastal","Vegetation Removal","Stock"
"SBC_reef_biomass_2008-2023.csv","2021","CONTROL","CARP","4050.64241893537","SBC","Coastal","Vegetation Removal","Stock"
"SBC_reef_biomass_2008-2023.csv","2021","ANNUAL","CARP","3586.31855890703","SBC","Coastal","Vegetation Removal","Stock"
"SBC_reef_biomass_2008-2023.csv","2021","CONTINUAL","CARP","4280.57208480952","SBC","Coastal","Vegetation Removal","Stock"
"SBC_reef_biomass_2008-2023.csv","2021","CONTROL","IVEE","3806.39439470732","SBC","Coastal","Vegetation Removal","Stock"
"SBC_reef_biomass_2008-2023.csv","2021","ANNUAL","IVEE","274.242229691741","SBC","Coastal","Vegetation Removal","Stock"
"SBC_reef_biomass_2008-2023.csv","2021","CONTROL","MOHK","892.795170205085","SBC","Coastal","Vegetation Removal","Stock"
"SBC_reef_biomass_2008-2023.csv","2021","ANNUAL","MOHK","724.809307609453","SBC","Coastal","Vegetation Removal","Stock"
"SBC_reef_biomass_2008-2023.csv","2021","CONTINUAL","MOHK","1016.55362635129","SBC","Coastal","Vegetation Removal","Stock"
"SBC_reef_biomass_2008-2023.csv","2021","CONTROL","NAPL","757.423272829657","SBC","Coastal","Vegetation Removal","Stock"
"SBC_reef_biomass_2008-2023.csv","2021","ANNUAL","NAPL","867.093781177265","SBC","Coastal","Vegetation Removal","Stock"
"SBC_reef_biomass_2008-2023.csv","2021","CONTINUAL","NAPL","765.625451236631","SBC","Coastal","Vegetation Removal","Stock"
"SBC_reef_biomass_2008-2023.csv","2021","CONTROL","AQUE","215.908705800033","SBC","Coastal","Vegetation Removal","Stock"
"SBC_reef_biomass_2008-2023.csv","2021","ANNUAL","AQUE","660.763723898274","SBC","Coastal","Vegetation Removal","Stock"
"SBC_reef_biomass_2008-2023.csv","2021","CONTINUAL","AQUE","387.35155663743","SBC","Coastal","Vegetation Removal","Stock"
"SBC_reef_biomass_2008-2023.csv","2021","CONTROL","CARP","3504.67961897336","SBC","Coastal","Vegetation Removal","Stock"
"SBC_reef_biomass_2008-2023.csv","2021","ANNUAL","CARP","2003.6966616389","SBC","Coastal","Vegetation Removal","Stock"
"SBC_reef_biomass_2008-2023.csv","2021","CONTINUAL","CARP","3953.41153863127","SBC","Coastal","Vegetation Removal","Stock"
"SBC_reef_biomass_2008-2023.csv","2021","CONTROL","IVEE","1811.58565872241","SBC","Coastal","Vegetation Removal","Stock"
"SBC_reef_biomass_2008-2023.csv","2021","ANNUAL","IVEE","137.103117789863","SBC","Coastal","Vegetation Removal","Stock"
"SBC_reef_biomass_2008-2023.csv","2021","CONTROL","MOHK","1001.27594431749","SBC","Coastal","Vegetation Removal","Stock"
"SBC_reef_biomass_2008-2023.csv","2021","ANNUAL","MOHK","851.284716689929","SBC","Coastal","Vegetation Removal","Stock"
"SBC_reef_biomass_2008-2023.csv","2021","CONTINUAL","MOHK","1001.17469986043","SBC","Coastal","Vegetation Removal","Stock"
"SBC_reef_biomass_2008-2023.csv","2021","CONTROL","NAPL","707.995257959355","SBC","Coastal","Vegetation Removal","Stock"
"SBC_reef_biomass_2008-2023.csv","2021","ANNUAL","NAPL","891.447635644966","SBC","Coastal","Vegetation Removal","Stock"
"SBC_reef_biomass_2008-2023.csv","2021","CONTINUAL","NAPL","627.178907428794","SBC","Coastal","Vegetation Removal","Stock"
"SBC_reef_biomass_2008-2023.csv","2022","CONTROL","AQUE","319.72841808579","SBC","Coastal","Vegetation Removal","Stock"
"SBC_reef_biomass_2008-2023.csv","2022","ANNUAL","AQUE","406.144553196719","SBC","Coastal","Vegetation Removal","Stock"
"SBC_reef_biomass_2008-2023.csv","2022","CONTINUAL","AQUE","295.179426981161","SBC","Coastal","Vegetation Removal","Stock"
"SBC_reef_biomass_2008-2023.csv","2022","CONTROL","CARP","5134.89341013235","SBC","Coastal","Vegetation Removal","Stock"
"SBC_reef_biomass_2008-2023.csv","2022","ANNUAL","CARP","2791.8475911054","SBC","Coastal","Vegetation Removal","Stock"
"SBC_reef_biomass_2008-2023.csv","2022","CONTINUAL","CARP","4168.86025892751","SBC","Coastal","Vegetation Removal","Stock"
"SBC_reef_biomass_2008-2023.csv","2022","CONTROL","IVEE","205.454127235567","SBC","Coastal","Vegetation Removal","Stock"
"SBC_reef_biomass_2008-2023.csv","2022","ANNUAL","IVEE","164.104216318363","SBC","Coastal","Vegetation Removal","Stock"
"SBC_reef_biomass_2008-2023.csv","2022","CONTROL","MOHK","797.003336122212","SBC","Coastal","Vegetation Removal","Stock"
"SBC_reef_biomass_2008-2023.csv","2022","ANNUAL","MOHK","891.632025708333","SBC","Coastal","Vegetation Removal","Stock"
"SBC_reef_biomass_2008-2023.csv","2022","CONTINUAL","MOHK","1296.4207878585","SBC","Coastal","Vegetation Removal","Stock"
"SBC_reef_biomass_2008-2023.csv","2022","CONTROL","NAPL","1171.23790981754","SBC","Coastal","Vegetation Removal","Stock"
"SBC_reef_biomass_2008-2023.csv","2022","ANNUAL","NAPL","1112.65458909669","SBC","Coastal","Vegetation Removal","Stock"
"SBC_reef_biomass_2008-2023.csv","2022","CONTINUAL","NAPL","1009.37396432812","SBC","Coastal","Vegetation Removal","Stock"
"SBC_reef_biomass_2008-2023.csv","2022","CONTROL","AQUE","365.290895043611","SBC","Coastal","Vegetation Removal","Stock"
"SBC_reef_biomass_2008-2023.csv","2022","ANNUAL","AQUE","375.975137293892","SBC","Coastal","Vegetation Removal","Stock"
"SBC_reef_biomass_2008-2023.csv","2022","CONTINUAL","AQUE","385.826563480157","SBC","Coastal","Vegetation Removal","Stock"
"SBC_reef_biomass_2008-2023.csv","2022","CONTROL","CARP","4276.80846364277","SBC","Coastal","Vegetation Removal","Stock"
"SBC_reef_biomass_2008-2023.csv","2022","ANNUAL","CARP","2476.29478933361","SBC","Coastal","Vegetation Removal","Stock"
"SBC_reef_biomass_2008-2023.csv","2022","CONTINUAL","CARP","4471.86712337789","SBC","Coastal","Vegetation Removal","Stock"
"SBC_reef_biomass_2008-2023.csv","2022","CONTROL","IVEE","425.408339803586","SBC","Coastal","Vegetation Removal","Stock"
"SBC_reef_biomass_2008-2023.csv","2022","ANNUAL","IVEE","249.290534187606","SBC","Coastal","Vegetation Removal","Stock"
"SBC_reef_biomass_2008-2023.csv","2022","CONTROL","MOHK","711.614924793163","SBC","Coastal","Vegetation Removal","Stock"
"SBC_reef_biomass_2008-2023.csv","2022","ANNUAL","MOHK","449.198774712791","SBC","Coastal","Vegetation Removal","Stock"
"SBC_reef_biomass_2008-2023.csv","2022","CONTINUAL","MOHK","1018.31152989877","SBC","Coastal","Vegetation Removal","Stock"
"SBC_reef_biomass_2008-2023.csv","2022","CONTROL","NAPL","720.116174217441","SBC","Coastal","Vegetation Removal","Stock"
"SBC_reef_biomass_2008-2023.csv","2022","ANNUAL","NAPL","540.815607070626","SBC","Coastal","Vegetation Removal","Stock"
"SBC_reef_biomass_2008-2023.csv","2022","CONTINUAL","NAPL","624.806003702696","SBC","Coastal","Vegetation Removal","Stock"
"SBC_reef_biomass_2008-2023.csv","2022","CONTROL","AQUE","393.398387676563","SBC","Coastal","Vegetation Removal","Stock"
"SBC_reef_biomass_2008-2023.csv","2022","ANNUAL","AQUE","427.705196486668","SBC","Coastal","Vegetation Removal","Stock"
"SBC_reef_biomass_2008-2023.csv","2022","CONTINUAL","AQUE","286.56286244552","SBC","Coastal","Vegetation Removal","Stock"
"SBC_reef_biomass_2008-2023.csv","2022","CONTROL","CARP","4296.11490234656","SBC","Coastal","Vegetation Removal","Stock"
"SBC_reef_biomass_2008-2023.csv","2022","ANNUAL","CARP","3979.22055259243","SBC","Coastal","Vegetation Removal","Stock"
"SBC_reef_biomass_2008-2023.csv","2022","CONTINUAL","CARP","7585.93674489085","SBC","Coastal","Vegetation Removal","Stock"
"SBC_reef_biomass_2008-2023.csv","2022","CONTROL","IVEE","2101.11661794776","SBC","Coastal","Vegetation Removal","Stock"
"SBC_reef_biomass_2008-2023.csv","2022","ANNUAL","IVEE","186.878984384527","SBC","Coastal","Vegetation Removal","Stock"
"SBC_reef_biomass_2008-2023.csv","2022","CONTROL","MOHK","1103.65741065895","SBC","Coastal","Vegetation Removal","Stock"
"SBC_reef_biomass_2008-2023.csv","2022","ANNUAL","MOHK","452.874769114406","SBC","Coastal","Vegetation Removal","Stock"
"SBC_reef_biomass_2008-2023.csv","2022","CONTINUAL","MOHK","1024.15730972268","SBC","Coastal","Vegetation Removal","Stock"
"SBC_reef_biomass_2008-2023.csv","2022","CONTROL","NAPL","955.383893946045","SBC","Coastal","Vegetation Removal","Stock"
"SBC_reef_biomass_2008-2023.csv","2022","ANNUAL","NAPL","1096.9369289741","SBC","Coastal","Vegetation Removal","Stock"
"SBC_reef_biomass_2008-2023.csv","2022","CONTINUAL","NAPL","720.632226156907","SBC","Coastal","Vegetation Removal","Stock"
"SBC_reef_biomass_2008-2023.csv","2022","CONTROL","AQUE","259.166037734048","SBC","Coastal","Vegetation Removal","Stock"
"SBC_reef_biomass_2008-2023.csv","2022","ANNUAL","AQUE","278.801331742679","SBC","Coastal","Vegetation Removal","Stock"
"SBC_reef_biomass_2008-2023.csv","2022","CONTINUAL","AQUE","438.146045049154","SBC","Coastal","Vegetation Removal","Stock"
"SBC_reef_biomass_2008-2023.csv","2022","CONTROL","CARP","7245.78510165523","SBC","Coastal","Vegetation Removal","Stock"
"SBC_reef_biomass_2008-2023.csv","2022","ANNUAL","CARP","3408.92358877331","SBC","Coastal","Vegetation Removal","Stock"
"SBC_reef_biomass_2008-2023.csv","2022","CONTINUAL","CARP","4862.2242927146","SBC","Coastal","Vegetation Removal","Stock"
"SBC_reef_biomass_2008-2023.csv","2022","CONTROL","IVEE","5787.18173792241","SBC","Coastal","Vegetation Removal","Stock"
"SBC_reef_biomass_2008-2023.csv","2022","ANNUAL","IVEE","356.804708918465","SBC","Coastal","Vegetation Removal","Stock"
"SBC_reef_biomass_2008-2023.csv","2022","CONTROL","MOHK","1187.81303909577","SBC","Coastal","Vegetation Removal","Stock"
"SBC_reef_biomass_2008-2023.csv","2022","ANNUAL","MOHK","690.678587063515","SBC","Coastal","Vegetation Removal","Stock"
"SBC_reef_biomass_2008-2023.csv","2022","CONTINUAL","MOHK","1833.7584534662","SBC","Coastal","Vegetation Removal","Stock"
"SBC_reef_biomass_2008-2023.csv","2022","CONTROL","NAPL","555.165719479177","SBC","Coastal","Vegetation Removal","Stock"
"SBC_reef_biomass_2008-2023.csv","2022","ANNUAL","NAPL","1098.50598859373","SBC","Coastal","Vegetation Removal","Stock"
"SBC_reef_biomass_2008-2023.csv","2022","CONTINUAL","NAPL","651.849044977817","SBC","Coastal","Vegetation Removal","Stock"
"SBC_reef_biomass_2008-2023.csv","2023","CONTROL","IVEE","3621.28680908081","SBC","Coastal","Vegetation Removal","Stock"
"SBC_reef_biomass_2008-2023.csv","2023","ANNUAL","IVEE","152.094963269147","SBC","Coastal","Vegetation Removal","Stock"
"SBC_reef_biomass_2008-2023.csv","2023","CONTROL","NAPL","788.430843558455","SBC","Coastal","Vegetation Removal","Stock"
"SBC_reef_biomass_2008-2023.csv","2023","ANNUAL","NAPL","987.820987424595","SBC","Coastal","Vegetation Removal","Stock"
"SBC_reef_biomass_2008-2023.csv","2023","CONTINUAL","NAPL","680.646592800914","SBC","Coastal","Vegetation Removal","Stock"
"SBC_reef_biomass_2008-2023.csv","2023","CONTROL","AQUE","376.718725953269","SBC","Coastal","Vegetation Removal","Stock"
"SBC_reef_biomass_2008-2023.csv","2023","ANNUAL","AQUE","220.583432560367","SBC","Coastal","Vegetation Removal","Stock"
"SBC_reef_biomass_2008-2023.csv","2023","CONTINUAL","AQUE","437.363130233446","SBC","Coastal","Vegetation Removal","Stock"
"SBC_reef_biomass_2008-2023.csv","2023","CONTROL","CARP","6016.41058882951","SBC","Coastal","Vegetation Removal","Stock"
"SBC_reef_biomass_2008-2023.csv","2023","ANNUAL","CARP","5199.16122468371","SBC","Coastal","Vegetation Removal","Stock"
"SBC_reef_biomass_2008-2023.csv","2023","CONTINUAL","CARP","5520.10827993968","SBC","Coastal","Vegetation Removal","Stock"
"SBC_reef_biomass_2008-2023.csv","2023","CONTROL","MOHK","830.791693553547","SBC","Coastal","Vegetation Removal","Stock"
"SBC_reef_biomass_2008-2023.csv","2023","ANNUAL","MOHK","531.905722093177","SBC","Coastal","Vegetation Removal","Stock"
"SBC_reef_biomass_2008-2023.csv","2023","CONTINUAL","MOHK","869.51179161553","SBC","Coastal","Vegetation Removal","Stock"
"SBC_reef_biomass_2008-2023.csv","2023","CONTROL","AQUE","429.532449854","SBC","Coastal","Vegetation Removal","Stock"
"SBC_reef_biomass_2008-2023.csv","2023","ANNUAL","AQUE","200.028952556851","SBC","Coastal","Vegetation Removal","Stock"
"SBC_reef_biomass_2008-2023.csv","2023","CONTINUAL","AQUE","712.01829494444","SBC","Coastal","Vegetation Removal","Stock"
"SBC_reef_biomass_2008-2023.csv","2023","CONTROL","CARP","6619.09646772733","SBC","Coastal","Vegetation Removal","Stock"
"SBC_reef_biomass_2008-2023.csv","2023","ANNUAL","CARP","4825.86859964981","SBC","Coastal","Vegetation Removal","Stock"
"SBC_reef_biomass_2008-2023.csv","2023","CONTINUAL","CARP","7851.39749634582","SBC","Coastal","Vegetation Removal","Stock"
"SBC_reef_biomass_2008-2023.csv","2023","CONTROL","IVEE","2700.81783601457","SBC","Coastal","Vegetation Removal","Stock"
"SBC_reef_biomass_2008-2023.csv","2023","ANNUAL","IVEE","637.120984472296","SBC","Coastal","Vegetation Removal","Stock"
"SBC_reef_biomass_2008-2023.csv","2023","CONTROL","MOHK","629.249257649166","SBC","Coastal","Vegetation Removal","Stock"
"SBC_reef_biomass_2008-2023.csv","2023","ANNUAL","MOHK","310.103840756661","SBC","Coastal","Vegetation Removal","Stock"
"SBC_reef_biomass_2008-2023.csv","2023","CONTINUAL","MOHK","1611.91824720674","SBC","Coastal","Vegetation Removal","Stock"
"SBC_reef_biomass_2008-2023.csv","2023","CONTROL","NAPL","913.36196176064","SBC","Coastal","Vegetation Removal","Stock"
"SBC_reef_biomass_2008-2023.csv","2023","ANNUAL","NAPL","757.105985764532","SBC","Coastal","Vegetation Removal","Stock"
"SBC_reef_biomass_2008-2023.csv","2023","CONTINUAL","NAPL","941.359895148708","SBC","Coastal","Vegetation Removal","Stock"
"SEV_aboveground_biomass_2004-2023.csv","2004","F","1","64.472599953","SEV","Grassland","Fertilization","Stock"
"SEV_aboveground_biomass_2004-2023.csv","2004","C","2","35.7228349225","SEV","Grassland","Fertilization","Stock"
"SEV_aboveground_biomass_2004-2023.csv","2004","C","3","38.80243784725","SEV","Grassland","Fertilization","Stock"
"SEV_aboveground_biomass_2004-2023.csv","2004","F","4","74.433015596","SEV","Grassland","Fertilization","Stock"
"SEV_aboveground_biomass_2004-2023.csv","2004","C","5","53.78229274575","SEV","Grassland","Fertilization","Stock"
"SEV_aboveground_biomass_2004-2023.csv","2004","F","6","54.79929536525","SEV","Grassland","Fertilization","Stock"
"SEV_aboveground_biomass_2004-2023.csv","2004","C","7","41.0942500745","SEV","Grassland","Fertilization","Stock"
"SEV_aboveground_biomass_2004-2023.csv","2004","F","8","30.80230756975","SEV","Grassland","Fertilization","Stock"
"SEV_aboveground_biomass_2004-2023.csv","2004","C","9","36.03645185825","SEV","Grassland","Fertilization","Stock"
"SEV_aboveground_biomass_2004-2023.csv","2004","F","10","46.17491859","SEV","Grassland","Fertilization","Stock"
"SEV_aboveground_biomass_2004-2023.csv","2004","F","11","43.3186692585","SEV","Grassland","Fertilization","Stock"
"SEV_aboveground_biomass_2004-2023.csv","2004","C","12","66.22264855","SEV","Grassland","Fertilization","Stock"
"SEV_aboveground_biomass_2004-2023.csv","2004","C","13","43.2362004265","SEV","Grassland","Fertilization","Stock"
"SEV_aboveground_biomass_2004-2023.csv","2004","F","14","30.51104995125","SEV","Grassland","Fertilization","Stock"
"SEV_aboveground_biomass_2004-2023.csv","2004","C","15","64.72605339","SEV","Grassland","Fertilization","Stock"
"SEV_aboveground_biomass_2004-2023.csv","2004","F","16","72.06274800425","SEV","Grassland","Fertilization","Stock"
"SEV_aboveground_biomass_2004-2023.csv","2004","F","17","65.06494260575","SEV","Grassland","Fertilization","Stock"
"SEV_aboveground_biomass_2004-2023.csv","2004","C","18","37.70620286225","SEV","Grassland","Fertilization","Stock"
"SEV_aboveground_biomass_2004-2023.csv","2004","F","19","34.54205379","SEV","Grassland","Fertilization","Stock"
"SEV_aboveground_biomass_2004-2023.csv","2004","C","20","33.96230785425","SEV","Grassland","Fertilization","Stock"
"SEV_aboveground_biomass_2004-2023.csv","2004","F","1","59.747407019","SEV","Grassland","Fertilization","Stock"
"SEV_aboveground_biomass_2004-2023.csv","2004","C","2","54.93172933575","SEV","Grassland","Fertilization","Stock"
"SEV_aboveground_biomass_2004-2023.csv","2004","C","3","76.402319758","SEV","Grassland","Fertilization","Stock"
"SEV_aboveground_biomass_2004-2023.csv","2004","F","4","39.7394948725","SEV","Grassland","Fertilization","Stock"
"SEV_aboveground_biomass_2004-2023.csv","2004","C","5","51.57230684175","SEV","Grassland","Fertilization","Stock"
"SEV_aboveground_biomass_2004-2023.csv","2004","F","6","37.915836665","SEV","Grassland","Fertilization","Stock"
"SEV_aboveground_biomass_2004-2023.csv","2004","C","7","100.5229765885","SEV","Grassland","Fertilization","Stock"
"SEV_aboveground_biomass_2004-2023.csv","2004","F","8","70.47779527375","SEV","Grassland","Fertilization","Stock"
"SEV_aboveground_biomass_2004-2023.csv","2004","C","9","87.20591848775","SEV","Grassland","Fertilization","Stock"
"SEV_aboveground_biomass_2004-2023.csv","2004","F","10","85.0614870925","SEV","Grassland","Fertilization","Stock"
"SEV_aboveground_biomass_2004-2023.csv","2004","F","11","45.467684174","SEV","Grassland","Fertilization","Stock"
"SEV_aboveground_biomass_2004-2023.csv","2004","C","12","91.38246659225","SEV","Grassland","Fertilization","Stock"
"SEV_aboveground_biomass_2004-2023.csv","2004","C","13","52.5541163715","SEV","Grassland","Fertilization","Stock"
"SEV_aboveground_biomass_2004-2023.csv","2004","F","14","66.68403999775","SEV","Grassland","Fertilization","Stock"
"SEV_aboveground_biomass_2004-2023.csv","2004","C","15","49.6061234665","SEV","Grassland","Fertilization","Stock"
"SEV_aboveground_biomass_2004-2023.csv","2004","F","16","89.6140892185","SEV","Grassland","Fertilization","Stock"
"SEV_aboveground_biomass_2004-2023.csv","2004","F","17","85.21832382875","SEV","Grassland","Fertilization","Stock"
"SEV_aboveground_biomass_2004-2023.csv","2004","C","18","107.855240493","SEV","Grassland","Fertilization","Stock"
"SEV_aboveground_biomass_2004-2023.csv","2004","F","19","62.0843276","SEV","Grassland","Fertilization","Stock"
"SEV_aboveground_biomass_2004-2023.csv","2004","C","20","51.53593239825","SEV","Grassland","Fertilization","Stock"
"SEV_aboveground_biomass_2004-2023.csv","2005","F","1","59.23256600775","SEV","Grassland","Fertilization","Stock"
"SEV_aboveground_biomass_2004-2023.csv","2005","C","2","71.208921828","SEV","Grassland","Fertilization","Stock"
"SEV_aboveground_biomass_2004-2023.csv","2005","C","3","70.570798037","SEV","Grassland","Fertilization","Stock"
"SEV_aboveground_biomass_2004-2023.csv","2005","F","4","81.85416414","SEV","Grassland","Fertilization","Stock"
"SEV_aboveground_biomass_2004-2023.csv","2005","C","5","96.55415150375","SEV","Grassland","Fertilization","Stock"
"SEV_aboveground_biomass_2004-2023.csv","2005","F","6","86.62999375075","SEV","Grassland","Fertilization","Stock"
"SEV_aboveground_biomass_2004-2023.csv","2005","C","7","72.5551009695","SEV","Grassland","Fertilization","Stock"
"SEV_aboveground_biomass_2004-2023.csv","2005","F","8","30.9342355055","SEV","Grassland","Fertilization","Stock"
"SEV_aboveground_biomass_2004-2023.csv","2005","C","9","48.869782343","SEV","Grassland","Fertilization","Stock"
"SEV_aboveground_biomass_2004-2023.csv","2005","F","10","45.91694802675","SEV","Grassland","Fertilization","Stock"
"SEV_aboveground_biomass_2004-2023.csv","2005","F","11","49.38182679","SEV","Grassland","Fertilization","Stock"
"SEV_aboveground_biomass_2004-2023.csv","2005","C","12","78.37037125","SEV","Grassland","Fertilization","Stock"
"SEV_aboveground_biomass_2004-2023.csv","2005","C","13","63.81455237875","SEV","Grassland","Fertilization","Stock"
"SEV_aboveground_biomass_2004-2023.csv","2005","F","14","46.31508994225","SEV","Grassland","Fertilization","Stock"
"SEV_aboveground_biomass_2004-2023.csv","2005","C","15","109.291744887","SEV","Grassland","Fertilization","Stock"
"SEV_aboveground_biomass_2004-2023.csv","2005","F","16","59.143951595","SEV","Grassland","Fertilization","Stock"
"SEV_aboveground_biomass_2004-2023.csv","2005","F","17","73.60463617","SEV","Grassland","Fertilization","Stock"
"SEV_aboveground_biomass_2004-2023.csv","2005","C","18","82.620054008","SEV","Grassland","Fertilization","Stock"
"SEV_aboveground_biomass_2004-2023.csv","2005","F","19","59.8698897285","SEV","Grassland","Fertilization","Stock"
"SEV_aboveground_biomass_2004-2023.csv","2005","C","20","84.7192680515","SEV","Grassland","Fertilization","Stock"
"SEV_aboveground_biomass_2004-2023.csv","2005","F","1","84.5032138275","SEV","Grassland","Fertilization","Stock"
"SEV_aboveground_biomass_2004-2023.csv","2005","C","2","58.9178958925","SEV","Grassland","Fertilization","Stock"
"SEV_aboveground_biomass_2004-2023.csv","2005","C","3","55.32766798475","SEV","Grassland","Fertilization","Stock"
"SEV_aboveground_biomass_2004-2023.csv","2005","F","4","68.90449004725","SEV","Grassland","Fertilization","Stock"
"SEV_aboveground_biomass_2004-2023.csv","2005","C","5","63.645210929","SEV","Grassland","Fertilization","Stock"
"SEV_aboveground_biomass_2004-2023.csv","2005","F","6","98.60356835125","SEV","Grassland","Fertilization","Stock"
"SEV_aboveground_biomass_2004-2023.csv","2005","C","7","41.055440491","SEV","Grassland","Fertilization","Stock"
"SEV_aboveground_biomass_2004-2023.csv","2005","F","8","91.311774971","SEV","Grassland","Fertilization","Stock"
"SEV_aboveground_biomass_2004-2023.csv","2005","C","9","85.1041596125","SEV","Grassland","Fertilization","Stock"
"SEV_aboveground_biomass_2004-2023.csv","2005","F","10","55.67642157625","SEV","Grassland","Fertilization","Stock"
"SEV_aboveground_biomass_2004-2023.csv","2005","F","11","77.38298675825","SEV","Grassland","Fertilization","Stock"
"SEV_aboveground_biomass_2004-2023.csv","2005","C","12","66.3643967515","SEV","Grassland","Fertilization","Stock"
"SEV_aboveground_biomass_2004-2023.csv","2005","C","13","71.3498696525","SEV","Grassland","Fertilization","Stock"
"SEV_aboveground_biomass_2004-2023.csv","2005","F","14","46.140205944","SEV","Grassland","Fertilization","Stock"
"SEV_aboveground_biomass_2004-2023.csv","2005","C","15","54.7760480605","SEV","Grassland","Fertilization","Stock"
"SEV_aboveground_biomass_2004-2023.csv","2005","F","16","50.5733967725","SEV","Grassland","Fertilization","Stock"
"SEV_aboveground_biomass_2004-2023.csv","2005","F","17","99.55129941325","SEV","Grassland","Fertilization","Stock"
"SEV_aboveground_biomass_2004-2023.csv","2005","C","18","31.47109992","SEV","Grassland","Fertilization","Stock"
"SEV_aboveground_biomass_2004-2023.csv","2005","F","19","81.50678007775","SEV","Grassland","Fertilization","Stock"
"SEV_aboveground_biomass_2004-2023.csv","2005","C","20","46.35338184825","SEV","Grassland","Fertilization","Stock"
"SEV_aboveground_biomass_2004-2023.csv","2006","F","1","373.02107848975","SEV","Grassland","Fertilization","Stock"
"SEV_aboveground_biomass_2004-2023.csv","2006","C","2","158.2860177125","SEV","Grassland","Fertilization","Stock"
"SEV_aboveground_biomass_2004-2023.csv","2006","C","3","150.9033453725","SEV","Grassland","Fertilization","Stock"
"SEV_aboveground_biomass_2004-2023.csv","2006","F","4","299.250175415","SEV","Grassland","Fertilization","Stock"
"SEV_aboveground_biomass_2004-2023.csv","2006","C","5","150.68016797475","SEV","Grassland","Fertilization","Stock"
"SEV_aboveground_biomass_2004-2023.csv","2006","F","6","408.0512453235","SEV","Grassland","Fertilization","Stock"
"SEV_aboveground_biomass_2004-2023.csv","2006","C","7","141.2377567915","SEV","Grassland","Fertilization","Stock"
"SEV_aboveground_biomass_2004-2023.csv","2006","F","8","370.6783396205","SEV","Grassland","Fertilization","Stock"
"SEV_aboveground_biomass_2004-2023.csv","2006","C","9","223.31824349525","SEV","Grassland","Fertilization","Stock"
"SEV_aboveground_biomass_2004-2023.csv","2006","F","10","510.9283927","SEV","Grassland","Fertilization","Stock"
"SEV_aboveground_biomass_2004-2023.csv","2006","F","11","352.88645396125","SEV","Grassland","Fertilization","Stock"
"SEV_aboveground_biomass_2004-2023.csv","2006","C","12","178.52219928875","SEV","Grassland","Fertilization","Stock"
"SEV_aboveground_biomass_2004-2023.csv","2006","C","13","164.1722640345","SEV","Grassland","Fertilization","Stock"
"SEV_aboveground_biomass_2004-2023.csv","2006","F","14","163.06272122525","SEV","Grassland","Fertilization","Stock"
"SEV_aboveground_biomass_2004-2023.csv","2006","C","15","113.52781615375","SEV","Grassland","Fertilization","Stock"
"SEV_aboveground_biomass_2004-2023.csv","2006","F","16","471.01440185","SEV","Grassland","Fertilization","Stock"
"SEV_aboveground_biomass_2004-2023.csv","2006","F","17","210.481435308","SEV","Grassland","Fertilization","Stock"
"SEV_aboveground_biomass_2004-2023.csv","2006","C","18","114.967916843","SEV","Grassland","Fertilization","Stock"
"SEV_aboveground_biomass_2004-2023.csv","2006","F","19","336.654772657","SEV","Grassland","Fertilization","Stock"
"SEV_aboveground_biomass_2004-2023.csv","2006","C","20","283.32915130675","SEV","Grassland","Fertilization","Stock"
"SEV_aboveground_biomass_2004-2023.csv","2006","F","1","8.01133811825","SEV","Grassland","Fertilization","Stock"
"SEV_aboveground_biomass_2004-2023.csv","2006","C","2","12.17868108775","SEV","Grassland","Fertilization","Stock"
"SEV_aboveground_biomass_2004-2023.csv","2006","C","3","21.16740480075","SEV","Grassland","Fertilization","Stock"
"SEV_aboveground_biomass_2004-2023.csv","2006","F","4","12.59361558825","SEV","Grassland","Fertilization","Stock"
"SEV_aboveground_biomass_2004-2023.csv","2006","C","5","19.4186189785","SEV","Grassland","Fertilization","Stock"
"SEV_aboveground_biomass_2004-2023.csv","2006","F","6","25.1839668135","SEV","Grassland","Fertilization","Stock"
"SEV_aboveground_biomass_2004-2023.csv","2006","C","7","21.91422755325","SEV","Grassland","Fertilization","Stock"
"SEV_aboveground_biomass_2004-2023.csv","2006","F","8","4.1590335535","SEV","Grassland","Fertilization","Stock"
"SEV_aboveground_biomass_2004-2023.csv","2006","C","9","5.908969928","SEV","Grassland","Fertilization","Stock"
"SEV_aboveground_biomass_2004-2023.csv","2006","F","10","6.057793825","SEV","Grassland","Fertilization","Stock"
"SEV_aboveground_biomass_2004-2023.csv","2006","F","11","7.435273623","SEV","Grassland","Fertilization","Stock"
"SEV_aboveground_biomass_2004-2023.csv","2006","C","12","22.262011546","SEV","Grassland","Fertilization","Stock"
"SEV_aboveground_biomass_2004-2023.csv","2006","C","13","9.2777292815","SEV","Grassland","Fertilization","Stock"
"SEV_aboveground_biomass_2004-2023.csv","2006","F","14","13.730412563","SEV","Grassland","Fertilization","Stock"
"SEV_aboveground_biomass_2004-2023.csv","2006","C","15","21.65704935175","SEV","Grassland","Fertilization","Stock"
"SEV_aboveground_biomass_2004-2023.csv","2006","F","16","15.88101217175","SEV","Grassland","Fertilization","Stock"
"SEV_aboveground_biomass_2004-2023.csv","2006","F","17","24.2796845","SEV","Grassland","Fertilization","Stock"
"SEV_aboveground_biomass_2004-2023.csv","2006","C","18","19.69944496875","SEV","Grassland","Fertilization","Stock"
"SEV_aboveground_biomass_2004-2023.csv","2006","F","19","2.234211459","SEV","Grassland","Fertilization","Stock"
"SEV_aboveground_biomass_2004-2023.csv","2006","C","20","15.61728106125","SEV","Grassland","Fertilization","Stock"
"SEV_aboveground_biomass_2004-2023.csv","2007","F","1","153.34396534625","SEV","Grassland","Fertilization","Stock"
"SEV_aboveground_biomass_2004-2023.csv","2007","C","2","81.60795798925","SEV","Grassland","Fertilization","Stock"
"SEV_aboveground_biomass_2004-2023.csv","2007","C","3","131.113784195","SEV","Grassland","Fertilization","Stock"
"SEV_aboveground_biomass_2004-2023.csv","2007","F","4","139.49737895775","SEV","Grassland","Fertilization","Stock"
"SEV_aboveground_biomass_2004-2023.csv","2007","C","5","121.708725931","SEV","Grassland","Fertilization","Stock"
"SEV_aboveground_biomass_2004-2023.csv","2007","F","6","148.3649382625","SEV","Grassland","Fertilization","Stock"
"SEV_aboveground_biomass_2004-2023.csv","2007","C","7","126.59033739575","SEV","Grassland","Fertilization","Stock"
"SEV_aboveground_biomass_2004-2023.csv","2007","F","8","120.41211647425","SEV","Grassland","Fertilization","Stock"
"SEV_aboveground_biomass_2004-2023.csv","2007","C","9","70.65276796","SEV","Grassland","Fertilization","Stock"
"SEV_aboveground_biomass_2004-2023.csv","2007","F","10","72.89523668425","SEV","Grassland","Fertilization","Stock"
"SEV_aboveground_biomass_2004-2023.csv","2007","F","11","202.19290761625","SEV","Grassland","Fertilization","Stock"
"SEV_aboveground_biomass_2004-2023.csv","2007","C","12","111.76756640575","SEV","Grassland","Fertilization","Stock"
"SEV_aboveground_biomass_2004-2023.csv","2007","C","13","110.06051350125","SEV","Grassland","Fertilization","Stock"
"SEV_aboveground_biomass_2004-2023.csv","2007","F","14","148.86190147725","SEV","Grassland","Fertilization","Stock"
"SEV_aboveground_biomass_2004-2023.csv","2007","C","15","102.28830586","SEV","Grassland","Fertilization","Stock"
"SEV_aboveground_biomass_2004-2023.csv","2007","F","16","248.20870515","SEV","Grassland","Fertilization","Stock"
"SEV_aboveground_biomass_2004-2023.csv","2007","F","17","197.4498910125","SEV","Grassland","Fertilization","Stock"
"SEV_aboveground_biomass_2004-2023.csv","2007","C","18","169.913444522","SEV","Grassland","Fertilization","Stock"
"SEV_aboveground_biomass_2004-2023.csv","2007","F","19","75.34750653375","SEV","Grassland","Fertilization","Stock"
"SEV_aboveground_biomass_2004-2023.csv","2007","C","20","116.240241102","SEV","Grassland","Fertilization","Stock"
"SEV_aboveground_biomass_2004-2023.csv","2007","F","1","170.442117712","SEV","Grassland","Fertilization","Stock"
"SEV_aboveground_biomass_2004-2023.csv","2007","C","2","49.855372645","SEV","Grassland","Fertilization","Stock"
"SEV_aboveground_biomass_2004-2023.csv","2007","C","3","73.34325894475","SEV","Grassland","Fertilization","Stock"
"SEV_aboveground_biomass_2004-2023.csv","2007","F","4","121.0303215845","SEV","Grassland","Fertilization","Stock"
"SEV_aboveground_biomass_2004-2023.csv","2007","C","5","83.98645092975","SEV","Grassland","Fertilization","Stock"
"SEV_aboveground_biomass_2004-2023.csv","2007","F","6","159.0734260545","SEV","Grassland","Fertilization","Stock"
"SEV_aboveground_biomass_2004-2023.csv","2007","C","7","97.165601435","SEV","Grassland","Fertilization","Stock"
"SEV_aboveground_biomass_2004-2023.csv","2007","F","8","74.4275305185","SEV","Grassland","Fertilization","Stock"
"SEV_aboveground_biomass_2004-2023.csv","2007","C","9","76.489287633","SEV","Grassland","Fertilization","Stock"
"SEV_aboveground_biomass_2004-2023.csv","2007","F","10","77.05711828125","SEV","Grassland","Fertilization","Stock"
"SEV_aboveground_biomass_2004-2023.csv","2007","F","11","140.306752807","SEV","Grassland","Fertilization","Stock"
"SEV_aboveground_biomass_2004-2023.csv","2007","C","12","106.61293202375","SEV","Grassland","Fertilization","Stock"
"SEV_aboveground_biomass_2004-2023.csv","2007","C","13","78.15428204375","SEV","Grassland","Fertilization","Stock"
"SEV_aboveground_biomass_2004-2023.csv","2007","F","14","97.8706843285","SEV","Grassland","Fertilization","Stock"
"SEV_aboveground_biomass_2004-2023.csv","2007","C","15","89.81938015875","SEV","Grassland","Fertilization","Stock"
"SEV_aboveground_biomass_2004-2023.csv","2007","F","16","93.6487643975","SEV","Grassland","Fertilization","Stock"
"SEV_aboveground_biomass_2004-2023.csv","2007","F","17","156.63047336925","SEV","Grassland","Fertilization","Stock"
"SEV_aboveground_biomass_2004-2023.csv","2007","C","18","117.6235524225","SEV","Grassland","Fertilization","Stock"
"SEV_aboveground_biomass_2004-2023.csv","2007","F","19","56.39668687725","SEV","Grassland","Fertilization","Stock"
"SEV_aboveground_biomass_2004-2023.csv","2007","C","20","82.437418157","SEV","Grassland","Fertilization","Stock"
"SEV_aboveground_biomass_2004-2023.csv","2008","F","1","65.84701028675","SEV","Grassland","Fertilization","Stock"
"SEV_aboveground_biomass_2004-2023.csv","2008","C","2","64.97884629","SEV","Grassland","Fertilization","Stock"
"SEV_aboveground_biomass_2004-2023.csv","2008","C","3","82.10633482","SEV","Grassland","Fertilization","Stock"
"SEV_aboveground_biomass_2004-2023.csv","2008","F","4","58.65768844825","SEV","Grassland","Fertilization","Stock"
"SEV_aboveground_biomass_2004-2023.csv","2008","C","5","41.2770977895","SEV","Grassland","Fertilization","Stock"
"SEV_aboveground_biomass_2004-2023.csv","2008","F","6","124.7623133315","SEV","Grassland","Fertilization","Stock"
"SEV_aboveground_biomass_2004-2023.csv","2008","C","7","40.802662125","SEV","Grassland","Fertilization","Stock"
"SEV_aboveground_biomass_2004-2023.csv","2008","F","8","103.13177247725","SEV","Grassland","Fertilization","Stock"
"SEV_aboveground_biomass_2004-2023.csv","2008","C","9","182.943331046","SEV","Grassland","Fertilization","Stock"
"SEV_aboveground_biomass_2004-2023.csv","2008","F","10","94.31494297","SEV","Grassland","Fertilization","Stock"
"SEV_aboveground_biomass_2004-2023.csv","2008","F","11","181.87836933225","SEV","Grassland","Fertilization","Stock"
"SEV_aboveground_biomass_2004-2023.csv","2008","C","12","130.11595514","SEV","Grassland","Fertilization","Stock"
"SEV_aboveground_biomass_2004-2023.csv","2008","C","13","75.65247843","SEV","Grassland","Fertilization","Stock"
"SEV_aboveground_biomass_2004-2023.csv","2008","F","14","42.95253984525","SEV","Grassland","Fertilization","Stock"
"SEV_aboveground_biomass_2004-2023.csv","2008","C","15","52.85092686575","SEV","Grassland","Fertilization","Stock"
"SEV_aboveground_biomass_2004-2023.csv","2008","F","16","111.88388497825","SEV","Grassland","Fertilization","Stock"
"SEV_aboveground_biomass_2004-2023.csv","2008","F","17","85.58417272425","SEV","Grassland","Fertilization","Stock"
"SEV_aboveground_biomass_2004-2023.csv","2008","C","18","47.973542615","SEV","Grassland","Fertilization","Stock"
"SEV_aboveground_biomass_2004-2023.csv","2008","F","19","155.26258913125","SEV","Grassland","Fertilization","Stock"
"SEV_aboveground_biomass_2004-2023.csv","2008","C","20","66.1064676785","SEV","Grassland","Fertilization","Stock"
"SEV_aboveground_biomass_2004-2023.csv","2008","F","1","33.4627547675","SEV","Grassland","Fertilization","Stock"
"SEV_aboveground_biomass_2004-2023.csv","2008","C","2","18.7145133775","SEV","Grassland","Fertilization","Stock"
"SEV_aboveground_biomass_2004-2023.csv","2008","C","3","28.3137273315","SEV","Grassland","Fertilization","Stock"
"SEV_aboveground_biomass_2004-2023.csv","2008","F","4","47.49254895325","SEV","Grassland","Fertilization","Stock"
"SEV_aboveground_biomass_2004-2023.csv","2008","C","5","21.3633174485","SEV","Grassland","Fertilization","Stock"
"SEV_aboveground_biomass_2004-2023.csv","2008","F","6","46.97839744575","SEV","Grassland","Fertilization","Stock"
"SEV_aboveground_biomass_2004-2023.csv","2008","C","7","21.1269370235","SEV","Grassland","Fertilization","Stock"
"SEV_aboveground_biomass_2004-2023.csv","2008","F","8","6.196132586","SEV","Grassland","Fertilization","Stock"
"SEV_aboveground_biomass_2004-2023.csv","2008","C","9","7.940111057","SEV","Grassland","Fertilization","Stock"
"SEV_aboveground_biomass_2004-2023.csv","2008","F","10","6.49714312025","SEV","Grassland","Fertilization","Stock"
"SEV_aboveground_biomass_2004-2023.csv","2008","F","11","21.87124633575","SEV","Grassland","Fertilization","Stock"
"SEV_aboveground_biomass_2004-2023.csv","2008","C","12","46.95175988475","SEV","Grassland","Fertilization","Stock"
"SEV_aboveground_biomass_2004-2023.csv","2008","C","13","17.454880028","SEV","Grassland","Fertilization","Stock"
"SEV_aboveground_biomass_2004-2023.csv","2008","F","14","16.88567951625","SEV","Grassland","Fertilization","Stock"
"SEV_aboveground_biomass_2004-2023.csv","2008","C","15","30.26248701225","SEV","Grassland","Fertilization","Stock"
"SEV_aboveground_biomass_2004-2023.csv","2008","F","16","49.2724888075","SEV","Grassland","Fertilization","Stock"
"SEV_aboveground_biomass_2004-2023.csv","2008","F","17","33.37676657175","SEV","Grassland","Fertilization","Stock"
"SEV_aboveground_biomass_2004-2023.csv","2008","C","18","27.40565757","SEV","Grassland","Fertilization","Stock"
"SEV_aboveground_biomass_2004-2023.csv","2008","F","19","3.55055598775","SEV","Grassland","Fertilization","Stock"
"SEV_aboveground_biomass_2004-2023.csv","2008","C","20","30.0726815875","SEV","Grassland","Fertilization","Stock"
"SEV_aboveground_biomass_2004-2023.csv","2009","F","1","71.14146192625","SEV","Grassland","Fertilization","Stock"
"SEV_aboveground_biomass_2004-2023.csv","2009","C","2","50.00443500675","SEV","Grassland","Fertilization","Stock"
"SEV_aboveground_biomass_2004-2023.csv","2009","C","3","51.700291825","SEV","Grassland","Fertilization","Stock"
"SEV_aboveground_biomass_2004-2023.csv","2009","F","4","77.7442622305","SEV","Grassland","Fertilization","Stock"
"SEV_aboveground_biomass_2004-2023.csv","2009","C","5","46.80895664175","SEV","Grassland","Fertilization","Stock"
"SEV_aboveground_biomass_2004-2023.csv","2009","F","6","62.94730738925","SEV","Grassland","Fertilization","Stock"
"SEV_aboveground_biomass_2004-2023.csv","2009","C","7","52.9591642445","SEV","Grassland","Fertilization","Stock"
"SEV_aboveground_biomass_2004-2023.csv","2009","F","8","61.5273849205","SEV","Grassland","Fertilization","Stock"
"SEV_aboveground_biomass_2004-2023.csv","2009","C","9","41.782234517","SEV","Grassland","Fertilization","Stock"
"SEV_aboveground_biomass_2004-2023.csv","2009","F","10","44.22077551225","SEV","Grassland","Fertilization","Stock"
"SEV_aboveground_biomass_2004-2023.csv","2009","F","11","63.61714127075","SEV","Grassland","Fertilization","Stock"
"SEV_aboveground_biomass_2004-2023.csv","2009","C","12","72.65187321","SEV","Grassland","Fertilization","Stock"
"SEV_aboveground_biomass_2004-2023.csv","2009","C","13","43.24033281925","SEV","Grassland","Fertilization","Stock"
"SEV_aboveground_biomass_2004-2023.csv","2009","F","14","54.904090795","SEV","Grassland","Fertilization","Stock"
"SEV_aboveground_biomass_2004-2023.csv","2009","C","15","55.902739258","SEV","Grassland","Fertilization","Stock"
"SEV_aboveground_biomass_2004-2023.csv","2009","F","16","88.8984379025","SEV","Grassland","Fertilization","Stock"
"SEV_aboveground_biomass_2004-2023.csv","2009","F","17","98.5373661775","SEV","Grassland","Fertilization","Stock"
"SEV_aboveground_biomass_2004-2023.csv","2009","C","18","61.66485951425","SEV","Grassland","Fertilization","Stock"
"SEV_aboveground_biomass_2004-2023.csv","2009","F","19","38.4730862535","SEV","Grassland","Fertilization","Stock"
"SEV_aboveground_biomass_2004-2023.csv","2009","C","20","58.71172463375","SEV","Grassland","Fertilization","Stock"
"SEV_aboveground_biomass_2004-2023.csv","2009","F","1","45.50865012725","SEV","Grassland","Fertilization","Stock"
"SEV_aboveground_biomass_2004-2023.csv","2009","C","2","24.9197276575","SEV","Grassland","Fertilization","Stock"
"SEV_aboveground_biomass_2004-2023.csv","2009","C","3","37.16210204225","SEV","Grassland","Fertilization","Stock"
"SEV_aboveground_biomass_2004-2023.csv","2009","F","4","43.04912247275","SEV","Grassland","Fertilization","Stock"
"SEV_aboveground_biomass_2004-2023.csv","2009","C","5","31.18608292225","SEV","Grassland","Fertilization","Stock"
"SEV_aboveground_biomass_2004-2023.csv","2009","F","6","41.95262776025","SEV","Grassland","Fertilization","Stock"
"SEV_aboveground_biomass_2004-2023.csv","2009","C","7","35.363715827","SEV","Grassland","Fertilization","Stock"
"SEV_aboveground_biomass_2004-2023.csv","2009","F","8","16.8032832855","SEV","Grassland","Fertilization","Stock"
"SEV_aboveground_biomass_2004-2023.csv","2009","C","9","22.86476219875","SEV","Grassland","Fertilization","Stock"
"SEV_aboveground_biomass_2004-2023.csv","2009","F","10","22.8983793805","SEV","Grassland","Fertilization","Stock"
"SEV_aboveground_biomass_2004-2023.csv","2009","F","11","47.52233452","SEV","Grassland","Fertilization","Stock"
"SEV_aboveground_biomass_2004-2023.csv","2009","C","12","50.6516793145","SEV","Grassland","Fertilization","Stock"
"SEV_aboveground_biomass_2004-2023.csv","2009","C","13","38.27868050625","SEV","Grassland","Fertilization","Stock"
"SEV_aboveground_biomass_2004-2023.csv","2009","F","14","32.29604533825","SEV","Grassland","Fertilization","Stock"
"SEV_aboveground_biomass_2004-2023.csv","2009","C","15","48.3817806215","SEV","Grassland","Fertilization","Stock"
"SEV_aboveground_biomass_2004-2023.csv","2009","F","16","66.38561084","SEV","Grassland","Fertilization","Stock"
"SEV_aboveground_biomass_2004-2023.csv","2009","F","17","49.61416794","SEV","Grassland","Fertilization","Stock"
"SEV_aboveground_biomass_2004-2023.csv","2009","C","18","39.6108068755","SEV","Grassland","Fertilization","Stock"
"SEV_aboveground_biomass_2004-2023.csv","2009","F","19","20.7971963355","SEV","Grassland","Fertilization","Stock"
"SEV_aboveground_biomass_2004-2023.csv","2009","C","20","22.90769942025","SEV","Grassland","Fertilization","Stock"
"SEV_aboveground_biomass_2004-2023.csv","2010","F","1","69.90024404475","SEV","Grassland","Fertilization","Stock"
"SEV_aboveground_biomass_2004-2023.csv","2010","C","2","51.8521020975","SEV","Grassland","Fertilization","Stock"
"SEV_aboveground_biomass_2004-2023.csv","2010","C","3","71.4384748875","SEV","Grassland","Fertilization","Stock"
"SEV_aboveground_biomass_2004-2023.csv","2010","F","4","92.89766954525","SEV","Grassland","Fertilization","Stock"
"SEV_aboveground_biomass_2004-2023.csv","2010","C","5","103.05892414075","SEV","Grassland","Fertilization","Stock"
"SEV_aboveground_biomass_2004-2023.csv","2010","F","6","122.48144911325","SEV","Grassland","Fertilization","Stock"
"SEV_aboveground_biomass_2004-2023.csv","2010","C","7","96.6572801","SEV","Grassland","Fertilization","Stock"
"SEV_aboveground_biomass_2004-2023.csv","2010","F","8","112.06447553875","SEV","Grassland","Fertilization","Stock"
"SEV_aboveground_biomass_2004-2023.csv","2010","C","9","91.47145490375","SEV","Grassland","Fertilization","Stock"
"SEV_aboveground_biomass_2004-2023.csv","2010","F","10","103.5268174765","SEV","Grassland","Fertilization","Stock"
"SEV_aboveground_biomass_2004-2023.csv","2010","F","11","127.4544388875","SEV","Grassland","Fertilization","Stock"
"SEV_aboveground_biomass_2004-2023.csv","2010","C","12","116.817242671","SEV","Grassland","Fertilization","Stock"
"SEV_aboveground_biomass_2004-2023.csv","2010","C","13","51.04042012775","SEV","Grassland","Fertilization","Stock"
"SEV_aboveground_biomass_2004-2023.csv","2010","F","14","101.30056492","SEV","Grassland","Fertilization","Stock"
"SEV_aboveground_biomass_2004-2023.csv","2010","C","15","69.9586840595","SEV","Grassland","Fertilization","Stock"
"SEV_aboveground_biomass_2004-2023.csv","2010","F","16","96.9660778825","SEV","Grassland","Fertilization","Stock"
"SEV_aboveground_biomass_2004-2023.csv","2010","F","17","199.0195598355","SEV","Grassland","Fertilization","Stock"
"SEV_aboveground_biomass_2004-2023.csv","2010","C","18","82.47585703375","SEV","Grassland","Fertilization","Stock"
"SEV_aboveground_biomass_2004-2023.csv","2010","F","19","105.07649451575","SEV","Grassland","Fertilization","Stock"
"SEV_aboveground_biomass_2004-2023.csv","2010","C","20","103.706162615","SEV","Grassland","Fertilization","Stock"
"SEV_aboveground_biomass_2004-2023.csv","2010","F","1","79.001664265","SEV","Grassland","Fertilization","Stock"
"SEV_aboveground_biomass_2004-2023.csv","2010","C","2","64.84916852925","SEV","Grassland","Fertilization","Stock"
"SEV_aboveground_biomass_2004-2023.csv","2010","C","3","46.37231293375","SEV","Grassland","Fertilization","Stock"
"SEV_aboveground_biomass_2004-2023.csv","2010","F","4","129.05170911375","SEV","Grassland","Fertilization","Stock"
"SEV_aboveground_biomass_2004-2023.csv","2010","C","5","37.31384233675","SEV","Grassland","Fertilization","Stock"
"SEV_aboveground_biomass_2004-2023.csv","2010","F","6","99.95464148925","SEV","Grassland","Fertilization","Stock"
"SEV_aboveground_biomass_2004-2023.csv","2010","C","7","54.47253789925","SEV","Grassland","Fertilization","Stock"
"SEV_aboveground_biomass_2004-2023.csv","2010","F","8","65.44304519175","SEV","Grassland","Fertilization","Stock"
"SEV_aboveground_biomass_2004-2023.csv","2010","C","9","60.8789530545","SEV","Grassland","Fertilization","Stock"
"SEV_aboveground_biomass_2004-2023.csv","2010","F","10","75.1279308025","SEV","Grassland","Fertilization","Stock"
"SEV_aboveground_biomass_2004-2023.csv","2010","F","11","102.721730726","SEV","Grassland","Fertilization","Stock"
"SEV_aboveground_biomass_2004-2023.csv","2010","C","12","92.00308082975","SEV","Grassland","Fertilization","Stock"
"SEV_aboveground_biomass_2004-2023.csv","2010","C","13","49.57106038025","SEV","Grassland","Fertilization","Stock"
"SEV_aboveground_biomass_2004-2023.csv","2010","F","14","71.57781829875","SEV","Grassland","Fertilization","Stock"
"SEV_aboveground_biomass_2004-2023.csv","2010","C","15","48.2047966785","SEV","Grassland","Fertilization","Stock"
"SEV_aboveground_biomass_2004-2023.csv","2010","F","16","112.0881726525","SEV","Grassland","Fertilization","Stock"
"SEV_aboveground_biomass_2004-2023.csv","2010","F","17","66.614211924","SEV","Grassland","Fertilization","Stock"
"SEV_aboveground_biomass_2004-2023.csv","2010","C","18","38.932624137","SEV","Grassland","Fertilization","Stock"
"SEV_aboveground_biomass_2004-2023.csv","2010","F","19","56.466593654","SEV","Grassland","Fertilization","Stock"
"SEV_aboveground_biomass_2004-2023.csv","2010","C","20","54.54306753575","SEV","Grassland","Fertilization","Stock"
"SEV_aboveground_biomass_2004-2023.csv","2011","F","1","9.90393720075","SEV","Grassland","Fertilization","Stock"
"SEV_aboveground_biomass_2004-2023.csv","2011","C","2","12.546924537","SEV","Grassland","Fertilization","Stock"
"SEV_aboveground_biomass_2004-2023.csv","2011","C","3","13.031781671","SEV","Grassland","Fertilization","Stock"
"SEV_aboveground_biomass_2004-2023.csv","2011","F","4","14.42407778125","SEV","Grassland","Fertilization","Stock"
"SEV_aboveground_biomass_2004-2023.csv","2011","C","5","14.58075114725","SEV","Grassland","Fertilization","Stock"
"SEV_aboveground_biomass_2004-2023.csv","2011","F","6","17.189269055","SEV","Grassland","Fertilization","Stock"
"SEV_aboveground_biomass_2004-2023.csv","2011","C","7","12.57824212125","SEV","Grassland","Fertilization","Stock"
"SEV_aboveground_biomass_2004-2023.csv","2011","F","8","18.992283152","SEV","Grassland","Fertilization","Stock"
"SEV_aboveground_biomass_2004-2023.csv","2011","C","9","18.20175528775","SEV","Grassland","Fertilization","Stock"
"SEV_aboveground_biomass_2004-2023.csv","2011","F","10","17.16621995825","SEV","Grassland","Fertilization","Stock"
"SEV_aboveground_biomass_2004-2023.csv","2011","F","11","30.6053985245","SEV","Grassland","Fertilization","Stock"
"SEV_aboveground_biomass_2004-2023.csv","2011","C","12","63.886437209","SEV","Grassland","Fertilization","Stock"
"SEV_aboveground_biomass_2004-2023.csv","2011","C","13","6.613991345","SEV","Grassland","Fertilization","Stock"
"SEV_aboveground_biomass_2004-2023.csv","2011","F","14","11.65658767675","SEV","Grassland","Fertilization","Stock"
"SEV_aboveground_biomass_2004-2023.csv","2011","C","15","5.43901771875","SEV","Grassland","Fertilization","Stock"
"SEV_aboveground_biomass_2004-2023.csv","2011","F","16","3.26659238375","SEV","Grassland","Fertilization","Stock"
"SEV_aboveground_biomass_2004-2023.csv","2011","F","17","2.54328332725","SEV","Grassland","Fertilization","Stock"
"SEV_aboveground_biomass_2004-2023.csv","2011","C","18","4.60603854725","SEV","Grassland","Fertilization","Stock"
"SEV_aboveground_biomass_2004-2023.csv","2011","F","19","10.5045694485","SEV","Grassland","Fertilization","Stock"
"SEV_aboveground_biomass_2004-2023.csv","2011","C","20","13.37607719125","SEV","Grassland","Fertilization","Stock"
"SEV_aboveground_biomass_2004-2023.csv","2011","F","1","38.51082637475","SEV","Grassland","Fertilization","Stock"
"SEV_aboveground_biomass_2004-2023.csv","2011","C","2","27.072297835","SEV","Grassland","Fertilization","Stock"
"SEV_aboveground_biomass_2004-2023.csv","2011","C","3","40.8340630565","SEV","Grassland","Fertilization","Stock"
"SEV_aboveground_biomass_2004-2023.csv","2011","F","4","35.4638658885","SEV","Grassland","Fertilization","Stock"
"SEV_aboveground_biomass_2004-2023.csv","2011","C","5","45.80104401","SEV","Grassland","Fertilization","Stock"
"SEV_aboveground_biomass_2004-2023.csv","2011","F","6","61.00144159575","SEV","Grassland","Fertilization","Stock"
"SEV_aboveground_biomass_2004-2023.csv","2011","C","7","33.734289637","SEV","Grassland","Fertilization","Stock"
"SEV_aboveground_biomass_2004-2023.csv","2011","F","8","58.832295742","SEV","Grassland","Fertilization","Stock"
"SEV_aboveground_biomass_2004-2023.csv","2011","C","9","41.118017487","SEV","Grassland","Fertilization","Stock"
"SEV_aboveground_biomass_2004-2023.csv","2011","F","10","27.52207523925","SEV","Grassland","Fertilization","Stock"
"SEV_aboveground_biomass_2004-2023.csv","2011","F","11","55.47454456125","SEV","Grassland","Fertilization","Stock"
"SEV_aboveground_biomass_2004-2023.csv","2011","C","12","67.04523251","SEV","Grassland","Fertilization","Stock"
"SEV_aboveground_biomass_2004-2023.csv","2011","C","13","17.43692697775","SEV","Grassland","Fertilization","Stock"
"SEV_aboveground_biomass_2004-2023.csv","2011","F","14","38.46052822125","SEV","Grassland","Fertilization","Stock"
"SEV_aboveground_biomass_2004-2023.csv","2011","C","15","49.9114089305","SEV","Grassland","Fertilization","Stock"
"SEV_aboveground_biomass_2004-2023.csv","2011","F","16","37.1750056375","SEV","Grassland","Fertilization","Stock"
"SEV_aboveground_biomass_2004-2023.csv","2011","F","17","45.29815665225","SEV","Grassland","Fertilization","Stock"
"SEV_aboveground_biomass_2004-2023.csv","2011","C","18","37.4873407615","SEV","Grassland","Fertilization","Stock"
"SEV_aboveground_biomass_2004-2023.csv","2011","F","19","31.03868181475","SEV","Grassland","Fertilization","Stock"
"SEV_aboveground_biomass_2004-2023.csv","2011","C","20","25.20176605875","SEV","Grassland","Fertilization","Stock"
"SEV_aboveground_biomass_2004-2023.csv","2012","F","1","101.0171483505","SEV","Grassland","Fertilization","Stock"
"SEV_aboveground_biomass_2004-2023.csv","2012","C","2","55.501060571","SEV","Grassland","Fertilization","Stock"
"SEV_aboveground_biomass_2004-2023.csv","2012","C","3","91.12942771225","SEV","Grassland","Fertilization","Stock"
"SEV_aboveground_biomass_2004-2023.csv","2012","F","4","139.413967589","SEV","Grassland","Fertilization","Stock"
"SEV_aboveground_biomass_2004-2023.csv","2012","C","5","94.78352414625","SEV","Grassland","Fertilization","Stock"
"SEV_aboveground_biomass_2004-2023.csv","2012","F","6","86.32246062525","SEV","Grassland","Fertilization","Stock"
"SEV_aboveground_biomass_2004-2023.csv","2012","C","7","53.7678635475","SEV","Grassland","Fertilization","Stock"
"SEV_aboveground_biomass_2004-2023.csv","2012","F","8","66.2123765245","SEV","Grassland","Fertilization","Stock"
"SEV_aboveground_biomass_2004-2023.csv","2012","C","9","75.99958513975","SEV","Grassland","Fertilization","Stock"
"SEV_aboveground_biomass_2004-2023.csv","2012","F","10","107.1059484715","SEV","Grassland","Fertilization","Stock"
"SEV_aboveground_biomass_2004-2023.csv","2012","F","11","117.88146679575","SEV","Grassland","Fertilization","Stock"
"SEV_aboveground_biomass_2004-2023.csv","2012","C","12","98.006095443","SEV","Grassland","Fertilization","Stock"
"SEV_aboveground_biomass_2004-2023.csv","2012","C","13","58.38708801525","SEV","Grassland","Fertilization","Stock"
"SEV_aboveground_biomass_2004-2023.csv","2012","F","14","63.0353671255","SEV","Grassland","Fertilization","Stock"
"SEV_aboveground_biomass_2004-2023.csv","2012","C","15","40.8489816015","SEV","Grassland","Fertilization","Stock"
"SEV_aboveground_biomass_2004-2023.csv","2012","F","16","101.232559007","SEV","Grassland","Fertilization","Stock"
"SEV_aboveground_biomass_2004-2023.csv","2012","F","17","91.1403231905","SEV","Grassland","Fertilization","Stock"
"SEV_aboveground_biomass_2004-2023.csv","2012","C","18","38.75431029775","SEV","Grassland","Fertilization","Stock"
"SEV_aboveground_biomass_2004-2023.csv","2012","F","19","107.72025153975","SEV","Grassland","Fertilization","Stock"
"SEV_aboveground_biomass_2004-2023.csv","2012","C","20","68.73133128375","SEV","Grassland","Fertilization","Stock"
"SEV_aboveground_biomass_2004-2023.csv","2012","F","1","24.26591638675","SEV","Grassland","Fertilization","Stock"
"SEV_aboveground_biomass_2004-2023.csv","2012","C","2","15.86653275475","SEV","Grassland","Fertilization","Stock"
"SEV_aboveground_biomass_2004-2023.csv","2012","C","3","14.21738840675","SEV","Grassland","Fertilization","Stock"
"SEV_aboveground_biomass_2004-2023.csv","2012","F","4","17.527779987","SEV","Grassland","Fertilization","Stock"
"SEV_aboveground_biomass_2004-2023.csv","2012","C","5","21.30774317375","SEV","Grassland","Fertilization","Stock"
"SEV_aboveground_biomass_2004-2023.csv","2012","F","6","14.758186173","SEV","Grassland","Fertilization","Stock"
"SEV_aboveground_biomass_2004-2023.csv","2012","C","7","20.856408615","SEV","Grassland","Fertilization","Stock"
"SEV_aboveground_biomass_2004-2023.csv","2012","F","8","14.1799930305","SEV","Grassland","Fertilization","Stock"
"SEV_aboveground_biomass_2004-2023.csv","2012","C","9","37.401669","SEV","Grassland","Fertilization","Stock"
"SEV_aboveground_biomass_2004-2023.csv","2012","F","10","17.9835548855","SEV","Grassland","Fertilization","Stock"
"SEV_aboveground_biomass_2004-2023.csv","2012","F","11","12.98674071875","SEV","Grassland","Fertilization","Stock"
"SEV_aboveground_biomass_2004-2023.csv","2012","C","12","76.8341500625","SEV","Grassland","Fertilization","Stock"
"SEV_aboveground_biomass_2004-2023.csv","2012","C","13","16.63639564875","SEV","Grassland","Fertilization","Stock"
"SEV_aboveground_biomass_2004-2023.csv","2012","F","14","18.40314842375","SEV","Grassland","Fertilization","Stock"
"SEV_aboveground_biomass_2004-2023.csv","2012","C","15","27.593451973","SEV","Grassland","Fertilization","Stock"
"SEV_aboveground_biomass_2004-2023.csv","2012","F","16","13.71710638725","SEV","Grassland","Fertilization","Stock"
"SEV_aboveground_biomass_2004-2023.csv","2012","F","17","33.50935930025","SEV","Grassland","Fertilization","Stock"
"SEV_aboveground_biomass_2004-2023.csv","2012","C","18","9.3252503125","SEV","Grassland","Fertilization","Stock"
"SEV_aboveground_biomass_2004-2023.csv","2012","F","19","3.82101335475","SEV","Grassland","Fertilization","Stock"
"SEV_aboveground_biomass_2004-2023.csv","2012","C","20","21.8501389375","SEV","Grassland","Fertilization","Stock"
"SEV_aboveground_biomass_2004-2023.csv","2013","F","1","139.45752844725","SEV","Grassland","Fertilization","Stock"
"SEV_aboveground_biomass_2004-2023.csv","2013","C","2","193.59347128475","SEV","Grassland","Fertilization","Stock"
"SEV_aboveground_biomass_2004-2023.csv","2013","C","3","101.208963517","SEV","Grassland","Fertilization","Stock"
"SEV_aboveground_biomass_2004-2023.csv","2013","F","4","249.15117324425","SEV","Grassland","Fertilization","Stock"
"SEV_aboveground_biomass_2004-2023.csv","2013","C","5","169.4621455695","SEV","Grassland","Fertilization","Stock"
"SEV_aboveground_biomass_2004-2023.csv","2013","F","6","218.5654676775","SEV","Grassland","Fertilization","Stock"
"SEV_aboveground_biomass_2004-2023.csv","2013","C","7","156.3929608675","SEV","Grassland","Fertilization","Stock"
"SEV_aboveground_biomass_2004-2023.csv","2013","F","8","227.48704531175","SEV","Grassland","Fertilization","Stock"
"SEV_aboveground_biomass_2004-2023.csv","2013","C","9","170.44524727375","SEV","Grassland","Fertilization","Stock"
"SEV_aboveground_biomass_2004-2023.csv","2013","F","10","275.64325261125","SEV","Grassland","Fertilization","Stock"
"SEV_aboveground_biomass_2004-2023.csv","2013","F","11","154.46469006875","SEV","Grassland","Fertilization","Stock"
"SEV_aboveground_biomass_2004-2023.csv","2013","C","12","223.2102233315","SEV","Grassland","Fertilization","Stock"
"SEV_aboveground_biomass_2004-2023.csv","2013","C","13","157.29857222975","SEV","Grassland","Fertilization","Stock"
"SEV_aboveground_biomass_2004-2023.csv","2013","F","14","189.89653818575","SEV","Grassland","Fertilization","Stock"
"SEV_aboveground_biomass_2004-2023.csv","2013","C","15","199.7611011395","SEV","Grassland","Fertilization","Stock"
"SEV_aboveground_biomass_2004-2023.csv","2013","F","16","160.49734391375","SEV","Grassland","Fertilization","Stock"
"SEV_aboveground_biomass_2004-2023.csv","2013","F","17","204.8355071805","SEV","Grassland","Fertilization","Stock"
"SEV_aboveground_biomass_2004-2023.csv","2013","C","18","174.6157124505","SEV","Grassland","Fertilization","Stock"
"SEV_aboveground_biomass_2004-2023.csv","2013","F","19","207.96726612825","SEV","Grassland","Fertilization","Stock"
"SEV_aboveground_biomass_2004-2023.csv","2013","C","20","305.32249994725","SEV","Grassland","Fertilization","Stock"
"SEV_aboveground_biomass_2004-2023.csv","2013","F","1","5.9365001805","SEV","Grassland","Fertilization","Stock"
"SEV_aboveground_biomass_2004-2023.csv","2013","C","2","3.752398173","SEV","Grassland","Fertilization","Stock"
"SEV_aboveground_biomass_2004-2023.csv","2013","C","3","4.06795811725","SEV","Grassland","Fertilization","Stock"
"SEV_aboveground_biomass_2004-2023.csv","2013","F","4","6.67496356025","SEV","Grassland","Fertilization","Stock"
"SEV_aboveground_biomass_2004-2023.csv","2013","C","5","4.715076556","SEV","Grassland","Fertilization","Stock"
"SEV_aboveground_biomass_2004-2023.csv","2013","F","6","13.75786658075","SEV","Grassland","Fertilization","Stock"
"SEV_aboveground_biomass_2004-2023.csv","2013","C","7","8.4049625","SEV","Grassland","Fertilization","Stock"
"SEV_aboveground_biomass_2004-2023.csv","2013","F","8","4.256157733","SEV","Grassland","Fertilization","Stock"
"SEV_aboveground_biomass_2004-2023.csv","2013","C","9","7.63049988175","SEV","Grassland","Fertilization","Stock"
"SEV_aboveground_biomass_2004-2023.csv","2013","F","10","15.6005125","SEV","Grassland","Fertilization","Stock"
"SEV_aboveground_biomass_2004-2023.csv","2013","F","11","9.3046800195","SEV","Grassland","Fertilization","Stock"
"SEV_aboveground_biomass_2004-2023.csv","2013","C","12","55.96975738175","SEV","Grassland","Fertilization","Stock"
"SEV_aboveground_biomass_2004-2023.csv","2013","C","13","7.76506051425","SEV","Grassland","Fertilization","Stock"
"SEV_aboveground_biomass_2004-2023.csv","2013","F","14","6.044675","SEV","Grassland","Fertilization","Stock"
"SEV_aboveground_biomass_2004-2023.csv","2013","C","15","9.0640266395","SEV","Grassland","Fertilization","Stock"
"SEV_aboveground_biomass_2004-2023.csv","2013","F","16","8.59975712575","SEV","Grassland","Fertilization","Stock"
"SEV_aboveground_biomass_2004-2023.csv","2013","F","17","4.21562157475","SEV","Grassland","Fertilization","Stock"
"SEV_aboveground_biomass_2004-2023.csv","2013","C","18","11.841196","SEV","Grassland","Fertilization","Stock"
"SEV_aboveground_biomass_2004-2023.csv","2013","F","19","3.36904741175","SEV","Grassland","Fertilization","Stock"
"SEV_aboveground_biomass_2004-2023.csv","2013","C","20","15.84973674875","SEV","Grassland","Fertilization","Stock"
"SEV_aboveground_biomass_2004-2023.csv","2014","F","1","219.6765327225","SEV","Grassland","Fertilization","Stock"
"SEV_aboveground_biomass_2004-2023.csv","2014","C","2","68.4896122975","SEV","Grassland","Fertilization","Stock"
"SEV_aboveground_biomass_2004-2023.csv","2014","C","3","88.6121376845","SEV","Grassland","Fertilization","Stock"
"SEV_aboveground_biomass_2004-2023.csv","2014","F","4","224.3888452875","SEV","Grassland","Fertilization","Stock"
"SEV_aboveground_biomass_2004-2023.csv","2014","C","5","104.8217437575","SEV","Grassland","Fertilization","Stock"
"SEV_aboveground_biomass_2004-2023.csv","2014","F","6","254.668298449","SEV","Grassland","Fertilization","Stock"
"SEV_aboveground_biomass_2004-2023.csv","2014","C","7","204.00445178575","SEV","Grassland","Fertilization","Stock"
"SEV_aboveground_biomass_2004-2023.csv","2014","F","8","158.1316212025","SEV","Grassland","Fertilization","Stock"
"SEV_aboveground_biomass_2004-2023.csv","2014","C","9","105.02163486325","SEV","Grassland","Fertilization","Stock"
"SEV_aboveground_biomass_2004-2023.csv","2014","F","10","243.346599215","SEV","Grassland","Fertilization","Stock"
"SEV_aboveground_biomass_2004-2023.csv","2014","F","11","251.692745805","SEV","Grassland","Fertilization","Stock"
"SEV_aboveground_biomass_2004-2023.csv","2014","C","12","166.26752419175","SEV","Grassland","Fertilization","Stock"
"SEV_aboveground_biomass_2004-2023.csv","2014","C","13","101.85003411","SEV","Grassland","Fertilization","Stock"
"SEV_aboveground_biomass_2004-2023.csv","2014","F","14","189.0693288655","SEV","Grassland","Fertilization","Stock"
"SEV_aboveground_biomass_2004-2023.csv","2014","C","15","83.58980648825","SEV","Grassland","Fertilization","Stock"
"SEV_aboveground_biomass_2004-2023.csv","2014","F","16","158.3537462675","SEV","Grassland","Fertilization","Stock"
"SEV_aboveground_biomass_2004-2023.csv","2014","F","17","105.09023173","SEV","Grassland","Fertilization","Stock"
"SEV_aboveground_biomass_2004-2023.csv","2014","C","18","131.8241633725","SEV","Grassland","Fertilization","Stock"
"SEV_aboveground_biomass_2004-2023.csv","2014","F","19","109.36536163425","SEV","Grassland","Fertilization","Stock"
"SEV_aboveground_biomass_2004-2023.csv","2014","C","20","109.787805235","SEV","Grassland","Fertilization","Stock"
"SEV_aboveground_biomass_2004-2023.csv","2014","F","1","23.86881403425","SEV","Grassland","Fertilization","Stock"
"SEV_aboveground_biomass_2004-2023.csv","2014","C","2","9.6937744705","SEV","Grassland","Fertilization","Stock"
"SEV_aboveground_biomass_2004-2023.csv","2014","C","3","20.5126885325","SEV","Grassland","Fertilization","Stock"
"SEV_aboveground_biomass_2004-2023.csv","2014","F","4","26.21744574175","SEV","Grassland","Fertilization","Stock"
"SEV_aboveground_biomass_2004-2023.csv","2014","C","5","24.21594173675","SEV","Grassland","Fertilization","Stock"
"SEV_aboveground_biomass_2004-2023.csv","2014","F","6","11.99407221125","SEV","Grassland","Fertilization","Stock"
"SEV_aboveground_biomass_2004-2023.csv","2014","C","7","10.982811293","SEV","Grassland","Fertilization","Stock"
"SEV_aboveground_biomass_2004-2023.csv","2014","F","8","11.6501559095","SEV","Grassland","Fertilization","Stock"
"SEV_aboveground_biomass_2004-2023.csv","2014","C","9","53.081650625","SEV","Grassland","Fertilization","Stock"
"SEV_aboveground_biomass_2004-2023.csv","2014","F","10","30.2312036775","SEV","Grassland","Fertilization","Stock"
"SEV_aboveground_biomass_2004-2023.csv","2014","F","11","26.0311465","SEV","Grassland","Fertilization","Stock"
"SEV_aboveground_biomass_2004-2023.csv","2014","C","12","101.78789175","SEV","Grassland","Fertilization","Stock"
"SEV_aboveground_biomass_2004-2023.csv","2014","C","13","11.617921926","SEV","Grassland","Fertilization","Stock"
"SEV_aboveground_biomass_2004-2023.csv","2014","F","14","29.90895954775","SEV","Grassland","Fertilization","Stock"
"SEV_aboveground_biomass_2004-2023.csv","2014","C","15","12.15477518175","SEV","Grassland","Fertilization","Stock"
"SEV_aboveground_biomass_2004-2023.csv","2014","F","16","17.1776534275","SEV","Grassland","Fertilization","Stock"
"SEV_aboveground_biomass_2004-2023.csv","2014","F","17","45.376909255","SEV","Grassland","Fertilization","Stock"
"SEV_aboveground_biomass_2004-2023.csv","2014","C","18","14.0800376875","SEV","Grassland","Fertilization","Stock"
"SEV_aboveground_biomass_2004-2023.csv","2014","F","19","10.49798533625","SEV","Grassland","Fertilization","Stock"
"SEV_aboveground_biomass_2004-2023.csv","2014","C","20","21.5842231845","SEV","Grassland","Fertilization","Stock"
"SEV_aboveground_biomass_2004-2023.csv","2015","F","1","87.2907516025","SEV","Grassland","Fertilization","Stock"
"SEV_aboveground_biomass_2004-2023.csv","2015","C","2","86.48293283","SEV","Grassland","Fertilization","Stock"
"SEV_aboveground_biomass_2004-2023.csv","2015","C","3","56.321454195","SEV","Grassland","Fertilization","Stock"
"SEV_aboveground_biomass_2004-2023.csv","2015","F","4","165.8464021175","SEV","Grassland","Fertilization","Stock"
"SEV_aboveground_biomass_2004-2023.csv","2015","C","5","93.4414008615","SEV","Grassland","Fertilization","Stock"
"SEV_aboveground_biomass_2004-2023.csv","2015","F","6","74.019332838","SEV","Grassland","Fertilization","Stock"
"SEV_aboveground_biomass_2004-2023.csv","2015","C","7","120.09044232575","SEV","Grassland","Fertilization","Stock"
"SEV_aboveground_biomass_2004-2023.csv","2015","F","8","61.27489966275","SEV","Grassland","Fertilization","Stock"
"SEV_aboveground_biomass_2004-2023.csv","2015","C","9","102.75128897125","SEV","Grassland","Fertilization","Stock"
"SEV_aboveground_biomass_2004-2023.csv","2015","F","10","123.59824938475","SEV","Grassland","Fertilization","Stock"
"SEV_aboveground_biomass_2004-2023.csv","2015","F","11","160.793888493","SEV","Grassland","Fertilization","Stock"
"SEV_aboveground_biomass_2004-2023.csv","2015","C","12","146.25957635725","SEV","Grassland","Fertilization","Stock"
"SEV_aboveground_biomass_2004-2023.csv","2015","C","13","81.638519901","SEV","Grassland","Fertilization","Stock"
"SEV_aboveground_biomass_2004-2023.csv","2015","F","14","204.2022545305","SEV","Grassland","Fertilization","Stock"
"SEV_aboveground_biomass_2004-2023.csv","2015","C","15","161.1246417175","SEV","Grassland","Fertilization","Stock"
"SEV_aboveground_biomass_2004-2023.csv","2015","F","16","121.796299565","SEV","Grassland","Fertilization","Stock"
"SEV_aboveground_biomass_2004-2023.csv","2015","F","17","204.1920021875","SEV","Grassland","Fertilization","Stock"
"SEV_aboveground_biomass_2004-2023.csv","2015","C","18","131.72467945275","SEV","Grassland","Fertilization","Stock"
"SEV_aboveground_biomass_2004-2023.csv","2015","F","19","124.92156121225","SEV","Grassland","Fertilization","Stock"
"SEV_aboveground_biomass_2004-2023.csv","2015","C","20","117.62941544375","SEV","Grassland","Fertilization","Stock"
"SEV_aboveground_biomass_2004-2023.csv","2015","F","1","41.0762047215","SEV","Grassland","Fertilization","Stock"
"SEV_aboveground_biomass_2004-2023.csv","2015","C","2","25.788508392","SEV","Grassland","Fertilization","Stock"
"SEV_aboveground_biomass_2004-2023.csv","2015","C","3","45.127810529","SEV","Grassland","Fertilization","Stock"
"SEV_aboveground_biomass_2004-2023.csv","2015","F","4","43.54137687525","SEV","Grassland","Fertilization","Stock"
"SEV_aboveground_biomass_2004-2023.csv","2015","C","5","42.6961802575","SEV","Grassland","Fertilization","Stock"
"SEV_aboveground_biomass_2004-2023.csv","2015","F","6","40.5445984345","SEV","Grassland","Fertilization","Stock"
"SEV_aboveground_biomass_2004-2023.csv","2015","C","7","34.36901814175","SEV","Grassland","Fertilization","Stock"
"SEV_aboveground_biomass_2004-2023.csv","2015","F","8","26.36537464225","SEV","Grassland","Fertilization","Stock"
"SEV_aboveground_biomass_2004-2023.csv","2015","C","9","49.38292965475","SEV","Grassland","Fertilization","Stock"
"SEV_aboveground_biomass_2004-2023.csv","2015","F","10","52.72979214825","SEV","Grassland","Fertilization","Stock"
"SEV_aboveground_biomass_2004-2023.csv","2015","F","11","68.023967833","SEV","Grassland","Fertilization","Stock"
"SEV_aboveground_biomass_2004-2023.csv","2015","C","12","115.788333874","SEV","Grassland","Fertilization","Stock"
"SEV_aboveground_biomass_2004-2023.csv","2015","C","13","25.691468479","SEV","Grassland","Fertilization","Stock"
"SEV_aboveground_biomass_2004-2023.csv","2015","F","14","59.07611004575","SEV","Grassland","Fertilization","Stock"
"SEV_aboveground_biomass_2004-2023.csv","2015","C","15","56.5667318195","SEV","Grassland","Fertilization","Stock"
"SEV_aboveground_biomass_2004-2023.csv","2015","F","16","28.70615857075","SEV","Grassland","Fertilization","Stock"
"SEV_aboveground_biomass_2004-2023.csv","2015","F","17","63.213033044","SEV","Grassland","Fertilization","Stock"
"SEV_aboveground_biomass_2004-2023.csv","2015","C","18","37.05838978075","SEV","Grassland","Fertilization","Stock"
"SEV_aboveground_biomass_2004-2023.csv","2015","F","19","27.48640131","SEV","Grassland","Fertilization","Stock"
"SEV_aboveground_biomass_2004-2023.csv","2015","C","20","31.3957522645","SEV","Grassland","Fertilization","Stock"
"SEV_aboveground_biomass_2004-2023.csv","2016","F","1","208.843512028","SEV","Grassland","Fertilization","Stock"
"SEV_aboveground_biomass_2004-2023.csv","2016","C","2","228.57920533075","SEV","Grassland","Fertilization","Stock"
"SEV_aboveground_biomass_2004-2023.csv","2016","C","3","71.652021756","SEV","Grassland","Fertilization","Stock"
"SEV_aboveground_biomass_2004-2023.csv","2016","F","4","358.10909515","SEV","Grassland","Fertilization","Stock"
"SEV_aboveground_biomass_2004-2023.csv","2016","C","5","119.19828703075","SEV","Grassland","Fertilization","Stock"
"SEV_aboveground_biomass_2004-2023.csv","2016","F","6","250.811730251","SEV","Grassland","Fertilization","Stock"
"SEV_aboveground_biomass_2004-2023.csv","2016","C","7","173.811348135","SEV","Grassland","Fertilization","Stock"
"SEV_aboveground_biomass_2004-2023.csv","2016","F","8","201.2723765825","SEV","Grassland","Fertilization","Stock"
"SEV_aboveground_biomass_2004-2023.csv","2016","C","9","189.94354690925","SEV","Grassland","Fertilization","Stock"
"SEV_aboveground_biomass_2004-2023.csv","2016","F","10","253.47319890475","SEV","Grassland","Fertilization","Stock"
"SEV_aboveground_biomass_2004-2023.csv","2016","F","11","322.1693877585","SEV","Grassland","Fertilization","Stock"
"SEV_aboveground_biomass_2004-2023.csv","2016","C","12","222.2345608055","SEV","Grassland","Fertilization","Stock"
"SEV_aboveground_biomass_2004-2023.csv","2016","C","13","76.48625021275","SEV","Grassland","Fertilization","Stock"
"SEV_aboveground_biomass_2004-2023.csv","2016","F","14","175.27781775225","SEV","Grassland","Fertilization","Stock"
"SEV_aboveground_biomass_2004-2023.csv","2016","C","15","98.07768990875","SEV","Grassland","Fertilization","Stock"
"SEV_aboveground_biomass_2004-2023.csv","2016","F","16","208.93721165725","SEV","Grassland","Fertilization","Stock"
"SEV_aboveground_biomass_2004-2023.csv","2016","F","17","204.441770823","SEV","Grassland","Fertilization","Stock"
"SEV_aboveground_biomass_2004-2023.csv","2016","C","18","123.9970180225","SEV","Grassland","Fertilization","Stock"
"SEV_aboveground_biomass_2004-2023.csv","2016","F","19","280.9193731325","SEV","Grassland","Fertilization","Stock"
"SEV_aboveground_biomass_2004-2023.csv","2016","C","20","149.554364344","SEV","Grassland","Fertilization","Stock"
"SEV_aboveground_biomass_2004-2023.csv","2016","F","1","62.273093647","SEV","Grassland","Fertilization","Stock"
"SEV_aboveground_biomass_2004-2023.csv","2016","C","2","31.41511114275","SEV","Grassland","Fertilization","Stock"
"SEV_aboveground_biomass_2004-2023.csv","2016","C","3","46.6760906485","SEV","Grassland","Fertilization","Stock"
"SEV_aboveground_biomass_2004-2023.csv","2016","F","4","97.11656277075","SEV","Grassland","Fertilization","Stock"
"SEV_aboveground_biomass_2004-2023.csv","2016","C","5","38.61713341875","SEV","Grassland","Fertilization","Stock"
"SEV_aboveground_biomass_2004-2023.csv","2016","F","6","105.732218834","SEV","Grassland","Fertilization","Stock"
"SEV_aboveground_biomass_2004-2023.csv","2016","C","7","48.841107097","SEV","Grassland","Fertilization","Stock"
"SEV_aboveground_biomass_2004-2023.csv","2016","F","8","40.97869888625","SEV","Grassland","Fertilization","Stock"
"SEV_aboveground_biomass_2004-2023.csv","2016","C","9","74.0754387525","SEV","Grassland","Fertilization","Stock"
"SEV_aboveground_biomass_2004-2023.csv","2016","F","10","77.511430204","SEV","Grassland","Fertilization","Stock"
"SEV_aboveground_biomass_2004-2023.csv","2016","F","11","97.14938031925","SEV","Grassland","Fertilization","Stock"
"SEV_aboveground_biomass_2004-2023.csv","2016","C","12","149.64783342325","SEV","Grassland","Fertilization","Stock"
"SEV_aboveground_biomass_2004-2023.csv","2016","C","13","35.58522676775","SEV","Grassland","Fertilization","Stock"
"SEV_aboveground_biomass_2004-2023.csv","2016","F","14","92.876673133","SEV","Grassland","Fertilization","Stock"
"SEV_aboveground_biomass_2004-2023.csv","2016","C","15","55.35635888425","SEV","Grassland","Fertilization","Stock"
"SEV_aboveground_biomass_2004-2023.csv","2016","F","16","52.32867778225","SEV","Grassland","Fertilization","Stock"
"SEV_aboveground_biomass_2004-2023.csv","2016","F","17","95.734522674","SEV","Grassland","Fertilization","Stock"
"SEV_aboveground_biomass_2004-2023.csv","2016","C","18","40.558750237","SEV","Grassland","Fertilization","Stock"
"SEV_aboveground_biomass_2004-2023.csv","2016","F","19","54.98077822675","SEV","Grassland","Fertilization","Stock"
"SEV_aboveground_biomass_2004-2023.csv","2016","C","20","58.115162591","SEV","Grassland","Fertilization","Stock"
"SEV_aboveground_biomass_2004-2023.csv","2017","F","1","173.374103525","SEV","Grassland","Fertilization","Stock"
"SEV_aboveground_biomass_2004-2023.csv","2017","C","2","161.48372371625","SEV","Grassland","Fertilization","Stock"
"SEV_aboveground_biomass_2004-2023.csv","2017","C","3","173.671199473","SEV","Grassland","Fertilization","Stock"
"SEV_aboveground_biomass_2004-2023.csv","2017","F","4","123.4766484165","SEV","Grassland","Fertilization","Stock"
"SEV_aboveground_biomass_2004-2023.csv","2017","C","5","186.477240905","SEV","Grassland","Fertilization","Stock"
"SEV_aboveground_biomass_2004-2023.csv","2017","F","6","163.47475096675","SEV","Grassland","Fertilization","Stock"
"SEV_aboveground_biomass_2004-2023.csv","2017","C","7","108.675818724","SEV","Grassland","Fertilization","Stock"
"SEV_aboveground_biomass_2004-2023.csv","2017","F","8","148.03621180425","SEV","Grassland","Fertilization","Stock"
"SEV_aboveground_biomass_2004-2023.csv","2017","C","9","100.750174858","SEV","Grassland","Fertilization","Stock"
"SEV_aboveground_biomass_2004-2023.csv","2017","F","10","111.6030813205","SEV","Grassland","Fertilization","Stock"
"SEV_aboveground_biomass_2004-2023.csv","2017","F","11","115.26414110275","SEV","Grassland","Fertilization","Stock"
"SEV_aboveground_biomass_2004-2023.csv","2017","C","12","160.94023556975","SEV","Grassland","Fertilization","Stock"
"SEV_aboveground_biomass_2004-2023.csv","2017","C","13","99.309543614","SEV","Grassland","Fertilization","Stock"
"SEV_aboveground_biomass_2004-2023.csv","2017","F","14","188.449702542","SEV","Grassland","Fertilization","Stock"
"SEV_aboveground_biomass_2004-2023.csv","2017","C","15","81.39124888","SEV","Grassland","Fertilization","Stock"
"SEV_aboveground_biomass_2004-2023.csv","2017","F","16","172.5413474625","SEV","Grassland","Fertilization","Stock"
"SEV_aboveground_biomass_2004-2023.csv","2017","F","17","177.559879525","SEV","Grassland","Fertilization","Stock"
"SEV_aboveground_biomass_2004-2023.csv","2017","C","18","92.23068839975","SEV","Grassland","Fertilization","Stock"
"SEV_aboveground_biomass_2004-2023.csv","2017","F","19","229.32587170225","SEV","Grassland","Fertilization","Stock"
"SEV_aboveground_biomass_2004-2023.csv","2017","C","20","119.71405857225","SEV","Grassland","Fertilization","Stock"
"SEV_aboveground_biomass_2004-2023.csv","2017","F","1","161.21867088","SEV","Grassland","Fertilization","Stock"
"SEV_aboveground_biomass_2004-2023.csv","2017","C","2","69.2877736825","SEV","Grassland","Fertilization","Stock"
"SEV_aboveground_biomass_2004-2023.csv","2017","C","3","86.15863801775","SEV","Grassland","Fertilization","Stock"
"SEV_aboveground_biomass_2004-2023.csv","2017","F","4","122.15252218425","SEV","Grassland","Fertilization","Stock"
"SEV_aboveground_biomass_2004-2023.csv","2017","C","5","83.0462962795","SEV","Grassland","Fertilization","Stock"
"SEV_aboveground_biomass_2004-2023.csv","2017","F","6","118.250452581","SEV","Grassland","Fertilization","Stock"
"SEV_aboveground_biomass_2004-2023.csv","2017","C","7","83.39249091025","SEV","Grassland","Fertilization","Stock"
"SEV_aboveground_biomass_2004-2023.csv","2017","F","8","102.91708725025","SEV","Grassland","Fertilization","Stock"
"SEV_aboveground_biomass_2004-2023.csv","2017","C","9","74.38646179475","SEV","Grassland","Fertilization","Stock"
"SEV_aboveground_biomass_2004-2023.csv","2017","F","10","93.37427816","SEV","Grassland","Fertilization","Stock"
"SEV_aboveground_biomass_2004-2023.csv","2017","F","11","112.124992234","SEV","Grassland","Fertilization","Stock"
"SEV_aboveground_biomass_2004-2023.csv","2017","C","12","138.338007275","SEV","Grassland","Fertilization","Stock"
"SEV_aboveground_biomass_2004-2023.csv","2017","C","13","40.5813338085","SEV","Grassland","Fertilization","Stock"
"SEV_aboveground_biomass_2004-2023.csv","2017","F","14","139.28497647575","SEV","Grassland","Fertilization","Stock"
"SEV_aboveground_biomass_2004-2023.csv","2017","C","15","66.697342074","SEV","Grassland","Fertilization","Stock"
"SEV_aboveground_biomass_2004-2023.csv","2017","F","16","144.6143972275","SEV","Grassland","Fertilization","Stock"
"SEV_aboveground_biomass_2004-2023.csv","2017","F","17","117.738671746","SEV","Grassland","Fertilization","Stock"
"SEV_aboveground_biomass_2004-2023.csv","2017","C","18","75.0836384615","SEV","Grassland","Fertilization","Stock"
"SEV_aboveground_biomass_2004-2023.csv","2017","F","19","112.984413969","SEV","Grassland","Fertilization","Stock"
"SEV_aboveground_biomass_2004-2023.csv","2017","C","20","72.91543689625","SEV","Grassland","Fertilization","Stock"
"SEV_aboveground_biomass_2004-2023.csv","2018","F","1","90.847144359","SEV","Grassland","Fertilization","Stock"
"SEV_aboveground_biomass_2004-2023.csv","2018","C","2","33.564512261","SEV","Grassland","Fertilization","Stock"
"SEV_aboveground_biomass_2004-2023.csv","2018","C","3","95.899185531","SEV","Grassland","Fertilization","Stock"
"SEV_aboveground_biomass_2004-2023.csv","2018","F","4","61.5041744105","SEV","Grassland","Fertilization","Stock"
"SEV_aboveground_biomass_2004-2023.csv","2018","C","5","68.27032649975","SEV","Grassland","Fertilization","Stock"
"SEV_aboveground_biomass_2004-2023.csv","2018","F","6","51.91281794525","SEV","Grassland","Fertilization","Stock"
"SEV_aboveground_biomass_2004-2023.csv","2018","C","7","51.3417405015","SEV","Grassland","Fertilization","Stock"
"SEV_aboveground_biomass_2004-2023.csv","2018","F","8","44.179911673","SEV","Grassland","Fertilization","Stock"
"SEV_aboveground_biomass_2004-2023.csv","2018","C","9","50.198379729","SEV","Grassland","Fertilization","Stock"
"SEV_aboveground_biomass_2004-2023.csv","2018","F","10","67.4429519205","SEV","Grassland","Fertilization","Stock"
"SEV_aboveground_biomass_2004-2023.csv","2018","F","11","47.50193097025","SEV","Grassland","Fertilization","Stock"
"SEV_aboveground_biomass_2004-2023.csv","2018","C","12","101.31964711225","SEV","Grassland","Fertilization","Stock"
"SEV_aboveground_biomass_2004-2023.csv","2018","C","13","48.6255810785","SEV","Grassland","Fertilization","Stock"
"SEV_aboveground_biomass_2004-2023.csv","2018","F","14","45.710683693","SEV","Grassland","Fertilization","Stock"
"SEV_aboveground_biomass_2004-2023.csv","2018","C","15","44.6372666305","SEV","Grassland","Fertilization","Stock"
"SEV_aboveground_biomass_2004-2023.csv","2018","F","16","50.098542195","SEV","Grassland","Fertilization","Stock"
"SEV_aboveground_biomass_2004-2023.csv","2018","F","17","85.2293882525","SEV","Grassland","Fertilization","Stock"
"SEV_aboveground_biomass_2004-2023.csv","2018","C","18","35.56193088775","SEV","Grassland","Fertilization","Stock"
"SEV_aboveground_biomass_2004-2023.csv","2018","F","19","39.8816012765","SEV","Grassland","Fertilization","Stock"
"SEV_aboveground_biomass_2004-2023.csv","2018","C","20","68.46691408375","SEV","Grassland","Fertilization","Stock"
"SEV_aboveground_biomass_2004-2023.csv","2018","F","1","26.95480934425","SEV","Grassland","Fertilization","Stock"
"SEV_aboveground_biomass_2004-2023.csv","2018","C","2","13.97694198975","SEV","Grassland","Fertilization","Stock"
"SEV_aboveground_biomass_2004-2023.csv","2018","C","3","23.961736518","SEV","Grassland","Fertilization","Stock"
"SEV_aboveground_biomass_2004-2023.csv","2018","F","4","35.7449916655","SEV","Grassland","Fertilization","Stock"
"SEV_aboveground_biomass_2004-2023.csv","2018","C","5","27.214538557","SEV","Grassland","Fertilization","Stock"
"SEV_aboveground_biomass_2004-2023.csv","2018","F","6","24.714372712","SEV","Grassland","Fertilization","Stock"
"SEV_aboveground_biomass_2004-2023.csv","2018","C","7","39.982333277","SEV","Grassland","Fertilization","Stock"
"SEV_aboveground_biomass_2004-2023.csv","2018","F","8","23.24065000375","SEV","Grassland","Fertilization","Stock"
"SEV_aboveground_biomass_2004-2023.csv","2018","C","9","46.46402041675","SEV","Grassland","Fertilization","Stock"
"SEV_aboveground_biomass_2004-2023.csv","2018","F","10","66.3921366225","SEV","Grassland","Fertilization","Stock"
"SEV_aboveground_biomass_2004-2023.csv","2018","F","11","47.1932106125","SEV","Grassland","Fertilization","Stock"
"SEV_aboveground_biomass_2004-2023.csv","2018","C","12","131.63829035225","SEV","Grassland","Fertilization","Stock"
"SEV_aboveground_biomass_2004-2023.csv","2018","C","13","35.053077187","SEV","Grassland","Fertilization","Stock"
"SEV_aboveground_biomass_2004-2023.csv","2018","F","14","43.1141511605","SEV","Grassland","Fertilization","Stock"
"SEV_aboveground_biomass_2004-2023.csv","2018","C","15","48.02503412625","SEV","Grassland","Fertilization","Stock"
"SEV_aboveground_biomass_2004-2023.csv","2018","F","16","24.92881122925","SEV","Grassland","Fertilization","Stock"
"SEV_aboveground_biomass_2004-2023.csv","2018","F","17","50.8543824695","SEV","Grassland","Fertilization","Stock"
"SEV_aboveground_biomass_2004-2023.csv","2018","C","18","29.5969133335","SEV","Grassland","Fertilization","Stock"
"SEV_aboveground_biomass_2004-2023.csv","2018","F","19","26.6119508043333","SEV","Grassland","Fertilization","Stock"
"SEV_aboveground_biomass_2004-2023.csv","2018","C","20","56.88504333325","SEV","Grassland","Fertilization","Stock"
"SEV_aboveground_biomass_2004-2023.csv","2019","F","1","70.914105345","SEV","Grassland","Fertilization","Stock"
"SEV_aboveground_biomass_2004-2023.csv","2019","C","2","30.536785626","SEV","Grassland","Fertilization","Stock"
"SEV_aboveground_biomass_2004-2023.csv","2019","C","3","93.382131684","SEV","Grassland","Fertilization","Stock"
"SEV_aboveground_biomass_2004-2023.csv","2019","F","4","15.6115963975","SEV","Grassland","Fertilization","Stock"
"SEV_aboveground_biomass_2004-2023.csv","2019","C","5","65.823347207","SEV","Grassland","Fertilization","Stock"
"SEV_aboveground_biomass_2004-2023.csv","2019","F","6","7.153042557","SEV","Grassland","Fertilization","Stock"
"SEV_aboveground_biomass_2004-2023.csv","2019","C","7","63.3580491955","SEV","Grassland","Fertilization","Stock"
"SEV_aboveground_biomass_2004-2023.csv","2019","F","8","28.792487803","SEV","Grassland","Fertilization","Stock"
"SEV_aboveground_biomass_2004-2023.csv","2019","C","9","54.31275","SEV","Grassland","Fertilization","Stock"
"SEV_aboveground_biomass_2004-2023.csv","2019","F","10","47.72771605","SEV","Grassland","Fertilization","Stock"
"SEV_aboveground_biomass_2004-2023.csv","2019","F","11","37.024575","SEV","Grassland","Fertilization","Stock"
"SEV_aboveground_biomass_2004-2023.csv","2019","C","12","89.3122464625","SEV","Grassland","Fertilization","Stock"
"SEV_aboveground_biomass_2004-2023.csv","2019","C","13","54.167092638","SEV","Grassland","Fertilization","Stock"
"SEV_aboveground_biomass_2004-2023.csv","2019","F","14","40.6595004675","SEV","Grassland","Fertilization","Stock"
"SEV_aboveground_biomass_2004-2023.csv","2019","C","15","87.1485087315","SEV","Grassland","Fertilization","Stock"
"SEV_aboveground_biomass_2004-2023.csv","2019","F","16","58.814627858","SEV","Grassland","Fertilization","Stock"
"SEV_aboveground_biomass_2004-2023.csv","2019","F","17","45.426463642","SEV","Grassland","Fertilization","Stock"
"SEV_aboveground_biomass_2004-2023.csv","2019","C","18","74.347811598","SEV","Grassland","Fertilization","Stock"
"SEV_aboveground_biomass_2004-2023.csv","2019","F","19","85.658075","SEV","Grassland","Fertilization","Stock"
"SEV_aboveground_biomass_2004-2023.csv","2019","C","20","87.979980589","SEV","Grassland","Fertilization","Stock"
"SEV_aboveground_biomass_2004-2023.csv","2019","F","1","90.2207915475","SEV","Grassland","Fertilization","Stock"
"SEV_aboveground_biomass_2004-2023.csv","2019","C","2","54.82868037425","SEV","Grassland","Fertilization","Stock"
"SEV_aboveground_biomass_2004-2023.csv","2019","C","3","46.2530990715","SEV","Grassland","Fertilization","Stock"
"SEV_aboveground_biomass_2004-2023.csv","2019","F","4","93.813947231","SEV","Grassland","Fertilization","Stock"
"SEV_aboveground_biomass_2004-2023.csv","2019","C","5","58.60285644075","SEV","Grassland","Fertilization","Stock"
"SEV_aboveground_biomass_2004-2023.csv","2019","F","6","89.12523704025","SEV","Grassland","Fertilization","Stock"
"SEV_aboveground_biomass_2004-2023.csv","2019","C","7","37.19434125","SEV","Grassland","Fertilization","Stock"
"SEV_aboveground_biomass_2004-2023.csv","2019","F","8","46.9074510725","SEV","Grassland","Fertilization","Stock"
"SEV_aboveground_biomass_2004-2023.csv","2019","C","9","52.49072025","SEV","Grassland","Fertilization","Stock"
"SEV_aboveground_biomass_2004-2023.csv","2019","F","10","81.7798096155","SEV","Grassland","Fertilization","Stock"
"SEV_aboveground_biomass_2004-2023.csv","2019","F","11","67.174958673","SEV","Grassland","Fertilization","Stock"
"SEV_aboveground_biomass_2004-2023.csv","2019","C","12","106.5726776195","SEV","Grassland","Fertilization","Stock"
"SEV_aboveground_biomass_2004-2023.csv","2019","C","13","24.90862318775","SEV","Grassland","Fertilization","Stock"
"SEV_aboveground_biomass_2004-2023.csv","2019","F","14","51.45432175125","SEV","Grassland","Fertilization","Stock"
"SEV_aboveground_biomass_2004-2023.csv","2019","C","15","52.72965651575","SEV","Grassland","Fertilization","Stock"
"SEV_aboveground_biomass_2004-2023.csv","2019","F","16","36.10852273675","SEV","Grassland","Fertilization","Stock"
"SEV_aboveground_biomass_2004-2023.csv","2019","F","17","81.3018364875","SEV","Grassland","Fertilization","Stock"
"SEV_aboveground_biomass_2004-2023.csv","2019","C","18","34.7403877195","SEV","Grassland","Fertilization","Stock"
"SEV_aboveground_biomass_2004-2023.csv","2019","F","19","35.50159805775","SEV","Grassland","Fertilization","Stock"
"SEV_aboveground_biomass_2004-2023.csv","2019","C","20","52.44393287025","SEV","Grassland","Fertilization","Stock"
"SEV_aboveground_biomass_2004-2023.csv","2020","F","1","21.7632266275","SEV","Grassland","Fertilization","Stock"
"SEV_aboveground_biomass_2004-2023.csv","2020","C","2","109.035596026","SEV","Grassland","Fertilization","Stock"
"SEV_aboveground_biomass_2004-2023.csv","2020","C","3","80.9468134385","SEV","Grassland","Fertilization","Stock"
"SEV_aboveground_biomass_2004-2023.csv","2020","F","4","45.640464395","SEV","Grassland","Fertilization","Stock"
"SEV_aboveground_biomass_2004-2023.csv","2020","C","5","225.286942826","SEV","Grassland","Fertilization","Stock"
"SEV_aboveground_biomass_2004-2023.csv","2020","F","6","59.7060203005","SEV","Grassland","Fertilization","Stock"
"SEV_aboveground_biomass_2004-2023.csv","2020","C","7","55.2678344415","SEV","Grassland","Fertilization","Stock"
"SEV_aboveground_biomass_2004-2023.csv","2020","F","8","97.55615204","SEV","Grassland","Fertilization","Stock"
"SEV_aboveground_biomass_2004-2023.csv","2020","C","9","292.581352564","SEV","Grassland","Fertilization","Stock"
"SEV_aboveground_biomass_2004-2023.csv","2020","F","10","181.126948718","SEV","Grassland","Fertilization","Stock"
"SEV_aboveground_biomass_2004-2023.csv","2020","F","11","146.8504924405","SEV","Grassland","Fertilization","Stock"
"SEV_aboveground_biomass_2004-2023.csv","2020","C","12","164.7104489065","SEV","Grassland","Fertilization","Stock"
"SEV_aboveground_biomass_2004-2023.csv","2020","C","13","51.8088571315","SEV","Grassland","Fertilization","Stock"
"SEV_aboveground_biomass_2004-2023.csv","2020","F","14","158.2265048955","SEV","Grassland","Fertilization","Stock"
"SEV_aboveground_biomass_2004-2023.csv","2020","C","15","91.155331254","SEV","Grassland","Fertilization","Stock"
"SEV_aboveground_biomass_2004-2023.csv","2020","F","16","102.3691613855","SEV","Grassland","Fertilization","Stock"
"SEV_aboveground_biomass_2004-2023.csv","2020","F","17","68.34164107","SEV","Grassland","Fertilization","Stock"
"SEV_aboveground_biomass_2004-2023.csv","2020","C","18","47.0259909915","SEV","Grassland","Fertilization","Stock"
"SEV_aboveground_biomass_2004-2023.csv","2020","F","19","62.191049641","SEV","Grassland","Fertilization","Stock"
"SEV_aboveground_biomass_2004-2023.csv","2020","C","20","168.0484028845","SEV","Grassland","Fertilization","Stock"
"SEV_aboveground_biomass_2004-2023.csv","2020","F","1","2.0415715875","SEV","Grassland","Fertilization","Stock"
"SEV_aboveground_biomass_2004-2023.csv","2020","C","2","0.975935","SEV","Grassland","Fertilization","Stock"
"SEV_aboveground_biomass_2004-2023.csv","2020","C","3","0.78308","SEV","Grassland","Fertilization","Stock"
"SEV_aboveground_biomass_2004-2023.csv","2020","F","4","1.0320040035","SEV","Grassland","Fertilization","Stock"
"SEV_aboveground_biomass_2004-2023.csv","2020","C","5","0.338725","SEV","Grassland","Fertilization","Stock"
"SEV_aboveground_biomass_2004-2023.csv","2020","F","6","0.83595","SEV","Grassland","Fertilization","Stock"
"SEV_aboveground_biomass_2004-2023.csv","2020","C","7","4.755775","SEV","Grassland","Fertilization","Stock"
"SEV_aboveground_biomass_2004-2023.csv","2020","F","8","1.49261","SEV","Grassland","Fertilization","Stock"
"SEV_aboveground_biomass_2004-2023.csv","2020","C","9","0.651455","SEV","Grassland","Fertilization","Stock"
"SEV_aboveground_biomass_2004-2023.csv","2020","F","10","0.29311","SEV","Grassland","Fertilization","Stock"
"SEV_aboveground_biomass_2004-2023.csv","2020","F","11","0.747605","SEV","Grassland","Fertilization","Stock"
"SEV_aboveground_biomass_2004-2023.csv","2020","C","12","17.5068761125","SEV","Grassland","Fertilization","Stock"
"SEV_aboveground_biomass_2004-2023.csv","2020","C","13","2.087037533","SEV","Grassland","Fertilization","Stock"
"SEV_aboveground_biomass_2004-2023.csv","2020","F","14","1.1781","SEV","Grassland","Fertilization","Stock"
"SEV_aboveground_biomass_2004-2023.csv","2020","C","15","1.888415","SEV","Grassland","Fertilization","Stock"
"SEV_aboveground_biomass_2004-2023.csv","2020","F","16","1.39035","SEV","Grassland","Fertilization","Stock"
"SEV_aboveground_biomass_2004-2023.csv","2020","F","17","3.037425","SEV","Grassland","Fertilization","Stock"
"SEV_aboveground_biomass_2004-2023.csv","2020","C","18","1.504837511","SEV","Grassland","Fertilization","Stock"
"SEV_aboveground_biomass_2004-2023.csv","2020","F","19","2.94248","SEV","Grassland","Fertilization","Stock"
"SEV_aboveground_biomass_2004-2023.csv","2020","C","20","20.130015","SEV","Grassland","Fertilization","Stock"
"SEV_aboveground_biomass_2004-2023.csv","2021","F","1","67.619239006","SEV","Grassland","Fertilization","Stock"
"SEV_aboveground_biomass_2004-2023.csv","2021","C","2","15.874836903","SEV","Grassland","Fertilization","Stock"
"SEV_aboveground_biomass_2004-2023.csv","2021","C","3","43.887269034","SEV","Grassland","Fertilization","Stock"
"SEV_aboveground_biomass_2004-2023.csv","2021","F","4","30.7235495645","SEV","Grassland","Fertilization","Stock"
"SEV_aboveground_biomass_2004-2023.csv","2021","C","5","29.8687014785","SEV","Grassland","Fertilization","Stock"
"SEV_aboveground_biomass_2004-2023.csv","2021","F","6","25.9090475075","SEV","Grassland","Fertilization","Stock"
"SEV_aboveground_biomass_2004-2023.csv","2021","C","7","70.574321555","SEV","Grassland","Fertilization","Stock"
"SEV_aboveground_biomass_2004-2023.csv","2021","F","8","24.7819196965","SEV","Grassland","Fertilization","Stock"
"SEV_aboveground_biomass_2004-2023.csv","2021","C","9","31.6120061975","SEV","Grassland","Fertilization","Stock"
"SEV_aboveground_biomass_2004-2023.csv","2021","F","10","18.1280255115","SEV","Grassland","Fertilization","Stock"
"SEV_aboveground_biomass_2004-2023.csv","2021","F","11","54.4774289845","SEV","Grassland","Fertilization","Stock"
"SEV_aboveground_biomass_2004-2023.csv","2021","C","12","85.0520588345","SEV","Grassland","Fertilization","Stock"
"SEV_aboveground_biomass_2004-2023.csv","2021","C","13","22.6092344695","SEV","Grassland","Fertilization","Stock"
"SEV_aboveground_biomass_2004-2023.csv","2021","F","14","29.3462353595","SEV","Grassland","Fertilization","Stock"
"SEV_aboveground_biomass_2004-2023.csv","2021","C","15","21.626208235","SEV","Grassland","Fertilization","Stock"
"SEV_aboveground_biomass_2004-2023.csv","2021","F","16","28.689439141","SEV","Grassland","Fertilization","Stock"
"SEV_aboveground_biomass_2004-2023.csv","2021","F","17","20.823345128","SEV","Grassland","Fertilization","Stock"
"SEV_aboveground_biomass_2004-2023.csv","2021","C","18","23.1005728865","SEV","Grassland","Fertilization","Stock"
"SEV_aboveground_biomass_2004-2023.csv","2021","F","19","40.321911602","SEV","Grassland","Fertilization","Stock"
"SEV_aboveground_biomass_2004-2023.csv","2021","C","20","55.7684903845","SEV","Grassland","Fertilization","Stock"
"SEV_aboveground_biomass_2004-2023.csv","2021","F","1","2.43099","SEV","Grassland","Fertilization","Stock"
"SEV_aboveground_biomass_2004-2023.csv","2021","C","2","2.20207","SEV","Grassland","Fertilization","Stock"
"SEV_aboveground_biomass_2004-2023.csv","2021","C","3","2.643125","SEV","Grassland","Fertilization","Stock"
"SEV_aboveground_biomass_2004-2023.csv","2021","F","4","3.344225","SEV","Grassland","Fertilization","Stock"
"SEV_aboveground_biomass_2004-2023.csv","2021","C","5","1.114765","SEV","Grassland","Fertilization","Stock"
"SEV_aboveground_biomass_2004-2023.csv","2021","F","6","1.942275","SEV","Grassland","Fertilization","Stock"
"SEV_aboveground_biomass_2004-2023.csv","2021","C","7","2.081025","SEV","Grassland","Fertilization","Stock"
"SEV_aboveground_biomass_2004-2023.csv","2021","F","8","2.77683","SEV","Grassland","Fertilization","Stock"
"SEV_aboveground_biomass_2004-2023.csv","2021","C","9","21.074","SEV","Grassland","Fertilization","Stock"
"SEV_aboveground_biomass_2004-2023.csv","2021","F","10","1.161205","SEV","Grassland","Fertilization","Stock"
"SEV_aboveground_biomass_2004-2023.csv","2021","F","11","5.820375","SEV","Grassland","Fertilization","Stock"
"SEV_aboveground_biomass_2004-2023.csv","2021","C","12","48.118825","SEV","Grassland","Fertilization","Stock"
"SEV_aboveground_biomass_2004-2023.csv","2021","C","13","1.6918846155","SEV","Grassland","Fertilization","Stock"
"SEV_aboveground_biomass_2004-2023.csv","2021","F","14","1.309","SEV","Grassland","Fertilization","Stock"
"SEV_aboveground_biomass_2004-2023.csv","2021","C","15","3.5196923075","SEV","Grassland","Fertilization","Stock"
"SEV_aboveground_biomass_2004-2023.csv","2021","F","16","2.695","SEV","Grassland","Fertilization","Stock"
"SEV_aboveground_biomass_2004-2023.csv","2021","F","17","2.387","SEV","Grassland","Fertilization","Stock"
"SEV_aboveground_biomass_2004-2023.csv","2021","C","18","0.971901923","SEV","Grassland","Fertilization","Stock"
"SEV_aboveground_biomass_2004-2023.csv","2021","F","19","8.305875","SEV","Grassland","Fertilization","Stock"
"SEV_aboveground_biomass_2004-2023.csv","2021","C","20","26.846825","SEV","Grassland","Fertilization","Stock"
"SEV_aboveground_biomass_2004-2023.csv","2022","F","1","203.9923130145","SEV","Grassland","Fertilization","Stock"
"SEV_aboveground_biomass_2004-2023.csv","2022","C","2","3.4995096155","SEV","Grassland","Fertilization","Stock"
"SEV_aboveground_biomass_2004-2023.csv","2022","C","3","76.5443575945","SEV","Grassland","Fertilization","Stock"
"SEV_aboveground_biomass_2004-2023.csv","2022","F","4","41.8110739765","SEV","Grassland","Fertilization","Stock"
"SEV_aboveground_biomass_2004-2023.csv","2022","C","5","50.9741503775","SEV","Grassland","Fertilization","Stock"
"SEV_aboveground_biomass_2004-2023.csv","2022","F","6","136.272991519","SEV","Grassland","Fertilization","Stock"
"SEV_aboveground_biomass_2004-2023.csv","2022","C","7","53.715009495","SEV","Grassland","Fertilization","Stock"
"SEV_aboveground_biomass_2004-2023.csv","2022","F","8","139.5567439595","SEV","Grassland","Fertilization","Stock"
"SEV_aboveground_biomass_2004-2023.csv","2022","C","9","38.6372735255","SEV","Grassland","Fertilization","Stock"
"SEV_aboveground_biomass_2004-2023.csv","2022","F","10","101.736723873","SEV","Grassland","Fertilization","Stock"
"SEV_aboveground_biomass_2004-2023.csv","2022","F","11","138.524197558","SEV","Grassland","Fertilization","Stock"
"SEV_aboveground_biomass_2004-2023.csv","2022","C","12","154.0977354355","SEV","Grassland","Fertilization","Stock"
"SEV_aboveground_biomass_2004-2023.csv","2022","C","13","67.7498081105","SEV","Grassland","Fertilization","Stock"
"SEV_aboveground_biomass_2004-2023.csv","2022","F","14","209.612362586","SEV","Grassland","Fertilization","Stock"
"SEV_aboveground_biomass_2004-2023.csv","2022","C","15","102.957275267","SEV","Grassland","Fertilization","Stock"
"SEV_aboveground_biomass_2004-2023.csv","2022","F","16","99.729547672","SEV","Grassland","Fertilization","Stock"
"SEV_aboveground_biomass_2004-2023.csv","2022","F","17","94.790758631","SEV","Grassland","Fertilization","Stock"
"SEV_aboveground_biomass_2004-2023.csv","2022","C","18","46.4289314605","SEV","Grassland","Fertilization","Stock"
"SEV_aboveground_biomass_2004-2023.csv","2022","F","19","85.187356408","SEV","Grassland","Fertilization","Stock"
"SEV_aboveground_biomass_2004-2023.csv","2022","C","20","57.195341109","SEV","Grassland","Fertilization","Stock"
"SEV_aboveground_biomass_2004-2023.csv","2022","F","1","3.50891","SEV","Grassland","Fertilization","Stock"
"SEV_aboveground_biomass_2004-2023.csv","2022","C","2","11.903215","SEV","Grassland","Fertilization","Stock"
"SEV_aboveground_biomass_2004-2023.csv","2022","C","3","3.145485","SEV","Grassland","Fertilization","Stock"
"SEV_aboveground_biomass_2004-2023.csv","2022","F","4","4.58864","SEV","Grassland","Fertilization","Stock"
"SEV_aboveground_biomass_2004-2023.csv","2022","C","5","5.813425","SEV","Grassland","Fertilization","Stock"
"SEV_aboveground_biomass_2004-2023.csv","2022","F","6","3.99055","SEV","Grassland","Fertilization","Stock"
"SEV_aboveground_biomass_2004-2023.csv","2022","C","7","2.04389","SEV","Grassland","Fertilization","Stock"
"SEV_aboveground_biomass_2004-2023.csv","2022","F","8","6.46418","SEV","Grassland","Fertilization","Stock"
"SEV_aboveground_biomass_2004-2023.csv","2022","C","9","1.934645","SEV","Grassland","Fertilization","Stock"
"SEV_aboveground_biomass_2004-2023.csv","2022","F","10","3.999375","SEV","Grassland","Fertilization","Stock"
"SEV_aboveground_biomass_2004-2023.csv","2022","F","11","6.244655","SEV","Grassland","Fertilization","Stock"
"SEV_aboveground_biomass_2004-2023.csv","2022","C","12","35.266575","SEV","Grassland","Fertilization","Stock"
"SEV_aboveground_biomass_2004-2023.csv","2022","C","13","2.879325385","SEV","Grassland","Fertilization","Stock"
"SEV_aboveground_biomass_2004-2023.csv","2022","F","14","9.3272853915","SEV","Grassland","Fertilization","Stock"
"SEV_aboveground_biomass_2004-2023.csv","2022","C","15","2.4940776925","SEV","Grassland","Fertilization","Stock"
"SEV_aboveground_biomass_2004-2023.csv","2022","F","16","4.914529257","SEV","Grassland","Fertilization","Stock"
"SEV_aboveground_biomass_2004-2023.csv","2022","F","17","1.032145","SEV","Grassland","Fertilization","Stock"
"SEV_aboveground_biomass_2004-2023.csv","2022","C","18","1.297233846","SEV","Grassland","Fertilization","Stock"
"SEV_aboveground_biomass_2004-2023.csv","2022","F","19","3.0001","SEV","Grassland","Fertilization","Stock"
"SEV_aboveground_biomass_2004-2023.csv","2022","C","20","33.650975","SEV","Grassland","Fertilization","Stock"
"SEV_aboveground_biomass_2004-2023.csv","2023","F","1","12.6995209035","SEV","Grassland","Fertilization","Stock"
"SEV_aboveground_biomass_2004-2023.csv","2023","C","2","0","SEV","Grassland","Fertilization","Stock"
"SEV_aboveground_biomass_2004-2023.csv","2023","C","3","16.51393271","SEV","Grassland","Fertilization","Stock"
"SEV_aboveground_biomass_2004-2023.csv","2023","F","4","5.481487638","SEV","Grassland","Fertilization","Stock"
"SEV_aboveground_biomass_2004-2023.csv","2023","C","5","2.9372694375","SEV","Grassland","Fertilization","Stock"
"SEV_aboveground_biomass_2004-2023.csv","2023","F","6","20.600138707","SEV","Grassland","Fertilization","Stock"
"SEV_aboveground_biomass_2004-2023.csv","2023","C","7","7.4774954545","SEV","Grassland","Fertilization","Stock"
"SEV_aboveground_biomass_2004-2023.csv","2023","F","8","11.208253956","SEV","Grassland","Fertilization","Stock"
"SEV_aboveground_biomass_2004-2023.csv","2023","C","9","11.739685","SEV","Grassland","Fertilization","Stock"
"SEV_aboveground_biomass_2004-2023.csv","2023","F","10","6.692975","SEV","Grassland","Fertilization","Stock"
"SEV_aboveground_biomass_2004-2023.csv","2023","F","11","15.308515","SEV","Grassland","Fertilization","Stock"
"SEV_aboveground_biomass_2004-2023.csv","2023","C","12","30.816624231","SEV","Grassland","Fertilization","Stock"
"SEV_aboveground_biomass_2004-2023.csv","2023","C","13","11.7203337845","SEV","Grassland","Fertilization","Stock"
"SEV_aboveground_biomass_2004-2023.csv","2023","F","14","9.351669249","SEV","Grassland","Fertilization","Stock"
"SEV_aboveground_biomass_2004-2023.csv","2023","C","15","10.3549235345","SEV","Grassland","Fertilization","Stock"
"SEV_aboveground_biomass_2004-2023.csv","2023","F","16","11.536216781","SEV","Grassland","Fertilization","Stock"
"SEV_aboveground_biomass_2004-2023.csv","2023","F","17","19.047783445","SEV","Grassland","Fertilization","Stock"
"SEV_aboveground_biomass_2004-2023.csv","2023","C","18","20.031605232","SEV","Grassland","Fertilization","Stock"
"SEV_aboveground_biomass_2004-2023.csv","2023","F","19","14.559011975","SEV","Grassland","Fertilization","Stock"
"SEV_aboveground_biomass_2004-2023.csv","2023","C","20","33.60155","SEV","Grassland","Fertilization","Stock"
"SEV_aboveground_biomass_2004-2023.csv","2023","F","1","39.145668025","SEV","Grassland","Fertilization","Stock"
"SEV_aboveground_biomass_2004-2023.csv","2023","C","2","18.3811881465","SEV","Grassland","Fertilization","Stock"
"SEV_aboveground_biomass_2004-2023.csv","2023","C","3","25.9129025","SEV","Grassland","Fertilization","Stock"
"SEV_aboveground_biomass_2004-2023.csv","2023","F","4","29.4366525","SEV","Grassland","Fertilization","Stock"
"SEV_aboveground_biomass_2004-2023.csv","2023","C","5","21.1543475","SEV","Grassland","Fertilization","Stock"
"SEV_aboveground_biomass_2004-2023.csv","2023","F","6","27.6979775","SEV","Grassland","Fertilization","Stock"
"SEV_aboveground_biomass_2004-2023.csv","2023","C","7","25.3279925","SEV","Grassland","Fertilization","Stock"
"SEV_aboveground_biomass_2004-2023.csv","2023","F","8","11.8510625","SEV","Grassland","Fertilization","Stock"
"SEV_aboveground_biomass_2004-2023.csv","2023","C","9","17.244524425","SEV","Grassland","Fertilization","Stock"
"SEV_aboveground_biomass_2004-2023.csv","2023","F","10","44.5237875","SEV","Grassland","Fertilization","Stock"
"SEV_aboveground_biomass_2004-2023.csv","2023","F","11","31.719925","SEV","Grassland","Fertilization","Stock"
"SEV_aboveground_biomass_2004-2023.csv","2023","C","12","49.2706281375","SEV","Grassland","Fertilization","Stock"
"SEV_aboveground_biomass_2004-2023.csv","2023","C","13","16.212068042","SEV","Grassland","Fertilization","Stock"
"SEV_aboveground_biomass_2004-2023.csv","2023","F","14","10.4460707965","SEV","Grassland","Fertilization","Stock"
"SEV_aboveground_biomass_2004-2023.csv","2023","C","15","11.298414063","SEV","Grassland","Fertilization","Stock"
"SEV_aboveground_biomass_2004-2023.csv","2023","F","16","8.4067256055","SEV","Grassland","Fertilization","Stock"
"SEV_aboveground_biomass_2004-2023.csv","2023","F","17","19.483896023","SEV","Grassland","Fertilization","Stock"
"SEV_aboveground_biomass_2004-2023.csv","2023","C","18","13.0795168935","SEV","Grassland","Fertilization","Stock"
"SEV_aboveground_biomass_2004-2023.csv","2023","F","19","19.2928265105","SEV","Grassland","Fertilization","Stock"
"SEV_aboveground_biomass_2004-2023.csv","2023","C","20","17.747880128","SEV","Grassland","Fertilization","Stock"
"VCR_wrack_live_biomass_1994-1998.csv","1994","No wrack","1","384.92","VCR","Coastal","Disturbance","Stock"
"VCR_wrack_live_biomass_1994-1998.csv","1994","Wrack","1","65.24","VCR","Coastal","Disturbance","Stock"
"VCR_wrack_live_biomass_1994-1998.csv","1994","No wrack","2","343.56","VCR","Coastal","Disturbance","Stock"
"VCR_wrack_live_biomass_1994-1998.csv","1994","Wrack","2","77.12","VCR","Coastal","Disturbance","Stock"
"VCR_wrack_live_biomass_1994-1998.csv","1994","No wrack","3","348.4","VCR","Coastal","Disturbance","Stock"
"VCR_wrack_live_biomass_1994-1998.csv","1994","Wrack","3","35.16","VCR","Coastal","Disturbance","Stock"
"VCR_wrack_live_biomass_1994-1998.csv","1994","No wrack","4","234.96","VCR","Coastal","Disturbance","Stock"
"VCR_wrack_live_biomass_1994-1998.csv","1994","Wrack","4","15.16","VCR","Coastal","Disturbance","Stock"
"VCR_wrack_live_biomass_1994-1998.csv","1994","No wrack","5","488.36","VCR","Coastal","Disturbance","Stock"
"VCR_wrack_live_biomass_1994-1998.csv","1994","Wrack","5","43.8933333333333","VCR","Coastal","Disturbance","Stock"
"VCR_wrack_live_biomass_1994-1998.csv","1994","No wrack","6","439.12","VCR","Coastal","Disturbance","Stock"
"VCR_wrack_live_biomass_1994-1998.csv","1994","Wrack","6","68.44","VCR","Coastal","Disturbance","Stock"
"VCR_wrack_live_biomass_1994-1998.csv","1994","No wrack","7","508.64","VCR","Coastal","Disturbance","Stock"
"VCR_wrack_live_biomass_1994-1998.csv","1994","Wrack","7","16.48","VCR","Coastal","Disturbance","Stock"
"VCR_wrack_live_biomass_1994-1998.csv","1994","No wrack","8","391.36","VCR","Coastal","Disturbance","Stock"
"VCR_wrack_live_biomass_1994-1998.csv","1994","Wrack","8","43.64","VCR","Coastal","Disturbance","Stock"
"VCR_wrack_live_biomass_1994-1998.csv","1994","No wrack","9","336.68","VCR","Coastal","Disturbance","Stock"
"VCR_wrack_live_biomass_1994-1998.csv","1994","Wrack","9","48.36","VCR","Coastal","Disturbance","Stock"
"VCR_wrack_live_biomass_1994-1998.csv","1995","No wrack","1","328.64","VCR","Coastal","Disturbance","Stock"
"VCR_wrack_live_biomass_1994-1998.csv","1995","Wrack","1","188.6","VCR","Coastal","Disturbance","Stock"
"VCR_wrack_live_biomass_1994-1998.csv","1995","No wrack","2","267","VCR","Coastal","Disturbance","Stock"
"VCR_wrack_live_biomass_1994-1998.csv","1995","Wrack","2","263.08","VCR","Coastal","Disturbance","Stock"
"VCR_wrack_live_biomass_1994-1998.csv","1995","No wrack","3","431.36","VCR","Coastal","Disturbance","Stock"
"VCR_wrack_live_biomass_1994-1998.csv","1995","Wrack","3","188.28","VCR","Coastal","Disturbance","Stock"
"VCR_wrack_live_biomass_1994-1998.csv","1995","No wrack","4","295.84","VCR","Coastal","Disturbance","Stock"
"VCR_wrack_live_biomass_1994-1998.csv","1995","Wrack","4","109.72","VCR","Coastal","Disturbance","Stock"
"VCR_wrack_live_biomass_1994-1998.csv","1995","No wrack","5","323.92","VCR","Coastal","Disturbance","Stock"
"VCR_wrack_live_biomass_1994-1998.csv","1995","Wrack","5","288.16","VCR","Coastal","Disturbance","Stock"
"VCR_wrack_live_biomass_1994-1998.csv","1995","No wrack","6","488.48","VCR","Coastal","Disturbance","Stock"
"VCR_wrack_live_biomass_1994-1998.csv","1995","Wrack","6","467.24","VCR","Coastal","Disturbance","Stock"
"VCR_wrack_live_biomass_1994-1998.csv","1995","No wrack","7","334.16","VCR","Coastal","Disturbance","Stock"
"VCR_wrack_live_biomass_1994-1998.csv","1995","Wrack","7","214.88","VCR","Coastal","Disturbance","Stock"
"VCR_wrack_live_biomass_1994-1998.csv","1995","No wrack","8","462.6","VCR","Coastal","Disturbance","Stock"
"VCR_wrack_live_biomass_1994-1998.csv","1995","Wrack","8","264.28","VCR","Coastal","Disturbance","Stock"
"VCR_wrack_live_biomass_1994-1998.csv","1995","No wrack","9","500.28","VCR","Coastal","Disturbance","Stock"
"VCR_wrack_live_biomass_1994-1998.csv","1995","Wrack","9","316.8","VCR","Coastal","Disturbance","Stock"
"VCR_wrack_live_biomass_1994-1998.csv","1996","No wrack","1","400.28","VCR","Coastal","Disturbance","Stock"
"VCR_wrack_live_biomass_1994-1998.csv","1996","Wrack","1","417.88","VCR","Coastal","Disturbance","Stock"
"VCR_wrack_live_biomass_1994-1998.csv","1996","No wrack","2","615.56","VCR","Coastal","Disturbance","Stock"
"VCR_wrack_live_biomass_1994-1998.csv","1996","Wrack","2","650.08","VCR","Coastal","Disturbance","Stock"
"VCR_wrack_live_biomass_1994-1998.csv","1996","No wrack","3","494.28","VCR","Coastal","Disturbance","Stock"
"VCR_wrack_live_biomass_1994-1998.csv","1996","Wrack","3","323.64","VCR","Coastal","Disturbance","Stock"
"VCR_wrack_live_biomass_1994-1998.csv","1996","No wrack","4","529.64","VCR","Coastal","Disturbance","Stock"
"VCR_wrack_live_biomass_1994-1998.csv","1996","Wrack","4","426.28","VCR","Coastal","Disturbance","Stock"
"VCR_wrack_live_biomass_1994-1998.csv","1996","No wrack","5","391.08","VCR","Coastal","Disturbance","Stock"
"VCR_wrack_live_biomass_1994-1998.csv","1996","Wrack","5","466.24","VCR","Coastal","Disturbance","Stock"
"VCR_wrack_live_biomass_1994-1998.csv","1996","No wrack","6","583.16","VCR","Coastal","Disturbance","Stock"
"VCR_wrack_live_biomass_1994-1998.csv","1996","Wrack","6","579.76","VCR","Coastal","Disturbance","Stock"
"VCR_wrack_live_biomass_1994-1998.csv","1996","No wrack","7","594.24","VCR","Coastal","Disturbance","Stock"
"VCR_wrack_live_biomass_1994-1998.csv","1996","Wrack","7","538.28","VCR","Coastal","Disturbance","Stock"
"VCR_wrack_live_biomass_1994-1998.csv","1996","No wrack","8","544.76","VCR","Coastal","Disturbance","Stock"
"VCR_wrack_live_biomass_1994-1998.csv","1996","Wrack","8","540.4","VCR","Coastal","Disturbance","Stock"
"VCR_wrack_live_biomass_1994-1998.csv","1996","No wrack","9","616.08","VCR","Coastal","Disturbance","Stock"
"VCR_wrack_live_biomass_1994-1998.csv","1996","Wrack","9","518.08","VCR","Coastal","Disturbance","Stock"
"VCR_wrack_live_biomass_1994-1998.csv","1997","No wrack","1","816.88","VCR","Coastal","Disturbance","Stock"
"VCR_wrack_live_biomass_1994-1998.csv","1997","Wrack","1","653.68","VCR","Coastal","Disturbance","Stock"
"VCR_wrack_live_biomass_1994-1998.csv","1997","No wrack","2","538.12","VCR","Coastal","Disturbance","Stock"
"VCR_wrack_live_biomass_1994-1998.csv","1997","Wrack","2","521.92","VCR","Coastal","Disturbance","Stock"
"VCR_wrack_live_biomass_1994-1998.csv","1997","No wrack","3","867.04","VCR","Coastal","Disturbance","Stock"
"VCR_wrack_live_biomass_1994-1998.csv","1997","Wrack","3","416.38","VCR","Coastal","Disturbance","Stock"
"VCR_wrack_live_biomass_1994-1998.csv","1997","No wrack","4","519.685","VCR","Coastal","Disturbance","Stock"
"VCR_wrack_live_biomass_1994-1998.csv","1997","Wrack","4","811.24","VCR","Coastal","Disturbance","Stock"
"VCR_wrack_live_biomass_1994-1998.csv","1997","No wrack","5","532.76","VCR","Coastal","Disturbance","Stock"
"VCR_wrack_live_biomass_1994-1998.csv","1997","Wrack","5","546.56","VCR","Coastal","Disturbance","Stock"
"VCR_wrack_live_biomass_1994-1998.csv","1997","No wrack","6","533.52","VCR","Coastal","Disturbance","Stock"
"VCR_wrack_live_biomass_1994-1998.csv","1997","Wrack","6","471.36","VCR","Coastal","Disturbance","Stock"
"VCR_wrack_live_biomass_1994-1998.csv","1997","No wrack","7","306.12","VCR","Coastal","Disturbance","Stock"
"VCR_wrack_live_biomass_1994-1998.csv","1997","Wrack","7","420.92","VCR","Coastal","Disturbance","Stock"
"VCR_wrack_live_biomass_1994-1998.csv","1997","No wrack","8","688.32","VCR","Coastal","Disturbance","Stock"
"VCR_wrack_live_biomass_1994-1998.csv","1997","Wrack","8","652.28","VCR","Coastal","Disturbance","Stock"
"VCR_wrack_live_biomass_1994-1998.csv","1997","No wrack","9","579.12","VCR","Coastal","Disturbance","Stock"
"VCR_wrack_live_biomass_1994-1998.csv","1997","Wrack","9","689.6","VCR","Coastal","Disturbance","Stock"
"VCR_wrack_live_biomass_1994-1998.csv","1998","No wrack","1","1008.48","VCR","Coastal","Disturbance","Stock"
"VCR_wrack_live_biomass_1994-1998.csv","1998","Wrack","1","1020.32","VCR","Coastal","Disturbance","Stock"
"VCR_wrack_live_biomass_1994-1998.csv","1998","No wrack","2","621.2","VCR","Coastal","Disturbance","Stock"
"VCR_wrack_live_biomass_1994-1998.csv","1998","Wrack","2","613.08","VCR","Coastal","Disturbance","Stock"
"VCR_wrack_live_biomass_1994-1998.csv","1998","No wrack","3","724.36","VCR","Coastal","Disturbance","Stock"
"VCR_wrack_live_biomass_1994-1998.csv","1998","Wrack","3","426.4","VCR","Coastal","Disturbance","Stock"
"VCR_wrack_live_biomass_1994-1998.csv","1998","No wrack","4","639.84","VCR","Coastal","Disturbance","Stock"
"VCR_wrack_live_biomass_1994-1998.csv","1998","Wrack","4","844.48","VCR","Coastal","Disturbance","Stock"
"VCR_wrack_live_biomass_1994-1998.csv","1998","No wrack","5","761.32","VCR","Coastal","Disturbance","Stock"
"VCR_wrack_live_biomass_1994-1998.csv","1998","Wrack","5","586.2","VCR","Coastal","Disturbance","Stock"
"VCR_wrack_live_biomass_1994-1998.csv","1998","No wrack","6","806.48","VCR","Coastal","Disturbance","Stock"
"VCR_wrack_live_biomass_1994-1998.csv","1998","Wrack","6","727.56","VCR","Coastal","Disturbance","Stock"
"VCR_wrack_live_biomass_1994-1998.csv","1998","No wrack","7","872.04","VCR","Coastal","Disturbance","Stock"
"VCR_wrack_live_biomass_1994-1998.csv","1998","Wrack","7","569.48","VCR","Coastal","Disturbance","Stock"
"VCR_wrack_live_biomass_1994-1998.csv","1998","No wrack","8","758.92","VCR","Coastal","Disturbance","Stock"
"VCR_wrack_live_biomass_1994-1998.csv","1998","Wrack","8","546.56","VCR","Coastal","Disturbance","Stock"
"VCR_wrack_live_biomass_1994-1998.csv","1998","No wrack","9","761.2","VCR","Coastal","Disturbance","Stock"
"VCR_wrack_live_biomass_1994-1998.csv","1998","Wrack","9","854","VCR","Coastal","Disturbance","Stock"
