"source","Date","Treatment","means","response_sd","sample_size","control_stratum","control_mean","control_sd","control_n","log_response_ratio","log_rr_variance","log_rr_se","log_rr_ci_lower","log_rr_ci_upper","response_ratio","response_ratio_ci_lower","response_ratio_ci_upper","site_abbr"
"AND_tree_DBH_2002-2015_processed.csv",2002,"WS06",14.8038094938236,1.97920854137206,22,"all",34.8035700559548,8.95179815361694,22,-0.854835423453302,0.00381959821663285,0.0618028981248683,-0.975969103778043,-0.73370174312856,0.425353188481038,0.376826992093455,0.480128384503081,"AND"
"AND_tree_DBH_2002-2015_processed.csv",2002,"WS07",12.5595109271855,2.5251701629051,24,"all",34.8035700559548,8.95179815361694,22,-1.01924174796989,0.00469143674112472,0.068494063546593,-1.15349011252121,-0.88499338341857,0.360868465706051,0.315533597642113,0.412716904045019,"AND"
"AND_tree_DBH_2002-2015_processed.csv",2008,"WS06",18.0296344283123,2.78918678249575,22,"all",34.818875660278,8.99344334275772,22,-0.65814288249914,0.00412031731756996,0.0641896979083868,-0.783954690399578,-0.532331074598701,0.517812079982835,0.456596737370359,0.587234485555822,"AND"
"AND_tree_DBH_2002-2015_processed.csv",2008,"WS07",16.0956614390974,3.31768848985332,24,"all",34.818875660278,8.99344334275772,22,-0.771609883920691,0.00480277465216733,0.0693020537370093,-0.90744190924523,-0.635777858596153,0.462268270697195,0.403555235678155,0.529523433723455,"AND"
"AND_tree_DBH_2002-2015_processed.csv",2014,"WS06",21.0654452265603,3.29512798427102,22,"all",34.423611609309,8.61135892172187,22,-0.491108681865208,0.0039567065808697,0.0629023575144024,-0.614397302593437,-0.36782006113698,0.611947562784601,0.540966836386856,0.692241731672836,"AND"
"AND_tree_DBH_2002-2015_processed.csv",2014,"WS07",19.5050956223303,4.11963669581509,24,"all",34.423611609309,8.61135892172187,22,-0.568066967518327,0.00470321725112503,0.0685800062053441,-0.702483779680801,-0.433650155355852,0.566619674998182,0.495353425794142,0.648138963771838,"AND"
"ARC_Biomass_1982-2015_processed.csv",1983,"GH",319.47125,115.933347832206,4,"all",313.89125,56.6251764346037,4,0.0176206970782825,0.0410583385857921,0.202628572974771,-0.379531305952269,0.414772700108834,1.01777685743072,0.684182006109387,1.5140265635047,"ARC"
"ARC_Biomass_1982-2015_processed.csv",1983,"GHNP",453.3425,82.8375072556709,4,"all",313.89125,56.6251764346037,4,0.367601322105865,0.0164830156165075,0.1283861971417,0.115964375708133,0.619238268503597,1.4442661272017,1.12295586691312,1.85751257697785,"ARC"
"ARC_Biomass_1982-2015_processed.csv",1983,"NP",418.42625,61.1721090278622,4,"all",313.89125,56.6251764346037,4,0.287454061448515,0.0134791026743886,0.116099537787145,0.0598989673857118,0.515009155511319,1.33302935331902,1.06172927184233,1.67365382488392,"ARC"
"ARC_Biomass_1982-2015_processed.csv",1983,"SH",264.40625,61.5993109234998,4,"all",313.89125,56.6251764346037,4,-0.17155984221515,0.0217048224271923,0.14732556610172,-0.460317951774522,0.117198267344221,0.842349858430268,0.631082959657512,1.12434232796044,"ARC"
"ARC_Biomass_1982-2015_processed.csv",1984,"NP",356.9,81.5325044588558,4,"all",257.31125,21.7980566316511,4,0.327169188884033,0.0148410813492984,0.12182397690643,0.0883941941474301,0.565944183620637,1.38703612842423,1.0924186622076,1.76110980900515,"ARC"
"ARC_Biomass_1982-2015_processed.csv",1989,"GH",353.2925,39.0493159351095,4,"all",254.20625,24.9408925846022,4,0.329150380329481,0.00546073540782477,0.073896788887101,0.184312674110763,0.473988086548199,1.38978683647629,1.20239172108863,1.60638784928925,"ARC"
"ARC_Biomass_1982-2015_processed.csv",1989,"GHNP",547.0675,108.825505014526,4,"all",254.20625,24.9408925846022,4,0.766426249781895,0.0122993390212414,0.11090238510168,0.549057574982602,0.983794924581188,2.15206156418263,1.7316203263274,2.6745868627304,"ARC"
"ARC_Biomass_1982-2015_processed.csv",1989,"NP",516.97375,45.0877944265408,4,"all",254.20625,24.9408925846022,4,0.709846154132493,0.00430813951756489,0.0656364191403286,0.581198772617449,0.838493535647537,2.03367836156664,1.78818076854596,2.31288007960594,"ARC"
"ARC_Biomass_1982-2015_processed.csv",1989,"SH",168.04625,66.2774637886061,4,"all",254.20625,24.9408925846022,4,-0.413906706257647,0.0412943982075493,0.203210231552324,-0.812198760100203,-0.0156146524150913,0.661062621395029,0.443881004612356,0.984506624218589,"ARC"
"ARC_Biomass_1982-2015_processed.csv",1995,"NP",802.93375,189.116747027464,4,"all",315.8525,42.6052753971462,4,0.932996874966887,0.0184176669278429,0.135711705198347,0.667001932778127,1.19899181715565,2.54211617764621,1.94838715975094,3.31677132458451,"ARC"
"ARC_Biomass_1982-2015_processed.csv",2000,"NP",829.064017857143,173.612674710157,4,"all",471.0995,172.767878431341,4,0.565228050782217,0.0445862622254912,0.211154593190608,0.151365048128626,0.979091053435809,1.75984907192035,1.16342128533543,2.66203549391484,"ARC"
"ARC_Biomass_1982-2015_processed.csv",2015,"NP",988.1725,301.692248284572,4,"all",361.091875,82.044175035322,4,1.00672485031167,0.0362087645865455,0.190286007332503,0.633764275939965,1.37968542468338,2.73662347013485,1.88469174295801,3.97365141820954,"ARC"
"BNZ_NEE_2009-2021.csv",2009,"C S",8.62318920777776,16.2691482517132,6,"all",3.56885052999997,11.7367703821946,6,0.882211430398598,2.39581456257041,1.54784190490192,-2.15155870320917,3.91598156400637,2.41623714282532,0.116302734971841,50.1983202010014,"BNZ"
"BNZ_NEE_2009-2021.csv",2009,"W S",1.98727000222224,22.3901256269049,6,"all",3.56885052999997,11.7367703821946,6,-0.585481724854876,22.9592642622947,4.79158264692311,-9.97698371282418,8.80602026311442,0.556837554702032,4.64569856706767e-05,6674.304366722,"BNZ"
"BNZ_NEE_2009-2021.csv",2010,"C S",44.7962615715726,37.3479557479803,6,"all",22.9097266374092,31.8250178712764,6,0.670563124502261,0.437473127160058,0.661417513496625,-0.625815201951124,1.96694145095565,1.95533810946591,0.534825260164902,7.148778128301,"BNZ"
"BNZ_NEE_2009-2021.csv",2010,"W C",48.1491150804358,45.3647570030989,6,"all",22.9097266374092,31.8250178712764,6,0.742741195309804,0.469570441191242,0.68525210046467,-0.600352921600948,2.08583531222056,2.10168876488528,0.548617982787025,8.05131403459615,"BNZ"
"BNZ_NEE_2009-2021.csv",2010,"W S",46.5414555962249,46.7575552011464,6,"all",22.9097266374092,31.8250178712764,6,0.708781869251717,0.489840351003653,0.699885955712539,-0.662994603944859,2.08055834244829,2.03151509980165,0.515305884606608,8.00893939698123,"BNZ"
"BNZ_NEE_2009-2021.csv",2011,"C S",75.7664995999517,36.4412701285851,6,"all",48.8033917162659,29.4084554044478,6,0.439856424345501,0.0990742524823623,0.314760627274699,-0.17707440511291,1.05678725380391,1.55248430355916,0.837717451742501,2.87711269209468,"BNZ"
"BNZ_NEE_2009-2021.csv",2011,"W C",102.23500558675,40.2779445988216,6,"all",48.8033917162659,29.4084554044478,6,0.739474326714753,0.0863884642554481,0.293919145778985,0.163392800987943,1.31555585244156,2.09483402672351,1.17749912167895,3.72682197270898,"BNZ"
"BNZ_NEE_2009-2021.csv",2011,"W S",93.1545744948941,80.6031110823169,6,"all",48.8033917162659,29.4084554044478,6,0.646460391924598,0.185298912796582,0.430463602173961,-0.197248268336366,1.49016905218556,1.90877255081938,0.820986782986124,4.43784568310535,"BNZ"
"BNZ_NEE_2009-2021.csv",2012,"C S",98.3289920468294,58.2899816208368,6,"all",76.3218547631216,25.5486175131326,6,0.253359588724283,0.0772458356452195,0.277931350597984,-0.291385858447766,0.798105035896331,1.28834646841342,0.74722729841932,2.2213276016341,"BNZ"
"BNZ_NEE_2009-2021.csv",2012,"W C",126.397169994423,57.2961534735774,6,"all",76.3218547631216,25.5486175131326,6,0.504469762880951,0.0529232731868108,0.23005058832094,0.0535706097719075,0.955368915989994,1.65610715812291,1.05503148467008,2.59962945091028,"BNZ"
"BNZ_NEE_2009-2021.csv",2012,"W S",112.979715982479,71.913165560134,6,"all",76.3218547631216,25.5486175131326,6,0.392248968723096,0.0862010819822362,0.293600207735342,-0.183207438438175,0.967705375884367,1.48030621547565,0.832595425527564,2.63189830785743,"BNZ"
"BNZ_NEE_2009-2021.csv",2013,"C S",114.544672606667,55.485201594827,6,"all",90.2277546781666,19.4219013590515,6,0.238627819404166,0.0468292851107402,0.21640075117878,-0.185517652906242,0.662773291714575,1.26950596316218,0.830674171638223,1.94016552522141,"BNZ"
"BNZ_NEE_2009-2021.csv",2013,"W C",139.62896729675,72.2814644927186,6,"all",90.2277546781666,19.4219013590515,6,0.436651589658449,0.0523857734641259,0.228879386280473,-0.0119520074512781,0.885255186768175,1.54751681225796,0.988119134079674,2.42360278394118,"BNZ"
"BNZ_NEE_2009-2021.csv",2013,"W S",120.931517032417,38.2511573557412,6,"all",90.2277546781666,19.4219013590515,6,0.292887329163811,0.0243971274144163,0.156195798325103,-0.0132564355533913,0.599031093881013,1.34029177012957,0.986831044006034,1.82035419334262,"BNZ"
"BNZ_NEE_2009-2021.csv",2014,"C S",118.54653617025,54.7829832532747,6,"all",105.424214182667,25.6780565269762,6,0.117313247981748,0.0454804498506953,0.213261458896574,-0.300679211455538,0.535305707419033,1.1244716129906,0.740315219301247,1.70797030164413,"BNZ"
"BNZ_NEE_2009-2021.csv",2014,"W C",83.4766902912499,48.7456660913488,6,"all",105.424214182667,25.6780565269762,6,-0.233424911104117,0.0667192900500963,0.25830077438927,-0.739694428907085,0.272844606698851,0.791817050176075,0.477259730018858,1.31369608939092,"BNZ"
"BNZ_NEE_2009-2021.csv",2014,"W S",109.249750294525,60.6411588734614,6,"all",105.424214182667,25.6780565269762,6,0.0356442025390442,0.061237913678083,0.247462954152905,-0.449383187600651,0.520671592678739,1.03628707258116,0.638021569892028,1.68315766656692,"BNZ"
"BNZ_NEE_2009-2021.csv",2015,"C S",128.602143665228,61.1767232894762,6,"all",103.959249629308,64.259113855877,6,0.212724489043765,0.101394295045463,0.318424708597595,-0.41138793980752,0.83683691789505,1.23704378517343,0.662729782460513,2.30905169336854,"BNZ"
"BNZ_NEE_2009-2021.csv",2015,"W C",80.6802462049244,70.2164432543741,6,"all",103.959249629308,64.259113855877,6,-0.253505227164205,0.189916913661198,0.435794577365526,-1.10766259880064,0.600652144472226,0.776075688239476,0.330330173551428,1.82330747264481,"BNZ"
"BNZ_NEE_2009-2021.csv",2015,"W S",163.278843651351,84.2556902375414,6,"all",103.959249629308,64.259113855877,6,0.451460444610097,0.108058380899701,0.328722346212881,-0.192835353967149,1.09575624318734,1.57060429190825,0.824617733001079,2.99144408741132,"BNZ"
"BNZ_NEE_2009-2021.csv",2016,"C S",94.0541360761035,47.9665389705254,6,"all",83.7280510967009,32.4017074858411,6,0.116296472297592,0.0683079501804124,0.261357896724802,-0.39596500528302,0.628557949878205,1.12332885865785,0.673030248028333,1.87490492201538,"BNZ"
"BNZ_NEE_2009-2021.csv",2016,"W S",99.3527257518269,69.865366675224,6,"all",83.7280510967009,32.4017074858411,6,0.171102344572934,0.107376175170541,0.327683040712425,-0.471156415223418,0.813361104369287,1.18661218612482,0.624279923890513,2.25547615160354,"BNZ"
"BNZ_NEE_2009-2021.csv",2017,"C S",125.818706622244,72.6404684474104,6,"all",96.3043786178906,35.6327357313051,6,0.267328248216761,0.0783708473420304,0.279947936841889,-0.281369707993342,0.816026204426864,1.30646922214678,0.75474924706317,2.26149523839664,"BNZ"
"BNZ_NEE_2009-2021.csv",2017,"W C",48.1000386663983,66.5468577737487,6,"all",96.3043786178906,35.6327357313051,6,-0.694230805297722,0.341833211916737,0.584665042495904,-1.84017428858969,0.45171267799425,0.499458481085747,0.158789748453725,1.5710005007104,"BNZ"
"BNZ_NEE_2009-2021.csv",2017,"W S",154.110508657065,29.8130476576397,6,"all",96.3043786178906,35.6327357313051,6,0.470156147467873,0.0290541198988037,0.17045269108701,0.136068872937333,0.804243421998413,1.60024404776581,1.14576080278945,2.23500490344537,"BNZ"
"BNZ_NEE_2009-2021.csv",2018,"C S",124.856712773654,45.5833840630732,6,"all",75.2032900622722,47.8884969550857,6,0.506971801162847,0.0897975810459687,0.299662445171177,-0.0803665913726602,1.09431019369835,1.66025598973484,0.922778001918959,2.98712143735358,"BNZ"
"BNZ_NEE_2009-2021.csv",2018,"W C",18.8171605969181,60.1718466564969,6,"all",75.2032900622722,47.8884969550857,6,-1.38542572962902,1.77180923823144,1.33109324926222,-3.99436849818296,1.22351703892492,0.250217252215116,0.01841907441774,3.39912157832331,"BNZ"
"BNZ_NEE_2009-2021.csv",2018,"W S",100.876794093185,23.8788867587755,6,"all",75.2032900622722,47.8884969550857,6,0.293704930915499,0.076921872834819,0.277347927403143,-0.249897006794661,0.83730686862566,1.34138804312489,0.77888099839112,2.31013708892009,"BNZ"
"BNZ_NEE_2009-2021.csv",2019,"C S",62.9144901556996,0,1,"all",29.5194828262642,89.2793042586652,2,0.756726025167549,4.57355714459784,2.1385876518389,-3.4349057724367,4.9483578227718,2.1312870054662,0.0322284468968658,140.943319862889,"BNZ"
"BNZ_NEE_2009-2021.csv",2019,"W C",76.2754606547047,87.1036935274307,4,"all",29.5194828262642,89.2793042586652,2,0.949300789834234,4.89957656618677,2.21349871610235,-3.38915669372638,5.28775827339485,2.58390233675912,0.0337371156278709,197.899291674881,"BNZ"
"BNZ_NEE_2009-2021.csv",2019,"W S",118.98764567263,69.4522177815369,4,"all",29.5194828262642,89.2793042586652,2,1.39396918970172,4.65873143074958,2.15840946781411,-2.83651336721394,5.62445174661737,4.03081742227422,0.0586297303490596,277.120310719117,"BNZ"
"BNZ_NEE_2009-2021.csv",2020,"C S",146.903418652401,55.3275501110472,6,"all",104.62720372309,54.58252760432,6,0.339371763227107,0.0690004554145663,0.262679377596655,-0.175479816862337,0.854223343316552,1.40406522801853,0.839054331751651,2.34954887893273,"BNZ"
"BNZ_NEE_2009-2021.csv",2020,"W C",2.32725608327891,67.7709750915961,6,"all",104.62720372309,54.58252760432,6,-3.80571366470652,141.379756204491,11.8903219554599,-27.1107446974079,19.4993173679948,0.0222433172297934,1.68249265755899e-12,294066758.129599,"BNZ"
"BNZ_NEE_2009-2021.csv",2020,"W S",125.080131563554,72.621299144695,6,"all",104.62720372309,54.58252760432,6,0.178550992772348,0.101541725686182,0.318656124507567,-0.446015011262483,0.80311699680718,1.19548384275466,0.640174162167136,2.23248875501214,"BNZ"
"BNZ_NEE_2009-2021.csv",2021,"C S",95.8268325559553,35.1146388541,6,"all",59.3151397957938,60.7822357170853,6,0.479678153122316,0.197392794383014,0.444289088750797,-0.391128460829247,1.35048476707388,1.61555435738433,0.676293273264194,3.85929593690324,"BNZ"
"BNZ_NEE_2009-2021.csv",2021,"W C",0.227655904143016,48.0475993722792,6,"all",59.3151397957938,60.7822357170853,6,-5.56278456430819,7424.11240912495,86.1632892195101,-174.442831434548,163.317262305932,0.0038380741397015,1.73956595854967e-76,8.46809690052033e+70,"BNZ"
"BNZ_NEE_2009-2021.csv",2021,"W S",70.6828694738272,30.0395017542855,6,"all",59.3151397957938,60.7822357170853,6,0.175338662781691,0.205115995876617,0.452897334808471,-0.712340113442913,1.0630174390063,1.19164971569096,0.490495039369917,2.89509359101877,"BNZ"
"CAP_Biomass_2006-2024_Processed.csv",2008,"N",28.353,13.9610612572459,15,"all",19.6266666666667,11.9799247130753,15,0.367843658928518,0.0410023646115555,0.202490406221025,-0.0290375372646905,0.764724855121726,1.44461616847826,0.97138000083403,2.14840317119662,"CAP"
"CAP_Biomass_2006-2024_Processed.csv",2008,"NP",38.7355,15.8164277222405,15,"all",19.6266666666667,11.9799247130753,15,0.679867306470582,0.0359533541771455,0.189613697229777,0.308224459900219,1.05151015304094,1.97361582880435,1.36100644602551,2.86196986875555,"CAP"
"CAP_Biomass_2006-2024_Processed.csv",2008,"P",25.5743333333333,10.0480346988615,15,"all",19.6266666666667,11.9799247130753,15,0.264700058622584,0.0351295250087143,0.187428719807596,-0.102660232200303,0.632060349445472,1.30304008152174,0.902433539255983,1.88148310118442,"CAP"
"CAP_Biomass_2006-2024_Processed.csv",2009,"N",9.53533333333333,6.00332927474017,15,"all",7.41666666666667,4.61431184571695,15,0.251274477420459,0.0522304579047154,0.228539838769339,-0.196663606567445,0.699212561408363,1.28566292134831,0.821466922916979,2.01216762503405,"CAP"
"CAP_Biomass_2006-2024_Processed.csv",2009,"NP",15.4881666666667,13.1806766527295,15,"all",7.41666666666667,4.61431184571695,15,0.736346571551466,0.0740869485621524,0.272189177893156,0.202855782880879,1.26983736022205,2.08829213483146,1.22489580456468,3.56027347317822,"CAP"
"CAP_Biomass_2006-2024_Processed.csv",2009,"P",9.1845,7.48905208096649,15,"all",7.41666666666667,4.61431184571695,15,0.213787560659842,0.0701303452919589,0.264821345990007,-0.305262277480571,0.732837398800256,1.2383595505618,0.736930068881072,2.08097679986933,"CAP"
"CAP_Biomass_2006-2024_Processed.csv",2010,"N",25.1205,16.2239193784979,15,"all",11.522,5.37684247491034,15,0.779425994550314,0.0423256428144013,0.205731968382168,0.376191336521265,1.18266065257936,2.18022044783892,1.45672583196079,3.26304449120449,"CAP"
"CAP_Biomass_2006-2024_Processed.csv",2010,"NP",38.591,17.6422237979149,15,"all",11.522,5.37684247491034,15,1.20876083735267,0.0284509859215323,0.168674200521397,0.878159404330731,1.53936227037461,3.34933171324423,2.40646629616801,4.66161647192266,"CAP"
"CAP_Biomass_2006-2024_Processed.csv",2010,"P",15.1885,5.50223410793938,15,"all",11.522,5.37684247491034,15,0.276280311244379,0.0232670013250033,0.152535246172822,-0.0226887712543515,0.575249393743109,1.31821732338136,0.977566683285632,1.77757378741904,"CAP"
"CAP_Biomass_2006-2024_Processed.csv",2013,"N",10.763,8.95656130203678,15,"all",6.8885,5.19394322745253,15,0.446260971779645,0.0840675314082698,0.289944014265288,-0.122029296180321,1.01455123973961,1.56245917108224,0.885122437416256,2.75812538254627,"CAP"
"CAP_Biomass_2006-2024_Processed.csv",2013,"NP",15.3885714285714,13.5457436443748,14,"all",6.8885,5.19394322745253,15,0.803771764385568,0.0932466142564527,0.305363085942706,0.205260115937864,1.40228341283327,2.23395099492944,1.22784440532766,4.06447024239562,"CAP"
"CAP_Biomass_2006-2024_Processed.csv",2013,"P",9.09916666666667,8.09985332024746,15,"all",6.8885,5.19394322745253,15,0.278329479735458,0.0907287440243891,0.301212124630449,-0.312046284540222,0.868705244011138,1.32092134233384,0.731947649583862,2.38382238623901,"CAP"
"CAP_Biomass_2006-2024_Processed.csv",2015,"N",5.39259090909091,1.99916397299198,11,"all",3.35986363636364,1.93691035015704,11,0.473125568834437,0.0427064701575696,0.206655438248234,0.0680809098678983,0.878170227800976,1.60500290866783,1.0704519150981,2.40649234262532,"CAP"
"CAP_Biomass_2006-2024_Processed.csv",2015,"NP",7.84031818181818,6.01756326212167,11,"all",3.35986363636364,1.93691035015704,11,0.847379029218417,0.0837649359879313,0.289421726876078,0.280112444541303,1.41464561389553,2.33352273495948,1.32327859942726,4.11502789883371,"CAP"
"CAP_Biomass_2006-2024_Processed.csv",2015,"P",4.59554545454546,2.91749310585771,11,"all",3.35986363636364,1.93691035015704,11,0.313187066130152,0.0668520289406329,0.258557593082533,-0.193585816311614,0.819959948571917,1.36777737191715,0.823999120595576,2.2704089025925,"CAP"
"CAP_Biomass_2006-2024_Processed.csv",2016,"N",2.736,3.0857624086856,15,"all",2.39833333333333,3.19516074750253,15,0.131722948089083,0.203125716363853,0.450694704166638,-0.751638672077528,1.01508456825569,1.14079221681723,0.471593132724641,2.75959676179309,"CAP"
"CAP_Biomass_2006-2024_Processed.csv",2016,"NP",5.0095,5.24340565445235,15,"all",2.39833333333333,3.19516074750253,15,0.736562058045959,0.191362276572182,0.437449741767191,-0.120839435817735,1.59396355190965,2.08874218207088,0.886176236333025,4.92322376101572,"CAP"
"CAP_Biomass_2006-2024_Processed.csv",2016,"P",3.48016666666667,5.35916828457373,15,"all",2.39833333333333,3.19516074750253,15,0.372306133688648,0.27641426137981,0.525751140160256,-0.658166101025454,1.40277836840275,1.45107713690063,0.517800057289004,4.06648247252025,"CAP"
"CAP_Biomass_2006-2024_Processed.csv",2017,"N",17.136,12.9528428967213,15,"all",10.7323333333333,6.61250282653644,15,0.467920521865383,0.0633984651945076,0.251790518476188,-0.0255888943479454,0.961429938078712,1.5966704972513,0.974735726617509,2.61543370903145,"CAP"
"CAP_Biomass_2006-2024_Processed.csv",2017,"NP",25.2237857142857,18.6641863303394,14,"all",10.7323333333333,6.61250282653644,15,0.854526435056076,0.0644160259843896,0.253803124457501,0.357072311119375,1.35198055899278,2.35026111572063,1.42913920877348,3.86507296011349,"CAP"
"CAP_Biomass_2006-2024_Processed.csv",2017,"P",17.147,15.3055285296336,15,"all",10.7323333333333,6.61250282653644,15,0.468562239356705,0.0784241288871382,0.280043083983765,-0.0803222052514753,1.01744668396488,1.59769543746312,0.922818961364188,2.7661229534306,"CAP"
"CAP_Biomass_2006-2024_Processed.csv",2019,"N",34.0051111111111,13.8733815132112,9,"all",26.7223333333333,8.7953797068404,9,0.241011169910496,0.0305311141163446,0.174731548715006,-0.101462665570916,0.583485005391908,1.27253524933368,0.903514910925911,1.79227364287464,"CAP"
"CAP_Biomass_2006-2024_Processed.csv",2019,"NP",42.3721111111111,20.0411602969641,9,"all",26.7223333333333,8.7953797068404,9,0.460990718802467,0.0368936642152514,0.192077235026047,0.0845193381514147,0.83746209945352,1.58564413453582,1.0881938876867,2.31049572124755,"CAP"
"CAP_Biomass_2006-2024_Processed.csv",2019,"P",26.6417222222222,9.01543069586498,9,"all",26.7223333333333,8.7953797068404,9,-0.00302117864119769,0.0247604690509752,0.157354596535898,-0.311436187851558,0.305393830569162,0.996983380526484,0.73239434467089,1.35715938862509,"CAP"
"CAP_Biomass_2006-2024_Processed.csv",2021,"N",0.916222222222222,0.578232009615902,9,"all",0.715388888888889,0.356596566319856,9,0.247432640553007,0.0718622937796492,0.268071434098542,-0.277987370280136,0.77285265138615,1.28073309000544,0.757306386021443,2.16593611002301,"CAP"
"CAP_Biomass_2006-2024_Processed.csv",2021,"NP",1.38705555555556,1.08478884594089,9,"all",0.715388888888889,0.356596566319856,9,0.662112178609138,0.0955685905840837,0.309141699846662,0.0561944469096807,1.2680299103086,1.93888328026714,1.05780335033287,3.55384426917963,"CAP"
"CAP_Biomass_2006-2024_Processed.csv",2021,"P",0.770388888888889,0.494456948187717,9,"all",0.715388888888889,0.356596566319856,9,0.0740691424800805,0.0733789472248424,0.270885487290926,-0.456866412610134,0.605004697570295,1.07688126116331,0.633264930621693,1.83126081134196,"CAP"
"CAP_Biomass_2006-2024_Processed.csv",2023,"N",161.006,110.240959402574,9,"all",88.1068888888889,44.7730765875108,9,0.602890907514166,0.0807833116359328,0.284224051825198,0.0458117659367786,1.15997004909155,1.8273939987036,1.04687733443491,3.18983773614745,"CAP"
"CAP_Biomass_2006-2024_Processed.csv",2023,"NP",163.76,85.7535729518018,9,"all",88.1068888888889,44.7730765875108,9,0.619851217496392,0.0591608779425518,0.243230092592491,0.14312023601511,1.09658219897768,1.85865148645206,1.15386852987977,2.99391590864378,"CAP"
"CAP_Biomass_2006-2024_Processed.csv",2023,"P",90.7408888888889,62.3197085849341,9,"all",88.1068888888889,44.7730765875108,9,0.0294573463295304,0.0811012782517746,0.284782861583654,-0.528717062374431,0.587631755033492,1.0298955057115,0.589360597748751,1.79972118383272,"CAP"
"CAP_Biomass_2006-2024_Processed.csv",2024,"N",62.0966666666667,27.7334202722996,9,"all",51.6544444444444,20.627979852079,9,0.184116069506682,0.0398826255357995,0.199706348261139,-0.207308373085151,0.575540512098515,1.20215534857708,0.812768975262472,1.77809134710855,"CAP"
"CAP_Biomass_2006-2024_Processed.csv",2024,"NP",69.3166666666667,42.7754059010549,9,"all",51.6544444444444,20.627979852079,9,0.294109136393986,0.0600323344544005,0.245014967817071,-0.186120200527474,0.774338473315445,1.34193034911484,0.830173801655593,2.16915669740992,"CAP"
"CAP_Biomass_2006-2024_Processed.csv",2024,"P",69.5722222222222,44.5668295309914,9,"all",51.6544444444444,20.627979852079,9,0.297789140546997,0.0633138246108245,0.25162238495576,-0.195390733966292,0.790969015060286,1.34687775602831,0.822513211410625,2.20553258539479,"CAP"
"CDR_Biomass_1998-2021_gm2_processed.csv",1998,"Camb Nenrich M",353.399617094017,23.4662750527243,3,"M",274.277205128205,41.8389755212132,3,0.253460183878058,0.00922614247210756,0.0960528108495923,0.0651966746128575,0.441723693143259,1.28847607634338,1.06736892811286,1.55538591726148,"CDR"
"CDR_Biomass_1998-2021_gm2_processed.csv",1998,"Camb Nenrich S",370.977777777778,42.3778025403413,3,"S",276.663333333333,14.2083477028272,3,0.293340798783179,0.00522885457601544,0.072310819218257,0.151611593115395,0.435070004450963,1.34089968955449,1.16370815638268,1.54507121702777,"CDR"
"CDR_Biomass_1998-2021_gm2_processed.csv",1998,"Cenrich Namb M",306.646055555556,27.2633273813488,3,"M",274.277205128205,41.8389755212132,3,0.111554876456141,0.0103913066333232,0.101937758624188,-0.0882431304472679,0.311352883359549,1.11801509502848,0.915538254436002,1.36527091757793,"CDR"
"CDR_Biomass_1998-2021_gm2_processed.csv",1998,"Cenrich Namb S",281.288,30.7834168343931,3,"S",276.663333333333,14.2083477028272,3,0.0165776916458743,0.00487132818123356,0.0697949008254439,-0.120220313971996,0.153375697263744,1.01671586404656,0.886725057276101,1.1657628706009,"CDR"
"CDR_Biomass_1998-2021_gm2_processed.csv",1998,"Cenrich Nenrich M",379.823487179487,11.9450921181897,3,"M",274.277205128205,41.8389755212132,3,0.325567344865831,0.00808610258950223,0.0899227590185167,0.149318737189539,0.501815952542124,1.38481609145006,1.16104299782026,1.65171799040978,"CDR"
"CDR_Biomass_1998-2021_gm2_processed.csv",1998,"Cenrich Nenrich S",449.204666666667,79.8279842244143,3,"S",276.663333333333,14.2083477028272,3,0.48467724779256,0.0114060507358501,0.106799113928207,0.275350984493275,0.694003511091845,1.62365088736009,1.31699283782069,2.00171339457514,"CDR"
"CDR_Biomass_1998-2021_gm2_processed.csv",1999,"Camb Nenrich M",258.755866666667,70.9011766811619,3,"M",184.757641025641,9.03717565097572,3,0.336840099725895,0.0258243100460437,0.160699440092502,0.021869197144591,0.6518110023072,1.40051510308446,1.02211008080911,1.91901302099964,"CDR"
"CDR_Biomass_1998-2021_gm2_processed.csv",1999,"Camb Nenrich S",268.464555555556,25.7960260297188,3,"S",147.337222222222,14.1859081420547,3,0.599994907896178,0.00616765605308667,0.0785344259104672,0.446067433111662,0.753922382680694,1.82210952199603,1.56215680407629,2.12532000723946,"CDR"
"CDR_Biomass_1998-2021_gm2_processed.csv",1999,"Cenrich Namb M",213.378933333333,12.7839777617662,3,"M",184.757641025641,9.03717565097572,3,0.144024697139789,0.001994002103762,0.044654250679661,0.0565023658076531,0.231547028471924,1.15491263121139,1.05812911812723,1.26054860685844,"CDR"
"CDR_Biomass_1998-2021_gm2_processed.csv",1999,"Cenrich Namb S",218.198666666667,52.7038417701531,3,"S",147.337222222222,14.1859081420547,3,0.39268197454371,0.0225373590521446,0.150124478524139,0.0984379966363978,0.686925952451022,1.48094733547757,1.10344598491068,1.98759616732454,"CDR"
"CDR_Biomass_1998-2021_gm2_processed.csv",1999,"Cenrich Nenrich M",266.363117948718,32.3527241004684,3,"M",184.757641025641,9.03717565097572,3,0.365815565238694,0.00571510545583873,0.0755983164881251,0.217642864921969,0.513988265555419,1.44168932050692,1.24314301835213,1.67194608036238,"CDR"
"CDR_Biomass_1998-2021_gm2_processed.csv",1999,"Cenrich Nenrich S",285.806666666667,65.704505243806,3,"S",147.337222222222,14.1859081420547,3,0.662591603324448,0.0207067591863408,0.143898433578482,0.380550673510623,0.944632533138273,1.9398130516917,1.46309005257587,2.57186812861495,"CDR"
"CDR_Biomass_1998-2021_gm2_processed.csv",2000,"Camb Nenrich M",284.636483333333,44.3535528216267,3,"M",219.1632,35.6172447558763,3,0.261396211285652,0.0168975141968318,0.129990438866987,0.00661495110635868,0.516177471464946,1.29874213979963,1.00663687821769,1.67561032403042,"CDR"
"CDR_Biomass_1998-2021_gm2_processed.csv",2000,"Camb Nenrich S",276.790777777778,27.7923866999845,3,"S",206.680111111111,28.6017494032433,3,0.292089664893102,0.00974429354882038,0.0987131883226369,0.0986118157807334,0.48556751400547,1.33922309355144,1.10363780161782,1.62509701250933,"CDR"
"CDR_Biomass_1998-2021_gm2_processed.csv",2000,"Cenrich Namb M",298.376711111111,25.1288690642926,3,"M",219.1632,35.6172447558763,3,0.308540161641357,0.0111679349793913,0.105678450875243,0.10141039792588,0.515669925356835,1.36143618596147,1.10673074857853,1.67476009031641,"CDR"
"CDR_Biomass_1998-2021_gm2_processed.csv",2000,"Cenrich Namb S",213.932666666667,71.3415134219434,3,"S",206.680111111111,28.6017494032433,3,0.0344890827486386,0.0434524682964431,0.208452556464158,-0.374077927921111,0.443056093418389,1.03509072796877,0.687923301307373,1.55745969512988,"CDR"
"CDR_Biomass_1998-2021_gm2_processed.csv",2000,"Cenrich Nenrich M",334.925744444444,61.8174547371744,3,"M",219.1632,35.6172447558763,3,0.424092191112207,0.0201591162320557,0.141982802592623,0.145805898030667,0.702378484193748,1.52820247397576,1.1569715957894,2.0185480870619,"CDR"
"CDR_Biomass_1998-2021_gm2_processed.csv",2000,"Cenrich Nenrich S",295.982,48.2546090233876,3,"S",206.680111111111,28.6017494032433,3,0.359126400645632,0.0152434505431573,0.123464369528854,0.117136236369079,0.601116564922185,1.43207780569113,1.12427258607255,1.82415445058339,"CDR"
"CDR_Biomass_1998-2021_gm2_processed.csv",2001,"Camb Nenrich M",313.655066666667,35.2266740963909,3,"M",253.283433333333,14.2278375743938,3,0.213784716773116,0.00525635334409101,0.0725007127143659,0.0716833198529589,0.355886113693273,1.23835602881252,1.07431507593236,1.42744497257047,"CDR"
"CDR_Biomass_1998-2021_gm2_processed.csv",2001,"Camb Nenrich S",337.845,28.7627770043158,3,"S",177.705555555556,40.4859657897146,3,0.642459212071684,0.0197176261111272,0.140419464858428,0.367237060949166,0.917681363194203,1.90115046737737,1.44374013295707,2.50347899674038,"CDR"
"CDR_Biomass_1998-2021_gm2_processed.csv",2001,"Cenrich Namb M",263.536014957265,35.8502656587365,3,"M",253.283433333333,14.2278375743938,3,0.0396808862701857,0.007220380333957,0.0849728211486297,-0.126865843181128,0.2062276157215,1.04047869017331,0.880851836951045,1.22903291937499,"CDR"
"CDR_Biomass_1998-2021_gm2_processed.csv",2001,"Cenrich Namb S",228.22,41.4864941878679,3,"S",177.705555555556,40.4859657897146,3,0.250182077656767,0.0283165870673005,0.168275331131157,-0.0796375713603005,0.580001726673834,1.28425923031231,0.923450970823418,1.78604151465856,"CDR"
"CDR_Biomass_1998-2021_gm2_processed.csv",2001,"Cenrich Nenrich M",369.582092307692,12.860750706203,3,"M",253.283433333333,14.2278375743938,3,0.377863735519071,0.00145545942767653,0.0381504839769633,0.303088786924223,0.452638684113919,1.45916409709001,1.35403467967994,1.57245593055253,"CDR"
"CDR_Biomass_1998-2021_gm2_processed.csv",2001,"Cenrich Nenrich S",285.789333333333,75.8931488431817,3,"S",177.705555555556,40.4859657897146,3,0.47512694431282,0.0408082896133385,0.202010617575756,0.0791861338643373,0.871067754761302,1.6082183387001,1.08240577569087,2.38946085009615,"CDR"
"CDR_Biomass_1998-2021_gm2_processed.csv",2002,"Camb Nenrich M",346.0444,32.8102705968726,3,"M",280.626022222222,21.2882783741384,3,0.209544189371773,0.00491488543955733,0.0701062439413019,0.072135951246821,0.346952427496724,1.23311586452226,1.07480145472948,1.41474942059807,"CDR"
"CDR_Biomass_1998-2021_gm2_processed.csv",2002,"Camb Nenrich S",388.666444444444,79.1430430165907,3,"S",214.152777777778,71.2433448028915,3,0.596031831331577,0.0507122967977763,0.225193909326554,0.154651769051531,1.03741189361162,1.8149026525715,1.16725141725553,2.82190416701803,"CDR"
"CDR_Biomass_1998-2021_gm2_processed.csv",2002,"Cenrich Namb M",336.165894444444,34.689775496344,3,"M",280.626022222222,21.2882783741384,3,0.180581870429958,0.00546780362595732,0.0739445983555075,0.035650457653163,0.325513283206752,1.19791419121581,1.03629355469533,1.38474122801828,"CDR"
"CDR_Biomass_1998-2021_gm2_processed.csv",2002,"Cenrich Namb S",342.324,139.810249452606,3,"S",214.152777777778,71.2433448028915,3,0.469067981858119,0.0924918889736509,0.304124791777407,-0.127016610025598,1.06515257374184,1.59850366431027,0.880719043709803,2.90128160968356,"CDR"
"CDR_Biomass_1998-2021_gm2_processed.csv",2002,"Cenrich Nenrich M",436.508548717949,58.8826759657793,3,"M",280.626022222222,21.2882783741384,3,0.441785058627037,0.00798376829090316,0.089351935014879,0.266655265997874,0.6169148512562,1.55548136719939,1.30559028737766,1.85320181001362,"CDR"
"CDR_Biomass_1998-2021_gm2_processed.csv",2002,"Cenrich Nenrich S",401.406666666667,47.2133723994943,3,"S",214.152777777778,71.2433448028915,3,0.628285369605807,0.0415024296964687,0.203721451242791,0.228991325169938,1.02757941404168,1.87439392956742,1.25733113182863,2.79429381350754,"CDR"
"CDR_Biomass_1998-2021_gm2_processed.csv",2003,"Camb Nenrich M",304.083594444444,42.6791622527134,3,"M",269.035522222222,9.99122642546004,3,0.122459221576481,0.00702608161277088,0.083821725183695,-0.041831359783561,0.286749802936523,1.130273028382,0.959031498215483,1.33209088655061,"CDR"
"CDR_Biomass_1998-2021_gm2_processed.csv",2003,"Camb Nenrich S",350.948888888889,65.5745791983222,3,"S",281.811888888889,42.8736611146095,3,0.219400809485248,0.0193526572714777,0.13911382846963,-0.0532622943152267,0.492063913285724,1.2453303168741,0.948131290416967,1.63568865810105,"CDR"
"CDR_Biomass_1998-2021_gm2_processed.csv",2003,"Cenrich Namb M",319.36045,5.21371585411978,3,"M",269.035522222222,9.99122642546004,3,0.171476978435902,0.000548564456117344,0.0234214529036382,0.125570930744771,0.217383026127033,1.18705681451318,1.13379558707384,1.24282004353082,"CDR"
"CDR_Biomass_1998-2021_gm2_processed.csv",2003,"Cenrich Namb S",250.13,34.7894136196631,3,"S",281.811888888889,42.8736611146095,3,-0.119259004967354,0.0141633377874589,0.11900982223102,-0.352518256540152,0.114000246605445,0.887577883907586,0.702915736884202,1.12075240126776,"CDR"
"CDR_Biomass_1998-2021_gm2_processed.csv",2003,"Cenrich Nenrich M",385.035257971014,84.3433639284376,3,"M",269.035522222222,9.99122642546004,3,0.358491485485821,0.0164545521948479,0.128275298459399,0.107071900505399,0.609911070466243,1.43116884636883,1.11301427789153,1.84026773735271,"CDR"
"CDR_Biomass_1998-2021_gm2_processed.csv",2003,"Cenrich Nenrich S",566.847333333333,148.270389455661,3,"S",281.811888888889,42.8736611146095,3,0.698850226415737,0.0305214238241503,0.174703817428671,0.356430744255542,1.04126970857593,2.01143867836188,1.42822261447304,2.83281157699845,"CDR"
"CDR_Biomass_1998-2021_gm2_processed.csv",2004,"Camb Nenrich M",274.735005555556,15.085161101507,3,"M",230.133365384615,25.7104580632577,3,0.177148026554668,0.00516540370579727,0.0718707430446998,0.0362813701870566,0.31801468292228,1.19380779530338,1.03694757157981,1.37439644123554,"CDR"
"CDR_Biomass_1998-2021_gm2_processed.csv",2004,"Camb Nenrich S",294.114,86.2562504169988,3,"S",293.924444444444,3.8221145010662,3,0.000644704658044644,0.0287264189916302,0.169488698713602,-0.331553144820616,0.332842554136705,1.00064491252476,0.717808007425248,1.39492765559036,"CDR"
"CDR_Biomass_1998-2021_gm2_processed.csv",2004,"Cenrich Namb M",285.308536324786,31.2326205064086,3,"M",230.133365384615,25.7104580632577,3,0.214912187919591,0.0081549728140378,0.0903048880960372,0.0379146072513577,0.391909768587823,1.23975302689359,1.03864253655049,1.47980418055708,"CDR"
"CDR_Biomass_1998-2021_gm2_processed.csv",2004,"Cenrich Namb S",416.748666666667,68.6440155099724,3,"S",293.924444444444,3.8221145010662,3,0.349160579640561,0.00909984747274486,0.0953931206783008,0.162190063111092,0.536131096170031,1.41787685421802,1.1760837502164,1.7093806230698,"CDR"
"CDR_Biomass_1998-2021_gm2_processed.csv",2004,"Cenrich Nenrich M",353.813405555556,34.9973412291098,3,"M",230.133365384615,25.7104580632577,3,0.43011068084201,0.007421810938024,0.0861499328962246,0.26125681236541,0.59896454931861,1.53742767792161,1.29856110916569,1.82023306269974,"CDR"
"CDR_Biomass_1998-2021_gm2_processed.csv",2004,"Cenrich Nenrich S",385.364666666667,64.597423054897,3,"S",293.924444444444,3.8221145010662,3,0.270867329512134,0.00942260707541157,0.0970701142237484,0.080609905633587,0.461124753390681,1.31110111442094,1.0839479720845,1.58585667993835,"CDR"
"CDR_Biomass_1998-2021_gm2_processed.csv",2005,"Camb Nenrich M",383.452785024154,31.7239993173838,3,"M",364.787663768116,46.6432266486788,3,0.049901056051128,0.0077312924295903,0.087927768250936,-0.122437369720706,0.222239481822963,1.05116708460817,0.884761316056591,1.24887042382056,"CDR"
"CDR_Biomass_1998-2021_gm2_processed.csv",2005,"Camb Nenrich S",416.315555555556,111.223657821793,3,"S",279.399444444444,74.3931383546845,3,0.398801061285364,0.0474234446764129,0.217769246397219,-0.0280266616531857,0.825628784223914,1.49003716304216,0.972362441665454,2.2833160271431,"CDR"
"CDR_Biomass_1998-2021_gm2_processed.csv",2005,"Cenrich Namb M",416.319222222222,33.8635750256259,3,"M",364.787663768116,46.6432266486788,3,0.132136885898101,0.00765515870304628,0.0874937637951773,-0.0393508911404467,0.303624662936648,1.14126453159574,0.961413298543866,1.3547604688339,"CDR"
"CDR_Biomass_1998-2021_gm2_processed.csv",2005,"Cenrich Namb S",442.72,79.8028270175938,3,"S",279.399444444444,74.3931383546845,3,0.460295057605547,0.0344623286323616,0.185640320599706,0.0964400292301228,0.82415008598097,1.58454144703223,1.10124353674073,2.27994218680632,"CDR"
"CDR_Biomass_1998-2021_gm2_processed.csv",2005,"Cenrich Nenrich M",472.248333333333,55.5084574847233,3,"M",364.787663768116,46.6432266486788,3,0.25818953596796,0.0100550197378992,0.100274721330449,0.0616510821602793,0.45472798977564,1.2945841656354,1.06359117404297,1.57574470606334,"CDR"
"CDR_Biomass_1998-2021_gm2_processed.csv",2005,"Cenrich Nenrich S",408.693333333333,64.4159276369854,3,"S",279.399444444444,74.3931383546845,3,0.380322620120915,0.0319123759071822,0.178640353524007,0.0301875272138618,0.730457713027969,1.46275642797349,1.03064779034113,2.07603061650146,"CDR"
"CDR_Biomass_1998-2021_gm2_processed.csv",2006,"Camb Nenrich M",265.116260869565,52.9818881288102,3,"M",245.337634782609,48.4771093694493,3,0.0775330870507877,0.0263269288082732,0.162255751233271,-0.240488185366424,0.395554359467999,1.08061798632926,0.786243934577231,1.48520730147979,"CDR"
"CDR_Biomass_1998-2021_gm2_processed.csv",2006,"Camb Nenrich S",292.763333333333,73.8250542386074,3,"S",307.752222222222,125.777772472517,3,-0.0499304393479905,0.076874018915827,0.277261643426975,-0.593363260464861,0.49350238176888,0.951295594941096,0.552466069323701,1.6380432377723,"CDR"
"CDR_Biomass_1998-2021_gm2_processed.csv",2006,"Cenrich Namb M",260.764915942029,35.0522014220825,3,"M",245.337634782609,48.4771093694493,3,0.0609839332527226,0.0190373648119991,0.137975957369388,-0.209448943191277,0.331416809696722,1.06288183699615,0.81103104703305,1.39294026233532,"CDR"
"CDR_Biomass_1998-2021_gm2_processed.csv",2006,"Cenrich Namb S",273.168,58.9479780145172,3,"S",307.752222222222,125.777772472517,3,-0.119207995377925,0.0712003973385616,0.266834025826096,-0.642202685997073,0.403786695241223,0.88762316004578,0.526132242631005,1.49748449232035,"CDR"
"CDR_Biomass_1998-2021_gm2_processed.csv",2006,"Cenrich Nenrich M",315.168294314381,35.3526603585985,3,"M",245.337634782609,48.4771093694493,3,0.250471400831832,0.0172084818652786,0.131181103308665,-0.00664356165315128,0.507586363316814,1.28463085002694,0.993378458012581,1.66127663382452,"CDR"
"CDR_Biomass_1998-2021_gm2_processed.csv",2006,"Cenrich Nenrich S",385.913333333333,49.659618739307,3,"S",307.752222222222,125.777772472517,3,0.22631783330533,0.0611976457006436,0.247381579145747,-0.258550061820335,0.711185728430994,1.25397415669893,0.772170373827045,2.03640445032278,"CDR"
"CDR_Biomass_1998-2021_gm2_processed.csv",2007,"Camb Namb M H2Oneg",254.65,60.7308200175166,3,"M+water",261.562222222222,16.2598354280768,3,-0.0267821453587237,0.0202468827751653,0.142291541474415,-0.305673566648578,0.25210927593113,0.973573315888295,0.736627039846714,1.28673663894685,"CDR"
"CDR_Biomass_1998-2021_gm2_processed.csv",2007,"Camb Nenrich M",225.421912384717,12.4516714254695,3,"M",206.857623847167,12.7953051760009,3,0.0859430633137643,0.00229242109141854,0.0478792344489607,-0.00790023620619863,0.179786362833727,1.08974428011058,0.992130888641376,1.196961620316,"CDR"
"CDR_Biomass_1998-2021_gm2_processed.csv",2007,"Camb Nenrich M H2Oamb",333.957777777778,222.821295020954,3,"M+water",261.562222222222,16.2598354280768,3,0.244342372457471,0.149679628187137,0.386884515310624,-0.513951277551352,1.00263602246629,1.27678139044884,0.59812753559097,2.72545673287857,"CDR"
"CDR_Biomass_1998-2021_gm2_processed.csv",2007,"Camb Nenrich M H2Oneg",267.291666666667,103.627567318418,3,"M+water",261.562222222222,16.2598354280768,3,0.021668248012454,0.051390531978366,0.22669479918685,-0.422653558393771,0.465990054418679,1.02190470931072,0.655305618922062,1.59359115007929,"CDR"
"CDR_Biomass_1998-2021_gm2_processed.csv",2007,"Camb Nenrich S",258.847111111111,15.9772466872018,3,"S",289.98,19.9969700482628,3,-0.113574372274166,0.00285512985644494,0.0534334151673365,-0.218303866002145,-0.0088448785461865,0.892637806438758,0.803881132403896,0.99119412232138,"CDR"
"CDR_Biomass_1998-2021_gm2_processed.csv",2007,"Cenrich Namb M",259.693138528139,72.9312023716458,3,"M",206.857623847167,12.7953051760009,3,0.22746994844212,0.0275650064336938,0.166027125596072,-0.0979432177261804,0.552883114610421,1.25541971186911,0.90670038680188,1.73825739559753,"CDR"
"CDR_Biomass_1998-2021_gm2_processed.csv",2007,"Cenrich Namb M H2Oamb",494.3,142.181829007788,3,"M+water",261.562222222222,16.2598354280768,3,0.636470421623576,0.0288675912723726,0.169904653474743,0.303457300813079,0.969483542434073,1.88979890062275,1.35453375221733,2.63658242472644,"CDR"
"CDR_Biomass_1998-2021_gm2_processed.csv",2007,"Cenrich Namb M H2Oneg",363.961666666667,134.30757669742,3,"M+water",261.562222222222,16.2598354280768,3,0.330376352046462,0.0466790012209694,0.21605323700646,-0.093087992486199,0.753840696579123,1.39149172068681,0.911113325642076,2.12514640522401,"CDR"
"CDR_Biomass_1998-2021_gm2_processed.csv",2007,"Cenrich Namb S",380.14,33.1333004694673,3,"S",289.98,19.9969700482628,3,0.270727650837644,0.00411748658241433,0.0641676443576849,0.144959067896581,0.396496233778706,1.31091799434444,1.1559922521052,1.48660683907391,"CDR"
"CDR_Biomass_1998-2021_gm2_processed.csv",2007,"Cenrich Nenrich M",314.926897546898,47.2403139399647,3,"M",206.857623847167,12.7953051760009,3,0.420309791497573,0.00877577852562052,0.0936791253461545,0.23669870581911,0.603920877176036,1.52243311940765,1.2670593026641,1.82927712869945,"CDR"
"CDR_Biomass_1998-2021_gm2_processed.csv",2007,"Cenrich Nenrich M H2Oamb",375.133333333333,105.906755371569,3,"M+water",261.562222222222,16.2598354280768,3,0.360609319641732,0.0278558828279819,0.166900817337669,0.0334837176599009,0.687734921623562,1.43420303645616,1.03405060682555,1.98920472189917,"CDR"
"CDR_Biomass_1998-2021_gm2_processed.csv",2007,"Cenrich Nenrich M H2Oneg",418.356666666667,53.7390605922111,3,"M+water",261.562222222222,16.2598354280768,3,0.469662139545395,0.00678816943553811,0.0823903479513111,0.308177057560825,0.631147221529964,1.59945370976101,1.36094193266509,1.87976585059622,"CDR"
"CDR_Biomass_1998-2021_gm2_processed.csv",2007,"Cenrich Nenrich S",311.6,64.4731603072162,3,"S",289.98,19.9969700482628,3,0.0719083589115456,0.015855737093911,0.125919565969356,-0.174893990388393,0.318710708211484,1.07455686599076,0.839546015999032,1.37535338890729,"CDR"
"CDR_Biomass_1998-2021_gm2_processed.csv",2008,"Camb Namb M H2Oneg",252.866666666667,78.5390083546599,3,"M+water",245.038888888889,103.556648927228,3,0.03144541247953,0.0916902739159848,0.302804018989155,-0.562050464739215,0.624941289698275,1.03194504273698,0.57003901978167,1.86813627536813,"CDR"
"CDR_Biomass_1998-2021_gm2_processed.csv",2008,"Camb Nenrich M",212.242260869565,49.4474145047461,3,"M",196.011088932806,31.2318241406139,3,0.0795571283745539,0.026555413265946,0.162958317572151,-0.239841174066862,0.39895543081597,1.0828074167902,0.786752807892755,1.49026719713427,"CDR"
"CDR_Biomass_1998-2021_gm2_processed.csv",2008,"Camb Nenrich M H2Oamb",324.892222222222,169.923259487378,3,"M+water",245.038888888889,103.556648927228,3,0.282076575291579,0.15071524851331,0.388220618351615,-0.478835836677585,1.04298898726074,1.32588024576598,0.619504176209379,2.83768615874237,"CDR"
"CDR_Biomass_1998-2021_gm2_processed.csv",2008,"Camb Nenrich M H2Oneg",262.353333333333,91.4732257730825,3,"M+water",245.038888888889,103.556648927228,3,0.0682752676179287,0.100056200164897,0.316316613798418,-0.55170529542697,0.688255830662828,1.07065998594327,0.575966778925,1.99024118654823,"CDR"
"CDR_Biomass_1998-2021_gm2_processed.csv",2008,"Camb Nenrich S",228.356,56.0289686501545,3,"S",211.362,71.8986861632395,3,0.0773335114825274,0.0586383745730114,0.242153617716134,-0.397287579241095,0.551954602206149,1.08040234289986,0.672140704122763,1.73664415111856,"CDR"
"CDR_Biomass_1998-2021_gm2_processed.csv",2008,"Cenrich Namb M",209.663225829726,44.115974987054,3,"M",196.011088932806,31.2318241406139,3,0.0673313230927383,0.023220710919742,0.152383433875674,-0.231340207303583,0.36600285348906,1.06964981915691,0.79346947600065,1.4419593572639,"CDR"
"CDR_Biomass_1998-2021_gm2_processed.csv",2008,"Cenrich Namb M H2Oamb",326.19,77.0244018152689,3,"M+water",245.038888888889,103.556648927228,3,0.286063105570609,0.0781202999711094,0.279500089393741,-0.261757069641124,0.833883280782342,1.33117645725168,0.769697984004971,2.30224165473415,"CDR"
"CDR_Biomass_1998-2021_gm2_processed.csv",2008,"Cenrich Namb M H2Oneg",320.468333333333,51.4341594500516,3,"M+water",245.038888888889,103.556648927228,3,0.268366539419976,0.0681203626697685,0.260998779058003,-0.243191067533711,0.779924146373663,1.30782642210987,0.784121679262371,2.1813067991918,"CDR"
"CDR_Biomass_1998-2021_gm2_processed.csv",2008,"Cenrich Namb S",258.828,106.511741850371,3,"S",211.362,71.8986861632395,3,0.202591445170604,0.095019871266118,0.308252933913236,-0.401584305299339,0.806767195640547,1.22457206120305,0.669258895249818,2.24065267375989,"CDR"
"CDR_Biomass_1998-2021_gm2_processed.csv",2008,"Cenrich Nenrich M",279.330858585859,55.2686917337299,3,"M",196.011088932806,31.2318241406139,3,0.354225718478963,0.0215124252682956,0.146671146679555,0.0667502709870346,0.641701165970891,1.42507681635101,1.06902847741057,1.8997098537733,"CDR"
"CDR_Biomass_1998-2021_gm2_processed.csv",2008,"Cenrich Nenrich M H2Oamb",253.168333333333,78.3142324761811,3,"M+water",245.038888888889,103.556648927228,3,0.0326376885173618,0.0914303274340419,0.302374482114549,-0.560016296427155,0.625291673461879,1.03317613984175,0.571199755257764,1.86879095467502,"CDR"
"CDR_Biomass_1998-2021_gm2_processed.csv",2008,"Cenrich Nenrich M H2Oneg",327.35,70.3604469855046,3,"M+water",245.038888888889,103.556648927228,3,0.289613006779942,0.0749336128541948,0.273740046128064,-0.246917483631065,0.826143497190948,1.3359103997098,0.781205153084482,2.28449158202082,"CDR"
"CDR_Biomass_1998-2021_gm2_processed.csv",2008,"Cenrich Nenrich S",296.558666666667,46.9957985497995,3,"S",211.362,71.8986861632395,3,0.338672759576175,0.0469424930629802,0.216662163431874,-0.0859850807502981,0.763330599902649,1.40308412423551,0.917607921139733,2.14540983608396,"CDR"
"CDR_Biomass_1998-2021_gm2_processed.csv",2009,"Camb Namb M H2Oneg",218.508333333333,38.0132057097706,3,"M+water",294.583333333333,100.887862666097,3,-0.29873777590897,0.0491848673813464,0.221776615947999,-0.733419943167049,0.135944391349109,0.741753889674682,0.480263703728936,1.14561818554178,"CDR"
"CDR_Biomass_1998-2021_gm2_processed.csv",2009,"Camb Nenrich M",212.446495388669,25.2299635367999,3,"M",207.119156785244,18.0503746760909,3,0.0253959059608517,0.00723293532628142,0.0850466655800298,-0.141295558576007,0.19208737049771,1.02572112925773,0.868232660163075,1.21177638584587,"CDR"
"CDR_Biomass_1998-2021_gm2_processed.csv",2009,"Camb Nenrich M H2Oamb",403.344444444444,128.677358507986,3,"M+water",294.583333333333,100.887862666097,3,0.314228969209925,0.0730225724166347,0.270226890624591,-0.215415736414273,0.843873674834124,1.36920320603489,0.806206201221374,2.32535723066393,"CDR"
"CDR_Biomass_1998-2021_gm2_processed.csv",2009,"Camb Nenrich M H2Oneg",278.463333333333,155.236867506831,3,"M+water",294.583333333333,100.887862666097,3,-0.0562755355329744,0.142690199709503,0.377743563425644,-0.796652919847236,0.684101848781288,0.945278642149929,0.450835423889484,1.98199090833611,"CDR"
"CDR_Biomass_1998-2021_gm2_processed.csv",2009,"Camb Nenrich S",252.893333333333,61.4910248193452,3,"S",262.56,40.5279337138114,3,-0.037511834893769,0.0276493264934052,0.166280866287752,-0.363422332817763,0.288398663030225,0.963183018484664,0.695292726546046,1.33428912985442,"CDR"
"CDR_Biomass_1998-2021_gm2_processed.csv",2009,"Cenrich Namb M",210.272041847042,30.334859927364,3,"M",207.119156785244,18.0503746760909,3,0.0151078654354572,0.00946913757013052,0.0973094937307276,-0.175618742276769,0.205834473147683,1.01522256613408,0.838937773877495,1.22854982917764,"CDR"
"CDR_Biomass_1998-2021_gm2_processed.csv",2009,"Cenrich Namb M H2Oamb",431.55,68.4160251695464,3,"M+water",294.583333333333,100.887862666097,3,0.381821450122994,0.0474745551100133,0.217886564776292,-0.0452362168385384,0.808879117084526,1.4649504950495,0.955771685799753,2.24538975660284,"CDR"
"CDR_Biomass_1998-2021_gm2_processed.csv",2009,"Cenrich Namb M H2Oneg",237.57,63.7732365495119,3,"M+water",294.583333333333,100.887862666097,3,-0.215099611652242,0.0631166831407307,0.251230338814266,-0.707511075728203,0.277311852423719,0.806461103253183,0.492869386706261,1.31957782041746,"CDR"
"CDR_Biomass_1998-2021_gm2_processed.csv",2009,"Cenrich Namb S",237.040666666667,75.4783015265535,3,"S",262.56,40.5279337138114,3,-0.102247911615582,0.0417389428965216,0.204301108407472,-0.502678084094227,0.298182260863063,0.902805707901686,0.60490849271954,1.34740734512676,"CDR"
"CDR_Biomass_1998-2021_gm2_processed.csv",2009,"Cenrich Nenrich M",291.809393939394,81.0512788930121,3,"M",207.119156785244,18.0503746760909,3,0.342806564352034,0.0282474855270476,0.168069882867358,0.0133895939320115,0.672223534772057,1.40889620481587,1.01347963597148,1.95858746983293,"CDR"
"CDR_Biomass_1998-2021_gm2_processed.csv",2009,"Cenrich Nenrich M H2Oamb",264.483333333333,104.451535811271,3,"M+water",294.583333333333,100.887862666097,3,-0.107783691201931,0.0910857513450015,0.301804160582656,-0.699319845943937,0.483752463540074,0.897821782178218,0.49692317318856,1.62215005466811,"CDR"
"CDR_Biomass_1998-2021_gm2_processed.csv",2009,"Cenrich Nenrich M H2Oneg",315.45,71.8884726503492,3,"M+water",294.583333333333,100.887862666097,3,0.0684382622741456,0.0564082724000917,0.23750425764624,-0.397070082712485,0.533946607260777,1.07083451202263,0.67228690829152,1.70565057566392,"CDR"
"CDR_Biomass_1998-2021_gm2_processed.csv",2009,"Cenrich Nenrich S",279.048666666667,90.6038609846917,3,"S",262.56,40.5279337138114,3,0.060906571765019,0.0430828612293431,0.20756411353927,-0.345919090771951,0.467732234301989,1.06279961405647,0.707569733711527,1.5963698923548,"CDR"
"CDR_Biomass_1998-2021_gm2_processed.csv",2010,"Camb Namb M H2Oneg",385.561666666667,107.431161253769,3,"M+water",299.764444444444,79.2182541627407,3,0.251704164571492,0.0491584971862647,0.221717155823055,-0.182861460841695,0.686269789984679,1.28621547288982,0.83288353472852,1.98629240910668,"CDR"
"CDR_Biomass_1998-2021_gm2_processed.csv",2010,"Camb Nenrich M",319.348534914361,56.2619483801471,3,"M",279.263230566535,45.5883490741842,3,0.134128276527509,0.0192291274054762,0.138669129244674,-0.137663216792052,0.405919769847071,1.14353949951272,0.871392112564472,1.50068214766983,"CDR"
"CDR_Biomass_1998-2021_gm2_processed.csv",2010,"Camb Nenrich M H2Oamb",360.073333333333,72.6603897136076,3,"M+water",299.764444444444,79.2182541627407,3,0.183310733357404,0.0368527663370437,0.191970743440358,-0.192951923785698,0.559573390500505,1.20118759915193,0.824521613064022,1.74992580606172,"CDR"
"CDR_Biomass_1998-2021_gm2_processed.csv",2010,"Camb Nenrich M H2Oneg",261.755,54.0239995279876,3,"M+water",299.764444444444,79.2182541627407,3,-0.135588029286719,0.0374783994931002,0.193593387007667,-0.515031067821746,0.243855009248308,0.873202292170149,0.597482031864625,1.27615928578077,"CDR"
"CDR_Biomass_1998-2021_gm2_processed.csv",2010,"Camb Nenrich S",307.461444444444,69.0033269120113,3,"S",275.387555555555,32.127249910548,3,0.110170296990246,0.0213261594272362,0.146034788414392,-0.176057888301963,0.396398482282454,1.11646818544209,0.838569438571124,1.48646152813335,"CDR"
"CDR_Biomass_1998-2021_gm2_processed.csv",2010,"Cenrich Namb M",243.208044733045,46.4563412958144,3,"M",279.263230566535,45.5883490741842,3,-0.138237587541171,0.0210452063388066,0.145069660297412,-0.4225741217241,0.146098946641757,0.870891754133382,0.65535767628565,1.15731069439237,"CDR"
"CDR_Biomass_1998-2021_gm2_processed.csv",2010,"Cenrich Namb M H2Oamb",469.736666666667,160.93571654028,3,"M+water",299.764444444444,79.2182541627407,3,0.44917527294693,0.062406086154536,0.249812101697528,-0.0404564463802244,0.938806992274084,1.56701928921968,0.960350990362458,2.55692916176385,"CDR"
"CDR_Biomass_1998-2021_gm2_processed.csv",2010,"Cenrich Namb M H2Oneg",360.381666666667,177.777970396597,3,"M+water",299.764444444444,79.2182541627407,3,0.184166673984252,0.104395762452122,0.323103330920809,-0.449115854620534,0.817449202589038,1.20221618455973,0.638192156900437,2.26471563272883,"CDR"
"CDR_Biomass_1998-2021_gm2_processed.csv",2010,"Cenrich Namb S",302.805333333333,84.0316807479973,3,"S",275.387555555555,32.127249910548,3,0.0949107363197535,0.030207375928533,0.17380269252383,-0.245742541026954,0.43556401366646,1.09956069991059,0.782123563735638,1.54583468501216,"CDR"
"CDR_Biomass_1998-2021_gm2_processed.csv",2010,"Cenrich Nenrich M",310.577950937951,65.2005640771194,3,"M",279.263230566535,45.5883490741842,3,0.10628010382732,0.0235736085329031,0.15353699402067,-0.194652404453192,0.407212612107832,1.11213334568926,0.823120721433216,1.50262354766188,"CDR"
"CDR_Biomass_1998-2021_gm2_processed.csv",2010,"Cenrich Nenrich M H2Oamb",470.353333333333,244.849460706642,3,"M+water",299.764444444444,79.2182541627407,3,0.450487204262262,0.113608543024227,0.337058664069368,-0.2101477773137,1.11112218583822,1.56907646003529,0.810464468858178,3.03776541975425,"CDR"
"CDR_Biomass_1998-2021_gm2_processed.csv",2010,"Cenrich Nenrich M H2Oneg",409.745,118.212700142582,3,"M+water",299.764444444444,79.2182541627407,3,0.312538033935276,0.0510239314050791,0.225884774619891,-0.130196124319711,0.755272192190263,1.36688992838822,0.877923231938287,2.12819072141889,"CDR"
"CDR_Biomass_1998-2021_gm2_processed.csv",2010,"Cenrich Nenrich S",361.358666666667,144.573763613366,3,"S",275.387555555555,32.127249910548,3,0.271691603100349,0.057892363862084,0.240608320434028,-0.199900704950347,0.743283911151044,1.31218226596215,0.818812053025036,2.10282969424355,"CDR"
"CDR_Biomass_1998-2021_gm2_processed.csv",2011,"Camb Namb M H2Oneg",386.65,119.710410992528,3,"M+water",407.788888888889,106.197471110994,3,-0.0532297202425368,0.0545592819098374,0.233579283991191,-0.511045116865271,0.404585676380197,0.948162175417563,0.599868318592541,1.49868143228817,"CDR"
"CDR_Biomass_1998-2021_gm2_processed.csv",2011,"Camb Nenrich M",318.136975625823,63.5082900243581,3,"M",262.128268774703,33.760516312683,3,0.193648071565538,0.0188127499946539,0.137159578574206,-0.0751847024399068,0.462480845570982,1.21366908312838,0.927572145667027,1.58800870662458,"CDR"
"CDR_Biomass_1998-2021_gm2_processed.csv",2011,"Camb Nenrich M H2Oamb",531.116666666667,111.593686350677,3,"M+water",407.788888888889,106.197471110994,3,0.264232097048039,0.0373222610272872,0.193189702177127,-0.114419719219131,0.642883913315209,1.30243045148634,0.891883536650872,1.90195805982561,"CDR"
"CDR_Biomass_1998-2021_gm2_processed.csv",2011,"Camb Nenrich M H2Oneg",396.285,41.2849933389846,3,"M+water",407.788888888889,106.197471110994,3,-0.028615961931076,0.0262244836239648,0.161939753068741,-0.346017877945808,0.288785954083657,0.971789597013705,0.707499838349666,1.33480598817794,"CDR"
"CDR_Biomass_1998-2021_gm2_processed.csv",2011,"Camb Nenrich S",464.918444444444,103.857456708346,3,"S",376.658888888889,132.119336253393,3,0.210522028055982,0.0576465371136572,0.240096932745209,-0.260067960124627,0.68111201623659,1.23432224264218,0.770999186822242,1.97607393719921,"CDR"
"CDR_Biomass_1998-2021_gm2_processed.csv",2011,"Cenrich Namb M",298.2843001443,37.2993497262022,3,"M",262.128268774703,33.760516312683,3,0.129213099606343,0.0107414805254198,0.103641114068789,-0.0739234839684845,0.33234968318117,1.13793259131724,0.928742754832499,1.39424030566517,"CDR"
"CDR_Biomass_1998-2021_gm2_processed.csv",2011,"Cenrich Namb M H2Oamb",338.831666666667,118.925981216609,3,"M+water",407.788888888889,106.197471110994,3,-0.185246185748541,0.0636709389690747,0.252331010716231,-0.679814966752354,0.309322595255272,0.830899703005367,0.506710742026134,1.3625018362425,"CDR"
"CDR_Biomass_1998-2021_gm2_processed.csv",2011,"Cenrich Namb M H2Oneg",360.44,94.3683755290934,3,"M+water",407.788888888889,106.197471110994,3,-0.123424103930745,0.045455579014266,0.213203140254233,-0.541302258829041,0.294454050967551,0.883888722378137,0.581989857237787,1.34239328028023,"CDR"
"CDR_Biomass_1998-2021_gm2_processed.csv",2011,"Cenrich Namb S",372.212,54.816678520319,3,"S",376.658888888889,132.119336253393,3,-0.0118763894383132,0.0482421418070386,0.219640938367688,-0.442372628638982,0.418619849762356,0.988193856510311,0.642510173151692,1.51986246887669,"CDR"
"CDR_Biomass_1998-2021_gm2_processed.csv",2011,"Cenrich Nenrich M",380.385519480519,139.161005212226,3,"M",262.128268774703,33.760516312683,3,0.372351303952446,0.0501427478492581,0.223925764147983,-0.0665431937776006,0.811245801682492,1.45114268391807,0.935622501913256,2.25071017935412,"CDR"
"CDR_Biomass_1998-2021_gm2_processed.csv",2011,"Cenrich Nenrich M H2Oamb",514.15,153.89323409429,3,"M+water",407.788888888889,106.197471110994,3,0.231765440377618,0.0524699776963131,0.229063261341301,-0.217198551851331,0.680729432606568,1.26082395575052,0.804770164834666,1.97531806825988,"CDR"
"CDR_Biomass_1998-2021_gm2_processed.csv",2011,"Cenrich Nenrich M H2Oneg",506.483333333333,114.008841031445,3,"M+water",407.788888888889,106.197471110994,3,0.216741806288717,0.0394964938380229,0.198737248240039,-0.172783200261759,0.606266812839193,1.24202337810959,0.841319993028403,1.83357353272677,"CDR"
"CDR_Biomass_1998-2021_gm2_processed.csv",2011,"Cenrich Nenrich S",598.317333333333,67.8156296242491,3,"S",376.658888888889,132.119336253393,3,0.462781297092117,0.045294670276872,0.21282544555779,0.0456434237988473,0.879919170385386,1.5884858979389,1.04670111569921,2.41070484219857,"CDR"
"CDR_Biomass_1998-2021_gm2_processed.csv",2012,"Camb Namb M H2Oamb HTelv",373.6,99.4418925805417,3,"M+water+warming",358.966666666667,173.597388613232,3,0.039956172687962,0.101573176068584,0.318705469153863,-0.584706546853609,0.664618892229533,1.04076515925341,0.557269370270058,1.94374960208356,"CDR"
"CDR_Biomass_1998-2021_gm2_processed.csv",2012,"Camb Namb M H2Oneg HTamb",282.666666666667,45.8399752763168,3,"M+water+warming",358.966666666667,173.597388613232,3,-0.238961186542932,0.0867236554642868,0.294488803631457,-0.816159241660588,0.338236868574723,0.787445445259541,0.442126498716055,1.40247266576578,"CDR"
"CDR_Biomass_1998-2021_gm2_processed.csv",2012,"Camb Namb M H2Oneg HTelv",299.8,159.870666477625,3,"M+water+warming",358.966666666667,173.597388613232,3,-0.180113947998228,0.17274525006302,0.415626334660137,-0.994741563932097,0.634513667935641,0.835175039465131,0.369819006765109,1.8861046452072,"CDR"
"CDR_Biomass_1998-2021_gm2_processed.csv",2012,"Camb Nenrich M",256.640538239538,11.3995951782345,3,"M",225.638648629149,13.6951836828254,3,0.128741602134301,0.00188563781171208,0.0434239313249282,0.0436306967374417,0.21385250753116,1.13739618544402,1.0445965107466,1.23843998075199,"CDR"
"CDR_Biomass_1998-2021_gm2_processed.csv",2012,"Camb Nenrich M H2Oamb HTamb",172,144.833835825749,3,"M+water+warming",358.966666666667,173.597388613232,3,-0.735735056853273,0.314310749974701,0.560634239031742,-1.83457816535549,0.363108051648942,0.479153124709815,0.159680846476063,1.43779120655899,"CDR"
"CDR_Biomass_1998-2021_gm2_processed.csv",2012,"Camb Nenrich M H2Oamb HTelv",508.833333333333,99.384975390314,3,"M+water+warming",358.966666666667,173.597388613232,3,0.348890989840097,0.090673859925779,0.301121005454251,-0.241306180850234,0.939088160530429,1.41749466059987,0.785601053562304,2.5576481901571,"CDR"
"CDR_Biomass_1998-2021_gm2_processed.csv",2012,"Camb Nenrich M H2Oneg HTamb",333.166666666667,47.7595365694992,3,"M+water+warming",358.966666666667,173.597388613232,3,-0.0745866683943805,0.0848070837415095,0.291216558151334,-0.645371122370996,0.496197785582235,0.928127031293528,0.524467864226886,1.64246438146892,"CDR"
"CDR_Biomass_1998-2021_gm2_processed.csv",2012,"Camb Nenrich M H2Oneg HTelv",373.866666666667,149.510612778268,3,"M+water+warming",358.966666666667,173.597388613232,3,0.0406696939454904,0.131264936078915,0.362305031815617,-0.669448168413118,0.750787556304099,1.04150803231498,0.511991032669639,2.11866793002319,"CDR"
"CDR_Biomass_1998-2021_gm2_processed.csv",2012,"Camb Nenrich S",360.571111111111,7.69542528846645,3,"S",248.415555555555,100.699014467942,3,0.372586223060639,0.0549254725488071,0.234361841068052,-0.0867629854327437,0.831935431554022,1.45148362510847,0.916894387207905,2.29776159975587,"CDR"
"CDR_Biomass_1998-2021_gm2_processed.csv",2012,"Cenrich Namb M",232.257274170274,47.8819162494053,3,"M",225.638648629149,13.6951836828254,3,0.0289108778385152,0.0153951404106683,0.124077155071626,-0.214280346101871,0.272102101778902,1.0293328540183,0.807122079773468,1.31272102562085,"CDR"
"CDR_Biomass_1998-2021_gm2_processed.csv",2012,"Cenrich Namb M H2Oamb HTamb",243,50.6932934420323,3,"M+water+warming",358.966666666667,173.597388613232,3,-0.390168090326177,0.09246396835289,0.304078885082292,-0.98616270508747,0.205826524435116,0.676943077351657,0.373005279572932,1.22854006382699,"CDR"
"CDR_Biomass_1998-2021_gm2_processed.csv",2012,"Cenrich Namb M H2Oamb HTelv",550.596666666667,124.441625002783,3,"M+water+warming",358.966666666667,173.597388613232,3,0.427773005021761,0.0949845039108148,0.308195561147163,-0.176290294826679,1.0318363048702,1.53383786795431,0.838374572207156,2.80621417104395,"CDR"
"CDR_Biomass_1998-2021_gm2_processed.csv",2012,"Cenrich Namb M H2Oneg HTamb",445.09,273.689828638187,3,"M+water+warming",358.966666666667,173.597388613232,3,0.21504697524132,0.203994991709523,0.451658047320672,-0.670202797507197,1.10029674798984,1.23992014114588,0.51160481508432,3.00505763646074,"CDR"
"CDR_Biomass_1998-2021_gm2_processed.csv",2012,"Cenrich Namb M H2Oneg HTelv",267.683333333333,130.874112922813,3,"M+water+warming",358.966666666667,173.597388613232,3,-0.293424843825929,0.157636262290844,0.397034333894242,-1.07161213825864,0.484762450606785,0.745705265112824,0.342455985763115,1.62378923287864,"CDR"
"CDR_Biomass_1998-2021_gm2_processed.csv",2012,"Cenrich Namb S",312.691333333333,39.4099241477744,3,"S",248.415555555555,100.699014467942,3,0.230113577376292,0.0600685469587468,0.245088855231622,-0.250260578877686,0.71048773363027,1.25874296653457,0.778597870475927,2.03498354655369,"CDR"
"CDR_Biomass_1998-2021_gm2_processed.csv",2012,"Cenrich Nenrich M",351.680115440116,53.2578782479628,3,"M",225.638648629149,13.6951836828254,3,0.44378717967178,0.00887250012631597,0.0941939495207413,0.259167038611127,0.628407320732433,1.55859874882571,1.29585024377566,1.8746225279575,"CDR"
"CDR_Biomass_1998-2021_gm2_processed.csv",2012,"Cenrich Nenrich M H2Oamb HTamb",582.683333333333,258.905602166761,3,"M+water+warming",358.966666666667,173.597388613232,3,0.484414337590548,0.143768006369574,0.379167517555993,-0.258753996819198,1.22758267200029,1.62322406908719,0.772012917318729,3.41296929022261,"CDR"
"CDR_Biomass_1998-2021_gm2_processed.csv",2012,"Cenrich Nenrich M H2Oamb HTelv",792.3,771.312958532398,3,"M+water+warming",358.966666666667,173.597388613232,3,0.791710574304471,0.393865363011296,0.627586936616192,-0.438359821463266,2.02178097007221,2.20716872504411,0.645093622560457,7.55176242709836,"CDR"
"CDR_Biomass_1998-2021_gm2_processed.csv",2012,"Cenrich Nenrich M H2Oneg HTamb",421.27,149.107909582289,3,"M+water+warming",358.966666666667,173.597388613232,3,0.160044424617621,0.119717176566093,0.346001700235841,-0.518118907844628,0.838207757079869,1.17356300492153,0.595639948426814,2.31221920248636,"CDR"
"CDR_Biomass_1998-2021_gm2_processed.csv",2012,"Cenrich Nenrich M H2Oneg HTelv",451.726666666667,170.596348534584,3,"M+water+warming",358.966666666667,173.597388613232,3,0.229847743484751,0.125498144619774,0.354257172996926,-0.464496315589223,0.924191802558726,1.2584083944656,0.628451566741671,2.51983091628193,"CDR"
"CDR_Biomass_1998-2021_gm2_processed.csv",2012,"Cenrich Nenrich S",354.986666666667,62.5481642363174,3,"S",248.415555555555,100.699014467942,3,0.356977258976558,0.0651222933303873,0.255190699929263,-0.143196512884798,0.857151030837914,1.42900337248517,0.866583757287761,2.35643770310815,"CDR"
"CDR_Biomass_1998-2021_gm2_processed.csv",2013,"Camb Namb M H2Oamb HTelv",589.633333333333,262.925261877465,3,"M+water+warming",411.9,94.4533218050059,3,0.358720273339317,0.0838074046809637,0.289495085763064,-0.208690094756288,0.926130641434922,1.43149631787651,0.811646730249396,2.52472120162961,"CDR"
"CDR_Biomass_1998-2021_gm2_processed.csv",2013,"Camb Namb M H2Oneg HTamb",237.653333333333,83.1971816429699,3,"M+water+warming",411.9,94.4533218050059,3,-0.549967572251335,0.0583794035525767,0.241618301361003,-1.0235394429189,-0.076395701583768,0.576968519867282,0.35932089100771,0.926449536469337,"CDR"
"CDR_Biomass_1998-2021_gm2_processed.csv",2013,"Camb Namb M H2Oneg HTelv",476.433333333333,77.2699380958296,3,"M+water+warming",411.9,94.4533218050059,3,0.145547202804925,0.0262957899414382,0.162159766716156,-0.172285939958741,0.463380345568591,1.15667233147204,0.84173845209599,1.58943776307417,"CDR"
"CDR_Biomass_1998-2021_gm2_processed.csv",2013,"Camb Nenrich M",276.085081491608,29.5764506981767,3,"M",235.251748196248,35.1531841797574,3,0.160052874821519,0.0112683746655089,0.106152600841943,-0.0480062228286903,0.368111972471727,1.17357292181011,0.953127855907683,1.44500383056617,"CDR"
"CDR_Biomass_1998-2021_gm2_processed.csv",2013,"Camb Nenrich M H2Oamb HTamb",282.103333333333,124.70447880222,3,"M+water+warming",411.9,94.4533218050059,3,-0.378507167363046,0.0826646888547707,0.287514675894589,-0.94203593211644,0.185021597390349,0.684883062231934,0.389833352633815,1.20324442678664,"CDR"
"CDR_Biomass_1998-2021_gm2_processed.csv",2013,"Camb Nenrich M H2Oamb HTelv",370.606666666667,204.830623036042,3,"M+water+warming",411.9,94.4533218050059,3,-0.105639298905658,0.119349992774636,0.34547068294522,-0.782761837478288,0.571483239666973,0.899749130047746,0.457141715096898,1.77089176132194,"CDR"
"CDR_Biomass_1998-2021_gm2_processed.csv",2013,"Camb Nenrich M H2Oneg HTamb",267.249,32.8375517205531,3,"M+water+warming",411.9,94.4533218050059,3,-0.432599793358661,0.0225604398825795,0.150201331161144,-0.726994402434502,-0.13820518428282,0.648820101966497,0.483359593450557,0.870919974321098,"CDR"
"CDR_Biomass_1998-2021_gm2_processed.csv",2013,"Camb Nenrich M H2Oneg HTelv",434.166666666667,305.487091925884,3,"M+water+warming",411.9,94.4533218050059,3,0.0526478835173773,0.182553565341305,0.427262876156243,-0.78478735374886,0.890083120783614,1.05405842842114,0.456216704243534,2.43533206958716,"CDR"
"CDR_Biomass_1998-2021_gm2_processed.csv",2013,"Camb Nenrich S",302.867466666667,34.0886397976413,3,"S",252.517222222222,26.0317400458522,3,0.181815852869957,0.00776517056020181,0.0881202051756679,0.00910025072564818,0.354531455014266,1.19939330870722,1.00914178389911,1.42551258101058,"CDR"
"CDR_Biomass_1998-2021_gm2_processed.csv",2013,"Cenrich Namb M",275.362535353535,8.07825968801964,3,"M",235.251748196248,35.1531841797574,3,0.157432330169613,0.00772978601174523,0.0879192016100307,-0.0148893049860477,0.329753965325273,1.17050154766045,0.985220992618663,1.39062594416906,"CDR"
"CDR_Biomass_1998-2021_gm2_processed.csv",2013,"Cenrich Namb M H2Oamb HTamb",333.35,148.607713460641,3,"M+water+warming",411.9,94.4533218050059,3,-0.211587612377966,0.0837740225012461,0.289437424154594,-0.778884963720969,0.355709738965038,0.8092983733916,0.458917435713751,1.42719322955256,"CDR"
"CDR_Biomass_1998-2021_gm2_processed.csv",2013,"Cenrich Namb M H2Oamb HTelv",545.068333333333,147.949608003311,3,"M+water+warming",411.9,94.4533218050059,3,0.280130567624507,0.0420865392025661,0.205150040708176,-0.121963512163517,0.682224647412532,1.32330258153273,0.885180666240794,1.97827380225998,"CDR"
"CDR_Biomass_1998-2021_gm2_processed.csv",2013,"Cenrich Namb M H2Oneg HTamb",358.116666666667,165.138898607607,3,"M+water+warming",411.9,94.4533218050059,3,-0.139921783586407,0.0884086628971086,0.297335942827484,-0.722700231528275,0.442856664355461,0.869426236141458,0.485439685092113,1.55714912337188,"CDR"
"CDR_Biomass_1998-2021_gm2_processed.csv",2013,"Cenrich Namb M H2Oneg HTelv",411.766666666667,184.624411531448,3,"M+water+warming",411.9,94.4533218050059,3,-0.000323755567376552,0.0845402045819651,0.290757982834462,-0.570209401922921,0.569561890788168,0.999676296835802,0.565407028983256,1.76749252702505,"CDR"
"CDR_Biomass_1998-2021_gm2_processed.csv",2013,"Cenrich Namb S",288.686666666667,78.8987055238128,3,"S",252.517222222222,26.0317400458522,3,0.133862448348843,0.028440478790413,0.168643051414557,-0.196677932423689,0.464402829121375,1.14323555489064,0.821455154784226,1.59106376818517,"CDR"
"CDR_Biomass_1998-2021_gm2_processed.csv",2013,"Cenrich Nenrich M",342.993884559884,19.8717753617779,3,"M",235.251748196248,35.1531841797574,3,0.377056408070234,0.00856177234019452,0.0925298456725965,0.195697910551945,0.558414905588523,1.45798654925938,1.21615946089628,1.74789971724157,"CDR"
"CDR_Biomass_1998-2021_gm2_processed.csv",2013,"Cenrich Nenrich M H2Oamb HTamb",405.366666666667,220.736615298263,3,"M+water+warming",411.9,94.4533218050059,3,-0.0159885941231907,0.116367593670434,0.341126946561591,-0.684597409383909,0.652620221137527,0.984138544954277,0.50429321242767,1.92056655095995,"CDR"
"CDR_Biomass_1998-2021_gm2_processed.csv",2013,"Cenrich Nenrich M H2Oamb HTelv",710.166666666667,101.804191138348,3,"M+water+warming",411.9,94.4533218050059,3,0.544719082829822,0.0243778727693414,0.156134149913917,0.238696148998545,0.850742016661099,1.72412397831189,1.26959271095339,2.34138355312213,"CDR"
"CDR_Biomass_1998-2021_gm2_processed.csv",2013,"Cenrich Nenrich M H2Oneg HTamb",356.433333333333,174.098257697581,3,"M+water+warming",411.9,94.4533218050059,3,-0.144633382347534,0.0970542252527806,0.31153527128205,-0.755242514060352,0.465975749365285,0.865339483693453,0.469896644368217,1.59356835383585,"CDR"
"CDR_Biomass_1998-2021_gm2_processed.csv",2013,"Cenrich Nenrich M H2Oneg HTelv",743.8,175.412314276963,3,"M+water+warming",411.9,94.4533218050059,3,0.590991580048935,0.0360669004340811,0.189912875903876,0.218762343277337,0.963220816820532,1.80577810148094,1.24453546931774,2.620121830337,"CDR"
"CDR_Biomass_1998-2021_gm2_processed.csv",2013,"Cenrich Nenrich S",346.882,77.8614505644481,3,"S",252.517222222222,26.0317400458522,3,0.317505211267145,0.0203366790459922,0.142606728614018,0.0379960231836688,0.59701439935062,1.37369640354563,1.03872710204338,1.81668679425233,"CDR"
"CDR_Biomass_1998-2021_gm2_processed.csv",2014,"Camb Namb M H2Oamb HTelv",635.533333333333,60.8828656793792,3,"M+water+warming",346.966666666667,143.249479347512,3,0.605235827538055,0.0598775347202757,0.24469886538412,0.12562605138518,1.08484560369093,1.83168411951196,1.13385808433512,2.95898292742664,"CDR"
"CDR_Biomass_1998-2021_gm2_processed.csv",2014,"Camb Namb M H2Oneg HTamb",361.356666666667,276.905859514264,3,"M+water+warming",346.966666666667,143.249479347512,3,0.0406367530390081,0.252554528170998,0.502548035685145,-0.944357396903876,1.02563090298189,1.04147372466135,0.388929417865033,2.78885440220516,"CDR"
"CDR_Biomass_1998-2021_gm2_processed.csv",2014,"Camb Namb M H2Oneg HTelv",361.266666666667,115.763307370398,3,"M+water+warming",346.966666666667,143.249479347512,3,0.040387660610591,0.0910451278427112,0.301736851979852,-0.551016569269919,0.631791890491101,1.04121433374964,0.576363598945717,1.88097806799178,"CDR"
"CDR_Biomass_1998-2021_gm2_processed.csv",2014,"Camb Nenrich M",277.338636363636,18.9730341063419,3,"M",207.242075757576,39.8871605557876,3,0.291351715375966,0.0139078117953119,0.117931385963669,0.0602061988871751,0.522497231864757,1.33823517907655,1.06205551863474,1.68623331181424,"CDR"
"CDR_Biomass_1998-2021_gm2_processed.csv",2014,"Camb Nenrich M H2Oamb HTamb",218.83,148.606640834116,3,"M+water+warming",346.966666666667,143.249479347512,3,-0.460933541187044,0.21054236781933,0.458848959701697,-1.36027750220237,0.438410419828282,0.630694591219137,0.256589562904174,1.55024102652854,"CDR"
"CDR_Biomass_1998-2021_gm2_processed.csv",2014,"Camb Nenrich M H2Oamb HTelv",727.333333333333,208.984265755423,3,"M+water+warming",346.966666666667,143.249479347512,3,0.740156163871593,0.0843378435369812,0.290409785539298,0.170952984214569,1.30935934352862,2.0962628494572,1.18643496653858,3.7038000884573,"CDR"
"CDR_Biomass_1998-2021_gm2_processed.csv",2014,"Camb Nenrich M H2Oneg HTamb",211.666666666667,64.6777653705919,3,"M+water+warming",346.966666666667,143.249479347512,3,-0.494216003628731,0.087941614202696,0.296549513914112,-1.07545305090039,0.0870210436429278,0.610048996061101,0.34114316506692,1.09091963640002,"CDR"
"CDR_Biomass_1998-2021_gm2_processed.csv",2014,"Camb Nenrich M H2Oneg HTelv",364.533333333333,203.430241934019,3,"M+water+warming",346.966666666667,143.249479347512,3,0.049389282888317,0.16062751056399,0.400783620628376,-0.7361466135433,0.834925179319934,1.05062926313767,0.478955966609444,2.30464160698366,"CDR"
"CDR_Biomass_1998-2021_gm2_processed.csv",2014,"Camb Nenrich S",390.283555555556,126.465905684467,3,"S",239.763666666667,16.3028706163465,3,0.487219824504344,0.036540900448977,0.191156743142838,0.112552607944381,0.861887041064307,1.62778439695015,1.11913113055243,2.367624285142,"CDR"
"CDR_Biomass_1998-2021_gm2_processed.csv",2014,"Cenrich Namb M",246.032965367965,52.5786760744122,3,"M",207.242075757576,39.8871605557876,3,0.171577974417439,0.0275711789483958,0.166045713429754,-0.153871623904878,0.497027572739756,1.1871767085356,0.857382081310377,1.64382784293252,"CDR"
"CDR_Biomass_1998-2021_gm2_processed.csv",2014,"Cenrich Namb M H2Oamb HTamb",155.333333333333,28.7124247205514,3,"M+water+warming",346.966666666667,143.249479347512,3,-0.803655368395777,0.0682075383112209,0.261165729587978,-1.31554019838821,-0.29177053840334,0.447689499471611,0.268329333007816,0.746939910335123,"CDR"
"CDR_Biomass_1998-2021_gm2_processed.csv",2014,"Cenrich Namb M H2Oamb HTelv",518.866666666667,319.271739014485,3,"M+water+warming",346.966666666667,143.249479347512,3,0.402418232003865,0.18302681483403,0.427816333061316,-0.436101780796313,1.24093824480404,1.49543664136805,0.646551916017533,3.45885719761056,"CDR"
"CDR_Biomass_1998-2021_gm2_processed.csv",2014,"Cenrich Namb M H2Oneg HTamb",367.676666666667,192.48673105784,3,"M+water+warming",346.966666666667,143.249479347512,3,0.0579752149116165,0.148176784800556,0.384937377764951,-0.696502045507687,0.81245247533092,1.05968873090595,0.498325378161854,2.25342769126306,"CDR"
"CDR_Biomass_1998-2021_gm2_processed.csv",2014,"Cenrich Namb M H2Oneg HTelv",431.233333333333,158.557034953777,3,"M+water+warming",346.966666666667,143.249479347512,3,0.217420606402433,0.101881966600514,0.319189546508832,-0.408190904754878,0.843032117559745,1.24286674992795,0.664851943309223,2.32340113257067,"CDR"
"CDR_Biomass_1998-2021_gm2_processed.csv",2014,"Cenrich Namb S",286.356,47.5108481086162,3,"S",239.763666666667,16.3028706163465,3,0.177582076036761,0.0107170979168626,0.103523417239109,-0.0253238217518919,0.380487973825414,1.194326079431,0.974994136594219,1.46299832016597,"CDR"
"CDR_Biomass_1998-2021_gm2_processed.csv",2014,"Cenrich Nenrich M",357.561919191919,64.8188333329512,3,"M",207.242075757576,39.8871605557876,3,0.545420989575603,0.0233019358059427,0.152649716036234,0.246227546144585,0.844614433006621,1.72533457737695,1.27919061532047,2.32708039618219,"CDR"
"CDR_Biomass_1998-2021_gm2_processed.csv",2014,"Cenrich Nenrich M H2Oamb HTamb",249.866666666667,70.1667537608327,3,"M+water+warming",346.966666666667,143.249479347512,3,-0.32830127159721,0.0831044668140835,0.28827845360707,-0.893327040667067,0.236724497472647,0.720146027476222,0.409291754659533,1.26709198264008,"CDR"
"CDR_Biomass_1998-2021_gm2_processed.csv",2014,"Cenrich Nenrich M H2Oamb HTelv",686.6,497.817958695747,3,"M+water+warming",346.966666666667,143.249479347512,3,0.682523167170279,0.232049980192293,0.481715663220839,-0.261639532742566,1.62668586708312,1.97886444423095,0.769788457235704,5.08698779753521,"CDR"
"CDR_Biomass_1998-2021_gm2_processed.csv",2014,"Cenrich Nenrich M H2Oneg HTamb",488.733333333333,295.835263843466,3,"M+water+warming",346.966666666667,143.249479347512,3,0.342588296268063,0.178951917638811,0.423027088540215,-0.486544797270758,1.17172138980688,1.40858872129888,0.614746803686428,3.22754372023131,"CDR"
"CDR_Biomass_1998-2021_gm2_processed.csv",2014,"Cenrich Nenrich M H2Oneg HTelv",443.033333333333,135.795188918214,3,"M+water+warming",346.966666666667,143.249479347512,3,0.244416297905864,0.0881350520215168,0.296875482351636,-0.337459647503343,0.826292243315072,1.2768757805745,0.713580768891131,2.28483141656315,"CDR"
"CDR_Biomass_1998-2021_gm2_processed.csv",2014,"Cenrich Nenrich S",312.276,140.209770101801,3,"S",239.763666666667,16.3028706163465,3,0.264233696190187,0.0687394018848175,0.262182001450934,-0.249643026653643,0.778110419034018,1.30243253425943,0.779078843820268,2.17735408906673,"CDR"
"CDR_Biomass_1998-2021_gm2_processed.csv",2015,"Camb Namb M H2Oamb HTelv",586.786666666667,330.443227398192,3,"M+water+warming",720.676666666667,211.61302803309,3,-0.205529261573412,0.13444873041397,0.366672511123987,-0.924207383376426,0.513148860229603,0.814216268969441,0.396845841061107,1.67054322878096,"CDR"
"CDR_Biomass_1998-2021_gm2_processed.csv",2015,"Camb Namb M H2Oneg HTamb",337.123333333333,145.319161273843,3,"M+water+warming",720.676666666667,211.61302803309,3,-0.759741747792479,0.0906762583960461,0.301124987996755,-1.34994672426612,-0.169536771318838,0.46778721849373,0.259254072228937,0.844055716867837,"CDR"
"CDR_Biomass_1998-2021_gm2_processed.csv",2015,"Camb Namb M H2Oneg HTelv",307.483333333333,142.129257485337,3,"M+water+warming",720.676666666667,211.61302803309,3,-0.851769700239811,0.0999598228523459,0.31616423398662,-1.47145159885359,-0.232087801626037,0.426659204543878,0.229591967741351,0.792876504404069,"CDR"
"CDR_Biomass_1998-2021_gm2_processed.csv",2015,"Camb Nenrich M",386.19806060606,65.9074722466023,3,"M",344.376045454546,106.134793386642,3,0.114616132541865,0.0413692352413432,0.203394285173756,-0.284036666398697,0.513268931482426,1.12144286951293,0.752739043970288,1.67074382504202,"CDR"
"CDR_Biomass_1998-2021_gm2_processed.csv",2015,"Camb Nenrich M H2Oamb HTamb",387.833333333333,126.616639243558,3,"M+water+warming",720.676666666667,211.61302803309,3,-0.619614891401239,0.0642676675646289,0.253510685306614,-1.1164958346022,-0.122733948200276,0.538151644519271,0.327425138554656,0.884498953798116,"CDR"
"CDR_Biomass_1998-2021_gm2_processed.csv",2015,"Camb Nenrich M H2Oamb HTelv",631.933333333333,156.807217095813,3,"M+water+warming",720.676666666667,211.61302803309,3,-0.131406682124644,0.0492640241919865,0.22195500488159,-0.56643849169256,0.303625127443272,0.876861098134623,0.567543153168174,1.35476109812926,"CDR"
"CDR_Biomass_1998-2021_gm2_processed.csv",2015,"Camb Nenrich M H2Oneg HTamb",251.123333333333,56.1251746842122,3,"M+water+warming",720.676666666667,211.61302803309,3,-1.05424639916346,0.0453899479506436,0.213049167918215,-1.47182276828316,-0.636670030043762,0.348454924307248,0.229506766034762,0.529051218714743,"CDR"
"CDR_Biomass_1998-2021_gm2_processed.csv",2015,"Camb Nenrich M H2Oneg HTelv",425.45,200.62615108704,3,"M+water+warming",720.676666666667,211.61302803309,3,-0.527043153179909,0.102863372035025,0.320723201585143,-1.15566062828679,0.101574321926972,0.590347960019056,0.31484946971767,1.1069121831813,"CDR"
"CDR_Biomass_1998-2021_gm2_processed.csv",2015,"Camb Nenrich S",420.479555555556,211.989768559537,3,"S",304.215166666667,9.33802217192341,3,0.323660622730363,0.0850404749411096,0.291617000432261,-0.24790869811687,0.895229943577595,1.38217814766705,0.780431194863027,2.44789860331455,"CDR"
"CDR_Biomass_1998-2021_gm2_processed.csv",2015,"Cenrich Namb M",352.744018759019,36.5171824511893,3,"M",344.376045454546,106.134793386642,3,0.0240084188499595,0.0352336270373413,0.18770622535585,-0.343895782847507,0.391912620547426,1.02429894127342,0.70900281445376,1.47980840090485,"CDR"
"CDR_Biomass_1998-2021_gm2_processed.csv",2015,"Cenrich Namb M H2Oamb HTamb",426.883333333333,308.923495113812,3,"M+water+warming",720.676666666667,211.61302803309,3,-0.523679833623056,0.203306757576296,0.450895506272015,-1.4074350259162,0.360075358670092,0.592336831588831,0.244770308155127,1.43343743242882,"CDR"
"CDR_Biomass_1998-2021_gm2_processed.csv",2015,"Cenrich Namb M H2Oamb HTelv",732.4,368.515454221394,3,"M+water+warming",720.676666666667,211.61302803309,3,0.01613622732488,0.113130211564318,0.336348348538117,-0.643106535809829,0.675378990459589,1.01626711932767,0.5256569129477,1.96477746679861,"CDR"
"CDR_Biomass_1998-2021_gm2_processed.csv",2015,"Cenrich Namb M H2Oneg HTamb",482.51,69.9562313164453,3,"M+water+warming",720.676666666667,211.61302803309,3,-0.401188939522602,0.0357465132487997,0.18906748331958,-0.771761206828979,-0.0306166722162244,0.669523549626971,0.46219832421045,0.969847271235442,"CDR"
"CDR_Biomass_1998-2021_gm2_processed.csv",2015,"Cenrich Namb M H2Oneg HTelv",536.6,102.697468323226,3,"M+water+warming",720.676666666667,211.61302803309,3,-0.294937647483952,0.0409491982166249,0.20235908236752,-0.691561448924292,0.101686153956389,0.744578012331004,0.500793494786446,1.10703597833914,"CDR"
"CDR_Biomass_1998-2021_gm2_processed.csv",2015,"Cenrich Namb S",270.929333333333,18.5008702858361,3,"S",304.215166666667,9.33802217192341,3,-0.115877211864609,0.00186842809538434,0.0432253177592061,-0.200598834672653,-0.0311555890565653,0.890584569802842,0.818240615485811,0.96932474502015,"CDR"
"CDR_Biomass_1998-2021_gm2_processed.csv",2015,"Cenrich Nenrich M",422.736487012987,96.9198436671681,3,"M",344.376045454546,106.134793386642,3,0.205014807075255,0.0491825113487266,0.221771304159773,-0.229656949077901,0.63968656322841,1.22754324115376,0.794806214745579,1.89588654560864,"CDR"
"CDR_Biomass_1998-2021_gm2_processed.csv",2015,"Cenrich Nenrich M H2Oamb HTamb",506.82,351.926419013975,3,"M+water+warming",720.676666666667,211.61302803309,3,-0.352034674508015,0.189461603675845,0.43527187328823,-1.20516754615295,0.501098197136915,0.703255736506894,0.299641791477858,1.65053288625262,"CDR"
"CDR_Biomass_1998-2021_gm2_processed.csv",2015,"Cenrich Nenrich M H2Oamb HTelv",582.91,325.438507709214,3,"M+water+warming",720.676666666667,211.61302803309,3,-0.212157784969823,0.132639263429911,0.364196737258739,-0.925983389996952,0.501667820057305,0.808837065165608,0.396141665715185,1.65147333544076,"CDR"
"CDR_Biomass_1998-2021_gm2_processed.csv",2015,"Cenrich Nenrich M H2Oneg HTamb",577.7,320.459966298444,3,"M+water+warming",720.676666666667,211.61302803309,3,-0.221135882688256,0.131310014345945,0.362367236855024,-0.931375666924103,0.489103901547592,0.801607748273613,0.394011309049779,1.63085415908991,"CDR"
"CDR_Biomass_1998-2021_gm2_processed.csv",2015,"Cenrich Nenrich M H2Oneg HTelv",742.656666666667,111.533316248255,3,"M+water+warming",720.676666666667,211.61302803309,3,0.0300432618219124,0.0362578904258692,0.190415047792629,-0.34317023185164,0.403256755495465,1.03049911425836,0.709517418815138,1.49669112600595,"CDR"
"CDR_Biomass_1998-2021_gm2_processed.csv",2015,"Cenrich Nenrich S",490.072,115.358393678137,3,"S",304.215166666667,9.33802217192341,3,0.476817082953534,0.0187836649642729,0.137053511316832,0.208192200772544,0.745441965134524,1.61093874894469,1.23144983241389,2.10737261441217,"CDR"
"CDR_Biomass_1998-2021_gm2_processed.csv",2016,"Camb Namb M H2Oamb HTelv",577.3,147.009421466789,3,"M+water+warming",489.466666666667,179.214545540627,3,0.165045699112318,0.0663023089564951,0.257492347374626,-0.339639301741949,0.669730699966585,1.17944701716154,0.71202710338554,1.95371111531693,"CDR"
"CDR_Biomass_1998-2021_gm2_processed.csv",2016,"Camb Namb M H2Oneg HTamb",456.033333333333,287.379719766955,3,"M+water+warming",489.466666666667,179.214545540627,3,-0.0707504566966109,0.177059284724773,0.420784130790091,-0.89548735304519,0.753986439651968,0.93169436120948,0.408408511000288,2.12545615316261,"CDR"
"CDR_Biomass_1998-2021_gm2_processed.csv",2016,"Camb Namb M H2Oneg HTelv",327.626666666667,140.948530085749,3,"M+water+warming",489.466666666667,179.214545540627,3,-0.401441614207062,0.10638055227537,0.32616031683111,-1.04071583519604,0.237832606781913,0.669354399346227,0.353201757194254,1.26849683728424,"CDR"
"CDR_Biomass_1998-2021_gm2_processed.csv",2016,"Camb Nenrich M",397.571015151515,32.9352954041739,3,"M",304.800378787879,51.269359277646,3,0.265716506052693,0.0117186851506356,0.108252875946257,0.0535408691980304,0.477892142907356,1.30436522662,1.05500010789486,1.6126715359398,"CDR"
"CDR_Biomass_1998-2021_gm2_processed.csv",2016,"Camb Nenrich M H2Oamb HTamb",391.966666666667,133.237844974066,3,"M+water+warming",489.466666666667,179.214545540627,3,-0.222139560793309,0.0832022868552209,0.288448066131879,-0.787497770411792,0.343218648825174,0.800803595750477,0.45498184113919,1.40947690870746,"CDR"
"CDR_Biomass_1998-2021_gm2_processed.csv",2016,"Camb Nenrich M H2Oamb HTelv",909.373333333333,296.128999142828,3,"M+water+warming",489.466666666667,179.214545540627,3,0.619439354643013,0.0800340707794343,0.282902935261256,0.0649496015309511,1.17392910775507,1.85788613456824,1.0671052425584,3.2346770977765,"CDR"
"CDR_Biomass_1998-2021_gm2_processed.csv",2016,"Camb Nenrich M H2Oneg HTamb",501.366666666667,492.808282533211,3,"M+water+warming",489.466666666667,179.214545540627,3,0.0240213400384884,0.366737164617438,0.605588279788701,-1.16293168834737,1.21097436842434,1.02431217651866,0.312568482958492,3.35675377451195,"CDR"
"CDR_Biomass_1998-2021_gm2_processed.csv",2016,"Camb Nenrich M H2Oneg HTelv",554.083333333333,192.965309922103,3,"M+water+warming",489.466666666667,179.214545540627,3,0.123998733659885,0.0851152216015662,0.291745131238837,-0.447821723568235,0.695819190888005,1.13201443748297,0.639018595832816,2.00535116665863,"CDR"
"CDR_Biomass_1998-2021_gm2_processed.csv",2016,"Camb Nenrich S",511.449444444444,103.977828891192,3,"S",362.948444444444,53.7614299840128,3,0.342987944811814,0.0210905928749902,0.145226006193761,0.0583449726720429,0.627630916951585,1.40915177423423,1.06008063148751,1.87316762880682,"CDR"
"CDR_Biomass_1998-2021_gm2_processed.csv",2016,"Cenrich Namb M",396.881291486291,73.6316304551833,3,"M",304.800378787879,51.269359277646,3,0.263980155531085,0.0209043719515274,0.144583442867873,-0.0194033924899457,0.547363703552115,1.30210235651477,0.980783641677506,1.72868966690903,"CDR"
"CDR_Biomass_1998-2021_gm2_processed.csv",2016,"Cenrich Namb M H2Oamb HTamb",580.55,181.649119183111,3,"M+water+warming",489.466666666667,179.214545540627,3,0.170659567118446,0.0773204571851864,0.278065562745886,-0.374348935863492,0.715668070100383,1.18608689730319,0.687736893889057,2.04555279854049,"CDR"
"CDR_Biomass_1998-2021_gm2_processed.csv",2016,"Cenrich Namb M H2Oamb HTelv",747.32,240.660892543845,3,"M+water+warming",489.466666666667,179.214545540627,3,0.423177110637067,0.0792549603276781,0.281522575165258,-0.128607136686838,0.974961357960972,1.52680468537183,0.879319350009871,2.65106476645512,"CDR"
"CDR_Biomass_1998-2021_gm2_processed.csv",2016,"Cenrich Namb M H2Oneg HTamb",404,152.109861613243,3,"M+water+warming",489.466666666667,179.214545540627,3,-0.19190148499342,0.0919399242446336,0.303215969639849,-0.786204785487523,0.402401815500684,0.825388177608281,0.455570506286169,1.49541209172918,"CDR"
"CDR_Biomass_1998-2021_gm2_processed.csv",2016,"Cenrich Namb M H2Oneg HTelv",528.233333333333,291.438369699896,3,"M+water+warming",489.466666666667,179.214545540627,3,0.0762217423260832,0.146152788257608,0.38229934378391,-0.673084971490381,0.825528456142547,1.07920185235631,0.510132403888501,2.28308695791817,"CDR"
"CDR_Biomass_1998-2021_gm2_processed.csv",2016,"Cenrich Namb S",332.824666666667,99.5312812402881,3,"S",362.948444444444,53.7614299840128,3,-0.0866449730641624,0.0371239275541747,0.192675705666736,-0.464289356170965,0.29099941004264,0.917002598471286,0.628581644172238,1.33776379472621,"CDR"
"CDR_Biomass_1998-2021_gm2_processed.csv",2016,"Cenrich Nenrich M",423.726111111111,11.298856779178,3,"M",304.800378787879,51.269359277646,3,0.329430215592398,0.00966814122417624,0.098326706566305,0.13670987072244,0.522150560462356,1.3901758022617,1.14649546836064,1.6856488442622,"CDR"
"CDR_Biomass_1998-2021_gm2_processed.csv",2016,"Cenrich Nenrich M H2Oamb HTamb",813.25,113.551717292166,3,"M+water+warming",489.466666666667,179.214545540627,3,0.507722202398891,0.0511853482351115,0.226241791530901,0.0642882909983259,0.951156113799457,1.66150231544538,1.06639978791009,2.58870076262912,"CDR"
"CDR_Biomass_1998-2021_gm2_processed.csv",2016,"Cenrich Nenrich M H2Oamb HTelv",503.166666666667,190.304921989247,3,"M+water+warming",489.466666666667,179.214545540627,3,0.0276050975242143,0.0923688407418723,0.303922425533017,-0.568082856520499,0.623293051568928,1.02798964859711,0.566610672048459,1.86505967810722,"CDR"
"CDR_Biomass_1998-2021_gm2_processed.csv",2016,"Cenrich Nenrich M H2Oneg HTamb",964.636666666667,507.512423526098,3,"M+water+warming",489.466666666667,179.214545540627,3,0.678435156260016,0.136953386142736,0.370072136404156,-0.0469062310921291,1.40377654361216,1.97079133751022,0.954176865518246,4.07054356101556,"CDR"
"CDR_Biomass_1998-2021_gm2_processed.csv",2016,"Cenrich Nenrich M H2Oneg HTelv",1224.27,712.528593601688,3,"M+water+warming",489.466666666667,179.214545540627,3,0.916783664026988,0.15759586957395,0.396983462595043,0.138696077340703,1.69487125071327,2.50123263415963,1.14877490821761,5.44594475857062,"CDR"
"CDR_Biomass_1998-2021_gm2_processed.csv",2016,"Cenrich Nenrich S",450.816,76.8906396643961,3,"S",362.948444444444,53.7614299840128,3,0.216798476139319,0.0170103569953165,0.130423759320595,-0.0388320921290469,0.472429044407685,1.24209376538327,0.96191220821843,1.60388537417715,"CDR"
"CDR_Biomass_1998-2021_gm2_processed.csv",2017,"Camb Namb M H2Oamb HTelv",387.8,212.109570741162,3,"M+water+warming",480.7,213.937093557896,3,-0.214753632091363,0.165744450043462,0.407117243608598,-1.01270342956421,0.583196165381488,0.806740170584564,0.363235668968658,1.79175603729316,"CDR"
"CDR_Biomass_1998-2021_gm2_processed.csv",2017,"Camb Namb M H2Oneg HTamb",281.9,107.66146014243,3,"M+water+warming",480.7,213.937093557896,3,-0.533690976779848,0.11464347683005,0.338590426370933,-1.19732821246688,0.12994625890718,0.586436446848346,0.302000014840399,1.13876718308727,"CDR"
"CDR_Biomass_1998-2021_gm2_processed.csv",2017,"Camb Namb M H2Oneg HTelv",406.133333333333,202.870656659196,3,"M+water+warming",480.7,213.937093557896,3,-0.168561861987073,0.149196665535715,0.386259841992039,-0.92563115229147,0.588507428317324,0.844878995908744,0.396281226324373,1.80129784180963,"CDR"
"CDR_Biomass_1998-2021_gm2_processed.csv",2017,"Camb Nenrich M",194.312971212121,26.5905623887809,3,"M",184.827878787879,17.6868682571721,3,0.050045105766965,0.00929452226580101,0.0964081026978594,-0.138914775520839,0.239004987054769,1.05131851583455,0.870302196349143,1.26998487005215,"CDR"
"CDR_Biomass_1998-2021_gm2_processed.csv",2017,"Camb Nenrich M H2Oamb HTamb",232.866666666667,63.3713131734962,3,"M+water+warming",480.7,213.937093557896,3,-0.724777331195293,0.0907100601775514,0.301181108600044,-1.31509230405138,-0.134462358339207,0.484432424935857,0.268449543115181,0.874185784062019,"CDR"
"CDR_Biomass_1998-2021_gm2_processed.csv",2017,"Camb Nenrich M H2Oamb HTelv",423.466666666667,138.47325854956,3,"M+water+warming",480.7,213.937093557896,3,-0.126768573075153,0.101666953706261,0.318852557942165,-0.751719586641796,0.498182440491489,0.880937521669787,0.471554975515553,1.64572734332248,"CDR"
"CDR_Biomass_1998-2021_gm2_processed.csv",2017,"Camb Nenrich M H2Oneg HTamb",217.166666666667,126.526848270766,3,"M+water+warming",480.7,213.937093557896,3,-0.794578267003125,0.179174972718054,0.423290648039918,-1.62422793716136,0.035071403155114,0.451771721794605,0.197063762093876,1.0356936579544,"CDR"
"CDR_Biomass_1998-2021_gm2_processed.csv",2017,"Camb Nenrich M H2Oneg HTelv",339.066666666667,62.1071922834492,3,"M+water+warming",480.7,213.937093557896,3,-0.34904663002006,0.0772080055110096,0.277863285647834,-0.893658669889814,0.195565409849694,0.705360238541017,0.409156044057103,1.2159983295889,"CDR"
"CDR_Biomass_1998-2021_gm2_processed.csv",2017,"Camb Nenrich S",246.878888888889,108.927471299501,3,"S",177.833333333333,46.5669035128793,3,0.328051105918942,0.0877475445124381,0.296222120228112,-0.252544249728158,0.908646461566041,1.38825991877538,0.776821837923623,2.48096218204891,"CDR"
"CDR_Biomass_1998-2021_gm2_processed.csv",2017,"Cenrich Namb M",230.55266955267,27.2412836228776,3,"M",184.827878787879,17.6868682571721,3,0.221054330576115,0.00770607811724464,0.087784270329283,0.04899716073072,0.393111500421509,1.24739120020561,1.05021736888588,1.4815835773132,"CDR"
"CDR_Biomass_1998-2021_gm2_processed.csv",2017,"Cenrich Namb M H2Oamb HTamb",886.706666666667,780.916324668228,3,"M+water+warming",480.7,213.937093557896,3,0.612270849972124,0.324564163222624,0.569705330168697,-0.504351597158522,1.72889329710277,1.84461549129741,0.603897017049211,5.63441483344357,"CDR"
"CDR_Biomass_1998-2021_gm2_processed.csv",2017,"Cenrich Namb M H2Oamb HTelv",661.37,341.08905537997,3,"M+water+warming",480.7,213.937093557896,3,0.319070066288244,0.154683640431644,0.393298411427816,-0.451794820110276,1.08993495268676,1.37584772207198,0.636484750199242,2.97408061031798,"CDR"
"CDR_Biomass_1998-2021_gm2_processed.csv",2017,"Cenrich Namb M H2Oneg HTamb",373.433333333333,111.939016135275,3,"M+water+warming",480.7,213.937093557896,3,-0.252503878003347,0.0959754209673999,0.309799000914141,-0.859709919795064,0.354702163788369,0.776853200194161,0.42328485106684,1.42575594928771,"CDR"
"CDR_Biomass_1998-2021_gm2_processed.csv",2017,"Cenrich Namb M H2Oneg HTelv",367.11,160.755942658429,3,"M+water+warming",480.7,213.937093557896,3,-0.269581844234228,0.129941719045471,0.360474297343751,-0.97611146702798,0.436947778559523,0.763698772623258,0.376773349596647,1.54797523744886,"CDR"
"CDR_Biomass_1998-2021_gm2_processed.csv",2017,"Cenrich Namb S",206.410666666667,98.6543587548636,3,"S",177.833333333333,46.5669035128793,3,0.149020929784929,0.0990023515509316,0.314646391288589,-0.467685997140705,0.765727856710562,1.16069728209934,0.626450199931468,2.15055910401208,"CDR"
"CDR_Biomass_1998-2021_gm2_processed.csv",2017,"Cenrich Nenrich M",261.818715728716,65.0155128589121,3,"M",184.827878787879,17.6868682571721,3,0.348227332499924,0.0236071397064326,0.153646150965238,0.0470808766080585,0.64937378839179,1.41655424195609,1.04820678106057,1.91434167061341,"CDR"
"CDR_Biomass_1998-2021_gm2_processed.csv",2017,"Cenrich Nenrich M H2Oamb HTamb",333.416666666667,42.0616908044997,3,"M+water+warming",480.7,213.937093557896,3,-0.36585041583068,0.0713290342003005,0.267074959890104,-0.889317337215283,0.157616505553923,0.693606546009292,0.410936187862495,1.17071714508609,"CDR"
"CDR_Biomass_1998-2021_gm2_processed.csv",2017,"Cenrich Nenrich M H2Oamb HTelv",699.133333333333,330.457203482287,3,"M+water+warming",480.7,213.937093557896,3,0.37459809783228,0.140495470440446,0.374827254132415,-0.360063320267253,1.10925951593181,1.45440676790791,0.69763215041823,3.03211233207675,"CDR"
"CDR_Biomass_1998-2021_gm2_processed.csv",2017,"Cenrich Nenrich M H2Oneg HTamb",443.266666666667,217.187115946903,3,"M+water+warming",480.7,213.937093557896,3,-0.08107182959967,0.14604747688649,0.382161584786449,-0.830108535781109,0.667964876581769,0.922127453019902,0.436001961939883,1.95026425071503,"CDR"
"CDR_Biomass_1998-2021_gm2_processed.csv",2017,"Cenrich Nenrich M H2Oneg HTelv",762.5,478.585958841251,3,"M+water+warming",480.7,213.937093557896,3,0.461359133581652,0.197340525435124,0.444230261728222,-0.409332179405663,1.33205044656897,1.58622841689203,0.664093597462558,3.78880416882451,"CDR"
"CDR_Biomass_1998-2021_gm2_processed.csv",2017,"Cenrich Nenrich S",251.645333333333,99.6883596280596,3,"S",177.833333333333,46.5669035128793,3,0.347173906702268,0.07516698500652,0.274165980760779,-0.19019141558886,0.884539228993396,1.41506279287723,0.826800856222671,2.42186820770081,"CDR"
"CDR_Biomass_1998-2021_gm2_processed.csv",2018,"Camb Namb M H2Oamb HTelv",516.79,78.3879780323488,3,"M+water+warming",514.51,316.570480777978,3,0.00442161100479229,0.133861222343872,0.365870499417311,-0.712684567853136,0.721527789862721,1.00443140075023,0.490326115285406,2.05757435176754,"CDR"
"CDR_Biomass_1998-2021_gm2_processed.csv",2018,"Camb Namb M H2Oneg HTamb",322.89,183.503365364235,3,"M+water+warming",514.51,316.570480777978,3,-0.465903283486871,0.233852837711894,0.483583330680343,-1.41372661162034,0.4819200446466,0.627567977298789,0.243235149139779,1.61918031799165,"CDR"
"CDR_Biomass_1998-2021_gm2_processed.csv",2018,"Camb Namb M H2Oneg HTelv",387.873333333333,213.193915563586,3,"M+water+warming",514.51,316.570480777978,3,-0.282536165588837,0.226896448208313,0.476336486329058,-1.21615567879379,0.651083347616117,0.753869377336365,0.296367310888292,1.91761715009025,"CDR"
"CDR_Biomass_1998-2021_gm2_processed.csv",2018,"Camb Nenrich M",349.081757575758,76.2134487018373,3,"M",278.513362121212,44.8062870199814,3,0.225840120054362,0.0245157695349955,0.156575124253489,-0.0810471234824763,0.532727363591201,1.25337525968981,0.922150235490256,1.70357223925375,"CDR"
"CDR_Biomass_1998-2021_gm2_processed.csv",2018,"Camb Nenrich M H2Oamb HTamb",299.75,96.5225750796154,3,"M+water+warming",514.51,316.570480777978,3,-0.540266197523564,0.160755568472732,0.400943348208611,-1.32611516001244,0.245582764965314,0.582593146877612,0.265506711470211,1.278366083137,"CDR"
"CDR_Biomass_1998-2021_gm2_processed.csv",2018,"Camb Nenrich M H2Oamb HTelv",684.076666666667,185.236242764026,3,"M+water+warming",514.51,316.570480777978,3,0.284855005680202,0.150633153685303,0.388114871765181,-0.475850142979553,1.04556015433996,1.32956923415807,0.621356589918069,2.84499171184901,"CDR"
"CDR_Biomass_1998-2021_gm2_processed.csv",2018,"Camb Nenrich M H2Oneg HTamb",278,181.244312738359,3,"M+water+warming",514.51,316.570480777978,3,-0.615593877740551,0.267875093193165,0.517566510888374,-1.63002423908176,0.398836483600662,0.540319916036617,0.195924825031499,1.49008994454317,"CDR"
"CDR_Biomass_1998-2021_gm2_processed.csv",2018,"Camb Nenrich M H2Oneg HTelv",639.593333333333,254.003864996841,3,"M+water+warming",514.51,316.570480777978,3,0.217617566293135,0.178763674501831,0.422804534627801,-0.611079321577355,1.04631445416362,1.24311156893614,0.542764735127842,2.84713849815406,"CDR"
"CDR_Biomass_1998-2021_gm2_processed.csv",2018,"Camb Nenrich S",300.096,12.7269473166192,3,"S",240.661222222222,73.6081331408527,3,0.22071219584363,0.0317825402208975,0.178276583490086,-0.128709907796938,0.570134299484198,1.24696449735012,0.879228986027621,1.76850454473392,"CDR"
"CDR_Biomass_1998-2021_gm2_processed.csv",2018,"Cenrich Namb M",310.133088023088,22.6219181979854,3,"M",278.513362121212,44.8062870199814,3,0.107535484445233,0.0104006367757876,0.101983512274228,-0.0923521996122539,0.30742316850272,1.11353037305303,0.911783963029289,1.35991632008096,"CDR"
"CDR_Biomass_1998-2021_gm2_processed.csv",2018,"Cenrich Namb M H2Oamb HTamb",227.01,76.3240021225302,3,"M+water+warming",514.51,316.570480777978,3,-0.818220922056648,0.163872045343822,0.404811123048542,-1.61165072323179,-0.024791120881505,0.441215914170764,0.199557927132654,0.975513655181121,"CDR"
"CDR_Biomass_1998-2021_gm2_processed.csv",2018,"Cenrich Namb M H2Oamb HTelv",562.013333333333,361.569853877965,3,"M+water+warming",514.51,316.570480777978,3,0.0883105829734828,0.264157353563441,0.513962404815217,-0.919055730464343,1.09567689641131,1.09232732761916,0.398895528199072,2.99120673538398,"CDR"
"CDR_Biomass_1998-2021_gm2_processed.csv",2018,"Cenrich Namb M H2Oneg HTamb",403.75,230.550867489151,3,"M+water+warming",514.51,316.570480777978,3,-0.242419116894322,0.234881434036063,0.484645678858342,-1.19232464745667,0.707486413668029,0.784727216186274,0.303514878246035,2.02888506613598,"CDR"
"CDR_Biomass_1998-2021_gm2_processed.csv",2018,"Cenrich Namb M H2Oneg HTelv",506.753333333333,164.641150485938,3,"M+water+warming",514.51,316.570480777978,3,-0.0151906282552299,0.161377417398193,0.401718081990584,-0.802558068956774,0.772176812446314,0.984924167330729,0.448181018530704,2.16447278060186,"CDR"
"CDR_Biomass_1998-2021_gm2_processed.csv",2018,"Cenrich Namb S",328.611333333333,75.8929287439438,3,"S",240.661222222222,73.6081331408527,3,0.311485467139433,0.0489623829168538,0.221274451568304,-0.122212457934443,0.745183392213309,1.36545194235696,0.884960331684243,2.10682777536252,"CDR"
"CDR_Biomass_1998-2021_gm2_processed.csv",2018,"Cenrich Nenrich M",398.05276984127,25.7167124908985,3,"M",278.513362121212,44.8062870199814,3,0.35711854692873,0.010018419334139,0.100092054300724,0.160938120499311,0.553298973358149,1.42920528770908,1.17461228214347,1.73898041546794,"CDR"
"CDR_Biomass_1998-2021_gm2_processed.csv",2018,"Cenrich Nenrich M H2Oamb HTamb",540.12,136.440475299671,3,"M+water+warming",514.51,316.570480777978,3,0.0485763456616538,0.147462874531622,0.384008951108723,-0.704081198511444,0.801233889834751,1.04977551456726,0.494562770575851,2.22828869569335,"CDR"
"CDR_Biomass_1998-2021_gm2_processed.csv",2018,"Cenrich Nenrich M H2Oamb HTelv",637.066666666667,99.5260655975777,3,"M+water+warming",514.51,316.570480777978,3,0.213659315912302,0.134327502983803,0.36650716634713,-0.504694730128072,0.932013361952676,1.23820074763691,0.603689835619871,2.53961720239064,"CDR"
"CDR_Biomass_1998-2021_gm2_processed.csv",2018,"Cenrich Nenrich M H2Oneg HTamb",513.793333333333,208.222586751134,3,"M+water+warming",514.51,316.570480777978,3,-0.00139388205691851,0.180938675445419,0.425368869859348,-0.83511686698124,0.832329102867403,0.998607088945469,0.433823778794899,2.29866634065627,"CDR"
"CDR_Biomass_1998-2021_gm2_processed.csv",2018,"Cenrich Nenrich M H2Oneg HTelv",648.42,177.061009824298,3,"M+water+warming",514.51,316.570480777978,3,0.231323643111941,0.151046921145708,0.388647553891321,-0.530425562515049,0.993072848738931,1.26026705020311,0.588354534758725,2.69951694768353,"CDR"
"CDR_Biomass_1998-2021_gm2_processed.csv",2018,"Cenrich Nenrich S",253.476,71.274654681731,3,"S",240.661222222222,73.6081331408527,3,0.0518789163696152,0.0575387609893109,0.239872384799315,-0.418270957837043,0.522028790576274,1.05324820367589,0.658183864185108,1.68544359549128,"CDR"
"CDR_Biomass_1998-2021_gm2_processed.csv",2019,"Camb Namb M H2Oamb HTelv",461.896666666667,47.0993803922444,3,"M+water+warming",541.96,287.720077158338,3,-0.159850997136953,0.0974132945959626,0.312111029276382,-0.771588614518662,0.451886620244756,0.85227077029055,0.462278102971452,1.57127378784044,"CDR"
"CDR_Biomass_1998-2021_gm2_processed.csv",2019,"Camb Namb M H2Oneg HTamb",355.87,168.392335633187,3,"M+water+warming",541.96,287.720077158338,3,-0.420626702355793,0.168582039336191,0.410587432024156,-1.22537806912314,0.384124664411554,0.656635176027751,0.293646660599024,1.46832847857841,"CDR"
"CDR_Biomass_1998-2021_gm2_processed.csv",2019,"Camb Namb M H2Oneg HTelv",316.6,96.5181330113674,3,"M+water+warming",541.96,287.720077158338,3,-0.537553050531319,0.124926891704849,0.353449984728885,-1.23031502059993,0.155208919537296,0.584175953944941,0.292200513999422,1.16790193315046,"CDR"
"CDR_Biomass_1998-2021_gm2_processed.csv",2019,"Camb Nenrich M",222.69396969697,46.3510004911622,3,"M",214.415166666667,20.2819958256111,3,0.0378843290066402,0.0174229872408732,0.13199616373544,-0.220828151914823,0.296596809928103,1.03861108875369,0.80185446560529,1.34527278945542,"CDR"
"CDR_Biomass_1998-2021_gm2_processed.csv",2019,"Camb Nenrich M H2Oamb HTamb",242.8,98.3299038950003,3,"M+water+warming",541.96,287.720077158338,3,-0.802954138792887,0.148617812191211,0.385509808164735,-1.55855336279577,-0.0473549147900059,0.448003542696878,0.210440281847481,0.953748837945475,"CDR"
"CDR_Biomass_1998-2021_gm2_processed.csv",2019,"Camb Nenrich M H2Oamb HTelv",511.366666666667,49.8405791833656,3,"M+water+warming",541.96,287.720077158338,3,-0.0581053177956124,0.097113871327286,0.311630985826644,-0.668902050015834,0.55269141442461,0.943550569537727,0.512270716755185,1.73792420326934,"CDR"
"CDR_Biomass_1998-2021_gm2_processed.csv",2019,"Camb Nenrich M H2Oneg HTamb",301.356666666667,69.0422525221573,3,"M+water+warming",541.96,287.720077158338,3,-0.586897695623674,0.111443700329311,0.333831844390722,-1.24120811062949,0.0674127193821416,0.556049646960415,0.289034820886995,1.06973688822666,"CDR"
"CDR_Biomass_1998-2021_gm2_processed.csv",2019,"Camb Nenrich M H2Oneg HTelv",488.483333333333,325.993467470336,3,"M+water+warming",541.96,287.720077158338,3,-0.103886845125875,0.242403122422246,0.492344515986769,-1.06888209645994,0.861108406208193,0.901327281226167,0.343392182264788,2.3657814878736,"CDR"
"CDR_Biomass_1998-2021_gm2_processed.csv",2019,"Camb Nenrich S",231.636111111111,68.7961413600869,3,"S",211.004,41.6190750030693,3,0.0932905630710774,0.0423714600796647,0.205843290101146,-0.310162285527169,0.496743411669324,1.0977806634524,0.733327938056072,1.64336079741429,"CDR"
"CDR_Biomass_1998-2021_gm2_processed.csv",2019,"Cenrich Namb M",263.457360750361,11.2984480265031,3,"M",214.415166666667,20.2819958256111,3,0.205977369358696,0.00359560918110148,0.0599633986787063,0.0884491079484319,0.323505630768961,1.22872539683695,1.09247865271576,1.38196393776577,"CDR"
"CDR_Biomass_1998-2021_gm2_processed.csv",2019,"Cenrich Namb M H2Oamb HTamb",448.52,377.438565729577,3,"M+water+warming",541.96,287.720077158338,3,-0.189238924385551,0.329999356380794,0.574455704454916,-1.31517210511719,0.936694256346086,0.827588751937412,0.268428121410274,2.5515327482641,"CDR"
"CDR_Biomass_1998-2021_gm2_processed.csv",2019,"Cenrich Namb M H2Oamb HTelv",379.71,177.971748038839,3,"M+water+warming",541.96,287.720077158338,3,-0.355784394505764,0.167175305525278,0.408870768734178,-1.15717110122475,0.445602312213226,0.700623662262898,0.314374257102378,1.56143038125039,"CDR"
"CDR_Biomass_1998-2021_gm2_processed.csv",2019,"Cenrich Namb M H2Oneg HTamb",367.366666666667,159.125307017248,3,"M+water+warming",541.96,287.720077158338,3,-0.388831756948844,0.156487350111944,0.39558482037604,-1.16417800488588,0.386514490988194,0.677848303687849,0.312179166345023,1.47184172535292,"CDR"
"CDR_Biomass_1998-2021_gm2_processed.csv",2019,"Cenrich Namb M H2Oneg HTelv",360.153333333333,91.01418863745,3,"M+water+warming",541.96,287.720077158338,3,-0.408662331282848,0.115234740154089,0.339462428192118,-1.0740086905394,0.256684027973704,0.664538588333702,0.341636254745836,1.29263662521149,"CDR"
"CDR_Biomass_1998-2021_gm2_processed.csv",2019,"Cenrich Namb S",309.02,42.9716790456226,3,"S",211.004,41.6190750030693,3,0.381528909079922,0.0194139770242254,0.139334048330713,0.108434174351725,0.65462364380812,1.46452199958295,1.11453154136241,1.92441811439502,"CDR"
"CDR_Biomass_1998-2021_gm2_processed.csv",2019,"Cenrich Nenrich M",269.692295093795,21.2084137198265,3,"M",214.415166666667,20.2819958256111,3,0.22936749456081,0.0050439394372297,0.0710206972454488,0.0901669279597308,0.36856806116189,1.25780419028409,1.09435694723138,1.44566303078599,"CDR"
"CDR_Biomass_1998-2021_gm2_processed.csv",2019,"Cenrich Nenrich M H2Oamb HTamb",532.466666666667,133.573587708549,3,"M+water+warming",541.96,287.720077158338,3,-0.0176719001630515,0.114923966097319,0.339004374746579,-0.682120474666346,0.646776674340243,0.98248333210323,0.505543862042673,1.90937635749435,"CDR"
"CDR_Biomass_1998-2021_gm2_processed.csv",2019,"Cenrich Nenrich M H2Oamb HTelv",376.703333333333,153.730625554355,3,"M+water+warming",541.96,287.720077158338,3,-0.36373423454494,0.149461122503163,0.386602020821365,-1.12147419535482,0.394005726264935,0.695075897360199,0.325799148835377,1.48290904018048,"CDR"
"CDR_Biomass_1998-2021_gm2_processed.csv",2019,"Cenrich Nenrich M H2Oneg HTamb",477.076666666667,225.500189874273,3,"M+water+warming",541.96,287.720077158338,3,-0.127514993240551,0.168419915705719,0.410389955658907,-0.931879306332009,0.676849319850906,0.880280217482225,0.39381291939,1.96766846169199,"CDR"
"CDR_Biomass_1998-2021_gm2_processed.csv",2019,"Cenrich Nenrich M H2Oneg HTelv",776.15,376.60696023839,3,"M+water+warming",541.96,287.720077158338,3,0.359153602494222,0.172428290770588,0.415244856404734,-0.454726316059057,1.1730335210475,1.4321167613846,0.634621629931583,3.23178146080497,"CDR"
"CDR_Biomass_1998-2021_gm2_processed.csv",2019,"Cenrich Nenrich S",267.009333333333,47.584586468029,3,"S",211.004,41.6190750030693,3,0.235406523451561,0.0235549227967289,0.153476131032577,-0.0654066933722903,0.536219740275413,1.26542308834588,0.936686441735399,1.70953215630205,"CDR"
"CDR_Biomass_1998-2021_gm2_processed.csv",2020,"Camb Namb M H2Oamb HTelv",353.352433333333,98.6413350870888,3,"M+water+warming",415.76,136.097725183046,3,-0.162642217119415,0.0616951420686144,0.248385068127322,-0.649476950648967,0.324192516410136,0.849895211981271,0.522318903889017,1.3829135150394,"CDR"
"CDR_Biomass_1998-2021_gm2_processed.csv",2020,"Camb Nenrich M",277.588293055555,31.3668396593607,3,"M",289.086730092593,70.4987223376606,3,-0.0405876914635029,0.024079869811754,0.155176898447398,-0.344734412420402,0.263559029493397,0.960224957287543,0.708408472977296,1.30155412275456,"CDR"
"CDR_Biomass_1998-2021_gm2_processed.csv",2020,"Camb Nenrich M H2Oamb HTamb",230.233333333333,130.602309831539,3,"M+water+warming",415.76,136.097725183046,3,-0.591014883273369,0.142980200332509,0.378127227705847,-1.33214424957683,0.150114483030091,0.55376499262395,0.263910763617463,1.16196726064686,"CDR"
"CDR_Biomass_1998-2021_gm2_processed.csv",2020,"Camb Nenrich M H2Oamb HTelv",529.796833333333,76.5853613955261,3,"M+water+warming",415.76,136.097725183046,3,0.242385429021644,0.0426841409911478,0.206601406072533,-0.162553326880521,0.647324184923809,1.27428524469245,0.849970762727511,1.91042204749514,"CDR"
"CDR_Biomass_1998-2021_gm2_processed.csv",2020,"Cenrich Namb M",245.349220185185,58.3238442349905,3,"M",289.086730092593,70.4987223376606,3,-0.164044163063025,0.0386602725486345,0.196622156810046,-0.549423590410716,0.221335264284665,0.848704539660473,0.577282465647358,1.24774168367051,"CDR"
"CDR_Biomass_1998-2021_gm2_processed.csv",2020,"Cenrich Namb M H2Oamb HTamb",438.80705,59.4069398252847,2,"M+water+warming",415.76,136.097725183046,3,0.0539516241169463,0.0448829079834195,0.211855866058553,-0.361285873357817,0.46918912159171,1.05543354339042,0.696779779217347,1.59869731834767,"CDR"
"CDR_Biomass_1998-2021_gm2_processed.csv",2020,"Cenrich Namb M H2Oamb HTelv",544.950466666667,324.215136003632,3,"M+water+warming",415.76,136.097725183046,3,0.270586732982445,0.153704865219449,0.392052120539411,-0.497835423274801,1.03900888923969,1.31073327560772,0.607844963804621,2.82641433603712,"CDR"
"CDR_Biomass_1998-2021_gm2_processed.csv",2020,"Cenrich Nenrich M",243.879049346405,91.2209919957608,3,"M",289.086730092593,70.4987223376606,3,-0.170054344223155,0.0664594996684513,0.257797400429972,-0.6753372490659,0.33522856061959,0.843618969533095,0.508984737031992,1.39825993586002,"CDR"
"CDR_Biomass_1998-2021_gm2_processed.csv",2020,"Cenrich Nenrich M H2Oamb HTamb",458.95,288.287434689755,2,"M+water+warming",415.76,136.097725183046,3,0.0988331009649137,0.23300211602068,0.482702927296572,-0.847264636536368,1.04493083846619,1.103882047335,0.42858566760118,2.84320187664894,"CDR"
"CDR_Biomass_1998-2021_gm2_processed.csv",2020,"Cenrich Nenrich M H2Oamb HTelv",395.3,274.074588387906,2,"M+water+warming",415.76,136.097725183046,3,-0.0504632003975465,0.276074071045118,0.525427512645767,-1.08030112518325,0.979374724388157,0.950788916682702,0.339493280275149,2.66279074317465,"CDR"
"CDR_Biomass_1998-2021_gm2_processed.csv",2021,"Camb Namb M H2Oamb HTelv",199.233333333333,31.6166622737653,3,"M+water+warming",223.728166666667,51.2293180716212,3,-0.115955106088323,0.0258716535114361,0.160846677029512,-0.431214593066166,0.199304380889521,0.890515201110872,0.649719470520502,1.22055342250131,"CDR"
"CDR_Biomass_1998-2021_gm2_processed.csv",2021,"Camb Namb M H2Oneg HTamb",97.4,33.3072064274385,3,"M+water+warming",223.728166666667,51.2293180716212,3,-0.831605562601932,0.0564568975049159,0.237606602401776,-1.29731450330941,-0.36589662189445,0.43534974362489,0.27326465987758,0.69357449792141,"CDR"
"CDR_Biomass_1998-2021_gm2_processed.csv",2021,"Camb Namb M H2Oneg HTelv",203.1056,102.697089803363,3,"M+water+warming",223.728166666667,51.2293180716212,3,-0.096705732419877,0.102699211233716,0.320467176530945,-0.72482139842053,0.531409933580775,0.907823109741062,0.484411077813434,1.70132937979041,"CDR"
"CDR_Biomass_1998-2021_gm2_processed.csv",2021,"Camb Nenrich M",174.392913030303,11.2862452656436,3,"M",171.680225,37.4616489412634,3,0.0156772848957199,0.0172673921830221,0.131405449594079,-0.241877396308676,0.273231966100115,1.01580081823811,0.785152434237686,1.31420506049256,"CDR"
"CDR_Biomass_1998-2021_gm2_processed.csv",2021,"Camb Nenrich M H2Oamb HTamb",201.3511,109.259806075382,3,"M+water+warming",223.728166666667,51.2293180716212,3,-0.105381622843967,0.115627598155265,0.340040583100407,-0.771861165720764,0.56109792003283,0.899981003732953,0.462152125687192,1.75259565424654,"CDR"
"CDR_Biomass_1998-2021_gm2_processed.csv",2021,"Camb Nenrich M H2Oamb HTelv",356.1728,124.274357922783,3,"M+water+warming",223.728166666667,51.2293180716212,3,0.464984233094835,0.0580580807053051,0.240952444904187,-0.00728255891737045,0.937251025107041,1.59198908794825,0.992743894659292,2.55295375754096,"CDR"
"CDR_Biomass_1998-2021_gm2_processed.csv",2021,"Camb Nenrich M H2Oneg HTamb",132,58.1505803926324,3,"M+water+warming",223.728166666667,51.2293180716212,3,-0.527629850664051,0.0821675830617801,0.286648884633762,-1.08946166454622,0.0342019632181239,0.590001705939276,0.336397539692804,1.03479357586604,"CDR"
"CDR_Biomass_1998-2021_gm2_processed.csv",2021,"Camb Nenrich M H2Oneg HTelv",233.8,116.794220747433,3,"M+water+warming",223.728166666667,51.2293180716212,3,0.0440342757875469,0.100659899081123,0.317269442400498,-0.57781383131743,0.665882382892524,1.04501817309548,0.561123737785865,1.94620706371997,"CDR"
"CDR_Biomass_1998-2021_gm2_processed.csv",2021,"Camb Nenrich S",146.643971111111,78.0501476278073,3,"S",152.849211111111,36.7343182988383,3,-0.0414442032808887,0.113680251624161,0.337165021353284,-0.702287645133326,0.619399238571549,0.959402865380252,0.495450591242589,1.85781160497022,"CDR"
"CDR_Biomass_1998-2021_gm2_processed.csv",2021,"Cenrich Namb M",186.615455844156,27.5143092305138,3,"M",171.680225,37.4616489412634,3,0.0834165242706004,0.0231173212976807,0.152043813743541,-0.214589350666741,0.381422399207941,1.08699447384902,0.806872713895992,1.46436602183899,"CDR"
"CDR_Biomass_1998-2021_gm2_processed.csv",2021,"Cenrich Namb M H2Oamb HTamb",145.414533333333,51.5511448723822,3,"M+water+warming",223.728166666667,51.2293180716212,3,-0.430843258996613,0.0593701437020814,0.243659893503386,-0.90841665026325,0.046730132270024,0.649960778295685,0.403162065487589,1.04783919293552,"CDR"
"CDR_Biomass_1998-2021_gm2_processed.csv",2021,"Cenrich Namb M H2Oamb HTelv",301.211633333333,157.813110184177,3,"M+water+warming",223.728166666667,51.2293180716212,3,0.297381345214097,0.108977378014712,0.330117218597746,-0.349648403237486,0.944411093665679,1.34632861754108,0.704935899331617,2.57129867854465,"CDR"
"CDR_Biomass_1998-2021_gm2_processed.csv",2021,"Cenrich Namb M H2Oneg HTamb",234.366666666667,38.3881926291579,3,"M+water+warming",223.728166666667,51.2293180716212,3,0.0464550672865846,0.0264202917899508,0.162543199765326,-0.272129604253455,0.365039738826624,1.04755100870178,0.761755527935344,1.44057125362306,"CDR"
"CDR_Biomass_1998-2021_gm2_processed.csv",2021,"Cenrich Namb M H2Oneg HTelv",159.466666666667,72.5411837050743,3,"M+water+warming",223.728166666667,51.2293180716212,3,-0.338596859282109,0.0864549264606196,0.294032186096386,-0.914899944031025,0.237706225466807,0.712769737680176,0.400556702174825,1.26833653311568,"CDR"
"CDR_Biomass_1998-2021_gm2_processed.csv",2021,"Cenrich Namb S",200.833313333333,53.969288509586,3,"S",152.849211111111,36.7343182988383,3,0.273023389984635,0.043324266724929,0.208144821518406,-0.13494046019144,0.68098724016071,1.31393097729069,0.873767934114839,1.97582738582985,"CDR"
"CDR_Biomass_1998-2021_gm2_processed.csv",2021,"Cenrich Nenrich M",152.458866738817,25.4596228410064,3,"M",171.680225,37.4616489412634,3,-0.118738756097403,0.0251668781862321,0.158640720454214,-0.429674568187663,0.192197055992856,0.888039765434936,0.650720825527055,1.21190930742841,"CDR"
"CDR_Biomass_1998-2021_gm2_processed.csv",2021,"Cenrich Nenrich M H2Oamb HTamb",212.433333333333,21.7081397944028,3,"M+water+warming",223.728166666667,51.2293180716212,3,-0.0518035595982825,0.0209581056379585,0.144769146015159,-0.335551085787995,0.23194396659143,0.9495153717048,0.714943982302104,1.26104906597107,"CDR"
"CDR_Biomass_1998-2021_gm2_processed.csv",2021,"Cenrich Nenrich M H2Oamb HTelv",211.2,62.8483890008328,3,"M+water+warming",223.728166666667,51.2293180716212,3,-0.057626221418315,0.0469947850054593,0.216782806065101,-0.482520521305913,0.367268078469283,0.944002729502841,0.617225699006964,1.4437849148902,"CDR"
"CDR_Biomass_1998-2021_gm2_processed.csv",2021,"Cenrich Nenrich M H2Oneg HTamb",202.4,74.0265492914535,3,"M+water+warming",223.728166666667,51.2293180716212,3,-0.100185835837111,0.0620668232149298,0.249132140068137,-0.588484830370659,0.388113158696438,0.904669282440223,0.555167821217923,1.47419659301479,"CDR"
"CDR_Biomass_1998-2021_gm2_processed.csv",2021,"Cenrich Nenrich M H2Oneg HTelv",469.341933333333,121.550137291421,3,"M+water+warming",223.728166666667,51.2293180716212,3,0.740899798495213,0.0398341757785136,0.199585008902256,0.349713181046791,1.13208641594364,2.09782228284473,1.41866059148873,3.10212206979095,"CDR"
"CDR_Biomass_1998-2021_gm2_processed.csv",2021,"Cenrich Nenrich S",186.15884,51.8681615181683,3,"S",152.849211111111,36.7343182988383,3,0.197148400648655,0.045129859300021,0.212437895160023,-0.21922987386499,0.6135266751623,1.21792476812115,0.803137076708378,1.84693346107535,"CDR"
"GCE1.csv",2010,"Disturbed (March-2010)",389.25,261.348991684578,12,"all",762.25,40.9947335863789,12,-0.672052775154256,0.0378077455530451,0.194442139344961,-1.05315936827038,-0.290946182038134,0.510659232535257,0.348833911522904,0.747555908870907,"GCE"
"GCE1.csv",2011,"Disturbed (March-2010)",553.333333333333,183.694575232087,12,"all",745.416666666667,54.6001304249747,12,-0.29798275347234,0.00963122757201856,0.098138817865402,-0.490334836488528,-0.105630670456152,0.742314141978759,0.612421298852424,0.899756893521176,"GCE"
"GCE1.csv",2012,"Disturbed (March-2010)",679.416666666667,109.462702932704,12,"all",759.333333333333,39.7819816073315,12,-0.111206268464107,0.00239184231158848,0.0489064649263109,-0.207062939719677,-0.015349597208538,0.894754170324846,0.812968480369027,0.984767607411174,"GCE"
"GCE1.csv",2013,"Disturbed (March-2010)",747.916666666667,66.0928524994583,12,"all",783.166666666667,16.9964345637192,12,-0.0460539663062814,0.000690009475775795,0.0262680314408179,-0.0975393079302844,0.00543137531772155,0.95499042349436,0.907066685940978,1.00544615197706,"GCE"
"GCE1.csv",2014,"Disturbed (March-2010)",783.666666666667,49.6521231503078,12,"all",799,0,12,-0.019377185894315,0.000334527367468634,0.018290089323692,-0.0552257609687514,0.0164713891801215,0.980809345014601,0.946271492667993,1.01660779038759,"GCE"
"GCE1.csv",2015,"Disturbed (March-2010)",716.5,115.258405333407,2,"all",799,0,2,-0.108982698498048,0.0129384671649081,0.113747383112352,-0.331927569398258,0.113962172402161,0.896745932415519,0.717539292775064,1.12070973032534,"GCE"
"GCE1.csv",2016,"Disturbed (March-2010)",723,106.066017177982,2,"all",799,0,2,-0.0999517236075099,0.0107608340076789,0.103734439834025,-0.303271225682199,0.103367778467179,0.904881101376721,0.738398796491162,1.10889916332434,"GCE"
"GCE1.csv",2017,"Disturbed (March-2010)",740.5,82.7314933988261,2,"all",799,0,2,-0.0760353120584212,0.00624110668512844,0.0790006752194463,-0.230876635488536,0.0788060113716936,0.926783479349186,0.79383739135683,1.08199440709955,"GCE"
"GCE1.csv",2018,"Disturbed (March-2010)",661,0,1,"all",783,0,1,-0.169378856139117,0,0,-0.169378856139117,-0.169378856139117,0.84418901660281,0.84418901660281,0.84418901660281,"GCE"
"GCE1.csv",2019,"Disturbed (March-2010)",700,0,1,"all",796,0,1,-0.128518850800978,0,0,-0.128518850800978,-0.128518850800978,0.879396984924623,0.879396984924623,0.879396984924623,"GCE"
"GCE1.csv",2020,"Disturbed (March-2010)",692,0,1,"all",796,0,1,-0.140013230226713,0,0,-0.140013230226713,-0.140013230226713,0.869346733668342,0.869346733668342,0.869346733668342,"GCE"
"HBR_litterfall_2009-2022_processed.csv",2011,"N",277.686015151515,32.3243354154811,11,"all",292.589151515152,36.9669633148193,11,-0.05227837824776,0.00268302238593213,0.051797899435519,-0.153802261141377,0.0492455046458571,0.949064631116835,0.857441553763476,1.05047821636762,"HBR"
"HBR_litterfall_2009-2022_processed.csv",2011,"NP",284.189348484848,34.1321935959175,11,"all",292.589151515152,36.9669633148193,11,-0.0291286757179808,0.00276252499371645,0.0525597278695053,-0.132145742342211,0.0738883909062495,0.971291474797321,0.876213284396828,1.07668663077093,"HBR"
"HBR_litterfall_2009-2022_processed.csv",2011,"P",274.922227272727,25.1824097649169,11,"all",292.589151515152,36.9669633148193,11,-0.062281163986258,0.0022139203952901,0.0470523155146492,-0.15450370239497,0.0299413744224544,0.93961866271891,0.856840319774934,1.03039412473211,"HBR"
"HBR_litterfall_2009-2022_processed.csv",2012,"N",301.311636363636,31.4300658964398,11,"all",304.997818181818,29.7164465904596,11,-0.0121595571659,0.00185215261627045,0.0430366427160675,-0.0965113768893924,0.0721922625575924,0.987914071516458,0.907999567330341,1.07486197991233,"HBR"
"HBR_litterfall_2009-2022_processed.csv",2012,"NP",299.020545454545,46.9110214861361,11,"all",304.997818181818,29.7164465904596,11,-0.0197923381547938,0.00310045239630128,0.0556817061188078,-0.128928482147657,0.0893438058380695,0.980402244308156,0.879036830123807,1.09345652844727,"HBR"
"HBR_litterfall_2009-2022_processed.csv",2012,"P",292.018363636364,35.5012955010736,11,"all",304.997818181818,29.7164465904596,11,-0.0434879336231197,0.00220661035067043,0.046974571319709,-0.135558093409749,0.04858222616351,0.957444106902702,0.873228432637804,1.04978168779227,"HBR"
"HBR_litterfall_2009-2022_processed.csv",2013,"N",295.154363636364,41.5662263749615,11,"all",304.081090909091,51.4339583416531,11,-0.029795926199651,0.00440390493825579,0.0663619238589102,-0.159865296963115,0.100273444563813,0.97064359626559,0.85225858305383,1.10547316237693,"HBR"
"HBR_litterfall_2009-2022_processed.csv",2013,"NP",289.664090909091,56.6560105804398,11,"all",304.081090909091,51.4339583416531,11,-0.0485724678329889,0.00607877134401096,0.0779664757701087,-0.201386760342402,0.104241824676424,0.952588304794295,0.817596156627019,1.10986881613343,"HBR"
"HBR_litterfall_2009-2022_processed.csv",2013,"P",281.351636363636,44.6509557865735,11,"all",304.081090909091,51.4339583416531,11,-0.0776891502709653,0.00489058276271828,0.0699327016689494,-0.214757245542106,0.0593789450001755,0.925251996178053,0.806737255473963,1.06117729238687,"HBR"
"HBR_litterfall_2009-2022_processed.csv",2014,"N",283.631909090909,37.4599230176853,11,"all",300.007863636364,29.9130419065756,11,-0.0561313836802559,0.00248951702936872,0.049895060170008,-0.153925701613472,0.0416629342529598,0.945414915639333,0.857335717305671,1.04254301398089,"HBR"
"HBR_litterfall_2009-2022_processed.csv",2014,"NP",273.888636363636,43.7817449681319,11,"all",300.007863636364,29.9130419065756,11,-0.0910870992926291,0.00322676071333879,0.056804583559241,-0.202424083068741,0.0202498844834832,0.912938191165595,0.816748485283167,1.02045630436615,"HBR"
"HBR_litterfall_2009-2022_processed.csv",2014,"P",273.350545454545,26.3444833404022,11,"all",300.007863636364,29.9130419065756,11,-0.0930536656511275,0.00174817820264097,0.0418112210135147,-0.175003658837616,-0.0111036724646387,0.91114460181574,0.839453949337902,0.988957745773608,"HBR"
"HBR_litterfall_2009-2022_processed.csv",2015,"Ca",311.266,8.99722668381762,2,"all",325.022909090909,41.8776099830316,11,-0.0432478172757747,0.00192694452455176,0.0438969762575027,-0.12928589074048,0.0427902561889307,0.95767403248778,0.878722710945104,1.04371895829912,"HBR"
"HBR_litterfall_2009-2022_processed.csv",2015,"N",323.031318181818,52.3073654250875,11,"all",325.022909090909,41.8776099830316,11,-0.00614639051842264,0.00389284423342825,0.0623926616953328,-0.128436007441275,0.11614322640443,0.99387245989933,0.879469840143111,1.12315672631322,"HBR"
"HBR_litterfall_2009-2022_processed.csv",2015,"NP",321.992545454545,64.5199754845174,11,"all",325.022909090909,41.8776099830316,11,-0.00936727484181406,0.00515928146582866,0.0718281383987408,-0.150150426103346,0.131415876419718,0.990676461407476,0.860578513215613,1.14044196562568,"HBR"
"HBR_litterfall_2009-2022_processed.csv",2015,"P",322.953318181818,32.7565788981944,11,"all",325.022909090909,41.8776099830316,11,-0.00638788233103953,0.00244443121694875,0.0494411894774868,-0.103292613706914,0.0905168490448346,0.99363247681562,0.901863037381243,1.0947399528088,"HBR"
"HBR_litterfall_2009-2022_processed.csv",2016,"Ca",342.039,3.61897250611275,2,"all",346.293505952381,26.7276053347282,12,-0.0123619329195057,0.00055239539892771,0.0235030933906095,-0.0584279959651003,0.0337041301260888,0.98771416189085,0.943246155483656,1.03427854958975,"HBR"
"HBR_litterfall_2009-2022_processed.csv",2016,"N",346.305166666667,33.6693198620004,12,"all",346.293505952381,26.7276053347282,12,3.36723552840126e-05,0.00128413671118172,0.0358348533020818,-0.0702026401167963,0.0702699848273643,1.0000336729222,0.932204898655541,1.07279778128243,"HBR"
"HBR_litterfall_2009-2022_processed.csv",2016,"NP",335.134444444444,43.9109679754049,12,"all",346.293505952381,26.7276053347282,12,-0.0327549205534435,0.00192704876145904,0.0438981635317361,-0.118795321075646,0.0532854799687592,0.967775712463199,0.887989534905583,1.05473070663297,"HBR"
"HBR_litterfall_2009-2022_processed.csv",2016,"P",331.3825,30.0432144834736,12,"all",346.293505952381,26.7276053347282,12,-0.044013401246565,0.00118136082833937,0.0343709299894456,-0.111380424025878,0.0233536215327484,0.956941133183042,0.894598357477897,1.0236284526157,"HBR"
"HBR_litterfall_2009-2022_processed.csv",2017,"Ca",316.183,34.5082251354659,2,"all",330.602732142857,23.9917160422754,12,-0.04459628965854,0.00639463665020701,0.0799664720380173,-0.201330574853054,0.112137995535974,0.95638350581862,0.81764209495769,1.11866722107702,"HBR"
"HBR_litterfall_2009-2022_processed.csv",2017,"N",346.253083333333,47.4361810617138,12,"all",330.602732142857,23.9917160422754,12,0.0462525128479684,0.00200291346168135,0.0447539211877724,-0.0414651726800656,0.133970198376002,1.04733884408346,0.959382747489527,1.14335874518949,"HBR"
"HBR_litterfall_2009-2022_processed.csv",2017,"NP",337.346319444444,63.8337462410278,12,"all",330.602732142857,23.9917160422754,12,0.0201926072674004,0.00342264712335664,0.0585033941182616,-0.0944740452043922,0.134859259739193,1.02039785714376,0.909851349325376,1.14437571328064,"HBR"
"HBR_litterfall_2009-2022_processed.csv",2017,"P",314.976069444444,46.3727684837314,12,"all",330.602732142857,23.9917160422754,12,-0.0484207836256175,0.00224516170795492,0.0473831373798203,-0.141291732890065,0.0444501656388302,0.952732808355436,0.86823598175491,1.04545287593606,"HBR"
"HBR_litterfall_2009-2022_processed.csv",2018,"N",287.674615384615,56.5934033869945,13,"all",275.914241758242,44.7530721275652,13,0.0417399345628121,0.0050007807801668,0.0707161988526448,-0.0968638151883716,0.180343684313996,1.04262329320673,0.907679609893297,1.19762889866506,"HBR"
"HBR_litterfall_2009-2022_processed.csv",2018,"NP",277.055384615385,61.1889925524987,13,"all",275.914241758242,44.7530721275652,13,0.00412733149399408,0.00577579970836855,0.0759986822804748,-0.144830085775736,0.153084748763725,1.00413586065682,0.865169285190315,1.16542374297905,"HBR"
"HBR_litterfall_2009-2022_processed.csv",2018,"P",268.131076923077,50.7008928692936,13,"all",275.914241758242,44.7530721275652,13,-0.0286141452265699,0.00477412264184115,0.0690950261729536,-0.164040396525559,0.106812106072419,0.971791362469849,0.84870773634394,1.11272516053547,"HBR"
"HBR_litterfall_2009-2022_processed.csv",2019,"Ca",286.489,44.8885526832844,2,"all",292.464492673993,34.2234205759258,13,-0.0206431257333387,0.0133284199490292,0.115448776299401,-0.246922727280165,0.205636475813488,0.979568484983052,0.781201056729524,1.22830660366633,"HBR"
"HBR_litterfall_2009-2022_processed.csv",2019,"N",310.008972222222,46.9172138339821,12,"all",292.464492673993,34.2234205759258,13,0.0582579729770002,0.00296199909800011,0.0544242510100057,-0.048413559002611,0.164929504956611,1.05998840880758,0.952739691515667,1.17930998027277,"HBR"
"HBR_litterfall_2009-2022_processed.csv",2019,"NP",302.75182051282,59.2749763426644,13,"all",292.464492673993,34.2234205759258,13,0.0345701289339994,0.00400198052063935,0.063261208656169,-0.0894218400320917,0.158562097900091,1.03517462152336,0.914459736474825,1.17182468981839,"HBR"
"HBR_litterfall_2009-2022_processed.csv",2019,"P",289.082692307692,44.1390883545689,13,"all",292.464492673993,34.2234205759258,13,-0.0116304869988019,0.00284663811358945,0.0533538950179783,-0.116204121234039,0.0929431472364356,0.988436885669844,0.890293476945787,1.09739934330912,"HBR"
"HBR_litterfall_2009-2022_processed.csv",2020,"Ca",286.262,31.7123249226543,2,"all",275.83395970696,22.7515303302946,13,0.0371083859656806,0.00665952772060938,0.0816059294451658,-0.122839235746844,0.197056007678206,1.03780549829368,0.884405831975699,1.21781224563226,"HBR"
"HBR_litterfall_2009-2022_processed.csv",2020,"N",299.339115384615,64.3636395264418,13,"all",275.83395970696,22.7515303302946,13,0.0817780064557314,0.00407974055711381,0.0638728467904305,-0.0434127732535125,0.206968786164975,1.08521487239145,0.957516071460063,1.22994417990686,"HBR"
"HBR_litterfall_2009-2022_processed.csv",2020,"NP",273.289230769231,29.6670882998704,13,"all",275.83395970696,22.7515303302946,13,-0.00926840169400801,0.00142982491359735,0.0378130257133352,-0.0833819320921451,0.064845128704129,0.990774417550209,0.919999702699202,1.06699376488049,"HBR"
"HBR_litterfall_2009-2022_processed.csv",2020,"P",265.016,30.6605071930217,13,"all",275.83395970696,22.7515303302946,13,-0.040008887899398,0.00155294431478182,0.0394074144645626,-0.117247420249941,0.0372296444511448,0.960780899790394,0.8893651189991,1.03793134864667,"HBR"
"HBR_litterfall_2009-2022_processed.csv",2021,"Ca",239.796,51.2143299477793,2,"all",248.273846153846,25.0023149501776,13,-0.0347437934394359,0.0235871593226389,0.153581116425943,-0.335762781634283,0.266275194755412,0.965852842394874,0.714792647649746,1.30509416434201,"HBR"
"HBR_litterfall_2009-2022_processed.csv",2021,"N",265.084038461538,26.4743192204426,13,"all",248.273846153846,25.0023149501776,13,0.0655145466556833,0.00154736262548866,0.0393365304200646,-0.0115850529676432,0.14261414627901,1.06770826878509,0.988481795362313,1.15328471660341,"HBR"
"HBR_litterfall_2009-2022_processed.csv",2021,"NP",266.009846153846,34.9804728142387,13,"all",248.273846153846,25.0023149501776,13,0.0690009683860128,0.00211029536306964,0.0459379512284738,-0.0210374160217959,0.159039352793822,1.07143724671269,0.979182326776763,1.172384082362,"HBR"
"HBR_litterfall_2009-2022_processed.csv",2021,"P",239.504115384615,34.1400784832101,13,"all",248.273846153846,25.0023149501776,13,-0.0359617553889463,0.00234311140656827,0.0484056960136746,-0.130836919575748,0.0589134087978559,0.964677186481429,0.877360843103388,1.06068339091361,"HBR"
"HFR_soil-respiration_1991-2021_Processed.csv",1991,"H",199.599203703704,46.636858744203,6,"all",141.007583333333,18.347926442562,6,0.347497702971152,0.0119207925156082,0.10918238189199,0.133500234462852,0.561495171479451,1.41552105911824,1.14282153408427,1.75329201371128,"HFR"
"HFR_soil-respiration_1991-2021_Processed.csv",1992,"H",117.354427083333,19.5688404046305,6,"all",103.178333333333,7.81479534697513,6,0.128739764365763,0.00559036353144977,0.0747687336488305,-0.017806953585945,0.275286482317471,1.13739409517502,0.982350653325857,1.31690789165677,"HFR"
"HFR_soil-respiration_1991-2021_Processed.csv",1993,"H",129.633863636364,27.0101030451248,6,"all",107.371060606061,9.64864528523173,6,0.188423351831743,0.00858131113283502,0.0926353665337112,0.00685803342566943,0.369988670237817,1.20734453869264,1.00688160358775,1.44771821226735,"HFR"
"HFR_soil-respiration_1991-2021_Processed.csv",1994,"H",148.4565625,22.276160308409,6,"all",124.777916666667,9.99894738730866,6,0.173756916544772,0.00482282735937591,0.0694465791769178,0.0376416213580135,0.309872211731531,1.18976631815859,1.03835904048676,1.36325089552944,"HFR"
"HFR_soil-respiration_1991-2021_Processed.csv",1995,"H",100.93125,23.9227215549825,6,"all",85.7168055555555,10.9946912494755,6,0.163390688118377,0.0121051748272824,0.110023519427813,-0.0522554099601369,0.37903678619689,1.17749663377952,0.949086429756594,1.46087677485567,"HFR"
"HFR_soil-respiration_1991-2021_Processed.csv",1996,"H",107.880555555555,16.7276805879311,6,"all",90.2938888888888,8.56367094096824,6,0.177954865529371,0.00550630767640931,0.0742044990307819,0.0325140474290389,0.323395683629704,1.19477139464342,1.03304840471621,1.3818120031368,"HFR"
"HFR_soil-respiration_1991-2021_Processed.csv",1997,"H",107.4471875,15.2892640169397,6,"all",101.135416666667,8.44261648263835,6,0.0605390698785403,0.0045361126630333,0.0673506693584651,-0.0714682420640513,0.192546381821132,1.06240910495417,0.931025844584505,1.21233273260339,"HFR"
"HFR_soil-respiration_1991-2021_Processed.csv",1998,"H",152.053611111111,28.8238858350091,6,"all",151.6925,23.6153438055758,6,0.00237771789024678,0.0100284105807531,0.100141952151699,-0.193900508327082,0.198655944107576,1.00238054690318,0.823739855448047,1.21976222731558,"HFR"
"HFR_soil-respiration_1991-2021_Processed.csv",1999,"H",98.4441666666667,16.5489646469323,6,"all",108.059375,23.9568122585988,6,-0.0931912929809399,0.0129017347844845,0.113585803622127,-0.31581946808031,0.12943688211843,0.911019212045847,0.729191080551116,1.13818726922628,"HFR"
"HFR_soil-respiration_1991-2021_Processed.csv",2000,"H",111.928177083333,21.8452725885808,6,"all",111.993333333333,25.6634694179315,6,-0.000581956165958661,0.0151004551174853,0.122883909107276,-0.24143441801622,0.240270505684303,0.999418213137687,0.785500316768838,1.27159307695769,"HFR"
"HFR_soil-respiration_1991-2021_Processed.csv",2001,"H",97.1401041666667,16.6480410231611,6,"all",104.541145833333,21.4354064918619,6,-0.0734264246890139,0.0119023738555797,0.109098001152999,-0.287258506948891,0.140405657570863,0.929204509787315,0.750317741414568,1.15074051078851,"HFR"
"HFR_soil-respiration_1991-2021_Processed.csv",2002,"H",95.9836904761905,15.4895597717227,6,"all",109.227619047619,24.8359783611691,6,-0.129255666851271,0.0129572294620468,0.113829826768061,-0.352362127316671,0.0938507936141291,0.878749269764319,0.703025491140075,1.09839584601558,"HFR"
"HFR_soil-respiration_1991-2021_Processed.csv",2003,"H",100.858333333333,16.3097081748356,6,"all",90.9723015873016,17.0592014375991,6,0.103161809933664,0.0102189812662177,0.101088976976808,-0.0949725849408801,0.301296204808208,1.10867078850967,0.909397865322731,1.35160963552345,"HFR"
"HFR_soil-respiration_1991-2021_Processed.csv",2004,"H",106.155019047619,17.5588442703571,5,"all",108.929087301587,27.6809017236832,6,-0.0257966256704812,0.0162346394175864,0.127415224434078,-0.275530465561274,0.223937214220311,0.974533264505485,0.759169303222809,1.2509924724248,"HFR"
"HFR_soil-respiration_1991-2021_Processed.csv",2005,"H",105.568055555556,21.0914278905664,6,"all",110.797222222222,20.7590725190663,6,-0.0483458825025936,0.0125033526616086,0.111818391428283,-0.267509929702027,0.17081816469684,0.952804171785291,0.765282731555606,1.18627502273059,"HFR"
"HFR_soil-respiration_1991-2021_Processed.csv",2006,"H",80.1069444444445,22.4349215984731,6,"all",77.8477777777778,12.0023040689262,6,0.0286071945503852,0.0170342024952793,0.130515142781515,-0.227202485301384,0.284416874402155,1.02902031029217,0.79675943388125,1.32898683588302,"HFR"
"HFR_soil-respiration_1991-2021_Processed.csv",2007,"H",110.707916666667,31.8324599334809,6,"all",94.608125,17.0353861995773,6,0.157151991442645,0.0191832046499855,0.138503446346961,-0.114314763397399,0.428618746282688,1.17017345673711,0.891977149932894,1.53513564664195,"HFR"
"HFR_soil-respiration_1991-2021_Processed.csv",2008,"H",141.009226190476,30.6779958154604,6,"all",116.795059523809,20.5441817607245,6,0.188404551310473,0.0130455072132492,0.114216930501783,-0.0354606324730217,0.412269735093968,1.20732184019933,0.965160729473162,1.51024174659277,"HFR"
"HFR_soil-respiration_1991-2021_Processed.csv",2009,"H",102.156458333333,18.0824365652258,6,"all",101.853541666667,15.4658711445692,6,0.00296962785429443,0.00906470701660352,0.0952087549367363,-0.183639531821709,0.189578787530298,1.00297404156704,0.832235744266577,1.20874035390517,"HFR"
"HFR_soil-respiration_1991-2021_Processed.csv",2010,"H",79.4966666666667,11.6377561912366,6,"all",89.2395833333333,22.7333049410258,6,-0.115609608436129,0.0143876235258378,0.119948420272373,-0.350708512169979,0.119489295297722,0.890822925178009,0.704188986462353,1.12692118064691,"HFR"
"HFR_soil-respiration_1991-2021_Processed.csv",2011,"H",119.916111111111,16.4101841233718,6,"all",108.789722222222,24.9435036168774,6,0.0973755591512785,0.0118828835577623,0.109008639830805,-0.1162813749171,0.311032493219657,1.10227426508325,0.890224701152314,1.3648335683026,"HFR"
"HFR_soil-respiration_1991-2021_Processed.csv",2012,"H",88.0348379629629,11.5618701151141,6,"all",87.2968518518518,17.479932358779,6,0.00841822114518914,0.00955710019091953,0.0977604224158199,-0.183192206789818,0.200028649080196,1.00845375400666,0.832608107424893,1.22143775072699,"HFR"
"HFR_soil-respiration_1991-2021_Processed.csv",2013,"H",92.8591666666667,17.9690097053696,6,"all",89.9020833333333,21.3910100811455,6,0.0323628933626731,0.0156765535603298,0.1252060444241,-0.213040953708564,0.27776674043391,1.0328922670498,0.808123040903284,1.32017821709276,"HFR"
"HFR_soil-respiration_1991-2021_Processed.csv",2014,"H",90.5010416666667,20.5912072165625,6,"all",90.5267261904762,21.2496144213718,6,-0.000283763361675208,0.0178111695188312,0.13345849361817,-0.261862410853289,0.261294884129939,0.99971627689534,0.769616907356766,1.29861054861959,"HFR"
"HFR_soil-respiration_1991-2021_Processed.csv",2015,"H",139.931616161616,50.37385239699,6,"all",149.431148989899,46.3450805123983,6,-0.0656818975878167,0.0376301737033782,0.193984983190396,-0.445892464640993,0.314528669465359,0.936428697145832,0.640252618155035,1.3696136180827,"HFR"
"HFR_soil-respiration_1991-2021_Processed.csv",2016,"H",100.695185185185,30.8952393445394,6,"all",123.731296296296,43.421087045418,6,-0.206014263858366,0.0362150643942827,0.190302560135913,-0.579007281724755,0.166978754008023,0.813821467965977,0.560454463884488,1.18172915803344,"HFR"
"HFR_soil-respiration_1991-2021_Processed.csv",2017,"H",105.234761904762,20.8472553430934,6,"all",112.633333333333,39.7021461531573,6,-0.0679440229735422,0.0272489813918187,0.165072654888139,-0.391486426554295,0.255598380607211,0.934312772164207,0.676051226777043,1.29123403915818,"HFR"
"HFR_soil-respiration_1991-2021_Processed.csv",2018,"H",111.088888888889,16.9103614412606,6,"all",121.980555555556,46.9877912709091,6,-0.0935309696953858,0.0285927766821922,0.169093987717459,-0.424955185621605,0.237893246230834,0.910709812583973,0.653799084072883,1.26857376056568,"HFR"
"HFR_soil-respiration_1991-2021_Processed.csv",2019,"H",171.739814814815,31.2646619248507,6,"all",184.176666666667,49.342876739589,6,-0.0699148149364815,0.0174861779315069,0.132235312725107,-0.329096027877691,0.189266398004728,0.932473249315773,0.719573914273417,1.20836281505214,"HFR"
"HFR_soil-respiration_1991-2021_Processed.csv",2020,"H",308.476111111111,144.209516008505,6,"all",325.664166666667,106.443292809677,6,-0.0542222820575436,0.0542296332060024,0.232872568599229,-0.510652516512032,0.402207952396944,0.947221532748033,0.600103873342731,1.49512221459885,"HFR"
"HFR_soil-respiration_1991-2021_Processed.csv",2021,"H",246.573611111111,17.7708568985123,6,"all",274.793333333333,78.8747851625882,6,-0.108358725885666,0.0145970441320234,0.120818227648081,-0.345162452075904,0.128445000304572,0.897305651924274,0.708105310945883,1.13705888167923,"HFR"
"KBS_Biomass_1990-2022_processed.csv",1993,"T1",1582.03031666667,218.077287134398,6,"all",883.332473333333,106.469447019964,6,0.582762654923313,0.00558825109821495,0.074754605866227,0.436243627425508,0.729281682421118,1.7909794606517,1.54688561260529,2.07359057601807,"KBS"
"KBS_Biomass_1990-2022_processed.csv",1993,"T2",1515.66580666667,289.978973755408,6,"all",883.332473333333,106.469447019964,6,0.53990844102288,0.00852194221752892,0.0923143662575274,0.358972283158126,0.720844598887633,1.71584975354429,1.43185711446443,2.05616911561683,"KBS"
"KBS_Biomass_1990-2022_processed.csv",1993,"T3",1201.39341,157.121995586764,6,"all",883.332473333333,106.469447019964,6,0.30753568040705,0.00527201446529443,0.0726086390541403,0.165222747860935,0.449848612953165,1.36006933546373,1.1796558552667,1.5680747813103,"KBS"
"KBS_Biomass_1990-2022_processed.csv",1993,"T6",593.190555555556,81.1518675739551,6,"all",883.332473333333,106.469447019964,6,-0.398185967770535,0.00554061110503704,0.074435281318989,-0.544079119155753,-0.252292816385316,0.671537131785837,0.580375994465462,0.777017181392027,"KBS"
"KBS_Biomass_1990-2022_processed.csv",1994,"T1",693.962333333333,71.2825397012948,6,"all",649.356376666667,35.135815641505,6,0.0664360017136776,0.00224646186852687,0.0473968550489046,-0.0264618341821754,0.159333837609531,1.06869256739364,0.973885212251842,1.17272938251277,"KBS"
"KBS_Biomass_1990-2022_processed.csv",1994,"T2",584.6008,111.715023149082,5,"all",649.356376666667,35.135815641505,6,-0.105052461451095,0.00779151387032215,0.0882695523401028,-0.278060784037697,0.0679558611355062,0.900277291494271,0.757250791354753,1.07031806481211,"KBS"
"KBS_Biomass_1990-2022_processed.csv",1994,"T21",615.548,0,1,"all",649.356376666667,35.135815641505,6,-0.0534687546228209,0.000487958187738987,0.022089775638041,-0.0967647148733812,-0.0101727943722607,0.947935559145173,0.907769565685797,0.989878773489189,"KBS"
"KBS_Biomass_1990-2022_processed.csv",1994,"T3",621.33772,163.182795744366,6,"all",649.356376666667,35.135815641505,6,-0.0441069159460279,0.0119838336313323,0.109470697592243,-0.258669483226824,0.170455651334768,0.956851649304663,0.772078165660878,1.18584506012206,"KBS"
"KBS_Biomass_1990-2022_processed.csv",1994,"T6",369.342222222222,60.6282402723227,6,"all",649.356376666667,35.135815641505,6,-0.564258036846177,0.0049789344547197,0.0705615649962478,-0.702558704238822,-0.425957369453531,0.568782005527015,0.495316313047995,0.653144185420731,"KBS"
"KBS_Biomass_1990-2022_processed.csv",1995,"T1",1025.091,133.118149697177,6,"all",578.570333333333,53.5887867138888,6,0.571976550080195,0.00424042576741671,0.0651185516378913,0.444344188869928,0.699608911290462,1.77176557618175,1.55946714449476,2.01296530550483,"KBS"
"KBS_Biomass_1990-2022_processed.csv",1995,"T2",1025.5812,110.129844044201,5,"all",578.570333333333,53.5887867138888,6,0.572454637225802,0.00373604536889964,0.0611231982875539,0.452653168582196,0.692256105869408,1.77261283704488,1.57247870690553,1.99821864439724,"KBS"
"KBS_Biomass_1990-2022_processed.csv",1995,"T21",806.75,0,1,"all",578.570333333333,53.5887867138888,6,0.332453712892707,0.00142982957644528,0.0378130873699211,0.258340061647661,0.406567364137752,1.3943853556266,1.29477904846393,1.50165429560554,"KBS"
"KBS_Biomass_1990-2022_processed.csv",1995,"T3",755.568583333333,45.607283002188,6,"all",578.570333333333,53.5887867138888,6,0.26691043828702,0.0020370821546255,0.0451340465128654,0.178447707121804,0.355373169452236,1.30592348034898,1.19536037280469,1.42671296064909,"KBS"
"KBS_Biomass_1990-2022_processed.csv",1995,"T6",1011.75044444444,207.962243220004,6,"all",578.570333333333,53.5887867138888,6,0.558877104999385,0.00847142272559463,0.0920403320593458,0.378478054163067,0.739276155835702,1.74870778219031,1.46006076419097,2.09441893275409,"KBS"
"KBS_Biomass_1990-2022_processed.csv",1996,"T1",925.330333333333,237.087667992805,6,"all",882.273,115.832805223736,6,0.0476492589546988,0.0138142081789766,0.117533859712751,-0.182717106082293,0.278015623991691,1.04880273263869,0.83300377410914,1.32050682863564,"KBS"
"KBS_Biomass_1990-2022_processed.csv",1996,"T2",1017.77533333333,350.729313753308,6,"all",882.273,115.832805223736,6,0.142872946658644,0.0226647741435744,0.150548245235786,-0.152201614003496,0.437947507320785,1.15358322575136,0.85881511413188,1.54952356664111,"KBS"
"KBS_Biomass_1990-2022_processed.csv",1996,"T3",1013.83466666667,118.815236582968,6,"all",882.273,115.832805223736,6,0.138993588308638,0.00516187178459655,0.071846167501103,-0.00182489999352395,0.2798120766108,1.14911673219816,0.998176764124033,1.32288118866058,"KBS"
"KBS_Biomass_1990-2022_processed.csv",1996,"T6",854.814444444445,48.5837996623321,6,"all",882.273,115.832805223736,6,-0.0316171105816532,0.00341118235553781,0.0584053281433963,-0.14609155374271,0.0828573325794037,0.968877484003755,0.864078589934237,1.08638680548825,"KBS"
"KBS_Biomass_1990-2022_processed.csv",1997,"T1",523.164666666667,60.7582688715426,6,"all",456.284,84.0379953306836,6,0.136780842064937,0.00790158903581201,0.0888908827485249,-0.0374452881221723,0.311006972252046,1.14657683957068,0.963247117337763,1.36479873687377,"KBS"
"KBS_Biomass_1990-2022_processed.csv",1997,"T2",526.801083333333,61.8858236710288,6,"all",456.284,84.0379953306836,6,0.143707603640291,0.00795371202512321,0.0891835860745867,-0.0310922250658993,0.318507432346481,1.15454647397966,0.969386167250204,1.37507384117109,"KBS"
"KBS_Biomass_1990-2022_processed.csv",1997,"T3",467.615,84.6098604064562,6,"all",456.284,84.0379953306836,6,0.0245298851150181,0.011110155323237,0.10540472154148,-0.182063369106283,0.23112313933632,1.02483321790815,0.833548517517484,1.26001438723203,"KBS"
"KBS_Biomass_1990-2022_processed.csv",1997,"T6",594.157341666667,47.8578719531611,6,"all",456.284,84.0379953306836,6,0.264028746579408,0.00673497523057267,0.0820668948515336,0.103177632670402,0.424879860488413,1.30216562857051,1.10868833085447,1.52940666645566,"KBS"
"KBS_Biomass_1990-2022_processed.csv",1998,"T1",648.861,108.638119871434,6,"all",243.177,36.9743561674845,6,0.981428944859013,0.0085251290192329,0.0923316252387713,0.800458959391021,1.162398930327,2.66826632452905,2.22656259583568,3.19759488995798,"KBS"
"KBS_Biomass_1990-2022_processed.csv",1998,"T2",628.126666666667,73.7951921541415,6,"all",243.177,36.9743561674845,6,0.948952271392246,0.00615349054570169,0.0784441874564438,0.795201663977616,1.10270287880688,2.58300195605122,2.21488761481556,3.01229690406663,"KBS"
"KBS_Biomass_1990-2022_processed.csv",1998,"T3",475.017,64.4989512317836,6,"all",243.177,36.9743561674845,6,0.669561019616555,0.00692586343442272,0.0832217725984175,0.506446345323657,0.832675693909453,1.95337963705449,1.65938382769187,2.2994631758986,"KBS"
"KBS_Biomass_1990-2022_processed.csv",1998,"T6",861.123333333333,62.2286214606182,6,"all",243.177,36.9743561674845,6,1.26444816520749,0.0047234120724177,0.0687270839801726,1.12974308060635,1.39915324980863,3.54113807363909,3.0948612680934,4.05176767884703,"KBS"
"KBS_Biomass_1990-2022_processed.csv",1999,"T1",1211.28432333333,307.468449755647,6,"all",1492.85564666667,396.502402631819,6,-0.209009606183496,0.0224960707235852,0.149986901840078,-0.502983933790049,0.0849647214230565,0.811387441269327,0.604723509930949,1.08867865898708,"KBS"
"KBS_Biomass_1990-2022_processed.csv",1999,"T2",1095.63168333333,161.165259153039,6,"all",1492.85564666667,396.502402631819,6,-0.309359750428378,0.0153635282132306,0.12394970033538,-0.552301163085723,-0.066418337771032,0.733916695683017,0.575623681179499,0.935739327295524,"KBS"
"KBS_Biomass_1990-2022_processed.csv",1999,"T3",1365.37241666667,281.812654253957,6,"all",1492.85564666667,396.502402631819,6,-0.0892636029744729,0.0188573725689971,0.137322148865349,-0.358415014750557,0.179887808801612,0.914604449342003,0.698783009563563,1.19708305340544,"KBS"
"KBS_Biomass_1990-2022_processed.csv",1999,"T6",190.62,33.7255660886515,6,"all",1492.85564666667,396.502402631819,6,-2.05816418859481,0.0169743371436935,0.130285598374085,-2.31352396140801,-1.8028044157816,0.127688166250787,0.0989120743447023,0.164835970820603,"KBS"
"KBS_Biomass_1990-2022_processed.csv",2000,"T1",437.082,51.687954465233,6,"all",510.54652,47.77342251479,6,-0.15536093928625,0.0037901026464541,0.0615638095511812,-0.276026006006566,-0.0346958725659354,0.85610611937968,0.758793197323777,0.96589912801577,"KBS"
"KBS_Biomass_1990-2022_processed.csv",2000,"T2",557.856333333333,65.0997025789417,6,"all",510.54652,47.77342251479,6,0.0886197022867056,0.00372898732825788,0.0610654348077362,-0.0310685499364573,0.208307954509869,1.0926650392864,0.969409117864871,1.23159238558469,"KBS"
"KBS_Biomass_1990-2022_processed.csv",2000,"T3",497.977546666667,56.1324063653012,6,"all",510.54652,47.77342251479,6,-0.0249267708062085,0.00357698249450805,0.0598078798696965,-0.142150215350814,0.0922966737383966,0.975381335802008,0.867490936242793,1.09669013298445,"KBS"
"KBS_Biomass_1990-2022_processed.csv",2000,"T6",28.1771333333333,9.19080908879445,6,"all",510.54652,47.77342251479,6,-2.89697098549683,0.0191915211461012,0.138533465798345,-3.16849657846159,-2.62544539253208,0.0551901388600853,0.0420667945108913,0.0724075000914769,"KBS"
"KBS_Biomass_1990-2022_processed.csv",2001,"T1",871.096,146.771655563327,6,"all",557.923333333333,64.396747864055,6,0.445530631437285,0.00695190588788925,0.0833780899750603,0.282109575086167,0.608951687788403,1.56131846072041,1.32592400026368,1.83850306299726,"KBS"
"KBS_Biomass_1990-2022_processed.csv",2001,"T2",716.204333333333,113.02705081823,6,"all",557.923333333333,64.396747864055,6,0.249743950515771,0.00637125632534189,0.079820149870455,0.0932964567696796,0.406191444261863,1.28369668472968,1.09778713345983,1.50108989999952,"KBS"
"KBS_Biomass_1990-2022_processed.csv",2001,"T3",733.268333333333,50.0649767788488,6,"all",557.923333333333,64.396747864055,6,0.273290152904513,0.00299732751539008,0.0547478539797687,0.165984359104166,0.380595946704859,1.31428153211015,1.18055463664677,1.46315629283545,"KBS"
"KBS_Biomass_1990-2022_processed.csv",2001,"T6",17.1733333333333,9.80247633112278,6,"all",557.923333333333,64.396747864055,6,-3.48086376435373,0.0565217973914563,0.237743133216201,-3.94684030545748,-3.01488722324997,0.0307808121784953,0.0193156369691076,0.0490513670288542,"KBS"
"KBS_Biomass_1990-2022_processed.csv",2002,"T1",1126.27229666667,310.275880395845,6,"all",991.289073333333,364.376070140607,6,0.127662415573747,0.0351679849247181,0.187531290521657,-0.239898913848701,0.495223744996195,1.13616938485909,0.786707382268712,1.64086533339553,"KBS"
"KBS_Biomass_1990-2022_processed.csv",2002,"T2",1070.94495333333,168.758653607948,6,"all",991.289073333333,364.376070140607,6,0.0772904812638482,0.0266574671576223,0.163271146126994,-0.24272096514506,0.397301927672757,1.080355853951,0.784490383394342,1.48780507176657,"KBS"
"KBS_Biomass_1990-2022_processed.csv",2002,"T3",1270.15034,116.994863162244,6,"all",991.289073333333,364.376070140607,6,0.247884359984137,0.0239330066983668,0.154702962797636,-0.0553334470992295,0.551102167067504,1.28131175271504,0.946169597838994,1.73516440540405,"KBS"
"KBS_Biomass_1990-2022_processed.csv",2002,"T6",1200.93483333333,90.4083763942626,6,"all",991.289073333333,364.376070140607,6,0.191849369854093,0.0234634877872329,0.15317796116685,-0.108379434032932,0.492078173741118,1.21148801660351,0.897287070579084,1.63571198393252,"KBS"
"KBS_Biomass_1990-2022_processed.csv",2003,"T1",515.929666666667,23.3186580888924,6,"all",322.201333333333,54.797697552604,6,0.470793842330903,0.0051612623259948,0.0718419259624546,0.329983667444492,0.611604017217314,1.60126484061725,1.39094541058513,1.84338585129547,"KBS"
"KBS_Biomass_1990-2022_processed.csv",2003,"T2",462.268333333333,34.5746576652129,6,"all",322.201333333333,54.797697552604,6,0.360968921608074,0.00575313958299196,0.0758494534126118,0.212303992919355,0.509633850296793,1.43471887143029,1.23652372240589,1.66468156068462,"KBS"
"KBS_Biomass_1990-2022_processed.csv",2003,"T3",384.934666666667,32.0816515701213,6,"all",322.201333333333,54.797697552604,6,0.177897013967187,0.00597847440437026,0.0773205949561322,0.0263486478531681,0.329445380081206,1.19470227725108,1.0266988424276,1.39019688372694,"KBS"
"KBS_Biomass_1990-2022_processed.csv",2003,"T6",1056.913,87.8385945128905,6,"all",322.201333333333,54.797697552604,6,1.18793106511192,0.00597196960069279,0.077278519659041,1.0364651665802,1.33939696364364,3.28028748070565,2.81923385828919,3.81674117754953,"KBS"
"KBS_Biomass_1990-2022_processed.csv",2004,"T1",815.5746,86.7182566340445,6,"all",509.944333333333,50.5377953047684,6,0.469591326064094,0.00352121843129197,0.0593398553359542,0.353285209605624,0.585897442522564,1.59934045088582,1.42373714904329,1.79660260993995,"KBS"
"KBS_Biomass_1990-2022_processed.csv",2004,"T2",820.2448,48.737349714567,5,"all",509.944333333333,50.5377953047684,6,0.475301262856242,0.00234305245440769,0.0484050870715846,0.380427292195936,0.570175233516548,1.60849870541425,1.46290954573749,1.76857693823784,"KBS"
"KBS_Biomass_1990-2022_processed.csv",2004,"T21",651.422,0,1,"all",509.944333333333,50.5377953047684,6,0.244856096248695,0.00163695142922227,0.0404592564096558,0.16555595368577,0.324156238811621,1.27743747193321,1.18004898896256,1.38286334716812,"KBS"
"KBS_Biomass_1990-2022_processed.csv",2004,"T3",737.1872,34.9373949710049,6,"all",509.944333333333,50.5377953047684,6,0.36854029321557,0.00201129830872414,0.0448475005850286,0.280639192068914,0.456441394362226,1.44562288824989,1.32397581677048,1.57844690859202,"KBS"
"KBS_Biomass_1990-2022_processed.csv",2004,"T6",1028.51853333333,112.122749839034,6,"all",509.944333333333,50.5377953047684,6,0.701573159266306,0.00361762080481969,0.0601466607952569,0.583685704107602,0.819460614425009,2.01692315435737,1.79263338599172,2.26927549289862,"KBS"
"KBS_Biomass_1990-2022_processed.csv",2005,"T1",1533.30666666667,213.126773663626,6,"all",1225.95253333333,222.64960113465,6,0.223708503300707,0.00871732784475258,0.0933666313237903,0.0407099059060785,0.406707100695336,1.25070638950241,1.041549914237,1.50186414626905,"KBS"
"KBS_Biomass_1990-2022_processed.csv",2005,"T2",1631.43933333333,164.636218050181,6,"all",1225.95253333333,222.64960113465,6,0.285744531694267,0.00719454364960148,0.0848206557956344,0.119496046334823,0.45199301705371,1.33075244675052,1.12692878855929,1.57144097525141,"KBS"
"KBS_Biomass_1990-2022_processed.csv",2005,"T3",1481.01566666667,153.860622370542,6,"all",1225.95253333333,222.64960113465,6,0.189009993597049,0.00729605374750057,0.0854169406353363,0.0215927899517899,0.356427197242308,1.20805302521772,1.02182760127242,1.42821754855751,"KBS"
"KBS_Biomass_1990-2022_processed.csv",2005,"T6",919.524933333333,140.751517204962,6,"all",1225.95253333333,222.64960113465,6,-0.287616239189719,0.00940230908693978,0.0969655046237567,-0.477668628252282,-0.0975638501271559,0.750049376571839,0.620227688866254,0.907044424804966,"KBS"
"KBS_Biomass_1990-2022_processed.csv",2006,"T1",522.2631,55.265820317263,6,"all",523.505566666667,41.5037134705639,6,-0.0023761799160256,0.00291387071806825,0.0539802808261336,-0.108177530335248,0.103425170503196,0.997626640964722,0.89746825444675,1.10896280713137,"KBS"
"KBS_Biomass_1990-2022_processed.csv",2006,"T2",605.023,25.4721169281236,6,"all",523.505566666667,41.5037134705639,6,0.144718810026909,0.00134297947781891,0.036646684404171,0.0728913085947339,0.216546311459084,1.15571454923084,1.07561362060497,1.2417805926933,"KBS"
"KBS_Biomass_1990-2022_processed.csv",2006,"T3",543.769433333333,52.1682931082728,6,"all",523.505566666667,41.5037134705639,6,0.0379776574176079,0.00258158771170747,0.0508093270149042,-0.0616086235316043,0.13756393836682,1.0387080251996,0.940250806828953,1.14747507130864,"KBS"
"KBS_Biomass_1990-2022_processed.csv",2006,"T6",878.023133333333,138.724814334374,6,"all",523.505566666667,41.5037134705639,6,0.517125277237833,0.00520805903832188,0.0721668832520976,0.375678186063722,0.658572368411944,1.67719923003684,1.4559785041958,1.93203213449221,"KBS"
"KBS_Biomass_1990-2022_processed.csv",2007,"T1",573.038866666667,109.320134396893,6,"all",447.282933333333,57.3036690101661,6,0.247762189692348,0.00880127675937241,0.0938151200999733,0.0638845542963999,0.431639825088295,1.28115522404611,1.06596933007844,1.53978042499577,"KBS"
"KBS_Biomass_1990-2022_processed.csv",2007,"T2",787.177066666667,75.6907794152674,6,"all",447.282933333333,57.3036690101661,6,0.565261857666517,0.00427653164670334,0.0653951958992657,0.437087273703956,0.693436441629077,1.75990856793999,1.54819118753983,2.0005786058183,"KBS"
"KBS_Biomass_1990-2022_processed.csv",2007,"T3",539.817266666667,52.5225710599421,6,"all",447.282933333333,57.3036690101661,6,0.188039332372232,0.00431335965941538,0.0656761726915887,0.0593140338967178,0.316764630847745,1.20688098390817,1.06110841243341,1.37267944750231,"KBS"
"KBS_Biomass_1990-2022_processed.csv",2007,"T6",356.973833333333,55.3846786108096,6,"all",447.282933333333,57.3036690101661,6,-0.225528871747535,0.00674752477244882,0.0821433184893867,-0.386529775986733,-0.0645279675083367,0.798094017746262,0.679410494955564,0.937509894079616,"KBS"
"KBS_Biomass_1990-2022_processed.csv",2008,"T1",1173.48066666667,324.105892635519,6,"all",792.4286,97.5196329586202,6,0.392627133167381,0.01523779891689,0.12344147972578,0.150681832904853,0.634572433429909,1.48086612051441,1.16262668967246,1.8862154863357,"KBS"
"KBS_Biomass_1990-2022_processed.csv",2008,"T2",1298.57033333333,154.68540893784,6,"all",792.4286,97.5196329586202,6,0.493916787642735,0.00488905524662488,0.069921779486973,0.356870099848267,0.630963475437202,1.6387221931835,1.42885024993384,1.87942048269684,"KBS"
"KBS_Biomass_1990-2022_processed.csv",2008,"T3",1081.889,172.918921017915,6,"all",792.4286,97.5196329586202,6,0.311361459288123,0.00678176949088754,0.0823514996274357,0.149952520018349,0.472770398557897,1.36528262609401,1.16177908016933,1.60443296056122,"KBS"
"KBS_Biomass_1990-2022_processed.csv",2008,"T6",534.187966666667,54.1589877306313,6,"all",792.4286,97.5196329586202,6,-0.394354632528717,0.00423730961553121,0.0650946204807372,-0.521940088670962,-0.266769176386472,0.674114950756026,0.593368243538244,0.765849827289435,"KBS"
"KBS_Biomass_1990-2022_processed.csv",2009,"T1",460.679666666667,75.3928332235012,6,"all",380.398,68.528145738813,6,0.191484862198526,0.0098727786116795,0.0993618569254797,-0.00326437737541377,0.386234101772467,1.21104650041974,0.996740944911518,1.47142909465717,"KBS"
"KBS_Biomass_1990-2022_processed.csv",2009,"T2",487.667666666667,16.7331872118454,6,"all",380.398,68.528145738813,6,0.248416089897051,0.00560514303105841,0.0748675031709914,0.101675783681907,0.395156396112194,1.28199324567076,1.10702449813171,1.48461636099215,"KBS"
"KBS_Biomass_1990-2022_processed.csv",2009,"T3",436.191833333333,33.9564477200821,6,"all",380.398,68.528145738813,6,0.136864058259765,0.00641895541399473,0.080118383745522,-0.0201679738814583,0.293896090400988,1.14667225730244,0.980034039358488,1.34164448668309,"KBS"
"KBS_Biomass_1990-2022_processed.csv",2009,"T6",251.049666666667,30.8185197156948,6,"all",380.398,68.528145738813,6,-0.415567278310782,0.00792053091289075,0.088997364640144,-0.590002113005464,-0.2411324436161,0.659965790216212,0.554326113439163,0.785737553573707,"KBS"
"KBS_Biomass_1990-2022_processed.csv",2010,"T1",511.132133333333,108.273190280635,6,"all",365.333666666667,51.5288024066799,6,0.335817043481722,0.0107943238115111,0.103895735290295,0.132181402312744,0.539452684650701,1.39908303003373,1.14131533773169,1.71506792226124,"KBS"
"KBS_Biomass_1990-2022_processed.csv",2010,"T2",715.396,70.2755229969582,6,"all",365.333666666667,51.5288024066799,6,0.672025144283485,0.00492394424290803,0.0701708218771024,0.534490333404364,0.809559955162606,1.95819894324914,1.7065782346471,2.24691902398192,"KBS"
"KBS_Biomass_1990-2022_processed.csv",2010,"T3",576.6412,67.2703810503256,6,"all",365.333666666667,51.5288024066799,6,0.456409144750647,0.00558387598874701,0.074725336993198,0.309947484243979,0.602870805257315,1.57839600511313,1.3633535147116,1.82735726432929,"KBS"
"KBS_Biomass_1990-2022_processed.csv",2010,"T6",1084.45763333333,64.2863994872218,6,"all",365.333666666667,51.5288024066799,6,1.08802417263402,0.00390133778821287,0.0624606899434586,0.965601220344837,1.21044712492319,2.96840322225983,2.62636620669523,3.35498441438219,"KBS"
"KBS_Biomass_1990-2022_processed.csv",2011,"T1",1822.45166666667,162.334994612581,6,"all",1187.83026666667,42.7565177273672,6,0.428054326644595,0.00153834016979022,0.0392216798440636,0.351179834150231,0.50492881913896,1.53426943041357,1.42074280101425,1.65686757900241,"KBS"
"KBS_Biomass_1990-2022_processed.csv",2011,"T2",1808.62086666667,218.957680095773,6,"all",1187.83026666667,42.7565177273672,6,0.420436265169913,0.00265866772013016,0.0515622703159021,0.319374215350745,0.521498314989082,1.52262567929178,1.37626624851078,1.68454974591393,"KBS"
"KBS_Biomass_1990-2022_processed.csv",2011,"T3",2178.94853333333,312.824190047731,6,"all",1187.83026666667,42.7565177273672,6,0.606714098729361,0.00365117290775267,0.0604249361418998,0.488281223891238,0.725146973567485,1.83439384774054,1.62951304354099,2.0650345831636,"KBS"
"KBS_Biomass_1990-2022_processed.csv",2011,"T6",1179.71246666667,59.4059310211587,6,"all",1187.83026666667,42.7565177273672,6,-0.00685760108863551,0.00063857155304966,0.0252699733488118,-0.0563867488523067,0.0426715466750357,0.993165858601347,0.945173520420019,1.04359506628267,"KBS"
"KBS_Biomass_1990-2022_processed.csv",2012,"T1",349.427333333333,85.1377932405267,6,"all",294.725333333333,42.8268537750168,6,0.170251774810371,0.0134133972693656,0.115816221961199,-0.0567480202335783,0.39725156985432,1.18560331879626,0.944832117949939,1.48773015103534,"KBS"
"KBS_Biomass_1990-2022_processed.csv",2012,"T2",382.327333333333,68.5618537633476,6,"all",294.725333333333,42.8268537750168,6,0.260233286050281,0.00887895090290538,0.0942281852892508,0.0755460428833497,0.444920529217213,1.29723267765694,1.07847288257604,1.56036618738286,"KBS"
"KBS_Biomass_1990-2022_processed.csv",2012,"T3",332.142333333333,44.0753257669942,6,"all",294.725333333333,42.8268537750168,6,0.119519742728594,0.00645410462741025,0.0803374422508599,-0.0379416440830919,0.276981129540279,1.12695549302401,0.962769122526834,1.31914147799396,"KBS"
"KBS_Biomass_1990-2022_processed.csv",2012,"T6",912.9182,38.7329553565952,6,"all",294.725333333333,42.8268537750168,6,1.13060243266314,0.00381923517623842,0.0617999609727904,1.00947450915647,1.25173035616981,3.09752198657281,2.74415860584314,3.4963877222228,"KBS"
"KBS_Biomass_1990-2022_processed.csv",2013,"T1",787.247166666667,93.6037669079972,6,"all",394.375666666667,41.9195021042315,6,0.691238337216005,0.00423925089732046,0.0651095300038363,0.563623658408486,0.818853016023525,1.99618595467773,1.75702784727127,2.2678971035326,"KBS"
"KBS_Biomass_1990-2022_processed.csv",2013,"T2",682.855,117.891367207273,6,"all",394.375666666667,41.9195021042315,6,0.548978614617445,0.00685074995258238,0.0827692572914749,0.386750870326154,0.711206358908735,1.73148360235207,1.4721896794485,2.03644646275283,"KBS"
"KBS_Biomass_1990-2022_processed.csv",2013,"T3",673.191,35.8649357172155,6,"all",394.375666666667,41.9195021042315,6,0.534725169510822,0.00235610094322196,0.048539684210159,0.43958738845891,0.629862950562734,1.70697904789596,1.55206668574774,1.8773532714234,"KBS"
"KBS_Biomass_1990-2022_processed.csv",2013,"T6",870.272833333333,88.9627998354743,6,"all",394.375666666667,41.9195021042315,6,0.791502840286008,0.00362467079032068,0.0602052388943078,0.673500572053164,0.909505108518851,2.20671026863557,1.9610902567862,2.48309336750357,"KBS"
"KBS_Biomass_1990-2022_processed.csv",2014,"T1",1871.5396,125.633431565647,6,"all",1114.60623333333,198.454876133207,6,0.518260219058816,0.00603462977213215,0.077682879530384,0.366001775179264,0.670518662938369,1.67910383418814,1.44195780238583,1.95525117400829,"KBS"
"KBS_Biomass_1990-2022_processed.csv",2014,"T2",2135.93313333333,121.121806980356,6,"all",1114.60623333333,198.454876133207,6,0.650402427411322,0.00581953549676161,0.0762858800615265,0.50088210249073,0.799922752331914,1.91631185028064,1.65017625346715,2.22536901728547,"KBS"
"KBS_Biomass_1990-2022_processed.csv",2014,"T3",1912.3485,181.129572689685,6,"all",1114.60623333333,198.454876133207,6,0.539830879317151,0.00677877279695768,0.0823333030854324,0.378457605269703,0.701204153364598,1.71571667447162,1.46003090786936,2.01617903511076,"KBS"
"KBS_Biomass_1990-2022_processed.csv",2014,"T6",519.276466666667,132.37084092211,6,"all",1114.60623333333,198.454876133207,6,-0.763820035150597,0.0161137842676205,0.126940081407018,-1.01262259470835,-0.515017475592841,0.465883332729732,0.363265032258376,0.59749015303236,"KBS"
"KBS_Biomass_1990-2022_processed.csv",2015,"T1",633.815533333333,39.0844622880585,6,"all",455.114333333333,55.2158076846356,6,0.331209285777386,0.00308697859510215,0.0555605849060479,0.222310539361532,0.44010803219324,1.39265122390491,1.24895916863183,1.55287496993873,"KBS"
"KBS_Biomass_1990-2022_processed.csv",2015,"T2",669.5582,24.8768053624255,6,"all",455.114333333333,55.2158076846356,6,0.386069422461984,0.00268327987458736,0.0518003848884094,0.284540668080701,0.487598176843266,1.47118680067939,1.32915136623587,1.62840038950776,"KBS"
"KBS_Biomass_1990-2022_processed.csv",2015,"T3",724.297666666667,33.5038452817981,6,"all",455.114333333333,55.2158076846356,6,0.464653780258686,0.0028098276963056,0.0530078078805906,0.360758476812729,0.568549083704644,1.59146309755131,1.43441697407849,1.76570330429528,"KBS"
"KBS_Biomass_1990-2022_processed.csv",2015,"T6",372.015733333333,79.0077312411049,6,"all",455.114333333333,55.2158076846356,6,-0.201612522150591,0.00997056862327956,0.0998527346810269,-0.397323882125404,-0.00590116217577821,0.817411595474544,0.672116303919443,0.994116215482138,"KBS"
"KBS_Biomass_1990-2022_processed.csv",2016,"T1",1226.93893333333,81.9289550471301,6,"all",571.661333333333,61.3660712488804,6,0.763730932945555,0.00266371150330188,0.0516111567715923,0.662573065673234,0.864888800217876,2.14626888647358,1.93977709244722,2.3747420005012,"KBS"
"KBS_Biomass_1990-2022_processed.csv",2016,"T2",1311.175,106.435095278127,6,"all",571.661333333333,61.3660712488804,6,0.830132219301539,0.00301879913706904,0.0549435996005817,0.722442764084399,0.937821674518679,2.29362198131295,2.05945784079915,2.55441101485261,"KBS"
"KBS_Biomass_1990-2022_processed.csv",2016,"T3",993.758866666667,61.5396631407962,6,"all",571.661333333333,61.3660712488804,6,0.552947846918256,0.00255970083819946,0.0505934861241985,0.453784614114827,0.652111079721685,1.73836992065232,1.57425888781257,1.91958895987414,"KBS"
"KBS_Biomass_1990-2022_processed.csv",2016,"T6",1224.69453333333,67.9885393634741,6,"all",571.661333333333,61.3660712488804,6,0.761899989896753,0.00243420627516875,0.049337676021158,0.665198144895283,0.858601834898223,2.14234278570529,1.94487585038179,2.35985891364867,"KBS"
"KBS_Biomass_1990-2022_processed.csv",2017,"T1",1586.25233333333,183.622431520407,6,"all",554.76,160.386275318058,6,1.0505939022139,0.0161640421441821,0.127137886344638,0.801403644978411,1.29978415944939,2.85934878746365,2.2286669912689,3.66850477007104,"KBS"
"KBS_Biomass_1990-2022_processed.csv",2017,"T2",1590.06966666667,101.440950826906,6,"all",554.76,160.386275318058,6,1.0529975219799,0.0146090310892152,0.120867824871697,0.816096585231372,1.28989845872842,2.8662298411325,2.26165440985215,3.6324176967141,"KBS"
"KBS_Biomass_1990-2022_processed.csv",2017,"T3",1501.44033333333,147.585929564666,6,"all",554.76,160.386275318058,6,0.995644560805936,0.0155410561525697,0.124663772414321,0.751303566873866,1.23998555473801,2.70646826255197,2.11976146718301,3.45556354788136,"KBS"
"KBS_Biomass_1990-2022_processed.csv",2017,"T6",668.661666666667,75.7949785188087,6,"all",554.76,160.386275318058,6,0.186742614470381,0.0160721914221015,0.126776146897204,-0.0617386334481385,0.435223862388901,1.205317013964,0.940128572846023,1.54530895678779,"KBS"
"KBS_Biomass_1990-2022_processed.csv",2018,"T1",661.684333333333,48.5815998323096,6,"all",735.062666666667,86.1013921807695,6,-0.105167152000694,0.00318520212507455,0.0564375949618209,-0.215784838125863,0.00545053412447505,0.90017404411778,0.805908684043037,1.00546541531011,"KBS"
"KBS_Biomass_1990-2022_processed.csv",2018,"T2",608.735,72.865839883995,6,"all",735.062666666667,86.1013921807695,6,-0.18857272291319,0.00467479090037504,0.0683724425508921,-0.322582710312938,-0.054562735513441,0.828140276475294,0.724276024232845,0.946899102793019,"KBS"
"KBS_Biomass_1990-2022_processed.csv",2018,"T3",677.599,150.906510453327,6,"all",735.062666666667,86.1013921807695,6,-0.0814000888094935,0.0105532116289347,0.10272882569627,-0.282748587174183,0.119948409555197,0.921824805866892,0.753709256215281,1.12743868501572,"KBS"
"KNZ_Biomass_1986-2021_processed.csv",1986,"b m c",16.2925,6.39731909995638,4,"all",38.84,12.4112610157067,4,-0.868745764198726,0.0640721365355612,0.253124745008387,-1.36487026441517,-0.372621263982286,0.419477342945417,0.255413810098723,0.688926104569422,"KNZ"
"KNZ_Biomass_1986-2021_processed.csv",1986,"b m n",24.96,5.89443240128626,4,"all",38.84,12.4112610157067,4,-0.442176099921897,0.0394701127990173,0.198670865501254,-0.831570996304355,-0.0527812035394398,0.642636457260556,0.435364792313765,0.948587537374323,"KNZ"
"KNZ_Biomass_1986-2021_processed.csv",1986,"b m n+p",21.4575,10.6693341716654,4,"all",38.84,12.4112610157067,4,-0.593376408812886,0.0873374664709842,0.295529129648812,-1.17261350292456,-0.0141393147012151,0.552458805355304,0.309556855398793,0.985960175947049,"KNZ"
"KNZ_Biomass_1986-2021_processed.csv",1986,"b m p",15.1775,8.10803870653481,4,"all",38.84,12.4112610157067,4,-0.939636575400672,0.0968740498979082,0.311245963665247,-1.54967866418456,-0.329594486616788,0.39076982492276,0.212316187661676,0.719215325745638,"KNZ"
"KNZ_Biomass_1986-2021_processed.csv",1986,"b u c",35.2375,24.2696289973017,4,"all",38.84,12.4112610157067,4,-0.0973397869828934,0.144119994320402,0.379631392696128,-0.841417316667305,0.646737742701518,0.907247682801236,0.431099086311136,1.90930202379079,"KNZ"
"KNZ_Biomass_1986-2021_processed.csv",1986,"b u n",63.1475,54.1701420679941,4,"all",38.84,12.4112610157067,4,0.48602261630787,0.209498065070633,0.457709585950124,-0.411088172154372,1.38313340477011,1.62583676622039,0.662928477191711,3.98737613685217,"KNZ"
"KNZ_Biomass_1986-2021_processed.csv",1986,"b u n+p",37.31,22.9993739045218,4,"all",38.84,12.4112610157067,4,-0.0401892561900577,0.120527347540985,0.347170487716028,-0.720643412113473,0.640264899733357,0.960607621009269,0.486439174393264,1.89698332312988,"KNZ"
"KNZ_Biomass_1986-2021_processed.csv",1986,"b u p",30.96,14.9028520760289,4,"all",38.84,12.4112610157067,4,-0.226754594701598,0.0834542460669203,0.288884485680558,-0.792968186635491,0.339458997232295,0.797116374871267,0.452499696466118,1.40418771559438,"KNZ"
"KNZ_Biomass_1986-2021_processed.csv",1986,"u m c",14.47,7.3762095053399,4,"all",38.84,12.4112610157067,4,-0.987373102779732,0.0904913024762715,0.30081772300892,-1.57697583987722,-0.397770365682248,0.372554067971164,0.20659894271055,0.671816282023862,"KNZ"
"KNZ_Biomass_1986-2021_processed.csv",1986,"u m n",17.5575,10.1238575487147,4,"all",38.84,12.4112610157067,4,-0.793969434372086,0.108648023917253,0.329617996955951,-1.44002070840575,-0.147918160338422,0.452046858908342,0.236922852336763,0.862501698900871,"KNZ"
"KNZ_Biomass_1986-2021_processed.csv",1986,"u m n+p",13.19,9.33795837786112,4,"all",38.84,12.4112610157067,4,-1.0799916766939,0.150828727105868,0.388366743048202,-1.84119049306838,-0.318792860319425,0.339598352214212,0.15862846756124,0.727026129670485,"KNZ"
"KNZ_Biomass_1986-2021_processed.csv",1986,"u m p",15.2425,8.98177552974169,4,"all",38.84,12.4112610157067,4,-0.93536306462329,0.11233424967499,0.335163019551666,-1.59228258294456,-0.278443546302025,0.392443357363543,0.203460665452009,0.756960999791365,"KNZ"
"KNZ_Biomass_1986-2021_processed.csv",1986,"u u n",38.0875,10.4606480838107,4,"all",38.84,12.4112610157067,4,-0.0195644991112969,0.0443856532722044,0.210679029028056,-0.432495396006286,0.393366397783693,0.980625643666323,0.648887840603115,1.48196127719422,"KNZ"
"KNZ_Biomass_1986-2021_processed.csv",1986,"u u n+p",36.665,27.5673266748882,4,"all",38.84,12.4112610157067,4,-0.0576280218773614,0.166855058553913,0.408478957296349,-0.858246778178206,0.742990734423484,0.944001029866117,0.423904630049865,2.10221328387818,"KNZ"
"KNZ_Biomass_1986-2021_processed.csv",1986,"u u p",42.8775,23.4524730394615,4,"all",38.84,12.4112610157067,4,0.0988965694009748,0.100320357983289,0.316733891434575,-0.521901857810793,0.719694996612742,1.10395211122554,0.59339092895023,2.05380669710498,"KNZ"
"KNZ_Biomass_1986-2021_processed.csv",1987,"b m c",54.41875,15.7719277911738,4,"all",25.23625,4.10325556722951,4,0.768427310652492,0.0276088476028816,0.166159103280204,0.442755468223292,1.09409915308169,2.15637228193571,1.55699155387623,2.98649109991913,"KNZ"
"KNZ_Biomass_1986-2021_processed.csv",1987,"b m n",87.42125,15.9388688301063,4,"all",25.23625,4.10325556722951,4,1.24245693517811,0.0149195606242185,0.122145653316925,1.00305145467693,1.48186241567928,3.46411412155134,2.72658921061169,4.40113479523352,"KNZ"
"KNZ_Biomass_1986-2021_processed.csv",1987,"b m n+p",78.6875,17.1303553670086,4,"all",25.23625,4.10325556722951,4,1.13720285886227,0.018457621123758,0.13585882791986,0.870919556139345,1.40348616158519,3.11803457328248,2.38910676152931,4.06936171992646,"KNZ"
"KNZ_Biomass_1986-2021_processed.csv",1987,"b m p",49.89875,11.7435921357138,4,"all",25.23625,4.10325556722951,4,0.681714499401217,0.0204563988884902,0.143025867899797,0.401383798317615,0.96204520048482,1.97726484719402,1.49389051115302,2.6170433822032,"KNZ"
"KNZ_Biomass_1986-2021_processed.csv",1987,"b u c",52.25375,20.9118632100697,4,"all",25.23625,4.10325556722951,4,0.727830205662185,0.0466488535805539,0.215983456728875,0.304502630473589,1.15115778085078,2.07058299073753,1.35595042684168,3.16185152249091,"KNZ"
"KNZ_Biomass_1986-2021_processed.csv",1987,"b u n",56.94125,19.7876431875215,4,"all",25.23625,4.10325556722951,4,0.813738581599545,0.0367999464838088,0.191833121446242,0.43774566356491,1.18973149963418,2.25632770320472,1.54921083654697,3.28619874335271,"KNZ"
"KNZ_Biomass_1986-2021_processed.csv",1987,"b u n+p",79.52125,25.7173457595582,4,"all",25.23625,4.10325556722951,4,1.14774282859837,0.032756421623184,0.180987352108328,0.793007618466047,1.50247803873069,3.15107236613998,2.21003337774146,4.49280864110667,"KNZ"
"KNZ_Biomass_1986-2021_processed.csv",1987,"b u p",41.01625,17.8858535231059,4,"all",25.23625,4.10325556722951,4,0.485686876702895,0.0541478945513281,0.232697001595053,0.0296007535765915,0.941772999829199,1.62529100004953,1.03004321078147,2.56452429101291,"KNZ"
"KNZ_Biomass_1986-2021_processed.csv",1987,"u m c",50.81625,9.78085321346422,4,"all",25.23625,4.10325556722951,4,0.6999347323806,0.0158708266783988,0.125979469273365,0.453014972604804,0.946854492156396,2.01362127891426,1.57304773895999,2.57758906768909,"KNZ"
"KNZ_Biomass_1986-2021_processed.csv",1987,"u m n",79.295,36.2801901869326,4,"all",25.23625,4.10325556722951,4,1.14489362200827,0.0589436104240662,0.242783052176354,0.669038839742614,1.62074840427392,3.14210708801823,1.9523598877913,5.05687348644697,"KNZ"
"KNZ_Biomass_1986-2021_processed.csv",1987,"u m n+p",91.96,14.1447593357634,4,"all",25.23625,4.10325556722951,4,1.29307224695268,0.0125238854376718,0.111910166819962,1.07372831998556,1.51241617391981,3.6439645351429,2.92626925526409,4.53768138714251,"KNZ"
"KNZ_Biomass_1986-2021_processed.csv",1987,"u m p",46.7875,4.98596279568951,4,"all",25.23625,4.10325556722951,4,0.617334620288251,0.00944826380689296,0.0972021800521622,0.426818347386013,0.807850893190489,1.85397989003913,1.53237427664714,2.2430821797598,"KNZ"
"KNZ_Biomass_1986-2021_processed.csv",1987,"u u n",39.91875,6.55710095367356,4,"all",25.23625,4.10325556722951,4,0.458564685385466,0.0133546125657897,0.115562158883389,0.232062853974023,0.685066516796909,1.58180197137055,1.26119899770616,1.98390379407414,"KNZ"
"KNZ_Biomass_1986-2021_processed.csv",1987,"u u n+p",31.715,12.475838649165,4,"all",25.23625,4.10325556722951,4,0.228508302143564,0.0452948446260674,0.212825855163482,-0.188630373976861,0.645646978263989,1.25672395859131,0.828092534683682,1.90722056044221,"KNZ"
"KNZ_Biomass_1986-2021_processed.csv",1987,"u u p",32.01,18.1450195186815,4,"all",25.23625,4.10325556722951,4,0.237766901039475,0.0869402465942904,0.294856315167728,-0.340151476689271,0.815685278768221,1.26841349249591,0.711662514316036,2.26072436805518,"KNZ"
"KNZ_Biomass_1986-2021_processed.csv",1988,"b m c",19.7725,6.49726929820008,4,"all",44.1275,17.1961548512063,4,-0.802791087460862,0.0649597613483395,0.254872048974264,-1.30234030345042,-0.303241871471305,0.448076596226843,0.271894731687626,0.738420471923289,"KNZ"
"KNZ_Biomass_1986-2021_processed.csv",1988,"b m n",48.06375,9.38531332721503,4,"all",44.1275,17.1961548512063,4,0.0854450838577095,0.0474974569487637,0.217939112939288,-0.341715577503295,0.512605745218714,1.08920174494363,0.710550272454035,1.66963617801581,"KNZ"
"KNZ_Biomass_1986-2021_processed.csv",1988,"b m n+p",42.19,19.8934788310139,4,"all",44.1275,17.1961548512063,4,-0.0448999447360497,0.093548114153595,0.305856361963578,-0.644378414184662,0.554578524712563,0.956093139198912,0.524988766278261,1.74120695439552,"KNZ"
"KNZ_Biomass_1986-2021_processed.csv",1988,"b m p",29.065,3.04467294357429,4,"all",44.1275,17.1961548512063,4,-0.417548469718983,0.040708403382403,0.201763235953439,-0.813004412187723,-0.0220925272502433,0.658659566030253,0.443523534971797,0.978149725359554,"KNZ"
"KNZ_Biomass_1986-2021_processed.csv",1988,"b u c",36.8725,16.2403948535742,4,"all",44.1275,17.1961548512063,4,-0.179617155120777,0.0864635236535612,0.294046805208901,-0.755948893330222,0.396714583088669,0.835590051555153,0.469564836324613,1.48693147409204,"KNZ"
"KNZ_Biomass_1986-2021_processed.csv",1988,"b u n",62.32,13.261023716139,4,"all",44.1275,17.1961548512063,4,0.345199230690196,0.049284869204613,0.222001957659416,-0.0899246063222587,0.78032306770265,1.41227125941873,0.91400009250204,2.18217714258679,"KNZ"
"KNZ_Biomass_1986-2021_processed.csv",1988,"b u n+p",64.94625,10.9111994261248,4,"all",44.1275,17.1961548512063,4,0.386476833856929,0.0450213537148761,0.212182359575145,-0.0294005909103554,0.802354258624213,1.47178630105943,0.971027401793458,2.23078659982754,"KNZ"
"KNZ_Biomass_1986-2021_processed.csv",1988,"b u p",29.9075,16.9699344430083,4,"all",44.1275,17.1961548512063,4,-0.388973885809375,0.118454721084016,0.344172516456524,-1.06355201806416,0.285604246445412,0.677751968726984,0.345227376035313,1.33056577490632,"KNZ"
"KNZ_Biomass_1986-2021_processed.csv",1988,"u m c",27.70625,11.1807463786338,4,"all",44.1275,17.1961548512063,4,-0.46542515136107,0.0786774006237297,0.280494920851929,-1.01519519623085,0.0843448935087096,0.627868109455555,0.362331697147737,1.08800407464919,"KNZ"
"KNZ_Biomass_1986-2021_processed.csv",1988,"u m n",50,24.1876666230264,4,"all",44.1275,17.1961548512063,4,0.124939834555849,0.0964693786439005,0.310595200613114,-0.483826758645854,0.733706427757552,1.13308027873775,0.616419982095072,2.08278601498418,"KNZ"
"KNZ_Biomass_1986-2021_processed.csv",1988,"u m n+p",49.6875,7.50854457712456,4,"all",44.1275,17.1961548512063,4,0.118670221542254,0.0436740201775291,0.208983301193012,-0.29093704879605,0.528277491880557,1.12599852699564,0.747562736511173,1.69600840287121,"KNZ"
"KNZ_Biomass_1986-2021_processed.csv",1988,"u m p",36.61875,12.2055447611594,4,"all",44.1275,17.1961548512063,4,-0.186522766561335,0.0657396250219863,0.256397396675525,-0.689061664045363,0.316016130922693,0.829839669140559,0.502046936807162,1.37165238146611,"KNZ"
"KNZ_Biomass_1986-2021_processed.csv",1988,"u u n",55.30375,14.7424061666789,4,"all",44.1275,17.1961548512063,4,0.225757547291767,0.0557301543327346,0.236072349784414,-0.236944258285683,0.688459352869218,1.25327176930486,0.78903526897036,1.99064628604773,"KNZ"
"KNZ_Biomass_1986-2021_processed.csv",1988,"u u n+p",51.3375,15.2083346118721,4,"all",44.1275,17.1961548512063,4,0.15133830841038,0.0599049191737442,0.244754814403607,-0.32838112782069,0.63105774464145,1.16339017619398,0.720088521630245,1.87959766252136,"KNZ"
"KNZ_Biomass_1986-2021_processed.csv",1988,"u u p",45.58375,9.74858568801991,4,"all",44.1275,17.1961548512063,4,0.032468122487732,0.0493991872340832,0.222259279298038,-0.403160064936422,0.468096309911886,1.03300096311824,0.668205134550755,1.59695119751007,"KNZ"
"KNZ_Biomass_1986-2021_processed.csv",1989,"b m c",25.96,13.8201977795785,4,"all",21.2,12.0984324053435,4,0.202555710157922,0.152272284112198,0.390220814555296,-0.562277086370457,0.967388506686301,1.22452830188679,0.56990985124588,2.63106447246659,"KNZ"
"KNZ_Biomass_1986-2021_processed.csv",1989,"b m n",45.455,21.9988401209397,4,"all",21.2,12.0984324053435,4,0.762721643895855,0.139975790234522,0.374133385618715,0.0294202080831731,1.49602307970854,2.14410377358491,1.02985725790872,4.46390114416081,"KNZ"
"KNZ_Biomass_1986-2021_processed.csv",1989,"b m n+p",64.8925,44.2610546455158,4,"all",21.2,12.0984324053435,4,1.11873087295053,0.197723099348271,0.444660656397968,0.247195986410514,1.99026575949055,3.06096698113207,1.28043003507528,7.31747819319935,"KNZ"
"KNZ_Biomass_1986-2021_processed.csv",1989,"b m p",22.79,15.0674483573032,4,"all",21.2,12.0984324053435,4,0.0723206615796259,0.190696644131803,0.436688268827779,-0.783588345322821,0.928229668482073,1.075,0.45676403998053,2.53002622546481,"KNZ"
"KNZ_Biomass_1986-2021_processed.csv",1989,"b u c",30.5,26.2781797949046,4,"all",21.2,12.0984324053435,4,0.363725501935399,0.266999016367372,0.51671947550617,-0.649044670056695,1.37649567392749,1.43867924528302,0.522544741023133,3.96099665409605,"KNZ"
"KNZ_Biomass_1986-2021_processed.csv",1989,"b u n",24.035,6.98756276060068,4,"all",21.2,12.0984324053435,4,0.125509919667957,0.102549316521839,0.320233222077034,-0.502147195603029,0.753167034938943,1.13372641509434,0.605229716936129,2.12371525771975,"KNZ"
"KNZ_Biomass_1986-2021_processed.csv",1989,"b u n+p",44.42,25.7790004978212,4,"all",21.2,12.0984324053435,4,0.739688636788315,0.165619710004572,0.406964015613877,-0.0579608338148839,1.53733810739151,2.09528301886792,0.943686907329109,4.65219014384949,"KNZ"
"KNZ_Biomass_1986-2021_processed.csv",1989,"b u p",18.5075,8.10478613742111,4,"all",21.2,12.0984324053435,4,-0.13582512634285,0.129362401944663,0.359669851314595,-0.840778034919458,0.569127782233757,0.872995283018868,0.431374768198339,1.76672540991731,"KNZ"
"KNZ_Biomass_1986-2021_processed.csv",1989,"u m c",30.125,11.3700820870681,4,"all",21.2,12.0984324053435,4,0.351354210132852,0.117032508536515,0.342100144017091,-0.319162072140647,1.02187049240635,1.42099056603774,0.72675775257612,2.77838685808412,"KNZ"
"KNZ_Biomass_1986-2021_processed.csv",1989,"u m n",81.9975,80.4171604302631,4,"all",21.2,12.0984324053435,4,1.35268757731665,0.321875488060267,0.567340716025447,0.24069977390677,2.46467538072652,3.86780660377358,1.2721390486333,11.7596641186877,"KNZ"
"KNZ_Biomass_1986-2021_processed.csv",1989,"u m n+p",54.225,21.7513593444946,4,"all",21.2,12.0984324053435,4,0.939140875034971,0.121645770376107,0.348777537086474,0.255536902345482,1.62274484772446,2.55778301886792,1.29115465877408,5.06697933291804,"KNZ"
"KNZ_Biomass_1986-2021_processed.csv",1989,"u m p",39.4925,15.0140631298349,4,"all",21.2,12.0984324053435,4,0.622109598783148,0.117552403411993,0.342859159731795,-0.0498943542911703,1.29411355185747,1.86285377358491,0.951329923116055,3.64776098957646,"KNZ"
"KNZ_Biomass_1986-2021_processed.csv",1989,"u u n",17.26,10.1157237342005,4,"all",21.2,12.0984324053435,4,-0.205609496022685,0.167291288264164,0.409012577146675,-1.00727414723017,0.596055155184797,0.814150943396226,0.365213141239408,1.81494498358824,"KNZ"
"KNZ_Biomass_1986-2021_processed.csv",1989,"u u n+p",40.0025,22.8737147179902,4,"all",21.2,12.0984324053435,4,0.634940770482926,0.163159984887677,0.403930668416843,-0.156763339614086,1.42664488057994,1.88691037735849,0.854906357347167,4.16470265027789,"KNZ"
"KNZ_Biomass_1986-2021_processed.csv",1989,"u u p",18.45,8.06734156956305,4,"all",21.2,12.0984324053435,4,-0.138936811191431,0.129216963978559,0.359467611863099,-0.843493330443104,0.565619708060243,0.870283018867924,0.430205047009269,1.76053846461162,"KNZ"
"KNZ_Biomass_1986-2021_processed.csv",1990,"b m c",46.105,13.1806436362822,4,"all",31.995,12.8829538538334,4,0.365341763399681,0.0609651040951964,0.246911125904031,-0.11860404337222,0.849287570171582,1.44100640725113,0.888159403750029,2.33798061133094,"KNZ"
"KNZ_Biomass_1986-2021_processed.csv",1990,"b m n",83.51,21.3791456018866,4,"all",31.995,12.8829538538334,4,0.959386744573715,0.0569177047081332,0.238574316949946,0.491781083351821,1.42699240579561,2.61009532739491,1.63522610180146,4.1661502409872,"KNZ"
"KNZ_Biomass_1986-2021_processed.csv",1990,"b m n+p",112.465,46.4391964472542,4,"all",31.995,12.8829538538334,4,1.25706242153684,0.0831588115969895,0.28837269565094,0.691851938060997,1.82227290501268,3.51508048132521,1.99741119193115,6.18590245218741,"KNZ"
"KNZ_Biomass_1986-2021_processed.csv",1990,"b m p",35.99,3.56537048098324,4,"all",31.995,12.8829538538334,4,0.117661481499515,0.0429863047528083,0.207331388730236,-0.288708040411747,0.524031003410778,1.12486325988436,0.749230918623912,1.68882159289639,"KNZ"
"KNZ_Biomass_1986-2021_processed.csv",1990,"b u c",54.3925,19.845433353797,4,"all",31.995,12.8829538538334,4,0.530646636118797,0.0738127936136557,0.271685100095047,-0.00185616006749534,1.06314943230509,1.70003125488358,0.99814556153225,2.89547574919277,"KNZ"
"KNZ_Biomass_1986-2021_processed.csv",1990,"b u n",86.6225,33.183858902585,4,"all",31.995,12.8829538538334,4,0.995979956473325,0.0772215099805088,0.277887585150019,0.451320289579289,1.54063962336736,2.70737615252383,1.57038417924064,4.66757480631213,"KNZ"
"KNZ_Biomass_1986-2021_processed.csv",1990,"b u n+p",102.9175,21.1765694026834,4,"all",31.995,12.8829538538334,4,1.16834805581586,0.051117366022138,0.226091499225729,0.725208717333434,1.61148739429829,3.21667448038756,2.06516209011192,5.01025791743825,"KNZ"
"KNZ_Biomass_1986-2021_processed.csv",1990,"b u p",66.7475,13.1246215818463,4,"all",31.995,12.8829538538334,4,0.735337202804027,0.05019873568326,0.22405074354543,0.296197745454984,1.17447666015307,2.0861853414596,1.34473604598325,3.23644873796678,"KNZ"
"KNZ_Biomass_1986-2021_processed.csv",1990,"u m c",41.77,11.3104376573146,4,"all",31.995,12.8829538538334,4,0.26659873791766,0.058863120023429,0.242617229444714,-0.208931031793979,0.7421285076293,1.30551648695109,0.811451198046979,2.1004014804627,"KNZ"
"KNZ_Biomass_1986-2021_processed.csv",1990,"u m n",72.725,28.6255276516143,4,"all",31.995,12.8829538538334,4,0.821105563789842,0.0792656657055729,0.281541587879256,0.269284051546499,1.37292707603318,2.2730114080325,1.30902691936272,3.94688664123209,"KNZ"
"KNZ_Biomass_1986-2021_processed.csv",1990,"u m n+p",84.4075,25.8855936445996,4,"all",31.995,12.8829538538334,4,0.970076619621686,0.0640450571973451,0.253071249250769,0.474056971090178,1.46609626815319,2.63814658540397,1.60649850839179,4.3322899895163,"KNZ"
"KNZ_Biomass_1986-2021_processed.csv",1990,"u m p",43.71,9.8333276836142,4,"all",31.995,12.8829538538334,4,0.3119972682838,0.0531853966469785,0.230619592938194,-0.140017133875062,0.764011670442661,1.36615096108767,0.869343340051025,2.14687150921432,"KNZ"
"KNZ_Biomass_1986-2021_processed.csv",1990,"u u n",55,17.0747044874379,4,"all",31.995,12.8829538538334,4,0.541753544641047,0.0646274792905237,0.254219352706523,0.0434836133362616,1.04002347594583,1.71901859665573,1.04444287923754,2.82928343367656,"KNZ"
"KNZ_Biomass_1986-2021_processed.csv",1990,"u u n+p",81.1275,52.0739098941751,4,"all",31.995,12.8829538538334,4,0.930442350598994,0.143534460725052,0.378859420794907,0.187877885840976,1.67300681535701,2.53563056727614,1.2066861528875,5.32816454247032,"KNZ"
"KNZ_Biomass_1986-2021_processed.csv",1990,"u u p",33.1125,11.180138266885,4,"all",31.995,12.8829538538334,4,0.0343312140067644,0.0690331716707765,0.262741644340551,-0.480642408900715,0.549304836914244,1.03492733239569,0.618386007502903,1.73204854305282,"KNZ"
"KNZ_Biomass_1986-2021_processed.csv",1991,"b m c",34.3375,9.6757854978291,4,"all",30.3475,21.7017163299742,4,0.123523909631571,0.14769525176427,0.384311399472186,-0.629726433333914,0.876774252597055,1.13147705741824,0.532737520301345,2.40313528271796,"KNZ"
"KNZ_Biomass_1986-2021_processed.csv",1991,"b m n",76.325,16.8818413292705,4,"all",30.3475,21.7017163299742,4,0.92228639683112,0.140075134342637,0.374266127698777,0.188724786541517,1.65584800712072,2.51503418733009,1.20770852910017,5.23751949334332,"KNZ"
"KNZ_Biomass_1986-2021_processed.csv",1991,"b m n+p",95.795,30.8239706505613,4,"all",30.3475,21.7017163299742,4,1.14949634975813,0.153728589581456,0.392082376014858,0.381014892769013,1.91797780674725,3.15660268555894,1.46376940482704,6.80717911005615,"KNZ"
"KNZ_Biomass_1986-2021_processed.csv",1991,"b m p",38.575,8.10789944025784,4,"all",30.3475,21.7017163299742,4,0.239890256459403,0.13888905283349,0.372678216204663,-0.490559047301737,0.970339560220543,1.27110964659362,0.612284002767191,2.63884035245277,"KNZ"
"KNZ_Biomass_1986-2021_processed.csv",1991,"b u c",52.9625,24.962681980642,4,"all",30.3475,21.7017163299742,4,0.556869974162856,0.183381983462391,0.428231226631584,-0.282463230035048,1.39620317836076,1.74520141692067,0.753924363222075,4.0398322884875,"KNZ"
"KNZ_Biomass_1986-2021_processed.csv",1991,"b u n",93.0175,39.6526462967269,4,"all",30.3475,21.7017163299742,4,1.12007350570431,0.173275870170382,0.41626418314621,0.304195706737735,1.93595130467088,3.06507949583985,1.35553431733125,6.93063406488596,"KNZ"
"KNZ_Biomass_1986-2021_processed.csv",1991,"b u n+p",112.3975,36.0960010481309,4,"all",30.3475,21.7017163299742,4,1.30932755342953,0.153628262744387,0.391954414115197,0.541096901763743,2.07755820509532,3.70368234615701,1.71789018586028,7.98494748624798,"KNZ"
"KNZ_Biomass_1986-2021_processed.csv",1991,"b u p",39.0325,13.7397874195103,4,"all",30.3475,21.7017163299742,4,0.251680490643717,0.158822150238891,0.398524968149915,-0.529428446930117,1.03278942821755,1.28618502347805,0.588941484814692,2.80889011433747,"KNZ"
"KNZ_Biomass_1986-2021_processed.csv",1991,"u m c",48.284,16.1609476826082,5,"all",30.3475,21.7017163299742,4,0.464386101049059,0.15025021378352,0.387621224629818,-0.295351499225384,1.2241237013235,1.591037152978,0.744269931178327,3.40118432320469,"KNZ"
"KNZ_Biomass_1986-2021_processed.csv",1991,"u m n",86.685,49.5609298406181,4,"all",30.3475,21.7017163299742,4,1.04956671664803,0.209565079564492,0.457782786444065,0.152312455217662,1.9468209780784,2.85641321360903,1.16452404120557,7.00637870767664,"KNZ"
"KNZ_Biomass_1986-2021_processed.csv",1991,"u m n+p",83.25,13.422955461944,4,"all",30.3475,21.7017163299742,4,1.00913398707073,0.134343902220396,0.366529537991683,0.290736092607034,1.72753188153443,2.74322431831288,1.3374115845679,5.62674927256177,"KNZ"
"KNZ_Biomass_1986-2021_processed.csv",1991,"u m p",57.78,6.78778805404726,4,"all",30.3475,21.7017163299742,4,0.643928553248268,0.131294761511489,0.362346190143472,-0.0662699794329382,1.35412708592947,1.90394595930472,0.935878162325423,3.87337835402156,"KNZ"
"KNZ_Biomass_1986-2021_processed.csv",1991,"u u n",57.09,31.704000799058,4,"all",30.3475,21.7017163299742,4,0.631914828186346,0.204943462620112,0.452706817510088,-0.255390534133426,1.51922019050612,1.8812093253151,0.774613925704315,4.56866112035711,"KNZ"
"KNZ_Biomass_1986-2021_processed.csv",1991,"u u n+p",49.5325,15.5112762745903,4,"all",30.3475,21.7017163299742,4,0.489914877996455,0.152360864017042,0.390334297771848,-0.275140345636367,1.25497010162928,1.63217727984183,0.759465528072225,3.50773349725827,"KNZ"
"KNZ_Biomass_1986-2021_processed.csv",1991,"u u p",33.1875,15.4467048805455,4,"all",30.3475,21.7017163299742,4,0.089459157212336,0.182002585202944,0.426617610047855,-0.746711358481461,0.925629672906133,1.09358266743554,0.473922554161398,2.52345671252469,"KNZ"
"KNZ_Biomass_1986-2021_processed.csv",1992,"b m c",51.6375,3.56168850406657,4,"all",30.775,6.53420487384145,4,0.517545480652366,0.0124595240644096,0.11162223821627,0.298765893748478,0.736325067556254,1.67790414297319,1.34819396588997,2.08824722869022,"KNZ"
"KNZ_Biomass_1986-2021_processed.csv",1992,"b m n",100.85,23.4866274008566,4,"all",30.775,6.53420487384145,4,1.1869315923297,0.0248291998282722,0.15757283975442,0.87808882641104,1.49577435824837,3.2770105605199,2.40629645877648,4.46279101421248,"KNZ"
"KNZ_Biomass_1986-2021_processed.csv",1992,"b m n+p",99.21875,13.8853546197663,4,"all",30.775,6.53420487384145,4,1.17062433645655,0.0161664241800942,0.127147253922742,0.921415718767974,1.41983295414512,3.22400487408611,2.51284535525743,4.13642940914927,"KNZ"
"KNZ_Biomass_1986-2021_processed.csv",1992,"b m p",48.425,12.7154433662378,4,"all",30.775,6.53420487384145,4,0.453313537222542,0.0285072245059648,0.168840825945518,0.122385518369326,0.784241556075758,1.57351746547522,1.13018972670469,2.19074475342716,"KNZ"
"KNZ_Biomass_1986-2021_processed.csv",1992,"b u c",51.775,11.4938026779652,4,"all",30.775,6.53420487384145,4,0.52020473521113,0.0235906115642085,0.153592355161995,0.21916371909362,0.821245751328641,1.68237205523964,1.24503509601996,2.27333007824373,"KNZ"
"KNZ_Biomass_1986-2021_processed.csv",1992,"b u n",145.525,22.6149839708101,4,"all",30.775,6.53420487384145,4,1.55364522108728,0.0173076448141123,0.131558522392555,1.29579051719788,1.81149992497669,4.72867587327376,3.6538832903344,6.1196195219566,"KNZ"
"KNZ_Biomass_1986-2021_processed.csv",1992,"b u n+p",118.325,21.5295339785452,4,"all",30.775,6.53420487384145,4,1.34673240372179,0.0195468232496127,0.139809954043382,1.07270489379676,1.62075991364682,3.84484159220146,2.92327596663904,5.05693168822458,"KNZ"
"KNZ_Biomass_1986-2021_processed.csv",1992,"b u p",50.65375,12.6833180299951,4,"all",30.775,6.53420487384145,4,0.498310593395873,0.0269442401673492,0.16414700779286,0.176582458121868,0.820038728669878,1.64593826157595,1.19313280619379,2.27058777267387,"KNZ"
"KNZ_Biomass_1986-2021_processed.csv",1992,"u m c",56.4125,7.95564527028868,4,"all",30.775,6.53420487384145,4,0.605988093082602,0.0162422450150805,0.127445066656503,0.356195762435856,0.855780423729348,1.83306255077173,1.42788704755178,2.35321016518985,"KNZ"
"KNZ_Biomass_1986-2021_processed.csv",1992,"u m n",105.1875,33.5903352915686,4,"all",30.775,6.53420487384145,4,1.22904179988051,0.0367642849272039,0.191740149491972,0.853231106876242,1.60485249288477,3.41795288383428,2.3472187271387,4.97712538718202,"KNZ"
"KNZ_Biomass_1986-2021_processed.csv",1992,"u m n+p",92.50875,18.9100160298716,4,"all",30.775,6.53420487384145,4,1.10060056256867,0.0217163379605584,0.147364642844063,0.811765862594306,1.38943526254303,3.00597075548335,2.2518809901623,4.01258335688952,"KNZ"
"KNZ_Biomass_1986-2021_processed.csv",1992,"u m p",65.29125,14.9257654047177,4,"all",30.775,6.53420487384145,4,0.752155358296264,0.0243349568026014,0.155996656382762,0.446401911786051,1.05790880480648,2.12156783103168,1.56267939960696,2.88034133092211,"KNZ"
"KNZ_Biomass_1986-2021_processed.csv",1992,"u u n",68.4,24.7909593736642,4,"all",30.775,6.53420487384145,4,0.798670152557988,0.0441109980935601,0.210026184304624,0.387018831320924,1.21032147379505,2.22258326563769,1.4725842217181,3.3545628832891,"KNZ"
"KNZ_Biomass_1986-2021_processed.csv",1992,"u u n+p",52.0375,14.4945032684808,4,"all",30.775,6.53420487384145,4,0.525261940450577,0.0306662158602396,0.175117720006399,0.182031209238034,0.868492671663119,1.69090170593014,1.19965163350902,2.38331570537219,"KNZ"
"KNZ_Biomass_1986-2021_processed.csv",1992,"u u p",30.475,11.2828409542987,4,"all",30.775,6.53420487384145,4,-0.00979599670318199,0.0455382013153115,0.213396816553836,-0.4280537571487,0.408461763742336,0.990251827782291,0.651776376217378,1.50450172514249,"KNZ"
"KNZ_Biomass_1986-2021_processed.csv",1993,"b m c",51.77,6.44435282501923,4,"all",39.20375,4.54520145318114,4,0.278038425427525,0.00723424617382915,0.0850543718678185,0.111331856566601,0.44474499428845,1.32053693843063,1.11776578322726,1.56009231265331,"KNZ"
"KNZ_Biomass_1986-2021_processed.csv",1993,"b m n",92.3025,14.8449399347612,4,"all",39.20375,4.54520145318114,4,0.85629882124618,0.00982691089866984,0.0991307767480405,0.662002498820021,1.05059514367234,2.35443037974684,1.93867063561946,2.85935233722853,"KNZ"
"KNZ_Biomass_1986-2021_processed.csv",1993,"b m n+p",100.6075,18.4821240211544,4,"all",39.20375,4.54520145318114,4,0.942454402084338,0.0117973036198098,0.1086153931071,0.729568231594422,1.15534057257425,2.56627235914932,2.07418484682323,3.17510458695152,"KNZ"
"KNZ_Biomass_1986-2021_processed.csv",1993,"b m p",49.815,8.22321814538971,4,"all",39.20375,4.54520145318114,4,0.239543738010535,0.0101728511899174,0.100860553190618,0.0418570537569243,0.437230422264145,1.270669259956,1.04274541155765,1.54841282474237,"KNZ"
"KNZ_Biomass_1986-2021_processed.csv",1993,"b u c",47.2125,17.7630283172662,4,"all",39.20375,4.54520145318114,4,0.185886282552291,0.0387487274592699,0.196846964567071,-0.19993376799917,0.571706333103751,1.20428530433951,0.818784981049693,1.77128687972365,"KNZ"
"KNZ_Biomass_1986-2021_processed.csv",1993,"b u n",153.9375,30.0073103593108,4,"all",39.20375,4.54520145318114,4,1.36777427039447,0.0128600000331581,0.113401940164876,1.14550646767132,1.59004207311763,3.92660140930396,3.14403330489649,4.90395524867235,"KNZ"
"KNZ_Biomass_1986-2021_processed.csv",1993,"b u n+p",187.81125,83.7777070959214,4,"all",39.20375,4.54520145318114,4,1.56666506364705,0.0531058940017789,0.230447160975741,1.1149886281346,2.0183414991595,4.79064502758027,3.049533500101,7.525832977247,"KNZ"
"KNZ_Biomass_1986-2021_processed.csv",1993,"b u p",55.80375,15.6398952335579,4,"all",39.20375,4.54520145318114,4,0.353068665943948,0.0229976619469092,0.151649800352355,0.0558350572533316,0.650302274634564,1.4234288811657,1.05742325505555,1.91611993593824,"KNZ"
"KNZ_Biomass_1986-2021_processed.csv",1993,"u m c",40.17375,5.98932574808439,4,"all",39.20375,4.54520145318114,4,0.0244413917764559,0.00891702620463157,0.0944300069079293,-0.160641421763086,0.209524205315997,1.02474253100788,0.851597380652516,1.23309122211228,"KNZ"
"KNZ_Biomass_1986-2021_processed.csv",1993,"u m n",70.70875,24.3504474205985,4,"all",39.20375,4.54520145318114,4,0.589796922134549,0.033009232020636,0.181684429769411,0.233695439786503,0.945898404482594,1.80362210247744,1.26325969497139,2.57512584426976,"KNZ"
"KNZ_Biomass_1986-2021_processed.csv",1993,"u m n+p",69.335,9.69921732237538,4,"all",39.20375,4.54520145318114,4,0.570177423719543,0.00825264735808945,0.0908440826806537,0.392123021665462,0.748231825773624,1.76858081178459,1.48011978700372,2.1132600991333,"KNZ"
"KNZ_Biomass_1986-2021_processed.csv",1993,"u m p",50.69,8.20923565260494,4,"all",39.20375,4.54520145318114,4,0.256956246997973,0.0099173355459537,0.0995858200044249,0.0617680397893007,0.452144454206646,1.29298855339094,1.0637155764197,1.57167896781871,"KNZ"
"KNZ_Biomass_1986-2021_processed.csv",1993,"u u n",39.785,12.6295110752554,4,"all",39.20375,4.54520145318114,4,0.0147175513432134,0.028553080060608,0.168976566602023,-0.316476519196752,0.345911621883179,1.01482638778178,0.728712122104862,1.41327770747584,"KNZ"
"KNZ_Biomass_1986-2021_processed.csv",1993,"u u n+p",62.70875,29.213320984042,4,"all",39.20375,4.54520145318114,4,0.469728585844943,0.0576161270111208,0.240033595588453,-0.00073726150842357,0.94019443319831,1.59955999107228,0.999263010202064,2.5604792120963,"KNZ"
"KNZ_Biomass_1986-2021_processed.csv",1993,"u u p",42.8475,20.9853093456669,4,"all",39.20375,4.54520145318114,4,0.0888748947983056,0.0633284310304307,0.251651407765645,-0.404361864422358,0.582111654018969,1.09294391480407,0.66740256832199,1.78981391083131,"KNZ"
"KNZ_Biomass_1986-2021_processed.csv",1994,"b m c",42.27375,4.43551082176563,4,"all",33.815,11.9935795323998,4,0.22326183501781,0.0342021071468375,0.184938117073895,-0.139216874447023,0.585740544482644,1.25014786337424,0.870039318699698,1.79632074862426,"KNZ"
"KNZ_Biomass_1986-2021_processed.csv",1994,"b m n",90.94,32.488974796588,4,"all",33.815,11.9935795323998,4,0.989295457369961,0.0633580572911948,0.251710264572573,0.495943338807718,1.4826475759322,2.68933905071714,1.64204651486945,4.40459174829597,"KNZ"
"KNZ_Biomass_1986-2021_processed.csv",1994,"b m n+p",85.5875,25.992613213501,4,"all",33.815,11.9935795323998,4,0.928634753420278,0.0545077422228952,0.233468932029286,0.471035646642878,1.38623386019768,2.53105130859086,1.60165208017654,3.99975800363173,"KNZ"
"KNZ_Biomass_1986-2021_processed.csv",1994,"b m p",36.55625,13.684195491515,4,"all",33.815,11.9935795323998,4,0.0779476791822955,0.0664810913713219,0.257839274299556,-0.427417298444835,0.583312656809426,1.08106609492829,0.652191337003689,1.79196477367022,"KNZ"
"KNZ_Biomass_1986-2021_processed.csv",1994,"b u c",40.62375,18.1602227294528,4,"all",33.815,11.9935795323998,4,0.183448379918847,0.081409859014417,0.285324129744431,-0.375786914380238,0.742683674217932,1.20135294987432,0.686748653714829,2.10156787692958,"KNZ"
"KNZ_Biomass_1986-2021_processed.csv",1994,"b u n",93.5525,32.1764765265973,4,"all",33.815,11.9935795323998,4,1.0176182850133,0.0610236061279618,0.247029565291205,0.53344033704254,1.50179623298406,2.76659766375869,1.70478727412511,4.4897464623808,"KNZ"
"KNZ_Biomass_1986-2021_processed.csv",1994,"b u n+p",115.7675,22.9558668971572,4,"all",33.815,11.9935795323998,4,1.23067937841667,0.0412798837392377,0.203174515476813,0.832457328082115,1.62890142875122,3.42355463551678,2.29896110653916,5.09827082721411,"KNZ"
"KNZ_Biomass_1986-2021_processed.csv",1994,"b u p",42.915,5.45764448579544,4,"all",33.815,11.9935795323998,4,0.23831692414328,0.0354931361660971,0.188396221209708,-0.130939669427747,0.607573517714307,1.2691113411208,0.877270699037834,1.83597103827582,"KNZ"
"KNZ_Biomass_1986-2021_processed.csv",1994,"u m c",47.2625,10.6426911540268,4,"all",33.815,11.9935795323998,4,0.334812678190148,0.0441266679894371,0.210063485616699,-0.0769117536185822,0.746537109998878,1.3976785450244,0.925971563640922,2.1096817569001,"KNZ"
"KNZ_Biomass_1986-2021_processed.csv",1994,"u m n",63.19625,17.3299977760145,4,"all",33.815,11.9935795323998,4,0.625340472922454,0.0502497216097251,0.224164496764597,0.185978059263843,1.06470288658106,1.86888215289073,1.20439583475649,2.89997723389641,"KNZ"
"KNZ_Biomass_1986-2021_processed.csv",1994,"u m n+p",63.53875,4.98102629150526,4,"all",33.815,11.9935795323998,4,0.630745464973806,0.0329862566842889,0.181621190075082,0.274767932426646,0.986722997520966,1.87901079402632,1.31622518623703,2.68242972478084,"KNZ"
"KNZ_Biomass_1986-2021_processed.csv",1994,"u m p",46.0675,7.86083593943206,4,"all",33.815,11.9935795323998,4,0.309203221199976,0.0387291466431,0.196797222142743,-0.0765193341997999,0.694925776599751,1.36233919858051,0.926335004169632,2.00356035735979,"KNZ"
"KNZ_Biomass_1986-2021_processed.csv",1994,"u u n",72.2925,48.5321564360511,4,"all",33.815,11.9935795323998,4,0.759815898317193,0.144121013390304,0.379632734877149,0.0157357379579813,1.5038960586764,2.13788259648085,1.01586019664199,4.499184052534,"KNZ"
"KNZ_Biomass_1986-2021_processed.csv",1994,"u u n+p",74.5625,36.2907062253318,4,"all",33.815,11.9935795323998,4,0.790733208831232,0.0906728056178931,0.301119254810936,0.200539469401798,1.38092694826067,2.20501256838681,1.22206184533817,3.97858786385592,"KNZ"
"KNZ_Biomass_1986-2021_processed.csv",1994,"u u p",45.3175,9.38590121760647,4,"all",33.815,11.9935795323998,4,0.292788780328034,0.0421739515408207,0.205362975097316,-0.109722650862705,0.695300211518773,1.34015969244418,0.896082628579218,2.00431070078858,"KNZ"
"KNZ_Biomass_1986-2021_processed.csv",1995,"b m c",54.2675,6.59959657857963,4,"all",34.5775,10.010689703179,4,0.450722339531054,0.0246520592302896,0.157009742469344,0.142983244291141,0.758461434770968,1.56944544862989,1.15371047026731,2.13498887260196,"KNZ"
"KNZ_Biomass_1986-2021_processed.csv",1995,"b m n",91.75625,22.246127518814,4,"all",34.5775,10.010689703179,4,0.975932422988907,0.0356499391673141,0.188811914791716,0.605861069997145,1.34600377598067,2.65364037307498,1.83282972429818,3.84204115431941,"KNZ"
"KNZ_Biomass_1986-2021_processed.csv",1995,"b m n+p",100.9325,9.77026995532877,4,"all",34.5775,10.010689703179,4,1.07124879506961,0.0232972320296982,0.15263430816726,0.772085551061776,1.37041203907744,2.91902248572048,2.1642752568324,3.93697254785076,"KNZ"
"KNZ_Biomass_1986-2021_processed.csv",1995,"b m p",43.25375,6.53405358487363,4,"all",34.5775,10.010689703179,4,0.223880753304796,0.0266596991889567,0.16327798133538,-0.0961440901125491,0.54390559672214,1.25092184223845,0.908333124816678,1.72272199773079,"KNZ"
"KNZ_Biomass_1986-2021_processed.csv",1995,"b u c",45.67375,10.2142134425515,4,"all",34.5775,10.010689703179,4,0.278320553104107,0.0334577361895065,0.182914559807322,-0.0801919841182445,0.636833090326459,1.3209095510086,0.922939139719815,1.89048439583507,"KNZ"
"KNZ_Biomass_1986-2021_processed.csv",1995,"b u n",124.37875,26.2940812018599,4,"all",34.5775,10.010689703179,4,1.28012816426127,0.0321275114969255,0.179241489329132,0.928814845176176,1.63144148334637,3.59710071578339,2.5315071711126,5.11123717409916,"KNZ"
"KNZ_Biomass_1986-2021_processed.csv",1995,"b u n+p",175.40625,34.0582063960607,4,"all",34.5775,10.010689703179,4,1.62390153062575,0.0303799320355689,0.174298399406216,1.28227666778956,1.96552639346193,5.07284361217555,3.60483740754153,7.13866935017755,"KNZ"
"KNZ_Biomass_1986-2021_processed.csv",1995,"b u p",43.265,9.77687833615618,4,"all",34.5775,10.010689703179,4,0.224140812541976,0.0337210279950086,0.183632861969226,-0.135779596917706,0.584061222001658,1.25124719832261,0.8730350308971,1.79330667831439,"KNZ"
"KNZ_Biomass_1986-2021_processed.csv",1995,"u m c",49.13375,4.07144400059733,4,"all",34.5775,10.010689703179,4,0.351342989860087,0.0226713017882108,0.150569923252324,0.0562259402855316,0.646460039434643,1.42097462222544,1.05783666465594,1.90877187799635,"KNZ"
"KNZ_Biomass_1986-2021_processed.csv",1995,"u m n",73.20125,27.5520000408319,4,"all",34.5775,10.010689703179,4,0.75000931580747,0.0563714665500036,0.237426760391502,0.284652865440127,1.21536576617481,2.11701973826911,1.3293005018756,3.37152702936422,"KNZ"
"KNZ_Biomass_1986-2021_processed.csv",1995,"u m n+p",71.71125,13.4290545553289,4,"all",34.5775,10.010689703179,4,0.729444457546431,0.0297217769798339,0.172400049245451,0.391540361025347,1.06734855406751,2.07392813245608,1.47925763065785,2.90765976760921,"KNZ"
"KNZ_Biomass_1986-2021_processed.csv",1995,"u m p",49.2425,9.51050077545867,4,"all",34.5775,10.010689703179,4,0.353553890240987,0.0302800512974909,0.174011641270034,0.0124910733517206,0.694616707130253,1.42411973103897,1.01256941264929,2.00294121370716,"KNZ"
"KNZ_Biomass_1986-2021_processed.csv",1995,"u u n",62.11375,38.6905450067154,4,"all",34.5775,10.010689703179,4,0.585764199982809,0.117955221733588,0.343446097275232,-0.0873901506766462,1.25891855064226,1.79636324199263,0.916319523202124,3.52161098336705,"KNZ"
"KNZ_Biomass_1986-2021_processed.csv",1995,"u u n+p",65.37875,23.345320507188,4,"all",34.5775,10.010689703179,4,0.636994100599933,0.0528308643561774,0.229849655984466,0.18648877487038,1.08749942632949,1.8907888077507,1.20501109560404,2.96684597225493,"KNZ"
"KNZ_Biomass_1986-2021_processed.csv",1995,"u u p",39.2875,7.16035671830205,4,"all",34.5775,10.010689703179,4,0.12770322060696,0.0292589224840914,0.171052396896657,-0.207559477310487,0.462965918524407,1.13621574723447,0.812564911160313,1.58877919355404,"KNZ"
"KNZ_Biomass_1986-2021_processed.csv",1996,"b m c",44.16625,13.4207658592943,4,"all",39.26,17.0004372492788,4,0.117754733903088,0.0699611097621065,0.264501625254187,-0.400668451595119,0.636177919401295,1.1249681609781,0.66987211925699,1.88924621108006,"KNZ"
"KNZ_Biomass_1986-2021_processed.csv",1996,"b m n",80.23,14.3233725078977,4,"all",39.26,17.0004372492788,4,0.71469132091725,0.054845118202711,0.234190346092043,0.255678242576845,1.17370439925765,2.04355578196638,1.29133716376962,3.23395032000585,"KNZ"
"KNZ_Biomass_1986-2021_processed.csv",1996,"b m n+p",96.08375,17.7155601920082,4,"all",39.26,17.0004372492788,4,0.895014018136784,0.0553756265618427,0.235320263814748,0.433786301059878,1.35624173521369,2.44737009679063,1.54308907637953,3.88157785726673,"KNZ"
"KNZ_Biomass_1986-2021_processed.csv",1996,"b m p",59.53,22.8984318968207,4,"all",39.26,17.0004372492788,4,0.416274198316984,0.0838665854137426,0.289597281433619,-0.151336473292909,0.983884869926877,1.51630157921549,0.859558431540696,2.67482744018959,"KNZ"
"KNZ_Biomass_1986-2021_processed.csv",1996,"b u c",44.8075,10.3078356118052,4,"all",39.26,17.0004372492788,4,0.1321693472753,0.060107394949246,0.245168095292283,-0.348360119497575,0.612698814048175,1.14130157921549,0.705844642021936,1.84540508940958,"KNZ"
"KNZ_Biomass_1986-2021_processed.csv",1996,"b u n",109.72125,20.5832898953658,4,"all",39.26,17.0004372492788,4,1.02773686979199,0.055675061287229,0.235955634150213,0.565263826857576,1.49020991272641,2.79473382577687,1.75991203353962,4.43802701958489,"KNZ"
"KNZ_Biomass_1986-2021_processed.csv",1996,"b u n+p",120.93,12.5034148668807,4,"all",39.26,17.0004372492788,4,1.12500567694887,0.0495495480314335,0.222597277681991,0.688715012692167,1.56129634120557,3.08023433520122,1.99115527938658,4.76499430153708,"KNZ"
"KNZ_Biomass_1986-2021_processed.csv",1996,"b u p",41.37875,8.11084497755937,4,"all",39.26,17.0004372492788,4,0.0525612751829469,0.0564824221403576,0.23766030829812,-0.413252929081369,0.518375479447263,1.05396714212939,0.661494950356992,1.67929737950215,"KNZ"
"KNZ_Biomass_1986-2021_processed.csv",1996,"u m c",41.38,4.39796354388407,4,"all",39.26,17.0004372492788,4,0.0525914834690818,0.0497009617893751,0.222937125193125,-0.384365281909443,0.489548248847607,1.0539989811513,0.680882667627693,1.63157898575768,"KNZ"
"KNZ_Biomass_1986-2021_processed.csv",1996,"u m n",77.07375,41.0511831691041,4,"all",39.26,17.0004372492788,4,0.674556566822876,0.117798554824333,0.343217940708718,0.00184940303378944,1.34726373061196,1.96316225165563,1.00185111423432,3.84688500273925,"KNZ"
"KNZ_Biomass_1986-2021_processed.csv",1996,"u m n+p",78.21875,8.76590590013376,4,"all",39.26,17.0004372492788,4,0.689303199783733,0.050016848935269,0.223644469941175,0.25096003869903,1.12764636086844,1.99232679572084,1.28525872269432,3.08837900950103,"KNZ"
"KNZ_Biomass_1986-2021_processed.csv",1996,"u m p",47.7075,5.64342906987114,4,"all",39.26,17.0004372492788,4,0.194882429390617,0.0503752434641489,0.224444299246269,-0.245028397132071,0.634793255913305,1.21516811003566,0.782682311993306,1.88663205111535,"KNZ"
"KNZ_Biomass_1986-2021_processed.csv",1996,"u u n",55.1,25.3631520780311,4,"all",39.26,17.0004372492788,4,0.338943527310554,0.0998485983576004,0.315988288323476,-0.28039351780346,0.958280572424567,1.40346408558329,0.755486385609144,2.60720970892675,"KNZ"
"KNZ_Biomass_1986-2021_processed.csv",1996,"u u n+p",74.89875,22.0708659303768,4,"all",39.26,17.0004372492788,4,0.645931012617039,0.0685854673694523,0.261888272684082,0.132629998156238,1.15923202707784,1.9077623535405,1.14182744190362,3.18748443417914,"KNZ"
"KNZ_Biomass_1986-2021_processed.csv",1996,"u u p",37.07875,25.6144094781954,4,"all",39.26,17.0004372492788,4,-0.057162159614247,0.166181947224811,0.407654200548469,-0.856164392689246,0.741840073460752,0.944440906775344,0.424788282633525,2.09979574027035,"KNZ"
"KNZ_Biomass_1986-2021_processed.csv",1997,"b m c",53.21125,11.020472898958,4,"all",34.34625,7.79958372286624,4,0.437776997754024,0.0236155417035446,0.153673490568623,0.136576956239524,0.738977039268525,1.54925938057284,1.146343092635,2.09379255103794,"KNZ"
"KNZ_Biomass_1986-2021_processed.csv",1997,"b m n",109.375,23.9599231356586,4,"all",34.34625,7.79958372286624,4,1.15828950227461,0.024889172846656,0.157763027502187,0.849073968370321,1.4675050361789,3.18448156640099,2.33748126779329,4.33839748214167,"KNZ"
"KNZ_Biomass_1986-2021_processed.csv",1997,"b m n+p",103.40875,38.1824273226572,4,"all",34.34625,7.79958372286624,4,1.10219673891483,0.0469762684456163,0.216740094227202,0.677386154229519,1.52700732360015,3.0107726462132,1.968725057351,4.60437677335331,"KNZ"
"KNZ_Biomass_1986-2021_processed.csv",1997,"b m p",49.20875,15.2126424260657,4,"all",34.34625,7.79958372286624,4,0.359578610810907,0.0367847844350786,0.191793598524765,-0.0163368422976322,0.735494063919445,1.43272555228009,0.983795880172255,2.0865126084863,"KNZ"
"KNZ_Biomass_1986-2021_processed.csv",1997,"b u c",41.65625,16.8880289825861,4,"all",34.34625,7.79958372286624,4,0.192958574975812,0.0539822537766744,0.23234081384181,-0.262429420154135,0.648346570105759,1.21283255086072,0.769180651104571,1.91237623348295,"KNZ"
"KNZ_Biomass_1986-2021_processed.csv",1997,"b u n",81.06125,17.7196991956222,4,"all",34.34625,7.79958372286624,4,0.858712199354138,0.0248382148804826,0.157601443142132,0.54981337079556,1.16761102791272,2.36011937256615,1.7329295724187,3.21430457499065,"KNZ"
"KNZ_Biomass_1986-2021_processed.csv",1997,"b u n+p",70.665,30.4167681276847,4,"all",34.34625,7.79958372286624,4,0.721457558416944,0.0592109284364017,0.243332957974052,0.244524960787803,1.19839015604609,2.05742985042035,1.2770145371154,3.31477635247795,"KNZ"
"KNZ_Biomass_1986-2021_processed.csv",1997,"b u p",29.7075,2.40600117761124,4,"all",34.34625,7.79958372286624,4,-0.145093303221125,0.0145319483955963,0.120548531287595,-0.381368424544812,0.0911818181025607,0.864941587509554,0.682926236477335,1.0954681630955,"KNZ"
"KNZ_Biomass_1986-2021_processed.csv",1997,"u m c",42.54875,5.48592042565937,4,"all",34.34625,7.79958372286624,4,0.214157634981405,0.0170480189955703,0.13056806269364,-0.0417557678981299,0.470071037860939,1.23881792044255,0.959103995954707,1.60010785741954,"KNZ"
"KNZ_Biomass_1986-2021_processed.csv",1997,"u m n",78.20625,31.0562171379044,4,"all",34.34625,7.79958372286624,4,0.822856725228058,0.0523155266360403,0.22872587662099,0.374554007050918,1.2711594434052,2.27699530516432,1.45434264339076,3.56498356374421,"KNZ"
"KNZ_Biomass_1986-2021_processed.csv",1997,"u m n+p",76.76125,12.1923202433608,4,"all",34.34625,7.79958372286624,4,0.804207113126927,0.0191992005513196,0.138561179813538,0.532627200692392,1.07578702556146,2.23492375441278,1.70340161306529,2.93229978751176,"KNZ"
"KNZ_Biomass_1986-2021_processed.csv",1997,"u m p",45.9,7.31490943211193,4,"all",34.34625,7.79958372286624,4,0.28997227466333,0.019241513880797,0.138713784033156,0.0180932579583439,0.561851291368315,1.33639043563708,1.01825793261788,1.753916507059,"KNZ"
"KNZ_Biomass_1986-2021_processed.csv",1997,"u u n",35.04125,9.67394298704859,4,"all",34.34625,7.79958372286624,4,0.0200330965447178,0.0319461912128221,0.178734974788993,-0.330287454041709,0.370353647131145,1.02023510572479,0.718717105598496,1.44824669239853,"KNZ"
"KNZ_Biomass_1986-2021_processed.csv",1997,"u u n+p",73.115,37.4684914294664,4,"all",34.34625,7.79958372286624,4,0.755540701660672,0.07854585363289,0.280260331893206,0.206230451149989,1.30485095217136,2.12876223750773,1.22903640421488,3.68713949261233,"KNZ"
"KNZ_Biomass_1986-2021_processed.csv",1997,"u u p",33.785,7.5074307633615,4,"all",34.34625,7.79958372286624,4,-0.0164759253990321,0.0252366537638551,0.158860485218493,-0.327842476427279,0.294890625629214,0.983659060304982,0.720476502799718,1.34297946311936,"KNZ"
"KNZ_Biomass_1986-2021_processed.csv",1998,"b m c",49.7375,15.8313446996773,4,"all",33.6025,11.130193544289,4,0.392158706789881,0.0527569104587918,0.229688725145123,-0.05803119449456,0.842348608074321,1.4801726062049,0.943620511212773,2.32181360846381,"KNZ"
"KNZ_Biomass_1986-2021_processed.csv",1998,"b m n",108.9425,19.1912907764607,4,"all",33.6025,11.130193544289,4,1.17621975114102,0.0351865831093441,0.187580870851332,0.808561244272411,1.54387825800963,3.24209508221115,2.24467612167519,4.68271588074508,"KNZ"
"KNZ_Biomass_1986-2021_processed.csv",1998,"b m n+p",110.31875,16.8295684114794,4,"all",33.6025,11.130193544289,4,1.18877343378329,0.0332466948885078,0.182336762306749,0.831393379662058,1.54615348790451,3.28305185626069,2.29651643123691,4.69338226554361,"KNZ"
"KNZ_Biomass_1986-2021_processed.csv",1998,"b m p",55.7575,8.68810921125343,4,"all",33.6025,11.130193544289,4,0.50641146147681,0.0334984468501327,0.183025809245944,0.14768087535476,0.86514204759886,1.65932594301019,1.1591429262577,2.3753434738509,"KNZ"
"KNZ_Biomass_1986-2021_processed.csv",1998,"b u c",42.425,7.22851068109238,4,"all",33.6025,11.130193544289,4,0.233137342157124,0.0346861284786576,0.18624212326608,-0.131897219444392,0.59817190375864,1.26255486942936,0.876431070522672,1.8187908347078,"KNZ"
"KNZ_Biomass_1986-2021_processed.csv",1998,"b u n",119.6525,22.0821090855622,4,"all",33.6025,11.130193544289,4,1.2699912394479,0.0359433737727345,0.189587377672498,0.898399979209806,1.641582499686,3.56082136745778,2.45567084173879,5.16333402483451,"KNZ"
"KNZ_Biomass_1986-2021_processed.csv",1998,"b u n+p",81.86875,9.67968351324911,4,"all",33.6025,11.130193544289,4,0.890516886200656,0.0309233424986644,0.175850341195758,0.545850217456971,1.23518355494434,2.43638866155792,1.72607529803986,3.4390097100103,"KNZ"
"KNZ_Biomass_1986-2021_processed.csv",1998,"b u p",42.6025,10.9154359357135,4,"all",33.6025,11.130193544289,4,0.237312468036244,0.0438401539057486,0.20938040477979,-0.173073125332143,0.647698061404632,1.26783721449297,0.841076108626018,1.91113644290665,"KNZ"
"KNZ_Biomass_1986-2021_processed.csv",1998,"u m c",48.44125,9.19384338837681,4,"all",33.6025,11.130193544289,4,0.365751254508515,0.0364339237027367,0.190876723836975,-0.00836712421195573,0.739869633228985,1.44159660739528,0.991667782747034,2.09566229195904,"KNZ"
"KNZ_Biomass_1986-2021_processed.csv",1998,"u m n",73.79,36.1082402875946,4,"all",33.6025,11.130193544289,4,0.786622752107109,0.087291396873425,0.29545117510923,0.207538448893018,1.3657070553212,2.19596756193736,1.23064503286967,3.91849266383199,"KNZ"
"KNZ_Biomass_1986-2021_processed.csv",1998,"u m n+p",69.15875,12.7290955262606,4,"all",33.6025,11.130193544289,4,0.721804117657354,0.0358976824971624,0.18946683746018,0.350449116235401,1.09315911907931,2.05814299531285,1.41970501800668,2.98368501585124,"KNZ"
"KNZ_Biomass_1986-2021_processed.csv",1998,"u m p",52.99625,4.79921065558355,4,"all",33.6025,11.130193544289,4,0.455620687368741,0.0294786804462242,0.1716935655353,0.119101298919554,0.792140075817929,1.57715199761922,1.1264840241234,2.20811691096104,"KNZ"
"KNZ_Biomass_1986-2021_processed.csv",1998,"u u n",52.23,27.7145331910895,4,"all",33.6025,11.130193544289,4,0.441056573485041,0.0978191819185742,0.312760582424599,-0.171954168067172,1.05406731503725,1.5543486347742,0.842017763585737,2.86929775464103,"KNZ"
"KNZ_Biomass_1986-2021_processed.csv",1998,"u u n+p",31.91,11.0234908264125,4,"all",33.6025,11.130193544289,4,-0.0516810286730141,0.0572634200295446,0.239297764363866,-0.520704646826192,0.417342589480164,0.949631723830072,0.594101768516096,1.51792244813027,"KNZ"
"KNZ_Biomass_1986-2021_processed.csv",1998,"u u p",30.955,5.94500350434436,4,"all",33.6025,11.130193544289,4,-0.0820659319919708,0.0366496105637452,0.19144088007462,-0.457290056938227,0.293158192954285,0.921211219403318,0.63299670834509,1.34065485580993,"KNZ"
"KNZ_Biomass_1986-2021_processed.csv",1999,"b m c",58.12375,8.83604867856668,4,"all",31.57375,11.6231029814188,4,0.610248279128883,0.0396567184651514,0.199139946934691,0.219933983136889,1.00056257512088,1.84088839621521,1.24599447122571,2.71981149642349,"KNZ"
"KNZ_Biomass_1986-2021_processed.csv",1999,"b m n",93.74,7.11732510615236,4,"all",31.57375,11.6231029814188,4,1.08819891332351,0.0353202969356652,0.187936949362453,0.719842492573103,1.45655533407392,2.9689219684073,2.0541096476376,4.29115245363308,"KNZ"
"KNZ_Biomass_1986-2021_processed.csv",1999,"b m n+p",120.41375,22.0110882568309,4,"all",31.57375,11.6231029814188,4,1.33860764984085,0.0422326448498126,0.205505826802581,0.935816229307792,1.74139907037391,3.81372975968962,2.5492934167627,5.70531998565001,"KNZ"
"KNZ_Biomass_1986-2021_processed.csv",1999,"b m p",55.9625,11.614692921755,4,"all",31.57375,11.6231029814188,4,0.572355744396034,0.0446477486165035,0.211300138704411,0.158207472535388,0.986504016256681,1.77243754701295,1.17140920473553,2.68184238723866,"KNZ"
"KNZ_Biomass_1986-2021_processed.csv",1999,"b u c",36.46375,6.6790148662309,4,"all",31.57375,11.6231029814188,4,0.143992537231549,0.0422667847973475,0.205588873233323,-0.258961654305765,0.546946728768863,1.15487548992438,0.771852619700797,1.72796899717086,"KNZ"
"KNZ_Biomass_1986-2021_processed.csv",1999,"b u n",111.51,34.6586482713911,4,"all",31.57375,11.6231029814188,4,1.26178819380622,0.0580301265455444,0.240894430291662,0.789635110434563,1.73394127717788,3.53173126410388,2.20259257655858,5.66292915657482,"KNZ"
"KNZ_Biomass_1986-2021_processed.csv",1999,"b u n+p",85.96,54.5617566005103,4,"all",31.57375,11.6231029814188,4,1.00155599260326,0.134600992479162,0.366880079152796,0.282471037463781,1.72064094774274,2.72251474721881,1.32640335853512,5.58810900253587,"KNZ"
"KNZ_Biomass_1986-2021_processed.csv",1999,"b u p",42.2825,7.76585099436415,4,"all",31.57375,11.6231029814188,4,0.29204720969501,0.0423123841558035,0.205699742721773,-0.111124286039664,0.695218705429685,1.33916623777663,0.894827527447967,2.00414734391942,"KNZ"
"KNZ_Biomass_1986-2021_processed.csv",1999,"u m c",41.19625,6.50988015122654,4,"all",31.57375,11.6231029814188,4,0.266021153624437,0.0401217722632955,0.20030419931518,-0.126575077033317,0.65861738428219,1.30476265885427,0.881107996085866,1.93211910855768,"KNZ"
"KNZ_Biomass_1986-2021_processed.csv",1999,"u m n",65.1825,18.4121791667001,4,"all",31.57375,11.6231029814188,4,0.724864948826538,0.0538265937928182,0.232005590003384,0.270133992419906,1.17959590523317,2.06445227443683,1.31013998780005,3.25305939297677,"KNZ"
"KNZ_Biomass_1986-2021_processed.csv",1999,"u m n+p",65.8075,4.54479280789198,4,"all",31.57375,11.6231029814188,4,0.734407734427712,0.0350714861760727,0.187273826724592,0.367351034047511,1.10146443480791,2.08424719901817,1.44390468987058,3.00856865213482,"KNZ"
"KNZ_Biomass_1986-2021_processed.csv",1999,"u m p",53.2125,8.2452718774661,4,"all",31.57375,11.6231029814188,4,0.521967251983221,0.0398814670600746,0.199703447792157,0.130548494310594,0.913386009655848,1.68533987885506,1.13945319555093,2.4927487310138,"KNZ"
"KNZ_Biomass_1986-2021_processed.csv",1999,"u u n",24.76375,16.4521657009039,4,"all",31.57375,11.6231029814188,4,-0.24294518886465,0.14422427086523,0.379768707064221,-0.987291854710524,0.501401476981223,0.784314501761748,0.372584338499556,1.65103353552396,"KNZ"
"KNZ_Biomass_1986-2021_processed.csv",1999,"u u n+p",32.38125,7.29881996741026,4,"all",31.57375,11.6231029814188,4,0.0252534724099119,0.0465806887848955,0.215825598076075,-0.397764699819195,0.448271644639019,1.02557504255909,0.671820088453696,1.56560392580843,"KNZ"
"KNZ_Biomass_1986-2021_processed.csv",1999,"u u p",27.45125,9.36347636208547,4,"all",31.57375,11.6231029814188,4,-0.139914374911684,0.0629655002773804,0.250929273456447,-0.63173575088632,0.351907001062953,0.869432677461499,0.531668156156835,1.421776293886,"KNZ"
"KNZ_Biomass_1986-2021_processed.csv",2000,"b m c",39.225,8.96927626214438,4,"all",30.24125,5.40400063995802,4,0.260107412183236,0.0210547000320869,0.145102377761658,-0.0242932482296137,0.544508072596086,1.29706940023974,0.975999457675435,1.72376020888912,"KNZ"
"KNZ_Biomass_1986-2021_processed.csv",2000,"b m n",80.69625,3.44641208360231,4,"all",30.24125,5.40400063995802,4,0.981485219358866,0.00843909833994668,0.0918645652030568,0.801430671560875,1.16153976715686,2.66841648410697,2.22872722533508,3.19484881402805,"KNZ"
"KNZ_Biomass_1986-2021_processed.csv",2000,"b m n+p",96.68,38.1032343334088,4,"all",30.24125,5.40400063995802,4,1.16219966939942,0.0468151534036811,0.21636809700989,0.738118199260038,1.58628113953881,3.19695779771008,2.09199509020176,4.88554643756529,"KNZ"
"KNZ_Biomass_1986-2021_processed.csv",2000,"b m p",40.50375,5.29279128469405,4,"all",30.24125,5.40400063995802,4,0.292187675982796,0.0122520257648409,0.110688869200299,0.07523749235021,0.509137859615383,1.3393543586988,1.07814017052503,1.66385609887061,"KNZ"
"KNZ_Biomass_1986-2021_processed.csv",2000,"b u c",33.8525,6.69655695115034,4,"all",30.24125,5.40400063995802,4,0.112805965438982,0.0177658609451603,0.133288637719651,-0.148439764491534,0.374051695369498,1.11941470673335,0.862051931743064,1.45361229353918,"KNZ"
"KNZ_Biomass_1986-2021_processed.csv",2000,"b u n",114.42,41.1441310111985,4,"all",30.24125,5.40400063995802,4,1.33066900240452,0.04030909098235,0.200771240426387,0.937157371168804,1.72418063364024,3.78357376100525,2.55271467456314,5.60792420226804,"KNZ"
"KNZ_Biomass_1986-2021_processed.csv",2000,"b u n+p",87.6275,24.5514386883267,4,"all",30.24125,5.40400063995802,4,1.06388798918237,0.0276082486544504,0.166157300936343,0.738219679347141,1.38955629901761,2.89761501260695,2.092207396818,4.01306905522597,"KNZ"
"KNZ_Biomass_1986-2021_processed.csv",2000,"b u p",43.22,7.74714140828732,4,"all",30.24125,5.40400063995802,4,0.35709646464288,0.0160156455579527,0.126552935793496,0.109052710487627,0.605140218798132,1.42917372793783,1.11522113264193,1.83150900287283,"KNZ"
"KNZ_Biomass_1986-2021_processed.csv",2000,"u m c",36.385,5.90739931498343,4,"all",30.24125,5.40400063995802,4,0.18494971536319,0.014573133144906,0.120719232705091,-0.0516599807387894,0.421559411465169,1.2031579382466,0.949651711826485,1.52433677140605,"KNZ"
"KNZ_Biomass_1986-2021_processed.csv",2000,"u m n",69.43625,23.9916017858333,4,"all",30.24125,5.40400063995802,4,0.831202179001774,0.0378290847784509,0.194497004548787,0.449988050086151,1.2124163079174,2.2960773777539,1.56829344440664,3.36159750168938,"KNZ"
"KNZ_Biomass_1986-2021_processed.csv",2000,"u m n+p",72.6175,7.53910306336238,4,"all",30.24125,5.40400063995802,4,0.875999053179726,0.0106777106984286,0.103333008755328,0.673466356019284,1.07853175034017,2.4012730955235,1.96102315720348,2.94035919877039,"KNZ"
"KNZ_Biomass_1986-2021_processed.csv",2000,"u m p",46.7125,6.51869810621722,4,"all",30.24125,5.40400063995802,4,0.434804908375742,0.0128515992470869,0.113364894244589,0.212609715656347,0.657000101095137,1.54466167899806,1.23690181361526,1.92899685027648,"KNZ"
"KNZ_Biomass_1986-2021_processed.csv",2000,"u u n",40.1,24.0165675454813,4,"all",30.24125,5.40400063995802,4,0.282169447876663,0.0976584575256834,0.312503532021133,-0.330337474884758,0.894676370638084,1.32600338941016,0.718681155662091,2.44654388789059,"KNZ"
"KNZ_Biomass_1986-2021_processed.csv",2000,"u u n+p",32.18125,13.2705402898048,4,"all",30.24125,5.40400063995802,4,0.0621770983764541,0.0504950819166285,0.22471110768413,-0.37825667268444,0.502610869437348,1.06415078741785,0.685054643283663,1.65303149093922,"KNZ"
"KNZ_Biomass_1986-2021_processed.csv",2000,"u u p",26.58125,8.7812815835731,4,"all",30.24125,5.40400063995802,4,-0.129000806416054,0.0352669052823924,0.187794848924012,-0.497078710307117,0.239077097475009,0.878973256727152,0.608305102045404,1.27007645249681,"KNZ"
"KNZ_Biomass_1986-2021_processed.csv",2001,"b m c",55.3825,9.68649790515988,4,"all",40.3675,6.94931471441609,4,0.316238653601054,0.0150566696432572,0.122705621889371,0.0757356346978876,0.556741672504221,1.37195763918994,1.07867737159089,1.74497751904777,"KNZ"
"KNZ_Biomass_1986-2021_processed.csv",2001,"b m n",109.73375,11.4149305553443,4,"all",40.3675,6.94931471441609,4,1.0000319714378,0.0101142533204378,0.100569644130015,0.802915468942968,1.19714847393263,2.71836873722673,2.23203889165298,3.31066300823243,"KNZ"
"KNZ_Biomass_1986-2021_processed.csv",2001,"b m n+p",112.4275,11.5923886667071,4,"all",40.3675,6.94931471441609,4,1.02428356368281,0.0100669244099271,0.100334064055669,0.827628798133702,1.22093832923192,2.78509939926921,2.28788726069941,3.39036752249693,"KNZ"
"KNZ_Biomass_1986-2021_processed.csv",2001,"b m p",50.56125,14.1012365740266,4,"all",40.3675,6.94931471441609,4,0.225160466860618,0.0268544973519788,0.163873418686432,-0.0960314337647896,0.546352367486025,1.25252368861089,0.908435460073319,1.72694226445631,"KNZ"
"KNZ_Biomass_1986-2021_processed.csv",2001,"b u c",40.1725,10.9132232482739,4,"all",40.3675,6.94931471441609,4,-0.00484232383986789,0.0258586714359882,0.160806316530129,-0.320022704238922,0.310338056559186,0.995169381309222,0.726132550599618,1.36388610685138,"KNZ"
"KNZ_Biomass_1986-2021_processed.csv",2001,"b u n",118.94875,16.9511933576961,4,"all",40.3675,6.94931471441609,4,1.08066772230305,0.0124861707722838,0.111741535573321,0.861654312579336,1.29968113202675,2.94664643587044,2.36707333564245,3.66812683294892,"KNZ"
"KNZ_Biomass_1986-2021_processed.csv",2001,"b u n+p",119.9375,17.1742988697258,4,"all",40.3675,6.94931471441609,4,1.08894576799428,0.0125351229659898,0.111960363370212,0.869503455788665,1.30838808019989,2.97114014987304,2.38572594096207,3.70020446968345,"KNZ"
"KNZ_Biomass_1986-2021_processed.csv",2001,"b u p",41.01625,5.60755795779232,4,"all",40.3675,6.94931471441609,4,0.0159433238715526,0.012081794733998,0.109917217641269,-0.199494422705334,0.231381070448439,1.01607109679817,0.819144789412048,1.26033942606123,"KNZ"
"KNZ_Biomass_1986-2021_processed.csv",2001,"u m c",47.06,11.4853297732368,4,"all",40.3675,6.94931471441609,4,0.153398377525577,0.0222999852436264,0.149331795822679,-0.139291942286874,0.446088697338029,1.16578931070787,0.86997400917881,1.56219002248537,"KNZ"
"KNZ_Biomass_1986-2021_processed.csv",2001,"u m n",75.4025,24.5329983559559,4,"all",40.3675,6.94931471441609,4,0.624815425189281,0.0338738821261903,0.184048586319456,0.264080196003146,0.985550654375415,1.86790115810987,1.30223262596519,2.67928683930966,"KNZ"
"KNZ_Biomass_1986-2021_processed.csv",2001,"u m n+p",90.475,9.51063352253676,4,"all",40.3675,6.94931471441609,4,0.807048563676167,0.0101715077555208,0.100853893110384,0.609374933179814,1.00472219417252,2.2412832105035,1.83928136564065,2.73114843847458,"KNZ"
"KNZ_Biomass_1986-2021_processed.csv",2001,"u m p",58.5575,6.68233305066427,4,"all",40.3675,6.94931471441609,4,0.371984171711289,0.010664612483169,0.103269610646932,0.169575734843302,0.574392608579276,1.45061002043723,1.18480207443478,1.77605144082547,"KNZ"
"KNZ_Biomass_1986-2021_processed.csv",2001,"u u n",62.00625,22.6204680083474,4,"all",40.3675,6.94931471441609,4,0.429210180642436,0.0406805010948655,0.201694077986602,0.0338897877886966,0.824530573496176,1.53604384715427,1.03447058915401,2.2808098413992,"KNZ"
"KNZ_Biomass_1986-2021_processed.csv",2001,"u u n+p",63.735,26.230217625225,4,"all",40.3675,6.94931471441609,4,0.456708856461246,0.049752615031977,0.22305294221771,0.0195250897145343,0.893892623207957,1.57886913977829,1.01971695094691,2.44462716661656,"KNZ"
"KNZ_Biomass_1986-2021_processed.csv",2001,"u u p",41.04875,11.9049705130532,4,"all",40.3675,6.94931471441609,4,0.0167353789912522,0.0284369539901233,0.168632600614838,-0.313784518213829,0.347255276196334,1.0168761999133,0.730676458665539,1.41517794050544,"KNZ"
"KNZ_Biomass_1986-2021_processed.csv",2002,"b m c",51.36125,10.9266771214613,4,"all",24.51375,7.27944866845468,4,0.73964981247886,0.0333601269265598,0.182647548372705,0.381660617668357,1.09763900728936,2.09520167253072,1.46471490241144,2.99708157631785,"KNZ"
"KNZ_Biomass_1986-2021_processed.csv",2002,"b m n",101.84125,13.4014572435239,4,"all",24.51375,7.27944866845468,4,1.42418104371645,0.02637446442858,0.162402168792723,1.10587279288271,1.74248929455019,4.1544541328846,3.0218607767423,5.71154345530387,"KNZ"
"KNZ_Biomass_1986-2021_processed.csv",2002,"b m n+p",78.47875,9.40357323485776,4,"all",24.51375,7.27944866845468,4,1.16359370289248,0.025634772910858,0.160108628470979,0.849780791089358,1.4774066146956,3.20141757177094,2.33913403669718,4.38156784008637,"KNZ"
"KNZ_Biomass_1986-2021_processed.csv",2002,"b m p",50.7625,15.3883855011932,4,"all",24.51375,7.27944866845468,4,0.727923708399504,0.045019559660275,0.212178131908722,0.312054569858409,1.1437928469406,2.0707766049666,1.3662292459318,3.1386502378321,"KNZ"
"KNZ_Biomass_1986-2021_processed.csv",2002,"b u c",30.9125,8.92739463673473,4,"all",24.51375,7.27944866845468,4,0.231926448234623,0.0428961021002108,0.20711374193957,-0.174016485966934,0.63786938243618,1.26102697465708,0.840283044665752,1.89244450534562,"KNZ"
"KNZ_Biomass_1986-2021_processed.csv",2002,"b u n",61.41375,18.9617950868758,4,"all",24.51375,7.27944866845468,4,0.918399566837138,0.0458777685811779,0.214190962884007,0.498585279584485,1.33821385408979,2.5052776502983,1.64639044018448,3.81222822478299,"KNZ"
"KNZ_Biomass_1986-2021_processed.csv",2002,"b u n+p",51.065,25.2062518699892,4,"all",24.51375,7.27944866845468,4,0.73386514641715,0.0829583589893249,0.288024927722107,0.169336288081821,1.29839400475248,2.08311661822447,1.18451841137752,3.66340852404018,"KNZ"
"KNZ_Biomass_1986-2021_processed.csv",2002,"b u p",34.71125,5.35379363162235,4,"all",24.51375,7.27944866845468,4,0.347829657288804,0.0279927142479009,0.167310233542067,0.0199015995463536,0.675757715031255,1.4159910254449,1.02010095669105,1.96552171722721,"KNZ"
"KNZ_Biomass_1986-2021_processed.csv",2002,"u m c",44.4425,3.72207491416638,4,"all",24.51375,7.27944866845468,4,0.594962034201791,0.023798904677481,0.154268936203893,0.29259491924216,0.897329149161423,1.81296211309979,1.33989991281235,2.45304264304073,"KNZ"
"KNZ_Biomass_1986-2021_processed.csv",2002,"u m n",77.0875,16.349347846321,4,"all",24.51375,7.27944866845468,4,1.1457069557047,0.0332907238071359,0.182457457526778,0.788090338952215,1.50332357245718,3.14466370914283,2.19919270105054,4.49660906880787,"KNZ"
"KNZ_Biomass_1986-2021_processed.csv",2002,"u m n+p",80.27625,9.28939123857604,4,"all",24.51375,7.27944866845468,4,1.18623962671449,0.025393026861713,0.159351896322927,0.873909909921555,1.49856934350743,3.27474376625363,2.39626172857937,4.47528189709674,"KNZ"
"KNZ_Biomass_1986-2021_processed.csv",2002,"u m p",58.69,7.75721921825083,4,"all",24.51375,7.27944866845468,4,0.873035169957331,0.0264127839580203,0.162520103242708,0.554495767601624,1.19157457231304,2.39416653918719,1.7410628631008,3.29226103137651,"KNZ"
"KNZ_Biomass_1986-2021_processed.csv",2002,"u u n",27.5075,28.987337609147,4,"all",24.51375,7.27944866845468,4,0.115224510149019,0.299667722287908,0.547419146804264,-0.957717017587338,1.18816603788538,1.12212533782061,0.383768022280021,3.28105834951577,"KNZ"
"KNZ_Biomass_1986-2021_processed.csv",2002,"u u n+p",66.5925,46.7854725493573,4,"all",24.51375,7.27944866845468,4,0.999357773979543,0.145444309159103,0.381371615565584,0.251869407470999,1.74684614048809,2.71653663760135,1.28642802842512,5.73648205758134,"KNZ"
"KNZ_Biomass_1986-2021_processed.csv",2002,"u u p",33.86125,8.48624904870619,4,"all",24.51375,7.27944866845468,4,0.323037108126561,0.0377477579947911,0.194287822559189,-0.0577670240894503,0.703841240342572,1.38131660802611,0.943869820754141,2.02150289124008,"KNZ"
"KNZ_Biomass_1986-2021_processed.csv",2003,"b m c",41.73625,4.84657503638738,4,"all",32.36,5.8783827140918,4,0.254446963544446,0.0116208988268475,0.107800272851452,0.0431584287556007,0.465735498333292,1.28974814585909,1.04410329773416,1.59318554338144,"KNZ"
"KNZ_Biomass_1986-2021_processed.csv",2003,"b m n",83.41,9.16930295424176,4,"all",32.36,5.8783827140918,4,0.94684511406323,0.011270888972554,0.106164443070898,0.738762805644269,1.15492742248219,2.57756489493201,2.09334403831626,3.17379306314586,"KNZ"
"KNZ_Biomass_1986-2021_processed.csv",2003,"b m n+p",81.62875,19.9727958212331,4,"all",32.36,5.8783827140918,4,0.925258436158056,0.023216595965994,0.15236993130534,0.62661337079959,1.22390350151652,2.52252008652658,1.87126256370429,3.4004354655254,"KNZ"
"KNZ_Biomass_1986-2021_processed.csv",2003,"b m p",36.88375,8.80850098389807,4,"all",32.36,5.8783827140918,4,0.130847982456909,0.0225082117331705,0.150027369946855,-0.163205662638927,0.424901627552746,1.13979449938195,0.849416477215171,1.52943995751129,"KNZ"
"KNZ_Biomass_1986-2021_processed.csv",2003,"b u c",28.97125,10.6049331091714,4,"all",32.36,5.8783827140918,4,-0.110619133255659,0.0417479054405894,0.204323041873866,-0.511092295328435,0.289854028817118,0.895279666254635,0.599840018394754,1.33623242236154,"KNZ"
"KNZ_Biomass_1986-2021_processed.csv",2003,"b u n",121.92,32.2570263663593,4,"all",32.36,5.8783827140918,4,1.32644199974805,0.0257497389237143,0.160467251873129,1.01192618607671,1.64095781341938,3.76761433868974,2.75089465009063,5.16010956822096,"KNZ"
"KNZ_Biomass_1986-2021_processed.csv",2003,"b u n+p",89.92625,32.9311436624461,4,"all",32.36,5.8783827140918,4,1.0220667977674,0.0417756275739264,0.204390869595308,0.621460693360598,1.42267290217421,2.77893232385661,1.86164534978859,4.1481933502813,"KNZ"
"KNZ_Biomass_1986-2021_processed.csv",2003,"b u p",47.6725,15.1116436895528,4,"all",32.36,5.8783827140918,4,0.387431619536354,0.0333701689106707,0.182675036364224,0.029388548262474,0.745474690810234,1.47319221260816,1.02982465332872,2.10744158073343,"KNZ"
"KNZ_Biomass_1986-2021_processed.csv",2003,"u m c",45.22125,10.2761377107355,4,"all",32.36,5.8783827140918,4,0.334644016913484,0.0211593676136567,0.145462598676281,0.0495373235079735,0.619750710318994,1.39744283065513,1.05078481045819,1.85846468802484,"KNZ"
"KNZ_Biomass_1986-2021_processed.csv",2003,"u m n",54.87375,9.94520435100925,4,"all",32.36,5.8783827140918,4,0.528111999902318,0.016461506273351,0.128302401666341,0.276639292636291,0.779584707168345,1.69572775030902,1.31869062381889,2.18056650379508,"KNZ"
"KNZ_Biomass_1986-2021_processed.csv",2003,"u m n+p",77.03375,12.6059161871189,4,"all",32.36,5.8783827140918,4,0.867320545321196,0.0149443430779459,0.122247057543099,0.627716312536722,1.10692477810567,2.38052379480841,1.87332759588268,3.0250414023175,"KNZ"
"KNZ_Biomass_1986-2021_processed.csv",2003,"u m p",58.04125,18.6811020262903,4,"all",32.36,5.8783827140918,4,0.584230872464905,0.0341480235364674,0.184791838392466,0.22203886921567,0.946422875714139,1.7936109394314,1.24861990979764,2.57647677792463,"KNZ"
"KNZ_Biomass_1986-2021_processed.csv",2003,"u u n",48.73375,20.9137149477721,4,"all",32.36,5.8783827140918,4,0.409448716352328,0.0542904948094645,0.233003207723552,-0.0472375707858335,0.866135003490489,1.50598733003708,0.953860761219728,2.37770325653408,"KNZ"
"KNZ_Biomass_1986-2021_processed.csv",2003,"u u n+p",81.63125,58.3819167743746,4,"all",32.36,5.8783827140918,4,0.925289062153403,0.136124170682838,0.368950092401178,0.202146881047094,1.64843124325971,2.52259734239802,1.22402778139059,5.19881774631301,"KNZ"
"KNZ_Biomass_1986-2021_processed.csv",2003,"u u p",31.87375,6.59578700762843,4,"all",32.36,5.8783827140918,4,-0.0151403051669304,0.0189552096752378,0.137677920071585,-0.284989028507237,0.254708418173376,0.984973733003708,0.752022505083593,1.29008540056846,"KNZ"
"KNZ_Biomass_1986-2021_processed.csv",2004,"b u c",59.41,9.95930553134437,4,"all",51.845,14.25566378672,4,0.136204064357409,0.0259272406561335,0.161019379753288,-0.179393919959036,0.451802048673853,1.14591571029029,0.835776605457381,1.57114090836688,"KNZ"
"KNZ_Biomass_1986-2021_processed.csv",2004,"b u n",103.56,14.0270910502974,4,"all",51.845,14.25566378672,4,0.691892656873096,0.0234883149693639,0.153258980061084,0.39150505595337,0.992280257792821,1.99749252579805,1.47920540628263,2.69737818268678,"KNZ"
"KNZ_Biomass_1986-2021_processed.csv",2004,"b u n+p",111.82875,22.3251194005766,4,"all",51.845,14.25566378672,4,0.768710185286977,0.0288654120291278,0.169898240217866,0.435709634459959,1.10171073611399,2.15698235123927,1.54605980707644,3.00930975778718,"KNZ"
"KNZ_Biomass_1986-2021_processed.csv",2004,"b u p",69.84625,29.4042186244877,4,"all",51.845,14.25566378672,4,0.29803789978055,0.0632087895953323,0.251413582758236,-0.194732722425592,0.790808521986692,1.34721284598322,0.823054612700725,2.20517864109482,"KNZ"
"KNZ_Biomass_1986-2021_processed.csv",2004,"u u n",41.65,37.1219546450166,4,"all",51.845,14.25566378672,4,-0.21895712939739,0.217498247754948,0.466367074046773,-1.13303659452906,0.695122335734285,0.803356157777992,0.322053823226442,2.00395421415643,"KNZ"
"KNZ_Biomass_1986-2021_processed.csv",2004,"u u n+p",72.915,16.6932686034421,4,"all",51.845,14.25566378672,4,0.341035881155287,0.032005263142922,0.178900148526831,-0.00960840995730078,0.691680172267875,1.40640370334651,0.990437603324237,1.99706813447718,"KNZ"
"KNZ_Biomass_1986-2021_processed.csv",2004,"u u p",46.44125,7.78263491691599,4,"all",51.845,14.25566378672,4,-0.110070425091457,0.0259224944803419,0.161004641176402,-0.425639521797204,0.20549867161429,0.895771048317099,0.653351818765449,1.22813734952068,"KNZ"
"KNZ_Biomass_1986-2021_processed.csv",2005,"b u c",36.93875,10.0354856841444,4,"all",21.75875,4.30319140290087,4,0.52924516005649,0.0282304578397474,0.168019218661876,0.199927491479212,0.858562828633767,1.69765037054059,1.22131419926357,2.35976686616303,"KNZ"
"KNZ_Biomass_1986-2021_processed.csv",2005,"b u n",73.34875,12.6313692679509,4,"all",21.75875,4.30319140290087,4,1.21520948737754,0.0171921257194565,0.131118746636233,0.958216743970525,1.47220223078456,3.37100017234446,2.60704330007254,4.35882371483059,"KNZ"
"KNZ_Biomass_1986-2021_processed.csv",2005,"b u n+p",93.38,38.5452753265559,4,"all",21.75875,4.30319140290087,4,1.45666121405801,0.0523746414649451,0.228855066504863,1.00810528370848,1.90521714440754,4.29160682484058,2.74040380521759,6.72086686785046,"KNZ"
"KNZ_Biomass_1986-2021_processed.csv",2005,"b u p",39.2775,5.29075372702227,4,"all",21.75875,4.30319140290087,4,0.590635860354834,0.014314227171327,0.119642079434148,0.356137384663903,0.825134336045764,1.80513586488194,1.42780369312039,2.28218732475875,"KNZ"
"KNZ_Biomass_1986-2021_processed.csv",2005,"u u n",34.16375,21.1943618190467,4,"all",21.75875,4.30319140290087,4,0.451149164928041,0.105994592853216,0.32556810785643,-0.186964326470562,1.08926265632664,1.57011547078761,0.829473326098732,2.97208181871441,"KNZ"
"KNZ_Biomass_1986-2021_processed.csv",2005,"u u n+p",36.4525,18.7171781616069,4,"all",21.75875,4.30319140290087,4,0.515994067723521,0.0756903243540222,0.275118745915327,-0.0232386742705194,1.05522680971756,1.6753030390073,0.97702926419572,2.87262661965144,"KNZ"
"KNZ_Biomass_1986-2021_processed.csv",2005,"u u p",27.60625,8.86954938257858,4,"all",21.75875,4.30319140290087,4,0.238026220877918,0.0355845282452459,0.18863861811741,-0.131705470632205,0.60775791238804,1.26874245992991,0.876599141252575,1.83630961277111,"KNZ"
"KNZ_Biomass_1986-2021_processed.csv",2006,"b u c",28.83,2.87107122865317,4,"all",21.28625,7.94902968397192,4,0.303355187291634,0.0373427699683478,0.193242774686009,-0.0754006510929447,0.682111025676212,1.35439544306771,0.927371859338134,1.97804904012483,"KNZ"
"KNZ_Biomass_1986-2021_processed.csv",2006,"b u n",80.66125,16.3506765277975,4,"all",21.28625,7.94902968397192,4,1.33219696211499,0.0451360434083014,0.212452449758296,0.915790160588729,1.74860376364125,3.78935932820483,2.49874888494869,5.74657349713946,"KNZ"
"KNZ_Biomass_1986-2021_processed.csv",2006,"b u n+p",56.18125,13.2631207834607,4,"all",21.28625,7.94902968397192,4,0.970521746980895,0.0487965444307053,0.220899398891679,0.537558925153203,1.40348456880859,2.63932115802455,1.71182306954968,4.06935523834747,"KNZ"
"KNZ_Biomass_1986-2021_processed.csv",2006,"b u p",41.775,5.21405792066026,4,"all",21.28625,7.94902968397192,4,0.67423675012278,0.0387579788331871,0.196870462063732,0.288370644477866,1.06010285576769,1.96253449997064,1.3342517455283,2.88666788444034,"KNZ"
"KNZ_Biomass_1986-2021_processed.csv",2006,"u u n",38.695,43.2374457694562,4,"all",21.28625,7.94902968397192,4,0.597649068363745,0.347004091802658,0.589070532111952,-0.556929174575681,1.75222731130317,1.81784015502966,0.572965843165448,5.76743425224396,"KNZ"
"KNZ_Biomass_1986-2021_processed.csv",2006,"u u n+p",35.7675,21.7064193654013,4,"all",21.28625,7.94902968397192,4,0.518978335499675,0.12693788273003,0.356283430333252,-0.1793371879535,1.21729385895285,1.68031005931059,0.835824022085396,3.37803391720641,"KNZ"
"KNZ_Biomass_1986-2021_processed.csv",2006,"u u p",24.21375,25.670706838405,4,"all",21.28625,7.94902968397192,4,0.128859329267972,0.315853861860226,0.56200877382851,-0.972677867435908,1.23039652597185,1.13753009571907,0.378069261965024,3.42258641165686,"KNZ"
"KNZ_Biomass_1986-2021_processed.csv",2007,"b u c",45.055,7.17005927451092,4,"all",20.59625,8.75837254193571,4,0.782774945297496,0.0515389003272099,0.227021805840782,0.337812205849563,1.22773768474543,2.18753413849609,1.40187721434354,3.4134983849685,"KNZ"
"KNZ_Biomass_1986-2021_processed.csv",2007,"b u n",83.7775,50.1700628695374,4,"all",20.59625,8.75837254193571,4,1.40305545462687,0.134862502035305,0.367236302719795,0.68327230129607,2.12283860795767,4.06760939491412,1.98034743452641,8.3548199175214,"KNZ"
"KNZ_Biomass_1986-2021_processed.csv",2007,"b u n+p",94.78375,21.5359762471235,4,"all",20.59625,8.75837254193571,4,1.52648896067639,0.0581137921041469,0.241068023811013,1.0539956340068,1.99898228734597,4.6019906536384,2.8690920877926,7.38153998830663,"KNZ"
"KNZ_Biomass_1986-2021_processed.csv",2007,"b u p",47.50125,5.5578778549011,4,"all",20.59625,8.75837254193571,4,0.83564700609431,0.048630039054357,0.220522196284993,0.403423501375724,1.2678705108129,2.30630575954361,1.49694071389353,3.55327783334132,"KNZ"
"KNZ_Biomass_1986-2021_processed.csv",2007,"u u n",23.335,16.31891897972,4,"all",20.59625,8.75837254193571,4,0.124845359012275,0.167473916664025,0.409235771486347,-0.677256753100965,0.926947471125514,1.13297323541907,0.508008675851851,2.5267843113575,"KNZ"
"KNZ_Biomass_1986-2021_processed.csv",2007,"u u n+p",41.33,38.2297392963471,4,"all",20.59625,8.75837254193571,4,0.696479608134137,0.259108038866725,0.509026560079849,-0.301212449622368,1.69417166589064,2.00667597256782,0.739920560203829,5.44213619063613,"KNZ"
"KNZ_Biomass_1986-2021_processed.csv",2007,"u u p",23.76,7.10418304005933,4,"all",20.59625,8.75837254193571,4,0.14289447410494,0.0675573954207032,0.259918055203372,-0.366544914093669,0.652333862303549,1.15360805971961,0.693125004702046,1.92001665849888,"KNZ"
"KNZ_Biomass_1986-2021_processed.csv",2008,"b u c",54.95625,10.323055406064,4,"all",21.07625,13.6314522184297,4,0.958390600035122,0.113398428486221,0.336746831441991,0.298366810408819,1.61841438966142,2.60749658976336,1.34765603148702,5.0450844330993,"KNZ"
"KNZ_Biomass_1986-2021_processed.csv",2008,"b u n",155.51375,34.6317006452662,4,"all",21.07625,13.6314522184297,4,1.99858733803732,0.116975291714015,0.342016507955413,1.32823498244472,2.66893969362993,7.3786252298203,3.77437566566652,14.4246665156809,"KNZ"
"KNZ_Biomass_1986-2021_processed.csv",2008,"b u n+p",168.77,39.3795909492891,4,"all",21.07625,13.6314522184297,4,2.08039002713834,0.118188395404669,0.343785391493979,1.40657065981014,2.75420939446654,8.00759148330467,4.08193303706384,15.7086166728537,"KNZ"
"KNZ_Biomass_1986-2021_processed.csv",2008,"b u p",52.53375,15.2039448691231,4,"all",21.07625,13.6314522184297,4,0.913309006086243,0.125517293124229,0.354284198242356,0.218911977531225,1.60770603464126,2.49255678785363,1.24472170838766,4.99134810521057,"KNZ"
"KNZ_Biomass_1986-2021_processed.csv",2008,"u u n",104.2225,125.122342096313,4,"all",21.07625,13.6314522184297,4,1.5983812228016,0.464896006830558,0.681832829094169,0.261988877777032,2.93477356782617,4.94502105450448,1.2995120888858,18.8172418237823,"KNZ"
"KNZ_Biomass_1986-2021_processed.csv",2008,"u u n+p",48.67625,31.2670653070714,4,"all",21.07625,13.6314522184297,4,0.837044417352626,0.207729899875506,0.455773956995686,-0.0562725383589192,1.73036137306417,2.30953087005516,0.945281475318796,5.64269265716739,"KNZ"
"KNZ_Biomass_1986-2021_processed.csv",2008,"u u p",39.7775,12.0515818463802,4,"all",21.07625,13.6314522184297,4,0.635154611689821,0.127525775618082,0.357107512687821,-0.0647761131783082,1.33508533655795,1.88731391969634,0.937277283920641,3.80032023883037,"KNZ"
"KNZ_Biomass_1986-2021_processed.csv",2009,"b u c",54.1525,14.3129553784907,4,"all",23.83375,10.2057486864022,4,0.820701497036479,0.0633047598755098,0.2516043717337,0.327556928438427,1.31384606563453,2.27209314522473,1.38757404147294,3.72045534600605,"KNZ"
"KNZ_Biomass_1986-2021_processed.csv",2009,"b u n",117.06875,46.4108362660776,4,"all",23.83375,10.2057486864022,4,1.59165872566555,0.0851313795560456,0.291772821825553,1.01978399488747,2.16353345644363,4.91188965227881,2.77259580440872,8.70183094044927,"KNZ"
"KNZ_Biomass_1986-2021_processed.csv",2009,"b u n+p",132.63875,43.6244989226237,4,"all",23.83375,10.2057486864022,4,1.71652662394124,0.0728833641014649,0.269969191022726,1.18738700953669,2.24566623834578,5.5651649446688,3.27850330740216,9.44670721894483,"KNZ"
"KNZ_Biomass_1986-2021_processed.csv",2009,"b u p",56.18625,16.1052928023678,4,"all",23.83375,10.2057486864022,4,0.857569421646809,0.066380831130533,0.257644777029407,0.352585658669171,1.36255318462445,2.35742382126187,1.4227415206744,3.90615371260031,"KNZ"
"KNZ_Biomass_1986-2021_processed.csv",2009,"u u n",18.2025,16.9774524492536,4,"all",23.83375,10.2057486864022,4,-0.269543696109788,0.263321868129224,0.513148972647538,-1.27531568249896,0.736228290279387,0.763727906854775,0.279342770677014,2.08804514358879,"KNZ"
"KNZ_Biomass_1986-2021_processed.csv",2009,"u u n+p",27.00125,22.4712577066053,4,"all",23.83375,10.2057486864022,4,0.124780517832468,0.218991847676637,0.467965647966426,-0.792432152181727,1.04199318784666,1.13289977447947,0.452742316914392,2.83486179900942,"KNZ"
"KNZ_Biomass_1986-2021_processed.csv",2009,"u u p",22.3625,9.27482479618887,4,"all",23.83375,10.2057486864022,4,-0.0637171945616798,0.0888442259971199,0.298067485642295,-0.647929466420578,0.520495077297219,0.938270309959616,0.52312780987818,1.68286058956934,"KNZ"
"KNZ_Biomass_1986-2021_processed.csv",2010,"b u c",61.94125,10.8975435878917,4,"all",17.4075,12.8319734127946,4,1.26928520732701,0.143586420113016,0.378927988030728,0.526586350786783,2.01198406386724,3.5583082004883,1.69314263725573,7.47813974502722,"KNZ"
"KNZ_Biomass_1986-2021_processed.csv",2010,"b u n",107.815,31.3362715820926,4,"all",17.4075,12.8319734127946,4,1.82351564752806,0.15696740962928,0.396191127650885,1.04698103733233,2.6000502577238,6.19359471492173,2.84903698543544,13.4644147088331,"KNZ"
"KNZ_Biomass_1986-2021_processed.csv",2010,"b u n+p",123.00125,30.8013969853641,4,"all",17.4075,12.8319734127946,4,1.95529337008784,0.151525224921794,0.389262411390818,1.19233904376184,2.71824769641384,7.06599167025707,3.29477883320817,15.1537450043427,"KNZ"
"KNZ_Biomass_1986-2021_processed.csv",2010,"b u p",56.045,13.0949691357661,4,"all",17.4075,12.8319734127946,4,1.16925379163849,0.149496462233802,0.386647723688892,0.411424253208266,1.92708333006872,3.21958925750395,1.50896540419122,6.86944509015482,"KNZ"
"KNZ_Biomass_1986-2021_processed.csv",2010,"u u n",28.385,33.2951930965017,4,"all",17.4075,12.8319734127946,4,0.488959688788125,0.479822006370042,0.69269185527913,-0.868716347558969,1.84663572513522,1.63061898606922,0.419489682740798,6.33845929262667,"KNZ"
"KNZ_Biomass_1986-2021_processed.csv",2010,"u u n+p",41.54625,23.9012542819409,4,"all",17.4075,12.8319734127946,4,0.869906116686291,0.218588689484492,0.467534693348517,-0.0464618822768031,1.78627411564938,2.3866867729427,0.954600947091145,5.96717798101634,"KNZ"
"KNZ_Biomass_1986-2021_processed.csv",2010,"u u p",18.98875,16.8881266846464,4,"all",17.4075,12.8319734127946,4,0.0869455507051706,0.333595407377864,0.5775771873766,-1.04510573655297,1.21899683796331,1.09083728278041,0.351654634663306,3.38379153922726,"KNZ"
"KNZ_Biomass_1986-2021_processed.csv",2011,"b u c",57.81,20.4325300277115,4,"all",16.5,11.1241831160764,4,1.25380139018785,0.144864480635851,0.380610668053132,0.507804480803712,1.99979829957199,3.50363636363636,1.66163902682962,7.3875658734475,"KNZ"
"KNZ_Biomass_1986-2021_processed.csv",2011,"b u n",97.38625,13.8236526618932,4,"all",16.5,11.1241831160764,4,1.77532464934526,0.118671235423629,0.34448691618642,1.10013029361988,2.45051900507064,5.90219696969697,3.00455747311352,11.5943626909559,"KNZ"
"KNZ_Biomass_1986-2021_processed.csv",2011,"b u n+p",102.6075,18.5673811203052,4,"all",16.5,11.1241831160764,4,1.82755064857371,0.121820236160734,0.349027557881515,1.14345663512594,2.51164466202148,6.21863636363636,3.13759516391415,12.3251841626687,"KNZ"
"KNZ_Biomass_1986-2021_processed.csv",2011,"b u p",41.455,11.7504170138766,4,"all",16.5,11.1241831160764,4,0.921248120661647,0.133719988309399,0.365677437517547,0.204520343127256,1.63797589819604,2.51242424242424,1.22693641531551,5.14474547753789,"KNZ"
"KNZ_Biomass_1986-2021_processed.csv",2011,"u u n",12.89625,14.8613415584417,4,"all",16.5,11.1241831160764,4,-0.246423809474086,0.445627194924749,0.667553140150467,-1.554827964169,1.06198034522083,0.781590909090909,0.211225717907306,2.89209266383761,"KNZ"
"KNZ_Biomass_1986-2021_processed.csv",2011,"u u n+p",34.775,39.7918622333763,4,"all",16.5,11.1241831160764,4,0.745538356902972,0.440970390528413,0.664056014601489,-0.556011431715946,2.04708814552189,2.10757575757576,0.573491919841517,7.74531500835884,"KNZ"
"KNZ_Biomass_1986-2021_processed.csv",2011,"u u p",16.77625,15.6909423845946,4,"all",16.5,11.1241831160764,4,0.0166038148233438,0.332333771432188,0.576483973265682,-1.11330477277739,1.14651240242408,1.01674242424242,0.328471641254153,3.14719758852635,"KNZ"
"KNZ_Biomass_1986-2021_processed.csv",2012,"b u c",34.52375,8.38285986900254,4,"all",11.3975,11.3128551509629,4,1.10825345988637,0.261040175897006,0.510920909629863,0.106848477011844,2.10965844276091,3.02906339109454,1.11276563213087,8.2454245191768,"KNZ"
"KNZ_Biomass_1986-2021_processed.csv",2012,"b u n",80.8375,26.975434967145,4,"all",11.3975,11.3128551509629,4,1.95904693366725,0.274139323404966,0.523583158060844,0.932823943867998,2.98526992346651,7.09256415880676,2.54167660471112,19.7918437985181,"KNZ"
"KNZ_Biomass_1986-2021_processed.csv",2012,"b u n+p",84.39875,21.8591164715472,4,"all",11.3975,11.3128551509629,4,2.00215855796024,0.263070485792961,0.512903973266889,0.996866770357134,3.00745034556334,7.40502303136653,2.70977815619226,20.2357399515394,"KNZ"
"KNZ_Biomass_1986-2021_processed.csv",2012,"b u p",32.67,7.67804337054695,4,"all",11.3975,11.3128551509629,4,1.05306319250752,0.260108865135626,0.510008691235381,0.0534461576861724,2.05268022732887,2.86641807413907,1.0549001919713,7.78874877290257,"KNZ"
"KNZ_Biomass_1986-2021_processed.csv",2012,"u u n",16.025,14.0683675906861,4,"all",11.3975,11.3128551509629,4,0.340755969701274,0.438978133769334,0.662554249680231,-0.957850359671979,1.63936229907453,1.406010089932,0.38371685326348,5.15188310384997,"KNZ"
"KNZ_Biomass_1986-2021_processed.csv",2012,"u u n+p",21.15125,23.3111773530067,4,"all",11.3975,11.3128551509629,4,0.61830497229524,0.549966606790907,0.741597334670849,-0.835225803659624,2.0718357482501,1.85577977626672,0.433776522047476,7.93938445940983,"KNZ"
"KNZ_Biomass_1986-2021_processed.csv",2012,"u u p",7.26625,9.12389479608352,4,"all",11.3975,11.3128551509629,4,-0.450153693072036,0.640467129444592,0.800291902648398,-2.0187258222629,1.11841843611882,0.637530160122834,0.132824599451174,3.06001077169183,"KNZ"
"KNZ_Biomass_1986-2021_processed.csv",2013,"b u c",46.14125,13.4560193315111,4,"all",12.09875,12.4100049523224,4,1.33860520235825,0.284290092595837,0.533188608839159,0.2935555290335,2.383654875683,3.81372042566381,1.34118765219652,10.8444656952405,"KNZ"
"KNZ_Biomass_1986-2021_processed.csv",2013,"b u n",92.79875,17.95811254698,4,"all",12.09875,12.4100049523224,4,2.03733102839269,0.272390746337147,0.521910668924431,1.0143861173008,3.06027593948457,7.6701105486104,2.75766999175522,21.3334430891999,"KNZ"
"KNZ_Biomass_1986-2021_processed.csv",2013,"b u n+p",118.45875,30.7240235470009,4,"all",12.09875,12.4100049523224,4,2.28146265722689,0.279846080962925,0.529004802400626,1.24461324452167,3.31831206993212,9.79099080483521,3.47159188248425,27.6137012026219,"KNZ"
"KNZ_Biomass_1986-2021_processed.csv",2013,"b u p",46.64375,13.039617437512,4,"all",12.09875,12.4100049523224,4,1.3494368004164,0.28256668397813,0.531570017945078,0.307559565244047,2.39131403558875,3.85525364190516,1.36010182088606,10.927844088717,"KNZ"
"KNZ_Biomass_1986-2021_processed.csv",2013,"u u n",58.08375,65.2961163182773,4,"all",12.09875,12.4100049523224,4,1.56878379306678,0.578969146622054,0.760900221199898,0.0774193595149792,3.06014822661858,4.80080586837483,1.08049509729659,21.3307187080145,"KNZ"
"KNZ_Biomass_1986-2021_processed.csv",2013,"u u n+p",29.595,23.3343227171192,4,"all",12.09875,12.4100049523224,4,0.894503286661527,0.418443844848792,0.646872355916368,-0.373366530934554,2.16237310425761,2.44612046699039,0.688412861986255,8.69173960777735,"KNZ"
"KNZ_Biomass_1986-2021_processed.csv",2013,"u u p",19.4625,18.615173246575,4,"all",12.09875,12.4100049523224,4,0.475387395678955,0.491734228295641,0.701237640387081,-0.899038379479723,1.84981317083763,1.60863725591487,0.406960813508931,6.3586314338359,"KNZ"
"KNZ_Biomass_1986-2021_processed.csv",2014,"b u c",44.76875,16.9734151812965,4,"all",7.095,5.83307951828763,4,1.84212004076862,0.204914227002476,0.452674526566799,0.954877968697692,2.72936211283954,6.30990133897111,2.59835348311246,15.3231094869574,"KNZ"
"KNZ_Biomass_1986-2021_processed.csv",2014,"b u n",85.02625,36.4196250609933,4,"all",7.095,5.83307951828763,4,2.48356972173155,0.214845807754037,0.463514625178146,1.57508105638239,3.39205838708072,11.9839675828048,4.83113319641983,29.7270791730901,"KNZ"
"KNZ_Biomass_1986-2021_processed.csv",2014,"b u n+p",93.92375,18.695579858619,4,"all",7.095,5.83307951828763,4,2.58309297226865,0.178883612265865,0.422946346793379,1.75411813255363,3.41206781198367,13.2380197322058,5.77834975586973,30.3278918435585,"KNZ"
"KNZ_Biomass_1986-2021_processed.csv",2014,"b u p",36.81,4.58280299962079,4,"all",7.095,5.83307951828763,4,1.64637923677892,0.172853317268068,0.415756319576826,0.831496850408345,2.4612616231495,5.18816067653277,2.29675406579981,11.7195879203321,"KNZ"
"KNZ_Biomass_1986-2021_processed.csv",2014,"u u n",11.92375,19.9003435376545,4,"all",7.095,5.83307951828763,4,0.519141898865275,0.865340916591798,0.93023702172715,-1.30412266371994,2.34240646145049,1.68058491895701,0.271410548942598,10.4062486916199,"KNZ"
"KNZ_Biomass_1986-2021_processed.csv",2014,"u u n+p",19.43125,24.2026366934817,4,"all",7.095,5.83307951828763,4,1.00749228421292,0.556828412783383,0.746209362567492,-0.455078066419364,2.47006263484521,2.73872445384073,0.634398440800326,11.8231873719658,"KNZ"
"KNZ_Biomass_1986-2021_processed.csv",2014,"u u p",7.9225,5.09967564328033,4,"all",7.095,5.83307951828763,4,0.110316501970933,0.272564220535342,0.52207683393859,-0.912954092548703,1.13358709649057,1.11663143058492,0.401336884841135,3.10678085883803,"KNZ"
"KNZ_Biomass_1986-2021_processed.csv",2015,"b u c",50.12,12.8284995225474,4,"all",7.045,5.63789411039264,4,1.96210198467722,0.176485891277957,0.420102239077534,1.13870159608526,2.78550237326919,7.11426543647977,3.12271119139546,16.2079582768182,"KNZ"
"KNZ_Biomass_1986-2021_processed.csv",2015,"b u n",149.22125,59.6581940970112,4,"all",7.045,5.63789411039264,4,3.05311195855082,0.2000669531617,0.447288445146641,2.1764266060634,3.92979731103823,21.181156848829,8.81475133424001,50.8966604323813,"KNZ"
"KNZ_Biomass_1986-2021_processed.csv",2015,"b u n+p",119.31375,41.0180300548836,4,"all",7.045,5.63789411039264,4,2.82943843276981,0.189654236605557,0.435493095933284,1.97587196474057,3.68300490079905,16.9359474804826,7.21290631253135,39.7657067253663,"KNZ"
"KNZ_Biomass_1986-2021_processed.csv",2015,"b u p",45.79625,12.3992912263833,4,"all",7.045,5.63789411039264,4,1.87188406468807,0.178433823752537,0.422414279768733,1.04395207634136,2.69981605303479,6.50053229240596,2.84042041975319,14.8769948951024,"KNZ"
"KNZ_Biomass_1986-2021_processed.csv",2015,"u u n",18.01375,19.4701525310752,4,"all",7.045,5.63789411039264,4,0.938817209819791,0.452166467525559,0.672433243917609,-0.379151948258723,2.2567863678983,2.5569552874379,0.684441605054505,9.55234207516649,"KNZ"
"KNZ_Biomass_1986-2021_processed.csv",2015,"u u n+p",16.6,12.2911207788387,4,"all",7.045,5.63789411039264,4,0.857084550011854,0.297166323756654,0.545129639403926,-0.21136954321984,1.92553864324355,2.35628105039035,0.809474875650708,6.85884214005473,"KNZ"
"KNZ_Biomass_1986-2021_processed.csv",2015,"u u p",15.495,14.7365209598467,4,"all",7.045,5.63789411039264,4,0.788199245889068,0.386231624353496,0.621475361018838,-0.429892461707855,2.00629095348599,2.19943222143364,0.650579053121924,7.43568682924369,"KNZ"
"KNZ_Biomass_1986-2021_processed.csv",2016,"b u c",55.7775,11.8857004421279,4,"all",11.12625,14.0060114325956,4,1.61206338097242,0.40751262461048,0.638367155021685,0.360863757129921,2.86326300481493,5.01314459049545,1.43456799790228,17.5185970424287,"KNZ"
"KNZ_Biomass_1986-2021_processed.csv",2016,"b u n",128.445,31.5496925500075,4,"all",11.12625,14.0060114325956,4,2.44619361585526,0.411243930711491,0.641283034791574,1.18927886766378,3.70310836404675,11.5443208628244,3.28471164132072,40.573224908795,"KNZ"
"KNZ_Biomass_1986-2021_processed.csv",2016,"b u n+p",105.2275,30.7532395312537,4,"all",11.12625,14.0060114325956,4,2.2468174916959,0.417513861853075,0.646153125700925,0.980357365322083,3.51327761806971,9.45758903493989,2.66540859635158,33.5580782909792,"KNZ"
"KNZ_Biomass_1986-2021_processed.csv",2016,"b u p",65.31625,14.5468939267689,4,"all",11.12625,14.0060114325956,4,1.76993367548782,0.408561115962732,0.639187856551368,0.517125476647137,3.0227418743285,5.8704639928098,1.677199564486,20.547553326749,"KNZ"
"KNZ_Biomass_1986-2021_processed.csv",2016,"u u n",21.685,26.7992596290768,4,"all",11.12625,14.0060114325956,4,0.667313595996325,0.777987747308796,0.882036137189852,-1.06147723289579,2.39610442488844,1.94899449500056,0.345944392244913,10.980318301715,"KNZ"
"KNZ_Biomass_1986-2021_processed.csv",2016,"u u n+p",29.875,55.4922981142428,4,"all",11.12625,14.0060114325956,4,0.98771482896067,1.25872121962336,1.12192745738009,-1.21126298750431,3.18669264542565,2.68509156274576,0.297820897724876,24.2082296957843,"KNZ"
"KNZ_Biomass_1986-2021_processed.csv",2016,"u u p",6.9675,9.39061987659317,4,"all",11.12625,14.0060114325956,4,-0.468050700917038,0.850284775263342,0.922108873866498,-2.27538409369537,1.3392826918613,0.626221772834513,0.102757432372591,3.81630505665107,"KNZ"
"KNZ_Biomass_1986-2021_processed.csv",2017,"b u c",41.71,10.1098574009066,4,"all",7.585,7.86832786132691,4,1.70456829540836,0.283713239114702,0.532647387222262,0.660579416452725,2.74855717436399,5.49901120632828,1.93591370975348,15.6200785680549,"KNZ"
"KNZ_Biomass_1986-2021_processed.csv",2018,"b u c",36.445,15.1579995381976,4,"all",5.5525,6.37075937388943,4,1.88155599804773,0.372359375083256,0.610212565491121,0.685539369685134,3.07757262641033,6.56371004052229,1.98484211053847,21.7056506748364,"KNZ"
"KNZ_Biomass_1986-2021_processed.csv",2019,"b u c",52.645,3.4109993648001,4,"all",6.71,9.51858620454389,4,2.05997231632513,0.504132772060255,0.710023078540588,0.668327082385579,3.45161755026469,7.84575260804769,1.9509707756916,31.5513870087911,"KNZ"
"KNZ_Biomass_1986-2021_processed.csv",2020,"b u c",59.96,15.5455979835665,4,"all",4.095,4.75059996211005,4,2.68391095592936,0.353261384808048,0.594357960162096,1.51896935401166,3.84885255784707,14.6422466422466,4.56751527713295,46.9391723341887,"KNZ"
"KNZ_Biomass_1986-2021_processed.csv",2021,"b u c",38.7975,11.3641164050122,4,"all",1.51875,1.95079631176604,4,3.24046818345692,0.433917809552726,0.658724380566505,1.94936839754657,4.53156796936727,25.5456790123457,7.02424964592175,92.9041177488167,"KNZ"
"LUQ_GHG_fluxes_2003-2010.csv",2005,"No trim + debris",21.32662,5.71343272706231,25,"all",17.71796,4.81847528166328,25,0.185377243270919,0.00582921327835801,0.0763492847272194,0.0357326452055688,0.335021841336269,1.20367243181495,1.03637872862623,1.39797091844195,"LUQ"
"LUQ_GHG_fluxes_2003-2010.csv",2005,"Trim & clear",15.3605138888889,3.74642242451255,24,"all",17.71796,4.81847528166328,25,-0.142778630928395,0.0054369900976574,0.0737359484760141,-0.287301089941383,0.00174382808459231,0.866945962677921,0.750285791320089,1.00174534943698,"LUQ"
"LUQ_GHG_fluxes_2003-2010.csv",2005,"Trim + debris",17.5948533333333,4.91317246912714,25,"all",17.71796,4.81847528166328,25,-0.00697237935876593,0.00607734634693945,0.0779573367101484,-0.159768759310657,0.145824000593125,0.993051871283903,0.852340862068173,1.15699254012954,"LUQ"
"LUQ_GHG_fluxes_2003-2010.csv",2006,"No trim + debris",19.3027083333333,4.58396259080815,36,"all",18.2581388888889,5.25423314591076,36,0.0556344670883022,0.00386694490526,0.0621847642534729,-0.0662476708485047,0.177516605025109,1.05721116762235,0.935899040675309,1.19424788825399,"LUQ"
"LUQ_GHG_fluxes_2003-2010.csv",2006,"Trim & clear",15.2311111111111,3.23324160228248,36,"all",18.2581388888889,5.25423314591076,36,-0.181270827459261,0.00355212892660149,0.0595997393165565,-0.298086316519712,-0.0644553383988105,0.834209401286793,0.742237269644744,0.937577987061132,"LUQ"
"LUQ_GHG_fluxes_2003-2010.csv",2006,"Trim + debris",15.4785138888889,3.51893324437578,36,"all",18.2581388888889,5.25423314591076,36,-0.165158085586118,0.0037360901609208,0.061123564694157,-0.284960272386666,-0.0453558987855706,0.847759674909059,0.752044130644353,0.955657304028331,"LUQ"
"LUQ_GHG_fluxes_2003-2010.csv",2007,"No trim + debris",12.5437037037037,4.13084962860483,36,"all",11.3013842592593,3.55004775841326,36,0.104293623734662,0.00575344307107366,0.0758514539812762,-0.0443752260686395,0.252962473537963,1.10992630778186,0.956594950760266,1.28783494803854,"LUQ"
"LUQ_GHG_fluxes_2003-2010.csv",2007,"Trim & clear",11.2307777777778,3.67732655197241,36,"all",11.3013842592593,3.55004775841326,36,-0.00626719375356785,0.00571907965593754,0.0756245968976862,-0.154491403673033,0.141957016165897,0.99375240414256,0.856850857880574,1.15252710743829,"LUQ"
"LUQ_GHG_fluxes_2003-2010.csv",2007,"Trim + debris",12.5231712962963,5.26851767208662,36,"all",11.3013842592593,3.55004775841326,36,0.102655412988459,0.00765734278038168,0.0875062442365211,-0.0688568257151227,0.27416765169204,1.10810950313773,0.93346031802471,1.31543531871018,"LUQ"
"LUQ_GHG_fluxes_2003-2010.csv",2008,"No trim + debris",15.6831,13.1485278525102,35,"all",12.9980049019608,4.18368230575615,34,0.187787822859005,0.0231298021781685,0.152084851902379,-0.110298486869657,0.485874132587668,1.20657748002804,0.895566780472689,1.62559537385076,"LUQ"
"LUQ_GHG_fluxes_2003-2010.csv",2008,"Trim & clear",14.2539362745098,15.6922902095337,34,"all",12.9980049019608,4.18368230575615,34,0.0922372217563844,0.038694181682494,0.19670836708817,-0.293311177736428,0.477785621249197,1.09662493452049,0.745790031331661,1.61249976064279,"LUQ"
"LUQ_GHG_fluxes_2003-2010.csv",2008,"Trim + debris",12.418887254902,3.92371774133551,34,"all",12.9980049019608,4.18368230575615,34,-0.0455773971154354,0.0059830560416645,0.0773502168171784,-0.197183822077105,0.106029027846234,0.95544565097283,0.821039694218137,1.11185415076943,"LUQ"
"LUQ_GHG_fluxes_2003-2010.csv",2009,"No trim + debris",11.7652626262626,3.90744672646877,33,"all",11.6326868686869,3.22835388017187,33,0.0113323756351512,0.00567641323348154,0.0753419752427658,-0.13633789584067,0.159002647110972,1.01139683024845,0.872547752415823,1.17234104999347,"LUQ"
"LUQ_GHG_fluxes_2003-2010.csv",2009,"Trim & clear",10.605494949495,3.10950116117165,33,"all",11.6326868686869,3.22835388017187,33,-0.0924467107079106,0.00493891967506164,0.0702774478411221,-0.23019050847651,0.0452970870606887,0.911697793399998,0.794382251534464,1.04633866741717,"LUQ"
"LUQ_GHG_fluxes_2003-2010.csv",2009,"Trim + debris",11.2916515151515,3.21316113694143,33,"all",11.6326868686869,3.22835388017187,33,-0.0297553202700289,0.00478771520998865,0.0691933176686062,-0.165374222900497,0.105863582360439,0.970683010951377,0.847576462209949,1.11167021473543,"LUQ"
"MCM_CO2flux_2003-2010_processed.csv",2003,"C",0.111325,0.0547100463047388,4,"all",0.0999,0.048863619732203,4,0.108284165553258,0.12019029151927,0.346684714862467,-0.571217875577177,0.787786206683694,1.11436436436436,0.564837118308847,2.19852395728389,"MCM"
"MCM_CO2flux_2003-2010_processed.csv",2003,"CN",0.125525,0.0529866256710125,4,"all",0.0999,0.048863619732203,4,0.228335256266261,0.104357240218336,0.323043712550385,-0.404830420332493,0.861500932865016,1.25650650650651,0.667089926155051,2.36671030245212,"MCM"
"MCM_CO2flux_2003-2010_processed.csv",2003,"CP",0.04975,0.0625113589677908,4,"all",0.0999,0.048863619732203,4,-0.697159222049906,0.454515069450081,0.674177327896809,-2.01854678472765,0.624228340627839,0.497997997997998,0.132848382169016,1.8668048640178,"MCM"
"MCM_CO2flux_2003-2010_processed.csv",2003,"N",0.061975,0.0177678314189811,4,"all",0.0999,0.048863619732203,4,-0.477438607733254,0.0803591901113273,0.283476965750883,-1.03305346060498,0.0781762451384771,0.62037037037037,0.355918516485596,1.08131321807486,"MCM"
"MCM_CO2flux_2003-2010_processed.csv",2003,"P",0.0768,0.0473337793406217,4,"all",0.0999,0.048863619732203,4,-0.262965045500881,0.154775099324204,0.393414665873305,-1.03405779061256,0.508127699610796,0.768768768768769,0.355561236282884,1.66217618661908,"MCM"
"MCM_CO2flux_2003-2010_processed.csv",2007,"C",0.32725,0.0745760238503859,4,"all",0.2325,0.12171140729885,4,0.341834179762598,0.0814935473690713,0.285470746958548,-0.217688484276155,0.901356843801352,1.40752688172043,0.804375978406623,2.462942673512,"MCM"
"MCM_CO2flux_2003-2010_processed.csv",2007,"CN",0.2785,0.160169701670863,4,"all",0.2325,0.12171140729885,4,0.180527834339928,0.151199920738987,0.388844339985792,-0.581607072032225,0.942662740712081,1.19784946236559,0.558999292191748,2.56680706850941,"MCM"
"MCM_CO2flux_2003-2010_processed.csv",2007,"CP",0.29625,0.046628853728137,4,"all",0.2325,0.12171140729885,4,0.24231346742193,0.074703877001389,0.273320099885444,-0.29339392835354,0.7780208631974,1.2741935483871,0.745728319299722,2.17715910303087,"MCM"
"MCM_CO2flux_2003-2010_processed.csv",2007,"N",0.34875,0.101601755234182,4,"all",0.2325,0.12171140729885,4,0.405465108108165,0.0897288918008076,0.299547812211686,-0.18164860382674,0.99257882004307,1.5,0.833894316209053,2.69818363822009,"MCM"
"MCM_CO2flux_2003-2010_processed.csv",2007,"P",0.252,0.142644079208824,4,"all",0.2325,0.12171140729885,4,0.0805388624840124,0.148612990814959,0.385503554866825,-0.675048105054964,0.836125830022989,1.08387096774194,0.50913192819906,2.3074103383564,"MCM"
"MCM_CO2flux_2003-2010_processed.csv",2008,"C",0.22875,0.107571681527559,16,"all",0.14375,0.0541448674083395,16,0.464554024478171,0.0226884985492043,0.15062701799214,0.169325069213577,0.759782979742764,1.59130434782609,1.18450512249607,2.13781222159181,"MCM"
"MCM_CO2flux_2003-2010_processed.csv",2008,"CN",0.270625,0.123151329672075,16,"all",0.14375,0.0541448674083395,16,0.632658419079295,0.0218096707058904,0.147680976113684,0.343203705896475,0.922113132262115,1.88260869565217,1.40945584715187,2.51459845876484,"MCM"
"MCM_CO2flux_2003-2010_processed.csv",2008,"CP",0.23,0.125219806739988,16,"all",0.14375,0.0541448674083395,16,0.470003629245736,0.0273925645872716,0.165506992563068,0.145609923822122,0.79439733466935,1.6,1.15674488141241,2.21310683205633,"MCM"
"MCM_CO2flux_2003-2010_processed.csv",2008,"N",0.15375,0.0727438428093173,16,"all",0.14375,0.0541448674083395,16,0.0672522270091675,0.0228578350529075,0.151188078408675,-0.229076406671835,0.36358086069017,1.0695652173913,0.79526776742033,1.43847116797414,"MCM"
"MCM_CO2flux_2003-2010_processed.csv",2008,"P",0.17625,0.0677126280689208,16,"all",0.14375,0.0541448674083395,16,0.203827762014918,0.0180919328226007,0.134506255700621,-0.059804499158298,0.467460023188135,1.22608695652174,0.941948667341815,1.59593540186753,"MCM"
"MCM_CO2flux_2003-2010_processed.csv",2009,"C",0.175,0.094112394811432,8,"all",0.10875,0.138815139149672,8,0.475734303954721,0.239820704908429,0.489714922080621,-0.484106943323296,1.43557555123274,1.60919540229885,0.616247294854509,4.20206281536883,"MCM"
"MCM_CO2flux_2003-2010_processed.csv",2009,"CN",0.17875,0.060812945050493,8,"all",0.10875,0.138815139149672,8,0.496936511605323,0.218137150842971,0.467051550519823,-0.418484527413529,1.41235755062418,1.64367816091954,0.658043311145445,4.10562321799317,"MCM"
"MCM_CO2flux_2003-2010_processed.csv",2009,"CP",0.18625,0.0817552969013542,8,"all",0.10875,0.138815139149672,8,0.538038187290875,0.227754245579711,0.477236048072347,-0.397344466930924,1.47342084151268,1.71264367816092,0.672102468678438,4.36413866193952,"MCM"
"MCM_CO2flux_2003-2010_processed.csv",2009,"N",0.11375,0.123165104056071,8,"all",0.10875,0.138815139149672,8,0.0449513878622665,0.350217999921108,0.591792193190404,-1.11496131079092,1.20486408651546,1.04597701149425,0.327927965927797,3.33630559833174,"MCM"
"MCM_CO2flux_2003-2010_processed.csv",2009,"P",0.13125,0.120289828568931,8,"all",0.10875,0.138815139149672,8,0.18805223150294,0.308664242323395,0.555575595507393,-0.900875935691551,1.27698039869743,1.20689655172414,0.406213686791997,3.5857956881435,"MCM"
"MCM_CO2flux_2003-2010_processed.csv",2010,"C",0.301875,0.120799050965998,8,"all",0.204375,0.0755190373349661,8,0.390056482755319,0.0370836519309455,0.192571160693769,0.0126170077955318,0.767495957715107,1.47706422018349,1.01269693804484,2.15436487322494,"MCM"
"MCM_CO2flux_2003-2010_processed.csv",2010,"CN",0.59,0.358917021846873,8,"all",0.204375,0.0755190373349661,8,1.06016599524825,0.0633261719732815,0.251646919260462,0.566938033497742,1.55339395699875,2.8868501529052,1.76286095781778,4.72748787609728,"MCM"
"MCM_CO2flux_2003-2010_processed.csv",2010,"CP",0.21975,0.0866796235735778,8,"all",0.204375,0.0755190373349661,8,0.0725339949137685,0.0365159073665758,0.191091358691532,-0.302005068121635,0.447073057949172,1.07522935779817,0.739334317843785,1.56372853791339,"MCM"
"MCM_CO2flux_2003-2010_processed.csv",2010,"N",0.214375,0.111337245083831,8,"all",0.204375,0.0755190373349661,8,0.0477702762686866,0.050783914969533,0.225352867675415,-0.393921344375126,0.4894618969125,1.04892966360856,0.674407100066194,1.63143810183787,"MCM"
"MCM_CO2flux_2003-2010_processed.csv",2010,"P",0.204375,0.0627032409734252,8,"all",0.204375,0.0755190373349661,8,0,0.0288335517693316,0.169804451559232,-0.332816725056095,0.332816725056095,1,0.716901572211611,1.3948916263568,"MCM"
"NTL_NutrientAddition1.csv",2013,"added",7.86606337290909,5.66909254687681,2,"all",2.38892976387879,0,1,1.19171226242629,0.259706139186909,0.509613715658154,0.192869379736312,2.19055514511627,3.29271437438049,1.21272437679525,8.94017483173131,"NTL"
"NTL_NutrientAddition1.csv",2014,"added",8.75252449628889,4.2003129954748,2,"all",2.13500942450833,0,1,1.41087111165853,0.115150715936641,0.339338644920735,0.745767367613889,2.07597485570317,4.09952499310606,2.10805847026939,7.97231452833166,"NTL"
"NTL_NutrientAddition1.csv",2015,"added",12.5351709907826,6.76306715755785,2,"all",2.15404458608612,0,1,1.76119109486054,0.145544862238864,0.381503423626662,1.01344438455228,2.5089378051688,5.81936468342046,2.75507422606499,12.2918667665117,"NTL"
"NTL_NutrientAddition1.csv",2019,"added",10.2597111187332,0,1,"all",4.01152326458456,0,1,0.939053647609932,0,0,0.939053647609932,0.939053647609932,2.5575599197717,2.5575599197717,2.5575599197717,"NTL"
"NWT_AbovegroundBiomass_2006-2019_gm2_processed.csv",2007,"N",221.291666666667,54.0772499146668,3,"all",252.166666666667,85.2635925136475,3,-0.130608654485847,0.0580149881090625,0.240863006933532,-0.60270014807557,0.341482839103875,0.877561136814276,0.547331762249356,1.4070324471612,"NWT"
"NWT_AbovegroundBiomass_2006-2019_gm2_processed.csv",2008,"N",294.083333333333,45.6440599457732,3,"all",293.291666666667,49.5662960925399,3,0.00269561062708355,0.0175501669544436,0.13247704312236,-0.256959393892742,0.262350615146909,1.00269924705214,0.773399617875682,1.29998225600434,"NWT"
"NWT_AbovegroundBiomass_2006-2019_gm2_processed.csv",2009,"N",300.916666666667,22.8754553688737,3,"all",314.333333333333,70.2821693840858,3,-0.0436206224758903,0.0185906507342145,0.136347536590195,-0.310861794192672,0.223620549240891,0.957317073170732,0.732815148180137,1.25059638963535,"NWT"
"NWT_AbovegroundBiomass_2006-2019_gm2_processed.csv",2010,"N",277.333333333333,105.512168532039,3,"all",260.166666666667,54.5682390070757,3,0.0638977008657217,0.0629121394730511,0.250822924536517,-0.427715231225851,0.555510632957294,1.06598334401025,0.651997056767564,1.74283070439131,"NWT"
"NWT_AbovegroundBiomass_2006-2019_gm2_processed.csv",2011,"N",206.208333333333,76.5100415522913,3,"all",164.791666666667,35.1146188692592,3,0.224204934750132,0.0610234905720625,0.247029331400266,-0.25997255479439,0.708382424294653,1.25132743362832,0.771072747763271,2.03070378338875,"NWT"
"NWT_AbovegroundBiomass_2006-2019_gm2_processed.csv",2012,"N",147.625,18.2294404741341,3,"all",151.875,43.7064068530004,3,-0.0283825395772866,0.0326883781353046,0.180799275815211,-0.382749120175099,0.325984041020526,0.97201646090535,0.681983973845459,1.38539325923377,"NWT"
"NWT_AbovegroundBiomass_2006-2019_gm2_processed.csv",2013,"N",179.5,49.3768986976703,3,"all",216.583333333333,57.3176910589857,3,-0.187800176925156,0.0485686961153005,0.22038306676172,-0.619750987778127,0.244150633927814,0.828780300115429,0.538078409013892,1.27653660573042,"NWT"
"NWT_AbovegroundBiomass_2006-2019_gm2_processed.csv",2014,"N",386.25,85.8752729253305,3,"all",345.416666666667,143.102472754084,3,0.11173341043056,0.0736889050734996,0.271457004097333,-0.420322317600213,0.643789138461334,1.11821471652593,0.656835076187048,1.90368053958662,"NWT"
"NWT_AbovegroundBiomass_2006-2019_gm2_processed.csv",2015,"N",289.458333333333,14.7544131815987,3,"all",325.333333333333,110.381181404863,3,-0.116838937400048,0.0392378229210748,0.198085393002803,-0.505086307685541,0.271408432885446,0.889728483606557,0.603453490505311,1.31181074763185,"NWT"
"NWT_AbovegroundBiomass_2006-2019_gm2_processed.csv",2016,"N",257.666666666667,9.1867204884732,3,"all",294.458333333333,62.0753490391583,3,-0.133470750423596,0.0152376234473684,0.123440768984029,-0.375414657632293,0.1084731567851,0.875053063534739,0.687004348124349,1.11457498936082,"NWT"
"NWT_AbovegroundBiomass_2006-2019_gm2_processed.csv",2017,"N",326.041666666667,58.6314406554481,3,"all",290.916666666667,46.7617520879333,3,0.113988327743373,0.0193917552903407,0.139254282843799,-0.158950066630473,0.386926722117218,1.12073904325408,0.853038953014953,1.47244858940464,"NWT"
"NWT_AbovegroundBiomass_2006-2019_gm2_processed.csv",2019,"N",234.333333333333,80.9476425433955,3,"all",266.208333333333,54.2691978320422,3,-0.127534607111842,0.0536287580983126,0.231578837760087,-0.581429129121613,0.326359914897928,0.880262951948662,0.559098771003344,1.3859140902471,"NWT"
"PIE-PlantShoot_2004-2020_Processed.csv",2004,"Enriched",8.12146175497208,1.60251582215853,6,"all",6.85770067787285,1.64608914543235,12,0.169137949656931,0.0112905136106505,0.106256828536572,-0.0391254342747502,0.377401333588612,1.18428349915838,0.961630080209334,1.45848953276661,"PIE"
"PIE-PlantShoot_2004-2020_Processed.csv",2005,"Enriched",8.57439485573987,1.34285213107425,12,"all",8.49388136951722,1.41824034784946,12,0.009434354395034,0.00436724420519877,0.0660851284722877,-0.12009249741065,0.138961206200718,1.00947899820117,0.886838402667336,1.1490795219786,"PIE"
"PIE-PlantShoot_2004-2020_Processed.csv",2006,"Enriched",8.53040683061023,0.981297846622531,6,"all",8.06979683615392,2.71418929962551,12,0.0555087476917243,0.0116325265469482,0.107854191142246,-0.155885466947078,0.266902962330527,1.05707826402676,0.855657185788797,1.30591371735835,"PIE"
"PIE-PlantShoot_2004-2020_Processed.csv",2007,"Enriched",8.43778900346835,0.558232071351957,6,"all",7.34645300497543,1.35891758058492,6,0.138502695488614,0.00643218028911048,0.0802008746156205,-0.0186910187580018,0.29569640973523,1.14855277747694,0.981482575101905,1.34406205073282,"PIE"
"PIE-PlantShoot_2004-2020_Processed.csv",2008,"Enriched",7.57511850148644,1.5283392284184,6,"all",5.42693613871636,0.939829070041109,6,0.333494267348627,0.011782838012952,0.108548781720257,0.120738655176922,0.546249879520331,1.39583704467143,1.12832999062911,1.72676528272615,"PIE"
"PIE-PlantShoot_2004-2020_Processed.csv",2009,"Enriched",7.39852147283272,0.947580765044365,12,"all",6.70670386350968,0.950771711829537,12,0.0981725764816941,0.00304173905563241,0.0551519632980768,-0.00992527158253644,0.206270424545925,1.10315314697092,0.990123821370909,1.22908553395562,"PIE"
"PIE-PlantShoot_2004-2020_Processed.csv",2010,"Enriched",8.18385642298425,1.26581019069482,9,"all",6.53951118585881,2.27662387694514,9,0.224301064419465,0.0161244823023751,0.126982212543234,-0.0245840721652734,0.473186201004204,1.25144772910263,0.975715654942267,1.60510022642693,"PIE"
"PIE-PlantShoot_2004-2020_Processed.csv",2011,"Enriched",7.65080422705314,0.926259004081065,9,"all",7.2609712962963,0.612243373626168,9,0.0522971627756689,0.00241855688441921,0.049178825569743,-0.0440933353410275,0.148687660892365,1.05368881308699,0.956864644017194,1.16031052225263,"PIE"
"PIE-PlantShoot_2004-2020_Processed.csv",2012,"Enriched",5.82913648148148,0.611454340591419,9,"all",5.55935185185185,0.574247166178639,9,0.0473873449487777,0.0024080940462117,0.0490723348355435,-0.0487944313288876,0.143569121226443,1.0485280724838,0.952376888428237,1.15438660066712,"PIE"
"PIE-PlantShoot_2004-2020_Processed.csv",2013,"Enriched",7.01392571365832,0.89001197457998,3,"all",6.18413638491751,1.21250640936975,9,0.125910194985621,0.00963857684405533,0.0981762539724109,-0.0665152628003048,0.318335652771546,1.13418030863041,0.935648635129076,1.37483765185798,"PIE"
"PIE-PlantShoot_2004-2020_Processed.csv",2014,"Enriched",6.66654666666667,0.534824284165681,3,"all",6.10951222222222,1.28793582099204,9,0.0872550474240287,0.00708314761123367,0.0841614377921009,-0.077701370648489,0.252211465496547,1.09117494559031,0.925240689318442,1.28686813672353,"PIE"
"PIE-PlantShoot_2004-2020_Processed.csv",2015,"Enriched",6.51948,1.52428049912081,3,"all",6.15624444444444,0.916016980070663,9,0.0573276946441803,0.0206814238237067,0.143810374534338,-0.224540639443123,0.339196028731483,1.05900278308204,0.798883109875504,1.4038185070032,"PIE"
"PIE-PlantShoot_2004-2020_Processed.csv",2016,"Enriched",7.33137833333333,0.698897792247431,3,"all",5.03398918679549,0.715862761532718,9,0.375950789562894,0.00527619310445341,0.0726374084370678,0.233581469026241,0.518320110099546,1.4563754631345,1.26311572850768,1.67920440047574,"PIE"
"PIE-PlantShoot_2004-2020_Processed.csv",2017,"Enriched",6.38833333333333,0.944334402070227,3,"all",5.75927111111111,1.42650051984257,9,0.103662486673753,0.0141003298418275,0.1187448097469,-0.129077340430172,0.336402313777677,1.10922601316833,0.87890598794972,1.39990211144141,"PIE"
"PIE-PlantShoot_2004-2020_Processed.csv",2018,"Enriched",5.45678666666667,0.350088922037435,3,"all",4.79005333333333,1.52166159312772,9,0.130318548252473,0.0125847943979935,0.112181970021896,-0.0895581129904428,0.350195209495388,1.13919121290229,0.914335128831762,1.41934459109312,"PIE"
"PIE-PlantShoot_2004-2020_Processed.csv",2019,"Enriched",6.01852,0.25035374652679,3,"all",5.39484,0.448891930424239,9,0.109398440738859,0.00134605557721636,0.0366886300809441,0.0374887257802087,0.18130815569751,1.11560676498284,1.03820029211756,1.19878453466524,"PIE"
"SBC_algal_biomass_2008-2024_processed_corrected.csv",2008,"ANNUAL",2036.90931985362,2361.58057284555,29,"all",1882.23051017797,2038.56404180768,29,0.0789761045758943,0.0868002875539407,0.294618885263557,-0.498476910540677,0.656429119692465,1.08217846264803,0.607455164039874,1.92789574333487,"SBC"
"SBC_algal_biomass_2008-2024_processed_corrected.csv",2009,"ANNUAL",1367.67302113189,1318.20335481193,32,"all",1734.77037999613,1630.28511787553,32,-0.237764287826605,0.0566292050291696,0.237968916098657,-0.704183363379972,0.228654787726763,0.788388501961246,0.494512246216368,1.25690806401737,"SBC"
"SBC_algal_biomass_2008-2024_processed_corrected.csv",2010,"ANNUAL",1578.99149080402,1909.48432886891,32,"all",1597.0398975489,1540.92423911619,32,-0.0113655054504825,0.074793178975628,0.273483416271678,-0.547393001342972,0.524661990442007,0.988698837910947,0.578455880069156,1.68988755368792,"SBC"
"SBC_algal_biomass_2008-2024_processed_corrected.csv",2010,"CONTINUAL",1871.44008340308,2103.77032223229,24,"all",1597.0398975489,1540.92423911619,32,0.158556380837987,0.0817467660801315,0.285913913757501,-0.401834890126715,0.718947651802688,1.17181799044302,0.669091210135632,2.05227236873663,"SBC"
"SBC_algal_biomass_2008-2024_processed_corrected.csv",2011,"ANNUAL",1027.87268393968,948.597420362997,33,"all",1482.99409802445,1056.69741594398,33,-0.366571772338191,0.0411943964996219,0.20296402760002,-0.764381266434231,0.0312377217578496,0.693106388831182,0.465621937787252,1.03173073958148,"SBC"
"SBC_algal_biomass_2008-2024_processed_corrected.csv",2011,"CONTINUAL",1478.74682624282,1464.64620587319,32,"all",1482.99409802445,1056.69741594398,33,-0.00286809332870593,0.0460422612857863,0.214574605407505,-0.423434319927415,0.417698133270003,0.997136015721646,0.654794181183464,1.51846223198287,"SBC"
"SBC_algal_biomass_2008-2024_processed_corrected.csv",2012,"ANNUAL",951.872804999692,952.270936209629,35,"all",1222.04261398918,920.168633341551,35,-0.249847593783691,0.0447945542329724,0.211647240078798,-0.664676184338135,0.164980996770754,0.778919486197329,0.514440084494779,1.17937070664654,"SBC"
"SBC_algal_biomass_2008-2024_processed_corrected.csv",2012,"CONTINUAL",1274.94759168113,1388.57692937872,28,"all",1222.04261398918,920.168633341551,35,0.0423813407288077,0.0585632428815681,0.241998435700663,-0.431935593244493,0.516698274702108,1.04329225273025,0.649251191501308,1.67648321459378,"SBC"
"SBC_algal_biomass_2008-2024_processed_corrected.csv",2013,"ANNUAL",852.182926901757,550.836312557688,20,"all",1098.94546726659,333.209063736123,20,-0.254305126130641,0.0254872853480731,0.159647378143435,-0.567213987291775,0.058603735030492,0.775455154313887,0.567103196564781,1.06035497594534,"SBC"
"SBC_algal_biomass_2008-2024_processed_corrected.csv",2013,"CONTINUAL",1286.51264765268,654.494082986157,16,"all",1098.94546726659,333.209063736123,20,0.157584129877889,0.0207724645250543,0.144126557320482,-0.124903922470256,0.440072182226034,1.17067924294063,0.882581694780249,1.55281930041986,"SBC"
"SBC_algal_biomass_2008-2024_processed_corrected.csv",2014,"ANNUAL",912.122242571151,538.262836293744,20,"all",1430.60511148369,693.432124580071,20,-0.450078769633854,0.0291594706440596,0.170761443669406,-0.784771199225889,-0.115386340041819,0.637577927863814,0.456224074266292,0.891021839986996,"SBC"
"SBC_algal_biomass_2008-2024_processed_corrected.csv",2014,"CONTINUAL",1244.66743959559,1090.45467622276,16,"all",1430.60511148369,693.432124580071,20,-0.139229132206797,0.0597193939549395,0.244375518321577,-0.618205148117088,0.339746883703494,0.870028654032098,0.53891083519223,1.40459202043488,"SBC"
"SBC_algal_biomass_2008-2024_processed_corrected.csv",2015,"ANNUAL",780.837599978939,747.661874381284,20,"all",1176.20124858858,926.723160205661,20,-0.409678053919572,0.076880454847835,0.27727324942705,-0.95313362279659,0.133777514957446,0.663863944130252,0.385531019804683,1.14313846014115,"SBC"
"SBC_algal_biomass_2008-2024_processed_corrected.csv",2015,"CONTINUAL",1111.08505425927,1532.98484344418,16,"all",1176.20124858858,926.723160205661,20,-0.0569529003714133,0.150015415041395,0.387318234842352,-0.816096640662424,0.702190839919597,0.944638560444104,0.442154177142528,2.01816935360595,"SBC"
"SBC_algal_biomass_2008-2024_processed_corrected.csv",2016,"ANNUAL",1131.36046819267,1371.32737790521,20,"all",1639.08560745587,1360.28432726147,20,-0.370717667208936,0.107896958274388,0.328476724098357,-1.01453204644172,0.273096712023843,0.690238791095678,0.36257205702479,1.31402732092134,"SBC"
"SBC_algal_biomass_2008-2024_processed_corrected.csv",2016,"CONTINUAL",1597.11022029131,1760.56297825076,16,"all",1639.08560745587,1360.28432726147,20,-0.0259426459739588,0.110384544417485,0.332241695784086,-0.677136369710768,0.62525107776285,0.974390973251412,0.508069835339719,1.86871509133975,"SBC"
"SBC_algal_biomass_2008-2024_processed_corrected.csv",2017,"ANNUAL",1305.6193285676,1243.07295618146,20,"all",2317.05088260955,1929.54336836154,20,-0.573617696291233,0.0799985148032158,0.28284008698064,-1.12798426677329,-0.0192511258091795,0.563483235679817,0.323685062002939,0.980932993717555,"SBC"
"SBC_algal_biomass_2008-2024_processed_corrected.csv",2017,"CONTINUAL",1887.51712197328,2281.79781247067,16,"all",2317.05088260955,1929.54336836154,20,-0.205032932421649,0.12601253828327,0.354982447852383,-0.90079853021232,0.490732665369023,0.814620488544251,0.406245131174061,1.63351259974053,"SBC"
"SBC_algal_biomass_2008-2024_processed_corrected.csv",2018,"ANNUAL",1978.01821833285,1616.10999987387,20,"all",2233.21507149495,1781.22372158788,20,-0.121346839624955,0.0651859992670491,0.255315489673167,-0.621765199384363,0.379071520134453,0.885726701194407,0.536995696009993,1.4609275177396,"SBC"
"SBC_algal_biomass_2008-2024_processed_corrected.csv",2018,"CONTINUAL",2323.08140439233,2532.68869236246,16,"all",2233.21507149495,1781.22372158788,20,0.0394522126956994,0.106096030251853,0.325723855822463,-0.598966544716329,0.677870970107727,1.04024078739413,0.549379101553671,1.96967975792693,"SBC"
"SBC_algal_biomass_2008-2024_processed_corrected.csv",2019,"ANNUAL",1674.6416615197,1561.76960694168,20,"all",2139.6098616887,1749.0070557587,20,-0.245024295822669,0.0768976454580321,0.277304247096997,-0.788540620132782,0.298492028487444,0.782685522022213,0.454507610771585,1.3478247929517,"SBC"
"SBC_algal_biomass_2008-2024_processed_corrected.csv",2019,"CONTINUAL",2261.54876245632,2333.97220789385,16,"all",2139.6098616887,1749.0070557587,20,0.0554263669087457,0.0999776483206097,0.316192422933583,-0.564310782041077,0.675163515858568,1.05699118467858,0.568752005800455,1.9643541527662,"SBC"
"SBC_algal_biomass_2008-2024_processed_corrected.csv",2020,"ANNUAL",1458.36613384247,1603.42900687663,15,"all",2176.26596416387,1933.3623834664,15,-0.400293825036706,0.133204083663986,0.364971346360212,-1.11563766390272,0.315050013829308,0.670123118156095,0.327706245816592,1.37032784458608,"SBC"
"SBC_algal_biomass_2008-2024_processed_corrected.csv",2020,"CONTINUAL",2066.81472657202,2113.69596501073,12,"all",2176.26596416387,1933.3623834664,15,-0.0516019049964699,0.139771896137546,0.373860797807883,-0.78436906869992,0.68116525870698,0.949706865156114,0.456407572785942,1.9761791510582,"SBC"
"SBC_algal_biomass_2008-2024_processed_corrected.csv",2021,"ANNUAL",1358.56820231805,1228.6695168146,20,"all",1802.42440790707,1453.54707333099,20,-0.282701299177161,0.0734129362614851,0.270948216937269,-0.813759804374207,0.248357206019885,0.753744898459063,0.443188627268213,1.28191775916045,"SBC"
"SBC_algal_biomass_2008-2024_processed_corrected.csv",2021,"CONTINUAL",1734.86114887639,1567.4017844566,16,"all",1802.42440790707,1453.54707333099,20,-0.0382052712064862,0.0835338397802943,0.289022213299072,-0.604688809272667,0.528278266859695,0.9625153439255,0.54624438638129,1.69600971724285,"SBC"
"SBC_algal_biomass_2008-2024_processed_corrected.csv",2022,"ANNUAL",1213.18184356673,1068.68332063128,20,"all",2034.70803611783,2107.66984723981,20,-0.517105806424054,0.0924487720285673,0.304053896585075,-1.1130514437308,0.0788398308826921,0.596243697882791,0.328554863202688,1.08203100024007,"SBC"
"SBC_algal_biomass_2008-2024_processed_corrected.csv",2022,"CONTINUAL",1994.35826904033,2110.80035170777,16,"all",2034.70803611783,2107.66984723981,20,-0.0200300084653373,0.12366142683203,0.351655267032971,-0.70927433184996,0.669214314919286,0.980169259490178,0.492001097476039,1.95270250854737,"SBC"
"SBC_algal_biomass_2008-2024_processed_corrected.csv",2023,"ANNUAL",1470.90231098978,1899.38002910116,10,"all",2383.24094673146,2371.10267145521,10,-0.482585274195406,0.265730207392079,0.515490259260133,-1.49294618234527,0.527775633954454,0.61718573315345,0.224709643756965,1.69515746115527,"SBC"
"SBC_algal_biomass_2008-2024_processed_corrected.csv",2023,"CONTINUAL",2367.73242436274,2764.0465748363,8,"all",2383.24094673146,2371.10267145521,10,-0.00652858950856093,0.269331347854812,0.518971432599919,-1.0237125974044,1.01065541838728,0.993492675430074,0.359258678370052,2.74740112225354,"SBC"
"SEV_Aboveground_Biomass_2004-2023_gm2_processed_compactv.csv",2004,"F",57.909604321275,18.620918637435,20,"all",58.743040543225,22.6560491656908,20,-0.0142894386037566,0.0126072425027129,0.112281977639837,-0.234362114777837,0.205783237570324,0.985812170867513,0.791075303965665,1.22848688533033,"SEV"
"SEV_Aboveground_Biomass_2004-2023_gm2_processed_compactv.csv",2005,"F",67.351871969775,19.7542562843722,20,"all",67.64699581995,18.9349621863977,20,-0.00437224882182865,0.00821865924560118,0.0906568212855557,-0.182059618541518,0.17331512089786,0.995637295542872,0.833551643801047,1.18924080067261,"SEV"
"SEV_Aboveground_Biomass_2004-2023_gm2_processed_compactv.csv",2006,"F",180.779767938275,188.154224146112,20,"all",92.4023148765375,85.2123554799788,20,0.671127507589999,0.0966840347749066,0.310940564698314,0.0616840007813032,1.2805710143987,1.95644198069953,1.06362618657403,3.5986940451067,"SEV"
"SEV_Aboveground_Biomass_2004-2023_gm2_processed_compactv.csv",2007,"F",132.67292117225,50.4186513711222,20,"all",99.8715590627625,27.1720372557035,20,0.28400190896449,0.0109219418660115,0.104508094739171,0.0791660432757157,0.488837774653264,1.32843546668651,1.08238402974016,1.63042020268375,"SEV"
"SEV_Aboveground_Biomass_2004-2023_gm2_processed_compactv.csv",2008,"F",64.4929498808375,50.5451225025775,20,"all",51.7206857560125,42.0628084800459,20,0.220698100828476,0.06378200094868,0.252550986829749,-0.274301833357832,0.715698035014784,1.2469469214905,0.760102616308464,2.04561409427335,"SEV"
"SEV_Aboveground_Biomass_2004-2023_gm2_processed_compactv.csv",2009,"F",52.4419366189,21.8288132115178,20,"all",44.3376824528,13.2475002950781,20,0.167871653217361,0.0131267578780536,0.114572064125831,-0.0566895924692675,0.39243289890399,1.18278479428255,0.944887323991007,1.48057851350679,"SEV"
"SEV_Aboveground_Biomass_2004-2023_gm2_processed_compactv.csv",2010,"F",99.4367654938625,31.8529872030985,20,"all",69.2809023475625,24.046839785373,20,0.361352630643038,0.0111543361469539,0.105614090664806,0.154349012940018,0.568356248346058,1.43526949165611,1.16689807824575,1.76536284709258,"SEV"
"SEV_Aboveground_Biomass_2004-2023_gm2_processed_compactv.csv",2011,"F",28.2514820117625,17.9600663949662,20,"all",27.525170201975,19.0415808451318,20,0.0260450506788522,0.0441356008206288,0.210084746758609,-0.385721052968021,0.437811154325725,1.02638718687143,0.67996017210031,1.54931229886571,"SEV"
"SEV_Aboveground_Biomass_2004-2023_gm2_processed_compactv.csv",2012,"F",57.6117333933375,44.7595106407297,20,"all",46.889919832125,29.2170489614668,20,0.205923528303156,0.0495925689513824,0.222693890691645,-0.230556497452468,0.64240355405878,1.22865924274553,0.794091569584145,1.90104465606478,"SEV"
"SEV_Aboveground_Biomass_2004-2023_gm2_processed_compactv.csv",2013,"F",105.286279722763,104.369101930174,20,"all",99.0185785061625,96.2143192404558,20,0.0613756194139896,0.0963407157531144,0.310388008391295,-0.546984877032948,0.669736115860927,1.06329823464604,0.578692010158026,1.95372169643856,"SEV"
"SEV_Aboveground_Biomass_2004-2023_gm2_processed_compactv.csv",2014,"F",107.336882840975,94.8481654790713,20,"all",72.199031508675,56.9891453389057,20,0.396545694474931,0.0701942103522898,0.26494189995599,-0.122740429438809,0.915831818388672,1.4866803695016,0.884493221167992,2.49885297949801,"SEV"
"SEV_Aboveground_Biomass_2004-2023_gm2_processed_compactv.csv",2015,"F",88.93493296095,57.8240614548933,20,"all",78.066473762425,43.1953473925546,20,0.130344320555744,0.0364448270691067,0.190905282978515,-0.243830034082145,0.504518675193632,1.13922057286205,0.783620811775247,1.65618816413514,"SEV"
"SEV_Aboveground_Biomass_2004-2023_gm2_processed_compactv.csv",2016,"F",162.04687552585,96.8961760973685,20,"all",101.6211252709,64.1621654548742,20,0.466634209049637,0.0378097212704854,0.194447219755093,0.0855176583296553,0.84775075976962,1.594617999888,1.08928079605362,2.33439033789926,"SEV"
"SEV_Aboveground_Biomass_2004-2023_gm2_processed_compactv.csv",2017,"F",141.388310053762,34.7877029709056,20,"all",103.7265675956,40.269837093937,20,0.309751798056172,0.0105630286225726,0.102776595694607,0.108309670494743,0.5111939256176,1.36308675136147,1.11439278652472,1.66728061613844,"SEV"
"SEV_Aboveground_Biomass_2004-2023_gm2_processed_compactv.csv",2018,"F",47.7029306659792,19.1877646261658,20,"all",52.5341706702875,28.8018644587684,20,-0.0964709922385494,0.0231185385342079,0.15204781660454,-0.394484712783448,0.201542728306349,0.90803623731628,0.674027267414573,1.22328850499214,"SEV"
"SEV_Aboveground_Biomass_2004-2023_gm2_processed_compactv.csv",2019,"F",55.55853321665,25.8398652451799,20,"all",61.0566839515375,22.4771675916159,20,-0.0943655602501729,0.017591766738074,0.132633957710965,-0.354328117363664,0.165596996863318,0.909950059861562,0.701644707769634,1.18009742291666,"SEV"
"SEV_Aboveground_Biomass_2004-2023_gm2_processed_compactv.csv",2020,"F",47.938143355225,59.8826997754986,20,"all",66.824486081025,85.1824071888102,20,-0.332158071729616,0.159266147270234,0.399081629833088,-1.11435806620247,0.450041922743236,0.71737391735568,0.328125846377801,1.56837793481742,"SEV"
"SEV_Aboveground_Biomass_2004-2023_gm2_processed_compactv.csv",2021,"F",18.64964582505,19.2397170490415,20,"all",25.5118906912,24.4986996284564,20,-0.313317489799694,0.0993214502712398,0.31515305848308,-0.931017484426532,0.304382504827143,0.731017785031627,0.394152462282326,1.35578755220301,"SEV"
"SEV_Aboveground_Biomass_2004-2023_gm2_processed_compactv.csv",2022,"F",64.9142219423,71.4741091418315,20,"all",37.6114119457,40.7200558924915,20,0.545759222407797,0.119222798571307,0.345286545598445,-0.131002406965156,1.22252085178075,1.72591824087905,0.877215662960968,3.39573710317071,"SEV"
"SEV_Aboveground_Biomass_2004-2023_gm2_processed_compactv.csv",2023,"F",18.42450823075,10.889899095534,20,"all",18.041144085975,11.2152912325292,20,0.0210268153700658,0.0367897894934432,0.191806646113849,-0.354914211013078,0.396967841753209,1.02124943645193,0.701233598748227,1.48730810006131,"SEV"
"VCR_flora manipulation and inundation_live_dead_biomass_1994-2014_gm2_processed.csv",1994,"Wrack",45.9437037037037,21.7881158002122,9,"all",386.222222222222,84.2835858542127,9,-2.12899609458274,0.0302801478198918,0.174011918614478,-2.47005945506712,-1.78793273409837,0.118956655159187,0.0845798301525921,0.167305677738205,"VCR"
"VCR_flora manipulation and inundation_live_dead_biomass_1994-2014_gm2_processed.csv",1995,"Wrack",255.671111111111,101.049743745895,9,"all",381.364444444444,89.0330487952523,9,-0.399863568731089,0.0234125103956333,0.153011471451108,-0.69976605277526,-0.099961084686917,0.670411504888878,0.496701492135518,0.904872630752524,"VCR"
"VCR_flora manipulation and inundation_live_dead_biomass_1994-2014_gm2_processed.csv",1996,"Wrack",495.626666666667,97.8256448994843,9,"all",529.897777777778,86.0979816513979,9,-0.0668611606856287,0.00726197983755577,0.0852172508213904,-0.233886972295554,0.100164650924297,0.935325052211328,0.791451266760139,1.10535290047019,"VCR"
"VCR_flora manipulation and inundation_live_dead_biomass_1994-2014_gm2_processed.csv",1997,"Wrack",575.993333333333,134.333948799252,9,"all",597.951666666667,170.342239256739,9,-0.0374138391571513,0.0150607434491914,0.122722220682285,-0.27794939169443,0.203121713380127,0.963277410939011,0.757335147993097,1.22522158503308,"VCR"
"VCR_flora manipulation and inundation_live_dead_biomass_1994-2014_gm2_processed.csv",1998,"Wrack",687.564444444444,187.917844223953,9,"all",772.648888888889,117.25726890522,9,-0.116669164104977,0.010858796586808,0.104205549692941,-0.320912041503142,0.0875737132931872,0.889879548565972,0.725487060935157,1.09152272121192,"VCR"
