"source","Treatment","site_abbr","window_start","window_end","window_mid","window_lrr","window_se","window_n"
"AND_tree_DBH_2002-2015_processed.csv","WS06","AND",2002,2014,2008,-0.668028995939216,0.105115154419309,3
"AND_tree_DBH_2002-2015_processed.csv","WS07","AND",2002,2014,2008,-0.78630619980297,0.130450063120291,3
"ARC_Biomass_1982-2015_processed.csv","NP","ARC",1983,1989,1985.33333333333,0.210539679592725,0.0974487064854712,3
"ARC_Biomass_1982-2015_processed.csv","NP","ARC",1984,1995,1989.33333333333,0.312886558327273,0.166862461012455,3
"ARC_Biomass_1982-2015_processed.csv","NP","ARC",1989,2000,1994.66666666667,0.274817835684792,0.169554082927816,3
"ARC_Biomass_1982-2015_processed.csv","NP","ARC",1995,2015,2003.33333333333,0.487884739931513,0.138610054725383,3
"BNZ_NEE_2009-2021.csv","C S","BNZ",2009,2011,2010,0.66421032641545,0.127736390504959,3
"BNZ_NEE_2009-2021.csv","C S","BNZ",2010,2013,2011.33333333333,0.449682456083976,0.124785736527778,3
"BNZ_NEE_2009-2021.csv","C S","BNZ",2011,2014,2012.66666666667,0.265265830577138,0.0940579836840794,3
"BNZ_NEE_2009-2021.csv","C S","BNZ",2013,2015,2014,0.189555185476559,0.0368868485176555,3
"BNZ_NEE_2009-2021.csv","C S","BNZ",2014,2016,2015,0.148778069774369,0.031974556870691,3
"BNZ_NEE_2009-2021.csv","C S","BNZ",2015,2017,2016,0.198783069852706,0.0441528470622971,3
"BNZ_NEE_2009-2021.csv","C S","BNZ",2016,2018,2017,0.296865507225733,0.113741139432654,3
"BNZ_NEE_2009-2021.csv","C S","BNZ",2017,2019,2018,0.51034202484905,0.141287018543654,3
"BNZ_NEE_2009-2021.csv","C S","BNZ",2018,2020,2019,0.534356529852499,0.121255360725505,3
"BNZ_NEE_2009-2021.csv","C S","BNZ",2019,2021,2020,0.525258647172323,0.122616381543338,3
"BNZ_NEE_2009-2021.csv","W C","BNZ",2010,2013,2011.33333333333,0.639622370561003,0.101489772116453,3
"BNZ_NEE_2009-2021.csv","W C","BNZ",2011,2014,2012.66666666667,0.31423366842303,0.287444395966034,3
"BNZ_NEE_2009-2021.csv","W C","BNZ",2013,2015,2014,-0.01675951620329,0.226779649265053,3
"BNZ_NEE_2009-2021.csv","W C","BNZ",2014,2017,2015.33333333333,-0.393720314522014,0.150367018849394,3
"BNZ_NEE_2009-2021.csv","W C","BNZ",2015,2018,2016.66666666667,-0.777720587363643,0.329413070858408,3
"BNZ_NEE_2009-2021.csv","W C","BNZ",2017,2019,2018,-0.376785248364168,0.692415034831917,3
"BNZ_NEE_2009-2021.csv","W C","BNZ",2018,2020,2019,-1.41394620150042,1.37272850905409,3
"BNZ_NEE_2009-2021.csv","W C","BNZ",2019,2021,2020,-2.80639914639327,1.94514661356504,3
"BNZ_NEE_2009-2021.csv","W S","BNZ",2009,2011,2010,0.256586845440475,0.421418477463721,3
"BNZ_NEE_2009-2021.csv","W S","BNZ",2010,2013,2011.33333333333,0.549376530113376,0.129500353007072,3
"BNZ_NEE_2009-2021.csv","W S","BNZ",2011,2014,2012.66666666667,0.324997307875819,0.177056857490784,3
"BNZ_NEE_2009-2021.csv","W S","BNZ",2013,2015,2014,0.259997325437652,0.121157062046685,3
"BNZ_NEE_2009-2021.csv","W S","BNZ",2014,2016,2015,0.219402330574027,0.122441078725378,3
"BNZ_NEE_2009-2021.csv","W S","BNZ",2015,2017,2016,0.364239645550302,0.0967193450107983,3
"BNZ_NEE_2009-2021.csv","W S","BNZ",2016,2018,2017,0.311654474318768,0.086794650061262,3
"BNZ_NEE_2009-2021.csv","W S","BNZ",2017,2019,2018,0.808075244487658,0.429178163280736,3
"BNZ_NEE_2009-2021.csv","W S","BNZ",2018,2020,2019,0.710873526255816,0.475907960343095,3
"BNZ_NEE_2009-2021.csv","W S","BNZ",2019,2021,2020,0.671418103544548,0.494474145300103,3
"CAP_Biomass_2006-2024_Processed.csv","N","CAP",2008,2010,2009,0.46618137696643,0.160196479729654,3
"CAP_Biomass_2006-2024_Processed.csv","N","CAP",2009,2013,2010.66666666667,0.492320481250139,0.154193725630173,3
"CAP_Biomass_2006-2024_Processed.csv","N","CAP",2010,2015,2012.66666666667,0.566270845054799,0.106859354544608,3
"CAP_Biomass_2006-2024_Processed.csv","N","CAP",2013,2016,2014.66666666667,0.350369829567721,0.109598161068787,3
"CAP_Biomass_2006-2024_Processed.csv","N","CAP",2015,2017,2016,0.357589679596301,0.112943361070646,3
"CAP_Biomass_2006-2024_Processed.csv","N","CAP",2016,2019,2017.33333333333,0.280218213288321,0.0990119459814332,3
"CAP_Biomass_2006-2024_Processed.csv","N","CAP",2017,2021,2019,0.318788110776295,0.0745892437492088,3
"CAP_Biomass_2006-2024_Processed.csv","N","CAP",2019,2023,2021,0.36377823932589,0.119570704170365,3
"CAP_Biomass_2006-2024_Processed.csv","N","CAP",2021,2024,2022.66666666667,0.344813205857952,0.130326924963572,3
"CAP_Biomass_2006-2024_Processed.csv","NP","CAP",2008,2010,2009,0.874991571791572,0.167679176625,3
"CAP_Biomass_2006-2024_Processed.csv","NP","CAP",2009,2013,2010.66666666667,0.916293057763234,0.147523546968678,3
"CAP_Biomass_2006-2024_Processed.csv","NP","CAP",2010,2015,2012.66666666667,0.953303876985551,0.128347305304209,3
"CAP_Biomass_2006-2024_Processed.csv","NP","CAP",2013,2016,2014.66666666667,0.795904283883315,0.03223105754832,3
"CAP_Biomass_2006-2024_Processed.csv","NP","CAP",2015,2017,2016,0.812822507440151,0.0381860072928339,3
"CAP_Biomass_2006-2024_Processed.csv","NP","CAP",2016,2018,2017,0.603514757112353,0.195025530809916,3
"CAP_Biomass_2006-2024_Processed.csv","NP","CAP",2017,2019,2018,0.51165764403119,0.185071191502874,3
"CAP_Biomass_2006-2024_Processed.csv","NP","CAP",2018,2021,2019.33333333333,0.447519558548877,0.127961291434787,3
"CAP_Biomass_2006-2024_Processed.csv","NP","CAP",2019,2023,2021,0.580984704969333,0.0612247628162104,3
"CAP_Biomass_2006-2024_Processed.csv","NP","CAP",2021,2024,2022.66666666667,0.525357510833172,0.116266009964389,3
"CAP_Biomass_2006-2024_Processed.csv","P","CAP",2008,2010,2009,0.251589310175602,0.0191942245005741,3
"CAP_Biomass_2006-2024_Processed.csv","P","CAP",2009,2013,2010.66666666667,0.25613245054656,0.0211807070035829,3
"CAP_Biomass_2006-2024_Processed.csv","P","CAP",2010,2015,2012.66666666667,0.289265619036663,0.0119753426695739,3
"CAP_Biomass_2006-2024_Processed.csv","P","CAP",2013,2016,2014.66666666667,0.321274226518086,0.0274284189264502,3
"CAP_Biomass_2006-2024_Processed.csv","P","CAP",2015,2017,2016,0.384685146391835,0.0452779971598589,3
"CAP_Biomass_2006-2024_Processed.csv","P","CAP",2016,2018,2017,0.518420220739678,0.101849722916202,3
"CAP_Biomass_2006-2024_Processed.csv","P","CAP",2017,2019,2018,0.39331111662973,0.210489563917308,3
"CAP_Biomass_2006-2024_Processed.csv","P","CAP",2018,2021,2019.33333333333,0.261813417670855,0.227381071918725,3
"CAP_Biomass_2006-2024_Processed.csv","P","CAP",2019,2023,2021,0.0335017700561377,0.0223457484778477,3
"CAP_Biomass_2006-2024_Processed.csv","P","CAP",2021,2024,2022.66666666667,0.133771876452203,0.0830136540572306,3
"CDR_Biomass_1998-2021_gm2_processed.csv","Camb Namb M H2Oamb HTelv","CDR",2012,2014,2013,0.219937651911299,0.169019238303723,3
"CDR_Biomass_1998-2021_gm2_processed.csv","Camb Namb M H2Oamb HTelv","CDR",2013,2015,2014,0.0310397140041704,0.313445472369756,3
"CDR_Biomass_1998-2021_gm2_processed.csv","Camb Namb M H2Oamb HTelv","CDR",2014,2016,2015,0.0533551545569454,0.315340578407689,3
"CDR_Biomass_1998-2021_gm2_processed.csv","Camb Namb M H2Oamb HTelv","CDR",2015,2017,2016,-0.330495063087535,0.230596673766035,3
"CDR_Biomass_1998-2021_gm2_processed.csv","Camb Namb M H2Oamb HTelv","CDR",2016,2018,2017,-0.148543837676389,0.224887742763984,3
"CDR_Biomass_1998-2021_gm2_processed.csv","Camb Namb M H2Oamb HTelv","CDR",2017,2019,2018,-0.263858139529713,0.178491223071408,3
"CDR_Biomass_1998-2021_gm2_processed.csv","Camb Namb M H2Oamb HTelv","CDR",2018,2020,2019,-0.171841489914112,0.0998222574907776,3
"CDR_Biomass_1998-2021_gm2_processed.csv","Camb Namb M H2Oamb HTelv","CDR",2019,2021,2020,-0.24229365204134,0.0384007775989206,3
"CDR_Biomass_1998-2021_gm2_processed.csv","Camb Namb M H2Oneg","CDR",2007,2009,2008,-0.0980248362627213,0.101754402409316,3
"CDR_Biomass_1998-2021_gm2_processed.csv","Camb Namb M H2Oneg","CDR",2008,2010,2009,-0.00519606628598263,0.159951587399195,3
"CDR_Biomass_1998-2021_gm2_processed.csv","Camb Namb M H2Oneg","CDR",2009,2011,2010,-0.0334211105266716,0.159207273937814,3
"CDR_Biomass_1998-2021_gm2_processed.csv","Camb Namb M H2Oneg HTamb","CDR",2012,2014,2013,-0.249430668585086,0.17057312684358,3
"CDR_Biomass_1998-2021_gm2_processed.csv","Camb Namb M H2Oneg HTamb","CDR",2013,2015,2014,-0.423024189001602,0.239608989161843,3
"CDR_Biomass_1998-2021_gm2_processed.csv","Camb Namb M H2Oneg HTamb","CDR",2014,2016,2015,-0.26328515048336,0.25030224554991,3
"CDR_Biomass_1998-2021_gm2_processed.csv","Camb Namb M H2Oneg HTamb","CDR",2015,2017,2016,-0.454727727089646,0.2027754471517,3
"CDR_Biomass_1998-2021_gm2_processed.csv","Camb Namb M H2Oneg HTamb","CDR",2016,2018,2017,-0.35678157232111,0.144348123379491,3
"CDR_Biomass_1998-2021_gm2_processed.csv","Camb Namb M H2Oneg HTamb","CDR",2017,2019,2018,-0.473406987540837,0.0328537756260304,3
"CDR_Biomass_1998-2021_gm2_processed.csv","Camb Namb M H2Oneg HTamb","CDR",2018,2021,2019.33333333333,-0.572711849481532,0.13010503221075,3
"CDR_Biomass_1998-2021_gm2_processed.csv","Camb Namb M H2Oneg HTelv","CDR",2012,2014,2013,0.00194030513909591,0.0959556245401525,3
"CDR_Biomass_1998-2021_gm2_processed.csv","Camb Namb M H2Oneg HTelv","CDR",2013,2015,2014,-0.221944945608098,0.31637216928211,3
"CDR_Biomass_1998-2021_gm2_processed.csv","Camb Namb M H2Oneg HTelv","CDR",2014,2016,2015,-0.404274551278761,0.257547541423085,3
"CDR_Biomass_1998-2021_gm2_processed.csv","Camb Namb M H2Oneg HTelv","CDR",2015,2017,2016,-0.473924392144649,0.20052726529964,3
"CDR_Biomass_1998-2021_gm2_processed.csv","Camb Namb M H2Oneg HTelv","CDR",2016,2018,2017,-0.284179880594324,0.0672316173085634,3
"CDR_Biomass_1998-2021_gm2_processed.csv","Camb Namb M H2Oneg HTelv","CDR",2017,2019,2018,-0.329550359369076,0.109081582799952,3
"CDR_Biomass_1998-2021_gm2_processed.csv","Camb Namb M H2Oneg HTelv","CDR",2018,2021,2019.33333333333,-0.305598316180011,0.127783001691579,3
"CDR_Biomass_1998-2021_gm2_processed.csv","Camb Nenrich M","CDR",1998,2000,1999,0.283898831629869,0.0265695849513753,3
"CDR_Biomass_1998-2021_gm2_processed.csv","Camb Nenrich M","CDR",1999,2001,2000,0.270673675928221,0.0358246206356252,3
"CDR_Biomass_1998-2021_gm2_processed.csv","Camb Nenrich M","CDR",2000,2002,2001,0.22824170581018,0.016622388949373,3
"CDR_Biomass_1998-2021_gm2_processed.csv","Camb Nenrich M","CDR",2001,2003,2002,0.181929375907123,0.0297602641130932,3
"CDR_Biomass_1998-2021_gm2_processed.csv","Camb Nenrich M","CDR",2002,2004,2003,0.169717145834307,0.0254123421141966,3
"CDR_Biomass_1998-2021_gm2_processed.csv","Camb Nenrich M","CDR",2003,2005,2004,0.116502768060759,0.0368535723254699,3
"CDR_Biomass_1998-2021_gm2_processed.csv","Camb Nenrich M","CDR",2004,2006,2005,0.101527389885528,0.0386425620353867,3
"CDR_Biomass_1998-2021_gm2_processed.csv","Camb Nenrich M","CDR",2005,2007,2006,0.0711257354718934,0.0108864929702155,3
"CDR_Biomass_1998-2021_gm2_processed.csv","Camb Nenrich M","CDR",2006,2008,2007,0.0810110929130353,0.00253426089457581,3
"CDR_Biomass_1998-2021_gm2_processed.csv","Camb Nenrich M","CDR",2007,2009,2008,0.0636320325497233,0.0192067355689969,3
"CDR_Biomass_1998-2021_gm2_processed.csv","Camb Nenrich M","CDR",2008,2010,2009,0.0796937702876383,0.031388406062964,3
"CDR_Biomass_1998-2021_gm2_processed.csv","Camb Nenrich M","CDR",2009,2011,2010,0.117724084684633,0.0492578959497192,3
"CDR_Biomass_1998-2021_gm2_processed.csv","Camb Nenrich M","CDR",2010,2012,2011,0.152172650075783,0.0207959291374477,3
"CDR_Biomass_1998-2021_gm2_processed.csv","Camb Nenrich M","CDR",2011,2013,2012,0.160814182840452,0.0187407500377456,3
"CDR_Biomass_1998-2021_gm2_processed.csv","Camb Nenrich M","CDR",2012,2014,2013,0.193382064110595,0.049811773628722,3
"CDR_Biomass_1998-2021_gm2_processed.csv","Camb Nenrich M","CDR",2013,2015,2014,0.18867357424645,0.0529881272444013,3
"CDR_Biomass_1998-2021_gm2_processed.csv","Camb Nenrich M","CDR",2014,2016,2015,0.223894784656841,0.0551381865416688,3
"CDR_Biomass_1998-2021_gm2_processed.csv","Camb Nenrich M","CDR",2015,2017,2016,0.143459248120508,0.0639074388276095,3
"CDR_Biomass_1998-2021_gm2_processed.csv","Camb Nenrich M","CDR",2016,2018,2017,0.180533910624674,0.0662521136391558,3
"CDR_Biomass_1998-2021_gm2_processed.csv","Camb Nenrich M","CDR",2017,2019,2018,0.104589851609322,0.0607266877667177,3
"CDR_Biomass_1998-2021_gm2_processed.csv","Camb Nenrich M","CDR",2018,2020,2019,0.0743789191991665,0.0790460541341567,3
"CDR_Biomass_1998-2021_gm2_processed.csv","Camb Nenrich M","CDR",2019,2021,2020,0.00432464081295239,0.0233532752515155,3
"CDR_Biomass_1998-2021_gm2_processed.csv","Camb Nenrich M H2Oamb","CDR",2007,2009,2008,0.280215972319659,0.0201959606850345,3
"CDR_Biomass_1998-2021_gm2_processed.csv","Camb Nenrich M H2Oamb","CDR",2008,2010,2009,0.259872092619636,0.0393898269765625,3
"CDR_Biomass_1998-2021_gm2_processed.csv","Camb Nenrich M H2Oamb","CDR",2009,2011,2010,0.253923933205123,0.0381426698988741,3
"CDR_Biomass_1998-2021_gm2_processed.csv","Camb Nenrich M H2Oamb","CDR",2010,2013,2011.33333333333,0.281180137391736,0.0619794345610283,3
"CDR_Biomass_1998-2021_gm2_processed.csv","Camb Nenrich M H2Oamb","CDR",2011,2014,2012.66666666667,-0.0605877821788181,0.392549848761292,3
"CDR_Biomass_1998-2021_gm2_processed.csv","Camb Nenrich M H2Oamb","CDR",2013,2015,2014,-0.335685045362684,0.374722334763681,3
"CDR_Biomass_1998-2021_gm2_processed.csv","Camb Nenrich M H2Oamb","CDR",2014,2016,2015,-0.710125093663121,0.081553048366771,3
"CDR_Biomass_1998-2021_gm2_processed.csv","Camb Nenrich M H2Oamb","CDR",2015,2017,2016,-0.763894788166297,0.128967353026554,3
"CDR_Biomass_1998-2021_gm2_processed.csv","Camb Nenrich M H2Oamb","CDR",2016,2018,2017,-1.00089332698113,0.157255410891345,3
"CDR_Biomass_1998-2021_gm2_processed.csv","Camb Nenrich M H2Oamb","CDR",2017,2019,2018,-0.826985845850745,0.320232850750383,3
"CDR_Biomass_1998-2021_gm2_processed.csv","Camb Nenrich M H2Oamb","CDR",2018,2020,2019,-0.270653794409567,0.560324943096396,3
"CDR_Biomass_1998-2021_gm2_processed.csv","Camb Nenrich M H2Oamb","CDR",2019,2021,2020,0.322840924363378,0.268092358745143,3
"CDR_Biomass_1998-2021_gm2_processed.csv","Camb Nenrich M H2Oamb HTamb","CDR",2012,2014,2013,-0.601485750126783,0.102154531636489,3
"CDR_Biomass_1998-2021_gm2_processed.csv","Camb Nenrich M H2Oamb HTamb","CDR",2013,2015,2014,-0.520712684030082,0.0782055523276801,3
"CDR_Biomass_1998-2021_gm2_processed.csv","Camb Nenrich M H2Oamb HTamb","CDR",2014,2016,2015,-0.321412304942991,0.128586474811691,3
"CDR_Biomass_1998-2021_gm2_processed.csv","Camb Nenrich M H2Oamb HTamb","CDR",2015,2017,2016,-0.41200482671404,0.178745836838817,3
"CDR_Biomass_1998-2021_gm2_processed.csv","Camb Nenrich M H2Oamb HTamb","CDR",2016,2018,2017,-0.411159699257257,0.178555273597075,3
"CDR_Biomass_1998-2021_gm2_processed.csv","Camb Nenrich M H2Oamb HTamb","CDR",2017,2019,2018,-0.61166570444247,0.0603939783952747,3
"CDR_Biomass_1998-2021_gm2_processed.csv","Camb Nenrich M H2Oamb HTamb","CDR",2018,2020,2019,-0.687777704520183,0.11870377654567,3
"CDR_Biomass_1998-2021_gm2_processed.csv","Camb Nenrich M H2Oamb HTamb","CDR",2019,2021,2020,-0.681901476636273,0.123620910867498,3
"CDR_Biomass_1998-2021_gm2_processed.csv","Camb Nenrich M H2Oamb HTelv","CDR",2012,2014,2013,0.327802618268678,0.244387691162558,3
"CDR_Biomass_1998-2021_gm2_processed.csv","Camb Nenrich M H2Oamb HTelv","CDR",2013,2015,2014,0.167703394280431,0.28632302245828,3
"CDR_Biomass_1998-2021_gm2_processed.csv","Camb Nenrich M H2Oamb HTelv","CDR",2014,2016,2015,0.409396278796654,0.27263774433823,3
"CDR_Biomass_1998-2021_gm2_processed.csv","Camb Nenrich M H2Oamb HTelv","CDR",2015,2017,2016,0.120421366481072,0.249512586453257,3
"CDR_Biomass_1998-2021_gm2_processed.csv","Camb Nenrich M H2Oamb HTelv","CDR",2016,2018,2017,0.259175262416021,0.215794002664536,3
"CDR_Biomass_1998-2021_gm2_processed.csv","Camb Nenrich M H2Oamb HTelv","CDR",2017,2019,2018,0.0333270382698122,0.127316403039302,3
"CDR_Biomass_1998-2021_gm2_processed.csv","Camb Nenrich M H2Oamb HTelv","CDR",2018,2020,2019,0.156378372302078,0.107940348069093,3
"CDR_Biomass_1998-2021_gm2_processed.csv","Camb Nenrich M H2Oamb HTelv","CDR",2019,2021,2020,0.216421448106956,0.151559961501926,3
"CDR_Biomass_1998-2021_gm2_processed.csv","Camb Nenrich M H2Oneg","CDR",2007,2009,2008,0.0112226600324694,0.0363320720235325,3
"CDR_Biomass_1998-2021_gm2_processed.csv","Camb Nenrich M H2Oneg","CDR",2008,2010,2009,-0.0411960990672549,0.0593312818258657,3
"CDR_Biomass_1998-2021_gm2_processed.csv","Camb Nenrich M H2Oneg","CDR",2009,2011,2010,-0.0734931755835898,0.0320577143356035,3
"CDR_Biomass_1998-2021_gm2_processed.csv","Camb Nenrich M H2Oneg HTamb","CDR",2012,2014,2013,-0.333800821793924,0.130821917549511,3
"CDR_Biomass_1998-2021_gm2_processed.csv","Camb Nenrich M H2Oneg HTamb","CDR",2013,2015,2014,-0.660354065383618,0.1977477495025,3
"CDR_Biomass_1998-2021_gm2_processed.csv","Camb Nenrich M H2Oneg HTamb","CDR",2014,2016,2015,-0.508147020917902,0.31134701127143,3
"CDR_Biomass_1998-2021_gm2_processed.csv","Camb Nenrich M H2Oneg HTamb","CDR",2015,2017,2016,-0.608267775376033,0.324909745836526,3
"CDR_Biomass_1998-2021_gm2_processed.csv","Camb Nenrich M H2Oneg HTamb","CDR",2016,2018,2017,-0.462050268235062,0.24846734136646,3
"CDR_Biomass_1998-2021_gm2_processed.csv","Camb Nenrich M H2Oneg HTamb","CDR",2017,2019,2018,-0.665689946789117,0.0649743976058078,3
"CDR_Biomass_1998-2021_gm2_processed.csv","Camb Nenrich M H2Oneg HTamb","CDR",2018,2021,2019.33333333333,-0.576707141342758,0.0258991831421574,3
"CDR_Biomass_1998-2021_gm2_processed.csv","Camb Nenrich M H2Oneg HTelv","CDR",2012,2014,2013,0.0475689534503949,0.00357558646946854,3
"CDR_Biomass_1998-2021_gm2_processed.csv","Camb Nenrich M H2Oneg HTelv","CDR",2013,2015,2014,-0.141668662258072,0.19268954158565,3
"CDR_Biomass_1998-2021_gm2_processed.csv","Camb Nenrich M H2Oneg HTelv","CDR",2014,2016,2015,-0.117885045543902,0.205709674314163,3
"CDR_Biomass_1998-2021_gm2_processed.csv","Camb Nenrich M H2Oneg HTelv","CDR",2015,2017,2016,-0.250697016513361,0.194266457443265,3
"CDR_Biomass_1998-2021_gm2_processed.csv","Camb Nenrich M H2Oneg HTelv","CDR",2016,2018,2017,-0.00247677668901343,0.175379701300094,3
"CDR_Biomass_1998-2021_gm2_processed.csv","Camb Nenrich M H2Oneg HTelv","CDR",2017,2019,2018,-0.0784386362842667,0.164075984781192,3
"CDR_Biomass_1998-2021_gm2_processed.csv","Camb Nenrich M H2Oneg HTelv","CDR",2018,2021,2019.33333333333,0.052588332318269,0.0929088272677736,3
"CDR_Biomass_1998-2021_gm2_processed.csv","Camb Nenrich S","CDR",1998,2000,1999,0.395141790524153,0.102427195455732,3
"CDR_Biomass_1998-2021_gm2_processed.csv","Camb Nenrich S","CDR",1999,2001,2000,0.511514594953655,0.110395167815952,3
"CDR_Biomass_1998-2021_gm2_processed.csv","Camb Nenrich S","CDR",2000,2002,2001,0.510193569432121,0.109872441649352,3
"CDR_Biomass_1998-2021_gm2_processed.csv","Camb Nenrich S","CDR",2001,2003,2002,0.485963950962837,0.133953731709121,3
"CDR_Biomass_1998-2021_gm2_processed.csv","Camb Nenrich S","CDR",2002,2004,2003,0.272025781824957,0.173875912111154,3
"CDR_Biomass_1998-2021_gm2_processed.csv","Camb Nenrich S","CDR",2003,2005,2004,0.206282191809552,0.115124852049092,3
"CDR_Biomass_1998-2021_gm2_processed.csv","Camb Nenrich S","CDR",2004,2006,2005,0.116505108865139,0.141901039299035,3
"CDR_Biomass_1998-2021_gm2_processed.csv","Camb Nenrich S","CDR",2005,2007,2006,0.0784320832210693,0.161234662453052,3
"CDR_Biomass_1998-2021_gm2_processed.csv","Camb Nenrich S","CDR",2006,2008,2007,-0.0287237667132097,0.0561211405303856,3
"CDR_Biomass_1998-2021_gm2_processed.csv","Camb Nenrich S","CDR",2007,2009,2008,-0.0245842318951358,0.0554881284888413,3
"CDR_Biomass_1998-2021_gm2_processed.csv","Camb Nenrich S","CDR",2008,2010,2009,0.0499973245263347,0.0447696078362312,3
"CDR_Biomass_1998-2021_gm2_processed.csv","Camb Nenrich S","CDR",2009,2011,2010,0.0943934967174861,0.072034435891405,3
"CDR_Biomass_1998-2021_gm2_processed.csv","Camb Nenrich S","CDR",2010,2012,2011,0.231092849368955,0.0764480184634485,3
"CDR_Biomass_1998-2021_gm2_processed.csv","Camb Nenrich S","CDR",2011,2013,2012,0.254974701328859,0.0593867652385652,3
"CDR_Biomass_1998-2021_gm2_processed.csv","Camb Nenrich S","CDR",2012,2014,2013,0.34720730014498,0.0890710648280042,3
"CDR_Biomass_1998-2021_gm2_processed.csv","Camb Nenrich S","CDR",2013,2015,2014,0.330898766701555,0.0882367828036681,3
"CDR_Biomass_1998-2021_gm2_processed.csv","Camb Nenrich S","CDR",2014,2016,2015,0.38462279734884,0.0516010298042279,3
"CDR_Biomass_1998-2021_gm2_processed.csv","Camb Nenrich S","CDR",2015,2017,2016,0.331566557820373,0.00584964803110679,3
"CDR_Biomass_1998-2021_gm2_processed.csv","Camb Nenrich S","CDR",2016,2018,2017,0.297250415524795,0.0385112606605722,3
"CDR_Biomass_1998-2021_gm2_processed.csv","Camb Nenrich S","CDR",2017,2019,2018,0.21401795494455,0.067852137685478,3
"CDR_Biomass_1998-2021_gm2_processed.csv","Camb Nenrich S","CDR",2018,2021,2019.33333333333,0.0908528518779396,0.0756878484905369,3
"CDR_Biomass_1998-2021_gm2_processed.csv","Cenrich Namb M","CDR",1998,2000,1999,0.188039911745762,0.060974871825703,3
"CDR_Biomass_1998-2021_gm2_processed.csv","Cenrich Namb M","CDR",1999,2001,2000,0.164081915017111,0.0782582189081157,3
"CDR_Biomass_1998-2021_gm2_processed.csv","Cenrich Namb M","CDR",2000,2002,2001,0.176267639447167,0.0776429583199222,3
"CDR_Biomass_1998-2021_gm2_processed.csv","Cenrich Namb M","CDR",2001,2003,2002,0.130579911712015,0.0455254485032331,3
"CDR_Biomass_1998-2021_gm2_processed.csv","Cenrich Namb M","CDR",2002,2004,2003,0.18899034559515,0.0132247394010333,3
"CDR_Biomass_1998-2021_gm2_processed.csv","Cenrich Namb M","CDR",2003,2005,2004,0.172842017417864,0.0239049168913979,3
"CDR_Biomass_1998-2021_gm2_processed.csv","Cenrich Namb M","CDR",2004,2006,2005,0.136011002356805,0.0444774605088493,3
"CDR_Biomass_1998-2021_gm2_processed.csv","Cenrich Namb M","CDR",2005,2007,2006,0.140196922530981,0.0482290419294696,3
"CDR_Biomass_1998-2021_gm2_processed.csv","Cenrich Namb M","CDR",2006,2008,2007,0.118595068262527,0.0544682690197876,3
"CDR_Biomass_1998-2021_gm2_processed.csv","Cenrich Namb M","CDR",2007,2009,2008,0.103303045656772,0.0638876284134888,3
"CDR_Biomass_1998-2021_gm2_processed.csv","Cenrich Namb M","CDR",2008,2010,2009,-0.0185994663376586,0.0616894977994641,3
"CDR_Biomass_1998-2021_gm2_processed.csv","Cenrich Namb M","CDR",2009,2011,2010,0.0020277925002095,0.0774828663746872,3
"CDR_Biomass_1998-2021_gm2_processed.csv","Cenrich Namb M","CDR",2010,2012,2011,0.00662879663456216,0.0780060593180727,3
"CDR_Biomass_1998-2021_gm2_processed.csv","Cenrich Namb M","CDR",2011,2013,2012,0.10518543587149,0.0389975956341755,3
"CDR_Biomass_1998-2021_gm2_processed.csv","Cenrich Namb M","CDR",2012,2014,2013,0.119307060808522,0.0453821816518949,3
"CDR_Biomass_1998-2021_gm2_processed.csv","Cenrich Namb M","CDR",2013,2015,2014,0.117672907812337,0.0470099357662258,3
"CDR_Biomass_1998-2021_gm2_processed.csv","Cenrich Namb M","CDR",2014,2016,2015,0.153188849599494,0.0698813960343197,3
"CDR_Biomass_1998-2021_gm2_processed.csv","Cenrich Namb M","CDR",2015,2017,2016,0.169680968319053,0.0738828472733135,3
"CDR_Biomass_1998-2021_gm2_processed.csv","Cenrich Namb M","CDR",2016,2018,2017,0.197523323517478,0.0466691011187106,3
"CDR_Biomass_1998-2021_gm2_processed.csv","Cenrich Namb M","CDR",2017,2019,2018,0.178189061460015,0.0355938882798046,3
"CDR_Biomass_1998-2021_gm2_processed.csv","Cenrich Namb M","CDR",2018,2020,2019,0.0498228969136347,0.110645139498043,3
"CDR_Biomass_1998-2021_gm2_processed.csv","Cenrich Namb M","CDR",2019,2021,2020,0.0417832435220904,0.108825519622533,3
"CDR_Biomass_1998-2021_gm2_processed.csv","Cenrich Namb M H2Oamb","CDR",2007,2009,2008,0.43478499243906,0.10456285892046,3
"CDR_Biomass_1998-2021_gm2_processed.csv","Cenrich Namb M H2Oamb","CDR",2008,2010,2009,0.372353276213511,0.0473238119218201,3
"CDR_Biomass_1998-2021_gm2_processed.csv","Cenrich Namb M H2Oamb","CDR",2009,2011,2010,0.215250179107128,0.201189908676026,3
"CDR_Biomass_1998-2021_gm2_processed.csv","Cenrich Namb M H2Oamb HTamb","CDR",2012,2014,2013,-0.468470357033307,0.175342037798125,3
"CDR_Biomass_1998-2021_gm2_processed.csv","Cenrich Namb M H2Oamb HTamb","CDR",2013,2015,2014,-0.5129742714656,0.170999038715448,3
"CDR_Biomass_1998-2021_gm2_processed.csv","Cenrich Namb M H2Oamb HTamb","CDR",2014,2016,2015,-0.385558544966796,0.289614983599819,3
"CDR_Biomass_1998-2021_gm2_processed.csv","Cenrich Namb M H2Oamb HTamb","CDR",2015,2017,2016,0.0864168611558378,0.330614888765875,3
"CDR_Biomass_1998-2021_gm2_processed.csv","Cenrich Namb M H2Oamb HTamb","CDR",2016,2018,2017,-0.0117635016553595,0.42290081952949,3
"CDR_Biomass_1998-2021_gm2_processed.csv","Cenrich Namb M H2Oamb HTamb","CDR",2017,2019,2018,-0.131729665490025,0.413947324992178,3
"CDR_Biomass_1998-2021_gm2_processed.csv","Cenrich Namb M H2Oamb HTamb","CDR",2018,2020,2019,-0.317836074108417,0.259855189007498,3
"CDR_Biomass_1998-2021_gm2_processed.csv","Cenrich Namb M H2Oamb HTamb","CDR",2019,2021,2020,-0.188710186421739,0.139948477836367,3
"CDR_Biomass_1998-2021_gm2_processed.csv","Cenrich Namb M H2Oamb HTelv","CDR",2012,2014,2013,0.370107268216711,0.045579860742041,3
"CDR_Biomass_1998-2021_gm2_processed.csv","Cenrich Namb M H2Oamb HTelv","CDR",2013,2015,2014,0.232895008984417,0.11398369077012,3
"CDR_Biomass_1998-2021_gm2_processed.csv","Cenrich Namb M H2Oamb HTelv","CDR",2014,2016,2015,0.280577189988604,0.132356211051106,3
"CDR_Biomass_1998-2021_gm2_processed.csv","Cenrich Namb M H2Oamb HTelv","CDR",2015,2017,2016,0.252794468083397,0.12208591422976,3
"CDR_Biomass_1998-2021_gm2_processed.csv","Cenrich Namb M H2Oamb HTelv","CDR",2016,2018,2017,0.276852586632931,0.0989454976720375,3
"CDR_Biomass_1998-2021_gm2_processed.csv","Cenrich Namb M H2Oamb HTelv","CDR",2017,2019,2018,0.017198751585321,0.198031820032309,3
"CDR_Biomass_1998-2021_gm2_processed.csv","Cenrich Namb M H2Oamb HTelv","CDR",2018,2020,2019,0.00103764048338791,0.186008621848444,3
"CDR_Biomass_1998-2021_gm2_processed.csv","Cenrich Namb M H2Oamb HTelv","CDR",2019,2021,2020,0.0707278945635925,0.213396374037102,3
"CDR_Biomass_1998-2021_gm2_processed.csv","Cenrich Namb M H2Oneg","CDR",2007,2009,2008,0.127881093271399,0.17242208595762,3
"CDR_Biomass_1998-2021_gm2_processed.csv","Cenrich Namb M H2Oneg","CDR",2008,2010,2009,0.0791445339173286,0.149116416753626,3
"CDR_Biomass_1998-2021_gm2_processed.csv","Cenrich Namb M H2Oneg","CDR",2009,2011,2010,-0.0514523471995782,0.120745382295029,3
"CDR_Biomass_1998-2021_gm2_processed.csv","Cenrich Namb M H2Oneg HTamb","CDR",2012,2014,2013,0.0443668021888431,0.102696310561041,3
"CDR_Biomass_1998-2021_gm2_processed.csv","Cenrich Namb M H2Oneg HTamb","CDR",2013,2015,2014,-0.161045169399131,0.132969392782033,3
"CDR_Biomass_1998-2021_gm2_processed.csv","Cenrich Namb M H2Oneg HTamb","CDR",2014,2016,2015,-0.178371736534802,0.132721790159388,3
"CDR_Biomass_1998-2021_gm2_processed.csv","Cenrich Namb M H2Oneg HTamb","CDR",2015,2017,2016,-0.281864767506456,0.0621740997257874,3
"CDR_Biomass_1998-2021_gm2_processed.csv","Cenrich Namb M H2Oneg HTamb","CDR",2016,2018,2017,-0.228941493297029,0.0187474199380888,3
"CDR_Biomass_1998-2021_gm2_processed.csv","Cenrich Namb M H2Oneg HTamb","CDR",2017,2019,2018,-0.294584917282171,0.0472132597618621,3
"CDR_Biomass_1998-2021_gm2_processed.csv","Cenrich Namb M H2Oneg HTamb","CDR",2018,2021,2019.33333333333,-0.19493193551886,0.127880059866633,3
"CDR_Biomass_1998-2021_gm2_processed.csv","Cenrich Namb M H2Oneg HTelv","CDR",2012,2014,2013,-0.0254426643302908,0.148002238933329,3
"CDR_Biomass_1998-2021_gm2_processed.csv","Cenrich Namb M H2Oneg HTelv","CDR",2013,2015,2014,-0.0259469322162983,0.148458923014149,3
"CDR_Biomass_1998-2021_gm2_processed.csv","Cenrich Namb M H2Oneg HTelv","CDR",2014,2016,2015,-0.00043176625181171,0.152790232415069,3
"CDR_Biomass_1998-2021_gm2_processed.csv","Cenrich Namb M H2Oneg HTelv","CDR",2015,2017,2016,-0.162765916464032,0.11971780009686,3
"CDR_Biomass_1998-2021_gm2_processed.csv","Cenrich Namb M H2Oneg HTelv","CDR",2016,2018,2017,-0.0695169100544584,0.10345456134634,3
"CDR_Biomass_1998-2021_gm2_processed.csv","Cenrich Namb M H2Oneg HTelv","CDR",2017,2019,2018,-0.231144934590769,0.115199887569488,3
"CDR_Biomass_1998-2021_gm2_processed.csv","Cenrich Namb M H2Oneg HTelv","CDR",2018,2021,2019.33333333333,-0.254149939606729,0.121179559542659,3
"CDR_Biomass_1998-2021_gm2_processed.csv","Cenrich Namb S","CDR",1998,2000,1999,0.147916249646074,0.122492039940436,3
"CDR_Biomass_1998-2021_gm2_processed.csv","Cenrich Namb S","CDR",1999,2001,2000,0.225784378316372,0.104118478560015,3
"CDR_Biomass_1998-2021_gm2_processed.csv","Cenrich Namb S","CDR",2000,2002,2001,0.251246380754508,0.125453250846168,3
"CDR_Biomass_1998-2021_gm2_processed.csv","Cenrich Namb S","CDR",2001,2003,2002,0.199997018182511,0.171679028036441,3
"CDR_Biomass_1998-2021_gm2_processed.csv","Cenrich Namb S","CDR",2002,2004,2003,0.232989852177109,0.179493629688564,3
"CDR_Biomass_1998-2021_gm2_processed.csv","Cenrich Namb S","CDR",2003,2005,2004,0.230065544092918,0.177584203952434,3
"CDR_Biomass_1998-2021_gm2_processed.csv","Cenrich Namb S","CDR",2004,2006,2005,0.230082547289394,0.177567480549189,3
"CDR_Biomass_1998-2021_gm2_processed.csv","Cenrich Namb S","CDR",2005,2007,2006,0.203938237688422,0.170588751471586,3
"CDR_Biomass_1998-2021_gm2_processed.csv","Cenrich Namb S","CDR",2006,2008,2007,0.118037033543441,0.120242170142315,3
"CDR_Biomass_1998-2021_gm2_processed.csv","Cenrich Namb S","CDR",2007,2009,2008,0.123690394797555,0.114668688488914,3
"CDR_Biomass_1998-2021_gm2_processed.csv","Cenrich Namb S","CDR",2008,2010,2009,0.0650847566249252,0.0892542252221542,3
"CDR_Biomass_1998-2021_gm2_processed.csv","Cenrich Namb S","CDR",2009,2011,2010,-0.00640452157804717,0.0569805204063416,3
"CDR_Biomass_1998-2021_gm2_processed.csv","Cenrich Namb S","CDR",2010,2012,2011,0.104382641419244,0.0700168402347934,3
"CDR_Biomass_1998-2021_gm2_processed.csv","Cenrich Namb S","CDR",2011,2013,2012,0.117366545428941,0.0703417185829068,3
"CDR_Biomass_1998-2021_gm2_processed.csv","Cenrich Namb S","CDR",2012,2014,2013,0.180519367253965,0.0278240945916524,3
"CDR_Biomass_1998-2021_gm2_processed.csv","Cenrich Namb S","CDR",2013,2015,2014,0.065189104173665,0.0914086238893733,3
"CDR_Biomass_1998-2021_gm2_processed.csv","Cenrich Namb S","CDR",2014,2016,2015,-0.00831336963067019,0.0933300031898304,3
"CDR_Biomass_1998-2021_gm2_processed.csv","Cenrich Namb S","CDR",2015,2017,2016,-0.0178337517146144,0.0838530351270544,3
"CDR_Biomass_1998-2021_gm2_processed.csv","Cenrich Namb S","CDR",2016,2018,2017,0.124620474620066,0.115576091116584,3
"CDR_Biomass_1998-2021_gm2_processed.csv","Cenrich Namb S","CDR",2017,2019,2018,0.280678435334761,0.0688641053462563,3
"CDR_Biomass_1998-2021_gm2_processed.csv","Cenrich Namb S","CDR",2018,2021,2019.33333333333,0.322012588734663,0.031762016809102,3
"CDR_Biomass_1998-2021_gm2_processed.csv","Cenrich Nenrich M","CDR",1998,2000,1999,0.371825033738911,0.0285999511404555,3
"CDR_Biomass_1998-2021_gm2_processed.csv","Cenrich Nenrich M","CDR",1999,2001,2000,0.389257163956657,0.0177613713760337,3
"CDR_Biomass_1998-2021_gm2_processed.csv","Cenrich Nenrich M","CDR",2000,2002,2001,0.414580328419438,0.0190555375668319,3
"CDR_Biomass_1998-2021_gm2_processed.csv","Cenrich Nenrich M","CDR",2001,2003,2002,0.392713426543976,0.0251650539724512,3
"CDR_Biomass_1998-2021_gm2_processed.csv","Cenrich Nenrich M","CDR",2002,2004,2003,0.410129074984956,0.0260378139195528,3
"CDR_Biomass_1998-2021_gm2_processed.csv","Cenrich Nenrich M","CDR",2003,2005,2004,0.34893056743193,0.0498590626306658,3
"CDR_Biomass_1998-2021_gm2_processed.csv","Cenrich Nenrich M","CDR",2004,2006,2005,0.312923872547267,0.0586357497073429,3
"CDR_Biomass_1998-2021_gm2_processed.csv","Cenrich Nenrich M","CDR",2005,2007,2006,0.309656909432455,0.0553712850807546,3
"CDR_Biomass_1998-2021_gm2_processed.csv","Cenrich Nenrich M","CDR",2006,2008,2007,0.341668970269456,0.0494284792408181,3
"CDR_Biomass_1998-2021_gm2_processed.csv","Cenrich Nenrich M","CDR",2007,2009,2008,0.372447358109523,0.0241571843531261,3
"CDR_Biomass_1998-2021_gm2_processed.csv","Cenrich Nenrich M","CDR",2008,2010,2009,0.267770795552772,0.0808126060828742,3
"CDR_Biomass_1998-2021_gm2_processed.csv","Cenrich Nenrich M","CDR",2009,2011,2010,0.273812657377267,0.0841993473524554,3
"CDR_Biomass_1998-2021_gm2_processed.csv","Cenrich Nenrich M","CDR",2010,2012,2011,0.307472862483849,0.10268830781677,3
"CDR_Biomass_1998-2021_gm2_processed.csv","Cenrich Nenrich M","CDR",2011,2013,2012,0.39773163056482,0.0230677964837528,3
"CDR_Biomass_1998-2021_gm2_processed.csv","Cenrich Nenrich M","CDR",2012,2014,2013,0.455421525772539,0.0489495542481021,3
"CDR_Biomass_1998-2021_gm2_processed.csv","Cenrich Nenrich M","CDR",2013,2015,2014,0.375830734907031,0.0982687114958136,3
"CDR_Biomass_1998-2021_gm2_processed.csv","Cenrich Nenrich M","CDR",2014,2016,2015,0.359955337414418,0.0994450092057616,3
"CDR_Biomass_1998-2021_gm2_processed.csv","Cenrich Nenrich M","CDR",2015,2017,2016,0.294224118389192,0.0449335020515097,3
"CDR_Biomass_1998-2021_gm2_processed.csv","Cenrich Nenrich M","CDR",2016,2018,2017,0.344925365007017,0.00816166169846946,3
"CDR_Biomass_1998-2021_gm2_processed.csv","Cenrich Nenrich M","CDR",2017,2019,2018,0.311571124663155,0.0411818771832427,3
"CDR_Biomass_1998-2021_gm2_processed.csv","Cenrich Nenrich M","CDR",2018,2020,2019,0.138810565755462,0.158774717033656,3
"CDR_Biomass_1998-2021_gm2_processed.csv","Cenrich Nenrich M","CDR",2019,2021,2020,-0.0198085352532494,0.125465589932852,3
"CDR_Biomass_1998-2021_gm2_processed.csv","Cenrich Nenrich M H2Oamb","CDR",2007,2009,2008,0.0951544389857208,0.138779514841156,3
"CDR_Biomass_1998-2021_gm2_processed.csv","Cenrich Nenrich M H2Oamb","CDR",2008,2010,2009,0.125113733859231,0.167660830649411,3
"CDR_Biomass_1998-2021_gm2_processed.csv","Cenrich Nenrich M H2Oamb","CDR",2009,2011,2010,0.191489651145983,0.162412235355254,3
"CDR_Biomass_1998-2021_gm2_processed.csv","Cenrich Nenrich M H2Oamb HTamb","CDR",2012,2014,2013,0.0467081572900491,0.236695885989236,3
"CDR_Biomass_1998-2021_gm2_processed.csv","Cenrich Nenrich M H2Oamb HTamb","CDR",2013,2015,2014,-0.232108180076139,0.108276767557014,3
"CDR_Biomass_1998-2021_gm2_processed.csv","Cenrich Nenrich M H2Oamb HTamb","CDR",2014,2016,2015,-0.0575379145687781,0.282713086879707,3
"CDR_Biomass_1998-2021_gm2_processed.csv","Cenrich Nenrich M H2Oamb HTamb","CDR",2015,2017,2016,-0.0700542959799348,0.288915777944742,3
"CDR_Biomass_1998-2021_gm2_processed.csv","Cenrich Nenrich M H2Oamb HTamb","CDR",2016,2018,2017,0.0634827107432883,0.252288809119018,3
"CDR_Biomass_1998-2021_gm2_processed.csv","Cenrich Nenrich M H2Oamb HTamb","CDR",2017,2019,2018,-0.111648656777359,0.128531589175664,3
"CDR_Biomass_1998-2021_gm2_processed.csv","Cenrich Nenrich M H2Oamb HTamb","CDR",2018,2020,2019,0.043245848821172,0.0337375382888832,3
"CDR_Biomass_1998-2021_gm2_processed.csv","Cenrich Nenrich M H2Oamb HTamb","CDR",2019,2021,2020,0.00978588040119323,0.0456007973670913,3
"CDR_Biomass_1998-2021_gm2_processed.csv","Cenrich Nenrich M H2Oamb HTelv","CDR",2012,2014,2013,0.67298427476819,0.0714596437774772,3
"CDR_Biomass_1998-2021_gm2_processed.csv","Cenrich Nenrich M H2Oamb HTelv","CDR",2013,2015,2014,0.338361488343426,0.278119335377363,3
"CDR_Biomass_1998-2021_gm2_processed.csv","Cenrich Nenrich M H2Oamb HTelv","CDR",2014,2016,2015,0.165990159908223,0.267380079443009,3
"CDR_Biomass_1998-2021_gm2_processed.csv","Cenrich Nenrich M H2Oamb HTelv","CDR",2015,2017,2016,0.0633484701288903,0.170322055740086,3
"CDR_Biomass_1998-2021_gm2_processed.csv","Cenrich Nenrich M H2Oamb HTelv","CDR",2016,2018,2017,0.205287503756265,0.100255674809925,3
"CDR_Biomass_1998-2021_gm2_processed.csv","Cenrich Nenrich M H2Oamb HTelv","CDR",2017,2019,2018,0.0748410597332139,0.224155109574337,3
"CDR_Biomass_1998-2021_gm2_processed.csv","Cenrich Nenrich M H2Oamb HTelv","CDR",2018,2020,2019,-0.0668460396767283,0.166880322481452,3
"CDR_Biomass_1998-2021_gm2_processed.csv","Cenrich Nenrich M H2Oamb HTelv","CDR",2019,2021,2020,-0.157274552120267,0.103250548937538,3
"CDR_Biomass_1998-2021_gm2_processed.csv","Cenrich Nenrich M H2Oneg","CDR",2007,2009,2008,0.275904469533161,0.116025992660019,3
"CDR_Biomass_1998-2021_gm2_processed.csv","Cenrich Nenrich M H2Oneg","CDR",2008,2010,2009,0.223529767663121,0.0778276311267024,3
"CDR_Biomass_1998-2021_gm2_processed.csv","Cenrich Nenrich M H2Oneg","CDR",2009,2011,2010,0.19923936749938,0.0710068685737159,3
"CDR_Biomass_1998-2021_gm2_processed.csv","Cenrich Nenrich M H2Oneg HTamb","CDR",2012,2014,2013,0.11933311284605,0.142114155063071,3
"CDR_Biomass_1998-2021_gm2_processed.csv","Cenrich Nenrich M H2Oneg HTamb","CDR",2013,2015,2014,-0.00772698958924191,0.176544383247348,3
"CDR_Biomass_1998-2021_gm2_processed.csv","Cenrich Nenrich M H2Oneg HTamb","CDR",2014,2016,2015,0.266629189946608,0.262446409071442,3
"CDR_Biomass_1998-2021_gm2_processed.csv","Cenrich Nenrich M H2Oneg HTamb","CDR",2015,2017,2016,0.125409147990697,0.279453519753956,3
"CDR_Biomass_1998-2021_gm2_processed.csv","Cenrich Nenrich M H2Oneg HTamb","CDR",2016,2018,2017,0.198656481534476,0.240989506253006,3
"CDR_Biomass_1998-2021_gm2_processed.csv","Cenrich Nenrich M H2Oneg HTamb","CDR",2017,2019,2018,-0.0699935682990467,0.0368269809452809,3
"CDR_Biomass_1998-2021_gm2_processed.csv","Cenrich Nenrich M H2Oneg HTamb","CDR",2018,2021,2019.33333333333,-0.0763649037115269,0.0383067064495994,3
"CDR_Biomass_1998-2021_gm2_processed.csv","Cenrich Nenrich M H2Oneg HTelv","CDR",2012,2014,2013,0.355085207146517,0.1180281368664,3
"CDR_Biomass_1998-2021_gm2_processed.csv","Cenrich Nenrich M H2Oneg HTelv","CDR",2013,2015,2014,0.288483713258904,0.163423995333564,3
"CDR_Biomass_1998-2021_gm2_processed.csv","Cenrich Nenrich M H2Oneg HTelv","CDR",2014,2016,2015,0.397081074584922,0.267118597726774,3
"CDR_Biomass_1998-2021_gm2_processed.csv","Cenrich Nenrich M H2Oneg HTelv","CDR",2015,2017,2016,0.469395353143517,0.256011439096212,3
"CDR_Biomass_1998-2021_gm2_processed.csv","Cenrich Nenrich M H2Oneg HTelv","CDR",2016,2018,2017,0.536488813573527,0.201409377206372,3
"CDR_Biomass_1998-2021_gm2_processed.csv","Cenrich Nenrich M H2Oneg HTelv","CDR",2017,2019,2018,0.350612126395938,0.0665427164292812,3
"CDR_Biomass_1998-2021_gm2_processed.csv","Cenrich Nenrich M H2Oneg HTelv","CDR",2018,2021,2019.33333333333,0.443792348033792,0.153068342545286,3
"CDR_Biomass_1998-2021_gm2_processed.csv","Cenrich Nenrich S","CDR",1998,2000,1999,0.502131750587547,0.0880365020130645,3
"CDR_Biomass_1998-2021_gm2_processed.csv","Cenrich Nenrich S","CDR",1999,2001,2000,0.4989483160943,0.0884088525439004,3
"CDR_Biomass_1998-2021_gm2_processed.csv","Cenrich Nenrich S","CDR",2000,2002,2001,0.487512904854753,0.0779459142757247,3
"CDR_Biomass_1998-2021_gm2_processed.csv","Cenrich Nenrich S","CDR",2001,2003,2002,0.600754180111455,0.0660340859833158,3
"CDR_Biomass_1998-2021_gm2_processed.csv","Cenrich Nenrich S","CDR",2002,2004,2003,0.532667641844559,0.132475661169852,3
"CDR_Biomass_1998-2021_gm2_processed.csv","Cenrich Nenrich S","CDR",2003,2005,2004,0.450013392016262,0.128367886399503,3
"CDR_Biomass_1998-2021_gm2_processed.csv","Cenrich Nenrich S","CDR",2004,2006,2005,0.292502594312793,0.045754533847385,3
"CDR_Biomass_1998-2021_gm2_processed.csv","Cenrich Nenrich S","CDR",2005,2007,2006,0.22618293744593,0.0890315539139542,3
"CDR_Biomass_1998-2021_gm2_processed.csv","Cenrich Nenrich S","CDR",2006,2008,2007,0.212299650597683,0.0773265660479598,3
"CDR_Biomass_1998-2021_gm2_processed.csv","Cenrich Nenrich S","CDR",2007,2009,2008,0.15716256341758,0.090810651563667,3
"CDR_Biomass_1998-2021_gm2_processed.csv","Cenrich Nenrich S","CDR",2008,2010,2009,0.223756978147181,0.0836895253796958,3
"CDR_Biomass_1998-2021_gm2_processed.csv","Cenrich Nenrich S","CDR",2009,2011,2010,0.265126490652495,0.116057671353904,3
"CDR_Biomass_1998-2021_gm2_processed.csv","Cenrich Nenrich S","CDR",2010,2012,2011,0.363816719723008,0.0552687417833491,3
"CDR_Biomass_1998-2021_gm2_processed.csv","Cenrich Nenrich S","CDR",2011,2013,2012,0.379087922445273,0.0433702907431122,3
"CDR_Biomass_1998-2021_gm2_processed.csv","Cenrich Nenrich S","CDR",2012,2014,2013,0.312905388811297,0.026871365704943,3
"CDR_Biomass_1998-2021_gm2_processed.csv","Cenrich Nenrich S","CDR",2013,2015,2014,0.352851996803622,0.0638617530758565,3
"CDR_Biomass_1998-2021_gm2_processed.csv","Cenrich Nenrich S","CDR",2014,2016,2015,0.319283085094347,0.0799484112546802,3
"CDR_Biomass_1998-2021_gm2_processed.csv","Cenrich Nenrich S","CDR",2015,2017,2016,0.346929821931707,0.0750610055342381,3
"CDR_Biomass_1998-2021_gm2_processed.csv","Cenrich Nenrich S","CDR",2016,2018,2017,0.205283766403734,0.0854385241642814,3
"CDR_Biomass_1998-2021_gm2_processed.csv","Cenrich Nenrich S","CDR",2017,2019,2018,0.211486448841148,0.0860792470264391,3
"CDR_Biomass_1998-2021_gm2_processed.csv","Cenrich Nenrich S","CDR",2018,2021,2019.33333333333,0.161477946823277,0.0559013464279935,3
"GCE1.csv","Disturbed (March-2010)","GCE",2010,2012,2011,-0.360413932363568,0.164884242313557,3
"GCE1.csv","Disturbed (March-2010)","GCE",2011,2013,2012,-0.151747662747576,0.0754977525903389,3
"GCE1.csv","Disturbed (March-2010)","GCE",2012,2014,2013,-0.0588791402215679,0.0272733625592839,3
"GCE1.csv","Disturbed (March-2010)","GCE",2013,2015,2014,-0.0581379502328815,0.0265631572727979,3
"GCE1.csv","Disturbed (March-2010)","GCE",2014,2016,2015,-0.076103869333291,0.0284829018147012,3
"GCE1.csv","Disturbed (March-2010)","GCE",2015,2017,2016,-0.0949899113879931,0.0098293311687832,3
"GCE1.csv","Disturbed (March-2010)","GCE",2016,2018,2017,-0.115121963935016,0.027993192321717,3
"GCE1.csv","Disturbed (March-2010)","GCE",2017,2019,2018,-0.124644339666172,0.0270155090197371,3
"GCE1.csv","Disturbed (March-2010)","GCE",2018,2020,2019,-0.145970312388936,0.0121655268412261,3
"HBR_litterfall_2009-2022_processed.csv","Ca","HBR",2015,2017,2016,-0.0334020132846068,0.010527239758031,3
"HBR_litterfall_2009-2022_processed.csv","Ca","HBR",2016,2019,2017.33333333333,-0.0258671161037948,0.00966490205395784,3
"HBR_litterfall_2009-2022_processed.csv","Ca","HBR",2017,2020,2018.66666666667,-0.00937700980873272,0.0242494503768283,3
"HBR_litterfall_2009-2022_processed.csv","Ca","HBR",2019,2021,2020,-0.00609284440236468,0.0219808017477687,3
"HBR_litterfall_2009-2022_processed.csv","N","HBR",2011,2013,2012,-0.031411287204437,0.0116094357403997,3
"HBR_litterfall_2009-2022_processed.csv","N","HBR",2012,2014,2013,-0.0326956223486023,0.0127761047802703,3
"HBR_litterfall_2009-2022_processed.csv","N","HBR",2013,2015,2014,-0.0306912334661098,0.0144363668868263,3
"HBR_litterfall_2009-2022_processed.csv","N","HBR",2014,2016,2015,-0.0207480339477982,0.0177813982670824,3
"HBR_litterfall_2009-2022_processed.csv","N","HBR",2015,2017,2016,0.0133799315616099,0.016532828398895,3
"HBR_litterfall_2009-2022_processed.csv","N","HBR",2016,2018,2017,0.0293420399220215,0.0147119695912904,3
"HBR_litterfall_2009-2022_processed.csv","N","HBR",2017,2019,2018,0.0487501401292602,0.00492916506757951,3
"HBR_litterfall_2009-2022_processed.csv","N","HBR",2018,2020,2019,0.0605919713318479,0.0116167617614372,3
"HBR_litterfall_2009-2022_processed.csv","N","HBR",2019,2021,2020,0.0685168420294716,0.00695361601000424,3
"HBR_litterfall_2009-2022_processed.csv","NP","HBR",2011,2013,2012,-0.0324978272352545,0.00847717233777852,3
"HBR_litterfall_2009-2022_processed.csv","NP","HBR",2012,2014,2013,-0.0531506350934706,0.0207079328843156,3
"HBR_litterfall_2009-2022_processed.csv","NP","HBR",2013,2015,2014,-0.049675613989144,0.0235969286536009,3
"HBR_litterfall_2009-2022_processed.csv","NP","HBR",2014,2016,2015,-0.0444030982292956,0.0242987822702028,3
"HBR_litterfall_2009-2022_processed.csv","NP","HBR",2015,2017,2016,-0.00730986270928572,0.0153192132532654,3
"HBR_litterfall_2009-2022_processed.csv","NP","HBR",2016,2018,2017,-0.00281166059734967,0.0156734636037854,3
"HBR_litterfall_2009-2022_processed.csv","NP","HBR",2017,2019,2018,0.0196300225651313,0.00879257935522373,3
"HBR_litterfall_2009-2022_processed.csv","NP","HBR",2018,2020,2019,0.00980968624466183,0.0129701074081908,3
"HBR_litterfall_2009-2022_processed.csv","NP","HBR",2019,2021,2020,0.0314342318753347,0.0226487597964563,3
"HBR_litterfall_2009-2022_processed.csv","P","HBR",2011,2013,2012,-0.0611527492934477,0.00988914884839995,3
"HBR_litterfall_2009-2022_processed.csv","P","HBR",2012,2014,2013,-0.0714102498484041,0.0146487643478372,3
"HBR_litterfall_2009-2022_processed.csv","P","HBR",2013,2015,2014,-0.0590435660843774,0.0266988317900831,3
"HBR_litterfall_2009-2022_processed.csv","P","HBR",2014,2016,2015,-0.0478183164095773,0.0250904864717645,3
"HBR_litterfall_2009-2022_processed.csv","P","HBR",2015,2017,2016,-0.0329406890677407,0.0133372275236928,3
"HBR_litterfall_2009-2022_processed.csv","P","HBR",2016,2018,2017,-0.0403494433662508,0.00600400343324335,3
"HBR_litterfall_2009-2022_processed.csv","P","HBR",2017,2019,2018,-0.0295551386169964,0.0106308604683548,3
"HBR_litterfall_2009-2022_processed.csv","P","HBR",2018,2020,2019,-0.0267511733749233,0.00824492586400384,3
"HBR_litterfall_2009-2022_processed.csv","P","HBR",2019,2021,2020,-0.0292003767623821,0.00886229071436117,3
"HFR_soil-respiration_1991-2021_Processed.csv","H","HFR",1991,1993,1992,0.20010687268083,0.0449577131188244,3
"HFR_soil-respiration_1991-2021_Processed.csv","H","HFR",1992,1994,1993,0.163640010914093,0.0179563961478669,3
"HFR_soil-respiration_1991-2021_Processed.csv","H","HFR",1993,1995,1994,0.175190318831631,0.00726176160293547,3
"HFR_soil-respiration_1991-2021_Processed.csv","H","HFR",1994,1996,1995,0.171700823397507,0.00432818111094431,3
"HFR_soil-respiration_1991-2021_Processed.csv","H","HFR",1995,1997,1996,0.13396154117543,0.0369511988277404,3
"HFR_soil-respiration_1991-2021_Processed.csv","H","HFR",1996,1998,1997,0.0802905510993862,0.0516379203398878,3
"HFR_soil-respiration_1991-2021_Processed.csv","H","HFR",1997,1999,1998,-0.0100915017373843,0.0448139382886561,3
"HFR_soil-respiration_1991-2021_Processed.csv","H","HFR",1998,2000,1999,-0.0304651770855506,0.0313746932474837,3
"HFR_soil-respiration_1991-2021_Processed.csv","H","HFR",1999,2001,2000,-0.0557332246119708,0.0281597189442199,3
"HFR_soil-respiration_1991-2021_Processed.csv","H","HFR",2000,2002,2001,-0.0677546825687478,0.0372529974158275,3
"HFR_soil-respiration_1991-2021_Processed.csv","H","HFR",2001,2003,2002,-0.0331734272022069,0.0700468860449285,3
"HFR_soil-respiration_1991-2021_Processed.csv","H","HFR",2002,2004,2003,-0.0172968275293626,0.0672276128910801,3
"HFR_soil-respiration_1991-2021_Processed.csv","H","HFR",2003,2005,2004,0.0096731005868631,0.0471954140689471,3
"HFR_soil-respiration_1991-2021_Processed.csv","H","HFR",2004,2006,2005,-0.0151784378742298,0.022840048533499,3
"HFR_soil-respiration_1991-2021_Processed.csv","H","HFR",2005,2007,2006,0.0458044344968121,0.0599420632648296,3
"HFR_soil-respiration_1991-2021_Processed.csv","H","HFR",2006,2008,2007,0.124721245767834,0.0488965361951331,3
"HFR_soil-respiration_1991-2021_Processed.csv","H","HFR",2007,2009,2008,0.116175390202471,0.0573173594884857,3
"HFR_soil-respiration_1991-2021_Processed.csv","H","HFR",2008,2010,2009,0.0252548569095463,0.0884658614139599,3
"HFR_soil-respiration_1991-2021_Processed.csv","H","HFR",2009,2011,2010,-0.00508814047685193,0.0616153826191637,3
"HFR_soil-respiration_1991-2021_Processed.csv","H","HFR",2010,2012,2011,-0.00327194271322036,0.0617607355076463,3
"HFR_soil-respiration_1991-2021_Processed.csv","H","HFR",2011,2013,2012,0.0460522245530469,0.0265763073533064,3
"HFR_soil-respiration_1991-2021_Processed.csv","H","HFR",2012,2014,2013,0.013499117048729,0.00976068092239325,3
"HFR_soil-respiration_1991-2021_Processed.csv","H","HFR",2013,2015,2014,-0.0112009225289396,0.0288246626539604,3
"HFR_soil-respiration_1991-2021_Processed.csv","H","HFR",2014,2016,2015,-0.0906599749359526,0.0606882415015786,3
"HFR_soil-respiration_1991-2021_Processed.csv","H","HFR",2015,2017,2016,-0.113213394806575,0.0464050294522441,3
"HFR_soil-respiration_1991-2021_Processed.csv","H","HFR",2016,2018,2017,-0.122496418842431,0.042407136929672,3
"HFR_soil-respiration_1991-2021_Processed.csv","H","HFR",2017,2019,2018,-0.0771299358684698,0.00822022785945392,3
"HFR_soil-respiration_1991-2021_Processed.csv","H","HFR",2018,2020,2019,-0.0725560222298036,0.0114240274994867,3
"HFR_soil-respiration_1991-2021_Processed.csv","H","HFR",2019,2021,2020,-0.0774986076265636,0.0160812942188894,3
"KBS_Biomass_1990-2022_processed.csv","T1","KBS",1990,1992,1991,0.350296959865782,0.235535632632151,3
"KBS_Biomass_1990-2022_processed.csv","T1","KBS",1991,1993,1992,0.564435397403785,0.116388719804793,3
"KBS_Biomass_1990-2022_processed.csv","T1","KBS",1992,1994,1993,0.334501680052986,0.149379240986699,3
"KBS_Biomass_1990-2022_processed.csv","T1","KBS",1993,1995,1994,0.407058402239062,0.170339660501382,3
"KBS_Biomass_1990-2022_processed.csv","T1","KBS",1994,1996,1995,0.228687270249524,0.171730294998551,3
"KBS_Biomass_1990-2022_processed.csv","T1","KBS",1995,1997,1996,0.25213555036661,0.161977167732856,3
"KBS_Biomass_1990-2022_processed.csv","T1","KBS",1996,1998,1997,0.388619681959549,0.297519313889305,3
"KBS_Biomass_1990-2022_processed.csv","T1","KBS",1997,1999,1998,0.303066726913484,0.353564813755058,3
"KBS_Biomass_1990-2022_processed.csv","T1","KBS",1998,2000,1999,0.205686133129755,0.388180468050267,3
"KBS_Biomass_1990-2022_processed.csv","T1","KBS",1999,2001,2000,0.0270533619891794,0.209810997208217,3
"KBS_Biomass_1990-2022_processed.csv","T1","KBS",2000,2002,2001,0.139277369241594,0.173559644217945,3
"KBS_Biomass_1990-2022_processed.csv","T1","KBS",2001,2003,2002,0.347995629780645,0.110407731338919,3
"KBS_Biomass_1990-2022_processed.csv","T1","KBS",2002,2004,2003,0.356015861322915,0.114177250580667,3
"KBS_Biomass_1990-2022_processed.csv","T1","KBS",2003,2005,2004,0.388031223898568,0.0821620936317451,3
"KBS_Biomass_1990-2022_processed.csv","T1","KBS",2004,2006,2005,0.230307883149592,0.136285234631961,3
"KBS_Biomass_1990-2022_processed.csv","T1","KBS",2005,2007,2006,0.156364837692343,0.0796736634879267,3
"KBS_Biomass_1990-2022_processed.csv","T1","KBS",2006,2008,2007,0.212671047647901,0.115369616919136,3
"KBS_Biomass_1990-2022_processed.csv","T1","KBS",2007,2009,2008,0.277291395019418,0.059912530041896,3
"KBS_Biomass_1990-2022_processed.csv","T1","KBS",2008,2010,2009,0.30664301294921,0.0598690135093857,3
"KBS_Biomass_1990-2022_processed.csv","T1","KBS",2009,2011,2010,0.318452077441615,0.0688414468452824,3
"KBS_Biomass_1990-2022_processed.csv","T1","KBS",2010,2012,2011,0.311374381645563,0.0754179945841555,3
"KBS_Biomass_1990-2022_processed.csv","T1","KBS",2011,2013,2012,0.429848146223657,0.150398540433212,3
"KBS_Biomass_1990-2022_processed.csv","T1","KBS",2012,2014,2013,0.459916777028398,0.153198909344222,3
"KBS_Biomass_1990-2022_processed.csv","T1","KBS",2013,2015,2014,0.513569280684069,0.103957897162064,3
"KBS_Biomass_1990-2022_processed.csv","T1","KBS",2014,2016,2015,0.537733479260586,0.12523730769281,3
"KBS_Biomass_1990-2022_processed.csv","T1","KBS",2015,2017,2016,0.715178040312281,0.209082594627635,3
"KBS_Biomass_1990-2022_processed.csv","T1","KBS",2016,2018,2017,0.569719227719587,0.347455661407958,3
"KBS_Biomass_1990-2022_processed.csv","T2","KBS",1990,1992,1991,0.424387701872648,0.205211912208194,3
"KBS_Biomass_1990-2022_processed.csv","T2","KBS",1991,1993,1992,0.571760656190512,0.125295595281503,3
"KBS_Biomass_1990-2022_processed.csv","T2","KBS",1992,1994,1993,0.269094891748409,0.193220122921349,3
"KBS_Biomass_1990-2022_processed.csv","T2","KBS",1993,1995,1994,0.335770205599195,0.220611484712241,3
"KBS_Biomass_1990-2022_processed.csv","T2","KBS",1994,1996,1995,0.203425040811117,0.19790897256827,3
"KBS_Biomass_1990-2022_processed.csv","T2","KBS",1995,1997,1996,0.286345062508246,0.143054990268154,3
"KBS_Biomass_1990-2022_processed.csv","T2","KBS",1996,1998,1997,0.41184427389706,0.268554106834505,3
"KBS_Biomass_1990-2022_processed.csv","T2","KBS",1997,1999,1998,0.26110004153472,0.367955171373124,3
"KBS_Biomass_1990-2022_processed.csv","T2","KBS",1998,2000,1999,0.242737407750191,0.37132711832811,3
"KBS_Biomass_1990-2022_processed.csv","T2","KBS",1999,2001,2000,0.00966796745803308,0.166156822938155,3
"KBS_Biomass_1990-2022_processed.csv","T2","KBS",2000,2002,2001,0.138551378022108,0.0556923960864948,3
"KBS_Biomass_1990-2022_processed.csv","T2","KBS",2001,2003,2002,0.229334451129231,0.0825242896120895,3
"KBS_Biomass_1990-2022_processed.csv","T2","KBS",2002,2004,2003,0.304520221909388,0.11831171728278,3
"KBS_Biomass_1990-2022_processed.csv","T2","KBS",2003,2005,2004,0.374004905386194,0.0551071418148346,3
"KBS_Biomass_1990-2022_processed.csv","T2","KBS",2004,2006,2005,0.301921534859139,0.0957731018313801,3
"KBS_Biomass_1990-2022_processed.csv","T2","KBS",2005,2007,2006,0.331908399795897,0.123575133377878,3
"KBS_Biomass_1990-2022_processed.csv","T2","KBS",2006,2008,2007,0.40129915177872,0.129932846224863,3
"KBS_Biomass_1990-2022_processed.csv","T2","KBS",2007,2009,2008,0.435864911735434,0.0959606262321915,3
"KBS_Biomass_1990-2022_processed.csv","T2","KBS",2008,2010,2009,0.47145267394109,0.122800156138395,3
"KBS_Biomass_1990-2022_processed.csv","T2","KBS",2009,2011,2010,0.44695916645015,0.123002379324932,3
"KBS_Biomass_1990-2022_processed.csv","T2","KBS",2010,2012,2011,0.45089823183456,0.11984584847016,3
"KBS_Biomass_1990-2022_processed.csv","T2","KBS",2011,2013,2012,0.40988272194588,0.0835204548763873,3
"KBS_Biomass_1990-2022_processed.csv","T2","KBS",2012,2014,2013,0.486538109359683,0.116879000452372,3
"KBS_Biomass_1990-2022_processed.csv","T2","KBS",2013,2015,2014,0.528483488163583,0.076991389199608,3
"KBS_Biomass_1990-2022_processed.csv","T2","KBS",2014,2016,2015,0.622201356391615,0.128963066016639,3
"KBS_Biomass_1990-2022_processed.csv","T2","KBS",2015,2017,2016,0.756399721247807,0.196023496409297,3
"KBS_Biomass_1990-2022_processed.csv","T2","KBS",2016,2018,2017,0.564852339456083,0.382166730297604,3
"KBS_Biomass_1990-2022_processed.csv","T21","KBS",1994,2004,1997.66666666667,0.174613684839527,0.116811151014147,3
"KBS_Biomass_1990-2022_processed.csv","T3","KBS",1990,1992,1991,0.124015544867484,0.164130400003572,3
"KBS_Biomass_1990-2022_processed.csv","T3","KBS",1991,1993,1992,0.211956021566661,0.166164320852651,3
"KBS_Biomass_1990-2022_processed.csv","T3","KBS",1992,1994,1993,0.234413303849985,0.144400293626077,3
"KBS_Biomass_1990-2022_processed.csv","T3","KBS",1993,1995,1994,0.176779734249347,0.111064225788848,3
"KBS_Biomass_1990-2022_processed.csv","T3","KBS",1994,1996,1995,0.12059903688321,0.0902528269181237,3
"KBS_Biomass_1990-2022_processed.csv","T3","KBS",1995,1997,1996,0.143477970570225,0.0700051555296524,3
"KBS_Biomass_1990-2022_processed.csv","T3","KBS",1996,1998,1997,0.277694831013404,0.198699787925545,3
"KBS_Biomass_1990-2022_processed.csv","T3","KBS",1997,1999,1998,0.2016091005857,0.236270669908044,3
"KBS_Biomass_1990-2022_processed.csv","T3","KBS",1998,2000,1999,0.185123548611958,0.242929725420308,3
"KBS_Biomass_1990-2022_processed.csv","T3","KBS",1999,2001,2000,0.0530332597079438,0.111683527946628,3
"KBS_Biomass_1990-2022_processed.csv","T3","KBS",2000,2002,2001,0.165415914027481,0.0954535084578719,3
"KBS_Biomass_1990-2022_processed.csv","T3","KBS",2001,2003,2002,0.233023842285279,0.0285224413330248,3
"KBS_Biomass_1990-2022_processed.csv","T3","KBS",2002,2004,2003,0.264773889055631,0.0556781139672098,3
"KBS_Biomass_1990-2022_processed.csv","T3","KBS",2003,2005,2004,0.245149100259935,0.0617789458562391,3
"KBS_Biomass_1990-2022_processed.csv","T3","KBS",2004,2006,2005,0.198509314743409,0.095543344218048,3
"KBS_Biomass_1990-2022_processed.csv","T3","KBS",2005,2007,2006,0.13834232779563,0.0501831174827752,3
"KBS_Biomass_1990-2022_processed.csv","T3","KBS",2006,2008,2007,0.179126149692654,0.0790448383311732,3
"KBS_Biomass_1990-2022_processed.csv","T3","KBS",2007,2009,2008,0.212088283306707,0.051788350595475,3
"KBS_Biomass_1990-2022_processed.csv","T3","KBS",2008,2010,2009,0.301544887432845,0.0923752120202505,3
"KBS_Biomass_1990-2022_processed.csv","T3","KBS",2009,2011,2010,0.399995767246591,0.13853593637679,3
"KBS_Biomass_1990-2022_processed.csv","T3","KBS",2010,2012,2011,0.3942143287362,0.144037878680174,3
"KBS_Biomass_1990-2022_processed.csv","T3","KBS",2011,2013,2012,0.420319670322925,0.15182890459667,3
"KBS_Biomass_1990-2022_processed.csv","T3","KBS",2012,2014,2013,0.398025263852189,0.139260560389988,3
"KBS_Biomass_1990-2022_processed.csv","T3","KBS",2013,2015,2014,0.513069943028886,0.0242529082874576,3
"KBS_Biomass_1990-2022_processed.csv","T3","KBS",2014,2016,2015,0.519144168831364,0.0275070630012439,3
"KBS_Biomass_1990-2022_processed.csv","T3","KBS",2015,2017,2016,0.671082062660959,0.164270683074615,3
"KBS_Biomass_1990-2022_processed.csv","T3","KBS",2016,2018,2017,0.489064106304899,0.312552472155941,3
"KBS_Biomass_1990-2022_processed.csv","T6","KBS",1990,1992,1991,-0.110212426825042,0.499883891507955,3
"KBS_Biomass_1990-2022_processed.csv","T6","KBS",1991,1993,1992,0.019955499863186,0.422506340717594,3
"KBS_Biomass_1990-2022_processed.csv","T6","KBS",1992,1994,1993,-0.0324969343138258,0.451278754567452,3
"KBS_Biomass_1990-2022_processed.csv","T6","KBS",1993,1995,1994,-0.134522299872442,0.349998587634874,3
"KBS_Biomass_1990-2022_processed.csv","T6","KBS",1994,1996,1995,-0.0123326808094817,0.324364534454596,3
"KBS_Biomass_1990-2022_processed.csv","T6","KBS",1995,1997,1996,0.263762913665713,0.170461048980913,3
"KBS_Biomass_1990-2022_processed.csv","T6","KBS",1996,1998,1997,0.498953267068415,0.39214727145204,3
"KBS_Biomass_1990-2022_processed.csv","T6","KBS",1997,1999,1998,-0.176562425602636,0.984128827807192,3
"KBS_Biomass_1990-2022_processed.csv","T6","KBS",1998,2000,1999,-1.23022900296138,1.27062449746435,3
"KBS_Biomass_1990-2022_processed.csv","T6","KBS",1999,2001,2000,-2.81199964614845,0.412889661249082,3
"KBS_Biomass_1990-2022_processed.csv","T6","KBS",2000,2002,2001,-2.06199512666549,1.13945805176101,3
"KBS_Biomass_1990-2022_processed.csv","T6","KBS",2001,2003,2002,-0.700361109795905,1.41967613030921,3
"KBS_Biomass_1990-2022_processed.csv","T6","KBS",2002,2004,2003,0.693784531410772,0.287570387296646,3
"KBS_Biomass_1990-2022_processed.csv","T6","KBS",2003,2005,2004,0.533962661729501,0.434119768793266,3
"KBS_Biomass_1990-2022_processed.csv","T6","KBS",2004,2006,2005,0.31036073243814,0.303692607331885,3
"KBS_Biomass_1990-2022_processed.csv","T6","KBS",2005,2007,2006,0.00132672210019318,0.258521322402707,3
"KBS_Biomass_1990-2022_processed.csv","T6","KBS",2006,2008,2007,-0.0342527423461396,0.279963583784329,3
"KBS_Biomass_1990-2022_processed.csv","T6","KBS",2007,2009,2008,-0.345150260862345,0.0601233499720544,3
"KBS_Biomass_1990-2022_processed.csv","T6","KBS",2008,2010,2009,0.0927007539315056,0.4976993821403,3
"KBS_Biomass_1990-2022_processed.csv","T6","KBS",2009,2011,2010,0.221866431078199,0.44886257176949,3
"KBS_Biomass_1990-2022_processed.csv","T6","KBS",2010,2012,2011,0.737256334736173,0.372259940173213,3
"KBS_Biomass_1990-2022_processed.csv","T6","KBS",2011,2013,2012,0.63841589062017,0.337159973263998,3
"KBS_Biomass_1990-2022_processed.csv","T6","KBS",2012,2014,2013,0.386095079266183,0.583231146619332,3
"KBS_Biomass_1990-2022_processed.csv","T6","KBS",2013,2015,2014,-0.0579765723383936,0.454690655381193,3
"KBS_Biomass_1990-2022_processed.csv","T6","KBS",2014,2016,2015,-0.0678441891348119,0.445486952257859,3
"KBS_Biomass_1990-2022_processed.csv","T6","KBS",2015,2017,2016,0.249010027405514,0.279879148474939,3
"KNZ_Biomass_1986-2021_processed.csv","b m c","KNZ",1986,1988,1987,-0.693249273946937,0.136783894120638,3
"KNZ_Biomass_1986-2021_processed.csv","b m c","KNZ",1987,1989,1988,-0.656334798580105,0.124049207641357,3
"KNZ_Biomass_1986-2021_processed.csv","b m c","KNZ",1988,1990,1989,-0.669937450743527,0.111163355969279,3
"KNZ_Biomass_1986-2021_processed.csv","b m c","KNZ",1989,1991,1990,-0.5738034378886,0.0726651855885126,3
"KNZ_Biomass_1986-2021_processed.csv","b m c","KNZ",1990,1992,1991,-0.406119066426884,0.103249753933849,3
"KNZ_Biomass_1986-2021_processed.csv","b m c","KNZ",1991,1993,1992,-0.272363568941168,0.14576547364728,3
"KNZ_Biomass_1986-2021_processed.csv","b m c","KNZ",1992,1994,1993,-0.24832465450209,0.122965234200325,3
"KNZ_Biomass_1986-2021_processed.csv","b m c","KNZ",1993,1995,1994,-0.30647314035949,0.126731487818615,3
"KNZ_Biomass_1986-2021_processed.csv","b m c","KNZ",1994,1996,1995,-0.493207527942925,0.0693105730157785,3
"KNZ_Biomass_1986-2021_processed.csv","b m c","KNZ",1995,1997,1996,-0.373113375057638,0.144611438694773,3
"KNZ_Biomass_1986-2021_processed.csv","b m c","KNZ",1996,1998,1997,-0.304117012093118,0.158565459206932,3
"KNZ_Biomass_1986-2021_processed.csv","b m c","KNZ",1997,1999,1998,-0.0311540714386577,0.116277830375612,3
"KNZ_Biomass_1986-2021_processed.csv","b m c","KNZ",1998,2000,1999,-0.597143206644994,0.619289947367287,3
"KNZ_Biomass_1986-2021_processed.csv","b m c","KNZ",1999,2001,2000,-0.553049209888707,0.635712969905258,3
"KNZ_Biomass_1986-2021_processed.csv","b m c","KNZ",2000,2002,2001,-0.611321192309008,0.603067000356047,3
"KNZ_Biomass_1986-2021_processed.csv","b m c","KNZ",2001,2003,2002,-0.190028050893782,0.182468910500754,3
"KNZ_Biomass_1986-2021_processed.csv","b m c","KNZ",2002,2004,2003,-0.264006302830188,0.166678022828504,3
"KNZ_Biomass_1986-2021_processed.csv","b m c","KNZ",2003,2005,2004,-0.0677315267245758,0.350592325986146,3
"KNZ_Biomass_1986-2021_processed.csv","b m c","KNZ",2004,2006,2005,-0.183140669870565,0.438446991406188,3
"KNZ_Biomass_1986-2021_processed.csv","b m c","KNZ",2005,2007,2006,0.327988260443513,0.642211808793083,3
"KNZ_Biomass_1986-2021_processed.csv","b m c","KNZ",2006,2008,2007,0.317196629754947,0.639901674782229,3
"KNZ_Biomass_1986-2021_processed.csv","b m c","KNZ",2007,2009,2008,0.747766446077312,0.266683088810727,3
"KNZ_Biomass_1986-2021_processed.csv","b m c","KNZ",2008,2010,2009,0.299977720782291,0.194463948366794,3
"KNZ_Biomass_1986-2021_processed.csv","b m c","KNZ",2009,2011,2010,0.0790318937270177,0.156757014650284,3
"KNZ_Biomass_1986-2021_processed.csv","b m c","KNZ",2010,2012,2011,0.238300215451292,0.316015573579475,3
"KNZ_Biomass_1986-2021_processed.csv","b m c","KNZ",2011,2013,2012,0.159040152740153,0.361740717343543,3
"KNZ_Biomass_1986-2021_processed.csv","b m c","KNZ",2012,2014,2013,0.504624427682802,0.408649136527322,3
"KNZ_Biomass_1986-2021_processed.csv","b m c","KNZ",2013,2015,2014,0.627488155589021,0.476465495790928,3
"KNZ_Biomass_1986-2021_processed.csv","b m c","KNZ",2014,2017,2015.33333333333,1.46564185712661,0.377811152451266,3
"KNZ_Biomass_1986-2021_processed.csv","b m c","KNZ",2015,2018,2016.66666666667,1.82924940076906,0.298660408677272,3
"KNZ_Biomass_1986-2021_processed.csv","b m c","KNZ",2017,2019,2018,1.49650146687158,0.629567838139253,3
"KNZ_Biomass_1986-2021_processed.csv","b m c","KNZ",2018,2020,2019,1.12515010796457,0.521351982590291,3
"KNZ_Biomass_1986-2021_processed.csv","b m n","KNZ",1986,1988,1987,-0.00113889582500187,0.204135162402049,3
"KNZ_Biomass_1986-2021_processed.csv","b m n","KNZ",1987,1989,1988,0.0881591934879729,0.120836449915987,3
"KNZ_Biomass_1986-2021_processed.csv","b m n","KNZ",1988,1990,1989,0.136903166039472,0.132045667022749,3
"KNZ_Biomass_1986-2021_processed.csv","b m n","KNZ",1989,1991,1990,0.124113105455573,0.124933538346878,3
"KNZ_Biomass_1986-2021_processed.csv","b m n","KNZ",1990,1992,1991,0.373565558286832,0.124591453845085,3
"KNZ_Biomass_1986-2021_processed.csv","b m n","KNZ",1991,1993,1992,0.462786717499091,0.109112917152793,3
"KNZ_Biomass_1986-2021_processed.csv","b m n","KNZ",1992,1994,1993,0.481992984469231,0.0909325795881577,3
"KNZ_Biomass_1986-2021_processed.csv","b m n","KNZ",1993,1995,1994,0.343231920572871,0.0894542674400591,3
"KNZ_Biomass_1986-2021_processed.csv","b m n","KNZ",1994,1996,1995,0.181311779939268,0.0835469352829712,3
"KNZ_Biomass_1986-2021_processed.csv","b m n","KNZ",1995,1997,1996,0.252840541132817,0.146399923192816,3
"KNZ_Biomass_1986-2021_processed.csv","b m n","KNZ",1996,1998,1997,0.353632191451335,0.164043693012812,3
"KNZ_Biomass_1986-2021_processed.csv","b m n","KNZ",1997,1999,1998,0.593635183337436,0.0762091877395739,3
"KNZ_Biomass_1986-2021_processed.csv","b m n","KNZ",1998,2000,1999,0.107023450027323,0.52469392985863,3
"KNZ_Biomass_1986-2021_processed.csv","b m n","KNZ",1999,2001,2000,0.161967060427245,0.54808374694379,3
"KNZ_Biomass_1986-2021_processed.csv","b m n","KNZ",2000,2002,2001,0.149711394351156,0.541656541820055,3
"KNZ_Biomass_1986-2021_processed.csv","b m n","KNZ",2001,2003,2002,0.50732231605831,0.184232287586076,3
"KNZ_Biomass_1986-2021_processed.csv","b m n","KNZ",2002,2004,2003,0.609555604147574,0.247774360204312,3
"KNZ_Biomass_1986-2021_processed.csv","b m n","KNZ",2003,2005,2004,0.741921877920305,0.303428405082696,3
"KNZ_Biomass_1986-2021_processed.csv","b m n","KNZ",2004,2006,2005,0.631882096605992,0.41288783100821,3
"KNZ_Biomass_1986-2021_processed.csv","b m n","KNZ",2005,2007,2006,0.778613760570974,0.493082375289683,3
"KNZ_Biomass_1986-2021_processed.csv","b m n","KNZ",2006,2008,2007,0.944213824411253,0.569891292473708,3
"KNZ_Biomass_1986-2021_processed.csv","b m n","KNZ",2007,2009,2008,1.44093709897318,0.0881700414285245,3
"KNZ_Biomass_1986-2021_processed.csv","b m n","KNZ",2008,2010,2009,1.17323015480348,0.29139992816528,3
"KNZ_Biomass_1986-2021_processed.csv","b m n","KNZ",2009,2011,2010,0.85572651042521,0.222077570031846,3
"KNZ_Biomass_1986-2021_processed.csv","b m n","KNZ",2010,2012,2011,0.825438036083655,0.191821298780269,3
"KNZ_Biomass_1986-2021_processed.csv","b m n","KNZ",2011,2013,2012,0.776640003330601,0.222103242608723,3
"KNZ_Biomass_1986-2021_processed.csv","b m n","KNZ",2012,2014,2013,1.19820468535106,0.416893494600578,3
"KNZ_Biomass_1986-2021_processed.csv","b m n","KNZ",2013,2015,2014,1.40857402680348,0.469301674338559,3
"KNZ_Biomass_1986-2021_processed.csv","b m n","KNZ",2014,2016,2015,0.901410953351625,0.976203028710062,3
"KNZ_Biomass_1986-2021_processed.csv","b m n","KNZ",2015,2017,2016,1.00450699946371,1.03348971462828,3
"KNZ_Biomass_1986-2021_processed.csv","b m n","KNZ",2016,2018,2017,0.899503495828627,0.995704179710178,3
"KNZ_Biomass_1986-2021_processed.csv","b m n","KNZ",2017,2019,2018,1.3338612093869,0.577139196622584,3
"KNZ_Biomass_1986-2021_processed.csv","b m n","KNZ",2018,2020,2019,1.09243914723512,0.419998758685453,3
"KNZ_Biomass_1986-2021_processed.csv","b m n","KNZ",2019,2021,2020,0.944762853090931,0.36656745048393,3
"KNZ_Biomass_1986-2021_processed.csv","b m n+p","KNZ",1986,1988,1987,-0.186903840776117,0.179995906092514,3
"KNZ_Biomass_1986-2021_processed.csv","b m n+p","KNZ",1987,1989,1988,0.0794775619011571,0.089593868825203,3
"KNZ_Biomass_1986-2021_processed.csv","b m n+p","KNZ",1988,1990,1989,0.277819698774873,0.152716662599636,3
"KNZ_Biomass_1986-2021_processed.csv","b m n+p","KNZ",1989,1991,1990,0.428154521201775,0.0896526960202503,3
"KNZ_Biomass_1986-2021_processed.csv","b m n+p","KNZ",1990,1992,1991,0.536602013172636,0.0308506545162696,3
"KNZ_Biomass_1986-2021_processed.csv","b m n+p","KNZ",1991,1993,1992,0.559925019201528,0.0434125758615963,3
"KNZ_Biomass_1986-2021_processed.csv","b m n+p","KNZ",1992,1994,1993,0.478170004315216,0.123947432276809,3
"KNZ_Biomass_1986-2021_processed.csv","b m n+p","KNZ",1993,1995,1994,0.373512354370114,0.125256505134346,3
"KNZ_Biomass_1986-2021_processed.csv","b m n+p","KNZ",1994,1996,1995,0.231088416427579,0.0201401124025225,3
"KNZ_Biomass_1986-2021_processed.csv","b m n+p","KNZ",1995,1997,1996,0.333048111069692,0.104157321075527,3
"KNZ_Biomass_1986-2021_processed.csv","b m n+p","KNZ",1996,1998,1997,0.468878217885022,0.141971036004402,3
"KNZ_Biomass_1986-2021_processed.csv","b m n+p","KNZ",1997,1999,1998,0.74753638551613,0.147510682439171,3
"KNZ_Biomass_1986-2021_processed.csv","b m n+p","KNZ",1998,2000,1999,0.317633435196036,0.54488577840224,3
"KNZ_Biomass_1986-2021_processed.csv","b m n+p","KNZ",1999,2001,2000,0.319418927183375,0.545470998896456,3
"KNZ_Biomass_1986-2021_processed.csv","b m n+p","KNZ",2000,2002,2001,0.12488843041313,0.44358970237133,3
"KNZ_Biomass_1986-2021_processed.csv","b m n+p","KNZ",2001,2003,2002,0.414926311390986,0.162734725809814,3
"KNZ_Biomass_1986-2021_processed.csv","b m n+p","KNZ",2002,2004,2003,0.433256966852676,0.177909049532106,3
"KNZ_Biomass_1986-2021_processed.csv","b m n+p","KNZ",2003,2005,2004,0.71851828105888,0.342539564388587,3
"KNZ_Biomass_1986-2021_processed.csv","b m n+p","KNZ",2004,2006,2005,0.591054679272966,0.458416152953171,3
"KNZ_Biomass_1986-2021_processed.csv","b m n+p","KNZ",2005,2007,2006,0.90026273561249,0.591459087475631,3
"KNZ_Biomass_1986-2021_processed.csv","b m n+p","KNZ",2006,2008,2007,0.9277916694141,0.601415043843019,3
"KNZ_Biomass_1986-2021_processed.csv","b m n+p","KNZ",2007,2009,2008,1.45552451716451,0.104699317990753,3
"KNZ_Biomass_1986-2021_processed.csv","b m n+p","KNZ",2008,2010,2009,1.22436075087072,0.129822131625149,3
"KNZ_Biomass_1986-2021_processed.csv","b m n+p","KNZ",2009,2011,2010,0.935506544337942,0.231062536508466,3
"KNZ_Biomass_1986-2021_processed.csv","b m n+p","KNZ",2010,2012,2011,0.889248592827011,0.19443899514798,3
"KNZ_Biomass_1986-2021_processed.csv","b m n+p","KNZ",2011,2013,2012,0.76978682266065,0.206650882681903,3
"KNZ_Biomass_1986-2021_processed.csv","b m n+p","KNZ",2012,2014,2013,1.23473631329503,0.377917376070487,3
"KNZ_Biomass_1986-2021_processed.csv","b m n+p","KNZ",2013,2015,2014,1.45865254978116,0.425058444719681,3
"KNZ_Biomass_1986-2021_processed.csv","b m n+p","KNZ",2014,2016,2015,0.971496081639837,0.912004401108242,3
"KNZ_Biomass_1986-2021_processed.csv","b m n+p","KNZ",2015,2017,2016,1.04128604802607,0.949984623028089,3
"KNZ_Biomass_1986-2021_processed.csv","b m n+p","KNZ",2016,2018,2017,0.878413143202456,0.892758113100851,3
"KNZ_Biomass_1986-2021_processed.csv","b m n+p","KNZ",2017,2019,2018,1.16237622018928,0.62147995369486,3
"KNZ_Biomass_1986-2021_processed.csv","b m n+p","KNZ",2018,2020,2019,0.80904399748794,0.413730000397292,3
"KNZ_Biomass_1986-2021_processed.csv","b m n+p","KNZ",2019,2021,2020,0.563422974430878,0.308931763393321,3
"KNZ_Biomass_1986-2021_processed.csv","b m p","KNZ",1986,1988,1987,-0.629980439601364,0.13094995942596,3
"KNZ_Biomass_1986-2021_processed.csv","b m p","KNZ",1987,1989,1988,-0.609565995397176,0.110613433291666,3
"KNZ_Biomass_1986-2021_processed.csv","b m p","KNZ",1988,1990,1989,-0.652577855673973,0.092555706348021,3
"KNZ_Biomass_1986-2021_processed.csv","b m p","KNZ",1989,1991,1990,-0.669307010228319,0.081173614216886,3
"KNZ_Biomass_1986-2021_processed.csv","b m p","KNZ",1990,1992,1991,-0.442514597675151,0.147061083748724,3
"KNZ_Biomass_1986-2021_processed.csv","b m p","KNZ",1991,1993,1992,-0.274090342090146,0.147430489309247,3
"KNZ_Biomass_1986-2021_processed.csv","b m p","KNZ",1992,1994,1993,-0.286579330642454,0.159875887771691,3
"KNZ_Biomass_1986-2021_processed.csv","b m p","KNZ",1993,1995,1994,-0.435159378756129,0.165095584485047,3
"KNZ_Biomass_1986-2021_processed.csv","b m p","KNZ",1994,1996,1995,-0.489544916988978,0.110722809786524,3
"KNZ_Biomass_1986-2021_processed.csv","b m p","KNZ",1995,1997,1996,-0.369643126617684,0.112944611211327,3
"KNZ_Biomass_1986-2021_processed.csv","b m p","KNZ",1996,1998,1997,-0.187558925744514,0.0696335953161081,3
"KNZ_Biomass_1986-2021_processed.csv","b m p","KNZ",1997,1999,1998,-0.0640087202772942,0.100762775678896,3
"KNZ_Biomass_1986-2021_processed.csv","b m p","KNZ",1998,2000,1999,-0.56861727719787,0.597004020850233,3
"KNZ_Biomass_1986-2021_processed.csv","b m p","KNZ",1999,2001,2000,-0.62227720044292,0.575678185501595,3
"KNZ_Biomass_1986-2021_processed.csv","b m p","KNZ",2000,2002,2001,-0.652205847357684,0.557324214112733,3
"KNZ_Biomass_1986-2021_processed.csv","b m p","KNZ",2001,2003,2002,-0.291256317436882,0.20308999226728,3
"KNZ_Biomass_1986-2021_processed.csv","b m p","KNZ",2002,2004,2003,-0.304882637756246,0.200804389626192,3
"KNZ_Biomass_1986-2021_processed.csv","b m p","KNZ",2003,2005,2004,-0.071503280175862,0.410977775284749,3
"KNZ_Biomass_1986-2021_processed.csv","b m p","KNZ",2004,2006,2005,-0.218023277149889,0.528228903978876,3
"KNZ_Biomass_1986-2021_processed.csv","b m p","KNZ",2005,2007,2006,0.222471366501307,0.677229713020537,3
"KNZ_Biomass_1986-2021_processed.csv","b m p","KNZ",2006,2008,2007,0.13939447389254,0.651770449356765,3
"KNZ_Biomass_1986-2021_processed.csv","b m p","KNZ",2007,2009,2008,0.651900411129296,0.209764996769822,3
"KNZ_Biomass_1986-2021_processed.csv","b m p","KNZ",2008,2010,2009,0.397627301550664,0.046487762371785,3
"KNZ_Biomass_1986-2021_processed.csv","b m p","KNZ",2009,2011,2010,0.122262591309497,0.244584510426639,3
"KNZ_Biomass_1986-2021_processed.csv","b m p","KNZ",2010,2012,2011,0.172527167249496,0.278178577755759,3
"KNZ_Biomass_1986-2021_processed.csv","b m p","KNZ",2011,2013,2012,-0.0189844777851836,0.296873802543847,3
"KNZ_Biomass_1986-2021_processed.csv","b m p","KNZ",2012,2014,2013,0.440601599173551,0.376136934118104,3
"KNZ_Biomass_1986-2021_processed.csv","b m p","KNZ",2013,2015,2014,0.699644884994982,0.492611743632554,3
"KNZ_Biomass_1986-2021_processed.csv","b m p","KNZ",2014,2017,2015.33333333333,1.48779712568859,0.31980736118155,3
"KNZ_Biomass_1986-2021_processed.csv","b m p","KNZ",2015,2018,2016.66666666667,1.49332524541113,0.315754004339182,3
"KNZ_Biomass_1986-2021_processed.csv","b m p","KNZ",2017,2019,2018,1.07260027441817,0.580776995193041,3
"KNZ_Biomass_1986-2021_processed.csv","b m p","KNZ",2018,2020,2019,0.683180455764338,0.299511461316611,3
"KNZ_Biomass_1986-2021_processed.csv","b u c","KNZ",1986,1988,1987,0.166412782849219,0.180913809018355,3
"KNZ_Biomass_1986-2021_processed.csv","b u c","KNZ",1987,1989,1988,0.18666596611505,0.169653999032456,3
"KNZ_Biomass_1986-2021_processed.csv","b u c","KNZ",1988,1990,1989,0.0657775935464835,0.0488268810051341,3
"KNZ_Biomass_1986-2021_processed.csv","b u c","KNZ",1989,1991,1990,0.119163650258077,0.0538504305938592,3
"KNZ_Biomass_1986-2021_processed.csv","b u c","KNZ",1990,1992,1991,0.243175120454617,0.0706518215794125,3
"KNZ_Biomass_1986-2021_processed.csv","b u c","KNZ",1991,1993,1992,0.260919978684029,0.062357571198497,3
"KNZ_Biomass_1986-2021_processed.csv","b u c","KNZ",1992,1994,1993,0.201372177341958,0.110096887789069,3
"KNZ_Biomass_1986-2021_processed.csv","b u c","KNZ",1993,1995,1994,0.111560033754557,0.0614854224614916,3
"KNZ_Biomass_1986-2021_processed.csv","b u c","KNZ",1994,1996,1995,0.0272159559800429,0.0452086771630259,3
"KNZ_Biomass_1986-2021_processed.csv","b u c","KNZ",1995,1997,1996,0.099214791366495,0.0743305978851592,3
"KNZ_Biomass_1986-2021_processed.csv","b u c","KNZ",1996,1998,1997,0.0672162809754046,0.0778206999010053,3
"KNZ_Biomass_1986-2021_processed.csv","b u c","KNZ",1997,1999,1998,0.152435793900363,0.0669067638446675,3
"KNZ_Biomass_1986-2021_processed.csv","b u c","KNZ",1998,2000,1999,-0.476400384170002,0.598078954786571,3
"KNZ_Biomass_1986-2021_processed.csv","b u c","KNZ",1999,2001,2000,-0.546209881597221,0.572725503610763,3
"KNZ_Biomass_1986-2021_processed.csv","b u c","KNZ",2000,2002,2001,-0.549304038873482,0.570662793967743,3
"KNZ_Biomass_1986-2021_processed.csv","b u c","KNZ",2001,2003,2002,-0.0686206437652834,0.139576531688981,3
"KNZ_Biomass_1986-2021_processed.csv","b u c","KNZ",2002,2004,2003,-0.00529206118578758,0.125516108139469,3
"KNZ_Biomass_1986-2021_processed.csv","b u c","KNZ",2003,2005,2004,0.0833008223806955,0.206547736731665,3
"KNZ_Biomass_1986-2021_processed.csv","b u c","KNZ",2004,2006,2005,-0.265892841516881,0.521744934120805,3
"KNZ_Biomass_1986-2021_processed.csv","b u c","KNZ",2005,2007,2006,-0.00917553238513154,0.637314898628607,3
"KNZ_Biomass_1986-2021_processed.csv","b u c","KNZ",2006,2008,2007,0.00133738279438774,0.641387073804134,3
"KNZ_Biomass_1986-2021_processed.csv","b u c","KNZ",2007,2009,2008,0.564100121307349,0.105949401640846,3
"KNZ_Biomass_1986-2021_processed.csv","b u c","KNZ",2008,2010,2009,0.326780655980402,0.137260179972271,3
"KNZ_Biomass_1986-2021_processed.csv","b u c","KNZ",2009,2011,2010,0.18659121536118,0.114920971796216,3
"KNZ_Biomass_1986-2021_processed.csv","b u c","KNZ",2010,2012,2011,0.264615995835562,0.192820414115513,3
"KNZ_Biomass_1986-2021_processed.csv","b u c","KNZ",2011,2013,2012,0.122890241089629,0.294342537338633,3
"KNZ_Biomass_1986-2021_processed.csv","b u c","KNZ",2012,2014,2013,0.474211867454843,0.444196193283366,3
"KNZ_Biomass_1986-2021_processed.csv","b u c","KNZ",2013,2015,2014,0.595684041908672,0.483120570885153,3
"KNZ_Biomass_1986-2021_processed.csv","b u c","KNZ",2014,2016,2015,0.380193907885906,0.698185966393979,3
"KNZ_Biomass_1986-2021_processed.csv","b u c","KNZ",2015,2017,2016,0.495536567065993,0.767117506667126,3
"KNZ_Biomass_1986-2021_processed.csv","b u c","KNZ",2016,2018,2017,0.407806102018926,0.742060756380332,3
"KNZ_Biomass_1986-2021_processed.csv","b u c","KNZ",2017,2019,2018,0.508575231656209,0.646147639844365,3
"KNZ_Biomass_1986-2021_processed.csv","b u c","KNZ",2018,2020,2019,0.201848137572422,0.460008481771696,3
"KNZ_Biomass_1986-2021_processed.csv","b u c","KNZ",2019,2021,2020,0.0919256303920389,0.404121512559368,3
"KNZ_Biomass_1986-2021_processed.csv","b u n","KNZ",1986,1988,1987,0.6329086862745,0.0603221419999757,3
"KNZ_Biomass_1986-2021_processed.csv","b u n","KNZ",1987,1989,1988,0.510459559373733,0.175121546750698,3
"KNZ_Biomass_1986-2021_processed.csv","b u n","KNZ",1988,1990,1989,0.578230619645444,0.225822342122496,3
"KNZ_Biomass_1986-2021_processed.csv","b u n","KNZ",1989,1991,1990,0.650196610508249,0.243487070875277,3
"KNZ_Biomass_1986-2021_processed.csv","b u n","KNZ",1990,1992,1991,1.14975919805757,0.259998905990525,3
"KNZ_Biomass_1986-2021_processed.csv","b u n","KNZ",1991,1993,1992,1.38111075366349,0.271979083409609,3
"KNZ_Biomass_1986-2021_processed.csv","b u n","KNZ",1992,1994,1993,1.43398008136998,0.219134658016802,3
"KNZ_Biomass_1986-2021_processed.csv","b u n","KNZ",1993,1995,1994,1.26325828799383,0.193807477024886,3
"KNZ_Biomass_1986-2021_processed.csv","b u n","KNZ",1994,1996,1995,1.03661667930759,0.0594991852901493,3
"KNZ_Biomass_1986-2021_processed.csv","b u n","KNZ",1995,1997,1996,1.01150634820136,0.0720514325392498,3
"KNZ_Biomass_1986-2021_processed.csv","b u n","KNZ",1996,1998,1997,0.99983075374146,0.0605507205911831,3
"KNZ_Biomass_1986-2021_processed.csv","b u n","KNZ",1997,1999,1998,1.19478572145115,0.184188007757869,3
"KNZ_Biomass_1986-2021_processed.csv","b u n","KNZ",1998,2000,1999,0.859767516693026,0.487860193371782,3
"KNZ_Biomass_1986-2021_processed.csv","b u n","KNZ",1999,2001,2000,0.968699507519828,0.52734004846643,3
"KNZ_Biomass_1986-2021_processed.csv","b u n","KNZ",2000,2002,2001,0.752486471138309,0.447484891572409,3
"KNZ_Biomass_1986-2021_processed.csv","b u n","KNZ",2001,2003,2002,1.18468180278302,0.159151062183708,3
"KNZ_Biomass_1986-2021_processed.csv","b u n","KNZ",2002,2004,2003,0.887782220188181,0.189793794835822,3
"KNZ_Biomass_1986-2021_processed.csv","b u n","KNZ",2003,2005,2004,0.976205506660843,0.211174094233564,3
"KNZ_Biomass_1986-2021_processed.csv","b u n","KNZ",2004,2006,2005,0.490938723369817,0.406907718005859,3
"KNZ_Biomass_1986-2021_processed.csv","b u n","KNZ",2005,2007,2006,0.769186671439462,0.510670247626109,3
"KNZ_Biomass_1986-2021_processed.csv","b u n","KNZ",2006,2008,2007,0.897777056846031,0.572518732430345,3
"KNZ_Biomass_1986-2021_processed.csv","b u n","KNZ",2007,2009,2008,1.3745782799609,0.104361905725063,3
"KNZ_Biomass_1986-2021_processed.csv","b u n","KNZ",2008,2010,2009,1.11524212492451,0.272484510656553,3
"KNZ_Biomass_1986-2021_processed.csv","b u n","KNZ",2009,2011,2010,0.802161524690358,0.192307230663562,3
"KNZ_Biomass_1986-2021_processed.csv","b u n","KNZ",2010,2012,2011,0.906798386882009,0.29694316098912,3
"KNZ_Biomass_1986-2021_processed.csv","b u n","KNZ",2011,2013,2012,0.813237760747203,0.352912776323695,3
"KNZ_Biomass_1986-2021_processed.csv","b u n","KNZ",2012,2014,2013,1.20453486104759,0.444291575853299,3
"KNZ_Biomass_1986-2021_processed.csv","b u n","KNZ",2013,2015,2014,1.40607920219899,0.54562052879485,3
"KNZ_Biomass_1986-2021_processed.csv","b u n","KNZ",2014,2016,2015,1.23572387112569,0.714059861022304,3
"KNZ_Biomass_1986-2021_processed.csv","b u n","KNZ",2015,2017,2016,1.41127756912048,0.797873193643766,3
"KNZ_Biomass_1986-2021_processed.csv","b u n","KNZ",2016,2018,2017,1.18701041073276,0.728867439547923,3
"KNZ_Biomass_1986-2021_processed.csv","b u n","KNZ",2017,2019,2018,1.32101315513987,0.604981007244116,3
"KNZ_Biomass_1986-2021_processed.csv","b u n","KNZ",2018,2020,2019,0.811624044625165,0.349830597676896,3
"KNZ_Biomass_1986-2021_processed.csv","b u n","KNZ",2019,2021,2020,0.704557774499096,0.259554207544098,3
"KNZ_Biomass_1986-2021_processed.csv","b u n+p","KNZ",1986,1988,1987,0.44432260928665,0.219904566596875,3
"KNZ_Biomass_1986-2021_processed.csv","b u n+p","KNZ",1987,1989,1988,0.617339772981632,0.0535982720940592,3
"KNZ_Biomass_1986-2021_processed.csv","b u n+p","KNZ",1988,1990,1989,0.748967532496756,0.181034691625649,3
"KNZ_Biomass_1986-2021_processed.csv","b u n+p","KNZ",1989,1991,1990,0.933943735829925,0.203949498316381,3
"KNZ_Biomass_1986-2021_processed.csv","b u n+p","KNZ",1990,1992,1991,1.24272533103235,0.106899756543419,3
"KNZ_Biomass_1986-2021_processed.csv","b u n+p","KNZ",1991,1993,1992,1.49706780146888,0.204424724186618,3
"KNZ_Biomass_1986-2021_processed.csv","b u n+p","KNZ",1992,1994,1993,1.48871982137057,0.211229253902917,3
"KNZ_Biomass_1986-2021_processed.csv","b u n+p","KNZ",1993,1995,1994,1.50183433127364,0.210551484782828,3
"KNZ_Biomass_1986-2021_processed.csv","b u n+p","KNZ",1994,1996,1995,1.22961183384979,0.134165969986192,3
"KNZ_Biomass_1986-2021_processed.csv","b u n+p","KNZ",1995,1997,1996,1.10216327954378,0.213224607455857,3
"KNZ_Biomass_1986-2021_processed.csv","b u n+p","KNZ",1996,1998,1997,0.834770133609535,0.11142904023218,3
"KNZ_Biomass_1986-2021_processed.csv","b u n+p","KNZ",1997,1999,1998,0.860178704584661,0.13651122477986,3
"KNZ_Biomass_1986-2021_processed.csv","b u n+p","KNZ",1998,2000,1999,0.519169060454161,0.411521656167749,3
"KNZ_Biomass_1986-2021_processed.csv","b u n+p","KNZ",1999,2001,2000,0.76643481889081,0.522466523141066,3
"KNZ_Biomass_1986-2021_processed.csv","b u n+p","KNZ",2000,2002,2001,0.626912780477114,0.491593845682968,3
"KNZ_Biomass_1986-2021_processed.csv","b u n+p","KNZ",2001,2003,2002,1.01744578881374,0.215232718376281,3
"KNZ_Biomass_1986-2021_processed.csv","b u n+p","KNZ",2002,2004,2003,0.750418188859265,0.0820133228711587,3
"KNZ_Biomass_1986-2021_processed.csv","b u n+p","KNZ",2003,2005,2004,0.980836857698745,0.225643927792987,3
"KNZ_Biomass_1986-2021_processed.csv","b u n+p","KNZ",2004,2006,2005,0.476470070023236,0.584929354999133,3
"KNZ_Biomass_1986-2021_processed.csv","b u n+p","KNZ",2005,2007,2006,0.77025667730476,0.688515250128725,3
"KNZ_Biomass_1986-2021_processed.csv","b u n+p","KNZ",2006,2008,2007,0.845630716851512,0.726243324280953,3
"KNZ_Biomass_1986-2021_processed.csv","b u n+p","KNZ",2007,2009,2008,1.48461297776964,0.0927549152595069,3
"KNZ_Biomass_1986-2021_processed.csv","b u n+p","KNZ",2008,2010,2009,1.22805822823667,0.259093151650954,3
"KNZ_Biomass_1986-2021_processed.csv","b u n+p","KNZ",2009,2011,2010,0.905118731378329,0.204668782271325,3
"KNZ_Biomass_1986-2021_processed.csv","b u n+p","KNZ",2010,2012,2011,0.982503502242411,0.281666752953874,3
"KNZ_Biomass_1986-2021_processed.csv","b u n+p","KNZ",2011,2013,2012,0.926394178199082,0.309679498871312,3
"KNZ_Biomass_1986-2021_processed.csv","b u n+p","KNZ",2012,2014,2013,1.33345702893569,0.391534432458781,3
"KNZ_Biomass_1986-2021_processed.csv","b u n+p","KNZ",2013,2015,2014,1.44607298672909,0.435509749853927,3
"KNZ_Biomass_1986-2021_processed.csv","b u n+p","KNZ",2014,2016,2015,1.12788173799127,0.753700998047391,3
"KNZ_Biomass_1986-2021_processed.csv","b u n+p","KNZ",2015,2017,2016,1.26589019773199,0.83133665402405,3
"KNZ_Biomass_1986-2021_processed.csv","b u n+p","KNZ",2016,2018,2017,1.0076395585182,0.773819128208921,3
"KNZ_Biomass_1986-2021_processed.csv","b u n+p","KNZ",2017,2019,2018,1.18167419982887,0.622631703891755,3
"KNZ_Biomass_1986-2021_processed.csv","b u n+p","KNZ",2018,2020,2019,0.867677694124221,0.369473833611527,3
"KNZ_Biomass_1986-2021_processed.csv","b u n+p","KNZ",2019,2021,2020,0.801740179288931,0.353674539015696,3
"KNZ_Biomass_1986-2021_processed.csv","b u p","KNZ",1986,1988,1987,0.0433931010422515,0.195510515228434,3
"KNZ_Biomass_1986-2021_processed.csv","b u p","KNZ",1987,1989,1988,0.0370458260853592,0.199175479658119,3
"KNZ_Biomass_1986-2021_processed.csv","b u p","KNZ",1988,1990,1989,0.0399227406073373,0.202036768458074,3
"KNZ_Biomass_1986-2021_processed.csv","b u p","KNZ",1989,1991,1990,0.0096406486925813,0.21616216531806,3
"KNZ_Biomass_1986-2021_processed.csv","b u p","KNZ",1990,1992,1991,0.243277376852831,0.230190218747009,3
"KNZ_Biomass_1986-2021_processed.csv","b u p","KNZ",1991,1993,1992,0.233782517758387,0.226257450361094,3
"KNZ_Biomass_1986-2021_processed.csv","b u p","KNZ",1992,1994,1993,0.284616123584118,0.175860528787911,3
"KNZ_Biomass_1986-2021_processed.csv","b u p","KNZ",1993,1995,1994,0.139090358262866,0.142198024862473,3
"KNZ_Biomass_1986-2021_processed.csv","b u p","KNZ",1994,1996,1995,-0.0258864754471539,0.0468129011167381,3
"KNZ_Biomass_1986-2021_processed.csv","b u p","KNZ",1995,1997,1996,-0.101756078455278,0.103825136460391,3
"KNZ_Biomass_1986-2021_processed.csv","b u p","KNZ",1996,1998,1997,-0.128967004530495,0.0832127553715944,3
"KNZ_Biomass_1986-2021_processed.csv","b u p","KNZ",1997,1999,1998,-0.032127675138857,0.144536911731486,3
"KNZ_Biomass_1986-2021_processed.csv","b u p","KNZ",1998,2000,1999,-0.391750921305419,0.493206381773294,3
"KNZ_Biomass_1986-2021_processed.csv","b u p","KNZ",1999,2001,2000,-0.47104726282025,0.468642198705582,3
"KNZ_Biomass_1986-2021_processed.csv","b u p","KNZ",2000,2002,2001,-0.432112145703614,0.49761096106221,3
"KNZ_Biomass_1986-2021_processed.csv","b u p","KNZ",2001,2003,2002,0.115504325845944,0.184569955173475,3
"KNZ_Biomass_1986-2021_processed.csv","b u p","KNZ",2002,2004,2003,0.253303871237324,0.0485777380338048,3
"KNZ_Biomass_1986-2021_processed.csv","b u p","KNZ",2003,2005,2004,0.323725918551861,0.111446100122392,3
"KNZ_Biomass_1986-2021_processed.csv","b u p","KNZ",2004,2006,2005,-0.06785747533267,0.430766453418154,3
"KNZ_Biomass_1986-2021_processed.csv","b u p","KNZ",2005,2007,2006,0.15253924225697,0.533457481834879,3
"KNZ_Biomass_1986-2021_processed.csv","b u p","KNZ",2006,2008,2007,0.127561392687415,0.524973900491794,3
"KNZ_Biomass_1986-2021_processed.csv","b u p","KNZ",2007,2009,2008,0.578986251793438,0.121638972772122,3
"KNZ_Biomass_1986-2021_processed.csv","b u p","KNZ",2008,2010,2009,0.290698960971381,0.166700589235111,3
"KNZ_Biomass_1986-2021_processed.csv","b u p","KNZ",2009,2011,2010,0.0546856284930509,0.207472114597985,3
"KNZ_Biomass_1986-2021_processed.csv","b u p","KNZ",2010,2012,2011,0.102024344971037,0.253231595716955,3
"KNZ_Biomass_1986-2021_processed.csv","b u p","KNZ",2011,2013,2012,-0.00274707185934131,0.300436145221911,3
"KNZ_Biomass_1986-2021_processed.csv","b u p","KNZ",2012,2014,2013,0.394178709684709,0.38893692952614,3
"KNZ_Biomass_1986-2021_processed.csv","b u p","KNZ",2013,2015,2014,0.503974999935106,0.430515254624105,3
"KNZ_Biomass_1986-2021_processed.csv","b u p","KNZ",2014,2016,2015,0.337497764731422,0.596980897218158,3
"KNZ_Biomass_1986-2021_processed.csv","b u p","KNZ",2015,2017,2016,0.535799417531777,0.718429499889153,3
"KNZ_Biomass_1986-2021_processed.csv","b u p","KNZ",2016,2018,2017,0.55191857966831,0.72295202796419,3
"KNZ_Biomass_1986-2021_processed.csv","b u p","KNZ",2017,2019,2018,0.704334624303831,0.575533940907724,3
"KNZ_Biomass_1986-2021_processed.csv","b u p","KNZ",2018,2020,2019,0.399586593351328,0.411740059889827,3
"KNZ_Biomass_1986-2021_processed.csv","b u p","KNZ",2019,2021,2020,0.300526153190298,0.35013618895545,3
"KNZ_Biomass_1986-2021_processed.csv","u m c","KNZ",1986,1988,1987,-0.767428750774383,0.118530068138843,3
"KNZ_Biomass_1986-2021_processed.csv","u m c","KNZ",1987,1989,1988,-0.668930222758796,0.0829107968208251,3
"KNZ_Biomass_1986-2021_processed.csv","u m c","KNZ",1988,1990,1989,-0.62986617854095,0.115937175361919,3
"KNZ_Biomass_1986-2021_processed.csv","u m c","KNZ",1989,1991,1990,-0.533296877587406,0.0636794754082779,3
"KNZ_Biomass_1986-2021_processed.csv","u m c","KNZ",1990,1992,1991,-0.373703062499953,0.109421566771944,3
"KNZ_Biomass_1986-2021_processed.csv","u m c","KNZ",1991,1993,1992,-0.355304552405015,0.106819190650626,3
"KNZ_Biomass_1986-2021_processed.csv","u m c","KNZ",1992,1994,1993,-0.334816693429084,0.0903909694233515,3
"KNZ_Biomass_1986-2021_processed.csv","u m c","KNZ",1993,1995,1994,-0.436135484957169,0.0343411564177019,3
"KNZ_Biomass_1986-2021_processed.csv","u m c","KNZ",1994,1996,1995,-0.534073882310323,0.0636272870879668,3
"KNZ_Biomass_1986-2021_processed.csv","u m c","KNZ",1995,1997,1996,-0.48726042689718,0.0955206337873606,3
"KNZ_Biomass_1986-2021_processed.csv","u m c","KNZ",1996,1998,1997,-0.407299619193004,0.130467802410849,3
"KNZ_Biomass_1986-2021_processed.csv","u m c","KNZ",1997,1999,1998,-0.228044973214993,0.0601830678663123,3
"KNZ_Biomass_1986-2021_processed.csv","u m c","KNZ",1998,2000,1999,-0.757660839296451,0.582393948957672,3
"KNZ_Biomass_1986-2021_processed.csv","u m c","KNZ",1999,2001,2000,-0.748646860407392,0.586543416755122,3
"KNZ_Biomass_1986-2021_processed.csv","u m c","KNZ",2000,2002,2001,-0.747556971499032,0.587124910783538,3
"KNZ_Biomass_1986-2021_processed.csv","u m c","KNZ",2001,2003,2002,-0.264859787913893,0.106572312569003,3
"KNZ_Biomass_1986-2021_processed.csv","u m c","KNZ",2002,2004,2003,-0.299804759495634,0.101811953598653,3
"KNZ_Biomass_1986-2021_processed.csv","u m c","KNZ",2003,2005,2004,-0.113421328163126,0.280296370736575,3
"KNZ_Biomass_1986-2021_processed.csv","u m c","KNZ",2004,2006,2005,-0.328652977229812,0.449706127594969,3
"KNZ_Biomass_1986-2021_processed.csv","u m c","KNZ",2005,2007,2006,-0.125139737666677,0.498186316469168,3
"KNZ_Biomass_1986-2021_processed.csv","u m c","KNZ",2006,2008,2007,-0.236989765820898,0.444538864706257,3
"KNZ_Biomass_1986-2021_processed.csv","u m c","KNZ",2007,2009,2008,0.125459165005298,0.0974241791423153,3
"KNZ_Biomass_1986-2021_processed.csv","u m c","KNZ",2008,2010,2009,-0.0530415194782737,0.0972250289659368,3
"KNZ_Biomass_1986-2021_processed.csv","u m c","KNZ",2009,2011,2010,-0.324816226123732,0.202033033797227,3
"KNZ_Biomass_1986-2021_processed.csv","u m c","KNZ",2010,2012,2011,0.0148488388785615,0.505911092055329,3
"KNZ_Biomass_1986-2021_processed.csv","u m c","KNZ",2011,2013,2012,-0.102130192052414,0.546285006384757,3
"KNZ_Biomass_1986-2021_processed.csv","u m c","KNZ",2012,2014,2013,0.42448975401712,0.504566627223436,3
"KNZ_Biomass_1986-2021_processed.csv","u m c","KNZ",2013,2015,2014,0.309092173700293,0.450434736339241,3
"KNZ_Biomass_1986-2021_processed.csv","u m c","KNZ",2014,2016,2015,-0.0561128182730746,0.813506717348792,3
"KNZ_Biomass_1986-2021_processed.csv","u m c","KNZ",2015,2017,2016,0.24768202438863,1.01724299551644,3
"KNZ_Biomass_1986-2021_processed.csv","u m c","KNZ",2016,2018,2017,0.410308190495151,1.06080365528232,3
"KNZ_Biomass_1986-2021_processed.csv","u m c","KNZ",2017,2019,2018,0.613180838326642,0.86187355572789,3
"KNZ_Biomass_1986-2021_processed.csv","u m c","KNZ",2018,2020,2019,0.0635007202932178,0.635618640923355,3
"KNZ_Biomass_1986-2021_processed.csv","u m c","KNZ",2019,2021,2020,-0.30794978717351,0.382099631789427,3
"KNZ_Biomass_1986-2021_processed.csv","u m n","KNZ",1986,1988,1987,-0.310302921743376,0.224629928938316,3
"KNZ_Biomass_1986-2021_processed.csv","u m n","KNZ",1987,1989,1988,0.0713062529266257,0.173375053220577,3
"KNZ_Biomass_1986-2021_processed.csv","u m n","KNZ",1988,1990,1989,0.109068156383782,0.170155505185684,3
"KNZ_Biomass_1986-2021_processed.csv","u m n","KNZ",1989,1991,1990,0.287635911331266,0.0864409741575845,3
"KNZ_Biomass_1986-2021_processed.csv","u m n","KNZ",1990,1992,1991,0.327326342604423,0.116127751906946,3
"KNZ_Biomass_1986-2021_processed.csv","u m n","KNZ",1991,1993,1992,0.366476158966473,0.0824942584077708,3
"KNZ_Biomass_1986-2021_processed.csv","u m n","KNZ",1992,1994,1993,0.234929701155796,0.163754046724554,3
"KNZ_Biomass_1986-2021_processed.csv","u m n","KNZ",1993,1995,1994,0.0548098716282731,0.0904243342700288,3
"KNZ_Biomass_1986-2021_processed.csv","u m n","KNZ",1994,1996,1995,-0.0205228810181038,0.0166760286618431,3
"KNZ_Biomass_1986-2021_processed.csv","u m n","KNZ",1995,1997,1996,0.108446452076097,0.115209379700425,3
"KNZ_Biomass_1986-2021_processed.csv","u m n","KNZ",1996,1998,1997,0.202767878395365,0.0994076973802835,3
"KNZ_Biomass_1986-2021_processed.csv","u m n","KNZ",1997,1999,1998,0.334525890652131,0.0413588690492416,3
"KNZ_Biomass_1986-2021_processed.csv","u m n","KNZ",1998,2000,1999,-0.163768184674661,0.498184903201088,3
"KNZ_Biomass_1986-2021_processed.csv","u m n","KNZ",1999,2001,2000,-0.119467609072451,0.518627198622308,3
"KNZ_Biomass_1986-2021_processed.csv","u m n","KNZ",2000,2002,2001,-0.11073261936765,0.523092038073123,3
"KNZ_Biomass_1986-2021_processed.csv","u m n","KNZ",2001,2003,2002,0.18173250988816,0.230760977804702,3
"KNZ_Biomass_1986-2021_processed.csv","u m n","KNZ",2002,2004,2003,0.106939085819539,0.207281849520276,3
"KNZ_Biomass_1986-2021_processed.csv","u m n","KNZ",2003,2005,2004,0.209457032261865,0.294352739733718,3
"KNZ_Biomass_1986-2021_processed.csv","u m n","KNZ",2004,2006,2005,0.0228962561080345,0.461121652825661,3
"KNZ_Biomass_1986-2021_processed.csv","u m n","KNZ",2005,2007,2006,0.213808770115245,0.526401961269015,3
"KNZ_Biomass_1986-2021_processed.csv","u m n","KNZ",2006,2008,2007,0.178920916670354,0.509928827554234,3
"KNZ_Biomass_1986-2021_processed.csv","u m n","KNZ",2007,2009,2008,0.588987239153494,0.103778310893847,3
"KNZ_Biomass_1986-2021_processed.csv","u m n","KNZ",2008,2010,2009,0.380962604983609,0.148767976919469,3
"KNZ_Biomass_1986-2021_processed.csv","u m n","KNZ",2009,2011,2010,-0.00491941487753148,0.271368169515965,3
"KNZ_Biomass_1986-2021_processed.csv","u m n","KNZ",2010,2012,2011,0.03087409955555,0.298497252558454,3
"KNZ_Biomass_1986-2021_processed.csv","u m n","KNZ",2011,2013,2012,-0.0702623133250554,0.300807683971088,3
"KNZ_Biomass_1986-2021_processed.csv","u m n","KNZ",2012,2014,2013,0.375752662715535,0.294811567389819,3
"KNZ_Biomass_1986-2021_processed.csv","u m n","KNZ",2013,2015,2014,0.571461914812395,0.386336462379864,3
"KNZ_Biomass_1986-2021_processed.csv","u m n","KNZ",2014,2016,2015,0.209822804447529,0.744068108717651,3
"KNZ_Biomass_1986-2021_processed.csv","u m n","KNZ",2015,2017,2016,0.364359891567958,0.819054210533152,3
"KNZ_Biomass_1986-2021_processed.csv","u m n","KNZ",2016,2018,2017,-0.0601022559423566,0.738125950233054,3
"KNZ_Biomass_1986-2021_processed.csv","u m n","KNZ",2017,2019,2018,0.192409137448203,0.550524467316651,3
"KNZ_Biomass_1986-2021_processed.csv","u m n","KNZ",2018,2020,2019,-0.0175312893760825,0.345506442805879,3
"KNZ_Biomass_1986-2021_processed.csv","u m n","KNZ",2019,2021,2020,0.125022462896454,0.339767827216379,3
"KNZ_Biomass_1986-2021_processed.csv","u m n+p","KNZ",1986,1988,1987,-0.318445144105536,0.357630429130474,3
"KNZ_Biomass_1986-2021_processed.csv","u m n+p","KNZ",1987,1989,1988,0.0521716466060026,0.0320388039539449,3
"KNZ_Biomass_1986-2021_processed.csv","u m n+p","KNZ",1988,1990,1989,0.113936622147078,0.0839241642412371,3
"KNZ_Biomass_1986-2021_processed.csv","u m n+p","KNZ",1989,1991,1990,0.200543655522329,0.0604765467711147,3
"KNZ_Biomass_1986-2021_processed.csv","u m n+p","KNZ",1990,1992,1991,0.300289415870356,0.0403570781097421,3
"KNZ_Biomass_1986-2021_processed.csv","u m n+p","KNZ",1991,1993,1992,0.277180757977341,0.0528266187705994,3
"KNZ_Biomass_1986-2021_processed.csv","u m n+p","KNZ",1992,1994,1993,0.174532784807009,0.127737343337499,3
"KNZ_Biomass_1986-2021_processed.csv","u m n+p","KNZ",1993,1995,1994,0.0402851333411891,0.0824411535476279,3
"KNZ_Biomass_1986-2021_processed.csv","u m n+p","KNZ",1994,1996,1995,-0.0172465506833455,0.0264526595551006,3
"KNZ_Biomass_1986-2021_processed.csv","u m n+p","KNZ",1995,1997,1996,0.0814654370889452,0.0789595527519759,3
"KNZ_Biomass_1986-2021_processed.csv","u m n+p","KNZ",1996,1998,1997,0.169089967885463,0.0689553796572305,3
"KNZ_Biomass_1986-2021_processed.csv","u m n+p","KNZ",1997,1999,1998,0.295373087907053,0.0573447851014935,3
"KNZ_Biomass_1986-2021_processed.csv","u m n+p","KNZ",1998,2000,1999,-0.156622690211124,0.484058634121943,3
"KNZ_Biomass_1986-2021_processed.csv","u m n+p","KNZ",1999,2001,2000,-0.0619742484132001,0.529900392713063,3
"KNZ_Biomass_1986-2021_processed.csv","u m n+p","KNZ",2000,2002,2001,-0.0416543297487881,0.539257543895235,3
"KNZ_Biomass_1986-2021_processed.csv","u m n+p","KNZ",2001,2003,2002,0.351558261774853,0.146623194363944,3
"KNZ_Biomass_1986-2021_processed.csv","u m n+p","KNZ",2002,2004,2003,0.341511930784759,0.140958047874027,3
"KNZ_Biomass_1986-2021_processed.csv","u m n+p","KNZ",2003,2005,2004,0.447781564215446,0.211951550981524,3
"KNZ_Biomass_1986-2021_processed.csv","u m n+p","KNZ",2004,2006,2005,0.16170950818371,0.48756857722135,3
"KNZ_Biomass_1986-2021_processed.csv","u m n+p","KNZ",2005,2007,2006,0.342659106657391,0.574915073763044,3
"KNZ_Biomass_1986-2021_processed.csv","u m n+p","KNZ",2006,2008,2007,0.292235052929697,0.557245574491684,3
"KNZ_Biomass_1986-2021_processed.csv","u m n+p","KNZ",2007,2009,2008,0.707092033719263,0.173797687543216,3
"KNZ_Biomass_1986-2021_processed.csv","u m n+p","KNZ",2008,2010,2009,0.142279964649187,0.403949077134212,3
"KNZ_Biomass_1986-2021_processed.csv","u m n+p","KNZ",2009,2011,2010,-0.0501423804329647,0.323588615159715,3
"KNZ_Biomass_1986-2021_processed.csv","u m n+p","KNZ",2010,2012,2011,0.0767367570450929,0.428707581787449,3
"KNZ_Biomass_1986-2021_processed.csv","u m n+p","KNZ",2011,2013,2012,0.225709261291778,0.31069961588247,3
"KNZ_Biomass_1986-2021_processed.csv","u m n+p","KNZ",2012,2014,2013,0.616489098667543,0.430098773473792,3
"KNZ_Biomass_1986-2021_processed.csv","u m n+p","KNZ",2013,2015,2014,0.674912074618081,0.447984932952181,3
"KNZ_Biomass_1986-2021_processed.csv","u m n+p","KNZ",2014,2016,2015,0.481125769791411,0.640256481415567,3
"KNZ_Biomass_1986-2021_processed.csv","u m n+p","KNZ",2015,2017,2016,0.499227517607311,0.651058653022014,3
"KNZ_Biomass_1986-2021_processed.csv","u m n+p","KNZ",2016,2018,2017,0.243232570253673,0.600551950265308,3
"KNZ_Biomass_1986-2021_processed.csv","u m n+p","KNZ",2017,2019,2018,0.27434931963625,0.57393859940787,3
"KNZ_Biomass_1986-2021_processed.csv","u m n+p","KNZ",2018,2020,2019,-0.0735608416838521,0.312755594833703,3
"KNZ_Biomass_1986-2021_processed.csv","u m n+p","KNZ",2019,2021,2020,-0.0256122905104821,0.338925676416966,3
"KNZ_Biomass_1986-2021_processed.csv","u m p","KNZ",1986,1988,1987,-0.711552500105777,0.0913324377819801,3
"KNZ_Biomass_1986-2021_processed.csv","u m p","KNZ",1987,1989,1988,-0.598345132745303,0.0363652238624392,3
"KNZ_Biomass_1986-2021_processed.csv","u m p","KNZ",1988,1990,1989,-0.551728573658234,0.0662363323464449,3
"KNZ_Biomass_1986-2021_processed.csv","u m p","KNZ",1989,1991,1990,-0.357153235621436,0.139611110021676,3
"KNZ_Biomass_1986-2021_processed.csv","u m p","KNZ",1990,1992,1991,-0.186125219007904,0.127470278136332,3
"KNZ_Biomass_1986-2021_processed.csv","u m p","KNZ",1991,1993,1992,-0.0802042760267807,0.0253839666182858,3
"KNZ_Biomass_1986-2021_processed.csv","u m p","KNZ",1992,1994,1993,-0.165620711208255,0.091355786445479,3
"KNZ_Biomass_1986-2021_processed.csv","u m p","KNZ",1993,1995,1994,-0.299405860396599,0.0929678612728492,3
"KNZ_Biomass_1986-2021_processed.csv","u m p","KNZ",1994,1996,1995,-0.428742851102235,0.048730903442209,3
"KNZ_Biomass_1986-2021_processed.csv","u m p","KNZ",1995,1997,1996,-0.39712234869977,0.0783750763629844,3
"KNZ_Biomass_1986-2021_processed.csv","u m p","KNZ",1996,1998,1997,-0.322840870562087,0.0938944847333271,3
"KNZ_Biomass_1986-2021_processed.csv","u m p","KNZ",1997,1999,1998,-0.0979399829957101,0.131874790318378,3
"KNZ_Biomass_1986-2021_processed.csv","u m p","KNZ",1998,2000,1999,-0.589786830932596,0.576449870327509,3
"KNZ_Biomass_1986-2021_processed.csv","u m p","KNZ",1999,2001,2000,-0.506701880582442,0.608718983565251,3
"KNZ_Biomass_1986-2021_processed.csv","u m p","KNZ",2000,2002,2001,-0.509131385330009,0.607381747406478,3
"KNZ_Biomass_1986-2021_processed.csv","u m p","KNZ",2001,2003,2002,-0.00956811965411818,0.112387818586938,3
"KNZ_Biomass_1986-2021_processed.csv","u m p","KNZ",2002,2004,2003,0.0328628083130374,0.128039301181578,3
"KNZ_Biomass_1986-2021_processed.csv","u m p","KNZ",2003,2005,2004,0.204472641393021,0.259392243039164,3
"KNZ_Biomass_1986-2021_processed.csv","u m p","KNZ",2004,2006,2005,0.0653096020967937,0.382316164563367,3
"KNZ_Biomass_1986-2021_processed.csv","u m p","KNZ",2005,2007,2006,0.308946166208993,0.479128525714804,3
"KNZ_Biomass_1986-2021_processed.csv","u m p","KNZ",2006,2008,2007,0.138907009782016,0.443437890811886,3
"KNZ_Biomass_1986-2021_processed.csv","u m p","KNZ",2007,2009,2008,0.31172023484846,0.302949863937385,3
"KNZ_Biomass_1986-2021_processed.csv","u m p","KNZ",2008,2010,2009,-0.0437084002242322,0.10408173202172,3
"KNZ_Biomass_1986-2021_processed.csv","u m p","KNZ",2009,2011,2010,-0.188708177881224,0.0442280548838705,3
"KNZ_Biomass_1986-2021_processed.csv","u m p","KNZ",2010,2012,2011,-0.00189132382122929,0.221977395263855,3
"KNZ_Biomass_1986-2021_processed.csv","u m p","KNZ",2011,2013,2012,-0.0815844169129378,0.262932160875726,3
"KNZ_Biomass_1986-2021_processed.csv","u m p","KNZ",2012,2014,2013,0.255407320609696,0.344040457701263,3
"KNZ_Biomass_1986-2021_processed.csv","u m p","KNZ",2013,2015,2014,0.335327841413219,0.37331063023056,3
"KNZ_Biomass_1986-2021_processed.csv","u m p","KNZ",2014,2016,2015,-0.0892493083269259,0.797670127451268,3
"KNZ_Biomass_1986-2021_processed.csv","u m p","KNZ",2015,2017,2016,0.227665559424081,0.999517228038923,3
"KNZ_Biomass_1986-2021_processed.csv","u m p","KNZ",2016,2018,2017,0.281201196790494,1.01292062009998,3
"KNZ_Biomass_1986-2021_processed.csv","u m p","KNZ",2017,2019,2018,0.6368167085808,0.673454495402428,3
"KNZ_Biomass_1986-2021_processed.csv","u m p","KNZ",2018,2020,2019,0.345692887713205,0.481571299940891,3
"KNZ_Biomass_1986-2021_processed.csv","u m p","KNZ",2019,2021,2020,0.12699234401289,0.41466427088472,3
"KNZ_Biomass_1986-2021_processed.csv","u u n","KNZ",1986,1988,1987,0.282182192692636,0.173049289882874,3
"KNZ_Biomass_1986-2021_processed.csv","u u n","KNZ",1987,1989,1988,0.344738617921649,0.112093722621698,3
"KNZ_Biomass_1986-2021_processed.csv","u u n","KNZ",1988,1990,1989,0.397793813767063,0.154803726518422,3
"KNZ_Biomass_1986-2021_processed.csv","u u n","KNZ",1989,1991,1990,0.523401349411347,0.199489336852515,3
"KNZ_Biomass_1986-2021_processed.csv","u u n","KNZ",1990,1992,1991,0.872274712127272,0.155142335393667,3
"KNZ_Biomass_1986-2021_processed.csv","u u n","KNZ",1991,1993,1992,0.719619364727838,0.280903671731793,3
"KNZ_Biomass_1986-2021_processed.csv","u u n","KNZ",1992,1994,1993,0.759889447229109,0.287681728277999,3
"KNZ_Biomass_1986-2021_processed.csv","u u n","KNZ",1993,1995,1994,0.594780646256711,0.203240666251366,3
"KNZ_Biomass_1986-2021_processed.csv","u u n","KNZ",1994,1996,1995,0.646367418412761,0.154924812444214,3
"KNZ_Biomass_1986-2021_processed.csv","u u n","KNZ",1995,1997,1996,0.485697231418915,0.0986429648438104,3
"KNZ_Biomass_1986-2021_processed.csv","u u n","KNZ",1996,1998,1997,0.5214347533027,0.134082238988056,3
"KNZ_Biomass_1986-2021_processed.csv","u u n","KNZ",1997,1999,1998,0.569227149200953,0.112544304843501,3
"KNZ_Biomass_1986-2021_processed.csv","u u n","KNZ",1998,2000,1999,0.203512416525574,0.450818208865561,3
"KNZ_Biomass_1986-2021_processed.csv","u u n","KNZ",1999,2001,2000,0.287747269845205,0.509473282839303,3
"KNZ_Biomass_1986-2021_processed.csv","u u n","KNZ",2000,2002,2001,0.163310186916494,0.49789992624963,3
"KNZ_Biomass_1986-2021_processed.csv","u u n","KNZ",2001,2003,2002,0.58241244529227,0.262178168203226,3
"KNZ_Biomass_1986-2021_processed.csv","u u n","KNZ",2002,2004,2003,0.271847056195301,0.151236489363283,3
"KNZ_Biomass_1986-2021_processed.csv","u u n","KNZ",2003,2005,2004,0.564954862603023,0.260691139055794,3
"KNZ_Biomass_1986-2021_processed.csv","u u n","KNZ",2004,2006,2005,0.0809129445514135,0.545776463197813,3
"KNZ_Biomass_1986-2021_processed.csv","u u n","KNZ",2005,2007,2006,0.244620379576352,0.573815460793145,3
"KNZ_Biomass_1986-2021_processed.csv","u u n","KNZ",2006,2008,2007,0.322714154883842,0.62871427770329,3
"KNZ_Biomass_1986-2021_processed.csv","u u n","KNZ",2007,2009,2008,0.507541179582722,0.455518825695742,3
"KNZ_Biomass_1986-2021_processed.csv","u u n","KNZ",2008,2010,2009,0.262527465217075,0.494827625234108,3
"KNZ_Biomass_1986-2021_processed.csv","u u n","KNZ",2009,2011,2010,-0.258172663326197,0.0616488354609127,3
"KNZ_Biomass_1986-2021_processed.csv","u u n","KNZ",2010,2012,2011,0.0665871978048819,0.296666603016917,3
"KNZ_Biomass_1986-2021_processed.csv","u u n","KNZ",2011,2013,2012,0.0918793756260669,0.289055915081833,3
"KNZ_Biomass_1986-2021_processed.csv","u u n","KNZ",2012,2014,2013,0.305956535710187,0.205132748678073,3
"KNZ_Biomass_1986-2021_processed.csv","u u n","KNZ",2013,2015,2014,0.584571936283009,0.464480677068222,3
"KNZ_Biomass_1986-2021_processed.csv","u u n","KNZ",2014,2016,2015,0.417289759515295,0.592787395246242,3
"KNZ_Biomass_1986-2021_processed.csv","u u n","KNZ",2015,2017,2016,0.627695507649409,0.613614526332833,3
"KNZ_Biomass_1986-2021_processed.csv","u u n","KNZ",2016,2018,2017,0.252293612356705,0.44165004517155,3
"KNZ_Biomass_1986-2021_processed.csv","u u n","KNZ",2017,2019,2018,-0.0728997041231013,0.751836930002628,3
"KNZ_Biomass_1986-2021_processed.csv","u u n","KNZ",2018,2020,2019,-0.509158481708039,0.553219563082864,3
"KNZ_Biomass_1986-2021_processed.csv","u u n","KNZ",2019,2021,2020,-0.754119693127657,0.391250716117615,3
"KNZ_Biomass_1986-2021_processed.csv","u u n+p","KNZ",1986,1988,1987,0.270345066050091,0.157103603177353,3
"KNZ_Biomass_1986-2021_processed.csv","u u n+p","KNZ",1987,1989,1988,0.545634194551731,0.121910160703278,3
"KNZ_Biomass_1986-2021_processed.csv","u u n+p","KNZ",1988,1990,1989,0.800642379105071,0.243497550120003,3
"KNZ_Biomass_1986-2021_processed.csv","u u n+p","KNZ",1989,1991,1990,0.92002368727779,0.155362718359085,3
"KNZ_Biomass_1986-2021_processed.csv","u u n+p","KNZ",1990,1992,1991,0.947571172678353,0.145546777397279,3
"KNZ_Biomass_1986-2021_processed.csv","u u n+p","KNZ",1991,1993,1992,0.820210345583785,0.0380793870367162,3
"KNZ_Biomass_1986-2021_processed.csv","u u n+p","KNZ",1992,1994,1993,0.897728300306647,0.0403033075840985,3
"KNZ_Biomass_1986-2021_processed.csv","u u n+p","KNZ",1993,1995,1994,0.841430025726798,0.0804571291008898,3
"KNZ_Biomass_1986-2021_processed.csv","u u n+p","KNZ",1994,1996,1995,0.821598882752395,0.0821000855734285,3
"KNZ_Biomass_1986-2021_processed.csv","u u n+p","KNZ",1995,1997,1996,0.868904087270669,0.127878471165845,3
"KNZ_Biomass_1986-2021_processed.csv","u u n+p","KNZ",1996,1998,1997,0.756422338810807,0.219353605339681,3
"KNZ_Biomass_1986-2021_processed.csv","u u n+p","KNZ",1997,1999,1998,0.613071310067836,0.25317144576113,3
"KNZ_Biomass_1986-2021_processed.csv","u u n+p","KNZ",1998,2000,1999,-0.112826483744055,0.472729114997027,3
"KNZ_Biomass_1986-2021_processed.csv","u u n+p","KNZ",1999,2001,2000,0.0736564990711772,0.588823402186115,3
"KNZ_Biomass_1986-2021_processed.csv","u u n+p","KNZ",2000,2002,2001,0.284897674845756,0.671902607259789,3
"KNZ_Biomass_1986-2021_processed.csv","u u n+p","KNZ",2001,2003,2002,0.950503525942695,0.0213422204775499,3
"KNZ_Biomass_1986-2021_processed.csv","u u n+p","KNZ",2002,2004,2003,0.744969155736166,0.220823046644245,3
"KNZ_Biomass_1986-2021_processed.csv","u u n+p","KNZ",2003,2005,2004,0.600285126646283,0.1842799486761,3
"KNZ_Biomass_1986-2021_processed.csv","u u n+p","KNZ",2004,2006,2005,-0.0291717705675444,0.466113198909659,3
"KNZ_Biomass_1986-2021_processed.csv","u u n+p","KNZ",2005,2007,2006,0.144409819518506,0.552534467688711,3
"KNZ_Biomass_1986-2021_processed.csv","u u n+p","KNZ",2006,2008,2007,0.133171772505897,0.548428299595353,3
"KNZ_Biomass_1986-2021_processed.csv","u u n+p","KNZ",2007,2009,2008,0.448791039259791,0.242014517954905,3
"KNZ_Biomass_1986-2021_processed.csv","u u n+p","KNZ",2008,2010,2009,0.0619990839581383,0.250215301475981,3
"KNZ_Biomass_1986-2021_processed.csv","u u n+p","KNZ",2009,2011,2010,-0.218715122023954,0.107983926546278,3
"KNZ_Biomass_1986-2021_processed.csv","u u n+p","KNZ",2010,2012,2011,-0.110371298978581,0.216269932637569,3
"KNZ_Biomass_1986-2021_processed.csv","u u n+p","KNZ",2011,2013,2012,-0.262242218499646,0.322469888779619,3
"KNZ_Biomass_1986-2021_processed.csv","u u n+p","KNZ",2012,2014,2013,0.0203287867003907,0.409994102011583,3
"KNZ_Biomass_1986-2021_processed.csv","u u n+p","KNZ",2013,2015,2014,0.127556965988189,0.460376391013956,3
"KNZ_Biomass_1986-2021_processed.csv","u u n+p","KNZ",2014,2016,2015,0.0893004285340016,0.498542621204932,3
"KNZ_Biomass_1986-2021_processed.csv","u u n+p","KNZ",2015,2017,2016,0.5516388143694,0.816057471037414,3
"KNZ_Biomass_1986-2021_processed.csv","u u n+p","KNZ",2016,2018,2017,0.56021373167954,0.816586227632896,3
"KNZ_Biomass_1986-2021_processed.csv","u u n+p","KNZ",2017,2019,2018,0.503998047463854,0.867395895802332,3
"KNZ_Biomass_1986-2021_processed.csv","u u n+p","KNZ",2018,2020,2019,-0.268109423048109,0.507639932694558,3
"KNZ_Biomass_1986-2021_processed.csv","u u n+p","KNZ",2019,2021,2020,-0.565415757853991,0.25950577093463,3
"KNZ_Biomass_1986-2021_processed.csv","u u p","KNZ",1986,1988,1987,0.0515956613785593,0.0444595106452298,3
"KNZ_Biomass_1986-2021_processed.csv","u u p","KNZ",1987,1989,1988,0.0776081317899987,0.0498478522986932,3
"KNZ_Biomass_1986-2021_processed.csv","u u p","KNZ",1988,1990,1989,-0.0150198330906062,0.0778477574997904,3
"KNZ_Biomass_1986-2021_processed.csv","u u p","KNZ",1989,1991,1990,0.027833402584883,0.0871719700852376,3
"KNZ_Biomass_1986-2021_processed.csv","u u p","KNZ",1990,1992,1991,0.0223808930283246,0.0843145042321798,3
"KNZ_Biomass_1986-2021_processed.csv","u u p","KNZ",1991,1993,1992,0.204983568294843,0.098288209960337,3
"KNZ_Biomass_1986-2021_processed.csv","u u p","KNZ",1992,1994,1993,0.296898785743988,0.0952120571488589,3
"KNZ_Biomass_1986-2021_processed.csv","u u p","KNZ",1993,1995,1994,0.270343402078257,0.12173214347128,3
"KNZ_Biomass_1986-2021_processed.csv","u u p","KNZ",1994,1996,1995,0.101726923399418,0.145344277488752,3
"KNZ_Biomass_1986-2021_processed.csv","u u p","KNZ",1995,1997,1996,0.0184344441253707,0.0684820970197336,3
"KNZ_Biomass_1986-2021_processed.csv","u u p","KNZ",1996,1998,1997,0.0236299479467952,0.06900710100557,3
"KNZ_Biomass_1986-2021_processed.csv","u u p","KNZ",1997,1999,1998,0.0221506949951353,0.0703803479348246,3
"KNZ_Biomass_1986-2021_processed.csv","u u p","KNZ",1998,2000,1999,-0.645510918572474,0.614064906932927,3
"KNZ_Biomass_1986-2021_processed.csv","u u p","KNZ",1999,2001,2000,-0.541226204442156,0.678028642173083,3
"KNZ_Biomass_1986-2021_processed.csv","u u p","KNZ",2000,2002,2001,-0.381359247262329,0.744595579233753,3
"KNZ_Biomass_1986-2021_processed.csv","u u p","KNZ",2001,2003,2002,0.271285627356003,0.092043644600082,3
"KNZ_Biomass_1986-2021_processed.csv","u u p","KNZ",2002,2004,2003,0.0703964422961625,0.178594818164267,3
"KNZ_Biomass_1986-2021_processed.csv","u u p","KNZ",2003,2005,2004,0.118806584792508,0.220875065122405,3
"KNZ_Biomass_1986-2021_processed.csv","u u p","KNZ",2004,2006,2005,-0.240845788954751,0.435232500598442,3
"KNZ_Biomass_1986-2021_processed.csv","u u p","KNZ",2005,2007,2006,0.00918131683602924,0.50037833745097,3
"KNZ_Biomass_1986-2021_processed.csv","u u p","KNZ",2006,2008,2007,-0.00465147144226957,0.493515624567077,3
"KNZ_Biomass_1986-2021_processed.csv","u u p","KNZ",2007,2009,2008,0.223152687367758,0.265769766479165,3
"KNZ_Biomass_1986-2021_processed.csv","u u p","KNZ",2008,2010,2009,-0.246678705395854,0.399875420112966,3
"KNZ_Biomass_1986-2021_processed.csv","u u p","KNZ",2009,2011,2010,-0.651767342717456,0.17836210979122,3
"KNZ_Biomass_1986-2021_processed.csv","u u p","KNZ",2010,2012,2011,-0.101166463899175,0.724002117815235,3
"KNZ_Biomass_1986-2021_processed.csv","u u p","KNZ",2011,2013,2012,0.416038981861214,0.612497940672781,3
"KNZ_Biomass_1986-2021_processed.csv","u u p","KNZ",2012,2014,2013,1.26747479612553,0.33947245250387,3
"KNZ_Biomass_1986-2021_processed.csv","u u p","KNZ",2013,2015,2014,1.5337017195788,0.45431609325534,3
"KNZ_Biomass_1986-2021_processed.csv","u u p","KNZ",2014,2016,2015,1.10849978868241,0.874660642291961,3
"KNZ_Biomass_1986-2021_processed.csv","u u p","KNZ",2015,2017,2016,0.931301475256906,0.819438555039117,3
"KNZ_Biomass_1986-2021_processed.csv","u u p","KNZ",2016,2018,2017,0.305326889327993,0.552484064047753,3
"KNZ_Biomass_1986-2021_processed.csv","u u p","KNZ",2017,2019,2018,0.349748713926229,0.515403660408972,3
"KNZ_Biomass_1986-2021_processed.csv","u u p","KNZ",2018,2020,2019,-1.0279857283621,0.937724047926011,3
"KNZ_Biomass_1986-2021_processed.csv","u u p","KNZ",2019,2021,2020,-0.732409663950031,1.16133431963146,3
"LUQ_GHG_fluxes_2003-2010.csv","No trim + debris","LUQ",2005,2007,2006,0.110010540927644,0.0331677758263047,3
"LUQ_GHG_fluxes_2003-2010.csv","No trim + debris","LUQ",2006,2008,2007,0.115905304560656,0.0385886456057914,3
"LUQ_GHG_fluxes_2003-2010.csv","No trim + debris","LUQ",2007,2009,2008,0.101137940742939,0.0509627313668226,3
"LUQ_GHG_fluxes_2003-2010.csv","Trim & clear","LUQ",2005,2007,2006,-0.106901500393663,0.0521981954240619,3
"LUQ_GHG_fluxes_2003-2010.csv","Trim & clear","LUQ",2006,2008,2007,-0.0317669331521482,0.079977790205539,3
"LUQ_GHG_fluxes_2003-2010.csv","Trim & clear","LUQ",2007,2009,2008,-0.00215889423503134,0.0533532170892552,3
"LUQ_GHG_fluxes_2003-2010.csv","Trim + debris","LUQ",2005,2007,2006,-0.0220368133282865,0.0778582896580121,3
"LUQ_GHG_fluxes_2003-2010.csv","Trim + debris","LUQ",2006,2008,2007,-0.0360266899043651,0.0774584394172394,3
"LUQ_GHG_fluxes_2003-2010.csv","Trim + debris","LUQ",2007,2009,2008,0.00910756520099809,0.0469963984370962,3
"MCM_CO2flux_2003-2010_processed.csv","C","MCM",2003,2008,2006,0.304890789931342,0.104491887458249,3
"MCM_CO2flux_2003-2010_processed.csv","C","MCM",2007,2009,2008,0.403061027931018,0.0354264176285306,3
"MCM_CO2flux_2003-2010_processed.csv","C","MCM",2008,2010,2009,0.419135128928592,0.0230052439163112,3
"MCM_CO2flux_2003-2010_processed.csv","CN","MCM",2003,2008,2006,0.347173836561828,0.143407894412162,3
"MCM_CO2flux_2003-2010_processed.csv","CN","MCM",2007,2009,2008,0.407104826315624,0.130519860460201,3
"MCM_CO2flux_2003-2010_processed.csv","CN","MCM",2008,2010,2009,0.700317546618397,0.191242979339607,3
"MCM_CO2flux_2003-2010_processed.csv","CP","MCM",2003,2008,2006,0.00505262487258655,0.357205268212626,3
"MCM_CO2flux_2003-2010_processed.csv","CP","MCM",2007,2009,2008,0.400707784403194,0.0794032026031876,3
"MCM_CO2flux_2003-2010_processed.csv","CP","MCM",2008,2010,2009,0.344114626900473,0.135910590419684,3
"MCM_CO2flux_2003-2010_processed.csv","N","MCM",2003,2008,2006,-0.00157375753864054,0.257185085734883,3
"MCM_CO2flux_2003-2010_processed.csv","N","MCM",2007,2009,2008,0.195348673474778,0.105896879210552,3
"MCM_CO2flux_2003-2010_processed.csv","N","MCM",2008,2010,2009,0.0761170628616191,0.019437208603835,3
"MCM_CO2flux_2003-2010_processed.csv","P","MCM",2003,2008,2006,0.00713385966601653,0.139660424024552,3
"MCM_CO2flux_2003-2010_processed.csv","P","MCM",2007,2009,2008,0.151088386986915,0.0366875967011748,3
"MCM_CO2flux_2003-2010_processed.csv","P","MCM",2008,2010,2009,0.124242099492244,0.0629340585166078,3
"NTL_NutrientAddition1.csv","added","NTL",2013,2015,2014,1.45459148964845,0.165841429018158,3
"NTL_NutrientAddition1.csv","added","NTL",2014,2019,2016,1.37037195137633,0.238192941422571,3
"NWT_AbovegroundBiomass_2006-2019_gm2_processed.csv","N","NWT",2006,2008,2007,-0.015734052664102,0.0327674535895902,3
"NWT_AbovegroundBiomass_2006-2019_gm2_processed.csv","N","NWT",2007,2009,2008,0.00748583190377864,0.0455055431844864,3
"NWT_AbovegroundBiomass_2006-2019_gm2_processed.csv","N","NWT",2008,2010,2009,0.0578748858573387,0.0146857449078636,3
"NWT_AbovegroundBiomass_2006-2019_gm2_processed.csv","N","NWT",2009,2011,2010,0.111210372864552,0.0386686343458405,3
"NWT_AbovegroundBiomass_2006-2019_gm2_processed.csv","N","NWT",2010,2012,2011,0.144304118592954,0.0367053811695291,3
"NWT_AbovegroundBiomass_2006-2019_gm2_processed.csv","N","NWT",2011,2013,2012,0.209476679888729,0.0290959753175633,3
"NWT_AbovegroundBiomass_2006-2019_gm2_processed.csv","N","NWT",2012,2014,2013,0.243877322549729,0.0361890861720569,3
"NWT_AbovegroundBiomass_2006-2019_gm2_processed.csv","N","NWT",2013,2015,2014,0.262649886295234,0.0181694235794842,3
"NWT_AbovegroundBiomass_2006-2019_gm2_processed.csv","N","NWT",2014,2016,2015,0.177317221342968,0.0851084629038699,3
"NWT_AbovegroundBiomass_2006-2019_gm2_processed.csv","N","NWT",2015,2017,2016,0.144806432975762,0.067679051284377,3
"NWT_AbovegroundBiomass_2006-2019_gm2_processed.csv","N","NWT",2016,2019,2017.33333333333,0.172943326871703,0.0880224491577404,3
"PIE-PlantShoot_2004-2020_Processed.csv","Enriched","PIE",2004,2006,2005,0.0780270172478964,0.0474573982035371,3
"PIE-PlantShoot_2004-2020_Processed.csv","Enriched","PIE",2005,2007,2006,0.0678152658584575,0.0377635051348225,3
"PIE-PlantShoot_2004-2020_Processed.csv","Enriched","PIE",2006,2008,2007,0.175835236842988,0.082389878560641,3
"PIE-PlantShoot_2004-2020_Processed.csv","Enriched","PIE",2007,2009,2008,0.190056513106312,0.0726576943191775,3
"PIE-PlantShoot_2004-2020_Processed.csv","Enriched","PIE",2008,2010,2009,0.218655969416595,0.0679901337727556,3
"PIE-PlantShoot_2004-2020_Processed.csv","Enriched","PIE",2009,2011,2010,0.124923601225609,0.0514232390358334,3
"PIE-PlantShoot_2004-2020_Processed.csv","Enriched","PIE",2010,2012,2011,0.107995190714637,0.0581702064962694,3
"PIE-PlantShoot_2004-2020_Processed.csv","Enriched","PIE",2011,2013,2012,0.0751982342366891,0.0253955626046769,3
"PIE-PlantShoot_2004-2020_Processed.csv","Enriched","PIE",2012,2014,2013,0.086850862452809,0.0226684951610184,3
"PIE-PlantShoot_2004-2020_Processed.csv","Enriched","PIE",2013,2015,2014,0.0901643123512766,0.0198514290424611,3
"PIE-PlantShoot_2004-2020_Processed.csv","Enriched","PIE",2014,2016,2015,0.173511177210368,0.101587825875255,3
"PIE-PlantShoot_2004-2020_Processed.csv","Enriched","PIE",2015,2017,2016,0.178980323626942,0.099389388394629,3
"PIE-PlantShoot_2004-2020_Processed.csv","Enriched","PIE",2016,2018,2017,0.20331060816304,0.0866623920357094,3
"PIE-PlantShoot_2004-2020_Processed.csv","Enriched","PIE",2017,2019,2018,0.114459825221695,0.00810040357810322,3
"SBC_algal_biomass_2008-2024_processed_corrected.csv","ANNUAL","SBC",2008,2010,2009,-0.208633655136582,0.244208516508504,3
"SBC_algal_biomass_2008-2024_processed_corrected.csv","ANNUAL","SBC",2009,2011,2010,-0.358051236957161,0.197190234159319,3
"SBC_algal_biomass_2008-2024_processed_corrected.csv","ANNUAL","SBC",2010,2012,2011,-0.208759807874604,0.104813078360519,3
"SBC_algal_biomass_2008-2024_processed_corrected.csv","ANNUAL","SBC",2011,2013,2012,-0.243554840149486,0.0729950216276577,3
"SBC_algal_biomass_2008-2024_processed_corrected.csv","ANNUAL","SBC",2012,2014,2013,-0.261000448854227,0.0883945777685249,3
"SBC_algal_biomass_2008-2024_processed_corrected.csv","ANNUAL","SBC",2013,2015,2014,-0.315236365300518,0.0997996390966936,3
"SBC_algal_biomass_2008-2024_processed_corrected.csv","ANNUAL","SBC",2014,2016,2015,-0.400031111142123,0.0153333027576023,3
"SBC_algal_biomass_2008-2024_processed_corrected.csv","ANNUAL","SBC",2015,2017,2016,-0.449285792279667,0.0607404167481346,3
"SBC_algal_biomass_2008-2024_processed_corrected.csv","ANNUAL","SBC",2016,2018,2017,-0.351206466201469,0.131360398322086,3
"SBC_algal_biomass_2008-2024_processed_corrected.csv","ANNUAL","SBC",2017,2019,2018,-0.307120948496972,0.13551547628163,3
"SBC_algal_biomass_2008-2024_processed_corrected.csv","ANNUAL","SBC",2018,2020,2019,-0.248867264579608,0.0807567020172363,3
"SBC_algal_biomass_2008-2024_processed_corrected.csv","ANNUAL","SBC",2019,2021,2020,-0.30256245555419,0.0469737269375215,3
"SBC_algal_biomass_2008-2024_processed_corrected.csv","ANNUAL","SBC",2020,2022,2021,-0.387815798470499,0.0629321981212715,3
"SBC_algal_biomass_2008-2024_processed_corrected.csv","ANNUAL","SBC",2021,2023,2022,-0.415812232800927,0.0701063061840132,3
"SBC_algal_biomass_2008-2024_processed_corrected.csv","CONTINUAL","SBC",2010,2012,2011,0.0643223547751651,0.0493948622365363,3
"SBC_algal_biomass_2008-2024_processed_corrected.csv","CONTINUAL","SBC",2011,2013,2012,0.062559421066159,0.0477131712911169,3
"SBC_algal_biomass_2008-2024_processed_corrected.csv","CONTINUAL","SBC",2012,2014,2013,0.43792541522293,0.341541229004111,3
"SBC_algal_biomass_2008-2024_processed_corrected.csv","CONTINUAL","SBC",2013,2015,2014,0.409205839704411,0.358937063416237,3
"SBC_algal_biomass_2008-2024_processed_corrected.csv","CONTINUAL","SBC",2014,2016,2015,0.34911909259238,0.384467172020524,3
"SBC_algal_biomass_2008-2024_processed_corrected.csv","CONTINUAL","SBC",2015,2017,2016,-0.0884407046723097,0.053349292709094,3
"SBC_algal_biomass_2008-2024_processed_corrected.csv","CONTINUAL","SBC",2016,2018,2017,-0.0600680165850457,0.0701259671968504,3
"SBC_algal_biomass_2008-2024_processed_corrected.csv","CONTINUAL","SBC",2017,2019,2018,-0.0319672342776341,0.0814941478264972,3
"SBC_algal_biomass_2008-2024_processed_corrected.csv","CONTINUAL","SBC",2018,2020,2019,0.016866117956703,0.0328598961188093,3
"SBC_algal_biomass_2008-2024_processed_corrected.csv","CONTINUAL","SBC",2019,2021,2020,-0.00813612350037201,0.033069678306777,3
"SBC_algal_biomass_2008-2024_processed_corrected.csv","CONTINUAL","SBC",2020,2022,2021,-0.0325985716394833,0.00933228481997989,3
"SBC_algal_biomass_2008-2024_processed_corrected.csv","CONTINUAL","SBC",2021,2023,2022,-0.0183497011841954,0.00824532084258168,3
"SEV_Aboveground_Biomass_2004-2023_gm2_processed_compactv.csv","F","SEV",2004,2006,2005,0.247204506850352,0.192744367681016,3
"SEV_Aboveground_Biomass_2004-2023_gm2_processed_compactv.csv","F","SEV",2005,2007,2006,0.428643785893991,0.181914753613622,3
"SEV_Aboveground_Biomass_2004-2023_gm2_processed_compactv.csv","F","SEV",2006,2008,2007,0.532364815284087,0.0788007430494852,3
"SEV_Aboveground_Biomass_2004-2023_gm2_processed_compactv.csv","F","SEV",2007,2009,2008,0.438524351458293,0.0749730626037551,3
"SEV_Aboveground_Biomass_2004-2023_gm2_processed_compactv.csv","F","SEV",2008,2010,2009,0.403241675479422,0.0400222609110936,3
"SEV_Aboveground_Biomass_2004-2023_gm2_processed_compactv.csv","F","SEV",2009,2011,2010,0.307847784974895,0.114956411489276,3
"SEV_Aboveground_Biomass_2004-2023_gm2_processed_compactv.csv","F","SEV",2010,2012,2011,0.28329017607875,0.112957571794572,3
"SEV_Aboveground_Biomass_2004-2023_gm2_processed_compactv.csv","F","SEV",2011,2013,2012,0.165553722111544,0.0569287996163838,3
"SEV_Aboveground_Biomass_2004-2023_gm2_processed_compactv.csv","F","SEV",2012,2014,2013,0.283939474988895,0.0916306508609283,3
"SEV_Aboveground_Biomass_2004-2023_gm2_processed_compactv.csv","F","SEV",2013,2015,2014,0.363147811976358,0.118924002300637,3
"SEV_Aboveground_Biomass_2004-2023_gm2_processed_compactv.csv","F","SEV",2014,2016,2015,0.473796711259496,0.0209915172664103,3
"SEV_Aboveground_Biomass_2004-2023_gm2_processed_compactv.csv","F","SEV",2015,2017,2016,0.439096115903857,0.0511252173992936,3
"SEV_Aboveground_Biomass_2004-2023_gm2_processed_compactv.csv","F","SEV",2016,2018,2017,0.251058136019326,0.154001569352507,3
"SEV_Aboveground_Biomass_2004-2023_gm2_processed_compactv.csv","F","SEV",2017,2019,2018,0.0593842749550147,0.142442052883398,3
"SEV_Aboveground_Biomass_2004-2023_gm2_processed_compactv.csv","F","SEV",2018,2020,2019,-0.13709182546693,0.0583999763974164,3
"SEV_Aboveground_Biomass_2004-2023_gm2_processed_compactv.csv","F","SEV",2019,2021,2020,-0.210559587631323,0.0484898082855915,3
"SEV_Aboveground_Biomass_2004-2023_gm2_processed_compactv.csv","F","SEV",2020,2022,2021,0.0629965636636917,0.321692564669666,3
"SEV_Aboveground_Biomass_2004-2023_gm2_processed_compactv.csv","F","SEV",2021,2023,2022,0.182831501183888,0.28393521780181,3
"VCR_flora manipulation and inundation_live_dead_biomass_1994-2014_gm2_processed.csv","Inside Juncus","VCR",1994,1996,1995,-0.875879140925746,0.175364659428773,3
"VCR_flora manipulation and inundation_live_dead_biomass_1994-2014_gm2_processed.csv","Inside Juncus","VCR",1995,1997,1996,-0.510568155993065,0.382263962155787,3
"VCR_flora manipulation and inundation_live_dead_biomass_1994-2014_gm2_processed.csv","Inside Juncus","VCR",1996,1998,1997,-0.30216149917755,0.236462766139621,3
"VCR_flora manipulation and inundation_live_dead_biomass_1994-2014_gm2_processed.csv","Inside Juncus","VCR",1997,2000,1998.33333333333,0.178076319309134,0.409040004749785,3
"VCR_flora manipulation and inundation_live_dead_biomass_1994-2014_gm2_processed.csv","Inside Juncus","VCR",1998,2002,2000,-0.164547874145785,0.535984083443851,3
"VCR_flora manipulation and inundation_live_dead_biomass_1994-2014_gm2_processed.csv","Inside Juncus","VCR",2000,2003,2001.66666666667,-0.0915385935173483,0.515921483153683,3
"VCR_flora manipulation and inundation_live_dead_biomass_1994-2014_gm2_processed.csv","Inside Juncus","VCR",2002,2004,2003,-0.190656944978459,0.422709262706589,3
"VCR_flora manipulation and inundation_live_dead_biomass_1994-2014_gm2_processed.csv","Inside Juncus","VCR",2003,2005,2004,0.473945958458111,0.421095692231087,3
"VCR_flora manipulation and inundation_live_dead_biomass_1994-2014_gm2_processed.csv","Inside Juncus","VCR",2004,2006,2005,0.791122019244824,0.173315893040517,3
"VCR_flora manipulation and inundation_live_dead_biomass_1994-2014_gm2_processed.csv","Inside Juncus","VCR",2005,2007,2006,1.13424024633206,0.282424692111797,3
"VCR_flora manipulation and inundation_live_dead_biomass_1994-2014_gm2_processed.csv","Inside Juncus","VCR",2006,2008,2007,1.29653721925972,0.326298635761384,3
"VCR_flora manipulation and inundation_live_dead_biomass_1994-2014_gm2_processed.csv","Inside Juncus","VCR",2007,2009,2008,1.64401326629623,0.0211799966454385,3
"VCR_flora manipulation and inundation_live_dead_biomass_1994-2014_gm2_processed.csv","Inside Juncus","VCR",2008,2010,2009,1.33068862899356,0.32470048596257,3
"VCR_flora manipulation and inundation_live_dead_biomass_1994-2014_gm2_processed.csv","Inside Juncus","VCR",2009,2013,2010.66666666667,1.08107177723657,0.307693843459243,3
