YEAR,MONTH,SITE,TRANSECT,TREATMENT,VIS_sd,VIS_mean,VIS_sum,PERCENT_COVER_sd,PERCENT_COVER_mean,PERCENT_COVER_sum,DENSITY_sd,DENSITY_mean,DENSITY_sum,WM_GM2_sd,WM_GM2_mean,WM_GM2_sum,DRY_GM2_sd,DRY_GM2_mean,DRY_GM2_sum,SFDM_sd,SFDM_mean,SFDM_sum,AFDM_sd,AFDM_mean,AFDM_sum
2008,1,AQUE,4,CONTROL,0,2.5,560,49718.81165,-56249.11384,-12599801.5,49772.98737,-44195.74416,-9899846.692,73.55919567,8.253551518,1848.79554,9.659406582,1.25121815,280.2728657,45276.83575,-28570.01403,-6399683.143,17438.13199,-3124.555632,-699900.4617
2008,1,AQUE,7,ANNUAL,0,2.5,560,49718.62139,-56249.28125,-12599839,49773.09047,-44195.62865,-9899820.817,109.9185142,8.692731167,1947.171781,14.38535529,1.399418895,313.4698326,45276.81914,-28570.04218,-6399689.448,17438.13024,-3124.566654,-699902.9305
2008,1,MOHK,2,CONTROL,0,2,448,49718.76091,-56249.15848,-12599811.5,49773.01465,-44195.71352,-9899839.829,200.5970801,18.45069183,4132.954969,27.6431011,3.207328595,718.4416053,45277.69538,-28568.66818,-6399381.672,17438.23711,-3123.980394,-699771.6083
2008,1,MOHK,3,ANNUAL,0,1.5,336,49718.76725,-56249.1529,-12599810.25,49773.26225,-44195.43622,-9899777.713,295.2994295,23.9651133,5368.18538,40.07514433,4.271713224,956.8637621,45278.15222,-28567.96119,-6399223.306,17438.26419,-3123.838025,-699739.7176
2008,1,NAPL,3,CONTROL,0,3,672,49718.68483,-56249.22545,-12599826.5,49773.04882,-44195.67528,-9899831.263,82.28895902,10.96345721,2455.814416,27.67793111,3.625096302,812.0215717,45277.07362,-28569.63936,-6399599.217,17438.28731,-3123.706556,-699710.2686
2008,1,NAPL,9,ANNUAL,0,3,672,49718.83703,-56249.09152,-12599796.5,49772.9911,-44195.73992,-9899845.742,47.10812768,9.315484545,2086.668538,18.13433327,3.04908676,682.9954342,45276.95926,-28569.81838,-6399639.318,17438.24519,-3123.930896,-699760.5207
2008,2,CARP,7,CONTROL,0,1.5,336,49718.51357,-56249.37612,-12599860.25,49773.18271,-44195.5252,-9899797.646,293.2494148,28.33407795,6346.833461,207.7432559,18.41486411,4124.929561,45278.0036,-28568.18441,-6399273.308,17438.47337,-3122.733868,-699492.3863
2008,2,CARP,9,ANNUAL,0,1.5,336,49718.64044,-56249.26451,-12599835.25,49773.25023,-44195.44965,-9899780.721,406.5411648,31.23969603,6997.691912,288.1166291,21.07105714,4719.916798,45278.11964,-28568.01352,-6399235.029,17438.48905,-3122.707769,-699486.5402
2008,3,AQUE,4,CONTROL,0,3,672,49718.64675,-56249.25893,-12599834,49772.92677,-44195.81205,-9899861.9,56.82873853,6.31757586,1415.136993,7.541048429,1.014070225,227.1517304,45276.64056,-28570.32131,-6399751.973,17438.11666,-3124.640338,-699919.4357
2008,3,AQUE,7,ANNUAL,0,3,672,49718.58333,-56249.31473,-12599846.5,49773.02461,-44195.70246,-9899837.35,10.48234422,2.142829647,479.993841,5.246726219,0.826859204,185.2164616,45276.27889,-28570.89098,-6399879.58,17438.10542,-3124.70237,-699933.3309
2008,3,CARP,7,CONTROL,0,2,448,49718.58968,-56249.30915,-12599845.25,49773.00994,-44195.71879,-9899841.008,150.8257889,16.67526869,3735.260186,106.7464819,10.52596693,2357.816592,45277.24062,-28569.3777,-6399540.604,17438.30643,-3123.607078,-699687.9855
2008,3,CARP,9,ANNUAL,0,2,448,49718.50723,-56249.3817,-12599861.5,49773.12671,-44195.588,-9899811.713,266.0954295,18.65754024,4179.289013,188.6662155,13.03119911,2918.9886,45277.26842,-28569.34119,-6399532.426,17438.31137,-3123.616434,-699690.0811
2008,3,MOHK,2,CONTROL,0,4.8,1075.2,49718.84337,-56249.08594,-12599795.25,49773.00366,-44195.72584,-9899842.588,94.46060978,13.53598997,3032.061753,26.58567838,3.855545982,863.6423,45277.26439,-28569.33889,-6399531.911,17438.23385,-3123.993906,-699774.635
2008,3,MOHK,3,ANNUAL,0,7,1568,49718.87508,-56249.05804,-12599789,49773.28997,-44195.40521,-9899770.767,22.28163783,5.193757114,1163.401594,9.30801822,1.598543686,358.0737856,45276.58978,-28570.40067,-6399769.75,17438.14572,-3124.479049,-699883.307
2008,3,NAPL,3,CONTROL,0,4,896,49718.74829,-56249.16964,-12599814,49773.07118,-44195.6502,-9899825.646,68.01795183,10.14900589,2273.377319,24.40534649,3.569224074,799.5061926,45277.05131,-28569.67408,-6399606.994,17438.27224,-3123.786768,-699728.2361
2008,3,NAPL,9,ANNUAL,0,4.5,1008,49718.82435,-56249.10268,-12599799,49772.89507,-44195.84754,-9899869.85,41.33050452,7.836896442,1755.464803,25.86128225,3.059642686,685.3599617,45276.81012,-28570.05337,-6399691.954,17438.20501,-3124.151734,-699809.9884
2008,4,AQUE,4,CONTROL,0,5.8,1299.2,49718.72286,-56249.19196,-12599819,49772.92511,-44195.8139,-9899862.313,91.35383424,9.635360516,2158.320756,12.52987865,1.577922487,353.454637,45276.88725,-28569.93362,-6399665.131,17438.14084,-3124.507045,-699889.578
2008,4,AQUE,7,ANNUAL,0,6.5,1456,49718.8117,-56249.11384,-12599801.5,49773.0331,-44195.69291,-9899835.213,20.33941392,4.181392668,936.6319577,7.064883864,1.102053595,246.8600053,45276.44081,-28570.63559,-6399822.372,17438.1089,-3124.682968,-699928.9849
2008,4,CARP,7,CONTROL,0,6,1344,49718.76731,-56249.1529,-12599810.25,49773.26021,-44195.43847,-9899778.217,481.0638502,44.29193017,9921.392358,341.5449557,29.59095256,6628.373372,45279.04476,-28566.56597,-6398910.778,17438.71905,-3121.495863,-699215.0733
2008,4,CARP,9,ANNUAL,0,6.5,1456,49718.64044,-56249.26451,-12599835.25,49773.3404,-44195.3487,-9899758.108,528.1006245,39.08165604,8754.290952,374.4762975,27.0269394,6054.034425,45278.57438,-28567.31433,-6399078.409,17438.61565,-3122.098594,-699350.0852
2008,4,MOHK,2,CONTROL,0,1.8,403.2,49718.83069,-56249.0971,-12599797.75,49773.04475,-44195.67976,-9899832.267,144.1556161,17.76006743,3978.255104,26.1971,3.765174039,843.3989848,45277.64459,-28568.74271,-6399398.368,17438.2565,-3123.871912,-699747.3082
2008,4,MOHK,3,ANNUAL,0,1.6,358.4,49718.79264,-56249.13058,-12599805.25,49773.26639,-44195.43147,-9899776.65,35.53037524,8.589229904,1923.987498,17.80922463,2.626313965,588.2943282,45276.87532,-28569.9504,-6399668.889,17438.18473,-3124.263396,-699835.0007
2008,4,NAPL,3,CONTROL,0,7.5,1680,49718.84981,-56249.08036,-12599794,49773.03605,-44195.68958,-9899834.467,60.1228058,8.737497963,1957.199544,20.26102472,2.726512018,610.7386921,45276.93388,-28569.85902,-6399648.421,17438.24539,-3123.933985,-699761.2127
2008,4,NAPL,9,ANNUAL,0,8,1792,49719.00829,-56248.94085,-12599762.75,49772.98028,-44195.75205,-9899848.458,41.23988668,8.720981989,1953.499966,14.98525987,2.585579353,579.1697751,45276.89542,-28569.91884,-6399661.821,17438.21227,-3124.111988,-699801.0852
2008,5,AQUE,4,CONTROL,0,7,1568,49718.77994,-56249.14174,-12599807.75,49773.09209,-44195.62675,-9899820.392,112.1801297,12.8431856,2876.873575,14.54554929,1.730593172,387.6528705,45277.18339,-28569.46765,-6399560.754,17438.1577,-3124.4142,-699868.7808
2008,5,AQUE,7,ANNUAL,0,7,1568,49719.0974,-56248.86272,-12599745.25,49773.18013,-44195.52818,-9899798.313,181.9799032,16.83494911,3771.0286,19.89670676,2.391657124,535.7311959,45277.21958,-28569.4117,-6399548.221,17438.1903,-3124.237681,-699829.2406
2008,5,CARP,7,CONTROL,0,2.2,492.8,49718.64676,-56249.25893,-12599834,49773.24472,-44195.45582,-9899782.104,458.3110795,39.12089691,8763.080908,324.9700692,25.8969561,5800.918167,45278.63085,-28567.21447,-6399056.042,17438.62765,-3121.977347,-699322.9258
2008,5,CARP,9,ANNUAL,0,2.2,492.8,49718.8181,-56249.10826,-12599800.25,49773.52826,-44195.1381,-9899710.933,447.8574033,43.8937499,9832.199978,309.2194251,24.57029006,5503.744974,45278.88925,-28566.80501,-6398964.323,17438.61847,-3122.012453,-699330.7895
2008,5,MOHK,2,CONTROL,0,2,448,49718.91316,-56249.02455,-12599781.5,49773.18595,-44195.5215,-9899796.817,205.3194599,25.94643222,5812.000817,34.54338028,5.241915216,1174.189008,45278.29449,-28567.7237,-6399170.108,17438.34162,-3123.404107,-699642.5199
2008,5,MOHK,3,ANNUAL,0,2.2,492.8,49718.88781,-56249.04688,-12599786.5,49773.39215,-44195.29049,-9899745.071,44.70685573,10.54091989,2361.166055,18.30075132,2.838792301,635.8894754,45277.04765,-28569.6788,-6399608.052,17438.20599,-3124.145795,-699808.658
2008,5,NAPL,3,CONTROL,0,8,1792,49718.66581,-56249.24219,-12599830.25,49773.01931,-44195.70835,-9899838.671,60.9638506,7.836968667,1755.480981,21.16540946,2.678355153,599.9515543,45276.82508,-28570.03069,-6399686.874,17438.22632,-3124.040284,-699785.0236
2008,5,NAPL,9,ANNUAL,0,9,2016,49718.80534,-56249.11942,-12599802.75,49772.96676,-44195.76721,-9899851.854,43.17493063,8.70359194,1949.604595,15.66315489,2.589083063,579.9546062,45276.88942,-28569.92839,-6399663.96,17438.21632,-3124.090143,-699796.192
2008,6,AQUE,4,CONTROL,0,1.7,380.8,49718.76726,-56249.1529,-12599810.25,49773.00784,-44195.72117,-9899841.542,160.4482779,16.24758469,3639.458971,20.83933984,2.220930068,497.4883353,45277.45291,-28569.04633,-6399466.377,17438.18223,-3124.280542,-699838.8414
2008,6,AQUE,7,ANNUAL,0,1.5,336,49719.03392,-56248.91853,-12599757.75,49773.05217,-44195.67152,-9899830.421,354.3742471,33.68197135,7544.761582,43.35821048,4.115401863,921.8500174,45278.66155,-28567.16469,-6399044.89,17438.29436,-3123.677425,-699703.7431
2008,6,CARP,7,CONTROL,0,1.3,291.2,49718.72288,-56249.19196,-12599819,49773.14357,-44195.5691,-9899807.479,349.7072369,31.23142049,6995.838189,247.5591959,20.0515566,4491.548679,45278.1674,-28567.9315,-6399216.655,17438.49904,-3122.618324,-699466.5045
2008,6,CARP,9,ANNUAL,0,1,224,49718.99577,-56248.95201,-12599765.25,49773.28574,-44195.4098,-9899771.796,409.6287106,45.66882955,10229.81782,264.8833256,21.16998044,4742.075619,45279.08876,-28566.48595,-6398892.852,17438.55966,-3122.2993,-699395.0431
2008,6,MOHK,2,CONTROL,0,2,448,49718.99559,-56248.95201,-12599765.25,49773.16992,-44195.53945,-9899800.838,298.7333567,31.46562874,7048.300838,43.09624006,5.797199713,1298.572736,45278.76858,-28566.98945,-6399005.638,17438.35125,-3123.357103,-699631.991
2008,6,MOHK,3,ANNUAL,0,1.8,403.2,49719.02731,-56248.92411,-12599759,49773.24907,-44195.45082,-9899780.983,106.5593149,14.32976415,3209.867169,15.0624605,2.561413541,573.7566331,45277.37138,-28569.1708,-6399494.259,17438.19926,-3124.183658,-699817.1395
2008,6,NAPL,3,CONTROL,0,3,672,49718.7356,-56249.1808,-12599816.5,49773.0482,-44195.67599,-9899831.421,66.61289594,8.862216181,1985.136425,22.86083879,2.913852549,652.702971,45276.95074,-28569.8329,-6399642.57,17438.25448,-3123.886765,-699750.6353
2008,6,NAPL,9,ANNUAL,0,3.5,784,49718.7863,-56249.13616,-12599806.5,49772.96374,-44195.77057,-9899852.608,48.63795439,10.62833343,2380.746688,14.89604584,2.944882148,659.6536012,45277.06724,-28569.64795,-6399601.141,17438.23653,-3123.97732,-699770.9197
2008,8,AQUE,4,CONTROL,0,3,672,49718.69749,-56249.21429,-12599824,49772.98056,-44195.75173,-9899848.388,144.8499355,14.12879851,3164.850866,18.80927808,1.930706961,432.4783594,45277.28885,-28569.30374,-6399524.039,17438.16445,-3124.378355,-699860.7514
2008,8,AQUE,7,ANNUAL,0,4,896,49718.9134,-56249.02455,-12599781.5,49773.09509,-44195.62344,-9899819.65,270.1780987,26.63051472,5965.235296,31.79866592,3.167329372,709.4817793,45278.07274,-28568.07849,-6399249.581,17438.24591,-3123.936218,-699761.7128
2008,8,CARP,7,CONTROL,0,2.5,560,49718.88148,-56249.05246,-12599787.75,49773.10166,-44195.61607,-9899818,332.2481558,32.89165893,7367.731599,232.9093426,19.13048003,4285.227528,45278.31002,-28567.70479,-6399165.873,17438.49079,-3122.652395,-699474.1364
2008,8,CARP,9,ANNUAL,0,1.5,336,49719.02755,-56248.92411,-12599759,49773.3834,-44195.30039,-9899747.288,479.9750748,57.24860862,12823.68833,288.2440996,23.47892782,5259.279832,45279.99642,-28565.06834,-6398575.308,17438.65098,-3121.819749,-699287.6238
2008,8,MOHK,2,CONTROL,0,1.8,403.2,49718.88143,-56249.05246,-12599787.75,49773.06742,-44195.65435,-9899826.575,398.9408187,36.11587536,8089.956081,52.15660956,5.305443506,1188.419345,45279.17749,-28566.36483,-6398865.722,17438.34181,-3123.420987,-699646.3011
2008,8,MOHK,3,ANNUAL,0,1.7,380.8,49719.00828,-56248.94085,-12599762.75,49773.16016,-44195.55041,-9899803.292,544.5636841,44.89428288,10056.31937,71.21056783,6.723293105,1506.017655,45279.94606,-28565.19272,-6398603.17,17438.415,-3123.041421,-699561.2783
2008,8,NAPL,3,CONTROL,0,10,2240,49718.79272,-56249.13058,-12599805.25,49773.1655,-44195.54468,-9899802.008,95.69877509,12.04765823,2698.675444,34.69978098,4.329758645,969.8659365,45277.23644,-28569.38414,-6399542.047,17438.3251,-3123.508028,-699665.7982
2008,8,NAPL,9,ANNUAL,0,10,2240,49718.79898,-56249.125,-12599804,49773.06373,-44195.65854,-9899827.513,74.8780563,13.79942006,3091.070093,26.2598613,4.263780899,955.0869213,45277.21205,-28569.42032,-6399550.151,17438.32373,-3123.500185,-699664.0415
2008,10,AQUE,4,CONTROL,0,3,672,49718.70384,-56249.20871,-12599822.75,49773.07214,-44195.64914,-9899825.408,139.3620556,14.20412686,3181.724418,17.94262502,1.931592124,432.6766357,45277.24558,-28569.37145,-6399539.205,17438.16433,-3124.378714,-699860.8319
2008,10,AQUE,7,ANNUAL,0,2.8,627.2,49718.67215,-56249.23661,-12599829,49773.15425,-44195.55714,-9899804.8,393.6073096,31.7075241,7102.485398,50.93198224,4.197510216,940.2422883,45278.63639,-28567.21678,-6399056.558,17438.29425,-3123.683638,-699705.1349
2008,10,CARP,7,CONTROL,0,7,1568,49718.83072,-56249.0971,-12599797.75,49773.17885,-44195.52958,-9899798.625,374.9357571,38.17622898,8551.475292,263.2547054,22.47600113,5034.624254,45278.70432,-28567.08787,-6399027.684,17438.57284,-3122.223544,-699378.0739
2008,10,CARP,9,ANNUAL,0,7,1568,49718.77362,-56249.14732,-12599809,49773.55249,-44195.11112,-9899704.892,643.8906824,66.18372828,14825.15514,405.1855423,31.90036012,7145.680667,45280.69179,-28564.00742,-6398337.662,17438.82228,-3121.004974,-699105.1141
2008,10,MOHK,2,CONTROL,0,2.2,492.8,49718.90681,-56249.03013,-12599782.75,49773.01944,-44195.70813,-9899838.621,278.2145548,30.36661071,6802.1208,46.24962991,6.43813208,1442.141586,45278.74036,-28567.03114,-6399014.975,17438.39586,-3123.119181,-699578.6965
2008,10,MOHK,3,ANNUAL,0,2.5,560,49718.86241,-56249.0692,-12599791.5,49773.0999,-44195.61797,-9899818.425,353.8934591,32.19390683,7211.435129,49.11771878,5.811784126,1301.839644,45278.80334,-28566.94517,-6398995.718,17438.35713,-3123.330513,-699626.0348
2008,10,NAPL,3,CONTROL,0,3,672,49718.83079,-56249.0971,-12599797.75,49823.34159,-44642.05493,-9999820.304,6682.276374,-438.4453815,-98211.76546,6681.715209,-443.3586487,-99312.33731,45486.41266,-29016.38684,-6499670.652,18599.25506,-3570.41109,-799772.0842
2008,10,NAPL,9,ANNUAL,0,3,672,49718.83071,-56249.0971,-12599797.75,49823.2381,-44642.16975,-9999846.025,6682.013493,-439.4846812,-98444.5686,6681.646119,-443.9836516,-99452.33797,45486.30002,-29016.56142,-6499709.758,18599.21624,-3570.605007,-799815.5216
2008,12,AQUE,4,CONTROL,0,2.8,627.2,49718.73554,-56249.1808,-12599816.5,49773.0982,-44195.62,-9899818.879,6683.041535,-436.291196,-97729.22789,6681.580174,-444.923365,-99662.83377,45486.50572,-29016.24348,-6499638.54,18599.15306,-3570.932482,-799888.876
2008,12,AQUE,7,ANNUAL,0,2.4,537.6,49718.58967,-56249.30915,-12599845.25,49773.01196,-44195.71656,-9899840.508,6691.738158,-422.1669133,-94565.38859,6681.827433,-443.1913814,-99274.86942,45487.68265,-29014.43684,-6499233.852,18599.24249,-3570.486555,-799788.9882
2008,12,CARP,7,CONTROL,0,2.5,560,49718.72921,-56249.18638,-12599817.75,49773.30521,-44195.38811,-9899766.938,6706.071424,-401.1793982,-89864.18519,6694.180533,-417.7088452,-93566.78134,45488.64672,-29012.94486,-6498899.649,18599.74768,-3568.057592,-799244.9007
2008,12,CARP,9,ANNUAL,0,2.3,515.2,49718.61504,-56249.28683,-12599840.25,49773.56144,-44195.10119,-9899702.667,6727.123266,-374.6087111,-83912.35128,6700.304939,-410.2671263,-91899.83629,45490.69862,-29009.79835,-6498194.83,18599.96703,-3567.043008,-799017.6339
2008,12,MOHK,2,CONTROL,0,4,896,49718.87508,-56249.05804,-12599789,49772.98112,-44195.75108,-9899848.242,6691.660796,-413.8160667,-92694.79894,6682.004182,-440.6225403,-98699.44903,45488.34451,-29013.40159,-6499001.955,18599.40363,-3569.653123,-799602.2996
2008,12,MOHK,3,ANNUAL,0,3.2,716.8,49718.8751,-56249.05804,-12599789,49773.02733,-44195.69929,-9899836.642,6689.99804,-418.7930812,-93809.65018,6682.029405,-440.7252191,-98722.44907,45487.97349,-29013.97529,-6499130.466,18599.33237,-3570.018317,-799684.1029
2008,12,NAPL,3,CONTROL,0,6,1344,49718.83076,-56249.0971,-12599797.75,49772.98704,-44195.74449,-9899846.767,6682.053594,-439.3248225,-98408.76023,6681.662233,-443.8047754,-99412.26969,45486.30236,-29016.55797,-6499708.986,18599.21862,-3570.593702,-799812.9893
2008,12,NAPL,9,ANNUAL,0,6,1344,49718.87514,-56249.05804,-12599789,49772.92313,-44195.81609,-9899862.804,6682.022503,-439.6522523,-98482.10453,6681.607439,-444.450178,-99556.83987,45486.25767,-29016.62751,-6499724.563,18599.207,-3570.652877,-799826.2444
2009,1,AQUE,4,CONTROL,0,4.1,918.4,49718.71017,-56249.20313,-12599821.5,49773.01483,-44195.71336,-9899839.792,85.86123019,8.945229561,2003.731422,11.48622452,1.477942769,331.0591803,45276.87174,-28569.95782,-6399670.552,17438.13637,-3124.531695,-699895.0996
2009,1,AQUE,7,ANNUAL,0,3.9,873.6,49718.51991,-56249.37054,-12599859,49773.13299,-44195.58103,-9899810.15,247.296509,18.04450412,4041.968923,32.21303068,2.566246022,574.839109,45277.59813,-28568.82766,-6399417.397,17438.19704,-3124.205254,-699821.9768
2009,1,CARP,7,CONTROL,0,3.6,806.4,49718.72923,-56249.18638,-12599817.75,49773.1918,-44195.51505,-9899795.371,342.526734,32.43608204,7265.682377,241.3835163,19.73558571,4420.771199,45278.2798,-28567.75344,-6399176.77,17438.50444,-3122.583466,-699458.6964
2009,1,CARP,9,ANNUAL,0,3.6,806.4,49718.58968,-56249.30915,-12599845.25,49773.28182,-44195.41416,-9899772.771,520.1592654,47.91309324,10732.53289,145.9644475,14.34337965,3212.917042,45279.81006,-28565.39501,-6398648.482,17438.47639,-3122.715936,-699488.3697
2009,1,MOHK,2,CONTROL,0,4,896,49718.86874,-56249.06362,-12599790.25,49772.92323,-44195.81598,-9899862.779,349.1645226,29.47034207,6601.356623,45.96596951,4.438198198,994.1563964,45278.56716,-28567.31683,-6399078.969,17438.31193,-3123.580476,-699682.0266
2009,1,MOHK,3,ANNUAL,0,4.4,985.6,49718.80532,-56249.11942,-12599802.75,49773.00336,-44195.72615,-9899842.658,416.7113626,34.18387618,7657.188263,54.4659615,5.082366078,1138.450001,45279.07565,-28566.52991,-6398902.7,17438.3525,-3123.365381,-699633.8453
2009,1,NAPL,3,CONTROL,0,3.7,828.8,49718.77362,-56249.14732,-12599809,49772.98066,-44195.75164,-9899848.367,32.20583052,5.629664936,1261.044946,10.2158896,1.607920385,360.1741663,45276.65546,-28570.29736,-6399746.609,17438.17515,-3124.317499,-699847.1198
2009,1,NAPL,9,ANNUAL,0,3.7,828.8,49718.7546,-56249.16406,-12599812.75,49772.94231,-44195.79461,-9899857.992,34.48362452,6.052128936,1355.676882,11.06954627,1.685579534,377.5698157,45276.68595,-28570.2492,-6399735.821,17438.18453,-3124.265345,-699835.4373
2009,3,AQUE,4,CONTROL,0,3,672,49718.63407,-56249.27009,-12599836.5,49773.09672,-44195.62158,-9899819.233,125.5495777,11.66360209,2612.646869,16.51622601,1.830551386,410.0435104,45277.11297,-28569.57971,-6399585.856,17438.1542,-3124.434283,-699873.2793
2009,3,AQUE,7,ANNUAL,0,5,1120,49718.58334,-56249.31473,-12599846.5,49773.20878,-44195.49619,-9899791.146,11.71414463,2.560063566,573.4542387,5.48764651,0.939433476,210.4330986,45276.36183,-28570.76015,-6399850.274,17438.10266,-3124.717622,-699936.7473
2009,3,CARP,7,CONTROL,0,1.5,336,49719.08455,-56248.87388,-12599747.75,49773.06602,-44195.65593,-9899826.929,138.9832066,21.3307916,4778.097318,84.11372709,9.136604305,2046.599364,45277.68447,-28568.67765,-6399383.795,17438.3619,-3123.299891,-699619.1757
2009,3,CARP,9,ANNUAL,0,1.5,336,49718.79267,-56249.13058,-12599805.25,49773.14928,-44195.56267,-9899806.038,111.6597048,12.27322592,2749.202605,75.52840224,6.209693221,1390.971282,45276.963,-28569.81384,-6399638.3,17438.21609,-3124.097307,-699797.7969
2009,3,MOHK,2,CONTROL,0,3.5,784,49718.68481,-56249.22545,-12599826.5,49773.04446,-44195.68008,-9899832.338,557.3968392,45.11112636,10104.8923,75.45645793,7.66997145,1718.073605,45279.96439,-28565.16823,-6398597.682,17438.4555,-3122.825372,-699512.8833
2009,3,MOHK,3,ANNUAL,0,3.5,784,49719.11618,-56248.84598,-12599741.5,49773.0195,-44195.70805,-9899838.604,43.30862602,9.129560302,2045.021508,16.52377902,2.529916762,566.7013546,45276.95611,-28569.82323,-6399640.404,17438.18792,-3124.245693,-699831.0353
2009,3,NAPL,3,CONTROL,0,4.5,1008,49718.92588,-56249.01339,-12599779,49772.9745,-44195.75854,-9899849.913,75.60493612,11.66076624,2612.011637,26.77390015,3.82880149,857.6515338,45277.19469,-28569.44851,-6399556.467,17438.30122,-3123.629776,-699693.0699
2009,3,NAPL,9,ANNUAL,0,5,1120,49719.14793,-56248.81808,-12599735.25,49772.9834,-44195.74855,-9899847.675,104.4648765,15.10242186,3382.942497,36.19145977,5.001094114,1120.245081,45277.42347,-28569.08809,-6399475.732,17438.35317,-3123.34494,-699629.2665
2009,4,AQUE,4,CONTROL,0,4,896,49718.69749,-56249.21429,-12599824,49773.0382,-44195.68715,-9899833.921,169.5719377,15.50981416,3474.198371,22.56729002,2.475707064,554.5583824,45277.40533,-28569.12231,-6399483.397,17438.18483,-3124.266676,-699835.7355
2009,4,AQUE,7,ANNUAL,0,4,896,49718.86876,-56249.06362,-12599790.25,49773.19919,-44195.50683,-9899793.529,32.62953209,6.656337442,1491.019587,5.76055104,1.223475581,274.05853,45276.62205,-28570.34977,-6399758.35,17438.12937,-3124.569615,-699903.5938
2009,4,CARP,7,CONTROL,0,2.6,582.4,49718.81167,-56249.11384,-12599801.5,49773.35312,-44195.33428,-9899754.879,433.6884514,42.62813545,9548.70234,303.2463015,23.78511539,5327.865848,45278.97373,-28566.67035,-6398934.159,17438.62104,-3121.992439,-699326.3063
2009,4,CARP,9,ANNUAL,0,2.5,560,49718.69115,-56249.21987,-12599825.25,49773.39235,-44195.29035,-9899745.038,354.2619729,33.14870631,7425.310212,248.9969574,19.36501793,4337.764017,45278.23644,-28567.82301,-6399192.354,17438.49031,-3122.666505,-699477.2972
2009,4,MOHK,2,CONTROL,0,5,1120,49718.7736,-56249.14732,-12599809,49773.0167,-44195.7112,-9899839.308,642.9619464,48.73737203,10917.17134,84.55000524,7.692846192,1723.197547,45280.24096,-28564.76186,-6398506.658,17438.44497,-3122.89898,-699529.3715
2009,4,MOHK,3,ANNUAL,0,4,896,49718.94489,-56248.99665,-12599775.25,49773.49505,-44195.17526,-9899719.258,56.67724877,11.51757247,2579.936234,10.5205439,2.337747244,523.6553826,45277.1366,-28569.53884,-6399576.701,17438.19817,-3124.18878,-699818.2868
2009,4,NAPL,3,CONTROL,0,11,2464,49718.84978,-56249.08036,-12599794,49772.98715,-44195.74435,-9899846.733,56.20251493,9.91509401,2220.981058,25.3159922,3.517938549,788.0182349,45277.05279,-28569.67137,-6399606.387,17438.26503,-3123.823877,-699736.5485
2009,4,NAPL,9,ANNUAL,0,12,2688,49718.78633,-56249.13616,-12599806.5,49772.95399,-44195.78151,-9899855.058,49.08372223,8.80677992,1972.718702,17.95509768,2.858714661,640.3520841,45276.90347,-28569.90641,-6399659.036,17438.23704,-3123.976365,-699770.7057
2009,6,AQUE,4,CONTROL,0,2,448,49718.71017,-56249.20313,-12599821.5,49773.13783,-44195.57554,-9899808.921,138.8116996,13.2999449,2979.187658,18.1996919,2.051350301,459.5024675,45277.24306,-28569.37552,-6399540.116,17438.17042,-3124.344863,-699853.2494
2009,6,AQUE,7,ANNUAL,0,1.8,403.2,49719.02118,-56248.92969,-12599760.25,49773.22698,-44195.47561,-9899786.538,153.3492651,16.10404069,3607.305115,15.16085692,2.26845467,508.133846,45277.23401,-28569.38761,-6399542.825,17438.19744,-3124.196192,-699819.9471
2009,6,CARP,7,CONTROL,0,3.5,784,49718.95756,-56248.98549,-12599772.75,49773.26684,-44195.43092,-9899776.525,354.1753608,45.81582321,10262.7444,234.9790167,22.05376115,4940.042497,45279.29053,-28566.16168,-6398820.216,17438.64975,-3121.781426,-699279.0395
2009,6,CARP,9,ANNUAL,0,3.5,784,49718.73555,-56249.1808,-12599816.5,49773.27827,-44195.4181,-9899773.654,276.609141,28.14156216,6303.709924,190.2731988,14.68113609,3288.574485,45277.98695,-28568.20898,-6399278.811,17438.39407,-3123.159138,-699587.6469
2009,6,MOHK,2,CONTROL,0,2.7,604.8,49718.7292,-56249.18638,-12599817.75,49772.99857,-44195.73153,-9899843.863,751.4120103,57.16458378,12804.86677,100.6401469,9.632335954,2157.643254,45280.9274,-28563.72331,-6398274.021,17438.52102,-3122.507119,-699441.5947
2009,6,MOHK,3,ANNUAL,0,2.5,560,49719.07816,-56248.87946,-12599749,49773.42429,-44195.25445,-9899736.996,87.79319017,17.34502827,3885.286333,26.10371914,4.292497038,961.5193364,45277.65147,-28568.72797,-6399395.066,17438.27116,-3123.786689,-699728.2184
2009,6,NAPL,3,CONTROL,0,2.9,649.6,49718.95756,-56248.98549,-12599772.75,49772.9746,-44195.75841,-9899849.883,46.69380593,9.974121831,2234.20329,19.86718714,3.071826414,688.0891168,45277.00737,-28569.74255,-6399622.331,17438.23298,-3123.997871,-699775.5231
2009,6,NAPL,9,ANNUAL,0,3.1,694.4,49718.75459,-56249.16406,-12599812.75,49772.97128,-44195.76213,-9899850.717,45.11554413,8.589473016,1924.041956,17.38693798,2.795406734,626.1711085,45276.89568,-28569.91866,-6399661.78,17438.22956,-3124.017458,-699779.9105
2009,7,AQUE,4,CONTROL,0,3.3,739.2,49718.69749,-56249.21429,-12599824,49773.03268,-44195.69332,-9899835.304,145.5150687,14.89763313,3337.069821,19.10077189,2.180296691,488.3864587,45277.37523,-28569.16756,-6399493.534,17438.18443,-3124.267638,-699835.951
2009,7,AQUE,7,ANNUAL,0,2.8,627.2,49718.97039,-56248.97433,-12599770.25,49773.26764,-44195.43012,-9899776.346,144.7637,17.96170285,4023.421438,16.49477521,2.796865262,626.4978187,45277.39575,-28569.13246,-6399485.67,17438.2202,-3124.06981,-699791.6375
2009,7,CARP,7,CONTROL,0,2.7,604.8,49718.94487,-56248.99665,-12599775.25,49773.16783,-44195.54182,-9899801.367,260.2560712,42.83910774,9595.960133,146.8223679,18.23560077,4084.774572,45279.3336,-28566.08785,-6398803.678,17438.62985,-3121.853106,-699295.0958
2009,7,CARP,9,ANNUAL,0,2.7,604.8,49718.81166,-56249.11384,-12599801.5,49773.19592,-44195.51049,-9899794.35,174.320605,25.61472759,5737.69898,84.26152824,8.345465624,1869.3843,45277.9916,-28568.1958,-6399275.86,17438.29525,-3123.662184,-699700.3292
2009,7,MOHK,2,CONTROL,0,2.5,560,49718.79263,-56249.13058,-12599805.25,49773.01132,-44195.71722,-9899840.658,565.3923498,45.01522393,10083.41016,75.40416228,7.267169565,1627.845982,45279.97078,-28565.16085,-6398596.031,17438.44868,-3122.865514,-699521.875
2009,7,MOHK,3,ANNUAL,0,2.8,627.2,49719.20507,-56248.76786,-12599724,49773.29495,-44195.39939,-9899769.463,221.6579491,28.72282565,6433.912946,33.89458425,5.354892678,1199.49596,45278.62156,-28567.20997,-6399055.032,17438.3563,-3123.323825,-699624.5367
2009,7,NAPL,3,CONTROL,0,3.5,784,49718.91315,-56249.02455,-12599781.5,49772.93209,-44195.80606,-9899860.558,45.12841713,9.107409578,2040.059745,22.79409568,3.267772454,731.9810298,45276.97948,-28569.78655,-6399632.187,17438.23056,-3124.011769,-699778.6362
2009,7,NAPL,9,ANNUAL,0,3.8,851.2,49718.76728,-56249.1529,-12599810.25,49772.94149,-44195.79552,-9899858.196,40.24555287,8.640058651,1935.373138,15.22368551,2.708796714,606.770464,45276.91378,-28569.89007,-6399655.376,17438.23404,-3123.991986,-699774.2048
2009,8,AQUE,4,CONTROL,0,2.2,492.8,49718.75457,-56249.16406,-12599812.75,49773.02189,-44195.70541,-9899838.013,128.4670942,13.95948973,3126.9257,16.96311727,2.10574898,471.6877715,45277.31141,-28569.26689,-6399515.782,17438.17808,-3124.302063,-699843.6621
2009,8,AQUE,7,ANNUAL,0,2.2,492.8,49718.83071,-56249.0971,-12599797.75,49773.15453,-44195.55675,-9899804.713,127.552615,18.67928492,4184.159823,16.61446616,2.953932541,661.6808893,45277.59208,-28568.82349,-6399416.461,17438.22355,-3124.050095,-699787.2212
2009,8,NAPL,3,CONTROL,0,5,1120,49718.91317,-56249.02455,-12599781.5,49772.94284,-44195.79401,-9899857.858,51.56982398,9.545650334,2138.225675,25.29050019,3.506423854,785.4389433,45277.01872,-28569.72491,-6399618.38,17438.24742,-3123.919781,-699758.0309
2009,8,NAPL,9,ANNUAL,0,6,1344,49718.76096,-56249.15848,-12599811.5,49772.95005,-44195.78592,-9899856.046,47.61180152,8.83170285,1978.301438,20.75497008,3.141261464,703.642568,45276.95007,-28569.83294,-6399642.578,17438.24014,-3123.958922,-699766.7986
2009,9,CARP,7,CONTROL,0,3,672,49718.92585,-56249.01339,-12599779,49773.29362,-44195.40089,-9899769.8,379.6079043,50.1559252,11234.92724,232.6851589,21.61063667,4840.782614,45279.74973,-28565.44457,-6398659.584,17438.72062,-3121.402685,-699194.2015
2009,9,CARP,9,ANNUAL,0,2.8,627.2,49718.76726,-56249.1529,-12599810.25,49773.42741,-44195.25108,-9899736.242,457.5766236,53.09369615,11892.98794,294.9889546,24.07759606,5393.381517,45279.8721,-28565.26075,-6398618.409,17438.66374,-3121.750727,-699272.1628
2009,9,MOHK,2,CONTROL,0,2.5,560,49718.79263,-56249.13058,-12599805.25,49772.96954,-44195.76406,-9899851.15,8441.819726,602.4768009,134954.8034,2150.627355,150.5888997,33731.91353,45279.23457,-28566.28851,-6398848.625,17544.57086,-3007.377913,-673652.6525
2009,9,MOHK,3,ANNUAL,0,2.1,470.4,49718.9132,-56249.02455,-12599781.5,49773.08836,-44195.63092,-9899821.325,304.7477251,29.89555228,6696.603711,40.61932914,4.894305493,1096.32443,45278.64339,-28567.18804,-6399050.122,17438.32483,-3123.502828,-699664.6335
2009,10,AQUE,4,CONTROL,0,3,672,49718.75456,-56249.16406,-12599812.75,49772.98872,-44195.74262,-9899846.346,78.13218183,10.10447694,2263.402834,10.49640287,1.608227566,360.2429748,45276.96897,-28569.80406,-6399636.11,17438.15609,-3124.422036,-699870.536
2009,10,AQUE,7,ANNUAL,0,2.8,627.2,49718.65944,-56249.24777,-12599831.5,49773.14146,-44195.57145,-9899808.004,150.5704838,15.98995407,3581.749711,20.35479627,2.581210217,578.1910886,45277.44265,-28569.06162,-6399469.802,17438.20338,-3124.163266,-699812.5717
2009,10,CARP,7,CONTROL,0,3.8,851.2,49718.76728,-56249.1529,-12599810.25,49773.14968,-44195.56218,-9899805.929,336.1027895,45.15937809,10115.70069,177.8877666,18.45776539,4134.539448,45279.46078,-28565.8966,-6398760.839,17438.61144,-3121.963433,-699319.8091
2009,10,CARP,9,ANNUAL,0,4.2,940.8,49718.67212,-56249.23661,-12599829,49773.21542,-44195.48858,-9899789.442,302.5328621,35.76596827,8011.576894,147.5588923,13.15506967,2946.735607,45278.74041,-28567.02891,-6399014.476,17438.41121,-3123.047684,-699562.6811
2009,10,MOHK,2,CONTROL,0,1.5,336,49718.76727,-56249.1529,-12599810.25,49772.99728,-44195.73298,-9899844.188,481.4149995,41.56154626,9309.786363,66.54234235,7.40227077,1658.108653,45279.66942,-28565.61059,-6398696.772,17438.4457,-3122.868227,-699522.4829
2009,10,MOHK,3,ANNUAL,0,1.5,336,49718.8878,-56249.04688,-12599786.5,49773.0152,-44195.71291,-9899839.692,369.8246226,32.53572407,7288.002192,49.46295982,5.306015925,1188.547567,45278.89125,-28566.80989,-6398965.415,17438.33135,-3123.475219,-699658.449
2009,10,NAPL,3,CONTROL,0,5,1120,49718.88779,-56249.04688,-12599786.5,49772.85024,-44195.89781,-9899881.108,22.45773061,5.026448461,1125.924455,7.005273892,1.336909149,299.4676494,45276.5779,-28570.41947,-6399773.962,17438.15379,-3124.434708,-699873.3746
2009,10,NAPL,9,ANNUAL,0,6,1344,49718.74827,-56249.16964,-12599814,49772.96012,-44195.77465,-9899853.521,38.17998759,6.797110383,1522.552726,13.00580722,2.170732232,486.24402,45276.75717,-28570.13701,-6399710.69,17438.20407,-3124.157837,-699811.3554
2009,11,AQUE,4,CONTROL,0,5.9,1321.6,49718.81165,-56249.11384,-12599801.5,49773.0347,-44195.69109,-9899834.804,37.39098253,7.996588778,1791.235886,7.37027301,1.533545482,343.514188,45276.80186,-28570.06636,-6399694.865,17438.16666,-3124.363273,-699857.3731
2009,11,AQUE,7,ANNUAL,0,5.8,1299.2,49718.73555,-56249.1808,-12599816.5,49773.03973,-44195.68544,-9899833.538,134.815607,15.42628619,3455.488107,18.37243197,2.391299507,535.6510895,45277.42723,-28569.08468,-6399474.968,17438.2031,-3124.164067,-699812.751
2009,11,CARP,7,CONTROL,0,3.6,806.4,49718.64676,-56249.25893,-12599834,49773.28523,-44195.41029,-9899771.904,369.2077566,44.93742459,10065.98311,211.8190588,19.70315492,4413.506702,45279.49042,-28565.85402,-6398751.301,17438.65137,-3121.774674,-699277.5269
2009,11,CARP,9,ANNUAL,0,3.6,806.4,49718.79272,-56249.13058,-12599805.25,49773.40057,-44195.28114,-9899742.975,344.0678575,36.73839869,8229.401307,225.9038129,18.00685421,4033.535343,45278.71267,-28567.07269,-6399024.283,17438.49193,-3122.641955,-699471.7979
2009,11,MOHK,2,CONTROL,0,3.1,694.4,49718.93856,-56249.00223,-12599776.5,49773.04653,-44195.67775,-9899831.817,299.8775495,31.67201726,7094.531866,47.40422266,6.601021147,1478.628737,45278.8324,-28566.88942,-6398983.231,17438.40312,-3123.077115,-699569.2739
2009,11,MOHK,3,ANNUAL,0,3.5,784,49719.05275,-56248.90179,-12599754,49773.07208,-44195.64913,-9899825.404,308.1849722,33.86044654,7584.740024,48.0152603,6.626101218,1484.246673,45279.00237,-28566.62239,-6398923.415,17438.38693,-3123.161867,-699588.2583
2009,11,NAPL,3,CONTROL,0,6.4,1433.6,49718.90045,-56249.03571,-12599784,49772.92866,-44195.8099,-9899861.417,53.01111564,10.43221122,2336.815314,29.05105588,3.953591926,885.6045913,45277.04462,-28569.68402,-6399609.22,17438.25674,-3123.867736,-699746.3728
2009,11,NAPL,9,ANNUAL,0,6.8,1523.2,49718.73557,-56249.1808,-12599816.5,49772.97059,-44195.76291,-9899850.892,62.36467168,10.2104754,2287.146489,25.93357133,3.782582334,847.2984429,45277.04909,-28569.67744,-6399607.747,17438.27727,-3123.757645,-699721.7124
2010,1,CARP,7,CONTROL,0,1.8,403.2,49718.58335,-56249.31473,-12599846.5,49773.0634,-44195.65889,-9899827.592,199.5156787,20.9831894,4700.234425,134.0967994,12.09938033,2710.261193,45277.6156,-28568.78988,-6399408.933,17438.40396,-3123.08787,-699571.6829
2010,1,CARP,9,ANNUAL,0,1.5,336,49718.51991,-56249.37054,-12599859,49773.07576,-44195.64503,-9899824.488,136.0304594,13.6329384,3053.778202,94.27673152,7.966963497,1784.599823,45277.06721,-28569.65052,-6399601.716,17438.25873,-3123.867719,-699746.3692
2010,1,NAPL,3,CONTROL,0,2,448,49718.83074,-56249.0971,-12599797.75,49772.89723,-44195.84513,-9899869.308,51.69958944,8.725783383,1954.575478,23.20519303,3.302086609,739.6674004,45276.88221,-28569.93993,-6399666.544,17438.22665,-3124.033347,-699783.4697
2010,1,NAPL,9,ANNUAL,0,2,448,49718.73559,-56249.1808,-12599816.5,49772.91426,-44195.82604,-9899865.033,54.97464122,8.499158234,1903.811444,19.57193446,2.905897344,650.9210051,45276.87225,-28569.95571,-6399670.078,17438.22806,-3124.026101,-699781.8467
2010,2,AQUE,4,CONTROL,0,1.4,313.6,49718.58967,-56249.30915,-12599845.25,49772.98252,-44195.74959,-9899847.908,13.22804415,2.820298032,631.7467591,2.922995403,0.614420616,137.6302181,45276.37427,-28570.74052,-6399845.876,17438.09718,-3124.748024,-699943.5575
2010,2,AQUE,7,ANNUAL,0,1.2,268.8,49718.51357,-56249.37612,-12599860.25,49773.09787,-44195.62039,-9899818.967,76.85979772,6.793109245,1521.656471,10.13505453,1.050980779,235.4196944,45276.70427,-28570.22159,-6399729.637,17438.11841,-3124.63118,-699917.3844
2010,2,MOHK,2,CONTROL,0,2,448,49718.83067,-56249.0971,-12599797.75,49772.93374,-44195.8042,-9899860.142,102.4831419,12.45885552,2790.783636,20.2805572,3.14881095,705.3336528,45277.16698,-28569.49297,-6399566.426,17438.19425,-3124.212145,-699823.5205
2010,2,MOHK,3,ANNUAL,0,2,448,49718.84336,-56249.08594,-12599795.25,49773.09431,-44195.62422,-9899819.825,404.3699314,36.61371746,8201.47271,55.89300507,6.439619056,1442.474669,45279.21634,-28566.30516,-6398852.356,17438.42114,-3122.988568,-699549.4392
2010,3,AQUE,4,CONTROL,0,2.3,515.2,49718.81806,-56249.10826,-12599800.25,49772.95397,-44195.78155,-9899855.067,27.16331772,5.369362486,1202.737197,7.411391182,1.161957345,260.2784453,45276.55225,-28570.45993,-6399783.023,17438.1388,-3124.517976,-699892.0266
2010,3,AQUE,7,ANNUAL,0,2.2,492.8,49718.77365,-56249.14732,-12599809,49773.1054,-44195.61187,-9899817.058,42.85800485,6.194345773,1387.533453,14.10043663,1.68857207,378.2401437,45276.6765,-28570.26443,-6399739.232,17438.16668,-3124.366757,-699858.1535
2010,3,CARP,7,CONTROL,0,1.1,246.4,49718.65313,-56249.25335,-12599832.75,49773.11945,-44195.59609,-9899813.525,251.8392413,22.31144789,4997.764328,177.1958427,14.07343738,3152.449972,45277.58443,-28568.84167,-6399420.533,17438.3844,-3123.206401,-699598.2339
2010,3,CARP,9,ANNUAL,0,1.3,291.2,49718.48186,-56249.40402,-12599866.5,49773.18091,-44195.52725,-9899798.104,207.4413504,17.84180339,3996.563959,146.5519874,11.42552107,2559.31672,45277.26236,-28569.34635,-6399533.581,17438.30563,-3123.625709,-699692.1588
2010,3,MOHK,2,CONTROL,0,1.8,403.2,49718.79263,-56249.13058,-12599805.25,49772.9556,-44195.77971,-9899854.654,111.0615757,12.34649542,2765.614975,19.27705545,2.884542713,646.1375677,45277.17013,-28569.48857,-6399565.44,17438.19551,-3124.205468,-699822.0248
2010,3,MOHK,3,ANNUAL,0,1.5,336,49718.89411,-56249.04129,-12599785.25,49773.09117,-44195.62773,-9899820.613,38.34473128,7.702457228,1725.350419,18.39288692,2.554457015,572.1983713,45276.84942,-28569.99142,-6399678.078,17438.1845,-3124.265478,-699835.4671
2010,3,NAPL,3,CONTROL,0,5,1120,49718.95759,-56248.98549,-12599772.75,49772.91951,-44195.82015,-9899863.713,45.69529297,9.727940609,2179.058697,24.99983589,3.508893735,785.9921967,45276.9694,-28569.80229,-6399635.712,17438.23202,-3124.002395,-699776.5364
2010,3,NAPL,9,ANNUAL,0,5,1120,49718.95758,-56248.98549,-12599772.75,49772.89817,-44195.84407,-9899869.071,45.31403696,8.753932265,1960.880827,19.60469807,2.915173038,652.9987604,45276.92664,-28569.86975,-6399650.824,17438.22857,-3124.021879,-699780.901
2010,4,AQUE,4,CONTROL,0,4.5,1008,49718.74824,-56249.16964,-12599814,49773.12241,-44195.59276,-9899812.779,41.71551472,7.407288621,1659.232651,11.05451748,1.688802571,378.2917759,45276.73685,-28570.16909,-6399717.876,17438.16826,-3124.355851,-699855.7105
2010,4,AQUE,7,ANNUAL,0,4.5,1008,49718.79899,-56249.125,-12599804,49773.2014,-44195.50428,-9899792.958,49.25088352,9.528248233,2134.327604,10.12046636,1.964282606,439.9993038,45276.90492,-28569.90406,-6399658.51,17438.18243,-3124.276321,-699837.8959
2010,4,AQUE,8,CONTINUAL,0,4.5,967.5,49920.41286,-54417.7814,-11699823,49959.63048,-46045.66795,-9899818.608,77.5006723,12.47784243,2682.736122,35.45670178,4.495475453,966.5272223,43733.99352,-25579.72548,-5499640.979,17789.12131,-3254.835471,-699789.6262
2010,4,CARP,7,CONTROL,0,1.6,358.4,49718.66581,-56249.24219,-12599830.25,49773.22241,-44195.48073,-9899787.683,344.4606641,31.93098676,7152.541034,239.7071021,19.41086009,4348.03266,45278.30785,-28567.71047,-6399167.145,17438.5597,-3122.288304,-699392.5802
2010,4,CARP,9,ANNUAL,0,1.6,358.4,49718.64043,-56249.26451,-12599835.25,49773.42097,-44195.25833,-9899737.867,443.0672088,37.57774377,8417.414605,311.0725002,23.99985862,5375.968332,45278.65535,-28567.17474,-6399047.141,17438.64178,-3121.896689,-699304.8584
2010,4,CARP,10,CONTINUAL,0,1.6,344,49920.27276,-54417.9093,-11699850.5,49959.78736,-46045.49868,-9899782.217,270.0386746,28.09736123,6040.932665,188.0746497,17.77046961,3820.650966,43735.01987,-25577.99244,-5499268.375,17789.41221,-3253.318017,-699463.3737
2010,4,NAPL,3,CONTROL,0,6,1344,49719.07808,-56248.87946,-12599749,49772.95622,-44195.779,-9899854.496,49.88672375,11.92472561,2671.138536,19.03412635,3.317938441,743.2182109,45277.13291,-28569.54442,-6399577.95,17438.25793,-3123.858955,-699744.4058
2010,4,NAPL,9,ANNUAL,0,6,1344,49718.98295,-56248.96317,-12599767.75,49772.97954,-44195.75285,-9899848.638,58.54835413,11.48431285,2572.486079,18.54246119,3.130185359,701.1615204,45277.07568,-28569.63473,-6399598.18,17438.24766,-3123.915787,-699757.1362
2010,4,NAPL,10,CONTINUAL,0,7,1505,49920.5848,-54417.62442,-11699789.25,49959.41912,-46045.89614,-9899867.671,42.6547674,9.661126185,2077.14213,16.50676422,2.834535644,609.4251635,43733.90412,-25579.87693,-5499673.54,17789.1042,-3254.926087,-699809.1087
2010,5,MOHK,2,CONTROL,0,0.8,179.2,49718.83704,-56249.09152,-12599796.5,49772.99073,-44195.74031,-9899845.829,134.0769559,17.36279888,3889.266949,26.73913019,4.311325911,965.7370041,45277.60277,-28568.80781,-6399412.949,17438.26121,-3123.844513,-699741.1709
2010,5,MOHK,3,ANNUAL,0,1,224,49718.97659,-56248.96875,-12599769,49772.95853,-44195.77641,-9899853.917,46.68485236,7.940383513,1778.645907,13.7806425,1.860798357,416.8188321,45276.90678,-28569.90133,-6399657.897,17438.19033,-3124.23537,-699828.7228
2010,5,MOHK,4,CONTINUAL,0,1.2,258,49920.4192,-54417.77558,-11699821.75,49959.93296,-46045.34174,-9899748.475,116.4197001,13.7214502,2950.111794,21.8353916,3.358081571,721.9875377,43734.23793,-25579.31269,-5499552.228,17789.09594,-3254.971634,-699818.9012
2010,6,AQUE,4,CONTROL,0,2,448,49718.83705,-56249.09152,-12599796.5,49773.19829,-44195.50778,-9899793.742,70.26169383,10.46854609,2344.954323,11.56771633,1.8779156,420.6530943,45276.88826,-28569.93063,-6399664.46,17438.1858,-3124.258687,-699833.9459
2010,6,AQUE,7,ANNUAL,0,2.2,492.8,49718.57065,-56249.32589,-12599849,49773.15135,-44195.56034,-9899805.517,35.16551004,6.394806861,1432.436737,9.177177601,1.623642591,363.6959404,45276.62736,-28570.34154,-6399756.505,17438.14388,-3124.489522,-699885.6529
2010,6,AQUE,8,CONTINUAL,0,2.4,516,49920.34916,-54417.83953,-11699835.5,49959.67103,-46045.62417,-9899809.196,92.33359385,14.60440318,3139.946684,47.00097882,5.235772506,1125.691089,43734.1372,-25579.48164,-5499588.552,17789.13145,-3254.781139,-699777.945
2010,6,CARP,7,CONTROL,0,2.7,604.8,49718.74194,-56249.17522,-12599815.25,49773.15157,-44195.56012,-9899805.467,305.2070227,30.6936628,6875.380468,208.8284714,18.247915,4087.53296,45278.28431,-28567.74444,-6399174.755,17438.56358,-3122.253116,-699384.698
2010,6,CARP,9,ANNUAL,0,2.7,604.8,49718.70384,-56249.20871,-12599822.75,49773.37403,-44195.31084,-9899749.629,392.5648759,36.87948435,8261.004493,275.5228631,22.04246833,4937.512907,45278.55611,-28567.32407,-6399080.591,17438.61532,-3122.004832,-699329.0824
2010,6,CARP,10,CONTINUAL,0,3,645,49920.40016,-54417.79302,-11699825.5,49959.90913,-46045.36733,-9899753.975,430.0740192,41.76000844,8978.401814,302.867386,27.31606916,5872.954868,43735.8384,-25576.62031,-5498973.367,17789.62241,-3252.268328,-699237.6905
2010,6,MOHK,2,CONTROL,0,2,448,49718.84972,-56249.08036,-12599794,49772.99408,-44195.73655,-9899844.988,234.4953728,23.50253822,5264.568561,34.21868719,4.385944252,982.4515125,45278.12426,-28567.99607,-6399231.121,17438.29504,-3123.665053,-699700.9719
2010,6,MOHK,3,ANNUAL,0,2,448,49719.17327,-56248.79576,-12599730.25,49773.18552,-44195.52202,-9899796.933,59.28967715,11.76256625,2634.81484,16.08040312,2.836779145,635.4385286,45277.2177,-28569.41123,-6399548.116,17438.22655,-3124.034098,-699783.6379
2010,6,MOHK,4,CONTINUAL,0,2.2,473,49920.44468,-54417.75233,-11699816.75,49994.78846,-46510.39056,-9999733.971,6820.271438,-459.8090192,-98858.93914,6819.970031,-463.7608112,-99708.57442,43991.2904,-26045.47054,-5599776.166,18971.50217,-3720.447162,-799896.1399
2010,6,NAPL,3,CONTROL,0,4.5,1008,49719.20496,-56248.76786,-12599724,49772.92904,-44195.80947,-9899861.321,89.2927578,18.48559324,4140.772887,25.31869463,4.558764026,1021.163142,45277.61616,-28568.78324,-6399407.445,17438.32303,-3123.499896,-699663.9767
2010,6,NAPL,9,ANNUAL,0,6,1344,49719.09079,-56248.8683,-12599746.5,49772.95272,-44195.78292,-9899855.375,65.97350544,12.47190095,2793.705813,14.77691594,3.03457333,679.744426,45277.09282,-28569.60779,-6399592.144,17438.25353,-3123.882306,-699749.6366
2010,6,NAPL,10,CONTINUAL,0,6.5,1397.5,49920.73769,-54417.48488,-11699759.25,49959.40644,-46045.90984,-9899870.617,52.9466676,10.73560603,2308.155297,10.70021797,2.376806322,511.0133593,43733.95156,-25579.79635,-5499656.215,17789.10889,-3254.900365,-699803.5785
2010,7,AQUE,4,CONTROL,0,1.2,268.8,49718.87509,-56249.05804,-12599789,49773.1468,-44195.56548,-9899806.667,52.43038295,8.73985316,1957.727108,8.303605703,1.429833581,320.2827222,45276.81623,-28570.04384,-6399689.819,17438.15973,-3124.40208,-699866.066
2010,7,AQUE,7,ANNUAL,0,1.2,268.8,49718.64042,-56249.26451,-12599835.25,49773.08154,-44195.63863,-9899823.054,15.6037805,3.277594735,734.1812207,4.938835959,0.900790025,201.7769656,45276.38105,-28570.72982,-6399843.48,17438.11076,-3124.672701,-699926.685
2010,7,AQUE,8,CONTINUAL,0,1.5,322.5,49920.24727,-54417.93256,-11699855.5,49959.5599,-46045.74415,-9899834.992,70.36608541,9.724958957,2090.866176,26.236155,3.265875583,702.1632504,43733.79795,-25580.05794,-5499712.457,17789.08302,-3255.043365,-699834.3234
2010,7,CARP,7,CONTROL,0,3.2,716.8,49718.66582,-56249.24219,-12599830.25,49773.19665,-44195.5096,-9899794.15,305.7800184,33.48019873,7499.564516,204.627424,19.69820219,4412.39729,45278.56341,-28567.30592,-6399076.526,17438.62821,-3121.908443,-699307.4912
2010,7,CARP,9,ANNUAL,0,3.2,716.8,49718.78632,-56249.13616,-12599806.5,49773.35583,-44195.33125,-9899754.2,395.4321703,38.04745544,8522.630019,276.0226765,21.26880362,4764.212011,45278.53251,-28567.36072,-6399088.8,17438.55974,-3122.306049,-699396.5549
2010,7,CARP,10,CONTINUAL,0,3.2,688,49920.35556,-54417.83372,-11699834.25,49959.88504,-46045.39333,-9899759.567,442.9500996,41.6324894,8950.98522,312.3370234,27.29793106,5869.055178,43735.80864,-25576.67248,-5498984.584,17789.61148,-3252.333439,-699251.6893
2010,7,MOHK,2,CONTROL,0,4,896,49719.07176,-56248.88504,-12599750.25,49773.04581,-44195.67857,-9899832,323.9830527,36.79962136,8243.115186,53.04336908,7.224051269,1618.187484,45279.30975,-28566.14162,-6398815.724,17438.47903,-3122.67455,-699479.0992
2010,7,MOHK,3,ANNUAL,0,4.5,1008,49719.15432,-56248.8125,-12599734,49773.10979,-44195.60686,-9899815.938,101.2763611,17.71659475,3968.517224,20.9066224,3.672598109,822.6619763,45277.71369,-28568.63096,-6399373.334,17438.29158,-3123.678195,-699703.9157
2010,7,MOHK,4,CONTINUAL,0,4.5,967.5,49920.54024,-54417.66512,-11699798,49960.31839,-46044.92661,-9899659.221,30.70672123,7.694920791,1654.40797,8.017576263,1.861706267,400.2668474,43733.78392,-25580.08122,-5499717.462,17789.04881,-3255.225402,-699873.4614
2010,7,NAPL,3,CONTROL,0,4.8,1075.2,49719.31916,-56248.66741,-12599701.5,49773.02233,-44195.70489,-9899837.896,96.79796879,20.42310885,4574.776383,26.87708632,4.999105291,1119.799585,45277.85292,-28568.41044,-6399323.939,17438.34443,-3123.382051,-699637.5794
2010,7,NAPL,9,ANNUAL,0,4.8,1075.2,49719.25575,-56248.72321,-12599714,49772.99043,-44195.74064,-9899845.904,83.84386344,17.33117532,3882.183271,22.91992859,4.330114884,969.945734,45277.52029,-28568.93393,-6399441.2,17438.32295,-3123.49968,-699663.9282
2010,7,NAPL,10,CONTINUAL,0,4.8,1032,49920.75681,-54417.46744,-11699755.5,49959.44662,-46045.86645,-9899861.288,70.38062469,12.62448811,2714.264944,20.39798549,3.135681272,674.1714735,43734.08326,-25579.57259,-5499608.108,17789.14203,-3254.722615,-699765.3622
2010,9,AQUE,4,CONTROL,0,4.5,1008,49718.84971,-56249.08036,-12599794,49773.09576,-44195.62264,-9899819.471,74.34213256,11.92679516,2671.602115,10.02556959,1.900313799,425.670291,45277.08469,-28569.62131,-6399595.173,17438.16446,-3124.37545,-699860.1008
2010,9,AQUE,7,ANNUAL,0,4.2,940.8,49718.76726,-56249.1529,-12599810.25,49773.06993,-44195.6516,-9899825.958,21.84330197,5.723606429,1282.08784,5.645239312,1.377242106,308.5022317,45276.56885,-28570.4336,-6399777.127,17438.13463,-3124.540225,-699897.0103
2010,9,AQUE,8,CONTINUAL,0,4.4,946,49920.45105,-54417.74651,-11699815.5,49959.59197,-46045.70952,-9899827.546,92.62549987,13.93855045,2996.788347,52.40817581,5.731377658,1232.246196,43734.06935,-25579.59687,-5499613.327,17789.13537,-3254.760874,-699773.588
2010,9,CARP,7,CONTROL,0,3,672,49718.69117,-56249.21987,-12599825.25,49773.16367,-44195.54658,-9899802.433,319.6108204,30.34769702,6797.884132,225.1969823,19.16120138,4292.109109,45278.17363,-28567.91885,-6399213.823,17438.50877,-3122.551126,-699451.4523
2010,9,CARP,9,ANNUAL,0,2.8,627.2,49718.88782,-56249.04688,-12599786.5,49773.26095,-44195.43756,-9899778.013,358.4044144,41.12970568,9213.054072,240.3093592,20.13725195,4510.744438,45278.86362,-28566.83491,-6398971.019,17438.54541,-3122.356383,-699407.8297
2010,9,CARP,10,CONTINUAL,0,3.9,838.5,49920.35558,-54417.83372,-11699834.25,49959.79477,-46045.49072,-9899780.504,369.6346791,35.68848764,7673.024843,260.4637774,23.19071709,4986.004175,43735.43607,-25577.29542,-5499118.516,17789.51145,-3252.827499,-699357.9123
2010,9,MOHK,2,CONTROL,0,2.4,537.6,49718.99559,-56248.95201,-12599765.25,49773.03964,-44195.68549,-9899833.55,351.5388037,32.01267406,7170.838989,47.9382749,5.566495872,1246.895075,45278.83988,-28566.88709,-6398982.708,17438.34911,-3123.375183,-699636.0411
2010,9,MOHK,3,ANNUAL,0,2.5,560,49719.05906,-56248.89621,-12599752.75,49773.03639,-44195.68914,-9899834.367,112.3173561,16.65012477,3729.627949,18.61514683,3.335432552,747.1368916,45277.57837,-28568.84472,-6399421.217,17438.24594,-3123.92619,-699759.4665
2010,9,MOHK,4,CONTINUAL,0,2.7,580.5,49920.43831,-54417.75814,-11699818,49960.35274,-46044.8894,-9899651.221,72.13401506,12.79000928,2749.851996,27.56207922,3.90900873,840.4368769,43734.17588,-25579.41553,-5499574.339,17789.11652,-3254.859419,-699794.775
2010,9,NAPL,3,CONTROL,0,2.3,515.2,49719.07172,-56248.88504,-12599750.25,49772.92502,-44195.81397,-9899862.329,66.78683488,12.76945715,2860.358402,17.91106028,3.219691603,721.210919,45277.23768,-28569.37973,-6399541.059,17438.24133,-3123.950359,-699764.8805
2010,9,NAPL,9,ANNUAL,0,2.8,627.2,49719.02734,-56248.92411,-12599759,49772.9227,-44195.81657,-9899862.913,31.57127535,9.122072739,2043.344293,9.377281018,2.172780815,486.7029025,45276.96897,-28569.8027,-6399635.805,17438.21294,-3124.106629,-699799.8849
2010,9,NAPL,10,CONTINUAL,0,4,860,49920.75676,-54417.46744,-11699755.5,49959.41713,-46045.89829,-9899868.133,40.22302876,9.9280591,2134.532707,11.72875172,2.516137598,540.9695836,43733.92911,-25579.83439,-5499664.393,17789.12367,-3254.820117,-699786.3252
2010,10,AQUE,4,CONTROL,0,2.7,604.8,49718.77994,-56249.14174,-12599807.75,49773.13047,-44195.58374,-9899810.758,109.2531817,14.14755663,3169.052685,15.28798484,2.330855374,522.1116038,45277.31996,-28569.25209,-6399512.468,17438.20063,-3124.176513,-699815.5389
2010,10,AQUE,7,ANNUAL,0,2.9,649.6,49718.64675,-56249.25893,-12599834,49773.07198,-44195.64927,-9899825.438,16.890207,4.511258712,1010.521952,4.954259285,1.199068811,268.5914137,45276.47949,-28570.57454,-6399808.698,17438.1194,-3124.624606,-699915.9118
2010,10,AQUE,8,CONTINUAL,0,3,645,49920.26001,-54417.92093,-11699853,49959.64363,-46045.65372,-9899815.55,78.79839668,10.51431602,2260.577945,31.50611081,3.795501396,816.0328002,43733.83508,-25579.99491,-5499698.906,17789.10227,-3254.940108,-699812.1233
2010,10,CARP,7,CONTROL,0,2.7,604.8,49718.84985,-56249.08036,-12599794,49773.21963,-44195.48391,-9899788.396,406.8939823,34.69540725,7771.771225,286.7200097,21.74742423,4871.423028,45278.45523,-28567.48466,-6399116.564,17438.55845,-3122.325471,-699400.9055
2010,10,CARP,9,ANNUAL,0,2.7,604.8,49718.77364,-56249.14732,-12599809,49773.57601,-44195.08478,-9899698.992,619.3981632,58.40668346,13083.0971,432.7780885,33.06356451,7406.238451,45280.06724,-28564.97752,-6398554.965,17438.84161,-3120.926639,-699087.567
2010,10,CARP,10,CONTINUAL,0,3,645,49920.45756,-54417.7407,-11699814.25,49959.93354,-46045.34105,-9899748.325,514.0169285,46.75773101,10052.91217,362.4840972,30.40116695,6536.250893,43736.11181,-25576.16874,-5498876.28,17789.68282,-3251.998995,-699179.7838
2010,10,MOHK,2,CONTROL,0,2.3,515.2,49718.90045,-56249.03571,-12599784,49773.01622,-44195.71174,-9899839.429,323.7095375,29.28409238,6559.636694,44.34783998,5.098699405,1142.108667,45278.60655,-28567.24965,-6399063.921,17438.32078,-3123.528462,-699670.3755
2010,10,MOHK,3,ANNUAL,0,2.3,515.2,49719.04003,-56248.91295,-12599756.5,49772.98295,-44195.74903,-9899847.783,154.6653904,19.71392006,4415.918092,30.41989663,4.400450503,985.7009126,45277.81734,-28568.47097,-6399337.497,17438.27137,-3123.787778,-699728.4623
2010,10,MOHK,4,CONTINUAL,0,2.4,516,49920.59117,-54417.6186,-11699788,49959.91858,-46045.35723,-9899751.804,35.25812328,8.227080559,1768.82232,9.274539719,2.039641363,438.5228929,43733.88028,-25579.91748,-5499682.258,17789.07812,-3255.067584,-699839.5306
2010,10,NAPL,3,CONTROL,0,4.3,963.2,49718.9956,-56248.95201,-12599765.25,49772.96642,-44195.76756,-9899851.933,68.63328226,14.08798623,3155.708916,16.61457201,3.325838059,744.9877252,45277.31941,-28569.25082,-6399512.184,17438.26949,-3123.794814,-699730.0384
2010,10,NAPL,9,ANNUAL,0,4.7,1052.8,49718.93219,-56249.00781,-12599777.75,49772.91848,-44195.8213,-9899863.971,43.92502078,11.00358326,2464.80265,15.88998194,2.972498716,665.8397124,45277.05729,-28569.66357,-6399604.639,17438.24072,-3123.953268,-699765.532
2010,10,NAPL,10,CONTINUAL,0,4.8,1032,49920.61028,-54417.60116,-11699784.25,49959.45548,-46045.8569,-9899859.233,65.76446574,12.31232773,2647.150463,20.48373599,3.52909407,758.7552251,43734.08666,-25579.56688,-5499606.878,17789.15155,-3254.670891,-699754.2415
2010,11,AQUE,4,CONTROL,0,3.8,851.2,49718.71017,-56249.20313,-12599821.5,49773.06414,-44195.65805,-9899827.404,141.9760425,19.20800428,4302.592958,31.19397582,4.180889285,936.5191998,45277.74419,-28568.58609,-6399363.285,17438.32249,-3123.518092,-699668.0526
2010,11,AQUE,7,ANNUAL,0,4,896,49718.64676,-56249.25893,-12599834,49773.02444,-44195.70259,-9899837.379,59.49334362,8.247285374,1847.391924,18.39079641,2.216491692,496.494139,45276.72673,-28570.18506,-6399721.452,17438.16848,-3124.355167,-699855.5575
2010,11,AQUE,8,CONTINUAL,0,3.5,752.5,49920.26637,-54417.91512,-11699851.75,49959.45384,-46045.85866,-9899859.613,100.7859094,12.11369909,2604.445304,56.96316481,5.62744814,1209.90135,43733.89719,-25579.88992,-5499676.332,17789.12225,-3254.834472,-699789.4116
2010,11,MOHK,2,CONTROL,0,3.9,873.6,49718.82433,-56249.10268,-12599799,49772.97379,-44195.7593,-9899850.083,299.7541975,27.43730192,6145.955631,42.06737373,5.123480881,1147.659717,45278.41875,-28567.54159,-6399129.317,17438.31645,-3123.550738,-699675.3654
2010,11,MOHK,3,ANNUAL,0,4.2,940.8,49718.90046,-56249.03571,-12599784,49772.99093,-44195.74009,-9899845.779,164.0124841,21.73283516,4868.155076,29.97314557,4.630926354,1037.327503,45277.96043,-28568.24613,-6399287.133,17438.29324,-3123.667773,-699701.5812
2010,11,MOHK,4,CONTINUAL,0,5.1,1096.5,49920.45742,-54417.7407,-11699814.25,49959.83414,-46045.44843,-9899771.413,37.39104319,7.562548996,1625.948034,22.08778488,2.905416428,624.664532,43733.76308,-25580.11674,-5499725.098,17789.0614,-3255.157882,-699858.9446
2010,11,NAPL,3,CONTROL,0,5.6,1254.4,49719.07177,-56248.88504,-12599750.25,49773.01212,-44195.71633,-9899840.458,94.19790967,18.91475202,4236.904452,19.11469162,4.06661701,910.9222103,45277.78867,-28568.51183,-6399346.65,17438.33268,-3123.446334,-699651.9788
2010,11,NAPL,9,ANNUAL,0,5.8,1299.2,49718.98294,-56248.96317,-12599767.75,49772.89751,-44195.84481,-9899869.238,67.57644218,12.9346101,2897.352661,14.85800916,2.992319322,670.2795282,45277.24119,-28569.37415,-6399539.809,17438.24597,-3123.92482,-699759.1596
2010,11,NAPL,10,CONTINUAL,0,5.6,1204,49920.66125,-54417.55465,-11699774.25,49959.40313,-46045.91341,-9899871.383,65.0258726,13.30060528,2859.630135,14.25879997,3.236135776,695.7691919,43734.2204,-25579.33971,-5499558.037,17789.1696,-3254.571482,-699732.8686
2010,12,CARP,7,CONTROL,0,3.8,851.2,49718.72296,-56249.19196,-12599819,49773.21295,-44195.49141,-9899790.075,390.7114968,33.39841403,7481.244744,275.7303284,21.84645576,4893.60609,45278.36173,-28567.63019,-6399149.162,17438.56164,-3122.299412,-699395.0684
2010,12,CARP,9,ANNUAL,0,2.8,627.2,49718.5326,-56249.35938,-12599856.5,49773.26163,-44195.43685,-9899777.854,395.5670807,31.46583449,7048.346926,279.8123637,20.80738619,4660.854506,45278.16407,-28567.94224,-6399219.061,17438.51901,-3122.536156,-699448.0988
2010,12,CARP,10,CONTINUAL,0,2.8,602,49920.41295,-54417.7814,-11699823,49959.68694,-46045.60711,-9899805.529,377.0575683,34.57704458,7434.064585,266.8713149,23.00666393,4946.432746,43735.29676,-25577.53286,-5499169.565,17789.48391,-3252.97729,-699390.1173
2011,1,AQUE,4,CONTROL,0,4.7,1052.8,49718.65309,-56249.25335,-12599832.75,49773.11564,-44195.60035,-9899814.479,129.9546876,16.38225604,3669.625354,26.40700178,3.367507272,754.321629,45277.54911,-28568.89261,-6399431.944,17438.27258,-3123.788792,-699728.6893
2011,1,AQUE,7,ANNUAL,0,4,896,49718.64041,-56249.26451,-12599835.25,49773.10844,-44195.60854,-9899816.313,13.33952683,3.33095586,746.1341127,5.107785889,1.043803994,233.8120946,45276.39488,-28570.70799,-6399838.59,17438.11049,-3124.67409,-699926.9962
2011,1,AQUE,8,CONTINUAL,0,5,1075,49920.2409,-54417.93837,-11699856.75,49959.43259,-46045.88161,-9899864.546,56.58117991,6.805568104,1463.197142,23.00204736,2.620315297,563.3677888,43733.57024,-25580.44502,-5499795.68,17789.05172,-3255.212132,-699870.6084
2011,1,CARP,7,CONTROL,0,1.4,313.6,49718.62142,-56249.28125,-12599839,49773.0446,-44195.67995,-9899832.308,161.0693756,16.61088824,3720.838965,112.9652013,10.40033719,2329.67553,45277.27049,-28569.33106,-6399530.157,17438.31323,-3123.571644,-699680.0483
2011,1,CARP,9,ANNUAL,0,1.2,268.8,49718.52626,-56249.36496,-12599857.75,49773.07187,-44195.64944,-9899825.475,49.6037966,6.309979356,1413.435376,33.04284311,3.591065338,804.3986357,45276.58242,-28570.4126,-6399772.422,17438.1613,-3124.394651,-699864.4019
2011,1,CARP,10,CONTINUAL,0,1.4,301,49920.32372,-54417.86279,-11699840.5,49959.64494,-46045.65238,-9899815.263,162.9869879,17.35479213,3731.280309,112.8963938,10.77265988,2316.121875,43734.32355,-25579.16806,-5499521.132,17789.23565,-3254.234721,-699660.4651
2011,1,MOHK,2,CONTROL,0,3,672,49718.76725,-56249.1529,-12599810.25,49773.02547,-44195.70138,-9899837.108,455.6403323,40.28598801,9024.061315,62.82180619,7.084571064,1586.943918,45279.47678,-28565.90726,-6398763.226,17438.45353,-3122.818876,-699511.4283
2011,1,MOHK,3,ANNUAL,0,3,672,49718.84336,-56249.08594,-12599795.25,49773.00349,-44195.726,-9899842.625,253.6210291,25.15413575,5634.526408,33.84506594,4.017487132,899.9171175,45278.19998,-28567.87918,-6399204.936,17438.30095,-3123.630485,-699693.2287
2011,1,MOHK,4,CONTINUAL,0,3.4,731,49920.59115,-54417.6186,-11699788,49959.91982,-46045.35597,-9899751.533,26.95436785,6.083505535,1307.95369,8.949651959,1.591268603,342.1227497,43733.68479,-25580.24981,-5499753.709,17789.03181,-3255.317765,-699893.3195
2011,1,NAPL,3,CONTROL,0,3.2,716.8,49718.97024,-56248.97433,-12599770.25,49772.99539,-44195.73508,-9899844.658,70.03011176,15.31175458,3429.833026,25.05283699,4.268659196,956.1796599,45277.4543,-28569.038,-6399464.511,17438.29554,-3123.651329,-699697.8978
2011,1,NAPL,9,ANNUAL,0,3.5,784,49718.99561,-56248.95201,-12599765.25,49772.89513,-44195.84747,-9899869.833,39.1516298,9.258330415,2073.866013,11.0034095,2.323994813,520.5748381,45276.96477,-28569.80944,-6399637.315,17438.20887,-3124.129403,-699804.9863
2011,1,NAPL,10,CONTINUAL,0,4,860,49920.54665,-54417.6593,-11699796.75,49959.39466,-46045.92256,-9899873.35,46.18466527,9.564081211,2056.27746,11.92173313,2.540423975,546.1911546,43733.99507,-25579.72264,-5499640.368,17789.12928,-3254.791775,-699780.2316
2011,2,NAPL,3,CONTROL,0,6,1344,49719.15423,-56248.8125,-12599734,49772.92271,-44195.81656,-9899862.908,76.89133963,15.90511839,3562.746519,15.5058152,3.305363981,740.4015318,45277.47441,-28569.00666,-6399457.492,17438.269,-3123.797389,-699730.6151
2011,2,NAPL,9,ANNUAL,0,6,1344,49719.14786,-56248.81808,-12599735.25,49772.89523,-44195.84736,-9899869.808,89.11406734,14.29543766,3202.178037,14.93792744,2.783475252,623.4984564,45277.38701,-28569.14519,-6399488.521,17438.24769,-3123.915975,-699757.1785
2011,2,NAPL,10,CONTINUAL,0,7,1505,49920.71866,-54417.50233,-11699763,49959.41496,-46045.90064,-9899868.638,57.33057977,9.812301342,2109.644789,17.48447559,2.495986814,536.637165,43733.93888,-25579.81799,-5499660.868,17789.1039,-3254.928802,-699809.6925
2011,3,AQUE,4,CONTROL,0,1.4,313.6,49718.69114,-56249.21987,-12599825.25,49772.94554,-44195.79098,-9899857.179,124.7832338,13.66681975,3061.367623,16.52769207,2.015330614,451.4340575,45277.26128,-28569.3457,-6399533.436,17438.17349,-3124.327335,-699849.3231
2011,3,AQUE,7,ANNUAL,0,2,448,49718.62773,-56249.27567,-12599837.75,49773.06154,-44195.66107,-9899828.079,26.16519002,4.080728277,914.083134,7.733228821,0.977174421,218.8870703,45276.42765,-28570.65638,-6399827.03,17438.10974,-3124.678718,-699928.0327
2011,3,AQUE,8,CONTINUAL,0,1.4,301,49920.26001,-54417.92093,-11699853,49959.48741,-46045.82242,-9899851.821,83.5468805,9.236339389,1985.812969,53.97771726,4.735729627,1018.18187,43733.72155,-25580.18822,-5499740.468,17789.07498,-3255.08826,-699843.9759
2011,3,CARP,7,CONTROL,0,1,224,49718.72925,-56249.18638,-12599817.75,49773.09385,-44195.62478,-9899819.95,230.394656,26.13431346,5854.086216,159.181606,16.10346297,3607.175704,45277.98728,-28568.20593,-6399278.128,17438.48549,-3122.648085,-699473.1711
2011,3,CARP,9,ANNUAL,0,1,224,49718.60237,-56249.29799,-12599842.75,49773.15309,-44195.55844,-9899805.092,186.2765115,19.01498905,4259.357546,130.0215,12.07688936,2705.223216,45277.42362,-28569.09109,-6399476.405,17438.35199,-3123.365328,-699633.8335
2011,3,CARP,10,CONTINUAL,0,1.2,258,49920.29187,-54417.89186,-11699846.75,49959.79198,-46045.49374,-9899781.154,427.9863809,40.76492412,8764.458685,303.1536589,27.34923157,5880.084787,43735.70518,-25576.84601,-5499021.892,17789.5841,-3252.470552,-699281.1687
2011,3,MOHK,2,CONTROL,0,1.5,336,49718.81165,-56249.11384,-12599801.5,49773.00788,-44195.72109,-9899841.525,613.094705,48.24177337,10806.15724,80.87342036,7.591071124,1700.399932,45280.2162,-28564.78996,-6398512.952,17438.45802,-3122.820516,-699511.7956
2011,3,MOHK,3,ANNUAL,0,1.5,336,49718.87508,-56249.05804,-12599789,49772.96115,-44195.77347,-9899853.258,51.099216,9.080207221,2033.966417,11.09085822,2.022753664,453.0968207,45276.9422,-28569.84535,-6399645.358,17438.18039,-3124.287743,-699840.4544
2011,3,MOHK,4,CONTINUAL,0,1.8,387,49920.51474,-54417.68837,-11699803,49959.77399,-46045.51314,-9899785.325,33.76054078,7.985416403,1716.864527,10.94856696,1.99228421,428.3411052,43733.83235,-25579.99885,-5499699.752,17789.05454,-3255.194422,-699866.8008
2011,4,AQUE,4,CONTROL,0,4.8,1075.2,49718.80531,-56249.11942,-12599802.75,49772.96433,-44195.7699,-9899852.458,112.4709658,14.74978929,3303.9528,17.55109997,2.715282835,608.223355,45277.37548,-28569.16478,-6399492.912,17438.22132,-3124.063341,-699790.1885
2011,4,AQUE,7,ANNUAL,0,4.5,1008,49718.71018,-56249.20313,-12599821.5,49772.97412,-44195.75893,-9899850,38.58434317,7.272304404,1628.996186,11.69279476,1.796286114,402.3680894,45276.70798,-28570.2144,-6399728.026,17438.16563,-3124.369817,-699858.839
2011,4,AQUE,8,CONTINUAL,0,4.8,1032,49920.36828,-54417.82209,-11699831.75,49959.45448,-46045.85797,-9899859.463,86.93502717,10.76278545,2313.998871,52.76739436,5.143027226,1105.750853,43733.8139,-25580.03118,-5499706.705,17789.10573,-3254.921876,-699808.2034
2011,4,CARP,7,CONTROL,0,1.2,268.8,49718.71658,-56249.19754,-12599820.25,49773.05416,-44195.66925,-9899829.913,212.7580032,20.76671714,4651.744639,149.4128592,13.15424467,2946.550807,45277.55067,-28568.8923,-6399431.876,17438.37732,-3123.232934,-699604.1772
2011,4,CARP,9,ANNUAL,0,1,224,49718.61507,-56249.28683,-12599840.25,49773.18053,-44195.52768,-9899798.2,187.2867476,16.80874252,3765.158325,132.3764041,10.75120096,2408.269015,45277.20449,-28569.4364,-6399553.754,17438.29728,-3123.665938,-699701.1701
2011,4,CARP,10,CONTINUAL,0,1,215,49920.43204,-54417.76395,-11699819.25,49959.73792,-46045.55202,-9899793.683,284.0177331,29.8974145,6427.944117,199.8720758,19.08380788,4103.018695,43735.09434,-25577.86678,-5499241.357,17789.42609,-3253.246327,-699447.9603
2011,4,MOHK,2,CONTROL,0,3.2,716.8,49718.77994,-56249.14174,-12599807.75,49772.96302,-44195.77137,-9899852.788,540.6745519,43.89749996,9833.039991,72.1630225,7.097732548,1589.892091,45279.77474,-28565.46205,-6398663.5,17438.46013,-3122.796304,-699506.3722
2011,4,MOHK,3,ANNUAL,0,3,672,49718.91315,-56249.02455,-12599781.5,49772.93007,-44195.80831,-9899861.063,66.94159954,10.70156747,2397.151113,17.38207884,2.352978041,527.0670811,45277.10182,-28569.59435,-6399589.135,17438.22096,-3124.067877,-699791.2045
2011,4,MOHK,4,CONTINUAL,0,3,645,49920.41922,-54417.77558,-11699821.75,49959.49788,-46045.8111,-9899849.388,32.55819097,7.283582119,1565.970156,8.56586696,1.850957915,397.9559517,43733.76562,-25580.11237,-5499724.159,17789.04772,-3255.231388,-699874.7484
2011,4,NAPL,3,CONTROL,0,3.8,851.2,49719.28104,-56248.70089,-12599709,49772.90977,-44195.83106,-9899866.158,70.6476553,16.73568598,3748.793659,13.92152056,3.349907924,750.379375,45277.4754,-28569.00469,-6399457.051,17438.26437,-3123.822225,-699736.1783
2011,4,NAPL,9,ANNUAL,0,4.1,918.4,49719.2113,-56248.76228,-12599722.75,49772.88387,-44195.8601,-9899872.663,49.61432159,10.92657185,2447.552094,10.038952,2.201878506,493.2207854,45277.09726,-28569.60065,-6399590.545,17438.21513,-3124.094928,-699797.2638
2011,4,NAPL,10,CONTINUAL,0,4.5,967.5,49920.72497,-54417.49651,-11699761.75,49959.35579,-46045.96453,-9899882.375,41.2834594,8.628307971,1855.086214,10.7697175,2.038157384,438.2038375,43733.88544,-25579.90879,-5499680.39,17789.09881,-3254.955936,-699815.5263
2011,5,CARP,7,CONTROL,0,2.1,470.4,49718.67214,-56249.23661,-12599829,49773.20283,-44195.5027,-9899792.604,373.2090984,32.45517354,7269.958873,263.6214375,21.37661335,4788.36139,45278.31004,-28567.70955,-6399166.94,17438.55419,-3122.329551,-699401.8194
2011,5,CARP,9,ANNUAL,0,1.8,403.2,49718.65945,-56249.24777,-12599831.5,49773.29524,-44195.39922,-9899769.425,371.9286507,29.5171413,6611.839651,263.4827152,19.42062973,4350.221059,45278.00243,-28568.19411,-6399275.48,17438.47252,-3122.777644,-699502.1922
2011,5,CARP,10,CONTINUAL,0,2,430,49920.36192,-54417.82791,-11699833,49959.80334,-46045.48145,-9899778.513,382.8075682,37.2326671,8005.023427,270.2050937,24.25545018,5214.921789,43735.5078,-25577.17514,-5499092.655,17789.53325,-3252.716866,-699334.1262
2011,5,MOHK,2,CONTROL,0,0.8,179.2,49718.72286,-56249.19196,-12599819,49772.91612,-44195.82396,-9899864.567,692.0244359,48.8618428,10945.05279,90.04578073,6.719333286,1505.130656,45280.25795,-28564.75427,-6398504.956,17438.41067,-3123.100739,-699574.5656
2011,5,MOHK,3,ANNUAL,0,1,224,49718.8878,-56249.04688,-12599786.5,49772.97678,-44195.75595,-9899849.333,37.9570296,7.871910755,1763.308009,8.561352485,1.628882241,364.8696219,45276.83928,-28570.00739,-6399681.656,17438.16947,-3124.348049,-699853.963
2011,5,MOHK,4,CONTINUAL,0,0.6,129,49920.45744,-54417.7407,-11699814.25,49959.69132,-46045.60236,-9899804.508,30.68350092,6.399896529,1375.977754,4.808241651,1.166417802,250.7798274,43733.70524,-25580.21508,-5499746.243,17789.0221,-3255.37043,-699904.6424
2011,5,NAPL,3,CONTROL,0,1.8,403.2,49719.11613,-56248.84598,-12599741.5,49772.89671,-44195.8457,-9899869.438,137.2913512,24.0456885,5386.234225,22.52233005,4.4807259,1003.682602,45278.05083,-28568.10044,-6399254.498,17438.32101,-3123.511573,-699666.5923
2011,5,NAPL,9,ANNUAL,0,1.8,403.2,49719.01464,-56248.93527,-12599761.5,49772.8648,-44195.88147,-9899877.45,81.7495855,13.72072646,3073.442727,12.53416129,2.490519115,557.8762819,45277.18684,-28569.45988,-6399559.014,17438.23005,-3124.012718,-699778.8489
2011,5,NAPL,10,CONTINUAL,0,1.8,387,49920.66759,-54417.54884,-11699773,49959.33063,-46045.99171,-9899888.217,30.04156611,7.239978492,1556.595376,6.748639771,1.541850925,331.4979488,43733.74173,-25580.15297,-5499732.889,17789.05545,-3255.189622,-699865.7688
2011,6,AQUE,4,CONTROL,0,2.6,582.4,49718.79265,-56249.13058,-12599805.25,49773.00275,-44195.72686,-9899842.817,60.30269861,9.438896762,2114.312875,15.28857269,1.887602824,422.8230326,45276.90521,-28569.90409,-6399658.515,17438.18858,-3124.24598,-699831.0995
2011,6,AQUE,7,ANNUAL,0,2.4,537.6,49718.93858,-56249.00223,-12599776.5,49772.98432,-44195.74751,-9899847.442,93.1794728,12.67418358,2839.017123,9.657972666,1.644889953,368.4553494,45277.00741,-28569.74312,-6399622.459,17438.16173,-3124.391159,-699863.6195
2011,6,AQUE,8,CONTINUAL,0,2.4,516,49920.5594,-54417.64767,-11699794.25,49959.44002,-46045.87359,-9899862.821,94.93877468,12.82648945,2757.695232,40.1374141,4.10390039,882.3385839,43733.91292,-25579.86283,-5499670.508,17789.09221,-3254.993082,-699823.5125
2011,7,AQUE,4,CONTROL,0,2,448,49718.9449,-56248.99665,-12599775.25,49772.94244,-44195.79446,-9899857.958,84.92052004,12.77485426,2861.567355,12.45456927,2.088170303,467.7501478,45277.14104,-28569.53273,-6399575.331,17438.18088,-3124.285567,-699839.967
2011,7,AQUE,7,ANNUAL,0,1.5,336,49719.07827,-56248.87946,-12599749,49773.0438,-44195.6809,-9899832.521,176.5890918,22.01439884,4931.225341,18.31585926,2.776778711,621.9984313,45277.70773,-28568.64251,-6399375.923,17438.22097,-3124.066688,-699790.9382
2011,7,AQUE,8,CONTINUAL,0,1.5,322.5,49920.66774,-54417.54884,-11699773,49959.52675,-46045.77994,-9899842.688,153.605919,18.71831827,4024.438429,48.72657084,5.247451621,1128.202099,43734.24144,-25579.30618,-5499550.828,17789.13412,-3254.76914,-699775.3651
2011,7,CARP,7,CONTROL,0,2,448,49718.83719,-56249.09152,-12599796.5,49773.00455,-44195.72487,-9899842.371,204.9445276,21.70772044,4862.529379,134.9852153,12.06638133,2702.869418,45277.74173,-28568.59207,-6399364.625,17438.42083,-3123.002177,-699552.4877
2011,7,CARP,9,ANNUAL,0,2.5,560,49718.85613,-56249.07478,-12599792.75,49773.04956,-44195.67442,-9899831.071,132.6111865,16.79083074,3761.146086,84.26099704,7.60353155,1703.191067,45277.27485,-28569.32287,-6399528.322,17438.26133,-3123.849372,-699742.2593
2011,7,CARP,10,CONTINUAL,0,2.5,537.5,49920.48942,-54417.71163,-11699808,49959.62135,-46045.67787,-9899820.742,268.8158735,26.64650683,5728.998968,182.8111767,15.29998914,3289.497664,43734.9465,-25578.11795,-5499295.36,17789.38309,-3253.481006,-699498.4163
2011,7,MOHK,2,CONTROL,0,2.1,470.4,49718.78629,-56249.13616,-12599806.5,49772.90428,-44195.83722,-9899867.538,625.7864983,48.40632082,10843.01586,82.73111661,7.619102094,1706.678869,45280.16805,-28564.87066,-6398531.028,17438.47974,-3122.704928,-699485.9039
2011,7,MOHK,3,ANNUAL,0,2.5,560,49718.88781,-56249.04688,-12599786.5,49772.91903,-44195.82068,-9899863.833,84.29772703,13.26700619,2971.809388,28.0824863,3.663676671,820.6635743,45277.35075,-28569.20307,-6399501.487,17438.29278,-3123.681199,-699704.5886
2011,7,MOHK,4,CONTINUAL,0,3,645,49920.5721,-54417.63605,-11699791.75,49959.78051,-46045.50634,-9899783.863,43.14317675,9.829980849,2113.445883,8.637006921,1.974870319,424.5971186,43733.98435,-25579.74051,-5499644.209,17789.06446,-3255.140851,-699855.283
2011,7,NAPL,3,CONTROL,0,5.5,1232,49719.36985,-56248.62277,-12599691.5,49772.9148,-44195.82543,-9899864.896,180.6805705,28.47186744,6377.698306,26.74717945,4.96647608,1112.490642,45278.43486,-28567.49867,-6399119.703,17438.35254,-3123.338132,-699627.7417
2011,7,NAPL,9,ANNUAL,0,5.5,1232,49719.34451,-56248.64509,-12599696.5,49772.87269,-44195.87264,-9899875.471,77.0480459,16.31952961,3655.574632,18.78412008,3.543073863,793.6485453,45277.41982,-28569.0925,-6399476.719,17438.27312,-3123.773986,-699725.3728
2011,7,NAPL,10,CONTINUAL,0,6,1290,49920.92877,-54417.31047,-11699721.75,49959.35046,-46045.97029,-9899883.613,81.14578311,13.1824092,2834.217978,12.56278121,2.519912912,541.781276,43734.11293,-25579.52233,-5499597.301,17789.11124,-3254.888003,-699800.9205
2011,8,CARP,7,CONTROL,0,1.5,336,49718.72927,-56249.18638,-12599817.75,49773.04001,-44195.68514,-9899833.471,256.8700746,23.72141154,5313.596184,178.3627082,14.41183896,3228.251926,45277.77568,-28568.54115,-6399353.217,17438.42818,-3122.971653,-699545.6502
2011,8,CARP,9,ANNUAL,0,1.5,336,49718.69751,-56249.21429,-12599824,49772.99652,-44195.73385,-9899844.383,189.5438065,23.62012983,5290.909083,123.2110088,12.76857667,2860.161174,45277.87435,-28568.38197,-6399317.561,17438.43873,-3122.897914,-699529.1326
2011,8,CARP,10,CONTINUAL,0,1.5,322.5,49920.38105,-54417.81047,-11699829.25,49959.54738,-46045.75769,-9899837.904,207.378923,21.63643759,4651.834082,141.9226161,12.42525979,2671.430854,43734.52044,-25578.83569,-5499449.674,17789.27723,-3254.02021,-699614.3452
2011,9,AQUE,4,CONTROL,0,2.6,582.4,49718.83068,-56249.0971,-12599797.75,49772.97582,-44195.75705,-9899849.579,45.68256812,7.850208062,1758.446606,12.37840648,1.679348768,376.174124,45276.77977,-28570.10149,-6399702.735,17438.16201,-3124.391415,-699863.677
2011,9,AQUE,7,ANNUAL,0,2.4,537.6,49718.88153,-56249.05246,-12599787.75,49772.97098,-44195.76248,-9899850.796,146.3889523,16.52880344,3702.451971,16.25756819,2.133507215,477.9056163,45277.30125,-28569.28253,-6399519.286,17438.18386,-3124.270671,-699836.6302
2011,9,AQUE,8,CONTINUAL,0,2.6,559,49920.57214,-54417.63605,-11699791.75,49959.44723,-46045.86579,-9899861.146,145.9521579,18.47972452,3973.140773,51.24505427,5.689434565,1223.228432,43734.2045,-25579.36872,-5499564.274,17789.16271,-3254.617524,-699742.7677
2011,9,MOHK,2,CONTROL,0,2.1,470.4,49718.74823,-56249.16964,-12599814,49773.02394,-44195.70309,-9899837.492,596.898043,46.45159996,10405.15839,79.63670214,7.719725977,1729.218619,45279.98878,-28565.14283,-6398591.994,17438.43155,-3122.961528,-699543.3822
2011,9,MOHK,3,ANNUAL,0,1.8,403.2,49718.93221,-56249.00781,-12599777.75,49772.96074,-44195.77392,-9899853.358,87.72384025,13.95149918,3125.135815,14.79735512,2.634865672,590.2099105,45277.34027,-28569.21882,-6399505.015,17438.20457,-3124.15387,-699810.4668
2011,9,MOHK,4,CONTINUAL,0,1.8,387,49920.61668,-54417.59535,-11699783,49960.01965,-46045.24835,-9899728.396,81.86319535,16.99291786,3653.47734,41.14152345,5.3106591,1141.791707,43734.51615,-25578.83695,-5499449.944,17789.17058,-3254.568624,-699732.2542
2011,9,NAPL,3,CONTROL,0,5.6,1254.4,49718.93852,-56249.00223,-12599776.5,49772.94389,-44195.79282,-9899857.592,116.8249004,18.84880489,4222.132295,22.22162948,4.074131784,912.6055197,45277.70609,-28568.64342,-6399376.125,17438.2881,-3123.692155,-699707.0426
2011,9,NAPL,9,ANNUAL,0,5.4,1209.6,49718.9512,-56248.99107,-12599774,49772.92869,-44195.80986,-9899861.408,69.37873471,13.55426486,3036.155328,18.81621213,3.396216786,760.7525602,45277.2743,-28569.32202,-6399528.132,17438.24235,-3123.944273,-699763.5172
2011,9,NAPL,10,CONTINUAL,0,5.6,1204,49920.60391,-54417.60698,-11699785.5,49959.36666,-46045.95279,-9899879.85,64.64682154,10.41921149,2240.13047,20.25126877,2.769765791,595.4996451,43733.89685,-25579.88961,-5499676.267,17789.11589,-3254.86441,-699795.8481
2011,10,AQUE,4,CONTROL,0,5.2,1164.8,49718.64041,-56249.26451,-12599835.25,49772.94681,-44195.78956,-9899856.863,31.86694529,5.48664539,1229.008567,10.50854217,1.559888125,349.4149399,45276.57766,-28570.42001,-6399774.082,17438.15184,-3124.446714,-699876.0639
2011,10,AQUE,7,ANNUAL,0,4.8,1075.2,49718.88147,-56249.05246,-12599787.75,49772.96412,-44195.77016,-9899852.517,153.9448711,17.86673529,4002.148705,18.89445724,2.369722128,530.8177566,45277.47988,-28569.00234,-6399456.523,17438.19064,-3124.233483,-699828.3003
2011,10,AQUE,8,CONTINUAL,0,3.5,752.5,49920.61676,-54417.59535,-11699783,49959.52005,-46045.78717,-9899844.242,168.2939596,21.736828,4673.41802,67.72069559,7.20701674,1549.508599,43734.40403,-25579.03037,-5499491.529,17789.19812,-3254.428558,-699702.1399
2011,10,CARP,7,CONTROL,0,2.2,492.8,49718.70389,-56249.20871,-12599822.75,49773.00958,-44195.71922,-9899841.104,151.3034483,13.88342022,3109.886128,106.021898,8.560454775,1917.54187,45277.07567,-28569.63782,-6399598.871,17438.26636,-3123.828627,-699737.6125
2011,10,CARP,9,ANNUAL,0,2,448,49718.61506,-56249.28683,-12599840.25,49773.10895,-44195.60785,-9899816.158,181.6163398,17.40897871,3899.611232,128.2500617,11.02885026,2470.462458,45277.25477,-28569.35681,-6399535.925,17438.3076,-3123.607305,-699688.0363
2011,10,CARP,10,CONTINUAL,0,2.2,473,49920.36832,-54417.82209,-11699831.75,49959.60009,-46045.70079,-9899825.671,197.0832564,20.62633801,4434.662672,139.2989024,13.29307463,2858.011045,43734.47669,-25578.90955,-5499465.553,17789.26744,-3254.0706,-699625.1789
2011,10,IVEE,3,CONTROL,0,2.2,492.8,49718.58334,-56249.31473,-12599846.5,49773.11987,-44195.59557,-9899813.408,499.8010227,37.41225708,8380.345586,66.62332005,6.096127553,1365.532572,45279.21696,-28566.32916,-6398857.732,17438.34565,-3123.417094,-699645.429
2011,10,IVEE,4,ANNUAL,0,2.2,492.8,49718.62139,-56249.28125,-12599839,49773.04883,-44195.67522,-9899831.25,258.5717331,23.00087435,5152.195855,38.18475028,3.939137428,882.3667839,45278.10136,-28568.03592,-6399240.046,17438.29049,-3123.696696,-699708.0599
2011,10,MOHK,2,CONTROL,0,2.6,582.4,49718.77994,-56249.14174,-12599807.75,49772.97437,-44195.75865,-9899849.938,491.4801365,38.27075948,8572.650123,66.78303905,6.814342201,1526.412653,45279.28614,-28566.21763,-6398832.75,17438.37628,-3123.246362,-699607.1851
2011,10,MOHK,3,ANNUAL,0,2.5,560,49718.97662,-56248.96875,-12599769,49772.98577,-44195.74587,-9899847.075,119.2744371,16.78528882,3759.904695,16.66132918,2.947149068,660.1613912,45277.58957,-28568.82746,-6399417.351,17438.22354,-3124.049621,-699787.1151
2011,10,MOHK,4,CONTINUAL,0,2.5,537.5,49920.58483,-54417.62442,-11699789.25,49959.75981,-46045.52849,-9899788.625,71.23321978,15.19802886,3267.576205,29.66410774,4.501734967,967.8730178,43734.35389,-25579.11261,-5499509.21,17789.14255,-3254.718718,-699764.5243
2011,10,NAPL,3,CONTROL,0,6,1344,49718.97656,-56248.96875,-12599769,49772.94863,-44195.7875,-9899856.4,135.5751271,22.65486042,5074.688733,28.10085683,5.039724594,1128.898309,45277.9897,-28568.19699,-6399276.125,17438.34042,-3123.405684,-699642.8733
2011,10,NAPL,9,ANNUAL,0,6.5,1456,49718.98293,-56248.96317,-12599767.75,49772.90816,-44195.83287,-9899866.563,102.5981215,17.20870038,3854.748885,16.53736293,3.41770398,765.5656916,45277.61553,-28568.78543,-6399407.937,17438.27252,-3123.77821,-699726.3191
2011,10,NAPL,10,CONTINUAL,0,7,1505,49920.57843,-54417.63023,-11699790.5,49959.34506,-46045.97612,-9899884.867,45.63488012,9.758182247,2098.009183,13.11923068,2.463636033,529.6817472,43733.952,-25579.79553,-5499656.04,17789.1158,-3254.863191,-699795.586
2011,11,CARP,7,CONTROL,0,3,672,49718.73564,-56249.1808,-12599816.5,49773.06133,-44195.66124,-9899828.117,212.5501693,18.04363963,4041.775277,150.1806973,11.69780375,2620.308039,45277.3052,-28569.27919,-6399518.537,17438.31721,-3123.563822,-699678.2961
2011,11,CARP,9,ANNUAL,0,3,672,49718.54529,-56249.34821,-12599854,49773.12142,-44195.5939,-9899813.033,175.3703779,14.85447442,3327.40227,123.9405567,9.610098887,2152.662151,45277.06825,-28569.65062,-6399601.739,17438.27159,-3123.804795,-699732.2742
2011,11,CARP,10,CONTINUAL,0,3,645,49920.34922,-54417.83953,-11699835.5,49959.63897,-46045.65884,-9899816.65,226.0100867,20.82933115,4478.306196,159.4626509,13.52980641,2908.908379,43734.46233,-25578.9359,-5499471.219,17789.26366,-3254.099083,-699631.3029
2011,11,MOHK,2,CONTROL,0,2.8,627.2,49718.84971,-56249.08036,-12599794,49772.96609,-44195.76793,-9899852.017,396.0073295,31.30104481,7011.434038,52.4753983,5.180494845,1160.430845,45278.61703,-28567.24833,-6399063.625,17438.34538,-3123.401423,-699641.9187
2011,11,MOHK,3,ANNUAL,0,2.9,649.6,49718.84339,-56249.08594,-12599795.25,49772.92577,-44195.81313,-9899862.142,95.6683788,15.22879439,3411.249944,22.11121653,3.536361423,792.1449588,45277.42928,-28569.07881,-6399473.652,17438.22835,-3124.02277,-699781.1004
2011,11,MOHK,4,CONTINUAL,0,2.6,559,49920.54024,-54417.66512,-11699798,49959.61913,-46045.68027,-9899821.258,65.35488353,13.44553166,2890.789308,24.30039176,3.789972766,814.8441446,43734.24115,-25579.30434,-5499550.434,17789.11933,-3254.844052,-699791.4713
2011,11,NAPL,3,CONTROL,0,8.2,1836.8,49719.21129,-56248.76228,-12599722.75,49772.95836,-44195.7766,-9899853.958,119.5668221,21.61411416,4841.561573,26.33346438,4.918608173,1101.768231,45277.93962,-28568.27498,-6399293.595,17438.33405,-3123.440206,-699650.6061
2011,11,NAPL,9,ANNUAL,0,8.5,1904,49719.14152,-56248.82366,-12599736.5,49772.8956,-44195.84695,-9899869.717,114.78625,17.71329182,3967.777369,15.87624303,3.011507784,674.5777436,45277.66769,-28568.70403,-6399389.703,17438.27814,-3123.747629,-699719.4689
2011,11,NAPL,10,CONTINUAL,0,8.8,1892,49920.80141,-54417.42674,-11699746.75,49959.3697,-46045.94952,-9899879.146,59.88616806,11.52510783,2477.898183,11.65934505,2.489875301,535.3231898,43734.08867,-25579.5636,-5499606.173,17789.12144,-3254.832192,-699788.9213
2011,12,AQUE,4,CONTROL,0,7,1568,49718.69116,-56249.21987,-12599825.25,49772.91081,-44195.82991,-9899865.9,30.21033521,5.033683895,1127.545193,9.013556863,1.210691361,271.1948649,45276.53165,-28570.49255,-6399790.331,17438.14967,-3124.458408,-699878.6833
2011,12,AQUE,7,ANNUAL,0,7,1568,49718.79899,-56249.125,-12599804,49773.02678,-44195.69993,-9899836.783,156.7760681,18.75329591,4200.738283,21.39299177,3.103829075,695.2577128,45277.52476,-28568.9321,-6399440.79,17438.22201,-3124.059727,-699789.3788
2011,12,AQUE,8,CONTINUAL,0,5,1075,49920.55941,-54417.64767,-11699794.25,49959.595,-46045.70628,-9899826.85,189.1064803,22.331864,4801.35076,109.3173447,9.297414606,1998.94414,43734.4453,-25578.96156,-5499476.736,17789.21054,-3254.367203,-699688.9486
2012,1,CARP,7,CONTROL,0,2.4,537.6,49718.66583,-56249.24219,-12599830.25,49772.98524,-44195.74648,-9899847.213,99.07658785,10.92268367,2446.681143,69.23895908,6.737446225,1509.187954,45276.86744,-28569.96416,-6399671.972,17438.2249,-3124.047697,-699786.6841
2012,1,CARP,9,ANNUAL,0,2.5,560,49718.53894,-56249.35379,-12599855.25,49772.9775,-44195.75519,-9899849.163,27.46706645,4.005926062,897.3274378,18.43328008,2.370876351,531.0763027,45276.40478,-28570.69249,-6399835.118,17438.12169,-3124.612677,-699913.2395
2012,1,CARP,10,CONTINUAL,0,2.5,537.5,49920.34921,-54417.83953,-11699835.5,49959.60807,-46045.69219,-9899823.821,112.8188314,13.13667568,2824.385271,76.70708518,7.846536394,1687.005325,43734.04147,-25579.64541,-5499623.763,17789.16419,-3254.611104,-699741.3875
2012,1,IVEE,3,CONTROL,0,4,896,49718.67848,-56249.23103,-12599827.75,49773.10664,-44195.61042,-9899816.733,389.8093545,32.00160814,7168.360223,52.53186964,5.514138296,1235.166978,45278.77959,-28566.9906,-6399005.893,17438.34917,-3123.382089,-699637.588
2012,1,IVEE,4,ANNUAL,0,4,896,49718.58968,-56249.30915,-12599845.25,49773.03913,-44195.68609,-9899833.683,241.7955764,19.68210042,4408.790494,32.58095546,3.223793447,722.1297321,45277.74701,-28568.59209,-6399364.627,17438.24366,-3123.947695,-699764.2837
2012,1,MOHK,2,CONTROL,0,1.1,246.4,49718.69115,-56249.21987,-12599825.25,49772.90976,-44195.83108,-9899866.163,420.0429852,32.37453969,7251.896891,56.51172189,5.011127722,1122.49261,45278.88451,-28566.83244,-6398970.466,17438.33717,-3123.455433,-699654.017
2012,1,MOHK,3,ANNUAL,0,1.5,336,49718.76095,-56249.15848,-12599811.5,49772.84458,-44195.90415,-9899882.529,82.19335853,12.93814736,2898.145009,14.57532975,2.483245306,556.2469485,45277.28406,-28569.30733,-6399524.842,17438.21355,-3124.1056,-699799.6543
2012,1,MOHK,4,CONTINUAL,0,1.3,279.5,49920.37464,-54417.81628,-11699830.5,49959.33311,-46045.98903,-9899887.642,58.45195302,9.940990834,2137.313029,9.889523362,1.964340833,422.333279,43733.98143,-25579.746,-5499645.391,17789.06165,-3255.156392,-699858.6243
2012,1,NAPL,3,CONTROL,0,6.5,1456,49718.92583,-56249.01339,-12599779,49772.92676,-44195.81202,-9899861.892,111.5238309,18.74674467,4199.270807,28.06819193,4.618888152,1034.630946,45277.78153,-28568.52432,-6399349.447,17438.32815,-3123.47306,-699657.9654
2012,1,NAPL,9,ANNUAL,0,7.4,1657.6,49718.93219,-56249.00781,-12599777.75,49772.88583,-44195.85791,-9899872.171,74.30475364,14.27801931,3198.276327,14.41505815,3.086860014,691.4566431,45277.3463,-28569.20876,-6399502.762,17438.2651,-3123.818757,-699735.4015
2012,1,NAPL,10,CONTINUAL,0,7.8,1677,49920.59117,-54417.6186,-11699788,49959.38617,-46045.93172,-9899875.321,52.87663995,12.47789974,2682.748445,11.95804956,2.864185451,615.799872,43734.17623,-25579.41466,-5499574.152,17789.18295,-3254.500808,-699717.6737
2012,2,AQUE,4,CONTROL,0,2.5,560,49718.55162,-56249.34263,-12599852.75,49772.84164,-44195.90744,-9899883.267,40.53898894,6.662618782,1492.426607,12.3225365,1.775634087,397.7420355,45276.65598,-28570.29656,-6399746.43,17438.16819,-3124.356319,-699855.8155
2012,2,AQUE,7,ANNUAL,0,2.3,515.2,49718.62139,-56249.28125,-12599839,49772.89051,-44195.85266,-9899870.996,192.4911481,19.47266843,4361.877727,27.13580822,3.21694853,720.5964708,45277.62464,-28568.77853,-6399406.391,17438.22976,-3124.019935,-699780.4654
2012,2,AQUE,8,CONTINUAL,0,2.2,473,49920.3428,-54417.84535,-11699836.75,49959.40479,-46045.91163,-9899871,84.76714114,12.64425489,2718.514801,35.77846968,4.312606389,927.2103736,43733.93009,-25579.83343,-5499664.188,17789.11245,-3254.884783,-699800.2284
2012,3,AQUE,4,CONTROL,0,5,1120,49718.97672,-56248.96875,-12599769,49772.84901,-44195.89918,-9899881.417,38.65462728,8.019084669,1796.274966,6.602390294,1.475477543,330.5069696,45276.68185,-28570.25552,-6399737.236,17438.15917,-3124.404426,-699866.5914
2012,3,AQUE,7,ANNUAL,0,5,1120,49718.75459,-56249.16406,-12599812.75,49773.04304,-44195.68175,-9899832.713,35.64470992,6.284295624,1407.68222,10.06199661,1.307140504,292.7994729,45276.60717,-28570.37331,-6399763.621,17438.13817,-3124.521363,-699892.7853
2012,3,AQUE,8,CONTINUAL,0,5.5,1182.5,49920.43833,-54417.75814,-11699818,49959.51571,-46045.79186,-9899845.25,48.01148835,8.371297957,1799.829061,14.04780947,1.931816427,415.3405318,43733.72345,-25580.18419,-5499739.601,17789.04696,-3255.236667,-699875.8834
2012,3,CARP,7,CONTROL,0,1.5,336,49718.82444,-56249.10268,-12599799,49773.16437,-44195.5458,-9899802.258,312.315024,26.70961555,5982.953883,220.7818417,17.29192969,3873.392251,45277.84644,-28568.4338,-6399329.17,17438.4418,-3122.915648,-699533.1052
2012,3,CARP,9,ANNUAL,0,1.5,336,49718.76105,-56249.15848,-12599811.5,49773.12055,-44195.5949,-9899813.258,333.0688381,26.29927385,5891.037341,235.9562337,17.60690946,3943.947719,45277.76986,-28568.55659,-6399356.676,17438.42525,-3123.01728,-699555.8708
2012,3,CARP,10,CONTINUAL,0,1.8,387,49920.42563,-54417.76977,-11699820.5,49959.72793,-46045.56285,-9899796.013,368.583937,35.03637486,7532.820596,261.4960706,23.57785099,5069.237963,43735.33099,-25577.47381,-5499156.869,17789.48527,-3252.967167,-699387.9409
2012,3,IVEE,3,CONTROL,0,4.1,918.4,49718.58968,-56249.30915,-12599845.25,49773.09332,-44195.62537,-9899820.083,147.8955181,15.64468073,3504.408483,27.95302436,3.820889558,855.8792609,45277.36775,-28569.17954,-6399496.217,17438.22055,-3124.068978,-699791.451
2012,3,IVEE,4,ANNUAL,0,4.3,963.2,49718.50089,-56249.38728,-12599862.75,49772.99826,-44195.73192,-9899843.95,31.56542753,3.912795759,876.46625,10.48895824,1.16879429,261.8099211,45276.46852,-28570.59219,-6399812.65,17438.13114,-3124.561859,-699901.8564
2012,3,MOHK,2,CONTROL,0,2,448,49718.73555,-56249.1808,-12599816.5,49772.8957,-44195.84684,-9899869.692,364.0988092,31.20461105,6989.832875,52.10695789,6.057763422,1356.939006,45278.73493,-28567.05568,-6399020.472,17438.37572,-3123.236488,-699604.9733
2012,3,MOHK,3,ANNUAL,0,2.5,560,49718.90682,-56249.03013,-12599782.75,49772.87823,-44195.86642,-9899874.079,72.53494592,10.82756128,2425.373726,23.85619819,2.823293385,632.4177182,45277.15475,-28569.5115,-6399570.576,17438.25284,-3123.898057,-699753.1647
2012,3,MOHK,4,CONTINUAL,0,3.2,688,49920.48928,-54417.71163,-11699808,49959.35792,-46045.96223,-9899881.879,54.72861187,12.83330699,2759.161003,15.18086196,3.083406062,662.9323033,43734.23805,-25579.30924,-5499551.486,17789.12443,-3254.816072,-699785.4555
2012,3,NAPL,3,CONTROL,0,6,1344,49719.04634,-56248.90737,-12599755.25,49772.926,-44195.81287,-9899862.083,88.21900644,17.36804826,3890.44281,24.71907311,4.272202365,956.9733298,45277.53005,-28568.91928,-6399437.919,17438.26781,-3123.804245,-699732.151
2012,3,NAPL,9,ANNUAL,0,6,1344,49719.00828,-56248.94085,-12599762.75,49772.91022,-44195.83056,-9899866.046,49.68925008,10.88078032,2437.294791,11.15100401,2.395598579,536.6140818,45277.10985,-28569.58083,-6399586.106,17438.21508,-3124.09485,-699797.2465
2012,3,NAPL,10,CONTINUAL,0,6,1290,49920.57204,-54417.63605,-11699791.75,49959.3716,-46045.94746,-9899878.704,45.30090069,10.18610076,2190.011663,13.38251628,2.595549771,558.0432008,43734.03172,-25579.66017,-5499626.937,17789.1086,-3254.902409,-699804.0178
2012,5,AQUE,4,CONTROL,0,2,448,49718.98309,-56248.96317,-12599767.75,49772.87776,-44195.86695,-9899874.196,175.3495373,20.80622914,4660.595328,19.38257731,2.835586731,635.1714278,45277.58351,-28568.83888,-6399419.91,17438.22682,-3124.034322,-699783.6882
2012,5,AQUE,7,ANNUAL,0,1.8,403.2,49718.70384,-56249.20871,-12599822.75,49773.04591,-44195.6785,-9899831.983,72.60615762,11.93969954,2674.492696,11.68173743,1.961956236,439.4781968,45277.04761,-28569.67959,-6399608.229,17438.17019,-3124.344162,-699853.0922
2012,5,AQUE,8,CONTINUAL,0,2,430,49920.33642,-54417.85116,-11699838,49959.738,-46045.55192,-9899793.663,115.6713938,18.38320754,3952.389621,72.20432749,6.854267486,1473.667509,43734.36303,-25579.0981,-5499506.093,17789.15298,-3254.667684,-699753.5522
2012,5,CARP,7,CONTROL,0,1.8,403.2,49718.62776,-56249.27567,-12599837.75,49773.11518,-44195.60091,-9899814.604,315.197381,28.16774743,6309.575424,222.5066069,18.30871334,4101.151789,45277.98489,-28568.21593,-6399280.369,17438.47645,-3122.726999,-699490.8478
2012,5,CARP,9,ANNUAL,0,2,448,49718.55798,-56249.33705,-12599851.5,49773.05441,-44195.66903,-9899829.863,320.0798555,27.66980972,6198.037377,226.2111485,17.99897028,4031.769343,45277.86383,-28568.40712,-6399323.195,17438.46091,-3122.813544,-699510.2338
2012,5,CARP,10,CONTINUAL,0,1.8,387,49920.26003,-54417.92093,-11699853,49959.70003,-46045.59295,-9899802.483,318.3868229,32.33260705,6951.510517,223.3950414,20.89203312,4491.787121,43735.22706,-25577.6451,-5499193.697,17789.47064,-3253.023769,-699400.1103
2012,5,IVEE,3,CONTROL,0,2.5,560,49718.55797,-56249.33705,-12599851.5,49773.0067,-44195.72247,-9899841.833,46.47490747,6.412951219,1436.501073,19.5226836,2.419239468,541.9096407,45276.63798,-28570.32526,-6399752.857,17438.17309,-3124.331843,-699850.3328
2012,5,IVEE,4,ANNUAL,0,2.5,560,49718.55797,-56249.33705,-12599851.5,49773.14607,-44195.56631,-9899806.854,83.90520246,8.311137066,1861.694703,28.74819207,2.426858929,543.6164002,45276.90056,-28569.91332,-6399660.585,17438.23574,-3124.00004,-699776.0091
2012,5,MOHK,2,CONTROL,0,1.6,358.4,49718.61505,-56249.28683,-12599840.25,49772.94486,-44195.79174,-9899857.35,658.6328591,50.20076102,11244.97047,88.12623341,7.992630313,1790.34919,45280.40838,-28564.50425,-6398448.952,17438.49073,-3122.658507,-699475.5057
2012,5,MOHK,3,ANNUAL,0,2,448,49719.07822,-56248.87946,-12599749,49772.88926,-44195.85406,-9899871.308,80.9099661,13.45091262,3013.004426,17.98425773,2.825522131,632.9169574,45277.35884,-28569.18963,-6399498.477,17438.24762,-3123.920325,-699758.1527
2012,5,MOHK,4,CONTINUAL,0,2,430,49920.45108,-54417.74651,-11699815.5,49959.44873,-46045.86419,-9899860.8,66.32156184,13.5440815,2911.977522,12.5444785,2.744933386,590.160678,43734.2642,-25579.26521,-5499542.02,17789.10237,-3254.935415,-699811.1142
2012,5,NAPL,3,CONTROL,0,2.6,582.4,49719.12246,-56248.8404,-12599740.25,49772.86658,-44195.87948,-9899877.004,127.2025649,18.87082249,4227.064237,17.04998156,3.054852837,684.2870355,45277.6325,-28568.75969,-6399402.17,17438.24066,-3123.954593,-699765.8289
2012,5,NAPL,9,ANNUAL,0,2.6,582.4,49719.06537,-56248.89063,-12599751.5,49772.85292,-44195.89479,-9899880.433,56.8093727,10.78460359,2415.751205,7.514903019,1.771367008,396.7862098,45277.01338,-28569.73306,-6399620.205,17438.18895,-3124.239342,-699829.6127
2012,5,NAPL,10,CONTINUAL,0,2.6,559,49920.68671,-54417.5314,-11699769.25,49959.354,-46045.96647,-9899882.792,49.04143076,10.38091846,2231.897468,10.78235921,2.155066337,463.3392624,43733.95577,-25579.7892,-5499654.678,17789.0934,-3254.984068,-699821.5747
2012,6,AQUE,4,CONTROL,0,1.4,313.6,49718.95134,-56248.99107,-12599774,49772.89872,-44195.84345,-9899868.933,242.7712989,26.76791025,5996.011895,29.6051218,3.537292477,792.3535148,45278.13489,-28567.97782,-6399227.032,17438.26248,-3123.841729,-699740.5474
2012,6,AQUE,7,ANNUAL,0,1.4,313.6,49718.72922,-56249.18638,-12599817.75,49773.00419,-44195.72526,-9899842.458,182.2625221,21.83320097,4890.637016,24.31715678,3.174324551,711.0486994,45277.81653,-28568.47447,-6399338.28,17438.22982,-3124.018323,-699780.1044
2012,6,AQUE,8,CONTINUAL,0,1.4,301,49920.39374,-54417.79884,-11699826.75,49959.65211,-46045.64465,-9899813.6,105.1118496,17.26350085,3711.652682,52.33580141,5.654945523,1215.813287,43734.34391,-25579.13057,-5499513.072,17789.1404,-3254.733243,-699767.6472
2012,6,CARP,7,CONTROL,0,2.2,492.8,49718.67216,-56249.23661,-12599829,49773.1092,-44195.60761,-9899816.104,283.705528,26.1185989,5850.566153,198.5988863,15.99785285,3583.519037,45277.90363,-28568.34135,-6399308.462,17438.45048,-3122.857442,-699520.067
2012,6,CARP,9,ANNUAL,0,2,448,49718.53894,-56249.35379,-12599855.25,49773.04398,-44195.68071,-9899832.479,334.3677331,24.96314523,5591.744532,236.7595556,16.54135345,3705.263173,45277.70593,-28568.6576,-6399379.302,17438.40136,-3123.150533,-699585.7193
2012,6,CARP,10,CONTINUAL,0,2.4,516,49920.36832,-54417.82209,-11699831.75,49959.70713,-46045.58531,-9899800.842,423.0345307,38.79953415,8341.899842,300.0414787,26.1050987,5612.59622,43735.56588,-25577.08178,-5499072.583,17789.54096,-3252.698114,-699330.0945
2012,6,IVEE,3,CONTROL,0,3,672,49718.57699,-56249.32031,-12599847.75,49773.01252,-44195.71592,-9899840.367,49.08683402,7.168388564,1605.719038,25.05084553,2.976511699,666.7386205,45276.68794,-28570.24634,-6399735.18,17438.18445,-3124.267884,-699836.006
2012,6,IVEE,4,ANNUAL,0,3,672,49718.5326,-56249.35938,-12599856.5,49772.94031,-44195.79688,-9899858.5,46.89512215,5.307548655,1188.890899,15.95284031,1.64639131,368.7916535,45276.59512,-28570.39299,-6399768.029,17438.16457,-3124.379915,-699861.1009
2012,6,MOHK,2,CONTROL,0,3.5,784,49718.75461,-56249.16406,-12599812.75,49772.9344,-44195.80346,-9899859.975,688.1553746,53.8138306,12054.29806,94.88011447,9.431197186,2112.58817,45280.7388,-28563.99485,-6398334.847,17438.54723,-3122.358272,-699408.2528
2012,6,MOHK,3,ANNUAL,0,3,672,49718.9386,-56249.00223,-12599776.5,49772.87883,-44195.86576,-9899873.929,101.6939533,18.15767564,4067.319344,23.0718241,3.77430062,845.4433388,45277.73272,-28568.60104,-6399366.634,17438.29882,-3123.640239,-699695.4135
2012,6,MOHK,4,CONTINUAL,0,3,645,49920.43834,-54417.75814,-11699818,49959.55305,-46045.75161,-9899836.596,92.18559382,15.85233524,3408.252077,15.23070827,3.192174714,686.3175635,43734.46544,-25578.92405,-5499468.671,17789.13016,-3254.785528,-699778.8886
2012,6,NAPL,3,CONTROL,0,6,1344,49719.11613,-56248.84598,-12599741.5,49772.94032,-44195.79682,-9899858.488,160.3337415,25.55850885,5725.105983,28.0517793,5.154545039,1154.618089,45278.20267,-28567.86312,-6399201.34,17438.37188,-3123.235129,-699604.6688
2012,6,NAPL,9,ANNUAL,0,6,1344,49719.04,-56248.91295,-12599756.5,49772.90648,-44195.83475,-9899866.983,120.7040718,20.52305964,4597.16536,18.4807818,3.762601007,842.8226256,45277.81378,-28568.47371,-6399338.11,17438.29043,-3123.679356,-699704.1757
2012,6,NAPL,10,CONTINUAL,0,6,1290,49920.68033,-54417.53721,-11699770.5,49959.38235,-46045.93585,-9899876.208,120.0080639,17.85967285,3839.829662,35.30196122,4.416062909,949.4535254,43734.42259,-25578.99719,-5499484.396,17789.20797,-3254.372329,-699690.0507
2012,8,AQUE,4,CONTROL,0,3,672,49718.91959,-56249.01897,-12599780.25,49772.91422,-44195.82608,-9899865.042,237.6185894,26.13959951,5855.270291,30.18313519,3.802352552,851.7269717,45278.11099,-28568.01539,-6399235.447,17438.27789,-3123.756344,-699721.4211
2012,8,AQUE,7,ANNUAL,0,2.8,627.2,49718.66578,-56249.24219,-12599830.25,49772.99332,-44195.73743,-9899845.183,249.6219922,24.22061074,5425.416807,33.25009402,3.618409369,810.5236987,45278.12554,-28567.99587,-6399231.076,17438.24919,-3123.916453,-699757.2854
2012,8,AQUE,8,CONTINUAL,0,3,645,49920.42558,-54417.76977,-11699820.5,49959.53108,-46045.77527,-9899841.683,81.97345456,15.38301694,3307.348643,23.22181751,3.570761328,767.7136855,43734.19262,-25579.38695,-5499568.195,17789.1065,-3254.914501,-699806.6176
2012,8,CARP,7,CONTROL,0,1.8,403.2,49718.76733,-56249.1529,-12599810.25,49772.91804,-44195.82182,-9899864.088,58.2526573,9.105759858,2039.690208,24.34488458,3.213715025,719.8721656,45276.82173,-28570.03552,-6399687.957,17438.1816,-3124.282729,-699839.3312
2012,8,CARP,9,ANNUAL,0,1.8,403.2,49718.64677,-56249.25893,-12599834,49772.86232,-44195.88426,-9899878.075,78.3564471,9.565623047,2142.699563,47.12847007,4.450607402,996.936058,45276.76001,-28570.13306,-6399709.805,17438.17038,-3124.34568,-699853.4322
2012,8,CARP,10,CONTINUAL,0,1.8,387,49920.39379,-54417.79884,-11699826.75,49959.46473,-46045.84692,-9899857.088,94.84191828,10.6763369,2295.412434,62.58777519,5.476601709,1177.469367,43733.89125,-25579.90018,-5499678.539,17789.10352,-3254.936052,-699811.2513
2012,8,IVEE,3,CONTROL,0,2.5,560,49718.62773,-56249.27567,-12599837.75,49772.87843,-44195.8662,-9899874.029,48.78658463,7.185592928,1609.572816,16.48184992,2.264547654,507.2586744,45276.66382,-28570.28431,-6399743.686,17438.17569,-3124.315794,-699846.7378
2012,8,IVEE,4,ANNUAL,0,2.5,560,49718.54528,-56249.34821,-12599854,49772.88799,-44195.85551,-9899871.633,94.75917631,10.80627768,2420.606201,31.95963291,3.114979658,697.7554433,45277.08478,-28569.6233,-6399595.619,17438.2679,-3123.825012,-699736.8027
2012,8,MOHK,2,CONTROL,0,2,448,49718.81169,-56249.11384,-12599801.5,49772.95423,-44195.78123,-9899854.996,455.4968948,34.8252348,7800.852594,61.66252661,6.033966646,1351.608529,45278.98105,-28566.68893,-6398938.321,17438.34944,-3123.388844,-699639.1011
2012,8,MOHK,3,ANNUAL,0,1.5,336,49719.0591,-56248.89621,-12599752.75,49772.91672,-44195.82327,-9899864.413,95.33244763,14.64127743,3279.646145,14.18127828,2.594742851,581.2223985,45277.41202,-28569.10614,-6399479.775,17438.2139,-3124.10288,-699799.0452
2012,8,MOHK,4,CONTINUAL,0,1.5,322.5,49920.54023,-54417.66512,-11699798,49959.39434,-46045.92291,-9899873.425,81.88683419,13.58709164,2921.224702,12.81394618,2.560684463,550.5471595,43734.27456,-25579.24827,-5499538.377,17789.09034,-3255.00117,-699825.2517
2012,8,NAPL,3,CONTROL,0,7,1568,49718.92582,-56249.01339,-12599779,49772.93806,-44195.79935,-9899859.054,203.7957044,33.82448266,7576.684116,53.01368438,8.539716994,1912.896607,45278.87401,-28566.80788,-6398964.966,17438.51549,-3122.456944,-699430.3555
2012,8,NAPL,9,ANNUAL,0,6.5,1456,49718.97656,-56248.96875,-12599769,49772.88322,-44195.86083,-9899872.825,165.6676069,22.64417445,5072.295076,23.0202522,3.946505502,884.0172325,45278.04911,-28568.10647,-6399255.849,17438.31961,-3123.520448,-699668.5804
2012,8,NAPL,10,CONTINUAL,0,7.5,1612.5,49920.67395,-54417.54302,-11699771.75,49959.38318,-46045.93496,-9899876.017,68.47479221,11.48069512,2468.34945,13.34268103,2.492683287,535.9269068,43734.06762,-25579.59971,-5499613.937,17789.11726,-3254.855452,-699793.9222
2012,9,AQUE,4,CONTROL,0,2.2,492.8,49719.002,-56248.94643,-12599764,49772.94134,-44195.79568,-9899858.233,256.1504357,28.76394335,6443.12331,33.59570512,4.434324942,993.2887871,45278.35723,-28567.63018,-6399149.159,17438.30109,-3123.629079,-699692.9136
2012,9,AQUE,7,ANNUAL,0,1.4,313.6,49718.62138,-56249.28125,-12599839,49773.07045,-44195.65102,-9899825.829,223.3570969,20.02988334,4486.693868,29.43791713,2.920689904,654.2345385,45277.7734,-28568.5478,-6399354.708,17438.21101,-3124.125625,-699804.1399
2012,9,AQUE,8,CONTINUAL,0,1.8,387,49920.37463,-54417.81628,-11699830.5,49959.63733,-46045.66062,-9899817.033,107.0848485,14.03701341,3017.957883,31.6123637,3.219791334,692.2551368,43734.11264,-25579.52386,-5499597.631,17789.11527,-3254.873265,-699797.7521
2012,9,IVEE,3,CONTROL,0,3,672,49718.61506,-56249.28683,-12599840.25,49772.91254,-44195.82798,-9899865.467,27.28937754,4.377851506,980.6387373,12.25358628,1.619445903,362.7558822,45276.43962,-28570.63758,-6399822.818,17438.13131,-3124.559631,-699901.3573
2012,9,IVEE,4,ANNUAL,0,2.8,627.2,49718.58968,-56249.30915,-12599845.25,49772.90855,-44195.83246,-9899866.471,37.98058336,5.051308194,1131.493035,13.02997592,1.535021554,343.8448281,45276.56164,-28570.44548,-6399779.788,17438.14877,-3124.465408,-699880.2514
2012,9,MOHK,2,CONTROL,0,2.2,492.8,49718.79264,-56249.13058,-12599805.25,49772.93849,-44195.79887,-9899858.946,284.9947635,22.53866777,5048.661581,38.19476453,3.910159584,875.8757468,45278.02009,-28568.1679,-6399269.609,17438.24741,-3123.930151,-699760.3537
2012,9,MOHK,3,ANNUAL,0,2.2,492.8,49718.86243,-56249.0692,-12599791.5,49772.86047,-44195.88633,-9899878.538,181.8444914,20.03014273,4486.751971,26.67931614,3.935392366,881.52789,45277.77839,-28568.53508,-6399351.858,17438.25394,-3123.884539,-699750.1367
2012,9,MOHK,4,CONTINUAL,0,2,430,49920.58482,-54417.62442,-11699789.25,49959.3552,-46045.96517,-9899882.513,50.05487499,9.247465374,1988.205055,9.239303596,1.896802406,407.8125174,43733.96874,-25579.7674,-5499649.991,17789.06223,-3255.153188,-699857.9354
2012,9,NAPL,3,CONTROL,0,4,896,49718.96388,-56248.97991,-12599771.5,49772.95358,-44195.78196,-9899855.158,124.8378514,22.82734249,5113.324719,30.6615872,5.570159436,1247.715714,45277.99511,-28568.18792,-6399274.094,17438.36374,-3123.276051,-699613.8353
2012,9,NAPL,9,ANNUAL,0,6,1344,49719.15421,-56248.8125,-12599734,49772.94788,-44195.78834,-9899856.588,146.0432749,25.47667451,5706.77509,33.83055034,5.924849432,1327.166273,45278.19716,-28567.87046,-6399202.982,17438.38052,-3123.185204,-699593.4856
2012,9,NAPL,10,CONTINUAL,0,6,1290,49920.79504,-54417.43256,-11699748,49959.38323,-46045.9349,-9899876.004,68.53318243,13.18068379,2833.847015,17.67679899,3.293520596,708.1069281,43734.21079,-25579.3561,-5499561.562,17789.13367,-3254.766754,-699774.8521
2012,10,CARP,7,CONTROL,0,2.5,560,49718.91964,-56249.01897,-12599780.25,49772.95049,-44195.78544,-9899855.938,103.1136331,12.01999678,2692.479278,68.39808386,6.388339283,1430.987999,45276.98536,-28569.77853,-6399630.391,17438.24581,-3123.934331,-699761.2901
2012,10,CARP,9,ANNUAL,0,2,448,49718.84982,-56249.08036,-12599794,49772.88265,-44195.86148,-9899872.971,111.3160229,10.84560972,2429.416578,77.79496517,6.335922153,1419.246562,45276.81895,-28570.04098,-6399689.179,17438.20942,-3124.135019,-699806.2442
2012,10,CARP,10,CONTINUAL,0,2.1,451.5,49920.55944,-54417.64767,-11699794.25,49959.5082,-46045.8,-9899847,102.1292168,13.92547124,2993.976317,61.98149785,7.042124255,1514.056715,43734.12896,-25579.49666,-5499591.781,17789.18539,-3254.497668,-699716.9986
2012,11,AQUE,4,CONTROL,0,3.8,851.2,49718.6087,-56249.29241,-12599841.5,49772.91555,-44195.82459,-9899864.708,211.0407941,20.11881108,4506.613682,29.44934693,3.590272909,804.2211316,45277.74656,-28568.58855,-6399363.835,17438.24879,-3123.915876,-699757.1562
2012,11,AQUE,7,ANNUAL,0,3.5,784,49718.56431,-56249.33147,-12599850.25,49772.97008,-44195.76347,-9899851.017,217.8332247,21.71602673,4864.389987,33.23224702,3.832393072,858.4560482,45277.85309,-28568.42096,-6399326.294,17438.25034,-3123.909362,-699755.6971
2012,11,AQUE,8,CONTINUAL,0,3.5,752.5,49920.27911,-54417.90349,-11699849.25,49959.49494,-46045.81428,-9899850.071,124.4617159,16.85806827,3624.484679,38.98520033,4.681570641,1006.537688,43734.26884,-25579.25886,-5499540.654,17789.17162,-3254.570474,-699732.652
2012,11,CARP,7,CONTROL,0,1.5,336,49718.86251,-56249.0692,-12599791.5,49772.98367,-44195.74827,-9899847.613,52.57172846,6.81677543,1526.957696,30.04762149,3.148796721,705.3304654,45276.65081,-28570.30498,-6399748.315,17438.17374,-3124.327498,-699849.3595
2012,11,CARP,9,ANNUAL,0,1.5,336,49718.74195,-56249.17522,-12599815.25,49772.90441,-44195.83709,-9899867.508,22.34185388,3.810549971,853.5631936,8.946182251,1.440075117,322.5768263,45276.39779,-28570.70348,-6399837.58,17438.11654,-3124.641051,-699919.5954
2012,11,CARP,10,CONTINUAL,0,1.5,322.5,49920.55947,-54417.64767,-11699794.25,49959.51862,-46045.78878,-9899844.588,69.93291664,8.644990827,1858.673028,43.08531754,4.346150401,934.4223361,43733.78235,-25580.08488,-5499718.249,17789.0961,-3254.974765,-699819.5744
2012,11,IVEE,3,CONTROL,0,2.5,560,49718.48186,-56249.40402,-12599866.5,49772.90789,-44195.83318,-9899866.633,45.16934819,5.237798628,1173.266893,29.75206214,2.735192408,612.6830995,45276.49084,-28570.55698,-6399804.763,17438.14167,-3124.5031,-699888.6944
2012,11,IVEE,4,ANNUAL,0,2,448,49718.51358,-56249.37612,-12599860.25,49772.88569,-44195.85807,-9899872.208,51.3630566,5.977733917,1339.012397,14.8806426,1.615055253,361.7723766,45276.64967,-28570.30703,-6399748.776,17438.15883,-3124.410876,-699868.0361
2012,11,MOHK,2,CONTROL,0,3.1,694.4,49718.62139,-56249.28125,-12599839,49772.91989,-44195.81972,-9899863.617,272.8295416,23.51162706,5266.604462,40.11471108,4.810173273,1077.478813,45278.06367,-28568.09715,-6399253.763,17438.27976,-3123.750456,-699720.1021
2012,11,MOHK,3,ANNUAL,0,3.3,739.2,49718.82437,-56249.10268,-12599799,49772.91208,-44195.82848,-9899865.579,234.1365072,27.20550612,6094.033371,35.7782996,5.360487657,1200.749235,45278.43626,-28567.50365,-6399120.817,17438.31101,-3123.572572,-699680.2562
2012,11,MOHK,4,CONTINUAL,0,3.3,709.5,49920.47018,-54417.72907,-11699811.75,49959.4244,-46045.89045,-9899866.446,306.0333797,32.86975462,7066.997243,44.27389943,6.15714739,1323.786689,43735.7416,-25576.78034,-5499007.774,17789.26951,-3254.050514,-699620.8605
2012,11,NAPL,3,CONTROL,0,2.7,604.8,49718.93852,-56249.00223,-12599776.5,49772.92605,-44195.81282,-9899862.071,82.41620591,15.51023782,3474.293272,26.14613117,4.191361598,938.864998,45277.3643,-28569.18016,-6399496.356,17438.27263,-3123.77895,-699726.4848
2012,11,NAPL,9,ANNUAL,0,3.2,716.8,49718.88776,-56249.04688,-12599786.5,49772.92215,-44195.81719,-9899863.05,147.7125521,22.06712756,4943.036573,22.30094203,4.305235473,964.3727459,45277.91033,-28568.32359,-6399304.485,17438.32252,-3123.502981,-699664.6677
2012,11,NAPL,10,CONTINUAL,0,3.5,752.5,49920.61667,-54417.59535,-11699783,49959.35532,-46045.96504,-9899882.483,77.67164117,11.95033893,2569.32287,12.64083703,2.491311033,535.6318721,43734.09493,-25579.55361,-5499604.026,17789.10146,-3254.940888,-699812.291
2013,2,AQUE,4,CONTROL,0,2,448,49718.56431,-56249.33147,-12599850.25,49772.95399,-44195.78151,-9899855.058,284.2900995,24.22572081,5426.56146,38.5710787,3.880636535,869.2625838,45278.10225,-28568.03803,-6399240.518,17438.26554,-3123.83009,-699737.9403
2013,2,AQUE,7,ANNUAL,0,2,448,49718.56431,-56249.33147,-12599850.25,49772.97263,-44195.76062,-9899850.379,168.7069709,17.09490388,3829.258468,25.3381716,2.884102013,646.038851,45277.49151,-28568.98601,-6399452.867,17438.20641,-3124.148304,-699809.2201
2013,2,AQUE,8,CONTINUAL,0,2.3,494.5,49920.2218,-54417.95581,-11699860.5,49959.52051,-46045.78672,-9899844.146,156.7044783,15.46943883,3325.929349,50.55996194,4.624658311,994.3015368,43734.13107,-25579.49461,-5499591.342,17789.16599,-3254.611775,-699741.5316
2013,2,CARP,7,CONTROL,0,2,448,49718.67218,-56249.23661,-12599829,49773.00102,-44195.72883,-9899843.258,80.00016357,9.372623691,2099.467707,54.42645867,5.367874504,1202.403889,45276.76964,-28570.11791,-6399706.412,17438.20152,-3124.174786,-699815.152
2013,2,CARP,9,ANNUAL,0,2,448,49718.56433,-56249.33147,-12599850.25,49772.88643,-44195.85724,-9899872.021,27.47329152,4.344263008,973.1149138,18.78723357,2.409360955,539.6968539,45276.37416,-28570.74075,-6399845.927,17438.11983,-3124.62265,-699915.4735
2013,2,CARP,10,CONTINUAL,0,2,430,49920.2855,-54417.89767,-11699848,49959.51443,-46045.79328,-9899845.554,57.13418632,7.740666942,1664.243393,37.77571103,4.2698552,918.018868,43733.6575,-25580.29668,-5499763.785,17789.06707,-3255.12895,-699852.7242
2013,2,IVEE,3,CONTROL,0,2,448,49718.6341,-56249.27009,-12599836.5,49772.86134,-44195.88536,-9899878.321,29.94471933,4.157465589,931.272292,19.3351747,1.860076272,416.657085,45276.4047,-28570.69261,-6399835.144,17438.11757,-3124.635386,-699918.3265
2013,2,IVEE,4,ANNUAL,0,2,448,49718.59604,-56249.30357,-12599844,49772.85424,-44195.89332,-9899880.104,23.43607615,3.464158476,775.9714985,7.533875614,0.898205956,201.1981341,45276.41181,-28570.68145,-6399832.645,17438.11681,-3124.640209,-699919.4069
2013,2,MOHK,2,CONTROL,0,5,1120,49718.62139,-56249.28125,-12599839,49772.92088,-44195.81862,-9899863.371,174.7733914,20.16307538,4516.528886,43.70345816,5.397481538,1209.035865,45277.839,-28568.4405,-6399330.672,17438.39272,-3123.148285,-699585.2159
2013,2,MOHK,3,ANNUAL,0,7.5,1680,49718.67847,-56249.23103,-12599827.75,49772.9071,-44195.83406,-9899866.829,398.0239322,36.47864975,8171.217545,53.28738194,6.137693351,1374.843311,45279.17647,-28566.3663,-6398866.05,17438.37875,-3123.216725,-699600.5464
2013,2,MOHK,4,CONTINUAL,0,6,1290,49920.38738,-54417.80465,-11699828,49959.41455,-46045.90109,-9899868.733,132.0480009,20.29466574,4363.353135,21.2748895,4.032022631,866.8848657,43734.84464,-25578.28198,-5499330.626,17789.19907,-3254.415148,-699699.2567
2013,2,NAPL,3,CONTROL,0,8,1792,49719.26213,-56248.71763,-12599712.75,49772.87652,-44195.86834,-9899874.508,111.5890776,17.0353703,3815.922947,18.83458835,3.483654622,780.3386354,45277.48178,-28568.99683,-6399455.289,17438.2751,-3123.764372,-699723.2193
2013,2,NAPL,9,ANNUAL,0,8,1792,49719.10347,-56248.85714,-12599744,49772.88352,-44195.86049,-9899872.75,206.5588588,24.94084896,5586.750168,28.72838645,4.66736202,1045.489093,45278.21124,-28567.85508,-6399199.537,17438.32243,-3123.507163,-699665.6045
2013,2,NAPL,10,CONTINUAL,0,8.5,1827.5,49920.92246,-54417.31628,-11699723,49959.35005,-46045.97074,-9899883.708,54.28171648,11.85042876,2547.842184,10.92235982,2.594973136,557.9192242,43734.08286,-25579.57329,-5499608.258,17789.12955,-3254.787989,-699779.4177
2013,5,AQUE,4,CONTROL,0,1.5,336,49718.59602,-56249.30357,-12599844,49772.97023,-44195.76332,-9899850.983,466.2594781,36.01084137,8066.428466,61.70997145,5.386525528,1206.581718,45279.08923,-28566.52104,-6398900.712,17438.33946,-3123.446047,-699651.9144
2013,5,AQUE,7,ANNUAL,0,1.2,268.8,49718.68483,-56249.22545,-12599826.5,49773.02227,-44195.705,-9899837.921,46.81592657,5.444490968,1219.565977,6.610430273,1.047654605,234.6746314,45276.61239,-28570.36546,-6399761.864,17438.12195,-3124.610982,-699912.8599
2013,5,AQUE,8,CONTINUAL,0,1.5,322.5,49920.31733,-54417.8686,-11699841.75,49959.53876,-46045.76698,-9899839.9,126.3933804,18.26663558,3927.326649,65.21610687,7.078364521,1521.848372,43734.31117,-25579.18676,-5499525.153,17789.185,-3254.497477,-699716.9575
2013,5,CARP,7,CONTROL,0,1.3,291.2,49718.69755,-56249.21429,-12599824,49772.94999,-44195.78601,-9899856.067,75.54154609,10.43599988,2337.663974,49.34425776,5.829553678,1305.820024,45276.92604,-28569.87153,-6399651.223,17438.23816,-3123.9744,-699770.2657
2013,5,CARP,9,ANNUAL,0,1.3,291.2,49718.52626,-56249.36496,-12599857.75,49772.85434,-44195.89321,-9899880.079,45.42210582,6.169728189,1382.019114,31.44725929,3.699590927,828.7083677,45276.51735,-28570.5151,-6399795.382,17438.146,-3124.47867,-699883.2222
2013,5,CARP,10,CONTINUAL,0,1.2,258,49920.31736,-54417.8686,-11699841.75,49959.53139,-46045.77496,-9899841.617,142.9203059,17.35335163,3730.970601,99.52648275,10.64052331,2287.712513,43734.30037,-25579.20638,-5499529.372,17789.22377,-3254.294247,-699673.2632
2013,5,IVEE,3,CONTROL,0,1.6,358.4,49718.8688,-56249.06362,-12599790.25,49772.83517,-44195.91469,-9899884.892,40.73799658,8.010076521,1794.257141,14.11165228,1.977775596,443.0217335,45276.6602,-28570.2897,-6399744.892,17438.14068,-3124.507115,-699889.5937
2013,5,IVEE,4,ANNUAL,0,2,448,49718.81806,-56249.10826,-12599800.25,49772.84671,-44195.90177,-9899881.996,50.23593609,7.102753074,1591.016689,15.64368795,1.777434215,398.1452641,45276.64643,-28570.31192,-6399749.87,17438.16778,-3124.361046,-699856.8743
2013,5,NAPL,3,CONTROL,0,3.1,694.4,49718.97022,-56248.97433,-12599770.25,49772.90972,-44195.83112,-9899866.171,88.81721787,16.49374597,3694.599098,34.30951772,5.142969537,1152.025176,45277.37345,-28569.16581,-6399493.141,17438.29152,-3123.676214,-699703.4718
2013,5,NAPL,9,ANNUAL,0,3.2,716.8,49718.87508,-56249.05804,-12599789,49772.87084,-44195.8747,-9899875.933,58.71583687,10.8959701,2440.697302,11.31729642,2.445963071,547.8957279,45276.99097,-28569.76858,-6399628.162,17438.21288,-3124.107077,-699799.9853
2013,5,NAPL,10,CONTINUAL,0,3.2,688,49920.66762,-54417.54884,-11699773,49959.39544,-46045.92172,-9899873.171,76.41662338,13.05269647,2806.329742,22.03955337,3.129084822,672.7532367,43734.15425,-25579.45216,-5499582.215,17789.13955,-3254.736807,-699768.4136
2013,6,MOHK,2,CONTROL,0,2.5,560,49718.73555,-56249.1808,-12599816.5,49772.87065,-44195.87493,-9899875.983,232.9703378,22.62741093,5068.540049,40.35515444,4.98874724,1117.479382,45278.07328,-28568.07689,-6399249.223,17438.32945,-3123.485662,-699660.7883
2013,6,MOHK,3,ANNUAL,0,2.8,627.2,49718.88783,-56249.04688,-12599786.5,49772.86673,-44195.87932,-9899876.967,74.80130456,13.47198125,3017.7238,20.04671206,3.076582689,689.1545223,45277.33789,-28569.22239,-6399505.816,17438.25304,-3123.891853,-699751.775
2013,6,MOHK,4,CONTINUAL,0,2.5,537.5,49920.41922,-54417.77558,-11699821.75,49959.37831,-46045.94021,-9899877.146,88.49295888,16.16851868,3476.231516,22.94694953,4.029519241,866.3466367,43734.48843,-25578.88484,-5499460.24,17789.16509,-3254.598857,-699738.7542
2013,8,AQUE,4,CONTROL,0,4.4,985.6,49718.6531,-56249.25335,-12599832.75,49772.94371,-44195.79302,-9899857.638,380.8161359,33.34040602,7468.250948,52.87084541,5.519674827,1236.407161,45278.80926,-28566.94116,-6398994.82,17438.35669,-3123.338695,-699627.8677
2013,8,AQUE,7,ANNUAL,0,3.9,873.6,49718.67213,-56249.23661,-12599829,49773.07387,-44195.64714,-9899824.958,96.18335705,10.03091901,2246.925857,14.63643502,2.111970811,473.0814617,45276.95681,-28569.82416,-6399640.611,17438.17098,-3124.340979,-699852.3793
2013,8,AQUE,8,CONTINUAL,0,3.7,795.5,49920.28548,-54417.89767,-11699848,49959.46391,-46045.84779,-9899857.275,171.1760634,19.92668053,4284.236314,54.16320281,5.754893885,1237.302185,43734.43726,-25578.97488,-5499479.598,17789.21047,-3254.372311,-699690.0468
2013,8,CARP,7,CONTROL,0,4,896,49718.67219,-56249.23661,-12599829,49773.01776,-44195.71006,-9899839.054,115.9664821,12.30527694,2756.382034,79.00243796,7.055941547,1580.530906,45277.00139,-28569.75364,-6399624.816,17438.2526,-3123.898605,-699753.2874
2013,8,CARP,9,ANNUAL,0,4.2,940.8,49718.49455,-56249.39286,-12599864,49772.98023,-44195.75212,-9899848.475,203.480358,17.25400824,3864.897846,144.0813242,11.52438759,2581.462821,45277.21928,-28569.41406,-6399548.75,17438.30135,-3123.648389,-699697.2392
2013,8,CARP,10,CONTINUAL,0,3.5,752.5,49920.41296,-54417.7814,-11699823,49959.539,-46045.76672,-9899839.846,141.9570312,17.35643113,3731.632694,99.26553198,10.82875308,2328.181912,43734.30695,-25579.19524,-5499526.977,17789.22811,-3254.271054,-699668.2766
2013,8,IVEE,3,CONTROL,0,4.5,1008,49718.81168,-56249.11384,-12599801.5,49772.90262,-44195.8391,-9899867.958,510.7062051,40.40470356,9050.653598,67.89404441,6.310661312,1413.588134,45279.43102,-28565.99464,-6398782.798,17438.35202,-3123.383794,-699637.9698
2013,8,IVEE,4,ANNUAL,0,4.5,1008,49718.8561,-56249.07478,-12599792.75,49772.8756,-44195.86938,-9899874.742,509.1639496,40.52463665,9077.51861,66.35394637,5.687809883,1274.069414,45279.39973,-28566.04353,-6398793.75,17438.36568,-3123.307666,-699620.9172
2013,8,MOHK,2,CONTROL,0,2.4,537.6,49718.80533,-56249.11942,-12599802.75,49772.9259,-44195.81298,-9899862.108,340.8279781,30.31530908,6790.629233,50.91536704,6.16940657,1381.947072,45278.67254,-28567.14926,-6399041.435,17438.36741,-3123.280174,-699614.759
2013,8,MOHK,3,ANNUAL,0,2.4,537.6,49719.02104,-56248.92969,-12599760.25,49772.88074,-44195.86362,-9899873.45,87.85775088,15.9377971,3570.06655,19.86444194,3.361602412,752.9989402,45277.57414,-28568.85038,-6399422.485,17438.26752,-3123.810686,-699733.5937
2013,8,MOHK,4,CONTINUAL,0,2.6,559,49920.52114,-54417.68256,-11699801.75,49959.35195,-46045.96868,-9899883.267,116.3033613,18.96995704,4078.540764,19.66989099,3.849440112,827.6296241,43734.68261,-25578.55651,-5499389.65,17789.15815,-3254.635704,-699746.6763
2013,8,NAPL,3,CONTROL,0,9,2016,49719.30008,-56248.68415,-12599705.25,49772.86688,-44195.87915,-9899876.929,112.0644058,21.36130223,4784.931699,30.69659295,5.105089549,1143.540059,45277.82316,-28568.45779,-6399334.544,17438.3139,-3123.552039,-699675.6568
2013,8,NAPL,9,ANNUAL,0,9,2016,49719.14153,-56248.82366,-12599736.5,49772.85788,-44195.88923,-9899879.188,133.9900382,19.8917448,4455.750835,19.1197504,3.490054396,781.7721847,45277.82289,-28568.46056,-6399335.165,17438.28746,-3123.697062,-699708.1418
2013,8,NAPL,10,CONTINUAL,0,9,1935,49920.89695,-54417.33953,-11699728,49959.37986,-46045.93855,-9899876.788,155.166749,22.8692673,4916.892469,37.7552426,5.239712412,1126.538169,43734.88059,-25578.22124,-5499317.568,17789.24238,-3254.188077,-699650.4366
2013,11,AQUE,4,CONTROL,0,5.5,1232,49718.67212,-56249.23661,-12599829,49772.95745,-44195.77762,-9899854.188,221.5811524,20.01544066,4483.458707,30.98543132,3.742848205,838.3979978,45277.74858,-28568.5867,-6399363.421,17438.25481,-3123.883589,-699749.924
2013,11,AQUE,7,ANNUAL,0,4.5,1008,49718.71652,-56249.19754,-12599820.25,49773.08731,-44195.63212,-9899821.596,68.77896308,9.191236967,2058.837081,18.99634581,2.164791303,484.9132518,45276.85593,-28569.9816,-6399675.879,17438.17596,-3124.314118,-699846.3624
2013,11,AQUE,8,CONTINUAL,0,5,1075,49920.33006,-54417.85698,-11699839.25,49959.51614,-46045.7914,-9899845.15,281.7869535,27.73803569,5963.677674,110.6772151,11.20454729,2408.977667,43734.78773,-25578.38668,-5499353.136,17789.3682,-3253.567107,-699516.9281
2013,11,CARP,7,CONTROL,0,1.1,246.4,49718.70392,-56249.20871,-12599822.75,49772.99613,-44195.7343,-9899844.483,135.8597762,12.07170588,2704.062118,95.70115879,7.685920102,1721.646103,45276.93005,-28569.86672,-6399650.146,17438.23369,-3124.005469,-699777.2251
2013,11,CARP,9,ANNUAL,0,1,224,49718.5897,-56249.30915,-12599845.25,49772.89696,-44195.84544,-9899869.379,130.0555992,11.28252692,2527.286031,91.66895348,7.149000224,1601.37605,45276.82545,-28570.03139,-6399687.031,17438.2112,-3124.128482,-699804.7799
2013,11,CARP,10,CONTINUAL,0,1,215,49920.37471,-54417.81628,-11699830.5,49959.56277,-46045.74109,-9899834.333,157.7771233,16.57251585,3563.090908,111.2345512,10.45700608,2248.256308,43734.19861,-25579.37992,-5499566.683,17789.19845,-3254.43253,-699702.994
2013,11,IVEE,3,CONTROL,0,4,896,49718.58968,-56249.30915,-12599845.25,49772.88381,-44195.86017,-9899872.679,525.1917576,37.64338099,8432.117342,68.84193784,5.641604791,1263.719473,45279.23751,-28566.30442,-6398852.191,17438.33347,-3123.489443,-699661.6353
2013,11,IVEE,4,ANNUAL,0,4,896,49718.58967,-56249.30915,-12599845.25,49772.89117,-44195.85193,-9899870.833,844.0915543,83.2691261,18652.28425,180.7588018,16.80134431,3763.501126,45279.41804,-28566.02289,-6398789.127,17440.49706,-3114.341,-697612.3841
2013,11,MOHK,2,CONTROL,0,2.4,537.6,49718.84971,-56249.08036,-12599794,49772.89224,-44195.85073,-9899870.563,219.253197,20.85179099,4670.801182,33.45373967,4.214590466,944.0682643,45277.90248,-28568.34406,-6399309.069,17438.28235,-3123.736279,-699716.9264
2013,11,MOHK,3,ANNUAL,0,2.4,537.6,49718.93856,-56249.00223,-12599776.5,49772.8666,-44195.87946,-9899877,146.4144455,20.96119774,4695.308294,24.79898206,3.692492229,827.1182594,45277.99873,-28568.18454,-6399273.337,17438.29689,-3123.650392,-699697.6879
2013,11,MOHK,4,CONTINUAL,0,2.3,494.5,49920.47655,-54417.72326,-11699810.5,49959.3314,-46045.99087,-9899888.038,116.7098132,18.99977033,4084.95062,20.95806358,3.855355584,828.9014505,43734.75496,-25578.43356,-5499363.215,17789.16851,-3254.579467,-699734.5853
2013,11,NAPL,3,CONTROL,0,8,1792,49718.95121,-56248.99107,-12599774,49772.89751,-44195.84481,-9899869.238,118.419735,19.22953138,4307.41503,25.03675675,4.583729224,1026.755346,45277.67826,-28568.68715,-6399385.922,17438.28834,-3123.692092,-699707.0285
2013,11,NAPL,9,ANNUAL,0,8,1792,49718.99559,-56248.95201,-12599765.25,49772.91914,-44195.82055,-9899863.804,124.4142019,18.58383218,4162.778409,17.4705925,3.458358755,774.672361,45277.71832,-28568.62477,-6399371.95,17438.2791,-3123.742767,-699718.3799
2013,11,NAPL,10,CONTINUAL,0,7.5,1612.5,49920.62938,-54417.58372,-11699780.5,49959.42954,-46045.8849,-9899865.254,136.1194517,18.38553148,3952.889268,41.3882753,4.944792764,1063.130444,43734.45532,-25578.94217,-5499472.566,17789.20693,-3254.381845,-699692.0967
2014,2,AQUE,4,CONTROL,0,3.2,716.8,49718.63407,-56249.27009,-12599836.5,49772.90362,-44195.83797,-9899867.704,155.3235179,15.04611835,3370.330509,23.03064275,2.955283337,661.9834675,45277.306,-28569.27755,-6399518.17,17438.22205,-3124.060728,-699789.603
2014,2,AQUE,7,ANNUAL,0,3.5,784,49718.62139,-56249.28125,-12599839,49773.01401,-44195.71427,-9899839.996,73.09952121,9.731431157,2179.840579,18.68273608,2.122771848,475.500894,45276.87234,-28569.95589,-6399670.12,17438.17331,-3124.328661,-699849.6202
2014,2,AQUE,8,CONTINUAL,0,3.5,752.5,49920.27912,-54417.90349,-11699849.25,49959.49089,-46045.81866,-9899851.013,150.9056442,17.83511635,3834.550014,68.69283533,7.14509247,1536.194881,43734.22753,-25579.33021,-5499555.996,17789.19537,-3254.448475,-699706.422
2014,2,CARP,7,CONTROL,0,2.7,604.8,49718.71662,-56249.19754,-12599820.25,49772.94756,-44195.78873,-9899856.675,121.1912499,11.36905791,2546.668971,84.64003336,6.897652236,1545.074101,45276.8959,-28569.92005,-6399662.091,17438.22691,-3124.040485,-699785.0687
2014,2,CARP,9,ANNUAL,0,2.8,627.2,49718.55164,-56249.34263,-12599852.75,49772.88509,-44195.85874,-9899872.358,67.1738198,8.455740961,1894.085975,45.7596855,5.037946643,1128.500048,45276.69569,-28570.23424,-6399732.47,17438.18626,-3124.257798,-699833.7467
2014,2,CARP,10,CONTINUAL,0,2.8,602,49920.36197,-54417.82791,-11699833,49959.51544,-46045.79217,-9899845.317,128.0541697,13.9865288,3007.103692,90.52237457,9.113510262,1959.404706,43734.02987,-25579.66548,-5499628.077,17789.15739,-3254.648666,-699749.4633
2014,2,IVEE,3,CONTROL,0,4.8,1075.2,49718.62775,-56249.27567,-12599837.75,49772.91582,-44195.82429,-9899864.642,780.069405,56.49762821,12655.46872,103.5527162,8.970422204,2009.374574,45280.79764,-28563.9408,-6398322.739,17438.48429,-3122.717424,-699488.703
2014,2,IVEE,4,ANNUAL,0,5,1120,49718.51992,-56249.37054,-12599859,49772.92694,-44195.81183,-9899861.85,583.9491565,41.45771538,9286.528245,76.03657621,5.746401007,1287.193826,45279.56523,-28565.80661,-6398740.68,17438.37909,-3123.249374,-699607.8597
2014,2,MOHK,2,CONTROL,0,2.7,604.8,49718.71652,-56249.19754,-12599820.25,49772.86268,-44195.88385,-9899877.983,147.9347378,14.67129006,3286.368973,26.25110301,3.527538255,790.1685691,45277.3484,-28569.2101,-6399503.062,17438.20894,-3124.132697,-699805.7242
2014,2,MOHK,3,ANNUAL,0,2.8,627.2,49718.74823,-56249.16964,-12599814,49772.85561,-44195.89178,-9899879.758,257.5475482,26.4117972,5916.242573,33.80853247,3.944610864,883.5928336,45278.36881,-28567.61345,-6399145.412,17438.27405,-3123.778945,-699726.4837
2014,2,MOHK,4,CONTINUAL,0,2.5,537.5,49920.42561,-54417.76977,-11699820.5,49959.33919,-46045.98246,-9899886.229,111.9571025,17.15992889,3689.384711,15.96230255,2.927657133,629.4462836,43734.60282,-25578.6919,-5499418.758,17789.13514,-3254.759731,-699773.3422
2014,2,NAPL,3,CONTROL,0,8,1792,49719.16692,-56248.80134,-12599731.5,49772.88729,-44195.85627,-9899871.804,177.2748652,25.54222476,5721.458346,35.18642485,5.982904822,1340.17068,45278.10687,-28568.01568,-6399235.513,17438.36012,-3123.30001,-699619.2022
2014,2,NAPL,9,ANNUAL,0,8,1792,49719.1098,-56248.85156,-12599742.75,49772.89865,-44195.84353,-9899868.95,176.8122494,22.97195331,5145.717541,26.45591717,4.584498996,1026.927775,45278.06245,-28568.08653,-6399251.382,17438.30828,-3123.584003,-699682.8166
2014,2,NAPL,10,CONTINUAL,0,8,1720,49920.91607,-54417.32209,-11699724.25,49959.38524,-46045.93273,-9899875.538,83.45180154,15.9547396,3430.269014,23.25706329,4.248595309,913.4479914,43734.50905,-25578.84986,-5499452.72,17789.20371,-3254.392677,-699694.4256
2014,5,AQUE,4,CONTROL,0,2.3,515.2,49718.69749,-56249.21429,-12599824,49772.89722,-44195.84515,-9899869.313,68.33141317,9.601660678,2150.771992,13.38623121,1.862454349,417.1897741,45276.82625,-28570.02858,-6399686.403,17438.15429,-3124.432504,-699872.8808
2014,5,AQUE,7,ANNUAL,0,2.3,515.2,49718.67846,-56249.23103,-12599827.75,49772.91113,-44195.82956,-9899865.821,64.1070993,8.612305199,1929.156365,9.396157407,1.438276058,322.173837,45276.76708,-28570.1219,-6399707.306,17438.15175,-3124.446168,-699875.9417
2014,5,AQUE,8,CONTINUAL,0,2.5,537.5,49920.33644,-54417.85116,-11699838,49959.43156,-46045.88271,-9899864.783,101.9439867,12.52912724,2693.762357,39.74946528,4.361933823,937.8157719,43733.94112,-25579.81542,-5499660.315,17789.10929,-3254.904872,-699804.5475
2014,5,CARP,7,CONTROL,0,4,896,49718.79913,-56249.125,-12599804,49773.0379,-44195.68748,-9899833.996,158.9119266,14.32682166,3209.208053,112.0683389,9.22417157,2066.214432,45277.10106,-28569.59805,-6399589.964,17438.2707,-3123.805748,-699732.4875
2014,5,CARP,9,ANNUAL,0,4,896,49718.53261,-56249.35938,-12599856.5,49772.93529,-44195.80247,-9899859.754,115.2888483,9.655396921,2162.80891,81.66852582,6.521296941,1460.770515,45276.73722,-28570.17002,-6399718.085,17438.19514,-3124.214769,-699824.1083
2014,5,CARP,10,CONTINUAL,0,4,860,49920.43845,-54417.75814,-11699818,49959.60567,-46045.69479,-9899824.379,151.4460918,15.59391774,3352.692314,106.4436303,10.00202046,2150.434399,43734.18272,-25579.40671,-5499572.442,17789.1962,-3254.443867,-699705.4314
2014,5,IVEE,3,CONTROL,0,2.8,627.2,49718.69115,-56249.21987,-12599825.25,49772.9513,-44195.78452,-9899855.733,818.9567157,60.18620686,13481.71034,111.4111551,9.821711941,2200.063475,45281.10976,-28563.46649,-6398216.493,17438.50607,-3122.609336,-699464.4914
2014,5,IVEE,4,ANNUAL,0,3.2,716.8,49719.08466,-56248.87388,-12599747.75,49772.83685,-44195.91282,-9899884.471,72.6060977,8.711601384,1951.39871,8.741769278,1.305377231,292.4044998,45276.69754,-28570.23128,-6399731.808,17438.13834,-3124.520749,-699892.6477
2014,5,MOHK,2,CONTROL,0,1.6,358.4,49718.79263,-56249.13058,-12599805.25,49772.91127,-44195.82939,-9899865.783,265.4106392,22.31796848,4999.224941,36.1477219,3.99311851,894.4585463,45277.99582,-28568.203,-6399277.471,17438.24379,-3123.947767,-699764.2999
2014,5,MOHK,3,ANNUAL,0,2,448,49718.84339,-56249.08594,-12599795.25,49772.98221,-44195.74991,-9899847.979,151.301621,25.57453836,5728.696592,39.75565364,6.025815259,1349.782618,45277.76861,-28568.54475,-6399354.024,17438.25833,-3123.858143,-699744.2241
2014,5,MOHK,4,CONTINUAL,0,2,430,49920.39374,-54417.79884,-11699826.75,49959.3669,-46045.95254,-9899879.796,119.6124277,22.3064522,4795.887223,24.97415353,4.575281672,983.6855595,43734.94657,-25578.10755,-5499293.123,17789.18921,-3254.467166,-699710.4406
2014,5,NAPL,3,CONTROL,0,5,1120,49719.12881,-56248.83482,-12599739,49772.8798,-44195.86466,-9899873.683,249.495575,30.26503139,6779.367031,38.03711768,5.548566404,1242.878875,45278.48501,-28567.42802,-6399103.876,17438.34849,-3123.367241,-699634.262
2014,5,NAPL,9,ANNUAL,0,5,1120,49719.33822,-56248.65067,-12599697.75,49772.85127,-44195.89665,-9899880.85,126.5461385,19.05130826,4267.493051,19.41448819,3.341038302,748.3925797,45277.54751,-28568.89268,-6399431.961,17438.26095,-3123.842779,-699740.7824
2014,5,NAPL,10,CONTINUAL,0,5,1075,49920.82046,-54417.4093,-11699743,49959.36545,-46045.95411,-9899880.133,82.5030873,16.07003182,3455.05684,12.86719008,2.856358064,614.1169837,43734.35918,-25579.10417,-5499507.397,17789.12788,-3254.797388,-699781.4383
2014,8,AQUE,4,CONTROL,0,3.5,784,49718.8244,-56249.10268,-12599799,49772.8709,-44195.87465,-9899875.921,122.2760345,14.68203257,3288.775296,14.18722167,1.993116643,446.458128,45277.14198,-28569.53262,-6399575.306,17438.18033,-3124.289225,-699840.7863
2014,8,AQUE,7,ANNUAL,0,2.1,470.4,49718.61504,-56249.28683,-12599840.25,49772.91972,-44195.81992,-9899863.663,69.22968191,8.681918569,1944.74976,12.69039204,1.680457837,376.4225554,45276.82167,-28570.03595,-6399688.052,17438.14704,-3124.472912,-699881.9323
2014,8,AQUE,8,CONTINUAL,0,3,645,49920.2409,-54417.93837,-11699856.75,49959.4594,-46045.85266,-9899858.321,63.49738521,8.278687911,1779.917901,18.92002835,2.372626439,510.1146843,43733.71477,-25580.19945,-5499742.882,17789.04979,-3255.222354,-699872.8061
2014,8,CARP,7,CONTROL,0,2.2,492.8,49718.76729,-56249.1529,-12599810.25,49773.03979,-44195.68536,-9899833.521,181.405288,17.0299065,3814.699057,127.928187,10.49616738,2351.141493,45277.2419,-28569.37707,-6399540.463,17438.2994,-3123.65255,-699698.1711
2014,8,CARP,9,ANNUAL,0,2.4,537.6,49718.76728,-56249.1529,-12599810.25,49772.96399,-44195.77033,-9899852.554,207.7231077,18.01742345,4035.902852,146.4675889,10.82358468,2424.482969,45277.23882,-28569.38345,-6399541.892,17438.28551,-3123.736992,-699717.0863
2014,8,CARP,10,CONTINUAL,0,2.2,473,49920.44482,-54417.75233,-11699816.75,49959.73142,-46045.55905,-9899795.196,333.8944654,29.79347835,6405.597846,236.6992315,20.15368615,4333.042523,43735.00415,-25578.02494,-5499275.362,17789.39985,-3253.407682,-699482.6515
2014,8,IVEE,3,CONTROL,0,3.5,784,49718.6214,-56249.28125,-12599839,49772.92382,-44195.81533,-9899862.633,813.8516317,58.02162847,12996.84478,106.8706043,8.760622477,1962.379435,45280.95247,-28563.7124,-6398271.577,17438.48439,-3122.727258,-699490.9059
2014,8,IVEE,4,ANNUAL,0,3.2,716.8,49718.95764,-56248.98549,-12599772.75,49772.94177,-44195.7952,-9899858.125,277.3805661,27.7491868,6215.817844,41.11116455,5.03544767,1127.940278,45278.36104,-28567.62882,-6399148.856,17438.31502,-3123.558532,-699677.1112
2014,8,MOHK,2,CONTROL,0,2.3,515.2,49718.79262,-56249.13058,-12599805.25,49772.94793,-44195.7883,-9899856.579,564.9894017,41.72963088,9347.437317,73.53563883,5.820726647,1303.842769,45279.6758,-28565.62575,-6398700.168,17438.36682,-3123.312893,-699622.088
2014,8,MOHK,3,ANNUAL,0,3,672,49719.10351,-56248.85714,-12599744,49772.92844,-44195.81014,-9899861.471,140.9358588,23.47438848,5258.263019,20.789862,3.950761283,884.9705275,45278.17812,-28567.90079,-6399209.778,17438.27467,-3123.76753,-699723.9267
2014,8,MOHK,4,CONTINUAL,0,3,645,49920.56571,-54417.64186,-11699793,49959.42689,-46045.88775,-9899865.867,13564.83133,945.8452301,203356.7245,3459.057869,239.8371861,51564.99502,43734.76118,-25578.42223,-5499360.779,18039.67109,-3064.753202,-658921.9384
2014,8,NAPL,3,CONTROL,0,6.1,1366.4,49719.04635,-56248.90737,-12599755.25,49772.90843,-44195.83257,-9899866.496,233.397754,28.11714134,6298.239659,60.23581219,6.743631073,1510.57336,45278.22771,-28567.82842,-6399193.566,17438.3897,-3123.15979,-699587.7929
2014,8,NAPL,9,ANNUAL,0,6,1344,49719.03998,-56248.91295,-12599756.5,49772.86066,-44195.88612,-9899878.492,230.7154714,26.02174211,5828.870232,30.71732452,4.164426894,932.8316243,45278.29279,-28567.72943,-6399171.392,17438.3077,-3123.589954,-699684.1498
2014,8,NAPL,10,CONTINUAL,0,6,1290,49920.69941,-54417.51977,-11699766.75,49959.36293,-46045.95682,-9899880.717,89.28244447,15.25028321,3278.81089,18.64244942,3.031706189,651.8168306,43734.28611,-25579.22863,-5499534.156,17789.1437,-3254.712973,-699763.2891
2015,2,CARP,7,CONTROL,0,1.8,403.2,49718.58336,-56249.31473,-12599846.5,49773.06481,-44195.65733,-9899827.242,189.0276581,17.06808476,3823.250985,133.4229502,11.26885341,2524.223163,45277.2601,-28569.3489,-6399534.154,17438.31446,-3123.571963,-699680.1197
2015,2,CARP,9,ANNUAL,0,1.8,403.2,49718.53895,-56249.35379,-12599855.25,49772.93504,-44195.80275,-9899859.817,139.0101361,11.83170223,2650.3013,98.56274993,7.990411367,1789.852146,45276.86904,-28569.96302,-6399671.717,17438.22386,-3124.060222,-699789.4898
2015,2,CARP,10,CONTINUAL,0,2,430,49920.32374,-54417.86279,-11699840.5,49959.56901,-46045.73436,-9899832.888,86.79617803,10.88174922,2339.576082,54.98809213,6.129017977,1317.738865,43733.93478,-25579.82616,-5499662.623,17789.14149,-3254.731414,-699767.2539
2015,2,IVEE,3,CONTROL,0,2,448,49718.59602,-56249.30357,-12599844,49772.82842,-44195.92227,-9899886.588,144.6015285,10.64114492,2383.616462,18.88116857,1.632816298,365.7508507,45276.99757,-28569.76328,-6399626.975,17438.14037,-3124.512046,-699890.6983
2015,2,IVEE,4,ANNUAL,0,2,448,49718.54528,-56249.34821,-12599854,49772.83212,-44195.91812,-9899885.658,207.1897244,17.00035325,3808.079128,27.87813448,2.8847556,646.1852545,45277.51256,-28568.95731,-6399446.436,17438.20865,-3124.137704,-699806.8458
2015,2,MOHK,2,CONTROL,0,2.4,537.6,49718.80533,-56249.11942,-12599802.75,49772.90873,-44195.83224,-9899866.421,385.9754837,31.9653541,7160.239319,51.13599301,5.28754649,1184.410414,45278.85332,-28566.87331,-6398979.622,17438.32637,-3123.50506,-699665.1335
2015,2,MOHK,3,ANNUAL,0,2.3,515.2,49718.96394,-56248.97991,-12599771.5,49772.87036,-44195.87524,-9899876.054,163.3352885,22.93399013,5137.213789,23.84298292,3.951453443,885.1255712,45278.20327,-28567.86338,-6399201.397,17438.3002,-3123.628826,-699692.857
2015,2,MOHK,4,CONTINUAL,0,2.4,516,49920.553,-54417.65349,-11699795.5,49959.37953,-46045.9389,-9899876.863,79.56064664,14.10376606,3032.309704,12.9060854,2.729658589,586.8765966,43734.3866,-25579.05789,-5499497.446,17789.1274,-3254.80063,-699782.1354
2015,2,NAPL,3,CONTROL,0,6.9,1545.6,49718.92583,-56249.01339,-12599779,49772.87362,-44195.8716,-9899875.238,66.56755035,10.52970992,2358.655021,19.92288667,2.852466365,638.9524657,45276.93594,-28569.85535,-6399647.599,17438.19723,-3124.195455,-699819.7818
2015,2,NAPL,9,ANNUAL,0,7.5,1680,49718.81801,-56249.10826,-12599800.25,49772.87784,-44195.86685,-9899874.175,70.13339772,10.56358975,2366.244105,12.140418,2.373730218,531.7155688,45277.02211,-28569.7199,-6399617.258,17438.1891,-3124.238913,-699829.5166
2015,2,NAPL,10,CONTINUAL,0,7.5,1612.5,49920.52111,-54417.68256,-11699801.75,49959.41636,-46045.89913,-9899868.313,43.31016339,10.14690281,2181.584105,12.3705029,2.740831767,589.2788299,43733.8911,-25579.89898,-5499678.28,17789.09918,-3254.952475,-699814.7822
2015,3,AQUE,4,CONTROL,0,4.5,1008,49718.61504,-56249.28683,-12599840.25,49772.84241,-44195.90658,-9899883.075,116.6752324,11.00039719,2464.08897,15.92426913,2.005639809,449.2633171,45277.01477,-28569.734,-6399620.416,17438.15465,-3124.431364,-699872.6256
2015,3,AQUE,7,ANNUAL,0,3.8,851.2,49718.63407,-56249.27009,-12599836.5,49772.87422,-44195.87093,-9899875.088,15.95784697,3.232293583,724.0337626,3.318775771,0.635930291,142.4483852,45276.38314,-28570.72654,-6399842.746,17438.09504,-3124.759892,-699946.2158
2015,3,AQUE,8,CONTINUAL,0,4.5,967.5,49920.25364,-54417.92674,-11699854.25,49959.40794,-46045.90822,-9899870.267,56.1812449,8.007664617,1721.647893,20.16679527,2.47915743,533.0188474,43733.69427,-25580.23405,-5499750.322,17789.05212,-3255.209567,-699870.0569
2015,5,AQUE,4,CONTROL,0,2.7,604.8,49718.65944,-56249.24777,-12599831.5,49772.84886,-44195.89935,-9899881.454,292.473289,24.3906003,5463.494467,38.17038708,3.558476259,797.0986819,45278.08563,-28568.06573,-6399246.723,17438.24066,-3123.967722,-699768.7698
2015,5,AQUE,7,ANNUAL,0,2.4,537.6,49718.70384,-56249.20871,-12599822.75,49772.82737,-44195.92344,-9899886.85,44.14680486,5.470590448,1225.41226,4.343174023,0.674766646,151.1477287,45276.5161,-28570.51704,-6399795.816,17438.10219,-3124.72047,-699937.3852
2015,5,AQUE,8,CONTINUAL,0,2.5,537.5,49920.29185,-54417.89186,-11699846.75,49959.34477,-46045.97643,-9899884.933,48.66220146,7.819306886,1681.15098,9.326998465,1.328825763,285.697539,43733.684,-25580.25142,-5499754.055,17789.02445,-3255.358223,-699902.018
2015,5,CARP,7,CONTROL,0,3,672,49718.81808,-56249.10826,-12599800.25,49772.98483,-44195.74697,-9899847.321,111.5159156,16.13813079,3614.941296,61.08798849,7.772394315,1741.016327,45277.4022,-28569.12299,-6399483.551,17438.34917,-3123.375849,-699636.1902
2015,5,CARP,9,ANNUAL,0,2.5,560,49718.79266,-56249.13058,-12599805.25,49772.8322,-44195.91802,-9899885.638,70.98509846,10.28840725,2304.603224,27.43157127,3.225493396,722.5105206,45276.81824,-28570.04094,-6399689.171,17438.17238,-3124.333153,-699850.6263
2015,5,CARP,10,CONTINUAL,0,2.8,602,49920.29825,-54417.88605,-11699845.5,49959.60859,-46045.69167,-9899823.708,143.4990057,17.1777471,3693.215626,83.03333706,9.091501799,1954.672887,43734.4885,-25578.88963,-5499461.27,17789.30577,-3253.871599,-699582.3938
2015,5,IVEE,3,CONTROL,0,1,224,49718.81177,-56249.11384,-12599801.5,49772.7986,-44195.95569,-9899894.075,183.4582834,18.6458079,4176.660969,21.97645157,2.438432234,546.2088205,45277.44725,-28569.05579,-6399468.496,17438.18547,-3124.26413,-699835.1652
2015,5,IVEE,4,ANNUAL,0,1,224,49718.84976,-56249.08036,-12599794,49772.80765,-44195.94555,-9899891.804,72.00725292,9.718287476,2176.896395,9.795883694,1.517339234,339.8839884,45276.80642,-28570.05959,-6399693.347,17438.1553,-3124.427336,-699871.7232
2015,5,MOHK,2,CONTROL,0,2,448,49718.74189,-56249.17522,-12599815.25,49772.91257,-44195.82794,-9899865.458,887.4261849,64.95372584,14549.63459,116.0200458,9.530108151,2134.744226,45281.66929,-28562.6184,-6398026.521,17438.54843,-3122.396737,-699416.869
2015,5,MOHK,3,ANNUAL,0,2,448,49718.9322,-56249.00781,-12599777.75,49772.83398,-44195.91603,-9899885.192,78.1681072,14.37154742,3219.226621,15.89029282,2.986611123,669.0008916,45277.42649,-28569.08275,-6399474.537,17438.24014,-3123.958644,-699766.7363
2015,5,MOHK,4,CONTINUAL,0,2,430,49920.45742,-54417.7407,-11699814.25,49959.32907,-46045.99339,-9899888.579,82.6415287,13.73376329,2952.759107,14.40766776,2.71556197,583.8458236,43734.34371,-25579.13104,-5499513.174,17789.10947,-3254.898057,-699803.0822
2015,5,NAPL,3,CONTROL,0,2.5,560,49719.25569,-56248.72321,-12599714,49772.85176,-44195.89609,-9899880.725,144.3690278,21.53048795,4822.829302,22.82394594,3.950806199,884.9805885,45277.84286,-28568.42947,-6399328.202,17438.27798,-3123.749722,-699719.9376
2015,5,NAPL,9,ANNUAL,0,2.2,492.8,49719.56049,-56248.45536,-12599654,49772.83657,-44195.91313,-9899884.542,187.4221334,22.55559801,5052.453955,19.92635703,3.325934295,745.0092821,45277.71102,-28568.63714,-6399374.72,17438.26762,-3123.809218,-699733.2648
2015,5,NAPL,10,CONTINUAL,0,2.1,451.5,49920.99887,-54417.24651,-11699708,49959.35051,-46045.97023,-9899883.6,109.7526947,20.46704995,4400.415739,16.7414523,3.297426802,708.9467624,43734.70945,-25578.50982,-5499379.611,17789.15773,-3254.637024,-699746.9601
2015,8,AQUE,4,CONTROL,0,2,448,49718.62138,-56249.28125,-12599839,49772.83788,-44195.91166,-9899884.213,369.4793426,26.99531435,6046.950415,48.08919887,3.864727538,865.6989685,45278.33237,-28567.69146,-6399162.887,17438.24696,-3123.942614,-699763.1455
2015,8,AQUE,7,ANNUAL,0,1.5,336,49718.6531,-56249.25335,-12599832.75,49772.85593,-44195.89142,-9899879.679,79.16784364,8.993639953,2014.575349,11.32173215,1.536956335,344.278219,45276.86322,-28569.97091,-6399673.485,17438.13565,-3124.535617,-699895.9783
2015,8,AQUE,8,CONTINUAL,0,2.1,451.5,49920.26001,-54417.92093,-11699853,49959.36616,-46045.95333,-9899879.967,37.73146025,6.639786249,1427.554044,7.122609657,1.251528443,269.0786153,43733.62826,-25580.34613,-5499774.418,17789.01614,-3255.40302,-699911.6492
2015,8,CARP,7,CONTROL,0,3.2,716.8,49718.80534,-56249.11942,-12599802.75,49773.11101,-44195.60556,-9899815.646,288.4969705,28.61686965,6410.178803,203.7163195,17.34015521,3884.194767,45278.00139,-28568.18707,-6399273.904,17438.46,-3122.803038,-699507.8805
2015,8,CARP,9,ANNUAL,0,3,672,49718.63407,-56249.27009,-12599836.5,49772.97979,-44195.75262,-9899848.588,288.2109933,25.14569548,5632.635788,202.0050743,14.75713304,3305.597802,45277.73887,-28568.6012,-6399366.67,17438.37468,-3123.273568,-699613.2792
2015,8,CARP,10,CONTINUAL,0,2.8,602,49920.38107,-54417.81047,-11699829.25,49959.83968,-46045.44227,-9899770.088,499.7516361,43.83708134,9424.972489,354.4221142,30.0275563,6455.924604,43735.84815,-25576.61412,-5498972.035,17789.62314,-3252.307253,-699246.0593
2015,8,IVEE,3,CONTROL,0,0.9,201.6,49718.6531,-56249.25335,-12599832.75,49772.83416,-44195.91583,-9899885.146,132.9900474,11.4102131,2555.887734,17.57936651,1.77277787,397.1022429,45277.01925,-28569.72807,-6399619.088,17438.14221,-3124.501184,-699888.2653
2015,8,IVEE,4,ANNUAL,0,1,224,49718.57699,-56249.32031,-12599847.75,49772.93069,-44195.80765,-9899860.913,31.56365005,6.247871886,1399.523302,5.47448471,1.099562448,246.3019884,45276.65278,-28570.30142,-6399747.518,17438.12402,-3124.599312,-699910.246
2015,8,MOHK,2,CONTROL,0,2.5,560,49718.67213,-56249.23661,-12599829,49772.91923,-44195.82046,-9899863.783,640.699148,46.72403633,10466.18414,83.90087433,7.15327199,1602.332926,45280.06816,-28565.03355,-6398567.516,17438.4093,-3123.094794,-699573.2338
2015,8,MOHK,3,ANNUAL,0,2.5,560,49718.88148,-56249.05246,-12599787.75,49772.90868,-44195.83229,-9899866.433,228.6812629,23.94579911,5363.859,30.46749244,3.806962963,852.7597037,45278.20343,-28567.87028,-6399202.944,17438.2656,-3123.823371,-699736.4351
2015,8,MOHK,4,CONTINUAL,0,2.2,473,49920.39375,-54417.79884,-11699826.75,49959.36851,-46045.95079,-9899879.421,72.50634089,12.96760245,2788.034528,17.19450502,3.105161123,667.6096415,43734.25212,-25579.28625,-5499546.543,17789.09496,-3254.976205,-699819.8841
2015,8,NAPL,3,CONTROL,0,4,896,49718.93853,-56249.00223,-12599776.5,49772.86874,-44195.87706,-9899876.463,321.980659,30.57015306,6847.714285,48.99668587,5.692162149,1275.044321,45278.58202,-28567.28705,-6399072.299,17438.34941,-3123.373231,-699635.6037
2015,8,NAPL,9,ANNUAL,0,3.8,851.2,49718.818,-56249.10826,-12599800.25,49772.88789,-44195.8556,-9899871.654,262.2022166,22.26209101,4986.708386,34.49175408,3.546551405,794.4275146,45278.00229,-28568.1923,-6399275.074,17438.257,-3123.874148,-699747.8091
2015,8,NAPL,10,CONTINUAL,0,3.5,752.5,49920.59752,-54417.61279,-11699786.75,49959.36304,-46045.95671,-9899880.692,35.71863693,8.137574433,1749.578503,6.678067984,1.563050574,336.0558734,43733.80237,-25580.04993,-5499710.735,17789.06249,-3255.151145,-699857.4961
2015,11,AQUE,4,CONTROL,0,2.4,537.6,49718.67213,-56249.23661,-12599829,49772.82356,-44195.92772,-9899887.808,135.9178634,12.10347757,2711.178975,17.84903215,1.865673021,417.9107566,45277.13121,-28569.55174,-6399579.591,17438.16064,-3124.399079,-699865.3937
2015,11,AQUE,7,ANNUAL,0,2.4,537.6,49718.72287,-56249.19196,-12599819,49772.8744,-44195.87072,-9899875.042,58.09396002,6.86031914,1536.711487,8.422913783,1.165957873,261.1745635,45276.71458,-28570.20459,-6399725.829,17438.12382,-3124.600742,-699910.5661
2015,11,AQUE,8,CONTINUAL,0,2.4,516,49920.381,-54417.81047,-11699829.25,49959.44827,-46045.86469,-9899860.908,34.99301097,6.866987024,1476.40221,11.221765,1.752773128,376.8462225,43733.68151,-25580.25542,-5499754.915,17789.03402,-3255.306188,-699890.8305
2015,11,CARP,7,CONTROL,0,8.5,1904,49718.76094,-56249.15848,-12599811.5,49773.0127,-44195.7157,-9899840.317,145.3866526,16.51161642,3698.602079,102.3770695,9.76204342,2186.697726,45277.28402,-28569.3089,-6399525.193,17438.2917,-3123.686549,-699705.787
2015,11,CARP,9,ANNUAL,0,9.5,2128,49718.74192,-56249.17522,-12599815.25,49772.9154,-44195.82478,-9899864.75,143.1910144,13.25006413,2968.014365,101.1161523,8.025615058,1797.737773,45277.01722,-28569.7295,-6399619.407,17438.2292,-3124.031383,-699783.0299
2015,11,CARP,10,CONTINUAL,0,9.5,2042.5,49920.4065,-54417.78721,-11699824.25,49959.60445,-46045.69607,-9899824.654,157.4444211,15.68917594,3373.172827,111.14229,9.898507618,2128.179138,43734.15402,-25579.45568,-5499582.97,17789.17898,-3254.537631,-699725.5908
2015,11,IVEE,3,CONTROL,0,5,1120,49718.59603,-56249.30357,-12599844,49773.09971,-44195.6183,-9899818.5,29.7426405,5.164502698,1156.848604,14.85641372,1.729657224,387.4432182,45276.55265,-28570.45928,-6399782.878,17438.12703,-3124.582754,-699906.537
2015,11,IVEE,4,ANNUAL,0,5.5,1232,49718.50089,-56249.38728,-12599862.75,49773.10895,-44195.60798,-9899816.188,39.5634224,5.609607554,1256.552092,6.419189491,1.061218352,237.7129108,45276.62906,-28570.33907,-6399755.953,17438.12269,-3124.606889,-699911.9431
2015,11,MOHK,2,CONTROL,0,9,2016,49718.7419,-56249.17522,-12599815.25,49772.81188,-44195.94081,-9899890.742,92.18558419,9.703612659,2173.609236,13.5583555,1.699321562,380.6480299,45276.97103,-28569.80159,-6399635.557,17438.16478,-3124.375165,-699860.0369
2015,11,MOHK,3,ANNUAL,0,8,1792,49718.76727,-56249.1529,-12599810.25,49772.811,-44195.9418,-9899890.963,74.54621776,11.34264267,2540.751959,12.96618278,2.248183218,503.5930408,45277.13975,-28569.53472,-6399575.777,17438.19672,-3124.198008,-699820.3538
2015,11,MOHK,4,CONTINUAL,0,8,1720,49920.28548,-54417.89767,-11699848,49959.31267,-46046.0111,-9899892.388,68.23981881,11.0073834,2366.58743,14.90033214,2.511988625,540.0775544,43733.79897,-25580.05661,-5499712.171,17789.10975,-3254.898258,-699803.1255
2015,11,NAPL,3,CONTROL,0,7,1568,49718.90056,-56249.03571,-12599784,49772.89175,-44195.85126,-9899870.683,194.5259444,20.94480822,4691.637042,36.62599097,4.854406249,1087.387,45277.82248,-28568.46673,-6399336.548,17438.28088,-3123.737462,-699717.1915
2015,11,NAPL,9,ANNUAL,0,7,1568,49718.8689,-56249.06362,-12599790.25,49772.87363,-44195.87158,-9899875.233,165.4752361,17.43960209,3906.470869,24.22061357,3.620520186,810.9965217,45277.57158,-28568.85964,-6399424.558,17438.24093,-3123.955689,-699766.0743
2015,11,NAPL,10,CONTINUAL,0,7.5,1612.5,49920.60405,-54417.60698,-11699785.5,49959.37698,-46045.94165,-9899877.454,80.53471128,13.08420462,2813.103993,27.09228211,3.966096131,852.7106682,43734.12804,-25579.49683,-5499591.819,17789.15473,-3254.655698,-699750.9751
2016,2,AQUE,4,CONTROL,0,3.5,784,49718.79263,-56249.13058,-12599805.25,49772.82628,-44195.92467,-9899887.125,26.96003617,5.552149848,1243.681566,6.210410094,1.289606224,288.8717942,45276.5426,-28570.47511,-6399786.425,17438.15345,-3124.436973,-699873.8819
2016,2,AQUE,7,ANNUAL,0,3.5,784,49718.6975,-56249.21429,-12599824,49772.83091,-44195.91948,-9899885.963,52.99077304,6.84340934,1532.923692,8.378673535,1.360692835,304.795195,45276.72755,-28570.18395,-6399721.204,17438.13298,-3124.549838,-699899.1636
2016,2,AQUE,8,CONTINUAL,0,4,860,49920.29822,-54417.88605,-11699845.5,49959.41453,-46045.9011,-9899868.738,44.77387147,8.805298081,1893.139087,24.86383777,3.278945736,704.9733332,43733.78882,-25580.07302,-5499715.699,17789.06299,-3255.149156,-699857.0685
2016,2,CARP,7,CONTROL,0,2.7,604.8,49718.60238,-56249.29799,-12599842.75,49773.10696,-44195.6101,-9899816.663,379.0154771,31.13557369,6974.368507,268.508353,21.2008731,4748.995575,45278.13043,-28567.99325,-6399230.488,17438.51392,-3122.553827,-699452.0573
2016,2,CARP,9,ANNUAL,0,2.9,649.6,49718.52626,-56249.36496,-12599857.75,49773.00886,-44195.72005,-9899841.292,339.0375537,25.95695272,5814.357409,240.3656625,17.67964232,3960.239879,45277.74256,-28568.6003,-6399366.468,17438.4274,-3123.008673,-699553.9427
2016,2,CARP,10,CONTINUAL,0,2.9,623.5,49920.29188,-54417.89186,-11699846.75,49959.67128,-46045.62395,-9899809.15,305.9614173,28.28827776,6081.979719,217.4091013,19.61264518,4216.718714,43734.87404,-25578.24339,-5499322.328,17789.3715,-3253.549422,-699513.1257
2016,2,IVEE,3,CONTROL,0,2.2,492.8,49718.55162,-56249.34263,-12599852.75,49772.92845,-44195.81014,-9899861.471,62.15756979,8.716604622,1952.519435,22.39835028,2.671491156,598.4140189,45276.80912,-28570.05557,-6399692.447,17438.15388,-3124.434747,-699873.3833
2016,2,IVEE,4,ANNUAL,0,2.3,515.2,49718.5326,-56249.35938,-12599856.5,49772.93088,-44195.80742,-9899860.863,75.92039676,9.556022212,2140.548976,13.55872552,2.070548094,463.8027731,45276.89628,-28569.91889,-6399661.83,17438.17019,-3124.344712,-699853.2155
2016,2,MOHK,2,CONTROL,0,3,672,49718.61504,-56249.28683,-12599840.25,49772.83267,-44195.9175,-9899885.521,57.31233362,7.402302193,1658.115691,40.52702795,3.915894566,877.1603828,45276.71652,-28570.20133,-6399725.098,17438.17377,-3124.32692,-699849.2301
2016,2,MOHK,3,ANNUAL,0,3.5,784,49718.64676,-56249.25893,-12599834,49772.828,-44195.92273,-9899886.692,81.90482256,10.71613054,2400.413241,13.15178005,2.18919296,490.379223,45277.06895,-28569.64666,-6399600.852,17438.16516,-3124.372042,-699859.3375
2016,2,MOHK,4,CONTINUAL,0,3,645,49920.36826,-54417.82209,-11699831.75,49959.35968,-46045.96033,-9899881.471,62.33037951,11.05069856,2375.90019,31.78765041,4.116978829,885.1504482,43734.0716,-25579.59274,-5499612.44,17789.10389,-3254.928636,-699809.6567
2016,2,NAPL,3,CONTROL,0,6.5,1456,49718.88777,-56249.04688,-12599786.5,49772.8172,-44195.93484,-9899889.404,62.56331999,10.03845435,2248.613775,29.94393772,3.479386729,779.3826272,45276.8911,-28569.9259,-6399663.401,17438.19846,-3124.189588,-699818.4676
2016,2,NAPL,9,ANNUAL,0,6.5,1456,49718.79263,-56249.13058,-12599805.25,49772.84934,-44195.89881,-9899881.333,49.78900592,8.381534764,1877.463787,15.23975783,2.346956628,525.7182848,45276.78718,-28570.08976,-6399700.106,17438.17632,-3124.309559,-699845.3413
2016,2,NAPL,10,CONTINUAL,0,7.5,1612.5,49920.43194,-54417.76395,-11699819.25,49959.32959,-46045.99283,-9899888.458,31.76738125,6.84998535,1472.74685,15.73325681,2.138452751,459.7673416,43733.68316,-25580.25265,-5499754.32,17789.05457,-3255.194493,-699866.816
2016,5,AQUE,4,CONTROL,0,3.5,784,49718.81165,-56249.11384,-12599801.5,49772.84712,-44195.9013,-9899881.892,104.0759419,12.51480698,2803.316763,18.97609084,2.602162272,582.8843489,45277.0913,-28569.61237,-6399593.171,17438.16299,-3124.384655,-699862.1628
2016,5,AQUE,7,ANNUAL,0,3.5,784,49718.70383,-56249.20871,-12599822.75,49772.90055,-44195.84141,-9899868.475,35.6999334,5.877278516,1316.510388,8.147295057,1.30140039,291.5136874,45276.62479,-28570.34571,-6399757.438,17438.11849,-3124.63003,-699917.1268
2016,5,AQUE,8,CONTINUAL,0,3.5,752.5,49920.33005,-54417.85698,-11699839.25,49959.43485,-46045.87917,-9899864.021,121.1470839,17.14752693,3686.71829,28.05059217,4.070589662,875.1767773,43734.46813,-25578.92189,-5499468.206,17789.12299,-3254.827349,-699787.88
2016,5,CARP,7,CONTROL,0,4,896,49718.85615,-56249.07478,-12599792.75,49773.09082,-44195.6282,-9899820.717,282.7296787,25.84422638,5789.106708,199.9972489,16.41916256,3677.892412,45277.81179,-28568.48572,-6399340.802,17438.43677,-3122.929697,-699536.2522
2016,5,CARP,9,ANNUAL,0,4,896,49718.86878,-56249.06362,-12599790.25,49773.0139,-44195.7144,-9899840.025,274.7075846,26.03717965,5832.328242,192.5363193,14.79755928,3314.653278,45277.76068,-28568.56537,-6399358.643,17438.39346,-3123.163449,-699588.6127
2016,5,CARP,10,CONTINUAL,0,4,860,49920.38105,-54417.81047,-11699829.25,49959.72162,-46045.56963,-9899797.471,413.6993455,39.88916461,8576.170391,294.3405138,27.24744812,5858.201345,43735.61124,-25577.00421,-5499055.905,17789.56559,-3252.56485,-699301.4427
2016,5,IVEE,3,CONTROL,0,1,224,49718.61505,-56249.28683,-12599840.25,49772.92275,-44195.81652,-9899862.9,354.2152393,28.69662327,6428.043612,46.15349984,4.060414129,909.5327649,45278.51521,-28567.39979,-6399097.553,17438.2618,-3123.858154,-699744.2266
2016,5,IVEE,4,ANNUAL,0,1,224,49718.54528,-56249.34821,-12599854,49772.85504,-44195.89243,-9899879.904,67.3156075,7.661445545,1716.163802,9.767706827,1.143922313,256.2385981,45276.8165,-28570.04444,-6399689.954,17438.13122,-3124.560635,-699901.5823
2016,5,MOHK,2,CONTROL,0,3.5,784,49718.88143,-56249.05246,-12599787.75,49772.83703,-44195.91261,-9899884.425,44.47307532,8.606045087,1927.754099,17.97380038,2.321698442,520.060451,45276.86212,-28569.97147,-6399673.609,17438.1554,-3124.425759,-699871.3701
2016,5,MOHK,3,ANNUAL,0,3.5,784,49718.83703,-56249.09152,-12599796.5,49772.84045,-44195.90878,-9899883.567,81.65486141,11.04501291,2474.082891,14.12518458,2.313856034,518.3037517,45277.14865,-28569.52141,-6399572.796,17438.17864,-3124.298451,-699842.853
2016,5,MOHK,4,CONTINUAL,0,3.5,752.5,49920.42558,-54417.76977,-11699820.5,49959.32873,-46045.99376,-9899888.658,135.2591613,14.80991871,3184.132522,22.31959374,2.88520654,620.3194061,43734.47475,-25578.91326,-5499466.351,17789.10941,-3254.903141,-699804.1753
2016,5,NAPL,3,CONTROL,0,4,896,49719.00826,-56248.94085,-12599762.75,49772.88268,-44195.86144,-9899872.963,560.2976095,48.39001362,10839.36305,79.68285229,8.762077142,1962.70528,45280.10618,-28564.94501,-6398547.683,17438.47199,-3122.73075,-699491.688
2016,5,NAPL,9,ANNUAL,0,4,896,49718.88776,-56249.04688,-12599786.5,49772.91557,-44195.82457,-9899864.704,105.35788,13.5728963,3040.328771,17.23045646,2.957306148,662.4365771,45277.27921,-28569.31613,-6399526.814,17438.218,-3124.079785,-699793.8718
2016,5,NAPL,10,CONTINUAL,0,4,860,49920.57839,-54417.63023,-11699790.5,49959.35335,-46045.96717,-9899882.942,92.17859398,14.42293276,3100.930544,14.35017713,2.590058481,556.8625733,43734.3254,-25579.16296,-5499520.035,17789.10852,-3254.9034,-699804.2309
2016,8,AQUE,4,CONTROL,0,2.6,582.4,49718.85606,-56249.07478,-12599792.75,49772.91484,-44195.82541,-9899864.892,191.4318572,17.42656488,3903.550533,25.26740793,2.734018723,612.4201941,45277.59035,-28568.83275,-6399418.536,17438.19208,-3124.227958,-699827.0625
2016,8,AQUE,7,ANNUAL,0,2.6,582.4,49718.69749,-56249.21429,-12599824,49772.99948,-44195.73054,-9899843.642,190.1397472,16.09621395,3605.551924,24.88237458,2.389463814,535.2398944,45277.46956,-28569.02316,-6399461.187,17438.18089,-3124.289987,-699840.9571
2016,8,AQUE,8,CONTINUAL,0,2.6,559,49920.28548,-54417.89767,-11699848,49959.46744,-46045.84399,-9899856.458,83.76128989,12.87568655,2768.272609,15.92260708,2.525067387,542.8894883,43734.13795,-25579.48077,-5499588.366,17789.06269,-3255.151235,-699857.5155
2016,8,CARP,7,CONTROL,0,2.3,515.2,49718.75458,-56249.16406,-12599812.75,49773.11288,-44195.60346,-9899815.175,254.4362656,28.49007137,6381.775986,170.3389254,14.61929044,3274.721057,45278.11542,-28568.00511,-6399233.144,17438.41769,-3123.018758,-699556.2018
2016,8,CARP,9,ANNUAL,0,2.8,627.2,49718.71653,-56249.19754,-12599820.25,49772.97269,-44195.76055,-9899850.363,385.2531867,36.31421282,8134.383672,100.559335,10.04626752,2250.363926,45278.95699,-28566.70742,-6398942.461,17438.36857,-3123.27914,-699614.5274
2016,8,CARP,10,CONTINUAL,0,2.5,537.5,49920.48293,-54417.71744,-11699809.25,49959.7161,-46045.57556,-9899798.746,284.5772015,30.21561443,6496.357103,199.3274209,17.68008712,3801.218731,43735.11839,-25577.82523,-5499232.424,17789.37242,-3253.531616,-699509.2975
2016,8,IVEE,3,CONTROL,0,2.3,515.2,49718.67846,-56249.23103,-12599827.75,49773.17038,-44195.53904,-9899800.746,654.6662105,60.42024707,13534.13534,171.0627419,16.80219209,3763.691028,45280.86298,-28563.77886,-6398286.464,17438.57716,-3122.19383,-699371.4178
2016,8,IVEE,4,ANNUAL,0,2.1,470.4,49718.65309,-56249.25335,-12599832.75,49772.87435,-44195.87078,-9899875.054,50.28140668,8.39404521,1880.266127,8.191464785,1.507250489,337.6241096,45276.78957,-28570.08603,-6399699.271,17438.12887,-3124.572457,-699904.2305
2016,8,MOHK,2,CONTROL,0,2.3,515.2,49718.91948,-56249.01897,-12599780.25,49772.93025,-44195.80811,-9899861.017,332.7506822,28.88659116,6470.596419,45.53301253,5.090973143,1140.377984,45278.5338,-28567.36608,-6399090.003,17438.29417,-3123.67578,-699703.3748
2016,8,MOHK,3,ANNUAL,0,3.5,784,49718.86874,-56249.06362,-12599790.25,49772.90927,-44195.83162,-9899866.283,79.08029467,12.38140533,2773.434795,14.93988463,2.616686927,586.1378716,45277.27248,-28569.32579,-6399528.978,17438.19259,-3124.220676,-699825.4314
2016,8,MOHK,4,CONTINUAL,0,2.5,537.5,49920.49562,-54417.70581,-11699806.75,49959.40664,-46045.90963,-9899870.571,80.96069907,12.13099802,2608.164575,19.78267202,3.093825382,665.1724571,43734.1754,-25579.41737,-5499574.735,17789.0823,-3255.045631,-699834.8106
2016,8,NAPL,3,CONTROL,0,7.2,1612.8,49718.83069,-56249.0971,-12599797.75,49772.8916,-44195.85143,-9899870.721,562.4033829,42.7102963,9567.106371,74.1215886,6.748262931,1511.610897,45279.65744,-28565.65375,-6398706.44,17438.38881,-3123.190618,-699594.6985
2016,8,NAPL,9,ANNUAL,0,7.5,1680,49718.89409,-56249.04129,-12599785.25,49772.86565,-44195.88052,-9899877.238,432.9778311,32.76317135,7338.950381,56.36593715,4.669507567,1045.969695,45278.88667,-28566.83202,-6398970.372,17438.31515,-3123.574552,-699680.6996
2016,8,NAPL,10,CONTINUAL,0,7.1,1526.5,49920.48288,-54417.71744,-11699809.25,49959.34736,-46045.97364,-9899884.333,227.9470668,20.70462056,4451.493421,29.89120346,3.163469386,680.1459179,43734.74837,-25578.45675,-5499368.202,17789.12271,-3254.832887,-699789.0707
2016,11,AQUE,4,CONTROL,0,2.8,627.2,49718.87507,-56249.05804,-12599789,49773.00046,-44195.72948,-9899843.404,254.2018206,21.91473776,4908.901258,33.46728955,3.415590105,765.0921836,45277.98591,-28568.21695,-6399280.597,17438.23524,-3123.993785,-699774.6079
2016,11,AQUE,7,ANNUAL,0,3,672,49718.64041,-56249.26451,-12599835.25,49773.10567,-44195.61161,-9899817,253.9882568,21.87299705,4899.551339,33.04694826,3.03764086,680.4315526,45277.97302,-28568.23724,-6399285.142,17438.21958,-3124.080658,-699794.0673
2016,11,AQUE,8,CONTINUAL,0,3,645,49920.31732,-54417.8686,-11699841.75,49959.48799,-46045.8218,-9899851.688,82.16806855,12.08881665,2599.095579,13.39857835,2.435858204,523.7095139,43734.0654,-25579.60409,-5499614.879,17789.06834,-3255.120248,-699850.8534
2016,11,CARP,7,CONTROL,0,4.5,1008,49718.6785,-56249.23103,-12599827.75,49773.12833,-44195.58614,-9899811.296,339.0347784,36.37805791,8148.684971,184.7158563,16.08403224,3602.823221,45278.78215,-28566.96677,-6399000.556,17438.46632,-3122.76283,-699498.8739
2016,11,CARP,9,ANNUAL,0,4.5,1008,49718.6658,-56249.24219,-12599830.25,49773.16342,-44195.54688,-9899802.5,578.4298994,56.81521447,12726.60804,265.9256351,22.41857244,5021.760227,45280.32586,-28564.58678,-6398467.44,17438.62546,-3121.962884,-699319.6859
2016,11,CARP,10,CONTINUAL,0,4.5,967.5,49920.41923,-54417.77558,-11699821.75,49959.76536,-46045.52236,-9899787.308,275.3638538,28.7970291,6191.361256,195.0501709,18.50286352,3978.115656,43735.00676,-25578.01433,-5499273.081,17789.37409,-3253.520867,-699506.9865
2016,11,IVEE,3,CONTROL,0,0.8,179.2,49718.55162,-56249.34263,-12599852.75,49772.8828,-44195.86131,-9899872.933,455.2831326,34.03211045,7623.19274,63.10287916,5.78470412,1295.773723,45278.93469,-28566.76191,-6398954.667,17438.30442,-3123.637893,-699694.8879
2016,11,IVEE,4,ANNUAL,0,0.6,134.4,49718.56431,-56249.33147,-12599850.25,49772.87454,-44195.87057,-9899875.008,108.7314069,11.85377239,2655.245015,14.40899682,1.763489203,395.0215815,45277.14252,-28569.53201,-6399575.171,17438.15612,-3124.423134,-699870.7821
2016,11,MOHK,2,CONTROL,0,1.5,336,49718.69749,-56249.21429,-12599824,49772.89235,-44195.8506,-9899870.533,318.6696527,25.13025008,5629.176018,42.05845656,3.989466034,893.6403916,45278.2376,-28567.8307,-6399194.076,17438.24426,-3123.950842,-699764.9886
2016,11,MOHK,3,ANNUAL,0,1.3,291.2,49718.80531,-56249.11942,-12599802.75,49772.86854,-44195.87729,-9899876.513,100.2975648,12.90740272,2891.25821,13.61348247,2.064082379,462.3544529,45277.28871,-28569.30096,-6399523.414,17438.17186,-3124.335364,-699851.1215
2016,11,MOHK,4,CONTINUAL,0,1.5,322.5,49920.36826,-54417.82209,-11699831.75,49959.45332,-46045.85924,-9899859.738,70.36921396,11.69528659,2514.486617,23.01534813,3.005910376,646.2707308,43734.13344,-25579.48783,-5499589.883,17789.08296,-3255.04159,-699833.942
2016,11,NAPL,3,CONTROL,0,5.5,1232,49718.85605,-56249.07478,-12599792.75,49772.88699,-44195.8566,-9899871.879,285.3176376,26.50596459,5937.336068,45.23012149,5.691063682,1274.798265,45278.21575,-28567.85913,-6399200.446,17438.32769,-3123.485765,-699660.8114
2016,11,NAPL,9,ANNUAL,0,6,1344,49718.8624,-56249.0692,-12599791.5,49772.86729,-44195.87868,-9899876.825,197.5923634,18.0094988,4034.127732,26.90078578,3.321077375,743.921332,45277.59571,-28568.825,-6399416.799,17438.24554,-3123.932164,-699760.8048
2016,11,NAPL,10,CONTINUAL,0,5,1075,49920.45741,-54417.7407,-11699814.25,49959.34624,-46045.97484,-9899884.592,230.083734,20.13824874,4329.723479,31.53284348,3.485387634,749.3583412,43734.68337,-25578.56768,-5499392.051,17789.12982,-3254.794629,-699780.8452
2017,2,CARP,7,CONTROL,0,2.1,470.4,49718.76098,-56249.15848,-12599811.5,49773.11225,-44195.60415,-9899815.329,330.4800361,35.78343292,8015.488975,205.6133282,18.22316788,4081.989606,45278.67371,-28567.13406,-6399038.03,17438.49716,-3122.602563,-699462.9742
2017,2,CARP,9,ANNUAL,0,2.1,470.4,49718.577,-56249.32031,-12599847.75,49773.05612,-44195.66706,-9899829.421,478.0595255,43.95762408,9846.507794,154.2518783,13.94186079,3122.976816,45279.48968,-28565.88722,-6398758.737,17438.44791,-3122.870015,-699522.8833
2017,2,CARP,10,CONTINUAL,0,2.1,451.5,49920.3492,-54417.83953,-11699835.5,49959.72632,-46045.56453,-9899796.375,351.7586134,33.4110089,7183.366913,248.8310682,22.45336717,4827.473942,43735.2285,-25577.64574,-5499193.835,17789.45835,-3253.101974,-699416.9245
2017,2,IVEE,3,CONTROL,0,1.9,425.6,49718.58968,-56249.30915,-12599845.25,49772.82993,-44195.92057,-9899886.208,236.2287619,17.9839014,4028.393914,31.20593501,2.875996174,644.223143,45277.60636,-28568.81309,-6399414.133,17438.18526,-3124.269543,-699836.3777
2017,2,IVEE,4,ANNUAL,0,2,448,49718.55162,-56249.34263,-12599852.75,49772.84329,-44195.9056,-9899882.854,118.162194,11.81078985,2645.616925,15.84654548,1.838059932,411.7254248,45277.10159,-28569.59716,-6399589.763,17438.14726,-3124.472513,-699881.8428
2017,2,MOHK,2,CONTROL,0,1.1,246.4,49718.6087,-56249.29241,-12599841.5,49772.93621,-44195.80145,-9899859.525,421.7396647,31.20178001,6989.198721,55.45391403,4.691017964,1050.788024,45278.75005,-28567.04467,-6399018.007,17438.28216,-3123.755329,-699721.1936
2017,2,MOHK,3,ANNUAL,0,1.3,291.2,49718.62772,-56249.27567,-12599837.75,49772.88111,-44195.86321,-9899873.358,216.9506044,20.87949249,4677.006318,28.42542525,3.036347273,680.1417891,45277.91242,-28568.32782,-6399305.432,17438.21562,-3124.09958,-699798.3059
2017,2,MOHK,4,CONTINUAL,0,1.1,236.5,49920.28547,-54417.89767,-11699848,49959.37251,-46045.94649,-9899878.496,66.00034142,8.584739076,1845.718901,9.613526884,1.567655714,337.0459784,43733.88772,-25579.90588,-5499679.763,17789.03265,-3255.314177,-699892.5481
2017,2,NAPL,3,CONTROL,0,2.5,560,49718.86239,-56249.0692,-12599791.5,49772.84031,-44195.90893,-9899883.6,47.2090672,7.808012752,1748.994856,14.13858965,2.541695616,569.3398179,45276.68121,-28570.25682,-6399737.528,17438.16807,-3124.355378,-699855.6047
2017,2,NAPL,9,ANNUAL,0,2.8,627.2,49718.91948,-56249.01897,-12599780.25,49772.86814,-44195.87773,-9899876.613,55.61502078,8.871075725,1987.120962,20.64132317,2.930263736,656.3790769,45276.79634,-28570.07548,-6399696.908,17438.19046,-3124.231724,-699827.9062
2017,2,NAPL,10,CONTINUAL,0,3,645,49920.55932,-54417.64767,-11699794.25,49959.39287,-46045.9245,-9899873.767,158.1579652,16.1833424,3479.418617,25.99236136,3.711926745,798.0642502,43734.35895,-25579.11051,-5499508.759,17789.12046,-3254.840765,-699790.7644
2017,3,AQUE,4,CONTROL,0,3,672,49718.58967,-56249.30915,-12599845.25,49772.94494,-44195.79169,-9899857.338,67.24495777,7.021836281,1572.891327,9.689161153,1.399525438,313.493698,45276.6717,-28570.27255,-6399741.052,17438.13115,-3124.560133,-699901.4699
2017,3,AQUE,7,ANNUAL,0,3,672,49718.58968,-56249.30915,-12599845.25,49773.01099,-44195.71767,-9899840.758,38.05915076,5.290792261,1185.137466,7.113935888,1.273261555,285.2105882,45276.5274,-28570.4993,-6399791.843,17438.11313,-3124.659658,-699923.7635
2017,3,AQUE,8,CONTINUAL,0,3,645,49920.16449,-54418.00814,-11699871.75,49959.70483,-46045.58795,-9899801.408,44.91075491,6.600519626,1419.11172,16.86216366,2.1875425,470.3216374,43733.63905,-25580.32798,-5499770.516,17789.02046,-3255.379846,-699906.6669
2017,5,AQUE,4,CONTROL,0,6.5,1456,49718.67212,-56249.23661,-12599829,49772.89344,-44195.84939,-9899870.263,198.4812262,15.96661115,3576.520899,26.15831745,2.495697402,559.0362179,45277.45241,-28569.05115,-6399467.458,17438.17824,-3124.305309,-699844.3892
2017,5,AQUE,7,ANNUAL,0,6.5,1456,49718.65309,-56249.25335,-12599832.75,49773.18002,-44195.52831,-9899798.342,33.28535986,5.060079357,1133.457776,4.679449538,0.74389572,166.6326413,45276.56427,-28570.4411,-6399778.807,17438.10658,-3124.696075,-699931.9207
2017,5,AQUE,8,CONTINUAL,0,6.5,1397.5,49920.23453,-54417.94419,-11699858,49959.90076,-46045.37653,-9899755.954,47.56382352,6.629399951,1425.320989,7.943347084,1.40610712,302.3130308,43733.69625,-25580.23082,-5499749.626,17789.01814,-3255.39232,-699909.3488
2017,5,CARP,7,CONTROL,0,-99999,-22399776,49718.73561,-56249.1808,-12599816.5,49773.2008,-44195.50495,-9899793.108,480.0709196,52.80120161,11827.46916,227.3296487,22.24366478,4982.58091,45280.04921,-28564.99781,-6398559.51,17438.639,-3121.84907,-699294.1916
2017,5,CARP,9,ANNUAL,0,2.5,560,49718.62139,-56249.28125,-12599839,49773.13174,-44195.58231,-9899810.438,287.2549444,24.36147767,5456.970999,203.3572926,15.97848831,3579.181382,45277.70102,-28568.66068,-6399379.993,17438.38907,-3123.194597,-699595.5898
2017,5,CARP,10,CONTINUAL,0,2.5,537.5,49920.40016,-54417.79302,-11699825.5,49959.86395,-46045.41601,-9899764.442,478.5505715,51.96370526,11172.19663,334.2574358,32.23313386,6930.12378,43736.02834,-25576.30329,-5498905.207,17789.65212,-3252.133084,-699208.613
2017,5,IVEE,3,CONTROL,0,2.4,537.6,49718.59602,-56249.30357,-12599844,49773.30412,-44195.38945,-9899767.238,531.768571,53.29125418,11937.24094,221.6250973,19.25978771,4314.192447,45280.11296,-28564.91313,-6398540.541,17438.5794,-3122.18184,-699368.7322
2017,5,IVEE,4,ANNUAL,0,2.5,560,49718.69117,-56249.21987,-12599825.25,49772.93699,-44195.80056,-9899859.325,394.999599,38.57791093,8641.452047,52.24517045,5.859727255,1312.578905,45279.27561,-28566.20903,-6398830.822,17438.34161,-3123.42131,-699646.3734
2017,5,MOHK,2,CONTROL,0,2.5,560,49718.61504,-56249.28683,-12599840.25,49773.02233,-44195.70495,-9899837.908,837.0773521,59.34803418,13293.95966,109.7295593,8.763723527,1963.07407,45281.15206,-28563.40886,-6398203.584,17438.48841,-3122.712369,-699487.5706
2017,5,MOHK,3,ANNUAL,0,2.5,560,49718.79896,-56249.125,-12599804,49772.86355,-44195.88289,-9899877.767,50.08477557,8.150062024,1825.613893,8.031350922,1.532796931,343.3465125,45276.87065,-28569.95828,-6399670.655,17438.1485,-3124.463819,-699879.8954
2017,5,MOHK,4,CONTINUAL,0,2.3,494.5,49920.32368,-54417.86279,-11699840.5,49959.44875,-46045.86419,-9899860.8,63.0953741,11.1659179,2400.672349,20.7766703,3.0506895,655.8982424,43734.10514,-25579.53581,-5499600.2,17789.08578,-3255.026058,-699830.6026
2017,5,NAPL,3,CONTROL,0,2.5,560,49719.26225,-56248.71763,-12599712.75,49772.98634,-44195.74526,-9899846.938,232.5788184,29.6077369,6632.133065,44.20684801,6.332868693,1418.562587,45278.23632,-28567.81413,-6399190.366,17438.33918,-3123.417922,-699645.6146
2017,5,NAPL,9,ANNUAL,0,2.5,560,49719.30022,-56248.68415,-12599705.25,49772.95804,-44195.77697,-9899854.042,169.4502495,21.37543565,4788.097586,22.52754689,3.809082013,853.234371,45277.62292,-28568.77557,-6399405.727,17438.26918,-3123.79914,-699731.0073
2017,5,NAPL,10,CONTINUAL,0,2.2,473,49920.73789,-54417.48488,-11699759.25,49959.52499,-46045.78188,-9899843.104,240.9941745,27.77728312,5972.115871,34.71882928,5.033683909,1082.24204,43734.97795,-25578.0632,-5499283.589,17789.1776,-3254.536646,-699725.3788
2017,8,AQUE,4,CONTROL,0,4,896,49718.67846,-56249.23103,-12599827.75,49772.85275,-44195.895,-9899880.479,212.7836164,15.98740617,3581.178982,27.67849551,2.261199552,506.5086997,45277.43882,-28569.07433,-6399472.65,17438.17784,-3124.308657,-699845.1391
2017,8,AQUE,7,ANNUAL,0,3.5,784,49718.69749,-56249.21429,-12599824,49773.03383,-44195.69208,-9899835.025,43.37157662,7.349260318,1646.234311,6.777599283,1.371522221,307.2209775,45276.75411,-28570.14182,-6399711.767,17438.12835,-3124.575277,-699904.8621
2017,8,AQUE,8,CONTINUAL,0,2.8,602,49920.29184,-54417.89186,-11699846.75,49959.80191,-46045.48316,-9899778.879,50.05079759,9.491284996,2040.626274,18.47422192,2.87512566,618.1520168,43733.8921,-25579.89759,-5499677.983,17789.06215,-3255.153583,-699858.0203
2017,8,CARP,7,CONTROL,0,2,448,49718.77997,-56249.14174,-12599807.75,49773.23883,-44195.46239,-9899783.575,557.9023214,57.38557573,12854.36896,295.9355555,24.82299835,5560.351631,45280.29041,-28564.63116,-6398477.38,17438.68698,-3121.639895,-699247.3365
2017,8,CARP,9,ANNUAL,0,3,672,49718.97038,-56248.97433,-12599770.25,49773.11157,-44195.60493,-9899815.504,342.4509947,42.20634419,9454.221098,191.4825973,16.10777469,3608.141531,45278.9718,-28566.665,-6398932.959,17438.50662,-3122.541777,-699449.358
2017,8,CARP,10,CONTINUAL,0,3,645,49920.52751,-54417.67674,-11699800.5,49959.74191,-46045.54771,-9899792.758,348.3192451,40.49236118,8705.857654,236.0754268,21.56097915,4635.610517,43735.81485,-25576.64886,-5498979.504,17789.49065,-3252.917202,-699377.1984
2017,8,IVEE,3,CONTROL,0,0.5,112,49718.55797,-56249.33705,-12599851.5,49773.08218,-44195.63793,-9899822.896,478.6276047,46.43236416,10400.84957,200.2023622,16.96460057,3800.070527,45279.59636,-28565.71459,-6398720.068,17438.50284,-3122.586017,-699459.2678
2017,8,IVEE,4,ANNUAL,0,0.5,112,49718.60871,-56249.29241,-12599841.5,49772.89547,-44195.8471,-9899869.75,402.9473016,32.60530722,7303.588818,53.32727034,5.050797109,1131.378552,45278.8365,-28566.90369,-6398986.427,17438.29851,-3123.661634,-699700.2059
2017,8,MOHK,2,CONTROL,0,4.3,963.2,49719.04634,-56248.90737,-12599755.25,49772.96104,-44195.7736,-9899853.288,758.3893022,57.63957723,12911.2653,99.33758579,8.655349629,1938.798317,45281.03224,-28563.56107,-6398237.679,17438.48747,-3122.693192,-699483.2751
2017,8,MOHK,3,ANNUAL,0,3.5,784,49719.26205,-56248.71763,-12599712.75,49772.87056,-44195.87502,-9899876.004,137.7269501,20.76351919,4651.028299,21.21474284,3.548976208,794.9706706,45278.06627,-28568.07829,-6399249.536,17438.26572,-3123.819691,-699735.6109
2017,8,MOHK,4,CONTINUAL,0,3.5,752.5,49920.73765,-54417.48488,-11699759.25,49959.40573,-46045.91062,-9899870.783,119.89958,19.71477415,4238.676443,22.01700132,4.207540395,904.6211849,43734.89458,-25578.19713,-5499312.383,17789.16383,-3254.605611,-699740.2064
2017,8,NAPL,3,CONTROL,0,6,1344,49718.93216,-56249.00781,-12599777.75,49772.87379,-44195.87141,-9899875.196,559.8787183,41.71452118,9344.052744,72.88813185,6.012093041,1346.708841,45279.57025,-28565.79049,-6398737.07,17438.35808,-3123.360059,-699632.6533
2017,8,NAPL,9,ANNUAL,0,6,1344,49718.97658,-56248.96875,-12599769,49772.89779,-44195.84449,-9899869.167,437.53606,37.090669,8308.309856,57.36067143,5.741292379,1286.049493,45279.13619,-28566.43907,-6398882.351,17438.35448,-3123.356604,-699631.8793
2017,8,NAPL,10,CONTINUAL,0,6,1290,49920.8014,-54417.42674,-11699746.75,49959.41444,-46045.9012,-9899868.758,273.9082825,27.75461161,5967.241496,34.69830917,4.017020789,863.6594697,43735.11862,-25577.83247,-5499233.981,17789.17285,-3254.564668,-699731.4037
2017,11,AQUE,4,CONTROL,0,3,672,49718.61504,-56249.28683,-12599840.25,49772.855,-44195.89247,-9899879.913,137.6788572,12.54815132,2810.785897,18.6219483,2.105803638,471.700015,45277.00109,-28569.75703,-6399625.574,17438.20661,-3124.146768,-699808.8761
2017,11,AQUE,7,ANNUAL,0,2.5,560,49718.63407,-56249.27009,-12599836.5,49773.07,-44195.6516,-9899825.958,60.37821574,8.180709061,1832.47883,8.17233376,1.271951764,284.9171952,45276.83642,-28570.01252,-6399682.805,17438.1326,-3124.552015,-699899.6514
2017,11,AQUE,8,CONTINUAL,0,3,645,49920.27911,-54417.90349,-11699849.25,49959.76718,-46045.52064,-9899786.938,55.30688951,9.118903628,1960.56428,20.17514361,2.597240062,558.4066133,43733.85064,-25579.96833,-5499693.192,17789.05777,-3255.177508,-699863.1642
2017,11,CARP,7,CONTROL,0,2.5,560,49718.79903,-56249.125,-12599804,49773.45662,-44195.21828,-9899728.896,457.8994971,47.57579955,10656.9791,297.1343423,24.68990857,5530.539521,45279.4908,-28565.8623,-6398753.156,17438.65493,-3121.803624,-699284.0117
2017,11,CARP,9,ANNUAL,0,2.5,560,49718.67214,-56249.23661,-12599829,49773.15374,-44195.55766,-9899804.917,364.6092052,36.40198456,8154.044542,235.9153895,18.32858491,4105.60302,45278.67851,-28567.12967,-6399037.045,17438.48396,-3122.694784,-699483.6316
2017,11,CARP,10,CONTINUAL,0,2.5,537.5,49920.46381,-54417.73488,-11699813,49959.87439,-46045.40463,-9899761.996,412.5833821,48.63020437,10455.49394,289.6464098,30.11583486,6474.904495,43736.36763,-25575.71837,-5498779.45,17789.69972,-3251.843182,-699146.284
2017,11,IVEE,3,CONTROL,0,2,448,49718.67847,-56249.23103,-12599827.75,49773.1154,-44195.60078,-9899814.575,457.7227602,43.74416651,9798.693297,295.6433055,22.48276842,5036.140125,45279.12747,-28566.43546,-6398881.543,17438.5659,-3122.293558,-699393.757
2017,11,IVEE,4,ANNUAL,0,2.2,492.8,49718.76092,-56249.15848,-12599811.5,49772.91982,-44195.81981,-9899863.638,294.7569521,30.19339949,6763.321485,60.48262884,6.801474935,1523.530385,45278.54345,-28567.34327,-6399084.893,17438.32023,-3123.528865,-699670.4658
2017,11,MOHK,2,CONTROL,0,5.5,1232,49718.71017,-56249.20313,-12599821.5,49772.93854,-44195.79883,-9899858.938,454.4797521,33.95789528,7606.568543,60.49646588,5.450295044,1220.86609,45278.94783,-28566.74107,-6398950.001,17438.31203,-3123.595222,-699685.3297
2017,11,MOHK,3,ANNUAL,0,4,896,49718.73554,-56249.1808,-12599816.5,49772.89598,-44195.84652,-9899869.621,148.1060085,19.18712732,4297.91652,20.55202428,3.051670339,683.5741559,45277.76257,-28568.5571,-6399356.791,17438.22352,-3124.051469,-699787.5291
2017,11,MOHK,4,CONTINUAL,0,6.5,1397.5,49920.27911,-54417.90349,-11699849.25,49959.43159,-46045.88269,-9899864.779,81.63517227,10.23942093,2201.4755,12.91130895,1.891476386,406.667423,43734.03649,-25579.65389,-5499625.587,17789.05272,-3255.206215,-699869.3363
2017,11,NAPL,3,CONTROL,0,6,1344,49718.86873,-56249.06362,-12599790.25,49772.91958,-44195.82007,-9899863.696,381.9257798,32.98179009,7387.920981,54.16582913,6.300874232,1411.395828,45278.73349,-28567.06131,-6399021.733,17438.38384,-3123.186431,-699593.7605
2017,11,NAPL,9,ANNUAL,0,6,1344,49718.9068,-56249.03013,-12599782.75,49772.95022,-44195.78571,-9899856,370.0069192,32.42880191,7264.051627,49.57038175,5.892318838,1319.87942,45278.66823,-28567.1616,-6399044.199,17438.38804,-3123.161787,-699588.2402
2017,11,NAPL,10,CONTINUAL,0,6.5,1397.5,49920.46378,-54417.73488,-11699813,49959.43095,-46045.88337,-9899864.925,179.322773,19.04704917,4095.115572,29.05239314,4.179467117,898.5854301,43734.57137,-25578.7514,-5499431.551,17789.16011,-3254.626807,-699744.7636
2018,2,AQUE,4,CONTROL,0,6,1344,49718.54528,-56249.34821,-12599854,49772.93321,-44195.80482,-9899860.279,71.94883283,6.664625346,1492.876078,10.23197479,1.39036654,311.4421049,45276.65998,-28570.29125,-6399745.24,17438.12515,-3124.593641,-699908.9755
2018,2,AQUE,7,ANNUAL,0,6,1344,49718.55796,-56249.33705,-12599851.5,49773.09666,-44195.62165,-9899819.25,133.9240856,14.07625646,3153.081446,30.1297146,3.43296461,768.9840726,45277.26381,-28569.34224,-6399532.662,17438.1851,-3124.263834,-699835.0987
2018,2,AQUE,8,CONTINUAL,0,5,1075,49920.27911,-54417.90349,-11699849.25,49959.7325,-46045.55795,-9899794.958,56.34513887,7.963088842,1712.064101,34.25453579,3.379698302,726.6351349,43733.74643,-25580.14542,-5499731.265,17789.05114,-3255.214305,-699871.0755
2018,2,CARP,7,CONTROL,0,1.8,403.2,49718.74829,-56249.16964,-12599814,49773.28985,-44195.40517,-9899770.758,395.7174693,37.63944481,8431.235638,278.6064501,23.47301267,5257.954837,45278.65872,-28567.16219,-6399044.33,17438.59582,-3122.109987,-699352.6372
2018,2,CARP,9,ANNUAL,0,2,448,49718.58968,-56249.30915,-12599845.25,49773.22833,-44195.47418,-9899786.217,427.6614968,32.15969714,7203.77216,303.1199017,21.68784396,4858.077048,45278.17147,-28567.93451,-6399217.33,17438.50823,-3122.615288,-699465.8244
2018,2,CARP,10,CONTINUAL,0,2,430,49920.39378,-54417.79884,-11699826.75,49959.91543,-46045.36045,-9899752.496,416.1314941,38.18651378,8210.100464,293.0825627,24.7306272,5317.084849,43735.6302,-25576.97134,-5499048.838,17789.55221,-3252.632664,-699316.0228
2018,2,IVEE,3,CONTROL,0,2,448,49718.67847,-56249.23103,-12599827.75,49773.04266,-44195.68224,-9899832.821,232.8189122,22.95060657,5140.935872,147.9651221,11.6404104,2607.451929,45277.71051,-28568.64254,-6399375.93,17438.31534,-3123.573672,-699680.5026
2018,2,IVEE,4,ANNUAL,0,2.1,470.4,49718.73555,-56249.1808,-12599816.5,49772.94936,-44195.7867,-9899856.221,207.2690263,25.67984491,5752.28526,69.49108298,7.35830493,1648.260304,45278.14934,-28567.95163,-6399221.166,17438.29832,-3123.64451,-699696.3703
2018,2,MOHK,2,CONTROL,0,3.5,784,49718.69115,-56249.21987,-12599825.25,49772.94799,-44195.78823,-9899856.563,483.8551898,36.41587092,8157.155086,63.68470773,5.683579021,1273.121701,45279.17937,-28566.38389,-6398869.991,17438.3373,-3123.460472,-699655.1458
2018,2,MOHK,3,ANNUAL,0,4.8,1075.2,49718.71017,-56249.20313,-12599821.5,49772.92119,-44195.81827,-9899863.292,194.0949448,21.81662694,4886.924434,26.38471157,3.764866005,843.3299852,45277.99714,-28568.19147,-6399274.889,17438.26115,-3123.845824,-699741.4645
2018,2,MOHK,4,CONTINUAL,0,4.5,967.5,49920.31094,-54417.87442,-11699843,49959.51551,-46045.79209,-9899845.3,82.22906413,11.44724142,2461.156905,14.58833258,2.564754453,551.4222074,43734.14861,-25579.46318,-5499584.584,17789.09161,-3254.995552,-699824.0437
2018,2,NAPL,3,CONTROL,0,8,1792,49718.85605,-56249.07478,-12599792.75,49772.95193,-44195.7838,-9899855.571,165.4535397,16.14571025,3616.639096,23.99349829,3.352226828,750.8988094,45277.41519,-28569.10629,-6399479.808,17438.21332,-3124.108793,-699800.3696
2018,2,NAPL,9,ANNUAL,0,6.5,1456,49718.90044,-56249.03571,-12599784,49773.07984,-44195.64051,-9899823.475,140.5171744,17.42678714,3903.60032,24.14291714,3.935455254,881.541977,45277.55293,-28568.88708,-6399430.706,17438.29505,-3123.659174,-699699.6551
2018,2,NAPL,10,CONTINUAL,0,7,1505,49920.43831,-54417.75814,-11699818,49959.52928,-46045.77721,-9899842.1,220.0029685,21.31050288,4581.75812,30.64452822,4.354372122,936.1900063,43734.78162,-25578.39901,-5499355.788,17789.17091,-3254.570896,-699732.7425
2018,5,AQUE,4,CONTROL,0,1.4,313.6,49718.58967,-56249.30915,-12599845.25,49772.91886,-44195.82089,-9899863.879,155.5910628,11.90040118,2665.689864,20.44684296,1.912107295,428.3120342,45277.11372,-28569.58102,-6399586.148,17438.14673,-3124.47735,-699882.9263
2018,5,AQUE,7,ANNUAL,0,1.2,268.8,49718.5326,-56249.35938,-12599856.5,49773.12011,-44195.59544,-9899813.379,258.5344662,20.58168083,4610.296507,39.52103334,3.967291164,888.6732208,45277.80789,-28568.49829,-6399343.618,17438.21588,-3124.102154,-699798.8825
2018,5,AQUE,8,CONTINUAL,0,1.2,258,49920.2409,-54417.93837,-11699856.75,49959.78307,-46045.50343,-9899783.238,61.91730329,8.599286412,1848.846579,40.13100812,4.04059434,868.7277831,43733.75579,-25580.12949,-5499727.841,17789.06012,-3255.166171,-699860.7268
2018,5,CARP,7,CONTROL,0,1.5,336,49718.82441,-56249.10268,-12599799,49773.19472,-44195.51183,-9899794.65,416.3660168,37.1043646,8311.377671,294.4704958,23.95747412,5366.474203,45278.63298,-28567.20539,-6399054.008,17438.59705,-3122.117322,-699354.28
2018,5,CARP,9,ANNUAL,0,1.1,246.4,49718.69753,-56249.21429,-12599824,49773.19991,-44195.50606,-9899793.358,445.0692538,33.37544175,7476.098952,315.3930025,22.3005187,4995.316189,45278.25314,-28567.80813,-6399189.022,17438.52172,-3122.552875,-699451.8439
2018,5,CARP,10,CONTINUAL,0,1.5,322.5,49920.45752,-54417.7407,-11699814.25,49959.85248,-46045.42841,-9899767.108,551.359483,50.73878245,10908.83823,390.0400629,34.05121991,7321.01228,43736.37947,-25575.72069,-5498779.948,17789.75838,-3251.621673,-699098.6598
2018,5,IVEE,3,CONTROL,0,4.5,1008,49718.64042,-56249.26451,-12599835.25,49773.06223,-44195.66029,-9899827.904,387.5072594,37.21353819,8335.832553,237.7520478,18.08775161,4051.656361,45278.74633,-28567.02754,-6399014.17,17438.47702,-3122.737137,-699493.1187
2018,5,IVEE,4,ANNUAL,0,4,896,49718.62773,-56249.27567,-12599837.75,49772.96059,-44195.77411,-9899853.4,478.6502436,50.662588,11348.41971,100.9719012,11.29181106,2529.365678,45280.1951,-28564.77822,-6398510.321,17438.48289,-3122.660006,-699475.8413
2018,5,MOHK,2,CONTROL,0,2,448,49718.65944,-56249.24777,-12599831.5,49772.94168,-44195.79529,-9899858.146,472.1367836,38.55590143,8636.52192,70.1509322,7.862936945,1761.297876,45279.30587,-28566.18088,-6398824.517,17438.38155,-3123.214786,-699600.112
2018,5,MOHK,3,ANNUAL,0,2.2,492.8,49718.71652,-56249.19754,-12599820.25,49772.98893,-44195.74232,-9899846.279,447.7436076,43.74823655,9799.604987,63.2545884,8.046212295,1802.351554,45279.799,-28565.39649,-6398648.815,17438.427,-3122.957065,-699542.3826
2018,5,MOHK,4,CONTINUAL,0,2,430,49920.34915,-54417.83953,-11699835.5,49959.56109,-46045.74287,-9899834.717,97.86136592,17.32618881,3725.130594,45.94352648,6.483666991,1393.988403,43734.47994,-25578.89949,-5499463.39,17789.16815,-3254.582012,-699735.1326
2018,5,NAPL,3,CONTROL,0,3,672,49718.88776,-56249.04688,-12599786.5,49772.97831,-44195.75424,-9899848.95,174.8064349,22.37907636,5012.913105,50.68676442,6.809698026,1525.372358,45277.83943,-28568.43699,-6399329.885,17438.33795,-3123.426044,-699647.4338
2018,5,NAPL,9,ANNUAL,0,2.8,627.2,49718.81799,-56249.10826,-12599800.25,49773.06717,-44195.65465,-9899826.642,188.4828763,21.23279928,4756.147038,35.7063618,5.29452286,1185.973121,45277.92229,-28568.30892,-6399301.198,17438.3223,-3123.510422,-699666.3346
2018,5,NAPL,10,CONTINUAL,0,2.6,559,49920.48927,-54417.71163,-11699808,49959.51526,-46045.79233,-9899845.35,301.5129923,28.83889422,6200.362257,46.73445129,6.417166328,1379.690761,43735.35556,-25577.43625,-5499148.793,17789.23172,-3254.249277,-699663.5946
2018,8,AQUE,4,CONTROL,0,3.5,784,49718.72286,-56249.19196,-12599819,49772.90598,-44195.83532,-9899867.113,82.53545869,8.35579675,1871.698472,12.75167965,1.813378871,406.1968671,45276.80418,-28570.06424,-6399694.39,17438.14233,-3124.498559,-699887.6772
2018,8,AQUE,7,ANNUAL,0,3.8,851.2,49718.62138,-56249.28125,-12599839,49773.20469,-44195.50067,-9899792.15,276.7910733,22.69230782,5083.076951,39.66378613,4.06581866,910.7433798,45277.98017,-28568.22942,-6399283.391,17438.23295,-3124.009046,-699778.0264
2018,8,AQUE,8,CONTINUAL,0,3.6,774,49920.32369,-54417.86279,-11699840.5,49959.76324,-46045.52477,-9899787.825,60.19777363,10.04188974,2159.006293,24.35085367,3.182322498,684.1993372,43733.89345,-25579.89552,-5499677.538,17789.06747,-3255.125111,-699851.8989
2018,8,CARP,7,CONTROL,0,3,672,49718.82435,-56249.10268,-12599799,49773.20858,-44195.49622,-9899791.154,336.8899745,33.83933731,7580.011558,237.4931481,20.949231,4692.627745,45278.44486,-28567.49274,-6399118.373,17438.55364,-3122.310573,-699397.5684
2018,8,CARP,9,ANNUAL,0,3,672,49718.7419,-56249.17522,-12599815.25,49773.29672,-44195.3976,-9899769.063,485.8982461,37.06549908,8302.671795,344.3889876,24.59733011,5509.801944,45278.52113,-28567.39146,-6399095.686,17438.58043,-3122.258208,-699385.8386
2018,8,CARP,10,CONTINUAL,0,3,645,49920.40653,-54417.78721,-11699824.25,49959.95062,-46045.32252,-9899744.342,570.8204096,50.23293645,10800.08134,404.0896751,33.90737348,7290.085298,43736.28187,-25575.88976,-5498816.299,17789.73488,-3251.76061,-699128.5311
2018,8,IVEE,3,CONTROL,0,2.3,515.2,49718.79263,-56249.13058,-12599805.25,49773.04668,-44195.67766,-9899831.796,280.8913927,30.21616068,6768.419993,175.3900993,14.64472933,3280.419369,45278.23222,-28567.82436,-6399192.657,17438.39243,-3123.160981,-699588.0597
2018,8,IVEE,4,ANNUAL,0,2.5,560,49718.85608,-56249.07478,-12599792.75,49772.95132,-44195.78449,-9899855.725,296.895466,35.01664941,7843.729469,71.2264587,8.438383995,1890.198015,45278.96473,-28566.67881,-6398936.054,17438.36687,-3123.272573,-699613.0563
2018,8,MOHK,2,CONTROL,0,2.8,627.2,49718.88146,-56249.05246,-12599787.75,49773.09756,-44195.62057,-9899819.008,576.1336659,44.38136045,9941.424742,79.57772588,8.437787745,1890.064455,45279.7594,-28565.49744,-6398671.427,17438.40035,-3123.130198,-699581.1644
2018,8,MOHK,3,ANNUAL,0,3.3,739.2,49718.87516,-56249.05804,-12599789,49772.99156,-44195.73938,-9899845.621,333.182224,29.72942311,6659.390777,45.60133588,5.320590286,1191.812224,45278.53703,-28567.36111,-6399088.888,17438.31868,-3123.540143,-699672.9921
2018,8,MOHK,4,CONTINUAL,0,3.3,709.5,49920.52751,-54417.67674,-11699800.5,49959.64827,-46045.64878,-9899814.488,72.51308308,11.74871232,2525.973149,38.22692679,5.03204855,1081.890438,43734.03717,-25579.65161,-5499625.096,17789.10391,-3254.928981,-699809.7309
2018,8,NAPL,3,CONTROL,0,8,1792,49719.0527,-56248.90179,-12599754,49773.03643,-44195.68908,-9899834.354,142.9268219,17.16909126,3845.876442,36.6300989,5.050649522,1131.345493,45277.46676,-28569.02284,-6399461.115,17438.26456,-3123.825031,-699736.8069
2018,8,NAPL,9,ANNUAL,0,6,1344,49718.95757,-56248.98549,-12599772.75,49773.19227,-44195.51449,-9899795.246,136.2030219,18.83320244,4218.637346,32.54324373,5.447837054,1220.3155,45277.63596,-28568.75568,-6399401.272,17438.32341,-3123.502506,-699664.5613
2018,8,NAPL,10,CONTINUAL,0,6.5,1397.5,49920.59119,-54417.6186,-11699788,49959.59936,-46045.70153,-9899825.829,308.3244577,29.07938877,6252.068586,46.97998798,6.246682867,1343.036816,43735.36019,-25577.42974,-5499147.395,17789.23536,-3254.230015,-699659.4532
2018,11,AQUE,4,CONTROL,0,6,1344,49718.70383,-56249.20871,-12599822.75,49772.87994,-44195.86451,-9899873.65,59.98297878,6.927457895,1551.750568,10.41224866,1.622538057,363.4485248,45276.69165,-28570.24084,-6399733.948,17438.13469,-3124.540394,-699897.0483
2018,11,AQUE,7,ANNUAL,0,5.8,1299.2,49718.6087,-56249.29241,-12599841.5,49773.10891,-44195.60794,-9899816.179,193.7790436,17.21987269,3857.251482,31.03268398,3.603307172,807.1408065,45277.48269,-28569.00276,-6399456.617,17438.20941,-3124.132263,-699805.6268
2018,11,AQUE,8,CONTINUAL,0,5.5,1182.5,49920.36826,-54417.82209,-11699831.75,49959.57124,-46045.73194,-9899832.367,40.38568828,8.137150675,1749.487395,23.08255503,3.059015703,657.6883762,43733.71017,-25580.20673,-5499744.446,17789.05585,-3255.187543,-699865.3217
2018,11,CARP,7,CONTROL,0,2.3,515.2,49718.79905,-56249.125,-12599804,49773.20744,-44195.49758,-9899791.458,399.9906189,35.212931,7887.696544,282.5303918,22.795712,5106.239489,45278.44495,-28567.49984,-6399119.965,17438.59029,-3122.144598,-699360.3899
2018,11,CARP,9,ANNUAL,0,2.3,515.2,49718.8117,-56249.11384,-12599801.5,49773.21173,-44195.4928,-9899790.388,406.8423046,31.78697261,7120.281865,288.2446965,20.74204916,4646.219012,45278.14644,-28567.97124,-6399225.557,17438.50542,-3122.616694,-699466.1394
2018,11,CARP,10,CONTINUAL,0,2.5,537.5,49920.43837,-54417.75814,-11699818,49959.84879,-46045.43246,-9899767.979,475.8220404,42.02911599,9036.259938,336.4035767,27.98335175,6016.420625,43735.75018,-25576.77648,-5499006.943,17789.6034,-3252.39509,-699264.9444
2018,11,IVEE,3,CONTROL,0,1.8,403.2,49718.79264,-56249.13058,-12599805.25,49772.96785,-44195.76603,-9899851.592,242.3423912,23.80477316,5332.269187,157.9919928,11.9547205,2677.857392,45277.73466,-28568.60496,-6399367.51,17438.33136,-3123.48952,-699661.6524
2018,11,IVEE,4,ANNUAL,0,1.8,403.2,49718.90048,-56249.03571,-12599784,49772.88419,-44195.85975,-9899872.583,153.1894677,22.70480526,5085.876379,54.64167518,6.269609542,1404.392537,45277.88038,-28568.37062,-6399315.019,17438.29944,-3123.632848,-699693.7579
2018,11,MOHK,2,CONTROL,0,2,448,49718.84337,-56249.08594,-12599795.25,49772.96691,-44195.76702,-9899851.813,183.9561726,18.14128086,4063.646912,31.3799798,4.393401859,984.1220165,45277.62851,-28568.77175,-6399404.873,17438.23379,-3123.996697,-699775.2602
2018,11,MOHK,3,ANNUAL,0,2.4,537.6,49718.74823,-56249.16964,-12599814,49772.96979,-44195.76378,-9899851.088,232.2469912,23.39776794,5241.100019,34.11544704,4.662712923,1044.447695,45277.95826,-28568.25733,-6399289.641,17438.30119,-3123.628213,-699692.7197
2018,11,MOHK,4,CONTINUAL,0,2,430,49920.40011,-54417.79302,-11699825.5,49959.59217,-46045.70936,-9899827.513,71.75401715,12.76972921,2745.49178,35.06681199,4.993978082,1073.705288,43734.17792,-25579.41222,-5499573.627,17789.11601,-3254.8631,-699795.5665
2018,11,NAPL,3,CONTROL,0,8,1792,49718.9449,-56248.99665,-12599775.25,49773.04597,-44195.67842,-9899831.967,71.18736327,13.27995825,2974.710649,31.93627167,4.540754143,1017.128928,45277.1543,-28569.51126,-6399570.521,17438.25734,-3123.862638,-699745.231
2018,11,NAPL,9,ANNUAL,0,8,1792,49718.89414,-56249.04129,-12599785.25,49773.06689,-44195.65499,-9899826.717,54.21903694,11.53998257,2584.956096,25.94549719,4.411930935,988.2725294,45277.00337,-28569.74894,-6399623.762,17438.26063,-3123.845921,-699741.4864
2018,11,NAPL,10,CONTINUAL,0,8,1720,49920.52749,-54417.67674,-11699800.5,49959.50691,-46045.80136,-9899847.292,36.23516595,9.894713136,2127.363324,18.00602339,3.625738217,779.5337166,43733.83942,-25579.98683,-5499697.169,17789.13279,-3254.770488,-699775.6549
2019,2,AQUE,4,CONTROL,0,2,448,49718.61504,-56249.28683,-12599840.25,49772.87325,-44195.87201,-9899875.329,16.45440052,3.164226683,708.786777,7.146511763,1.197657264,268.2752271,45276.3684,-28570.74978,-6399847.951,17438.09599,-3124.754627,-699945.0364
2019,2,AQUE,7,ANNUAL,0,2.1,470.4,49718.55162,-56249.34263,-12599852.75,49773.01531,-44195.7128,-9899839.667,91.48452527,9.206166544,2062.181306,19.54992792,2.395290474,536.5450662,45276.84099,-28570.00655,-6399681.468,17438.14635,-3124.476797,-699882.8026
2019,2,AQUE,8,CONTINUAL,0,2.2,473,49920.2409,-54417.93837,-11699856.75,49959.63904,-46045.6588,-9899816.642,30.51214128,6.125908577,1317.070344,18.17098932,2.642616324,568.1625096,43733.58865,-25580.41333,-5499788.866,17789.03344,-3255.309126,-699891.462
2019,2,CARP,7,CONTROL,0,3.5,784,49718.68486,-56249.22545,-12599826.5,49773.25729,-44195.4417,-9899778.942,404.920663,37.27212475,8348.955943,286.2503532,24.82572811,5560.963097,45278.515,-28567.38972,-6399095.298,17438.59611,-3122.114046,-699353.5462
2019,2,CARP,9,ANNUAL,0,3.6,806.4,49718.67853,-56249.23103,-12599827.75,49773.19399,-44195.51267,-9899794.838,387.526003,30.28895791,6784.726572,274.4652119,20.75077842,4648.174367,45277.96179,-28568.25989,-6399290.215,17438.46866,-3122.807305,-699508.8364
2019,2,CARP,10,CONTINUAL,0,4,860,49920.34285,-54417.84535,-11699836.75,49959.86891,-46045.41074,-9899763.308,473.3807139,43.06228693,9258.39169,335.2236699,29.28561045,6296.406246,43735.73584,-25576.79994,-5499011.986,17789.59192,-3252.452279,-699277.2399
2019,2,IVEE,3,CONTROL,0,1.2,268.8,49718.64676,-56249.25893,-12599834,49772.95768,-44195.77742,-9899854.142,187.3769862,17.02548073,3813.707683,130.1993993,9.756630866,2185.485314,45277.27191,-28569.33015,-6399529.955,17438.26129,-3123.864216,-699745.5844
2019,2,IVEE,4,ANNUAL,0,1.2,268.8,49718.69116,-56249.21987,-12599825.25,49772.83471,-44195.91522,-9899885.008,64.40813049,10.23322371,2292.24211,27.83637596,3.004162946,672.9324999,45276.95764,-28569.82121,-6399639.952,17438.16008,-3124.400462,-699865.7035
2019,2,MOHK,2,CONTROL,0,2.5,560,49718.63407,-56249.27009,-12599836.5,49772.96652,-44195.76749,-9899851.917,28.85973661,5.141663961,1151.732727,17.77240298,2.311747396,517.8314167,45276.49951,-28570.54311,-6399801.656,17438.14419,-3124.487781,-699885.263
2019,2,MOHK,3,ANNUAL,0,2.5,560,49718.67846,-56249.23103,-12599827.75,49772.87453,-44195.87057,-9899875.008,74.0442276,10.29428679,2305.920241,15.399272,2.562968542,574.1049533,45276.97881,-28569.78839,-6399632.6,17438.17039,-3124.342815,-699852.7906
2019,2,MOHK,4,CONTINUAL,0,2.5,537.5,49920.30459,-54417.88023,-11699844.25,49959.54725,-46045.75783,-9899837.933,66.84652813,10.88555348,2340.393999,36.44449926,4.832896741,1039.072799,43733.99386,-25579.72507,-5499640.89,17789.10112,-3254.944068,-699812.9745
2019,2,NAPL,3,CONTROL,0,1.6,358.4,49718.84972,-56249.08036,-12599794,49772.89306,-44195.8498,-9899870.354,40.80603,7.264060148,1627.149473,25.91636935,3.042724045,681.570186,45276.71225,-28570.20774,-6399726.534,17438.18999,-3124.235132,-699828.6695
2019,2,NAPL,9,ANNUAL,0,1.6,358.4,49718.80535,-56249.11942,-12599802.75,49772.94304,-44195.79379,-9899857.808,34.19435358,6.944506648,1555.569489,18.63807285,2.834176731,634.8555878,45276.63741,-28570.32569,-6399752.954,17438.20174,-3124.170069,-699814.0956
2019,2,NAPL,10,CONTINUAL,0,1.6,344,49920.48927,-54417.71163,-11699808,49959.3868,-46045.93105,-9899875.175,23.78818577,5.77282801,1241.158022,13.48327502,2.10702204,453.0097385,43733.58628,-25580.4173,-5499789.72,17789.04136,-3255.266022,-699882.1947
2019,5,AQUE,4,CONTROL,0,4.5,1008,49718.76726,-56249.1529,-12599810.25,49773.00823,-44195.72072,-9899841.442,34.28312376,5.751157987,1288.259389,8.700017094,1.515091166,339.3804213,45276.57014,-28570.4318,-6399776.723,17438.12175,-3124.611796,-699913.0424
2019,5,AQUE,7,ANNUAL,0,3.6,806.4,49718.66578,-56249.24219,-12599830.25,49773.03164,-44195.69448,-9899835.563,136.5771697,12.79944789,2867.076327,23.27556522,2.898183014,649.1929952,45277.1267,-28569.55884,-6399581.18,17438.16475,-3124.376424,-699860.319
2019,5,AQUE,8,CONTINUAL,0,4.1,881.5,49920.34279,-54417.84535,-11699836.75,49959.58851,-46045.71328,-9899828.354,48.01158745,10.22224805,2197.783331,19.45126043,3.252846188,699.3619304,43733.89854,-25579.88652,-5499675.602,17789.0792,-3255.060973,-699838.1092
2019,5,CARP,7,CONTROL,0,3.6,806.4,49718.77368,-56249.14732,-12599809,49773.2471,-44195.45313,-9899781.5,403.0500505,34.42980215,7712.275681,284.9690005,22.87170319,5123.261516,45278.41202,-28567.55225,-6399131.704,17438.57788,-3122.215916,-699376.3652
2019,5,CARP,9,ANNUAL,0,3.2,716.8,49718.7229,-56249.19196,-12599819,49773.21367,-44195.49063,-9899789.9,388.4459779,29.31507417,6566.576614,275.3400824,19.77377665,4429.325968,45277.92912,-28568.31169,-6399301.818,17438.46089,-3122.851814,-699518.8064
2019,5,CARP,10,CONTINUAL,0,3.2,688,49920.44475,-54417.75233,-11699816.75,49959.85717,-46045.42341,-9899766.033,478.4623918,44.67066737,9604.193485,337.9098068,29.42432987,6326.230921,43735.86157,-25576.58708,-5498966.222,17789.62456,-3252.280411,-699240.2883
2019,5,IVEE,3,CONTROL,0,2.5,560,49718.80533,-56249.11942,-12599802.75,49773.14408,-44195.56849,-9899807.342,254.3204035,31.71363765,7103.854834,132.3135065,12.00595296,2689.333462,45278.47874,-28567.43494,-6399105.428,17438.37311,-3123.249023,-699607.7811
2019,5,IVEE,4,ANNUAL,0,2.3,515.2,49718.71018,-56249.20313,-12599821.5,49772.91859,-44195.82119,-9899863.946,279.6218416,36.99899468,8287.774808,46.10160518,6.768145927,1516.064688,45279.27387,-28566.19065,-6398826.705,17438.3736,-3123.234463,-699604.5197
2019,5,MOHK,2,CONTROL,0,2.4,537.6,49718.71652,-56249.19754,-12599820.25,49773.15729,-44195.5537,-9899804.029,412.3210581,32.92011617,7374.106023,58.57829538,6.255809611,1401.301353,45278.85151,-28566.88225,-6398981.624,17438.32274,-3123.529551,-699670.6194
2019,5,MOHK,3,ANNUAL,0,2.5,560,49718.70384,-56249.20871,-12599822.75,49772.95227,-44195.78343,-9899855.488,181.898198,22.15069618,4961.755945,29.79507034,5.081216542,1138.192505,45277.95451,-28568.25744,-6399289.667,17438.29801,-3123.641837,-699695.7714
2019,5,MOHK,4,CONTINUAL,0,2.6,559,49920.29185,-54417.89186,-11699846.75,49959.59195,-46045.70955,-9899827.554,113.3492142,19.60577443,4215.241503,41.74138075,6.707788236,1442.174471,43734.68834,-25578.54634,-5499387.463,17789.19887,-3254.416879,-699699.6289
2019,5,NAPL,3,CONTROL,0,2.1,470.4,49718.83704,-56249.09152,-12599796.5,49773.13689,-44195.57653,-9899809.142,137.3643826,21.75245267,4872.549397,37.85939059,6.576274173,1473.085415,45277.81736,-28568.46921,-6399337.103,17438.31724,-3123.533826,-699671.5771
2019,5,NAPL,9,ANNUAL,0,2.1,470.4,49718.88778,-56249.04688,-12599786.5,49773.22352,-44195.47945,-9899787.396,98.77167081,18.06662572,4046.924161,30.47783482,5.145886566,1152.678591,45277.66154,-28568.71311,-6399391.737,17438.3458,-3123.38341,-699637.8839
2019,5,NAPL,10,CONTINUAL,0,2.4,516,49920.45743,-54417.7407,-11699814.25,49959.635,-46045.6631,-9899817.567,152.1046112,22.83453283,4909.424559,26.83713269,5.248142174,1128.350567,43734.89539,-25578.19754,-5499312.471,17789.20691,-3254.372992,-699690.1933
2019,8,AQUE,4,CONTROL,0,2.4,537.6,49718.7292,-56249.18638,-12599817.75,49772.99904,-44195.73101,-9899843.746,167.1708109,16.47384385,3690.141023,26.54107812,3.486070236,780.8797328,45277.44945,-28569.05237,-6399467.73,17438.20251,-3124.168779,-699813.8065
2019,8,AQUE,7,ANNUAL,0,2.5,560,49718.69749,-56249.21429,-12599824,49773.11181,-44195.60465,-9899815.442,198.7283256,16.27006067,3644.49359,29.81373657,3.261408546,730.5555143,45277.43714,-28569.07522,-6399472.849,17438.18216,-3124.283768,-699839.5641
2019,8,AQUE,8,CONTINUAL,0,2.5,537.5,49920.31732,-54417.8686,-11699841.75,49959.59021,-46045.71143,-9899827.958,74.18634075,13.88745347,2985.802495,22.06936694,4.153696022,893.0446447,43734.20024,-25579.37414,-5499565.441,17789.11126,-3254.887833,-699800.8842
2019,8,CARP,7,CONTROL,0,2.8,627.2,49718.75462,-56249.16406,-12599812.75,49773.30397,-44195.3894,-9899767.225,448.6768212,39.10578192,8759.695151,316.9785348,25.96061714,5815.178239,45278.71018,-28567.08815,-6399027.746,17438.65488,-3121.821002,-699287.9045
2019,8,CARP,9,ANNUAL,0,2.8,627.2,49718.71655,-56249.19754,-12599820.25,49773.26711,-44195.43084,-9899776.508,520.8899475,38.33303472,8586.599778,369.3491255,26.52140312,5940.7943,45278.51463,-28567.40732,-6399099.241,17438.60944,-3122.126433,-699356.3211
2019,8,CARP,10,CONTINUAL,0,3.1,666.5,49920.41291,-54417.7814,-11699823,49959.8611,-46045.41919,-9899765.125,538.7915655,46.64130728,10027.88107,381.7638765,31.80216557,6837.465597,43736.00518,-25576.3537,-5498916.045,17789.6652,-3252.107581,-699203.13
2019,8,IVEE,3,CONTROL,0,2.2,492.8,49718.72921,-56249.18638,-12599817.75,49773.02274,-44195.70448,-9899837.804,307.7783516,33.66972698,7542.018843,149.2921171,13.25420354,2968.941593,45278.60393,-28567.24502,-6399062.885,17438.38879,-3123.17306,-699590.7655
2019,8,IVEE,4,ANNUAL,0,2.3,515.2,49718.72287,-56249.19196,-12599819,49772.92073,-44195.81879,-9899863.408,282.973992,32.72881636,7331.254866,65.06006603,7.810205133,1749.48595,45278.78383,-28566.96191,-6398999.468,17438.34404,-3123.396612,-699640.8412
2019,8,MOHK,2,CONTROL,0,2,448,49718.68481,-56249.22545,-12599826.5,49773.10959,-44195.60711,-9899815.992,594.0431291,45.41832539,10173.70489,83.58413718,8.40313969,1882.30329,45279.92281,-28565.24586,-6398615.073,17438.41631,-3123.046734,-699562.4685
2019,8,MOHK,3,ANNUAL,0,2.2,492.8,49718.81166,-56249.11384,-12599801.5,49773.19306,-44195.51362,-9899795.05,343.2022188,30.70578362,6878.09553,47.5548905,5.985459743,1340.742982,45278.65956,-28567.16982,-6399046.04,17438.33381,-3123.457768,-699654.5399
2019,8,MOHK,4,CONTINUAL,0,2.1,451.5,49920.43195,-54417.76395,-11699819.25,49959.59038,-46045.71124,-9899827.917,105.0660696,19.03574333,4092.684816,46.33862824,6.758631433,1453.105758,43734.62971,-25578.64523,-5499408.724,17789.19002,-3254.463761,-699709.7085
2019,8,NAPL,3,CONTROL,0,2.5,560,49718.88777,-56249.04688,-12599786.5,49773.07641,-44195.64431,-9899824.325,185.4862013,22.86247531,5121.194469,35.3668973,6.004276524,1344.957941,45277.95539,-28568.25603,-6399289.351,17438.31316,-3123.558329,-699677.0657
2019,8,NAPL,9,ANNUAL,0,3,672,49718.88777,-56249.04688,-12599786.5,49773.13653,-44195.57693,-9899809.233,111.8293022,18.04792532,4042.735272,26.52985037,4.952209405,1109.294907,45277.59436,-28568.81936,-6399415.536,17438.29361,-3123.662878,-699700.4847
2019,8,NAPL,10,CONTINUAL,0,2.8,602,49920.5211,-54417.68256,-11699801.75,49959.58488,-46045.71719,-9899829.196,180.6800327,20.86354002,4485.661104,27.59272622,4.370380817,939.6318757,43734.71236,-25578.51166,-5499380.007,17789.18915,-3254.469947,-699711.0387
2019,11,AQUE,4,CONTROL,0,4,896,49718.65309,-56249.25335,-12599832.75,49772.99316,-44195.73761,-9899845.225,234.8814585,19.89844679,4457.252081,33.65336213,3.899822112,873.560153,45277.72701,-28568.62253,-6399371.447,17438.22355,-3124.057034,-699788.7755
2019,11,AQUE,7,ANNUAL,0,4,896,49718.7292,-56249.18638,-12599817.75,49773.02243,-44195.7048,-9899837.875,90.56267204,10.34187899,2316.580893,19.75423244,2.607704361,584.1257769,45276.96212,-28569.81542,-6399638.654,17438.15994,-3124.401333,-699865.8985
2019,11,AQUE,8,CONTINUAL,0,3.2,688,49920.33642,-54417.85116,-11699838,49959.64152,-46045.65614,-9899816.071,90.66967721,15.2595954,3280.813011,23.07088659,3.956559865,850.6603709,43734.31836,-25579.17408,-5499522.427,17789.11043,-3254.892605,-699801.9102
2019,11,CARP,7,CONTROL,0,2,448,49718.92617,-56249.01339,-12599779,49773.16824,-44195.54148,-9899801.292,356.2247821,29.06913688,6511.486662,252.1360778,19.4341488,4353.24933,45278.04449,-28568.12608,-6399260.242,17438.48591,-3122.694832,-699483.6424
2019,11,CARP,9,ANNUAL,0,2,448,49718.67219,-56249.23661,-12599829,49773.08999,-44195.62915,-9899820.929,272.7106351,19.69299205,4411.23022,193.3070823,13.4995686,3023.903367,45277.35086,-28569.21172,-6399503.425,17438.32742,-3123.530178,-699670.7598
2019,11,CARP,10,CONTINUAL,0,2.2,473,49920.49583,-54417.70581,-11699806.75,49959.76203,-46045.52603,-9899788.096,356.9598744,33.2502267,7148.798741,253.628877,22.93736363,4931.533181,43735.23437,-25577.63667,-5499191.885,17789.45819,-3253.10724,-699418.0566
2019,11,IVEE,3,CONTROL,0,1.2,268.8,49718.81167,-56249.11384,-12599801.5,49772.92338,-44195.81583,-9899862.746,256.446388,26.64569658,5968.636034,95.19469468,8.728686255,1955.225721,45278.1874,-28567.89721,-6399208.975,17438.29939,-3123.647703,-699697.0854
2019,11,IVEE,4,ANNUAL,0,1.5,336,49718.78631,-56249.13616,-12599806.5,49772.83394,-44195.91607,-9899885.2,159.4002772,18.23701942,4085.092351,30.18165767,3.868374602,866.5159108,45277.65218,-28568.73181,-6399395.926,17438.2064,-3124.146996,-699808.9271
2019,11,MOHK,2,CONTROL,0,5.4,1209.6,49718.76093,-56249.15848,-12599811.5,49773.0308,-44195.69544,-9899835.779,547.2459285,39.99361147,8958.56897,72.64362606,6.565783959,1470.735607,45279.45349,-28565.97064,-6398777.423,17438.35346,-3123.383346,-699637.8695
2019,11,MOHK,3,ANNUAL,0,5,1120,49718.84972,-56249.08036,-12599794,49772.86678,-44195.87926,-9899876.954,225.5813904,22.35173088,5006.787718,39.61277298,5.210925414,1167.247293,45278.01051,-28568.17408,-6399270.994,17438.26629,-3123.820492,-699735.7902
2019,11,MOHK,4,CONTINUAL,0,5.4,1161,49920.47018,-54417.72907,-11699811.75,49959.44292,-46045.87045,-9899862.146,138.6968442,21.71515543,4668.758418,52.36767756,7.12107085,1531.030233,43734.81948,-25578.32486,-5499339.844,17789.19693,-3254.427713,-699701.9584
2019,11,NAPL,3,CONTROL,0,6,1344,49718.87507,-56249.05804,-12599789,49773.05299,-44195.67055,-9899830.204,166.2910528,22.36000313,5008.6407,32.98045917,5.950558286,1332.925056,45277.83436,-28568.44503,-6399331.687,17438.31673,-3123.536158,-699672.0993
2019,11,NAPL,9,ANNUAL,0,6,1344,49718.88145,-56249.05246,-12599787.75,49773.10897,-44195.60781,-9899816.15,155.5572559,23.58447786,5282.923041,32.04090017,6.45764401,1446.512258,45277.82075,-28568.46547,-6399336.265,17438.37305,-3123.225597,-699602.5338
2019,11,NAPL,10,CONTINUAL,0,6.2,1333,49920.45743,-54417.7407,-11699814.25,49959.5349,-46045.77114,-9899840.796,148.046819,20.72599741,4456.089442,25.68338308,4.936384678,1061.322706,43734.6625,-25578.59298,-5499397.491,17789.18856,-3254.470732,-699711.2074
2020,2,AQUE,4,CONTROL,0,7,1568,49718.64041,-56249.26451,-12599835.25,49773.04353,-44195.68119,-9899832.588,306.1888506,24.92846796,5583.976822,42.20943095,4.515471303,1011.465572,45278.15445,-28567.95956,-6399222.94,17438.26225,-3123.849657,-699742.3232
2020,2,AQUE,7,ANNUAL,0,7,1568,49718.68481,-56249.22545,-12599826.5,49773.0322,-44195.69388,-9899835.429,145.7531149,14.12111486,3163.129729,24.71504038,3.136918637,702.6697747,45277.22288,-28569.40786,-6399547.36,17438.18785,-3124.248775,-699831.7257
2020,2,AQUE,8,CONTINUAL,0,6.6,1419,49920.34279,-54417.84535,-11699836.75,49959.68414,-46045.61021,-9899806.196,84.42951132,13.87201132,2982.482434,23.14623944,4.066754125,874.3521368,43734.15685,-25579.44845,-5499581.417,17789.10382,-3254.928071,-699809.5353
2020,2,CARP,7,CONTROL,0,2.8,627.2,49718.81813,-56249.10826,-12599800.25,49773.18414,-44195.5237,-9899797.308,399.8396434,30.83335775,6906.672136,283.4873221,21.35450938,4783.410102,45278.1113,-28568.02586,-6399237.793,17438.50335,-3122.624388,-699467.8629
2020,2,CARP,9,ANNUAL,0,2.8,627.2,49718.72293,-56249.19196,-12599819,49773.14834,-44195.56376,-9899806.283,300.0381887,21.53850527,4824.625181,212.7242179,14.90950877,3339.729965,45277.46395,-28569.03581,-6399464.022,17438.36274,-3123.346937,-699629.7138
2020,2,CARP,10,CONTINUAL,0,3.2,688,49920.38745,-54417.80465,-11699828,49959.74376,-46045.54578,-9899792.342,395.3151123,34.44894522,7406.523221,280.7512936,24.06515751,5174.008864,43735.25095,-25577.61332,-5499186.863,17789.47237,-3253.050923,-699405.9485
2020,2,IVEE,3,CONTROL,0,2.5,560,49718.68481,-56249.22545,-12599826.5,49772.90137,-44195.84049,-9899868.271,320.4842154,34.26249082,7674.797943,74.9172298,8.438777666,1890.286197,45278.8261,-28566.90154,-6398985.944,17438.34551,-3123.394246,-699640.311
2020,2,IVEE,4,ANNUAL,0,2.5,560,49718.68482,-56249.22545,-12599826.5,49772.83886,-44195.91057,-9899883.967,190.59107,19.16983449,4294.042926,31.13106365,4.2057323,942.0840352,45277.65971,-28568.72319,-6399393.995,17438.24108,-3123.956993,-699766.3664
2020,2,MOHK,2,CONTROL,0,4.5,1008,49718.67212,-56249.23661,-12599829,49773.01232,-44195.71615,-9899840.417,790.8650006,56.84293632,12732.81774,104.2605809,9.105521896,2039.636905,45280.83956,-28563.87971,-6398309.054,17438.47111,-3122.793715,-699505.7921
2020,2,MOHK,3,ANNUAL,0,5.2,1164.8,49718.68481,-56249.22545,-12599826.5,49772.8629,-44195.88361,-9899877.929,180.704525,17.43176976,3904.716426,26.04128972,3.39789088,761.1275572,45277.56231,-28568.87583,-6399428.185,17438.20782,-3124.139977,-699807.3548
2020,2,MOHK,4,CONTINUAL,0,6,1290,49920.41286,-54417.7814,-11699823,49959.52025,-46045.78696,-9899844.196,234.9663666,28.30066962,6084.643968,56.17997217,7.953654678,1710.035756,43735.35283,-25577.42901,-5499147.237,17789.23986,-3254.200499,-699653.1073
2020,2,NAPL,3,CONTROL,0,7,1568,49718.90678,-56249.03013,-12599782.75,49773.02559,-44195.70125,-9899837.079,172.6262059,20.54677921,4602.478542,33.47064441,5.220555483,1169.404428,45277.72167,-28568.62348,-6399371.659,17438.3029,-3123.613712,-699689.4714
2020,2,NAPL,9,ANNUAL,0,7,1568,49718.86874,-56249.06362,-12599790.25,49773.04724,-44195.67699,-9899831.646,157.785644,19.19717106,4300.166317,27.62307282,4.628435675,1036.769591,45277.61322,-28568.79317,-6399409.671,17438.30598,-3123.596532,-699685.6231
2020,2,NAPL,10,CONTINUAL,0,7.5,1612.5,49920.55929,-54417.64767,-11699794.25,49959.50289,-46045.8057,-9899848.225,148.4648777,17.49705365,3761.866536,26.79351875,3.997951318,859.5595335,43734.49197,-25578.88318,-5499459.884,17789.12571,-3254.811702,-699784.5159
2020,8,AQUE,4,CONTROL,0,2.5,560,49718.62138,-56249.28125,-12599839,49772.95363,-44195.78192,-9899855.15,322.8014411,23.90597821,5354.93912,42.16452976,3.751382968,840.3097849,45278.04099,-28568.14166,-6399263.732,17438.25172,-3123.910209,-699755.8869
2020,8,AQUE,7,ANNUAL,0,2.3,515.2,49718.62773,-56249.27567,-12599837.75,49772.98709,-44195.74444,-9899846.754,192.2178149,16.31080416,3653.620132,25.33439083,2.689726541,602.4987453,45277.4665,-28569.0282,-6399462.317,17438.18064,-3124.291583,-699841.3146
2020,8,AQUE,8,CONTINUAL,0,2.6,559,49920.26,-54417.92093,-11699853,49959.62795,-46045.67079,-9899819.221,150.1815256,16.28546125,3501.374169,34.7995394,3.963134401,852.0738963,43734.37117,-25579.08869,-5499504.069,17789.09023,-3255.004898,-699826.053
2020,8,CARP,7,CONTROL,0,2.5,560,49718.82438,-56249.10268,-12599799,49773.29121,-44195.40372,-9899770.433,563.8114489,49.36876617,11058.60362,397.9068925,31.93222442,7152.818269,45279.38711,-28566.03942,-6398792.83,17438.79763,-3121.128679,-699132.8241
2020,8,CARP,9,ANNUAL,0,2.5,560,49718.79898,-56249.125,-12599804,49773.12764,-44195.58707,-9899811.504,601.4441471,46.66079661,10452.01844,425.5463032,29.93800316,6706.112709,45279.09335,-28566.50895,-6398898.004,17438.6913,-3121.745005,-699270.8812
2020,8,CARP,10,CONTINUAL,0,3,645,49920.4766,-54417.72326,-11699810.5,49959.81577,-46045.46804,-9899775.629,545.5065894,50.87533719,10938.1975,386.9409578,34.7068326,7461.969009,43736.29575,-25575.86185,-5498810.297,17789.7355,-3251.739983,-699124.0964
2020,8,IVEE,3,CONTROL,0,7,1568,49718.70385,-56249.20871,-12599822.75,49773.16933,-44195.54035,-9899801.038,513.8659857,50.55012616,11323.22826,260.97091,21.19476521,4747.627406,45279.81424,-28565.3736,-6398643.685,17438.58318,-3122.182113,-699368.7933
2020,8,IVEE,4,ANNUAL,0,6.5,1456,49718.77996,-56249.14174,-12599807.75,49772.89972,-44195.84234,-9899868.683,369.8160048,36.02533265,8069.674514,65.79377244,7.571728646,1696.067217,45279.10677,-28566.46939,-6398889.142,17438.35774,-3123.330205,-699625.966
2020,8,MOHK,2,CONTROL,0,4,896,49718.63407,-56249.27009,-12599836.5,49772.94363,-44195.79312,-9899857.658,596.0641337,44.72988159,10019.49348,80.11746117,7.895228495,1768.531183,45279.7922,-28565.45265,-6398661.395,17438.4046,-3123.110846,-699576.8296
2020,8,MOHK,3,ANNUAL,0,4.2,940.8,49718.77362,-56249.14732,-12599809,49772.91247,-44195.82803,-9899865.479,335.8106484,29.90254055,6698.169083,46.38835671,5.819261575,1303.514593,45278.61405,-28567.24017,-6399061.799,17438.32624,-3123.498902,-699663.754
2020,8,MOHK,4,CONTINUAL,0,3.8,817,49920.32369,-54417.86279,-11699840.5,49959.5062,-46045.80213,-9899847.458,426.028235,38.5924867,8297.384641,67.43003257,8.819766105,1896.249713,43736.10031,-25576.19851,-5498882.679,17789.29886,-3253.902414,-699589.019
2020,8,NAPL,3,CONTROL,0,2.6,582.4,49718.80531,-56249.11942,-12599802.75,49772.93264,-44195.80543,-9899860.417,186.841782,21.38669196,4790.618999,26.95052214,4.076239083,913.0775547,45277.88703,-28568.36416,-6399313.572,17438.26623,-3123.816976,-699735.0027
2020,8,NAPL,9,ANNUAL,0,2,448,49718.81165,-56249.11384,-12599801.5,49773.06364,-44195.65859,-9899827.525,163.1394527,22.10236303,4950.929319,24.93906793,4.42838922,991.9591854,45278.03152,-28568.13398,-6399262.011,17438.3209,-3123.514651,-699667.2819
2020,8,NAPL,10,CONTINUAL,0,2.2,473,49920.50199,-54417.7,-11699805.5,49959.45509,-46045.85731,-9899859.321,279.547522,32.25897674,6935.679998,37.45153638,5.585878839,1200.96395,43735.56308,-25577.07895,-5499071.974,17789.27033,-3254.037314,-699618.0225
2020,11,AQUE,4,CONTROL,0,6,1344,49718.62773,-56249.27567,-12599837.75,49772.98198,-44195.75017,-9899848.038,82.87625118,8.125396686,1820.088858,13.37541493,1.892621236,423.9471568,45276.7873,-28570.09093,-6399700.368,17438.15302,-3124.440101,-699874.5826
2020,11,AQUE,7,ANNUAL,0,6,1344,49718.69115,-56249.21987,-12599825.25,49773.034,-44195.69187,-9899834.979,138.155165,13.22934551,2963.373393,19.33313474,2.664853369,596.9271546,45277.191,-28569.45758,-6399558.498,17438.17458,-3124.321836,-699848.0912
2020,11,AQUE,8,CONTINUAL,0,6.5,1397.5,49920.27274,-54417.9093,-11699850.5,49959.56407,-46045.73975,-9899834.046,95.7008022,13.04766315,2805.247577,20.16194999,3.344748157,719.1208538,43734.08865,-25579.56522,-5499606.522,17789.0867,-3255.021221,-699829.5625
2020,11,CARP,7,CONTROL,0,2.6,582.4,49718.78632,-56249.13616,-12599806.5,49773.08364,-44195.63622,-9899822.513,162.7760878,17.35635048,3887.822507,113.1737988,9.994703645,2238.813617,45277.32794,-28569.24037,-6399509.843,17438.2894,-3123.701782,-699709.1991
2020,11,CARP,9,ANNUAL,0,3,672,49718.72287,-56249.19196,-12599819,49772.94023,-44195.79693,-9899858.513,84.48132092,11.12130024,2491.171255,44.96256367,4.94456374,1107.582278,45276.88902,-28569.92985,-6399664.287,17438.16868,-3124.354139,-699855.3272
2020,11,CARP,10,CONTINUAL,0,3.3,709.5,49920.40655,-54417.78721,-11699824.25,49959.64649,-46045.65072,-9899814.904,170.9244513,17.69789851,3805.048179,121.1830877,11.65162766,2505.099948,43734.25357,-25579.2871,-5499546.726,17789.20462,-3254.401889,-699696.4061
2020,11,IVEE,3,CONTROL,0,2.5,560,49718.86246,-56249.0692,-12599791.5,49772.94161,-44195.79541,-9899858.171,221.2678128,25.18478412,5641.391643,123.5844636,11.27608715,2525.843521,45278.03311,-28568.13426,-6399262.074,17438.33609,-3123.44975,-699652.7439
2020,11,IVEE,4,ANNUAL,0,2.5,560,49718.84977,-56249.08036,-12599794,49772.81437,-44195.93802,-9899890.117,166.0647695,17.28708315,3872.306626,22.57944931,2.962856636,663.6798864,45277.65525,-28568.72802,-6399395.075,17438.207,-3124.143946,-699808.2439
2020,11,MOHK,2,CONTROL,0,2.5,560,49718.74189,-56249.17522,-12599815.25,49772.98457,-44195.74728,-9899847.392,121.3135503,10.27389259,2301.351941,19.37715953,2.114089826,473.5561211,45276.92708,-28569.8726,-6399651.462,17438.13849,-3124.5213,-699892.7711
2020,11,MOHK,3,ANNUAL,0,3,672,49718.818,-56249.10826,-12599800.25,49772.85742,-44195.88975,-9899879.304,158.2945821,17.02507966,3813.617843,24.80388636,3.782437302,847.2659557,45277.60372,-28568.80847,-6399413.097,17438.2477,-3123.920544,-699758.2019
2020,11,MOHK,4,CONTINUAL,0,2.5,537.5,49920.40648,-54417.78721,-11699824.25,49959.46003,-46045.852,-9899858.179,204.9424441,19.45761982,4183.38826,31.38990332,3.895493333,837.5310666,43734.62937,-25578.6559,-5499411.019,17789.11465,-3254.875202,-699798.1683
2020,11,NAPL,3,CONTROL,0,4.5,1008,49718.88779,-56249.04688,-12599786.5,49772.85249,-44195.89528,-9899880.542,94.74482782,14.51381214,3251.09392,24.60213025,4.131858073,925.5362083,45277.17765,-28569.47549,-6399562.51,17438.21569,-3124.092427,-699796.7036
2020,11,NAPL,9,ANNUAL,0,4.8,1075.2,49718.85608,-56249.07478,-12599792.75,49772.95695,-44195.7782,-9899854.317,79.80456108,13.68770191,3066.045227,24.86439565,3.987140225,893.1194104,45277.14522,-28569.5259,-6399573.802,17438.22932,-3124.017406,-699779.8988
2020,11,NAPL,10,CONTINUAL,0,4.8,1032,49920.55296,-54417.65349,-11699795.5,49959.40489,-46045.91151,-9899870.975,124.6196345,19.16090062,4119.593634,24.22854462,4.623456014,994.043043,43734.52256,-25578.82893,-5499448.219,17789.19638,-3254.428249,-699702.0736
2021,2,AQUE,4,CONTROL,0,3.8,851.2,49718.67212,-56249.23661,-12599829,49772.91989,-44195.81974,-9899863.621,65.90068291,7.469281905,1673.119147,17.61249303,2.394726123,536.4186516,45276.68942,-28570.2445,-6399734.767,17438.14101,-3124.50572,-699889.2813
2021,2,AQUE,7,ANNUAL,0,4,896,49718.65309,-56249.25335,-12599832.75,49773.07796,-44195.6426,-9899823.942,165.1009204,16.17434577,3623.053453,25.72403687,3.767212998,843.8557116,45277.43676,-28569.0723,-6399472.194,17438.21939,-3124.076011,-699793.0264
2021,2,AQUE,8,CONTINUAL,0,3.5,752.5,49920.31731,-54417.8686,-11699841.75,49959.68191,-46045.61262,-9899806.713,77.30936549,11.15468291,2398.256825,34.93041421,4.0845769,878.1840334,43733.92649,-25579.83987,-5499665.571,17789.07897,-3255.063425,-699838.6363
2021,2,CARP,7,CONTROL,0,5.5,1232,49718.79266,-56249.13058,-12599805.25,49773.191,-44195.51594,-9899795.571,323.9052106,29.84614911,6685.537401,227.7440331,18.23131924,4083.815509,45278.13941,-28567.97289,-6399225.928,17438.46627,-3122.783702,-699503.5493
2021,2,CARP,9,ANNUAL,0,6,1344,49718.58968,-56249.30915,-12599845.25,49773.33786,-44195.35141,-9899758.717,332.7493024,32.72971736,7331.456689,223.7715849,17.67883018,3960.057961,45278.3343,-28567.66756,-6399157.533,17438.44986,-3122.872733,-699523.4922
2021,2,CARP,10,CONTINUAL,0,6.5,1397.5,49920.48935,-54417.71163,-11699808,49959.68374,-46045.6105,-9899806.258,310.0819471,29.85780296,6419.427637,220.289296,19.92173587,4283.173213,43735.00771,-25578.01633,-5499273.51,17789.40428,-3253.37263,-699475.1155
2021,2,IVEE,3,CONTROL,0,1.8,403.2,49718.71652,-56249.19754,-12599820.25,49772.97418,-44195.75895,-9899850.004,219.5300757,17.23101422,3859.747185,155.283995,10.97726157,2458.906593,45277.26669,-28569.34036,-6399532.241,17438.28124,-3123.765008,-699723.3618
2021,2,IVEE,4,ANNUAL,0,1.8,403.2,49718.69116,-56249.21987,-12599825.25,49772.81168,-44195.94103,-9899890.792,88.45276346,10.58581786,2371.2232,18.80185411,2.460414677,551.1328878,45277.02372,-28569.7182,-6399616.877,17438.15308,-3124.439313,-699874.4062
2021,2,MOHK,2,CONTROL,0,1.8,403.2,49718.74189,-56249.17522,-12599815.25,49772.94894,-44195.78718,-9899856.329,39.92258426,6.378075199,1428.688845,24.41902305,3.091245396,692.4389686,45276.62576,-28570.34413,-6399757.086,17438.15885,-3124.407617,-699867.3063
2021,2,MOHK,3,ANNUAL,0,2.1,470.4,49718.83703,-56249.09152,-12599796.5,49772.98757,-44195.74386,-9899846.625,193.9400759,20.44178986,4578.960928,35.43214194,5.317675016,1191.159204,45277.80683,-28568.49144,-6399342.083,17438.26052,-3123.850041,-699742.4091
2021,2,MOHK,4,CONTINUAL,0,1.6,344,49920.32368,-54417.86279,-11699840.5,49959.57472,-46045.72818,-9899831.558,317.2560134,29.75421633,6397.156511,59.37061656,7.904748922,1699.521018,43735.36875,-25577.41662,-5499144.573,17789.22147,-3254.308033,-699676.2272
2021,2,NAPL,3,CONTROL,0,3,672,49718.88143,-56249.05246,-12599787.75,49772.93192,-44195.80623,-9899860.596,134.5047519,15.15259986,3394.182368,26.43861922,3.924197456,879.0202302,45277.32926,-28569.23909,-6399509.556,17438.22888,-3124.022226,-699780.9787
2021,2,NAPL,9,ANNUAL,0,3.2,716.8,49718.91313,-56249.02455,-12599781.5,49772.99685,-44195.73346,-9899844.296,78.92726675,12.9008043,2889.780163,18.42964719,3.273108975,733.1764105,45277.17508,-28569.47894,-6399563.282,17438.23442,-3123.98875,-699773.48
2021,2,NAPL,10,CONTINUAL,0,3,645,49920.52109,-54417.68256,-11699801.75,49959.41613,-46045.89938,-9899868.367,56.72652357,10.19345713,2191.593283,16.1724656,3.094435291,665.3035876,43733.89887,-25579.88626,-5499675.547,17789.09987,-3254.948849,-699814.0026
2021,5,AQUE,4,CONTROL,0,2,448,49718.71017,-56249.20313,-12599821.5,49772.95673,-44195.77846,-9899854.375,148.7855854,12.6480905,2833.172272,22.73837314,2.794390752,625.9435284,45277.12527,-28569.56214,-6399581.919,17438.16249,-3124.389587,-699863.2674
2021,5,AQUE,7,ANNUAL,0,1.8,403.2,49718.72286,-56249.19196,-12599819,49772.94944,-44195.78661,-9899856.2,263.4519819,20.49495636,4590.870225,34.85849079,3.463719387,775.8731426,45277.78789,-28568.5307,-6399350.877,17438.21696,-3124.096228,-699797.555
2021,5,AQUE,8,CONTINUAL,0,2,430,49920.36826,-54417.82209,-11699831.75,49959.67547,-46045.61953,-9899808.2,87.85468898,9.857713229,2119.408344,18.30564856,2.596051045,558.1509748,43733.90522,-25579.87692,-5499673.539,17789.05508,-3255.192816,-699866.4555
2021,5,CARP,7,CONTROL,0,2.5,560,49718.81167,-56249.11384,-12599801.5,49773.14715,-44195.5651,-9899806.583,358.6676566,37.54811419,8410.777579,229.2407562,19.19624045,4299.95786,45278.74167,-28567.02962,-6399014.636,17438.49987,-3122.60177,-699462.7964
2021,5,CARP,9,ANNUAL,0,2.5,560,49718.65945,-56249.24777,-12599831.5,49773.22143,-44195.48188,-9899787.942,532.8221217,53.04406068,11881.86959,234.3319672,20.16744036,4517.506641,45280.04986,-28565.01142,-6398562.557,17438.58009,-3122.18557,-699369.5677
2021,5,CARP,10,CONTINUAL,0,2.5,537.5,49920.49565,-54417.70581,-11699806.75,49959.827,-46045.45589,-9899773.017,344.2442679,37.36359872,8033.173725,239.5655507,21.55690461,4634.734491,43735.52023,-25577.14856,-5499086.941,17789.44254,-3253.177654,-699433.1956
2021,5,IVEE,3,CONTROL,0,3.5,784,49718.91319,-56249.02455,-12599781.5,49772.97787,-44195.75476,-9899849.067,165.2408881,18.73030274,4195.587813,106.0948379,8.820863144,1975.873344,45277.51423,-28568.94741,-6399444.219,17438.26746,-3123.821723,-699736.066
2021,5,IVEE,4,ANNUAL,0,3.5,784,49718.81809,-56249.10826,-12599800.25,49772.8176,-44195.93439,-9899889.304,175.4772152,17.84429352,3997.121749,23.96849478,2.982133889,667.997991,45277.70433,-28568.65178,-6399377.999,17438.21109,-3124.122256,-699803.3854
2021,5,MOHK,2,CONTROL,0,2.5,560,49718.82434,-56249.10268,-12599799,49773.10811,-44195.60884,-9899816.379,37.78145751,6.712483922,1503.596398,19.61416554,2.913400207,652.6016464,45276.63935,-28570.32265,-6399752.273,17438.15136,-3124.448145,-699876.3846
2021,5,MOHK,3,ANNUAL,0,2.5,560,49718.82436,-56249.10268,-12599799,49772.93188,-44195.80629,-9899860.608,279.5204826,22.15168776,4961.978058,37.05073055,3.908513739,875.5070776,45277.94572,-28568.28428,-6399295.68,17438.22835,-3124.034736,-699783.7808
2021,5,MOHK,4,CONTINUAL,0,2,430,49920.44468,-54417.75233,-11699816.75,49959.49645,-46045.81267,-9899849.725,270.3654428,21.82378895,4692.114623,36.47312949,4.073548928,875.8130196,43734.84131,-25578.30554,-5499335.69,17789.12675,-3254.814979,-699785.2205
2021,5,NAPL,3,CONTROL,0,3.2,716.8,49718.98293,-56248.96317,-12599767.75,49772.97875,-44195.75376,-9899848.842,270.9838383,30.93896385,6930.327901,36.27738806,5.33736703,1195.570215,45278.53308,-28567.35619,-6399087.787,17438.34164,-3123.408018,-699643.3961
2021,5,NAPL,9,ANNUAL,0,3,672,49718.89412,-56249.04129,-12599785.25,49773.01525,-44195.71283,-9899839.675,58.61730814,10.92984993,2448.286384,10.71860909,2.554624,572.2357759,45276.9604,-28569.8168,-6399638.964,17438.21525,-3124.094037,-699797.0644
2021,5,NAPL,10,CONTINUAL,0,3.3,709.5,49920.52749,-54417.67674,-11699800.5,49959.48259,-46045.82762,-9899852.938,173.9722269,24.32202615,5229.235623,25.73268632,4.82440964,1037.248073,43734.95077,-25578.1052,-5499292.617,17789.22282,-3254.286912,-699671.6861
2021,8,AQUE,4,CONTROL,0,3.2,716.8,49718.72286,-56249.19196,-12599819,49772.88618,-44195.85751,-9899872.083,43.83760701,5.082666477,1138.517291,9.804589326,1.48010284,331.5430363,45276.5213,-28570.50906,-6399794.029,17438.11056,-3124.674088,-699926.9957
2021,8,AQUE,7,ANNUAL,0,3.1,694.4,49718.72286,-56249.19196,-12599819,49772.96312,-44195.77128,-9899852.767,195.6216151,15.72212886,3521.756866,26.56163114,2.730066882,611.5349816,45277.40793,-28569.12097,-6399483.097,17438.18072,-3124.291367,-699841.2662
2021,8,AQUE,8,CONTINUAL,0,2.2,473,49920.43194,-54417.76395,-11699819.25,49959.60864,-46045.69161,-9899823.696,98.10791327,11.21340199,2410.881428,18.48868114,2.852300733,613.2446576,43733.98703,-25579.73829,-5499643.733,17789.0696,-3255.114165,-699849.5454
2021,8,CARP,7,CONTROL,0,2.3,515.2,49718.75459,-56249.16406,-12599812.75,49773.21645,-44195.48743,-9899789.183,342.8374492,34.7205931,7777.412854,233.2006795,18.95580418,4246.100136,45278.52519,-28567.36733,-6399090.283,17438.4851,-3122.684052,-699481.2278
2021,8,CARP,9,ANNUAL,0,2.3,515.2,49718.77361,-56249.14732,-12599809,49773.19145,-44195.51546,-9899795.463,339.9374163,34.64259782,7759.941912,223.4737085,17.15104494,3841.834067,45278.58292,-28567.27691,-6399070.028,17438.45882,-3122.823801,-699512.5314
2021,8,CARP,10,CONTINUAL,0,2.3,494.5,49920.48931,-54417.71163,-11699808,49959.80662,-46045.47787,-9899777.742,327.407648,34.8087226,7483.875358,228.9438482,20.41709946,4389.676385,43735.38011,-25577.38476,-5499137.723,17789.40974,-3253.347508,-699469.7143
2021,8,IVEE,3,CONTROL,0,2.3,515.2,49718.84974,-56249.08036,-12599794,49773.06947,-44195.65216,-9899826.083,369.4016472,36.61890876,8202.635563,241.4218587,18.25194886,4088.436545,45278.75753,-28567.00549,-6399009.231,17438.48092,-3122.715661,-699488.308
2021,8,IVEE,4,ANNUAL,0,2.3,515.2,49718.75462,-56249.16406,-12599812.75,49772.83263,-44195.91754,-9899885.529,311.9476466,25.98945905,5821.638828,41.00088838,3.975360512,890.4807547,45278.38947,-28567.59017,-6399140.198,17438.26963,-3123.809646,-699733.3607
2021,8,MOHK,2,CONTROL,0,2.2,492.8,49718.80531,-56249.11942,-12599802.75,49772.96021,-44195.77453,-9899853.496,116.6754919,14.63154855,3277.466875,33.94314774,4.932094287,1104.78912,45277.28444,-28569.30844,-6399525.09,17438.21308,-3124.108715,-699800.3521
2021,8,MOHK,3,ANNUAL,0,2.1,470.4,49718.79897,-56249.125,-12599804,49772.91926,-44195.82042,-9899863.775,177.3464459,18.43026163,4128.378604,31.8067291,4.747835692,1063.515195,45277.61836,-28568.78693,-6399408.273,17438.23487,-3123.990374,-699773.8439
2021,8,MOHK,4,CONTINUAL,0,2.1,451.5,49920.47017,-54417.72907,-11699811.75,49959.43975,-46045.87388,-9899862.883,131.4451061,15.67475507,3370.072341,44.14452446,5.775403495,1241.711751,43734.26125,-25579.27379,-5499543.864,17789.11249,-3254.88414,-699800.09
2021,8,NAPL,3,CONTROL,0,4.2,940.8,49718.99561,-56248.95201,-12599765.25,49773.00047,-44195.72939,-9899843.383,240.394781,28.44454262,6371.577547,33.51456304,4.944540169,1107.576998,45278.42003,-28567.52997,-6399126.714,17438.33175,-3123.459546,-699654.9383
2021,8,NAPL,9,ANNUAL,0,4,896,49718.90681,-56249.03013,-12599782.75,49773.05446,-44195.66888,-9899829.829,189.291673,23.39110577,5239.607692,27.04313859,4.574701739,1024.73319,45278.03271,-28568.13466,-6399262.164,17438.33564,-3123.435644,-699649.5842
2021,8,NAPL,10,CONTINUAL,0,4.4,946,49920.51474,-54417.68837,-11699803,49959.53842,-46045.76733,-9899839.975,151.2023722,21.23439525,4565.394978,22.54370252,4.270901517,918.2438262,43734.82651,-25578.31435,-5499337.585,17789.19957,-3254.412973,-699698.7892
2021,11,AQUE,4,CONTROL,0,2,448,49718.64041,-56249.26451,-12599835.25,49772.92312,-44195.81613,-9899862.813,33.9807543,4.227415397,946.9410489,7.450895168,1.267108341,283.8322683,45276.45725,-28570.60989,-6399816.615,17438.10475,-3124.706162,-699934.1803
2021,11,AQUE,7,ANNUAL,0,2.6,582.4,49718.66578,-56249.24219,-12599830.25,49773.21124,-44195.49336,-9899790.513,85.59449651,12.13889256,2719.111933,22.99465001,3.612057194,809.1008114,45277.10594,-28569.58843,-6399587.808,17438.22076,-3124.067551,-699791.1314
2021,11,AQUE,8,CONTINUAL,0,2.5,537.5,49920.31095,-54417.87442,-11699843,49959.67986,-46045.61484,-9899807.192,69.50145211,8.944680732,1923.106357,16.18363113,2.435434217,523.6183566,43733.78995,-25580.07205,-5499715.491,17789.05756,-3255.179085,-699863.5032
2021,11,CARP,7,CONTROL,0,2.6,582.4,49718.83071,-56249.0971,-12599797.75,49773.1194,-44195.59617,-9899813.542,274.6563966,26.65306071,5970.285598,193.5695666,15.83283111,3546.554169,45277.92603,-28568.30468,-6399300.248,17438.40906,-3123.077524,-699569.3654
2021,11,CARP,9,ANNUAL,0,2.6,582.4,49718.75459,-56249.16406,-12599812.75,49773.13547,-44195.57818,-9899809.513,173.9679316,15.34121734,3436.432684,122.2612378,8.971120811,2009.531062,45277.15428,-28569.51487,-6399571.33,17438.25407,-3123.901046,-699753.8343
2021,11,CARP,10,CONTINUAL,0,2.5,537.5,49920.5275,-54417.67674,-11699800.5,49959.82645,-46045.45645,-9899773.138,308.8001751,29.53254098,6349.496312,218.5081473,18.48255483,3973.749289,43735.00832,-25578.01464,-5499273.148,17789.35568,-3253.632215,-699530.9261
2021,11,IVEE,3,CONTROL,0,2.6,582.4,49718.74825,-56249.16964,-12599814,49772.94838,-44195.78782,-9899856.471,245.5083018,27.51048288,6162.348164,108.270807,9.899077029,2217.393255,45278.25029,-28567.79574,-6399186.247,17438.33082,-3123.475838,-699658.5878
2021,11,IVEE,4,ANNUAL,0,3,672,49718.67215,-56249.23661,-12599829,49772.81422,-44195.93819,-9899890.154,199.6988609,17.8027513,3987.816292,26.21275811,2.675315779,599.2707345,45277.615,-28568.79496,-6399410.07,17438.22269,-3124.059114,-699789.2415
2021,11,MOHK,2,CONTROL,0,2.5,560,49718.74824,-56249.16964,-12599814,49772.95667,-44195.77852,-9899854.388,78.71962212,11.67583432,2615.386888,39.61168053,4.954695864,1109.851873,45277.09284,-28569.6086,-6399592.326,17438.21809,-3124.081578,-699794.2735
2021,11,MOHK,3,ANNUAL,0,2.5,560,49718.89415,-56249.04129,-12599785.25,49772.936,-44195.80167,-9899859.575,73.58443538,13.30327401,2979.933378,23.05625587,4.256549163,953.4670125,45277.32787,-28569.23813,-6399509.341,17438.25112,-3123.898891,-699753.3515
2021,11,MOHK,4,CONTINUAL,0,2.5,537.5,49920.38101,-54417.81047,-11699829.25,49959.52035,-46045.78688,-9899844.179,52.66163771,8.719292327,1874.64785,33.28833465,4.662177209,1002.3681,43733.79983,-25580.05458,-5499711.735,17789.08766,-3255.016692,-699828.5887
2021,11,NAPL,3,CONTROL,0,3.2,716.8,49718.83068,-56249.0971,-12599797.75,49772.95943,-44195.77539,-9899853.688,118.1201787,16.53054752,3702.842645,21.35463161,3.852802398,863.0277371,45277.37724,-28569.16216,-6399492.324,17438.23729,-3123.973693,-699770.1073
2021,11,NAPL,9,ANNUAL,0,3.5,784,49718.84971,-56249.08036,-12599794,49773.0144,-44195.7138,-9899839.892,142.418766,19.83866213,4443.860317,24.25348695,4.712411934,1055.580273,45277.59715,-28568.81709,-6399415.028,17438.29625,-3123.649218,-699697.4249
2021,11,NAPL,10,CONTINUAL,0,3.5,752.5,49920.5402,-54417.66512,-11699798,49959.45296,-46045.85961,-9899859.817,122.2055224,17.28550845,3716.384316,18.2087463,3.641328407,782.8856074,43734.42438,-25578.9959,-5499484.119,17789.17143,-3254.563398,-699731.1305
2022,2,AQUE,4,CONTROL,0,2.4,537.6,49718.66578,-56249.24219,-12599830.25,49772.99283,-44195.73804,-9899845.321,38.92194057,4.992384084,1118.294035,10.82442403,1.75923267,394.0681181,45276.47777,-28570.57758,-6399809.377,17438.10834,-3124.686261,-699929.7225
2022,2,AQUE,7,ANNUAL,0,2.3,515.2,49718.68481,-56249.22545,-12599826.5,49773.08367,-44195.63625,-9899822.521,156.2727176,15.04110703,3369.207974,22.51963603,3.182938463,712.9782157,45277.32783,-28569.24325,-6399510.488,17438.19871,-3124.189414,-699818.4286
2022,2,AQUE,8,CONTINUAL,0,2.5,537.5,49920.34278,-54417.84535,-11699836.75,49959.60592,-46045.69457,-9899824.333,85.58364391,9.097322793,1955.924401,13.45840053,2.147944079,461.807977,43733.82968,-25580.00535,-5499701.151,17789.03816,-3255.284364,-699886.1382
2022,2,CARP,7,CONTROL,0,1.5,336,49718.7102,-56249.20313,-12599821.5,49773.16633,-44195.5436,-9899801.767,407.1715082,36.6784634,8215.975802,286.929114,22.94104737,5138.79461,45278.4946,-28567.42214,-6399102.56,17438.54351,-3122.403923,-699418.4788
2022,2,CARP,9,ANNUAL,0,1.5,336,49718.64042,-56249.26451,-12599835.25,49773.11555,-44195.60045,-9899814.5,179.0855409,20.74549253,4646.990327,124.0349277,12.46543813,2792.258141,45277.42977,-28569.08022,-6399473.968,17438.30498,-3123.617782,-699690.3833
2022,2,CARP,10,CONTINUAL,0,2,430,49920.43197,-54417.76395,-11699819.25,49959.79981,-46045.48519,-9899779.317,317.148011,34.19744966,7352.451677,218.1623421,19.42991423,4177.431559,43735.33079,-25577.46763,-5499155.541,17789.39546,-3253.416957,-699484.6457
2022,2,IVEE,3,CONTROL,0,2.5,560,49718.66579,-56249.24219,-12599830.25,49772.84554,-44195.90307,-9899882.288,271.4999052,20.87719311,4676.491257,35.83490492,3.308139631,741.0232772,45277.8674,-28568.40657,-6399323.071,17438.21201,-3124.124548,-699803.8989
2022,2,IVEE,4,ANNUAL,0,2.7,604.8,49718.71022,-56249.20313,-12599821.5,49772.8025,-44195.95132,-9899893.096,189.3907728,16.03972614,3592.898656,25.01439078,2.420248287,542.1356163,45277.53424,-28568.92129,-6399438.369,17438.18492,-3124.267974,-699836.0262
2022,2,MOHK,2,CONTROL,0,3,672,49718.76092,-56249.15848,-12599811.5,49772.96028,-44195.77446,-9899853.479,41.34687709,7.795298265,1746.146811,23.85009746,3.698643372,828.4961153,45276.73984,-28570.1642,-6399716.781,17438.1802,-3124.289223,-699840.786
2022,2,MOHK,3,ANNUAL,0,3,672,49718.70383,-56249.20871,-12599822.75,49772.90096,-44195.84094,-9899868.371,78.78563679,12.44204611,2787.018329,31.30642943,4.523222957,1013.201942,45277.14819,-28569.52126,-6399572.763,17438.22327,-3124.051822,-699787.608
2022,2,MOHK,4,CONTINUAL,0,3,645,49920.30458,-54417.88023,-11699844.25,49959.5429,-46045.76254,-9899838.946,76.08624529,11.44444126,2460.554872,46.62636154,6.093080409,1310.012288,43733.98133,-25579.74663,-5499645.525,17789.15819,-3254.639182,-699747.4242
2022,2,NAPL,3,CONTROL,0,3,672,49718.99559,-56248.95201,-12599765.25,49772.97653,-44195.75623,-9899849.396,96.71996291,17.95352865,4021.590417,31.98949241,5.51914158,1236.287714,45277.55034,-28568.88775,-6399430.857,17438.29678,-3123.645528,-699696.5983
2022,2,NAPL,9,ANNUAL,0,3,672,49718.97023,-56248.97433,-12599770.25,49773.09178,-44195.62706,-9899820.463,96.16102059,17.95684173,4022.332549,25.39430989,5.213224021,1167.762181,45277.67801,-28568.68665,-6399385.81,17438.32318,-3123.501059,-699664.2372
2022,2,NAPL,10,CONTINUAL,0,3.2,688,49920.5848,-54417.62442,-11699789.25,49959.48174,-46045.82853,-9899853.133,131.6733803,18.78744807,4039.301334,27.44249264,4.964308051,1067.326231,43734.58733,-25578.71939,-5499424.669,17789.19534,-3254.435151,-699703.5574
2022,5,AQUE,4,CONTROL,0,1.3,291.2,49718.66578,-56249.24219,-12599830.25,49773.08516,-44195.63465,-9899822.163,95.95979673,9.275711889,2077.759463,19.40764837,2.473441328,554.0508575,45276.86122,-28569.97493,-6399674.385,17438.14758,-3124.470267,-699881.3399
2022,5,AQUE,7,ANNUAL,0,1.3,291.2,49718.64041,-56249.26451,-12599835.25,49773.10577,-44195.6115,-9899816.975,159.6179867,14.78062695,3310.860436,23.47995147,3.080078403,689.9375623,45277.30824,-28569.2745,-6399517.488,17438.19934,-3124.186632,-699817.8056
2022,5,AQUE,8,CONTINUAL,0,1.3,279.5,49920.28548,-54417.89767,-11699848,49959.54925,-46045.7557,-9899837.475,133.2126343,12.38922786,2663.68399,22.91646869,2.975005412,639.6261635,43734.06734,-25579.60431,-5499614.928,17789.05628,-3255.187889,-699865.3962
2022,5,CARP,7,CONTROL,0,1.2,268.8,49718.75459,-56249.16406,-12599812.75,49773.15144,-44195.56025,-9899805.496,322.906535,35.03789482,7848.488441,218.956063,19.09368611,4276.985689,45278.55639,-28567.316,-6399078.783,17438.50297,-3122.575542,-699456.9215
2022,5,CARP,9,ANNUAL,0,1.2,268.8,49718.65945,-56249.24777,-12599831.5,49773.05033,-44195.67355,-9899830.875,197.377389,19.5896601,4388.083863,136.0101172,11.07703477,2481.255789,45277.4711,-28569.01678,-6399459.759,17438.30016,-3123.65134,-699697.9001
2022,5,CARP,10,CONTINUAL,0,1.3,279.5,49920.4256,-54417.76977,-11699820.5,49959.80308,-46045.48167,-9899778.558,334.0906095,36.29004016,7802.358635,230.0123796,20.8148836,4475.199973,43735.50656,-25577.17094,-5499091.751,17789.43834,-3253.193884,-699436.6851
2022,5,IVEE,3,CONTROL,0,4.5,1008,49718.69116,-56249.21987,-12599825.25,49772.86509,-44195.88116,-9899877.379,279.9262163,23.41194671,5244.276063,38.04893524,4.419878303,990.0527398,45278.03354,-28568.14581,-6399264.661,17438.25694,-3123.87628,-699748.2867
2022,5,IVEE,4,ANNUAL,0,6,1344,49718.65946,-56249.24777,-12599831.5,49772.80232,-44195.95153,-9899893.142,109.9670666,15.23651905,3412.980267,22.23509164,3.333518512,746.7081467,45277.02482,-28569.71666,-6399616.532,17438.17412,-3124.322663,-699848.2764
2022,5,MOHK,2,CONTROL,0,1.6,358.4,49718.7419,-56249.17522,-12599815.25,49773.01036,-44195.71838,-9899840.917,37.80622509,6.533729017,1463.5553,22.21201284,3.224855989,722.3677415,45276.65706,-28570.29475,-6399746.025,17438.16639,-3124.36588,-699857.957
2022,5,MOHK,3,ANNUAL,0,1.2,268.8,49718.72921,-56249.18638,-12599817.75,49772.92353,-44195.81564,-9899862.704,27.44586688,5.159973056,1155.833965,11.71105827,2.03230011,455.2352247,45276.58007,-28570.4161,-6399773.206,17438.14349,-3124.492244,-699886.2628
2022,5,MOHK,4,CONTINUAL,0,1.3,279.5,49920.34279,-54417.84535,-11699836.75,49959.60312,-46045.69758,-9899824.979,62.80884513,7.423714632,1596.098646,44.97426019,4.75073262,1021.407513,43733.67878,-25580.26063,-5499756.035,17789.06566,-3255.137363,-699854.5331
2022,5,NAPL,3,CONTROL,0,6,1344,49718.88141,-56249.05246,-12599787.75,49772.96342,-44195.77093,-9899852.688,148.3086123,20.23337778,4532.276623,25.203691,4.498479107,1007.65932,45277.72851,-28568.61041,-6399368.732,17438.28038,-3123.73634,-699716.9401
2022,5,NAPL,9,ANNUAL,0,5.5,1232,49718.80531,-56249.11942,-12599802.75,49773.05742,-44195.66557,-9899829.088,90.55953448,14.42165572,3230.450881,16.06545943,3.118126594,698.4603571,45277.37098,-28569.17063,-6399494.221,17438.25076,-3123.899821,-699753.5598
2022,5,NAPL,10,CONTINUAL,0,4.2,903,49920.50836,-54417.69419,-11699804.25,49959.58016,-46045.72229,-9899830.292,122.7594756,19.55891997,4205.167794,19.01418024,4.071483351,875.3689204,43734.6044,-25578.68974,-5499418.295,17789.20498,-3254.382211,-699692.1754
2022,8,AQUE,4,CONTROL,0,2.3,515.2,49718.65944,-56249.24777,-12599831.5,49773.16267,-44195.54784,-9899802.717,21.35658967,3.785655475,847.9868264,12.87722979,1.79579922,402.2590252,45276.36659,-28570.75263,-6399848.59,17438.11112,-3124.670727,-699926.2428
2022,8,AQUE,7,ANNUAL,0,2.1,470.4,49718.65944,-56249.24777,-12599831.5,49773.05338,-44195.67013,-9899830.108,234.4637261,23.95163125,5365.1654,34.00509759,4.789945632,1072.947821,45277.84811,-28568.43103,-6399328.55,17438.25273,-3123.895972,-699752.6977
2022,8,AQUE,8,CONTINUAL,0,2.3,494.5,49920.35552,-54417.83372,-11699834.25,49959.73463,-46045.5557,-9899794.475,119.8204556,12.14955218,2612.15372,17.16911084,2.416105988,519.4627874,43734.06922,-25579.60004,-5499614.008,17789.06888,-3255.119026,-699850.5905
2022,8,CARP,7,CONTROL,0,1.8,403.2,49718.80535,-56249.11942,-12599802.75,49773.17181,-44195.53743,-9899800.383,331.732893,35.86328095,8033.374933,221.6022826,19.18039847,4296.409257,45278.59479,-28567.25666,-6399065.493,17438.5135,-3122.519953,-699444.4695
2022,8,CARP,9,ANNUAL,0,1.6,358.4,49718.67213,-56249.23661,-12599829,49773.18288,-44195.52506,-9899797.613,331.3756258,29.75610835,6665.36827,232.684728,17.7946989,3986.012553,45278.10322,-28568.03076,-6399238.889,17438.44221,-3122.920588,-699534.2117
2022,8,CARP,10,CONTINUAL,0,1.8,387,49920.48931,-54417.71163,-11699808,49959.80815,-46045.47634,-9899777.413,592.0337879,62.1074397,13353.09954,399.8016048,35.28361649,7585.977545,43737.12894,-25574.4576,-5498508.384,17789.77928,-3251.518547,-699076.4875
2022,8,IVEE,3,CONTROL,0,2,448,49718.64042,-56249.26451,-12599835.25,49772.99467,-44195.73596,-9899844.854,242.1876974,25.15875751,5635.561682,126.9330913,10.82874087,2425.637955,45277.92159,-28568.31244,-6399301.986,17438.3141,-3123.573739,-699680.5175
2022,8,IVEE,4,ANNUAL,0,1.7,380.8,49718.64042,-56249.26451,-12599835.25,49772.80199,-44195.9519,-9899893.225,108.5055979,10.14537212,2272.563354,14.73506235,1.780376493,398.8043344,45277.00529,-28569.74851,-6399623.666,17438.14164,-3124.503355,-699888.7516
2022,8,MOHK,2,CONTROL,0,2.2,492.8,49718.76726,-56249.1529,-12599810.25,49773.183,-44195.52481,-9899797.558,59.18797043,10.90836142,2443.472958,38.25197115,5.048515115,1130.867386,45276.92872,-28569.86651,-6399650.099,17438.20261,-3124.165903,-699813.1622
2022,8,MOHK,3,ANNUAL,0,2.6,582.4,49718.79264,-56249.13058,-12599805.25,49772.87679,-44195.86804,-9899874.442,34.02228509,6.941293892,1554.849832,11.65647678,2.219893203,497.2560774,45276.72736,-28570.18387,-6399721.187,17438.15577,-3124.423882,-699870.9496
2022,8,MOHK,4,CONTINUAL,0,2.5,537.5,49920.34916,-54417.83953,-11699835.5,49959.5213,-46045.78583,-9899843.954,57.03766704,9.420758261,2025.463026,37.51661737,4.830465704,1038.550126,43733.85388,-25579.96271,-5499691.982,17789.10424,-3254.927645,-699809.4437
2022,8,NAPL,3,CONTROL,0,3.2,716.8,49718.87507,-56249.05804,-12599789,49772.95326,-44195.78231,-9899855.238,206.8309841,25.78041143,5774.812161,33.32234077,5.292155832,1185.442906,45278.22276,-28567.83677,-6399195.435,17438.31664,-3123.540868,-699673.1545
2022,8,NAPL,9,ANNUAL,0,3.5,784,49718.81799,-56249.10826,-12599800.25,49773.03912,-44195.68607,-9899833.679,167.6752396,21.72709117,4866.868422,29.7866829,5.313429501,1190.208208,45277.81528,-28568.47531,-6399338.47,17438.32067,-3123.516455,-699667.6859
2022,8,NAPL,10,CONTINUAL,0,3,645,49920.48926,-54417.71163,-11699808,49959.44242,-46045.87099,-9899862.263,171.5597241,21.15567773,4548.470712,23.73239441,3.995909773,859.1206012,43734.73931,-25578.46475,-5499369.921,17789.1795,-3254.522194,-699722.2716
2022,11,AQUE,4,CONTROL,0,3,672,49718.65309,-56249.25335,-12599832.75,49773.13565,-44195.57807,-9899809.488,12.44772162,3.105470957,695.6254944,6.852711163,1.225389454,274.4872377,45276.37394,-28570.74103,-6399845.99,17438.10621,-3124.697834,-699932.3148
2022,11,AQUE,7,ANNUAL,0,2.6,582.4,49718.79262,-56249.13058,-12599805.25,49773.11113,-44195.60551,-9899815.633,60.6048461,7.790307629,1745.028909,10.40524905,1.795077281,402.0973109,45276.75089,-28570.14738,-6399713.012,17438.14594,-3124.478102,-699883.0948
2022,11,AQUE,8,CONTINUAL,0,3,645,49920.37462,-54417.81628,-11699830.5,49959.66612,-46045.62959,-9899810.363,37.42649809,5.673644508,1219.833569,20.96149736,2.280769279,490.365395,43733.55337,-25580.47348,-5499801.798,17789.02671,-3255.345876,-699899.3634
2022,11,CARP,7,CONTROL,0,2.6,582.4,49718.74825,-56249.16964,-12599814,49773.30368,-44195.38981,-9899767.317,542.5218109,53.03369269,11879.54716,381.412888,32.53619392,7288.107439,45279.61547,-28565.67547,-6398711.306,17438.81007,-3121.033473,-699111.4979
2022,11,CARP,9,ANNUAL,0,2.8,627.2,49718.68481,-56249.22545,-12599826.5,49773.20802,-44195.49689,-9899791.304,293.6462299,24.88076114,5573.290496,207.4166828,15.33729124,3435.553239,45277.76232,-28568.56465,-6399358.482,17438.40019,-3123.135473,-699582.3459
2022,11,CARP,10,CONTINUAL,0,2.5,537.5,49920.43198,-54417.76395,-11699819.25,49959.80747,-46045.47694,-9899777.542,377.5569835,39.10737926,8408.086542,260.0233878,22.67842718,4875.861843,43735.64446,-25576.94188,-5499042.505,17789.47912,-3252.99499,-699393.9229
2022,11,IVEE,3,CONTROL,0,1.3,291.2,49718.74823,-56249.16964,-12599814,49773.13516,-44195.57872,-9899809.633,533.7840848,40.77600055,9133.824124,377.1325393,26.26812874,5884.060838,45278.78369,-28566.98531,-6399004.71,17438.60902,-3122.138345,-699358.9894
2022,11,IVEE,4,ANNUAL,0,1.3,291.2,49718.77995,-56249.14174,-12599807.75,49772.81072,-44195.94211,-9899891.033,54.38647301,7.765411614,1739.452202,17.48549053,2.085458875,467.1427881,45276.82198,-28570.03509,-6399687.86,17438.13661,-3124.52993,-699894.7043
2022,11,MOHK,2,CONTROL,0,2.1,470.4,49718.76726,-56249.1529,-12599810.25,49773.07105,-44195.65037,-9899825.683,162.2989827,20.51288755,4594.886812,49.53995192,6.637509922,1486.802222,45277.81439,-28568.47612,-6399338.651,17438.29982,-3123.633231,-699693.8437
2022,11,MOHK,3,ANNUAL,0,2.5,560,49718.72288,-56249.19196,-12599819,49772.89213,-44195.85084,-9899870.588,185.8056142,18.94381652,4243.4149,32.62826342,4.747346017,1063.405508,45277.69862,-28568.66132,-6399380.135,17438.2463,-3123.927467,-699759.7526
2022,11,MOHK,4,CONTINUAL,0,2.5,537.5,49920.33005,-54417.85698,-11699839.25,49959.5231,-46045.78388,-9899843.533,147.6553691,20.6272004,4434.848085,80.21213064,9.487636915,2039.841937,43734.58609,-25578.72148,-5499425.118,17789.21973,-3254.309153,-699676.468
2022,11,NAPL,3,CONTROL,0,4.2,940.8,49718.83068,-56249.0971,-12599797.75,49772.88903,-44195.85432,-9899871.367,47.85541156,10.61500123,2377.760276,15.47114921,3.190843521,714.7489486,45276.83048,-28570.02126,-6399684.763,17438.22863,-3124.020553,-699780.6038
2022,11,NAPL,9,ANNUAL,0,4.2,940.8,49718.80531,-56249.11942,-12599802.75,49773.07934,-44195.641,-9899823.583,65.29523601,14.74718453,3303.369334,31.76680374,5.356895615,1199.944618,45277.13706,-28569.53791,-6399576.492,17438.28297,-3123.719961,-699713.2713
2022,11,NAPL,10,CONTINUAL,0,4.5,967.5,49920.51472,-54417.68837,-11699803,49959.38391,-46045.93417,-9899875.846,65.60025357,14.16883292,3046.299077,18.26628651,3.850651372,827.890045,43734.07739,-25579.58271,-5499610.283,17789.16552,-3254.593474,-699737.597
2023,2,IVEE,3,CONTROL,0,2,448,49718.69116,-56249.21987,-12599825.25,49773.01886,-44195.70891,-9899838.796,333.6466687,23.76885235,5324.222926,236.5404797,16.19658905,3628.035947,45277.62116,-28568.79122,-6399409.233,17438.38719,-3123.228679,-699603.224
2023,2,IVEE,4,ANNUAL,0,2,448,49718.73558,-56249.1808,-12599816.5,49772.79835,-44195.95597,-9899894.138,15.90775508,2.667686685,597.5618175,4.274158351,0.702696711,157.4040633,45276.37139,-28570.74515,-6399846.914,17438.09611,-3124.754065,-699944.9106
2023,2,NAPL,3,CONTROL,0,2.5,560,49718.77995,-56249.14174,-12599807.75,49772.94259,-44195.79427,-9899857.917,38.50518917,8.672689588,1942.682468,23.26848285,3.75782419,841.7526186,45276.7312,-28570.17772,-6399719.81,17438.22454,-3124.043296,-699785.6984
2023,2,NAPL,9,ANNUAL,0,2.7,604.8,49718.74189,-56249.17522,-12599815.25,49773.044,-44195.68065,-9899832.467,48.46471463,11.09699231,2485.726278,25.35772382,4.639338281,1039.211775,45276.98177,-28569.78284,-6399631.355,17438.27313,-3123.775961,-699725.8152
2023,2,NAPL,10,CONTINUAL,0,3,645,49920.4192,-54417.77558,-11699821.75,49959.51009,-46045.79795,-9899846.558,43.55214521,9.936184183,2136.279599,20.16117798,3.506857641,753.9743928,43733.84416,-25579.97899,-5499695.483,17789.14925,-3254.682916,-699756.8269
2023,3,AQUE,4,CONTROL,0,2.2,492.8,49718.62138,-56249.28125,-12599839,49773.00263,-44195.72706,-9899842.863,18.15827484,3.061062758,685.6780578,12.47695337,1.714773498,384.1092635,45276.329,-28570.81193,-6399861.872,17438.10432,-3124.708479,-699934.6994
2023,3,AQUE,7,ANNUAL,0,2,448,49718.64675,-56249.25893,-12599834,49773.01215,-44195.71637,-9899840.467,13.45027806,2.528633719,566.413953,5.463651002,0.994070904,222.6718826,45276.32617,-28570.81639,-6399862.872,17438.09984,-3124.733356,-699940.2718
2023,3,AQUE,8,CONTINUAL,0,2,430,49920.28547,-54417.89767,-11699848,49959.72531,-46045.56579,-9899796.646,23.08482576,3.64279844,783.2016647,15.84810202,2.040011303,438.6024302,43733.40018,-25580.73392,-5499857.794,17789.00175,-3255.481135,-699928.444
2023,3,CARP,7,CONTROL,0,2.2,492.8,49718.68484,-56249.22545,-12599826.5,49773.28128,-44195.41479,-9899772.913,449.6912852,41.02857677,9190.401196,317.9197304,26.88792099,6022.894301,45278.68035,-28567.13445,-6399038.117,17438.61379,-3122.043236,-699337.6849
2023,3,CARP,9,ANNUAL,0,2.4,537.6,49718.58968,-56249.30915,-12599845.25,49773.28027,-44195.41602,-9899773.188,434.5706356,34.19736086,7660.208834,307.7389451,23.24001467,5205.763287,45278.20615,-28567.88054,-6399205.242,17438.51467,-3122.583344,-699458.6691
2023,3,CARP,10,CONTINUAL,0,2.5,537.5,49920.35555,-54417.83372,-11699834.25,49959.81124,-46045.47287,-9899776.667,360.6679826,39.08887936,8404.109061,253.9797153,25.7047513,5526.52153,43735.42276,-25577.31491,-5499122.706,17789.48429,-3252.958462,-699386.0694
2023,3,MOHK,2,CONTROL,0,1,224,49718.70383,-56249.20871,-12599822.75,49773.00282,-44195.72684,-9899842.813,48.52725089,7.737140236,1733.119413,29.96725072,3.798700641,850.9089436,45276.708,-28570.21447,-6399728.04,17438.17082,-3124.341616,-699852.522
2023,3,MOHK,3,ANNUAL,0,1.2,268.8,49718.74824,-56249.16964,-12599814,49772.86401,-44195.88237,-9899877.65,61.14926252,9.171787383,2054.480374,15.64981414,2.855938622,639.7302513,45276.88576,-28569.93463,-6399665.358,17438.1637,-3124.379799,-699861.0751
2023,3,MOHK,4,CONTINUAL,0,1,215,49920.31732,-54417.8686,-11699841.75,49959.62691,-46045.6719,-9899819.458,76.4774912,12.25047385,2633.851877,27.44609258,4.505589728,968.7017916,43734.11478,-25579.51994,-5499596.787,17789.1365,-3254.755386,-699772.408
2023,5,AQUE,4,CONTROL,0,1,224,49718.62138,-56249.28125,-12599839,49773.04518,-44195.67939,-9899832.183,16.52235376,3.555845595,796.5094133,11.36928523,1.941077622,434.8013874,45276.37191,-28570.74424,-6399846.709,17438.10991,-3124.677425,-699927.7433
2023,5,AQUE,7,ANNUAL,0,1,224,49718.61504,-56249.28683,-12599840.25,49773.00124,-44195.72861,-9899843.208,12.9546925,2.512562333,562.8139627,4.626169433,0.902753806,202.2168526,45276.33212,-28570.807,-6399860.769,17438.10025,-3124.731072,-699939.7602
2023,5,AQUE,8,CONTINUAL,0,2,430,49920.26637,-54417.91512,-11699851.75,49959.67162,-46045.6237,-9899809.096,49.15671915,6.586272184,1416.04852,31.52904082,3.382490674,727.2354949,43733.56692,-25580.45055,-5499796.867,17789.04787,-3255.23204,-699874.8885
2023,5,CARP,7,CONTROL,0,1.8,403.2,49718.71019,-56249.20313,-12599821.5,49773.18488,-44195.52284,-9899797.117,472.7997977,46.3427114,10380.76735,332.5902246,29.60687999,6631.941118,45278.94642,-28566.7176,-6398944.743,17438.68409,-3121.668459,-699253.7348
2023,5,CARP,9,ANNUAL,0,1.8,403.2,49718.68482,-56249.22545,-12599826.5,49773.28326,-44195.41265,-9899772.433,368.1619924,32.62802925,7308.678551,260.0998023,21.55649604,4828.655112,45278.11055,-28568.0226,-6399237.061,17438.48288,-3122.714773,-699488.1092
2023,5,CARP,10,CONTINUAL,0,1.2,258,49920.41925,-54417.77558,-11699821.75,49959.8305,-46045.45213,-9899772.208,529.4258263,55.30346979,11890.246,374.4086194,36.55351812,7859.006396,43736.41443,-25575.6557,-5498765.976,17789.7406,-3251.691898,-699113.758
2023,5,IVEE,3,CONTROL,0,4,896,49718.85614,-56249.07478,-12599792.75,49773.58206,-44195.07846,-9899697.575,383.3794404,45.56698798,10207.00531,164.1762612,14.60838195,3272.277557,45279.42255,-28565.96638,-6398776.468,17438.47497,-3122.70987,-699487.0108
2023,5,IVEE,4,ANNUAL,0,4,896,49718.74826,-56249.16964,-12599814,49773.78875,-44194.84849,-9899646.063,262.8490749,30.72291811,6881.933656,38.05553748,5.087755139,1139.657151,45278.54384,-28567.33734,-6399083.565,17438.29533,-3123.661695,-699700.2197
2023,5,MOHK,2,CONTROL,0,2,448,49718.71017,-56249.20313,-12599821.5,49772.94339,-44195.79338,-9899857.717,39.1520284,6.412557285,1436.412832,23.96092002,2.866210042,642.0310493,45276.5983,-28570.38741,-6399766.779,17438.13826,-3124.521167,-699892.7413
2023,5,MOHK,3,ANNUAL,0,2,448,49718.66578,-56249.24219,-12599830.25,49772.83789,-44195.91164,-9899884.208,78.58958464,8.773821027,1965.33591,12.45149874,2.055304869,460.3882908,45276.86227,-28569.97241,-6399673.82,17438.1439,-3124.489786,-699885.712
2023,5,MOHK,4,CONTINUAL,0,2,430,49920.24727,-54417.93256,-11699855.5,49959.47942,-46045.83105,-9899853.675,137.1661526,21.18018771,4553.740358,53.06121444,8.210677739,1765.295714,43734.78922,-25578.3777,-5499351.206,17789.30474,-3253.867854,-699581.5886
2023,5,NAPL,3,CONTROL,0,3,672,49718.84971,-56249.08036,-12599794,49773.16478,-44195.54528,-9899802.142,166.926662,22.76338268,5098.99772,34.5907715,5.739511139,1285.650495,45277.9072,-28568.33019,-6399305.963,17438.33287,-3123.447163,-699652.1644
2023,5,NAPL,9,ANNUAL,0,3,672,49718.83703,-56249.09152,-12599796.5,49773.22261,-44195.48045,-9899787.621,97.71516513,18.63953327,4175.255453,19.2348854,4.38773686,982.8530566,45277.6273,-28568.76665,-6399403.729,17438.33346,-3123.442878,-699651.2047
2023,5,NAPL,10,CONTINUAL,0,3,645,49920.47014,-54417.72907,-11699811.75,49959.54038,-46045.76521,-9899839.521,64.71380815,15.42290326,3315.924202,23.93707484,4.893076024,1052.011345,43734.28187,-25579.23476,-5499535.473,17789.16455,-3254.59842,-699738.6604