"YEAR","MONTH","SITE","TRANSECT","TREATMENT","VIS_sd","VIS_mean","VIS_sum","PERCENT_COVER_sd","PERCENT_COVER_mean","PERCENT_COVER_sum","DENSITY_sd","DENSITY_mean","DENSITY_sum","WM_GM2_sd","WM_GM2_mean","WM_GM2_sum","DRY_GM2_sd","DRY_GM2_mean","DRY_GM2_sum","SFDM_sd","SFDM_mean","SFDM_sum","AFDM_sd","AFDM_mean","AFDM_sum"
2008,1,"AQUE",4,"CONTROL",0,2.5,560,49718.8116469688,-56249.1138392857,-12599801.5,49772.9873680011,-44195.7441592262,-9899846.69166667,73.5591956693963,8.25355151812999,1848.79554006112,9.65940658232273,1.2512181503626,280.272865681222,45276.8357527711,-28570.0140322366,-6399683.14322101,17438.1319918751,-3124.55563237003,-699900.461650886
2008,1,"AQUE",7,"ANNUAL",0,2.5,560,49718.6213876274,-56249.28125,-12599839,49773.0904700534,-44195.6286458333,-9899820.81666667,109.918514186292,8.69273116683837,1947.1717813718,14.3853552879315,1.3994188953568,313.469832559923,45276.8191432102,-28570.0421769879,-6399689.44764529,17438.1302364509,-3124.56665420009,-699902.93054082
2008,1,"MOHK",2,"CONTROL",0,2,448,49718.7609105945,-56249.1584821429,-12599811.5,49773.0146507486,-44195.7135230655,-9899839.82916667,200.597080061079,18.4506918251979,4132.95496884433,27.6431010956152,3.20732859508836,718.441605299792,45277.6953828735,-28568.6681778883,-6399381.67184699,17438.2371098557,-3123.98039400173,-699771.608256386
2008,1,"MOHK",3,"ANNUAL",0,1.5,336,49718.7672500392,-56249.1529017857,-12599810.25,49773.2622496488,-44195.4362165179,-9899777.7125,295.299429465156,23.9651133029584,5368.18537986268,40.0751443255008,4.27171322376685,956.863762123774,45278.1522181859,-28567.9611884567,-6399223.3062143,17438.2641937819,-3123.83802509571,-699739.71762144
2008,1,"NAPL",3,"CONTROL",0,3,672,49718.6848330595,-56249.2254464286,-12599826.5,49773.0488206458,-44195.6752790179,-9899831.2625,82.2889590200783,10.963457212735,2455.81441565263,27.6779311130653,3.62509630233077,812.021571722092,45277.0736202522,-28569.639360916,-6399599.21684518,17438.2873051627,-3123.70655612508,-699710.268572018
2008,1,"NAPL",9,"ANNUAL",0,3,672,49718.8370282276,-56249.0915178571,-12599796.5,49772.9911022818,-44195.7399181548,-9899845.74166667,47.1081276846898,9.31548454522909,2086.66853813132,18.1343332730033,3.04908675976877,682.995434188204,45276.9592551032,-28569.8183839924,-6399639.3180143,17438.2451910714,-3123.93089595808,-699760.520694609
2008,2,"CARP",7,"CONTROL",0,1.5,336,49718.5135716363,-56249.3761160714,-12599860.25,49773.1827141491,-44195.5252046131,-9899797.64583333,293.249414801762,28.3340779507956,6346.83346097822,207.743255864731,18.4148641112225,4124.92956091384,45278.0035963119,-28568.1844110816,-6399273.30808227,17438.4733706231,-3122.73386758921,-699492.386339982
2008,2,"CARP",9,"ANNUAL",0,1.5,336,49718.640439029,-56249.2645089286,-12599835.25,49773.2502313022,-44195.4496465774,-9899780.72083333,406.541164825295,31.239696033665,6997.69191154095,288.116629072343,21.0710571358774,4719.91679843654,45278.1196435676,-28568.0135238892,-6399235.02935118,17438.4890482208,-3122.70776870542,-699486.540190014
2008,3,"AQUE",4,"CONTROL",0,3,672,49718.6467504564,-56249.2589285714,-12599834,49772.9267683028,-44195.8120535714,-9899861.9,56.8287385348473,6.31757586007005,1415.13699265569,7.54104842940266,1.01407022500547,227.151730401225,45276.6405642978,-28570.3213060045,-6399751.97254502,17438.1166577919,-3124.64033815043,-699919.435745696
2008,3,"AQUE",7,"ANNUAL",0,3,672,49718.5833312914,-56249.3147321429,-12599846.5,49773.024606958,-44195.7024553571,-9899837.35,10.4823442158297,2.14282964732293,479.993841000337,5.24672621879524,0.826859203514954,185.21646158735,45276.2788851535,-28570.890983381,-6399879.58027734,17438.1054213372,-3124.70236990208,-699933.330858065
2008,3,"CARP",7,"CONTROL",0,2,448,49718.589679091,-56249.3091517857,-12599845.25,49773.0099432158,-44195.7187872024,-9899841.00833333,150.825788859064,16.6752686867586,3735.26018583393,106.746481882686,10.5259669276603,2357.81659179592,45277.2406220653,-28569.3776952005,-6399540.60372491,17438.3064298312,-3123.60707832161,-699687.98554404
2008,3,"CARP",9,"ANNUAL",0,2,448,49718.5072288928,-56249.3816964286,-12599861.5,49773.1267146015,-44195.5880022321,-9899811.7125,266.09542947588,18.6575402366312,4179.28901300538,188.666215514593,13.0311991086094,2918.98860032851,45277.2684242202,-28569.3411861558,-6399532.4256989,17438.3113671449,-3123.61643367893,-699690.081144081
2008,3,"MOHK",2,"CONTROL",0,4.8,1075.2,49718.8433738558,-56249.0859375,-12599795.25,49773.0036586413,-44195.7258370536,-9899842.5875,94.4606097808537,13.535989966594,3032.06175251706,26.5856783751275,3.85554598231148,863.642300037772,45277.2643948068,-28569.3388901148,-6399531.91138572,17438.2338457888,-3123.99390629694,-699774.635010514
2008,3,"MOHK",3,"ANNUAL",0,7,1568,49718.8750815408,-56249.0580357143,-12599789,49773.2899719837,-44195.4052083333,-9899770.76666667,22.28163782611,5.1937571140289,1163.40159354247,9.30801822004982,1.59854368566675,358.073785589352,45276.5897759069,-28570.4006678571,-6399769.74959999,17438.1457185395,-3124.47904906865,-699883.306991377
2008,3,"NAPL",3,"CONTROL",0,4,896,49718.7482922996,-56249.1696428571,-12599814,49773.0711804444,-44195.6502046131,-9899825.64583333,68.0179518330087,10.1490058865572,2273.37731858881,24.4053464908661,3.56922407388505,799.506192550252,45277.0513064638,-28569.6740808803,-6399606.99411719,17438.2722395204,-3123.78676827539,-699728.236093687
2008,3,"NAPL",9,"ANNUAL",0,4.5,1008,49718.8243493685,-56249.1026785714,-12599799,49772.8950689723,-44195.8475446429,-9899869.85,41.3305045248452,7.83689644196852,1755.46480300095,25.8612822454998,3.05964268618043,685.359961704416,45276.8101213166,-28570.0533677179,-6399691.9543688,17438.2050086927,-3124.15173401757,-699809.988419936
2008,4,"AQUE",4,"CONTROL",0,5.8,1299.2,49718.7228630449,-56249.1919642857,-12599819,49772.9251145284,-44195.8138950893,-9899862.3125,91.3538342363776,9.63536051633824,2158.32075565977,12.5298786527525,1.57792248658758,353.454636995618,45276.8872511025,-28569.9336187394,-6399665.13059762,17438.1408370034,-3124.50704469847,-699889.578012458
2008,4,"AQUE",7,"ANNUAL",0,6.5,1456,49718.8116993936,-56249.1138392857,-12599801.5,49773.0331020515,-44195.6929129464,-9899835.2125,20.3394139235864,4.18139266822715,936.631957682882,7.06488386358503,1.10205359490388,246.86000525847,45276.4408068634,-28570.6355891639,-6399822.37197271,17438.1089048465,-3124.68296825422,-699928.984888945
2008,4,"CARP",7,"CONTROL",0,6,1344,49718.7673148657,-56249.1529017857,-12599810.25,49773.2602067331,-44195.4384672619,-9899778.21666667,481.063850195935,44.2919301716565,9921.39235845105,341.544955734249,29.5909525555712,6628.37337244796,45279.0447606403,-28566.5659730093,-6398910.77795409,17438.7190491385,-3121.4958627913,-699215.07326525
2008,4,"CARP",9,"ANNUAL",0,6.5,1456,49718.640441002,-56249.2645089286,-12599835.25,49773.3403977159,-44195.3486979167,-9899758.10833333,528.100624544894,39.0816560351017,8754.29095186279,374.476297526928,27.0269393992844,6054.0344254397,45278.5743834462,-28567.3143263868,-6399078.40911064,17438.6156543693,-3122.09859447619,-699350.085162667
2008,4,"MOHK",2,"CONTROL",0,1.8,403.2,49718.8306897853,-56249.0970982143,-12599797.75,49773.0447536575,-44195.6797619048,-9899832.26666667,144.155616140782,17.7600674292464,3978.25510415119,26.1971000019629,3.7651740393541,843.398984815319,45277.6445851229,-28568.7427133361,-6399398.36778729,17438.2564953093,-3123.87191170503,-699747.308221926
2008,4,"MOHK",3,"ANNUAL",0,1.6,358.4,49718.7926350024,-56249.1305803571,-12599805.25,49773.2663867016,-44195.4314732143,-9899776.65,35.5303752354459,8.58922990392947,1923.9874984802,17.8092246285418,2.62631396519363,588.294328203373,45276.8753221533,-28569.950399095,-6399668.88939729,17438.1847262357,-3124.26339600407,-699835.000704912
2008,4,"NAPL",3,"CONTROL",0,7.5,1680,49718.8498140446,-56249.0803571429,-12599794,49773.0360545725,-44195.6895833333,-9899834.46666667,60.1228058018097,8.73749796271571,1957.19954364832,20.2610247202058,2.72651201831527,610.73869210262,45276.9338804634,-28569.8590213039,-6399648.42077207,17438.2453914306,-3123.93398520336,-699761.212685553
2008,4,"NAPL",9,"ANNUAL",0,8,1792,49719.0082933074,-56248.9408482143,-12599762.75,49772.9802813376,-44195.752046131,-9899848.45833333,41.2398866760152,8.72098198904647,1953.49996554641,14.9852598660924,2.58557935293653,579.169775057782,45276.8954223717,-28569.9188416335,-6399661.82052589,17438.2122733533,-3124.11198755717,-699801.085212806
2008,5,"AQUE",4,"CONTROL",0,7,1568,49718.779937098,-56249.1417410714,-12599807.75,49773.0920906804,-44195.6267485119,-9899820.39166667,112.180129730282,12.843185600533,2876.8735745194,14.5455492937419,1.73059317180657,387.652870484673,45277.183392812,-28569.4676520909,-6399560.75406837,17438.1577008074,-3124.41420021749,-699868.780848719
2008,5,"AQUE",7,"ANNUAL",0,7,1568,49719.0974010193,-56248.8627232143,-12599745.25,49773.1801323531,-44195.5281808036,-9899798.3125,181.979903202546,16.8349491054311,3771.02859961656,19.8967067580673,2.39165712435833,535.731195856265,45277.219584617,-28569.4117004539,-6399548.22090168,17438.1902987305,-3124.2376814052,-699829.240634765
2008,5,"CARP",7,"CONTROL",0,2.2,492.8,49718.6467615897,-56249.2589285714,-12599834,49773.2447218573,-44195.4558221726,-9899782.10416667,458.311079545047,39.1208969088194,8763.08090757555,324.970069241108,25.8969561034048,5800.91816716267,45278.6308485573,-28567.2144725087,-6399056.04184195,17438.6276502043,-3121.97734746385,-699322.925831901
2008,5,"CARP",9,"ANNUAL",0,2.2,492.8,49718.8180960432,-56249.1082589286,-12599800.25,49773.5282643391,-44195.1380952381,-9899710.93333333,447.857403263352,43.8937499032663,9832.19997833166,309.219425097551,24.5702900614937,5503.74497377458,45278.8892462946,-28566.8050124054,-6398964.32277881,17438.6184651179,-3122.01245313386,-699330.789501984
2008,5,"MOHK",2,"CONTROL",0,2,448,49718.9131648196,-56249.0245535714,-12599781.5,49773.1859460593,-44195.5215029762,-9899796.81666667,205.319459913779,25.9464322201232,5812.00081730759,34.5433802805088,5.24191521621767,1174.18900843276,45278.294485417,-28567.7236978468,-6399170.10831769,17438.3416218935,-3123.40410659233,-699642.519876683
2008,5,"MOHK",3,"ANNUAL",0,2.2,492.8,49718.8878075874,-56249.046875,-12599786.5,49773.3921482612,-44195.2904947917,-9899745.07083333,44.7068557293394,10.5409198866369,2361.16605460666,18.3007513179592,2.83879230101316,635.889475426949,45277.0476507154,-28569.6788017663,-6399608.05159565,17438.2059926737,-3124.14579465861,-699808.658003529
2008,5,"NAPL",3,"CONTROL",0,8,1792,49718.6658056458,-56249.2421875,-12599830.25,49773.019313889,-44195.7083519345,-9899838.67083333,60.9638506005456,7.83696866711761,1755.48098143434,21.1654094576376,2.67835515330794,599.95155434098,45276.8250778343,-28570.0306878512,-6399686.87407868,17438.2263196439,-3124.04028399699,-699785.023615327
2008,5,"NAPL",9,"ANNUAL",0,9,2016,49718.8053431887,-56249.1194196429,-12599802.75,49772.9667556362,-44195.7672061012,-9899851.85416667,43.1749306263692,8.70359194006562,1949.6045945747,15.6631548927925,2.58908306341887,579.954606205826,45276.8894235757,-28569.9283906759,-6399663.9595114,17438.21631698,-3124.09014302551,-699796.192037713
2008,6,"AQUE",4,"CONTROL",0,1.7,380.8,49718.7672551126,-56249.1529017857,-12599810.25,49773.0078423234,-44195.7211681548,-9899841.54166667,160.448277907678,16.2475846927837,3639.45897118354,20.839339840756,2.22093006843139,497.488335328631,45277.4529068462,-28569.046326561,-6399466.37714967,17438.1822343557,-3124.28054213822,-699838.84143896
2008,6,"AQUE",7,"ANNUAL",0,1.5,336,49719.0339246732,-56248.9185267857,-12599757.75,49773.0521685454,-44195.6715215774,-9899830.42083333,354.374247104627,33.6819713464988,7544.76158161572,43.3582104763007,4.11540186347135,921.850017417583,45278.6615457344,-28567.1646861277,-6399044.8896926,17438.2943600418,-3123.67742467278,-699703.743126702
2008,6,"CARP",7,"CONTROL",0,1.3,291.2,49718.722878406,-56249.1919642857,-12599819,49773.1435693126,-44195.5691034226,-9899807.47916667,349.707236875638,31.231420486684,6995.83818901722,247.559195907562,20.0515566031311,4491.54867910137,45278.1673973998,-28567.9314955993,-6399216.65501425,17438.4990431497,-3122.61832385529,-699466.504543586
2008,6,"CARP",9,"ANNUAL",0,1,224,49718.9957708135,-56248.9520089286,-12599765.25,49773.2857433632,-44195.4098028274,-9899771.79583333,409.628710599419,45.6688295522225,10229.8178196978,264.883325636323,21.1699804397706,4742.07561850861,45279.0887572037,-28566.4859470076,-6398892.85212971,17438.5596622286,-3122.29929953292,-699395.043095375
2008,6,"MOHK",2,"CONTROL",0,2,448,49718.9955888773,-56248.9520089286,-12599765.25,49773.169918939,-44195.539453125,-9899800.8375,298.733356653232,31.4656287401756,7048.30083779934,43.0962400572716,5.79719971284442,1298.57273567715,45278.7685785082,-28566.9894541968,-6399005.63774008,17438.3512459029,-3123.35710263273,-699631.990989732
2008,6,"MOHK",3,"ANNUAL",0,1.8,403.2,49719.0273128781,-56248.9241071429,-12599759,49773.2490680642,-44195.4508184524,-9899780.98333333,106.559314912231,14.3297641456874,3209.86716863398,15.0624604962114,2.56141354078386,573.756633135584,45277.3713813093,-28569.1707996891,-6399494.25913036,17438.1992574759,-3124.1836584039,-699817.139482473
2008,6,"NAPL",3,"CONTROL",0,3,672,49718.7355950797,-56249.1808035714,-12599816.5,49773.0482039938,-44195.6759858631,-9899831.42083333,66.6128959377903,8.86221618094635,1985.13642453198,22.8608387863755,2.91385254908187,652.702970994339,45276.9507386887,-28569.8329035692,-6399642.57039951,17438.2544844155,-3123.88676475319,-699750.635304714
2008,6,"NAPL",9,"ANNUAL",0,3.5,784,49718.7863037373,-56249.1361607143,-12599806.5,49772.9637383349,-44195.7705729167,-9899852.60833333,48.6379543947603,10.6283334277288,2380.74668781125,14.8960458392886,2.94488214830325,659.653601219928,45277.067235594,-28569.6479521593,-6399601.14128367,17438.2365280768,-3123.97732016162,-699770.919716204
2008,8,"AQUE",4,"CONTROL",0,3,672,49718.6974932386,-56249.2142857143,-12599824,49772.980558764,-44195.7517299107,-9899848.3875,144.849935461604,14.1287985092467,3164.85086607127,18.8092780756177,1.93070696143742,432.478359361983,45277.2888540227,-28569.3037437547,-6399524.03860105,17438.1644509626,-3124.37835458435,-699860.751426895
2008,8,"AQUE",7,"ANNUAL",0,4,896,49718.9134007311,-56249.0245535714,-12599781.5,49773.0950947628,-44195.6234375,-9899819.65,270.178098675298,26.6305147152523,5965.23529621652,31.798665919786,3.16732937209567,709.48177934943,45278.0727444766,-28568.0784868166,-6399249.58104691,17438.2459099315,-3123.93621774208,-699761.712774225
2008,8,"CARP",7,"CONTROL",0,2.5,560,49718.8814771894,-56249.0524553571,-12599787.75,49773.1016556763,-44195.6160714286,-9899818,332.248155803582,32.8916589257084,7367.73159935869,232.909342587296,19.1304800341452,4285.22752764852,45278.310016366,-28567.7047903664,-6399165.87304208,17438.490787684,-3122.65239458022,-699474.136385969
2008,8,"CARP",9,"ANNUAL",0,1.5,336,49719.0275478025,-56248.9241071429,-12599759,49773.3834023422,-44195.300390625,-9899747.2875,479.975074763247,57.2486086196284,12823.6883307968,288.244099617386,23.4789278195255,5259.27983157371,45279.9964152796,-28565.068339518,-6398575.30805202,17438.6509837739,-3121.8197491551,-699287.623810742
2008,8,"MOHK",2,"CONTROL",0,1.8,403.2,49718.8814309654,-56249.0524553571,-12599787.75,49773.0674218986,-44195.6543526786,-9899826.575,398.940818723417,36.1158753619704,8089.95608108137,52.1566095605926,5.30544350647451,1188.41934545029,45279.1774904381,-28566.3648307883,-6398865.72209659,17438.3418108547,-3123.42098707024,-699646.301103733
2008,8,"MOHK",3,"ANNUAL",0,1.7,380.8,49719.0082802013,-56248.9408482143,-12599762.75,49773.1601644725,-44195.5504092262,-9899803.29166667,544.563684095672,44.8942828800681,10056.3193651353,71.2105678306261,6.72329310454042,1506.01765541705,45279.9460646186,-28565.1927210089,-6398603.16950599,17438.4150008293,-3123.04142120075,-699561.278348968
2008,8,"NAPL",3,"CONTROL",0,10,2240,49718.7927219544,-56249.1305803571,-12599805.25,49773.1654950788,-44195.5446800595,-9899802.00833333,95.6987750914649,12.0476582332949,2698.67544425806,34.699780975242,4.32975864501698,969.865936483804,45277.2364365655,-28569.384137269,-6399542.04674825,17438.3250968445,-3123.50802760467,-699665.798183445
2008,8,"NAPL",9,"ANNUAL",0,10,2240,49718.798978104,-56249.125,-12599804,49773.0637251296,-44195.6585379464,-9899827.5125,74.8780562965837,13.7994200559634,3091.0700925358,26.25986129876,4.26378089886727,955.086921346269,45277.2120487796,-28569.4203161487,-6399550.15081731,17438.3237264303,-3123.50018535579,-699664.041519696
2008,10,"AQUE",4,"CONTROL",0,3,672,49718.7038381938,-56249.2087053571,-12599822.75,49773.0721424462,-44195.6491443452,-9899825.40833333,139.362055592215,14.2041268640803,3181.72441755398,17.9426250171759,1.93159212387554,432.67663574812,45277.2455843221,-28569.3714513386,-6399539.20509985,17438.1643303982,-3124.37871381579,-699860.831894736
2008,10,"AQUE",7,"ANNUAL",0,2.8,627.2,49718.6721500445,-56249.2366071429,-12599829,49773.1542522047,-44195.5571428571,-9899804.8,393.607309619903,31.7075240982989,7102.48539801895,50.9319822402504,4.19751021553565,940.242288279986,45278.636392116,-28567.216777331,-6399056.55812215,17438.2942513141,-3123.68363816025,-699705.134947896
2008,10,"CARP",7,"CONTROL",0,7,1568,49718.8307241714,-56249.0970982143,-12599797.75,49773.1788466234,-44195.5295758929,-9899798.625,374.935757145035,38.1762289801139,8551.4752915455,263.254705447131,22.4760011342318,5034.62425406792,45278.7043236737,-28567.0878743364,-6399027.68385135,17438.5728365751,-3122.22354410149,-699378.073878733
2008,10,"CARP",9,"ANNUAL",0,7,1568,49718.7736168223,-56249.1473214286,-12599809,49773.5524913576,-44195.1111235119,-9899704.89166667,643.89068240417,66.1837282843939,14825.1551357042,405.185542318171,31.9003601217651,7145.68066727537,45280.6917872791,-28564.0074218315,-6398337.66249026,17438.8222814967,-3121.00497361736,-699105.114090289
2008,10,"MOHK",2,"CONTROL",0,2.2,492.8,49718.9068059601,-56249.0301339286,-12599782.75,49773.0194378646,-44195.7081287202,-9899838.62083333,278.214554849643,30.3666107128973,6802.120799689,46.2496299124636,6.43813208004669,1442.14158593046,45278.7403599879,-28567.0311366669,-6399014.97461339,17438.3958587633,-3123.11918061429,-699578.6964576
2008,10,"MOHK",3,"ANNUAL",0,2.5,560,49718.8624149596,-56249.0691964286,-12599791.5,49773.0998983491,-44195.61796875,-9899818.425,353.893459091926,32.1939068276103,7211.43512938471,49.1177187763471,5.81178412597972,1301.83964421946,45278.8033410687,-28566.9451697283,-6398995.71801913,17438.3571307123,-3123.33051252984,-699626.034806683
2008,10,"NAPL",3,"CONTROL",0,3,672,49718.830790689,-56249.0970982143,-12599797.75,49823.341591526,-44642.0549293155,-9999820.30416667,6682.27637368859,-438.445381522027,-98211.765460934,6681.71520903294,-443.358648707724,-99312.3373105301,45486.4126557276,-29016.3868392184,-6499670.65198491,18599.2550643151,-3570.41109031374,-799772.084230277
2008,10,"NAPL",9,"ANNUAL",0,3,672,49718.8307099378,-56249.0970982143,-12599797.75,49823.2380987983,-44642.1697544643,-9999846.025,6682.01349286292,-439.484681248285,-98444.5685996157,6681.64611913967,-443.983651635735,-99452.3379664045,45486.300019534,-29016.5614174316,-6499709.75750468,18599.2162438357,-3570.60500695264,-799815.521557391
2008,12,"AQUE",4,"CONTROL",0,2.8,627.2,49718.7355370176,-56249.1808035714,-12599816.5,49773.0982043239,-44195.6199962798,-9899818.87916667,6683.0415347431,-436.291195956439,-97729.2278942423,6681.58017426934,-444.923365024341,-99662.8337654524,45486.5057231101,-29016.2434826116,-6499638.54010501,18599.1530561527,-3570.93248193844,-799888.87595421
2008,12,"AQUE",7,"ANNUAL",0,2.4,537.6,49718.5896737358,-56249.3091517857,-12599845.25,49773.0119580891,-44195.7165550595,-9899840.50833333,6691.73815753984,-422.166913339791,-94565.3885881131,6681.82743284414,-443.191381351915,-99274.8694228289,45487.6826546285,-29014.4368404742,-6499233.85226622,18599.2424916443,-3570.48655466138,-799788.988244148
2008,12,"CARP",7,"CONTROL",0,2.5,560,49718.7292082762,-56249.1863839286,-12599817.75,49773.3052135096,-44195.3881138393,-9899766.9375,6706.07142385327,-401.179398185752,-89864.1851936085,6694.18053275003,-417.708845249053,-93566.7813357878,45488.6467227816,-29012.9448604557,-6498899.64874208,18599.7476790719,-3568.05759219197,-799244.900651
2008,12,"CARP",9,"ANNUAL",0,2.3,515.2,49718.6150449083,-56249.2868303571,-12599840.25,49773.5614351183,-44195.1011904762,-9899702.66666667,6727.12326629806,-374.608711089491,-83912.3512840459,6700.30493874778,-410.267126282478,-91899.836287275,45490.6986245322,-29009.7983476229,-6498194.82986752,18599.967034622,-3567.04300828349,-799017.633855502
2008,12,"MOHK",2,"CONTROL",0,4,896,49718.8750754809,-56249.0580357143,-12599789,49772.9811237553,-44195.751078869,-9899848.24166667,6691.66079575958,-413.81606668172,-92694.7989367053,6682.00418232695,-440.622540332454,-98699.4490344696,45488.3445052835,-29013.4015850147,-6499001.9550433,18599.4036339492,-3569.65312323681,-799602.299605045
2008,12,"MOHK",3,"ANNUAL",0,3.2,716.8,49718.8750954926,-56249.0580357143,-12599789,49773.0273298984,-44195.6992931548,-9899836.64166667,6689.998039841,-418.793081154619,-93809.6501786346,6682.02940543771,-440.72521905207,-98722.4490676636,45487.9734887699,-29013.9752947064,-6499130.46601423,18599.3323748809,-3570.01831656248,-799684.102909995
2008,12,"NAPL",3,"CONTROL",0,6,1344,49718.8307550345,-56249.0970982143,-12599797.75,49772.9870354433,-44195.7444940476,-9899846.76666667,6682.05359366854,-439.324822475973,-98408.7602346181,6681.66223285683,-443.804775387827,-99412.2696868731,45486.3023598217,-29016.5579715838,-6499708.98563477,18599.2186229164,-3570.59370239869,-799812.989337306
2008,12,"NAPL",9,"ANNUAL",0,6,1344,49718.8751419984,-56249.0580357143,-12599789,49772.9231317768,-44195.8160900298,-9899862.80416667,6682.02250278052,-439.652252344474,-98482.1045251622,6681.60743895364,-444.45017798297,-99556.8398681852,45486.2576697059,-29016.627513596,-6499724.56304549,18599.2070004441,-3570.65287665908,-799826.244371634
2009,1,"AQUE",4,"CONTROL",0,4.1,918.4,49718.7101728598,-56249.203125,-12599821.5,49773.0148258006,-44195.7133556548,-9899839.79166667,85.861230193719,8.94522956072411,2003.7314216022,11.4862245156498,1.47794276931602,331.059180326788,45276.8717390025,-28569.9578229277,-6399670.55233581,17438.1363669369,-3124.53169468302,-699895.099608997
2009,1,"AQUE",7,"ANNUAL",0,3.9,873.6,49718.5199133919,-56249.3705357143,-12599859,49773.1329949504,-44195.5810267857,-9899810.15,247.296508994808,18.0445041190027,4041.96892265661,32.2130306754055,2.56624602225928,574.839108986079,45277.5981325153,-28568.827664571,-6399417.39686392,17438.1970382106,-3124.20525366593,-699821.976821169
2009,1,"CARP",7,"CONTROL",0,3.6,806.4,49718.7292270196,-56249.1863839286,-12599817.75,49773.1917996988,-44195.5150483631,-9899795.37083333,342.526734004506,32.4360820402539,7265.68237701688,241.383516275326,19.7355857110558,4420.77119927649,45278.2798043682,-28567.7534352822,-6399176.76950322,17438.5044406688,-3122.58346588789,-699458.696358887
2009,1,"CARP",9,"ANNUAL",0,3.6,806.4,49718.5896769771,-56249.3091517857,-12599845.25,49773.2818183107,-44195.414155506,-9899772.77083333,520.159265396492,47.9130932412108,10732.5328860312,145.964447542058,14.3433796523128,3212.91704211807,45279.8100608029,-28565.3950097838,-6398648.48219158,17438.4763870736,-3122.715936006,-699488.369665345
2009,1,"MOHK",2,"CONTROL",0,4,896,49718.8687383156,-56249.0636160714,-12599790.25,49772.9232286953,-44195.8159784226,-9899862.77916667,349.16452264226,29.4703420660645,6601.35662279846,45.9659695074785,4.43819819827627,994.156396413883,45278.567159218,-28567.3168269318,-6399078.96923272,17438.3119335785,-3123.58047575864,-699682.026569936
2009,1,"MOHK",3,"ANNUAL",0,4.4,985.6,49718.8053176809,-56249.1194196429,-12599802.75,49773.0033610262,-44195.7261532738,-9899842.65833333,416.711362605216,34.1838761752978,7657.18826326671,54.4659615012491,5.08236607764035,1138.45000139144,45279.0756513406,-28566.529909045,-6398902.69962609,17438.3525000181,-3123.36538065168,-699633.845265977
2009,1,"NAPL",3,"CONTROL",0,3.7,828.8,49718.7736163995,-56249.1473214286,-12599809,49772.9806612629,-44195.7516369048,-9899848.36666667,32.2058305163734,5.62966493564268,1261.04494558396,10.2158896016806,1.60792038545288,360.174166341444,45276.6554573364,-28570.297363489,-6399746.60942154,17438.1751511733,-3124.31749889431,-699847.119752326
2009,1,"NAPL",9,"ANNUAL",0,3.7,828.8,49718.7546018705,-56249.1640625,-12599812.75,49772.9423142254,-44195.7946056548,-9899857.99166667,34.4836245224719,6.05212893593476,1355.67688164939,11.0695462671931,1.68557953434995,377.569815694389,45276.6859512571,-28570.249200566,-6399735.82092679,17438.1845319943,-3124.2653448791,-699835.437252918
2009,3,"AQUE",4,"CONTROL",0,3,672,49718.6340658739,-56249.2700892857,-12599836.5,49773.0967178868,-44195.621577381,-9899819.23333333,125.549577707836,11.6636020937556,2612.64686900125,16.5162260101742,1.83055138559387,410.043510373026,45277.1129720923,-28569.5797138795,-6399585.85590901,17438.1542018233,-3124.43428250926,-699873.279282073
2009,3,"AQUE",7,"ANNUAL",0,5,1120,49718.5833374922,-56249.3147321429,-12599846.5,49773.2087816941,-44195.496186756,-9899791.14583333,11.7141446276456,2.56006356572169,573.454238721659,5.48764650970982,0.939433475823908,210.433098584555,45276.3618299667,-28570.760150233,-6399850.27365219,17438.1026639221,-3124.71762199528,-699936.747326943
2009,3,"CARP",7,"CONTROL",0,1.5,336,49719.0845538712,-56248.8738839286,-12599747.75,49773.0660216341,-44195.6559337798,-9899826.92916667,138.983206641455,21.3307915970462,4778.09731773836,84.1137270919411,9.13660430524829,2046.59936437562,45277.6844658501,-28568.6776542905,-6399383.79456108,17438.3618950236,-3123.29989147773,-699619.175691013
2009,3,"CARP",9,"ANNUAL",0,1.5,336,49718.7926712207,-56249.1305803571,-12599805.25,49773.1492788627,-44195.5626674107,-9899806.0375,111.659704754977,12.2732259164043,2749.20260527456,75.5284022350986,6.2096932212261,1390.97128155465,45276.9629962316,-28569.8138414419,-6399638.30048298,17438.2160894593,-3124.09730749308,-699797.79687845
2009,3,"MOHK",2,"CONTROL",0,3.5,784,49718.6848074107,-56249.2254464286,-12599826.5,49773.0444638459,-44195.680078125,-9899832.3375,557.396839224895,45.1111263574172,10104.8923040614,75.4564579284625,7.66997145026346,1718.07360485902,45279.9643871759,-28565.1682252254,-6398597.68245049,17438.4554962282,-3122.82537173626,-699512.883268922
2009,3,"MOHK",3,"ANNUAL",0,3.5,784,49719.116180814,-56248.8459821429,-12599741.5,49773.0195014457,-44195.7080543155,-9899838.60416667,43.3086260219775,9.12956030187406,2045.02150761979,16.523779022219,2.52991676164159,566.701354607716,45276.9561088015,-28569.8232317555,-6399640.40391322,17438.1879167046,-3124.24569320722,-699831.035278417
2009,3,"NAPL",3,"CONTROL",0,4.5,1008,49718.9258756289,-56249.0133928571,-12599779,49772.9744994933,-44195.7585379464,-9899849.9125,75.6049361205299,11.6607662350329,2612.01163664736,26.7739001547214,3.82880149012792,857.651533788655,45277.194685773,-28569.4485139068,-6399556.46711513,17438.3012182726,-3123.62977644319,-699693.069923274
2009,3,"NAPL",9,"ANNUAL",0,5,1120,49719.1479338499,-56248.8180803571,-12599735.25,49772.9833980839,-44195.7485491071,-9899847.675,104.464876489715,15.1024218628453,3382.94249727734,36.1914597730157,5.00109411358864,1120.24508144386,45277.4234725398,-28569.0880888256,-6399475.73189694,17438.353167544,-3123.34493954656,-699629.266458429
2009,4,"AQUE",4,"CONTROL",0,4,896,49718.6974901382,-56249.2142857143,-12599824,49773.0381959793,-44195.6871465774,-9899833.92083333,169.571937735694,15.5098141575699,3474.19837129566,22.5672900241659,2.4757070641883,554.55838237818,45277.4053261815,-28569.1223091729,-6399483.39725472,17438.1848341477,-3124.26667620746,-699835.73547047
2009,4,"AQUE",7,"ANNUAL",0,4,896,49718.8687598774,-56249.0636160714,-12599790.25,49773.1991889834,-44195.5068266369,-9899793.52916667,32.6295320928185,6.65633744200626,1491.0195870094,5.76055103976044,1.22347558057632,274.058530049095,45276.6220495557,-28570.3497746642,-6399758.34952479,17438.129374981,-3124.56961504076,-699903.593769131
2009,4,"CARP",7,"CONTROL",0,2.6,582.4,49718.8116695171,-56249.1138392857,-12599801.5,49773.3531193985,-44195.334281994,-9899754.87916667,433.688451416845,42.6281354463869,9548.70233999067,303.246301532193,23.7851153949584,5327.86584847069,45278.9737310517,-28566.6703523431,-6398934.15892485,17438.6210442929,-3121.99243904162,-699326.306345324
2009,4,"CARP",9,"ANNUAL",0,2.5,560,49718.6911511005,-56249.2198660714,-12599825.25,49773.3923452291,-44195.2903459821,-9899745.0375,354.261972948015,33.1487063051497,7425.31021235353,248.996957365897,19.3650179318765,4337.76401674034,45278.236439691,-28567.823010745,-6399192.35440689,17438.4903139568,-3122.66650514679,-699477.29715288
2009,4,"MOHK",2,"CONTROL",0,5,1120,49718.773599911,-56249.1473214286,-12599809,49773.0166990411,-44195.7111979167,-9899839.30833333,642.961946364587,48.7373720330614,10917.1713354058,84.5500052369928,7.69284619167703,1723.19754693565,45280.2409556044,-28564.7618639879,-6398506.6575333,17438.4449658953,-3122.89897970576,-699529.37145409
2009,4,"MOHK",3,"ANNUAL",0,4,896,49718.9448873637,-56248.9966517857,-12599775.25,49773.4950499722,-44195.1752604167,-9899719.25833333,56.6772487714074,11.5175724710075,2579.93623350567,10.5205438965787,2.33774724386031,523.65538262471,45277.1365977631,-28569.5388442369,-6399576.70110906,17438.1981720943,-3124.18878041218,-699818.286812329
2009,4,"NAPL",3,"CONTROL",0,11,2464,49718.8497837453,-56249.0803571429,-12599794,49772.9871457578,-44195.7443452381,-9899846.73333333,56.2025149262502,9.91509401013133,2220.98105826942,25.3159922032141,3.51793854881744,788.018234935106,45277.0527948763,-28569.6713695492,-6399606.38677901,17438.2650260094,-3123.82387706373,-699736.548462276
2009,4,"NAPL",9,"ANNUAL",0,12,2688,49718.786333191,-56249.1361607143,-12599806.5,49772.953987492,-44195.7815104167,-9899855.05833333,49.083722231908,8.80677992010389,1972.71870210327,17.9550976833734,2.85871466132267,640.352084136277,45276.9034730388,-28569.9064088714,-6399659.03558719,17438.2370363846,-3123.97636490427,-699770.705738557
2009,6,"AQUE",4,"CONTROL",0,2,448,49718.7101696185,-56249.203125,-12599821.5,49773.1378271118,-44195.5755394345,-9899808.92083333,138.811699606002,13.2999449027165,2979.1876582085,18.1996919020441,2.05135030138212,459.502467509594,45277.2430605003,-28569.3755158327,-6399540.11554653,17438.1704218172,-3124.34486338976,-699853.249399307
2009,6,"AQUE",7,"ANNUAL",0,1.8,403.2,49719.0211788223,-56248.9296875,-12599760.25,49773.2269834063,-44195.4756138393,-9899786.5375,153.34926508391,16.1040406912897,3607.30511484889,15.1608569163391,2.26845466979615,508.133846034338,45277.234011359,-28569.3876122159,-6399542.82513636,17438.1974369573,-3124.1961922382,-699819.947061356
2009,6,"CARP",7,"CONTROL",0,3.5,784,49718.9575617995,-56248.9854910714,-12599772.75,49773.2668351562,-44195.4309151786,-9899776.525,354.175360780249,45.8158232129249,10262.7443996952,234.979016653302,22.0537611489553,4940.042497366,45279.2905341448,-28566.1616769781,-6398820.21564309,17438.6497468394,-3121.78142615773,-699279.039459331
2009,6,"CARP",9,"ANNUAL",0,3.5,784,49718.7355543517,-56249.1808035714,-12599816.5,49773.278273794,-44195.4180989583,-9899773.65416667,276.609140994405,28.1415621627353,6303.70992445272,190.273198772845,14.6811360925693,3288.57448473552,45277.986945146,-28568.2089763233,-6399278.81069642,17438.3940684205,-3123.1591381641,-699587.646948757
2009,6,"MOHK",2,"CONTROL",0,2.7,604.8,49718.7291975658,-56249.1863839286,-12599817.75,49772.9985660878,-44195.7315290179,-9899843.8625,751.412010269836,57.164583780487,12804.8667668291,100.640146898904,9.63233595440756,2157.64325378729,45280.9273989714,-28563.7233061225,-6398274.02057143,17438.5210177064,-3122.5071192378,-699441.594709267
2009,6,"MOHK",3,"ANNUAL",0,2.5,560,49719.0781636241,-56248.8794642857,-12599749,49773.4242917792,-44195.2544456845,-9899736.99583333,87.7931901661866,17.3450282735008,3885.28633326419,26.1037191377932,4.29249703771997,961.519336449274,45277.651474205,-28568.7279734095,-6399395.06604372,17438.2711616133,-3123.78668939583,-699728.218424665
2009,6,"NAPL",3,"CONTROL",0,2.9,649.6,49718.9575599674,-56248.9854910714,-12599772.75,49772.9745997484,-44195.7584077381,-9899849.88333333,46.6938059316545,9.97412183076833,2234.20329009211,19.8671871412023,3.0718264143618,688.089116817043,45277.0073684166,-28569.7425502792,-6399622.33126254,17438.2329782285,-3123.99787119365,-699775.523147378
2009,6,"NAPL",9,"ANNUAL",0,3.1,694.4,49718.7545887643,-56249.1640625,-12599812.75,49772.9712823717,-44195.7621279762,-9899850.71666667,45.1155441292275,8.58947301598879,1924.04195558149,17.3869379843289,2.79540673426551,626.171108475474,45276.8956771037,-28569.9186611933,-6399661.78010729,17438.2295626068,-3124.01745752582,-699779.910485783
2009,7,"AQUE",4,"CONTROL",0,3.3,739.2,49718.6974883061,-56249.2142857143,-12599824,49773.0326755596,-44195.6933221726,-9899835.30416667,145.51506865221,14.8976331291015,3337.06982091874,19.1007718877468,2.18029669058966,488.386458692083,45277.3752346994,-28569.1675605119,-6399493.53355466,17438.184427473,-3124.26763845679,-699835.951014321
2009,7,"AQUE",7,"ANNUAL",0,2.8,627.2,49718.9703873028,-56248.9743303571,-12599770.25,49773.2676417587,-44195.4301153274,-9899776.34583333,144.763699965733,17.9617028504206,4023.4214384942,16.4947752123202,2.79686526201111,626.497818690488,45277.3957466425,-28569.1324552479,-6399485.66997554,17438.2202048099,-3124.06981023841,-699791.637493404
2009,7,"CARP",7,"CONTROL",0,2.7,604.8,49718.9448703116,-56248.9966517857,-12599775.25,49773.1678251416,-44195.5418154762,-9899801.36666667,260.256071220423,42.8391077372976,9595.96013315466,146.822367949916,18.235600768303,4084.77457209987,45279.3336020606,-28566.0878469647,-6398803.6777201,17438.6298499917,-3121.85310645201,-699295.095845251
2009,7,"CARP",9,"ANNUAL",0,2.7,604.8,49718.8116645847,-56249.1138392857,-12599801.5,49773.1959161822,-44195.5104910714,-9899794.35,174.320605006683,25.614727589593,5737.69898006883,84.2615282369245,8.3454656235639,1869.38429967831,45277.9915966576,-28568.1958027307,-6399275.85981168,17438.2952542161,-3123.66218380391,-699700.329172075
2009,7,"MOHK",2,"CONTROL",0,2.5,560,49718.7926309155,-56249.1305803571,-12599805.25,49773.0113214943,-44195.7172247024,-9899840.65833333,565.39234976583,45.0152239263366,10083.4101594994,75.4041622844799,7.26716956450643,1627.84598244944,45279.97077902,-28565.1608533222,-6398596.03114417,17438.4486793216,-3122.86551356107,-699521.87503768
2009,7,"MOHK",3,"ANNUAL",0,2.8,627.2,49719.2050705932,-56248.7678571429,-12599724,49773.2949478706,-44195.3993861607,-9899769.4625,221.657949068618,28.7228256520213,6433.91294605278,33.8945842537643,5.35489267759804,1199.49595978196,45278.6215612948,-28567.209965153,-6399055.03219428,17438.3562956938,-3123.32382465703,-699624.536723174
2009,7,"NAPL",3,"CONTROL",0,3.5,784,49718.9131507269,-56249.0245535714,-12599781.5,49772.9320857198,-44195.8060639881,-9899860.55833333,45.1284171267153,9.1074095776332,2040.05974538984,22.794095683556,3.26777245437151,731.981029779218,45276.979483729,-28569.7865496393,-6399632.1871192,17438.2305646544,-3124.01176887902,-699778.6362289
2009,7,"NAPL",9,"ANNUAL",0,3.8,851.2,49718.7672811841,-56249.1529017857,-12599810.25,49772.9414901336,-44195.7955171131,-9899858.19583333,40.2455528688775,8.64005865131819,1935.37313789527,15.2236855051997,2.70879671430917,606.770464005255,45276.9137767276,-28569.8900711803,-6399655.37594438,17438.2340426291,-3123.99198584046,-699774.204828263
2009,8,"AQUE",4,"CONTROL",0,2.2,492.8,49718.7545677662,-56249.1640625,-12599812.75,49773.0218933029,-44195.7054129464,-9899838.0125,128.467094211083,13.9594897340921,3126.92570043664,16.9631172652744,2.10574898013333,471.687771549867,45277.3114092867,-28569.26688529,-6399515.78230497,17438.1780815938,-3124.30206310968,-699843.662136568
2009,8,"AQUE",7,"ANNUAL",0,2.2,492.8,49718.8307136019,-56249.0970982143,-12599797.75,49773.1545295093,-44195.5567522321,-9899804.7125,127.552615019451,18.6792849237239,4184.15982291415,16.6144661611693,2.95393254133016,661.680889257955,45277.5920849993,-28568.8234851165,-6399416.46066609,17438.2235477798,-3124.05009450851,-699787.221169905
2009,8,"NAPL",3,"CONTROL",0,5,1120,49718.9131662289,-56249.0245535714,-12599781.5,49772.9428364968,-44195.7940104167,-9899857.85833333,51.5698239782485,9.54565033446802,2138.22567492084,25.2905001861212,3.50642385415679,785.438943331121,45277.0187244912,-28569.7249115023,-6399618.38017652,17438.2474174907,-3123.91978067545,-699758.030871302
2009,8,"NAPL",9,"ANNUAL",0,6,1344,49718.7609578051,-56249.1584821429,-12599811.5,49772.9500544246,-44195.7859188988,-9899856.04583333,47.6118015247722,8.83170284994988,1978.30143838877,20.7549700793054,3.14126146407661,703.642567953161,45276.950068818,-28569.8329364036,-6399642.57775441,17438.2401362605,-3123.95892216467,-699766.798564886
2009,9,"CARP",7,"CONTROL",0,3,672,49718.9258533624,-56249.0133928571,-12599779,49773.2936158939,-44195.4008928571,-9899769.8,379.607904309455,50.1559251965598,11234.9272440294,232.685158942168,21.6106366710164,4840.78261430768,45279.7497298831,-28565.4445719477,-6398659.58411628,17438.7206180304,-3121.40268535605,-699194.201519755
2009,9,"CARP",9,"ANNUAL",0,2.8,627.2,49718.7672634273,-56249.1529017857,-12599810.25,49773.4274070024,-44195.251078869,-9899736.24166667,457.576623562833,53.093696154549,11892.987938619,294.988954566349,24.0775960576447,5393.38151691241,45279.8720979031,-28565.2607536465,-6398618.40881682,17438.6637447832,-3121.75072658124,-699272.162754197
2009,9,"MOHK",2,"CONTROL",0,2.5,560,49718.7926295062,-56249.1305803571,-12599805.25,49772.9695390899,-44195.7640625,-9899851.15,8441.81972610466,602.476800854653,134954.803391442,2150.62735533963,150.588899677993,33731.9135278704,45279.2345662694,-28566.2885065691,-6398848.62547149,17544.5708574839,-3007.37791286686,-673652.652482176
2009,9,"MOHK",3,"ANNUAL",0,2.1,470.4,49718.9131993467,-56249.0245535714,-12599781.5,49773.0883585742,-44195.6309151786,-9899821.325,304.747725077132,29.8955522824972,6696.60371127937,40.6193291392668,4.89430549282834,1096.32443039355,45278.6433888912,-28567.1880440169,-6399050.12185979,17438.3248335858,-3123.50282804355,-699664.633481756
2009,10,"AQUE",4,"CONTROL",0,3,672,49718.7545638202,-56249.1640625,-12599812.75,49772.9887183785,-44195.7426153274,-9899846.34583333,78.132181828746,10.1044769365024,2263.40283377654,10.4964028714304,1.60822756626217,360.242974842725,45276.9689705355,-28569.8040620423,-6399636.10989748,17438.1560941918,-3124.42203552316,-699870.535957187
2009,10,"AQUE",7,"ANNUAL",0,2.8,627.2,49718.659439261,-56249.2477678571,-12599831.5,49773.1414589212,-44195.5714471726,-9899808.00416667,150.570483778024,15.9899540683833,3581.74971131785,20.3547962735646,2.58121021702876,578.191088614441,45277.4426521295,-28569.0616167927,-6399469.80216156,17438.2033757253,-3124.16326641577,-699812.571677133
2009,10,"CARP",7,"CONTROL",0,3.8,851.2,49718.7672782246,-56249.1529017857,-12599810.25,49773.1496838594,-44195.5621837798,-9899805.92916667,336.102789481219,45.1593780900355,10115.700692168,177.887766551643,18.4577653932853,4134.53944809592,45279.4607843283,-28565.8966013541,-6398760.83870332,17438.6114446794,-3121.96343349165,-699319.80910213
2009,10,"CARP",9,"ANNUAL",0,4.2,940.8,49718.672119886,-56249.2366071429,-12599829,49773.2154222505,-44195.488578869,-9899789.44166667,302.53286211932,35.7659682746129,8011.57689351328,147.558892273311,13.1550696734085,2946.73560684351,45278.740406166,-28567.0289106827,-6399014.47599293,17438.4112074366,-3123.04768360789,-699562.681128168
2009,10,"MOHK",2,"CONTROL",0,1.5,336,49718.7672699099,-56249.1529017857,-12599810.25,49772.9972776546,-44195.7329799107,-9899844.1875,481.414999532789,41.5615462634738,9309.78636301814,66.5423423516367,7.40227077015104,1658.10865251383,45279.6694169136,-28565.6105900322,-6398696.77216722,17438.4456972313,-3122.86822715381,-699522.482882453
2009,10,"MOHK",3,"ANNUAL",0,1.5,336,49718.8877963133,-56249.046875,-12599786.5,49773.0151950575,-44195.7129092262,-9899839.69166667,369.824622644012,32.5357240727635,7288.00219229903,49.4629598230972,5.30601592452882,1188.54756709446,45278.8912528044,-28566.809886923,-6398965.41467074,17438.3313525762,-3123.47521883415,-699658.449018849
2009,10,"NAPL",3,"CONTROL",0,5,1120,49718.8877944812,-56249.046875,-12599786.5,49772.8502405685,-44195.8978050595,-9899881.10833333,22.4577306103352,5.02644846135722,1125.92445534402,7.00527389203154,1.33690914928437,299.467649439699,45276.5779025532,-28570.4194738002,-6399773.96213124,17438.1537883027,-3124.43470808904,-699873.374611945
2009,10,"NAPL",9,"ANNUAL",0,6,1344,49718.7482697512,-56249.1696428571,-12599814,49772.9601231245,-44195.7746465774,-9899853.52083333,38.1799875890114,6.79711038261213,1522.55272570512,13.005807224118,2.17073223234691,486.244020045708,45276.7571724831,-28570.1370072834,-6399710.68963149,17438.2040714223,-3124.15783656063,-699811.355389582
2009,11,"AQUE",4,"CONTROL",0,5.9,1321.6,49718.8116519012,-56249.1138392857,-12599801.5,49773.0347041083,-44195.6910900298,-9899834.80416667,37.39098252744,7.99658877818762,1791.23588631403,7.37027300955807,1.53354548231673,343.514188038946,45276.801860129,-28570.0663608656,-6399694.86483389,17438.1666584158,-3124.3632727412,-699857.373094029
2009,11,"AQUE",7,"ANNUAL",0,5.8,1299.2,49718.7355466007,-56249.1808035714,-12599816.5,49773.0397334609,-44195.6854352679,-9899833.5375,134.815607044726,15.4262861899577,3455.48810655053,18.3724319717022,2.39129950676014,535.651089514271,45277.4272254387,-28569.0846775303,-6399474.9677668,17438.2030980951,-3124.16406676781,-699812.750955989
2009,11,"CARP",7,"CONTROL",0,3.6,806.4,49718.6467586302,-56249.2589285714,-12599834,49773.2852263695,-44195.4102864583,-9899771.90416667,369.207756632309,44.9374245930078,10065.9831088337,211.81905876082,19.7031549200461,4413.50670209033,45279.4904197776,-28565.854023516,-6398751.30126758,17438.6513676659,-3121.77467385861,-699277.52694433
2009,11,"CARP",9,"ANNUAL",0,3.6,806.4,49718.7927228,-56249.1305803571,-12599805.25,49773.40057351,-44195.2811383929,-9899742.975,344.067857545561,36.7383986902991,8229.40130662699,225.903812935612,18.0068542100804,4033.535343058,45278.7126716891,-28567.0726941434,-6399024.28348812,17438.4919338416,-3122.641955095,-699471.797941281
2009,11,"MOHK",2,"CONTROL",0,3.1,694.4,49718.9385636022,-56249.0022321429,-12599776.5,49773.0465330396,-44195.6777529762,-9899831.81666667,299.877549498693,31.6720172570657,7094.53186558271,47.4042226551694,6.60102114735847,1478.6287370083,45278.8324038017,-28566.8894223895,-6398983.23061526,17438.403118107,-3123.07711546275,-699569.273863657
2009,11,"MOHK",3,"ANNUAL",0,3.5,784,49719.0527453794,-56248.9017857143,-12599754,49773.0720847919,-44195.6491257441,-9899825.40416667,308.184972242595,33.8604465360582,7584.74002407704,48.0152602953786,6.62610121818405,1484.24667287323,45279.0023748394,-28566.6223894955,-6398923.415247,17438.3869256468,-3123.16186748596,-699588.258316855
2009,11,"NAPL",3,"CONTROL",0,6.4,1433.6,49718.9004549911,-56249.0357142857,-12599784,49772.9286616135,-44195.8098958333,-9899861.41666667,53.0111156446229,10.4322112228754,2336.81531392408,29.0510558752076,3.95359192550153,885.604591312342,45277.0446158906,-28569.6840198802,-6399609.22045315,17438.2567393482,-3123.86773568586,-699746.372793632
2009,11,"NAPL",9,"ANNUAL",0,6.8,1523.2,49718.7355705583,-56249.1808035714,-12599816.5,49772.9705874982,-44195.7629092262,-9899850.89166667,62.3646716807754,10.2104753953013,2287.1464885475,25.933571328424,3.78258233427698,847.298442878044,45277.0490896144,-28569.6774421648,-6399607.74704492,17438.2772657442,-3123.75764459983,-699721.712390361
2010,1,"CARP",7,"CONTROL",0,1.8,403.2,49718.5833466525,-56249.3147321429,-12599846.5,49773.0633975458,-44195.6588913691,-9899827.59166667,199.515678746851,20.9831893994839,4700.23442548438,134.0967993603,12.0993803252891,2710.26119286476,45277.615603452,-28568.789877527,-6399408.93256604,17438.4039581621,-3123.0878699732,-699571.682873997
2010,1,"CARP",9,"ANNUAL",0,1.5,336,49718.5199149421,-56249.3705357143,-12599859,49773.0757576666,-44195.6450334821,-9899824.4875,136.030459445486,13.632938403382,3053.77820235757,94.2767315150318,7.96696349673452,1784.59982326853,45277.0672124451,-28569.6505164699,-6399601.71568927,17438.2587324955,-3123.86771943957,-699746.369154463
2010,1,"NAPL",3,"CONTROL",0,2,448,49718.8307413645,-56249.0970982143,-12599797.75,49772.8972332479,-44195.8451264881,-9899869.30833333,51.6995894425598,8.72578338330693,1954.57547786075,23.2051930272337,3.30208660911948,739.667400442764,45276.8822080568,-28569.9399294572,-6399666.5441984,17438.2266475086,-3124.03334680422,-699783.469684145
2010,1,"NAPL",9,"ANNUAL",0,2,448,49718.7355850738,-56249.1808035714,-12599816.5,49772.9142584555,-44195.8260416667,-9899865.03333333,54.9746412229393,8.4991582342973,1903.8114444826,19.5719344590281,2.90589734426263,650.921005114829,45276.872249956,-28569.9557066293,-6399670.07828497,17438.2280619079,-3124.02610122136,-699781.846673585
2010,2,"AQUE",4,"CONTROL",0,1.4,313.6,49718.5896735949,-56249.3091517857,-12599845.25,49772.982519011,-44195.7495907738,-9899847.90833333,13.2280441494568,2.8202980318978,631.746759145108,2.92299540265268,0.614420616432871,137.630218080963,45276.3742737062,-28570.7405174273,-6399845.87590371,17438.0971832507,-3124.74802445746,-699943.557478471
2010,2,"AQUE",7,"ANNUAL",0,1.2,268.8,49718.5135714954,-56249.3761160714,-12599860.25,49773.0978710529,-44195.6203869048,-9899818.96666667,76.8597977195297,6.79310924469462,1521.65647081159,10.1350545268968,1.05098077855603,235.41969439655,45276.7042718925,-28570.221594923,-6399729.63726275,17438.1184092011,-3124.63118014118,-699917.384351625
2010,2,"MOHK",2,"CONTROL",0,2,448,49718.830674847,-56249.0970982143,-12599797.75,49772.9337350889,-44195.804203869,-9899860.14166667,102.483141856875,12.4588555165152,2790.78363569941,20.2805572012429,3.14881094996183,705.33365279145,45277.1669847492,-28569.4929747803,-6399566.42635078,17438.1942464504,-3124.21214519774,-699823.520524294
2010,2,"MOHK",3,"ANNUAL",0,2,448,49718.8433646956,-56249.0859375,-12599795.25,49773.0943103121,-44195.62421875,-9899819.825,404.369931433844,36.6137174567286,8201.4727103072,55.8930050748072,6.43961905640299,1442.47466863427,45279.2163381071,-28566.3051625967,-6398852.35642166,17438.4211419475,-3122.98856786965,-699549.439202801
2010,3,"AQUE",4,"CONTROL",0,2.3,515.2,49718.8180630663,-56249.1082589286,-12599800.25,49772.9539728648,-44195.781547619,-9899855.06666667,27.1633177177395,5.36936248583328,1202.73719682665,7.41139118186538,1.161957344981,260.278445275743,45276.55224821,-28570.45992569,-6399783.02335456,17438.1387959823,-3124.51797579418,-699892.026577897
2010,3,"AQUE",7,"ANNUAL",0,2.2,492.8,49718.7736524768,-56249.1473214286,-12599809,49773.1054034835,-44195.6118675595,-9899817.05833333,42.858004850948,6.19434577330299,1387.53345321987,14.100436629784,1.68857207001542,378.240143683454,45276.6764996615,-28570.264429986,-6399739.23231686,17438.1666769841,-3124.36675678125,-699858.153519001
2010,3,"CARP",7,"CONTROL",0,1.1,246.4,49718.6531322052,-56249.2533482143,-12599832.75,49773.1194508947,-44195.59609375,-9899813.525,251.839241290207,22.311447891525,4997.7643277016,177.195842727227,14.0734373765834,3152.44997235468,45277.5844251068,-28568.8416653281,-6399420.53303349,17438.3843983961,-3123.20640144919,-699598.233924618
2010,3,"CARP",9,"ANNUAL",0,1.3,291.2,49718.4818615684,-56249.4040178571,-12599866.5,49773.1809064912,-44195.527250744,-9899798.10416667,207.441350401262,17.841803387995,3996.56395891087,146.551987407448,11.4255210705183,2559.31671979609,45277.2623567592,-28569.3463450244,-6399533.58128546,17438.3056280844,-3123.62570904493,-699692.158826064
2010,3,"MOHK",2,"CONTROL",0,1.8,403.2,49718.7926320429,-56249.1305803571,-12599805.25,49772.9555957758,-44195.7797061012,-9899854.65416667,111.061575708813,12.3464954220287,2765.61497453442,19.277055451374,2.88454271288509,646.13756768626,45277.1701347876,-28569.488570608,-6399565.43981619,17438.1955065764,-3124.2054679884,-699822.024829401
2010,3,"MOHK",3,"ANNUAL",0,1.5,336,49718.8941109261,-56249.0412946429,-12599785.25,49773.0911717951,-44195.627734375,-9899820.6125,38.3447312839886,7.70245722762473,1725.35041898794,18.3928869172241,2.55445701476406,572.198371307148,45276.849415688,-28569.9914199727,-6399678.07807389,17438.1844967481,-3124.26547818382,-699835.467113176
2010,3,"NAPL",3,"CONTROL",0,5,1120,49718.9575905485,-56248.9854910714,-12599772.75,49772.9195134892,-44195.8201450893,-9899863.7125,45.6952929715538,9.7279406094947,2179.05869652681,24.999835891663,3.50889373511385,785.992196665501,45276.9693978822,-28569.80228638,-6399635.71214912,17438.232024696,-3124.0023946988,-699776.53641253
2010,3,"NAPL",9,"ANNUAL",0,5,1120,49718.9575840659,-56248.9854910714,-12599772.75,49772.8981725586,-44195.8440662202,-9899869.07083333,45.3140369553634,8.75393226453332,1960.88082725546,19.6046980657583,2.91517303755225,652.998760411705,45276.9266400409,-28569.8697508483,-6399650.82419002,17438.2285691701,-3124.02187935409,-699780.900975315
2010,4,"AQUE",4,"CONTROL",0,4.5,1008,49718.7482384654,-56249.1696428571,-12599814,49773.1224066491,-44195.5927641369,-9899812.77916667,41.7155147248805,7.40728862102134,1659.23265110878,11.0545174839039,1.68880257099732,378.2917759034,45276.7368460771,-28570.1690872592,-6399717.87554607,17438.1682626332,-3124.35585051104,-699855.710514473
2010,4,"AQUE",7,"ANNUAL",0,4.5,1008,49718.7989907874,-56249.125,-12599804,49773.2014004092,-44195.5042782738,-9899792.95833333,49.2508835151333,9.52824823287567,2134.32760416415,10.1204663638368,1.9642826063558,439.999303823698,45276.9049210665,-28569.9040621992,-6399658.50993262,17438.1824290073,-3124.27632117687,-699837.89594362
2010,4,"AQUE",8,"CONTINUAL",0,4.5,967.5,49920.4128559141,-54417.7813953488,-11699823,49959.6304780655,-46045.6679457364,-9899818.60833333,77.500672299007,12.4778424275963,2682.7361219332,35.4567017761209,4.49547545262107,966.52722231353,43733.9935218235,-25579.7254817691,-5499640.97858036,17789.1213097384,-3254.83547065535,-699789.6261909
2010,4,"CARP",7,"CONTROL",0,1.6,358.4,49718.6658077597,-56249.2421875,-12599830.25,49773.2224144657,-44195.4807291667,-9899787.68333333,344.460664141389,31.9309867605511,7152.54103436344,239.707102131448,19.4108600896594,4348.03266008371,45278.3078452205,-28567.7104700297,-6399167.14528666,17438.5597020225,-3122.2883044442,-699392.5801955
2010,4,"CARP",9,"ANNUAL",0,1.6,358.4,49718.6404307143,-56249.2645089286,-12599835.25,49773.4209727216,-44195.2583333333,-9899737.86666667,443.06720875221,37.5777437707386,8417.41460464545,311.072500213625,23.999858624177,5375.96833181566,45278.6553477811,-28567.1747384365,-6399047.14140978,17438.6417788169,-3121.89668929135,-699304.858401263
2010,4,"CARP",10,"CONTINUAL",0,1.6,344,49920.2727553659,-54417.9093023256,-11699850.5,49959.787362861,-46045.4986821705,-9899782.21666667,270.038674576862,28.0973612339275,6040.93266529442,188.074649693445,17.7704696103834,3820.65096623243,43735.0198669356,-25577.9924430609,-5499268.3752581,17789.4122123664,-3253.31801715687,-699463.373688726
2010,4,"NAPL",3,"CONTROL",0,6,1344,49719.0780785046,-56248.8794642857,-12599749,49772.9562182361,-44195.778999256,-9899854.49583333,49.8867237515878,11.9247256084035,2671.13853628238,19.0341263453051,3.3179384414661,743.218210888406,45277.1329086393,-28569.5444208082,-6399577.95026103,17438.2579309461,-3123.85895457669,-699744.405825179
2010,4,"NAPL",9,"ANNUAL",0,6,1344,49718.9829477175,-56248.9631696429,-12599767.75,49772.9795433712,-44195.7528459821,-9899848.6375,58.5483541307803,11.4843128531786,2572.48607911202,18.5424611936295,3.13018535887156,701.16152038723,45277.0756780372,-28569.6347306255,-6399598.17966011,17438.247661912,-3123.91578669372,-699757.136219393
2010,4,"NAPL",10,"CONTINUAL",0,7,1505,49920.5848007301,-54417.6244186047,-11699789.25,49959.419124644,-46045.8961434108,-9899867.67083333,42.6547674032678,9.6611261854435,2077.14212987035,16.5067642226542,2.83453564408039,609.425163477284,43733.9041175612,-25579.8769284575,-5499673.53961836,17789.1042006788,-3254.92608696688,-699809.108697878
2010,5,"MOHK",2,"CONTROL",0,0.8,179.2,49718.8370430249,-56249.0915178571,-12599796.5,49772.9907317579,-44195.7403087798,-9899845.82916667,134.076955872229,17.3627988793366,3889.26694897139,26.7391301946399,4.31132591112562,965.737004092138,45277.6027656135,-28568.8078079727,-6399412.94898589,17438.2612076046,-3123.84451307024,-699741.170927734
2010,5,"MOHK",3,"ANNUAL",0,1,224,49718.9765897194,-56248.96875,-12599769,49772.9585252792,-44195.7764136905,-9899853.91666667,46.6848523636003,7.9403835132015,1778.64590695714,13.7806424964741,1.86079835741646,416.818832061287,45276.9067789699,-28569.9013254944,-6399657.89691074,17438.1903309972,-3124.23536970087,-699828.722812995
2010,5,"MOHK",4,"CONTINUAL",0,1.2,258,49920.4192033013,-54417.7755813953,-11699821.75,49959.9329563175,-46045.341744186,-9899748.475,116.419700101835,13.7214502024059,2950.11179351727,21.8353916006866,3.35808157059362,721.987537677628,43734.2379306094,-25579.3126876512,-5499552.227845,17789.0959384727,-3254.97163360093,-699818.901224199
2010,6,"AQUE",4,"CONTROL",0,2,448,49718.8370465481,-56249.0915178571,-12599796.5,49773.1982938498,-44195.5077752976,-9899793.74166667,70.2616938320489,10.4685460866563,2344.95432341102,11.5677163320057,1.87791559972361,420.653094338088,45276.8882558826,-28569.9306266719,-6399664.46037451,17438.1857952109,-3124.25868721896,-699833.945937047
2010,6,"AQUE",7,"ANNUAL",0,2.2,492.8,49718.570648935,-56249.3258928571,-12599849,49773.1513540205,-44195.5603422619,-9899805.51666667,35.1655100432349,6.39480686095509,1432.43673685394,9.17717760141444,1.62364259125552,363.695940441236,45276.6273629433,-28570.3415418837,-6399756.50538195,17438.143876184,-3124.48952176632,-699885.652875655
2010,6,"AQUE",8,"CONTINUAL",0,2.4,516,49920.3491577412,-54417.8395348837,-11699835.5,49959.6710253744,-46045.6241666667,-9899809.19583333,92.3335938532978,14.6044031810057,3139.94668391622,47.0009788200609,5.23577250613848,1125.69108881977,43734.1372011126,-25579.4816351773,-5499588.55156312,17789.1314458465,-3254.78113941682,-699777.944974616
2010,6,"CARP",7,"CONTROL",0,2.7,604.8,49718.7419441131,-56249.1752232143,-12599815.25,49773.1515660758,-44195.5601190476,-9899805.46666667,305.207022655478,30.6936628041095,6875.38046812053,208.828471406851,18.2479149981661,4087.53295958922,45278.2843088725,-28567.7444424028,-6399174.75509822,17438.5635795491,-3122.2531162155,-699384.698032273
2010,6,"CARP",9,"ANNUAL",0,2.7,604.8,49718.7038424216,-56249.2087053571,-12599822.75,49773.3740264379,-44195.310844494,-9899749.62916667,392.564875910857,36.8794843450025,8261.00449328055,275.522863144565,22.0424683344203,4937.51290691015,45278.5561085013,-28567.3240674535,-6399080.59110958,17438.6153220692,-3122.00483203685,-699329.082376255
2010,6,"CARP",10,"CONTINUAL",0,3,645,49920.4001573322,-54417.7930232558,-11699825.5,49959.9091307015,-46045.3673255814,-9899753.975,430.074019238405,41.7600084386965,8978.40181431975,302.867385950627,27.3160691556454,5872.95486846375,43735.8384014457,-25576.6203128391,-5498973.3672604,17789.6224135068,-3252.26832807477,-699237.690536075
2010,6,"MOHK",2,"CONTROL",0,2,448,49718.8497180733,-56249.0803571429,-12599794,49772.9940841505,-44195.7365513393,-9899844.9875,234.49537278459,23.502538217027,5264.56856061404,34.2186871919966,4.38594425225728,982.451512505632,45278.1242649331,-28567.9960745114,-6399231.12069056,17438.295041957,-3123.66505325239,-699700.971928535
2010,6,"MOHK",3,"ANNUAL",0,2,448,49719.1732723849,-56248.7957589286,-12599730.25,49773.1855184028,-44195.5220238095,-9899796.93333333,59.2896771496093,11.7625662491817,2634.8148398167,16.080403117098,2.83677914549062,635.438528589898,45277.217699078,-28569.4112317097,-6399548.11590296,17438.2265542711,-3124.03409790474,-699783.637930661
2010,6,"MOHK",4,"CONTINUAL",0,2.2,473,49920.4446813234,-54417.7523255814,-11699816.75,49994.7884605157,-46510.3905620155,-9999733.97083333,6820.27143791054,-459.809019235821,-98858.9391357015,6819.97003064277,-463.760811243386,-99708.5744173279,43991.2903988717,-26045.4705375478,-5599776.16557277,18971.5021668862,-3720.44716231653,-799896.139898055
2010,6,"NAPL",3,"CONTROL",0,4.5,1008,49719.2049608119,-56248.7678571429,-12599724,49772.9290381996,-44195.809468006,-9899861.32083333,89.2927577951933,18.4855932441715,4140.77288669442,25.3186946304698,4.55876402577018,1021.16314177252,45277.6161620593,-28568.7832352299,-6399407.4446915,17438.3230284593,-3123.49989583535,-699663.976667118
2010,6,"NAPL",9,"ANNUAL",0,6,1344,49719.0907889571,-56248.8683035714,-12599746.5,49772.9527162977,-44195.7829241071,-9899855.375,65.9735054373349,12.4719009524251,2793.70581334323,14.7769159429695,3.03457333034968,679.744425998328,45277.0928157965,-28569.6077872301,-6399592.14433955,17438.2535302486,-3123.88230616518,-699749.636580999
2010,6,"NAPL",10,"CONTINUAL",0,6.5,1397.5,49920.7376903891,-54417.4848837209,-11699759.25,49959.4064371122,-46045.9098449612,-9899870.61666667,52.9466675970213,10.735606034366,2308.15529738869,10.7002179684068,2.3768063224274,511.013359321891,43733.9515574513,-25579.7963489985,-5499656.21503467,17789.1088934744,-3254.90036502088,-699803.57847949
2010,7,"AQUE",4,"CONTROL",0,1.2,268.8,49718.8750930968,-56249.0580357143,-12599789,49773.1468014659,-44195.5654761905,-9899806.66666667,52.4303829519961,8.73985316027939,1957.72710790258,8.30360570268902,1.42983358136199,320.282722225087,45276.8162329997,-28570.0438361634,-6399689.81930061,17438.1597321808,-3124.40208029517,-699866.065986118
2010,7,"AQUE",7,"ANNUAL",0,1.2,268.8,49718.6404171852,-56249.2645089286,-12599835.25,49773.0815410628,-44195.6386346726,-9899823.05416667,15.6037805006238,3.27759473540245,734.181220730149,4.93883595908012,0.900790025056993,201.776965612766,45276.381053052,-28570.729823381,-6399843.48043735,17438.1107636,-3124.67270106004,-699926.685037449
2010,7,"AQUE",8,"CONTINUAL",0,1.5,322.5,49920.2472714784,-54417.9325581395,-11699855.5,49959.5599017375,-46045.7441472868,-9899834.99166667,70.3660854059725,9.72495895721153,2090.86617580048,26.236155001735,3.26587558305897,702.163250357679,43733.7979532303,-25580.0579414591,-5499712.4574137,17789.0830181496,-3255.04336465545,-699834.323400921
2010,7,"CARP",7,"CONTROL",0,3.2,716.8,49718.6658214297,-56249.2421875,-12599830.25,49773.1966527801,-44195.5095982143,-9899794.15,305.780018421241,33.4801987316854,7499.56451589752,204.627423991212,19.6982021863262,4412.39728973707,45278.5634107347,-28567.3059207702,-6399076.52625252,17438.6282061089,-3121.90844298285,-699307.491228159
2010,7,"CARP",9,"ANNUAL",0,3.2,716.8,49718.786321635,-56249.1361607143,-12599806.5,49773.3558273873,-44195.33125,-9899754.2,395.432170273414,38.0474554418359,8522.63001897124,276.022676537894,21.268803618304,4764.21201050009,45278.5325099317,-28567.3607151536,-6399088.80019441,17438.55973543,-3122.30604867762,-699396.554903787
2010,7,"CARP",10,"CONTINUAL",0,3.2,688,49920.3555567735,-54417.8337209302,-11699834.25,49959.8850432448,-46045.3933333333,-9899759.56666667,442.950099605738,41.6324893974564,8950.98522045312,312.337023364688,27.2979310623745,5869.05517841052,43735.8086444484,-25576.6724843898,-5498984.58414382,17789.6114804649,-3252.3334387547,-699251.68933226
2010,7,"MOHK",2,"CONTROL",0,4,896,49719.0717592829,-56248.8850446429,-12599750.25,49773.0458148408,-44195.6785714286,-9899832,323.983052656025,36.7996213639222,8243.11518551857,53.0433690810537,7.22405126907695,1618.18748427324,45279.3097483754,-28566.1416232201,-6398815.72360129,17438.4790291921,-3122.6745498952,-699479.099176524
2010,7,"MOHK",3,"ANNUAL",0,4.5,1008,49719.1543170348,-56248.8125,-12599734,49773.1097935509,-44195.6068638393,-9899815.9375,101.276361104263,17.7165947519367,3968.51722443382,20.9066224011167,3.67259810862237,822.66197633141,45277.7136917153,-28568.6309568568,-6399373.33433592,17438.2915805127,-3123.67819489614,-699703.915656735
2010,7,"MOHK",4,"CONTINUAL",0,4.5,967.5,49920.5402351382,-54417.6651162791,-11699798,49960.3183934922,-46044.9266085271,-9899659.22083333,30.7067212291891,7.69492079145513,1654.40797016285,8.01757626309066,1.86170626684197,400.266847371024,43733.7839219805,-25580.0812163856,-5499717.4615229,17789.0488098517,-3255.22540179564,-699873.461386063
2010,7,"NAPL",3,"CONTROL",0,4.8,1075.2,49719.3191592583,-56248.6674107143,-12599701.5,49773.0223265127,-44195.7048921131,-9899837.89583333,96.7979687937286,20.4231088537133,4574.77638323178,26.8770863241536,4.99910529056707,1119.79958508702,45277.8529171888,-28568.4104432782,-6399323.93929431,17438.3444308486,-3123.38205087723,-699637.5793965
2010,7,"NAPL",9,"ANNUAL",0,4.8,1075.2,49719.255754724,-56248.7232142857,-12599714,49772.9904279708,-44195.7406436012,-9899845.90416667,83.8438634413607,17.3311753191721,3882.18327149454,22.9199285862417,4.33011488401913,969.945734020286,45277.5202886994,-28568.9339284751,-6399441.19997843,17438.322954663,-3123.49967960726,-699663.928232027
2010,7,"NAPL",10,"CONTINUAL",0,4.8,1032,49920.7568121764,-54417.4674418605,-11699755.5,49959.4466195182,-46045.8664534884,-9899861.2875,70.3806246921688,12.6244881102319,2714.26494369985,20.3979854923171,3.13568127190337,674.171473459225,43734.0832595396,-25579.57259423,-5499608.10775945,17789.1420301544,-3254.72261465121,-699765.36215001
2010,9,"AQUE",4,"CONTROL",0,4.5,1008,49718.8497072219,-56249.0803571429,-12599794,49773.0957591535,-44195.6226376488,-9899819.47083333,74.342132558552,11.9267951574304,2671.6021152644,10.0255695916239,1.90031379912401,425.670291003778,45277.0846929557,-28569.6213062935,-6399595.17260974,17438.164455552,-3124.37545010127,-699860.100822684
2010,9,"AQUE",7,"ANNUAL",0,4.2,940.8,49718.7672596222,-56249.1529017857,-12599810.25,49773.0699301727,-44195.6515997024,-9899825.95833333,21.8433019658354,5.72360642934953,1282.0878401743,5.64523931186056,1.37724210576751,308.502231691923,45276.5688537579,-28570.4336010207,-6399777.12662864,17438.1346325343,-3124.54022465523,-699897.010322771
2010,9,"AQUE",8,"CONTINUAL",0,4.4,946,49920.4510490335,-54417.7465116279,-11699815.5,49959.5919695483,-46045.7095155039,-9899827.54583333,92.625499865069,13.9385504523702,2996.7883472596,52.4081758091448,5.7313776579056,1232.2461964497,43734.0693463769,-25579.5968702789,-5499613.32710996,17789.1353704536,-3254.760874372,-699773.58798998
2010,9,"CARP",7,"CONTROL",0,3,672,49718.6911674481,-56249.2198660714,-12599825.25,49773.1636671712,-44195.546577381,-9899802.43333333,319.6108203765,30.347697018716,6797.88413219239,225.196982285589,19.1612013794468,4292.10910899608,45278.173626209,-28567.9188544586,-6399213.82339873,17438.5087685317,-3122.55112628557,-699451.452287967
2010,9,"CARP",9,"ANNUAL",0,2.8,627.2,49718.8878235122,-56249.046875,-12599786.5,49773.2609465985,-44195.4375558036,-9899778.0125,358.404414369478,41.1297056778634,9213.0540718414,240.309359212495,20.1372519538814,4510.74443766944,45278.8636245631,-28566.8349058514,-6398971.01891072,17438.5454106232,-3122.35638263565,-699407.829710385
2010,9,"CARP",10,"CONTINUAL",0,3.9,838.5,49920.3555757874,-54417.8337209302,-11699834.25,49959.7947714509,-46045.4907170543,-9899780.50416667,369.634679093751,35.688487642325,7673.02484309987,260.463777357613,23.190717093149,4986.00417502704,43735.436074564,-25577.2954243633,-5499118.51623811,17789.5114480792,-3252.8274990769,-699357.912301534
2010,9,"MOHK",2,"CONTROL",0,2.4,537.6,49718.9955921186,-56248.9520089286,-12599765.25,49773.0396350346,-44195.6854910714,-9899833.55,351.538803652592,32.0126740563611,7170.83898862489,47.938274902276,5.56649587171586,1246.89507526435,45278.8398793336,-28566.8870910865,-6398982.70840338,17438.3491059023,-3123.3751832766,-699636.041053957
2010,9,"MOHK",3,"ANNUAL",0,2.5,560,49719.0590647464,-56248.8962053571,-12599752.75,49773.036389476,-44195.6891369048,-9899834.36666667,112.317356061781,16.6501247739774,3729.62794937093,18.6151468294308,3.33543255173782,747.136891589271,45277.5783681021,-28568.8447166242,-6399421.21652381,17438.2459359851,-3123.92618991371,-699759.46654067
2010,9,"MOHK",4,"CONTINUAL",0,2.7,580.5,49920.4383146356,-54417.7581395349,-11699818,49960.352739927,-46044.8893992248,-9899651.22083333,72.1340150554212,12.7900092848713,2749.85199624732,27.5620792150275,3.90900872960286,840.436876864615,43734.1758847194,-25579.4155296303,-5499574.3388705,17789.1165232494,-3254.85941855474,-699794.774989268
2010,9,"NAPL",3,"CONTROL",0,2.3,515.2,49719.0717177096,-56248.8850446429,-12599750.25,49772.9250202804,-44195.813969494,-9899862.32916667,66.7868348756907,12.76945715307,2860.35840228769,17.911060283666,3.21969160261575,721.210918985929,45277.2376754244,-28569.3797263017,-6399541.05869158,17438.241328673,-3123.95035920071,-699764.880460959
2010,9,"NAPL",9,"ANNUAL",0,2.8,627.2,49719.0273443047,-56248.9241071429,-12599759,49772.9226963816,-44195.8165736607,-9899862.9125,31.5712753509289,9.12207273867435,2043.34429346305,9.37728101764862,2.17278081495045,486.702902548902,45276.9689735127,-28569.8027016713,-6399635.80517438,17438.2129418759,-3124.10662901617,-699799.884899621
2010,9,"NAPL",10,"CONTINUAL",0,4,860,49920.7567611317,-54417.4674418605,-11699755.5,49959.417132728,-46045.8982945736,-9899868.13333333,40.2230287581057,9.9280591001917,2134.53270654122,11.7287517242144,2.51613759806799,540.969583584618,43733.9291134732,-25579.8343881062,-5499664.39344284,17789.1236701545,-3254.82011710408,-699786.325177378
2010,10,"AQUE",4,"CONTROL",0,2.7,604.8,49718.779937098,-56249.1417410714,-12599807.75,49773.1304662115,-44195.5837425595,-9899810.75833333,109.253181721531,14.1475566292061,3169.05268494217,15.2879848401769,2.33085537407323,522.111603792403,45277.3199586843,-28569.2520907318,-6399512.46832393,17438.2006328032,-3124.17651310264,-699815.538934992
2010,10,"AQUE",7,"ANNUAL",0,2.9,649.6,49718.6467521475,-56249.2589285714,-12599834,49773.0719816594,-44195.6492745536,-9899825.4375,16.8902069995918,4.51125871224755,1010.52195154345,4.95425928519798,1.19906881111498,268.591413689755,45276.4794935645,-28570.5745436457,-6399808.69777665,17438.1194046554,-3124.62460619756,-699915.911788253
2010,10,"AQUE",8,"CONTINUAL",0,3,645,49920.2600050882,-54417.9209302326,-11699853,49959.6436327814,-46045.6537209302,-9899815.55,78.7983966753993,10.5143160245243,2260.57794527273,31.5061108149533,3.79550139649728,816.032800246915,43733.8350835728,-25579.9949133231,-5499698.90636446,17789.1022687187,-3254.94010843689,-699812.123313932
2010,10,"CARP",7,"CONTROL",0,2.7,604.8,49718.8498549134,-56249.0803571429,-12599794,49773.2196300557,-44195.4839099702,-9899788.39583333,406.893982329258,34.6954072541332,7771.77122492584,286.720009748843,21.7474242307165,4871.42302768049,45278.4552278371,-28567.4846615032,-6399116.56417671,17438.558454554,-3122.32547081072,-699400.905461601
2010,10,"CARP",9,"ANNUAL",0,2.7,604.8,49718.7736417664,-56249.1473214286,-12599809,49773.5760073606,-44195.0847842262,-9899698.99166667,619.39816320946,58.4066834637165,13083.0970958725,432.778088544437,33.0635645139673,7406.23845112866,45280.0672415646,-28564.9775236565,-6398554.96529905,17438.8416055053,-3120.92663855175,-699087.567035592
2010,10,"CARP",10,"CONTINUAL",0,3,645,49920.4575562748,-54417.7406976744,-11699814.25,49959.9335391886,-46045.3410465116,-9899748.325,514.016928480276,46.7577310050452,10052.9121660847,362.484097184024,30.4011669461656,6536.25089342561,43736.1118084215,-25576.1687444232,-5498876.28005098,17789.6828221974,-3251.99899458754,-699179.783836321
2010,10,"MOHK",2,"CONTROL",0,2.3,515.2,49718.900451327,-56249.0357142857,-12599784,49773.0162246705,-44195.7117373512,-9899839.42916667,323.709537519807,29.2840923818265,6559.63669352913,44.3478399833988,5.09869940465595,1142.10866664293,45278.606546873,-28567.2496464873,-6399063.92081315,17438.3207762629,-3123.52846207666,-699670.375505172
2010,10,"MOHK",3,"ANNUAL",0,2.3,515.2,49719.040032373,-56248.9129464286,-12599756.5,49772.9829491877,-44195.7490327381,-9899847.78333333,154.66539035886,19.7139200550713,4415.91809233597,30.419896633743,4.40045050250746,985.70091256167,45277.8173351664,-28568.4709693483,-6399337.49713402,17438.2713713419,-3123.78777821018,-699728.462319079
2010,10,"MOHK",4,"CONTINUAL",0,2.4,516,49920.5911695775,-54417.6186046512,-11699788,49959.9185794575,-46045.3572286822,-9899751.80416667,35.2581232790503,8.22708055875744,1768.82232013285,9.27453971856615,2.03964136252007,438.522892941814,43733.880277268,-25579.9174794323,-5499682.25807795,17789.0781177142,-3255.06758439124,-699839.530644117
2010,10,"NAPL",3,"CONTROL",0,4.3,963.2,49718.9955957827,-56248.9520089286,-12599765.25,49772.9664193514,-44195.7675595238,-9899851.93333333,68.6332822626855,14.0879862319076,3155.70891594731,16.6145720131778,3.32583805898484,744.987725212603,45277.3194131924,-28569.2508213597,-6399512.18398457,17438.2694947007,-3123.79481422959,-699730.038387427
2010,10,"NAPL",9,"ANNUAL",0,4.7,1052.8,49718.9321924879,-56249.0078125,-12599777.75,49772.9184806798,-44195.8212983631,-9899863.97083333,43.9250207788147,11.0035832576067,2464.8026497039,15.8899819365278,2.97249871611866,665.839712410581,45277.0572932462,-28569.6635664301,-6399604.63888034,17438.2407239137,-3123.9532677732,-699765.531981198
2010,10,"NAPL",10,"CONTINUAL",0,4.8,1032,49920.6102823997,-54417.6011627907,-11699784.25,49959.455475409,-46045.8568992248,-9899859.23333333,65.764465738438,12.3123277331154,2647.15046261982,20.4837359946045,3.5290940703019,758.755225114908,43734.0866575337,-25579.5668765462,-5499606.87845743,17789.151548872,-3254.67089086693,-699754.241536391
2010,11,"AQUE",4,"CONTROL",0,3.8,851.2,49718.7101731417,-56249.203125,-12599821.5,49773.0641360096,-44195.6580543155,-9899827.40416667,141.976042454001,19.2080042763962,4302.59295791274,31.1939758212117,4.18088928500264,936.519199840592,45277.7441910515,-28568.5860922848,-6399363.28467179,17438.3224893203,-3123.51809197503,-699668.052602407
2010,11,"AQUE",7,"ANNUAL",0,4,896,49718.6467559526,-56249.2589285714,-12599834,49773.0244396348,-44195.7025855655,-9899837.37916667,59.4933436237682,8.24728537374372,1847.39192371859,18.3907964147127,2.21649169216923,496.494139045906,45276.7267299489,-28570.1850553232,-6399721.4523924,17438.1684812079,-3124.35516733841,-699855.557483804
2010,11,"AQUE",8,"CONTINUAL",0,3.5,752.5,49920.2663735729,-54417.9151162791,-11699851.75,49959.453835633,-46045.8586627907,-9899859.6125,100.785909356515,12.1136990867817,2604.44530365807,56.9631648099001,5.62744813956623,1209.90135000674,43733.8971925948,-25579.8899164617,-5499676.33203927,17789.1222512399,-3254.83447240427,-699789.411566919
2010,11,"MOHK",2,"CONTROL",0,3.9,873.6,49718.8243316117,-56249.1026785714,-12599799,49772.9737897458,-44195.7593005952,-9899850.08333333,299.754197516011,27.4373019236987,6145.95563090852,42.0673737333339,5.12348088133509,1147.65971741906,45278.418745428,-28567.5415936504,-6399129.31697769,17438.3164494853,-3123.5507384142,-699675.36540478
2010,11,"MOHK",3,"ANNUAL",0,4.2,940.8,49718.9004627421,-56249.0357142857,-12599784,49772.9909296946,-44195.7400855655,-9899845.77916667,164.012484131217,21.7328351615458,4868.15507618627,29.9731455721926,4.63092635379225,1037.32750324947,45277.9604250173,-28568.2461315527,-6399287.1334678,17438.2932363165,-3123.66777322474,-699701.581202343
2010,11,"MOHK",4,"CONTINUAL",0,5.1,1096.5,49920.4574223,-54417.7406976744,-11699814.25,49959.834135187,-46045.4484302326,-9899771.4125,37.3910431867883,7.56254899563372,1625.94803406125,22.0877848824955,2.90541642813124,624.664532048217,43733.763084035,-25580.1167350443,-5499725.09803452,17789.0613959109,-3255.1578820249,-699858.944635354
2010,11,"NAPL",3,"CONTROL",0,5.6,1254.4,49719.0717680203,-56248.8850446429,-12599750.25,49773.0121168324,-44195.7163318452,-9899840.45833333,94.1979096749043,18.9147520178689,4236.90445200263,19.1146916235759,4.06661701015879,910.92221027557,45277.7886723666,-28568.5118324616,-6399346.65047139,17438.3326804942,-3123.44633384069,-699651.978780315
2010,11,"NAPL",9,"ANNUAL",0,5.8,1299.2,49718.9829440534,-56248.9631696429,-12599767.75,49772.8975072607,-44195.8448102679,-9899869.2375,67.5764421781372,12.9346100954516,2897.35266138117,14.8580091603651,2.99231932217662,670.279528167563,45277.2411898953,-28569.3741474583,-6399539.80903065,17438.2459710706,-3123.92481968255,-699759.159608891
2010,11,"NAPL",10,"CONTINUAL",0,5.6,1204,49920.6612516638,-54417.5546511628,-11699774.25,49959.4031320765,-46045.9134108527,-9899871.38333333,65.0258725975841,13.3006052791076,2859.63013500814,14.2587999655662,3.23613577612244,695.769191866324,43734.2204016264,-25579.3397054243,-5499558.03666623,17789.1696020824,-3254.57148199875,-699732.86862973
2010,12,"CARP",7,"CONTROL",0,3.8,851.2,49718.7229629624,-56249.1919642857,-12599819,49773.2129540751,-44195.49140625,-9899790.075,390.711496816215,33.3984140345732,7481.24474374439,275.730328407023,21.8464557580067,4893.60608979349,45278.3617333457,-28567.6301873317,-6399149.16196229,17438.5616431939,-3122.29941245498,-699395.068389916
2010,12,"CARP",9,"ANNUAL",0,2.8,627.2,49718.5326008447,-56249.359375,-12599856.5,49773.2616287205,-44195.4368489583,-9899777.85416667,395.567080680346,31.4658344894209,7048.34692563029,279.812363690125,20.8073861891557,4660.85450637088,45278.164069851,-28567.9422359937,-6399219.06086258,17438.5190116844,-3122.53615557463,-699448.098848717
2010,12,"CARP",10,"CONTINUAL",0,2.8,602,49920.4129506911,-54417.7813953488,-11699823,49959.6869407478,-46045.6071124031,-9899805.52916667,377.057568287024,34.5770445822779,7434.06458518976,266.871314920197,23.0066639326537,4946.43274552054,43735.2967648347,-25577.5328615876,-5499169.56524133,17789.4839125307,-3252.97728962371,-699390.117269097
2011,1,"AQUE",4,"CONTROL",0,4.7,1052.8,49718.6530906316,-56249.2533482143,-12599832.75,49773.1156381877,-44195.6003534226,-9899814.47916667,129.954687566305,16.3822560426896,3669.62535356246,26.4070017836728,3.36750727246556,754.321629032285,45277.5491096405,-28568.8926050561,-6399431.94353256,17438.2725800014,-3123.78879166419,-699728.689332778
2011,1,"AQUE",7,"ANNUAL",0,4,896,49718.6404119709,-56249.2645089286,-12599835.25,49773.108444587,-44195.6085379464,-9899816.3125,13.3395268307489,3.33095586046811,746.134112744856,5.10778588922204,1.04380399359894,233.812094566162,45276.3948849275,-28570.7079932241,-6399838.5904822,17438.1104886842,-3124.6740901135,-699926.996185424
2011,1,"AQUE",8,"CONTINUAL",0,5,1075,49920.2409013804,-54417.938372093,-11699856.75,49959.4325888971,-46045.8816085271,-9899864.54583333,56.5811799099775,6.8055681039618,1463.19714235179,23.0020473632203,2.62031529687192,563.367788827463,43733.570236375,-25580.4450225194,-5499795.67984167,17789.0517166302,-3255.21213212703,-699870.608407311
2011,1,"CARP",7,"CONTROL",0,1.4,313.6,49718.6214187724,-56249.28125,-12599839,49773.0446016034,-44195.6799479167,-9899832.30833333,161.069375575679,16.6108882382271,3720.83896536286,112.965201342894,10.4003371888912,2329.67553031163,45277.2704894164,-28569.3310564914,-6399530.15665407,17438.3132292124,-3123.57164403674,-699680.048264229
2011,1,"CARP",9,"ANNUAL",0,1.2,268.8,49718.5262586692,-56249.3649553571,-12599857.75,49773.0718736728,-44195.6494419643,-9899825.475,49.6037966033571,6.30997935595296,1413.43537573346,33.0428431140962,3.5910653380253,804.398635717668,45276.5824193955,-28570.4125972091,-6399772.42177483,17438.1612969161,-3124.39465119119,-699864.401866827
2011,1,"CARP",10,"CONTINUAL",0,1.4,301,49920.3237223378,-54417.8627906977,-11699840.5,49959.6449369436,-46045.6523837209,-9899815.2625,162.986987937383,17.3547921339912,3731.28030880811,112.896393795294,10.7726598847698,2316.12187522552,43734.3235537529,-25579.168056421,-5499521.13213051,17789.2356484389,-3254.23472145134,-699660.465112038
2011,1,"MOHK",2,"CONTROL",0,3,672,49718.7672527168,-56249.1529017857,-12599810.25,49773.0254683055,-44195.7013764881,-9899837.10833333,455.640332317937,40.2859880141148,9024.06131516171,62.8218061941056,7.08457106441434,1586.94391842881,45279.4767847767,-28565.9072608539,-6398763.22643126,17438.4535307398,-3122.81887643167,-699511.428320695
2011,1,"MOHK",3,"ANNUAL",0,3,672,49718.8433621589,-56249.0859375,-12599795.25,49773.0034873614,-44195.7260044643,-9899842.625,253.621029107457,25.1541357503209,5634.52640807188,33.8450659391509,4.01748713153036,899.917117462801,45278.1999781568,-28567.8791764803,-6399204.9355316,17438.3009464622,-3123.63048547479,-699693.228746352
2011,1,"MOHK",4,"CONTINUAL",0,3.4,731,49920.5911471996,-54417.6186046512,-11699788,49959.9198202543,-46045.3559689922,-9899751.53333333,26.9543678469428,6.08350553497021,1307.9536900186,8.94965195943343,1.59126860344391,342.122749740442,43733.6847853677,-25580.2498095396,-5499753.70905101,17789.0318102325,-3255.31776494567,-699893.319463318
2011,1,"NAPL",3,"CONTROL",0,3.2,716.8,49718.9702370751,-56248.9743303571,-12599770.25,49772.9953926819,-44195.7350818452,-9899844.65833333,70.0301117567853,15.311754581762,3429.83302631469,25.0528369857611,4.26865919606032,956.179659917512,45277.4543021766,-28569.0379971616,-6399464.51136419,17438.2955357862,-3123.65132947399,-699697.897802174
2011,1,"NAPL",9,"ANNUAL",0,3.5,784,49718.995606775,-56248.9520089286,-12599765.25,49772.8951341401,-44195.8474702381,-9899869.83333333,39.1516298004311,9.25833041521015,2073.86601300707,11.0034094955073,2.32399481273025,520.574838051575,45276.9647693621,-28569.8094435085,-6399637.31534591,17438.2088732656,-3124.12940295922,-699804.986262865
2011,1,"NAPL",10,"CONTINUAL",0,4,860,49920.5466538708,-54417.6593023256,-11699796.75,49959.3946640365,-46045.9225581395,-9899873.35,46.1846652731798,9.56408121078585,2056.27746031896,11.9217331328445,2.54042397470849,546.191154562325,43733.9950712445,-25579.7226423229,-5499640.36809942,17789.1292757304,-3254.79177482724,-699780.231587857
2011,2,"NAPL",3,"CONTROL",0,6,1344,49719.1542334656,-56248.8125,-12599734,49772.9227142297,-44195.8165550595,-9899862.90833333,76.8913396341504,15.9051183862761,3562.74651852584,15.5058152021086,3.30536398138573,740.401531830403,45277.4744057503,-28569.0066609442,-6399457.4920515,17438.2689984652,-3123.79738895654,-699730.615126266
2011,2,"NAPL",9,"ANNUAL",0,6,1344,49719.1478632459,-56248.8180803571,-12599735.25,49772.8952341667,-44195.847358631,-9899869.80833333,89.1140673364951,14.2954376639764,3202.17803673071,14.9379274429161,2.78347525195893,623.4984564388,45277.3870120621,-28569.1451850692,-6399488.5214555,17438.247686888,-3123.91597528099,-699757.178462941
2011,2,"NAPL",10,"CONTINUAL",0,7,1505,49920.7186575144,-54417.5023255814,-11699763,49959.4149600774,-46045.9006395349,-9899868.6375,57.3305797724431,9.81230134233287,2109.64478860157,17.4844755864987,2.49598681395452,536.637165000222,43733.9388793959,-25579.8179908377,-5499660.8680301,17789.103896465,-3254.92880214957,-699809.692462157
2011,3,"AQUE",4,"CONTROL",0,1.4,313.6,49718.6911429267,-56249.2198660714,-12599825.25,49772.9455398336,-44195.7909784226,-9899857.17916667,124.783233824674,13.6668197450532,3061.36762289192,16.5276920709379,2.01533061400218,451.434057536487,45277.2612756405,-28569.3456971145,-6399533.43615365,17438.1734949577,-3124.32733512334,-699849.323067627
2011,3,"AQUE",7,"ANNUAL",0,2,448,49718.6277299222,-56249.2756696429,-12599837.75,49773.0615357234,-44195.6610677083,-9899828.07916667,26.1651900213673,4.08072827673887,914.083133989506,7.73322882103569,0.977174420985745,218.887070300807,45276.4276493994,-28570.6563817544,-6399827.02951299,17438.1097394639,-3124.67871762052,-699928.032746997
2011,3,"AQUE",8,"CONTINUAL",0,1.4,301,49920.2600061121,-54417.9209302326,-11699853,49959.4874068226,-46045.8224224806,-9899851.82083333,83.5468805021005,9.2363393891271,1985.81296866233,53.9777172605776,4.73572962693833,1018.18186979174,43733.7215529966,-25580.1882230849,-5499740.46796325,17789.0749838181,-3255.08826012945,-699843.975927832
2011,3,"CARP",7,"CONTROL",0,1,224,49718.729253373,-56249.1863839286,-12599817.75,49773.0938471189,-44195.6247767857,-9899819.95,230.394655983902,26.1343134647035,5854.08621609358,159.181605987004,16.1034629661258,3607.17570441219,45277.9872817211,-28568.2059263797,-6399278.12750905,17438.4854862258,-3122.64808541581,-699473.171133142
2011,3,"CARP",9,"ANNUAL",0,1,224,49718.6023696127,-56249.2979910714,-12599842.75,49773.1530879833,-44195.5584449405,-9899805.09166667,186.276511506381,19.0149890462784,4259.35754636636,130.021500008249,12.0768893551992,2705.22321556463,45277.4236158743,-28569.0910915618,-6399476.40450985,17438.3519881149,-3123.36532825627,-699633.833529405
2011,3,"CARP",10,"CONTINUAL",0,1.2,258,49920.2918710447,-54417.8918604651,-11699846.75,49959.7919778685,-46045.4937403101,-9899781.15416667,427.986380944461,40.7649241173107,8764.4586852218,303.153658933286,27.3492315688954,5880.0847873125,43735.7051849576,-25576.8460115078,-5499021.89247418,17789.5840976301,-3252.47055215953,-699281.168714299
2011,3,"MOHK",2,"CONTROL",0,1.5,336,49718.8116451367,-56249.1138392857,-12599801.5,49773.0078771468,-44195.72109375,-9899841.525,613.094705040478,48.2417733724445,10806.1572354276,80.8734203584386,7.59107112391135,1700.39993175614,45280.2161972565,-28564.7899622115,-6398512.95153538,17438.4580213179,-3122.82051623715,-699511.795637121
2011,3,"MOHK",3,"ANNUAL",0,1.5,336,49718.8750843593,-56249.0580357143,-12599789,49772.9611469198,-44195.7734747024,-9899853.25833333,51.0992160041824,9.08020722086371,2033.96641747347,11.0908582163527,2.02275366373794,453.0968206773,45276.9422042557,-28569.8453475023,-6399645.35784051,17438.1803879088,-3124.28774294503,-699840.454419688
2011,3,"MOHK",4,"CONTINUAL",0,1.8,387,49920.514740532,-54417.688372093,-11699803,49959.7739884538,-46045.5131395349,-9899785.325,33.7605407753496,7.98541640318161,1716.86452668405,10.9485669604706,1.99228421023376,428.341105200258,43733.8323485039,-25579.9988479808,-5499699.75231588,17789.054538753,-3255.19442240168,-699866.800816361
2011,4,"AQUE",4,"CONTROL",0,4.8,1075.2,49718.8053126076,-56249.1194196429,-12599802.75,49772.9643336261,-44195.7699032738,-9899852.45833333,112.470965789482,14.7497892864229,3303.95280015874,17.551099971299,2.71528283468825,608.223354970169,45277.3754786489,-28569.1647849861,-6399492.91183688,17438.2213203232,-3124.06334133781,-699790.18845967
2011,4,"AQUE",7,"ANNUAL",0,4.5,1008,49718.7101811746,-56249.203125,-12599821.5,49772.9741225723,-44195.7589285714,-9899850,38.5843431706401,7.27230440371987,1628.99618643325,11.6927947581534,1.79628611355233,402.368089435721,45276.7079773905,-28570.2144027141,-6399728.02620797,17438.1656314024,-3124.3698167658,-699858.838955539
2011,4,"AQUE",8,"CONTINUAL",0,4.8,1032,49920.3682840434,-54417.8220930233,-11699831.75,49959.454481724,-46045.8579651163,-9899859.4625,86.935027169915,10.7627854468425,2313.99887107113,52.7673943564531,5.14302722553846,1105.75085349077,43733.8139009703,-25580.0311844673,-5499706.70466047,17789.1057261467,-3254.92187641268,-699808.203428725
2011,4,"CARP",7,"CONTROL",0,1.2,268.8,49718.7165784109,-56249.1975446429,-12599820.25,49773.0541581613,-44195.6692522321,-9899829.9125,212.758003174821,20.7667171398113,4651.74463931774,149.412859157569,13.1542446749608,2946.55080719121,45277.550671572,-28568.8923026016,-6399431.87578275,17438.3773196009,-3123.2329338333,-699604.177178659
2011,4,"CARP",9,"ANNUAL",0,1,224,49718.6150714027,-56249.2868303571,-12599840.25,49773.1805340431,-44195.5276785714,-9899798.2,187.286747557743,16.8087425216265,3765.15832484433,132.376404107316,10.7512009587224,2408.26901475381,45277.2044937966,-28569.4364037946,-6399553.75444998,17438.297282503,-3123.66593814354,-699701.170144154
2011,4,"CARP",10,"CONTINUAL",0,1,215,49920.4320428697,-54417.7639534884,-11699819.25,49959.7379227733,-46045.5520155039,-9899793.68333333,284.017733104565,29.8974144990193,6427.94411728915,199.872075757284,19.0838078825082,4103.01869473926,43735.094340794,-25577.8667775285,-5499241.35716863,17789.4260879681,-3253.24632697171,-699447.960298917
2011,4,"MOHK",2,"CONTROL",0,3.2,716.8,49718.7799363933,-56249.1417410714,-12599807.75,49772.9630244656,-44195.7713727679,-9899852.7875,540.674551919442,43.8974999605271,9833.03999115808,72.1630224981143,7.09773254784055,1589.89209071628,45279.7747352598,-28565.4620535724,-6398663.50000021,17438.4601288144,-3122.79630425418,-699506.372152937
2011,4,"MOHK",3,"ANNUAL",0,3,672,49718.9131510088,-56249.0245535714,-12599781.5,49772.930070313,-44195.8083147321,-9899861.0625,66.9415995391714,10.7015674681272,2397.1511128605,17.3820788407423,2.35297804069408,527.067081115474,45277.1018201766,-28569.5943532982,-6399589.1351388,17438.2209585862,-3124.06787726984,-699791.204508445
2011,4,"MOHK",4,"CONTINUAL",0,3,645,49920.4192176349,-54417.7755813953,-11699821.75,49959.4978829245,-46045.8111046512,-9899849.3875,32.5581909685942,7.28358211930423,1565.97015565041,8.5658669600348,1.85095791476274,397.955951673988,43733.7656177911,-25580.1123651635,-5499724.15851015,17789.0477209075,-3255.23138778108,-699874.748372933
2011,4,"NAPL",3,"CONTROL",0,3.8,851.2,49719.2810417234,-56248.7008928571,-12599709,49772.909771035,-44195.8310639881,-9899866.15833333,70.6476552985513,16.7356859769684,3748.79365884092,13.9215205628033,3.34990792417498,750.379375015196,45277.4753976772,-28569.0046917305,-6399457.05094763,17438.2643746768,-3123.82222451206,-699736.178290702
2011,4,"NAPL",9,"ANNUAL",0,4.1,918.4,49719.211303679,-56248.7622767857,-12599722.75,49772.8838687984,-44195.8601004464,-9899872.6625,49.6143215920599,10.926571847602,2447.55209386284,10.0389519993088,2.20187850625683,493.22078540153,45277.0972551092,-28569.6006458519,-6399590.54467082,17438.2151341027,-3124.09492761949,-699797.263786766
2011,4,"NAPL",10,"CONTINUAL",0,4.5,967.5,49920.7249714829,-54417.4965116279,-11699761.75,49959.3557892669,-46045.9645348837,-9899882.375,41.2834593956399,8.62830797137903,1855.08621384649,10.769717501452,2.03815738390884,438.203837540401,43733.8854441308,-25579.9087905619,-5499680.38997081,17789.0988137275,-3254.95593627928,-699815.526300046
2011,5,"CARP",7,"CONTROL",0,2.1,470.4,49718.6721421525,-56249.2366071429,-12599829,49773.202831191,-44195.5026971726,-9899792.60416667,373.20909841794,32.455173539526,7269.95887285383,263.621437525511,21.3766133460257,4788.36138950975,45278.3100431041,-28567.7095519648,-6399166.93964012,17438.5541876843,-3122.32955085691,-699401.819391948
2011,5,"CARP",9,"ANNUAL",0,1.8,403.2,49718.6594518035,-56249.2477678571,-12599831.5,49773.2952374416,-44195.39921875,-9899769.425,371.928650747943,29.5171413004384,6611.8396512982,263.482715249705,19.4206297281947,4350.22105911561,45278.0024347465,-28568.1941064566,-6399275.47984629,17438.4725243747,-3122.77764359439,-699502.192165142
2011,5,"CARP",10,"CONTINUAL",0,2,430,49920.3619193853,-54417.8279069767,-11699833,49959.8033381166,-46045.4814534884,-9899778.5125,382.80756815599,37.2326671003398,8005.02342657306,270.205093700377,24.255450180817,5214.92178887565,43735.5078034099,-25577.1751412719,-5499092.65537346,17789.5332464609,-3252.71686626176,-699334.126246279
2011,5,"MOHK",2,"CONTROL",0,0.8,179.2,49718.7228576897,-56249.1919642857,-12599819,49772.9161161938,-44195.8239583333,-9899864.56666667,692.024435919215,48.8618428045652,10945.0527882226,90.0457807317502,6.71933328623296,1505.13065611618,45280.2579512076,-28564.7542687636,-6398504.95620305,17438.4106653544,-3123.1007393971,-699574.565624952
2011,5,"MOHK",3,"ANNUAL",0,1,224,49718.8877956086,-56249.046875,-12599786.5,49772.9767820312,-44195.755952381,-9899849.33333333,37.957029601373,7.87191075480339,1763.30800907596,8.56135248512719,1.62888224074441,364.869621926749,45276.8392765723,-28570.0073925736,-6399681.65593649,17438.1694729051,-3124.34804900331,-699853.962976743
2011,5,"MOHK",4,"CONTINUAL",0,0.6,129,49920.4574386812,-54417.7406976744,-11699814.25,49959.6913229685,-46045.6023643411,-9899804.50833333,30.6835009179468,6.39989652858143,1375.97775364501,4.80824165055003,1.16641780193793,250.779827416655,43733.7052353926,-25580.2150817555,-5499746.24257742,17789.0220974866,-3255.37042984114,-699904.642415846
2011,5,"NAPL",3,"CONTROL",0,1.8,403.2,49719.1161265574,-56248.8459821429,-12599741.5,49772.8967120441,-44195.845703125,-9899869.4375,137.2913512002,24.045688503664,5386.23422482073,22.5223300533014,4.48072589980787,1003.68260155696,45278.0508348346,-28568.1004369442,-6399254.49787551,17438.3210061763,-3123.51157297294,-699666.592345939
2011,5,"NAPL",9,"ANNUAL",0,1.8,403.2,49719.0146410107,-56248.9352678571,-12599761.5,49772.8648047067,-44195.8814732143,-9899877.45,81.7495855026595,13.7207264606908,3073.44272719474,12.5341612901844,2.49051911541457,557.876281852864,45277.1868426345,-28569.4598843294,-6399559.01408978,17438.2300476041,-3124.01271837347,-699778.848915657
2011,5,"NAPL",10,"CONTINUAL",0,1.8,387,49920.6675919725,-54417.5488372093,-11699773,49959.3306289621,-46045.9917054264,-9899888.21666667,30.0415661055763,7.23997849203065,1556.59537578659,6.74863977134489,1.54185092476151,331.497948823725,43733.7417260034,-25580.1529712651,-5499732.888822,17789.0554515902,-3255.18962232123,-699865.768799065
2011,6,"AQUE",4,"CONTROL",0,2.6,582.4,49718.7926461356,-56249.1305803571,-12599805.25,49773.0027508391,-44195.726860119,-9899842.81666667,60.3026986133231,9.43889676162884,2114.31287460486,15.2885726912003,1.88760282425145,422.823032632325,45276.9052066203,-28569.9040854077,-6399658.51513131,17438.1885809512,-3124.24597980107,-699831.099475439
2011,6,"AQUE",7,"ANNUAL",0,2.4,537.6,49718.9385772721,-56249.0022321429,-12599776.5,49772.9843172729,-44195.7475074405,-9899847.44166667,93.1794727988457,12.6741835842818,2839.01712287912,9.65797266607421,1.64488995269482,368.455349403639,45277.0074059419,-28569.7431194111,-6399622.45874808,17438.1617278173,-3124.39115859305,-699863.619524844
2011,6,"AQUE",8,"CONTINUAL",0,2.4,516,49920.5593984561,-54417.6476744186,-11699794.25,49959.4400152319,-46045.8735852713,-9899862.82083333,94.9387746781563,12.8264894528467,2757.69523236205,40.1374140967344,4.10390039011739,882.338583875239,43733.9129239873,-25579.8628289946,-5499670.50823385,17789.0922093136,-3254.99308151906,-699823.512526598
2011,7,"AQUE",4,"CONTROL",0,2,448,49718.9449044159,-56248.9966517857,-12599775.25,49772.9424368092,-44195.7944568452,-9899857.95833333,84.9205200431156,12.7748542629752,2861.56735490645,12.4545692662402,2.08817030252029,467.750147764546,45277.1410380443,-28569.5327291418,-6399575.33132775,17438.1808780274,-3124.28556685442,-699839.966975391
2011,7,"AQUE",7,"ANNUAL",0,1.5,336,49719.0782701644,-56248.8794642857,-12599749,49773.0437997739,-44195.6808965774,-9899832.52083333,176.58909179092,22.0143988435663,4931.22534095885,18.3158592550565,2.77677871097501,621.998431258402,45277.7077297502,-28568.6425123171,-6399375.92275903,17438.2209652591,-3124.06668842186,-699790.938206496
2011,7,"AQUE",8,"CONTINUAL",0,1.5,322.5,49920.6677420353,-54417.5488372093,-11699773,49959.5267484283,-46045.7799418605,-9899842.6875,153.605919019043,18.7183182734606,4024.43842879404,48.7265708409207,5.24745162146796,1128.20209861561,43734.2414357583,-25579.3061787362,-5499550.82842828,17789.1341244398,-3254.7691399589,-699775.365091163
2011,7,"CARP",7,"CONTROL",0,2,448,49718.8371856431,-56249.0915178571,-12599796.5,49773.0045463495,-44195.7248697917,-9899842.37083333,204.94452759133,21.7077204436799,4862.52937938429,134.985215304904,12.0663813281322,2702.86941750161,45277.7417262573,-28568.5920747139,-6399364.62473591,17438.4208278359,-3123.0021772544,-699552.487704985
2011,7,"CARP",9,"ANNUAL",0,2.5,560,49718.8561262702,-56249.0747767857,-12599792.75,49773.0495635767,-44195.6744233631,-9899831.07083333,132.611186507141,16.7908307406873,3761.14608591395,84.2609970433382,7.60353154954976,1703.19106709915,45277.2748503973,-28569.3228657879,-6399528.32193648,17438.2613329549,-3123.84937198361,-699742.259324328
2011,7,"CARP",10,"CONTINUAL",0,2.5,537.5,49920.4894231698,-54417.711627907,-11699808,49959.6213546039,-46045.6778682171,-9899820.74166667,268.815873491273,26.6465068265839,5728.99896771554,182.811176700676,15.2999891351972,3289.4976640674,43734.9464970759,-25578.117954028,-5499295.36011602,17789.38309087,-3253.4810061769,-699498.416328034
2011,7,"MOHK",2,"CONTROL",0,2.1,470.4,49718.7862852758,-56249.1361607143,-12599806.5,49772.9042847371,-44195.8372209821,-9899867.5375,625.78649832018,48.4063208247395,10843.0158647416,82.7311166081875,7.619102094483,1706.67886916419,45280.1680534526,-28564.870660025,-6398531.0278456,17438.479743738,-3122.70492809576,-699485.903893451
2011,7,"MOHK",3,"ANNUAL",0,2.5,560,49718.8878137882,-56249.046875,-12599786.5,49772.9190338169,-44195.8206845238,-9899863.83333333,84.2977270282886,13.2670061948189,2971.80938763944,28.0824862964466,3.66367667115397,820.663574338489,45277.3507480258,-28569.2030654732,-6399501.486666,17438.2927834447,-3123.68119932046,-699704.588647784
2011,7,"MOHK",4,"CONTINUAL",0,3,645,49920.5720957933,-54417.6360465116,-11699791.75,49959.7805118857,-46045.5063372093,-9899783.8625,43.1431767483526,9.8299808489841,2113.44588253158,8.63700692077482,1.97487031919581,424.597118627099,43733.9843456372,-25579.7405079719,-5499644.20921396,17789.06445967,-3255.14085132176,-699855.283034178
2011,7,"NAPL",3,"CONTROL",0,5.5,1232,49719.3698495238,-56248.6227678571,-12599691.5,49772.9147993324,-44195.8254278274,-9899864.89583333,180.680570541615,28.4718674353534,6377.69830551917,26.7471794472971,4.96647608015987,1112.49064195581,45278.434856953,-28567.4986729142,-6399119.70273279,17438.3525447902,-3123.33813246119,-699627.741671308
2011,7,"NAPL",9,"ANNUAL",0,5.5,1232,49719.3445117307,-56248.6450892857,-12599696.5,49772.8726866715,-44195.8726376488,-9899875.47083333,77.0480458986049,16.319529608949,3655.57463240457,18.7841200764982,3.54307386277524,793.648545261654,45277.419815402,-28569.0924951411,-6399476.71891161,17438.2731239033,-3123.77398560318,-699725.372775113
2011,7,"NAPL",10,"CONTINUAL",0,6,1290,49920.9287722208,-54417.3104651163,-11699721.75,49959.350459277,-46045.9702906977,-9899883.6125,81.1457831103951,13.1824091990445,2834.21797779457,12.5627812105119,2.5199129115496,541.781275983163,43734.1129318965,-25579.5223288886,-5499597.30071105,17789.111235611,-3254.88800253329,-699800.920544658
2011,8,"CARP",7,"CONTROL",0,1.5,336,49718.7292690159,-56249.1863839286,-12599817.75,49773.0400133386,-44195.6851376488,-9899833.47083333,256.870074588557,23.7214115367092,5313.59618422285,178.36270823008,14.41183895726,3228.25192642623,45277.7756829656,-28568.5411481938,-6399353.21719541,17438.4281750592,-3122.97165274957,-699545.650215903
2011,8,"CARP",9,"ANNUAL",0,1.5,336,49718.6975080359,-56249.2142857143,-12599824,49772.9965248974,-44195.7338541667,-9899844.38333333,189.543806458312,23.62012983361,5290.90908272864,123.211008770408,12.7685766686342,2860.16117377406,45277.8743479216,-28568.3819697754,-6399317.56122968,17438.4387265804,-3122.89791359122,-699529.132644434
2011,8,"CARP",10,"CONTINUAL",0,1.5,322.5,49920.381054893,-54417.8104651163,-11699829.25,49959.5473783368,-46045.7576937984,-9899837.90416667,207.378922979293,21.6364375929713,4651.83408248883,141.922616057861,12.4252597864725,2671.43085409159,43734.5204364512,-25578.8356945729,-5499449.67433316,17789.2772345044,-3254.0202101237,-699614.345176596
2011,9,"AQUE",4,"CONTROL",0,2.6,582.4,49718.8306802022,-56249.0970982143,-12599797.75,49772.9758170208,-44195.7570498512,-9899849.57916667,45.6825681156971,7.85020806199954,1758.4466058879,12.3784064771541,1.67934876785471,376.174123999455,45276.7797692319,-28570.1014947233,-6399702.73481801,17438.1620138391,-3124.39141503874,-699863.676968678
2011,9,"AQUE",7,"ANNUAL",0,2.4,537.6,49718.8815329964,-56249.0524553571,-12599787.75,49772.9709795817,-44195.7624813988,-9899850.79583333,146.388952330155,16.5288034426655,3702.45197115708,16.2575681931043,2.13350721543121,477.905616256591,45277.3012533405,-28569.2825283141,-6399519.28634236,17438.1838613731,-3124.27067054631,-699836.630202374
2011,9,"AQUE",8,"CONTINUAL",0,2.6,559,49920.5721431817,-54417.6360465116,-11699791.75,49959.4472301616,-46045.8657945736,-9899861.14583333,145.95215788226,18.4797245238462,3973.14077262694,51.2450542659292,5.68943456532199,1223.22843154423,43734.2044960273,-25579.3687185612,-5499564.27449067,17789.1627125211,-3254.61752401044,-699742.767662246
2011,9,"MOHK",2,"CONTROL",0,2.1,470.4,49718.7482312781,-56249.1696428571,-12599814,49773.0239406504,-44195.7030877976,-9899837.49166667,596.898043046514,46.4515999616846,10405.1583914173,79.6367021419678,7.71972597663387,1729.21861876599,45279.9887776404,-28565.1428287574,-6398591.99364165,17438.4315489948,-3122.96152752706,-699543.382166063
2011,9,"MOHK",3,"ANNUAL",0,1.8,403.2,49718.9322137678,-56249.0078125,-12599777.75,49772.9607438504,-44195.773921131,-9899853.35833333,87.7238402452414,13.9514991757724,3125.13581537302,14.7973551207368,2.63486567169605,590.209910459915,45277.3402715458,-28569.2188177585,-6399505.01517789,17438.2045713956,-3124.15386964559,-699810.466800611
2011,9,"MOHK",4,"CONTINUAL",0,1.8,387,49920.6166847346,-54417.5953488372,-11699783,49960.0196489148,-46045.2483527132,-9899728.39583333,81.8631953457221,16.9929178606274,3653.47734003488,41.1415234450982,5.31065910049405,1141.79170660622,43734.5161464556,-25578.8369467123,-5499449.94354315,17789.1705844275,-3254.56862434918,-699732.254235073
2011,9,"NAPL",3,"CONTROL",0,5.6,1254.4,49718.9385169555,-56249.0022321429,-12599776.5,49772.9438864981,-44195.7928199405,-9899857.59166667,116.824900373841,18.8488048876458,4222.13229483266,22.2216294800598,4.07413178447255,912.605519721851,45277.706086072,-28568.6434170834,-6399376.12542668,17438.2881031785,-3123.69215467327,-699707.042646812
2011,9,"NAPL",9,"ANNUAL",0,5.4,1209.6,49718.9512042184,-56248.9910714286,-12599774,49772.9286863285,-44195.8098586309,-9899861.40833333,69.3787347085468,13.5542648573367,3036.15532804341,18.8162121263004,3.39621678640514,760.752560154751,45277.2742998246,-28569.3220196213,-6399528.13239518,17438.2423547114,-3123.94427318866,-699763.51719426
2011,9,"NAPL",10,"CONTINUAL",0,5.6,1204,49920.6039138494,-54417.6069767442,-11699785.5,49959.3666647884,-46045.9527906977,-9899879.85,64.6468215381385,10.4192114863933,2240.13046957455,20.2512687722371,2.76976579097617,595.499645059877,43733.8968500944,-25579.8896130536,-5499676.26680652,17789.115891721,-3254.86440957005,-699795.84805756
2011,10,"AQUE",4,"CONTROL",0,5.2,1164.8,49718.6404122528,-56249.2645089286,-12599835.25,49772.9468101354,-44195.7895647321,-9899856.8625,31.866945293784,5.48664539004549,1229.00856737019,10.5085421739491,1.55988812465163,349.414939921965,45276.5776580927,-28570.4200101893,-6399774.0822824,17438.1518442231,-3124.44671375036,-699876.063880081
2011,10,"AQUE",7,"ANNUAL",0,4.8,1075.2,49718.8814728207,-56249.0524553571,-12599787.75,49772.9641235181,-44195.7701636905,-9899852.51666667,153.944871093377,17.8667352885384,4002.14870463261,18.8944572376702,2.36972212770707,530.817756606383,45277.4798806865,-28569.0023360833,-6399456.52328266,17438.1906364214,-3124.23348334408,-699828.300269073
2011,10,"AQUE",8,"CONTINUAL",0,3.5,752.5,49920.6167558171,-54417.5953488372,-11699783,49959.5200542612,-46045.7871705426,-9899844.24166667,168.29395961602,21.7368280016388,4673.41802035234,67.7206955942109,7.20701674001005,1549.50859910216,43734.4040318095,-25579.0303684728,-5499491.52922165,17789.1981175003,-3254.42855764391,-699702.13989344
2011,10,"CARP",7,"CONTROL",0,2.2,492.8,49718.7038890686,-56249.2087053571,-12599822.75,49773.0095825458,-44195.7192150298,-9899841.10416667,151.303448341266,13.8834202152676,3109.88612821995,106.021897985701,8.5604547754051,1917.54186969074,45277.075667072,-28569.6378185794,-6399598.87136179,17438.2663614783,-3123.82862721855,-699737.612496956
2011,10,"CARP",9,"ANNUAL",0,2,448,49718.6150622424,-56249.2868303571,-12599840.25,49773.1089474795,-44195.6078497024,-9899816.15833333,181.616339803071,17.4089787145285,3899.61123205439,128.25006168025,11.0288502590609,2470.46245802965,45277.2547658517,-28569.3568068525,-6399535.92473497,17438.3075991048,-3123.60730512724,-699688.036348502
2011,10,"CARP",10,"CONTINUAL",0,2.2,473,49920.3683192922,-54417.8220930233,-11699831.75,49959.6000892666,-46045.7007945736,-9899825.67083333,197.08325636691,20.6263380104209,4434.6626722405,139.298902412688,13.2930746293992,2858.01104532084,43734.4766860619,-25578.9095494378,-5499465.55312912,17789.2674434643,-3254.07059966425,-699625.178927813
2011,10,"IVEE",3,"CONTROL",0,2.2,492.8,49718.5833358011,-56249.3147321429,-12599846.5,49773.1198730739,-44195.5955729167,-9899813.40833333,499.801022680707,37.4122570825363,8380.34558648813,66.6233200499625,6.09612755315726,1365.53257190723,45279.2169637164,-28566.3291614006,-6398857.73215372,17438.3456474558,-3123.41709375059,-699645.429000133
2011,10,"IVEE",4,"ANNUAL",0,2.2,492.8,49718.621394251,-56249.28125,-12599839,49773.0488303331,-44195.6752232143,-9899831.25,258.571733095647,23.0008743536857,5152.19585522559,38.1847502829767,3.93913742793278,882.366783856942,45278.1013612778,-28568.035920816,-6399240.04626279,17438.2904866535,-3123.69669614191,-699708.059935788
2011,10,"MOHK",2,"CONTROL",0,2.6,582.4,49718.7799407621,-56249.1417410714,-12599807.75,49772.974370128,-44195.7586495536,-9899849.9375,491.480136471418,38.2707594767342,8572.65012278845,66.7830390509301,6.81434220115972,1526.41265305978,45279.2861377198,-28566.2176334684,-6398832.74989693,17438.376275775,-3123.24636192923,-699607.185072148
2011,10,"MOHK",3,"ANNUAL",0,2.5,560,49718.9766204414,-56248.96875,-12599769,49772.9857669966,-44195.7458705357,-9899847.075,119.274437098014,16.7852888187039,3759.90469538968,16.6613291823575,2.94714906781533,660.161391190633,45277.5895711906,-28568.8274614448,-6399417.35136363,17438.223535339,-3124.04962104176,-699787.115113355
2011,10,"MOHK",4,"CONTINUAL",0,2.5,537.5,49920.5848288121,-54417.6244186047,-11699789.25,49959.7598080867,-46045.5284883721,-9899788.625,71.2332197792542,15.1980288603416,3267.57620497344,29.6641077431045,4.50173496663057,967.873017825572,43734.3538895046,-25579.1126063974,-5499509.21037545,17789.142545753,-3254.71871776944,-699764.524320429
2011,10,"NAPL",3,"CONTROL",0,6,1344,49718.9765615341,-56248.96875,-12599769,49772.9486323019,-44195.7875,-9899856.4,135.575127117919,22.6548604162353,5074.6887332367,28.1008568270644,5.03972459429993,1128.89830912318,45277.9896980787,-28568.1969874467,-6399276.12518806,17438.340420298,-3123.40568444745,-699642.873316228
2011,10,"NAPL",9,"ANNUAL",0,6.5,1456,49718.9829317928,-56248.9631696429,-12599767.75,49772.9081624894,-44195.8328683036,-9899866.5625,102.598121548562,17.2087003777341,3854.74888461243,16.5373629290925,3.41770398017611,765.565691559448,45277.6155330244,-28568.7854328921,-6399407.93696784,17438.2725209809,-3123.77821012224,-699726.319067381
2011,10,"NAPL",10,"CONTINUAL",0,7,1505,49920.5784327589,-54417.6302325581,-11699790.5,49959.3450573273,-46045.976124031,-9899884.86666667,45.6348801194982,9.75818224669213,2098.00918303881,13.1192306849736,2.46363603344722,529.681747191152,43733.952004398,-25579.7955345348,-5499656.03992499,17789.1158015115,-3254.86319082017,-699795.586026337
2011,11,"CARP",7,"CONTROL",0,3,672,49718.7356353849,-56249.1808035714,-12599816.5,49773.06132945,-44195.661235119,-9899828.11666667,212.550169300205,18.0436396303776,4041.77527720458,150.180697265085,11.6978037453463,2620.30803895758,45277.3052005257,-28569.2791852112,-6399518.5374873,17438.3172061662,-3123.56382175223,-699678.2960725
2011,11,"CARP",9,"ANNUAL",0,3,672,49718.545291815,-56249.3482142857,-12599854,49773.1214178067,-44195.5938988095,-9899813.03333333,175.370377886302,14.8544744194959,3327.40226996709,123.940556654591,9.61009888660901,2152.66215060042,45277.0682455136,-28569.650622235,-6399601.73938064,17438.2715940283,-3123.80479547431,-699732.274186246
2011,11,"CARP",10,"CONTINUAL",0,3,645,49920.3492212185,-54417.8395348837,-11699835.5,49959.6389668172,-46045.6588372093,-9899816.65,226.010086650544,20.8293311451146,4478.30619619964,159.462650893493,13.5298064138531,2908.90837897841,43734.4623339249,-25578.9359004109,-5499471.21858834,17789.2636617077,-3254.09908321024,-699631.302890202
2011,11,"MOHK",2,"CONTROL",0,2.8,627.2,49718.8497086312,-56249.0803571429,-12599794,49772.9660901319,-44195.7679315476,-9899852.01666667,396.007329520227,31.3010448140792,7011.43403835375,52.4753983001522,5.18049484543615,1160.4308453777,45278.6170347976,-28567.2483266994,-6399063.62518068,17438.3453770734,-3123.40142270381,-699641.918685652
2011,11,"MOHK",3,"ANNUAL",0,2.9,649.6,49718.843394713,-56249.0859375,-12599795.25,49772.9257654599,-44195.8131324405,-9899862.14166667,95.6683787959327,15.2287943941038,3411.24994427925,22.1112165262695,3.53636142343744,792.144958849987,45277.4292757305,-28569.0788054246,-6399473.6524151,17438.2283516713,-3124.02276954288,-699781.100377605
2011,11,"MOHK",4,"CONTINUAL",0,2.6,559,49920.5402360158,-54417.6651162791,-11699798,49959.6191265325,-46045.6802713178,-9899821.25833333,65.3548835269383,13.4455316638106,2890.78930771928,24.3003917603364,3.78997276553915,814.844144590918,43734.2411505768,-25579.3043444948,-5499550.43406638,17789.1193300448,-3254.84405249934,-699791.471287358
2011,11,"NAPL",3,"CONTROL",0,8.2,1836.8,49719.2112859223,-56248.7622767857,-12599722.75,49772.9583586553,-44195.7765997024,-9899853.95833333,119.566822058869,21.6141141638359,4841.56157269925,26.3334643832986,4.91860817257457,1101.7682306567,45277.9396167261,-28568.2749754744,-6399293.59450626,17438.3340510297,-3123.44020582487,-699650.60610477
2011,11,"NAPL",9,"ANNUAL",0,8.5,1904,49719.1415164184,-56248.8236607143,-12599736.5,49772.8955997367,-44195.8469494048,-9899869.71666667,114.786250015555,17.7132918238308,3967.77736853811,15.8762430280798,3.01150778391649,674.577743597293,45277.6676850962,-28568.7040293881,-6399389.70258294,17438.2781418712,-3123.74762916767,-699719.468933558
2011,11,"NAPL",10,"CONTINUAL",0,8.8,1892,49920.801410029,-54417.426744186,-11699746.75,49959.3696973973,-46045.9495155039,-9899879.14583333,59.8861680551348,11.5251078296541,2477.89818337564,11.6593450545087,2.48987530145335,535.32318981247,43734.0886686277,-25579.5635968107,-5499606.17331429,17789.12143859,-3254.83219192979,-699788.921264905
2011,12,"AQUE",4,"CONTROL",0,7,1568,49718.6911632202,-56249.2198660714,-12599825.25,49772.9108136699,-44195.8299107143,-9899865.9,30.210335208985,5.03368389521315,1127.54519252775,9.01355686342408,1.21069136106572,271.194864878721,45276.5316528051,-28570.4925471914,-6399790.33057088,17438.1496687899,-3124.45840779446,-699878.68334596
2011,12,"AQUE",7,"ANNUAL",0,7,1568,49718.7989927604,-56249.125,-12599804,49773.0267781299,-44195.6999255952,-9899836.78333333,156.77606807408,18.7532959081983,4200.73828343641,21.3929917658934,3.10382907513659,695.257712830595,45277.5247581871,-28568.9320998962,-6399440.79037676,17438.2220067975,-3124.05972679064,-699789.378801102
2011,12,"AQUE",8,"CONTINUAL",0,5,1075,49920.5594117658,-54417.6476744186,-11699794.25,49959.5949963188,-46045.7062790698,-9899826.85,189.106480348538,22.3318639980356,4801.35075957766,109.317344670021,9.29741460584752,1998.94414025722,43734.445295873,-25578.9615646182,-5499476.73639292,17789.2105376817,-3254.36720267405,-699688.94857492
2012,1,"CARP",7,"CONTROL",0,2.4,537.6,49718.6658291807,-56249.2421875,-12599830.25,49772.9852402085,-44195.746484375,-9899847.2125,99.076587851742,10.9226836721798,2446.68114256828,69.2389590798794,6.73744622462936,1509.18795431698,45276.8674437123,-28569.9641627075,-6399671.97244649,17438.224904795,-3124.04769668743,-699786.684057984
2012,1,"CARP",9,"ANNUAL",0,2.5,560,49718.5389435825,-56249.3537946429,-12599855.25,49772.9774951722,-44195.7551897321,-9899849.1625,27.4670664521473,4.00592606178139,897.327437839032,18.4332800801981,2.37087635147619,531.076302730666,45276.4047787539,-28570.6924924582,-6399835.11831065,17438.1216865516,-3124.61267650058,-699913.239536129
2012,1,"CARP",10,"CONTINUAL",0,2.5,537.5,49920.3492124428,-54417.8395348837,-11699835.5,49959.6080733255,-46045.6921899225,-9899823.82083333,112.818831419323,13.1366756807087,2824.38527135236,76.7070851763714,7.84653639419475,1687.00532475187,43734.0414655051,-25579.6454115031,-5499623.76347317,17789.1641869401,-3254.61110446331,-699741.387459611
2012,1,"IVEE",3,"CONTROL",0,4,896,49718.6784834494,-56249.2310267857,-12599827.75,49773.1066440136,-44195.6104166667,-9899816.73333333,389.809354539477,32.0016081397854,7168.36022331194,52.5318696435969,5.51413829571818,1235.16697824087,45278.7795923334,-28566.9905950665,-6399005.8932949,17438.3491705703,-3123.38208929244,-699637.588001506
2012,1,"IVEE",4,"ANNUAL",0,4,896,49718.5896757088,-56249.3091517857,-12599845.25,49773.0391270499,-44195.6860863095,-9899833.68333333,241.795576421548,19.6821004175623,4408.79049353394,32.5809554569828,3.22379344679075,722.129732081129,45277.7470100549,-28568.5920856544,-6399364.62718658,17438.243657537,-3123.94769492599,-699764.283663421
2012,1,"MOHK",2,"CONTROL",0,1.1,246.4,49718.6911471545,-56249.2198660714,-12599825.25,49772.9097597976,-44195.8310825893,-9899866.1625,420.042985226267,32.3745396921181,7251.89689103446,56.5117218943671,5.01112772213858,1122.49260975904,45278.8845062538,-28566.8324381637,-6398970.46614867,17438.3371673818,-3123.45543283021,-699654.016953966
2012,1,"MOHK",3,"ANNUAL",0,1.5,336,49718.7609520271,-56249.1584821429,-12599811.5,49772.8445795998,-44195.9041480655,-9899882.52916667,82.1933585269688,12.9381473594636,2898.14500851984,14.575329745107,2.48324530596042,556.246948535133,45277.2840601784,-28569.3073324703,-6399524.84247336,17438.2135476014,-3124.10559964576,-699799.654320649
2012,1,"MOHK",4,"CONTINUAL",0,1.3,279.5,49920.3746386079,-54417.8162790698,-11699830.5,49959.3331057316,-46045.9890310078,-9899887.64166667,58.451953021506,9.94099083428194,2137.31302937062,9.889523361644,1.96434083258811,422.333279006443,43733.9814314598,-25579.7460030824,-5499645.39066271,17789.0616494257,-3255.15639205832,-699858.624292538
2012,1,"NAPL",3,"CONTROL",0,6.5,1456,49718.9258325053,-56249.0133928571,-12599779,49772.9267630801,-44195.812016369,-9899861.89166667,111.523830906916,18.7467446731491,4199.27080678539,28.0681919266292,4.61888815187864,1034.63094602082,45277.7815295796,-28568.5243166646,-6399349.44693288,17438.3281469666,-3123.47305973657,-699657.965380991
2012,1,"NAPL",9,"ANNUAL",0,7.4,1657.6,49718.9321913604,-56249.0078125,-12599777.75,49772.8858256407,-44195.857905506,-9899872.17083333,74.3047536356603,14.2780193147606,3198.27632650637,14.4150581510024,3.08686001399945,691.456643135877,45277.3462966813,-28569.2087580234,-6399502.76179724,17438.2651034679,-3123.81875670098,-699735.401501019
2012,1,"NAPL",10,"CONTINUAL",0,7.8,1677,49920.5911735265,-54417.6186046512,-11699788,49959.3861722939,-46045.9317248062,-9899875.32083333,52.8766399515782,12.4778997421525,2682.74844456278,11.9580495576018,2.8641854513531,615.799872040917,43734.1762261872,-25579.4146622026,-5499574.15237357,17789.1829481044,-3254.50080811628,-699717.673745001
2012,2,"AQUE",4,"CONTROL",0,2.5,560,49718.5516241212,-56249.3426339286,-12599852.75,49772.8416436121,-44195.9074404762,-9899883.26666667,40.5389889354364,6.66261878198761,1492.42660716522,12.3225365048372,1.77563408684612,397.74203545353,45276.6559797946,-28570.2965639791,-6399746.43033132,17438.1681913706,-3124.35631933146,-699855.815530247
2012,2,"AQUE",7,"ANNUAL",0,2.3,515.2,49718.6213870637,-56249.28125,-12599839,49772.890509427,-44195.8526599702,-9899870.99583333,192.491148059514,19.4726684263298,4361.87772749787,27.1358082213681,3.2169485301835,720.596470761104,45277.6246430407,-28568.7785300485,-6399406.39073086,17438.2297644827,-3124.01993480956,-699780.465397341
2012,2,"AQUE",8,"CONTINUAL",0,2.2,473,49920.3427955651,-54417.8453488372,-11699836.75,49959.40478867,-46045.911627907,-9899871,84.7671411434194,12.6442548876445,2718.51480084357,35.7784696814466,4.31260638891072,927.210373615805,43733.9300918851,-25579.8334302684,-5499664.1875077,17789.1124511992,-3254.88478345867,-699800.228443614
2012,3,"AQUE",4,"CONTROL",0,5,1120,49718.976721063,-56248.96875,-12599769,49772.8490099381,-44195.8991815476,-9899881.41666667,38.654627277218,8.01908466897494,1796.27496585039,6.60239029356879,1.47547754293367,330.506969617142,45276.6818514018,-28570.2555200801,-6399737.23649794,17438.1591652928,-3124.40442590013,-699866.591401628
2012,3,"AQUE",7,"ANNUAL",0,5,1120,49718.7545910191,-56249.1640625,-12599812.75,49773.0430360553,-44195.6817522321,-9899832.7125,35.6447099195432,6.28429562411541,1407.68221980185,10.0619966062771,1.30714050421866,292.79947294498,45276.6071724132,-28570.3733061112,-6399763.6205689,17438.1381664041,-3124.52136292148,-699892.785294411
2012,3,"AQUE",8,"CONTINUAL",0,5.5,1182.5,49920.438332772,-54417.7581395349,-11699818,49959.5157053338,-46045.7918604651,-9899845.25,48.0114883487707,8.37129795734261,1799.82906082866,14.0478094664175,1.93181642714564,415.340531836312,43733.7234527372,-25580.1841891418,-5499739.6006655,17789.0469589428,-3255.23666692676,-699875.883389254
2012,3,"CARP",7,"CONTROL",0,1.5,336,49718.8244377297,-56249.1026785714,-12599799,49773.1643709609,-44195.545796131,-9899802.25833333,312.315023966649,26.7096155509146,5982.95388340487,220.781841653978,17.2919296902611,3873.39225061849,45277.8464389611,-28568.4337955954,-6399329.17021337,17438.4418049209,-3122.9156483661,-699533.105234007
2012,3,"CARP",9,"ANNUAL",0,1.5,336,49718.7610498306,-56249.1584821429,-12599811.5,49773.1205496819,-44195.5949032738,-9899813.25833333,333.068838115742,26.2992738451263,5891.03734130829,235.956233743934,17.6069094614316,3943.94771936068,45277.7698589457,-28568.5565912648,-6399356.67644332,17438.4252472343,-3123.01728032036,-699555.87079176
2012,3,"CARP",10,"CONTINUAL",0,1.8,387,49920.4256344946,-54417.7697674419,-11699820.5,49959.7279272949,-46045.5628488372,-9899796.0125,368.583937002378,35.0363748634943,7532.82059565127,261.496070585276,23.5778509907523,5069.23796301173,43735.3309907197,-25577.4738096273,-5499156.86906986,17789.4852668961,-3252.96716716201,-699387.940939833
2012,3,"IVEE",3,"CONTROL",0,4.1,918.4,49718.5896803594,-56249.3091517857,-12599845.25,49773.0933182014,-44195.6253720238,-9899820.08333333,147.895518131384,15.6446807288174,3504.40848325511,27.9530243552583,3.82088955780163,855.879260947566,45277.3677451448,-28569.1795405994,-6399496.21709427,17438.2205472498,-3124.06897769824,-699791.451004407
2012,3,"IVEE",4,"ANNUAL",0,4.3,963.2,49718.5008875571,-56249.3872767857,-12599862.75,49772.9982642249,-44195.7319196429,-9899843.95,31.5654275312754,3.91279575879392,876.466249969839,10.4889582350903,1.16879429049054,261.809921069882,45276.4685198982,-28570.5921871075,-6399812.64991207,17438.1311436648,-3124.56185887015,-699901.856386913
2012,3,"MOHK",2,"CONTROL",0,2,448,49718.7355473053,-56249.1808035714,-12599816.5,49772.8957031802,-44195.8468377976,-9899869.69166667,364.098809184849,31.2046110500841,6989.83287521883,52.1069578856332,6.05776342172791,1356.93900646705,45278.7349250034,-28567.055680362,-6399020.47240109,17438.3757187924,-3123.23648784181,-699604.973276565
2012,3,"MOHK",3,"ANNUAL",0,2.5,560,49718.9068217439,-56249.0301339286,-12599782.75,49772.8782334118,-44195.8664248512,-9899874.07916667,72.5349459209474,10.8275612779458,2425.37372625987,23.856198191269,2.82329338468767,632.417718170038,45277.1547501163,-28569.5115007958,-6399570.57617827,17438.2528363816,-3123.89805685,-699753.164734401
2012,3,"MOHK",4,"CONTINUAL",0,3.2,688,49920.489284076,-54417.711627907,-11699808,49959.3579244504,-46045.9622286822,-9899881.87916667,54.7286118685835,12.833306991692,2759.16100321378,15.1808619633649,3.08340606202242,662.93230333482,43734.2380476927,-25579.3092372211,-5499551.48600254,17789.1244338491,-3254.81607199016,-699785.455477884
2012,3,"NAPL",3,"CONTROL",0,6,1344,49719.0463376502,-56248.9073660714,-12599755.25,49772.9260029995,-44195.8128720238,-9899862.08333333,88.2190064448666,17.368048258296,3890.44280985829,24.7190731108995,4.27220236533242,956.973329834461,45277.5300462885,-28568.9192824384,-6399437.91926619,17438.2678095828,-3123.80424549491,-699732.150990861
2012,3,"NAPL",9,"ANNUAL",0,6,1344,49719.0082756916,-56248.9408482143,-12599762.75,49772.9102183455,-44195.830561756,-9899866.04583333,49.6892500823722,10.880780317867,2437.29479120222,11.1510040142365,2.39559857941185,536.614081788254,45277.1098490648,-28569.5808308764,-6399586.10611632,17438.2150847297,-3124.09485035201,-699797.24647885
2012,3,"NAPL",10,"CONTINUAL",0,6,1290,49920.5720412382,-54417.6360465116,-11699791.75,49959.371600035,-46045.9474612403,-9899878.70416667,45.3009006880023,10.1861007577207,2190.01166290995,13.3825162838702,2.59554977126081,558.043200821075,43734.0317223115,-25579.6601713136,-5499626.93683242,17789.1085970865,-3254.90240852263,-699804.017832365
2012,5,"AQUE",4,"CONTROL",0,2,448,49718.9830900533,-56248.9631696429,-12599767.75,49772.8777644148,-44195.8669456845,-9899874.19583333,175.349537317999,20.8062291448855,4660.59532845436,19.3825773084161,2.83558673109319,635.171427764875,45277.583514457,-28568.8388838149,-6399419.90997455,17438.2268207828,-3124.03432244119,-699783.688226826
2012,5,"AQUE",7,"ANNUAL",0,1.8,403.2,49718.7038359389,-56249.2087053571,-12599822.75,49773.0459090957,-44195.6784970238,-9899831.98333333,72.6061576207407,11.9396995366985,2674.49269622047,11.6817374319987,1.9619562357637,439.478196811068,45277.0476118794,-28569.6795945327,-6399608.22917532,17438.1701860703,-3124.34416181164,-699853.092245807
2012,5,"AQUE",8,"CONTINUAL",0,2,430,49920.336419054,-54417.8511627907,-11699838,49959.738000163,-46045.5519186047,-9899793.6625,115.671393826768,18.3832075414881,3952.38962141995,72.2043274880263,6.85426748591004,1473.66750947066,43734.3630290584,-25579.0981047893,-5499506.0925297,17789.1529784967,-3254.66768445793,-699753.552158455
2012,5,"CARP",7,"CONTROL",0,1.8,403.2,49718.6277603626,-56249.2756696429,-12599837.75,49773.1151842194,-44195.6009114583,-9899814.60416667,315.197380963954,28.1677474269038,6309.57542362645,222.506606921408,18.3087133449909,4101.15178927797,45277.9848948721,-28568.2159330531,-6399280.36900389,17438.4764456969,-3122.7269990016,-699490.847776359
2012,5,"CARP",9,"ANNUAL",0,2,448,49718.5579753103,-56249.3370535714,-12599851.5,49773.0544102831,-44195.6690290179,-9899829.8625,320.079855469585,27.6698097181329,6198.03737686177,226.211148481689,17.9989702830933,4031.76934341291,45277.8638345795,-28568.4071203086,-6399323.19494913,17438.4609120943,-3122.81354384654,-699510.233821624
2012,5,"CARP",10,"CONTINUAL",0,1.8,387,49920.2600336092,-54417.9209302326,-11699853,49959.7000338327,-46045.5929457364,-9899802.48333333,318.386822899291,32.332607054334,6951.5105166818,223.395041372898,20.8920331208764,4491.78712098843,43735.2270624962,-25577.645100835,-5499193.69667951,17789.4706351697,-3253.02376863439,-699400.110256393
2012,5,"IVEE",3,"CONTROL",0,2.5,560,49718.5579658682,-56249.3370535714,-12599851.5,49773.0066973709,-44195.7224702381,-9899841.83333333,46.4749074654346,6.41295121864111,1436.50107297561,19.5226835966695,2.41923946762853,541.90964074879,45276.6379849469,-28570.3252560904,-6399752.85736426,17438.1730900083,-3124.33184291629,-699850.332813249
2012,5,"IVEE",4,"ANNUAL",0,2.5,560,49718.5579660091,-56249.3370535714,-12599851.5,49773.1460721741,-44195.566313244,-9899806.85416667,83.9052024596374,8.31113706627135,1861.69470284478,28.7481920679069,2.4268589293082,543.616400165037,45276.9005606905,-28569.9133246415,-6399660.5847197,17438.2357352139,-3124.00004047983,-699776.009067483
2012,5,"MOHK",2,"CONTROL",0,1.6,358.4,49718.6150463176,-56249.2868303571,-12599840.25,49772.9448627959,-44195.7917410714,-9899857.35,658.632859142487,50.200761022246,11244.9704689831,88.1262334147979,7.99263031275084,1790.34919005619,45280.4083795894,-28564.5042510615,-6398448.95223778,17438.4907339296,-3122.65850747527,-699475.505674461
2012,5,"MOHK",3,"ANNUAL",0,2,448,49719.0782167533,-56248.8794642857,-12599749,49772.8892637964,-44195.8540550595,-9899871.30833333,80.9099661047933,13.4509126166671,3013.00442613343,17.9842577262745,2.82552213122099,632.916957393503,45277.3588423369,-28569.1896305293,-6399498.47723856,17438.2476161773,-3123.92032456283,-699758.152702075
2012,5,"MOHK",4,"CONTINUAL",0,2,430,49920.4510847211,-54417.7465116279,-11699815.5,49959.4487252418,-46045.8641860465,-9899860.8,66.3215618361636,13.5440814968792,2911.97752182902,12.5444784956141,2.74493338593026,590.160677975006,43734.2641964746,-25579.2652093497,-5499542.02001018,17789.1023717035,-3254.93541486328,-699811.114195606
2012,5,"NAPL",3,"CONTROL",0,2.6,582.4,49719.1224567614,-56248.8404017857,-12599740.25,49772.8665800454,-44195.8794828869,-9899877.00416667,127.202564926301,18.8708224864638,4227.06423696789,17.04998156016,3.05485283686876,684.287035458603,45277.6324980538,-28568.7596895761,-6399402.17046505,17438.2406583881,-3123.95459343246,-699765.82892887
2012,5,"NAPL",9,"ANNUAL",0,2.6,582.4,49719.0653700193,-56248.890625,-12599751.5,49772.852924148,-44195.8947916667,-9899880.43333333,56.8093726975744,10.784603594212,2415.75120510349,7.5149030187559,1.77136700811525,396.786209817816,45277.013378923,-28569.7330576914,-6399620.20492287,17438.1889497686,-3124.23934245384,-699829.612709661
2012,5,"NAPL",10,"CONTINUAL",0,2.6,559,49920.6867142479,-54417.5313953488,-11699769.25,49959.3539952183,-46045.9664728682,-9899882.79166667,49.041430760369,10.3809184574735,2231.8974683568,10.7823592104008,2.15506633669335,463.33926238907,43733.9557705418,-25579.7891983073,-5499654.67763608,17789.0933992365,-3254.98406845507,-699821.57471784
2012,6,"AQUE",4,"CONTROL",0,1.4,313.6,49718.9513423266,-56248.9910714286,-12599774,49772.898722007,-44195.843452381,-9899868.93333333,242.771298933266,26.7679102461139,5996.01189512951,29.6051217952031,3.53729247679242,792.353514801503,45278.1348904531,-28567.9778202097,-6399227.03172698,17438.2624796316,-3123.84172947464,-699740.547402318
2012,6,"AQUE",7,"ANNUAL",0,1.4,313.6,49718.7292229327,-56249.1863839286,-12599817.75,49773.0041943719,-44195.7252604167,-9899842.45833333,182.262522067869,21.8332009654069,4890.63701625114,24.3171567782457,3.17432455070436,711.048699357777,45277.816528943,-28568.4744662703,-6399338.28044455,17438.2298161528,-3124.01832299918,-699780.104351816
2012,6,"AQUE",8,"CONTINUAL",0,1.4,301,49920.3937371025,-54417.7988372093,-11699826.75,49959.6521107306,-46045.6446511628,-9899813.6,105.111849645073,17.2635008464111,3711.65268197839,52.3358014103756,5.65494552268731,1215.81328737777,43734.3439127671,-25579.1305654902,-5499513.07158039,17789.1404032869,-3254.73324299057,-699767.647242973
2012,6,"CARP",7,"CONTROL",0,2.2,492.8,49718.6721644191,-56249.2366071429,-12599829,49773.1091968948,-44195.6076078869,-9899816.10416667,283.705528040154,26.1185988988559,5850.56615334373,198.59888626724,15.9978528456825,3583.51903743289,45277.9036320513,-28568.3413469194,-6399308.46170995,17438.4504794383,-3122.85744200217,-699520.067008487
2012,6,"CARP",9,"ANNUAL",0,2,448,49718.5389423141,-56249.3537946429,-12599855.25,49773.0439774286,-44195.6807105655,-9899832.47916667,334.367733055241,24.9631452309509,5591.74453173301,236.759555604913,16.5413534492161,3705.2631726244,45277.7059326364,-28568.6575973361,-6399379.30180328,17438.4013641773,-3123.15053252236,-699585.71928501
2012,6,"CARP",10,"CONTINUAL",0,2.4,516,49920.3683198773,-54417.8220930233,-11699831.75,49959.7071317911,-46045.5853100775,-9899800.84166667,423.034530743921,38.7995341487145,8341.89984197362,300.041478689112,26.105098699961,5612.59622049162,43735.5658821839,-25577.0817801689,-5499072.58273632,17789.5409647521,-3252.69811402966,-699330.094516378
2012,6,"IVEE",3,"CONTROL",0,3,672,49718.5769933552,-56249.3203125,-12599847.75,49773.0125184434,-44195.715922619,-9899840.36666667,49.0868340228311,7.16838856392502,1605.7190383192,25.05084553285,2.97651169866662,666.738620501322,45276.6879421394,-28570.2463406126,-6399735.18029722,17438.1844475597,-3124.26788372985,-699836.005955487
2012,6,"IVEE",4,"ANNUAL",0,3,672,49718.5325988717,-56249.359375,-12599856.5,49772.940306175,-44195.796875,-9899858.5,46.8951221455319,5.30754865468642,1188.89089864976,15.9528403133599,1.64639131019703,368.791653484134,45276.5951158252,-28570.3929877619,-6399768.02925866,17438.1645680933,-3124.37991478971,-699861.100912895
2012,6,"MOHK",2,"CONTROL",0,3.5,784,49718.7546089169,-56249.1640625,-12599812.75,49772.9344039293,-44195.8034598214,-9899859.975,688.155374578846,53.8138306041141,12054.2980553216,94.8801144702928,9.43119718595268,2112.5881696534,45280.7388039679,-28563.9948524304,-6398334.84694441,17438.5472333694,-3122.35827154694,-699408.252826514
2012,6,"MOHK",3,"ANNUAL",0,3,672,49718.9385957335,-56249.0022321429,-12599776.5,49772.8788280065,-44195.8657552083,-9899873.92916667,101.693953333019,18.1576756431919,4067.31934407499,23.0718240975831,3.77430061977252,845.443338829044,45277.7327154155,-28568.6010441016,-6399366.63387875,17438.2988186306,-3123.6402386339,-699695.413453995
2012,6,"MOHK",4,"CONTINUAL",0,3,645,49920.4383377448,-54417.7581395349,-11699818,49959.5530506835,-46045.7516085271,-9899836.59583333,92.1855938227203,15.852335241758,3408.25207697798,15.2307082703204,3.19217471406995,686.317563525038,43734.4654410663,-25578.9240530381,-5499468.6714032,17789.13016003,-3254.7855281999,-699778.888562978
2012,6,"NAPL",3,"CONTROL",0,6,1344,49719.1161320536,-56248.8459821429,-12599741.5,49772.9403237079,-44195.7968191964,-9899858.4875,160.33374146868,25.5585088522267,5725.10598289877,28.0517793006077,5.15454503917924,1154.61808877615,45278.2026670348,-28567.8631246108,-6399201.33991282,17438.3718838244,-3123.23512856018,-699604.66879748
2012,6,"NAPL",9,"ANNUAL",0,6,1344,49719.0399986916,-56248.9129464286,-12599756.5,49772.9064839646,-44195.8347470238,-9899866.98333333,120.704071796116,20.5230596436116,4597.165360169,18.4807817990614,3.76260100694235,842.822625555086,45277.813782733,-28568.4737053422,-6399338.10999665,17438.2904290263,-3123.67935570148,-699704.175677132
2012,6,"NAPL",10,"CONTINUAL",0,6,1290,49920.6803344534,-54417.5372093023,-11699770.5,49959.3823519914,-46045.9358527132,-9899876.20833333,120.008063927753,17.8596728451377,3839.82966170461,35.3019612223988,4.41606290890076,949.453525413663,43734.4225857247,-25578.9971900755,-5499484.39586624,17789.2079665119,-3254.37232880202,-699690.050692433
2012,8,"AQUE",4,"CONTROL",0,3,672,49718.9195869538,-56249.0189732143,-12599780.25,49772.9142196168,-44195.826078869,-9899865.04166667,237.618589420061,26.1395995130497,5855.27029092314,30.1831351855362,3.80235255224605,851.726971703115,45278.1109893476,-28568.015386962,-6399235.4466795,17438.2778873632,-3123.75634426696,-699721.421115799
2012,8,"AQUE",7,"ANNUAL",0,2.8,627.2,49718.6657832383,-56249.2421875,-12599830.25,49772.9933173765,-44195.7374255952,-9899845.18333333,249.621992231208,24.2206107440929,5425.4168066768,33.2500940238836,3.61840936918877,810.523698698284,45278.125540569,-28567.9958747799,-6399231.07595069,17438.2491883502,-3123.91645256422,-699757.285374386
2012,8,"AQUE",8,"CONTINUAL",0,3,645,49920.4255781842,-54417.7697674419,-11699820.5,49959.5310795518,-46045.7752713178,-9899841.68333333,81.9734545615874,15.3830169421867,3307.34864257014,23.2218175084121,3.57076132796264,767.713685511968,43734.1926164349,-25579.3869540026,-5499568.19511055,17789.1064958282,-3254.91450068058,-699806.617646326
2012,8,"CARP",7,"CONTROL",0,1.8,403.2,49718.7673306495,-56249.1529017857,-12599810.25,49772.9180392658,-44195.8218191964,-9899864.0875,58.2526573007531,9.1057598576029,2039.69020810305,24.3448845770251,3.21371502502122,719.872165604752,45276.8217294663,-28570.0355219267,-6399687.95691158,17438.1816034153,-3124.282728665,-699839.331220961
2012,8,"CARP",9,"ANNUAL",0,1.8,403.2,49718.6467737094,-56249.2589285714,-12599834,49772.8623190324,-44195.8842633929,-9899878.075,78.3564470989034,9.5656230474067,2142.6995626191,47.1284700713055,4.45060740157011,996.936057951705,45276.7600126962,-28570.1330601585,-6399709.80547551,17438.1703776705,-3124.34567951321,-699853.432210959
2012,8,"CARP",10,"CONTINUAL",0,1.8,387,49920.3937878551,-54417.7988372093,-11699826.75,49959.4647344141,-46045.8469186046,-9899857.0875,94.8419182829581,10.676336904259,2295.41243441569,62.5877751900938,5.47660170915392,1177.46936746809,43733.8912548593,-25579.900183568,-5499678.53946712,17789.1035218139,-3254.93605238514,-699811.251262805
2012,8,"IVEE",3,"CONTROL",0,2.5,560,49718.6277296404,-56249.2756696429,-12599837.75,49772.8784336513,-44195.8662016369,-9899874.02916667,48.7865846281181,7.18559292804584,1609.57281588227,16.4818499219916,2.26454765362073,507.258674411044,45276.6638165239,-28570.2843136151,-6399743.68624978,17438.1756856963,-3124.31579381104,-699846.737813673
2012,8,"IVEE",4,"ANNUAL",0,2.5,560,49718.5452832184,-56249.3482142857,-12599854,49772.8879873186,-44195.8555059524,-9899871.63333333,94.759176309734,10.8062776818148,2420.60620072652,31.9596329105524,3.1149796576366,697.755443310598,45277.0847827389,-28569.6233000543,-6399595.61921216,17438.2679003192,-3123.82501196113,-699736.802679294
2012,8,"MOHK",2,"CONTROL",0,2,448,49718.8116858646,-56249.1138392857,-12599801.5,49772.9542261392,-44195.7812313988,-9899854.99583333,455.496894815532,34.8252347954704,7800.85259418538,61.6625266059787,6.03396664580276,1351.60852865982,45278.9810486259,-28566.6889331284,-6398938.32102077,17438.3494407438,-3123.38884441303,-699639.10114852
2012,8,"MOHK",3,"ANNUAL",0,1.5,336,49719.0590987097,-56248.8962053571,-12599752.75,49772.9167249532,-44195.8232700893,-9899864.4125,95.3324476280058,14.6412774329901,3279.64614498979,14.1812782836753,2.59474285066247,581.222398548393,45277.4120211724,-28569.1061399544,-6399479.77534979,17438.2139009775,-3124.10288045017,-699799.045220837
2012,8,"MOHK",4,"CONTINUAL",0,1.5,322.5,49920.5402300191,-54417.6651162791,-11699798,49959.3943396357,-46045.9229069767,-9899873.425,81.8868341883704,13.58709163532,2921.2247015938,12.8139461844276,2.56068446258878,550.547159456587,43734.2745567438,-25579.2482660994,-5499538.37721137,17789.0903364235,-3255.00117046945,-699825.251650931
2012,8,"NAPL",3,"CONTROL",0,7,1568,49718.9258161578,-56249.0133928571,-12599779,49772.9380619862,-44195.7993489583,-9899859.05416667,203.795704370608,33.8244826590122,7576.68411561874,53.0136843775515,8.53971699382735,1912.89660661733,45278.8740072617,-28566.8078831327,-6398964.96582172,17438.515489248,-3122.45694399485,-699430.355454846
2012,8,"NAPL",9,"ANNUAL",0,6.5,1456,49718.9765620978,-56248.96875,-12599769,49772.8832212644,-44195.8608258929,-9899872.825,165.667606890744,22.644174446469,5072.29507600906,23.0202521973509,3.94650550215756,884.017232483293,45278.0491108699,-28568.1064706967,-6399255.84943606,17438.3196089226,-3123.52044823804,-699668.580405321
2012,8,"NAPL",10,"CONTINUAL",0,7.5,1612.5,49920.6739531949,-54417.5430232558,-11699771.75,49959.3831753941,-46045.9349612403,-9899876.01666667,68.4747922088209,11.4806951155854,2468.34944985085,13.3426810327048,2.49268328728893,535.92690676712,43734.0676167518,-25579.5997066768,-5499613.93693552,17789.1172623394,-3254.85545197333,-699793.922174267
2012,9,"AQUE",4,"CONTROL",0,2.2,492.8,49719.001998873,-56248.9464285714,-12599764,49772.9413356993,-44195.7956845238,-9899858.23333333,256.150435705867,28.7639433495923,6443.12331030868,33.5957051208126,4.43432494230358,993.288787076002,45278.3572262186,-28567.6301752824,-6399149.15926326,17438.3010899226,-3123.62907851155,-699692.913586587
2012,9,"AQUE",7,"ANNUAL",0,1.4,313.6,49718.6213848088,-56249.28125,-12599839,49773.0704549761,-44195.6510230655,-9899825.82916667,223.357096930483,20.0298833392221,4486.69386798575,29.4379171284901,2.92068990397341,654.234538490043,45277.7734007203,-28568.5478028254,-6399354.70783289,17438.2110122916,-3124.12562452648,-699804.139893931
2012,9,"AQUE",8,"CONTINUAL",0,1.8,387,49920.3746299785,-54417.8162790698,-11699830.5,49959.637333023,-46045.660620155,-9899817.03333333,107.084848477016,14.0370134088787,3017.95788290892,31.6123636977822,3.21979133413704,692.255136839464,43734.1126435878,-25579.5238631593,-5499597.63057925,17789.1152651537,-3254.87326547521,-699797.752077169
2012,9,"IVEE",3,"CONTROL",0,3,672,49718.6150567462,-56249.2868303571,-12599840.25,49772.9125377679,-44195.8279761905,-9899865.46666667,27.2893775399245,4.37785150575751,980.638737289683,12.253586277481,1.61944590273292,362.755882212174,45276.4396158705,-28570.6375798239,-6399822.81788056,17438.1313100922,-3124.55963064023,-699901.357263412
2012,9,"IVEE",4,"ANNUAL",0,2.8,627.2,49718.5896813459,-56249.3091517857,-12599845.25,49772.9085467188,-44195.8324590774,-9899866.47083333,37.9805833586479,5.05130819383869,1131.49303541987,13.0299759195918,1.53502155384435,343.844828061133,45276.5616409256,-28570.4454804654,-6399779.78762425,17438.148769845,-3124.46540819998,-699880.251436796
2012,9,"MOHK",2,"CONTROL",0,2.2,492.8,49718.7926395121,-56249.1305803571,-12599805.25,49772.9384946216,-44195.7988653274,-9899858.94583333,284.994763477586,22.5386677739294,5048.66158136018,38.1947645256087,3.91015958393169,875.875746800699,45278.0200914958,-28568.1678982389,-6399269.60920552,17438.247414308,-3123.93015063833,-699760.353742987
2012,9,"MOHK",3,"ANNUAL",0,2.2,492.8,49718.8624263746,-56249.0691964286,-12599791.5,49772.8604737776,-44195.886328125,-9899878.5375,181.844491363107,20.030142728844,4486.75197126106,26.6793161389296,3.93539236610976,881.527890008585,45277.7783939154,-28568.535080861,-6399351.85811286,17438.2539353148,-3123.88453874996,-699750.136679991
2012,9,"MOHK",4,"CONTINUAL",0,2,430,49920.5848216454,-54417.6244186047,-11699789.25,49959.3551970693,-46045.9651744186,-9899882.5125,50.0548749944653,9.24746537362214,1988.20505532876,9.23930359622428,1.89680240633974,407.812517363044,43733.9687398871,-25579.7674002228,-5499649.99104791,17789.0622326877,-3255.15318784633,-699857.935386961
2012,9,"NAPL",3,"CONTROL",0,4,896,49718.9638809062,-56248.9799107143,-12599771.5,49772.953577378,-44195.7819568452,-9899855.15833333,124.83785141848,22.8273424937792,5113.32471860654,30.6615871969743,5.57015943565898,1247.71571358761,45277.9951061562,-28568.1879186465,-6399274.09377681,17438.3637425361,-3123.27605058574,-699613.835331205
2012,9,"NAPL",9,"ANNUAL",0,6,1344,49719.1542144406,-56248.8125,-12599734,49772.9478843208,-44195.7883370536,-9899856.5875,146.04327488402,25.4766745103738,5706.77509032374,33.8305503374255,5.92484943188672,1327.16627274263,45278.197164018,-28567.8704554638,-6399202.9820239,17438.380517712,-3123.18520363166,-699593.485613492
2012,9,"NAPL",10,"CONTINUAL",0,6,1290,49920.7950375744,-54417.4325581395,-11699748,49959.3832310175,-46045.9349031008,-9899876.00416667,68.5331824273594,13.1806837889074,2833.8470146151,17.6767989923301,3.29352059562586,708.106928059559,43734.2107879593,-25579.356102062,-5499561.56194333,17789.1336651793,-3254.76675381677,-699774.852070605
2012,10,"CARP",7,"CONTROL",0,2.5,560,49718.9196367009,-56249.0189732143,-12599780.25,49772.9504948817,-44195.7854352679,-9899855.9375,103.113633092166,12.0199967764394,2692.47927792244,68.3980838643527,6.38833928329851,1430.98799945887,45276.9853636115,-28569.7785307287,-6399630.39088323,17438.2458089129,-3123.93433101487,-699761.290147331
2012,10,"CARP",9,"ANNUAL",0,2,448,49718.8498225002,-56249.0803571429,-12599794,49772.8826524783,-44195.8614769345,-9899872.97083333,111.316022878265,10.8456097234571,2429.41657805439,77.7949651718026,6.33592215251779,1419.24656216399,45276.8189477669,-28570.0409790166,-6399689.17929972,17438.2094155004,-3124.13501896474,-699806.244248102
2012,10,"CARP",10,"CONTINUAL",0,2.1,451.5,49920.5594439431,-54417.6476744186,-11699794.25,49959.5081970461,-46045.8,-9899847,102.129216810711,13.9254712399531,2993.97631658991,61.9814978532206,7.04212425481647,1514.05671478554,43734.1289561344,-25579.4966551217,-5499591.78085116,17789.1853949125,-3254.49766797556,-699716.998614746
2012,11,"AQUE",4,"CONTROL",0,3.8,851.2,49718.6087009195,-56249.2924107143,-12599841.5,49772.915546507,-44195.8245907738,-9899864.70833333,211.040794061136,20.1188110817236,4506.61368230608,29.4493469263392,3.59027290893582,804.221131601623,45277.7465639781,-28568.5885492641,-6399363.83503516,17438.2487864166,-3123.9158756746,-699757.156151111
2012,11,"AQUE",7,"ANNUAL",0,3.5,784,49718.564306909,-56249.3314732143,-12599850.25,49772.97008131,-44195.7634672619,-9899851.01666667,217.833224729359,21.716026727222,4864.38998689774,33.2322470237172,3.83239307222174,858.456048177669,45277.8530851498,-28568.4209570548,-6399326.29438026,17438.250338484,-3123.90936183037,-699755.697050004
2012,11,"AQUE",8,"CONTINUAL",0,3.5,752.5,49920.2791090752,-54417.9034883721,-11699849.25,49959.4949427497,-46045.8142829457,-9899850.07083333,124.461715926054,16.8580682743733,3624.48467899026,38.9852003349898,4.68157064106138,1006.5376878282,43734.268842651,-25579.2588577533,-5499540.65441695,17789.1716186807,-3254.57047446566,-699732.652010116
2012,11,"CARP",7,"CONTROL",0,1.5,336,49718.8625079713,-56249.0691964286,-12599791.5,49772.983673191,-44195.7482700893,-9899847.6125,52.571728461141,6.81677542966273,1526.95769624445,30.0476214911335,3.14879672071637,705.330465440467,45276.6508101826,-28570.3049775568,-6399748.31497273,17438.1737388397,-3124.32749781436,-699849.359510417
2012,11,"CARP",9,"ANNUAL",0,1.5,336,49718.7419486228,-56249.1752232143,-12599815.25,49772.9044064832,-44195.8370907738,-9899867.50833333,22.3418538825455,3.81054997140054,853.563193593721,8.9461822506168,1.44007511733908,322.576826283953,45276.3977871641,-28570.703483873,-6399837.58038756,17438.1165404114,-3124.64105080919,-699919.595381258
2012,11,"CARP",10,"CONTINUAL",0,1.5,322.5,49920.55947027,-54417.6476744186,-11699794.25,49959.5186174109,-46045.7887790698,-9899844.5875,69.932916635542,8.6449908273337,1858.67302787675,43.0853175361749,4.34615040051691,934.422336111137,43733.7823539908,-25580.084879985,-5499718.24919678,17789.0960974123,-3254.97476454137,-699819.574376394
2012,11,"IVEE",3,"CONTROL",0,2.5,560,49718.4818621321,-56249.4040178571,-12599866.5,49772.9078850463,-44195.8331845238,-9899866.63333333,45.1693481939843,5.23779862840446,1173.2668927626,29.7520621427378,2.73519240841184,612.683099484253,45276.4908368184,-28570.5569773951,-6399804.7629365,17438.1416658427,-3124.50310005574,-699888.694412486
2012,11,"IVEE",4,"ANNUAL",0,2,448,49718.5135751595,-56249.3761160714,-12599860.25,49772.8856928357,-44195.8580729167,-9899872.20833333,51.3630566024871,5.9777339165641,1339.01239731036,14.8806425953191,1.61505525270936,361.772376606897,45276.649665388,-28570.3070340151,-6399748.77561938,17438.1588316395,-3124.41087551816,-699868.036116069
2012,11,"MOHK",2,"CONTROL",0,3.1,694.4,49718.6213896004,-56249.28125,-12599839,49772.9198941827,-44195.8197172619,-9899863.61666667,272.829541646307,23.511627061859,5266.60446185643,40.1147110785941,4.81017327311021,1077.47881317669,45278.0636747313,-28568.0971545202,-6399253.76261252,17438.2797581681,-3123.75045585544,-699720.10211162
2012,11,"MOHK",3,"ANNUAL",0,3.3,739.2,49718.8243674071,-56249.1026785714,-12599799,49772.912077923,-44195.8284784226,-9899865.57916667,234.136507150363,27.2055061195805,6094.03337078604,35.778299597347,5.36048765661889,1200.74923508263,45278.4362628309,-28567.5036454476,-6399120.81658026,17438.3110140108,-3123.57257236436,-699680.256209617
2012,11,"MOHK",4,"CONTINUAL",0,3.3,709.5,49920.4701783354,-54417.7290697674,-11699811.75,49959.4243978597,-46045.8904457364,-9899866.44583333,306.033379744813,32.8697546174874,7066.99724275979,44.2738994251767,6.15714738959136,1323.78668876214,43735.7415965657,-25576.7803437333,-5499007.77390265,17789.2695132319,-3254.05051409137,-699620.860529644
2012,11,"NAPL",3,"CONTROL",0,2.7,604.8,49718.9385213242,-56249.0022321429,-12599776.5,49772.9260528716,-44195.8128162202,-9899862.07083333,82.4162059115136,15.5102378228059,3474.29327230852,26.1461311745902,4.19136159838911,938.86499803916,45277.3643026636,-28569.1801616938,-6399496.35621941,17438.2726326879,-3123.77894986594,-699726.48476997
2012,11,"NAPL",9,"ANNUAL",0,3.2,716.8,49718.8877592495,-56249.046875,-12599786.5,49772.9221461464,-44195.8171875,-9899863.05,147.712552099555,22.0671275567418,4943.03657271017,22.3009420303533,4.30523547254862,964.372745850892,45277.9103266759,-28568.323591998,-6399304.48460754,17438.3225159491,-3123.50298085932,-699664.667712487
2012,11,"NAPL",10,"CONTINUAL",0,3.5,752.5,49920.6166665984,-54417.5953488372,-11699783,49959.3553223284,-46045.9650387597,-9899882.48333333,77.6716411667314,11.9503389307749,2569.3228701166,12.6408370254386,2.49131103287728,535.631872068614,43734.0949344441,-25579.553609214,-5499604.025981,17789.1014560992,-3254.94088841925,-699812.29101014
2013,2,"AQUE",4,"CONTROL",0,2,448,49718.5643109959,-56249.3314732143,-12599850.25,49772.9539904935,-44195.7815104167,-9899855.05833333,284.290099471034,24.2257208050959,5426.56146034148,38.571078702036,3.88063653502863,869.262583846412,45278.1022477086,-28568.0380281053,-6399240.51829559,17438.2655425392,-3123.83009048124,-699737.940267799
2013,2,"AQUE",7,"ANNUAL",0,2,448,49718.5643098685,-56249.3314732143,-12599850.25,49772.9726323211,-44195.7606212798,-9899850.37916667,168.706970900558,17.0949038754935,3829.25846811055,25.3381715986424,2.88410201347513,646.03885101843,45277.4915130662,-28568.9860133223,-6399452.86698419,17438.2064130505,-3124.14830411302,-699809.220121316
2013,2,"AQUE",8,"CONTINUAL",0,2.3,494.5,49920.221799853,-54417.9558139535,-11699860.5,49959.5205070575,-46045.7867248062,-9899844.14583333,156.704478342726,15.469438834753,3325.9293494719,50.5599619449207,4.62465831075173,994.301536811621,43734.1310740444,-25579.4946148869,-5499591.34220068,17789.1659881005,-3254.61177509935,-699741.531646361
2013,2,"CARP",7,"CONTROL",0,2,448,49718.6721796393,-56249.2366071429,-12599829,49773.001016786,-44195.7288318452,-9899843.25833333,80.0001635684936,9.37262369113331,2099.46770681386,54.4264586667645,5.36787450386184,1202.40388886505,45276.7696366711,-28570.1179115849,-6399706.41219502,17438.2015158927,-3124.17478554065,-699815.151961106
2013,2,"CARP",9,"ANNUAL",0,2,448,49718.5643281891,-56249.3314732143,-12599850.25,49772.8864311402,-44195.8572358631,-9899872.02083333,27.473291516549,4.34426300782344,973.11491375245,18.7872335655277,2.40936095486618,539.696853890024,45276.374160683,-28570.7407472274,-6399845.92737894,17438.1198326125,-3124.62264950714,-699915.4734896
2013,2,"CARP",10,"CONTINUAL",0,2,430,49920.2855032973,-54417.8976744186,-11699848,49959.5144302493,-46045.7932751938,-9899845.55416667,57.1341863207483,7.74066694243443,1664.2433926234,37.7757110342545,4.26985520020731,918.018868044571,43733.6574983768,-25580.2966756252,-5499763.78525942,17789.0670693433,-3255.12894981207,-699852.724209594
2013,2,"IVEE",3,"CONTROL",0,2,448,49718.6340973007,-56249.2700892857,-12599836.5,49772.861338721,-44195.8853608631,-9899878.32083333,29.9447193302898,4.15746558930101,931.272292003426,19.3351746996078,1.86007627226834,416.657084988107,45276.4047002302,-28570.6926085977,-6399835.14432588,17438.1175729303,-3124.63538607909,-699918.326481717
2013,2,"IVEE",4,"ANNUAL",0,2,448,49718.5960370361,-56249.3035714286,-12599844,49772.8542421639,-44195.8933221726,-9899880.10416667,23.4360761501628,3.46415847560693,775.971498535953,7.53387561432676,0.898205955726259,201.198134082682,45276.411812756,-28570.6814506583,-6399832.64494746,17438.1168116999,-3124.64020918613,-699919.406857693
2013,2,"MOHK",2,"CONTROL",0,5,1120,49718.6213893185,-56249.28125,-12599839,49772.9208768165,-44195.8186197917,-9899863.37083333,174.773391433564,20.1630753830254,4516.52888579768,43.7034581629474,5.39748153825661,1209.03586456948,45277.8389993837,-28568.440501398,-6399330.67231316,17438.3927177558,-3123.14828531741,-699585.215911099
2013,2,"MOHK",3,"ANNUAL",0,7.5,1680,49718.6784707659,-56249.2310267857,-12599827.75,49772.9071020712,-44195.8340587798,-9899866.82916667,398.02393219237,36.4786497530337,8171.21754467955,53.2873819396233,6.13769335081443,1374.84331058243,45279.176468548,-28566.3662968323,-6398866.05049043,17438.3787544568,-3123.21672485825,-699600.546368248
2013,2,"MOHK",4,"CONTINUAL",0,6,1290,49920.3873774234,-54417.8046511628,-11699828,49959.4145470613,-46045.9010852713,-9899868.73333333,132.048000850842,20.2946657449904,4363.35313517293,21.2748894994134,4.03202263101793,866.884865668855,43734.8446396337,-25578.2819811316,-5499330.62594329,17789.1990736082,-3254.41514752441,-699699.256717749
2013,2,"NAPL",3,"CONTROL",0,8,1792,49719.2621287242,-56248.7176339286,-12599712.75,49772.8765197237,-44195.8683407738,-9899874.50833333,111.589077552277,17.0353702986255,3815.92294689211,18.8345883529166,3.48365462218784,780.338635370076,45277.4817788099,-28568.99682582,-6399455.28898367,17438.2750990379,-3123.76437165669,-699723.219251099
2013,2,"NAPL",9,"ANNUAL",0,8,1792,49719.1034678364,-56248.8571428571,-12599744,49772.8835197846,-44195.8604910714,-9899872.75,206.558858794018,24.9408489639523,5586.75016792532,28.7283864455639,4.66736202012683,1045.48909250841,45278.2112426386,-28567.8550771473,-6399199.537281,17438.3224334298,-3123.50716309305,-699665.604532843
2013,2,"NAPL",10,"CONTINUAL",0,8.5,1827.5,49920.9224582998,-54417.3162790698,-11699723,49959.3500464951,-46045.9707364341,-9899883.70833333,54.2817164782491,11.850428764609,2547.84218439093,10.9223598154396,2.59497313586177,557.919224210281,43734.0828639897,-25579.5732937246,-5499608.25815078,17789.1295515097,-3254.78798930726,-699779.417701061
2013,5,"AQUE",4,"CONTROL",0,1.5,336,49718.5960206885,-56249.3035714286,-12599844,49772.9702254934,-44195.7633184524,-9899850.98333333,466.259478074748,36.010841365125,8066.42846578799,61.7099714492582,5.38652552763966,1206.58171819128,45279.0892253442,-28566.5210355144,-6398900.71195523,17438.3394628489,-3123.4460465469,-699651.914426505
2013,5,"AQUE",7,"ANNUAL",0,1.2,268.8,49718.6848254494,-56249.2254464286,-12599826.5,49773.0222697611,-44195.7050037202,-9899837.92083333,46.8159265657027,5.44449096789014,1219.56597680739,6.61043027313497,1.04765460455434,234.674631420172,45276.6123946113,-28570.3654641504,-6399761.86396968,17438.1219496259,-3124.61098190631,-699912.859947014
2013,5,"AQUE",8,"CONTINUAL",0,1.5,322.5,49920.3173301722,-54417.8686046512,-11699841.75,49959.5387553927,-46045.7669767442,-9899839.9,126.393380369615,18.2666355756562,3927.32664876608,65.2161068683696,7.07836452133113,1521.84837208619,43734.3111725445,-25579.1867567307,-5499525.1526971,17789.1849954697,-3254.49747664346,-699716.957478344
2013,5,"CARP",7,"CONTROL",0,1.3,291.2,49718.6975548238,-56249.2142857143,-12599824,49772.9499880005,-44195.7860119048,-9899856.06666667,75.5415460891048,10.4359998836951,2337.6639739477,49.3442577565126,5.82955367750911,1305.82002376204,45276.9260413849,-28569.8715296591,-6399651.22264364,17438.2381578661,-3123.97440037848,-699770.265684779
2013,5,"CARP",9,"ANNUAL",0,1.3,291.2,49718.5262613468,-56249.3649553571,-12599857.75,49772.854336073,-44195.8932105655,-9899880.07916667,45.4221058169565,6.16972818933155,1382.01911441027,31.4472592905785,3.6995909270802,828.708367665965,45276.5173520726,-28570.5150998894,-6399795.38237522,17438.1459986377,-3124.47867048339,-699883.222188279
2013,5,"CARP",10,"CONTINUAL",0,1.2,258,49920.317362496,-54417.8686046512,-11699841.75,49959.5313873891,-46045.7749612403,-9899841.61666667,142.920305926719,17.3533516321987,3730.97060092272,99.5264827541703,10.6405233149342,2287.71251271085,43734.3003713429,-25579.2063831194,-5499529.37237066,17789.2237681189,-3254.29424744026,-699673.263199657
2013,5,"IVEE",3,"CONTROL",0,1.6,358.4,49718.868801169,-56249.0636160714,-12599790.25,49772.8351721632,-44195.9146949405,-9899884.89166667,40.7379965785518,8.01007652097894,1794.25714069928,14.1116522777047,1.97777559580884,443.021733461181,45276.6602007219,-28570.2896951122,-6399744.89170513,17438.1406836406,-3124.50711451432,-699889.593651207
2013,5,"IVEE",4,"ANNUAL",0,2,448,49718.8180581338,-56249.1082589286,-12599800.25,49772.846710894,-44195.9017671131,-9899881.99583333,50.2359360934802,7.10275307423865,1591.01668862946,15.6436879527316,1.77743421457467,398.145264064725,45276.6464286619,-28570.3119200547,-6399749.87009226,17438.1677778792,-3124.36104608444,-699856.874322915
2013,5,"NAPL",3,"CONTROL",0,3.1,694.4,49718.9702163589,-56248.9743303571,-12599770.25,49772.909719775,-44195.8311197917,-9899866.17083333,88.8172178684765,16.4937459723283,3694.59909780153,34.3095177193354,5.14296953720557,1152.02517633405,45277.373445157,-28569.1658064814,-6399493.14065184,17438.2915218179,-3123.67621351601,-699703.471827585
2013,5,"NAPL",9,"ANNUAL",0,3.2,716.8,49718.8750798497,-56249.0580357143,-12599789,49772.8708433457,-44195.874702381,-9899875.93333333,58.7158368659555,10.8959700988559,2440.69730214373,11.3172964219139,2.44596307106515,547.895727918595,45276.9909695314,-28569.7685823776,-6399628.16245258,17438.2128817611,-3124.10707730002,-699799.985315204
2013,5,"NAPL",10,"CONTINUAL",0,3.2,688,49920.667616983,-54417.5488372093,-11699773,49959.3954359901,-46045.9217248062,-9899873.17083333,76.4166233837655,13.0526964728834,2806.32974166993,22.0395533740267,3.1290848219618,672.753236721788,43734.1542493921,-25579.4521626499,-5499582.21496973,17789.1395459504,-3254.73680743308,-699768.413598112
2013,6,"MOHK",2,"CONTROL",0,2.5,560,49718.7355495602,-56249.1808035714,-12599816.5,49772.8706518096,-44195.8749255952,-9899875.98333333,232.970337824287,22.62741093155,5068.5400486672,40.3551544380707,4.98874724040634,1117.47938185102,45278.0732807009,-28568.0768890529,-6399249.22314784,17438.3294532653,-3123.48566221971,-699660.788337215
2013,6,"MOHK",3,"ANNUAL",0,2.8,627.2,49718.8878336589,-56249.046875,-12599786.5,49772.866733907,-44195.8793154762,-9899876.96666667,74.8013045612241,13.4719812482496,3017.72379960792,20.0467120588734,3.07658268890004,689.154522313608,45277.3378901037,-28569.2223942144,-6399505.81630402,17438.253042042,-3123.89185268944,-699751.775002435
2013,6,"MOHK",4,"CONTINUAL",0,2.5,537.5,49920.4192179274,-54417.7755813953,-11699821.75,49959.3783134466,-46045.9402131783,-9899877.14583333,88.492958884006,16.1685186784773,3476.23151587262,22.9469495295744,4.02951924061815,866.346636732902,43734.4884290061,-25578.8848387768,-5499460.24033701,17789.1650902143,-3254.59885675859,-699738.754203097
2013,8,"AQUE",4,"CONTROL",0,4.4,985.6,49718.6531009193,-56249.2533482143,-12599832.75,49772.9437116226,-44195.7930245536,-9899857.6375,380.816135870161,33.3404060191098,7468.25094828059,52.8708454093561,5.51967482683404,1236.40716121082,45278.8092582548,-28566.9411625107,-6398994.82040239,17438.356691234,-3123.33869513276,-699627.867709738
2013,8,"AQUE",7,"ANNUAL",0,3.9,873.6,49718.672125664,-56249.2366071429,-12599829,49773.0738735337,-44195.6471354167,-9899824.95833333,96.1833570469657,10.0309190050554,2246.9258571324,14.6364350216692,2.11197081104718,473.081461674569,45276.9568062536,-28569.8241565951,-6399640.61107729,17438.1709801289,-3124.34097898423,-699852.379292468
2013,8,"AQUE",8,"CONTINUAL",0,3.7,795.5,49920.2854804806,-54417.8976744186,-11699848,49959.4639098069,-46045.8477906977,-9899857.275,171.176063420802,19.9266805305184,4284.23631406146,54.1632028068836,5.7548938853625,1237.30218535294,43734.4372623079,-25578.9748758072,-5499479.59829855,17789.2104690358,-3254.3723108112,-699690.046824408
2013,8,"CARP",7,"CONTROL",0,4,896,49718.672187954,-56249.2366071429,-12599829,49773.0177633693,-44195.710063244,-9899839.05416667,115.966482126419,12.305276938697,2756.38203426814,79.0024379573288,7.05594154676589,1580.53090647556,45277.0013929024,-28569.7536423487,-6399624.81588611,17438.2525958879,-3123.89860462424,-699753.28743583
2013,8,"CARP",9,"ANNUAL",0,4.2,940.8,49718.4945469246,-56249.3928571429,-12599864,49772.9802271903,-44195.7521205357,-9899848.475,203.4803579601,17.2540082400625,3864.897845774,144.081324195959,11.5243875939383,2581.46282104219,45277.2192825732,-28569.4140613554,-6399548.74974362,17438.3013451383,-3123.64838908924,-699697.239155989
2013,8,"CARP",10,"CONTINUAL",0,3.5,752.5,49920.4129631233,-54417.7813953488,-11699823,49959.5390015532,-46045.7667248062,-9899839.84583333,141.957031152209,17.356431133919,3731.63269379259,99.2655319768024,10.828753079607,2328.18191211551,43734.3069457323,-25579.1952439304,-5499526.97744503,17789.2281053704,-3254.27105392617,-699668.276594126
2013,8,"IVEE",3,"CONTROL",0,4.5,1008,49718.811675436,-56249.1138392857,-12599801.5,49772.9026180237,-44195.8390997024,-9899867.95833333,510.706205091911,40.4047035616646,9050.65359781288,67.8940444120084,6.31066131195968,1413.58813387897,45279.4310210077,-28565.99463533,-6398782.79831393,17438.3520171416,-3123.38379396961,-699637.969849192
2013,8,"IVEE",4,"ANNUAL",0,4.5,1008,49718.8560965346,-56249.0747767857,-12599792.75,49772.8755965262,-44195.8693824405,-9899874.74166667,509.163949562903,40.524636650284,9077.51860966361,66.3539463670556,5.68780988349141,1274.06941390208,45279.3997324101,-28566.0435279336,-6398793.75025713,17438.3656769608,-3123.30766601944,-699620.917188354
2013,8,"MOHK",2,"CONTROL",0,2.4,537.6,49718.8053344513,-56249.1194196429,-12599802.75,49772.925902503,-44195.812983631,-9899862.10833333,340.827978077634,30.315309077827,6790.62923343324,50.91536703594,6.16940656985243,1381.94707164694,45278.6725406779,-28567.1492621605,-6399041.43472396,17438.3674144248,-3123.28017402897,-699614.75898249
2013,8,"MOHK",3,"ANNUAL",0,2.4,537.6,49719.0210419827,-56248.9296875,-12599760.25,49772.8807385882,-44195.8636160714,-9899873.45,87.8577508829878,15.9377970983237,3570.06655002452,19.8644419426114,3.36160241175566,752.998940233268,45277.5741412972,-28568.8503801802,-6399422.48516037,17438.2675165317,-3123.81068593927,-699733.593650397
2013,8,"MOHK",4,"CONTINUAL",0,2.6,559,49920.5211385016,-54417.6825581395,-11699801.75,49959.3519496763,-46045.9686821705,-9899883.26666667,116.303361324615,18.9699570440408,4078.54076446876,19.6698909851314,3.84944011213446,827.629624108909,43734.6826126162,-25578.5565114621,-5499389.64996436,17789.1581534238,-3254.63570374658,-699746.676305515
2013,8,"NAPL",3,"CONTROL",0,9,2016,49719.3000826702,-56248.6841517857,-12599705.25,49772.8668781196,-44195.8791480655,-9899876.92916667,112.064405801514,21.36130222816,4784.93169910783,30.6965929477721,5.10508954933274,1143.54005905053,45277.8231561635,-28568.4577869981,-6399334.54428757,17438.3139021468,-3123.55203924434,-699675.656790732
2013,8,"NAPL",9,"ANNUAL",0,9,2016,49719.1415282562,-56248.8236607143,-12599736.5,49772.8578846443,-44195.8892299107,-9899879.1875,133.990038210118,19.8917447981219,4455.7508347793,19.1197504004011,3.49005439579707,781.772184658544,45277.822892388,-28568.4605591004,-6399335.16523848,17438.2874619979,-3123.6970617193,-699708.141825124
2013,8,"NAPL",10,"CONTINUAL",0,9,1935,49920.8969476711,-54417.3395348837,-11699728,49959.3798582742,-46045.9385465116,-9899876.7875,155.166749025228,22.8692672978833,4916.89246904491,37.7552425968458,5.23971241187006,1126.53816855206,43734.880585015,-25578.2212446604,-5499317.56760198,17789.2423763316,-3254.18807713812,-699650.436584695
2013,11,"AQUE",4,"CONTROL",0,5.5,1232,49718.6721214362,-56249.2366071429,-12599829,49772.9574531456,-44195.7776227679,-9899854.1875,221.58115238037,20.015440655763,4483.45870689092,30.9854313178243,3.74284820463656,838.39799783859,45277.7485812782,-28568.5867014032,-6399363.42111432,17438.2548138728,-3123.88358949719,-699749.924047371
2013,11,"AQUE",7,"ANNUAL",0,4.5,1008,49718.7165172485,-56249.1975446429,-12599820.25,49773.0873068907,-44195.6321242559,-9899821.59583333,68.7789630847149,9.19123696669466,2058.8370805396,18.9963458072028,2.16479130253664,484.913251768207,45276.8559295513,-28569.9816040584,-6399675.87930908,17438.1759595531,-3124.31411766751,-699846.362357523
2013,11,"AQUE",8,"CONTINUAL",0,5,1075,49920.3300599464,-54417.8569767442,-11699839.25,49959.5161427776,-46045.7913953488,-9899845.15,281.78695353018,27.7380356913018,5963.67767362988,110.677215088634,11.2045472868453,2408.97766667174,43734.7877283747,-25578.3866790611,-5499353.13599813,17789.3681999272,-3253.56710747728,-699516.928107615
2013,11,"CARP",7,"CONTROL",0,1.1,246.4,49718.7039159857,-56249.2087053571,-12599822.75,49772.9961327187,-44195.7343005952,-9899844.48333333,135.859776214419,12.0717058823306,2704.06211764206,95.7011587862741,7.68592010238688,1721.64610293466,45276.9300475065,-28569.866722618,-6399650.14586643,17438.2336935002,-3124.00546900516,-699777.225057156
2013,11,"CARP",9,"ANNUAL",0,1,224,49718.5896978344,-56249.3091517857,-12599845.25,49772.8969588305,-44195.8454427083,-9899869.37916667,130.05559923658,11.2825269229348,2527.28603073738,91.6689534805543,7.14900022359808,1601.37605008597,45276.8254505063,-28570.0313877535,-6399687.03085679,17438.2111961783,-3124.12848174068,-699804.779909912
2013,11,"CARP",10,"CONTINUAL",0,1,215,49920.3747112996,-54417.8162790698,-11699830.5,49959.5627692493,-46045.7410852713,-9899834.33333333,157.777123328431,16.5725158534342,3563.09090848835,111.234551167359,10.4570060832837,2248.256307906,43734.1986064253,-25579.3799201237,-5499566.68282659,17789.1984519183,-3254.43253029506,-699702.994013439
2013,11,"IVEE",3,"CONTROL",0,4,896,49718.5896809231,-56249.3091517857,-12599845.25,49772.883813637,-44195.8601748512,-9899872.67916667,525.191757619109,37.6433809924774,8432.11734231493,68.8419378372675,5.6416047906889,1263.71947311431,45279.2375071199,-28566.3044246855,-6398852.19112956,17438.333474358,-3123.4894434888,-699661.635341492
2013,11,"IVEE",4,"ANNUAL",0,4,896,49718.5896744404,-56249.3091517857,-12599845.25,49772.8911661301,-44195.8519345238,-9899870.83333333,844.09155431973,83.2691260974937,18652.2842458386,180.758801751317,16.8013443139596,3763.50112632695,45279.4180434627,-28566.0228871046,-6398789.12671144,17440.4970634294,-3114.34100049973,-697612.384111939
2013,11,"MOHK",2,"CONTROL",0,2.4,537.6,49718.8497056717,-56249.0803571429,-12599794,49772.8922384861,-44195.8507254464,-9899870.5625,219.253197024218,20.8517909928416,4670.80118239652,33.4537396654109,4.21459046568611,944.068264313688,45277.9024761868,-28568.3440567855,-6399309.06871995,17438.2823528978,-3123.73627865386,-699716.926418464
2013,11,"MOHK",3,"ANNUAL",0,2.4,537.6,49718.938564025,-56249.0022321429,-12599776.5,49772.8666033541,-44195.8794642857,-9899877,146.414445452906,20.9611977421305,4695.30829423723,24.7989820649094,3.69249222925271,827.118259352607,45277.998725159,-28568.1845393211,-6399273.33680793,17438.2968857681,-3123.65039223917,-699697.687861575
2013,11,"MOHK",4,"CONTINUAL",0,2.3,494.5,49920.4765533526,-54417.723255814,-11699810.5,49959.3314008726,-46045.990872093,-9899888.0375,116.709813231858,18.9997703274556,4084.95062040295,20.9580635757624,3.85535558356153,828.901450465729,43734.7549645421,-25578.4335560615,-5499363.21455323,17789.1685064243,-3254.57946672475,-699734.585345821
2013,11,"NAPL",3,"CONTROL",0,8,1792,49718.9512071779,-56248.9910714286,-12599774,49772.8975080025,-44195.8448102679,-9899869.2375,118.419735017338,19.2295313827648,4307.41502973931,25.0367567465362,4.58372922379006,1026.75534612897,45277.6782634087,-28568.6871505238,-6399385.92171734,17438.2883437213,-3123.69209162696,-699707.02852444
2013,11,"NAPL",9,"ANNUAL",0,8,1792,49718.9955936688,-56248.9520089286,-12599765.25,49772.9191435994,-44195.8205543155,-9899863.80416667,124.414201876352,18.5838321816326,4162.77840868569,17.4705925049189,3.45835875457912,774.672361025723,45277.7183194246,-28568.624774697,-6399371.94953212,17438.2790972808,-3123.74276743013,-699718.379904348
2013,11,"NAPL",10,"CONTINUAL",0,7.5,1612.5,49920.6293795586,-54417.5837209302,-11699780.5,49959.4295416463,-46045.8849031008,-9899865.25416667,136.119451674673,18.3855314777604,3952.88926771848,41.3882753024618,4.94479276410684,1063.13044428297,43734.455324606,-25578.9421665925,-5499472.5658174,17789.2069287224,-3254.38184513927,-699692.096704943
2014,2,"AQUE",4,"CONTROL",0,3.2,716.8,49718.6340686924,-56249.2700892857,-12599836.5,49772.903621333,-44195.8379650298,-9899867.70416667,155.323517907667,15.0461183456777,3370.33050943181,23.0306427516767,2.9552833369803,661.983467483587,45277.3060048193,-28569.27754653,-6399518.17042272,17438.222045722,-3124.06072753607,-699789.60296808
2014,2,"AQUE",7,"ANNUAL",0,3.5,784,49718.6213865,-56249.28125,-12599839,49773.014009123,-44195.7142671131,-9899839.99583333,73.0995212060634,9.73143115712134,2179.84057919518,18.682736079201,2.12277184843041,475.500894048412,45276.8723395493,-28569.9558940128,-6399670.12025886,17438.1733123002,-3124.32866147721,-699849.620170894
2014,2,"AQUE",8,"CONTINUAL",0,3.5,752.5,49920.2791179971,-54417.9034883721,-11699849.25,49959.4908877001,-46045.8186627907,-9899851.0125,150.905644215128,17.8351163464772,3834.55001449259,68.6928353281658,7.14509247038177,1536.19488113208,43734.2275336204,-25579.330213175,-5499555.99583261,17789.1953718282,-3254.44847463939,-699706.422047468
2014,2,"CARP",7,"CONTROL",0,2.7,604.8,49718.7166212529,-56249.1975446429,-12599820.25,49772.9475586247,-44195.7887276786,-9899856.675,121.191249942191,11.3690579053148,2546.6689707905,84.640033359822,6.89765223570943,1545.07410079891,45276.8958984785,-28569.920049726,-6399662.09113862,17438.226909912,-3124.04048521348,-699785.06868782
2014,2,"CARP",9,"ANNUAL",0,2.8,627.2,49718.5516353954,-56249.3426339286,-12599852.75,49772.885086565,-44195.8587425595,-9899872.35833333,67.173819801205,8.45574096121685,1894.08597531257,45.7596854979521,5.03794664298022,1128.50004802757,45276.6956902241,-28570.2342432554,-6399732.47048921,17438.1862633373,-3124.25779793708,-699833.746737905
2014,2,"CARP",10,"CONTINUAL",0,2.8,602,49920.3619711617,-54417.8279069767,-11699833,49959.5154356047,-46045.7921705426,-9899845.31666667,128.054169651824,13.9865287995025,3007.10369189305,90.5223745734265,9.11351026219535,1959.404706372,43734.0298684779,-25579.6654754828,-5499628.07722881,17789.1573940444,-3254.64866640867,-699749.463277865
2014,2,"IVEE",3,"CONTROL",0,4.8,1075.2,49718.6277489475,-56249.2756696429,-12599837.75,49772.9158244706,-44195.8242931548,-9899864.64166667,780.069404954432,56.4976282082056,12655.468718638,103.552716196793,8.9704222043396,2009.37457377207,45280.7976419824,-28563.9407997138,-6398322.73913588,17438.4842945454,-3122.71742398235,-699488.702972047
2014,2,"IVEE",4,"ANNUAL",0,5,1120,49718.5199183243,-56249.3705357143,-12599859,49772.9269371674,-44195.8118303571,-9899861.85,583.949156520244,41.4577153806106,9286.52824525677,76.0365762057039,5.74640100742195,1287.19382566252,45279.5652324952,-28565.8066086009,-6398740.6803266,17438.3790878596,-3123.24937375513,-699607.859721149
2014,2,"MOHK",2,"CONTROL",0,2.7,604.8,49718.7165151346,-56249.1975446429,-12599820.25,49772.8626818387,-44195.8838541667,-9899877.98333333,147.934737773995,14.6712900593977,3286.3689733051,26.2511030111897,3.52753825499545,790.16856911898,45277.3484006717,-28569.2100974912,-6399503.06183802,17438.2089440596,-3124.1326974411,-699805.724226806
2014,2,"MOHK",3,"ANNUAL",0,2.8,627.2,49718.7482340966,-56249.1696428571,-12599814,49772.855612974,-44195.8917782738,-9899879.75833333,257.547548205797,26.4117972013985,5916.24257311327,33.8085324653636,3.94461086441027,883.5928336279,45278.368814145,-28567.6134456113,-6399145.41181693,17438.274048191,-3123.77894498859,-699726.483677445
2014,2,"MOHK",4,"CONTINUAL",0,2.5,537.5,49920.4256105078,-54417.7697674419,-11699820.5,49959.3391890331,-46045.9824612403,-9899886.22916667,111.957102513765,17.1599288901775,3689.38471138816,15.9623025524931,2.92765713285743,629.446283564346,43734.6028222197,-25578.6918989725,-5499418.7582791,17789.1351430428,-3254.75973139292,-699773.342249479
2014,2,"NAPL",3,"CONTROL",0,8,1792,49719.1669161211,-56248.8013392857,-12599731.5,49772.8872880106,-44195.8562686012,-9899871.80416667,177.274865184175,25.5422247593759,5721.45834610019,35.1864248524742,5.9829048224983,1340.17068023962,45278.106869376,-28568.0156835053,-6399235.51310519,17438.3601245707,-3123.30000972428,-699619.202178238
2014,2,"NAPL",9,"ANNUAL",0,8,1792,49719.1097971976,-56248.8515625,-12599742.75,49772.8986512783,-44195.8435267857,-9899868.95,176.812249436451,22.971953309207,5145.71754126238,26.4559171697027,4.58449899569649,1026.92777503601,45278.0624480611,-28568.0865252607,-6399251.38165839,17438.3082828331,-3123.58400259408,-699682.816581074
2014,2,"NAPL",10,"CONTINUAL",0,8,1720,49920.9160681763,-54417.3220930233,-11699724.25,49959.385241523,-46045.9327325581,-9899875.5375,83.4518015356034,15.9547396020027,3430.26901443058,23.2570632929201,4.24859530882722,913.447991397852,43734.5090471223,-25578.8498588499,-5499452.71965272,17789.2037139289,-3254.39267700161,-699694.425555345
2014,5,"AQUE",4,"CONTROL",0,2.3,515.2,49718.6974901382,-56249.2142857143,-12599824,49772.8972172759,-44195.8451450893,-9899869.3125,68.3314131742166,9.6016606778339,2150.77199183479,13.3862312143237,1.86245434872589,417.189774114598,45276.8262471399,-28570.0285827709,-6399686.40254068,17438.1542939975,-3124.43250353211,-699872.880791193
2014,5,"AQUE",7,"ANNUAL",0,2.3,515.2,49718.6784620284,-56249.2310267857,-12599827.75,49772.9111254098,-44195.8295572917,-9899865.82083333,64.1070992992674,8.61230519929236,1929.15636464149,9.39615740743574,1.43827605802849,322.173836998382,45276.7670818457,-28570.1219022074,-6399707.30609447,17438.1517483361,-3124.4461681242,-699875.941659821
2014,5,"AQUE",8,"CONTINUAL",0,2.5,537.5,49920.3364377754,-54417.8511627907,-11699838,49959.4315635203,-46045.8827131783,-9899864.78333333,101.943986655545,12.529127240075,2693.76235661612,39.7494652788475,4.36193382280199,937.815771902427,43733.9411192639,-25579.8154168638,-5499660.31462572,17789.1092892373,-3254.90487218817,-699804.547520456
2014,5,"CARP",7,"CONTROL",0,4,896,49718.799134674,-56249.125,-12599804,49773.0378996464,-44195.6874813988,-9899833.99583333,158.911926575756,14.3268216631311,3209.20805254136,112.068338893107,9.22417157046429,2066.214431784,45277.1010640935,-28569.5980539058,-6399589.96407489,17438.2706963049,-3123.80574764995,-699732.48747359
2014,5,"CARP",9,"ANNUAL",0,4,896,49718.5326063409,-56249.359375,-12599856.5,49772.9352875953,-44195.8024739583,-9899859.75416667,115.288848317702,9.65539692112467,2162.80891033193,81.6685258152463,6.52129694060843,1460.77051469629,45276.7372169313,-28570.1700231331,-6399718.08518182,17438.1951430037,-3124.2147691075,-699824.10828008
2014,5,"CARP",10,"CONTINUAL",0,4,860,49920.4384529983,-54417.7581395349,-11699818,49959.605668316,-46045.6947868217,-9899824.37916667,151.446091822265,15.5939177411548,3352.69231434828,106.443630298005,10.0020204597162,2150.43439883899,43734.182722179,-25579.4067067675,-5499572.441955,17789.1961975346,-3254.44386705994,-699705.431417887
2014,5,"IVEE",3,"CONTROL",0,2.8,627.2,49718.6911542009,-56249.2198660714,-12599825.25,49772.9512950238,-44195.7845238095,-9899855.73333333,818.956715679371,60.1862068599308,13481.7103366245,111.411155120174,9.821711941096,2200.0634748055,45281.1097602867,-28563.4664874431,-6398216.49318725,17438.5060685182,-3122.60933649686,-699464.491375296
2014,5,"IVEE",4,"ANNUAL",0,3.2,716.8,49719.0846573112,-56248.8738839286,-12599747.75,49772.8368499251,-44195.9128162202,-9899884.47083333,72.6060977020306,8.71160138376852,1951.39870996415,8.74176927773278,1.30537723125122,292.404499800274,45276.697541213,-28570.2312837707,-6399731.80756463,17438.1383412149,-3124.52074882908,-699892.647737714
2014,5,"MOHK",2,"CONTROL",0,1.6,358.4,49718.7926257012,-56249.1305803571,-12599805.25,49772.9112694672,-44195.8293898809,-9899865.78333333,265.410639168414,22.3179684849012,4999.22494061786,36.1477219017088,3.99311851009096,894.458546260374,45277.9958183518,-28568.2029976137,-6399277.47146546,17438.2437887238,-3123.94776741651,-699764.299901299
2014,5,"MOHK",3,"ANNUAL",0,2,448,49718.8433878076,-56249.0859375,-12599795.25,49772.9822053892,-44195.749906994,-9899847.97916667,151.301620977978,25.5745383567773,5728.69659191812,39.7556536415129,6.02581525858912,1349.78261792396,45277.7686127665,-28568.5447491529,-6399354.02381026,17438.2583320472,-3123.85814341181,-699744.224124245
2014,5,"MOHK",4,"CONTINUAL",0,2,430,49920.3937397352,-54417.7988372093,-11699826.75,49959.3668984876,-46045.9525387597,-9899879.79583333,119.612427689764,22.306452201157,4795.88722324874,24.9741535280555,4.57528167228117,983.685559540452,43734.9465743366,-25578.1075489895,-5499293.12303273,17789.1892111708,-3254.46716579583,-699710.440646104
2014,5,"NAPL",3,"CONTROL",0,5,1120,49719.1288100758,-56248.8348214286,-12599739,49772.8798045834,-44195.8646577381,-9899873.68333333,249.495574968752,30.2650313886611,6779.36703106008,38.0371176753882,5.54856640443717,1242.87887459393,45278.4850115363,-28567.4280186359,-6399103.87617444,17438.3484879996,-3123.36724093004,-699634.26196833
2014,5,"NAPL",9,"ANNUAL",0,5,1120,49719.338217654,-56248.6506696429,-12599697.75,49772.85126532,-44195.8966517857,-9899880.85,126.546138476552,19.0513082648173,4267.49305131907,19.4144881924529,3.34103830237349,748.392579731661,45277.54751264,-28568.8926845118,-6399431.96133065,17438.2609534866,-3123.84277876719,-699740.782443851
2014,5,"NAPL",10,"CONTINUAL",0,5,1075,49920.8204649308,-54417.4093023256,-11699743,49959.3654464579,-46045.9541085271,-9899880.13333333,82.5030872956275,16.0700318152549,3455.05684027981,12.8671900806633,2.85635806376194,614.116983708817,43734.359182151,-25579.1041727017,-5499507.39713086,17789.1278844741,-3254.79738755793,-699781.438324954
2014,8,"AQUE",4,"CONTROL",0,3.5,784,49718.824402498,-56249.1026785714,-12599799,49772.8708961652,-44195.8746465774,-9899875.92083333,122.276034474971,14.6820325727937,3288.77529630578,14.1872216698646,1.99311664264625,446.458127952761,45277.1419762886,-28569.5326160482,-6399575.30599479,17438.1803261671,-3124.28922472378,-699840.786338126
2014,8,"AQUE",7,"ANNUAL",0,2.1,470.4,49718.615041667,-56249.2868303571,-12599840.25,49772.9197169602,-44195.819921875,-9899863.6625,69.2296819085228,8.68191856948313,1944.74975956422,12.6903920372043,1.68045783650432,376.422555376967,45276.8216688614,-28570.0359451657,-6399688.05171712,17438.147035496,-3124.47291210402,-699881.932311301
2014,8,"AQUE",8,"CONTINUAL",0,3,645,49920.2409029893,-54417.938372093,-11699856.75,49959.4594020414,-46045.8526550388,-9899858.32083333,63.4973852101717,8.27868791058865,1779.91790077656,18.9200283532383,2.37262643878044,510.114684337795,43733.7147706164,-25580.199452904,-5499742.88237436,17789.0497858013,-3255.22235408737,-699872.806128784
2014,8,"CARP",7,"CONTROL",0,2.2,492.8,49718.7672944312,-56249.1529017857,-12599810.25,49773.0397949848,-44195.6853608631,-9899833.52083333,181.405288041942,17.0299065030878,3814.69905669168,127.928186950894,10.4961673789452,2351.14149288372,45277.2419037054,-28569.3770664321,-6399540.46288078,17438.299402303,-3123.65254975471,-699698.171145055
2014,8,"CARP",9,"ANNUAL",0,2.4,537.6,49718.7672799157,-56249.1529017857,-12599810.25,49772.9639852249,-44195.7703311012,-9899852.55416667,207.723107680724,18.0174234471401,4035.90285215939,146.467588883767,10.8235846840164,2424.48296921967,45277.2388235091,-28569.3834467496,-6399541.89207192,17438.2855099247,-3123.73699228803,-699717.086272518
2014,8,"CARP",10,"CONTINUAL",0,2.2,473,49920.4448207099,-54417.7523255814,-11699816.75,49959.7314241933,-46045.5590503876,-9899795.19583333,333.89446541249,29.7934783536464,6405.59784603398,236.699231491971,20.1536861534252,4333.04252298641,43735.0041509742,-25578.0249415716,-5499275.36243789,17789.3998492875,-3253.40768161777,-699482.65154782
2014,8,"IVEE",3,"CONTROL",0,3.5,784,49718.6214011564,-56249.28125,-12599839,49772.9238172281,-44195.815327381,-9899862.63333333,813.851631671149,58.0216284716086,12996.8447776403,106.870604346013,8.76062247694589,1962.37943483588,45280.9524711947,-28563.7123989277,-6398271.57735982,17438.484388204,-3122.72725839558,-699490.90588061
2014,8,"IVEE",4,"ANNUAL",0,3.2,716.8,49718.9576364906,-56248.9854910714,-12599772.75,49772.9417660704,-44195.7952008929,-9899858.125,277.380566071885,27.7491868035076,6215.81784398571,41.1111645547145,5.0354476696299,1127.9402779971,45278.3610445909,-28567.6288224532,-6399148.85622951,17438.3150190486,-3123.55853212386,-699677.111195744
2014,8,"MOHK",2,"CONTROL",0,2.3,515.2,49718.7926230236,-56249.1305803571,-12599805.25,49772.9479293764,-44195.7882998512,-9899856.57916667,564.98940170588,41.7296308782607,9347.43731673039,73.5356388325509,5.82072664700318,1303.84276892871,45279.6757978319,-28565.6257479414,-6398700.16753886,17438.3668237621,-3123.31289307331,-699622.088048421
2014,8,"MOHK",3,"ANNUAL",0,3,672,49719.1035137783,-56248.8571428571,-12599744,49772.9284426056,-44195.8101376488,-9899861.47083333,140.93585879761,23.4743884787527,5258.26301924061,20.7898620028397,3.95076128347468,884.970527498328,45278.1781216369,-28567.9007943461,-6399209.77793353,17438.2746695181,-3123.76752994195,-699723.926706996
2014,8,"MOHK",4,"CONTINUAL",0,3,645,49920.565708659,-54417.6418604651,-11699793,49959.4268937366,-46045.887751938,-9899865.86666667,13564.8313253384,945.845230086025,203356.724468495,3459.05786881544,239.837186147716,51564.995021759,43734.7611835395,-25578.4222291626,-5499360.77926997,18039.671090485,-3064.7532017903,-658921.938384915
2014,8,"NAPL",3,"CONTROL",0,6.1,1366.4,49719.0463459648,-56248.9073660714,-12599755.25,49772.9084281228,-44195.8325706845,-9899866.49583333,233.39775395438,28.1171413351465,6298.23965907281,60.2358121932323,6.74363107333788,1510.57336042769,45278.2277118135,-28567.8284202342,-6399193.56613246,17438.3896968429,-3123.15978952123,-699587.792852756
2014,8,"NAPL",9,"ANNUAL",0,6,1344,49719.0399791028,-56248.9129464286,-12599756.5,49772.8606561259,-44195.8861235119,-9899878.49166667,230.715471380858,26.0217421082933,5828.8702322577,30.7173245201297,4.1644268939803,932.831624251587,45278.2927870378,-28567.729428438,-6399171.39197011,17438.3077039922,-3123.58995448726,-699684.149805147
2014,8,"NAPL",10,"CONTINUAL",0,6,1290,49920.6994064064,-54417.5197674419,-11699766.75,49959.3629330947,-46045.9568217054,-9899880.71666667,89.2824444701658,15.2502832070727,3278.81088952062,18.6424494244316,3.03170618866979,651.816830564004,43734.286110459,-25579.228633169,-5499534.15613134,17789.1437028573,-3254.71297263671,-699763.289116894
2014,11,"AQUE",4,"CONTROL",0,4,896,49718.7101734236,-56249.203125,-12599821.5,49772.8432689448,-44195.9056175595,-9899882.85833333,6683.08095747719,-434.256622256633,-97273.4833854859,6681.63192468338,-444.227967460928,-99507.064711248,45486.5626714715,-29016.1540519267,-6499618.50763158,18599.1956187017,-3570.71236695379,-799839.570197649
2014,11,"AQUE",7,"ANNUAL",0,3.5,784,49718.570648935,-56249.3258928571,-12599849,49772.9034248454,-44195.838188244,-9899867.75416667,6681.87393432808,-441.563440661391,-98910.2107081516,6681.53648673501,-445.38719550011,-99766.7317920247,45486.0720868789,-29016.9170613822,-6499789.4217496,18599.1270969865,-3571.06540944527,-799918.651715741
2014,11,"AQUE",8,"CONTINUAL",0,4,860,49920.2982148038,-54417.8860465116,-11699845.5,49959.3967082401,-46045.9203488372,-9899872.875,6820.88780666934,-456.255194891217,-98094.8669016117,6820.09769367333,-462.495004848754,-99436.4260424821,43991.391892309,-26045.300764653,-5599739.66440041,18971.5481986506,-3720.21790984293,-799846.850616231
2014,11,"CARP",7,"CONTROL",0,3.5,784,49718.8307174069,-56249.0970982143,-12599797.75,49773.0753433915,-44195.6455357143,-9899824.6,6685.2276944861,-425.901738255736,-95401.9893692849,6683.39222679309,-434.928619935656,-97424.010865587,45487.087970648,-29015.336880377,-6499435.46120446,18599.3865914237,-3569.74554763187,-799623.002669539
2014,11,"CARP",9,"ANNUAL",0,3.5,784,49718.6911577241,-56249.2198660714,-12599825.25,49772.9185792305,-44195.8212053571,-9899863.95,6683.86570231697,-431.360408881493,-96624.7315894545,6682.67821771824,-438.292976581921,-98177.6267543503,45486.6520273859,-29016.0147554267,-6499587.30521557,18599.2763344501,-3570.30477509433,-799748.269621131
2014,11,"CARP",10,"CONTINUAL",0,3.3,709.5,49920.4384276952,-54417.7581395349,-11699818,49959.6204113406,-46045.6788565891,-9899820.95416667,6823.917289829,-444.573557163813,-95583.3147902197,6822.08984161037,-452.015195284932,-97183.2669862605,43992.1576248586,-26044.0194915268,-5599464.19067825,18971.7581494069,-3719.17676666174,-799623.004832274
2014,11,"IVEE",3,"CONTROL",0,4.2,940.8,49718.5579658682,-56249.3370535714,-12599851.5,49773.0435437596,-44195.6811383929,-9899832.575,6694.56020447019,-411.422139337045,-92158.5592114982,6683.26528301512,-435.528553020639,-97558.3958766231,45488.3410745636,-29013.4142744207,-6499004.79747023,18599.4082146732,-3569.64565195999,-799600.626039038
2014,11,"IVEE",4,"ANNUAL",0,3.4,761.6,49718.602364962,-56249.2979910714,-12599842.75,49772.9678241461,-44195.7659970238,-9899851.58333333,6692.08852572073,-419.635722801152,-93998.401907458,6681.89393269668,-442.288223855443,-99072.5621436193,45487.8811233145,-29014.1278441255,-6499164.63708411,18599.3045630654,-3570.16590256755,-799717.162175132
2014,11,"MOHK",2,"CONTROL",0,4.2,940.8,49719.0083155738,-56248.9408482143,-12599762.75,49772.9323006944,-44195.8058221726,-9899860.50416667,6711.15345340648,-400.831385394314,-89786.2303283262,6682.34366576303,-440.051646351567,-98571.568782751,45489.5643233167,-29011.5702489694,-6498591.73576914,18599.443682094,-3569.48532778598,-799564.713424059
2014,11,"MOHK",3,"ANNUAL",0,4,896,49719.1986974255,-56248.7734375,-12599725.25,49772.853887361,-44195.8937127976,-9899880.19166667,6683.2730141752,-430.355603098364,-96399.6550940336,6681.66442830934,-443.670909985716,-99382.2838368004,45487.1163524898,-29015.2902478135,-6499425.01551023,18599.2409140443,-3570.47779128745,-799787.025248389
2014,11,"MOHK",4,"CONTINUAL",0,4,860,49920.6294244605,-54417.5837209302,-11699780.5,49959.3859755953,-46045.9319379845,-9899875.36666667,6821.52476713102,-451.40745021057,-97052.6017952726,6820.04679195332,-462.799186415024,-99501.8250792302,43991.9722716571,-26044.3273426602,-5599530.37867194,18971.5769245291,-3720.0700587101,-799815.062622671
2014,11,"NAPL",3,"CONTROL",0,3.5,784,49719.1732801358,-56248.7957589286,-12599730.25,49772.8647217006,-44195.8815662202,-9899877.47083333,6684.37950083517,-426.789278783602,-95600.7984475269,6682.013740169,-440.683249105435,-98713.0477996174,45487.1247905153,-29015.2781007638,-6499422.2945711,18599.3417610112,-3569.96833000056,-799672.905920125
2014,11,"NAPL",9,"ANNUAL",0,3,672,49719.0527263544,-56248.9017857143,-12599754,49772.9070307108,-44195.8341331845,-9899866.84583333,6683.89987210407,-429.503161618278,-96208.7082024943,6681.6982361863,-443.325785219549,-99304.975889179,45487.0564394965,-29015.3856704332,-6499446.39017704,18599.2629334706,-3570.36458629911,-799761.667331
2014,11,"NAPL",10,"CONTINUAL",0,3.5,752.5,49920.8651317134,-54417.3686046512,-11699734.25,47138.9639882509,-66976.0688953488,-14399854.8125,41107.8587374704,-21389.1938637268,-4598676.68070127,41105.2447557456,-21394.1530613702,-4599742.9081946,50025.2686654914,-46975.4474695837,-10099721.2059605,43198.4031573217,-24650.4461363946,-5299845.91932483
2015,2,"CARP",7,"CONTROL",0,1.8,403.2,49718.5833589132,-56249.3147321429,-12599846.5,49773.0648117508,-44195.657328869,-9899827.24166667,189.027658125465,17.0680847564908,3823.25098545394,133.422950172743,11.2688534056281,2524.2231628607,45277.2600996813,-28569.3489008828,-6399534.15379774,17438.3144632132,-3123.5719630941,-699680.119733079
2015,2,"CARP",9,"ANNUAL",0,1.8,403.2,49718.5389499242,-56249.3537946429,-12599855.25,49772.935041113,-44195.8027529762,-9899859.81666667,139.010136074085,11.8317022328538,2650.30130015925,98.5627499342504,7.99041136677492,1789.85214615758,45276.8690424181,-28569.9630222309,-6399671.71697973,17438.2238640748,-3124.06022248416,-699789.489836451
2015,2,"CARP",10,"CONTINUAL",0,2,430,49920.3237423756,-54417.8627906977,-11699840.5,49959.5690050721,-46045.7343604651,-9899832.8875,86.7961780347027,10.8817492188941,2339.57608206224,54.9880921253378,6.12901797723253,1317.73886510499,43733.9347826875,-25579.8261555276,-5499662.62343842,17789.1414894671,-3254.73141366173,-699767.253937272
2015,2,"IVEE",3,"CONTROL",0,2,448,49718.5960209703,-56249.3035714286,-12599844,49772.8284181994,-44195.922265625,-9899886.5875,144.601528521651,10.6411449184315,2383.61646172865,18.8811685665788,1.63281629764032,365.750850671432,45276.9975712559,-28569.7632823746,-6399626.97525191,17438.1403723737,-3124.51204599117,-699890.698302022
2015,2,"IVEE",4,"ANNUAL",0,2,448,49718.5452812454,-56249.3482142857,-12599854,49772.8321192045,-44195.9181175595,-9899885.65833333,207.18972437374,17.0003532511066,3808.07912824787,27.878134479404,2.88475560026385,646.185254459103,45277.5125607595,-28568.9573051729,-6399446.43635873,17438.2086457853,-3124.13770443356,-699806.845793118
2015,2,"MOHK",2,"CONTROL",0,2.4,537.6,49718.8053343103,-56249.1194196429,-12599802.75,49772.9087264414,-44195.8322358631,-9899866.42083333,385.975483700204,31.965354103797,7160.23931925054,51.1359930136459,5.28754648981701,1184.41041371901,45278.8533222507,-28566.8733130263,-6398979.62211789,17438.3263660589,-3123.5050604157,-699665.133533118
2015,2,"MOHK",3,"ANNUAL",0,2.3,515.2,49718.9639384042,-56248.9799107143,-12599771.5,49772.8703636784,-44195.8752418155,-9899876.05416667,163.335288497208,22.9339901287918,5137.21378884937,23.8429829209165,3.95145344272487,885.125571170371,45278.2032686159,-28567.863380906,-6399201.39732295,17438.3001972292,-3123.62882610226,-699692.857046905
2015,2,"MOHK",4,"CONTINUAL",0,2.4,516,49920.5530042983,-54417.6534883721,-11699795.5,49959.3795324419,-46045.9388953488,-9899876.8625,79.5606466448426,14.1037660648295,3032.30970393835,12.9060853993588,2.72965858885397,586.876596603603,43734.3866010739,-25579.0578884188,-5499497.44601005,17789.1274016725,-3254.80062993481,-699782.135435985
2015,2,"NAPL",3,"CONTROL",0,6.9,1545.6,49718.9258320825,-56249.0133928571,-12599779,49772.8736152626,-44195.8715959821,-9899875.2375,66.5675503495158,10.5297099152727,2358.65502102109,19.9228866688639,2.85246636470505,638.952465693932,45276.9359398832,-28569.8553510376,-6399647.59863243,17438.1972288219,-3124.19545455376,-699819.781820043
2015,2,"NAPL",9,"ANNUAL",0,7.5,1680,49718.8180052862,-56249.1082589286,-12599800.25,49772.8778446623,-44195.8668526786,-9899874.175,70.1333977234745,10.5635897524806,2366.24410455565,12.1404179994787,2.37373021799323,531.715568830483,45277.0221086406,-28569.7199015797,-6399617.25795386,17438.1890956802,-3124.23891317167,-699829.516550453
2015,2,"NAPL",10,"CONTINUAL",0,7.5,1612.5,49920.5211076407,-54417.6825581395,-11699801.75,49959.4163631865,-46045.899127907,-9899868.3125,43.3101633883158,10.1469028116826,2181.58410451175,12.3705029020769,2.74083176686789,589.278829876597,43733.891097798,-25579.8989754399,-5499678.27971959,17789.0991793533,-3254.9524754772,-699814.782227598
2015,3,"AQUE",4,"CONTROL",0,4.5,1008,49718.6150411033,-56249.2868303571,-12599840.25,49772.8424054047,-44195.9065848214,-9899883.075,116.675232438577,11.0003971863136,2464.08896973424,15.9242691277491,2.00563980864546,449.263317136582,45277.0147694324,-28569.7340006307,-6399620.41614128,17438.1546490236,-3124.43136424407,-699872.625590671
2015,3,"AQUE",7,"ANNUAL",0,3.8,851.2,49718.6340685515,-56249.2700892857,-12599836.5,49772.8742172742,-44195.8709263393,-9899875.0875,15.957846965174,3.23229358318922,724.033762634385,3.31877577121051,0.635930291014501,142.448385187248,45276.3831368054,-28570.7265427124,-6399842.74556758,17438.095037642,-3124.75989198288,-699946.215804165
2015,3,"AQUE",8,"CONTINUAL",0,4.5,967.5,49920.2536402586,-54417.926744186,-11699854.25,49959.4079443363,-46045.9082170543,-9899870.26666667,56.1812448981278,8.00766461727886,1721.64789271495,20.1667952663823,2.47915742989613,533.018847427668,43733.6942682158,-25580.2340548897,-5499750.32180128,17789.0521208909,-3255.2095672044,-699870.056948947
2015,5,"AQUE",4,"CONTROL",0,2.7,604.8,49718.6594351741,-56249.2477678571,-12599831.5,49772.848859992,-44195.8993489583,-9899881.45416667,292.473289028535,24.3906002989218,5463.49446695849,38.1703870800316,3.55847625864535,797.098681936558,45278.0856291189,-28568.0657283661,-6399246.72315401,17438.2406585048,-3123.96772220013,-699768.769772829
2015,5,"AQUE",7,"ANNUAL",0,2.4,537.6,49718.7038436899,-56249.2087053571,-12599822.75,49772.8273735872,-44195.9234375,-9899886.85,44.1468048558036,5.47059044779769,1225.41226030668,4.34317402334187,0.674766645774812,151.147728653558,45276.5160997937,-28570.5170352585,-6399795.81589791,17438.1021879248,-3124.7204698096,-699937.38523735
2015,5,"AQUE",8,"CONTINUAL",0,2.5,537.5,49920.2918479355,-54417.8918604651,-11699846.75,49959.3447705007,-46045.9764341085,-9899884.93333333,48.6622014591241,7.81930688594272,1681.15098047769,9.32699846496896,1.32882576271625,285.697538983994,43733.6839958515,-25580.251418469,-5499754.05497083,17789.0244507875,-3255.35822326038,-699902.018000982
2015,5,"CARP",7,"CONTROL",0,3,672,49718.8180836416,-56249.1082589286,-12599800.25,49772.9848317273,-44195.746968006,-9899847.32083333,111.515915610383,16.1381307876043,3614.94129642337,61.0879884907707,7.77239431492282,1741.01632654271,45277.402195857,-28569.1229942103,-6399483.5507031,17438.3491676848,-3123.37584894272,-699636.19016317
2015,5,"CARP",9,"ANNUAL",0,2.5,560,49718.792662906,-56249.1305803571,-12599805.25,49772.8322016268,-44195.9180245536,-9899885.6375,70.9850984624247,10.2884072519583,2304.60322443865,27.4315712687129,3.22549339550211,722.510520592472,45276.8182400962,-28570.0409406146,-6399689.17069768,17438.1723803049,-3124.33315325143,-699850.626328319
2015,5,"CARP",10,"CONTINUAL",0,2.8,602,49920.2982521004,-54417.8860465116,-11699845.5,49959.6085913728,-46045.6916666667,-9899823.70833333,143.499005689968,17.1777470967776,3693.21562580719,83.0333370615282,9.09150179949976,1954.67288689245,43734.4884960288,-25578.8896284813,-5499461.27012347,17789.3057699385,-3253.87159916737,-699582.393820984
2015,5,"IVEE",3,"CONTROL",0,1,224,49718.8117728167,-56249.1138392857,-12599801.5,49772.7986034112,-44195.9556919643,-9899894.075,183.458283402174,18.645807898192,4176.66096919501,21.976451568118,2.43843223438715,546.208820502721,45277.4472498296,-28569.0557869089,-6399468.4962676,17438.1854696107,-3124.26413020858,-699835.165166722
2015,5,"IVEE",4,"ANNUAL",0,1,224,49718.8497573919,-56249.0803571429,-12599794,49772.8076457394,-44195.9455543155,-9899891.80416667,72.0072529224584,9.71828747610305,2176.89639464708,9.79588369417371,1.51733923383022,339.88398837797,45276.8064179101,-28570.059585116,-6399693.34706599,17438.1552962568,-3124.42733576656,-699871.72321171
2015,5,"MOHK",2,"CONTROL",0,2,448,49718.7418854874,-56249.1752232143,-12599815.25,49772.9125664787,-44195.8279389881,-9899865.45833333,887.426184850606,64.9537258397278,14549.634588099,116.020045817399,9.53010815127743,2134.74422588614,45281.6692852814,-28562.6183983509,-6398026.52123061,17438.5484305711,-3122.39673656598,-699416.868990779
2015,5,"MOHK",3,"ANNUAL",0,2,448,49718.9321971384,-56249.0078125,-12599777.75,49772.8339772588,-44195.9160342262,-9899885.19166667,78.1681072042732,14.3715474173123,3219.22662147795,15.8902928183944,2.98661112323073,669.000891603684,45277.4264924754,-28569.0827540323,-6399474.53690322,17438.2401367686,-3123.95864404605,-699766.736266316
2015,5,"MOHK",4,"CONTINUAL",0,2,430,49920.4574212762,-54417.7406976744,-11699814.25,49959.3290675557,-46045.9933914729,-9899888.57916667,82.6415287049685,13.7337632878769,2952.75910689354,14.4076677609744,2.71556197016902,583.845823586338,43734.3437124896,-25579.1310418175,-5499513.17399076,17789.1094684587,-3254.89805651189,-699803.082150057
2015,5,"NAPL",3,"CONTROL",0,2.5,560,49719.2556924348,-56248.7232142857,-12599714,49772.8517640833,-44195.89609375,-9899880.725,144.369027769634,21.5304879548469,4822.8293018857,22.8239459386513,3.95080619855082,884.980588475384,45277.8428556939,-28568.4294749377,-6399328.20238604,17438.2779801048,-3123.74972153062,-699719.93762286
2015,5,"NAPL",9,"ANNUAL",0,2.2,492.8,49719.5604910358,-56248.4553571429,-12599654,49772.8365650015,-44195.9131324405,-9899884.54166667,187.422133371883,22.5555980147061,5052.45395529417,19.9263570298182,3.32593429504413,745.009282089885,45277.7110229856,-28568.6371424569,-6399374.71991035,17438.2676160238,-3123.80921790417,-699733.264810535
2015,5,"NAPL",10,"CONTINUAL",0,2.1,451.5,49920.9988679162,-54417.2465116279,-11699708,49959.3505136399,-46045.9702325581,-9899883.6,109.752694655466,20.4670499501918,4400.41573929123,16.7414523048079,3.29742680170175,708.946762365876,43734.7094520689,-25578.5098163099,-5499379.61050663,17789.1577254073,-3254.63702387711,-699746.960133579
2015,8,"AQUE",4,"CONTROL",0,2,448,49718.6213832586,-56249.28125,-12599839,49772.8378775134,-44195.9116629464,-9899884.2125,369.479342578271,26.9953143533441,6046.95041514908,48.0891988685092,3.86472753775082,865.698968456183,45278.3323711486,-28567.6914576124,-6399162.88650518,17438.246956448,-3123.94261392945,-699763.145520197
2015,8,"AQUE",7,"ANNUAL",0,1.5,336,49718.6530993691,-56249.2533482143,-12599832.75,49772.8559298621,-44195.8914248512,-9899879.67916667,79.1678436405917,8.99363995308331,2014.57534949066,11.3217321523281,1.53695633503488,344.278219047814,45276.8632177664,-28569.9709137045,-6399673.48466981,17438.135654269,-3124.53561747745,-699895.97831495
2015,8,"AQUE",8,"CONTINUAL",0,2.1,451.5,49920.2600061121,-54417.9209302326,-11699853,49959.3661634557,-46045.9533333333,-9899879.96666667,37.7314602466556,6.63978624899399,1427.55404353371,7.12260965727495,1.25152844342991,269.07861533743,43733.6282608947,-25580.3461308912,-5499774.4181416,17789.016143126,-3255.40301950971,-699911.649194588
2015,8,"CARP",7,"CONTROL",0,3.2,716.8,49718.8053382563,-56249.1194196429,-12599802.75,49773.1110108826,-44195.605561756,-9899815.64583333,288.496970524602,28.616869654567,6410.17880262301,203.716319481291,17.3401552098728,3884.1947670115,45278.0013949654,-28568.1870717698,-6399273.90407644,17438.4599950581,-3122.80303782343,-699507.880472449
2015,8,"CARP",9,"ANNUAL",0,3,672,49718.6340732021,-56249.2700892857,-12599836.5,49772.9797880772,-44195.7526227679,-9899848.5875,288.210993302789,25.1456954813262,5632.63578781706,202.005074283927,14.7571330445233,3305.59780197321,45277.7388717705,-28568.6012033465,-6399366.66954961,17438.3746840884,-3123.27356782981,-699613.279193878
2015,8,"CARP",10,"CONTINUAL",0,2.8,602,49920.38106557,-54417.8104651163,-11699829.25,49959.8396823278,-46045.4422674419,-9899770.0875,499.75163605567,43.8370813429033,9424.97248872421,354.422114204344,30.0275562985381,6455.92460418569,43735.8481492621,-25576.6141154349,-5498972.0348185,17789.6231372881,-3252.30725255213,-699246.059298709
2015,8,"IVEE",3,"CONTROL",0,0.9,201.6,49718.6531004965,-56249.2533482143,-12599832.75,49772.8341612551,-44195.9158296131,-9899885.14583333,132.990047402196,11.4102130981992,2555.88773399661,17.5793665099355,1.77277786991799,397.10224286163,45277.0192527449,-28569.7280706569,-6399619.08782715,17438.1422149207,-3124.50118444113,-699888.265314813
2015,8,"IVEE",4,"ANNUAL",0,1,224,49718.576989973,-56249.3203125,-12599847.75,49772.9306867122,-44195.8076450893,-9899860.9125,31.5636500480803,6.24787188570701,1399.52330239837,5.47448471011624,1.09956244799164,246.301988350128,45276.6527763974,-28570.3014180818,-6399747.51765032,17438.1240213607,-3124.59931237318,-699910.245971591
2015,8,"MOHK",2,"CONTROL",0,2.5,560,49718.6721273552,-56249.2366071429,-12599829,49772.9192333503,-44195.8204613095,-9899863.78333333,640.699148028741,46.7240363284665,10466.1841375765,83.9008743313151,7.15327198987209,1602.33292573135,45280.0681605468,-28565.0335523141,-6398567.51571835,17438.4092989588,-3123.09479374201,-699573.23379821
2015,8,"MOHK",3,"ANNUAL",0,2.5,560,49718.8814790215,-56249.0524553571,-12599787.75,49772.9086784371,-44195.8322916667,-9899866.43333333,228.681262897761,23.9457991058139,5363.85899970232,30.4674924425452,3.80696296316874,852.759703749798,45278.2034305228,-28567.8702835856,-6399202.94352318,17438.2655987569,-3123.82337092317,-699736.43508679
2015,8,"MOHK",4,"CONTINUAL",0,2.2,473,49920.3937499735,-54417.7988372093,-11699826.75,49959.3685125024,-46045.9507945736,-9899879.42083333,72.5063408855265,12.9676024546915,2788.03452775867,17.1945050193541,3.10516112323406,667.609641495323,43734.252123976,-25579.2862452244,-5499546.54272326,17789.0949585701,-3254.97620505619,-699819.884087082
2015,8,"NAPL",3,"CONTROL",0,4,896,49718.9385299207,-56249.0022321429,-12599776.5,49772.8687380452,-44195.8770647321,-9899876.4625,321.980659033019,30.5701530565319,6847.71428466315,48.9966858693558,5.69216214875157,1275.04432132035,45278.5820236178,-28567.2870501704,-6399072.29923817,17438.3494108704,-3123.3732307083,-699635.60367866
2015,8,"NAPL",9,"ANNUAL",0,3.8,851.2,49718.8180000719,-56249.1082589286,-12599800.25,49772.8878852051,-44195.8555989583,-9899871.65416667,262.202216586045,22.2620910103771,4986.70838632448,34.4917540819566,3.54655140459303,794.427514628839,45278.0022901417,-28568.1922968525,-6399275.07449496,17438.2569955363,-3123.87414755398,-699747.809052092
2015,8,"NAPL",10,"CONTINUAL",0,3.5,752.5,49920.5975160455,-54417.6127906977,-11699786.75,49959.3630402642,-46045.9567054264,-9899880.69166667,35.7186369346933,8.13757443260826,1749.57850301078,6.67806798356157,1.56305057409716,336.055873430889,43733.8023723744,-25580.0499317124,-5499710.73531816,17789.0624892059,-3255.15114475121,-699857.49612151
2015,11,"AQUE",4,"CONTROL",0,2.4,537.6,49718.67212961,-56249.2366071429,-12599829,49772.8235570888,-44195.9277157738,-9899887.80833333,135.917863429791,12.1034775678854,2711.17897520632,17.8490321540656,1.86567302060079,417.910756614578,45277.1312143956,-28569.5517446077,-6399579.59079212,17438.1606413433,-3124.39907921989,-699865.393745255
2015,11,"AQUE",7,"ANNUAL",0,2.4,537.6,49718.7228651588,-56249.1919642857,-12599819,49772.8743972264,-44195.8707217262,-9899875.04166667,58.0939600171093,6.86031914028036,1536.7114874228,8.42291378306951,1.16595787297086,261.174563545473,45276.7145792982,-28570.2045923384,-6399725.8286838,17438.1238153603,-3124.60074160765,-699910.566120113
2015,11,"AQUE",8,"CONTINUAL",0,2.4,516,49920.3809996064,-54417.8104651163,-11699829.25,49959.4482746155,-46045.8646899225,-9899860.90833333,34.9930109699074,6.86698702416889,1476.40221019631,11.2217649965932,1.75277312770321,376.84622245619,43733.6815125513,-25580.2554180107,-5499754.91487231,17789.0340190684,-3255.30618828325,-699890.830480899
2015,11,"CARP",7,"CONTROL",0,8.5,1904,49718.7609401892,-56249.1584821429,-12599811.5,49773.0127020368,-44195.7156994048,-9899840.31666667,145.38665263366,16.5116164242163,3698.60207902444,102.377069520928,9.762043419573,2186.69772598435,45277.2840168951,-28569.3088991685,-6399525.19341375,17438.2916957217,-3123.68654907642,-699705.786993117
2015,11,"CARP",9,"ANNUAL",0,9.5,2128,49718.7419160686,-56249.1752232143,-12599815.25,49772.9153968725,-44195.8247767857,-9899864.75,143.191014437831,13.2500641275325,2968.01436456728,101.116152290054,8.02561505753103,1797.73777288695,45277.017216224,-28569.7294973755,-6399619.40741212,17438.2292017411,-3124.03138330736,-699783.029860849
2015,11,"CARP",10,"CONTINUAL",0,9.5,2042.5,49920.4064991646,-54417.7872093023,-11699824.25,49959.6044492441,-46045.6960658915,-9899824.65416667,157.444421092152,15.6891759413504,3373.17282739033,111.142290019057,9.89850761771371,2128.17913780845,43734.1540245275,-25579.4556754514,-5499582.97022206,17789.1789837496,-3254.53763140424,-699725.590751912
2015,11,"IVEE",3,"CONTROL",0,5,1120,49718.5960344994,-56249.3035714286,-12599844,49773.0997147377,-44195.6183035714,-9899818.5,29.7426404988454,5.1645026982318,1156.84860440392,14.8564137189821,1.72965722393604,387.443218161672,45276.5526513524,-28570.4592762794,-6399782.87788658,17438.1270265792,-3124.5827543252,-699906.536968846
2015,11,"IVEE",4,"ANNUAL",0,5.5,1232,49718.5008874162,-56249.3872767857,-12599862.75,49773.108949497,-44195.6079799107,-9899816.1875,39.5634223975883,5.60960755387052,1256.552092067,6.41918949096146,1.06121835190051,237.712910825715,45276.6290563867,-28570.3390749794,-6399755.95279538,17438.1226939887,-3124.60688904976,-699911.943147146
2015,11,"MOHK",2,"CONTROL",0,9,2016,49718.7418973253,-56249.1752232143,-12599815.25,49772.8118769656,-44195.9408110119,-9899890.74166667,92.1855841927973,9.70361265893216,2173.6092356008,13.5583555012069,1.69932156204515,380.648029898113,45276.9710254617,-28569.801594883,-6399635.55725379,17438.1647837922,-3124.37516475597,-699860.036905337
2015,11,"MOHK",3,"ANNUAL",0,8,1792,49718.7672720238,-56249.1529017857,-12599810.25,49772.8109978325,-44195.941796875,-9899890.9625,74.5462177634224,11.3426426747497,2540.75195914394,12.96618277862,2.24818321771666,503.593040768532,45277.1397486632,-28569.5347198122,-6399575.77723794,17438.1967174396,-3124.19800786719,-699820.35376225
2015,11,"MOHK",4,"CONTINUAL",0,8,1720,49920.2854822357,-54417.8976744186,-11699848,49959.3126655399,-46046.0111046512,-9899892.3875,68.239818805697,11.0073833966607,2366.58743028206,14.9003321368316,2.51198862529694,540.077554438842,43733.7989744125,-25580.056607325,-5499712.17057488,17789.1097540397,-3254.89825805982,-699803.125482861
2015,11,"NAPL",3,"CONTROL",0,7,1568,49718.9005625183,-56249.0357142857,-12599784,49772.891750671,-44195.851264881,-9899870.68333333,194.525944423621,20.9448082230982,4691.637041974,36.6259909677133,4.85440624913674,1087.38699980663,45277.8224847017,-28568.4667325954,-6399336.54810137,17438.280876857,-3123.73746218008,-699717.191528338
2015,11,"NAPL",9,"ANNUAL",0,7,1568,49718.8688991132,-56249.0636160714,-12599790.25,49772.8736310711,-44195.871577381,-9899875.23333333,165.47523614126,17.4396020929951,3906.4708688309,24.2206135697647,3.6205201860713,810.996521679971,45277.5715820334,-28568.8596358133,-6399424.55842218,17438.2409332629,-3123.95568902932,-699766.074342569
2015,11,"NAPL",10,"CONTINUAL",0,7.5,1612.5,49920.6040484088,-54417.6069767442,-11699785.5,49959.3769832659,-46045.9416472868,-9899877.45416667,80.5347112838994,13.084204617777,2813.10399282206,27.0922821097917,3.96609613094883,852.710668153999,43734.1280379276,-25579.4968319138,-5499591.81886146,17789.1547346453,-3254.65569824133,-699750.975121886
2016,2,"AQUE",4,"CONTROL",0,3.5,784,49718.7926265468,-56249.1305803571,-12599805.25,49772.8262781748,-44195.9246651786,-9899887.125,26.96003617325,5.55214984818541,1243.68156599353,6.21041009366247,1.28960622431794,288.871794247219,45276.5426033911,-28570.4751094806,-6399786.42452365,17438.15344852,-3124.43697263629,-699873.881870529
2016,2,"AQUE",7,"ANNUAL",0,3.5,784,49718.6974967618,-56249.2142857143,-12599824,49772.8309064629,-44195.9194754464,-9899885.9625,52.9907730433496,6.84340933975006,1532.92369210401,8.37867353508701,1.36069283478823,304.795194992564,45276.7275544996,-28570.1839478502,-6399721.20431845,17438.1329782062,-3124.54983758557,-699899.163619168
2016,2,"AQUE",8,"CONTINUAL",0,4,860,49920.2982181678,-54417.8860465116,-11699845.5,49959.4145280449,-46045.9011046512,-9899868.7375,44.7738714732274,8.80529808066282,1893.13908734251,24.8638377696922,3.27894573575672,704.973333187694,43733.7888199537,-25580.0730192434,-5499715.69913733,17789.0629931661,-3255.14915600474,-699857.068541018
2016,2,"CARP",7,"CONTROL",0,2.7,604.8,49718.6023758135,-56249.2979910714,-12599842.75,49773.1069596433,-44195.6101004464,-9899816.6625,379.015477067048,31.1355736920236,6974.36850701329,268.508353017016,21.2008731029534,4748.99557506157,45278.130430373,-28567.9932482078,-6399230.48759855,17438.513923773,-3122.55382711544,-699452.057273859
2016,2,"CARP",9,"ANNUAL",0,2.9,649.6,49718.5262579646,-56249.3649553571,-12599857.75,49773.0088624304,-44195.7200520833,-9899841.29166667,339.037553699637,25.9569527169243,5814.35740859104,240.365662497753,17.6796423151711,3960.23987859832,45277.7425608156,-28568.6003031776,-6399366.46791178,17438.4273979687,-3123.00867263188,-699553.942669542
2016,2,"CARP",10,"CONTINUAL",0,2.9,623.5,49920.2918776265,-54417.8918604651,-11699846.75,49959.6712781031,-46045.6239534884,-9899809.15,305.961417278816,28.2882777622477,6081.97971888325,217.409101326804,19.6126451798839,4216.71871367503,43734.8740397323,-25578.2433879385,-5499322.32840678,17789.3714970938,-3253.54942179231,-699513.125685346
2016,2,"IVEE",3,"CONTROL",0,2.2,492.8,49718.5516236984,-56249.3426339286,-12599852.75,49772.92844974,-44195.8101376488,-9899861.47083333,62.1575697875501,8.7166046222367,1952.51943538102,22.3983502772271,2.6714911556922,598.414018875054,45276.8091234893,-28570.0555667926,-6399692.44696155,17438.1538771024,-3124.43474701999,-699873.383332477
2016,2,"IVEE",4,"ANNUAL",0,2.3,515.2,49718.5325974624,-56249.359375,-12599856.5,49772.9308830755,-44195.807421875,-9899860.8625,75.920396763375,9.55602221244102,2140.54897558679,13.5587255195147,2.07054809421192,463.802773103471,45276.8962773302,-28569.9188850223,-6399661.830245,17438.1701910717,-3124.34471208668,-699853.215507416
2016,2,"MOHK",2,"CONTROL",0,3,672,49718.6150437809,-56249.2868303571,-12599840.25,49772.8326660242,-44195.9175037202,-9899885.52083333,57.312333624087,7.40230219345961,1658.11569133495,40.5270279473964,3.91589456618841,877.160382826204,45276.7165183386,-28570.2013312466,-6399725.09819925,17438.1737658023,-3124.32691992547,-699849.230063306
2016,2,"MOHK",3,"ANNUAL",0,3.5,784,49718.6467604623,-56249.2589285714,-12599834,49772.8280030807,-44195.9227306548,-9899886.69166667,81.9048225616345,10.7161305386835,2400.4132406651,13.1517800483328,2.18919295969068,490.379222970713,45277.068952245,-28569.6466627304,-6399600.85245162,17438.1651632165,-3124.3720423306,-699859.337482055
2016,2,"MOHK",4,"CONTINUAL",0,3,645,49920.3682609341,-54417.8220930233,-11699831.75,49959.3596849254,-46045.9603294574,-9899881.47083333,62.3303795085937,11.0506985564966,2375.90018964678,31.78765041197,4.11697882878435,885.150448188635,43734.0716019503,-25579.5927420841,-5499612.43954808,17789.1038908928,-3254.92863587446,-699809.656713009
2016,2,"NAPL",3,"CONTROL",0,6.5,1456,49718.8877689735,-56249.046875,-12599786.5,49772.8172023796,-44195.9348400298,-9899889.40416667,62.5633199877656,10.0384543532993,2248.61377513905,29.9439377168625,3.47938672865578,779.382627218894,45276.8911048071,-28569.9258973131,-6399663.40099814,17438.1984575432,-3124.18958763316,-699818.467629827
2016,2,"NAPL",9,"ANNUAL",0,6.5,1456,49718.7926316201,-56249.1305803571,-12599805.25,49772.8493402127,-44195.8988095238,-9899881.33333333,49.7890059247608,8.38153476431472,1877.4637872065,15.2397578255017,2.34695662836669,525.718284754139,45276.7871784598,-28570.0897568004,-6399700.1055233,17438.1763182377,-3124.30955939295,-699845.34130402
2016,2,"NAPL",10,"CONTINUAL",0,7.5,1612.5,49920.4319418034,-54417.7639534884,-11699819.25,49959.3295878804,-46045.9928294574,-9899888.45833333,31.7673812507249,6.84998535025296,1472.74685030439,15.7332568141947,2.13845275146259,459.767341564457,43733.6831564115,-25580.2526526687,-5499754.32032377,17789.0545727698,-3255.19449304427,-699866.816004518
2016,5,"AQUE",4,"CONTROL",0,3.5,784,49718.8116548607,-56249.1138392857,-12599801.5,49772.8471190674,-44195.9013020833,-9899881.89166667,104.075941895768,12.5148069755513,2803.3167625235,18.9760908406668,2.6021622718372,582.884348891533,45277.0913029836,-28569.6123714538,-6399593.17120565,17438.1629930747,-3124.38465532804,-699862.162793481
2016,5,"AQUE",7,"ANNUAL",0,3.5,784,49718.7038329795,-56249.2087053571,-12599822.75,49772.9005478511,-44195.84140625,-9899868.475,35.6999333975304,5.87727851583249,1316.51038754648,8.14729505720021,1.30140039008553,291.513687379159,45276.6247910294,-28570.3457057769,-6399757.43809403,17438.1184942383,-3124.63003018161,-699917.126760681
2016,5,"AQUE",8,"CONTINUAL",0,3.5,752.5,49920.3300504395,-54417.8569767442,-11699839.25,49959.4348481869,-46045.8791666667,-9899864.02083333,121.147083888731,17.1475269300446,3686.71828995959,28.0505921735013,4.07058966171615,875.176777268973,43734.4681302048,-25578.9218875234,-5499468.20581752,17789.1229879383,-3254.82734900989,-699787.880037126
2016,5,"CARP",7,"CONTROL",0,4,896,49718.8561513552,-56249.0747767857,-12599792.75,49773.0908153473,-44195.6281994048,-9899820.71666667,282.729678685452,25.8442263766403,5789.10670836743,199.997248862546,16.4191625551287,3677.89241234883,45277.8117894842,-28568.4857213912,-6399340.80159163,17438.4367738445,-3122.92969745742,-699536.252230462
2016,5,"CARP",9,"ANNUAL",0,4,896,49718.8687834122,-56249.0636160714,-12599790.25,49773.0139007294,-44195.7143973214,-9899840.025,274.707584634611,26.0371796526033,5832.32824218314,192.536319280984,14.7975592754465,3314.65327770001,45277.7606764707,-28568.5653703413,-6399358.64295644,17438.3934616775,-3123.16344933163,-699588.612650284
2016,5,"CARP",10,"CONTINUAL",0,4,860,49920.3810540154,-54417.8104651163,-11699829.25,49959.7216206653,-46045.5696317829,-9899797.47083333,413.699345522173,39.8891646109485,8576.17039135392,294.340513794965,27.24744811702,5858.20134515931,43735.6112385703,-25577.0042073789,-5499055.90458647,17789.5655870403,-3252.56484985934,-699301.442719757
2016,5,"IVEE",3,"CONTROL",0,1,224,49718.6150505454,-56249.2868303571,-12599840.25,49772.922753811,-44195.8165178571,-9899862.9,354.215239326326,28.6966232671458,6428.04361184066,46.1534998360571,4.06041412897037,909.532764889363,45278.5152080555,-28567.3997903778,-6399097.55304462,17438.2618045102,-3123.85815447302,-699744.226601957
2016,5,"IVEE",4,"ANNUAL",0,1,224,49718.5452812454,-56249.3482142857,-12599854,49772.8550412135,-44195.8924293155,-9899879.90416667,67.3156074981066,7.66144554529429,1716.16380214592,9.76770682689215,1.14392231301524,256.238598115414,45276.8165006357,-28570.0444397028,-6399689.95449344,17438.1312159276,-3124.56063534453,-699901.582317174
2016,5,"MOHK",2,"CONTROL",0,3.5,784,49718.8814305426,-56249.0524553571,-12599787.75,49772.8370336543,-44195.9126116071,-9899884.425,44.4730753176856,8.60604508682925,1927.75409944975,17.9738003785801,2.32169844195713,520.060450998398,45276.862116241,-28569.9714675847,-6399673.60873896,17438.1554047743,-3124.42575918915,-699871.370058369
2016,5,"MOHK",3,"ANNUAL",0,3.5,784,49718.8370289322,-56249.0915178571,-12599796.5,49772.8404486772,-44195.9087797619,-9899883.56666667,81.6548614052321,11.0450129069251,2474.08289115121,14.1251845761096,2.31385603449369,518.303751726586,45277.1486463874,-28569.5214088142,-6399572.79557438,17438.1786358192,-3124.29845092315,-699842.853006785
2016,5,"MOHK",4,"CONTINUAL",0,3.5,752.5,49920.4255751127,-54417.7697674419,-11699820.5,49959.3287270266,-46045.9937596899,-9899888.65833333,135.259161275498,14.8099187087568,3184.13252238271,22.3195937367773,2.88520653983454,620.319406064425,43734.4747511933,-25578.9132589738,-5499466.35067936,17789.1094056725,-3254.90314098393,-699804.175311545
2016,5,"NAPL",3,"CONTROL",0,4,896,49719.0082597669,-56248.9408482143,-12599762.75,49772.8826780834,-44195.8614397321,-9899872.9625,560.297609492968,48.390013618886,10839.3630506305,79.6828522936196,8.76207714238414,1962.70527989405,45280.1061845791,-28564.945013611,-6398547.68304887,17438.4719949668,-3122.73074997088,-699491.687993476
2016,5,"NAPL",9,"ANNUAL",0,4,896,49718.8877575584,-56249.046875,-12599786.5,49772.9155715877,-44195.8245721726,-9899864.70416667,105.3578799695,13.5728962969918,3040.32877052616,17.2304564619156,2.95730614789494,662.436577128466,45277.279210156,-28569.3161339864,-6399526.81401296,17438.2180026229,-3124.07978460513,-699793.871751549
2016,5,"NAPL",10,"CONTINUAL",0,4,860,49920.5783920985,-54417.6302325581,-11699790.5,49959.3533493266,-46045.9671705426,-9899882.94166667,92.1785939774404,14.422932763247,3100.9305440981,14.350177127725,2.59005848054033,556.862573316172,43734.3253959503,-25579.1629553436,-5499520.03539887,17789.1085194355,-3254.90339958349,-699804.230910451
2016,8,"AQUE",4,"CONTROL",0,2.6,582.4,49718.856057075,-56249.0747767857,-12599792.75,49772.9148370708,-44195.8254092262,-9899864.89166667,191.431857181303,17.426564879922,3903.55053310253,25.2674079259849,2.73401872345703,612.420194054376,45277.5903455139,-28568.8327519917,-6399418.53644614,17438.1920821004,-3124.22795762806,-699827.062508685
2016,8,"AQUE",7,"ANNUAL",0,2.6,582.4,49718.6974888698,-56249.2142857143,-12599824,49772.9994769514,-44195.7305431548,-9899843.64166667,190.139747212586,16.0962139460769,3605.55192392123,24.8823745755447,2.38946381419271,535.239894379167,45277.4695564541,-28569.0231568748,-6399461.18713996,17438.1808867415,-3124.28998692442,-699840.957071069
2016,8,"AQUE",8,"CONTINUAL",0,2.6,559,49920.2854750689,-54417.8976744186,-11699848,49959.4674389703,-46045.8439922481,-9899856.45833333,83.7612898935522,12.8756865524773,2768.27260878263,15.9226070813208,2.5250673874157,542.889488294375,43734.1379505746,-25579.4807740737,-5499588.36642585,17789.062688841,-3255.15123486911,-699857.51549686
2016,8,"CARP",7,"CONTROL",0,2.3,515.2,49718.7545781948,-56249.1640625,-12599812.75,49773.1128773873,-44195.6034598214,-9899815.175,254.436265617328,28.4900713666946,6381.77598613959,170.338925419236,14.6192904351692,3274.72105747791,45278.1154205898,-28568.0051052871,-6399233.14358431,17438.4176850006,-3123.01875794958,-699556.201780706
2016,8,"CARP",9,"ANNUAL",0,2.8,627.2,49718.7165326096,-56249.1975446429,-12599820.25,49772.9726886752,-44195.760546875,-9899850.3625,385.25318673177,36.3142128200572,8134.38367169282,100.559334996753,10.0462675247938,2250.3639255538,45278.9569851399,-28566.7074150291,-6398942.46096651,17438.3685741782,-3123.2791401721,-699614.527398551
2016,8,"CARP",10,"CONTINUAL",0,2.5,537.5,49920.4829286608,-54417.7174418605,-11699809.25,49959.7160950531,-46045.5755620155,-9899798.74583333,284.577201487956,30.215614433135,6496.35710312403,199.327420871268,17.6800871190657,3801.21873059912,43735.1183922194,-25577.8252290694,-5499232.42424992,17789.3724181539,-3253.53161606219,-699509.297453372
2016,8,"IVEE",3,"CONTROL",0,2.3,515.2,49718.6784627331,-56249.2310267857,-12599827.75,49773.170377061,-44195.5390438988,-9899800.74583333,654.666210470501,60.4202470675253,13534.1353431257,171.06274186963,16.8021920885457,3763.69102783424,45280.8629760979,-28563.7788593293,-6398286.46448976,17438.5771570981,-3122.19382954978,-699371.41781915
2016,8,"IVEE",4,"ANNUAL",0,2.1,470.4,49718.6530938729,-56249.2533482143,-12599832.75,49772.8743531136,-44195.8707775298,-9899875.05416667,50.2814066803466,8.3940452095486,1880.26612693889,8.1914647849637,1.50725048922274,337.624109585894,45276.7895660164,-28570.0860322576,-6399699.2712257,17438.1288724023,-3124.57245743219,-699904.23046481
2016,8,"MOHK",2,"CONTROL",0,2.3,515.2,49718.9194797085,-56249.0189732143,-12599780.25,49772.9302496082,-44195.808110119,-9899861.01666667,332.750682213926,28.8865911552239,6470.59641877015,45.5330125255593,5.09097314275871,1140.37798397795,45278.53380148,-28567.3660841997,-6399090.00286073,17438.2941724039,-3123.67578037855,-699703.374804795
2016,8,"MOHK",3,"ANNUAL",0,3.5,784,49718.8687395839,-56249.0636160714,-12599790.25,49772.9092747285,-44195.8316220238,-9899866.28333333,79.0802946681744,12.3814053328978,2773.4347945691,14.9398846288338,2.6166869266316,586.137871565479,45277.2724792905,-28569.3257945272,-6399528.9779741,17438.192586649,-3124.22067600952,-699825.431426133
2016,8,"MOHK",4,"CONTINUAL",0,2.5,537.5,49920.4956198908,-54417.7058139535,-11699806.75,49959.4066356385,-46045.9096317829,-9899870.57083333,80.9606990688339,12.1309980235904,2608.16457507194,19.7826720237115,3.09382538199151,665.172457128176,43734.1754033519,-25579.4173713278,-5499574.73483547,17789.0822965342,-3255.04563061683,-699834.81058262
2016,8,"NAPL",3,"CONTROL",0,7.2,1612.8,49718.8306889397,-56249.0970982143,-12599797.75,49772.891604945,-44195.8514322917,-9899870.72083333,562.403382919235,42.7102962979086,9567.10637073152,74.1215885979259,6.74826293141993,1511.61089663806,45279.6574396249,-28565.6537479022,-6398706.43953008,17438.3888142349,-3123.19061838463,-699594.698518158
2016,8,"NAPL",9,"ANNUAL",0,7.5,1680,49718.8940941558,-56249.0412946429,-12599785.25,49772.8656532153,-44195.8805245536,-9899877.2375,432.977831064881,32.7631713452017,7338.95038132518,56.3659371492789,4.6695075674217,1045.96969510246,45278.8866672019,-28566.8320166695,-6398970.37173396,17438.3151540075,-3123.57455191732,-699680.69962948
2016,8,"NAPL",10,"CONTINUAL",0,7.1,1526.5,49920.4828827349,-54417.7174418605,-11699809.25,49959.3473552442,-46045.9736434109,-9899884.33333333,227.9470667548,20.7046205610678,4451.49342062958,29.8912034644101,3.16346938561763,680.14591790779,43734.7483708259,-25578.45675231,-5499368.20174665,17789.1227131154,-3254.83288701318,-699789.070707834
2016,11,"AQUE",4,"CONTROL",0,2.8,627.2,49718.8750719578,-56249.0580357143,-12599789,49773.0004649573,-44195.7294828869,-9899843.40416667,254.201820561173,21.9147377601808,4908.9012582805,33.4672895536874,3.41559010523802,765.092183573317,45277.9859074402,-28568.2169487553,-6399280.59652118,17438.2352388648,-3123.99378540983,-699774.607931802
2016,11,"AQUE",7,"ANNUAL",0,3,672,49718.6404111253,-56249.2645089286,-12599835.25,49773.105665455,-44195.6116071429,-9899817,253.988256783293,21.8729970473944,4899.55133861635,33.0469482562737,3.03764085990024,680.431552617653,45277.9730162955,-28568.2372397302,-6399285.14169956,17438.2195833335,-3124.08065761148,-699794.067304972
2016,11,"AQUE",8,"CONTINUAL",0,3,645,49920.3173193489,-54417.8686046512,-11699841.75,49959.4879906109,-46045.8218023256,-9899851.6875,82.1680685537096,12.0888166481238,2599.09557934662,13.3985783469855,2.43585820431868,523.709513928516,43734.0653962209,-25579.6040884905,-5499614.87902545,17789.0683387137,-3255.12024828298,-699850.853380841
2016,11,"CARP",7,"CONTROL",0,4.5,1008,49718.6784954282,-56249.2310267857,-12599827.75,49773.128329254,-44195.5861421131,-9899811.29583333,339.034778386693,36.3780579078775,8148.68497136455,184.715856348227,16.0840322372032,3602.82322113351,45278.7821547169,-28566.9667676005,-6399000.5559425,17438.4663157321,-3122.76282993448,-699498.873905324
2016,11,"CARP",9,"ANNUAL",0,4.5,1008,49718.6657969083,-56249.2421875,-12599830.25,49773.1634174402,-44195.546875,-9899802.5,578.429899440931,56.8152144717414,12726.6080416701,265.925635083147,22.4185724427069,5021.76022716634,45280.325859937,-28564.5867845363,-6398467.43973613,17438.6254596067,-3121.96288366737,-699319.685941491
2016,11,"CARP",10,"CONTINUAL",0,4.5,967.5,49920.419225533,-54417.7755813953,-11699821.75,49959.7653561658,-46045.5223643411,-9899787.30833333,275.363853766059,28.7970290957391,6191.36125558391,195.050170872494,18.502863518047,3978.1156563801,43735.0067642077,-25578.0143293785,-5499273.08081638,17789.3740860782,-3253.52086741817,-699506.986494907
2016,11,"IVEE",3,"CONTROL",0,0.8,179.2,49718.5516221482,-56249.3426339286,-12599852.75,49772.8828014543,-44195.8613095238,-9899872.93333333,455.283132583587,34.0321104452505,7623.1927397361,63.1028791645881,5.78470411994315,1295.77372286727,45278.934687155,-28566.7619082388,-6398954.66744549,17438.304417686,-3123.63789253844,-699694.887928611
2016,11,"IVEE",4,"ANNUAL",0,0.6,134.4,49718.5643078955,-56249.3314732143,-12599850.25,49772.8745415343,-44195.8705729167,-9899875.00833333,108.731406937983,11.8537723876129,2655.24501482529,14.4089968215908,1.76348920320198,395.021581517243,45277.1425197925,-28569.5320126822,-6399575.17084081,17438.1561163453,-3124.42313441554,-699870.78210908
2016,11,"MOHK",2,"CONTROL",0,1.5,336,49718.6974870378,-56249.2142857143,-12599824,49772.8923537118,-44195.8505952381,-9899870.53333333,318.669652665352,25.1302500793803,5629.1760177812,42.0584565611164,3.98946603389104,893.640391591592,45278.2376037076,-28567.8306969894,-6399194.07612563,17438.2442632246,-3123.95084203586,-699764.988616033
2016,11,"MOHK",3,"ANNUAL",0,1.3,291.2,49718.8053110574,-56249.1194196429,-12599802.75,49772.8685412067,-44195.8772879464,-9899876.5125,100.297564837851,12.9074027220557,2891.25820974049,13.613482472062,2.06408237897352,462.354452890069,45277.2887076935,-28569.3009566421,-6399523.41428784,17438.1718632586,-3124.33536402769,-699851.121542203
2016,11,"MOHK",4,"CONTINUAL",0,1.5,322.5,49920.3682628355,-54417.8220930233,-11699831.75,49959.4533174937,-46045.859244186,-9899859.7375,70.3692139558095,11.695286591512,2514.48661717508,23.0153481251397,3.00591037573667,646.270730783383,43734.1334379061,-25579.4878275715,-5499589.88292787,17789.0829621989,-3255.04159049193,-699833.941955765
2016,11,"NAPL",3,"CONTROL",0,5.5,1232,49718.8560476329,-56249.0747767857,-12599792.75,49772.8869897632,-44195.8566034226,-9899871.87916667,285.317637624169,26.5059645887087,5937.33606787074,45.23012149478,5.6910636817771,1274.79826471807,45278.215749233,-28567.859132102,-6399200.44559084,17438.3276941509,-3123.48576533138,-699660.81143423
2016,11,"NAPL",9,"ANNUAL",0,6,1344,49718.8624039673,-56249.0691964286,-12599791.5,49772.8672936258,-44195.8786830357,-9899876.825,197.592363353379,18.0094988027351,4034.12773181267,26.9007857810963,3.32107737502843,743.921332006369,45277.5957131531,-28568.8249975941,-6399416.79946108,17438.2455420792,-3123.932164353,-699760.804815072
2016,11,"NAPL",10,"CONTINUAL",0,5,1075,49920.4574119155,-54417.7406976744,-11699814.25,49959.3462440235,-46045.9748449612,-9899884.59166667,230.083734042382,20.1382487377012,4329.72347860576,31.5328434811099,3.48538763355708,749.358341214772,43734.6833696361,-25578.567679966,-5499392.05119269,17789.1298168766,-3254.79462881628,-699780.8451955
2017,2,"CARP",7,"CONTROL",0,2.1,470.4,49718.7609823265,-56249.1584821429,-12599811.5,49773.112247957,-44195.6041480655,-9899815.32916667,330.480036085132,35.78343292302,8015.48897475648,205.613328195065,18.2231678824215,4081.98960566242,45278.67371009,-28567.1340620913,-6399038.02990845,17438.4971584147,-3122.60256337729,-699462.974196512
2017,2,"CARP",9,"ANNUAL",0,2.1,470.4,49718.5769974421,-56249.3203125,-12599847.75,49773.0561181221,-44195.6670572917,-9899829.42083333,478.059525478994,43.9576240824758,9846.50779447457,154.25187832809,13.9418607873977,3122.97681637709,45279.489679672,-28565.8872205865,-6398758.73741139,17438.4479064668,-3122.87001489509,-699522.8833365
2017,2,"CARP",10,"CONTINUAL",0,2.1,451.5,49920.3491960616,-54417.8395348837,-11699835.5,49959.7263157226,-46045.5645348837,-9899796.375,351.758613382139,33.4110088996141,7183.36691341703,248.83106824701,22.4533671699057,4827.47394152973,43735.2284959743,-25577.6457439712,-5499193.83495381,17789.4583504625,-3253.10197449707,-699416.924516869
2017,2,"IVEE",3,"CONTROL",0,1.9,425.6,49718.5896755679,-56249.3091517857,-12599845.25,49772.8299298635,-44195.9205729167,-9899886.20833333,236.228761924535,17.9839014022701,4028.39391410851,31.2059350068506,2.87599617389339,644.22314295212,45277.6063621147,-28568.813093294,-6399414.13289785,17438.1852586887,-3124.26954329213,-699836.377697438
2017,2,"IVEE",4,"ANNUAL",0,2,448,49718.5516229938,-56249.3426339286,-12599852.75,49772.8432874783,-44195.9055989583,-9899882.85416667,118.162193999067,11.8107898454826,2645.61692538811,15.8465454810994,1.83805993198098,411.72542476374,45277.1015904389,-28569.5971557263,-6399589.7628827,17438.1472575065,-3124.47251270005,-699881.842844811
2017,2,"MOHK",2,"CONTROL",0,1.1,246.4,49718.6086983828,-56249.2924107143,-12599841.5,49772.9362057113,-44195.8014508929,-9899859.525,421.739664711237,31.2017800051298,6989.19872114908,55.4539140277031,4.69101796351616,1050.78802382762,45278.7500485404,-28567.0446726119,-6399018.00666506,17438.282157406,-3123.75532861308,-699721.193609331
2017,2,"MOHK",3,"ANNUAL",0,1.3,291.2,49718.6277244261,-56249.2756696429,-12599837.75,49772.8811067139,-44195.8632068452,-9899873.35833333,216.950604379609,20.8794924890488,4677.00631754693,28.4254252488064,3.03634727278266,680.141789103317,45277.9124228427,-28568.3278216048,-6399305.43203947,17438.2156193296,-3124.0995799862,-699798.305916908
2017,2,"MOHK",4,"CONTINUAL",0,1.1,236.5,49920.2854727287,-54417.8976744186,-11699848,49959.3725090785,-46045.9464922481,-9899878.49583333,66.000341417844,8.58473907635299,1845.71890141589,9.61352688357284,1.56765571362402,337.045978429163,43733.887722416,-25579.9058753487,-5499679.76319997,17789.0326467945,-3255.31417741604,-699892.548144449
2017,2,"NAPL",3,"CONTROL",0,2.5,560,49718.862389029,-56249.0691964286,-12599791.5,49772.8403144412,-44195.9089285714,-9899883.6,47.2090672046678,7.80801275198072,1748.99485644368,14.138589650097,2.54169561552953,569.339817878614,45276.6812067902,-28570.2568195658,-6399737.52758274,17438.168066716,-3124.35537807237,-699855.60468821
2017,2,"NAPL",9,"ANNUAL",0,2.8,627.2,49718.9194773128,-56249.0189732143,-12599780.25,49772.8681384989,-44195.877734375,-9899876.6125,55.6150207844389,8.87107572474736,1987.12096234341,20.6413231731906,2.93026373612354,656.379076891673,45276.7963393043,-28570.0754830549,-6399696.90820429,17438.1904623611,-3124.23172399221,-699827.906174256
2017,2,"NAPL",10,"CONTINUAL",0,3,645,49920.5593177204,-54417.6476744186,-11699794.25,49959.3928656954,-46045.924496124,-9899873.76666667,158.157965218869,16.1833424028162,3479.41861660547,25.9923613568738,3.7119267449531,798.064250164916,43734.3589527292,-25579.1105058132,-5499508.75874985,17789.1204562026,-3254.84076451722,-699790.764371202
2017,3,"AQUE",4,"CONTROL",0,3,672,49718.5896740177,-56249.3091517857,-12599845.25,49772.9449420432,-44195.7916852679,-9899857.3375,67.2449577722457,7.02183628103096,1572.89132695094,9.68916115338811,1.39952543752953,313.493698006614,45276.6717047743,-28570.2725536738,-6399741.05202293,17438.1311549162,-3124.56013333818,-699901.469867751
2017,3,"AQUE",7,"ANNUAL",0,3,672,49718.5896758497,-56249.3091517857,-12599845.25,49773.0109934804,-44195.717671131,-9899840.75833333,38.0591507551868,5.29079226105789,1185.13746647697,7.11393588847846,1.27326155458576,285.210588227211,45276.5273974061,-28570.4992983808,-6399791.84283729,17438.1131347108,-3124.65965845591,-699923.763494124
2017,3,"AQUE",8,"CONTINUAL",0,3,645,49920.1644890473,-54418.0081395349,-11699871.75,49959.7048294325,-46045.5879457364,-9899801.40833333,44.9107549136985,6.60051962592292,1419.11171957343,16.8621636626482,2.1875424996682,470.321637428662,43733.6390542396,-25580.3279795743,-5499770.51560847,17789.0204552596,-3255.37984606558,-699906.666904099
2017,5,"AQUE",4,"CONTROL",0,6.5,1456,49718.6721176312,-56249.2366071429,-12599829,49772.893440255,-44195.8493861607,-9899870.2625,198.48122618974,15.966611154225,3576.5208985464,26.15831745482,2.49569740150223,559.036217936499,45277.4524068762,-28569.0511527594,-6399467.45821811,17438.1782437178,-3124.30530901093,-699844.389218448
2017,5,"AQUE",7,"ANNUAL",0,6.5,1456,49718.6530940138,-56249.2533482143,-12599832.75,49773.1800215934,-44195.5283110119,-9899798.34166667,33.2853598606213,5.06007935731617,1133.45777603882,4.67944953767433,0.743895720135014,166.632641310243,45276.5642659167,-28570.4411006669,-6399778.80654938,17438.1065754,-3124.69607461822,-699931.920714482
2017,5,"AQUE",8,"CONTINUAL",0,6.5,1397.5,49920.2345334748,-54417.9441860465,-11699858,49959.90075613,-46045.3765310078,-9899755.95416667,47.5638235156407,6.62939995089465,1425.32098944235,7.94334708435712,1.40610712021553,302.31303084634,43733.6962489151,-25580.2308206072,-5499749.62643055,17789.0181371045,-3255.39232004914,-699909.348810564
2017,5,"CARP",7,"CONTROL",0,-99999,-22399776,49718.7356107226,-56249.1808035714,-12599816.5,49773.2007997713,-44195.5049479167,-9899793.10833333,480.07091962121,52.8012016052752,11827.4691595817,227.329648742255,22.2436647775938,4982.580910181,45280.0492059626,-28564.997814727,-6398559.51049884,17438.6389950983,-3121.8490696118,-699294.191593044
2017,5,"CARP",9,"ANNUAL",0,2.5,560,49718.621392278,-56249.28125,-12599839,49773.1317381831,-44195.5823102679,-9899810.4375,287.254944370726,24.361477674396,5456.9709990647,203.357292609232,15.9784883133927,3579.18138219996,45277.7010197021,-28568.6606839874,-6399379.99321317,17438.3890744182,-3123.19459724107,-699595.589782001
2017,5,"CARP",10,"CONTINUAL",0,2.5,537.5,49920.4001570397,-54417.7930232558,-11699825.5,49959.8639494891,-46045.4160077519,-9899764.44166667,478.550571501606,51.9637052632922,11172.1966316078,334.257435848509,32.2331338626074,6930.12378046059,43736.0283373072,-25576.3032871334,-5498905.20673369,17789.6521153965,-3252.13308362394,-699208.612979147
2017,5,"IVEE",3,"CONTROL",0,2.4,537.6,49718.5960185745,-56249.3035714286,-12599844,49773.3041170475,-44195.389453125,-9899767.2375,531.768570958504,53.2912541828101,11937.2409369495,221.625097342236,19.2597877097905,4314.19244699307,45280.1129649866,-28564.9131307602,-6398540.54129029,17438.579399515,-3122.18184009409,-699368.732181077
2017,5,"IVEE",4,"ANNUAL",0,2.5,560,49718.6911684345,-56249.2198660714,-12599825.25,49772.9369851145,-44195.8005580357,-9899859.325,394.999599007177,38.5779109256425,8641.45204734391,52.2451704492633,5.85972725534166,1312.57890519653,45279.2756141511,-28566.2090283584,-6398830.82235229,17438.3416073221,-3123.42130983624,-699646.373403318
2017,5,"MOHK",2,"CONTROL",0,2.5,560,49718.6150408214,-56249.2868303571,-12599840.25,49773.022332497,-44195.7049479167,-9899837.90833333,837.077352143075,59.3480341773245,13293.9596557207,109.729559331878,8.76372352677863,1963.07406999841,45281.1520605399,-28563.4088553022,-6398203.58358769,17438.4884144398,-3122.71236892503,-699487.570639207
2017,5,"MOHK",3,"ANNUAL",0,2.5,560,49718.798962602,-56249.125,-12599804,49772.8635455584,-44195.8828869048,-9899877.76666667,50.0847755689799,8.15006202406193,1825.61389338987,8.03135092230077,1.53279693100254,343.346512544568,45276.8706530845,-28569.9582831229,-6399670.65541954,17438.148501454,-3124.46381890563,-699879.89543486
2017,5,"MOHK",4,"CONTINUAL",0,2.3,494.5,49920.3236805071,-54417.8627906977,-11699840.5,49959.4487475706,-46045.8641860465,-9899860.8,63.0953741019512,11.1659179005848,2400.67234862573,20.7766703034763,3.05068949975791,655.89824244795,43734.1051378283,-25579.5358118933,-5499600.19955706,17789.0857768919,-3255.02605849069,-699830.602575499
2017,5,"NAPL",3,"CONTROL",0,2.5,560,49719.2622509069,-56248.7176339286,-12599712.75,49772.9863383912,-44195.7452566964,-9899846.9375,232.578818385483,29.607736897928,6632.13306513587,44.2068480074596,6.33286869344498,1418.56258733167,45278.2363219454,-28567.81413267,-6399190.36571809,17438.339184562,-3123.41792239874,-699645.614617319
2017,5,"NAPL",9,"ANNUAL",0,2.5,560,49719.3002243005,-56248.6841517857,-12599705.25,49772.9580368,-44195.7769717262,-9899854.04166667,169.450249452676,21.375435651657,4788.09758597116,22.5275468863919,3.80908201343608,853.234371009682,45277.6229234265,-28568.77556909,-6399405.72747615,17438.2691765577,-3123.79913960887,-699731.007272387
2017,5,"NAPL",10,"CONTINUAL",0,2.2,473,49920.7378942754,-54417.4848837209,-11699759.25,49959.5249872187,-46045.781879845,-9899843.10416667,240.994174533286,27.7772831223786,5972.11587131139,34.7188292819453,5.03368390895892,1082.24204042617,43734.9779540853,-25578.063202412,-5499283.58851859,17789.1776003641,-3254.53664556496,-699725.378796467
2017,8,"AQUE",4,"CONTROL",0,4,896,49718.6784645651,-56249.2310267857,-12599827.75,49772.8527471351,-44195.8949962798,-9899880.47916667,212.78361637056,15.9874061705392,3581.17898220077,27.6784955066676,2.26119955206731,506.508699663078,45277.4388229514,-28569.0743282677,-6399472.64953197,17438.1778440402,-3124.30865672012,-699845.139105306
2017,8,"AQUE",7,"ANNUAL",0,3.5,784,49718.6974922521,-56249.2142857143,-12599824,49773.0338328316,-44195.6920758929,-9899835.025,43.3715766173912,7.34926031809444,1646.23431125315,6.77759928337921,1.37152222106957,307.220977519583,45276.754110878,-28570.1418171682,-6399711.76704567,17438.1283526876,-3124.57527731091,-699904.862117644
2017,8,"AQUE",8,"CONTINUAL",0,2.8,602,49920.2918439864,-54417.8918604651,-11699846.75,49959.8019142649,-46045.4831589147,-9899778.87916667,50.050797593018,9.49128499551759,2040.62627403628,18.4742219225149,2.87512565952145,618.152016797112,43733.8921039152,-25579.8975948123,-5499677.98288464,17789.0621452334,-3255.15358282155,-699858.020306633
2017,8,"CARP",7,"CONTROL",0,2,448,49718.7799690884,-56249.1417410714,-12599807.75,49773.2388331589,-44195.4623883929,-9899783.575,557.902321379093,57.3855757296307,12854.3689634373,295.935555518768,24.8229983530381,5560.35163108053,45280.2904104766,-28564.6311588338,-6398477.37957877,17438.6869803307,-3121.63989513627,-699247.336510525
2017,8,"CARP",9,"ANNUAL",0,3,672,49718.9703765924,-56248.9743303571,-12599770.25,49773.1115690227,-44195.6049293155,-9899815.50416667,342.450994732113,42.2063441893478,9454.22109841391,191.482597270468,16.1077746933613,3608.14153131293,45278.97179855,-28566.6649959338,-6398932.95908917,17438.5066222313,-3122.54177656361,-699449.357950248
2017,8,"CARP",10,"CONTINUAL",0,3,645,49920.527505755,-54417.676744186,-11699800.5,49959.7419147456,-46045.5477131783,-9899792.75833333,348.319245086062,40.4923611817636,8705.85765407918,236.075426836662,21.5609791490813,4635.61051705248,43735.8148493912,-25576.6488577246,-5498979.50441078,17789.4906543254,-3252.91720173616,-699377.198373275
2017,8,"IVEE",3,"CONTROL",0,0.5,112,49718.5579657272,-56249.3370535714,-12599851.5,49773.0821800606,-44195.6379278274,-9899822.89583333,478.627604673461,46.4323641605399,10400.8495719609,200.202362224098,16.9646005658092,3800.07052674127,45279.5963632484,-28565.7145912976,-6398720.06845067,17438.5028424991,-3122.58601680114,-699459.267763455
2017,8,"IVEE",4,"ANNUAL",0,0.5,112,49718.608705711,-56249.2924107143,-12599841.5,49772.8954721907,-44195.8470982143,-9899869.75,402.947301609243,32.6053072234398,7303.58881805052,53.3272703361684,5.05079710861212,1131.37855232911,45278.8365036474,-28566.9036934983,-6398986.42734362,17438.2985050204,-3123.66163368812,-699700.20594614
2017,8,"MOHK",2,"CONTROL",0,4.3,963.2,49719.0463410324,-56248.9073660714,-12599755.25,49772.9610411239,-44195.7736049107,-9899853.2875,758.389302215308,57.6395772314365,12911.2652998418,99.337585785754,8.65534962889377,1938.7983168722,45281.0322422266,-28563.5610687152,-6398237.6793922,17438.4874653838,-3122.6931922937,-699483.275073788
2017,8,"MOHK",3,"ANNUAL",0,3.5,784,49719.2620483965,-56248.7176339286,-12599712.75,49772.8705647855,-44195.8750186012,-9899876.00416667,137.726950088707,20.7635191930825,4651.02829925049,21.2147428408068,3.54897620817352,794.970670630869,45278.0662667045,-28568.0782863537,-6399249.53614324,17438.2657161708,-3123.81969149096,-699735.610893976
2017,8,"MOHK",4,"CONTINUAL",0,3.5,752.5,49920.7376460723,-54417.4848837209,-11699759.25,49959.405725767,-46045.910620155,-9899870.78333333,119.899579953283,19.7147741532818,4238.67644295558,22.0170013248158,4.20754039509582,904.621184945602,43734.8945786927,-25578.1971322798,-5499312.38344015,17789.1638318917,-3254.60561102399,-699740.206370158
2017,8,"NAPL",3,"CONTROL",0,6,1344,49718.932157679,-56249.0078125,-12599777.75,49772.873785266,-44195.8714099702,-9899875.19583333,559.878718344899,41.7145211802873,9344.05274438435,72.8881318527517,6.01209304070299,1346.70884111747,45279.5702457407,-28565.7904900597,-6398737.06977337,17438.3580791492,-3123.36005930443,-699632.653284193
2017,8,"NAPL",9,"ANNUAL",0,6,1344,49718.9765759086,-56248.96875,-12599769,49772.8977910422,-44195.8444940476,-9899869.16666667,437.536059971286,37.0906690004974,8308.30985611143,57.3606714253995,5.74129237859318,1286.04949280487,45279.1361881887,-28566.4390658213,-6398882.35074397,17438.3544785826,-3123.35660387353,-699631.879267672
2017,8,"NAPL",10,"CONTINUAL",0,6,1290,49920.8014030085,-54417.426744186,-11699746.75,49959.4144383225,-46045.9012015504,-9899868.75833333,273.908282481975,27.7546116078878,5967.24149569587,34.6983091720313,4.01702078941157,863.659469723488,43735.1186159812,-25577.8324702371,-5499233.98110097,17789.1728526215,-3254.56466848191,-699731.403723611
2017,11,"AQUE",4,"CONTROL",0,3,672,49718.6150406805,-56249.2868303571,-12599840.25,49772.8550008807,-44195.8924665179,-9899879.9125,137.678857157144,12.5481513245802,2810.78589670597,18.6219483031505,2.10580363841266,471.700015004436,45277.0010913241,-28569.7570283521,-6399625.57435087,17438.2066078254,-3124.14676836628,-699808.876114046
2017,11,"AQUE",7,"ANNUAL",0,2.5,560,49718.6340685515,-56249.2700892857,-12599836.5,49773.0699982875,-44195.6515997024,-9899825.95833333,60.3782157396395,8.18070906136564,1832.4788297459,8.1723337598632,1.27195176411891,284.917195162637,45276.8364171472,-28570.0125212707,-6399682.80476464,17438.1326042924,-3124.55201496025,-699899.651351095
2017,11,"AQUE",8,"CONTINUAL",0,3,645,49920.2791133167,-54417.9034883721,-11699849.25,49959.7671788893,-46045.5206395349,-9899786.9375,55.3068895135559,9.11890362785076,1960.56427998791,20.1751436103977,2.59724006168363,558.406613261981,43733.8506395491,-25579.9683336003,-5499693.19172406,17789.057767339,-3255.17750788262,-699863.164194763
2017,11,"CARP",7,"CONTROL",0,2.5,560,49718.7990309516,-56249.125,-12599804,49773.4566190535,-44195.2182849702,-9899728.89583333,457.899497066538,47.5757995474257,10656.9790986233,297.134342278635,24.6899085737499,5530.53952051998,45279.4908021848,-28565.8623019553,-6398753.15563798,17438.6549314476,-3121.80362368795,-699284.0117061
2017,11,"CARP",9,"ANNUAL",0,2.5,560,49718.6721365155,-56249.2366071429,-12599829,49773.1537447365,-44195.5576636905,-9899804.91666667,364.60920523534,36.4019845627301,8154.04454205154,235.915389532581,18.3285849126395,4105.60302043126,45278.6785120256,-28567.1296656682,-6399037.04510967,17438.4839552627,-3122.69478408474,-699483.631634981
2017,11,"CARP",10,"CONTINUAL",0,2.5,537.5,49920.4638138476,-54417.7348837209,-11699813,49959.874392699,-46045.4046317829,-9899761.99583333,412.583382095047,48.6302043749854,10455.4939406219,289.646409754921,30.1158348605452,6474.90449501721,43736.3676308739,-25575.7183725844,-5498779.45010565,17789.6997163324,-3251.84318162429,-699146.284049222
2017,11,"IVEE",3,"CONTROL",0,2,448,49718.6784704841,-56249.2310267857,-12599827.75,49773.1153960476,-44195.60078125,-9899814.575,457.722760162149,43.7441665057193,9798.69329728112,295.643305474131,22.4827684157246,5036.14012512232,45279.1274655332,-28566.4354578292,-6398881.54255373,17438.5659044834,-3122.29355819105,-699393.757034796
2017,11,"IVEE",4,"ANNUAL",0,2.2,492.8,49718.7609165134,-56249.1584821429,-12599811.5,49772.9198165101,-44195.8198102679,-9899863.6375,294.756952087894,30.1933994855326,6763.32148475931,60.4826288360115,6.80147493513654,1523.53038547059,45278.5434525507,-28567.3432701366,-6399084.89251061,17438.3202323179,-3123.52886505205,-699670.465771658
2017,11,"MOHK",2,"CONTROL",0,5.5,1232,49718.7101718734,-56249.203125,-12599821.5,49772.9385352471,-44195.798828125,-9899858.9375,454.479752059462,33.9578952802232,7606.56854276999,60.4964658833897,5.45029504353921,1220.86608975278,45278.9478259642,-28566.741074173,-6398950.00061476,17438.3120310835,-3123.59522181322,-699685.329686162
2017,11,"MOHK",3,"ANNUAL",0,4,896,49718.7355437821,-56249.1808035714,-12599816.5,49772.8959830187,-44195.8465215774,-9899869.62083333,148.106008507454,19.1871273213372,4297.91651997954,20.5520242791771,3.05167033878012,683.574155886747,45277.7625654547,-28568.557104644,-6399356.79144025,17438.2235187386,-3124.05146907855,-699787.529073596
2017,11,"MOHK",4,"CONTINUAL",0,6.5,1397.5,49920.2791071738,-54417.9034883721,-11699849.25,49959.431594432,-46045.8826937984,-9899864.77916667,81.6351722736167,10.2394209322078,2201.47550042467,12.9113089510862,1.89147638590129,406.667422968776,43734.0364854374,-25579.6538928633,-5499625.5869656,17789.0527218631,-3255.20621522686,-699869.336273776
2017,11,"NAPL",3,"CONTROL",0,6,1344,49718.868729719,-56249.0636160714,-12599790.25,49772.9195790365,-44195.8200706845,-9899863.69583333,381.925779821389,32.9817900944512,7387.92098115707,54.1658291283079,6.30087423236089,1411.39582804884,45278.7334930666,-28567.0613093818,-6399021.73330153,17438.3838357574,-3123.18643071941,-699593.760481147
2017,11,"NAPL",9,"ANNUAL",0,6,1344,49718.9067952497,-56249.0301339286,-12599782.75,49772.9502242473,-44195.7857142857,-9899856,370.006919246331,32.4288019066824,7264.05162709685,49.5703817523743,5.89231883785463,1319.87941967944,45278.6682347767,-28567.1616034555,-6399044.19917403,17438.3880442899,-3123.16178681275,-699588.240246057
2017,11,"NAPL",10,"CONTINUAL",0,6.5,1397.5,49920.4637843029,-54417.7348837209,-11699813,49959.4309489426,-46045.883372093,-9899864.925,179.322772961506,19.0470491709064,4095.11557174487,29.0523931419017,4.17946711661523,898.585430072274,43734.5713696016,-25578.7513978028,-5499431.5505276,17789.1601146263,-3254.62680740255,-699744.763591548
2018,2,"AQUE",4,"CONTROL",0,6,1344,49718.5452802589,-56249.3482142857,-12599854,49772.9332050431,-44195.8048177083,-9899860.27916667,71.9488328322146,6.66462534600298,1492.87607750467,10.2319747870171,1.39036653985615,311.442104927778,45276.6599812922,-28570.2912480505,-6399745.23956331,17438.1251499982,-3124.59364065123,-699908.975505876
2018,2,"AQUE",7,"ANNUAL",0,6,1344,49718.5579645998,-56249.3370535714,-12599851.5,49773.0966609403,-44195.6216517857,-9899819.25,133.924085613986,14.0762564552579,3153.08144597778,30.1297145983383,3.4329646099021,768.984072618071,45277.263810785,-28569.3422425837,-6399532.66233876,17438.1851019921,-3124.26383360323,-699835.098727123
2018,2,"AQUE",8,"CONTINUAL",0,5,1075,49920.2791098065,-54417.9034883721,-11699849.25,49959.7325030942,-46045.5579457364,-9899794.95833333,56.3451388722761,7.96308884207266,1712.06410104562,34.2545357923354,3.3796983018891,726.635134906157,43733.7464295636,-25580.145418475,-5499731.26497213,17789.0511376302,-3255.21430463868,-699871.075497316
2018,2,"CARP",7,"CONTROL",0,1.8,403.2,49718.7482899038,-56249.1696428571,-12599814,49773.2898532081,-44195.405171131,-9899770.75833333,395.717469291789,37.6394448129153,8431.23563809303,278.606450094196,23.4730126657167,5257.95483712054,45278.6587173554,-28567.1621891532,-6399044.33037032,17438.595818045,-3122.10998737614,-699352.637172256
2018,2,"CARP",9,"ANNUAL",0,2,448,49718.5896816278,-56249.3091517857,-12599845.25,49773.2283328408,-44195.4741815476,-9899786.21666667,427.661496841023,32.1596971412651,7203.77215964339,303.119901742846,21.6878439620738,4858.07704750454,45278.1714697244,-28567.9345077016,-6399217.32972515,17438.5082335766,-3122.61528754091,-699465.824409164
2018,2,"CARP",10,"CONTINUAL",0,2,430,49920.3937755692,-54417.7988372093,-11699826.75,49959.9154305277,-46045.3604457364,-9899752.49583333,416.131494115692,38.1865137843519,8210.10046363566,293.082562699274,24.7306272047608,5317.08484902356,43735.6301984971,-25576.9713408574,-5499048.83828434,17789.552210304,-3252.63266418519,-699316.022799816
2018,2,"IVEE",3,"CONTROL",0,2,448,49718.6784700613,-56249.2310267857,-12599827.75,49773.0426570279,-44195.6822358631,-9899832.82083333,232.818912184879,22.950606569984,5140.93587167642,147.96512206634,11.6404103984134,2607.4519292446,45277.7105133256,-28568.6425426447,-6399375.92955241,17438.3153374141,-3123.57367245556,-699680.502630045
2018,2,"IVEE",4,"ANNUAL",0,2.1,470.4,49718.7355457551,-56249.1808035714,-12599816.5,49772.9493564753,-44195.7867001488,-9899856.22083333,207.269026264638,25.6798449107813,5752.28526001501,69.4910829812616,7.35830492958438,1648.2603042269,45278.1493388976,-28567.9516334389,-6399221.16589031,17438.2983208112,-3123.64451029414,-699696.370305887
2018,2,"MOHK",2,"CONTROL",0,3.5,784,49718.6911465908,-56249.2198660714,-12599825.25,49772.9479910544,-44195.7882254464,-9899856.5625,483.855189788669,36.4158709179976,8157.15508563146,63.684707734461,5.68357902069864,1273.12170063649,45279.1793735126,-28566.3838885258,-6398869.99102977,17438.3373017419,-3123.46047211637,-699655.145754066
2018,2,"MOHK",3,"ANNUAL",0,4.8,1075.2,49718.7101720143,-56249.203125,-12599821.5,49772.9211870594,-44195.818266369,-9899863.29166667,194.094944845103,21.8166269367085,4886.9244338227,26.384711567986,3.76486600531919,843.329985191499,45277.9971351483,-28568.1914693345,-6399274.88913093,17438.2611459525,-3123.84582370674,-699741.464510309
2018,2,"MOHK",4,"CONTINUAL",0,4.5,967.5,49920.3109426856,-54417.8744186047,-11699843,49959.5155123679,-46045.7920930233,-9899845.3,82.2290641304771,11.4472414177094,2461.15690480752,14.5883325760982,2.56475445285193,551.422207363166,43734.1486065592,-25579.4631800375,-5499584.58370806,17789.0916092987,-3254.99555202845,-699824.043686117
2018,2,"NAPL",3,"CONTROL",0,8,1792,49718.8560497468,-56249.0747767857,-12599792.75,49772.9519348855,-44195.7837983631,-9899855.57083333,165.453539653265,16.1457102506228,3616.63909613951,23.9934982930999,3.3522268275889,750.898809379914,45277.4151874023,-28569.1062874519,-6399479.80838923,17438.2133212861,-3124.10879284095,-699800.369596373
2018,2,"NAPL",9,"ANNUAL",0,6.5,1456,49718.900443717,-56249.0357142857,-12599784,49773.0798402345,-44195.6405133929,-9899823.475,140.517174416924,17.4267871423632,3903.60031988935,24.142917141967,3.93545525443009,881.541976992341,45277.5529299412,-28568.8870804516,-6399430.70602115,17438.2950456606,-3123.65917442441,-699699.655071067
2018,2,"NAPL",10,"CONTINUAL",0,7,1505,49920.4383082002,-54417.7581395349,-11699818,49959.5292788716,-46045.7772093023,-9899842.1,220.002968507069,21.310502883829,4581.75812002324,30.644528219881,4.35437212234963,936.190006305171,43734.7816167497,-25578.3990126394,-5499355.78771747,17789.1709129577,-3254.57089552449,-699732.742537766
2018,5,"AQUE",4,"CONTROL",0,1.4,313.6,49718.5896730312,-56249.3091517857,-12599845.25,49772.9188566219,-44195.8208891369,-9899863.87916667,155.591062810585,11.9004011791361,2665.6898641265,20.4468429575849,1.9121072953612,428.312034160909,45277.1137191342,-28569.5810174023,-6399586.14789811,17438.1467342798,-3124.47734952709,-699882.926294068
2018,5,"AQUE",7,"ANNUAL",0,1.2,268.8,49718.5325966169,-56249.359375,-12599856.5,49773.1201077772,-44195.5954427083,-9899813.37916667,258.53446624561,20.5816808329139,4610.29650657271,39.5210333442712,3.96729116449416,888.673220846693,45277.8078890469,-28568.4982948052,-6399343.61803637,17438.215876116,-3124.10215414471,-699798.882528415
2018,5,"AQUE",8,"CONTINUAL",0,1.2,258,49920.2409026967,-54417.938372093,-11699856.75,49959.7830717067,-46045.5034302326,-9899783.2375,61.9173032922568,8.59928641212989,1848.84657860793,40.131008122677,4.04059434011499,868.727783124723,43733.7557939934,-25580.129494174,-5499727.84124742,17789.0601150646,-3255.16617102103,-699860.726769521
2018,5,"CARP",7,"CONTROL",0,1.5,336,49718.8244112354,-56249.1026785714,-12599799,49773.194715028,-44195.5118303571,-9899794.65,416.366016817966,37.1043646031142,8311.37767109759,294.470495778357,23.9574741200435,5366.47420288974,45278.6329792216,-28567.205392784,-6399054.00798363,17438.5970506733,-3122.11732157677,-699354.280033197
2018,5,"CARP",9,"ANNUAL",0,1.1,246.4,49718.697531289,-56249.2142857143,-12599824,49773.1999053875,-44195.5060639881,-9899793.35833333,445.069253827923,33.3754417501599,7476.09895203581,315.393002488632,22.3005187010984,4995.31618904605,45278.2531367178,-28567.8081334692,-6399189.0218971,17438.5217240871,-3122.55287458262,-699451.843906507
2018,5,"CARP",10,"CONTINUAL",0,1.5,322.5,49920.4575164919,-54417.7406976744,-11699814.25,49959.8524845008,-46045.4284108527,-9899767.10833333,551.359483013393,50.7387824492229,10908.8382265829,390.04006289793,34.0512199090615,7321.01228044822,43736.3794708718,-25575.720688033,-5498779.94792709,17789.7583839742,-3251.62167341703,-699098.659784661
2018,5,"IVEE",3,"CONTROL",0,4.5,1008,49718.6404200038,-56249.2645089286,-12599835.25,49773.062232,-44195.6602864583,-9899827.90416667,387.507259384751,37.2135381852116,8335.83255348741,237.752047833109,18.0877516136231,4051.65636145158,45278.7463292801,-28567.0275433993,-6399014.16972143,17438.4770166182,-3122.73713708269,-699493.118706522
2018,5,"IVEE",4,"ANNUAL",0,4,896,49718.6277282311,-56249.2756696429,-12599837.75,49772.9605892309,-44195.7741071429,-9899853.4,478.650243627731,50.6625879957047,11348.4197110379,100.971901155204,11.2918110622759,2529.3656779498,45280.1950977609,-28564.7782173959,-6398510.32069668,17438.4828855179,-3122.66000563126,-699475.841261402
2018,5,"MOHK",2,"CONTROL",0,2,448,49718.6594363015,-56249.2477678571,-12599831.5,49772.941679929,-44195.7952938988,-9899858.14583333,472.136783588997,38.5559014279038,8636.52191985046,70.1509321952913,7.86293694523871,1761.29787573347,45279.3058680263,-28566.1808792723,-6398824.51695698,17438.3815470175,-3123.21478575179,-699600.112008401
2018,5,"MOHK",3,"ANNUAL",0,2.2,492.8,49718.7165155573,-56249.1975446429,-12599820.25,49772.988934087,-44195.7423177083,-9899846.27916667,447.74360755848,43.7482365484116,9799.6049868442,63.2545884039695,8.04621229517099,1802.3515541183,45279.7989998193,-28565.3964941855,-6398648.81469756,17438.4270021164,-3122.95706535516,-699542.382639556
2018,5,"MOHK",4,"CONTINUAL",0,2,430,49920.3491533533,-54417.8395348837,-11699835.5,49959.5610917052,-46045.7428682171,-9899834.71666667,97.8613659162332,17.3261888104948,3725.13059425637,45.9435264760069,6.48366699077278,1393.98840301615,43734.4799386665,-25578.8994888287,-5499463.39009817,17789.1681524793,-3254.58201225899,-699735.132635683
2018,5,"NAPL",3,"CONTROL",0,3,672,49718.8877593904,-56249.046875,-12599786.5,49772.9783077353,-44195.7542410714,-9899848.95,174.806434900374,22.3790763620541,5012.91310510012,50.6867644223456,6.8096980260688,1525.37235783941,45277.8394317395,-28568.4369863213,-6399329.88493596,17438.3379506959,-3123.42604352775,-699647.433750215
2018,5,"NAPL",9,"ANNUAL",0,2.8,627.2,49718.8179928846,-56249.1082589286,-12599800.25,49773.067173842,-44195.6546502976,-9899826.64166667,188.4828762791,21.2327992753627,4756.14703768124,35.7063617971944,5.2945228595348,1185.97312053579,45277.9222855161,-28568.3089218452,-6399301.19849331,17438.3222980392,-3123.51042236205,-699666.334609099
2018,5,"NAPL",10,"CONTINUAL",0,2.6,559,49920.4892709125,-54417.711627907,-11699808,49959.5152647832,-46045.7923255814,-9899845.35,301.512992282211,28.8388942208088,6200.3622574739,46.7344512887456,6.41716632804968,1379.69076053068,43735.3555637131,-25577.4362450627,-5499148.79268848,17789.2317157454,-3254.24927731753,-699663.59462327
2018,8,"AQUE",4,"CONTROL",0,3.5,784,49718.7228596627,-56249.1919642857,-12599819,49772.9059752344,-44195.8353236607,-9899867.1125,82.5354586901904,8.35579675005972,1871.69847201338,12.7516796464075,1.81337887083666,406.196867067412,45276.8041819621,-28570.0642399395,-6399694.38974645,17438.1423348413,-3124.49855888471,-699887.677190176
2018,8,"AQUE",7,"ANNUAL",0,3.8,851.2,49718.6213841042,-56249.28125,-12599839,49773.2046916112,-44195.5006696429,-9899792.15,276.791073257029,22.6923078153878,5083.07695064687,39.6637861261528,4.06581865990126,910.743379817883,45277.9801677666,-28568.2294239277,-6399283.39095981,17438.2329465323,-3124.00904626233,-699778.026362761
2018,8,"AQUE",8,"CONTINUAL",0,3.6,774,49920.3236881127,-54417.8627906977,-11699840.5,49959.7632418604,-46045.5247674419,-9899787.825,60.1977736264304,10.0418897366539,2159.00629338059,24.3508536675243,3.18232249837484,684.19933715059,43733.8934537759,-25579.8955236632,-5499677.53758759,17789.067465168,-3255.12511123294,-699851.898915083
2018,8,"CARP",7,"CONTROL",0,3,672,49718.8243544419,-56249.1026785714,-12599799,49773.2085768335,-44195.4962239583,-9899791.15416667,336.88997451417,33.8393373128317,7580.01155807429,237.493148131578,20.9492310031502,4692.62774470564,45278.4448644164,-28567.4927357337,-6399118.37280436,17438.5536427889,-3122.31057302334,-699397.568357228
2018,8,"CARP",9,"ANNUAL",0,3,672,49718.7418970434,-56249.1752232143,-12599815.25,49773.2967162486,-44195.3976004464,-9899769.0625,485.898246080717,37.0654990829458,8302.67179457987,344.38898758671,24.5973301058905,5509.80194371947,45278.5211344201,-28567.3914558847,-6399095.68611817,17438.5804325726,-3122.25820819397,-699385.838635449
2018,8,"CARP",10,"CONTINUAL",0,3,645,49920.4065336821,-54417.7872093023,-11699824.25,49959.9506166062,-46045.3225193798,-9899744.34166667,570.820409603445,50.2329364454774,10800.0813357776,404.089675059137,33.9073734788741,7290.08529795794,43736.2818735079,-25575.8897639508,-5498816.29924943,17789.7348788063,-3251.76060973177,-699128.531092331
2018,8,"IVEE",3,"CONTROL",0,2.3,515.2,49718.792631902,-56249.1305803571,-12599805.25,49773.0466826766,-44195.6776599702,-9899831.79583333,280.89139272751,30.2161606843907,6768.41999330351,175.390099308451,14.6447293267593,3280.41936919408,45278.2322186095,-28567.8243636179,-6399192.65745042,17438.3924272338,-3123.16098075746,-699588.05968967
2018,8,"IVEE",4,"ANNUAL",0,2.5,560,49718.8560779322,-56249.0747767857,-12599792.75,49772.9513246717,-44195.7844866071,-9899855.725,296.89546604332,35.0166494140544,7843.72946874819,71.2264587032705,8.43838399466295,1890.1980148045,45278.9647304867,-28566.6788107059,-6398936.05359813,17438.3668743551,-3123.27257265152,-699613.05627394
2018,8,"MOHK",2,"CONTROL",0,2.8,627.2,49718.8814564732,-56249.0524553571,-12599787.75,49773.0975592487,-44195.6205729167,-9899819.00833333,576.133665863413,44.3813604533001,9941.42474153923,79.577725883341,8.43778774478019,1890.06445483076,45279.7593997578,-28565.4974429309,-6398671.42721651,17438.400346312,-3123.13019800897,-699581.164354009
2018,8,"MOHK",3,"ANNUAL",0,3.3,739.2,49718.8751559502,-56249.0580357143,-12599789,49772.9915587795,-44195.7393787202,-9899845.62083333,333.182224035332,29.7294231112608,6659.39077692242,45.6013358849477,5.3205902862192,1191.8122241131,45278.5370340495,-28567.3611078241,-6399088.8881526,17438.3186807802,-3123.54014319654,-699672.992076026
2018,8,"MOHK",4,"CONTINUAL",0,3.3,709.5,49920.5275067789,-54417.676744186,-11699800.5,49959.6482728421,-46045.6487790698,-9899814.4875,72.5130830819896,11.7487123220996,2525.97314925142,38.2269267863098,5.03204855001617,1081.89043825348,43734.0371719841,-25579.6516100572,-5499625.09616231,17789.1039138561,-3254.92898082088,-699809.73087649
2018,8,"NAPL",3,"CONTROL",0,8,1792,49719.0526994374,-56248.9017857143,-12599754,49773.0364320454,-44195.6890811012,-9899834.35416667,142.926821948863,17.1690912599099,3845.87644221982,36.6300989045256,5.05064952159326,1131.34549283689,45277.4667648679,-28569.0228351428,-6399461.11507198,17438.2645586933,-3123.82503089863,-699736.806921293
2018,8,"NAPL",9,"ANNUAL",0,6,1344,49718.9575701142,-56248.9854910714,-12599772.75,49773.192267354,-44195.5144903274,-9899795.24583333,136.20302188259,18.8332024358211,4218.63734562392,32.5432437331819,5.44783705363736,1220.31550001477,45277.635961772,-28568.7556778149,-6399401.27183055,17438.3234111351,-3123.50250602322,-699664.561349201
2018,8,"NAPL",10,"CONTINUAL",0,6.5,1397.5,49920.5911948805,-54417.6186046512,-11699788,49959.5993649303,-46045.7015310078,-9899825.82916667,308.324457734867,29.0793887721445,6252.06858601108,46.97998797966,6.24668286689853,1343.03681638318,43735.3601859407,-25577.4297445786,-5499147.3950844,17789.2353553552,-3254.23001483691,-699659.453189935
2018,11,"AQUE",4,"CONTROL",0,6,1344,49718.7038348115,-56249.2087053571,-12599822.75,49772.8799424157,-44195.8645089286,-9899873.65,59.9829787770407,6.92745789464881,1551.75056840133,10.4122486607385,1.62253805703288,363.448524775366,45276.691647001,-28570.2408391612,-6399733.94797211,17438.1346908282,-3124.54039425457,-699897.048313024
2018,11,"AQUE",7,"ANNUAL",0,5.8,1299.2,49718.6087004967,-56249.2924107143,-12599841.5,49773.108910652,-44195.6079427083,-9899816.17916667,193.779043622332,17.2198726878729,3857.25148208353,31.0326839786626,3.60330717208691,807.140806547467,45277.4826914667,-28569.0027551281,-6399456.61714869,17438.2094059173,-3124.13226266974,-699805.626838021
2018,11,"AQUE",8,"CONTINUAL",0,5.5,1182.5,49920.3682623967,-54417.8220930233,-11699831.75,49959.571235417,-46045.7319379845,-9899832.36666667,40.3856882770158,8.13715067519757,1749.48739516748,23.082555028369,3.05901570311847,657.688376170472,43733.7101731235,-25580.2067266922,-5499744.44623883,17789.0558543188,-3255.18754260702,-699865.321660509
2018,11,"CARP",7,"CONTROL",0,2.3,515.2,49718.7990489903,-56249.125,-12599804,49773.2074366345,-44195.4975818452,-9899791.45833333,399.990618896343,35.2129310007523,7887.6965441685,282.530391760547,22.7957120042352,5106.23948894868,45278.444946875,-28567.4998432129,-6399119.96487968,17438.5902861644,-3122.14459761953,-699360.389866774
2018,11,"CARP",9,"ANNUAL",0,2.3,515.2,49718.8116974207,-56249.1138392857,-12599801.5,49773.211729217,-44195.4928013393,-9899790.3875,406.842304616726,31.7869726104184,7120.28186473371,288.24469650208,20.7420491615675,4646.21901219113,45278.1464376843,-28567.9712365345,-6399225.55698372,17438.5054194084,-3122.61669364401,-699466.139376259
2018,11,"CARP",10,"CONTINUAL",0,2.5,537.5,49920.4383748951,-54417.7581395349,-11699818,49959.8487854841,-46045.4324612403,-9899767.97916667,475.822040388707,42.0291159921811,9036.25993831894,336.403576668517,27.9833517462684,6016.42062544771,43735.750179499,-25576.7764797168,-5499006.9431391,17789.6034000769,-3252.39509015498,-699264.94438332
2018,11,"IVEE",3,"CONTROL",0,1.8,403.2,49718.7926399348,-56249.1305803571,-12599805.25,49772.967846533,-44195.7660342262,-9899851.59166667,242.342391176019,23.8047731582528,5332.26918744862,157.991992776731,11.9547205006351,2677.85739214227,45277.7346613872,-28568.6049555136,-6399367.51003505,17438.3313563817,-3123.48951979473,-699661.65243402
2018,11,"IVEE",4,"ANNUAL",0,1.8,403.2,49718.9004778213,-56249.0357142857,-12599784,49772.8841890241,-44195.8597470238,-9899872.58333333,153.189467707699,22.7048052633175,5085.87637898311,54.641675175997,6.26960954154079,1404.39253730514,45277.8803778565,-28568.370619144,-6399315.01868825,17438.2994385823,-3123.63284767335,-699693.75787883
2018,11,"MOHK",2,"CONTROL",0,2,448,49718.8433742786,-56249.0859375,-12599795.25,49772.9669055728,-44195.7670200893,-9899851.8125,183.95617259941,18.1412808591739,4063.64691245495,31.3799797959602,4.39340185946874,984.122016520998,45277.6285098377,-28568.7717537473,-6399404.87283939,17438.2337872187,-3123.99669737197,-699775.260211322
2018,11,"MOHK",3,"ANNUAL",0,2.4,537.6,49718.7482300097,-56249.1696428571,-12599814,49772.9697888526,-44195.7637834821,-9899851.0875,232.246991185467,23.3977679434011,5241.10001932185,34.1154470442899,4.66271292278281,1044.44769470335,45277.9582554516,-28568.2573272176,-6399289.64129674,17438.3011866745,-3123.62821277169,-699692.719660859
2018,11,"MOHK",4,"CONTINUAL",0,2,430,49920.4001143315,-54417.7930232558,-11699825.5,49959.592171308,-46045.7093604651,-9899827.5125,71.7540171518039,12.7697292081808,2745.49177975888,35.0668119896376,4.99397808201552,1073.70528763334,43734.1779199874,-25579.4122183671,-5499573.62694892,17789.1160147977,-3254.86310001161,-699795.566502496
2018,11,"NAPL",3,"CONTROL",0,8,1792,49718.9448973695,-56248.9966517857,-12599775.25,49773.0459689036,-44195.6784226191,-9899831.96666667,71.187363268174,13.2799582527515,2974.71064861635,31.9362716707415,4.54075414282349,1017.12892799246,45277.1542961401,-28569.5112558707,-6399570.52131503,17438.257338334,-3123.862638452,-699745.231013248
2018,11,"NAPL",9,"ANNUAL",0,8,1792,49718.8941381249,-56249.0412946429,-12599785.25,49773.0668882535,-44195.6549851191,-9899826.71666667,54.2190369356976,11.53998257009,2584.95609570017,25.9454971946684,4.41193093486727,988.272529410269,45277.0033719022,-28569.7489358433,-6399623.7616289,17438.2606279958,-3123.84592125803,-699741.486361799
2018,11,"NAPL",10,"CONTINUAL",0,8,1720,49920.527491714,-54417.676744186,-11699800.5,49959.5069089799,-46045.8013565891,-9899847.29166667,36.2351659538584,9.89471313636701,2127.36332431891,18.0060233886793,3.62573821657117,779.533716562801,43733.8394244586,-25579.9868315067,-5499697.16877394,17789.1327941766,-3254.7704877849,-699775.654873754
2019,2,"AQUE",4,"CONTROL",0,2,448,49718.6150422307,-56249.2868303571,-12599840.25,49772.8732547332,-44195.8720052083,-9899875.32916667,16.4544005213638,3.16422668315731,708.786777027238,7.1465117625704,1.19765726386521,268.275227105808,45276.368404026,-28570.749783431,-6399847.95148853,17438.0959851054,-3124.7546269233,-699945.036430819
2019,2,"AQUE",7,"ANNUAL",0,2.1,470.4,49718.5516227119,-56249.3426339286,-12599852.75,49773.0153114398,-44195.712797619,-9899839.66666667,91.4845252735282,9.20616654425561,2062.18130591326,19.5499279219748,2.39529047397692,536.545066170831,45276.8409937888,-28570.006551894,-6399681.46762427,17438.1463452817,-3124.47679717817,-699882.802567909
2019,2,"AQUE",8,"CONTINUAL",0,2.2,473,49920.240902843,-54417.938372093,-11699856.75,49959.6390445095,-46045.6587984496,-9899816.64166667,30.5121412845842,6.12590857708876,1317.07034407408,18.1709893232427,2.64261632361209,568.162509576599,43733.5886548571,-25580.4133302655,-5499788.86600709,17789.0334418376,-3255.30912565973,-699891.462016843
2019,2,"CARP",7,"CONTROL",0,3.5,784,49718.6848625134,-56249.2254464286,-12599826.5,49773.2572887481,-44195.441703869,-9899778.94166667,404.920662984285,37.2721247462685,8348.95594316415,286.250353235635,24.8257281094292,5560.96309651215,45278.5150038344,-28567.3897237687,-6399095.2981242,17438.5961128787,-3122.11404567362,-699353.546230891
2019,2,"CARP",9,"ANNUAL",0,3.6,806.4,49718.6785298145,-56249.2310267857,-12599827.75,49773.1939915478,-44195.5126674107,-9899794.8375,387.526003009365,30.2889579105588,6784.72657196518,274.465211911176,20.7507784244277,4648.17436707181,45277.961788193,-28568.2598881228,-6399290.2149395,17438.468662246,-3122.8073053171,-699508.836391031
2019,2,"CARP",10,"CONTINUAL",0,4,860,49920.3428490967,-54417.8453488372,-11699836.75,49959.868909808,-46045.4107364341,-9899763.30833333,473.380713912293,43.0622869324779,9258.39169048275,335.223669914498,29.2856104464062,6296.40624597733,43735.7358353222,-25576.7999352731,-5499011.98608371,17789.5919234848,-3252.45227855058,-699277.239888375
2019,2,"IVEE",3,"CONTROL",0,1.2,268.8,49718.6467631399,-56249.2589285714,-12599834,49772.9576838455,-44195.7774181548,-9899854.14166667,187.376986171973,17.025480727949,3813.70768306057,130.199399278432,9.75663086616694,2185.48531402139,45277.2719133711,-28569.3301545566,-6399529.95462069,17438.261292532,-3123.86421609179,-699745.584404561
2019,2,"IVEE",4,"ANNUAL",0,1.2,268.8,49718.6911561739,-56249.2198660714,-12599825.25,49772.8347081618,-44195.9152157738,-9899885.00833333,64.4081304850451,10.2332237057299,2292.2421100835,27.836375956516,3.00416294602511,672.932499909624,45276.9576408468,-28569.8212133797,-6399639.95179705,17438.1600772389,-3124.4004619883,-699865.70348538
2019,2,"MOHK",2,"CONTROL",0,2.5,560,49718.6340703836,-56249.2700892857,-12599836.5,49772.966524066,-44195.767485119,-9899851.91666667,28.8597366122937,5.14166396126017,1151.73272732228,17.7724029790457,2.31174739587339,517.83141667564,45276.4995111823,-28570.54310595,-6399801.6557328,17438.1441898439,-3124.48778107079,-699885.262959857
2019,2,"MOHK",3,"ANNUAL",0,2.5,560,49718.6784632968,-56249.2310267857,-12599827.75,49772.8745270854,-44195.8705729167,-9899875.00833333,74.0442276020828,10.2942867896085,2305.92024087231,15.3992719979597,2.56296854167747,574.104953335754,45276.9788133429,-28569.7883914907,-6399632.59969393,17438.1703944891,-3124.34281513571,-699852.790590398
2019,2,"MOHK",4,"CONTINUAL",0,2.5,537.5,49920.3045879599,-54417.8802325581,-11699844.25,49959.5472474917,-46045.7578294574,-9899837.93333333,66.8465281334018,10.8855534840621,2340.39399907335,36.4444992609056,4.83289674075384,1039.07279926208,43733.9938639492,-25579.7250677436,-5499640.88956488,17789.1011204887,-3254.94406755395,-699812.9745241
2019,2,"NAPL",3,"CONTROL",0,1.6,358.4,49718.8497153957,-56249.0803571429,-12599794,49772.8930644454,-44195.8497953869,-9899870.35416667,40.8060299959642,7.26406014807364,1627.1494731685,25.9163693523605,3.04272404450176,681.570185968394,45276.7122494532,-28570.207741734,-6399726.53414842,17438.1899913675,-3124.23513183843,-699828.669531809
2019,2,"NAPL",9,"ANNUAL",0,1.6,358.4,49718.8053538992,-56249.1194196429,-12599802.75,49772.943043599,-44195.7937872024,-9899857.80833333,34.1943535800975,6.94450664832403,1555.56948922458,18.6380728495577,2.83417673110898,634.855587768412,45276.6374086797,-28570.3256855191,-6399752.95355629,17438.2017358832,-3124.17006947565,-699814.095562545
2019,2,"NAPL",10,"CONTINUAL",0,1.6,344,49920.4892748616,-54417.711627907,-11699808,49959.3868006542,-46045.9310465116,-9899875.175,23.788185773374,5.77282801019123,1241.15802219111,13.483275017167,2.10702203953944,453.009738500979,43733.5862846219,-25580.4173036379,-5499789.72028216,17789.0413580752,-3255.26602204305,-699882.194739256
2019,5,"AQUE",4,"CONTROL",0,4.5,1008,49718.7672618771,-56249.1529017857,-12599810.25,49773.0082307658,-44195.7207217262,-9899841.44166667,34.2831237600166,5.75115798711362,1288.25938911345,8.7000170939884,1.51509116648711,339.380421293113,45276.5701366591,-28570.4317971958,-6399776.72257186,17438.1217472371,-3124.6117964542,-699913.042405742
2019,5,"AQUE",7,"ANNUAL",0,3.6,806.4,49718.6657802788,-56249.2421875,-12599830.25,49773.0316435824,-44195.6944754464,-9899835.5625,136.577169686433,12.7994478902075,2867.07632740648,23.2755652193656,2.8981830142372,649.192995189134,45277.1266987863,-28569.5588395226,-6399581.18005306,17438.1647532879,-3124.37642411889,-699860.319002631
2019,5,"AQUE",8,"CONTINUAL",0,4.1,881.5,49920.3427885446,-54417.8453488372,-11699836.75,49959.5885054099,-46045.7132751938,-9899828.35416667,48.0115874509421,10.2222480511956,2197.78333100704,19.4512604269781,3.25284618811246,699.361930444178,43733.8985374693,-25579.8865197415,-5499675.60174442,17789.0792014996,-3255.06097299627,-699838.109194198
2019,5,"CARP",7,"CONTROL",0,3.6,806.4,49718.7736809441,-56249.1473214286,-12599809,49773.2471033408,-44195.453125,-9899781.5,403.050050515888,34.429802148389,7712.27568123913,284.969000521438,22.8717031944436,5123.26151555536,45278.4120196188,-28567.5522490413,-6399131.70378525,17438.5778794357,-3122.21591618037,-699376.365224404
2019,5,"CARP",9,"ANNUAL",0,3.2,716.8,49718.7228985586,-56249.1919642857,-12599819,49773.2136665551,-44195.490625,-9899789.9,388.445977945079,29.3150741681714,6566.5766136704,275.340082447687,19.7737766450349,4429.32596848781,45277.9291160581,-28568.3116885242,-6399301.81822941,17438.4608935512,-3122.85181432602,-699518.80640903
2019,5,"CARP",10,"CONTINUAL",0,3.2,688,49920.4447481646,-54417.7523255814,-11699816.75,49959.8571709545,-46045.4234108527,-9899766.03333333,478.462391790116,44.6706673715979,9604.19348489355,337.909806762747,29.4243298670751,6326.23092142114,43735.8615664696,-25576.5870786612,-5498966.22191216,17789.6245554758,-3252.28041058891,-699240.288276615
2019,5,"IVEE",3,"CONTROL",0,2.5,560,49718.8053288142,-56249.1194196429,-12599802.75,49773.1440771771,-44195.5684895833,-9899807.34166667,254.320403539344,31.7136376521003,7103.85483407047,132.313506492107,12.0059529560249,2689.33346214959,45278.4787448288,-28567.4349447797,-6399105.42763066,17438.3731086956,-3123.2490229483,-699607.78114042
2019,5,"IVEE",4,"ANNUAL",0,2.3,515.2,49718.7101827248,-56249.203125,-12599821.5,49772.9185883424,-44195.821186756,-9899863.94583333,279.621841557132,36.9989946783817,8287.77480795749,46.1016051831188,6.76814592719802,1516.06468769236,45279.2738675198,-28566.1906462388,-6398826.70475749,17438.3735961717,-3123.23446297462,-699604.519706315
2019,5,"MOHK",2,"CONTROL",0,2.4,537.6,49718.7165151346,-56249.1975446429,-12599820.25,49773.1572943011,-44195.5537016369,-9899804.02916667,412.321058061832,32.9201161720894,7374.10602254802,58.5782953846379,6.25580961098721,1401.30135286114,45278.8515091242,-28566.8822515191,-6398981.62434029,17438.3227373968,-3123.52955094522,-699670.61941173
2019,5,"MOHK",3,"ANNUAL",0,2.5,560,49718.7038376301,-56249.2087053571,-12599822.75,49772.9522696256,-44195.7834263393,-9899855.4875,181.898197978266,22.1506961819,4961.75594474559,29.7950703389408,5.0812165422685,1138.19250546814,45277.9545143031,-28568.2574416049,-6399289.66691949,17438.29800678,-3123.64183676635,-699695.771435662
2019,5,"MOHK",4,"CONTINUAL",0,2.6,559,49920.2918502757,-54417.8918604651,-11699846.75,49959.5919482516,-46045.7095542636,-9899827.55416667,113.349214154267,19.6057744328959,4215.24150307263,41.7413807536438,6.70778823618205,1442.17447077914,43734.6883403044,-25578.5463388105,-5499387.46284426,17789.1988749338,-3254.41687854538,-699699.628887257
2019,5,"NAPL",3,"CONTROL",0,2.1,470.4,49718.8370380925,-56249.0915178571,-12599796.5,49773.1368866511,-44195.5765252976,-9899809.14166667,137.364382576403,21.7524526673755,4872.54939749212,37.8593905926256,6.57627417298747,1473.08541474919,45277.8173595368,-28568.4692104752,-6399337.10314644,17438.3172412031,-3123.53382628299,-699671.577087391
2019,5,"NAPL",9,"ANNUAL",0,2.1,470.4,49718.8877799658,-56249.046875,-12599786.5,49773.2235189441,-44195.4794456845,-9899787.39583333,98.7716708130691,18.0666257196992,4046.92416121262,30.4778348184835,5.14588656591039,1152.67859076393,45277.6615365914,-28568.7131102166,-6399391.73668852,17438.3457979227,-3123.38341019818,-699637.883884392
2019,5,"NAPL",10,"CONTINUAL",0,2.4,516,49920.457429028,-54417.7406976744,-11699814.25,49959.6349967688,-46045.6631007752,-9899817.56666667,152.104611205371,22.8345328311862,4909.42455870504,26.8371326884705,5.24814217427276,1128.35056746864,43734.8953892585,-25578.1975401985,-5499312.47114268,17789.2069094851,-3254.37299215418,-699690.193313149
2019,8,"AQUE",4,"CONTROL",0,2.4,537.6,49718.7291996797,-56249.1863839286,-12599817.75,49772.9990400842,-44195.7310081845,-9899843.74583333,167.17081085004,16.4738438526659,3690.14102299716,26.5410781183771,3.48607023554514,780.87973276211,45277.4494534666,-28569.0523682338,-6399467.73048437,17438.2025056218,-3124.16877922553,-699813.806546518
2019,8,"AQUE",7,"ANNUAL",0,2.5,560,49718.6974887289,-56249.2142857143,-12599824,49773.1118068052,-44195.6046502976,-9899815.44166667,198.728325643788,16.2700606676105,3644.49358954476,29.8137365719887,3.26140854576269,730.555514250842,45277.4371357295,-28569.0752183112,-6399472.8489017,17438.1821638639,-3124.28376819464,-699839.564075598
2019,8,"AQUE",8,"CONTINUAL",0,2.5,537.5,49920.3173186176,-54417.8686046512,-11699841.75,49959.5902088377,-46045.7114341085,-9899827.95833333,74.1863407489474,13.8874534659014,2985.80249516881,22.0693669433529,4.15369602165272,893.044644655335,43734.2002362442,-25579.3741418677,-5499565.44050157,17789.1112605847,-3254.88783345852,-699800.884193583
2019,8,"CARP",7,"CONTROL",0,2.8,627.2,49718.7546156814,-56249.1640625,-12599812.75,49773.3039698387,-44195.3893973214,-9899767.225,448.676821181259,39.1057819227483,8759.69515069563,316.978534760107,25.9606171393531,5815.1782392151,45278.7101801677,-28567.088153788,-6399027.74644852,17438.6548829069,-3121.82100222789,-699287.904499047
2019,8,"CARP",9,"ANNUAL",0,2.8,627.2,49718.7165496618,-56249.1975446429,-12599820.25,49773.2671060075,-44195.4308407738,-9899776.50833333,520.889947506549,38.3330347238779,8586.59977814866,369.349125538659,26.5214031234699,5940.79429965725,45278.5146317995,-28567.4073236939,-6399099.24050744,17438.6094370285,-3122.12643333501,-699356.321067042
2019,8,"CARP",10,"CONTINUAL",0,3.1,666.5,49920.4129076904,-54417.7813953488,-11699823,49959.8611019954,-46045.4191860465,-9899765.125,538.791565492264,46.6413072812477,10027.8810654683,381.763876467703,31.802165568397,6837.46559720536,43736.0051775992,-25576.3536974732,-5498916.04495673,17789.6651992574,-3252.10758130607,-699203.129980805
2019,8,"IVEE",3,"CONTROL",0,2.2,492.8,49718.7292120813,-56249.1863839286,-12599817.75,49773.0227390592,-44195.7044828869,-9899837.80416667,307.778351618957,33.6697269787724,7542.01884324502,149.292117099935,13.2542035407738,2968.94159313333,45278.6039330148,-28567.2450227909,-6399062.88510516,17438.3887906089,-3123.17306015889,-699590.765475592
2019,8,"IVEE",4,"ANNUAL",0,2.3,515.2,49718.722866709,-56249.1919642857,-12599819,49772.9207281387,-44195.8187872024,-9899863.40833333,282.973992024151,32.7288163649533,7331.25486574955,65.0600660297998,7.81020513339528,1749.48594988054,45278.78383291,-28566.9619121475,-6398999.46832105,17438.3440411256,-3123.39661232897,-699640.84116169
2019,8,"MOHK",2,"CONTROL",0,2,448,49718.6848119204,-56249.2254464286,-12599826.5,49773.1095919209,-44195.6071056548,-9899815.99166667,594.043129097471,45.4183253914615,10173.7048876874,83.5841371815074,8.40313968962134,1882.30329047518,45279.9228070483,-28565.2458607547,-6398615.07280906,17438.4163090639,-3123.04673440949,-699562.468507725
2019,8,"MOHK",3,"ANNUAL",0,2.2,492.8,49718.8116573974,-56249.1138392857,-12599801.5,49773.1930556766,-44195.5136160714,-9899795.05,343.202218842336,30.7057836172052,6878.09553025396,47.5548905005403,5.98545974301339,1340.742982435,45278.6595581087,-28567.1698209368,-6399046.03988984,17438.3338079525,-3123.45776759591,-699654.539941483
2019,8,"MOHK",4,"CONTINUAL",0,2.1,451.5,49920.4319507254,-54417.7639534884,-11699819.25,49959.5903821707,-46045.7112403101,-9899827.91666667,105.066069594564,19.0357433297999,4092.68481590698,46.3386282391059,6.75863143285584,1453.10575806401,43734.6297109221,-25578.6452268379,-5499408.72377015,17789.1900226428,-3254.46376058448,-699709.708525663
2019,8,"NAPL",3,"CONTROL",0,2.5,560,49718.8877685507,-56249.046875,-12599786.5,49773.0764082876,-44195.6443080357,-9899824.325,185.486201295671,22.8624753097561,5121.19446938537,35.3668973023622,6.0042765243004,1344.95794144329,45277.9553897767,-28568.2560309011,-6399289.35092185,17438.3131554081,-3123.55832922678,-699677.065746798
2019,8,"NAPL",9,"ANNUAL",0,3,672,49718.8877657322,-56249.046875,-12599786.5,49773.1365256666,-44195.5769345238,-9899809.23333333,111.829302194056,18.0479253225516,4042.73527225156,26.5298503734573,4.95220940537659,1109.29490680436,45277.5943551093,-28568.8193561855,-6399415.53578555,17438.2936056591,-3123.66287813955,-699700.484703259
2019,8,"NAPL",10,"CONTINUAL",0,2.8,602,49920.5210994501,-54417.6825581395,-11699801.75,49959.5848818741,-46045.7171899225,-9899829.19583333,180.680032687155,20.8635400171874,4485.6611036953,27.592726221439,4.37038081709599,939.631875675638,43734.7123644016,-25578.5116606218,-5499380.00703368,17789.1891535239,-3254.46994723473,-699711.038655467
2019,11,"AQUE",4,"CONTROL",0,4,896,49718.653093732,-56249.2533482143,-12599832.75,49772.9931613108,-44195.7376116071,-9899845.225,234.881458460126,19.8984467906097,4457.25208109657,33.6533621268268,3.89982211175194,873.560153032434,45277.7270108823,-28568.6225301243,-6399371.44674785,17438.2235483696,-3124.05703370524,-699788.775549974
2019,11,"AQUE",7,"ANNUAL",0,4,896,49718.7291999615,-56249.1863839286,-12599817.75,49773.0224340209,-44195.7047991071,-9899837.875,90.5626720354724,10.3418789881146,2316.58089333766,19.7542324421131,2.60770436102225,584.125776868984,45276.9621202456,-28569.8154185636,-6399638.65375825,17438.1599440788,-3124.40133272789,-699865.898531047
2019,11,"AQUE",8,"CONTINUAL",0,3.2,688,49920.3364194928,-54417.8511627907,-11699838,49959.6415176757,-46045.6561434109,-9899816.07083333,90.6696772140943,15.2595953980874,3280.8130105888,23.070886589993,3.95655986460922,850.660370890982,43734.3183564525,-25579.174078458,-5499522.42686848,17789.1104275848,-3254.89260535667,-699801.910151683
2019,11,"CARP",7,"CONTROL",0,2,448,49718.9261722797,-56249.0133928571,-12599779,49773.1682438869,-44195.5414806548,-9899801.29166667,356.224782071822,29.0691368833167,6511.48666186295,252.136077775772,19.4341487961972,4353.24933034817,45278.0444935474,-28568.1260821565,-6399260.24240305,17438.485907546,-3122.69483228769,-699483.642432443
2019,11,"CARP",9,"ANNUAL",0,2,448,49718.6721926046,-56249.2366071429,-12599829,49773.0899858195,-44195.6291480655,-9899820.92916667,272.71063507609,19.6929920514979,4411.23021953553,193.307082276199,13.4995686020901,3023.90336686817,45277.3508558074,-28569.2117181435,-6399503.42486415,17438.3274228985,-3123.53017772328,-699670.759810015
2019,11,"CARP",10,"CONTINUAL",0,2.2,473,49920.4958281659,-54417.7058139535,-11699806.75,49959.7620332778,-46045.5260271318,-9899788.09583333,356.959874434539,33.2502267029044,7148.79874112445,253.628876990418,22.9373636311264,4931.53318069218,43735.234368444,-25577.6366729124,-5499191.88467616,17789.4581868821,-3253.10724002573,-699418.056605533
2019,11,"IVEE",3,"CONTROL",0,1.2,268.8,49718.8116689534,-56249.1138392857,-12599801.5,49772.9233817792,-44195.8158296131,-9899862.74583333,256.44638796848,26.645696579005,5968.63603369713,95.1946946843966,8.72868625475654,1955.22572106546,45278.1873978464,-28567.8972101325,-6399208.97506968,17438.2993933436,-3123.6477025094,-699697.085362106
2019,11,"IVEE",4,"ANNUAL",0,1.5,336,49718.7863105018,-56249.1361607143,-12599806.5,49772.8339448653,-44195.9160714286,-9899885.2,159.40027717346,18.2370194248046,4085.09235115622,30.1816576696436,3.86837460168718,866.515910777927,45277.6521822508,-28568.7318143742,-6399395.92641982,17438.2064049235,-3124.14699585459,-699808.927071428
2019,11,"MOHK",2,"CONTROL",0,5.4,1209.6,49718.7609275058,-56249.1584821429,-12599811.5,49773.0307972855,-44195.6954427083,-9899835.77916667,547.245928457899,39.9936114710011,8958.56896950425,72.6436260637336,6.56578395918169,1470.7356068567,45279.4534876142,-28565.9706377609,-6398777.42285845,17438.353464025,-3123.38334592814,-699637.869487904
2019,11,"MOHK",3,"ANNUAL",0,5,1120,49718.849722442,-56249.0803571429,-12599794,49772.8667798807,-44195.8792596726,-9899876.95416667,225.581390381954,22.3517308847529,5006.78771818466,39.6127729780664,5.21092541410959,1167.24729276055,45278.0105132191,-28568.1740782637,-6399270.99353106,17438.2662851755,-3123.8204918323,-699735.790170436
2019,11,"MOHK",4,"CONTINUAL",0,5.4,1161,49920.4701751177,-54417.7290697674,-11699811.75,49959.4429242115,-46045.8704457364,-9899862.14583333,138.696844162881,21.7151554341359,4668.75841833921,52.3676775622007,7.12107085040208,1531.03023283645,43734.8194849689,-25578.3248551914,-5499339.84386616,17789.1969322047,-3254.42771349349,-699701.958401101
2019,11,"NAPL",3,"CONTROL",0,6,1344,49718.8750730852,-56249.0580357143,-12599789,49773.0529937234,-44195.6705543155,-9899830.20416667,166.29105279181,22.3600031260391,5008.64070023277,32.980459171333,5.9505582859397,1332.92505605049,45277.8343555589,-28568.4450306279,-6399331.68686064,17438.3167337524,-3123.53615779087,-699672.099345155
2019,11,"NAPL",9,"ANNUAL",0,6,1344,49718.8814473129,-56249.0524553571,-12599787.75,49773.1089704702,-44195.6078125,-9899816.15,155.557255884478,23.5844778628189,5282.92304127143,32.040900174988,6.45764400996659,1446.51225823252,45277.8207505795,-28568.4654698814,-6399336.26525343,17438.3730484938,-3123.2255974548,-699602.533829874
2019,11,"NAPL",10,"CONTINUAL",0,6.2,1333,49920.4574293205,-54417.7406976744,-11699814.25,49959.5349040073,-46045.7711434108,-9899840.79583333,148.046819018798,20.7259974059098,4456.08944227061,25.6833830788402,4.93638467837696,1061.32270585105,43734.6624978077,-25578.5929817028,-5499397.4910661,17789.1885576186,-3254.47073210083,-699711.207401679
2020,2,"AQUE",4,"CONTROL",0,7,1568,49718.6404111253,-56249.2645089286,-12599835.25,49773.0435284797,-44195.6811941964,-9899832.5875,306.188850632787,24.9284679565875,5583.97682227561,42.2094309527349,4.5154713026572,1011.46557179521,45278.1544452314,-28567.9595555129,-6399222.94043488,17438.262246924,-3123.8496571681,-699742.323205653
2020,2,"AQUE",7,"ANNUAL",0,7,1568,49718.6848061424,-56249.2254464286,-12599826.5,49773.0321985316,-44195.6938802083,-9899835.42916667,145.753114851864,14.1211148621284,3163.12972911677,24.7150403758431,3.13691863683976,702.669774652105,45277.222881314,-28569.4078582845,-6399547.36025573,17438.1878491254,-3124.24877529198,-699831.725665403
2020,2,"AQUE",8,"CONTINUAL",0,6.6,1419,49920.3427941025,-54417.8453488372,-11699836.75,49959.6841407361,-46045.6102131783,-9899806.19583333,84.4295113178833,13.8720113186649,2982.48243351295,23.1462394377428,4.06675412479266,874.352136830422,43734.1568526884,-25579.4484531288,-5499581.41742269,17789.1038156465,-3254.92807118244,-699809.535304224
2020,2,"CARP",7,"CONTROL",0,2.8,627.2,49718.8181252151,-56249.1082589286,-12599800.25,49773.1841366819,-44195.5236979167,-9899797.30833333,399.839643417456,30.8333577481553,6906.67213558679,283.487322057551,21.3545093846528,4783.41010216224,45278.1112956836,-28568.0258607775,-6399237.79281416,17438.5033512124,-3122.62438780729,-699467.862868834
2020,2,"CARP",9,"ANNUAL",0,2.8,627.2,49718.7229270259,-56249.1919642857,-12599819,49773.1483383283,-44195.5637648809,-9899806.28333333,300.038188674127,21.5385052734541,4824.62518125371,212.7242178526,14.909508774542,3339.72996549741,45277.4639497701,-28569.0358128904,-6399464.02208744,17438.3627422202,-3123.34693656574,-699629.713790725
2020,2,"CARP",10,"CONTINUAL",0,3.2,688,49920.387446166,-54417.8046511628,-11699828,49959.7437568576,-46045.5457751938,-9899792.34166667,395.315112299541,34.4489452150211,7406.52322122954,280.751293570934,24.065157505122,5174.00886360122,43735.2509467334,-25577.6133177024,-5499186.86330601,17789.472374382,-3253.05092345415,-699405.948542643
2020,2,"IVEE",3,"CONTROL",0,2.5,560,49718.6848130478,-56249.2254464286,-12599826.5,49772.9013677938,-44195.8404947917,-9899868.27083333,320.484215369748,34.2624908150156,7674.79794256349,74.9172297977035,8.43877766585054,1890.28619715052,45278.8261007331,-28566.9015361003,-6398985.94408646,17438.3455060344,-3123.39424552172,-699640.310996866
2020,2,"IVEE",4,"ANNUAL",0,2.5,560,49718.68482249,-56249.2254464286,-12599826.5,49772.8388553235,-44195.9105654762,-9899883.96666667,190.591069968291,19.1698344908632,4294.04292595335,31.1310636460985,4.20573229978961,942.084035152872,45277.6597100144,-28568.7231932749,-6399393.99529357,17438.241083963,-3123.95699285801,-699766.366400193
2020,2,"MOHK",2,"CONTROL",0,4.5,1008,49718.6721214362,-56249.2366071429,-12599829,49773.0123205439,-44195.7161458333,-9899840.41666667,790.865000649311,56.8429363229558,12732.8177363421,104.260580884867,9.10552189587906,2039.63690467691,45280.83956087,-28563.8797050525,-6398309.05393176,17438.4711111311,-3122.79371475201,-699505.79210445
2020,2,"MOHK",3,"ANNUAL",0,5.2,1164.8,49718.6848112158,-56249.2254464286,-12599826.5,49772.8628963055,-44195.8836123512,-9899877.92916667,180.704524983988,17.4317697587513,3904.71642596029,26.0412897170432,3.39789088030288,761.127557187845,45277.5623107099,-28568.8758269964,-6399428.18524719,17438.2078239289,-3124.13997697977,-699807.354843468
2020,2,"MOHK",4,"CONTINUAL",0,6,1290,49920.4128635196,-54417.7813953488,-11699823,49959.520252564,-46045.7869573643,-9899844.19583333,234.966366572431,28.3006696199099,6084.64396828063,56.1799721691407,7.95365467806451,1710.03575578387,43735.3528342705,-25577.4290107744,-5499147.23731651,17789.2398628462,-3254.20049898117,-699653.107280952
2020,2,"NAPL",3,"CONTROL",0,7,1568,49718.9067817207,-56249.0301339286,-12599782.75,49773.0255916147,-44195.7012462798,-9899837.07916667,172.626205868804,20.546779205966,4602.47854213639,33.4706444124345,5.22055548302543,1169.4044281977,45277.7216723807,-28568.6234776543,-6399371.65899456,17438.3029009132,-3123.6137115897,-699689.471396092
2020,2,"NAPL",9,"ANNUAL",0,7,1568,49718.8687377519,-56249.0636160714,-12599790.25,49773.0472392805,-44195.6769903274,-9899831.64583333,157.785644026959,19.1971710602256,4300.16631749054,27.6230728207556,4.62843567534258,1036.76959127674,45277.613218639,-28568.7931729263,-6399409.67073548,17438.3059848794,-3123.59653155095,-699685.623067413
2020,2,"NAPL",10,"CONTINUAL",0,7.5,1612.5,49920.5592896384,-54417.6476744186,-11699794.25,49959.5028911283,-46045.8056976744,-9899848.225,148.46487772309,17.4970536546759,3761.86653575531,26.793518750728,3.99795131849037,859.55953347543,43734.4919671481,-25578.8831834865,-5499459.88444961,17789.1257071313,-3254.81170174329,-699784.515874807
2020,8,"AQUE",4,"CONTROL",0,2.5,560,49718.6213836814,-56249.28125,-12599839,49772.9536336061,-44195.7819196429,-9899855.15,322.801441115489,23.9059782128168,5354.93911967096,42.1645297558718,3.75138296826286,840.309784890881,45278.0409860014,-28568.1416590185,-6399263.73162014,17438.2517171567,-3123.91020942864,-699755.886912015
2020,8,"AQUE",7,"ANNUAL",0,2.3,515.2,49718.6277271037,-56249.2756696429,-12599837.75,49772.9870850041,-44195.744438244,-9899846.75416667,192.217814920898,16.3108041612151,3653.62013211218,25.3343908266174,2.68972654130112,602.498745251451,45277.466501861,-28569.0281995433,-6399462.31669771,17438.1806366193,-3124.29158323572,-699841.314644802
2020,8,"AQUE",8,"CONTINUAL",0,2.6,559,49920.260004942,-54417.9209302326,-11699853,49959.627948914,-46045.6707945736,-9899819.22083333,150.181525623573,16.2854612494124,3501.37416862367,34.7995393995851,3.9631344014678,852.073896315577,43734.3711746634,-25579.0886917408,-5499504.06872426,17789.0902289614,-3255.00489766975,-699826.052998997
2020,8,"CARP",7,"CONTROL",0,2.5,560,49718.8243751581,-56249.1026785714,-12599799,49773.2912064904,-44195.4037202381,-9899770.43333333,563.811448872957,49.3687661669332,11058.603621393,397.906892545888,31.9322244156312,7152.81826910139,45279.3871121261,-28566.0394181876,-6398792.82967402,17438.7976304354,-3121.12867909112,-699132.82411641
2020,8,"CARP",9,"ANNUAL",0,2.5,560,49718.7989826136,-56249.125,-12599804,49773.1276411591,-44195.5870721726,-9899811.50416667,601.444147073149,46.6607966149124,10452.0184417404,425.546303219963,29.938003163957,6706.11270872636,45279.0933535861,-28566.5089460565,-6398898.00391666,17438.691296786,-3121.74500533198,-699270.881194363
2020,8,"CARP",10,"CONTINUAL",0,3,645,49920.4765984009,-54417.723255814,-11699810.5,49959.8157709889,-46045.4680426357,-9899775.62916667,545.506589416711,50.875337189153,10938.1974956679,386.940957777158,34.7068325981936,7461.96900861161,43736.2957494844,-25575.8618450489,-5498810.29668551,17789.7354953089,-3251.73998329253,-699124.096407894
2020,8,"IVEE",3,"CONTROL",0,7,1568,49718.7038453811,-56249.2087053571,-12599822.75,49773.1693289229,-44195.5403459821,-9899801.0375,513.865985737734,50.550126163326,11323.228260585,260.970910048219,21.1947652050117,4747.62740592262,45279.8142428804,-28565.3735957884,-6398643.68545661,17438.5831809982,-3122.1821129414,-699368.793298874
2020,8,"IVEE",4,"ANNUAL",0,6.5,1456,49718.7799597872,-56249.1417410714,-12599807.75,49772.8997182734,-44195.8423363095,-9899868.68333333,369.816004761483,36.0253326528591,8069.67451424044,65.7937724437518,7.57172864616219,1696.06721674033,45279.1067665164,-28566.4693856084,-6398889.14237627,17438.3577388727,-3123.33020523433,-699625.96597249
2020,8,"MOHK",2,"CONTROL",0,4,896,49718.6340706654,-56249.2700892857,-12599836.5,49772.9436307081,-44195.7931175595,-9899857.65833333,596.064133741948,44.7298815907913,10019.4934763372,80.1174611677123,7.89522849531855,1768.53118295136,45279.7921971016,-28565.4526549158,-6398661.39470113,17438.4045965323,-3123.1108462681,-699576.829564054
2020,8,"MOHK",3,"ANNUAL",0,4.2,940.8,49718.7736159767,-56249.1473214286,-12599809,49772.9124737095,-44195.828031994,-9899865.47916667,335.810648441683,29.9025405508443,6698.16908338913,46.3883567135379,5.81926157500022,1303.51459280005,45278.614053805,-28567.24017476,-6399061.79914623,17438.3262381395,-3123.49890162411,-699663.7539638
2020,8,"MOHK",4,"CONTINUAL",0,3.8,817,49920.3236892828,-54417.8627906977,-11699840.5,49959.5061955852,-46045.8021317829,-9899847.45833333,426.028234960885,38.5924867043773,8297.38464144111,67.4300325667068,8.81976610512801,1896.24971260252,43736.1003122398,-25576.198506812,-5498882.67896458,17789.2988559559,-3253.90241395999,-699589.019001399
2020,8,"NAPL",3,"CONTROL",0,2.6,582.4,49718.8053102118,-56249.1194196429,-12599802.75,49772.9326389441,-44195.8054315476,-9899860.41666667,186.841781960966,21.3866919599615,4790.61899903137,26.9505221411945,4.07623908330216,913.077554659683,45277.8870304094,-28568.3641588905,-6399313.57159146,17438.266234166,-3123.81697635658,-699735.002703874
2020,8,"NAPL",9,"ANNUAL",0,2,448,49718.8116496464,-56249.1138392857,-12599801.5,49773.0636399457,-44195.65859375,-9899827.525,163.139452726073,22.1023630293441,4950.92931857307,24.9390679304743,4.42838922037039,991.959185362967,45278.0315190248,-28568.1339767738,-6399262.01079734,17438.3209040623,-3123.51465135107,-699667.281902639
2020,8,"NAPL",10,"CONTINUAL",0,2.2,473,49920.5019883203,-54417.7,-11699805.5,49959.4550945721,-46045.8573062015,-9899859.32083333,279.547522046045,32.2589767356634,6935.67999816764,37.4515363769439,5.5858788389707,1200.9639503787,43735.5630790067,-25577.0789487127,-5499071.97397323,17789.2703258844,-3254.03731382847,-699618.022473122
2020,11,"AQUE",4,"CONTROL",0,6,1344,49718.6277251307,-56249.2756696429,-12599837.75,49772.9819824366,-44195.7501674107,-9899848.0375,82.8762511787002,8.1253966862424,1820.0888577183,13.3754149323015,1.89262123592477,423.947156847148,45276.7873004078,-28570.0909290972,-6399700.36811777,17438.1530223547,-3124.44010090928,-699874.582603678
2020,11,"AQUE",7,"ANNUAL",0,6,1344,49718.6911496912,-56249.2198660714,-12599825.25,49773.033998968,-44195.6918712798,-9899834.97916667,138.155165040157,13.2293455052762,2963.37339318188,19.3331347426152,2.66485336894417,596.927154643495,45277.1909989207,-28569.4575786786,-6399558.49762402,17438.174581741,-3124.32183565253,-699848.091186167
2020,11,"AQUE",8,"CONTINUAL",0,6.5,1397.5,49920.2727389846,-54417.9093023256,-11699850.5,49959.564067294,-46045.739748062,-9899834.04583333,95.7008021968964,13.0476631496316,2805.24757717079,20.1619499940402,3.34474815735399,719.120853831107,43734.0886501308,-25579.5652198459,-5499606.52226688,17789.0867032342,-3255.02122108706,-699829.562533717
2020,11,"CARP",7,"CONTROL",0,2.6,582.4,49718.7863169844,-56249.1361607143,-12599806.5,49773.0836424384,-44195.6362165179,-9899822.5125,162.776087785961,17.356350478925,3887.8225072792,113.173798825001,9.9947036452277,2238.81361653101,45277.3279404264,-28569.2403726576,-6399509.84347531,17438.2894035445,-3123.70178187293,-699709.199139536
2020,11,"CARP",9,"ANNUAL",0,3,672,49718.7228736145,-56249.1919642857,-12599819,49772.9402306715,-44195.7969308036,-9899858.5125,84.4813209201471,11.1213002447884,2491.17125483259,44.9625636704543,4.94456374032977,1107.58227783387,45276.8890169427,-28569.9298510971,-6399664.28664576,17438.1686798835,-3124.35413933086,-699855.327210114
2020,11,"CARP",10,"CONTINUAL",0,3.3,709.5,49920.4065488933,-54417.7872093023,-11699824.25,49959.6464896053,-46045.6507170543,-9899814.90416667,170.924451328367,17.6978985055928,3805.04817870245,121.183087719574,11.6516276643693,2505.0999478394,43734.2535668455,-25579.2870991953,-5499546.72632699,17789.2046170852,-3254.40188902317,-699696.406139981
2020,11,"IVEE",3,"CONTROL",0,2.5,560,49718.8624563921,-56249.0691964286,-12599791.5,49772.9416093743,-44195.795405506,-9899858.17083333,221.267812780131,25.1847841197357,5641.39164282079,123.584463581351,11.2760871454842,2525.84352058845,45278.0331053997,-28568.1342569164,-6399262.07354927,17438.3360895275,-3123.44974976129,-699652.743946529
2020,11,"IVEE",4,"ANNUAL",0,2.5,560,49718.8497740213,-56249.0803571429,-12599794,49772.8143656084,-44195.9380208333,-9899890.11666667,166.064769502027,17.2870831528323,3872.30662623443,22.5794493107489,2.9628566358286,663.679886425607,45277.6552525094,-28568.7280154921,-6399395.07547023,17438.2070009461,-3124.14394586555,-699808.243873883
2020,11,"MOHK",2,"CONTROL",0,2.5,560,49718.7418923928,-56249.1752232143,-12599815.25,49772.9845687907,-44195.7472842262,-9899847.39166667,121.313550332106,10.2738925926628,2301.35194075646,19.3771595342505,2.11408982648711,473.556121133113,45276.9270771522,-28569.8726002642,-6399651.46245918,17438.1384916056,-3124.52129972292,-699892.771137934
2020,11,"MOHK",3,"ANNUAL",0,3,672,49718.8179971124,-56249.1082589286,-12599800.25,49772.8574215208,-44195.889750744,-9899879.30416667,158.294582088223,17.0250796561334,3813.61784297388,24.8038863584957,3.7824373023793,847.265955732962,45277.6037211756,-28568.8084705733,-6399413.09740842,17438.2476950088,-3123.92054418677,-699758.201897838
2020,11,"MOHK",4,"CONTINUAL",0,2.5,537.5,49920.4064783955,-54417.7872093023,-11699824.25,49959.4600259422,-46045.851996124,-9899858.17916667,204.942444055658,19.4576198155127,4183.38826033523,31.3899033155172,3.89549333305824,837.531066607521,43734.62936937,-25578.6559012249,-5499411.01876336,17789.1146500168,-3254.87520162254,-699798.168348846
2020,11,"NAPL",3,"CONTROL",0,4.5,1008,49718.8877915218,-56249.046875,-12599786.5,49772.8524934787,-44195.8952752976,-9899880.54166667,94.7448278159947,14.5138121440509,3251.09392026739,24.602130251584,4.13185807299026,925.536208349819,45277.1776464651,-28569.475492403,-6399562.51029828,17438.2156947561,-3124.09242681055,-699796.703605563
2020,11,"NAPL",9,"ANNUAL",0,4.8,1075.2,49718.8560786369,-56249.0747767857,-12599792.75,49772.9569460739,-44195.7781994048,-9899854.31666667,79.80456107559,13.6877019081231,3066.04522741956,24.8643956518012,3.9871402247904,893.11941035305,45277.145220628,-28569.5259025966,-6399573.80218164,17438.2293153512,-3124.01740556839,-699779.89884732
2020,11,"NAPL",10,"CONTINUAL",0,4.8,1032,49920.5529649542,-54417.6534883721,-11699795.5,49959.4048895137,-46045.9115116279,-9899870.975,124.619634545507,19.1609006249521,4119.59363436471,24.228544615205,4.6234560138923,994.043042986845,43734.5225627137,-25578.8289256895,-5499448.21902323,17789.1963818647,-3254.42824925097,-699702.073588958
2021,2,"AQUE",4,"CONTROL",0,3.8,851.2,49718.6721194632,-56249.2366071429,-12599829,49772.9198913609,-44195.8197358631,-9899863.62083333,65.9006829055391,7.46928190458782,1673.11914662767,17.6124930286254,2.39472612307135,536.418651567981,45276.6894216596,-28570.2444967159,-6399734.76726435,17438.1410090929,-3124.50572018976,-699889.281322507
2021,2,"AQUE",7,"ANNUAL",0,4,896,49718.6530945776,-56249.2533482143,-12599832.75,49773.0779618555,-44195.6425967262,-9899823.94166667,165.100920372573,16.1743457719912,3623.05345292603,25.7240368658658,3.7672129983498,843.855711630356,45277.4367614185,-28569.0722962222,-6399472.19435378,17438.2193868514,-3124.0760106944,-699793.026395545
2021,2,"AQUE",8,"CONTINUAL",0,3.5,752.5,49920.3173136447,-54417.8686046512,-11699841.75,49959.6819093824,-46045.6126162791,-9899806.7125,77.3093654944325,11.1546829082396,2398.25682527152,34.9304142052631,4.08457689957593,878.184033408826,43733.9264870875,-25579.8398656507,-5499665.5711149,17789.0789676531,-3255.063424789,-699838.636329635
2021,2,"CARP",7,"CONTROL",0,5.5,1232,49718.7926623423,-56249.1305803571,-12599805.25,49773.1909988,-44195.5159412202,-9899795.57083333,323.905210563221,29.8461491106327,6685.53740078173,227.74403313723,18.2313192372992,4083.81550915501,45278.1394149604,-28567.9728916967,-6399225.92774006,17438.4662691447,-3122.78370201329,-699503.549250977
2021,2,"CARP",9,"ANNUAL",0,6,1344,49718.5896805003,-56249.3091517857,-12599845.25,49773.3378634282,-44195.3514136905,-9899758.71666667,332.7493024452,32.7297173630257,7331.45668931776,223.771584917408,17.6788301814594,3960.05796064691,45278.3342980132,-28567.6675585297,-6399157.53311066,17438.4498577485,-3122.87273302647,-699523.49219793
2021,2,"CARP",10,"CONTINUAL",0,6.5,1397.5,49920.4893542811,-54417.711627907,-11699808,49959.683742188,-46045.610503876,-9899806.25833333,310.081947111201,29.8578029635405,6419.42763716121,220.289296024043,19.9217358727882,4283.17321264946,43735.0077062106,-25578.0163262873,-5499273.51015177,17789.4042843312,-3253.37263043494,-699475.115543513
2021,2,"IVEE",3,"CONTROL",0,1.8,403.2,49718.7165211944,-56249.1975446429,-12599820.25,49772.9741832308,-44195.7589471726,-9899850.00416667,219.530075698082,17.231014219376,3859.74718514023,155.283995026139,10.9772615740447,2458.90659258601,45277.2666929503,-28569.3403610188,-6399532.24086822,17438.2812438235,-3123.76500799354,-699723.361790554
2021,2,"IVEE",4,"ANNUAL",0,1.8,403.2,49718.691157865,-56249.2198660714,-12599825.25,49772.8116775064,-44195.9410342262,-9899890.79166667,88.4527634562651,10.5858178577602,2371.22320013828,18.8018541087933,2.4604146774758,551.13288775458,45277.0237156077,-28569.7182015285,-6399616.87714239,17438.1530767424,-3124.43931321287,-699874.406159683
2021,2,"MOHK",2,"CONTROL",0,1.8,403.2,49718.7418877422,-56249.1752232143,-12599815.25,49772.9489407965,-44195.7871837798,-9899856.32916667,39.9225842639423,6.37807519903545,1428.68884458394,24.4190230478029,3.09124539560926,692.438968616474,45276.6257599196,-28570.3441342747,-6399757.08607754,17438.1588471121,-3124.4076172198,-699867.306257235
2021,2,"MOHK",3,"ANNUAL",0,2.1,470.4,49718.8370265365,-56249.0915178571,-12599796.5,49772.9875702211,-44195.7438616071,-9899846.625,193.940075890104,20.4417898558691,4578.96092771468,35.4321419381003,5.31767501576288,1191.15920353088,45277.8068317967,-28568.4914421894,-6399342.08305042,17438.260515059,-3123.85004062044,-699742.409098979
2021,2,"MOHK",4,"CONTINUAL",0,1.6,344,49920.323682116,-54417.8627906977,-11699840.5,49959.5747163932,-46045.7281782946,-9899831.55833333,317.256013424149,29.7542163289691,6397.15651072835,59.3706165615469,7.90474892161525,1699.52101814728,43735.3687520362,-25577.4166176834,-5499144.57280194,17789.22146994,-3254.30803331063,-699676.227161786
2021,2,"NAPL",3,"CONTROL",0,3,672,49718.8814306835,-56249.0524553571,-12599787.75,49772.9319240903,-44195.8062313988,-9899860.59583333,134.504751905524,15.1525998566177,3394.18236788237,26.4386192243892,3.9241974563879,879.020230230889,45277.3292647573,-28569.2390882832,-6399509.55577545,17438.228877738,-3124.0222262595,-699780.978682127
2021,2,"NAPL",9,"ANNUAL",0,3.2,716.8,49718.9131329702,-56249.0245535714,-12599781.5,49772.9968477088,-44195.7334635417,-9899844.29583333,78.9272667455795,12.9008042982037,2889.78016279763,18.4296471939141,3.27310897545158,733.176410501155,45277.1750796561,-28569.4789388637,-6399563.28230547,17438.2344249802,-3123.98874993977,-699773.479986507
2021,2,"NAPL",10,"CONTINUAL",0,3,645,49920.5210927221,-54417.6825581395,-11699801.75,49959.4161263835,-46045.899379845,-9899868.36666667,56.7265235721794,10.1934571299113,2191.59328293092,16.1724655995323,3.09443529103363,665.30358757223,43733.8988662881,-25579.8862649171,-5499675.54695718,17789.0998676302,-3254.94884924129,-699814.002586877
2021,5,"AQUE",4,"CONTROL",0,2,448,49718.710172578,-56249.203125,-12599821.5,49772.9567297522,-44195.7784598214,-9899854.375,148.785585432514,12.6480905018951,2833.17227242451,22.7383731365344,2.7943907517039,625.943528381674,45277.1252716768,-28569.5621393075,-6399581.91920488,17438.1624867785,-3124.38958667254,-699863.267414648
2021,5,"AQUE",7,"ANNUAL",0,1.8,403.2,49718.7228620584,-56249.1919642857,-12599819,49772.9494422032,-44195.7866071429,-9899856.2,263.451981881769,20.4949563632285,4590.87022536319,34.8584907943189,3.46371938677022,775.873142636529,45277.7878920178,-28568.5307024605,-6399350.87735115,17438.2169585562,-3124.0962276344,-699797.554990106
2021,5,"AQUE",8,"CONTINUAL",0,2,430,49920.3682604953,-54417.8220930233,-11699831.75,49959.6754668865,-46045.6195348837,-9899808.2,87.8546889769317,9.85771322877012,2119.40834418558,18.3056485624907,2.59605104542635,558.150974766666,43733.9052234817,-25579.8769245848,-5499673.53878574,17789.0550769546,-3255.19281649678,-699866.455546808
2021,5,"CARP",7,"CONTROL",0,2.5,560,49718.8116692353,-56249.1138392857,-12599801.5,49773.1471493271,-44195.5651041667,-9899806.58333333,358.667656557762,37.5481141941768,8410.7775794956,229.240756191499,19.1962404470346,4299.95786013576,45278.7416705572,-28567.0296248214,-6399014.63595999,17438.4998685542,-3122.60176962982,-699462.796397081
2021,5,"CARP",9,"ANNUAL",0,2.5,560,49718.6594498305,-56249.2477678571,-12599831.5,49773.2214262184,-44195.4818824405,-9899787.94166667,532.822121713205,53.0440606820057,11881.8695927693,234.33196722806,20.1674403627449,4517.50664125485,45280.0498567514,-28565.0114167533,-6398562.55735273,17438.5800876819,-3122.18557022957,-699369.567731424
2021,5,"CARP",10,"CONTINUAL",0,2.5,537.5,49920.4956519219,-54417.7058139535,-11699806.75,49959.8269991563,-46045.4558914729,-9899773.01666667,344.244267888125,37.3635987224943,8033.17372533626,239.565550676681,21.5569046083401,4634.73449079312,43735.5202298644,-25577.1485632342,-5499086.94109534,17789.4425359002,-3253.17765414581,-699433.195641348
2021,5,"IVEE",3,"CONTROL",0,3.5,784,49718.9131913139,-56249.0245535714,-12599781.5,49772.9778662736,-44195.7547619048,-9899849.06666667,165.240888060736,18.7303027370313,4195.587813095,106.094837900541,8.82086314382073,1975.87334421584,45277.5142252586,-28568.9474075108,-6399444.21928242,17438.2674552967,-3123.82172335815,-699736.066032226
2021,5,"IVEE",4,"ANNUAL",0,3.5,784,49718.8180892787,-56249.1082589286,-12599800.25,49772.8176013829,-44195.9343936012,-9899889.30416667,175.477215196142,17.8442935201666,3997.12174851733,23.9684947754376,2.98213388858808,667.997991043731,45277.7043301761,-28568.6517807126,-6399377.99887962,17438.2110882535,-3124.12225635387,-699803.385423266
2021,5,"MOHK",2,"CONTROL",0,2.5,560,49718.8243413356,-56249.1026785714,-12599799,49773.1081079793,-44195.6088355655,-9899816.37916667,37.781457507078,6.7124839215049,1503.5963984171,19.6141655373434,2.91340020714458,652.601646400385,45276.6393503272,-28570.3226451329,-6399752.27250977,17438.1513587806,-3124.44814534145,-699876.384556485
2021,5,"MOHK",3,"ANNUAL",0,2.5,560,49718.8243578241,-56249.1026785714,-12599799,49772.9318782141,-44195.8062872024,-9899860.60833333,279.520482618286,22.1516877572027,4961.97805761341,37.0507305451806,3.90851373933356,875.507077610716,45277.9457184204,-28568.2842849324,-6399295.67982487,17438.228345249,-3124.03473576278,-699783.780810864
2021,5,"MOHK",4,"CONTINUAL",0,2,430,49920.4446808846,-54417.7523255814,-11699816.75,49959.4964473334,-46045.8126744186,-9899849.725,270.365442792576,21.8237889464399,4692.11462348457,36.4731294918347,4.07354892835178,875.813019595632,43734.8413141542,-25578.3055351715,-5499335.69006187,17789.1267486834,-3254.81497901879,-699785.22048904
2021,5,"NAPL",3,"CONTROL",0,3.2,716.8,49718.9829286924,-56248.9631696429,-12599767.75,49772.978748847,-44195.7537574405,-9899848.84166667,270.983838296214,30.9389638455727,6930.32790140829,36.2773880577697,5.33736703043244,1195.57021481687,45278.5330805785,-28567.3561941763,-6399087.78749548,17438.3416384444,-3123.4080183807,-699643.396117277
2021,5,"NAPL",9,"ANNUAL",0,3,672,49718.8941189589,-56249.0412946429,-12599785.25,49773.0152450389,-44195.7128348214,-9899839.675,58.6173081393508,10.9298499283896,2448.28638395927,10.7186090902249,2.55462399955097,572.235775899418,45276.9604011041,-28569.8168015083,-6399638.96353786,17438.2152456434,-3124.09403734685,-699797.064365695
2021,5,"NAPL",10,"CONTINUAL",0,3.3,709.5,49920.5274949318,-54417.676744186,-11699800.5,49959.48259165,-46045.8276162791,-9899852.9375,173.972226880149,24.3220261533846,5229.23562297769,25.7326863174049,4.82440963974019,1037.24807254414,43734.9507672336,-25578.1051974098,-5499292.6174431,17789.2228180314,-3254.2869119601,-699671.686071422
2021,8,"AQUE",4,"CONTROL",0,3.2,716.8,49718.7228568441,-56249.1919642857,-12599819,49772.8861757632,-44195.857514881,-9899872.08333333,43.83760701412,5.08266647722208,1138.51729089775,9.80458932554901,1.48010284040681,331.543036251126,45276.5213018166,-28570.5090566972,-6399794.02870017,17438.1105567687,-3124.67408801588,-699926.995715557
2021,8,"AQUE",7,"ANNUAL",0,3.1,694.4,49718.7228641724,-56249.1919642857,-12599819,49772.963119072,-44195.7712797619,-9899852.76666667,195.621615065474,15.7221288640124,3521.75686553877,26.5616311419641,2.73006688231188,611.534981637862,45277.4079332505,-28569.1209697507,-6399483.09722415,17438.1807232484,-3124.2913670435,-699841.266217745
2021,8,"AQUE",8,"CONTINUAL",0,2.2,473,49920.4319374156,-54417.7639534884,-11699819.25,49959.6086360636,-46045.6916085271,-9899823.69583333,98.1079132689669,11.213401990513,2410.88142796029,18.4886811399597,2.85230073297469,613.244657589557,43733.987028556,-25579.7382909322,-5499643.73255042,17789.0696048754,-3255.11416480159,-699849.545432342
2021,8,"CARP",7,"CONTROL",0,2.3,515.2,49718.7545901736,-56249.1640625,-12599812.75,49773.2164499249,-44195.4874255952,-9899789.18333333,342.837449217589,34.7205930986835,7777.41285410509,233.200679529387,18.9558041767948,4246.10013560203,45278.5251885877,-28567.36733268,-6399090.28252031,17438.4851017876,-3122.68405245971,-699481.227750976
2021,8,"CARP",9,"ANNUAL",0,2.3,515.2,49718.7736128763,-56249.1473214286,-12599809,49773.1914500111,-44195.5154575893,-9899795.4625,339.937416290532,34.642597820392,7759.94191176782,223.473708470845,17.1510449430373,3841.83406724036,45278.5829221901,-28567.2769115981,-6399070.02819796,17438.4588190932,-3122.823801087,-699512.531443488
2021,8,"CARP",10,"CONTINUAL",0,2.3,494.5,49920.4893064539,-54417.711627907,-11699808,49959.8066193417,-46045.4778682171,-9899777.74166667,327.407647980206,34.8087225967455,7483.87535830029,228.943848197592,20.4170994642303,4389.67638480952,43735.3801134413,-25577.3847597069,-5499137.72333699,17789.4097433584,-3253.34750814704,-699469.714251613
2021,8,"IVEE",3,"CONTROL",0,2.3,515.2,49718.8497424537,-56249.0803571429,-12599794,49773.0694739872,-44195.6521577381,-9899826.08333333,369.401647225176,36.6189087620352,8202.63556269588,241.421858689484,18.2519488603005,4088.43654470732,45278.7575304032,-28567.0054947227,-6399009.23081788,17438.4809156964,-3122.71566072858,-699488.308003202
2021,8,"IVEE",4,"ANNUAL",0,2.3,515.2,49718.7546225869,-56249.1640625,-12599812.75,49772.832634125,-44195.9175409226,-9899885.52916667,311.947646620275,25.9894590525684,5821.63882777533,41.0008883750274,3.9753605120167,890.480754691741,45278.3894692415,-28567.5901688717,-6399140.19782727,17438.2696320852,-3123.80964619552,-699733.360747796
2021,8,"MOHK",2,"CONTROL",0,2.2,492.8,49718.8053114801,-56249.1194196429,-12599802.75,49772.9602057039,-44195.7745349702,-9899853.49583333,116.675491886186,14.6315485499444,3277.46687518754,33.9431477445139,4.93209428662985,1104.78912020509,45277.284436786,-28569.3084389251,-6399525.09031923,17438.2130754102,-3124.10871495448,-699800.352149804
2021,8,"MOHK",3,"ANNUAL",0,2.1,470.4,49718.7989713395,-56249.125,-12599804,49772.9192628605,-44195.8204241071,-9899863.775,177.346445944593,18.4302616265711,4128.37860435193,31.8067290957771,4.74783569245291,1063.51519510945,45277.6183604639,-28568.7869309053,-6399408.27252279,17438.2348748676,-3123.99037434085,-699773.84385235
2021,8,"MOHK",4,"CONTINUAL",0,2.1,451.5,49920.4701686822,-54417.7290697674,-11699811.75,49959.439745577,-46045.873875969,-9899862.88333333,131.445106119865,15.6747550739687,3370.07234090326,44.1445244636626,5.77540349465716,1241.71175135129,43734.2612497446,-25579.2737877108,-5499543.86435783,17789.1124865338,-3254.8841396413,-699800.090022879
2021,8,"NAPL",3,"CONTROL",0,4.2,940.8,49718.9956138213,-56248.9520089286,-12599765.25,49773.0004702289,-44195.729389881,-9899843.38333333,240.394780950481,28.4445426205573,6371.57754700485,33.5145630408178,4.9445401688824,1107.57699782966,45278.4200250003,-28567.5299743156,-6399126.7142467,17438.3317465934,-3123.45954597009,-699654.938297301
2021,8,"NAPL",9,"ANNUAL",0,4,896,49718.9068108926,-56249.0301339286,-12599782.75,49773.054457562,-44195.6688802083,-9899829.82916667,189.291673037059,23.391105766517,5239.6076916998,27.0431385887127,4.5747017388866,1024.7331895106,45278.0327068984,-28568.1346588186,-6399262.16357537,17438.3356393669,-3123.43564379497,-699649.584210074
2021,8,"NAPL",10,"CONTINUAL",0,4.4,946,49920.5147437498,-54417.688372093,-11699803,49959.5384226608,-46045.7673255814,-9899839.975,151.202372198954,21.2343952470783,4565.39497812184,22.5437025198312,4.27090151737968,918.243826236631,43734.8265133207,-25578.314351093,-5499337.58548499,17789.1995738503,-3254.41297290601,-699698.789174792
2021,11,"AQUE",4,"CONTROL",0,2,448,49718.640407884,-56249.2645089286,-12599835.25,49772.9231218886,-44195.8161272321,-9899862.8125,33.9807543019388,4.22741539689588,946.941048904678,7.45089516770469,1.26710834062515,283.832268300033,45276.457247864,-28570.6098884636,-6399816.61501585,17438.1047455032,-3124.70616210684,-699934.180311932
2021,11,"AQUE",7,"ANNUAL",0,2.6,582.4,49718.6657797151,-56249.2421875,-12599830.25,49773.2112418172,-44195.493359375,-9899790.5125,85.594496505012,12.138892558721,2719.11193315351,22.9946500146238,3.61205719374229,809.100811398274,45277.1059446849,-28569.5884273832,-6399587.80773384,17438.2207584365,-3124.06755093149,-699791.131408653
2021,11,"AQUE",8,"CONTINUAL",0,2.5,537.5,49920.3109482435,-54417.8744186047,-11699843,49959.679855553,-46045.6148449612,-9899807.19166667,69.501452112703,8.94468073164854,1923.10635730444,16.1836311346277,2.43543421691828,523.61835663743,43733.7899549811,-25580.0720520559,-5499715.49119202,17789.0575598653,-3255.17908486129,-699863.503245178
2021,11,"CARP",7,"CONTROL",0,2.6,582.4,49718.8307079648,-56249.0970982143,-12599797.75,49773.1194038369,-44195.5961681548,-9899813.54166667,274.656396600305,26.6530607053606,5970.28559800078,193.569566557901,15.8328311114882,3546.55416897336,45277.9260307221,-28568.3046787428,-6399300.24803838,17438.4090579447,-3123.07752420319,-699569.365421515
2021,11,"CARP",9,"ANNUAL",0,2.6,582.4,49718.7545908782,-56249.1640625,-12599812.75,49773.1354720572,-44195.5781808036,-9899809.5125,173.96793161717,15.3412173400318,3436.43268416711,122.261237766208,8.97112081088794,2009.5310616389,45277.154281012,-28569.5148678195,-6399571.33039158,17438.2540655679,-3123.90104602069,-699753.834308634
2021,11,"CARP",10,"CONTINUAL",0,2.5,537.5,49920.5275045849,-54417.676744186,-11699800.5,49959.8264519018,-46045.4564534884,-9899773.1375,308.8001750854,29.5325409847466,6349.49631172052,218.508147305931,18.4825548308431,3973.74928863127,43735.0083168723,-25578.0146430517,-5499273.14825611,17789.3556807596,-3253.63221457706,-699530.926134067
2021,11,"IVEE",3,"CONTROL",0,2.6,582.4,49718.748254672,-56249.1696428571,-12599814,49772.9483778113,-44195.7878162202,-9899856.47083333,245.508301773098,27.5104828764422,6162.34816432305,108.27080703989,9.89907702926672,2217.39325455575,45278.2502948024,-28567.7957436938,-6399186.24658742,17438.3308178216,-3123.47583841757,-699658.587805535
2021,11,"IVEE",4,"ANNUAL",0,3,672,49718.6721477896,-56249.2366071429,-12599829,49772.8142169211,-44195.9381882441,-9899890.15416667,199.698860949077,17.8027513016831,3987.81629157701,26.2127581079088,2.67531577882379,599.27073445653,45277.6150019582,-28568.7949560046,-6399410.07014503,17438.2226897282,-3124.05911364596,-699789.241456696
2021,11,"MOHK",2,"CONTROL",0,2.5,560,49718.7482421295,-56249.1696428571,-12599814,49772.9566664017,-44195.778515625,-9899854.3875,78.7196221241915,11.6758343226353,2615.38688827031,39.6116805334936,4.95469586376857,1109.85187348416,45277.0928413597,-28569.6085990838,-6399592.32619476,17438.2180903893,-3124.08157802338,-699794.273477237
2021,11,"MOHK",3,"ANNUAL",0,2.5,560,49718.8941523585,-56249.0412946429,-12599785.25,49772.9359975441,-44195.8016741071,-9899859.575,73.5844353841152,13.3032740080062,2979.93337779339,23.0562558733517,4.25654916305028,953.467012523262,45277.3278661485,-28569.2381298087,-6399509.34107714,17438.2511245631,-3123.89889056131,-699753.351485733
2021,11,"MOHK",4,"CONTINUAL",0,2.5,537.5,49920.3810110147,-54417.8104651163,-11699829.25,49959.5203530322,-46045.786879845,-9899844.17916667,52.6616377114669,8.71929232719898,1874.64785034778,33.2883346497119,4.66217720865318,1002.36809986043,43733.7998337619,-25580.0545792633,-5499711.73454161,17789.0876599586,-3255.01669167923,-699828.588711034
2021,11,"NAPL",3,"CONTROL",0,3.2,716.8,49718.8306840072,-56249.0970982143,-12599797.75,49772.9594347219,-44195.775390625,-9899853.6875,118.120178730364,16.5305475220172,3702.84264493185,21.3546316130048,3.85280239788403,863.027737126022,45277.3772398424,-28569.162159012,-6399492.32361869,17438.2372875176,-3123.97369318473,-699770.107273379
2021,11,"NAPL",9,"ANNUAL",0,3.5,784,49718.8497067991,-56249.0803571429,-12599794,49773.0143982417,-44195.7138020833,-9899839.89166667,142.418765952725,19.8386621274048,4443.86031653869,24.2534869535586,4.71241193368289,1055.58027314497,45277.5971500027,-28568.8170874626,-6399415.02759163,17438.2962467957,-3123.64921828109,-699697.424894964
2021,11,"NAPL",10,"CONTINUAL",0,3.5,752.5,49920.5402038385,-54417.6651162791,-11699798,49959.4529597504,-46045.8596124031,-9899859.81666667,122.205522437928,17.2855084477659,3716.38431626967,18.2087463042428,3.64132840664555,782.885607428794,43734.4243842758,-25578.9959039584,-5499484.11935105,17789.1714323882,-3254.56339756267,-699731.130475973
2022,2,"AQUE",4,"CONTROL",0,2.4,537.6,49718.6657792924,-56249.2421875,-12599830.25,49772.9928276375,-44195.7380394345,-9899845.32083333,38.9219405733731,4.99238408414053,1118.29403484748,10.8244240266619,1.75923267002585,394.06811808579,45276.4777731804,-28570.577576776,-6399809.37719781,17438.1083350883,-3124.68626131647,-699929.722534889
2022,2,"AQUE",7,"ANNUAL",0,2.3,515.2,49718.6848086791,-56249.2254464286,-12599826.5,49773.083666458,-44195.6362537202,-9899822.52083333,156.272717629248,15.041107026163,3369.20797386052,22.5196360274465,3.18293846293178,712.978215696719,45277.3278271982,-28569.2432519327,-6399510.48843293,17438.1987135417,-3124.18941352051,-699818.428628595
2022,2,"AQUE",8,"CONTINUAL",0,2.5,537.5,49920.3427838642,-54417.8453488372,-11699836.75,49959.6059207406,-46045.6945736434,-9899824.33333333,85.5836439120303,9.09732279338234,1955.9244005772,13.4584005294568,2.14794407898215,461.807976981161,43733.8296753064,-25580.0053511928,-5499701.15050646,17789.0381555556,-3255.28436388599,-699886.138235487
2022,2,"CARP",7,"CONTROL",0,1.5,336,49718.7102010453,-56249.203125,-12599821.5,49773.1663291291,-44195.5436011905,-9899801.76666667,407.171508190069,36.6784634036956,8215.97580242782,286.92911395104,22.9410473666623,5138.79461013235,45278.4945969202,-28567.4221410659,-6399102.55959875,17438.543514076,-3122.40392309567,-699418.478773431
2022,2,"CARP",9,"ANNUAL",0,1.5,336,49718.6404211312,-56249.2645089286,-12599835.25,49773.1155517265,-44195.6004464286,-9899814.5,179.08554094669,20.7454925304277,4646.9903268158,124.034927738944,12.4654381299348,2792.2581411054,45277.4297674821,-28569.080215424,-6399473.96825498,17438.3049845416,-3123.61778245366,-699690.38326962
2022,2,"CARP",10,"CONTINUAL",0,2,430,49920.4319691542,-54417.7639534884,-11699819.25,49959.7998098362,-46045.4851937984,-9899779.31666667,317.148011044603,34.1974496582418,7352.451676522,218.162342112811,19.4299142275698,4177.43155892751,43735.3307900593,-25577.4676312672,-5499155.54072244,17789.395455826,-3253.41695667296,-699484.645684687
2022,2,"IVEE",3,"CONTROL",0,2.5,560,49718.6657850704,-56249.2421875,-12599830.25,49772.8455421788,-44195.9030691964,-9899882.2875,271.499905180687,20.8771931107468,4676.49125680729,35.8349049169923,3.30813963051593,741.023277235567,45277.8674042516,-28568.4065661185,-6399323.07081055,17438.2120055676,-3124.12454849327,-699803.898862493
2022,2,"IVEE",4,"ANNUAL",0,2.7,604.8,49718.7102179566,-56249.203125,-12599821.5,49772.8025026655,-44195.9513206845,-9899893.09583333,189.390772827966,16.0397261422739,3592.89865586935,25.0143907777227,2.42024828713555,542.135616318363,45277.5342423938,-28568.9212900926,-6399438.36898073,17438.1849239721,-3124.2679742805,-699836.026238831
2022,2,"MOHK",2,"CONTROL",0,3,672,49718.7609194729,-56249.1584821429,-12599811.5,49772.9602830898,-44195.7744605655,-9899853.47916667,41.3468770938585,7.795298264616,1746.14681127398,23.8500974588868,3.69864337182535,828.496115288879,45276.7398445258,-28570.164199964,-6399716.78079194,17438.1802004226,-3124.28922322334,-699840.786002029
2022,2,"MOHK",3,"ANNUAL",0,3,672,49718.7038326976,-56249.2087053571,-12599822.75,49772.9009602892,-44195.8409412202,-9899868.37083333,78.7856367900694,12.442046109439,2787.01832851433,31.3064294273068,4.52322295703125,1013.201942375,45277.1481898211,-28569.5212615091,-6399572.76257803,17438.2232712603,-3124.05182153534,-699787.608023916
2022,2,"MOHK",4,"CONTINUAL",0,3,645,49920.3045785992,-54417.8802325581,-11699844.25,49959.5428957648,-46045.7625387597,-9899838.94583333,76.086245286098,11.4444412643892,2460.55487184368,46.6263615404962,6.09308040864416,1310.0122878585,43733.981330485,-25579.7466297498,-5499645.52539621,17789.1581935196,-3254.63918243461,-699747.424223442
2022,2,"NAPL",3,"CONTROL",0,3,672,49718.9955924005,-56248.9520089286,-12599765.25,49772.9765270665,-44195.7562313988,-9899849.39583333,96.7199629119288,17.953528646966,4021.59041692038,31.9894924051802,5.51914158028665,1236.28771398421,45277.5503379572,-28568.8877534015,-6399430.85676193,17438.2967821099,-3123.64552826353,-699696.59833103
2022,2,"NAPL",9,"ANNUAL",0,3,672,49718.9702327063,-56248.9743303571,-12599770.25,49773.0917846439,-44195.6270647321,-9899820.4625,96.161020592009,17.9568417349196,4022.332548622,25.3943098859713,5.21322402126499,1167.76218076336,45277.678005973,-28568.6866536868,-6399385.81042585,17438.3231811576,-3123.50105883258,-699664.237178498
2022,2,"NAPL",10,"CONTINUAL",0,3.2,688,49920.5847951722,-54417.6244186047,-11699789.25,49959.4817412343,-46045.8285271318,-9899853.13333333,131.673380277675,18.787448066635,4039.30133432652,27.4424926398991,4.96430805113855,1067.32623099479,43734.5873297142,-25578.7193905045,-5499424.66895847,17789.1953356685,-3254.43515070663,-699703.557401925
2022,5,"AQUE",4,"CONTROL",0,1.3,291.2,49718.6657784468,-56249.2421875,-12599830.25,49773.0851602961,-44195.6346540179,-9899822.1625,95.9597967293324,9.27571188926112,2077.75946319449,19.407648369766,2.47344132831969,554.050857543611,45276.8612156404,-28569.9749337184,-6399674.38515293,17438.1475751929,-3124.4702674188,-699881.339901811
2022,5,"AQUE",7,"ANNUAL",0,1.3,291.2,49718.640413662,-56249.2645089286,-12599835.25,49773.1057671121,-44195.6114955357,-9899816.975,159.617986657099,14.7806269478378,3310.86043631566,23.4799514686491,3.08007840309773,689.937562293892,45277.3082387262,-28569.2745012363,-6399517.48827692,17438.1993433386,-3124.18663212946,-699817.805596998
2022,5,"AQUE",8,"CONTINUAL",0,1.3,279.5,49920.2854759465,-54417.8976744186,-11699848,49959.5492481695,-46045.7556976744,-9899837.475,133.212634324393,12.3892278587388,2663.68398962885,22.9164686851965,2.97500541153561,639.626163480157,43734.067344099,-25579.6043149605,-5499614.92771651,17789.0562791307,-3255.18788924829,-699865.396188382
2022,5,"CARP",7,"CONTROL",0,1.2,268.8,49718.7545863686,-56249.1640625,-12599812.75,49773.1514421153,-44195.560249256,-9899805.49583333,322.906534993876,35.0378948247707,7848.48844074864,218.956062991122,19.0936861100123,4276.98568864277,45278.5563941204,-28567.3159974069,-6399078.78341914,17438.5029724189,-3122.57554222551,-699456.921458514
2022,5,"CARP",9,"ANNUAL",0,1.2,268.8,49718.6594546221,-56249.2477678571,-12599831.5,49773.0503294581,-44195.6735491071,-9899830.875,197.377388966014,19.5896601020921,4388.08386286863,136.01011723003,11.0770347738108,2481.25578933361,45277.471104477,-28569.0167804394,-6399459.75881842,17438.3001625607,-3123.65133978221,-699697.900111215
2022,5,"CARP",10,"CONTINUAL",0,1.3,279.5,49920.4255963205,-54417.7697674419,-11699820.5,49959.8030846799,-46045.4816666667,-9899778.55833333,334.090609490719,36.2900401605011,7802.35863450773,230.012379557228,20.8148835971064,4475.19997337789,43735.5065602877,-25577.1709359287,-5499091.75122468,17789.4383440565,-3253.1938843234,-699436.685129532
2022,5,"IVEE",3,"CONTROL",0,4.5,1008,49718.6911567376,-56249.2198660714,-12599825.25,49772.8650861845,-44195.881156994,-9899877.37916667,279.926216311425,23.4119467110114,5244.27606326655,38.0489352372082,4.41987830269458,990.052739803586,45278.0335408233,-28568.1458087137,-6399264.66115187,17438.2569400769,-3123.87627972164,-699748.286657647
2022,5,"IVEE",4,"ANNUAL",0,6,1344,49718.6594577225,-56249.2477678571,-12599831.5,49772.8023193753,-44195.9515252976,-9899893.14166667,109.967066587636,15.2365190498252,3412.98026716086,22.2350916435678,3.33351851199824,746.708146687606,45277.0248195935,-28569.7166604674,-6399616.5319447,17438.174119884,-3124.32266266618,-699848.276437225
2022,5,"MOHK",2,"CONTROL",0,1.6,358.4,49718.7418960569,-56249.1752232143,-12599815.25,49773.010362125,-44195.7183779762,-9899840.91666667,37.8062250933298,6.53372901689023,1463.55529978341,22.2120128351615,3.22485598865995,722.36774145983,45276.657057893,-28570.2947537599,-6399746.02484222,17438.1663888176,-3124.36587966225,-699857.957044344
2022,5,"MOHK",3,"ANNUAL",0,1.2,268.8,49718.7292077125,-56249.1863839286,-12599817.75,49772.923534688,-44195.8156436012,-9899862.70416667,27.4458668799811,5.15997305604437,1155.83396455394,11.7110582721292,2.03230011032496,455.235224712791,45276.5800650117,-28570.4160989206,-6399773.20615822,17438.1434881847,-3124.49224447649,-699886.262762733
2022,5,"MOHK",4,"CONTINUAL",0,1.3,279.5,49920.3427939562,-54417.8453488372,-11699836.75,49959.6031240986,-46045.6975775194,-9899824.97916667,62.8088451335549,7.4237146320315,1596.09864588677,44.9742601935345,4.75073261968421,1021.4075132321,43733.6787843326,-25580.2606265852,-5499756.03471581,17789.0656604017,-3255.13736312326,-699854.533071501
2022,5,"NAPL",3,"CONTROL",0,6,1344,49718.8814094036,-56249.0524553571,-12599787.75,49772.9634160338,-44195.7709263393,-9899852.6875,148.308612271628,20.2333777796041,4532.27662263133,25.2036909999276,4.49847910736953,1007.65932005077,45277.7285050587,-28568.6104113915,-6399368.73215169,17438.2803795487,-3123.73633956791,-699716.940063211
2022,5,"NAPL",9,"ANNUAL",0,5.5,1232,49718.8053111983,-56249.1194196429,-12599802.75,49773.0574203226,-44195.6655691964,-9899829.0875,90.5595344831961,14.4216557171882,3230.45088065015,16.0654594282087,3.1181265940653,698.460357070626,45277.3709779142,-28569.1706293994,-6399494.22098547,17438.2507578421,-3123.89982067185,-699753.559830495
2022,5,"NAPL",10,"CONTINUAL",0,4.2,903,49920.5083558707,-54417.6941860465,-11699804.25,49959.580156762,-46045.7222868217,-9899830.29166667,122.759475633373,19.5589199705656,4205.16779367159,19.0141802417542,4.07148335055518,875.368920369363,43734.6044030002,-25578.6897445858,-5499418.29508595,17789.2049763279,-3254.38221096064,-699692.175356538
2022,8,"AQUE",4,"CONTROL",0,2.3,515.2,49718.6594351741,-56249.2477678571,-12599831.5,49773.1626747856,-44195.5478422619,-9899802.71666667,21.3565896705044,3.7856554748053,847.986826356388,12.8772297928293,1.79579921953823,402.259025176563,45276.3665898053,-28570.7526323357,-6399848.58964321,17438.1111183418,-3124.67072665017,-699926.242769638
2022,8,"AQUE",7,"ANNUAL",0,2.1,470.4,49718.6594358787,-56249.2477678571,-12599831.5,49773.0533784074,-44195.6701264881,-9899830.10833333,234.463726081995,23.9516312509555,5365.16540021403,34.0050975870248,4.78994563163691,1072.94782148667,45277.8481050841,-28568.4310269166,-6399328.55002933,17438.2527333465,-3123.89597208409,-699752.697746836
2022,8,"AQUE",8,"CONTINUAL",0,2.3,494.5,49920.355520062,-54417.8337209302,-11699834.25,49959.734629078,-46045.5556976744,-9899794.475,119.820455604863,12.1495521848886,2612.15371975104,17.1691108359911,2.4161059881187,519.46278744552,43734.069222578,-25579.6000371813,-5499614.00799398,17789.0688774387,-3255.11902569441,-699850.590524298
2022,8,"CARP",7,"CONTROL",0,1.8,403.2,49718.8053482621,-56249.1194196429,-12599802.75,49773.1718057776,-44195.5374255952,-9899800.38333333,331.73289300522,35.8632809513971,8033.37493311295,221.602282556267,19.1803984665769,4296.40925651323,45278.5947928924,-28567.2566632614,-6399065.49257055,17438.5134954399,-3122.51995298205,-699444.469467979
2022,8,"CARP",9,"ANNUAL",0,1.6,358.4,49718.6721291872,-56249.2366071429,-12599829,49773.1828817821,-44195.5250558036,-9899797.6125,331.375625757576,29.7561083460489,6665.36826951496,232.68472799351,17.7946988955019,3986.01255259243,45278.1032183445,-28568.0307565935,-6399238.88947695,17438.4422073314,-3122.92058785781,-699534.21168015
2022,8,"CARP",10,"CONTINUAL",0,1.8,387,49920.4893057226,-54417.711627907,-11699808,49959.8081543002,-46045.4763372093,-9899777.4125,592.033787904842,62.1074397033259,13353.0995362151,399.801604807425,35.2836164878644,7585.97754489084,43737.1289395564,-25574.4576016487,-5498508.38435447,17789.779275306,-3251.51854659247,-699076.487517381
2022,8,"IVEE",3,"CONTROL",0,2,448,49718.640417608,-56249.2645089286,-12599835.25,49772.9946688603,-44195.7359561012,-9899844.85416667,242.187697432245,25.1587575075287,5635.56168168643,126.933091256691,10.8287408725346,2425.63795544776,45277.9215900946,-28568.3124392709,-6399301.98639668,17438.3141041113,-3123.57373888514,-699680.517510272
2022,8,"IVEE",4,"ANNUAL",0,1.7,380.8,49718.6404246544,-56249.2645089286,-12599835.25,49772.8019876556,-44195.9518973214,-9899893.225,108.505597896792,10.1453721175656,2272.56335433469,14.7350623466809,1.78037649278806,398.804334384526,45277.0052943415,-28569.7485069988,-6399623.66556774,17438.1416437463,-3124.50335536809,-699888.751602453
2022,8,"MOHK",2,"CONTROL",0,2.2,492.8,49718.7672610315,-56249.1529017857,-12599810.25,49773.1829988237,-44195.5248139881,-9899797.55833333,59.187970433541,10.9083614196587,2443.47295800356,38.251971150097,5.04851511454887,1130.86738565895,45276.9287177725,-28569.8665144639,-6399650.09923991,17438.2026140536,-3124.16590285979,-699813.162240592
2022,8,"MOHK",3,"ANNUAL",0,2.6,582.4,49718.7926385256,-56249.1305803571,-12599805.25,49772.8767854947,-44195.8680431548,-9899874.44166667,34.02228509289,6.94129389240364,1554.84983189842,11.6564767805783,2.21989320289169,497.25607744774,45276.7273639767,-28570.1838709995,-6399721.18710388,17438.155774298,-3124.42388207932,-699870.949585767
2022,8,"MOHK",4,"CONTINUAL",0,2.5,537.5,49920.3491624215,-54417.8395348837,-11699835.5,49959.5212969477,-46045.7858333333,-9899843.95416667,57.0376670362986,9.42075826063165,2025.4630260358,37.5166173682136,4.8304657041365,1038.55012638935,43733.8538793165,-25579.9627088625,-5499691.98240545,17789.1042410335,-3254.92764491525,-699809.443656778
2022,8,"NAPL",3,"CONTROL",0,3.2,716.8,49718.8750687165,-56249.0580357143,-12599789,49772.9532591278,-44195.7823102679,-9899855.2375,206.830984091647,25.7804114343835,5774.81216130191,33.3223407731924,5.29215583234842,1185.44290644605,45278.2227596363,-28567.8367652954,-6399195.43542618,17438.3166406657,-3123.54086808444,-699673.154450915
2022,8,"NAPL",9,"ANNUAL",0,3.5,784,49718.8179878112,-56249.1082589286,-12599800.25,49773.0391218791,-44195.6860677083,-9899833.67916667,167.675239629361,21.7270911679376,4866.86842161803,29.7866828958864,5.31342950062841,1190.20820814076,45277.8152777427,-28568.475311122,-6399338.46969133,17438.3206715179,-3123.51645481043,-699667.685877536
2022,8,"NAPL",10,"CONTINUAL",0,3,645,49920.4892614056,-54417.711627907,-11699808,49959.4424154732,-46045.8709883721,-9899862.2625,171.559724109338,21.1556777285682,4548.47071164217,23.7323944136474,3.99590977282282,859.120601156907,43734.7393104906,-25578.4647474966,-5499369.92071177,17789.1795048079,-3254.52219367027,-699722.271639108
2022,11,"AQUE",4,"CONTROL",0,3,672,49718.6530920409,-56249.2533482143,-12599832.75,49773.1356473916,-44195.5780691964,-9899809.4875,12.447721616848,3.10547095731754,695.62549443913,6.85271116287339,1.22538945416986,274.487237734048,45276.373940233,-28570.7410263285,-6399845.98989758,17438.1062139331,-3124.69783382608,-699932.314777041
2022,11,"AQUE",7,"ANNUAL",0,2.6,582.4,49718.7926223189,-56249.1305803571,-12599805.25,49773.111133607,-44195.6055059524,-9899815.63333333,60.6048460973649,7.79030762931606,1745.0289089668,10.4052490461523,1.79507728084529,402.097310909346,45276.7508879761,-28570.1473752074,-6399713.01204645,17438.1459362047,-3124.47810179562,-699883.094802219
2022,11,"AQUE",8,"CONTINUAL",0,3,645,49920.3746233967,-54417.8162790698,-11699830.5,49959.6661214299,-46045.6295930233,-9899810.3625,37.426498085953,5.67364450793063,1219.83356920508,20.9614973552273,2.28076927929839,490.365395049154,43733.5533715675,-25580.4734812713,-5499801.79847333,17789.0267134009,-3255.34587616809,-699899.36337614
2022,11,"CARP",7,"CONTROL",0,2.6,582.4,49718.7482507261,-56249.1696428571,-12599814,49773.3036834693,-44195.3898065476,-9899767.31666667,542.52181087157,53.0336926904267,11879.5471626556,381.41288800626,32.5361939248001,7288.10743915523,45279.6154705687,-28565.6754739171,-6398711.30615743,17438.8100707737,-3121.03347264206,-699111.497871821
2022,11,"CARP",9,"ANNUAL",0,2.8,627.2,49718.6848122023,-56249.2254464286,-12599826.5,49773.2080240138,-44195.4968936012,-9899791.30416667,293.646229891933,24.880761144356,5573.29049633575,207.416682800218,15.3372912445237,3435.55323877331,45277.7623157582,-28568.5646500594,-6399358.4816133,17438.4001926065,-3123.13547275636,-699582.345897425
2022,11,"CARP",10,"CONTINUAL",0,2.5,537.5,49920.4319754434,-54417.7639534884,-11699819.25,49959.8074651885,-46045.4769379845,-9899777.54166667,377.556983495038,39.1073792641333,8408.08654178866,260.023387818781,22.6784271754168,4875.8618427146,43735.6444616641,-25576.941884189,-5499042.50510064,17789.4791172834,-3252.99499028697,-699393.9229117
2022,11,"IVEE",3,"CONTROL",0,1.3,291.2,49718.7482321237,-56249.1696428571,-12599814,49773.1351592378,-44195.5787202381,-9899809.63333333,533.784084835203,40.7760005524817,9133.82412375589,377.132539299037,26.2681287407251,5884.06083792241,45278.783685328,-28566.9853128317,-6399004.7100743,17438.6090214431,-3122.13834546214,-699358.98938352
2022,11,"IVEE",4,"ANNUAL",0,1.3,291.2,49718.7799511907,-56249.1417410714,-12599807.75,49772.810715349,-44195.9421130952,-9899891.03333333,54.3864730134974,7.76541161394786,1739.45220152432,17.4854905334737,2.08545887538005,467.142788085131,45276.8219751087,-28570.0350876472,-6399687.85963297,17438.1366101201,-3124.52992975051,-699894.704264114
2022,11,"MOHK",2,"CONTROL",0,2.1,470.4,49718.7672613133,-56249.1529017857,-12599810.25,49773.0710477008,-44195.6503720238,-9899825.68333333,162.298982736772,20.512887553091,4594.88681189239,49.5399519229135,6.63750992155848,1486.8022224291,45277.8143883444,-28568.4761203911,-6399338.65096761,17438.2998221609,-3123.63323087671,-699693.843716383
2022,11,"MOHK",3,"ANNUAL",0,2.5,560,49718.7228793925,-56249.1919642857,-12599819,49772.8921331929,-44195.8508370536,-9899870.5875,185.805614242408,18.9438165190121,4243.41490025871,32.6282634174941,4.74734601739664,1063.40550789685,45277.6986200133,-28568.6613183486,-6399380.13531009,17438.2462970063,-3123.92746693455,-699759.752593338
2022,11,"MOHK",4,"CONTINUAL",0,2.5,537.5,49920.3300548273,-54417.8569767442,-11699839.25,49959.5231037523,-46045.783875969,-9899843.53333333,147.65536905027,20.6272003952324,4434.84808497497,80.2121306380242,9.48763691534665,2039.84193679953,43734.5860852771,-25578.7214790105,-5499425.11798727,17789.2197301419,-3254.30915347841,-699676.467997858
2022,11,"NAPL",3,"CONTROL",0,4.2,940.8,49718.8306842891,-56249.0970982143,-12599797.75,49772.8890291749,-44195.8543154762,-9899871.36666667,47.8554115588598,10.615001232348,2377.76027604594,15.4711492096316,3.19084352074038,714.748948645844,45276.8304836892,-28570.0212633311,-6399684.76298617,17438.2286343711,-3124.0205528944,-699780.603848345
2022,11,"NAPL",9,"ANNUAL",0,4.2,940.8,49718.8053114801,-56249.1194196429,-12599802.75,49773.0793382952,-44195.6409970238,-9899823.58333333,65.2952360147641,14.7471845282704,3303.36933433258,31.7668037445439,5.35689561500176,1199.94461776039,45277.137058303,-28569.537912138,-6399576.49231891,17438.2829694988,-3123.71996107149,-699713.271280015
2022,11,"NAPL",10,"CONTINUAL",0,4.5,967.5,49920.5147204943,-54417.688372093,-11699803,49959.3839108777,-46045.9341666667,-9899875.84583333,65.600253568428,14.1688329153471,3046.29907679963,18.2662865084455,3.85065137198985,827.890044977817,43734.0773858454,-25579.5827120814,-5499610.28309751,17789.1655175787,-3254.5934743484,-699737.596984906
2023,2,"IVEE",3,"CONTROL",0,2,448,49718.691157865,-56249.2198660714,-12599825.25,49773.0188630235,-44195.7089099702,-9899838.79583333,333.646668698751,23.7688523486273,5324.22292609251,236.540479736841,16.1965890472357,3628.03594658081,45277.6211579942,-28568.791217825,-6399409.23279279,17438.3871871968,-3123.2286785354,-699603.22399193
2023,2,"IVEE",4,"ANNUAL",0,2,448,49718.7355814097,-56249.1808035714,-12599816.5,49772.7983544293,-44195.9559709821,-9899894.1375,15.9077550758527,2.66768668526603,597.561817499592,4.27415835057281,0.702696711022976,157.404063269147,45276.3713899853,-28570.7451537909,-6399846.91444917,17438.0961054817,-3124.75406519403,-699944.910603462
2023,2,"NAPL",3,"CONTROL",0,2.5,560,49718.7799452717,-56249.1417410714,-12599807.75,49772.94259188,-44195.7942708333,-9899857.91666667,38.5051891737465,8.67268958817737,1942.68246775173,23.2684828491709,3.7578241899931,841.752618558455,45276.7312011677,-28570.1777218398,-6399719.8096921,17438.2245405477,-3124.04329634937,-699785.698382259
2023,2,"NAPL",9,"ANNUAL",0,2.7,604.8,49718.7418853465,-56249.1752232143,-12599815.25,49773.0440015022,-44195.6806547619,-9899832.46666667,48.4647146347327,11.096992311472,2485.72627776974,25.3577238166999,4.63933828091337,1039.2117749246,45276.9817667916,-28569.7828369598,-6399631.355479,17438.2731258735,-3123.7759607699,-699725.815212458
2023,2,"NAPL",10,"CONTINUAL",0,3,645,49920.4192018387,-54417.7755813953,-11699821.75,49959.5100883447,-46045.7979457364,-9899846.55833333,43.5521452102099,9.93618418339206,2136.27959942929,20.161177981261,3.50685764093448,753.974392800914,43733.844161938,-25579.9789923363,-5499695.4833523,17789.1492517845,-3254.6829158532,-699756.826908438
2023,3,"AQUE",4,"CONTROL",0,2.2,492.8,49718.6213822721,-56249.28125,-12599839,49773.002628386,-44195.7270647321,-9899842.8625,18.1582748449571,3.06106275789615,685.678057768737,12.4769533725378,1.71477349755924,384.109263453269,45276.3290048333,-28570.8119287267,-6399861.87203479,17438.1043222188,-3124.70847931433,-699934.69936641
2023,3,"AQUE",7,"ANNUAL",0,2,448,49718.6467501746,-56249.2589285714,-12599834,49773.0121548197,-44195.7163690476,-9899840.46666667,13.4502780554983,2.52863371868685,566.413952985853,5.46365100164851,0.994070904287355,222.671882560367,45276.3261689743,-28570.8163910953,-6399862.87160535,17438.0998363026,-3124.73335636348,-699940.271825419
2023,3,"AQUE",8,"CONTINUAL",0,2,430,49920.2854741914,-54417.8976744186,-11699848,49959.7253064948,-46045.5657945736,-9899796.64583333,23.0848257599552,3.64279844036751,783.201664679014,15.8481020173348,2.04001130341138,438.602430233446,43733.4001814213,-25580.7339240401,-5499857.79366862,17789.0017530337,-3255.48113476166,-699928.443973756
2023,3,"CARP",7,"CONTROL",0,2.2,492.8,49718.6848405287,-56249.2254464286,-12599826.5,49773.2812804521,-44195.4147879464,-9899772.9125,449.691285188354,41.0285767690736,9190.40119627249,317.919730361916,26.8879209880782,6022.89430132951,45278.68035017,-28567.1344515052,-6399038.11713716,17438.6137928658,-3122.04323617344,-699337.684902851
2023,3,"CARP",9,"ANNUAL",0,2.4,537.6,49718.5896796548,-56249.3091517857,-12599845.25,49773.2802684029,-44195.416015625,-9899773.1875,434.570635640717,34.1973608642218,7660.20883358568,307.738945062882,23.2400146749273,5205.76328718371,45278.2061488121,-28567.8805449425,-6399205.24206711,17438.5146677568,-3122.58334430906,-699458.669125229
2023,3,"CARP",10,"CONTINUAL",0,2.5,537.5,49920.355546974,-54417.8337209302,-11699834.25,49959.8112364038,-46045.4728682171,-9899776.66666667,360.667982613643,39.0888793556558,8404.109061466,253.979715276203,25.704751302045,5526.52152993968,43735.4227604808,-25577.3149114913,-5499122.70597062,17789.4842888883,-3252.95846240987,-699386.069418123
2023,3,"MOHK",2,"CONTROL",0,1,224,49718.7038335432,-56249.2087053571,-12599822.75,49773.0028195854,-44195.7268415179,-9899842.8125,48.5272508904382,7.73714023617106,1733.11941290232,29.9672507192918,3.79870064086405,850.908943553548,45276.7079979008,-28570.2144659396,-6399728.04037047,17438.1708180667,-3124.34161599418,-699852.521982697
2023,3,"MOHK",3,"ANNUAL",0,1.2,268.8,49718.748237197,-56249.1696428571,-12599814,49772.8640084239,-44195.8823660714,-9899877.65,61.1492625235947,9.17178738339408,2054.48037388027,15.6498141427731,2.85593862169573,639.730251259844,45276.8857613787,-28569.93463348,-6399665.35789952,17438.1637016232,-3124.37979943961,-699861.075074472
2023,3,"MOHK",4,"CONTINUAL",0,1,215,49920.3173156924,-54417.8686046512,-11699841.75,49959.6269081015,-46045.6718992248,-9899819.45833333,76.4774911999749,12.2504738486054,2633.85187745017,27.4460925757708,4.50558972844433,968.70179161553,43734.1147771899,-25579.5199405182,-5499596.7872114,17789.1364994021,-3254.75538621671,-699772.408036593
2023,5,"AQUE",4,"CONTROL",0,1,224,49718.621382554,-56249.28125,-12599839,49773.045175136,-44195.679389881,-9899832.18333333,16.5223537608373,3.55584559523759,796.50941333322,11.3692852257132,1.94107762211607,434.801387354,45276.3719112806,-28570.7442366407,-6399846.70900752,17438.1099059382,-3124.67742531571,-699927.74327072
2023,5,"AQUE",7,"ANNUAL",0,1,224,49718.6150425125,-56249.2868303571,-12599840.25,49773.0012419618,-44195.728608631,-9899843.20833333,12.9546924995475,2.5125623333148,562.813962662515,4.62616943262524,0.902753806057372,202.216852556851,45276.3321213285,-28570.8070038196,-6399860.76885559,17438.1002465976,-3124.73107226322,-699939.760186962
2023,5,"AQUE",8,"CONTINUAL",0,2,430,49920.2663726953,-54417.9151162791,-11699851.75,49959.6716195918,-46045.6237015504,-9899809.09583333,49.1567191466761,6.58627218377708,1416.04851951207,31.5290408221911,3.38249067416019,727.235494944441,43733.5669223178,-25580.4505461592,-5499796.86742423,17789.0478712416,-3255.2320396766,-699874.888530468
2023,5,"CARP",7,"CONTROL",0,1.8,403.2,49718.7101921669,-56249.203125,-12599821.5,49773.1848767774,-44195.5228422619,-9899797.11666667,472.799797696124,46.3427114024373,10380.7673541459,332.590224600029,29.6068799898542,6631.94111772733,45278.9464208702,-28566.717601583,-6398944.74275458,17438.6840854876,-3121.66845889978,-699253.734793551
2023,5,"CARP",9,"ANNUAL",0,1.8,403.2,49718.6848230537,-56249.2254464286,-12599826.5,49773.2832584235,-44195.4126488095,-9899772.43333333,368.161992425729,32.6280292460929,7308.6785511248,260.09980234661,21.5564960363831,4828.65511214981,45278.1105523345,-28568.0225952314,-6399237.06133182,17438.482878304,-3122.7147734228,-699488.109246707
2023,5,"CARP",10,"CONTINUAL",0,1.2,258,49920.4192465946,-54417.7755813953,-11699821.75,49959.8304993655,-46045.4521317829,-9899772.20833333,529.425826307343,55.3034697903886,11890.2460049335,374.408619419658,36.5535181225387,7859.00639634582,43736.4144287124,-25575.6557004735,-5498765.97560181,17789.7406006782,-3251.69189785062,-699113.758037882
2023,5,"IVEE",3,"CONTROL",0,4,896,49718.8561427586,-56249.0747767857,-12599792.75,49773.5820643731,-44195.0784598214,-9899697.575,383.379440404369,45.5669879804831,10207.0053076282,164.176261220716,14.6083819502138,3272.2775568479,45279.4225524908,-28565.9663768351,-6398776.46841107,17438.4749717614,-3122.70986955593,-699487.010780528
2023,5,"IVEE",4,"ANNUAL",0,4,896,49718.7482631276,-56249.1696428571,-12599814,49773.7887536267,-44194.8484933036,-9899646.0625,262.849074937946,30.7229181075121,6881.93365608271,38.0555374843144,5.08775513901323,1139.65715113896,45278.5438442034,-28567.3373418564,-6399083.56457582,17438.2953333678,-3123.66169524713,-699700.219735357
2023,5,"MOHK",2,"CONTROL",0,2,448,49718.7101727189,-56249.203125,-12599821.5,49772.9433932826,-44195.7933779762,-9899857.71666667,39.152028398223,6.41255728514629,1436.41283187277,23.9609200219874,2.86621004158854,642.031049315832,45276.598295275,-28570.3874064363,-6399766.77904173,17438.1382623548,-3124.52116666623,-699892.741333236
2023,5,"MOHK",3,"ANNUAL",0,2,448,49718.6657804198,-56249.2421875,-12599830.25,49772.837891884,-44195.9116443452,-9899884.20833333,78.5895846433,8.77382102738642,1965.33591013456,12.4514987396283,2.05530486944938,460.388290756661,45276.862273407,-28569.9724107637,-6399673.82001107,17438.1439019779,-3124.48978553505,-699885.711959852
2023,5,"MOHK",4,"CONTINUAL",0,2,430,49920.2472698695,-54417.9325581395,-11699855.5,49959.479416058,-46045.8310465116,-9899853.675,137.166152606708,21.1801877097811,4553.74035760294,53.0612144427783,8.21067773894606,1765.2957138734,43734.7892200306,-25578.3777037283,-5499351.20630159,17789.304742481,-3253.86785394046,-699581.5885972
2023,5,"NAPL",3,"CONTROL",0,3,672,49718.8497086312,-56249.0803571429,-12599794,49773.1647752851,-44195.5452752976,-9899802.14166667,166.9266619811,22.7633826763445,5098.99771950116,34.5907715011958,5.73951113881238,1285.65049509397,45277.9071977398,-28568.3301922648,-6399305.96306732,17438.3328747375,-3123.44716262668,-699652.164428376
2023,5,"NAPL",9,"ANNUAL",0,3,672,49718.8370300597,-56249.0915178571,-12599796.5,49773.2226136853,-44195.4804501488,-9899787.62083333,97.7151651331723,18.6395332739165,4175.2554533573,19.2348854016157,4.38773685981189,982.853056597864,45277.627300213,-28568.7666455641,-6399403.72860636,17438.3334642804,-3123.44287829326,-699651.204737691
2023,5,"NAPL",10,"CONTINUAL",0,3,645,49920.4701442567,-54417.7290697674,-11699811.75,49959.540380605,-46045.7652131783,-9899839.52083333,64.713808147438,15.4229032638863,3315.92420173555,23.9370748405164,4.89307602394748,1052.01134514871,43734.2818650149,-25579.2347575149,-5499535.47286571,17789.1645484256,-3254.59842047537,-699738.660402205
