Date,Site,Treatment,Growth Form,Species,Tissue,Biomass Categroy,B1Q1,B1Q2,B1Q3,B1Q4,B1Q5,B1Q6,B1Q7,B1Q8,B2Q1,B2Q2,B2Q3,B2Q4,B2Q5,B2Q6,B2Q7,B2Q8,B3Q1,B3Q2,B3Q3,B3Q4,B3Q5,B3Q6,B3Q7,B3Q8,B4Q1,B4Q2,B4Q3,B4Q4,B4Q5,B4Q6,B4Q7,B4Q8,Average,Std. Err.,Count,B1Q1gm2,B1Q2gm2,B1Q3gm2,B1Q4gm2,B1Q5gm2,B1Q6gm2,B1Q7gm2,B2Q1gm2,B2Q2gm2,B2Q3gm2,B2Q4gm2,B2Q5gm2,B2Q6gm2,B2Q7gm2,B3Q1gm2,B3Q2gm2,B3Q3gm2,B3Q4gm2,B3Q5gm2,B3Q6gm2,B3Q7gm2,B4Q1gm2,B4Q2gm2,B4Q3gm2,B4Q4gm2,B4Q5gm2,B4Q6gm2,B4Q7gm2,Average g/m^2,StdERR g/m^2,Count  g/m^2,Species Comments,Comments
01-Jun-1982,Toolik Tussock 1981 plots,Control,Graminoid,Eriophorum vaginatum,blade,new above,0.000,1.232,0.585,0.000,0.037,.,.,.,0.111,0.000,0.000,0.793,0.263,.,.,.,1.990,0.362,2.980,1.333,0.307,.,.,.,0.27,0.787,0.730,0.000,2.730,.,.,.,0.726,0.202,20.000,0,30.8,14.625,0,0.925,.,.,2.775,0,0,19.825,6.575,.,.,49.75,9.05,74.5,33.325,7.675,.,.,6.825,19.675,18.25,0,68.25,.,.,18.141,5.059,20,,
01-Jun-1982,Toolik Tussock 1981 plots,Control,Graminoid,Eriophorum vaginatum,sheath,new above,0.000,0.875,0.945,0.000,0.051,.,.,.,0.168,0.000,0.000,1.129,0.288,.,.,.,1.964,0.644,3.438,1.228,0.423,.,.,.,0.26,1.096,1.032,0.000,6.031,.,.,.,0.978,0.326,20.000,0,21.875,23.625,0,1.275,.,.,4.2,0,0,28.225,7.2,.,.,49.1,16.1,85.95,30.7,10.575,.,.,6.375,27.4,25.8,0,150.775,.,.,24.459,8.150,20,,
01-Jun-1982,Toolik Tussock 1981 plots,Control,Graminoid,Eriophorum vaginatum,rhizome,below,0.000,1.365,2.555,0.000,0.065,.,.,.,0.312,0.000,0.000,1.319,0.364,.,.,.,3.834,1.196,3.839,2.696,1.712,.,.,.,0.55,1.807,3.580,0.000,3.553,.,.,.,1.437,0.321,20.000,0,34.125,63.875,0,1.625,.,.,7.8,0,0,32.975,9.1,.,.,95.85,29.9,95.975,67.4,42.8,.,.,13.675,45.175,89.5,0,88.825,.,.,35.930,8.022,20,,
01-Jun-1982,Toolik Tussock 1981 plots,Control,Graminoid,Eriophorum vaginatum,roots,below,0.000,0.237,0.383,0.000,0.008,.,.,.,0.042,0.000,0.000,0.327,0.205,.,.,.,1.986,0.264,1.760,1.464,0.354,.,.,.,0.10,0.257,5.193,0.000,2.739,.,.,.,0.766,0.293,20.000,0,5.925,9.575,0,0.2,.,.,1.05,0,0,8.175,5.125,.,.,49.65,6.6,44,36.6,8.85,.,.,2.525,6.425,129.825,0,68.475,.,.,19.150,7.316,20,,
01-Jun-1982,Toolik Tussock 1981 plots,Control,Graminoid,Eriophorum vaginatum,v1,new above,0.000,0.000,0.065,0.000,0.000,.,.,.,0,0.000,0.000,0.023,0.093,.,.,.,0.095,0.000,0.581,0.240,0.000,.,.,.,0.07,0.056,0.174,0.000,0.041,.,.,.,0.072,0.031,20.000,0,0,1.625,0,0,.,.,0,0,0,0.575,2.325,.,.,2.375,0,14.525,6,0,.,.,1.675,1.4,4.35,0,1.025,.,.,1.794,0.763,20,,
01-Jun-1982,Toolik Tussock 1981 plots,Control,Graminoid,Eriophorum vaginatum,v0,new above,0.000,0.007,0.034,0.000,0.000,.,.,.,0,0.000,0.000,0.019,0.015,.,.,.,0.043,0.018,0.148,0.027,0.000,.,.,.,0.01,0.003,0.029,0.000,0.031,.,.,.,0.019,0.007,20.000,0,0.175,0.85,0,0,.,.,0,0,0,0.475,0.375,.,.,1.075,0.45,3.7,0.675,0,.,.,0.325,0.075,0.725,0,0.775,.,.,0.484,0.186,20,,
01-Jun-1982,Toolik Tussock 1981 plots,Control,Graminoid,Eriophorum vaginatum,buds,new above,0.000,0.000,0.000,0.000,0.000,.,.,.,0,0.000,0.000,0.000,0.000,.,.,.,0.000,0.000,0.000,0.000,0.000,.,.,.,0.00,0.000,0.000,0.000,0.000,.,.,.,0.000,0.000,20.000,0,0,0,0,0,.,.,0,0,0,0,0,.,.,0,0,0,0,0,.,.,0,0,0,0,0,.,.,0.000,0.000,20,,
01-Jun-1982,Toolik Tussock 1981 plots,Control,Graminoid,Eriophorum vaginatum,inflorescence,new above,0.000,0.000,0.000,0.000,0.000,.,.,.,0,0.000,0.000,0.134,0.000,.,.,.,0.000,0.000,0.000,0.000,0.000,.,.,.,0.00,0.000,0.000,0.000,0.180,.,.,.,0.016,0.011,20.000,0,0,0,0,0,.,.,0,0,0,3.35,0,.,.,0,0,0,0,0,.,.,0,0,0,0,4.5,.,.,0.393,0.273,20,,
01-Jun-1982,Toolik Tussock 1981 plots,Control,Graminoid,Eriophorum vaginatum,inc. blade,new above,0.000,0.000,0.000,0.000,0.000,.,.,.,0,0.000,0.000,0.000,0.000,.,.,.,0.000,0.000,0.000,0.000,0.000,.,.,.,0.00,0.000,0.000,0.000,0.000,.,.,.,0.000,0.000,20.000,0,0,0,0,0,.,.,0,0,0,0,0,.,.,0,0,0,0,0,.,.,0,0,0,0,0,.,.,0.000,0.000,20,,
01-Jun-1982,Toolik Tussock 1981 plots,Control,Graminoid,Eriophorum vaginatum,inc. sheath,new above,0.000,0.000,0.000,0.000,0.000,.,.,.,0,0.000,0.000,0.000,0.000,.,.,.,0.000,0.000,0.000,0.000,0.000,.,.,.,0.00,0.000,0.000,0.000,0.000,.,.,.,0.000,0.000,20.000,0,0,0,0,0,.,.,0,0,0,0,0,.,.,0,0,0,0,0,.,.,0,0,0,0,0,.,.,0.000,0.000,20,,
01-Jun-1982,Toolik Tussock 1981 plots,Control,Graminoid,Eriophorum vaginatum,cys blade,new above,0.000,0.000,0.000,0.000,0.000,.,.,.,0,0.000,0.000,0.000,0.000,.,.,.,0.000,0.000,0.000,0.000,0.000,.,.,.,0.00,0.000,0.000,0.000,0.000,.,.,.,0.000,0.000,20.000,0,0,0,0,0,.,.,0,0,0,0,0,.,.,0,0,0,0,0,.,.,0,0,0,0,0,.,.,0.000,0.000,20,,
01-Jun-1982,Toolik Tussock 1981 plots,Control,Graminoid,Eriophorum vaginatum,cys sheath,new above,0.000,0.000,0.000,0.000,0.000,.,.,.,0,0.000,0.000,0.000,0.000,.,.,.,0.000,0.000,0.000,0.000,0.000,.,.,.,0.00,0.000,0.000,0.000,0.000,.,.,.,0.000,0.000,20.000,0,0,0,0,0,.,.,0,0,0,0,0,.,.,0,0,0,0,0,.,.,0,0,0,0,0,.,.,0.000,0.000,20,,
01-Jun-1982,Toolik Tussock 1981 plots,Control,Graminoid,Eriophorum vaginatum,inc. cys,new above,0.000,0.000,0.000,0.000,0.000,.,.,.,0,0.000,0.000,0.000,0.000,.,.,.,0.000,0.000,0.000,0.000,0.000,.,.,.,0.00,0.000,0.000,0.000,0.000,.,.,.,0.000,0.000,20.000,0,0,0,0,0,.,.,0,0,0,0,0,.,.,0,0,0,0,0,.,.,0,0,0,0,0,.,.,0.000,0.000,20,,
01-Jun-1982,Toolik Tussock 1981 plots,Control,Graminoid,Carex bigelowii,blade,new above,0.132,0.007,0.000,0.162,0.184,.,.,.,0,0.018,0.093,0.000,0.056,.,.,.,0.000,0.000,0.000,0.013,0.000,.,.,.,0.04,0.000,0.023,0.031,0.018,.,.,.,0.039,0.013,20.000,3.3,0.175,0,4.05,4.6,.,.,0,0.45,2.325,0,1.4,.,.,0,0,0,0.325,0,.,.,0.975,0,0.575,0.775,0.45,.,.,0.970,0.322,20,,
01-Jun-1982,Toolik Tussock 1981 plots,Control,Graminoid,Carex bigelowii,sheath,new above,0.047,0.004,0.000,0.145,0.177,.,.,.,0,0.011,0.059,0.000,0.026,.,.,.,0.000,0.000,0.000,0.021,0.000,.,.,.,0.03,0.000,0.016,0.059,0.044,.,.,.,0.032,0.011,20.000,1.175,0.1,0,3.625,4.425,.,.,0,0.275,1.475,0,0.65,.,.,0,0,0,0.525,0,.,.,0.75,0,0.4,1.475,1.1,.,.,0.799,0.273,20,,
01-Jun-1982,Toolik Tussock 1981 plots,Control,Graminoid,Carex bigelowii,rhizome,below,0.000,0.000,0.000,0.000,0.000,.,.,.,0,0.000,0.000,0.000,0.000,.,.,.,0.000,0.000,0.000,0.000,0.000,.,.,.,0.00,0.000,0.000,0.000,0.000,.,.,.,0.000,0.000,20.000,0,0,0,0,0,.,.,0,0,0,0,0,.,.,0,0,0,0,0,.,.,0,0,0,0,0,.,.,0.000,0.000,20,,
01-Jun-1982,Toolik Tussock 1981 plots,Control,Graminoid,Carex bigelowii,v1,new above,0.069,0.000,0.000,0.020,0.113,.,.,.,0,0.000,0.018,0.000,0.000,.,.,.,0.000,0.046,0.000,0.000,0.000,.,.,.,0.06,0.000,0.044,0.018,0.036,.,.,.,0.021,0.007,20.000,1.725,0,0,0.5,2.825,.,.,0,0,0.45,0,0,.,.,0,1.15,0,0,0,.,.,1.5,0,1.1,0.45,0.9,.,.,0.530,0.175,20,,
01-Jun-1982,Toolik Tussock 1981 plots,Control,Graminoid,Carex bigelowii,v0,new above,0.000,0.000,0.000,0.000,0.000,.,.,.,0,0.000,0.000,0.000,0.012,.,.,.,0.000,0.000,0.000,0.000,0.000,.,.,.,0.00,0.000,0.000,0.002,0.005,.,.,.,0.001,0.001,20.000,0,0,0,0,0,.,.,0,0,0,0,0.3,.,.,0,0,0,0,0,.,.,0,0,0,0.05,0.125,.,.,0.024,0.016,20,,
01-Jun-1982,Toolik Tussock 1981 plots,Control,Graminoid,Carex bigelowii,buds,new above,0.000,0.000,0.000,0.000,0.000,.,.,.,0,0.000,0.000,0.000,0.000,.,.,.,0.000,0.000,0.000,0.000,0.000,.,.,.,0.00,0.000,0.000,0.000,0.000,.,.,.,0.000,0.000,20.000,0,0,0,0,0,.,.,0,0,0,0,0,.,.,0,0,0,0,0,.,.,0,0,0,0,0,.,.,0.000,0.000,20,,
01-Jun-1982,Toolik Tussock 1981 plots,Control,Graminoid,Carex bigelowii,inflorescence,new above,0.000,0.000,0.000,0.000,0.000,.,.,.,0,0.000,0.037,0.000,0.000,.,.,.,0.000,0.000,0.000,0.000,0.000,.,.,.,0.00,0.000,0.052,0.095,0.055,.,.,.,0.012,0.006,20.000,0,0,0,0,0,.,.,0,0,0.925,0,0,.,.,0,0,0,0,0,.,.,0,0,1.3,2.375,1.375,.,.,0.299,0.148,20,,
01-Jun-1982,Toolik Tussock 1981 plots,Control,Graminoid,Carex bigelowii,inc. blade,new above,0.000,0.000,0.000,0.000,0.000,.,.,.,0,0.000,0.000,0.000,0.000,.,.,.,0.000,0.000,0.000,0.000,0.000,.,.,.,0.00,0.000,0.000,0.000,0.000,.,.,.,0.000,0.000,20.000,0,0,0,0,0,.,.,0,0,0,0,0,.,.,0,0,0,0,0,.,.,0,0,0,0,0,.,.,0.000,0.000,20,,
01-Jun-1982,Toolik Tussock 1981 plots,Control,Graminoid,Carex bigelowii,inc. sheath,new above,0.000,0.000,0.000,0.000,0.000,.,.,.,0,0.000,0.000,0.000,0.000,.,.,.,0.000,0.000,0.000,0.000,0.000,.,.,.,0.00,0.000,0.000,0.000,0.000,.,.,.,0.000,0.000,20.000,0,0,0,0,0,.,.,0,0,0,0,0,.,.,0,0,0,0,0,.,.,0,0,0,0,0,.,.,0.000,0.000,20,,
01-Jun-1982,Toolik Tussock 1981 plots,Control,Graminoid,Carex bigelowii,cys blade,new above,0.000,0.000,0.000,0.000,0.000,.,.,.,0,0.000,0.000,0.000,0.000,.,.,.,0.000,0.000,0.000,0.000,0.000,.,.,.,0.00,0.000,0.000,0.000,0.000,.,.,.,0.000,0.000,20.000,0,0,0,0,0,.,.,0,0,0,0,0,.,.,0,0,0,0,0,.,.,0,0,0,0,0,.,.,0.000,0.000,20,,
01-Jun-1982,Toolik Tussock 1981 plots,Control,Graminoid,Carex bigelowii,cys sheath,new above,0.000,0.000,0.000,0.000,0.000,.,.,.,0,0.000,0.000,0.000,0.000,.,.,.,0.000,0.000,0.000,0.000,0.000,.,.,.,0.00,0.000,0.000,0.000,0.000,.,.,.,0.000,0.000,20.000,0,0,0,0,0,.,.,0,0,0,0,0,.,.,0,0,0,0,0,.,.,0,0,0,0,0,.,.,0.000,0.000,20,,
01-Jun-1982,Toolik Tussock 1981 plots,Control,Graminoid,Calamagrostis canadensis,new above,new above,0.003,0.000,0.000,0.000,0.000,.,.,.,0,0.000,0.000,0.000,0.000,.,.,.,0.000,0.000,0.000,0.000,0.000,.,.,.,0.00,0.000,0.000,0.000,0.000,.,.,.,0.000,0.000,20.000,0.075,0,0,0,0,.,.,0,0,0,0,0,.,.,0,0,0,0,0,.,.,0,0,0,0,0,.,.,0.004,0.004,20,,
01-Jun-1982,Toolik Tussock 1981 plots,Control,Graminoid,Calamagrostis canadensis,rhizome,below,0.000,0.000,0.000,0.000,0.000,.,.,.,0,0.000,0.000,0.000,0.000,.,.,.,0.000,0.000,0.000,0.000,0.000,.,.,.,0.00,0.000,0.000,0.000,0.000,.,.,.,0.000,0.000,20.000,0,0,0,0,0,.,.,0,0,0,0,0,.,.,0,0,0,0,0,.,.,0,0,0,0,0,.,.,0.000,0.000,20,,
01-Jun-1982,Toolik Tussock 1981 plots,Control,Deciduous,Betula nana,long stem,new above,0.000,0.000,0.000,0.000,0.000,.,.,.,0,0.000,0.000,0.000,0.000,.,.,.,0.000,0.000,0.000,0.000,0.000,.,.,.,0.00,0.000,0.000,0.000,0.000,.,.,.,0.000,0.000,20.000,0,0,0,0,0,.,.,0,0,0,0,0,.,.,0,0,0,0,0,.,.,0,0,0,0,0,.,.,0.000,0.000,20,,
01-Jun-1982,Toolik Tussock 1981 plots,Control,Deciduous,Betula nana,long leaf,new above,0.012,0.025,0.000,0.029,0.000,.,.,.,0,0.000,0.010,0.000,0.002,.,.,.,0.000,0.004,0.007,0.000,0.000,.,.,.,0.00,0.041,0.000,0.000,0.000,.,.,.,0.007,0.003,20.000,0.3,0.625,0,0.725,0,.,.,0,0,0.25,0,0.05,.,.,0,0.1,0.175,0,0,.,.,0,1.025,0,0,0,.,.,0.163,0.066,20,,
01-Jun-1982,Toolik Tussock 1981 plots,Control,Deciduous,Betula nana,short stem,new above,0.000,0.000,0.000,0.000,0.000,.,.,.,0,0.000,0.000,0.000,0.000,.,.,.,0.000,0.000,0.000,0.000,0.000,.,.,.,0.00,0.000,0.000,0.000,0.000,.,.,.,0.000,0.000,20.000,0,0,0,0,0,.,.,0,0,0,0,0,.,.,0,0,0,0,0,.,.,0,0,0,0,0,.,.,0.000,0.000,20,,
01-Jun-1982,Toolik Tussock 1981 plots,Control,Deciduous,Betula nana,short leaf,new above,0.087,0.096,0.005,0.131,0.000,.,.,.,0.051,0.010,0.057,0.070,0.004,.,.,.,0.000,0.044,0.055,0.006,0.000,.,.,.,0.02,0.144,0.000,0.000,0.000,.,.,.,0.039,0.010,20.000,2.175,2.4,0.125,3.275,0,.,.,1.275,0.25,1.425,1.75,0.1,.,.,0,1.1,1.375,0.15,0,.,.,0.375,3.6,0,0,0,.,.,0.969,0.259,20,,
01-Jun-1982,Toolik Tussock 1981 plots,Control,Deciduous,Betula nana,inflorescence,new above,0.009,0.029,0.000,0.000,0.000,.,.,.,0,0.000,0.000,0.000,0.000,.,.,.,0.000,0.006,0.000,0.000,0.000,.,.,.,0.00,0.004,0.000,0.000,0.000,.,.,.,0.002,0.002,20.000,0.225,0.725,0,0,0,.,.,0,0,0,0,0,.,.,0,0.15,0,0,0,.,.,0,0.1,0,0,0,.,.,0.060,0.038,20,,
01-Jun-1982,Toolik Tussock 1981 plots,Control,Deciduous,Betula nana,old stems,old above,1.660,2.033,0.725,4.381,0.000,.,.,.,1.204,0.044,0.729,0.711,0.108,.,.,.,0.000,0.319,0.723,0.068,0.000,.,.,.,2.41,2.216,0.000,0.000,0.000,.,.,.,0.867,0.259,20.000,41.5,50.825,18.125,109.525,0,.,.,30.1,1.1,18.225,17.775,2.7,.,.,0,7.975,18.075,1.7,0,.,.,60.325,55.4,0,0,0,.,.,21.668,6.469,20,,
01-Jun-1982,Toolik Tussock 1981 plots,Control,Deciduous,Betula nana,below stems,below,0.000,0.000,0.000,0.000,0.000,.,.,.,0,0.000,0.000,0.000,0.000,.,.,.,0.000,0.000,0.000,0.000,0.000,.,.,.,0.00,0.000,0.000,0.000,0.000,.,.,.,0.000,0.000,20.000,0,0,0,0,0,.,.,0,0,0,0,0,.,.,0,0,0,0,0,.,.,0,0,0,0,0,.,.,0.000,0.000,20,,
01-Jun-1982,Toolik Tussock 1981 plots,Control,Deciduous,Salix pulchra,long stem,new above,0.000,0.000,0.000,0.000,0.000,.,.,.,0,0.000,0.000,0.000,0.000,.,.,.,0.000,0.000,0.000,0.000,0.000,.,.,.,0.00,0.000,0.000,0.000,0.000,.,.,.,0.000,0.000,20.000,0,0,0,0,0,.,.,0,0,0,0,0,.,.,0,0,0,0,0,.,.,0,0,0,0,0,.,.,0.000,0.000,20,,
01-Jun-1982,Toolik Tussock 1981 plots,Control,Deciduous,Salix pulchra,long leaf,new above,0.000,0.015,0.000,0.000,0.006,.,.,.,0,0.000,0.000,0.000,0.000,.,.,.,0.000,0.000,0.000,0.000,0.000,.,.,.,0.00,0.000,0.000,0.000,0.000,.,.,.,0.001,0.001,20.000,0,0.375,0,0,0.15,.,.,0,0,0,0,0,.,.,0,0,0,0,0,.,.,0,0,0,0,0,.,.,0.026,0.020,20,,
01-Jun-1982,Toolik Tussock 1981 plots,Control,Deciduous,Salix pulchra,short stem,new above,0.000,0.000,0.000,0.000,0.000,.,.,.,0,0.000,0.000,0.000,0.000,.,.,.,0.000,0.000,0.000,0.000,0.000,.,.,.,0.00,0.000,0.000,0.000,0.000,.,.,.,0.000,0.000,20.000,0,0,0,0,0,.,.,0,0,0,0,0,.,.,0,0,0,0,0,.,.,0,0,0,0,0,.,.,0.000,0.000,20,,
01-Jun-1982,Toolik Tussock 1981 plots,Control,Deciduous,Salix pulchra,short leaf,new above,0.000,0.011,0.000,0.000,0.004,.,.,.,0,0.000,0.000,0.000,0.000,.,.,.,0.000,0.000,0.000,0.000,0.000,.,.,.,0.02,0.000,0.000,0.000,0.000,.,.,.,0.002,0.001,20.000,0,0.275,0,0,0.1,.,.,0,0,0,0,0,.,.,0,0,0,0,0,.,.,0.425,0,0,0,0,.,.,0.040,0.025,20,,
01-Jun-1982,Toolik Tussock 1981 plots,Control,Deciduous,Salix pulchra,inflorescence,new above,0.000,0.000,0.000,0.000,0.000,.,.,.,0,0.000,0.000,0.000,0.000,.,.,.,0.000,0.000,0.000,0.000,0.000,.,.,.,0.00,0.000,0.000,0.000,0.000,.,.,.,0.000,0.000,20.000,0,0,0,0,0,.,.,0,0,0,0,0,.,.,0,0,0,0,0,.,.,0,0,0,0,0,.,.,0.000,0.000,20,,
01-Jun-1982,Toolik Tussock 1981 plots,Control,Deciduous,Salix pulchra,old stems,old above,0.000,0.234,0.000,0.000,0.611,.,.,.,0,0.000,0.000,0.000,0.000,.,.,.,0.000,0.000,0.000,0.000,0.000,.,.,.,0.02,0.000,0.000,0.000,0.000,.,.,.,0.043,0.032,20.000,0,5.85,0,0,15.275,.,.,0,0,0,0,0,.,.,0,0,0,0,0,.,.,0.55,0,0,0,0,.,.,1.084,0.802,20,,
01-Jun-1982,Toolik Tussock 1981 plots,Control,Deciduous,Salix pulchra,below stems,below,0.000,0.000,0.000,0.000,0.000,.,.,.,0,0.000,0.000,0.000,0.000,.,.,.,0.000,0.000,0.000,0.000,0.000,.,.,.,0.00,0.000,0.000,0.000,0.000,.,.,.,0.000,0.000,20.000,0,0,0,0,0,.,.,0,0,0,0,0,.,.,0,0,0,0,0,.,.,0,0,0,0,0,.,.,0.000,0.000,20,,
01-Jun-1982,Toolik Tussock 1981 plots,Control,Deciduous,Rubus chamaemorus,inflorescence,new above,0.000,0.000,0.000,0.000,0.000,.,.,.,0,0.000,0.000,0.000,0.000,.,.,.,0.000,0.000,0.000,0.000,0.000,.,.,.,0.00,0.000,0.000,0.000,0.000,.,.,.,0.000,0.000,20.000,0,0,0,0,0,.,.,0,0,0,0,0,.,.,0,0,0,0,0,.,.,0,0,0,0,0,.,.,0.000,0.000,20,,
01-Jun-1982,Toolik Tussock 1981 plots,Control,Deciduous,Rubus chamaemorus,new leaves,new above,0.000,0.000,0.006,0.000,0.000,.,.,.,0,0.000,0.000,0.003,0.000,.,.,.,0.008,0.003,0.022,0.000,0.029,.,.,.,0.00,0.007,0.000,0.000,0.000,.,.,.,0.004,0.002,20.000,0,0,0.15,0,0,.,.,0,0,0,0.075,0,.,.,0.2,0.075,0.55,0,0.725,.,.,0,0.175,0,0,0,.,.,0.098,0.044,20,,
01-Jun-1982,Toolik Tussock 1981 plots,Control,Deciduous,Rubus chamaemorus,new stems,new above,0.000,0.000,0.000,0.000,0.000,.,.,.,0,0.000,0.000,0.000,0.000,.,.,.,0.000,0.000,0.000,0.000,0.000,.,.,.,0.00,0.000,0.000,0.000,0.000,.,.,.,0.000,0.000,20.000,0,0,0,0,0,.,.,0,0,0,0,0,.,.,0,0,0,0,0,.,.,0,0,0,0,0,.,.,0.000,0.000,20,,
01-Jun-1982,Toolik Tussock 1981 plots,Control,Deciduous,Rubus chamaemorus,below stems,below,0.000,0.000,0.000,0.000,0.000,.,.,.,0,0.000,0.000,0.000,0.000,.,.,.,0.000,0.000,0.000,0.000,0.000,.,.,.,0.00,0.000,0.000,0.000,0.000,.,.,.,0.000,0.000,20.000,0,0,0,0,0,.,.,0,0,0,0,0,.,.,0,0,0,0,0,.,.,0,0,0,0,0,.,.,0.000,0.000,20,,
01-Jun-1982,Toolik Tussock 1981 plots,Control,Deciduous,Arctostaphylos alpina,new leaves,new above,0.000,0.000,0.000,0.000,0.000,.,.,.,0,0.000,0.000,0.022,0.000,.,.,.,0.005,0.000,0.000,0.000,0.014,.,.,.,0.00,0.000,0.000,0.000,0.000,.,.,.,0.002,0.001,20.000,0,0,0,0,0,.,.,0,0,0,0.55,0,.,.,0.125,0,0,0,0.35,.,.,0,0,0,0,0,.,.,0.051,0.032,20,,
01-Jun-1982,Toolik Tussock 1981 plots,Control,Deciduous,Arctostaphylos alpina,new stems,new above,0.000,0.000,0.000,0.000,0.000,.,.,.,0,0.000,0.000,0.000,0.000,.,.,.,0.000,0.000,0.000,0.000,0.000,.,.,.,0.00,0.000,0.000,0.000,0.000,.,.,.,0.000,0.000,20.000,0,0,0,0,0,.,.,0,0,0,0,0,.,.,0,0,0,0,0,.,.,0,0,0,0,0,.,.,0.000,0.000,20,,
01-Jun-1982,Toolik Tussock 1981 plots,Control,Deciduous,Arctostaphylos alpina,old stems,old above,0.000,0.000,0.000,0.000,0.000,.,.,.,0,0.000,0.000,0.000,0.000,.,.,.,0.000,0.000,0.000,0.000,0.000,.,.,.,0.00,0.000,0.000,0.000,0.000,.,.,.,0.000,0.000,20.000,0,0,0,0,0,.,.,0,0,0,0,0,.,.,0,0,0,0,0,.,.,0,0,0,0,0,.,.,0.000,0.000,20,,
01-Jun-1982,Toolik Tussock 1981 plots,Control,Deciduous,Arctostaphylos alpina,below stems,below,0.000,0.000,0.000,0.000,0.000,.,.,.,0,0.000,0.000,0.000,0.000,.,.,.,0.000,0.000,0.000,0.000,0.000,.,.,.,0.00,0.000,0.000,0.000,0.000,.,.,.,0.000,0.000,20.000,0,0,0,0,0,.,.,0,0,0,0,0,.,.,0,0,0,0,0,.,.,0,0,0,0,0,.,.,0.000,0.000,20,,
01-Jun-1982,Toolik Tussock 1981 plots,Control,Deciduous,Arctostaphylos alpina,fruit,new above,0.000,0.000,0.000,0.000,0.000,.,.,.,0,0.000,0.000,0.000,0.000,.,.,.,0.000,0.000,0.000,0.000,0.000,.,.,.,0.00,0.000,0.000,0.000,0.000,.,.,.,0.000,0.000,20.000,0,0,0,0,0,.,.,0,0,0,0,0,.,.,0,0,0,0,0,.,.,0,0,0,0,0,.,.,0.000,0.000,20,,
01-Jun-1982,Toolik Tussock 1981 plots,Control,Deciduous,Vaccinium uliginosum,new leaves,new above,0.000,0.000,0.000,0.183,0.000,.,.,.,0,0.000,0.000,0.000,0.000,.,.,.,0.000,0.000,0.000,0.000,0.000,.,.,.,0.00,0.000,0.000,0.000,0.000,.,.,.,0.009,0.009,20.000,0,0,0,4.575,0,.,.,0,0,0,0,0,.,.,0,0,0,0,0,.,.,0,0,0,0,0,.,.,0.229,0.229,20,,
01-Jun-1982,Toolik Tussock 1981 plots,Control,Deciduous,Vaccinium uliginosum,new stems,new above,0.000,0.000,0.000,0.000,0.000,.,.,.,0,0.000,0.000,0.000,0.000,.,.,.,0.000,0.000,0.000,0.000,0.000,.,.,.,0.00,0.000,0.000,0.000,0.000,.,.,.,0.000,0.000,20.000,0,0,0,0,0,.,.,0,0,0,0,0,.,.,0,0,0,0,0,.,.,0,0,0,0,0,.,.,0.000,0.000,20,,
01-Jun-1982,Toolik Tussock 1981 plots,Control,Deciduous,Vaccinium uliginosum,old stems,old above,0.000,0.000,0.000,0.000,0.000,.,.,.,0,0.000,0.000,0.000,0.000,.,.,.,0.000,0.000,0.000,0.000,0.000,.,.,.,0.00,0.000,0.000,0.000,0.000,.,.,.,0.000,0.000,20.000,0,0,0,0,0,.,.,0,0,0,0,0,.,.,0,0,0,0,0,.,.,0,0,0,0,0,.,.,0.000,0.000,20,,
01-Jun-1982,Toolik Tussock 1981 plots,Control,Deciduous,Vaccinium uliginosum,below stems,below,0.000,0.000,0.000,0.000,0.000,.,.,.,0,0.000,0.000,0.000,0.000,.,.,.,0.000,0.000,0.000,0.000,0.000,.,.,.,0.00,0.000,0.000,0.000,0.000,.,.,.,0.000,0.000,20.000,0,0,0,0,0,.,.,0,0,0,0,0,.,.,0,0,0,0,0,.,.,0,0,0,0,0,.,.,0.000,0.000,20,,
01-Jun-1982,Toolik Tussock 1981 plots,Control,Forb,Polygonum bistorta,new above,new above,0.038,0.000,0.000,0.039,0.000,.,.,.,0,0.000,0.000,0.000,0.000,.,.,.,0.000,0.000,0.000,0.000,0.000,.,.,.,0.00,0.000,0.000,0.000,0.008,.,.,.,0.004,0.003,20.000,0.95,0,0,0.975,0,.,.,0,0,0,0,0,.,.,0,0,0,0,0,.,.,0,0,0,0,0.2,.,.,0.106,0.066,20,,
01-Jun-1982,Toolik Tussock 1981 plots,Control,Forb,Polygonum bistorta,below,below,0.000,0.000,0.000,0.000,0.000,.,.,.,0,0.000,0.000,0.000,0.000,.,.,.,0.000,0.000,0.000,0.000,0.000,.,.,.,0.00,0.000,0.000,0.000,0.000,.,.,.,0.000,0.000,20.000,0,0,0,0,0,.,.,0,0,0,0,0,.,.,0,0,0,0,0,.,.,0,0,0,0,0,.,.,0.000,0.000,20,,
01-Jun-1982,Toolik Tussock 1981 plots,Control,Forb,Polygonum bistorta,inflorescence,new above,0.000,0.000,0.000,0.000,0.000,.,.,.,0,0.000,0.000,0.000,0.000,.,.,.,0.000,0.000,0.000,0.000,0.000,.,.,.,0.00,0.000,0.000,0.000,0.000,.,.,.,0.000,0.000,20.000,0,0,0,0,0,.,.,0,0,0,0,0,.,.,0,0,0,0,0,.,.,0,0,0,0,0,.,.,0.000,0.000,20,,
01-Jun-1982,Toolik Tussock 1981 plots,Control,Forb,Pedicularis spp.,new above,new above,0.000,0.000,0.000,0.000,0.000,.,.,.,0,0.000,0.000,0.000,0.003,.,.,.,0.004,0.000,0.000,0.000,0.000,.,.,.,0.00,0.000,0.000,0.000,0.018,.,.,.,0.001,0.001,20.000,0,0,0,0,0,.,.,0,0,0,0,0.075,.,.,0.1,0,0,0,0,.,.,0,0,0,0,0.45,.,.,0.031,0.023,20,,
01-Jun-1982,Toolik Tussock 1981 plots,Control,Forb,Pedicularis spp.,below,below,0.000,0.000,0.000,0.000,0.000,.,.,.,0,0.000,0.000,0.000,0.000,.,.,.,0.000,0.000,0.000,0.000,0.000,.,.,.,0.00,0.000,0.000,0.000,0.000,.,.,.,0.000,0.000,20.000,0,0,0,0,0,.,.,0,0,0,0,0,.,.,0,0,0,0,0,.,.,0,0,0,0,0,.,.,0.000,0.000,20,,
01-Jun-1982,Toolik Tussock 1981 plots,Control,Evergreen,Ledum palustre,new leaves,new above,0.000,0.000,0.000,0.000,0.000,.,.,.,0,0.000,0.000,0.000,0.000,.,.,.,0.000,0.000,0.000,0.000,0.000,.,.,.,0.00,0.000,0.000,0.000,0.000,.,.,.,0.000,0.000,20.000,0,0,0,0,0,.,.,0,0,0,0,0,.,.,0,0,0,0,0,.,.,0,0,0,0,0,.,.,0.000,0.000,20,,
01-Jun-1982,Toolik Tussock 1981 plots,Control,Evergreen,Ledum palustre,new stems,new above,0.000,0.000,0.000,0.000,0.000,.,.,.,0,0.000,0.000,0.000,0.000,.,.,.,0.000,0.000,0.000,0.000,0.000,.,.,.,0.00,0.000,0.000,0.000,0.000,.,.,.,0.000,0.000,20.000,0,0,0,0,0,.,.,0,0,0,0,0,.,.,0,0,0,0,0,.,.,0,0,0,0,0,.,.,0.000,0.000,20,,
01-Jun-1982,Toolik Tussock 1981 plots,Control,Evergreen,Ledum palustre,old leaves,old above,0.589,0.583,0.955,0.249,1.198,.,.,.,1.44,1.711,1.865,1.457,0.572,.,.,.,0.617,1.895,1.328,1.182,1.570,.,.,.,1.03,1.504,0.868,0.161,0.582,.,.,.,1.068,0.118,20.000,14.725,14.575,23.875,6.225,29.95,.,.,36,42.775,46.625,36.425,14.3,.,.,15.425,47.375,33.2,29.55,39.25,.,.,25.75,37.6,21.7,4.025,14.55,.,.,26.695,2.941,20,,
01-Jun-1982,Toolik Tussock 1981 plots,Control,Evergreen,Ledum palustre,old stems,old above,0.544,0.517,0.854,0.301,1.451,.,.,.,2.893,1.647,2.841,1.967,0.857,.,.,.,0.814,2.177,1.687,1.918,3.040,.,.,.,2.68,1.422,2.826,0.201,1.257,.,.,.,1.594,0.207,20.000,13.6,12.925,21.35,7.525,36.275,.,.,72.325,41.175,71.025,49.175,21.425,.,.,20.35,54.425,42.175,47.95,76,.,.,66.875,35.55,70.65,5.025,31.425,.,.,39.861,5.186,20,,
01-Jun-1982,Toolik Tussock 1981 plots,Control,Evergreen,Ledum palustre,below stems,below,0.000,0.000,0.000,0.000,0.000,.,.,.,0,0.000,0.000,0.000,0.000,.,.,.,0.000,0.000,0.000,0.000,0.000,.,.,.,0.00,0.000,0.000,0.000,0.000,.,.,.,0.000,0.000,20.000,0,0,0,0,0,.,.,0,0,0,0,0,.,.,0,0,0,0,0,.,.,0,0,0,0,0,.,.,0.000,0.000,20,,
01-Jun-1982,Toolik Tussock 1981 plots,Control,Evergreen,Ledum palustre,inflorescence,new above,0.018,0.000,0.000,0.012,0.000,.,.,.,0,0.000,0.006,0.014,0.004,.,.,.,0.000,0.000,0.000,0.000,0.054,.,.,.,0.03,0.000,0.000,0.000,0.000,.,.,.,0.007,0.003,20.000,0.45,0,0,0.3,0,.,.,0,0,0.15,0.35,0.1,.,.,0,0,0,0,1.35,.,.,0.7,0,0,0,0,.,.,0.170,0.076,20,,
01-Jun-1982,Toolik Tussock 1981 plots,Control,Evergreen,Vaccinium vitis-idaea,new leaves,new above,0.000,0.000,0.000,0.000,0.000,.,.,.,0,0.000,0.000,0.000,0.000,.,.,.,0.000,0.000,0.000,0.000,0.000,.,.,.,0.00,0.000,0.000,0.000,0.000,.,.,.,0.000,0.000,20.000,0,0,0,0,0,.,.,0,0,0,0,0,.,.,0,0,0,0,0,.,.,0,0,0,0,0,.,.,0.000,0.000,20,,
01-Jun-1982,Toolik Tussock 1981 plots,Control,Evergreen,Vaccinium vitis-idaea,new stems,new above,0.000,0.000,0.000,0.000,0.000,.,.,.,0,0.000,0.000,0.000,0.000,.,.,.,0.000,0.000,0.000,0.000,0.000,.,.,.,0.00,0.000,0.000,0.000,0.000,.,.,.,0.000,0.000,20.000,0,0,0,0,0,.,.,0,0,0,0,0,.,.,0,0,0,0,0,.,.,0,0,0,0,0,.,.,0.000,0.000,20,,
01-Jun-1982,Toolik Tussock 1981 plots,Control,Evergreen,Vaccinium vitis-idaea,old leaves,old above,0.490,2.849,2.478,0.805,9.038,.,.,.,6.401,3.980,3.733,2.012,2.545,.,.,.,1.160,3.970,1.830,3.660,2.436,.,.,.,3.52,2.601,1.084,1.244,3.240,.,.,.,2.954,0.447,20.000,12.25,71.225,61.95,20.125,225.95,.,.,160.025,99.5,93.325,50.3,63.625,.,.,29,99.25,45.75,91.5,60.9,.,.,87.975,65.025,27.1,31.1,81,.,.,73.844,11.163,20,,
01-Jun-1982,Toolik Tussock 1981 plots,Control,Evergreen,Vaccinium vitis-idaea,old stems,old above,0.063,0.659,0.491,0.231,1.722,.,.,.,2.06,0.773,0.976,0.525,0.565,.,.,.,0.245,0.730,0.338,0.821,0.698,.,.,.,1.53,0.851,0.413,0.237,1.178,.,.,.,0.755,0.117,20.000,1.575,16.475,12.275,5.775,43.05,.,.,51.5,19.325,24.4,13.125,14.125,.,.,6.125,18.25,8.45,20.525,17.45,.,.,38.125,21.275,10.325,5.925,29.45,.,.,18.876,2.929,20,,
01-Jun-1982,Toolik Tussock 1981 plots,Control,Evergreen,Vaccinium vitis-idaea,below stems,below,0.000,0.000,0.000,0.000,0.000,.,.,.,0,0.000,0.000,0.000,0.000,.,.,.,0.000,0.000,0.000,0.000,0.000,.,.,.,0.00,0.000,0.000,0.000,0.000,.,.,.,0.000,0.000,20.000,0,0,0,0,0,.,.,0,0,0,0,0,.,.,0,0,0,0,0,.,.,0,0,0,0,0,.,.,0.000,0.000,20,,
01-Jun-1982,Toolik Tussock 1981 plots,Control,Evergreen,Vaccinium vitis-idaea,inflorescence,new above,0.000,0.000,0.006,0.000,0.000,.,.,.,0,0.000,0.000,0.000,0.000,.,.,.,0.000,0.000,0.000,0.000,0.000,.,.,.,0.00,0.000,0.000,0.000,0.000,.,.,.,0.000,0.000,20.000,0,0,0.15,0,0,.,.,0,0,0,0,0,.,.,0,0,0,0,0,.,.,0,0,0,0,0,.,.,0.008,0.008,20,,
01-Jun-1982,Toolik Tussock 1981 plots,Control,Evergreen,Andromeda polifolia,new leaves,new above,0.000,0.000,0.000,0.000,0.000,.,.,.,0,0.000,0.000,0.000,0.000,.,.,.,0.000,0.000,0.000,0.000,0.000,.,.,.,0.00,0.000,0.000,0.000,0.000,.,.,.,0.000,0.000,20.000,0,0,0,0,0,.,.,0,0,0,0,0,.,.,0,0,0,0,0,.,.,0,0,0,0,0,.,.,0.000,0.000,20,,
01-Jun-1982,Toolik Tussock 1981 plots,Control,Evergreen,Andromeda polifolia,new stems,new above,0.000,0.000,0.000,0.000,0.000,.,.,.,0,0.000,0.000,0.000,0.000,.,.,.,0.000,0.000,0.000,0.000,0.000,.,.,.,0.00,0.000,0.000,0.000,0.000,.,.,.,0.000,0.000,20.000,0,0,0,0,0,.,.,0,0,0,0,0,.,.,0,0,0,0,0,.,.,0,0,0,0,0,.,.,0.000,0.000,20,,
01-Jun-1982,Toolik Tussock 1981 plots,Control,Evergreen,Andromeda polifolia,old leaves,old above,0.241,0.000,0.000,0.000,0.000,.,.,.,0,0.000,0.000,0.000,0.016,.,.,.,0.010,0.044,0.000,0.000,0.000,.,.,.,0.14,0.049,0.000,0.000,0.146,.,.,.,0.032,0.015,20.000,6.025,0,0,0,0,.,.,0,0,0,0,0.4,.,.,0.25,1.1,0,0,0,.,.,3.475,1.225,0,0,3.65,.,.,0.806,0.369,20,,
01-Jun-1982,Toolik Tussock 1981 plots,Control,Evergreen,Andromeda polifolia,old stems,old above,0.000,0.091,0.000,0.000,0.000,.,.,.,0,0.000,0.000,0.000,0.004,.,.,.,0.005,0.005,0.000,0.000,0.000,.,.,.,0.09,0.017,0.000,0.000,0.109,.,.,.,0.016,0.008,20.000,0,2.275,0,0,0,.,.,0,0,0,0,0.1,.,.,0.125,0.125,0,0,0,.,.,2.35,0.425,0,0,2.725,.,.,0.406,0.199,20,,
01-Jun-1982,Toolik Tussock 1981 plots,Control,Evergreen,Andromeda polifolia,below stems,below,0.000,0.000,0.000,0.000,0.000,.,.,.,0,0.000,0.000,0.000,0.000,.,.,.,0.000,0.000,0.000,0.000,0.000,.,.,.,0.00,0.000,0.000,0.000,0.000,.,.,.,0.000,0.000,20.000,0,0,0,0,0,.,.,0,0,0,0,0,.,.,0,0,0,0,0,.,.,0,0,0,0,0,.,.,0.000,0.000,20,,
01-Jun-1982,Toolik Tussock 1981 plots,Control,Evergreen,Empetrum nigrum,new leaves,new above,0.000,0.000,0.000,0.000,0.000,.,.,.,0,0.000,0.000,0.000,0.000,.,.,.,0.000,0.000,0.000,0.000,0.000,.,.,.,0.00,0.000,0.000,0.000,0.000,.,.,.,0.000,0.000,20.000,0,0,0,0,0,.,.,0,0,0,0,0,.,.,0,0,0,0,0,.,.,0,0,0,0,0,.,.,0.000,0.000,20,,
01-Jun-1982,Toolik Tussock 1981 plots,Control,Evergreen,Empetrum nigrum,new stems,new above,0.000,0.000,0.000,0.000,0.000,.,.,.,0,0.000,0.000,0.000,0.000,.,.,.,0.000,0.000,0.000,0.000,0.000,.,.,.,0.00,0.000,0.000,0.000,0.000,.,.,.,0.000,0.000,20.000,0,0,0,0,0,.,.,0,0,0,0,0,.,.,0,0,0,0,0,.,.,0,0,0,0,0,.,.,0.000,0.000,20,,
01-Jun-1982,Toolik Tussock 1981 plots,Control,Evergreen,Empetrum nigrum,old leaves,old above,0.000,0.110,0.000,0.000,0.216,.,.,.,0,0.000,0.528,0.000,0.000,.,.,.,0.000,0.307,0.085,0.045,0.000,.,.,.,0.00,0.000,0.000,0.000,0.000,.,.,.,0.065,0.031,20.000,0,2.75,0,0,5.4,.,.,0,0,13.2,0,0,.,.,0,7.675,2.125,1.125,0,.,.,0,0,0,0,0,.,.,1.614,0.767,20,,
01-Jun-1982,Toolik Tussock 1981 plots,Control,Evergreen,Empetrum nigrum,old stems,old above,0.000,0.036,0.000,0.000,0.087,.,.,.,0,0.000,0.312,0.000,0.000,.,.,.,0.000,0.197,0.035,0.014,0.000,.,.,.,0.00,0.000,0.000,0.000,0.000,.,.,.,0.034,0.018,20.000,0,0.9,0,0,2.175,.,.,0,0,7.8,0,0,.,.,0,4.925,0.875,0.35,0,.,.,0,0,0,0,0,.,.,0.851,0.450,20,,
01-Jun-1982,Toolik Tussock 1981 plots,Control,Evergreen,Empetrum nigrum,below stems,below,0.000,0.000,0.000,0.000,0.000,.,.,.,0,0.000,0.000,0.000,0.000,.,.,.,0.000,0.000,0.000,0.000,0.000,.,.,.,0.00,0.000,0.000,0.000,0.000,.,.,.,0.000,0.000,20.000,0,0,0,0,0,.,.,0,0,0,0,0,.,.,0,0,0,0,0,.,.,0,0,0,0,0,.,.,0.000,0.000,20,,
01-Jun-1982,Toolik Tussock 1981 plots,Control,Evergreen,Cassiope tetragona,new leaves,new above,0.000,0.000,0.000,0.000,0.000,.,.,.,0,0.000,0.000,0.000,0.000,.,.,.,0.000,0.000,0.000,0.000,0.000,.,.,.,0.00,0.000,0.000,0.000,0.000,.,.,.,0.000,0.000,20.000,0,0,0,0,0,.,.,0,0,0,0,0,.,.,0,0,0,0,0,.,.,0,0,0,0,0,.,.,0.000,0.000,20,,
01-Jun-1982,Toolik Tussock 1981 plots,Control,Evergreen,Cassiope tetragona,old leaves,old above,0.000,0.000,0.000,0.000,0.000,.,.,.,0,0.000,0.000,0.000,0.000,.,.,.,0.000,0.000,0.000,0.000,0.000,.,.,.,0.86,0.000,0.000,0.000,0.044,.,.,.,0.045,0.043,20.000,0,0,0,0,0,.,.,0,0,0,0,0,.,.,0,0,0,0,0,.,.,21.575,0,0,0,1.1,.,.,1.134,1.077,20,,
01-Jun-1982,Toolik Tussock 1981 plots,Control,Evergreen,Cassiope tetragona,old stems,old above,0.000,0.000,0.000,0.000,0.000,.,.,.,0,0.000,0.000,0.000,0.000,.,.,.,0.000,0.000,0.000,0.000,0.000,.,.,.,1.29,0.000,0.000,0.000,0.117,.,.,.,0.070,0.064,20.000,0,0,0,0,0,.,.,0,0,0,0,0,.,.,0,0,0,0,0,.,.,32.25,0,0,0,2.925,.,.,1.759,1.611,20,,
01-Jun-1982,Toolik Tussock 1981 plots,Control,Evergreen,Cassiope tetragona,below stems,below,0.000,0.000,0.000,0.000,0.000,.,.,.,0,0.000,0.000,0.000,0.000,.,.,.,0.000,0.000,0.000,0.000,0.000,.,.,.,0.00,0.000,0.000,0.000,0.000,.,.,.,0.000,0.000,20.000,0,0,0,0,0,.,.,0,0,0,0,0,.,.,0,0,0,0,0,.,.,0,0,0,0,0,.,.,0.000,0.000,20,,
01-Jun-1982,Toolik Tussock 1981 plots,Control,Evergreen,Oxycoccus microcarpus,new above,new above,0.000,0.000,0.000,0.000,0.000,.,.,.,0,0.000,0.000,0.000,0.000,.,.,.,0.000,0.000,0.000,0.000,0.000,.,.,.,0.00,0.000,0.000,0.000,0.000,.,.,.,0.000,0.000,20.000,0,0,0,0,0,.,.,0,0,0,0,0,.,.,0,0,0,0,0,.,.,0,0,0,0,0,.,.,0.000,0.000,20,,
01-Jun-1982,Toolik Tussock 1981 plots,Control,Evergreen,Oxycoccus microcarpus,below stems,below,0.000,0.000,0.000,0.000,0.000,.,.,.,0,0.000,0.000,0.000,0.000,.,.,.,0.000,0.000,0.000,0.000,0.000,.,.,.,0.00,0.000,0.000,0.000,0.000,.,.,.,0.000,0.000,20.000,0,0,0,0,0,.,.,0,0,0,0,0,.,.,0,0,0,0,0,.,.,0,0,0,0,0,.,.,0.000,0.000,20,,
01-Jun-1982,Toolik Tussock 1981 plots,Control,Bryophyte,Sphagnum spp.,live green,non-vascular,0.00,0.12,6.62,0.00,0.00,.,.,.,0,0.00,2.05,0.00,11.91,.,.,.,5.90,1.18,3.23,0.94,1.03,.,.,.,0.00,9.67,0.00,0.00,2.51,.,.,.,2.259,0.789,20.00,0,3.025,165.525,0,0,.,.,0,0,51.35,0,297.75,.,.,147.6,29.575,80.725,23.425,25.85,.,.,0,241.85,0,0,62.65,.,.,56.466,19.718,20,,
01-Jun-1982,Toolik Tussock 1981 plots,Control,Bryophyte,Aulacomnium sp.,live green,non-vascular,1.91,3.60,0.74,12.65,0.11,.,.,.,0.847,8.76,0.56,0.74,0.22,.,.,.,0.13,1.64,0.19,0.22,2.60,.,.,.,0.21,0.53,0.23,0.08,0.17,.,.,.,1.806,0.726,20.00,47.65,90.025,18.475,316.325,2.625,.,.,21.175,219.025,13.9,18.525,5.5,.,.,3.125,40.975,4.75,5.4,65.1,.,.,5.125,13.325,5.675,2.025,4.25,.,.,45.149,18.154,20,,
01-Jun-1982,Toolik Tussock 1981 plots,Control,Bryophyte,Hylocomium splendens,live green,non-vascular,5.52,3.66,0.05,0.17,0.02,.,.,.,0,0.57,0.43,0.14,0.13,.,.,.,0.00,0.25,0.20,0.14,7.47,.,.,.,0.40,2.44,2.65,0.00,0.44,.,.,.,1.234,0.468,20.00,137.975,91.4,1.3,4.25,0.5,.,.,0,14.25,10.7,3.45,3.325,.,.,0,6.125,4.95,3.6,186.75,.,.,10.05,60.875,66.3,0,11.025,.,.,30.841,11.698,20,,
01-Jun-1982,Toolik Tussock 1981 plots,Control,Bryophyte,Polytrichum sp.,live green,non-vascular,0.03,0.00,0.00,0.03,0.00,.,.,.,0,0.00,0.00,0.00,0.00,.,.,.,0.00,0.00,0.00,0.00,0.00,.,.,.,0.00,0.03,0.00,1.22,0.00,.,.,.,0.065,0.061,20.00,0.7,0,0,0.7,0,.,.,0,0,0,0,0,.,.,0,0,0,0,0,.,.,0,0.85,0,30.375,0,.,.,1.631,1.514,20,,
01-Jun-1982,Toolik Tussock 1981 plots,Control,Bryophyte,Drepanocladus sp.,live green,non-vascular,0.02,0.00,0.00,0.00,0.00,.,.,.,0,0.00,0.51,0.00,0.00,.,.,.,0.00,0.00,0.00,0.00,0.00,.,.,.,0.00,0.00,0.00,0.00,0.00,.,.,.,0.026,0.025,20.00,0.425,0,0,0,0,.,.,0,0,12.625,0,0,.,.,0,0,0,0,0,.,.,0,0,0,0,0,.,.,0.653,0.630,20,,
01-Jun-1982,Toolik Tussock 1981 plots,Control,Bryophyte,Dicranum spp.,live green,non-vascular,7.65,0.19,9.48,3.38,0.69,.,.,.,0.12,1.10,7.32,2.98,6.52,.,.,.,7.96,20.60,6.44,8.92,0.22,.,.,.,0.04,2.31,0.24,2.98,1.58,.,.,.,4.535,1.125,20.00,191.125,4.85,236.875,84.475,17.15,.,.,3,27.45,182.95,74.425,163.075,.,.,199.075,515,161.1,222.9,5.4,.,.,1.025,57.7,6.025,74.55,39.525,.,.,113.384,28.114,20,,
01-Jun-1982,Toolik Tussock 1981 plots,Control,Lichen,Cladonia spp.,live,non-vascular,0.92,0.09,0.26,0.16,3.74,.,.,.,0.386,5.34,4.67,1.09,1.45,.,.,.,0.00,0.20,0.01,0.43,0.00,.,.,.,0.61,0.05,0.03,0.34,1.18,.,.,.,1.047,0.358,20.00,22.9,2.3,6.475,4.1,93.425,.,.,9.65,133.5,116.7,27.275,36.3,.,.,0,5.05,0.125,10.675,0,.,.,15.25,1.35,0.625,8.525,29.375,.,.,26.180,8.961,20,,
01-Jun-1982,Toolik Tussock 1981 plots,Control,Lichen,Cladonia spp.,live,non-vascular,0.57,0.03,0.82,0.82,3.05,.,.,.,0.204,4.26,2.08,0.64,2.10,.,.,.,0.01,1.16,0.02,0.09,0.15,.,.,.,0.00,0.34,0.40,9.63,0.34,.,.,.,1.335,0.505,20.00,14.15,0.85,20.45,20.525,76.35,.,.,5.1,106.525,51.975,15.975,52.5,.,.,0.35,28.875,0.55,2.3,3.625,.,.,0,8.575,9.975,240.65,8.375,.,.,33.384,12.636,20,,
01-Jun-1982,Toolik Tussock 1981 plots,Control,Lichen,Cetraria cucullata,live,non-vascular,0.30,0.18,0.49,0.20,0.50,.,.,.,0.157,1.04,1.00,0.64,0.95,.,.,.,0.37,0.40,0.12,0.77,0.00,.,.,.,0.00,0.59,0.24,0.08,0.23,.,.,.,0.413,0.073,20.00,7.55,4.55,12.175,5.075,12.4,.,.,3.925,26,24.9,15.9,23.775,.,.,9.325,10.025,2.9,19.3,0,.,.,0,14.725,6.05,2.1,5.7,.,.,10.319,1.824,20,,
01-Jun-1982,Toolik Tussock 1981 plots,Control,Lichen,Cetraria islandica,live,non-vascular,0.17,0.02,0.28,0.10,0.44,.,.,.,0,0.24,0.25,0.17,0.00,.,.,.,0.00,0.10,0.00,0.31,0.00,.,.,.,0.42,0.00,0.14,0.14,0.43,.,.,.,0.161,0.035,20.00,4.175,0.575,7,2.425,11.1,.,.,0,6.025,6.15,4.35,0,.,.,0,2.425,0,7.675,0,.,.,10.5,0,3.55,3.55,10.75,.,.,4.013,0.863,20,,
01-Jun-1982,Toolik Tussock 1981 plots,Control,Lichen,Dactylina sp.,live,non-vascular,0.02,0.35,0.18,0.04,0.04,.,.,.,0,0.52,0.55,0.04,0.00,.,.,.,0.00,0.00,0.00,0.23,0.01,.,.,.,0.47,0.23,2.56,0.03,0.02,.,.,.,0.265,0.128,20.00,0.6,8.7,4.575,1.1,1,.,.,0,12.925,13.775,1.075,0,.,.,0,0,0,5.8,0.15,.,.,11.775,5.825,64.025,0.825,0.55,.,.,6.635,3.197,20,,
01-Jun-1982,Toolik Tussock 1981 plots,Control,Lichen,Peltigera sp.,live,non-vascular,0.00,0.00,0.00,2.94,0.05,.,.,.,0,0.00,0.00,0.16,0.00,.,.,.,0.00,0.07,0.00,0.00,0.00,.,.,.,0.00,0.23,0.38,0.00,0.00,.,.,.,0.191,0.146,20.00,0,0,0,73.525,1.175,.,.,0,0,0,3.875,0,.,.,0,1.825,0,0,0,.,.,0,5.7,9.45,0.1,0,.,.,4.783,3.660,20,,
01-Jun-1982,Toolik Tussock 1981 plots,Control,Lichen,Alectoria sp.,live,non-vascular,0.00,0.00,0.00,0.00,0.03,.,.,.,0,0.00,0.00,0.00,0.00,.,.,.,0.00,0.00,0.00,0.00,0.00,.,.,.,0.00,0.00,0.00,0.00,0.00,.,.,.,0.001,0.001,20.00,0,0,0,0,0.625,.,.,0,0.05,0,0,0,.,.,0,0,0,0,0,.,.,0,0,0,0,0,.,.,0.034,0.031,20,,
31-Jul-1982,Toolik Tussock 1981 plots,Control,Graminoid,Eriophorum vaginatum,blade,new above,1.382,0.000,0.214,1.900,4.229,.,.,.,0,6.008,0.122,0.000,2.312,.,.,.,0.871,4.116,5.437,0.980,4.693,.,.,.,2.51,0.230,2.846,1.521,0.000,.,.,.,1.969,0.443,20.000,34.55,0,5.35,47.5,105.725,.,.,0,150.2,3.05,0,57.8,.,.,21.775,102.9,135.925,24.5,117.325,.,.,62.85,5.75,71.15,38.025,0,.,.,49.219,11.063,20,,
31-Jul-1982,Toolik Tussock 1981 plots,Control,Graminoid,Eriophorum vaginatum,sheath,new above,1.431,0.000,0.165,1.706,3.522,.,.,.,0,3.405,0.149,0.000,1.942,.,.,.,0.792,2.887,4.175,0.844,4.078,.,.,.,1.45,0.244,3.034,1.138,0.000,.,.,.,1.548,0.329,20.000,35.775,0,4.125,42.65,88.05,.,.,0,85.125,3.725,0,48.55,.,.,19.8,72.175,104.375,21.1,101.95,.,.,36.325,6.1,75.85,28.45,0,.,.,38.706,8.236,20,,
31-Jul-1982,Toolik Tussock 1981 plots,Control,Graminoid,Eriophorum vaginatum,rhizome,below,3.639,0.000,0.372,2.866,5.047,.,.,.,0,5.722,0.268,0.000,2.280,.,.,.,1.078,4.714,5.139,1.953,7.783,.,.,.,3.92,0.724,6.723,1.794,0.000,.,.,.,2.701,0.556,20.000,90.975,0,9.3,71.65,126.175,.,.,0,143.05,6.7,0,57,.,.,26.95,117.85,128.475,48.825,194.575,.,.,98.1,18.1,168.075,44.85,0,.,.,67.533,13.911,20,,
31-Jul-1982,Toolik Tussock 1981 plots,Control,Graminoid,Eriophorum vaginatum,roots,below,0.697,0.000,0.266,0.633,2.868,.,.,.,0,5.026,0.163,0.000,2.265,.,.,.,1.000,8.382,5.943,1.303,9.195,.,.,.,3.86,0.522,37.510,1.899,0.000,.,.,.,4.076,1.868,20.000,17.425,0,6.65,15.825,71.7,.,.,0,125.65,4.075,0,56.625,.,.,25,209.55,148.575,32.575,229.875,.,.,96.425,13.05,937.75,47.475,0,.,.,101.911,46.697,20,,
31-Jul-1982,Toolik Tussock 1981 plots,Control,Graminoid,Eriophorum vaginatum,v1,new above,0.197,0.000,0.000,0.169,0.719,.,.,.,0,0.789,0.000,0.000,0.377,.,.,.,0.180,1.082,0.508,0.213,0.175,.,.,.,0.24,0.044,0.176,0.190,0.000,.,.,.,0.253,0.068,20.000,4.925,0,0,4.225,17.975,.,.,0,19.725,0,0,9.425,.,.,4.5,27.05,12.7,5.325,4.375,.,.,6,1.1,4.4,4.75,0,.,.,6.324,1.688,20,,
31-Jul-1982,Toolik Tussock 1981 plots,Control,Graminoid,Eriophorum vaginatum,v0,new above,0.042,0.000,0.005,0.042,0.134,.,.,.,0,0.038,0.000,0.000,0.131,.,.,.,0.022,0.089,0.016,0.050,0.104,.,.,.,0.00,0.000,0.078,0.018,0.000,.,.,.,0.038,0.010,20.000,1.05,0,0.125,1.05,3.35,.,.,0,0.95,0,0,3.275,.,.,0.55,2.225,0.4,1.25,2.6,.,.,0,0,1.95,0.45,0,.,.,0.961,0.253,20,,
31-Jul-1982,Toolik Tussock 1981 plots,Control,Graminoid,Eriophorum vaginatum,buds,new above,0.000,0.000,0.000,0.000,0.251,.,.,.,0,0.707,0.000,0.000,0.240,.,.,.,0.000,0.728,0.000,0.000,0.075,.,.,.,0.00,0.000,0.000,0.000,0.000,.,.,.,0.100,0.050,20.000,0,0,0,0,6.275,.,.,0,17.675,0,0,6,.,.,0,18.2,0,0,1.875,.,.,0,0,0,0,0,.,.,2.501,1.254,20,,
31-Jul-1982,Toolik Tussock 1981 plots,Control,Graminoid,Eriophorum vaginatum,inflorescence,new above,0.000,0.000,0.000,0.000,0.000,.,.,.,0,0.000,0.000,0.000,0.000,.,.,.,0.000,0.667,0.000,0.000,0.000,.,.,.,0.10,0.000,0.000,0.000,0.000,.,.,.,0.038,0.033,20.000,0,0,0,0,0,.,.,0,0,0,0,0,.,.,0,16.675,0,0,0,.,.,2.475,0,0,0,0,.,.,0.958,0.836,20,,
31-Jul-1982,Toolik Tussock 1981 plots,Control,Graminoid,Eriophorum vaginatum,inc. blade,new above,0.091,0.000,0.032,0.038,0.120,.,.,.,0,0.102,0.028,0.000,0.122,.,.,.,0.097,0.047,0.168,0.082,0.219,.,.,.,0.09,0.049,0.122,0.019,0.025,.,.,.,0.073,0.013,20.000,2.275,0,0.8,0.95,3,.,.,0,2.55,0.7,0,3.05,.,.,2.425,1.175,4.2,2.05,5.475,.,.,2.25,1.225,3.05,0.475,0.625,.,.,1.814,0.332,20,,
31-Jul-1982,Toolik Tussock 1981 plots,Control,Graminoid,Eriophorum vaginatum,inc. sheath,new above,0.269,0.000,0.015,0.084,0.064,.,.,.,0,0.035,0.053,0.000,0.032,.,.,.,0.057,0.128,0.184,0.051,0.129,.,.,.,0.07,0.043,0.196,0.019,0.000,.,.,.,0.072,0.017,20.000,6.725,0,0.375,2.1,1.6,.,.,0,0.875,1.325,0,0.8,.,.,1.425,3.2,4.6,1.275,3.225,.,.,1.775,1.075,4.9,0.475,0,.,.,1.788,0.415,20,,
31-Jul-1982,Toolik Tussock 1981 plots,Control,Graminoid,Eriophorum vaginatum,cys blade,new above,0.000,0.000,0.000,0.000,0.000,.,.,.,0,0.000,0.000,0.000,0.000,.,.,.,0.000,0.000,0.000,0.000,0.000,.,.,.,0.00,0.000,0.000,0.000,0.000,.,.,.,0.000,0.000,20.000,0,0,0,0,0,.,.,0,0,0,0,0,.,.,0,0,0,0,0,.,.,0,0,0,0,0,.,.,0.000,0.000,20,,
31-Jul-1982,Toolik Tussock 1981 plots,Control,Graminoid,Eriophorum vaginatum,cys sheath,new above,0.000,0.000,0.000,0.000,0.000,.,.,.,0,0.000,0.000,0.000,0.000,.,.,.,0.000,0.000,0.000,0.000,0.000,.,.,.,0.00,0.000,0.000,0.000,0.000,.,.,.,0.000,0.000,20.000,0,0,0,0,0,.,.,0,0,0,0,0,.,.,0,0,0,0,0,.,.,0,0,0,0,0,.,.,0.000,0.000,20,,
31-Jul-1982,Toolik Tussock 1981 plots,Control,Graminoid,Eriophorum vaginatum,inc. cys,new above,0.000,0.000,0.000,0.000,0.000,.,.,.,0,0.000,0.000,0.000,0.000,.,.,.,0.000,0.000,0.000,0.000,0.000,.,.,.,0.00,0.000,0.000,0.000,0.000,.,.,.,0.000,0.000,20.000,0,0,0,0,0,.,.,0,0,0,0,0,.,.,0,0,0,0,0,.,.,0,0,0,0,0,.,.,0.000,0.000,20,,
31-Jul-1982,Toolik Tussock 1981 plots,Control,Graminoid,Carex bigelowii,blade,new above,0.000,1.940,0.269,0.209,0.563,.,.,.,1.078,0.000,0.308,0.074,0.033,.,.,.,0.038,0.088,0.000,0.000,0.000,.,.,.,0.12,0.095,0.000,0.346,0.000,.,.,.,0.258,0.106,20.000,0,48.5,6.725,5.225,14.075,.,.,26.95,0,7.7,1.85,0.825,.,.,0.95,2.2,0,0,0,.,.,2.9,2.375,0,8.65,0,.,.,6.446,2.654,20,,
31-Jul-1982,Toolik Tussock 1981 plots,Control,Graminoid,Carex bigelowii,sheath,new above,0.025,0.597,0.127,0.110,0.198,.,.,.,0.375,0.000,0.154,0.041,0.011,.,.,.,0.036,0.031,0.000,0.000,0.000,.,.,.,0.05,0.056,0.000,0.101,0.000,.,.,.,0.096,0.033,20.000,0.625,14.925,3.175,2.75,4.95,.,.,9.375,0,3.85,1.025,0.275,.,.,0.9,0.775,0,0,0,.,.,1.3,1.4,0,2.525,0,.,.,2.393,0.837,20,,
31-Jul-1982,Toolik Tussock 1981 plots,Control,Graminoid,Carex bigelowii,rhizome,below,0.982,5.439,0.719,1.059,0.799,.,.,.,7.437,0.346,1.198,1.733,1.161,.,.,.,0.122,0.322,0.000,0.105,0.000,.,.,.,0.99,0.249,0.000,2.950,0.000,.,.,.,1.280,0.433,20.000,24.55,135.975,17.975,26.475,19.975,.,.,185.925,8.65,29.95,43.325,29.025,.,.,3.05,8.05,0,2.625,0,.,.,24.7,6.225,0,73.75,0,.,.,32.011,10.815,20,,
31-Jul-1982,Toolik Tussock 1981 plots,Control,Graminoid,Carex bigelowii,v1,new above,0.000,0.319,0.000,0.000,0.063,.,.,.,0.052,0.000,0.000,0.000,0.000,.,.,.,0.000,0.000,0.000,0.000,0.000,.,.,.,0.00,0.000,0.000,0.000,0.000,.,.,.,0.022,0.016,20.000,0,7.975,0,0,1.575,.,.,1.3,0,0,0,0,.,.,0,0,0,0,0,.,.,0,0,0,0,0,.,.,0.543,0.404,20,,
31-Jul-1982,Toolik Tussock 1981 plots,Control,Graminoid,Carex bigelowii,v0,new above,0.000,0.139,0.008,0.000,0.042,.,.,.,0,0.000,0.000,0.000,0.000,.,.,.,0.000,0.000,0.000,0.000,0.000,.,.,.,0.00,0.048,0.000,0.007,0.000,.,.,.,0.012,0.007,20.000,0,3.475,0.2,0,1.05,.,.,0,0,0,0,0,.,.,0,0,0,0,0,.,.,0,1.2,0,0.175,0,.,.,0.305,0.184,20,,
31-Jul-1982,Toolik Tussock 1981 plots,Control,Graminoid,Carex bigelowii,buds,new above,0.000,0.000,0.000,0.000,0.000,.,.,.,0,0.000,0.000,0.000,0.000,.,.,.,0.000,0.000,0.000,0.000,0.000,.,.,.,0.00,0.000,0.000,0.000,0.000,.,.,.,0.000,0.000,20.000,0,0,0,0,0,.,.,0,0,0,0,0,.,.,0,0,0,0,0,.,.,0,0,0,0,0,.,.,0.000,0.000,20,,
31-Jul-1982,Toolik Tussock 1981 plots,Control,Graminoid,Carex bigelowii,inflorescence,new above,0.000,0.997,0.000,0.000,0.000,.,.,.,0.104,0.000,0.000,0.000,0.000,.,.,.,0.000,0.000,0.000,0.000,0.000,.,.,.,0.00,0.000,0.000,0.004,0.000,.,.,.,0.055,0.050,20.000,0,24.925,0,0,0,.,.,2.6,0,0,0,0,.,.,0,0,0,0,0,.,.,0,0,0,0.1,0,.,.,1.381,1.246,20,,
31-Jul-1982,Toolik Tussock 1981 plots,Control,Graminoid,Carex bigelowii,inc. blade,new above,0.035,0.103,0.000,0.000,0.104,.,.,.,0.04,0.000,0.000,0.000,0.000,.,.,.,0.000,0.000,0.000,0.000,0.000,.,.,.,0.00,0.000,0.000,0.049,0.000,.,.,.,0.017,0.007,20.000,0.875,2.575,0,0,2.6,.,.,1,0,0,0,0,.,.,0,0,0,0,0,.,.,0,0,0,1.225,0,.,.,0.414,0.187,20,,
31-Jul-1982,Toolik Tussock 1981 plots,Control,Graminoid,Carex bigelowii,inc. sheath,new above,0.000,0.000,0.000,0.000,0.000,.,.,.,0,0.000,0.000,0.000,0.000,.,.,.,0.000,0.000,0.000,0.000,0.000,.,.,.,0.00,0.000,0.000,0.000,0.000,.,.,.,0.000,0.000,20.000,0,0,0,0,0,.,.,0,0,0,0,0,.,.,0,0,0,0,0,.,.,0,0,0,0,0,.,.,0.000,0.000,20,,
31-Jul-1982,Toolik Tussock 1981 plots,Control,Graminoid,Carex bigelowii,cys blade,new above,0.000,0.000,0.000,0.000,0.000,.,.,.,0,0.000,0.000,0.000,0.000,.,.,.,0.000,0.000,0.000,0.000,0.000,.,.,.,0.00,0.000,0.000,0.000,0.000,.,.,.,0.000,0.000,20.000,0,0,0,0,0,.,.,0,0,0,0,0,.,.,0,0,0,0,0,.,.,0,0,0,0,0,.,.,0.000,0.000,20,,
31-Jul-1982,Toolik Tussock 1981 plots,Control,Graminoid,Carex bigelowii,cys sheath,new above,0.000,0.000,0.000,0.000,0.000,.,.,.,0,0.000,0.000,0.000,0.000,.,.,.,0.000,0.000,0.000,0.000,0.000,.,.,.,0.00,0.000,0.000,0.000,0.000,.,.,.,0.000,0.000,20.000,0,0,0,0,0,.,.,0,0,0,0,0,.,.,0,0,0,0,0,.,.,0,0,0,0,0,.,.,0.000,0.000,20,,
31-Jul-1982,Toolik Tussock 1981 plots,Control,Graminoid,Calamagrostis canadensis,new above,new above,0.000,0.000,0.037,0.000,0.006,.,.,.,0,0.000,0.000,0.000,0.000,.,.,.,0.000,0.000,0.000,0.000,0.000,.,.,.,0.00,0.000,0.000,0.000,0.035,.,.,.,0.004,0.002,20.000,0,0,0.925,0,0.15,.,.,0,0,0,0,0,.,.,0,0,0,0,0,.,.,0,0,0,0,0.875,.,.,0.098,0.062,20,,
31-Jul-1982,Toolik Tussock 1981 plots,Control,Graminoid,Calamagrostis canadensis,rhizome,below,0.000,0.000,0.163,0.000,0.026,.,.,.,0,0.000,0.000,0.000,0.000,.,.,.,0.000,0.000,0.000,0.000,0.000,.,.,.,0.00,0.000,0.000,0.000,0.421,.,.,.,0.031,0.022,20.000,0,0,4.075,0,0.65,.,.,0,0,0,0,0,.,.,0,0,0,0,0,.,.,0,0,0,0,10.525,.,.,0.763,0.553,20,,
31-Jul-1982,Toolik Tussock 1981 plots,Control,Deciduous,Betula nana,long stem,new above,0.241,0.047,0.000,0.000,0.038,.,.,.,0.057,0.000,0.053,0.091,0.018,.,.,.,0.000,0.000,0.000,0.000,0.000,.,.,.,0.10,0.134,0.155,0.084,0.084,.,.,.,0.055,0.015,20.000,6.025,1.175,0,0,0.95,.,.,1.425,0,1.325,2.275,0.45,.,.,0,0,0,0,0,.,.,2.525,3.35,3.875,2.1,2.1,.,.,1.379,0.367,20,,
31-Jul-1982,Toolik Tussock 1981 plots,Control,Deciduous,Betula nana,long leaf,new above,0.376,0.116,0.000,0.000,0.102,.,.,.,0.128,0.000,0.171,0.176,0.030,.,.,.,0.000,0.000,0.000,0.000,0.000,.,.,.,0.20,0.180,0.217,0.226,0.163,.,.,.,0.104,0.024,20.000,9.4,2.9,0,0,2.55,.,.,3.2,0,4.275,4.4,0.75,.,.,0,0,0,0,0,.,.,4.975,4.5,5.425,5.65,4.075,.,.,2.605,0.605,20,,
31-Jul-1982,Toolik Tussock 1981 plots,Control,Deciduous,Betula nana,short stem,new above,0.225,0.060,0.028,0.000,0.011,.,.,.,0.139,0.004,0.079,0.115,0.108,.,.,.,0.000,0.000,0.000,0.014,0.000,.,.,.,0.04,0.129,0.167,0.063,0.203,.,.,.,0.069,0.016,20.000,5.625,1.5,0.7,0,0.275,.,.,3.475,0.1,1.975,2.875,2.7,.,.,0,0,0,0.35,0,.,.,0.975,3.225,4.175,1.575,5.075,.,.,1.730,0.408,20,,
31-Jul-1982,Toolik Tussock 1981 plots,Control,Deciduous,Betula nana,short leaf,new above,1.361,0.269,0.026,0.000,0.062,.,.,.,0.679,0.025,0.563,1.014,1.046,.,.,.,0.000,0.000,0.000,0.122,0.000,.,.,.,0.18,0.823,0.683,0.480,1.108,.,.,.,0.422,0.102,20.000,34.025,6.725,0.65,0,1.55,.,.,16.975,0.625,14.075,25.35,26.15,.,.,0,0,0,3.05,0,.,.,4.575,20.575,17.075,12,27.7,.,.,10.555,2.538,20,,
31-Jul-1982,Toolik Tussock 1981 plots,Control,Deciduous,Betula nana,inflorescence,new above,0.034,0.000,0.000,0.000,0.000,.,.,.,0,0.000,0.000,0.000,0.010,.,.,.,0.000,0.000,0.000,0.000,0.000,.,.,.,0.00,0.151,0.009,0.000,0.048,.,.,.,0.013,0.008,20.000,0.85,0,0,0,0,.,.,0,0,0,0,0.25,.,.,0,0,0,0,0,.,.,0,3.775,0.225,0,1.2,.,.,0.315,0.196,20,,
31-Jul-1982,Toolik Tussock 1981 plots,Control,Deciduous,Betula nana,old stems,old above,5.627,0.703,0.000,0.000,0.272,.,.,.,2.736,0.078,3.501,2.221,11.203,.,.,.,0.000,0.000,0.000,0.128,0.000,.,.,.,1.74,8.231,2.680,2.900,5.672,.,.,.,2.385,0.702,20.000,140.675,17.575,0,0,6.8,.,.,68.4,1.95,87.525,55.525,280.075,.,.,0,0,0,3.2,0,.,.,43.6,205.775,67,72.5,141.8,.,.,59.620,17.549,20,,
31-Jul-1982,Toolik Tussock 1981 plots,Control,Deciduous,Betula nana,below stems,below,12.001,0.485,0.000,0.000,3.202,.,.,.,2.171,2.002,4.629,1.001,9.606,.,.,.,0.000,0.000,0.000,0.000,0.000,.,.,.,3.66,11.407,8.000,14.410,0.000,.,.,.,3.629,1.063,20.000,300.025,12.125,0,0,80.05,.,.,54.275,50.05,115.725,25.025,240.15,.,.,0,0,0,0,0,.,.,91.525,285.175,200,360.25,0,.,.,90.719,26.586,20,,
31-Jul-1982,Toolik Tussock 1981 plots,Control,Deciduous,Salix pulchra,long stem,new above,0.000,0.000,0.000,0.000,0.299,.,.,.,0,0.000,0.000,0.000,0.000,.,.,.,0.000,0.000,0.000,0.000,0.000,.,.,.,0.00,0.000,0.000,0.000,0.000,.,.,.,0.015,0.015,20.000,0,0,0,0,7.475,.,.,0,0,0,0,0,.,.,0,0,0,0,0,.,.,0,0,0,0,0,.,.,0.374,0.374,20,,
31-Jul-1982,Toolik Tussock 1981 plots,Control,Deciduous,Salix pulchra,long leaf,new above,0.000,0.000,0.000,0.000,0.921,.,.,.,0,0.000,0.000,0.000,0.000,.,.,.,0.000,0.000,0.000,0.000,0.000,.,.,.,0.00,0.000,0.000,0.000,0.000,.,.,.,0.046,0.046,20.000,0,0,0,0,23.025,.,.,0,0,0,0,0,.,.,0,0,0,0,0,.,.,0,0,0,0,0,.,.,1.151,1.151,20,,
31-Jul-1982,Toolik Tussock 1981 plots,Control,Deciduous,Salix pulchra,short stem,new above,0.000,0.020,0.000,0.000,0.008,.,.,.,0,0.000,0.000,0.000,0.000,.,.,.,0.000,0.000,0.000,0.000,0.000,.,.,.,0.00,0.000,0.000,0.000,0.000,.,.,.,0.001,0.001,20.000,0,0.5,0,0,0.2,.,.,0,0,0,0,0,.,.,0,0,0,0,0,.,.,0,0,0,0,0,.,.,0.035,0.026,20,,
31-Jul-1982,Toolik Tussock 1981 plots,Control,Deciduous,Salix pulchra,short leaf,new above,0.000,0.202,0.000,0.000,0.103,.,.,.,0,0.000,0.000,0.000,0.000,.,.,.,0.000,0.000,0.000,0.000,0.000,.,.,.,0.00,0.000,0.000,0.000,0.000,.,.,.,0.015,0.011,20.000,0,5.05,0,0,2.575,.,.,0,0,0,0,0,.,.,0,0,0,0,0,.,.,0,0,0,0,0,.,.,0.381,0.277,20,,
31-Jul-1982,Toolik Tussock 1981 plots,Control,Deciduous,Salix pulchra,inflorescence,new above,0.000,0.000,0.000,0.000,0.000,.,.,.,0,0.000,0.000,0.000,0.000,.,.,.,0.000,0.000,0.000,0.000,0.000,.,.,.,0.00,0.000,0.000,0.000,0.000,.,.,.,0.000,0.000,20.000,0,0,0,0,0,.,.,0,0,0,0,0,.,.,0,0,0,0,0,.,.,0,0,0,0,0,.,.,0.000,0.000,20,,
31-Jul-1982,Toolik Tussock 1981 plots,Control,Deciduous,Salix pulchra,old stems,old above,0.000,2.042,0.000,0.000,2.691,.,.,.,0,0.000,0.000,0.000,0.000,.,.,.,0.000,0.000,0.000,0.000,0.000,.,.,.,0.00,0.000,0.000,0.000,0.000,.,.,.,0.237,0.165,20.000,0,51.05,0,0,67.275,.,.,0,0,0,0,0,.,.,0,0,0,0,0,.,.,0,0,0,0,0,.,.,5.916,4.114,20,,
31-Jul-1982,Toolik Tussock 1981 plots,Control,Deciduous,Salix pulchra,below stems,below,0.000,6.254,0.000,0.000,4.291,.,.,.,0,0.000,0.000,0.000,0.000,.,.,.,0.000,0.000,0.000,0.000,0.000,.,.,.,0.00,0.000,0.000,0.000,0.000,.,.,.,0.527,0.370,20.000,0,156.35,0,0,107.275,.,.,0,0,0,0,0,.,.,0,0,0,0,0,.,.,0,0,0,0,0,.,.,13.181,9.245,20,,
31-Jul-1982,Toolik Tussock 1981 plots,Control,Deciduous,Rubus chamaemorus,inflorescence,new above,0.000,0.000,0.000,0.000,0.000,.,.,.,0,0.000,0.000,0.000,0.000,.,.,.,0.000,0.000,0.000,0.000,0.000,.,.,.,0.00,0.000,0.000,0.000,0.000,.,.,.,0.000,0.000,20.000,0,0,0,0,0,.,.,0,0,0,0,0,.,.,0,0,0,0,0,.,.,0,0,0,0,0,.,.,0.000,0.000,20,,
31-Jul-1982,Toolik Tussock 1981 plots,Control,Deciduous,Rubus chamaemorus,new leaves,new above,0.268,0.000,0.014,0.000,0.000,.,.,.,0.013,0.000,1.060,0.000,0.055,.,.,.,0.021,0.207,0.034,0.260,0.000,.,.,.,0.15,0.010,0.267,0.000,0.540,.,.,.,0.145,0.058,20.000,6.7,0,0.35,0,0,.,.,0.325,0,26.5,0,1.375,.,.,0.525,5.175,0.85,6.5,0,.,.,3.725,0.25,6.675,0,13.5,.,.,3.623,1.449,20,,
31-Jul-1982,Toolik Tussock 1981 plots,Control,Deciduous,Rubus chamaemorus,new stems,new above,0.015,0.000,0.000,0.000,0.000,.,.,.,0,0.000,0.096,0.000,0.005,.,.,.,0.028,0.020,0.036,0.126,0.000,.,.,.,0.03,0.003,0.025,0.000,0.102,.,.,.,0.025,0.009,20.000,0.375,0,0,0,0,.,.,0,0,2.4,0,0.125,.,.,0.7,0.5,0.9,3.15,0,.,.,0.85,0.075,0.625,0,2.55,.,.,0.613,0.215,20,,
31-Jul-1982,Toolik Tussock 1981 plots,Control,Deciduous,Rubus chamaemorus,below stems,below,1.385,0.000,0.502,0.000,0.000,.,.,.,0,0.735,6.380,0.000,0.717,.,.,.,0.000,3.174,1.152,1.832,0.141,.,.,.,0.73,0.583,2.690,0.000,3.961,.,.,.,1.199,0.376,20.000,34.625,0,12.55,0,0,.,.,0,18.375,159.5,0,17.925,.,.,0,79.35,28.8,45.8,3.525,.,.,18.35,14.575,67.25,0,99.025,.,.,29.983,9.402,20,,
31-Jul-1982,Toolik Tussock 1981 plots,Control,Deciduous,Arctostaphylos alpina,new leaves,new above,0.000,0.000,0.000,0.000,0.000,.,.,.,0,0.000,0.000,0.000,0.000,.,.,.,0.000,0.148,0.000,0.954,0.000,.,.,.,0.00,0.000,0.000,0.000,0.000,.,.,.,0.055,0.048,20.000,0,0,0,0,0,.,.,0,0,0,0,0,.,.,0,3.7,0,23.85,0,.,.,0,0,0,0,0,.,.,1.378,1.197,20,,
31-Jul-1982,Toolik Tussock 1981 plots,Control,Deciduous,Arctostaphylos alpina,new stems,new above,0.000,0.000,0.000,0.000,0.000,.,.,.,0,0.000,0.000,0.000,0.000,.,.,.,0.000,0.016,0.000,0.103,0.000,.,.,.,0.00,0.000,0.000,0.000,0.000,.,.,.,0.006,0.005,20.000,0,0,0,0,0,.,.,0,0,0,0,0,.,.,0,0.4,0,2.575,0,.,.,0,0,0,0,0,.,.,0.149,0.129,20,,
31-Jul-1982,Toolik Tussock 1981 plots,Control,Deciduous,Arctostaphylos alpina,old stems,old above,0.000,0.000,0.000,0.000,0.000,.,.,.,0,0.000,0.000,0.000,0.000,.,.,.,0.000,0.000,0.000,0.364,0.000,.,.,.,0.00,0.000,0.000,0.000,0.000,.,.,.,0.018,0.018,20.000,0,0,0,0,0,.,.,0,0,0,0,0,.,.,0,0,0,9.1,0,.,.,0,0,0,0,0,.,.,0.455,0.455,20,,
31-Jul-1982,Toolik Tussock 1981 plots,Control,Deciduous,Arctostaphylos alpina,below stems,below,0.000,0.000,0.000,0.000,0.000,.,.,.,0,0.000,0.000,0.000,0.000,.,.,.,0.000,0.736,0.000,0.884,0.063,.,.,.,0.00,0.000,0.000,0.000,0.000,.,.,.,0.084,0.056,20.000,0,0,0,0,0,.,.,0,0,0,0,0,.,.,0,18.4,0,22.1,1.575,.,.,0,0,0,0,0,.,.,2.104,1.396,20,,
31-Jul-1982,Toolik Tussock 1981 plots,Control,Deciduous,Arctostaphylos alpina,fruit,new above,0.000,0.000,0.000,0.000,0.000,.,.,.,0,0.000,0.000,0.000,0.000,.,.,.,0.000,0.000,0.000,0.127,0.000,.,.,.,0.00,0.000,0.000,0.000,0.000,.,.,.,0.006,0.006,20.000,0,0,0,0,0,.,.,0,0,0,0,0,.,.,0,0,0,3.175,0,.,.,0,0,0,0,0,.,.,0.159,0.159,20,,
31-Jul-1982,Toolik Tussock 1981 plots,Control,Deciduous,Vaccinium uliginosum,new leaves,new above,0.000,0.000,0.000,0.025,0.000,.,.,.,0,0.173,0.958,0.000,0.000,.,.,.,0.000,0.000,0.000,0.000,0.000,.,.,.,0.00,0.000,0.000,0.000,0.000,.,.,.,0.058,0.048,20.000,0,0,0,0.625,0,.,.,0,4.325,23.95,0,0,.,.,0,0,0,0,0,.,.,0,0,0,0,0,.,.,1.445,1.204,20,,
31-Jul-1982,Toolik Tussock 1981 plots,Control,Deciduous,Vaccinium uliginosum,new stems,new above,0.000,0.000,0.000,0.005,0.000,.,.,.,0,0.052,0.187,0.000,0.000,.,.,.,0.000,0.000,0.000,0.000,0.000,.,.,.,0.00,0.000,0.000,0.000,0.000,.,.,.,0.012,0.010,20.000,0,0,0,0.125,0,.,.,0,1.3,4.675,0,0,.,.,0,0,0,0,0,.,.,0,0,0,0,0,.,.,0.305,0.239,20,,
31-Jul-1982,Toolik Tussock 1981 plots,Control,Deciduous,Vaccinium uliginosum,old stems,old above,0.000,0.000,0.000,0.017,0.000,.,.,.,0,0.176,2.133,0.000,0.000,.,.,.,0.000,0.000,0.000,0.000,0.000,.,.,.,0.00,0.000,0.000,0.000,0.000,.,.,.,0.116,0.107,20.000,0,0,0,0.425,0,.,.,0,4.4,53.325,0,0,.,.,0,0,0,0,0,.,.,0,0,0,0,0,.,.,2.908,2.663,20,,
31-Jul-1982,Toolik Tussock 1981 plots,Control,Deciduous,Vaccinium uliginosum,below stems,below,0.000,0.000,0.000,1.348,0.000,.,.,.,0,0.000,4.741,0.000,0.000,.,.,.,0.000,0.000,0.000,0.000,0.000,.,.,.,0.00,0.000,0.000,0.000,0.000,.,.,.,0.304,0.243,20.000,0,0,0,33.7,0,.,.,0,0,118.525,0,0,.,.,0,0,0,0,0,.,.,0,0,0,0,0,.,.,7.611,6.075,20,,
31-Jul-1982,Toolik Tussock 1981 plots,Control,Forb,Polygonum bistorta,new above,new above,0.000,0.000,0.000,0.000,0.031,.,.,.,0,0.000,0.000,0.000,0.000,.,.,.,0.000,0.000,0.000,0.000,0.000,.,.,.,0.00,0.000,0.000,0.000,0.000,.,.,.,0.002,0.002,20.000,0,0,0,0,0.775,.,.,0,0,0,0,0,.,.,0,0,0,0,0,.,.,0,0,0,0,0,.,.,0.039,0.039,20,,
31-Jul-1982,Toolik Tussock 1981 plots,Control,Forb,Polygonum bistorta,below,below,0.000,0.000,0.000,0.000,0.251,.,.,.,0,0.000,0.000,0.111,0.000,.,.,.,0.000,0.000,0.000,0.000,0.000,.,.,.,0.00,0.000,0.000,0.000,0.000,.,.,.,0.018,0.013,20.000,0,0,0,0,6.275,.,.,0,0,0,2.775,0,.,.,0,0,0,0,0,.,.,0,0,0,0,0,.,.,0.453,0.336,20,,
31-Jul-1982,Toolik Tussock 1981 plots,Control,Forb,Polygonum bistorta,inflorescence,new above,0.000,0.000,0.000,0.000,0.000,.,.,.,0,0.000,0.000,0.000,0.000,.,.,.,0.000,0.000,0.000,0.000,0.000,.,.,.,0.00,0.000,0.000,0.000,0.000,.,.,.,0.000,0.000,20.000,0,0,0,0,0,.,.,0,0,0,0,0,.,.,0,0,0,0,0,.,.,0,0,0,0,0,.,.,0.000,0.000,20,,
31-Jul-1982,Toolik Tussock 1981 plots,Control,Forb,Pedicularis spp.,new above,new above,0.000,0.027,0.287,0.000,0.000,.,.,.,0.076,0.000,0.000,0.000,0.000,.,.,.,0.000,0.000,0.000,0.000,0.000,.,.,.,0.27,0.000,0.003,0.000,0.019,.,.,.,0.034,0.019,20.000,0,0.675,7.175,0,0,.,.,1.9,0,0,0,0,.,.,0,0,0,0,0,.,.,6.775,0,0.075,0,0.475,.,.,0.854,0.479,20,,
31-Jul-1982,Toolik Tussock 1981 plots,Control,Forb,Pedicularis spp.,below,below,0.000,0.071,0.075,0.000,0.000,.,.,.,0,0.000,0.000,0.000,0.000,.,.,.,0.000,0.000,0.000,0.000,0.000,.,.,.,0.11,0.000,0.008,0.000,0.030,.,.,.,0.015,0.007,20.000,0,1.775,1.875,0,0,.,.,0,0,0,0,0,.,.,0,0,0,0,0,.,.,2.725,0,0.2,0,0.75,.,.,0.366,0.178,20,,
31-Jul-1982,Toolik Tussock 1981 plots,Control,Evergreen,Ledum palustre,new leaves,new above,0.404,0.433,0.483,0.788,0.118,.,.,.,0.994,0.404,0.605,1.017,0.970,.,.,.,0.714,0.504,0.782,0.530,0.493,.,.,.,0.36,0.489,0.789,0.520,0.718,.,.,.,0.606,0.053,20.000,10.1,10.825,12.075,19.7,2.95,.,.,24.85,10.1,15.125,25.425,24.25,.,.,17.85,12.6,19.55,13.25,12.325,.,.,8.975,12.225,19.725,13,17.95,.,.,15.143,1.314,20,,
31-Jul-1982,Toolik Tussock 1981 plots,Control,Evergreen,Ledum palustre,new stems,new above,0.111,0.152,0.115,0.128,0.042,.,.,.,0.249,0.098,0.121,0.220,0.180,.,.,.,0.173,0.155,0.398,0.111,0.157,.,.,.,0.19,0.110,0.222,0.146,0.168,.,.,.,0.162,0.016,20.000,2.775,3.8,2.875,3.2,1.05,.,.,6.225,2.45,3.025,5.5,4.5,.,.,4.325,3.875,9.95,2.775,3.925,.,.,4.725,2.75,5.55,3.65,4.2,.,.,4.056,0.412,20,,
31-Jul-1982,Toolik Tussock 1981 plots,Control,Evergreen,Ledum palustre,old leaves,old above,0.752,0.623,0.537,0.590,0.109,.,.,.,1.226,0.522,0.966,1.033,0.546,.,.,.,0.773,0.539,0.758,0.923,0.553,.,.,.,0.73,0.541,1.185,0.505,0.606,.,.,.,0.701,0.059,20.000,18.8,15.575,13.425,14.75,2.725,.,.,30.65,13.05,24.15,25.825,13.65,.,.,19.325,13.475,18.95,23.075,13.825,.,.,18.25,13.525,29.625,12.625,15.15,.,.,17.521,1.476,20,,
31-Jul-1982,Toolik Tussock 1981 plots,Control,Evergreen,Ledum palustre,old stems,old above,1.613,0.713,1.001,1.315,0.403,.,.,.,1.93,1.045,1.542,2.947,2.263,.,.,.,1.452,0.125,2.465,0.868,3.161,.,.,.,2.84,3.678,1.931,2.472,3.770,.,.,.,1.877,0.236,20.000,40.325,17.825,25.025,32.875,10.075,.,.,48.25,26.125,38.55,73.675,56.575,.,.,36.3,3.125,61.625,21.7,79.025,.,.,70.9,91.95,48.275,61.8,94.25,.,.,46.913,5.898,20,,
31-Jul-1982,Toolik Tussock 1981 plots,Control,Evergreen,Ledum palustre,below stems,below,5.001,3.862,3.255,0.895,2.058,.,.,.,8.543,3.383,5.153,8.335,3.604,.,.,.,8.089,3.819,7.572,4.595,5.206,.,.,.,7.62,9.660,8.491,4.336,4.884,.,.,.,5.418,0.547,20.000,125.025,96.55,81.375,22.375,51.45,.,.,213.575,84.575,128.825,208.375,90.1,.,.,202.225,95.475,189.3,114.875,130.15,.,.,190.6,241.5,212.275,108.4,122.1,.,.,135.456,13.670,20,,
31-Jul-1982,Toolik Tussock 1981 plots,Control,Evergreen,Ledum palustre,inflorescence,new above,0.063,0.036,0.000,0.000,0.000,.,.,.,0,0.050,0.000,0.000,0.000,.,.,.,0.034,0.126,0.000,0.028,0.000,.,.,.,0.00,0.174,0.000,0.035,0.000,.,.,.,0.027,0.011,20.000,1.575,0.9,0,0,0,.,.,0,1.25,0,0,0,.,.,0.85,3.15,0,0.7,0,.,.,0,4.35,0,0.875,0,.,.,0.683,0.263,20,,
31-Jul-1982,Toolik Tussock 1981 plots,Control,Evergreen,Vaccinium vitis-idaea,new leaves,new above,0.501,0.125,0.329,0.069,0.319,.,.,.,0.407,0.802,0.307,0.152,0.349,.,.,.,0.249,0.381,0.093,0.324,0.305,.,.,.,0.58,0.874,0.679,0.923,0.964,.,.,.,0.436,0.062,20.000,12.525,3.125,8.225,1.725,7.975,.,.,10.175,20.05,7.675,3.8,8.725,.,.,6.225,9.525,2.325,8.1,7.625,.,.,14.375,21.85,16.975,23.075,24.1,.,.,10.909,1.556,20,,
31-Jul-1982,Toolik Tussock 1981 plots,Control,Evergreen,Vaccinium vitis-idaea,new stems,new above,0.081,0.037,0.058,0.025,0.076,.,.,.,0.091,0.125,0.054,0.889,0.085,.,.,.,0.040,0.065,0.026,0.040,0.046,.,.,.,0.11,0.173,0.157,0.073,0.199,.,.,.,0.123,0.042,20.000,2.025,0.925,1.45,0.625,1.9,.,.,2.275,3.125,1.35,22.225,2.125,.,.,1,1.625,0.65,1,1.15,.,.,2.825,4.325,3.925,1.825,4.975,.,.,3.066,1.045,20,,
31-Jul-1982,Toolik Tussock 1981 plots,Control,Evergreen,Vaccinium vitis-idaea,old leaves,old above,2.886,2.721,0.907,0.353,0.631,.,.,.,1.693,1.844,0.692,4.208,1.001,.,.,.,1.145,1.489,0.355,1.093,1.133,.,.,.,1.39,3.594,2.058,1.493,2.653,.,.,.,1.667,0.238,20.000,72.15,68.025,22.675,8.825,15.775,.,.,42.325,46.1,17.3,105.2,25.025,.,.,28.625,37.225,8.875,27.325,28.325,.,.,34.75,89.85,51.45,37.325,66.325,.,.,41.674,5.939,20,,
31-Jul-1982,Toolik Tussock 1981 plots,Control,Evergreen,Vaccinium vitis-idaea,old stems,old above,0.787,0.678,0.251,0.104,0.199,.,.,.,0.463,1.074,0.323,0.855,0.644,.,.,.,0.365,0.338,0.154,0.213,0.484,.,.,.,0.42,1.296,0.640,0.954,0.813,.,.,.,0.553,0.074,20.000,19.675,16.95,6.275,2.6,4.975,.,.,11.575,26.85,8.075,21.375,16.1,.,.,9.125,8.45,3.85,5.325,12.1,.,.,10.6,32.4,16,23.85,20.325,.,.,13.824,1.852,20,,
31-Jul-1982,Toolik Tussock 1981 plots,Control,Evergreen,Vaccinium vitis-idaea,below stems,below,5.703,1.658,2.709,0.244,1.557,.,.,.,3.697,5.111,2.967,7.455,2.563,.,.,.,2.714,4.203,1.420,3.425,1.923,.,.,.,1.98,8.049,4.182,5.841,5.024,.,.,.,3.621,0.463,20.000,142.575,41.45,67.725,6.1,38.925,.,.,92.425,127.775,74.175,186.375,64.075,.,.,67.85,105.075,35.5,85.625,48.075,.,.,49.6,201.225,104.55,146.025,125.6,.,.,90.536,11.584,20,,
31-Jul-1982,Toolik Tussock 1981 plots,Control,Evergreen,Vaccinium vitis-idaea,inflorescence,new above,0.000,0.000,0.000,0.000,0.000,.,.,.,0,0.000,0.000,0.000,0.000,.,.,.,0.000,0.000,0.000,0.000,0.000,.,.,.,0.00,0.000,0.000,0.000,0.000,.,.,.,0.000,0.000,20.000,0,0,0,0,0,.,.,0,0,0,0,0,.,.,0,0,0,0,0,.,.,0,0,0,0,0,.,.,0.000,0.000,20,,
31-Jul-1982,Toolik Tussock 1981 plots,Control,Evergreen,Andromeda polifolia,new leaves,new above,0.000,0.005,0.000,0.000,0.030,.,.,.,0.061,0.125,0.000,0.000,0.028,.,.,.,0.000,0.056,0.112,0.000,0.006,.,.,.,0.00,0.000,0.134,0.212,0.151,.,.,.,0.046,0.015,20.000,0,0.125,0,0,0.75,.,.,1.525,3.125,0,0,0.7,.,.,0,1.4,2.8,0,0.15,.,.,0,0,3.35,5.3,3.775,.,.,1.150,0.363,20,,
31-Jul-1982,Toolik Tussock 1981 plots,Control,Evergreen,Andromeda polifolia,new stems,new above,0.000,0.005,0.000,0.000,0.009,.,.,.,0.012,0.025,0.000,0.000,0.008,.,.,.,0.000,0.010,0.025,0.000,0.002,.,.,.,0.00,0.000,0.042,0.041,0.032,.,.,.,0.011,0.003,20.000,0,0.125,0,0,0.225,.,.,0.3,0.625,0,0,0.2,.,.,0,0.25,0.625,0,0.05,.,.,0,0,1.05,1.025,0.8,.,.,0.264,0.080,20,,
31-Jul-1982,Toolik Tussock 1981 plots,Control,Evergreen,Andromeda polifolia,old leaves,old above,0.000,0.000,0.000,0.000,0.055,.,.,.,0.108,0.213,0.000,0.000,0.060,.,.,.,0.000,0.074,0.316,0.000,0.019,.,.,.,0.00,0.000,0.513,0.582,0.166,.,.,.,0.105,0.039,20.000,0,0,0,0,1.375,.,.,2.7,5.325,0,0,1.5,.,.,0,1.85,7.9,0,0.475,.,.,0,0,12.825,14.55,4.15,.,.,2.633,0.974,20,,
31-Jul-1982,Toolik Tussock 1981 plots,Control,Evergreen,Andromeda polifolia,old stems,old above,0.000,0.000,0.000,0.000,0.012,.,.,.,0.035,0.164,0.000,0.000,0.223,.,.,.,0.000,0.025,0.278,0.000,0.011,.,.,.,0.00,0.000,0.208,0.730,0.231,.,.,.,0.096,0.040,20.000,0,0,0,0,0.3,.,.,0.875,4.1,0,0,5.575,.,.,0,0.625,6.95,0,0.275,.,.,0,0,5.2,18.25,5.775,.,.,2.396,0.995,20,,
31-Jul-1982,Toolik Tussock 1981 plots,Control,Evergreen,Andromeda polifolia,below stems,below,0.000,0.003,0.000,0.000,0.000,.,.,.,0.023,0.143,0.000,0.000,0.033,.,.,.,0.000,0.296,0.563,0.000,0.095,.,.,.,0.00,0.000,0.764,1.777,0.300,.,.,.,0.200,0.096,20.000,0,0.075,0,0,0,.,.,0.575,3.575,0,0,0.825,.,.,0,7.4,14.075,0,2.375,.,.,0,0,19.1,44.425,7.5,.,.,4.996,2.388,20,,
31-Jul-1982,Toolik Tussock 1981 plots,Control,Evergreen,Empetrum nigrum,new leaves,new above,0.000,0.108,0.000,0.000,0.078,.,.,.,0,0.000,0.000,0.000,0.005,.,.,.,0.000,0.000,0.000,0.000,0.000,.,.,.,0.00,0.000,0.000,0.009,0.000,.,.,.,0.010,0.006,20.000,0,2.7,0,0,1.95,.,.,0,0,0,0,0.125,.,.,0,0,0,0,0,.,.,0,0,0,0.225,0,.,.,0.250,0.161,20,,
31-Jul-1982,Toolik Tussock 1981 plots,Control,Evergreen,Empetrum nigrum,new stems,new above,0.000,0.029,0.000,0.000,0.025,.,.,.,0,0.000,0.000,0.000,0.002,.,.,.,0.000,0.000,0.000,0.000,0.000,.,.,.,0.00,0.000,0.000,0.002,0.000,.,.,.,0.003,0.002,20.000,0,0.725,0,0,0.625,.,.,0,0,0,0,0.05,.,.,0,0,0,0,0,.,.,0,0,0,0.05,0,.,.,0.073,0.046,20,,
31-Jul-1982,Toolik Tussock 1981 plots,Control,Evergreen,Empetrum nigrum,old leaves,old above,0.000,0.303,0.000,0.000,0.119,.,.,.,0,0.000,0.000,0.000,0.000,.,.,.,0.000,0.000,0.000,0.000,0.000,.,.,.,0.00,0.000,0.000,0.035,0.000,.,.,.,0.023,0.016,20.000,0,7.575,0,0,2.975,.,.,0,0,0,0,0,.,.,0,0,0,0,0,.,.,0,0,0,0.875,0,.,.,0.571,0.399,20,,
31-Jul-1982,Toolik Tussock 1981 plots,Control,Evergreen,Empetrum nigrum,old stems,old above,0.000,0.196,0.000,0.000,0.073,.,.,.,0,0.000,0.000,0.000,0.051,.,.,.,0.000,0.000,0.000,0.000,0.000,.,.,.,0.00,0.000,0.000,0.008,0.000,.,.,.,0.016,0.010,20.000,0,4.9,0,0,1.825,.,.,0,0,0,0,1.275,.,.,0,0,0,0,0,.,.,0,0,0,0.2,0,.,.,0.410,0.260,20,,
31-Jul-1982,Toolik Tussock 1981 plots,Control,Evergreen,Empetrum nigrum,below stems,below,0.000,0.539,0.000,0.000,0.000,.,.,.,0,0.000,0.000,0.000,0.397,.,.,.,0.000,0.000,0.000,0.000,0.404,.,.,.,0.00,0.000,0.000,0.013,0.000,.,.,.,0.068,0.037,20.000,0,13.475,0,0,0,.,.,0,0,0,0,9.925,.,.,0,0,0,0,10.1,.,.,0,0,0,0.325,0,.,.,1.691,0.925,20,,
31-Jul-1982,Toolik Tussock 1981 plots,Control,Evergreen,Cassiope tetragona,new leaves,new above,0.000,0.025,0.000,0.000,0.045,.,.,.,0,0.000,0.000,0.000,0.000,.,.,.,0.000,0.000,0.000,0.000,0.000,.,.,.,0.00,0.084,0.287,0.000,0.218,.,.,.,0.033,0.018,20.000,0,0.625,0,0,1.125,.,.,0,0,0,0,0,.,.,0,0,0,0,0,.,.,0,2.1,7.175,0,5.45,.,.,0.824,0.440,20,,
31-Jul-1982,Toolik Tussock 1981 plots,Control,Evergreen,Cassiope tetragona,old leaves,old above,0.000,0.055,0.000,0.000,0.070,.,.,.,0,0.000,0.000,0.000,0.000,.,.,.,0.000,0.000,0.000,0.000,0.000,.,.,.,0.00,0.153,0.680,0.000,0.593,.,.,.,0.078,0.044,20.000,0,1.375,0,0,1.75,.,.,0,0,0,0,0,.,.,0,0,0,0,0,.,.,0,3.825,17,0,14.825,.,.,1.939,1.092,20,,
31-Jul-1982,Toolik Tussock 1981 plots,Control,Evergreen,Cassiope tetragona,old stems,old above,0.000,0.084,0.000,0.000,0.047,.,.,.,0,0.000,0.000,0.000,0.000,.,.,.,0.000,0.000,0.000,0.000,0.000,.,.,.,0.00,0.426,1.326,0.000,0.838,.,.,.,0.136,0.077,20.000,0,2.1,0,0,1.175,.,.,0,0,0,0,0,.,.,0,0,0,0,0,.,.,0,10.65,33.15,0,20.95,.,.,3.401,1.937,20,,
31-Jul-1982,Toolik Tussock 1981 plots,Control,Evergreen,Cassiope tetragona,below stems,below,0.000,0.000,0.000,0.000,0.000,.,.,.,0,0.000,0.000,0.000,0.000,.,.,.,0.000,0.000,0.000,0.000,0.000,.,.,.,0.00,0.252,1.985,0.000,0.802,.,.,.,0.152,0.105,20.000,0,0,0,0,0,.,.,0,0,0,0,0,.,.,0,0,0,0,0,.,.,0,6.3,49.625,0,20.05,.,.,3.799,2.624,20,,
31-Jul-1982,Toolik Tussock 1981 plots,Control,Evergreen,Oxycoccus microcarpus,new above,new above,0.000,0.000,0.000,0.000,0.000,.,.,.,0,0.000,0.000,0.000,0.000,.,.,.,0.000,0.000,0.000,0.000,0.000,.,.,.,0.00,0.000,0.000,0.165,0.000,.,.,.,0.008,0.008,20.000,0,0,0,0,0,.,.,0,0,0,0,0,.,.,0,0,0,0,0,.,.,0,0,0,4.125,0,.,.,0.206,0.206,20,,
31-Jul-1982,Toolik Tussock 1981 plots,Control,Evergreen,Oxycoccus microcarpus,below stems,below,0.000,0.000,0.000,0.000,0.000,.,.,.,0,0.000,0.000,0.000,0.000,.,.,.,0.000,0.000,0.000,0.000,0.000,.,.,.,0.00,0.000,0.000,0.235,0.000,.,.,.,0.012,0.012,20.000,0,0,0,0,0,.,.,0,0,0,0,0,.,.,0,0,0,0,0,.,.,0,0,0,5.875,0,.,.,0.294,0.294,20,,
01-Sep-1982,Toolik Tussock 1981 plots,Control,Graminoid,Eriophorum vaginatum,blade,new above,0.598,0.000,0.327,1.333,1.020,.,.,.,0,0.558,0.381,0.278,0.000,.,.,.,0.221,1.060,3.186,3.543,0.947,.,.,.,0.75,1.528,1.748,0.200,0.340,.,.,.,0.901,0.220,20.000,14.95,0,8.175,33.325,25.5,.,.,0,13.95,9.525,6.95,0,.,.,5.525,26.5,79.65,88.575,23.675,.,.,18.65,38.2,43.7,5,8.5,.,.,22.518,5.511,20,,
01-Sep-1982,Toolik Tussock 1981 plots,Control,Graminoid,Eriophorum vaginatum,sheath,new above,0.490,0.000,0.410,2.448,1.271,.,.,.,0,0.911,0.677,0.552,0.000,.,.,.,0.313,2.161,3.338,4.401,1.578,.,.,.,1.19,2.608,3.464,0.284,0.697,.,.,.,1.340,0.291,20.000,12.25,0,10.25,61.2,31.775,.,.,0,22.775,16.925,13.8,0,.,.,7.825,54.025,83.45,110.025,39.45,.,.,29.675,65.2,86.6,7.1,17.425,.,.,33.488,7.285,20,,
01-Sep-1982,Toolik Tussock 1981 plots,Control,Graminoid,Eriophorum vaginatum,rhizome,below,1.227,0.000,1.196,3.873,3.496,.,.,.,0,2.300,1.199,1.227,0.000,.,.,.,0.699,4.537,6.721,5.133,1.542,.,.,.,3.86,4.434,6.964,0.484,1.656,.,.,.,2.528,0.491,20.000,30.675,0,29.9,96.825,87.4,.,.,0,57.5,29.975,30.675,0,.,.,17.475,113.425,168.025,128.325,38.55,.,.,96.55,110.85,174.1,12.1,41.4,.,.,63.188,12.277,20,,
01-Sep-1982,Toolik Tussock 1981 plots,Control,Graminoid,Eriophorum vaginatum,roots,below,0.000,0.000,0.000,0.000,0.000,.,.,.,0,0.000,0.000,0.000,0.000,.,.,.,0.000,0.000,0.000,0.000,0.000,.,.,.,0.00,0.000,0.000,0.000,0.000,.,.,.,0.000,0.000,20.000,0,0,0,0,0,.,.,0,0,0,0,0,.,.,0,0,0,0,0,.,.,0,0,0,0,0,.,.,0.000,0.000,20,,
01-Sep-1982,Toolik Tussock 1981 plots,Control,Graminoid,Eriophorum vaginatum,v1,new above,0.021,0.000,0.139,0.563,0.829,.,.,.,0,0.284,0.069,0.143,0.000,.,.,.,0.109,0.552,1.534,0.362,0.351,.,.,.,0.23,0.698,0.177,0.006,0.060,.,.,.,0.306,0.085,20.000,0.525,0,3.475,14.075,20.725,.,.,0,7.1,1.725,3.575,0,.,.,2.725,13.8,38.35,9.05,8.775,.,.,5.725,17.45,4.425,0.15,1.5,.,.,7.658,2.128,20,,
01-Sep-1982,Toolik Tussock 1981 plots,Control,Graminoid,Eriophorum vaginatum,v0,new above,0.000,0.000,0.030,0.035,0.000,.,.,.,0,0.025,0.068,0.002,0.000,.,.,.,0.004,0.084,0.149,0.011,0.034,.,.,.,0.05,0.095,0.006,0.018,0.012,.,.,.,0.031,0.009,20.000,0,0,0.75,0.875,0,.,.,0,0.625,1.7,0.05,0,.,.,0.1,2.1,3.725,0.275,0.85,.,.,1.175,2.375,0.15,0.45,0.3,.,.,0.775,0.224,20,,
01-Sep-1982,Toolik Tussock 1981 plots,Control,Graminoid,Eriophorum vaginatum,buds,new above,0.000,0.000,0.000,0.385,0.000,.,.,.,0,0.176,0.000,0.000,0.000,.,.,.,0.120,0.123,0.092,0.428,0.000,.,.,.,0.12,0.000,1.059,0.000,0.138,.,.,.,0.132,0.056,20.000,0,0,0,9.625,0,.,.,0,4.4,0,0,0,.,.,3,3.075,2.3,10.7,0,.,.,2.9,0,26.475,0,3.45,.,.,3.296,1.409,20,,
01-Sep-1982,Toolik Tussock 1981 plots,Control,Graminoid,Eriophorum vaginatum,inflorescence,new above,0.000,0.000,0.000,0.000,0.000,.,.,.,0,0.000,0.000,0.000,0.000,.,.,.,0.000,0.000,0.000,0.000,0.000,.,.,.,0.00,0.000,0.000,0.000,0.000,.,.,.,0.000,0.000,20.000,0,0,0,0,0,.,.,0,0,0,0,0,.,.,0,0,0,0,0,.,.,0,0,0,0,0,.,.,0.000,0.000,20,,
01-Sep-1982,Toolik Tussock 1981 plots,Control,Graminoid,Eriophorum vaginatum,inc. blade,new above,0.034,0.000,0.004,0.022,0.000,.,.,.,0,0.053,0.000,0.003,0.000,.,.,.,0.006,0.000,0.233,0.015,0.000,.,.,.,0.00,0.011,0.034,0.000,0.034,.,.,.,0.022,0.012,20.000,0.85,0,0.1,0.55,0,.,.,0,1.325,0,0.075,0,.,.,0.15,0,5.825,0.375,0,.,.,0,0.275,0.85,0,0.85,.,.,0.561,0.291,20,,
01-Sep-1982,Toolik Tussock 1981 plots,Control,Graminoid,Eriophorum vaginatum,inc. sheath,new above,0.000,0.000,0.002,0.136,0.035,.,.,.,0,0.050,0.133,0.004,0.000,.,.,.,0.017,0.000,0.091,0.018,0.000,.,.,.,0.03,0.008,0.230,0.000,0.082,.,.,.,0.042,0.014,20.000,0,0,0.05,3.4,0.875,.,.,0,1.25,3.325,0.1,0,.,.,0.425,0,2.275,0.45,0,.,.,0.675,0.2,5.75,0,2.05,.,.,1.041,0.350,20,,
01-Sep-1982,Toolik Tussock 1981 plots,Control,Graminoid,Eriophorum vaginatum,cys blade,new above,0.098,0.000,0.174,0.677,0.555,.,.,.,0,0.275,0.156,0.195,0.000,.,.,.,0.182,1.315,1.962,1.500,0.494,.,.,.,0.37,1.549,1.197,0.205,0.190,.,.,.,0.555,0.135,20.000,2.45,0,4.35,16.925,13.875,.,.,0,6.875,3.9,4.875,0,.,.,4.55,32.875,49.05,37.5,12.35,.,.,9.25,38.725,29.925,5.125,4.75,.,.,13.868,3.379,20,,
01-Sep-1982,Toolik Tussock 1981 plots,Control,Graminoid,Eriophorum vaginatum,cys sheath,new above,0.000,0.000,0.067,0.410,0.295,.,.,.,0,0.206,0.043,0.100,0.000,.,.,.,0.100,0.680,0.920,0.210,0.128,.,.,.,0.24,0.851,0.881,0.083,0.172,.,.,.,0.269,0.070,20.000,0,0,1.675,10.25,7.375,.,.,0,5.15,1.075,2.5,0,.,.,2.5,17,23,5.25,3.2,.,.,5.9,21.275,22.025,2.075,4.3,.,.,6.728,1.738,20,,
01-Sep-1982,Toolik Tussock 1981 plots,Control,Graminoid,Eriophorum vaginatum,inc. cys,new above,0.000,0.000,0.000,0.000,0.000,.,.,.,0,0.000,0.000,0.000,0.000,.,.,.,0.000,0.000,0.175,0.000,0.000,.,.,.,0.00,0.000,0.033,0.000,0.017,.,.,.,0.011,0.009,20.000,0,0,0,0,0,.,.,0,0,0,0,0,.,.,0,0,4.375,0,0,.,.,0,0,0.825,0,0.425,.,.,0.281,0.220,20,,
01-Sep-1982,Toolik Tussock 1981 plots,Control,Graminoid,Carex bigelowii,blade,new above,0.048,0.388,0.061,0.543,0.190,.,.,.,0.037,0.000,0.583,0.000,0.353,.,.,.,0.018,0.000,0.000,0.000,0.009,.,.,.,0.22,0.000,0.102,0.000,0.186,.,.,.,0.137,0.042,20.000,1.2,9.7,1.525,13.575,4.75,.,.,0.925,0,14.575,0,8.825,.,.,0.45,0,0,0,0.225,.,.,5.55,0,2.55,0,4.65,.,.,3.425,1.052,20,,
01-Sep-1982,Toolik Tussock 1981 plots,Control,Graminoid,Carex bigelowii,sheath,new above,0.045,0.562,0.096,0.444,0.147,.,.,.,0.02,0.000,0.523,0.000,0.300,.,.,.,0.012,0.000,0.000,0.000,0.022,.,.,.,0.23,0.000,0.141,0.000,0.183,.,.,.,0.136,0.041,20.000,1.125,14.05,2.4,11.1,3.675,.,.,0.5,0,13.075,0,7.5,.,.,0.3,0,0,0,0.55,.,.,5.75,0,3.525,0,4.575,.,.,3.406,1.030,20,,
01-Sep-1982,Toolik Tussock 1981 plots,Control,Graminoid,Carex bigelowii,rhizome,below,0.177,3.009,3.522,4.141,0.443,.,.,.,0.47,0.000,6.281,0.000,3.225,.,.,.,0.040,0.000,0.000,0.000,1.328,.,.,.,3.26,0.000,2.167,0.000,2.230,.,.,.,1.515,0.414,20.000,4.425,75.225,88.05,103.525,11.075,.,.,11.75,0,157.025,0,80.625,.,.,1,0,0,0,33.2,.,.,81.425,0,54.175,0,55.75,.,.,37.863,10.346,20,,
01-Sep-1982,Toolik Tussock 1981 plots,Control,Graminoid,Carex bigelowii,v1,new above,0.000,0.275,0.000,0.000,0.029,.,.,.,0,0.000,0.000,0.000,0.000,.,.,.,0.000,0.000,0.000,0.000,0.000,.,.,.,0.22,0.000,0.000,0.000,0.075,.,.,.,0.030,0.017,20.000,0,6.875,0,0,0.725,.,.,0,0,0,0,0,.,.,0,0,0,0,0,.,.,5.375,0,0,0,1.875,.,.,0.743,0.427,20,,
01-Sep-1982,Toolik Tussock 1981 plots,Control,Graminoid,Carex bigelowii,v0,new above,0.000,0.154,0.000,0.064,0.046,.,.,.,0,0.000,0.048,0.000,0.108,.,.,.,0.000,0.000,0.000,0.000,0.000,.,.,.,0.07,0.000,0.201,0.000,0.072,.,.,.,0.038,0.013,20.000,0,3.85,0,1.6,1.15,.,.,0,0,1.2,0,2.7,.,.,0,0,0,0,0,.,.,1.75,0,5.025,0,1.8,.,.,0.954,0.328,20,,
01-Sep-1982,Toolik Tussock 1981 plots,Control,Graminoid,Carex bigelowii,buds,new above,0.000,0.000,0.000,0.000,0.000,.,.,.,0,0.000,0.000,0.000,0.000,.,.,.,0.000,0.000,0.000,0.000,0.000,.,.,.,0.00,0.000,0.000,0.000,0.000,.,.,.,0.000,0.000,20.000,0,0,0,0,0,.,.,0,0,0,0,0,.,.,0,0,0,0,0,.,.,0,0,0,0,0,.,.,0.000,0.000,20,,
01-Sep-1982,Toolik Tussock 1981 plots,Control,Graminoid,Carex bigelowii,inflorescence,new above,0.000,0.366,0.000,0.090,0.000,.,.,.,0,0.000,0.000,0.000,0.274,.,.,.,0.000,0.000,0.000,0.000,0.000,.,.,.,0.06,0.000,0.000,0.000,0.398,.,.,.,0.059,0.028,20.000,0,9.15,0,2.25,0,.,.,0,0,0,0,6.85,.,.,0,0,0,0,0,.,.,1.475,0,0,0,9.95,.,.,1.484,0.712,20,,
01-Sep-1982,Toolik Tussock 1981 plots,Control,Graminoid,Carex bigelowii,inc. blade,new above,0.000,0.024,0.000,0.000,0.000,.,.,.,0,0.000,0.000,0.000,0.000,.,.,.,0.000,0.000,0.000,0.000,0.000,.,.,.,0.00,0.000,0.000,0.000,0.000,.,.,.,0.001,0.001,20.000,0,0.6,0,0,0,.,.,0,0,0,0,0,.,.,0,0,0,0,0,.,.,0,0,0,0,0,.,.,0.030,0.030,20,,
01-Sep-1982,Toolik Tussock 1981 plots,Control,Graminoid,Carex bigelowii,inc. sheath,new above,0.000,0.017,0.000,0.000,0.000,.,.,.,0,0.000,0.000,0.000,0.000,.,.,.,0.000,0.000,0.000,0.000,0.000,.,.,.,0.00,0.000,0.000,0.000,0.000,.,.,.,0.001,0.001,20.000,0,0.425,0,0,0,.,.,0,0,0,0,0,.,.,0,0,0,0,0,.,.,0,0,0,0,0,.,.,0.021,0.021,20,,
01-Sep-1982,Toolik Tussock 1981 plots,Control,Graminoid,Carex bigelowii,cys blade,new above,0.025,0.310,0.072,0.211,0.041,.,.,.,0.008,0.000,0.208,0.000,0.292,.,.,.,0.012,0.000,0.000,0.000,0.018,.,.,.,0.33,0.000,0.081,0.000,0.119,.,.,.,0.086,0.026,20.000,0.625,7.75,1.8,5.275,1.025,.,.,0.2,0,5.2,0,7.3,.,.,0.3,0,0,0,0.45,.,.,8.175,0,2.025,0,2.975,.,.,2.155,0.649,20,,
01-Sep-1982,Toolik Tussock 1981 plots,Control,Graminoid,Carex bigelowii,cys sheath,new above,0.000,0.000,0.018,0.000,0.025,.,.,.,0.007,0.000,0.024,0.000,0.043,.,.,.,0.008,0.000,0.000,0.000,0.010,.,.,.,0.03,0.000,0.019,0.000,0.011,.,.,.,0.010,0.003,20.000,0,0,0.45,0,0.625,.,.,0.175,0,0.6,0,1.075,.,.,0.2,0,0,0,0.25,.,.,0.825,0,0.475,0,0.275,.,.,0.248,0.073,20,,
01-Sep-1982,Toolik Tussock 1981 plots,Control,Graminoid,Calamagrostis canadensis,new above,new above,0.000,0.000,0.000,0.000,0.000,.,.,.,0,0.000,0.000,0.000,0.000,.,.,.,0.000,0.000,0.000,0.000,0.000,.,.,.,0.00,0.000,0.000,0.000,0.000,.,.,.,0.000,0.000,20.000,0,0,0,0,0,.,.,0,0,0,0,0,.,.,0,0,0,0,0,.,.,0,0,0,0,0,.,.,0.000,0.000,20,,
01-Sep-1982,Toolik Tussock 1981 plots,Control,Graminoid,Calamagrostis canadensis,rhizome,below,0.000,0.000,0.000,0.000,0.000,.,.,.,0,0.000,0.000,0.000,0.000,.,.,.,0.000,0.000,0.000,0.000,0.000,.,.,.,0.00,0.000,0.000,0.000,0.000,.,.,.,0.000,0.000,20.000,0,0,0,0,0,.,.,0,0,0,0,0,.,.,0,0,0,0,0,.,.,0,0,0,0,0,.,.,0.000,0.000,20,,
01-Sep-1982,Toolik Tussock 1981 plots,Control,Deciduous,Betula nana,long stem,new above,0.375,0.130,0.191,0.000,0.164,.,.,.,0.308,0.000,0.112,0.015,0.052,.,.,.,0.011,0.000,0.000,0.063,0.017,.,.,.,0.04,0.000,0.309,0.071,0.436,.,.,.,0.114,0.031,20.000,9.375,3.25,4.775,0,4.1,.,.,7.7,0,2.8,0.375,1.3,.,.,0.275,0,0,1.575,0.425,.,.,0.875,0,7.725,1.775,10.9,.,.,2.861,0.775,20,,
01-Sep-1982,Toolik Tussock 1981 plots,Control,Deciduous,Betula nana,long leaf,new above,0.668,0.064,0.095,0.000,0.117,.,.,.,0.168,0.000,0.164,0.000,0.059,.,.,.,0.011,0.000,0.000,0.031,0.012,.,.,.,0.02,0.000,0.442,0.033,0.347,.,.,.,0.111,0.040,20.000,16.7,1.6,2.375,0,2.925,.,.,4.2,0,4.1,0,1.475,.,.,0.275,0,0,0.775,0.3,.,.,0.425,0,11.05,0.825,8.675,.,.,2.785,0.995,20,,
01-Sep-1982,Toolik Tussock 1981 plots,Control,Deciduous,Betula nana,short stem,new above,0.455,0.129,0.314,0.000,0.089,.,.,.,0.042,0.000,0.040,0.052,0.050,.,.,.,0.002,0.000,0.000,0.041,0.003,.,.,.,0.07,0.012,0.111,0.114,0.293,.,.,.,0.091,0.028,20.000,11.375,3.225,7.85,0,2.225,.,.,1.05,0,1,1.3,1.25,.,.,0.05,0,0,1.025,0.075,.,.,1.775,0.3,2.775,2.85,7.325,.,.,2.273,0.692,20,,
01-Sep-1982,Toolik Tussock 1981 plots,Control,Deciduous,Betula nana,short leaf,new above,2.060,0.357,1.071,0.000,0.275,.,.,.,0.226,0.000,0.142,0.292,0.222,.,.,.,0.004,0.000,0.000,0.035,0.005,.,.,.,0.21,0.064,0.088,0.310,0.464,.,.,.,0.291,0.108,20.000,51.5,8.925,26.775,0,6.875,.,.,5.65,0,3.55,7.3,5.55,.,.,0.1,0,0,0.875,0.125,.,.,5.225,1.6,2.2,7.75,11.6,.,.,7.280,2.712,20,,
01-Sep-1982,Toolik Tussock 1981 plots,Control,Deciduous,Betula nana,inflorescence,new above,0.000,0.000,0.013,0.000,0.000,.,.,.,0,0.000,0.000,0.000,0.000,.,.,.,0.000,0.000,0.000,0.000,0.000,.,.,.,0.00,0.000,0.000,0.000,0.000,.,.,.,0.001,0.001,20.000,0,0,0.325,0,0,.,.,0,0,0,0,0,.,.,0,0,0,0,0,.,.,0,0,0,0,0,.,.,0.016,0.016,20,,
01-Sep-1982,Toolik Tussock 1981 plots,Control,Deciduous,Betula nana,old stems,old above,6.178,1.901,6.198,0.000,0.676,.,.,.,0.491,0.000,1.280,0.935,0.400,.,.,.,0.012,0.000,0.000,0.250,0.053,.,.,.,2.34,0.121,1.193,2.190,3.191,.,.,.,1.371,0.423,20.000,154.45,47.525,154.95,0,16.9,.,.,12.275,0,32,23.375,10,.,.,0.3,0,0,6.25,1.325,.,.,58.55,3.025,29.825,54.75,79.775,.,.,34.264,10.573,20,,
01-Sep-1982,Toolik Tussock 1981 plots,Control,Deciduous,Betula nana,below stems,below,12.296,11.367,3.725,3.822,1.067,.,.,.,0.421,1.131,7.367,8.334,0.108,.,.,.,0.000,0.000,0.000,3.266,0.173,.,.,.,7.95,0.000,2.978,1.256,15.656,.,.,.,4.046,1.073,20.000,307.4,284.175,93.125,95.55,26.675,.,.,10.525,28.275,184.175,208.35,2.7,.,.,0,0,0,81.65,4.325,.,.,198.825,0,74.45,31.4,391.4,.,.,101.150,26.819,20,,
01-Sep-1982,Toolik Tussock 1981 plots,Control,Deciduous,Salix pulchra,long stem,new above,0.000,0.000,0.000,0.000,0.000,.,.,.,0,0.000,0.000,0.000,0.000,.,.,.,0.000,0.000,0.000,0.000,0.000,.,.,.,0.00,0.000,0.000,0.000,0.000,.,.,.,0.000,0.000,20.000,0,0,0,0,0,.,.,0,0,0,0,0,.,.,0,0,0,0,0,.,.,0,0,0,0,0,.,.,0.000,0.000,20,,
01-Sep-1982,Toolik Tussock 1981 plots,Control,Deciduous,Salix pulchra,long leaf,new above,0.000,0.000,0.000,0.000,0.000,.,.,.,0,0.000,0.000,0.000,0.000,.,.,.,0.000,0.000,0.000,0.000,0.000,.,.,.,0.00,0.000,0.000,0.000,0.000,.,.,.,0.000,0.000,20.000,0,0,0,0,0,.,.,0,0,0,0,0,.,.,0,0,0,0,0,.,.,0,0,0,0,0,.,.,0.000,0.000,20,,
01-Sep-1982,Toolik Tussock 1981 plots,Control,Deciduous,Salix pulchra,short stem,new above,0.000,0.000,0.000,0.000,0.000,.,.,.,0,0.000,0.000,0.000,0.000,.,.,.,0.000,0.000,0.000,0.000,0.000,.,.,.,0.00,0.000,0.000,0.000,0.000,.,.,.,0.000,0.000,20.000,0,0,0,0,0,.,.,0,0,0,0,0,.,.,0,0,0,0,0,.,.,0,0,0,0,0,.,.,0.000,0.000,20,,
01-Sep-1982,Toolik Tussock 1981 plots,Control,Deciduous,Salix pulchra,short leaf,new above,0.000,0.000,0.000,0.000,0.000,.,.,.,0,0.000,0.000,0.000,0.000,.,.,.,0.000,0.000,0.000,0.000,0.000,.,.,.,0.00,0.000,0.000,0.000,0.000,.,.,.,0.000,0.000,20.000,0,0,0,0,0,.,.,0,0,0,0,0,.,.,0,0,0,0,0,.,.,0,0,0,0,0,.,.,0.000,0.000,20,,
01-Sep-1982,Toolik Tussock 1981 plots,Control,Deciduous,Salix pulchra,inflorescence,new above,0.000,0.000,0.000,0.000,0.000,.,.,.,0,0.000,0.000,0.000,0.000,.,.,.,0.000,0.000,0.000,0.000,0.000,.,.,.,0.00,0.000,0.000,0.000,0.000,.,.,.,0.000,0.000,20.000,0,0,0,0,0,.,.,0,0,0,0,0,.,.,0,0,0,0,0,.,.,0,0,0,0,0,.,.,0.000,0.000,20,,
01-Sep-1982,Toolik Tussock 1981 plots,Control,Deciduous,Salix pulchra,old stems,old above,0.000,0.000,0.000,0.000,0.000,.,.,.,0,0.000,0.000,0.000,0.000,.,.,.,0.000,0.000,0.000,0.000,0.000,.,.,.,0.00,0.000,0.000,0.000,0.000,.,.,.,0.000,0.000,20.000,0,0,0,0,0,.,.,0,0,0,0,0,.,.,0,0,0,0,0,.,.,0,0,0,0,0,.,.,0.000,0.000,20,,
01-Sep-1982,Toolik Tussock 1981 plots,Control,Deciduous,Salix pulchra,below stems,below,0.000,0.000,0.000,0.000,0.000,.,.,.,0,0.000,0.000,0.000,0.000,.,.,.,0.000,0.000,0.000,0.000,0.000,.,.,.,0.00,0.000,0.000,0.000,0.000,.,.,.,0.000,0.000,20.000,0,0,0,0,0,.,.,0,0,0,0,0,.,.,0,0,0,0,0,.,.,0,0,0,0,0,.,.,0.000,0.000,20,,
01-Sep-1982,Toolik Tussock 1981 plots,Control,Deciduous,Rubus chamaemorus,inflorescence,new above,0.000,0.000,0.000,0.000,0.000,.,.,.,0,0.000,0.000,0.000,0.000,.,.,.,0.000,0.000,0.000,0.000,0.015,.,.,.,0.00,0.000,0.222,0.000,0.000,.,.,.,0.012,0.011,20.000,0,0,0,0,0,.,.,0,0,0,0,0,.,.,0,0,0,0,0.375,.,.,0,0,5.55,0,0,.,.,0.296,0.277,20,,
01-Sep-1982,Toolik Tussock 1981 plots,Control,Deciduous,Rubus chamaemorus,new leaves,new above,0.000,0.000,0.106,0.000,0.129,.,.,.,0.104,0.123,0.000,0.000,0.000,.,.,.,0.000,0.000,0.000,0.020,0.084,.,.,.,0.00,0.000,0.656,0.087,0.000,.,.,.,0.065,0.033,20.000,0,0,2.65,0,3.225,.,.,2.6,3.075,0,0,0,.,.,0,0,0,0.5,2.1,.,.,0,0,16.4,2.175,0,.,.,1.636,0.825,20,,
01-Sep-1982,Toolik Tussock 1981 plots,Control,Deciduous,Rubus chamaemorus,new stems,new above,0.000,0.000,0.026,0.000,0.005,.,.,.,0.014,0.010,0.000,0.000,0.000,.,.,.,0.000,0.000,0.000,0.003,0.029,.,.,.,0.00,0.000,0.828,0.000,0.000,.,.,.,0.046,0.041,20.000,0,0,0.65,0,0.125,.,.,0.35,0.25,0,0,0,.,.,0,0,0,0.075,0.725,.,.,0,0,20.7,0,0,.,.,1.144,1.030,20,,
01-Sep-1982,Toolik Tussock 1981 plots,Control,Deciduous,Rubus chamaemorus,below stems,below,0.121,0.000,0.812,0.271,0.049,.,.,.,0.698,0.595,0.000,0.028,0.000,.,.,.,0.300,0.000,0.000,0.731,0.637,.,.,.,0.12,0.000,2.267,0.221,0.185,.,.,.,0.352,0.119,20.000,3.025,0,20.3,6.775,1.225,.,.,17.45,14.875,0,0.7,0,.,.,7.5,0,0,18.275,15.925,.,.,3.1,0,56.675,5.525,4.625,.,.,8.799,2.975,20,,
01-Sep-1982,Toolik Tussock 1981 plots,Control,Deciduous,Arctostaphylos alpina,new leaves,new above,0.000,0.000,0.000,0.000,0.000,.,.,.,0,0.000,0.000,0.000,0.000,.,.,.,0.000,0.000,0.000,0.156,0.000,.,.,.,0.00,0.000,0.000,0.000,0.000,.,.,.,0.008,0.008,20.000,0,0,0,0,0,.,.,0,0,0,0,0,.,.,0,0,0,3.9,0,.,.,0,0,0,0,0,.,.,0.195,0.195,20,,
01-Sep-1982,Toolik Tussock 1981 plots,Control,Deciduous,Arctostaphylos alpina,new stems,new above,0.000,0.000,0.000,0.000,0.000,.,.,.,0,0.000,0.000,0.000,0.000,.,.,.,0.000,0.000,0.000,0.049,0.000,.,.,.,0.00,0.000,0.000,0.000,0.000,.,.,.,0.002,0.002,20.000,0,0,0,0,0,.,.,0,0,0,0,0,.,.,0,0,0,1.225,0,.,.,0,0,0,0,0,.,.,0.061,0.061,20,,
01-Sep-1982,Toolik Tussock 1981 plots,Control,Deciduous,Arctostaphylos alpina,old stems,old above,0.000,0.000,0.000,0.000,0.000,.,.,.,0,0.000,0.000,0.000,0.000,.,.,.,0.000,0.000,0.000,0.000,0.000,.,.,.,0.00,0.000,0.000,0.000,0.000,.,.,.,0.000,0.000,20.000,0,0,0,0,0,.,.,0,0,0,0,0,.,.,0,0,0,0,0,.,.,0,0,0,0,0,.,.,0.000,0.000,20,,
01-Sep-1982,Toolik Tussock 1981 plots,Control,Deciduous,Arctostaphylos alpina,below stems,below,0.000,0.000,0.000,0.000,0.000,.,.,.,0,0.000,0.000,0.000,0.000,.,.,.,0.000,0.000,0.000,0.054,0.000,.,.,.,0.00,0.000,0.000,0.000,0.000,.,.,.,0.003,0.003,20.000,0,0,0,0,0,.,.,0,0,0,0,0,.,.,0,0,0,1.35,0,.,.,0,0,0,0,0,.,.,0.068,0.068,20,,
01-Sep-1982,Toolik Tussock 1981 plots,Control,Deciduous,Arctostaphylos alpina,fruit,new above,0.000,0.000,0.000,0.000,0.000,.,.,.,0,0.000,0.000,0.000,0.000,.,.,.,0.000,0.000,0.000,0.000,0.000,.,.,.,0.00,0.000,0.000,0.000,0.000,.,.,.,0.000,0.000,20.000,0,0,0,0,0,.,.,0,0,0,0,0,.,.,0,0,0,0,0,.,.,0,0,0,0,0,.,.,0.000,0.000,20,,
01-Sep-1982,Toolik Tussock 1981 plots,Control,Deciduous,Vaccinium uliginosum,new leaves,new above,0.163,0.000,0.000,0.000,0.000,.,.,.,0.003,0.000,0.000,0.000,0.000,.,.,.,0.000,0.000,0.000,0.000,0.000,.,.,.,0.00,0.000,0.000,0.000,0.000,.,.,.,0.008,0.008,20.000,4.075,0,0,0,0,.,.,0.075,0,0,0,0,.,.,0,0,0,0,0,.,.,0,0,0,0,0,.,.,0.208,0.204,20,,
01-Sep-1982,Toolik Tussock 1981 plots,Control,Deciduous,Vaccinium uliginosum,new stems,new above,0.098,0.000,0.000,0.000,0.000,.,.,.,0.006,0.000,0.000,0.000,0.000,.,.,.,0.000,0.000,0.000,0.000,0.000,.,.,.,0.00,0.000,0.000,0.000,0.000,.,.,.,0.005,0.005,20.000,2.45,0,0,0,0,.,.,0.15,0,0,0,0,.,.,0,0,0,0,0,.,.,0,0,0,0,0,.,.,0.130,0.122,20,,
01-Sep-1982,Toolik Tussock 1981 plots,Control,Deciduous,Vaccinium uliginosum,old stems,old above,0.414,0.000,0.000,0.000,0.000,.,.,.,0.014,0.000,0.000,0.000,0.000,.,.,.,0.000,0.000,0.000,0.000,0.000,.,.,.,0.00,0.000,0.000,0.000,0.000,.,.,.,0.021,0.021,20.000,10.35,0,0,0,0,.,.,0.35,0,0,0,0,.,.,0,0,0,0,0,.,.,0,0,0,0,0,.,.,0.535,0.517,20,,
01-Sep-1982,Toolik Tussock 1981 plots,Control,Deciduous,Vaccinium uliginosum,below stems,below,2.846,0.000,0.000,0.000,0.000,.,.,.,0.388,0.000,0.000,0.000,0.000,.,.,.,0.000,0.000,0.000,0.000,0.000,.,.,.,0.00,0.000,0.000,0.000,0.000,.,.,.,0.162,0.143,20.000,71.15,0,0,0,0,.,.,9.7,0,0,0,0,.,.,0,0,0,0,0,.,.,0,0,0,0,0,.,.,4.043,3.565,20,,
01-Sep-1982,Toolik Tussock 1981 plots,Control,Forb,Polygonum bistorta,new above,new above,0.129,0.066,0.000,0.000,0.000,.,.,.,0,0.000,0.000,0.000,0.000,.,.,.,0.000,0.000,0.000,0.000,0.000,.,.,.,0.00,0.000,0.000,0.000,0.000,.,.,.,0.010,0.007,20.000,3.225,1.65,0,0,0,.,.,0,0,0,0,0,.,.,0,0,0,0,0,.,.,0,0,0,0,0,.,.,0.244,0.177,20,,
01-Sep-1982,Toolik Tussock 1981 plots,Control,Forb,Polygonum bistorta,below,below,0.837,0.349,0.551,0.000,0.000,.,.,.,0,0.000,0.000,0.000,0.000,.,.,.,0.000,0.000,0.000,0.000,0.000,.,.,.,0.00,0.000,0.000,0.000,0.000,.,.,.,0.087,0.051,20.000,20.925,8.725,13.775,0,0,.,.,0,0,0,0,0,.,.,0,0,0,0,0,.,.,0,0,0,0,0,.,.,2.171,1.266,20,,
01-Sep-1982,Toolik Tussock 1981 plots,Control,Forb,Polygonum bistorta,inflorescence,new above,0.000,0.000,0.000,0.000,0.000,.,.,.,0,0.000,0.000,0.000,0.000,.,.,.,0.000,0.000,0.000,0.000,0.000,.,.,.,0.00,0.000,0.000,0.000,0.000,.,.,.,0.000,0.000,20.000,0,0,0,0,0,.,.,0,0,0,0,0,.,.,0,0,0,0,0,.,.,0,0,0,0,0,.,.,0.000,0.000,20,,
01-Sep-1982,Toolik Tussock 1981 plots,Control,Forb,Pedicularis spp.,new above,new above,0.030,0.000,0.000,0.006,0.000,.,.,.,0,0.002,0.000,0.060,0.216,.,.,.,0.000,0.000,0.000,0.000,0.004,.,.,.,0.00,0.000,0.011,0.000,0.043,.,.,.,0.019,0.011,20.000,0.75,0,0,0.15,0,.,.,0,0.05,0,1.5,5.4,.,.,0,0,0,0,0.1,.,.,0,0,0.275,0,1.075,.,.,0.465,0.276,20,,
01-Sep-1982,Toolik Tussock 1981 plots,Control,Forb,Pedicularis spp.,below,below,0.032,0.000,0.000,0.009,0.000,.,.,.,0,0.020,0.000,0.012,0.113,.,.,.,0.000,0.000,0.000,0.000,0.053,.,.,.,0.00,0.000,0.029,0.000,0.188,.,.,.,0.023,0.011,20.000,0.8,0,0,0.225,0,.,.,0,0.5,0,0.3,2.825,.,.,0,0,0,0,1.325,.,.,0,0,0.725,0,4.7,.,.,0.570,0.266,20,,
01-Sep-1982,Toolik Tussock 1981 plots,Control,Evergreen,Ledum palustre,new leaves,new above,0.340,0.250,0.328,0.562,0.394,.,.,.,1.009,0.577,0.991,0.423,1.442,.,.,.,0.470,0.652,1.162,0.408,1.053,.,.,.,0.54,0.694,0.342,0.681,0.487,.,.,.,0.640,0.073,20.000,8.5,6.25,8.2,14.05,9.85,.,.,25.225,14.425,24.775,10.575,36.05,.,.,11.75,16.3,29.05,10.2,26.325,.,.,13.45,17.35,8.55,17.025,12.175,.,.,16.004,1.819,20,,
01-Sep-1982,Toolik Tussock 1981 plots,Control,Evergreen,Ledum palustre,new stems,new above,0.114,0.058,0.083,0.182,0.106,.,.,.,0.281,0.130,0.212,0.095,0.401,.,.,.,0.102,0.196,0.273,0.153,0.398,.,.,.,0.15,0.171,0.145,0.322,0.137,.,.,.,0.185,0.022,20.000,2.85,1.45,2.075,4.55,2.65,.,.,7.025,3.25,5.3,2.375,10.025,.,.,2.55,4.9,6.825,3.825,9.95,.,.,3.675,4.275,3.625,8.05,3.425,.,.,4.633,0.560,20,,
01-Sep-1982,Toolik Tussock 1981 plots,Control,Evergreen,Ledum palustre,old leaves,old above,0.203,0.127,0.246,0.621,0.315,.,.,.,0.434,0.285,0.650,0.275,0.915,.,.,.,0.181,0.412,1.215,0.171,0.735,.,.,.,0.44,0.245,0.314,0.940,0.227,.,.,.,0.448,0.068,20.000,5.075,3.175,6.15,15.525,7.875,.,.,10.85,7.125,16.25,6.875,22.875,.,.,4.525,10.3,30.375,4.275,18.375,.,.,11,6.125,7.85,23.5,5.675,.,.,11.189,1.690,20,,
01-Sep-1982,Toolik Tussock 1981 plots,Control,Evergreen,Ledum palustre,old stems,old above,0.567,0.413,1.305,3.120,1.433,.,.,.,1.757,0.656,3.091,0.788,2.262,.,.,.,1.594,1.627,10.763,0.825,1.489,.,.,.,4.03,2.069,0.946,2.088,0.571,.,.,.,2.070,0.506,20.000,14.175,10.325,32.625,78,35.825,.,.,43.925,16.4,77.275,19.7,56.55,.,.,39.85,40.675,269.075,20.625,37.225,.,.,100.65,51.725,23.65,52.2,14.275,.,.,51.738,12.640,20,,
01-Sep-1982,Toolik Tussock 1981 plots,Control,Evergreen,Ledum palustre,below stems,below,0.470,3.081,2.465,7.472,3.588,.,.,.,1.671,4.278,9.724,2.735,2.391,.,.,.,1.464,0.308,8.499,5.938,3.652,.,.,.,10.76,5.187,5.416,10.268,3.060,.,.,.,4.621,0.718,20.000,11.75,77.025,61.625,186.8,89.7,.,.,41.775,106.95,243.1,68.375,59.775,.,.,36.6,7.7,212.475,148.45,91.3,.,.,269,129.675,135.4,256.7,76.5,.,.,115.534,17.958,20,,
01-Sep-1982,Toolik Tussock 1981 plots,Control,Evergreen,Ledum palustre,inflorescence,new above,0.000,0.000,0.052,0.181,0.000,.,.,.,0,0.089,0.000,0.113,0.013,.,.,.,0.000,0.027,0.116,0.000,0.000,.,.,.,0.06,0.224,0.047,0.179,0.000,.,.,.,0.055,0.016,20.000,0,0,1.3,4.525,0,.,.,0,2.225,0,2.825,0.325,.,.,0,0.675,2.9,0,0,.,.,1.375,5.6,1.175,4.475,0,.,.,1.370,0.401,20,,
01-Sep-1982,Toolik Tussock 1981 plots,Control,Evergreen,Vaccinium vitis-idaea,new leaves,new above,0.593,0.350,0.588,0.523,0.589,.,.,.,0.643,0.552,0.552,0.618,1.106,.,.,.,0.319,0.076,0.193,0.262,0.541,.,.,.,0.68,1.124,0.229,0.888,0.490,.,.,.,0.546,0.061,20.000,14.825,8.75,14.7,13.075,14.725,.,.,16.075,13.8,13.8,15.45,27.65,.,.,7.975,1.9,4.825,6.55,13.525,.,.,17.1,28.1,5.725,22.2,12.25,.,.,13.650,1.531,20,,
01-Sep-1982,Toolik Tussock 1981 plots,Control,Evergreen,Vaccinium vitis-idaea,new stems,new above,0.111,0.102,0.055,0.100,0.101,.,.,.,0.11,0.075,0.063,0.093,0.205,.,.,.,0.045,0.030,0.035,0.050,0.126,.,.,.,0.13,0.135,0.053,0.152,0.110,.,.,.,0.094,0.010,20.000,2.775,2.55,1.375,2.5,2.525,.,.,2.75,1.875,1.575,2.325,5.125,.,.,1.125,0.75,0.875,1.25,3.15,.,.,3.35,3.375,1.325,3.8,2.75,.,.,2.356,0.248,20,,
01-Sep-1982,Toolik Tussock 1981 plots,Control,Evergreen,Vaccinium vitis-idaea,old leaves,old above,0.998,1.300,1.121,1.923,1.390,.,.,.,1.305,0.606,0.837,1.864,2.736,.,.,.,0.840,0.282,0.573,0.556,1.852,.,.,.,2.20,1.938,1.089,1.596,0.875,.,.,.,1.294,0.143,20.000,24.95,32.5,28.025,48.075,34.75,.,.,32.625,15.15,20.925,46.6,68.4,.,.,21,7.05,14.325,13.9,46.3,.,.,55.1,48.45,27.225,39.9,21.875,.,.,32.356,3.574,20,,
01-Sep-1982,Toolik Tussock 1981 plots,Control,Evergreen,Vaccinium vitis-idaea,old stems,old above,0.382,0.404,0.638,1.341,1.007,.,.,.,0.484,0.287,0.518,0.452,1.260,.,.,.,0.401,0.091,0.272,0.266,0.764,.,.,.,0.90,1.100,0.455,1.162,0.495,.,.,.,0.634,0.082,20.000,9.55,10.1,15.95,33.525,25.175,.,.,12.1,7.175,12.95,11.3,31.5,.,.,10.025,2.275,6.8,6.65,19.1,.,.,22.4,27.5,11.375,29.05,12.375,.,.,15.844,2.062,20,,
01-Sep-1982,Toolik Tussock 1981 plots,Control,Evergreen,Vaccinium vitis-idaea,below stems,below,3.351,2.872,2.724,6.005,3.843,.,.,.,6.698,2.642,1.181,3.829,2.646,.,.,.,1.518,0.092,1.712,2.155,2.507,.,.,.,4.22,2.258,1.797,3.751,3.171,.,.,.,2.949,0.345,20.000,83.775,71.8,68.1,150.125,96.075,.,.,167.45,66.05,29.525,95.725,66.15,.,.,37.95,2.3,42.8,53.875,62.675,.,.,105.6,56.45,44.925,93.775,79.275,.,.,73.720,8.621,20,,
01-Sep-1982,Toolik Tussock 1981 plots,Control,Evergreen,Vaccinium vitis-idaea,inflorescence,new above,0.000,0.000,0.000,0.000,0.000,.,.,.,0,0.000,0.000,0.000,0.000,.,.,.,0.000,0.000,0.000,0.000,0.000,.,.,.,0.00,0.000,0.000,0.000,0.000,.,.,.,0.000,0.000,20.000,0,0,0,0,0,.,.,0,0,0,0,0,.,.,0,0,0,0,0,.,.,0,0,0,0,0,.,.,0.000,0.000,20,,
01-Sep-1982,Toolik Tussock 1981 plots,Control,Evergreen,Andromeda polifolia,new leaves,new above,0.000,0.040,0.000,0.000,0.015,.,.,.,0,0.000,0.000,0.204,0.191,.,.,.,0.000,0.000,0.000,0.027,0.000,.,.,.,0.00,0.073,0.000,0.000,0.037,.,.,.,0.029,0.014,20.000,0,1,0,0,0.375,.,.,0,0,0,5.1,4.775,.,.,0,0,0,0.675,0,.,.,0,1.825,0,0,0.925,.,.,0.734,0.340,20,,
01-Sep-1982,Toolik Tussock 1981 plots,Control,Evergreen,Andromeda polifolia,new stems,new above,0.000,0.009,0.000,0.000,0.004,.,.,.,0,0.000,0.000,0.019,0.026,.,.,.,0.000,0.000,0.000,0.004,0.000,.,.,.,0.00,0.007,0.000,0.000,0.009,.,.,.,0.004,0.002,20.000,0,0.225,0,0,0.1,.,.,0,0,0,0.475,0.65,.,.,0,0,0,0.1,0,.,.,0,0.175,0,0,0.225,.,.,0.098,0.040,20,,
01-Sep-1982,Toolik Tussock 1981 plots,Control,Evergreen,Andromeda polifolia,old leaves,old above,0.000,0.090,0.000,0.000,0.018,.,.,.,0,0.000,0.000,0.162,0.328,.,.,.,0.000,0.000,0.000,0.041,0.000,.,.,.,0.00,0.114,0.000,0.000,0.047,.,.,.,0.040,0.018,20.000,0,2.25,0,0,0.45,.,.,0,0,0,4.05,8.2,.,.,0,0,0,1.025,0,.,.,0,2.85,0,0,1.175,.,.,1.000,0.457,20,,
01-Sep-1982,Toolik Tussock 1981 plots,Control,Evergreen,Andromeda polifolia,old stems,old above,0.000,0.059,0.000,0.000,0.028,.,.,.,0,0.000,0.000,0.222,0.204,.,.,.,0.000,0.000,0.000,0.049,0.000,.,.,.,0.00,0.253,0.000,0.000,0.043,.,.,.,0.043,0.018,20.000,0,1.475,0,0,0.7,.,.,0,0,0,5.55,5.1,.,.,0,0,0,1.225,0,.,.,0,6.325,0,0,1.075,.,.,1.073,0.456,20,,
01-Sep-1982,Toolik Tussock 1981 plots,Control,Evergreen,Andromeda polifolia,below stems,below,0.000,0.160,0.000,0.000,0.033,.,.,.,0,0.000,0.000,0.595,0.451,.,.,.,0.000,0.000,0.000,0.039,0.000,.,.,.,0.00,0.129,0.000,0.000,0.286,.,.,.,0.085,0.038,20.000,0,4,0,0,0.825,.,.,0,0,0,14.875,11.275,.,.,0,0,0,0.975,0,.,.,0,3.225,0,0,7.15,.,.,2.116,0.943,20,,
01-Sep-1982,Toolik Tussock 1981 plots,Control,Evergreen,Empetrum nigrum,new leaves,new above,0.344,0.000,0.000,0.000,0.000,.,.,.,0,0.254,0.000,0.000,0.367,.,.,.,0.000,0.000,0.000,0.000,0.000,.,.,.,0.00,0.000,0.000,0.000,0.016,.,.,.,0.049,0.027,20.000,8.6,0,0,0,0,.,.,0,6.35,0,0,9.175,.,.,0,0,0,0,0,.,.,0,0,0,0,0.4,.,.,1.226,0.666,20,,
01-Sep-1982,Toolik Tussock 1981 plots,Control,Evergreen,Empetrum nigrum,new stems,new above,0.070,0.000,0.000,0.000,0.000,.,.,.,0,0.050,0.000,0.000,0.059,.,.,.,0.000,0.000,0.000,0.000,0.000,.,.,.,0.00,0.000,0.000,0.000,0.007,.,.,.,0.009,0.005,20.000,1.75,0,0,0,0,.,.,0,1.25,0,0,1.475,.,.,0,0,0,0,0,.,.,0,0,0,0,0.175,.,.,0.233,0.123,20,,
01-Sep-1982,Toolik Tussock 1981 plots,Control,Evergreen,Empetrum nigrum,old leaves,old above,0.607,0.000,0.000,0.000,0.000,.,.,.,0,0.575,0.000,0.000,0.806,.,.,.,0.000,0.000,0.000,0.000,0.000,.,.,.,0.00,0.000,0.000,0.000,0.007,.,.,.,0.100,0.055,20.000,15.175,0,0,0,0,.,.,0,14.375,0,0,20.15,.,.,0,0,0,0,0,.,.,0,0,0,0,0.175,.,.,2.494,1.375,20,,
01-Sep-1982,Toolik Tussock 1981 plots,Control,Evergreen,Empetrum nigrum,old stems,old above,0.495,0.000,0.000,0.000,0.000,.,.,.,0,0.522,0.000,0.000,0.585,.,.,.,0.000,0.000,0.000,0.000,0.000,.,.,.,0.00,0.000,0.000,0.000,0.040,.,.,.,0.082,0.044,20.000,12.375,0,0,0,0,.,.,0,13.05,0,0,14.625,.,.,0,0,0,0,0,.,.,0,0,0,0,1,.,.,2.053,1.093,20,,
01-Sep-1982,Toolik Tussock 1981 plots,Control,Evergreen,Empetrum nigrum,below stems,below,1.196,0.000,0.000,0.000,0.000,.,.,.,0,1.038,0.000,0.000,0.338,.,.,.,0.000,0.000,0.000,0.000,0.000,.,.,.,0.00,0.000,0.000,0.000,0.902,.,.,.,0.174,0.086,20.000,29.9,0,0,0,0,.,.,0,25.95,0,0,8.45,.,.,0,0,0,0,0,.,.,0,0,0,0,22.55,.,.,4.343,2.158,20,,
01-Sep-1982,Toolik Tussock 1981 plots,Control,Evergreen,Cassiope tetragona,new leaves,new above,0.000,0.000,0.000,0.020,0.010,.,.,.,0,0.000,0.000,0.000,0.090,.,.,.,0.000,0.000,0.000,0.000,0.000,.,.,.,0.00,0.011,0.000,0.226,0.431,.,.,.,0.039,0.024,20.000,0,0,0,0.5,0.25,.,.,0,0,0,0,2.25,.,.,0,0,0,0,0,.,.,0,0.275,0,5.65,10.775,.,.,0.985,0.594,20,,
01-Sep-1982,Toolik Tussock 1981 plots,Control,Evergreen,Cassiope tetragona,old leaves,old above,0.000,0.000,0.000,0.028,0.029,.,.,.,0,0.000,0.000,0.000,0.173,.,.,.,0.000,0.000,0.000,0.000,0.000,.,.,.,0.00,0.029,0.000,0.377,0.520,.,.,.,0.058,0.032,20.000,0,0,0,0.7,0.725,.,.,0,0,0,0,4.325,.,.,0,0,0,0,0,.,.,0,0.725,0,9.425,13,.,.,1.445,0.789,20,,
01-Sep-1982,Toolik Tussock 1981 plots,Control,Evergreen,Cassiope tetragona,old stems,old above,0.000,0.000,0.000,0.072,0.063,.,.,.,0,0.000,0.000,0.000,0.490,.,.,.,0.000,0.000,0.000,0.000,0.000,.,.,.,0.00,0.050,0.000,0.177,1.185,.,.,.,0.102,0.062,20.000,0,0,0,1.8,1.575,.,.,0,0,0,0,12.25,.,.,0,0,0,0,0,.,.,0,1.25,0,4.425,29.625,.,.,2.546,1.560,20,,
01-Sep-1982,Toolik Tussock 1981 plots,Control,Evergreen,Cassiope tetragona,below stems,below,0.000,0.000,0.000,0.015,0.000,.,.,.,0,0.000,0.000,0.000,0.342,.,.,.,0.000,0.000,0.000,0.000,0.000,.,.,.,0.00,0.000,0.000,0.931,1.495,.,.,.,0.139,0.086,20.000,0,0,0,0.375,0,.,.,0,0,0,0,8.55,.,.,0,0,0,0,0,.,.,0,0,0,23.275,37.375,.,.,3.479,2.158,20,,
01-Sep-1982,Toolik Tussock 1981 plots,Control,Evergreen,Oxycoccus microcarpus,new above,new above,0.000,0.000,0.000,0.000,0.000,.,.,.,0,0.000,0.000,0.000,0.000,.,.,.,0.000,0.000,0.000,0.000,0.000,.,.,.,0.00,0.000,0.015,0.000,0.000,.,.,.,0.001,0.001,20.000,0,0,0,0,0,.,.,0,0,0,0,0,.,.,0,0,0,0,0,.,.,0,0,0.375,0,0,.,.,0.019,0.019,20,,
01-Sep-1982,Toolik Tussock 1981 plots,Control,Evergreen,Oxycoccus microcarpus,below stems,below,0.000,0.000,0.000,0.000,0.000,.,.,.,0,0.000,0.000,0.000,0.000,.,.,.,0.000,0.000,0.000,0.000,0.000,.,.,.,0.00,0.000,0.014,0.000,0.000,.,.,.,0.001,0.001,20.000,0,0,0,0,0,.,.,0,0,0,0,0,.,.,0,0,0,0,0,.,.,0,0,0.35,0,0,.,.,0.018,0.018,20,,
21-May-1983,Toolik Tussock 1981 plots,Control,Graminoid,Eriophorum vaginatum,blade,new above,0.147,1.397,2.003,0.254,1.840,.,.,.,0.014,0.152,0.279,0.000,0.159,.,.,.,0.629,0.036,0.830,0.243,0.629,.,.,.,0.05,1.205,0.069,4.630,0.841,.,.,.,0.770,0.245,20.000,3.675,34.925,50.075,6.35,46,.,.,0.35,3.8,6.975,0,3.975,.,.,15.725,0.9,20.75,6.075,15.725,.,.,1.25,30.125,1.725,115.75,21.025,.,.,19.259,6.129,20,,
21-May-1983,Toolik Tussock 1981 plots,Control,Graminoid,Eriophorum vaginatum,sheath,new above,0.075,0.761,0.457,0.258,0.190,.,.,.,0.005,0.024,0.049,0.000,0.103,.,.,.,0.106,0.035,0.033,0.036,0.499,.,.,.,0.01,0.350,0.042,1.234,0.000,.,.,.,0.213,0.071,20.000,1.875,19.025,11.425,6.45,4.75,.,.,0.125,0.6,1.225,0,2.575,.,.,2.65,0.875,0.825,0.9,12.475,.,.,0.25,8.75,1.05,30.85,0,.,.,5.334,1.773,20,,
21-May-1983,Toolik Tussock 1981 plots,Control,Graminoid,Eriophorum vaginatum,rhizome,below,0.000,0.000,0.000,0.000,0.000,.,.,.,0,0.000,0.000,0.000,0.000,.,.,.,0.000,0.000,0.000,0.000,0.000,.,.,.,0.00,0.000,0.000,0.000,0.000,.,.,.,0.000,0.000,20.000,0,0,0,0,0,.,.,0,0,0,0,0,.,.,0,0,0,0,0,.,.,0,0,0,0,0,.,.,0.000,0.000,20,,
21-May-1983,Toolik Tussock 1981 plots,Control,Graminoid,Eriophorum vaginatum,v0,new above,0.000,0.000,0.000,0.000,0.000,.,.,.,0,0.000,0.000,0.000,0.000,.,.,.,0.000,0.000,0.000,0.000,0.000,.,.,.,0.00,0.000,0.000,0.000,0.000,.,.,.,0.000,0.000,20.000,0,0,0,0,0,.,.,0,0,0,0,0,.,.,0,0,0,0,0,.,.,0,0,0,0,0,.,.,0.000,0.000,20,,
21-May-1983,Toolik Tussock 1981 plots,Control,Graminoid,Eriophorum vaginatum,inflorescence,new above,0.080,0.191,0.000,0.000,0.350,.,.,.,0,0.000,0.000,0.000,0.000,.,.,.,0.062,0.000,0.000,0.056,0.074,.,.,.,0.00,0.158,0.000,0.296,0.092,.,.,.,0.068,0.023,20.000,2,4.775,0,0,8.75,.,.,0,0,0,0,0,.,.,1.55,0,0,1.4,1.85,.,.,0,3.95,0,7.4,2.3,.,.,1.699,0.583,20,,
21-May-1983,Toolik Tussock 1981 plots,Control,Graminoid,Eriophorum vaginatum,CYS blade,new above,0.000,0.000,0.000,0.000,0.000,.,.,.,0,0.000,0.000,0.000,0.000,.,.,.,0.000,0.000,0.000,0.000,0.000,.,.,.,0.00,0.000,0.000,0.000,0.000,.,.,.,0.000,0.000,20.000,0,0,0,0,0,.,.,0,0,0,0,0,.,.,0,0,0,0,0,.,.,0,0,0,0,0,.,.,0.000,0.000,20,,
21-May-1983,Toolik Tussock 1981 plots,Control,Graminoid,Eriophorum vaginatum,CYS sheath,new above,0.000,0.000,0.000,0.000,0.000,.,.,.,0,0.000,0.000,0.000,0.000,.,.,.,0.000,0.000,0.000,0.000,0.000,.,.,.,0.00,0.000,0.000,0.000,0.000,.,.,.,0.000,0.000,20.000,0,0,0,0,0,.,.,0,0,0,0,0,.,.,0,0,0,0,0,.,.,0,0,0,0,0,.,.,0.000,0.000,20,,
21-May-1983,Toolik Tussock 1981 plots,Control,Graminoid,Eriophorum vaginatum,infl. bud,new above,0.000,0.000,0.000,0.000,0.000,.,.,.,0,0.000,0.000,0.000,0.000,.,.,.,0.000,0.000,0.000,0.000,0.000,.,.,.,0.00,0.000,0.000,0.000,0.000,.,.,.,0.000,0.000,20.000,0,0,0,0,0,.,.,0,0,0,0,0,.,.,0,0,0,0,0,.,.,0,0,0,0,0,.,.,0.000,0.000,20,,
21-May-1983,Toolik Tussock 1981 plots,Control,Graminoid,Carex bigelowii,blade,new above,0.018,0.066,0.000,0.000,0.000,.,.,.,0.033,0.040,0.000,0.000,0.000,.,.,.,0.000,0.018,0.000,0.000,0.000,.,.,.,0.00,0.000,0.000,0.000,0.000,.,.,.,0.009,0.004,20.000,0.45,1.65,0,0,0,.,.,0.825,1,0,0,0,.,.,0,0.45,0,0,0,.,.,0,0,0,0,0,.,.,0.219,0.101,20,,
21-May-1983,Toolik Tussock 1981 plots,Control,Graminoid,Carex bigelowii,sheath,new above,0.094,0.083,0.000,0.000,0.120,.,.,.,0.011,0.018,0.000,0.000,0.000,.,.,.,0.000,0.008,0.000,0.000,0.000,.,.,.,0.00,0.000,0.000,0.000,0.000,.,.,.,0.017,0.008,20.000,2.35,2.075,0,0,3,.,.,0.275,0.45,0,0,0,.,.,0,0.2,0,0,0,.,.,0,0,0,0,0,.,.,0.418,0.203,20,,
21-May-1983,Toolik Tussock 1981 plots,Control,Graminoid,Carex bigelowii,rhizome,below,0.000,0.000,0.000,0.000,0.000,.,.,.,0,0.000,0.000,0.000,0.000,.,.,.,0.000,0.000,0.000,0.000,0.000,.,.,.,0.00,0.000,0.000,0.000,0.000,.,.,.,0.000,0.000,20.000,0,0,0,0,0,.,.,0,0,0,0,0,.,.,0,0,0,0,0,.,.,0,0,0,0,0,.,.,0.000,0.000,20,,
21-May-1983,Toolik Tussock 1981 plots,Control,Graminoid,Carex bigelowii,v0,new above,0.000,0.000,0.000,0.000,0.000,.,.,.,0,0.000,0.000,0.000,0.000,.,.,.,0.000,0.000,0.000,0.000,0.000,.,.,.,0.00,0.000,0.000,0.000,0.000,.,.,.,0.000,0.000,20.000,0,0,0,0,0,.,.,0,0,0,0,0,.,.,0,0,0,0,0,.,.,0,0,0,0,0,.,.,0.000,0.000,20,,
21-May-1983,Toolik Tussock 1981 plots,Control,Graminoid,Carex bigelowii,inflorescence,new above,0.000,0.000,0.000,0.000,0.000,.,.,.,0,0.000,0.000,0.000,0.000,.,.,.,0.000,0.000,0.000,0.000,0.000,.,.,.,0.00,0.000,0.000,0.000,0.000,.,.,.,0.000,0.000,20.000,0,0,0,0,0,.,.,0,0,0,0,0,.,.,0,0,0,0,0,.,.,0,0,0,0,0,.,.,0.000,0.000,20,,
21-May-1983,Toolik Tussock 1981 plots,Control,Graminoid,Carex bigelowii,CYS blade,new above,0.000,0.000,0.000,0.000,0.000,.,.,.,0,0.000,0.000,0.000,0.000,.,.,.,0.000,0.000,0.000,0.000,0.000,.,.,.,0.00,0.000,0.000,0.000,0.000,.,.,.,0.000,0.000,20.000,0,0,0,0,0,.,.,0,0,0,0,0,.,.,0,0,0,0,0,.,.,0,0,0,0,0,.,.,0.000,0.000,20,,
21-May-1983,Toolik Tussock 1981 plots,Control,Graminoid,Carex bigelowii,CYS sheath,new above,0.000,0.000,0.000,0.000,0.000,.,.,.,0,0.000,0.000,0.000,0.000,.,.,.,0.000,0.000,0.000,0.000,0.000,.,.,.,0.00,0.000,0.000,0.000,0.000,.,.,.,0.000,0.000,20.000,0,0,0,0,0,.,.,0,0,0,0,0,.,.,0,0,0,0,0,.,.,0,0,0,0,0,.,.,0.000,0.000,20,,
21-May-1983,Toolik Tussock 1981 plots,Control,Graminoid,Carex bigelowii,infl. bud,new above,0.000,0.000,0.000,0.000,0.000,.,.,.,0,0.000,0.000,0.000,0.000,.,.,.,0.000,0.000,0.000,0.000,0.000,.,.,.,0.00,0.000,0.000,0.000,0.000,.,.,.,0.000,0.000,20.000,0,0,0,0,0,.,.,0,0,0,0,0,.,.,0,0,0,0,0,.,.,0,0,0,0,0,.,.,0.000,0.000,20,,
21-May-1983,Toolik Tussock 1981 plots,Control,Graminoid,Other sedges,blade,new above,0.000,0.000,0.000,0.000,0.000,.,.,.,0,0.000,0.000,0.000,0.000,.,.,.,0.000,0.000,0.000,0.000,0.000,.,.,.,0.00,0.000,0.000,0.000,0.000,.,.,.,0.000,0.000,20.000,0,0,0,0,0,.,.,0,0,0,0,0,.,.,0,0,0,0,0,.,.,0,0,0,0,0,.,.,0.000,0.000,20,,
21-May-1983,Toolik Tussock 1981 plots,Control,Graminoid,Other sedges,sheath,new above,0.000,0.000,0.000,0.000,0.000,.,.,.,0,0.000,0.000,0.000,0.000,.,.,.,0.000,0.000,0.000,0.000,0.000,.,.,.,0.00,0.000,0.000,0.000,0.000,.,.,.,0.000,0.000,20.000,0,0,0,0,0,.,.,0,0,0,0,0,.,.,0,0,0,0,0,.,.,0,0,0,0,0,.,.,0.000,0.000,20,,
21-May-1983,Toolik Tussock 1981 plots,Control,Graminoid,Other sedges,rhizome,below,0.000,0.000,0.000,0.000,0.000,.,.,.,0,0.000,0.000,0.000,0.000,.,.,.,0.000,0.000,0.000,0.000,0.000,.,.,.,0.00,0.000,0.000,0.000,0.000,.,.,.,0.000,0.000,20.000,0,0,0,0,0,.,.,0,0,0,0,0,.,.,0,0,0,0,0,.,.,0,0,0,0,0,.,.,0.000,0.000,20,,
21-May-1983,Toolik Tussock 1981 plots,Control,Graminoid,Other sedges,v0,new above,0.000,0.000,0.000,0.000,0.000,.,.,.,0,0.000,0.000,0.000,0.000,.,.,.,0.000,0.000,0.000,0.000,0.000,.,.,.,0.00,0.000,0.000,0.000,0.000,.,.,.,0.000,0.000,20.000,0,0,0,0,0,.,.,0,0,0,0,0,.,.,0,0,0,0,0,.,.,0,0,0,0,0,.,.,0.000,0.000,20,,
21-May-1983,Toolik Tussock 1981 plots,Control,Graminoid,Other sedges,inflorescence,new above,0.000,0.000,0.000,0.000,0.000,.,.,.,0,0.000,0.000,0.000,0.000,.,.,.,0.000,0.000,0.000,0.000,0.000,.,.,.,0.00,0.000,0.000,0.000,0.000,.,.,.,0.000,0.000,20.000,0,0,0,0,0,.,.,0,0,0,0,0,.,.,0,0,0,0,0,.,.,0,0,0,0,0,.,.,0.000,0.000,20,,
21-May-1983,Toolik Tussock 1981 plots,Control,Graminoid,Other sedges,CYS blade,new above,0.000,0.000,0.000,0.000,0.000,.,.,.,0,0.000,0.000,0.000,0.000,.,.,.,0.000,0.000,0.000,0.000,0.000,.,.,.,0.00,0.000,0.000,0.000,0.000,.,.,.,0.000,0.000,20.000,0,0,0,0,0,.,.,0,0,0,0,0,.,.,0,0,0,0,0,.,.,0,0,0,0,0,.,.,0.000,0.000,20,,
21-May-1983,Toolik Tussock 1981 plots,Control,Graminoid,Other sedges,CYS sheath,new above,0.000,0.000,0.000,0.000,0.000,.,.,.,0,0.000,0.000,0.000,0.000,.,.,.,0.000,0.000,0.000,0.000,0.000,.,.,.,0.00,0.000,0.000,0.000,0.000,.,.,.,0.000,0.000,20.000,0,0,0,0,0,.,.,0,0,0,0,0,.,.,0,0,0,0,0,.,.,0,0,0,0,0,.,.,0.000,0.000,20,,
21-May-1983,Toolik Tussock 1981 plots,Control,Graminoid,Other sedges,infl. bud,new above,0.000,0.000,0.000,0.000,0.000,.,.,.,0,0.000,0.000,0.000,0.000,.,.,.,0.000,0.000,0.000,0.000,0.000,.,.,.,0.00,0.000,0.000,0.000,0.000,.,.,.,0.000,0.000,20.000,0,0,0,0,0,.,.,0,0,0,0,0,.,.,0,0,0,0,0,.,.,0,0,0,0,0,.,.,0.000,0.000,20,,
21-May-1983,Toolik Tussock 1981 plots,Control,Deciduous,Betula nana,new leaves,new above,0.226,0.000,0.143,0.195,0.056,.,.,.,0.083,0.106,0.068,0.063,0.000,.,.,.,0.055,0.056,0.025,0.000,0.036,.,.,.,0.01,0.019,0.247,0.031,0.089,.,.,.,0.075,0.017,20.000,5.65,0,3.575,4.875,1.4,.,.,2.075,2.65,1.7,1.575,0,.,.,1.375,1.4,0.625,0,0.9,.,.,0.2,0.475,6.175,0.775,2.225,.,.,1.883,0.414,20,,
21-May-1983,Toolik Tussock 1981 plots,Control,Deciduous,Betula nana,new stems,new above,0.000,0.000,0.000,0.000,0.000,.,.,.,0,0.000,0.000,0.000,0.000,.,.,.,0.000,0.000,0.000,0.000,0.000,.,.,.,0.00,0.000,0.000,0.000,0.000,.,.,.,0.000,0.000,20.000,0,0,0,0,0,.,.,0,0,0,0,0,.,.,0,0,0,0,0,.,.,0,0,0,0,0,.,.,0.000,0.000,20,,
21-May-1983,Toolik Tussock 1981 plots,Control,Deciduous,Betula nana,old stems,old above,1.823,0.000,1.173,2.556,0.452,.,.,.,1.941,1.039,0.710,0.618,0.000,.,.,.,1.128,0.849,0.617,0.000,1.509,.,.,.,0.07,2.500,5.434,0.436,1.408,.,.,.,1.213,0.283,20.000,45.575,0,29.325,63.9,11.3,.,.,48.525,25.975,17.75,15.45,0,.,.,28.2,21.225,15.425,0,37.725,.,.,1.775,62.5,135.85,10.9,35.2,.,.,30.330,7.064,20,,
21-May-1983,Toolik Tussock 1981 plots,Control,Deciduous,Betula nana,below stems,below,0.000,0.000,0.000,0.000,0.000,.,.,.,0,0.000,0.000,0.000,0.000,.,.,.,0.000,0.000,0.000,0.000,0.000,.,.,.,0.00,0.000,0.000,0.000,0.000,.,.,.,0.000,0.000,20.000,0,0,0,0,0,.,.,0,0,0,0,0,.,.,0,0,0,0,0,.,.,0,0,0,0,0,.,.,0.000,0.000,20,,
21-May-1983,Toolik Tussock 1981 plots,Control,Deciduous,Betula nana,inflorescence,new above,0.040,0.000,0.000,0.000,0.000,.,.,.,0,0.000,0.000,0.000,0.000,.,.,.,0.000,0.000,0.000,0.000,0.000,.,.,.,0.00,0.000,0.000,0.012,0.000,.,.,.,0.003,0.002,20.000,1,0,0,0,0,.,.,0,0,0,0,0,.,.,0,0,0,0,0,.,.,0,0,0,0.3,0,.,.,0.065,0.051,20,,
21-May-1983,Toolik Tussock 1981 plots,Control,Deciduous,Rubus chamaemorus,new leaves,new above,0.000,0.000,0.000,0.000,0.000,.,.,.,0,0.000,0.000,0.000,0.000,.,.,.,0.000,0.000,0.000,0.000,0.000,.,.,.,0.00,0.007,0.000,0.000,0.000,.,.,.,0.000,0.000,20.000,0,0,0,0,0,.,.,0,0,0,0,0,.,.,0,0,0,0,0,.,.,0,0.175,0,0,0,.,.,0.009,0.009,20,,
21-May-1983,Toolik Tussock 1981 plots,Control,Deciduous,Rubus chamaemorus,new stems,new above,0.000,0.000,0.000,0.000,0.000,.,.,.,0,0.000,0.000,0.000,0.000,.,.,.,0.000,0.000,0.000,0.000,0.000,.,.,.,0.00,0.000,0.000,0.000,0.000,.,.,.,0.000,0.000,20.000,0,0,0,0,0,.,.,0,0,0,0,0,.,.,0,0,0,0,0,.,.,0,0,0,0,0,.,.,0.000,0.000,20,,
21-May-1983,Toolik Tussock 1981 plots,Control,Deciduous,Rubus chamaemorus,below stems,below,0.000,0.000,0.000,0.007,0.000,.,.,.,0,0.000,0.000,0.000,0.000,.,.,.,0.000,0.000,0.015,0.000,0.000,.,.,.,0.00,0.043,0.000,0.000,0.000,.,.,.,0.003,0.002,20.000,0,0,0,0.175,0,.,.,0,0,0,0,0,.,.,0,0,0.375,0,0,.,.,0,1.075,0,0,0,.,.,0.081,0.056,20,,
21-May-1983,Toolik Tussock 1981 plots,Control,Deciduous,Rubus chamaemorus,inflorescence,new above,0.000,0.000,0.000,0.000,0.000,.,.,.,0,0.000,0.000,0.000,0.000,.,.,.,0.000,0.000,0.000,0.000,0.000,.,.,.,0.00,0.000,0.000,0.000,0.000,.,.,.,0.000,0.000,20.000,0,0,0,0,0,.,.,0,0,0,0,0,.,.,0,0,0,0,0,.,.,0,0,0,0,0,.,.,0.000,0.000,20,,
21-May-1983,Toolik Tussock 1981 plots,Control,Deciduous,Other deciduous,new leaves,new above,0.000,0.000,0.000,0.000,0.000,.,.,.,0,0.000,0.001,0.000,0.000,.,.,.,0.000,0.009,0.116,0.000,0.000,.,.,.,0.00,0.000,0.037,0.000,0.000,.,.,.,0.008,0.006,20.000,0,0,0,0,0,.,.,0,0,0.025,0,0,.,.,0,0.225,2.9,0,0,.,.,0,0,0.925,0,0,.,.,0.204,0.149,20,,
21-May-1983,Toolik Tussock 1981 plots,Control,Deciduous,Other deciduous,new stems,new above,0.000,0.000,0.000,0.000,0.000,.,.,.,0,0.000,0.000,0.000,0.000,.,.,.,0.000,0.000,0.000,0.000,0.000,.,.,.,0.00,0.000,0.000,0.000,0.000,.,.,.,0.000,0.000,20.000,0,0,0,0,0,.,.,0,0,0,0,0,.,.,0,0,0,0,0,.,.,0,0,0,0,0,.,.,0.000,0.000,20,,
21-May-1983,Toolik Tussock 1981 plots,Control,Deciduous,Other deciduous,old stems,old above,0.000,0.000,0.033,0.000,0.000,.,.,.,0,0.000,0.196,0.000,0.000,.,.,.,0.000,0.847,0.416,0.000,0.000,.,.,.,0.00,0.000,0.210,0.000,0.000,.,.,.,0.085,0.047,20.000,0,0,0.825,0,0,.,.,0,0,4.9,0,0,.,.,0,21.175,10.4,0,0,.,.,0,0,5.25,0,0,.,.,2.128,1.168,20,,
21-May-1983,Toolik Tussock 1981 plots,Control,Deciduous,Other deciduous,below stems,below,0.000,0.000,0.000,0.000,0.000,.,.,.,0,0.000,0.000,0.000,0.000,.,.,.,0.000,0.000,0.000,0.000,0.000,.,.,.,0.00,0.000,0.000,0.000,0.000,.,.,.,0.000,0.000,20.000,0,0,0,0,0,.,.,0,0,0,0,0,.,.,0,0,0,0,0,.,.,0,0,0,0,0,.,.,0.000,0.000,20,,
21-May-1983,Toolik Tussock 1981 plots,Control,Deciduous,Other deciduous,inflorescence,new above,0.000,0.000,0.000,0.000,0.000,.,.,.,0,0.000,0.000,0.000,0.000,.,.,.,0.000,0.000,0.000,0.000,0.000,.,.,.,0.00,0.000,0.000,0.000,0.000,.,.,.,0.000,0.000,20.000,0,0,0,0,0,.,.,0,0,0,0,0,.,.,0,0,0,0,0,.,.,0,0,0,0,0,.,.,0.000,0.000,20,,
21-May-1983,Toolik Tussock 1981 plots,Control,Evergreen,Ledum palustre,old leaves,old above,0.620,0.457,0.134,0.634,0.870,.,.,.,1.197,0.720,1.938,0.855,0.595,.,.,.,0.413,0.989,0.628,0.470,0.710,.,.,.,0.28,0.854,0.783,0.815,0.431,.,.,.,0.720,0.085,20.000,15.5,11.425,3.35,15.85,21.75,.,.,29.925,18,48.45,21.375,14.875,.,.,10.325,24.725,15.7,11.75,17.75,.,.,7.05,21.35,19.575,20.375,10.775,.,.,17.994,2.123,20,,
21-May-1983,Toolik Tussock 1981 plots,Control,Evergreen,Ledum palustre,new leaves,new above,0.001,0.000,0.000,0.000,0.001,.,.,.,0,0.000,0.000,0.000,0.000,.,.,.,0.000,0.000,0.000,0.000,0.000,.,.,.,0.00,0.000,0.000,0.000,0.000,.,.,.,0.000,0.000,20.000,0.025,0,0,0,0.025,.,.,0,0,0,0,0,.,.,0,0,0,0,0,.,.,0,0,0,0,0,.,.,0.003,0.002,20,,
21-May-1983,Toolik Tussock 1981 plots,Control,Evergreen,Ledum palustre,new stems,new above,0.000,0.000,0.000,0.000,0.000,.,.,.,0,0.000,0.000,0.000,0.000,.,.,.,0.000,0.000,0.000,0.000,0.000,.,.,.,0.00,0.000,0.000,0.000,0.000,.,.,.,0.000,0.000,20.000,0,0,0,0,0,.,.,0,0,0,0,0,.,.,0,0,0,0,0,.,.,0,0,0,0,0,.,.,0.000,0.000,20,,
21-May-1983,Toolik Tussock 1981 plots,Control,Evergreen,Ledum palustre,old stems,old above,0.727,0.266,0.275,0.800,1.025,.,.,.,1.009,1.139,1.887,0.821,0.822,.,.,.,0.583,1.059,0.589,0.371,1.334,.,.,.,0.34,2.804,1.704,1.715,0.440,.,.,.,0.986,0.144,20.000,18.175,6.65,6.875,20,25.625,.,.,25.225,28.475,47.175,20.525,20.55,.,.,14.575,26.475,14.725,9.275,33.35,.,.,8.6,70.1,42.6,42.875,11,.,.,24.643,3.606,20,,
21-May-1983,Toolik Tussock 1981 plots,Control,Evergreen,Ledum palustre,below stems,below,0.000,0.000,0.000,0.000,0.000,.,.,.,0,0.000,0.000,0.000,0.000,.,.,.,0.000,0.000,0.000,0.000,0.000,.,.,.,0.00,0.000,0.000,0.000,0.000,.,.,.,0.000,0.000,20.000,0,0,0,0,0,.,.,0,0,0,0,0,.,.,0,0,0,0,0,.,.,0,0,0,0,0,.,.,0.000,0.000,20,,
21-May-1983,Toolik Tussock 1981 plots,Control,Evergreen,Ledum palustre,inflorescence,new above,0.011,0.014,0.000,0.008,0.000,.,.,.,0,0.000,0.025,0.011,0.000,.,.,.,0.011,0.025,0.000,0.013,0.023,.,.,.,0.00,0.063,0.026,0.012,0.000,.,.,.,0.012,0.003,20.000,0.275,0.35,0,0.2,0,.,.,0,0,0.625,0.275,0,.,.,0.275,0.625,0,0.325,0.575,.,.,0,1.575,0.65,0.3,0,.,.,0.303,0.085,20,,
21-May-1983,Toolik Tussock 1981 plots,Control,Evergreen,Vaccinium vitis-idaea,old leaves,old above,1.735,0.941,0.026,2.553,2.601,.,.,.,1.723,2.296,2.607,0.424,0.376,.,.,.,1.084,1.135,1.259,0.855,1.025,.,.,.,2.66,1.163,1.137,0.450,1.772,.,.,.,1.391,0.183,20.000,43.375,23.525,0.65,63.825,65.025,.,.,43.075,57.4,65.175,10.6,9.4,.,.,27.1,28.375,31.475,21.375,25.625,.,.,66.575,29.075,28.425,11.25,44.3,.,.,34.781,4.577,20,,
21-May-1983,Toolik Tussock 1981 plots,Control,Evergreen,Vaccinium vitis-idaea,new leaves,new above,0.001,0.000,0.000,0.000,0.001,.,.,.,0,0.000,0.000,0.000,0.000,.,.,.,0.000,0.000,0.000,0.000,0.000,.,.,.,0.00,0.000,0.000,0.000,0.000,.,.,.,0.000,0.000,20.000,0.025,0,0,0,0.025,.,.,0,0,0,0,0,.,.,0,0,0,0,0,.,.,0,0,0,0,0,.,.,0.003,0.002,20,,
21-May-1983,Toolik Tussock 1981 plots,Control,Evergreen,Vaccinium vitis-idaea,new stems,new above,0.000,0.000,0.000,0.000,0.000,.,.,.,0,0.000,0.000,0.000,0.000,.,.,.,0.000,0.000,0.000,0.000,0.000,.,.,.,0.00,0.000,0.000,0.000,0.000,.,.,.,0.000,0.000,20.000,0,0,0,0,0,.,.,0,0,0,0,0,.,.,0,0,0,0,0,.,.,0,0,0,0,0,.,.,0.000,0.000,20,,
21-May-1983,Toolik Tussock 1981 plots,Control,Evergreen,Vaccinium vitis-idaea,old stems,old above,0.403,0.324,0.016,0.548,0.878,.,.,.,0.312,0.685,0.554,0.100,0.102,.,.,.,0.199,0.215,0.244,0.149,0.239,.,.,.,0.50,0.435,0.270,0.214,0.436,.,.,.,0.341,0.048,20.000,10.075,8.1,0.4,13.7,21.95,.,.,7.8,17.125,13.85,2.5,2.55,.,.,4.975,5.375,6.1,3.725,5.975,.,.,12.575,10.875,6.75,5.35,10.9,.,.,8.533,1.202,20,,
21-May-1983,Toolik Tussock 1981 plots,Control,Evergreen,Vaccinium vitis-idaea,below stems,below,0.000,0.000,0.000,0.000,0.000,.,.,.,0,0.000,0.000,0.000,0.000,.,.,.,0.000,0.000,0.000,0.000,0.000,.,.,.,0.00,0.000,0.000,0.000,0.000,.,.,.,0.000,0.000,20.000,0,0,0,0,0,.,.,0,0,0,0,0,.,.,0,0,0,0,0,.,.,0,0,0,0,0,.,.,0.000,0.000,20,,
21-May-1983,Toolik Tussock 1981 plots,Control,Evergreen,Vaccinium vitis-idaea,inflorescence,new above,0.001,0.000,0.000,0.007,0.000,.,.,.,0,0.000,0.001,0.001,0.000,.,.,.,0.003,0.006,0.003,0.003,0.000,.,.,.,0.00,0.000,0.002,0.000,0.000,.,.,.,0.001,0.000,20.000,0.025,0,0,0.175,0,.,.,0,0,0.025,0.025,0,.,.,0.075,0.15,0.075,0.075,0,.,.,0,0,0.05,0,0,.,.,0.034,0.012,20,,
21-May-1983,Toolik Tussock 1981 plots,Control,Evergreen,Other Evergreen,old leaves,old above,0.575,0.000,0.000,0.710,2.064,.,.,.,0.062,0.000,0.043,0.000,0.000,.,.,.,0.000,0.000,0.370,2.549,0.000,.,.,.,0.00,0.011,1.341,0.043,0.000,.,.,.,0.388,0.166,20.000,14.375,0,0,17.75,51.6,.,.,1.55,0,1.075,0,0,.,.,0,0,9.25,63.725,0,.,.,0,0.275,33.525,1.075,0,.,.,9.710,4.159,20,,
21-May-1983,Toolik Tussock 1981 plots,Control,Evergreen,Other Evergreen,new leaves,new above,0.001,0.000,0.000,0.000,0.001,.,.,.,0,0.000,0.001,0.000,0.000,.,.,.,0.000,0.000,0.000,0.000,0.000,.,.,.,0.00,0.000,0.000,0.000,0.000,.,.,.,0.000,0.000,20.000,0.025,0,0,0,0.025,.,.,0,0,0.025,0,0,.,.,0,0,0,0,0,.,.,0,0,0,0,0,.,.,0.004,0.002,20,,
21-May-1983,Toolik Tussock 1981 plots,Control,Evergreen,Other Evergreen,new stems,new above,0.000,0.000,0.000,0.000,0.000,.,.,.,0,0.000,0.000,0.000,0.000,.,.,.,0.000,0.000,0.000,0.000,0.000,.,.,.,0.00,0.000,0.000,0.000,0.000,.,.,.,0.000,0.000,20.000,0,0,0,0,0,.,.,0,0,0,0,0,.,.,0,0,0,0,0,.,.,0,0,0,0,0,.,.,0.000,0.000,20,,
21-May-1983,Toolik Tussock 1981 plots,Control,Evergreen,Other Evergreen,old stems,old above,0.195,0.000,0.000,0.397,0.210,.,.,.,0.028,0.000,0.015,0.000,0.000,.,.,.,0.000,0.000,0.169,0.042,0.000,.,.,.,0.00,0.008,0.029,0.041,0.000,.,.,.,0.057,0.023,20.000,4.875,0,0,9.925,5.25,.,.,0.7,0,0.375,0,0,.,.,0,0,4.225,1.05,0,.,.,0,0.2,0.725,1.025,0,.,.,1.418,0.587,20,,
21-May-1983,Toolik Tussock 1981 plots,Control,Evergreen,Other Evergreen,below stems,below,0.000,0.000,0.000,0.000,0.000,.,.,.,0,0.000,0.000,0.000,0.000,.,.,.,0.000,0.000,0.000,0.000,0.000,.,.,.,0.00,0.000,0.000,0.000,0.000,.,.,.,0.000,0.000,20.000,0,0,0,0,0,.,.,0,0,0,0,0,.,.,0,0,0,0,0,.,.,0,0,0,0,0,.,.,0.000,0.000,20,,
21-May-1983,Toolik Tussock 1981 plots,Control,Evergreen,Other Evergreen,inflorescence,new above,0.001,0.000,0.000,0.000,0.000,.,.,.,0,0.000,0.000,0.000,0.000,.,.,.,0.000,0.000,0.000,0.000,0.000,.,.,.,0.00,0.000,0.002,0.000,0.000,.,.,.,0.000,0.000,20.000,0.025,0,0,0,0,.,.,0,0,0,0,0,.,.,0,0,0,0,0,.,.,0,0,0.05,0,0,.,.,0.004,0.003,20,,
21-May-1983,Toolik Tussock 1981 plots,Control,Forb,Forbs spp. ,new above,new above,0.000,0.000,0.000,0.000,0.000,.,.,.,0,0.000,0.000,0.000,0.000,.,.,.,0.000,0.000,0.000,0.000,0.000,.,.,.,0.00,0.000,0.000,0.000,0.000,.,.,.,0.000,0.000,20.000,0,0,0,0,0,.,.,0,0,0,0,0,.,.,0,0,0,0,0,.,.,0,0,0,0,0,.,.,0.000,0.000,20,,
21-May-1983,Toolik Tussock 1981 plots,Control,Forb,Forbs spp. ,below,below,0.000,0.000,0.000,0.000,0.000,.,.,.,0,0.000,0.000,0.000,0.000,.,.,.,0.000,0.000,0.000,0.000,0.000,.,.,.,0.00,0.000,0.000,0.000,0.000,.,.,.,0.000,0.000,20.000,0,0,0,0,0,.,.,0,0,0,0,0,.,.,0,0,0,0,0,.,.,0,0,0,0,0,.,.,0.000,0.000,20,,
21-May-1983,Toolik Tussock 1981 plots,NP,Graminoid,Eriophorum vaginatum,blade,new above,0.150,0.659,2.245,0.000,0.006,.,.,.,0.105,0.278,1.161,0.761,0.779,.,.,.,0.794,0.006,0.256,0.414,0.649,.,.,.,0.56,0.422,0.807,0.125,0.019,.,.,.,0.510,0.119,20.000,3.75,16.475,56.125,0,0.15,.,.,2.625,6.95,29.025,19.025,19.475,.,.,19.85,0.15,6.4,10.35,16.225,.,.,13.975,10.55,20.175,3.125,0.475,.,.,12.744,2.972,20,,
21-May-1983,Toolik Tussock 1981 plots,NP,Graminoid,Eriophorum vaginatum,sheath,new above,0.055,0.007,1.025,0.000,0.000,.,.,.,0,0.059,0.477,0.049,0.240,.,.,.,0.000,0.000,0.015,0.362,0.000,.,.,.,0.23,0.264,0.000,0.028,0.000,.,.,.,0.140,0.056,20.000,1.375,0.175,25.625,0,0,.,.,0,1.475,11.925,1.225,6,.,.,0,0,0.375,9.05,0,.,.,5.65,6.6,0,0.7,0,.,.,3.509,1.407,20,,
21-May-1983,Toolik Tussock 1981 plots,NP,Graminoid,Eriophorum vaginatum,rhizome,below,0.000,0.000,0.000,0.000,0.000,.,.,.,0,0.000,0.000,0.000,0.000,.,.,.,0.000,0.000,0.000,0.000,0.000,.,.,.,0.00,0.000,0.000,0.000,0.000,.,.,.,0.000,0.000,20.000,0,0,0,0,0,.,.,0,0,0,0,0,.,.,0,0,0,0,0,.,.,0,0,0,0,0,.,.,0.000,0.000,20,,
21-May-1983,Toolik Tussock 1981 plots,NP,Graminoid,Eriophorum vaginatum,v0,new above,0.000,0.000,0.000,0.000,0.000,.,.,.,0,0.000,0.000,0.000,0.000,.,.,.,0.000,0.000,0.000,0.000,0.000,.,.,.,0.00,0.000,0.000,0.000,0.000,.,.,.,0.000,0.000,20.000,0,0,0,0,0,.,.,0,0,0,0,0,.,.,0,0,0,0,0,.,.,0,0,0,0,0,.,.,0.000,0.000,20,,
21-May-1983,Toolik Tussock 1981 plots,NP,Graminoid,Eriophorum vaginatum,inflorescence,new above,0.077,0.000,0.799,0.000,0.000,.,.,.,0.1,0.271,0.113,0.000,0.000,.,.,.,0.089,0.000,0.000,0.000,0.000,.,.,.,0.00,0.114,0.019,0.000,0.000,.,.,.,0.079,0.041,20.000,1.925,0,19.975,0,0,.,.,2.5,6.775,2.825,0,0,.,.,2.225,0,0,0,0,.,.,0,2.85,0.475,0,0,.,.,1.978,1.023,20,,
21-May-1983,Toolik Tussock 1981 plots,NP,Graminoid,Eriophorum vaginatum,CYS blade,new above,0.000,0.000,0.000,0.000,0.000,.,.,.,0,0.000,0.000,0.000,0.000,.,.,.,0.000,0.000,0.000,0.000,0.000,.,.,.,0.00,0.000,0.000,0.000,0.000,.,.,.,0.000,0.000,20.000,0,0,0,0,0,.,.,0,0,0,0,0,.,.,0,0,0,0,0,.,.,0,0,0,0,0,.,.,0.000,0.000,20,,
21-May-1983,Toolik Tussock 1981 plots,NP,Graminoid,Eriophorum vaginatum,CYS sheath,new above,0.000,0.000,0.000,0.000,0.000,.,.,.,0,0.000,0.000,0.000,0.000,.,.,.,0.000,0.000,0.000,0.000,0.000,.,.,.,0.00,0.000,0.000,0.000,0.000,.,.,.,0.000,0.000,20.000,0,0,0,0,0,.,.,0,0,0,0,0,.,.,0,0,0,0,0,.,.,0,0,0,0,0,.,.,0.000,0.000,20,,
21-May-1983,Toolik Tussock 1981 plots,NP,Graminoid,Eriophorum vaginatum,infl. bud,new above,0.000,0.000,0.000,0.000,0.000,.,.,.,0,0.000,0.000,0.000,0.000,.,.,.,0.000,0.000,0.000,0.000,0.000,.,.,.,0.00,0.000,0.000,0.000,0.000,.,.,.,0.000,0.000,20.000,0,0,0,0,0,.,.,0,0,0,0,0,.,.,0,0,0,0,0,.,.,0,0,0,0,0,.,.,0.000,0.000,20,,
21-May-1983,Toolik Tussock 1981 plots,NP,Graminoid,Carex bigelowii,blade,new above,0.000,0.105,0.000,0.066,0.000,.,.,.,0,0.000,0.009,0.318,0.089,.,.,.,0.000,0.000,0.008,0.021,0.000,.,.,.,0.09,0.000,0.000,0.021,0.045,.,.,.,0.039,0.017,20.000,0,2.625,0,1.65,0,.,.,0,0,0.225,7.95,2.225,.,.,0,0,0.2,0.525,0,.,.,2.225,0,0,0.525,1.125,.,.,0.964,0.417,20,,
21-May-1983,Toolik Tussock 1981 plots,NP,Graminoid,Carex bigelowii,sheath,new above,0.000,0.041,0.000,0.027,0.000,.,.,.,0,0.000,0.149,0.359,0.081,.,.,.,0.000,0.000,0.023,0.007,0.000,.,.,.,0.05,0.000,0.000,0.079,0.000,.,.,.,0.041,0.019,20.000,0,1.025,0,0.675,0,.,.,0,0,3.725,8.975,2.025,.,.,0,0,0.575,0.175,0,.,.,1.3,0,0,1.975,0,.,.,1.023,0.473,20,,
21-May-1983,Toolik Tussock 1981 plots,NP,Graminoid,Carex bigelowii,rhizome,below,0.000,0.000,0.000,0.000,0.000,.,.,.,0,0.000,0.000,0.000,0.000,.,.,.,0.000,0.000,0.000,0.000,0.000,.,.,.,0.00,0.000,0.000,0.000,0.000,.,.,.,0.000,0.000,20.000,0,0,0,0,0,.,.,0,0,0,0,0,.,.,0,0,0,0,0,.,.,0,0,0,0,0,.,.,0.000,0.000,20,,
21-May-1983,Toolik Tussock 1981 plots,NP,Graminoid,Carex bigelowii,v0,new above,0.000,0.000,0.000,0.000,0.000,.,.,.,0,0.000,0.000,0.000,0.000,.,.,.,0.000,0.000,0.000,0.000,0.000,.,.,.,0.00,0.000,0.000,0.000,0.000,.,.,.,0.000,0.000,20.000,0,0,0,0,0,.,.,0,0,0,0,0,.,.,0,0,0,0,0,.,.,0,0,0,0,0,.,.,0.000,0.000,20,,
21-May-1983,Toolik Tussock 1981 plots,NP,Graminoid,Carex bigelowii,inflorescence,new above,0.000,0.000,0.000,0.000,0.000,.,.,.,0,0.000,0.000,0.000,0.000,.,.,.,0.000,0.000,0.000,0.000,0.000,.,.,.,0.00,0.000,0.000,0.000,0.000,.,.,.,0.000,0.000,20.000,0,0,0,0,0,.,.,0,0,0,0,0,.,.,0,0,0,0,0,.,.,0,0,0,0,0,.,.,0.000,0.000,20,,
21-May-1983,Toolik Tussock 1981 plots,NP,Graminoid,Carex bigelowii,CYS blade,new above,0.000,0.000,0.000,0.000,0.000,.,.,.,0,0.000,0.000,0.000,0.000,.,.,.,0.000,0.000,0.000,0.000,0.000,.,.,.,0.00,0.000,0.000,0.000,0.000,.,.,.,0.000,0.000,20.000,0,0,0,0,0,.,.,0,0,0,0,0,.,.,0,0,0,0,0,.,.,0,0,0,0,0,.,.,0.000,0.000,20,,
21-May-1983,Toolik Tussock 1981 plots,NP,Graminoid,Carex bigelowii,CYS sheath,new above,0.000,0.000,0.000,0.000,0.000,.,.,.,0,0.000,0.000,0.000,0.000,.,.,.,0.000,0.000,0.000,0.000,0.000,.,.,.,0.00,0.000,0.000,0.000,0.000,.,.,.,0.000,0.000,20.000,0,0,0,0,0,.,.,0,0,0,0,0,.,.,0,0,0,0,0,.,.,0,0,0,0,0,.,.,0.000,0.000,20,,
21-May-1983,Toolik Tussock 1981 plots,NP,Graminoid,Carex bigelowii,infl. bud,new above,0.000,0.000,0.000,0.000,0.000,.,.,.,0,0.000,0.000,0.000,0.000,.,.,.,0.000,0.000,0.000,0.000,0.000,.,.,.,0.00,0.000,0.000,0.000,0.000,.,.,.,0.000,0.000,20.000,0,0,0,0,0,.,.,0,0,0,0,0,.,.,0,0,0,0,0,.,.,0,0,0,0,0,.,.,0.000,0.000,20,,
21-May-1983,Toolik Tussock 1981 plots,NP,Graminoid,Other sedges,blade,new above,0.000,0.000,0.000,0.000,0.000,.,.,.,0,0.000,0.000,0.000,0.000,.,.,.,0.000,0.000,0.000,0.000,0.000,.,.,.,0.00,0.000,0.000,0.000,0.000,.,.,.,0.000,0.000,20.000,0,0,0,0,0,.,.,0,0,0,0,0,.,.,0,0,0,0,0,.,.,0,0,0,0,0,.,.,0.000,0.000,20,,
21-May-1983,Toolik Tussock 1981 plots,NP,Graminoid,Other sedges,sheath,new above,0.000,0.000,0.000,0.000,0.000,.,.,.,0,0.000,0.000,0.000,0.000,.,.,.,0.000,0.000,0.000,0.000,0.000,.,.,.,0.00,0.000,0.000,0.000,0.000,.,.,.,0.000,0.000,20.000,0,0,0,0,0,.,.,0,0,0,0,0,.,.,0,0,0,0,0,.,.,0,0,0,0,0,.,.,0.000,0.000,20,,
21-May-1983,Toolik Tussock 1981 plots,NP,Graminoid,Other sedges,rhizome,below,0.000,0.000,0.000,0.000,0.000,.,.,.,0,0.000,0.000,0.000,0.000,.,.,.,0.000,0.000,0.000,0.000,0.000,.,.,.,0.00,0.000,0.000,0.000,0.000,.,.,.,0.000,0.000,20.000,0,0,0,0,0,.,.,0,0,0,0,0,.,.,0,0,0,0,0,.,.,0,0,0,0,0,.,.,0.000,0.000,20,,
21-May-1983,Toolik Tussock 1981 plots,NP,Graminoid,Other sedges,v0,new above,0.000,0.000,0.000,0.000,0.000,.,.,.,0,0.000,0.000,0.000,0.000,.,.,.,0.000,0.000,0.000,0.000,0.000,.,.,.,0.00,0.000,0.000,0.000,0.000,.,.,.,0.000,0.000,20.000,0,0,0,0,0,.,.,0,0,0,0,0,.,.,0,0,0,0,0,.,.,0,0,0,0,0,.,.,0.000,0.000,20,,
21-May-1983,Toolik Tussock 1981 plots,NP,Graminoid,Other sedges,inflorescence,new above,0.000,0.000,0.000,0.000,0.000,.,.,.,0,0.000,0.000,0.000,0.000,.,.,.,0.000,0.000,0.000,0.000,0.000,.,.,.,0.00,0.000,0.000,0.000,0.000,.,.,.,0.000,0.000,20.000,0,0,0,0,0,.,.,0,0,0,0,0,.,.,0,0,0,0,0,.,.,0,0,0,0,0,.,.,0.000,0.000,20,,
21-May-1983,Toolik Tussock 1981 plots,NP,Graminoid,Other sedges,CYS blade,new above,0.000,0.000,0.000,0.000,0.000,.,.,.,0,0.000,0.000,0.000,0.000,.,.,.,0.000,0.000,0.000,0.000,0.000,.,.,.,0.00,0.000,0.000,0.000,0.000,.,.,.,0.000,0.000,20.000,0,0,0,0,0,.,.,0,0,0,0,0,.,.,0,0,0,0,0,.,.,0,0,0,0,0,.,.,0.000,0.000,20,,
21-May-1983,Toolik Tussock 1981 plots,NP,Graminoid,Other sedges,CYS sheath,new above,0.000,0.000,0.000,0.000,0.000,.,.,.,0,0.000,0.000,0.000,0.000,.,.,.,0.000,0.000,0.000,0.000,0.000,.,.,.,0.00,0.000,0.000,0.000,0.000,.,.,.,0.000,0.000,20.000,0,0,0,0,0,.,.,0,0,0,0,0,.,.,0,0,0,0,0,.,.,0,0,0,0,0,.,.,0.000,0.000,20,,
21-May-1983,Toolik Tussock 1981 plots,NP,Graminoid,Other sedges,infl. bud,new above,0.000,0.000,0.000,0.000,0.000,.,.,.,0,0.000,0.000,0.000,0.000,.,.,.,0.000,0.000,0.000,0.000,0.000,.,.,.,0.00,0.000,0.000,0.000,0.000,.,.,.,0.000,0.000,20.000,0,0,0,0,0,.,.,0,0,0,0,0,.,.,0,0,0,0,0,.,.,0,0,0,0,0,.,.,0.000,0.000,20,,
21-May-1983,Toolik Tussock 1981 plots,NP,Deciduous,Betula nana,new leaves,new above,0.172,0.053,0.005,0.000,0.101,.,.,.,0.415,0.004,0.000,0.324,0.193,.,.,.,0.000,0.095,0.084,0.000,0.013,.,.,.,0.17,0.067,0.024,0.228,0.123,.,.,.,0.104,0.026,20.000,4.3,1.325,0.125,0,2.525,.,.,10.375,0.1,0,8.1,4.825,.,.,0,2.375,2.1,0,0.325,.,.,4.3,1.675,0.6,5.7,3.075,.,.,2.591,0.654,20,,
21-May-1983,Toolik Tussock 1981 plots,NP,Deciduous,Betula nana,new stems,new above,0.000,0.000,0.000,0.000,0.000,.,.,.,0,0.000,0.000,0.000,0.000,.,.,.,0.000,0.000,0.000,0.000,0.000,.,.,.,0.00,0.000,0.000,0.000,0.000,.,.,.,0.000,0.000,20.000,0,0,0,0,0,.,.,0,0,0,0,0,.,.,0,0,0,0,0,.,.,0,0,0,0,0,.,.,0.000,0.000,20,,
21-May-1983,Toolik Tussock 1981 plots,NP,Deciduous,Betula nana,old stems,old above,3.858,0.450,0.012,0.000,1.173,.,.,.,4.422,0.147,0.077,5.490,2.780,.,.,.,0.000,1.436,0.801,0.000,0.292,.,.,.,1.55,0.928,0.350,4.620,3.782,.,.,.,1.609,0.410,20.000,96.45,11.25,0.3,0,29.325,.,.,110.55,3.675,1.925,137.25,69.5,.,.,0,35.9,20.025,0,7.3,.,.,38.85,23.2,8.75,115.5,94.55,.,.,40.215,10.260,20,,
21-May-1983,Toolik Tussock 1981 plots,NP,Deciduous,Betula nana,below stems,below,0.000,0.000,0.000,0.000,0.000,.,.,.,0,0.000,0.000,0.000,0.000,.,.,.,0.000,0.000,0.000,0.000,0.000,.,.,.,0.00,0.000,0.000,0.000,0.000,.,.,.,0.000,0.000,20.000,0,0,0,0,0,.,.,0,0,0,0,0,.,.,0,0,0,0,0,.,.,0,0,0,0,0,.,.,0.000,0.000,20,,
21-May-1983,Toolik Tussock 1981 plots,NP,Deciduous,Betula nana,inflorescence,new above,0.000,0.000,0.000,0.000,0.027,.,.,.,0,0.000,0.000,0.000,0.007,.,.,.,0.000,0.013,0.000,0.000,0.000,.,.,.,0.00,0.000,0.000,0.001,0.014,.,.,.,0.003,0.002,20.000,0,0,0,0,0.675,.,.,0,0,0,0,0.175,.,.,0,0.325,0,0,0,.,.,0,0,0,0.025,0.35,.,.,0.078,0.040,20,,
21-May-1983,Toolik Tussock 1981 plots,NP,Deciduous,Rubus chamaemorus,new leaves,new above,0.000,0.000,0.005,0.000,0.000,.,.,.,0,0.000,0.000,0.000,0.000,.,.,.,0.000,0.000,0.000,0.000,0.000,.,.,.,0.01,0.000,0.000,0.001,0.000,.,.,.,0.001,0.000,20.000,0,0,0.125,0,0,.,.,0,0,0,0,0,.,.,0,0,0,0,0,.,.,0.175,0,0,0.025,0,.,.,0.016,0.010,20,,
21-May-1983,Toolik Tussock 1981 plots,NP,Deciduous,Rubus chamaemorus,new stems,new above,0.000,0.000,0.000,0.000,0.000,.,.,.,0,0.000,0.000,0.000,0.000,.,.,.,0.000,0.000,0.000,0.000,0.000,.,.,.,0.00,0.000,0.000,0.000,0.000,.,.,.,0.000,0.000,20.000,0,0,0,0,0,.,.,0,0,0,0,0,.,.,0,0,0,0,0,.,.,0,0,0,0,0,.,.,0.000,0.000,20,,
21-May-1983,Toolik Tussock 1981 plots,NP,Deciduous,Rubus chamaemorus,below stems,below,0.000,0.000,0.009,0.000,0.000,.,.,.,0,0.000,0.000,0.000,0.000,.,.,.,0.000,0.000,0.000,0.000,0.000,.,.,.,0.01,0.000,0.000,0.061,0.000,.,.,.,0.004,0.003,20.000,0,0,0.225,0,0,.,.,0,0,0,0,0,.,.,0,0,0,0,0,.,.,0.325,0,0,1.525,0,.,.,0.104,0.077,20,,
21-May-1983,Toolik Tussock 1981 plots,NP,Deciduous,Rubus chamaemorus,inflorescence,new above,0.000,0.000,0.000,0.000,0.000,.,.,.,0,0.000,0.000,0.000,0.000,.,.,.,0.000,0.000,0.000,0.000,0.000,.,.,.,0.00,0.000,0.000,0.000,0.000,.,.,.,0.000,0.000,20.000,0,0,0,0,0,.,.,0,0,0,0,0,.,.,0,0,0,0,0,.,.,0,0,0,0,0,.,.,0.000,0.000,20,,
21-May-1983,Toolik Tussock 1981 plots,NP,Deciduous,Other deciduous,new leaves,new above,0.000,0.000,0.000,0.000,0.000,.,.,.,0,0.000,0.000,0.000,0.020,.,.,.,0.000,0.093,0.000,0.000,0.000,.,.,.,0.00,0.000,0.000,0.000,0.000,.,.,.,0.006,0.005,20.000,0,0,0,0,0,.,.,0,0,0,0,0.5,.,.,0,2.325,0,0,0,.,.,0,0,0,0,0,.,.,0.141,0.118,20,,
21-May-1983,Toolik Tussock 1981 plots,NP,Deciduous,Other deciduous,new stems,new above,0.000,0.000,0.000,0.000,0.000,.,.,.,0,0.000,0.000,0.000,0.000,.,.,.,0.000,0.000,0.000,0.000,0.000,.,.,.,0.00,0.000,0.000,0.000,0.000,.,.,.,0.000,0.000,20.000,0,0,0,0,0,.,.,0,0,0,0,0,.,.,0,0,0,0,0,.,.,0,0,0,0,0,.,.,0.000,0.000,20,,
21-May-1983,Toolik Tussock 1981 plots,NP,Deciduous,Other deciduous,old stems,old above,0.000,0.259,0.000,0.000,0.000,.,.,.,0,0.422,0.596,0.000,0.625,.,.,.,0.000,0.620,0.000,0.000,0.000,.,.,.,0.00,0.000,0.000,0.000,0.000,.,.,.,0.126,0.053,20.000,0,6.475,0,0,0,.,.,0,10.55,14.9,0,15.625,.,.,0,15.5,0,0,0,.,.,0,0,0,0,0,.,.,3.153,1.319,20,,
21-May-1983,Toolik Tussock 1981 plots,NP,Deciduous,Other deciduous,below stems,below,0.000,0.000,0.000,0.000,0.000,.,.,.,0,0.000,0.000,0.000,0.000,.,.,.,0.000,0.000,0.000,0.000,0.000,.,.,.,0.00,0.000,0.000,0.000,0.000,.,.,.,0.000,0.000,20.000,0,0,0,0,0,.,.,0,0,0,0,0,.,.,0,0,0,0,0,.,.,0,0,0,0,0,.,.,0.000,0.000,20,,
21-May-1983,Toolik Tussock 1981 plots,NP,Deciduous,Other deciduous,inflorescence,new above,0.000,0.000,0.000,0.000,0.000,.,.,.,0,0.000,0.000,0.000,0.000,.,.,.,0.000,0.000,0.000,0.000,0.000,.,.,.,0.00,0.000,0.000,0.000,0.000,.,.,.,0.000,0.000,20.000,0,0,0,0,0,.,.,0,0,0,0,0,.,.,0,0,0,0,0,.,.,0,0,0,0,0,.,.,0.000,0.000,20,,
21-May-1983,Toolik Tussock 1981 plots,NP,Evergreen,Ledum palustre,old leaves,old above,1.278,1.368,1.781,1.334,0.773,.,.,.,1.444,1.832,2.779,0.255,1.872,.,.,.,1.467,1.128,0.430,1.717,0.923,.,.,.,1.74,1.158,1.362,2.043,1.880,.,.,.,1.428,0.129,20.000,31.95,34.2,44.525,33.35,19.325,.,.,36.1,45.8,69.475,6.375,46.8,.,.,36.675,28.2,10.75,42.925,23.075,.,.,43.425,28.95,34.05,51.075,47,.,.,35.701,3.227,20,,
21-May-1983,Toolik Tussock 1981 plots,NP,Evergreen,Ledum palustre,new leaves,new above,0.000,0.000,0.000,0.000,0.001,.,.,.,0.001,0.000,0.000,0.000,0.000,.,.,.,0.001,0.000,0.000,0.000,0.000,.,.,.,0.00,0.000,0.000,0.001,0.000,.,.,.,0.000,0.000,20.000,0,0,0,0,0.025,.,.,0.025,0,0,0,0,.,.,0.025,0,0,0,0,.,.,0,0,0,0.025,0,.,.,0.005,0.002,20,,
21-May-1983,Toolik Tussock 1981 plots,NP,Evergreen,Ledum palustre,new stems,new above,0.000,0.000,0.000,0.000,0.000,.,.,.,0,0.000,0.000,0.000,0.000,.,.,.,0.000,0.000,0.000,0.000,0.000,.,.,.,0.00,0.000,0.000,0.000,0.000,.,.,.,0.000,0.000,20.000,0,0,0,0,0,.,.,0,0,0,0,0,.,.,0,0,0,0,0,.,.,0,0,0,0,0,.,.,0.000,0.000,20,,
21-May-1983,Toolik Tussock 1981 plots,NP,Evergreen,Ledum palustre,old stems,old above,7.919,1.825,2.375,1.460,0.712,.,.,.,0.965,3.049,3.829,0.660,1.462,.,.,.,1.493,1.269,0.407,2.281,0.592,.,.,.,1.39,2.516,1.697,3.943,2.237,.,.,.,2.104,0.379,20.000,197.975,45.625,59.375,36.5,17.8,.,.,24.125,76.225,95.725,16.5,36.55,.,.,37.325,31.725,10.175,57.025,14.8,.,.,34.775,62.9,42.425,98.575,55.925,.,.,52.603,9.467,20,,
21-May-1983,Toolik Tussock 1981 plots,NP,Evergreen,Ledum palustre,below stems,below,0.000,0.000,0.000,0.000,0.000,.,.,.,0,0.000,0.000,0.000,0.000,.,.,.,0.000,0.000,0.000,0.000,0.000,.,.,.,0.00,0.000,0.000,0.000,0.000,.,.,.,0.000,0.000,20.000,0,0,0,0,0,.,.,0,0,0,0,0,.,.,0,0,0,0,0,.,.,0,0,0,0,0,.,.,0.000,0.000,20,,
21-May-1983,Toolik Tussock 1981 plots,NP,Evergreen,Ledum palustre,inflorescence,new above,0.006,0.000,0.000,0.001,0.021,.,.,.,0.02,0.000,0.000,0.000,0.022,.,.,.,0.018,0.043,0.000,0.031,0.017,.,.,.,0.00,0.000,0.069,0.000,0.052,.,.,.,0.015,0.005,20.000,0.15,0,0,0.025,0.525,.,.,0.5,0,0,0,0.55,.,.,0.45,1.075,0,0.775,0.425,.,.,0,0,1.725,0,1.3,.,.,0.375,0.113,20,,
21-May-1983,Toolik Tussock 1981 plots,NP,Evergreen,Vaccinium vitis-idaea,old leaves,old above,0.902,1.600,4.078,2.280,0.958,.,.,.,3.945,1.072,2.620,0.014,1.134,.,.,.,1.389,1.025,2.703,1.538,1.203,.,.,.,1.96,3.205,3.947,2.336,0.843,.,.,.,1.938,0.261,20.000,22.55,40,101.95,57,23.95,.,.,98.625,26.8,65.5,0.35,28.35,.,.,34.725,25.625,67.575,38.45,30.075,.,.,49,80.125,98.675,58.4,21.075,.,.,48.440,6.521,20,,
21-May-1983,Toolik Tussock 1981 plots,NP,Evergreen,Vaccinium vitis-idaea,new leaves,new above,0.000,0.000,0.000,0.000,0.001,.,.,.,0.001,0.000,0.000,0.000,0.000,.,.,.,0.001,0.000,0.000,0.000,0.000,.,.,.,0.00,0.000,0.000,0.001,0.000,.,.,.,0.000,0.000,20.000,0,0,0,0,0.025,.,.,0.025,0,0,0,0,.,.,0.025,0,0,0,0,.,.,0,0,0,0.025,0,.,.,0.005,0.002,20,,
21-May-1983,Toolik Tussock 1981 plots,NP,Evergreen,Vaccinium vitis-idaea,new stems,new above,0.000,0.000,0.000,0.000,0.000,.,.,.,0,0.000,0.000,0.000,0.000,.,.,.,0.000,0.000,0.000,0.000,0.000,.,.,.,0.00,0.000,0.000,0.000,0.000,.,.,.,0.000,0.000,20.000,0,0,0,0,0,.,.,0,0,0,0,0,.,.,0,0,0,0,0,.,.,0,0,0,0,0,.,.,0.000,0.000,20,,
21-May-1983,Toolik Tussock 1981 plots,NP,Evergreen,Vaccinium vitis-idaea,old stems,old above,0.441,0.341,1.159,0.470,0.168,.,.,.,0.798,0.239,0.835,0.007,0.289,.,.,.,0.343,0.268,0.685,0.412,0.222,.,.,.,0.73,1.014,1.183,1.553,0.300,.,.,.,0.573,0.091,20.000,11.025,8.525,28.975,11.75,4.2,.,.,19.95,5.975,20.875,0.175,7.225,.,.,8.575,6.7,17.125,10.3,5.55,.,.,18.225,25.35,29.575,38.825,7.5,.,.,14.320,2.278,20,,
21-May-1983,Toolik Tussock 1981 plots,NP,Evergreen,Vaccinium vitis-idaea,below stems,below,0.000,0.000,0.000,0.000,0.000,.,.,.,0,0.000,0.000,0.000,0.000,.,.,.,0.000,0.000,0.000,0.000,0.000,.,.,.,0.00,0.000,0.000,0.000,0.000,.,.,.,0.000,0.000,20.000,0,0,0,0,0,.,.,0,0,0,0,0,.,.,0,0,0,0,0,.,.,0,0,0,0,0,.,.,0.000,0.000,20,,
21-May-1983,Toolik Tussock 1981 plots,NP,Evergreen,Vaccinium vitis-idaea,inflorescence,new above,0.000,0.000,0.000,0.010,0.001,.,.,.,0.001,0.000,0.000,0.000,0.008,.,.,.,0.000,0.000,0.000,0.000,0.018,.,.,.,0.00,0.000,0.000,0.000,0.000,.,.,.,0.002,0.001,20.000,0,0,0,0.25,0.025,.,.,0.025,0,0,0,0.2,.,.,0,0,0,0,0.45,.,.,0,0,0,0,0,.,.,0.048,0.026,20,,
21-May-1983,Toolik Tussock 1981 plots,NP,Evergreen,Other Evergreen,old leaves,old above,0.000,0.000,0.000,0.000,0.761,.,.,.,0,0.000,0.000,0.000,0.000,.,.,.,1.026,0.573,2.041,0.000,0.506,.,.,.,0.25,0.190,0.000,0.866,0.000,.,.,.,0.311,0.118,20.000,0,0,0,0,19.025,.,.,0,0,0,0,0,.,.,25.65,14.325,51.025,0,12.65,.,.,6.25,4.75,0,21.65,0,.,.,7.766,2.953,20,,
21-May-1983,Toolik Tussock 1981 plots,NP,Evergreen,Other Evergreen,new leaves,new above,0.000,0.000,0.000,0.000,0.001,.,.,.,0,0.000,0.000,0.000,0.000,.,.,.,0.001,0.000,0.000,0.000,0.000,.,.,.,0.00,0.000,0.000,0.000,0.000,.,.,.,0.000,0.000,20.000,0,0,0,0,0.025,.,.,0,0,0,0,0,.,.,0.025,0,0,0,0,.,.,0,0,0,0,0,.,.,0.003,0.002,20,,
21-May-1983,Toolik Tussock 1981 plots,NP,Evergreen,Other Evergreen,new stems,new above,0.000,0.000,0.000,0.000,0.000,.,.,.,0,0.000,0.000,0.000,0.000,.,.,.,0.000,0.000,0.000,0.000,0.000,.,.,.,0.00,0.000,0.000,0.000,0.000,.,.,.,0.000,0.000,20.000,0,0,0,0,0,.,.,0,0,0,0,0,.,.,0,0,0,0,0,.,.,0,0,0,0,0,.,.,0.000,0.000,20,,
21-May-1983,Toolik Tussock 1981 plots,NP,Evergreen,Other Evergreen,old stems,old above,0.000,0.000,0.000,0.000,0.274,.,.,.,0,0.000,0.000,0.000,0.000,.,.,.,0.073,0.306,0.123,0.000,0.058,.,.,.,0.07,0.107,0.000,0.397,0.000,.,.,.,0.070,0.027,20.000,0,0,0,0,6.85,.,.,0,0,0,0,0,.,.,1.825,7.65,3.075,0,1.45,.,.,1.775,2.675,0,9.925,0,.,.,1.761,0.663,20,,
21-May-1983,Toolik Tussock 1981 plots,NP,Evergreen,Other Evergreen,below stems,below,0.000,0.000,0.000,0.000,0.000,.,.,.,0,0.000,0.000,0.000,0.000,.,.,.,0.000,0.000,0.000,0.000,0.000,.,.,.,0.00,0.000,0.000,0.000,0.000,.,.,.,0.000,0.000,20.000,0,0,0,0,0,.,.,0,0,0,0,0,.,.,0,0,0,0,0,.,.,0,0,0,0,0,.,.,0.000,0.000,20,,
21-May-1983,Toolik Tussock 1981 plots,NP,Evergreen,Other Evergreen,inflorescence,new above,0.000,0.000,0.000,0.000,0.000,.,.,.,0,0.000,0.000,0.000,0.000,.,.,.,0.000,0.013,0.000,0.000,0.000,.,.,.,0.00,0.000,0.000,0.000,0.000,.,.,.,0.001,0.001,20.000,0,0,0,0,0,.,.,0,0,0,0,0,.,.,0,0.325,0,0,0,.,.,0,0,0,0,0,.,.,0.016,0.016,20,,
21-May-1983,Toolik Tussock 1981 plots,NP,Forb,Forbs spp. ,new above,new above,0.000,0.000,0.000,0.000,0.000,.,.,.,0,0.000,0.000,0.000,0.000,.,.,.,0.000,0.000,0.001,0.000,0.000,.,.,.,0.00,0.000,0.000,0.000,0.000,.,.,.,0.000,0.000,20.000,0,0,0,0,0,.,.,0,0,0,0,0,.,.,0,0,0.025,0,0,.,.,0,0,0,0,0,.,.,0.001,0.001,20,,
21-May-1983,Toolik Tussock 1981 plots,NP,Forb,Forbs spp. ,below,below,0.000,0.000,0.000,0.000,0.000,.,.,.,0,0.000,0.000,0.000,0.000,.,.,.,0.000,0.000,0.000,0.000,0.000,.,.,.,0.00,0.000,0.000,0.000,0.000,.,.,.,0.000,0.000,20.000,0,0,0,0,0,.,.,0,0,0,0,0,.,.,0,0,0,0,0,.,.,0,0,0,0,0,.,.,0.000,0.000,20,,
21-May-1983,Toolik Tussock 1981 plots,GH,Graminoid,Eriophorum vaginatum,blade,new above,0.636,0.816,0.576,0.029,0.830,.,.,.,0.601,0.671,1.488,0.157,2.034,.,.,.,2.207,1.369,1.680,0.915,0.125,.,.,.,0.09,0.063,0.349,0.506,0.179,.,.,.,0.766,0.149,20.000,15.9,20.4,14.4,0.725,20.75,.,.,15.025,16.775,37.2,3.925,50.85,.,.,55.175,34.225,42,22.875,3.125,.,.,2.3,1.575,8.725,12.65,4.475,.,.,19.154,3.713,20,,
21-May-1983,Toolik Tussock 1981 plots,GH,Graminoid,Eriophorum vaginatum,sheath,new above,0.538,0.468,0.419,0.006,0.336,.,.,.,0.185,0.163,0.480,0.031,0.312,.,.,.,0.543,0.882,0.660,0.458,0.025,.,.,.,0.01,0.001,0.050,0.330,0.026,.,.,.,0.296,0.058,20.000,13.45,11.7,10.475,0.15,8.4,.,.,4.625,4.075,12,0.775,7.8,.,.,13.575,22.05,16.5,11.45,0.625,.,.,0.325,0.025,1.25,8.25,0.65,.,.,7.408,1.440,20,,
21-May-1983,Toolik Tussock 1981 plots,GH,Graminoid,Eriophorum vaginatum,rhizome,below,0.000,0.000,0.000,0.000,0.000,.,.,.,0,0.000,0.000,0.000,0.000,.,.,.,0.000,0.000,0.000,0.000,0.000,.,.,.,0.00,0.000,0.000,0.000,0.000,.,.,.,0.000,0.000,20.000,0,0,0,0,0,.,.,0,0,0,0,0,.,.,0,0,0,0,0,.,.,0,0,0,0,0,.,.,0.000,0.000,20,,
21-May-1983,Toolik Tussock 1981 plots,GH,Graminoid,Eriophorum vaginatum,v0,new above,0.000,0.000,0.000,0.000,0.000,.,.,.,0,0.000,0.000,0.000,0.000,.,.,.,0.000,0.000,0.000,0.000,0.000,.,.,.,0.00,0.000,0.000,0.000,0.000,.,.,.,0.000,0.000,20.000,0,0,0,0,0,.,.,0,0,0,0,0,.,.,0,0,0,0,0,.,.,0,0,0,0,0,.,.,0.000,0.000,20,,
21-May-1983,Toolik Tussock 1981 plots,GH,Graminoid,Eriophorum vaginatum,inflorescence,new above,0.000,0.000,0.060,0.000,0.337,.,.,.,0,0.000,0.000,0.000,0.197,.,.,.,0.442,0.223,0.099,0.000,0.000,.,.,.,0.00,0.000,0.000,0.427,0.000,.,.,.,0.089,0.034,20.000,0,0,1.5,0,8.425,.,.,0,0,0,0,4.925,.,.,11.05,5.575,2.475,0,0,.,.,0,0,0,10.675,0,.,.,2.231,0.845,20,,
21-May-1983,Toolik Tussock 1981 plots,GH,Graminoid,Eriophorum vaginatum,CYS blade,new above,0.000,0.000,0.000,0.000,0.000,.,.,.,0,0.000,0.000,0.000,0.000,.,.,.,0.000,0.000,0.000,0.000,0.000,.,.,.,0.00,0.000,0.000,0.000,0.000,.,.,.,0.000,0.000,20.000,0,0,0,0,0,.,.,0,0,0,0,0,.,.,0,0,0,0,0,.,.,0,0,0,0,0,.,.,0.000,0.000,20,,
21-May-1983,Toolik Tussock 1981 plots,GH,Graminoid,Eriophorum vaginatum,CYS sheath,new above,0.000,0.000,0.000,0.000,0.000,.,.,.,0,0.000,0.000,0.000,0.000,.,.,.,0.000,0.000,0.000,0.000,0.000,.,.,.,0.00,0.000,0.000,0.000,0.000,.,.,.,0.000,0.000,20.000,0,0,0,0,0,.,.,0,0,0,0,0,.,.,0,0,0,0,0,.,.,0,0,0,0,0,.,.,0.000,0.000,20,,
21-May-1983,Toolik Tussock 1981 plots,GH,Graminoid,Eriophorum vaginatum,infl. bud,new above,0.000,0.000,0.000,0.000,0.000,.,.,.,0,0.000,0.000,0.000,0.000,.,.,.,0.000,0.000,0.000,0.000,0.000,.,.,.,0.00,0.000,0.000,0.000,0.000,.,.,.,0.000,0.000,20.000,0,0,0,0,0,.,.,0,0,0,0,0,.,.,0,0,0,0,0,.,.,0,0,0,0,0,.,.,0.000,0.000,20,,
21-May-1983,Toolik Tussock 1981 plots,GH,Graminoid,Carex bigelowii,blade,new above,0.000,0.000,0.000,0.000,0.000,.,.,.,0.01,0.000,0.000,0.000,0.014,.,.,.,0.000,0.000,0.032,0.032,0.036,.,.,.,0.00,0.000,0.000,0.000,0.000,.,.,.,0.006,0.003,20.000,0,0,0,0,0,.,.,0.25,0,0,0,0.35,.,.,0,0,0.8,0.8,0.9,.,.,0,0,0,0,0,.,.,0.155,0.069,20,,
21-May-1983,Toolik Tussock 1981 plots,GH,Graminoid,Carex bigelowii,sheath,new above,0.000,0.000,0.000,0.000,0.000,.,.,.,0.073,0.000,0.000,0.000,0.053,.,.,.,0.000,0.000,0.174,0.060,0.088,.,.,.,0.00,0.000,0.000,0.000,0.000,.,.,.,0.022,0.010,20.000,0,0,0,0,0,.,.,1.825,0,0,0,1.325,.,.,0,0,4.35,1.5,2.2,.,.,0,0,0,0,0,.,.,0.560,0.256,20,,
21-May-1983,Toolik Tussock 1981 plots,GH,Graminoid,Carex bigelowii,rhizome,below,0.000,0.000,0.000,0.000,0.000,.,.,.,0,0.000,0.000,0.000,0.000,.,.,.,0.000,0.000,0.000,0.000,0.000,.,.,.,0.00,0.000,0.000,0.000,0.000,.,.,.,0.000,0.000,20.000,0,0,0,0,0,.,.,0,0,0,0,0,.,.,0,0,0,0,0,.,.,0,0,0,0,0,.,.,0.000,0.000,20,,
21-May-1983,Toolik Tussock 1981 plots,GH,Graminoid,Carex bigelowii,v0,new above,0.000,0.000,0.000,0.000,0.000,.,.,.,0,0.000,0.000,0.000,0.000,.,.,.,0.000,0.000,0.000,0.000,0.000,.,.,.,0.00,0.000,0.000,0.000,0.000,.,.,.,0.000,0.000,20.000,0,0,0,0,0,.,.,0,0,0,0,0,.,.,0,0,0,0,0,.,.,0,0,0,0,0,.,.,0.000,0.000,20,,
21-May-1983,Toolik Tussock 1981 plots,GH,Graminoid,Carex bigelowii,inflorescence,new above,0.000,0.000,0.000,0.000,0.000,.,.,.,0,0.000,0.000,0.000,0.000,.,.,.,0.000,0.000,0.000,0.000,0.000,.,.,.,0.00,0.000,0.000,0.000,0.000,.,.,.,0.000,0.000,20.000,0,0,0,0,0,.,.,0,0,0,0,0,.,.,0,0,0,0,0,.,.,0,0,0,0,0,.,.,0.000,0.000,20,,
21-May-1983,Toolik Tussock 1981 plots,GH,Graminoid,Carex bigelowii,CYS blade,new above,0.000,0.000,0.000,0.000,0.000,.,.,.,0,0.000,0.000,0.000,0.000,.,.,.,0.000,0.000,0.000,0.000,0.000,.,.,.,0.00,0.000,0.000,0.000,0.000,.,.,.,0.000,0.000,20.000,0,0,0,0,0,.,.,0,0,0,0,0,.,.,0,0,0,0,0,.,.,0,0,0,0,0,.,.,0.000,0.000,20,,
21-May-1983,Toolik Tussock 1981 plots,GH,Graminoid,Carex bigelowii,CYS sheath,new above,0.000,0.000,0.000,0.000,0.000,.,.,.,0,0.000,0.000,0.000,0.000,.,.,.,0.000,0.000,0.000,0.000,0.000,.,.,.,0.00,0.000,0.000,0.000,0.000,.,.,.,0.000,0.000,20.000,0,0,0,0,0,.,.,0,0,0,0,0,.,.,0,0,0,0,0,.,.,0,0,0,0,0,.,.,0.000,0.000,20,,
21-May-1983,Toolik Tussock 1981 plots,GH,Graminoid,Carex bigelowii,infl. bud,new above,0.000,0.000,0.000,0.000,0.000,.,.,.,0,0.000,0.000,0.000,0.000,.,.,.,0.000,0.000,0.000,0.000,0.000,.,.,.,0.00,0.000,0.000,0.000,0.000,.,.,.,0.000,0.000,20.000,0,0,0,0,0,.,.,0,0,0,0,0,.,.,0,0,0,0,0,.,.,0,0,0,0,0,.,.,0.000,0.000,20,,
21-May-1983,Toolik Tussock 1981 plots,GH,Graminoid,Other sedges,blade,new above,0.000,0.000,0.000,0.000,0.000,.,.,.,0,0.000,0.000,0.000,0.000,.,.,.,0.000,0.000,0.000,0.000,0.000,.,.,.,0.00,0.000,0.000,0.000,0.000,.,.,.,0.000,0.000,20.000,0,0,0,0,0,.,.,0,0,0,0,0,.,.,0,0,0,0,0,.,.,0,0,0,0,0,.,.,0.000,0.000,20,,
21-May-1983,Toolik Tussock 1981 plots,GH,Graminoid,Other sedges,sheath,new above,0.000,0.000,0.000,0.000,0.000,.,.,.,0,0.000,0.000,0.000,0.000,.,.,.,0.000,0.000,0.000,0.000,0.000,.,.,.,0.00,0.000,0.000,0.000,0.000,.,.,.,0.000,0.000,20.000,0,0,0,0,0,.,.,0,0,0,0,0,.,.,0,0,0,0,0,.,.,0,0,0,0,0,.,.,0.000,0.000,20,,
21-May-1983,Toolik Tussock 1981 plots,GH,Graminoid,Other sedges,rhizome,below,0.000,0.000,0.000,0.000,0.000,.,.,.,0,0.000,0.000,0.000,0.000,.,.,.,0.000,0.000,0.000,0.000,0.000,.,.,.,0.00,0.000,0.000,0.000,0.000,.,.,.,0.000,0.000,20.000,0,0,0,0,0,.,.,0,0,0,0,0,.,.,0,0,0,0,0,.,.,0,0,0,0,0,.,.,0.000,0.000,20,,
21-May-1983,Toolik Tussock 1981 plots,GH,Graminoid,Other sedges,v0,new above,0.000,0.000,0.000,0.000,0.000,.,.,.,0,0.000,0.000,0.000,0.000,.,.,.,0.000,0.000,0.000,0.000,0.000,.,.,.,0.00,0.000,0.000,0.000,0.000,.,.,.,0.000,0.000,20.000,0,0,0,0,0,.,.,0,0,0,0,0,.,.,0,0,0,0,0,.,.,0,0,0,0,0,.,.,0.000,0.000,20,,
21-May-1983,Toolik Tussock 1981 plots,GH,Graminoid,Other sedges,inflorescence,new above,0.000,0.000,0.000,0.000,0.000,.,.,.,0,0.000,0.000,0.000,0.000,.,.,.,0.000,0.000,0.000,0.000,0.000,.,.,.,0.00,0.000,0.000,0.000,0.000,.,.,.,0.000,0.000,20.000,0,0,0,0,0,.,.,0,0,0,0,0,.,.,0,0,0,0,0,.,.,0,0,0,0,0,.,.,0.000,0.000,20,,
21-May-1983,Toolik Tussock 1981 plots,GH,Graminoid,Other sedges,CYS blade,new above,0.000,0.000,0.000,0.000,0.000,.,.,.,0,0.000,0.000,0.000,0.000,.,.,.,0.000,0.000,0.000,0.000,0.000,.,.,.,0.00,0.000,0.000,0.000,0.000,.,.,.,0.000,0.000,20.000,0,0,0,0,0,.,.,0,0,0,0,0,.,.,0,0,0,0,0,.,.,0,0,0,0,0,.,.,0.000,0.000,20,,
21-May-1983,Toolik Tussock 1981 plots,GH,Graminoid,Other sedges,CYS sheath,new above,0.000,0.000,0.000,0.000,0.000,.,.,.,0,0.000,0.000,0.000,0.000,.,.,.,0.000,0.000,0.000,0.000,0.000,.,.,.,0.00,0.000,0.000,0.000,0.000,.,.,.,0.000,0.000,20.000,0,0,0,0,0,.,.,0,0,0,0,0,.,.,0,0,0,0,0,.,.,0,0,0,0,0,.,.,0.000,0.000,20,,
21-May-1983,Toolik Tussock 1981 plots,GH,Graminoid,Other sedges,infl. bud,new above,0.000,0.000,0.000,0.000,0.000,.,.,.,0,0.000,0.000,0.000,0.000,.,.,.,0.000,0.000,0.000,0.000,0.000,.,.,.,0.00,0.000,0.000,0.000,0.000,.,.,.,0.000,0.000,20.000,0,0,0,0,0,.,.,0,0,0,0,0,.,.,0,0,0,0,0,.,.,0,0,0,0,0,.,.,0.000,0.000,20,,
21-May-1983,Toolik Tussock 1981 plots,GH,Deciduous,Betula nana,new leaves,new above,0.113,0.049,0.024,0.180,0.045,.,.,.,0.024,0.073,0.079,0.022,0.008,.,.,.,0.054,0.000,0.037,0.017,0.000,.,.,.,0.08,0.197,0.036,0.000,0.202,.,.,.,0.062,0.014,20.000,2.825,1.225,0.6,4.5,1.125,.,.,0.6,1.825,1.975,0.55,0.2,.,.,1.35,0,0.925,0.425,0,.,.,2.025,4.925,0.9,0,5.05,.,.,1.551,0.358,20,,
21-May-1983,Toolik Tussock 1981 plots,GH,Deciduous,Betula nana,new stems,new above,0.000,0.000,0.000,0.000,0.000,.,.,.,0,0.000,0.000,0.000,0.000,.,.,.,0.000,0.000,0.000,0.000,0.000,.,.,.,0.00,0.000,0.000,0.000,0.000,.,.,.,0.000,0.000,20.000,0,0,0,0,0,.,.,0,0,0,0,0,.,.,0,0,0,0,0,.,.,0,0,0,0,0,.,.,0.000,0.000,20,,
21-May-1983,Toolik Tussock 1981 plots,GH,Deciduous,Betula nana,old stems,old above,0.546,0.163,0.207,2.490,0.780,.,.,.,0.154,0.616,1.370,0.038,0.332,.,.,.,0.370,0.250,1.299,0.183,0.399,.,.,.,0.94,2.932,0.928,0.000,4.284,.,.,.,0.914,0.249,20.000,13.65,4.075,5.175,62.25,19.5,.,.,3.85,15.4,34.25,0.95,8.3,.,.,9.25,6.25,32.475,4.575,9.975,.,.,23.525,73.3,23.2,0,107.1,.,.,22.853,6.234,20,,
21-May-1983,Toolik Tussock 1981 plots,GH,Deciduous,Betula nana,below stems,below,0.000,0.000,0.000,0.000,0.000,.,.,.,0,0.000,0.000,0.000,0.000,.,.,.,0.000,0.000,0.000,0.000,0.000,.,.,.,0.00,0.000,0.000,0.000,0.000,.,.,.,0.000,0.000,20.000,0,0,0,0,0,.,.,0,0,0,0,0,.,.,0,0,0,0,0,.,.,0,0,0,0,0,.,.,0.000,0.000,20,,
21-May-1983,Toolik Tussock 1981 plots,GH,Deciduous,Betula nana,inflorescence,new above,0.000,0.000,0.000,0.000,0.000,.,.,.,0,0.000,0.000,0.000,0.000,.,.,.,0.000,0.000,0.000,0.000,0.000,.,.,.,0.00,0.000,0.000,0.000,0.000,.,.,.,0.000,0.000,20.000,0,0,0,0,0,.,.,0,0,0,0,0,.,.,0,0,0,0,0,.,.,0,0,0,0,0,.,.,0.000,0.000,20,,
21-May-1983,Toolik Tussock 1981 plots,GH,Deciduous,Rubus chamaemorus,new leaves,new above,0.000,0.000,0.000,0.000,0.000,.,.,.,0,0.000,0.000,0.000,0.000,.,.,.,0.000,0.004,0.000,0.000,0.000,.,.,.,0.00,0.000,0.000,0.000,0.000,.,.,.,0.000,0.000,20.000,0,0,0,0,0,.,.,0,0,0,0,0,.,.,0,0.1,0,0,0,.,.,0,0,0,0,0,.,.,0.005,0.005,20,,
21-May-1983,Toolik Tussock 1981 plots,GH,Deciduous,Rubus chamaemorus,new stems,new above,0.000,0.000,0.000,0.000,0.000,.,.,.,0,0.000,0.000,0.000,0.000,.,.,.,0.000,0.000,0.000,0.000,0.000,.,.,.,0.00,0.000,0.000,0.000,0.000,.,.,.,0.000,0.000,20.000,0,0,0,0,0,.,.,0,0,0,0,0,.,.,0,0,0,0,0,.,.,0,0,0,0,0,.,.,0.000,0.000,20,,
21-May-1983,Toolik Tussock 1981 plots,GH,Deciduous,Rubus chamaemorus,below stems,below,0.000,0.000,0.000,0.000,0.000,.,.,.,0,0.000,0.000,0.000,0.000,.,.,.,0.000,0.038,0.039,0.000,0.000,.,.,.,0.00,0.000,0.000,0.000,0.000,.,.,.,0.004,0.003,20.000,0,0,0,0,0,.,.,0,0,0,0,0,.,.,0,0.95,0.975,0,0,.,.,0,0,0,0,0,.,.,0.096,0.066,20,,
21-May-1983,Toolik Tussock 1981 plots,GH,Deciduous,Rubus chamaemorus,inflorescence,new above,0.000,0.000,0.000,0.000,0.000,.,.,.,0,0.000,0.000,0.000,0.000,.,.,.,0.000,0.000,0.000,0.000,0.000,.,.,.,0.00,0.000,0.000,0.000,0.000,.,.,.,0.000,0.000,20.000,0,0,0,0,0,.,.,0,0,0,0,0,.,.,0,0,0,0,0,.,.,0,0,0,0,0,.,.,0.000,0.000,20,,
21-May-1983,Toolik Tussock 1981 plots,GH,Deciduous,Other deciduous,new leaves,new above,0.000,0.000,0.000,0.000,0.000,.,.,.,0,0.000,0.000,0.000,0.000,.,.,.,0.028,0.000,0.000,0.003,0.000,.,.,.,0.00,0.000,0.000,0.000,0.000,.,.,.,0.002,0.001,20.000,0,0,0,0,0,.,.,0,0,0,0,0,.,.,0.7,0,0,0.075,0,.,.,0,0,0,0,0,.,.,0.039,0.035,20,,
21-May-1983,Toolik Tussock 1981 plots,GH,Deciduous,Other deciduous,new stems,new above,0.000,0.000,0.000,0.000,0.000,.,.,.,0,0.000,0.000,0.000,0.000,.,.,.,0.000,0.000,0.000,0.000,0.000,.,.,.,0.00,0.000,0.000,0.000,0.000,.,.,.,0.000,0.000,20.000,0,0,0,0,0,.,.,0,0,0,0,0,.,.,0,0,0,0,0,.,.,0,0,0,0,0,.,.,0.000,0.000,20,,
21-May-1983,Toolik Tussock 1981 plots,GH,Deciduous,Other deciduous,old stems,old above,0.000,0.000,0.000,0.000,0.000,.,.,.,0,0.000,0.000,0.000,0.000,.,.,.,1.657,0.000,0.000,0.110,0.000,.,.,.,0.00,0.000,0.000,0.000,0.000,.,.,.,0.088,0.083,20.000,0,0,0,0,0,.,.,0,0,0,0,0,.,.,41.425,0,0,2.75,0,.,.,0,0,0,0,0,.,.,2.209,2.069,20,,
21-May-1983,Toolik Tussock 1981 plots,GH,Deciduous,Other deciduous,below stems,below,0.000,0.000,0.000,0.000,0.000,.,.,.,0,0.000,0.000,0.000,0.000,.,.,.,0.000,0.000,0.000,0.000,0.000,.,.,.,0.00,0.000,0.000,0.000,0.000,.,.,.,0.000,0.000,20.000,0,0,0,0,0,.,.,0,0,0,0,0,.,.,0,0,0,0,0,.,.,0,0,0,0,0,.,.,0.000,0.000,20,,
21-May-1983,Toolik Tussock 1981 plots,GH,Deciduous,Other deciduous,inflorescence,new above,0.000,0.000,0.000,0.000,0.000,.,.,.,0,0.000,0.000,0.000,0.000,.,.,.,0.000,0.000,0.000,0.000,0.000,.,.,.,0.00,0.000,0.000,0.000,0.000,.,.,.,0.000,0.000,20.000,0,0,0,0,0,.,.,0,0,0,0,0,.,.,0,0,0,0,0,.,.,0,0,0,0,0,.,.,0.000,0.000,20,,
21-May-1983,Toolik Tussock 1981 plots,GH,Evergreen,Ledum palustre,old leaves,old above,4.479,2.636,2.173,0.996,1.784,.,.,.,1.566,2.179,2.150,2.807,1.000,.,.,.,1.699,1.410,0.786,1.692,1.423,.,.,.,0.94,0.000,2.287,0.000,0.341,.,.,.,1.617,0.235,20.000,111.975,65.9,54.325,24.9,44.6,.,.,39.15,54.475,53.75,70.175,25,.,.,42.475,35.25,19.65,42.3,35.575,.,.,23.475,0,57.175,0,8.525,.,.,40.434,5.863,20,,
21-May-1983,Toolik Tussock 1981 plots,GH,Evergreen,Ledum palustre,new leaves,new above,0.000,0.001,0.000,0.000,0.000,.,.,.,0.001,0.000,0.000,0.000,0.000,.,.,.,0.000,0.000,0.000,0.000,0.000,.,.,.,0.00,0.000,0.000,0.000,0.000,.,.,.,0.000,0.000,20.000,0,0.025,0,0,0,.,.,0.025,0,0,0,0,.,.,0,0,0,0,0,.,.,0.025,0,0,0,0,.,.,0.004,0.002,20,,
21-May-1983,Toolik Tussock 1981 plots,GH,Evergreen,Ledum palustre,new stems,new above,0.000,0.000,0.000,0.000,0.000,.,.,.,0,0.000,0.000,0.000,0.000,.,.,.,0.000,0.000,0.000,0.000,0.000,.,.,.,0.00,0.000,0.000,0.000,0.000,.,.,.,0.000,0.000,20.000,0,0,0,0,0,.,.,0,0,0,0,0,.,.,0,0,0,0,0,.,.,0,0,0,0,0,.,.,0.000,0.000,20,,
21-May-1983,Toolik Tussock 1981 plots,GH,Evergreen,Ledum palustre,old stems,old above,13.516,3.229,4.385,0.652,2.984,.,.,.,1.389,2.241,2.809,1.969,1.720,.,.,.,1.062,1.092,1.002,2.030,1.241,.,.,.,1.28,0.000,2.532,0.000,0.349,.,.,.,2.274,0.643,20.000,337.9,80.725,109.625,16.3,74.6,.,.,34.725,56.025,70.225,49.225,43,.,.,26.55,27.3,25.05,50.75,31.025,.,.,31.975,0,63.3,0,8.725,.,.,56.851,16.073,20,,
21-May-1983,Toolik Tussock 1981 plots,GH,Evergreen,Ledum palustre,below stems,below,0.000,0.000,0.000,0.000,0.000,.,.,.,0,0.000,0.000,0.000,0.000,.,.,.,0.000,0.000,0.000,0.000,0.000,.,.,.,0.00,0.000,0.000,0.000,0.000,.,.,.,0.000,0.000,20.000,0,0,0,0,0,.,.,0,0,0,0,0,.,.,0,0,0,0,0,.,.,0,0,0,0,0,.,.,0.000,0.000,20,,
21-May-1983,Toolik Tussock 1981 plots,GH,Evergreen,Ledum palustre,inflorescence,new above,0.087,0.034,0.000,0.000,0.000,.,.,.,0,0.000,0.000,0.022,0.000,.,.,.,0.000,0.022,0.000,0.000,0.000,.,.,.,0.00,0.000,0.000,0.000,0.000,.,.,.,0.008,0.005,20.000,2.175,0.85,0,0,0,.,.,0,0,0,0.55,0,.,.,0,0.55,0,0,0,.,.,0,0,0,0,0,.,.,0.206,0.117,20,,
21-May-1983,Toolik Tussock 1981 plots,GH,Evergreen,Vaccinium vitis-idaea,old leaves,old above,1.918,2.859,0.611,1.288,3.188,.,.,.,1.189,1.995,2.437,4.385,0.495,.,.,.,1.582,1.900,2.267,3.322,2.818,.,.,.,1.79,0.008,0.442,2.322,1.293,.,.,.,1.905,0.246,20.000,47.95,71.475,15.275,32.2,79.7,.,.,29.725,49.875,60.925,109.625,12.375,.,.,39.55,47.5,56.675,83.05,70.45,.,.,44.65,0.2,11.05,58.05,32.325,.,.,47.631,6.141,20,,
21-May-1983,Toolik Tussock 1981 plots,GH,Evergreen,Vaccinium vitis-idaea,new leaves,new above,0.000,0.001,0.000,0.000,0.000,.,.,.,0,0.000,0.000,0.000,0.000,.,.,.,0.000,0.000,0.000,0.000,0.000,.,.,.,0.00,0.000,0.000,0.000,0.000,.,.,.,0.000,0.000,20.000,0,0.025,0,0,0,.,.,0,0,0,0,0,.,.,0,0,0,0,0,.,.,0.025,0,0,0,0,.,.,0.003,0.002,20,,
21-May-1983,Toolik Tussock 1981 plots,GH,Evergreen,Vaccinium vitis-idaea,new stems,new above,0.000,0.000,0.000,0.000,0.000,.,.,.,0,0.000,0.000,0.000,0.000,.,.,.,0.000,0.000,0.000,0.000,0.000,.,.,.,0.00,0.000,0.000,0.000,0.000,.,.,.,0.000,0.000,20.000,0,0,0,0,0,.,.,0,0,0,0,0,.,.,0,0,0,0,0,.,.,0,0,0,0,0,.,.,0.000,0.000,20,,
21-May-1983,Toolik Tussock 1981 plots,GH,Evergreen,Vaccinium vitis-idaea,old stems,old above,0.695,0.757,0.334,0.268,1.092,.,.,.,0.407,0.564,0.768,0.826,0.144,.,.,.,0.423,0.579,0.830,1.069,0.699,.,.,.,0.43,0.007,0.154,0.521,0.452,.,.,.,0.551,0.066,20.000,17.375,18.925,8.35,6.7,27.3,.,.,10.175,14.1,19.2,20.65,3.6,.,.,10.575,14.475,20.75,26.725,17.475,.,.,10.675,0.175,3.85,13.025,11.3,.,.,13.770,1.651,20,,
21-May-1983,Toolik Tussock 1981 plots,GH,Evergreen,Vaccinium vitis-idaea,below stems,below,0.000,0.000,0.000,0.000,0.000,.,.,.,0,0.000,0.000,0.000,0.000,.,.,.,0.000,0.000,0.000,0.000,0.000,.,.,.,0.00,0.000,0.000,0.000,0.000,.,.,.,0.000,0.000,20.000,0,0,0,0,0,.,.,0,0,0,0,0,.,.,0,0,0,0,0,.,.,0,0,0,0,0,.,.,0.000,0.000,20,,
21-May-1983,Toolik Tussock 1981 plots,GH,Evergreen,Vaccinium vitis-idaea,inflorescence,new above,0.000,0.004,0.000,0.000,0.011,.,.,.,0,0.000,0.000,0.001,0.000,.,.,.,0.000,0.000,0.000,0.000,0.000,.,.,.,0.00,0.000,0.000,0.000,0.000,.,.,.,0.001,0.001,20.000,0,0.1,0,0,0.275,.,.,0,0,0,0.025,0,.,.,0,0,0,0,0,.,.,0.025,0,0,0,0,.,.,0.021,0.014,20,,
21-May-1983,Toolik Tussock 1981 plots,GH,Evergreen,Other Evergreen,old leaves,old above,0.000,0.000,0.000,0.000,0.000,.,.,.,0.256,0.000,0.458,0.085,0.073,.,.,.,0.533,0.901,0.712,0.754,1.651,.,.,.,7.15,0.000,0.984,0.000,0.076,.,.,.,0.682,0.355,20.000,0,0,0,0,0,.,.,6.4,0,11.45,2.125,1.825,.,.,13.325,22.525,17.8,18.85,41.275,.,.,178.8,0,24.6,0,1.9,.,.,17.044,8.887,20,,
21-May-1983,Toolik Tussock 1981 plots,GH,Evergreen,Other Evergreen,new leaves,new above,0.000,0.000,0.000,0.000,0.000,.,.,.,0,0.000,0.000,0.000,0.000,.,.,.,0.000,0.000,0.000,0.000,0.000,.,.,.,0.00,0.000,0.000,0.000,0.000,.,.,.,0.000,0.000,20.000,0,0,0,0,0,.,.,0,0,0,0,0,.,.,0,0,0,0,0,.,.,0.025,0,0,0,0,.,.,0.001,0.001,20,,
21-May-1983,Toolik Tussock 1981 plots,GH,Evergreen,Other Evergreen,new stems,new above,0.000,0.000,0.000,0.000,0.000,.,.,.,0,0.000,0.000,0.000,0.000,.,.,.,0.000,0.000,0.000,0.000,0.000,.,.,.,0.00,0.000,0.000,0.000,0.000,.,.,.,0.000,0.000,20.000,0,0,0,0,0,.,.,0,0,0,0,0,.,.,0,0,0,0,0,.,.,0,0,0,0,0,.,.,0.000,0.000,20,,
21-May-1983,Toolik Tussock 1981 plots,GH,Evergreen,Other Evergreen,old stems,old above,0.000,0.000,0.000,0.000,0.000,.,.,.,0.128,0.000,0.237,0.038,0.047,.,.,.,0.235,0.395,0.064,0.375,0.300,.,.,.,0.10,0.000,0.319,0.000,0.033,.,.,.,0.113,0.032,20.000,0,0,0,0,0,.,.,3.2,0,5.925,0.95,1.175,.,.,5.875,9.875,1.6,9.375,7.5,.,.,2.4,0,7.975,0,0.825,.,.,2.834,0.788,20,,
21-May-1983,Toolik Tussock 1981 plots,GH,Evergreen,Other Evergreen,below stems,below,0.000,0.000,0.000,0.000,0.000,.,.,.,0,0.000,0.000,0.000,0.000,.,.,.,0.000,0.000,0.000,0.000,0.000,.,.,.,0.00,0.000,0.000,0.000,0.000,.,.,.,0.000,0.000,20.000,0,0,0,0,0,.,.,0,0,0,0,0,.,.,0,0,0,0,0,.,.,0,0,0,0,0,.,.,0.000,0.000,20,,
21-May-1983,Toolik Tussock 1981 plots,GH,Evergreen,Other Evergreen,inflorescence,new above,0.000,0.000,0.000,0.000,0.000,.,.,.,0,0.000,0.000,0.000,0.000,.,.,.,0.000,0.000,0.000,0.000,0.000,.,.,.,0.00,0.000,0.000,0.000,0.000,.,.,.,0.000,0.000,20.000,0,0,0,0,0,.,.,0,0,0,0,0,.,.,0,0,0,0,0,.,.,0,0,0,0,0,.,.,0.000,0.000,20,,
21-May-1983,Toolik Tussock 1981 plots,GH,Forb,Forbs spp. ,new above,new above,0.000,0.000,0.000,0.000,0.000,.,.,.,0,0.000,0.000,0.000,0.000,.,.,.,0.000,0.000,0.000,0.000,0.000,.,.,.,0.00,0.000,0.000,0.000,0.000,.,.,.,0.000,0.000,20.000,0,0,0,0,0,.,.,0,0,0,0,0,.,.,0,0,0,0,0,.,.,0,0,0,0,0,.,.,0.000,0.000,20,,
21-May-1983,Toolik Tussock 1981 plots,GH,Forb,Forbs spp. ,below,below,0.000,0.000,0.000,0.000,0.000,.,.,.,0,0.000,0.000,0.000,0.000,.,.,.,0.000,0.000,0.000,0.000,0.000,.,.,.,0.00,0.000,0.000,0.000,0.000,.,.,.,0.000,0.000,20.000,0,0,0,0,0,.,.,0,0,0,0,0,.,.,0,0,0,0,0,.,.,0,0,0,0,0,.,.,0.000,0.000,20,,
21-May-1983,Toolik Tussock 1981 plots,GHNP,Graminoid,Eriophorum vaginatum,blade,new above,0.275,1.794,0.711,0.002,0.800,.,.,.,0.242,0.876,0.565,1.494,0.130,.,.,.,0.335,3.472,0.285,2.782,3.836,.,.,.,0.51,0.777,0.148,0.033,2.684,.,.,.,1.088,0.266,20.000,6.875,44.85,17.775,0.05,20,.,.,6.05,21.9,14.125,37.35,3.25,.,.,8.375,86.8,7.125,69.55,95.9,.,.,12.725,19.425,3.7,0.825,67.1,.,.,27.188,6.661,20,,
21-May-1983,Toolik Tussock 1981 plots,GHNP,Graminoid,Eriophorum vaginatum,sheath,new above,0.202,0.424,0.117,0.002,0.378,.,.,.,0.024,0.172,0.100,0.174,0.060,.,.,.,0.112,0.690,0.072,1.224,1.289,.,.,.,0.11,0.113,0.012,0.006,0.706,.,.,.,0.300,0.086,20.000,5.05,10.6,2.925,0.05,9.45,.,.,0.6,4.3,2.5,4.35,1.5,.,.,2.8,17.25,1.8,30.6,32.225,.,.,2.825,2.825,0.3,0.15,17.65,.,.,7.488,2.159,20,,
21-May-1983,Toolik Tussock 1981 plots,GHNP,Graminoid,Eriophorum vaginatum,rhizome,below,0.000,0.000,0.000,0.000,0.000,.,.,.,0,0.000,0.000,0.000,0.000,.,.,.,0.000,0.000,0.000,0.000,0.000,.,.,.,0.00,0.000,0.000,0.000,0.000,.,.,.,0.000,0.000,20.000,0,0,0,0,0,.,.,0,0,0,0,0,.,.,0,0,0,0,0,.,.,0,0,0,0,0,.,.,0.000,0.000,20,,
21-May-1983,Toolik Tussock 1981 plots,GHNP,Graminoid,Eriophorum vaginatum,v0,new above,0.000,0.000,0.000,0.000,0.000,.,.,.,0,0.000,0.000,0.000,0.000,.,.,.,0.000,0.000,0.000,0.000,0.000,.,.,.,0.00,0.000,0.000,0.000,0.000,.,.,.,0.000,0.000,20.000,0,0,0,0,0,.,.,0,0,0,0,0,.,.,0,0,0,0,0,.,.,0,0,0,0,0,.,.,0.000,0.000,20,,
21-May-1983,Toolik Tussock 1981 plots,GHNP,Graminoid,Eriophorum vaginatum,inflorescence,new above,0.121,0.492,0.000,0.000,0.077,.,.,.,0,0.000,0.042,0.444,0.000,.,.,.,0.000,0.215,0.000,0.000,0.683,.,.,.,0.25,0.785,0.083,0.000,1.335,.,.,.,0.226,0.080,20.000,3.025,12.3,0,0,1.925,.,.,0,0,1.05,11.1,0,.,.,0,5.375,0,0,17.075,.,.,6.125,19.625,2.075,0,33.375,.,.,5.653,1.994,20,,
21-May-1983,Toolik Tussock 1981 plots,GHNP,Graminoid,Eriophorum vaginatum,CYS blade,new above,0.000,0.000,0.000,0.000,0.000,.,.,.,0,0.000,0.000,0.000,0.000,.,.,.,0.000,0.000,0.000,0.000,0.000,.,.,.,0.00,0.000,0.000,0.000,0.000,.,.,.,0.000,0.000,20.000,0,0,0,0,0,.,.,0,0,0,0,0,.,.,0,0,0,0,0,.,.,0,0,0,0,0,.,.,0.000,0.000,20,,
21-May-1983,Toolik Tussock 1981 plots,GHNP,Graminoid,Eriophorum vaginatum,CYS sheath,new above,0.000,0.000,0.000,0.000,0.000,.,.,.,0,0.000,0.000,0.000,0.000,.,.,.,0.000,0.000,0.000,0.000,0.000,.,.,.,0.00,0.000,0.000,0.000,0.000,.,.,.,0.000,0.000,20.000,0,0,0,0,0,.,.,0,0,0,0,0,.,.,0,0,0,0,0,.,.,0,0,0,0,0,.,.,0.000,0.000,20,,
21-May-1983,Toolik Tussock 1981 plots,GHNP,Graminoid,Eriophorum vaginatum,infl. bud,new above,0.000,0.000,0.000,0.000,0.000,.,.,.,0,0.000,0.000,0.000,0.000,.,.,.,0.000,0.000,0.000,0.000,0.000,.,.,.,0.00,0.000,0.000,0.000,0.000,.,.,.,0.000,0.000,20.000,0,0,0,0,0,.,.,0,0,0,0,0,.,.,0,0,0,0,0,.,.,0,0,0,0,0,.,.,0.000,0.000,20,,
21-May-1983,Toolik Tussock 1981 plots,GHNP,Graminoid,Carex bigelowii,blade,new above,0.000,0.000,0.000,0.075,0.000,.,.,.,0.023,0.000,0.028,0.000,0.000,.,.,.,0.000,0.013,0.000,0.000,0.000,.,.,.,0.00,0.011,0.000,0.087,0.000,.,.,.,0.012,0.006,20.000,0,0,0,1.875,0,.,.,0.575,0,0.7,0,0,.,.,0,0.325,0,0,0,.,.,0,0.275,0,2.175,0,.,.,0.296,0.140,20,,
21-May-1983,Toolik Tussock 1981 plots,GHNP,Graminoid,Carex bigelowii,sheath,new above,0.000,0.000,0.000,0.256,0.000,.,.,.,0.012,0.000,0.048,0.000,0.000,.,.,.,0.000,0.016,0.000,0.000,0.000,.,.,.,0.00,0.009,0.000,0.007,0.000,.,.,.,0.017,0.013,20.000,0,0,0,6.4,0,.,.,0.3,0,1.2,0,0,.,.,0,0.4,0,0,0,.,.,0,0.225,0,0.175,0,.,.,0.435,0.320,20,,
21-May-1983,Toolik Tussock 1981 plots,GHNP,Graminoid,Carex bigelowii,rhizome,below,0.000,0.000,0.000,0.000,0.000,.,.,.,0,0.000,0.000,0.000,0.000,.,.,.,0.000,0.000,0.000,0.000,0.000,.,.,.,0.00,0.000,0.000,0.000,0.000,.,.,.,0.000,0.000,20.000,0,0,0,0,0,.,.,0,0,0,0,0,.,.,0,0,0,0,0,.,.,0,0,0,0,0,.,.,0.000,0.000,20,,
21-May-1983,Toolik Tussock 1981 plots,GHNP,Graminoid,Carex bigelowii,v0,new above,0.000,0.000,0.000,0.000,0.000,.,.,.,0,0.000,0.000,0.000,0.000,.,.,.,0.000,0.000,0.000,0.000,0.000,.,.,.,0.00,0.000,0.000,0.000,0.000,.,.,.,0.000,0.000,20.000,0,0,0,0,0,.,.,0,0,0,0,0,.,.,0,0,0,0,0,.,.,0,0,0,0,0,.,.,0.000,0.000,20,,
21-May-1983,Toolik Tussock 1981 plots,GHNP,Graminoid,Carex bigelowii,inflorescence,new above,0.000,0.000,0.000,0.000,0.000,.,.,.,0,0.000,0.000,0.000,0.000,.,.,.,0.000,0.000,0.000,0.000,0.000,.,.,.,0.00,0.000,0.000,0.000,0.000,.,.,.,0.000,0.000,20.000,0,0,0,0,0,.,.,0,0,0,0,0,.,.,0,0,0,0,0,.,.,0,0,0,0,0,.,.,0.000,0.000,20,,
21-May-1983,Toolik Tussock 1981 plots,GHNP,Graminoid,Carex bigelowii,CYS blade,new above,0.000,0.000,0.000,0.000,0.000,.,.,.,0,0.000,0.000,0.000,0.000,.,.,.,0.000,0.000,0.000,0.000,0.000,.,.,.,0.00,0.000,0.000,0.000,0.000,.,.,.,0.000,0.000,20.000,0,0,0,0,0,.,.,0,0,0,0,0,.,.,0,0,0,0,0,.,.,0,0,0,0,0,.,.,0.000,0.000,20,,
21-May-1983,Toolik Tussock 1981 plots,GHNP,Graminoid,Carex bigelowii,CYS sheath,new above,0.000,0.000,0.000,0.000,0.000,.,.,.,0,0.000,0.000,0.000,0.000,.,.,.,0.000,0.000,0.000,0.000,0.000,.,.,.,0.00,0.000,0.000,0.000,0.000,.,.,.,0.000,0.000,20.000,0,0,0,0,0,.,.,0,0,0,0,0,.,.,0,0,0,0,0,.,.,0,0,0,0,0,.,.,0.000,0.000,20,,
21-May-1983,Toolik Tussock 1981 plots,GHNP,Graminoid,Carex bigelowii,infl. bud,new above,0.000,0.000,0.000,0.000,0.000,.,.,.,0,0.000,0.000,0.000,0.000,.,.,.,0.000,0.000,0.000,0.000,0.000,.,.,.,0.00,0.000,0.000,0.000,0.000,.,.,.,0.000,0.000,20.000,0,0,0,0,0,.,.,0,0,0,0,0,.,.,0,0,0,0,0,.,.,0,0,0,0,0,.,.,0.000,0.000,20,,
21-May-1983,Toolik Tussock 1981 plots,GHNP,Graminoid,Other sedges,blade,new above,0.000,0.000,0.000,0.000,0.000,.,.,.,0,0.000,0.000,0.000,0.000,.,.,.,0.000,0.000,0.000,0.000,0.000,.,.,.,0.00,0.000,0.000,0.000,0.000,.,.,.,0.000,0.000,20.000,0,0,0,0,0,.,.,0,0,0,0,0,.,.,0,0,0,0,0,.,.,0,0,0,0,0,.,.,0.000,0.000,20,,
21-May-1983,Toolik Tussock 1981 plots,GHNP,Graminoid,Other sedges,sheath,new above,0.000,0.000,0.000,0.000,0.000,.,.,.,0,0.000,0.000,0.000,0.000,.,.,.,0.000,0.000,0.000,0.000,0.000,.,.,.,0.00,0.000,0.000,0.000,0.000,.,.,.,0.000,0.000,20.000,0,0,0,0,0,.,.,0,0,0,0,0,.,.,0,0,0,0,0,.,.,0,0,0,0,0,.,.,0.000,0.000,20,,
21-May-1983,Toolik Tussock 1981 plots,GHNP,Graminoid,Other sedges,rhizome,below,0.000,0.000,0.000,0.000,0.000,.,.,.,0,0.000,0.000,0.000,0.000,.,.,.,0.000,0.000,0.000,0.000,0.000,.,.,.,0.00,0.000,0.000,0.000,0.000,.,.,.,0.000,0.000,20.000,0,0,0,0,0,.,.,0,0,0,0,0,.,.,0,0,0,0,0,.,.,0,0,0,0,0,.,.,0.000,0.000,20,,
21-May-1983,Toolik Tussock 1981 plots,GHNP,Graminoid,Other sedges,v0,new above,0.000,0.000,0.000,0.000,0.000,.,.,.,0,0.000,0.000,0.000,0.000,.,.,.,0.000,0.000,0.000,0.000,0.000,.,.,.,0.00,0.000,0.000,0.000,0.000,.,.,.,0.000,0.000,20.000,0,0,0,0,0,.,.,0,0,0,0,0,.,.,0,0,0,0,0,.,.,0,0,0,0,0,.,.,0.000,0.000,20,,
21-May-1983,Toolik Tussock 1981 plots,GHNP,Graminoid,Other sedges,inflorescence,new above,0.000,0.000,0.000,0.000,0.000,.,.,.,0,0.000,0.000,0.000,0.000,.,.,.,0.000,0.000,0.000,0.000,0.000,.,.,.,0.00,0.000,0.000,0.000,0.000,.,.,.,0.000,0.000,20.000,0,0,0,0,0,.,.,0,0,0,0,0,.,.,0,0,0,0,0,.,.,0,0,0,0,0,.,.,0.000,0.000,20,,
21-May-1983,Toolik Tussock 1981 plots,GHNP,Graminoid,Other sedges,CYS blade,new above,0.000,0.000,0.000,0.000,0.000,.,.,.,0,0.000,0.000,0.000,0.000,.,.,.,0.000,0.000,0.000,0.000,0.000,.,.,.,0.00,0.000,0.000,0.000,0.000,.,.,.,0.000,0.000,20.000,0,0,0,0,0,.,.,0,0,0,0,0,.,.,0,0,0,0,0,.,.,0,0,0,0,0,.,.,0.000,0.000,20,,
21-May-1983,Toolik Tussock 1981 plots,GHNP,Graminoid,Other sedges,CYS sheath,new above,0.000,0.000,0.000,0.000,0.000,.,.,.,0,0.000,0.000,0.000,0.000,.,.,.,0.000,0.000,0.000,0.000,0.000,.,.,.,0.00,0.000,0.000,0.000,0.000,.,.,.,0.000,0.000,20.000,0,0,0,0,0,.,.,0,0,0,0,0,.,.,0,0,0,0,0,.,.,0,0,0,0,0,.,.,0.000,0.000,20,,
21-May-1983,Toolik Tussock 1981 plots,GHNP,Graminoid,Other sedges,infl. bud,new above,0.000,0.000,0.000,0.000,0.000,.,.,.,0,0.000,0.000,0.000,0.000,.,.,.,0.000,0.000,0.000,0.000,0.000,.,.,.,0.00,0.000,0.000,0.000,0.000,.,.,.,0.000,0.000,20.000,0,0,0,0,0,.,.,0,0,0,0,0,.,.,0,0,0,0,0,.,.,0,0,0,0,0,.,.,0.000,0.000,20,,
21-May-1983,Toolik Tussock 1981 plots,GHNP,Deciduous,Betula nana,new leaves,new above,0.044,0.108,0.275,0.149,0.013,.,.,.,0.463,0.127,0.226,0.157,0.299,.,.,.,0.088,0.025,0.397,0.092,0.042,.,.,.,0.12,0.091,0.014,0.287,0.073,.,.,.,0.155,0.029,20.000,1.1,2.7,6.875,3.725,0.325,.,.,11.575,3.175,5.65,3.925,7.475,.,.,2.2,0.625,9.925,2.3,1.05,.,.,3.1,2.275,0.35,7.175,1.825,.,.,3.868,0.721,20,,
21-May-1983,Toolik Tussock 1981 plots,GHNP,Deciduous,Betula nana,new stems,new above,0.000,0.000,0.000,0.000,0.000,.,.,.,0,0.000,0.000,0.000,0.000,.,.,.,0.000,0.000,0.000,0.000,0.000,.,.,.,0.00,0.000,0.000,0.000,0.000,.,.,.,0.000,0.000,20.000,0,0,0,0,0,.,.,0,0,0,0,0,.,.,0,0,0,0,0,.,.,0,0,0,0,0,.,.,0.000,0.000,20,,
21-May-1983,Toolik Tussock 1981 plots,GHNP,Deciduous,Betula nana,old stems,old above,0.345,1.590,2.001,1.390,0.025,.,.,.,6.377,4.608,2.496,1.826,5.834,.,.,.,4.223,0.734,8.456,1.393,2.227,.,.,.,3.18,2.104,0.068,12.028,5.112,.,.,.,3.301,0.685,20.000,8.625,39.75,50.025,34.75,0.625,.,.,159.425,115.2,62.4,45.65,145.85,.,.,105.575,18.35,211.4,34.825,55.675,.,.,79.375,52.6,1.7,300.7,127.8,.,.,82.515,17.125,20,,
21-May-1983,Toolik Tussock 1981 plots,GHNP,Deciduous,Betula nana,below stems,below,0.000,0.000,0.000,0.000,0.000,.,.,.,0,0.000,0.000,0.000,0.000,.,.,.,0.000,0.000,0.000,0.000,0.000,.,.,.,0.00,0.000,0.000,0.000,0.000,.,.,.,0.000,0.000,20.000,0,0,0,0,0,.,.,0,0,0,0,0,.,.,0,0,0,0,0,.,.,0,0,0,0,0,.,.,0.000,0.000,20,,
21-May-1983,Toolik Tussock 1981 plots,GHNP,Deciduous,Betula nana,inflorescence,new above,0.000,0.000,0.000,0.000,0.000,.,.,.,0.028,0.029,0.007,0.004,0.009,.,.,.,0.000,0.000,0.000,0.000,0.000,.,.,.,0.00,0.000,0.000,0.000,0.000,.,.,.,0.004,0.002,20.000,0,0,0,0,0,.,.,0.7,0.725,0.175,0.1,0.225,.,.,0,0,0,0,0,.,.,0,0,0,0,0,.,.,0.096,0.049,20,,
21-May-1983,Toolik Tussock 1981 plots,GHNP,Deciduous,Rubus chamaemorus,new leaves,new above,0.000,0.000,0.000,0.006,0.005,.,.,.,0,0.000,0.000,0.004,0.000,.,.,.,0.000,0.000,0.000,0.000,0.000,.,.,.,0.00,0.000,0.000,0.000,0.000,.,.,.,0.001,0.000,20.000,0,0,0,0.15,0.125,.,.,0,0,0,0.1,0,.,.,0,0,0,0,0,.,.,0,0,0,0,0,.,.,0.019,0.010,20,,
21-May-1983,Toolik Tussock 1981 plots,GHNP,Deciduous,Rubus chamaemorus,new stems,new above,0.000,0.000,0.000,0.000,0.000,.,.,.,0,0.000,0.000,0.000,0.000,.,.,.,0.000,0.000,0.000,0.000,0.000,.,.,.,0.00,0.000,0.000,0.000,0.000,.,.,.,0.000,0.000,20.000,0,0,0,0,0,.,.,0,0,0,0,0,.,.,0,0,0,0,0,.,.,0,0,0,0,0,.,.,0.000,0.000,20,,
21-May-1983,Toolik Tussock 1981 plots,GHNP,Deciduous,Rubus chamaemorus,below stems,below,0.000,0.000,0.000,0.047,0.000,.,.,.,0,0.000,0.000,0.012,0.000,.,.,.,0.000,0.000,0.000,0.000,0.000,.,.,.,0.00,0.000,0.000,0.000,0.000,.,.,.,0.003,0.002,20.000,0,0,0,1.175,0,.,.,0,0,0,0.3,0,.,.,0,0,0,0,0,.,.,0,0,0,0,0,.,.,0.074,0.060,20,,
21-May-1983,Toolik Tussock 1981 plots,GHNP,Deciduous,Rubus chamaemorus,inflorescence,new above,0.000,0.000,0.000,0.000,0.000,.,.,.,0,0.000,0.000,0.000,0.000,.,.,.,0.000,0.000,0.000,0.000,0.000,.,.,.,0.00,0.000,0.000,0.000,0.000,.,.,.,0.000,0.000,20.000,0,0,0,0,0,.,.,0,0,0,0,0,.,.,0,0,0,0,0,.,.,0,0,0,0,0,.,.,0.000,0.000,20,,
21-May-1983,Toolik Tussock 1981 plots,GHNP,Deciduous,Other deciduous,new leaves,new above,0.000,0.000,0.000,0.043,0.000,.,.,.,0,0.011,0.000,0.000,0.000,.,.,.,0.028,0.000,0.000,0.000,0.000,.,.,.,0.02,0.000,0.000,0.000,0.000,.,.,.,0.005,0.003,20.000,0,0,0,1.075,0,.,.,0,0.275,0,0,0,.,.,0.7,0,0,0,0,.,.,0.4,0,0,0,0,.,.,0.123,0.065,20,,
21-May-1983,Toolik Tussock 1981 plots,GHNP,Deciduous,Other deciduous,new stems,new above,0.000,0.000,0.000,0.000,0.000,.,.,.,0,0.000,0.000,0.000,0.000,.,.,.,0.000,0.000,0.000,0.000,0.000,.,.,.,0.00,0.000,0.000,0.000,0.000,.,.,.,0.000,0.000,20.000,0,0,0,0,0,.,.,0,0,0,0,0,.,.,0,0,0,0,0,.,.,0,0,0,0,0,.,.,0.000,0.000,20,,
21-May-1983,Toolik Tussock 1981 plots,GHNP,Deciduous,Other deciduous,old stems,old above,0.000,0.000,0.000,1.580,0.000,.,.,.,0,0.864,0.000,0.000,0.000,.,.,.,4.378,0.000,0.000,0.279,0.000,.,.,.,0.87,0.000,0.000,0.000,0.000,.,.,.,0.399,0.230,20.000,0,0,0,39.5,0,.,.,0,21.6,0,0,0,.,.,109.45,0,0,6.975,0,.,.,21.85,0,0,0,0,.,.,9.969,5.746,20,,
21-May-1983,Toolik Tussock 1981 plots,GHNP,Deciduous,Other deciduous,below stems,below,0.000,0.000,0.000,0.000,0.000,.,.,.,0,0.000,0.000,0.000,0.000,.,.,.,0.000,0.000,0.000,0.000,0.000,.,.,.,0.00,0.000,0.000,0.000,0.000,.,.,.,0.000,0.000,20.000,0,0,0,0,0,.,.,0,0,0,0,0,.,.,0,0,0,0,0,.,.,0,0,0,0,0,.,.,0.000,0.000,20,,
21-May-1983,Toolik Tussock 1981 plots,GHNP,Deciduous,Other deciduous,inflorescence,new above,0.000,0.000,0.000,0.000,0.000,.,.,.,0,0.000,0.000,0.000,0.000,.,.,.,0.000,0.000,0.000,0.000,0.000,.,.,.,0.00,0.000,0.000,0.000,0.000,.,.,.,0.000,0.000,20.000,0,0,0,0,0,.,.,0,0,0,0,0,.,.,0,0,0,0,0,.,.,0,0,0,0,0,.,.,0.000,0.000,20,,
21-May-1983,Toolik Tussock 1981 plots,GHNP,Evergreen,Ledum palustre,old leaves,old above,3.101,2.920,0.893,1.999,1.734,.,.,.,3.327,5.156,2.516,4.119,2.298,.,.,.,2.829,2.654,0.511,0.918,1.803,.,.,.,2.64,2.091,1.139,1.081,2.993,.,.,.,2.336,0.257,20.000,77.525,73,22.325,49.975,43.35,.,.,83.175,128.9,62.9,102.975,57.45,.,.,70.725,66.35,12.775,22.95,45.075,.,.,66.025,52.275,28.475,27.025,74.825,.,.,58.404,6.437,20,,
21-May-1983,Toolik Tussock 1981 plots,GHNP,Evergreen,Ledum palustre,new leaves,new above,0.000,0.000,0.000,0.000,0.000,.,.,.,0,0.000,0.000,0.000,0.000,.,.,.,0.000,0.000,0.001,0.000,0.000,.,.,.,0.00,0.000,0.000,0.000,0.000,.,.,.,0.000,0.000,20.000,0,0,0,0,0,.,.,0,0,0,0,0,.,.,0,0,0.025,0,0,.,.,0,0,0,0,0,.,.,0.001,0.001,20,,
21-May-1983,Toolik Tussock 1981 plots,GHNP,Evergreen,Ledum palustre,new stems,new above,0.000,0.000,0.000,0.000,0.000,.,.,.,0,0.000,0.000,0.000,0.000,.,.,.,0.000,0.000,0.000,0.000,0.000,.,.,.,0.00,0.000,0.000,0.000,0.000,.,.,.,0.000,0.000,20.000,0,0,0,0,0,.,.,0,0,0,0,0,.,.,0,0,0,0,0,.,.,0,0,0,0,0,.,.,0.000,0.000,20,,
21-May-1983,Toolik Tussock 1981 plots,GHNP,Evergreen,Ledum palustre,old stems,old above,6.682,4.058,0.855,1.905,2.063,.,.,.,3.272,6.111,1.690,5.016,2.355,.,.,.,3.120,2.077,1.526,0.770,4.339,.,.,.,3.23,2.595,0.534,0.919,5.887,.,.,.,2.950,0.417,20.000,167.05,101.45,21.375,47.625,51.575,.,.,81.8,152.775,42.25,125.4,58.875,.,.,78,51.925,38.15,19.25,108.475,.,.,80.85,64.875,13.35,22.975,147.175,.,.,73.760,10.421,20,,
21-May-1983,Toolik Tussock 1981 plots,GHNP,Evergreen,Ledum palustre,below stems,below,0.000,0.000,0.000,0.000,0.000,.,.,.,0,0.000,0.000,0.000,0.000,.,.,.,0.000,0.000,0.000,0.000,0.000,.,.,.,0.00,0.000,0.000,0.000,0.000,.,.,.,0.000,0.000,20.000,0,0,0,0,0,.,.,0,0,0,0,0,.,.,0,0,0,0,0,.,.,0,0,0,0,0,.,.,0.000,0.000,20,,
21-May-1983,Toolik Tussock 1981 plots,GHNP,Evergreen,Ledum palustre,inflorescence,new above,0.040,0.050,0.040,0.039,0.042,.,.,.,0.015,0.163,0.000,0.095,0.000,.,.,.,0.000,0.060,0.022,0.000,0.000,.,.,.,0.03,0.014,0.000,0.007,0.035,.,.,.,0.033,0.009,20.000,1,1.25,1,0.975,1.05,.,.,0.375,4.075,0,2.375,0,.,.,0,1.5,0.55,0,0,.,.,0.8,0.35,0,0.175,0.875,.,.,0.818,0.222,20,,
21-May-1983,Toolik Tussock 1981 plots,GHNP,Evergreen,Vaccinium vitis-idaea,old leaves,old above,1.924,1.170,3.074,4.603,2.308,.,.,.,1.076,1.826,1.985,2.790,2.261,.,.,.,1.835,0.595,3.104,0.783,1.745,.,.,.,1.30,2.887,0.388,0.414,1.939,.,.,.,1.900,0.237,20.000,48.1,29.25,76.85,115.075,57.7,.,.,26.9,45.65,49.625,69.75,56.525,.,.,45.875,14.875,77.6,19.575,43.625,.,.,32.55,72.175,9.7,10.35,48.475,.,.,47.511,5.913,20,,
21-May-1983,Toolik Tussock 1981 plots,GHNP,Evergreen,Vaccinium vitis-idaea,new leaves,new above,0.000,0.000,0.000,0.000,0.000,.,.,.,0,0.000,0.000,0.000,0.000,.,.,.,0.000,0.000,0.001,0.000,0.000,.,.,.,0.00,0.000,0.000,0.000,0.000,.,.,.,0.000,0.000,20.000,0,0,0,0,0,.,.,0,0,0,0,0,.,.,0,0,0.025,0,0,.,.,0,0,0,0,0,.,.,0.001,0.001,20,,
21-May-1983,Toolik Tussock 1981 plots,GHNP,Evergreen,Vaccinium vitis-idaea,new stems,new above,0.000,0.000,0.000,0.000,0.000,.,.,.,0,0.000,0.000,0.000,0.000,.,.,.,0.000,0.000,0.000,0.000,0.000,.,.,.,0.00,0.000,0.000,0.000,0.000,.,.,.,0.000,0.000,20.000,0,0,0,0,0,.,.,0,0,0,0,0,.,.,0,0,0,0,0,.,.,0,0,0,0,0,.,.,0.000,0.000,20,,
21-May-1983,Toolik Tussock 1981 plots,GHNP,Evergreen,Vaccinium vitis-idaea,old stems,old above,0.793,0.421,0.856,1.205,0.678,.,.,.,0.313,0.605,0.475,0.908,0.624,.,.,.,0.579,0.216,1.343,0.346,0.946,.,.,.,0.49,1.053,0.110,0.158,0.981,.,.,.,0.655,0.078,20.000,19.825,10.525,21.4,30.125,16.95,.,.,7.825,15.125,11.875,22.7,15.6,.,.,14.475,5.4,33.575,8.65,23.65,.,.,12.275,26.325,2.75,3.95,24.525,.,.,16.376,1.954,20,,
21-May-1983,Toolik Tussock 1981 plots,GHNP,Evergreen,Vaccinium vitis-idaea,below stems,below,0.000,0.000,0.000,0.000,0.000,.,.,.,0,0.000,0.000,0.000,0.000,.,.,.,0.000,0.000,0.000,0.000,0.000,.,.,.,0.00,0.000,0.000,0.000,0.000,.,.,.,0.000,0.000,20.000,0,0,0,0,0,.,.,0,0,0,0,0,.,.,0,0,0,0,0,.,.,0,0,0,0,0,.,.,0.000,0.000,20,,
21-May-1983,Toolik Tussock 1981 plots,GHNP,Evergreen,Vaccinium vitis-idaea,inflorescence,new above,0.000,0.000,0.005,0.002,0.000,.,.,.,0,0.000,0.002,0.000,0.001,.,.,.,0.000,0.000,0.000,0.000,0.000,.,.,.,0.00,0.000,0.000,0.000,0.000,.,.,.,0.001,0.000,20.000,0,0,0.125,0.05,0,.,.,0,0,0.05,0,0.025,.,.,0,0,0,0,0,.,.,0,0,0,0,0,.,.,0.013,0.007,20,,
21-May-1983,Toolik Tussock 1981 plots,GHNP,Evergreen,Other Evergreen,old leaves,old above,0.000,0.000,0.204,0.743,0.077,.,.,.,0,0.000,0.002,0.000,0.000,.,.,.,0.170,0.017,0.000,0.000,0.003,.,.,.,1.03,0.440,0.066,0.000,0.240,.,.,.,0.150,0.063,20.000,0,0,5.1,18.575,1.925,.,.,0,0,0.05,0,0,.,.,4.25,0.425,0,0,0.075,.,.,25.75,11,1.65,0,6,.,.,3.740,1.569,20,,
21-May-1983,Toolik Tussock 1981 plots,GHNP,Evergreen,Other Evergreen,new leaves,new above,0.000,0.000,0.000,0.000,0.000,.,.,.,0,0.000,0.000,0.000,0.000,.,.,.,0.000,0.000,0.000,0.000,0.000,.,.,.,0.00,0.000,0.000,0.000,0.000,.,.,.,0.000,0.000,20.000,0,0,0,0,0,.,.,0,0,0,0,0,.,.,0,0,0,0,0,.,.,0,0,0,0,0,.,.,0.000,0.000,20,,
21-May-1983,Toolik Tussock 1981 plots,GHNP,Evergreen,Other Evergreen,new stems,new above,0.000,0.000,0.000,0.000,0.000,.,.,.,0,0.000,0.000,0.000,0.000,.,.,.,0.000,0.000,0.000,0.000,0.000,.,.,.,0.00,0.000,0.000,0.000,0.000,.,.,.,0.000,0.000,20.000,0,0,0,0,0,.,.,0,0,0,0,0,.,.,0,0,0,0,0,.,.,0,0,0,0,0,.,.,0.000,0.000,20,,
21-May-1983,Toolik Tussock 1981 plots,GHNP,Evergreen,Other Evergreen,old stems,old above,0.000,0.000,0.102,0.238,0.040,.,.,.,0,0.000,0.002,0.000,0.000,.,.,.,0.078,0.011,0.000,0.000,0.009,.,.,.,0.44,0.188,0.043,0.000,0.132,.,.,.,0.064,0.025,20.000,0,0,2.55,5.95,1,.,.,0,0,0.05,0,0,.,.,1.95,0.275,0,0,0.225,.,.,10.925,4.7,1.075,0,3.3,.,.,1.600,0.626,20,,
21-May-1983,Toolik Tussock 1981 plots,GHNP,Evergreen,Other Evergreen,below stems,below,0.000,0.000,0.000,0.000,0.000,.,.,.,0,0.000,0.000,0.000,0.000,.,.,.,0.000,0.000,0.000,0.000,0.000,.,.,.,0.00,0.000,0.000,0.000,0.000,.,.,.,0.000,0.000,20.000,0,0,0,0,0,.,.,0,0,0,0,0,.,.,0,0,0,0,0,.,.,0,0,0,0,0,.,.,0.000,0.000,20,,
21-May-1983,Toolik Tussock 1981 plots,GHNP,Evergreen,Other Evergreen,inflorescence,new above,0.000,0.000,0.000,0.000,0.001,.,.,.,0,0.000,0.000,0.000,0.000,.,.,.,0.003,0.000,0.000,0.000,0.000,.,.,.,0.01,0.000,0.000,0.000,0.000,.,.,.,0.001,0.000,20.000,0,0,0,0,0.025,.,.,0,0,0,0,0,.,.,0.075,0,0,0,0,.,.,0.15,0,0,0,0,.,.,0.013,0.008,20,,
21-May-1983,Toolik Tussock 1981 plots,GHNP,Forb,Forbs spp. ,new above,new above,0.000,0.000,0.000,0.000,0.000,.,.,.,0.005,0.000,0.000,0.008,0.000,.,.,.,0.000,0.000,0.000,0.000,0.000,.,.,.,0.00,0.000,0.000,0.000,0.000,.,.,.,0.001,0.000,20.000,0,0,0,0,0,.,.,0.125,0,0,0.2,0,.,.,0,0,0,0,0,.,.,0,0,0,0,0,.,.,0.016,0.012,20,,
21-May-1983,Toolik Tussock 1981 plots,GHNP,Forb,Forbs spp. ,below,below,0.000,0.000,0.000,0.000,0.000,.,.,.,0,0.000,0.000,0.000,0.000,.,.,.,0.000,0.000,0.000,0.000,0.000,.,.,.,0.00,0.000,0.000,0.000,0.000,.,.,.,0.000,0.000,20.000,0,0,0,0,0,.,.,0,0,0,0,0,.,.,0,0,0,0,0,.,.,0,0,0,0,0,.,.,0.000,0.000,20,,
21-May-1983,Toolik Tussock 1981 plots,SH,Graminoid,Eriophorum vaginatum,blade,new above,0.033,2.206,0.041,0.176,0.093,.,.,.,0.796,0.413,1.119,0.048,1.582,.,.,.,0.000,0.073,0.048,0.448,0.025,.,.,.,0.10,0.034,0.047,1.629,0.119,.,.,.,0.452,0.148,20.000,0.825,55.15,1.025,4.4,2.325,.,.,19.9,10.325,27.975,1.2,39.55,.,.,0,1.825,1.2,11.2,0.625,.,.,2.575,0.85,1.175,40.725,2.975,.,.,11.291,3.691,20,,
21-May-1983,Toolik Tussock 1981 plots,SH,Graminoid,Eriophorum vaginatum,sheath,new above,0.013,0.674,0.015,0.038,0.024,.,.,.,0.287,0.031,0.314,0.000,0.801,.,.,.,0.000,0.021,0.014,0.169,0.014,.,.,.,0.06,0.020,0.022,0.837,0.010,.,.,.,0.168,0.062,20.000,0.325,16.85,0.375,0.95,0.6,.,.,7.175,0.775,7.85,0,20.025,.,.,0,0.525,0.35,4.225,0.35,.,.,1.4,0.5,0.55,20.925,0.25,.,.,4.200,1.544,20,,
21-May-1983,Toolik Tussock 1981 plots,SH,Graminoid,Eriophorum vaginatum,rhizome,below,0.000,0.000,0.000,0.000,0.000,.,.,.,0,0.000,0.000,0.000,0.000,.,.,.,0.000,0.000,0.000,0.000,0.000,.,.,.,0.00,0.000,0.000,0.000,0.000,.,.,.,0.000,0.000,20.000,0,0,0,0,0,.,.,0,0,0,0,0,.,.,0,0,0,0,0,.,.,0,0,0,0,0,.,.,0.000,0.000,20,,
21-May-1983,Toolik Tussock 1981 plots,SH,Graminoid,Eriophorum vaginatum,v0,new above,0.000,0.000,0.000,0.000,0.000,.,.,.,0,0.000,0.000,0.000,0.000,.,.,.,0.000,0.000,0.000,0.000,0.000,.,.,.,0.00,0.000,0.000,0.000,0.000,.,.,.,0.000,0.000,20.000,0,0,0,0,0,.,.,0,0,0,0,0,.,.,0,0,0,0,0,.,.,0,0,0,0,0,.,.,0.000,0.000,20,,
21-May-1983,Toolik Tussock 1981 plots,SH,Graminoid,Eriophorum vaginatum,inflorescence,new above,0.000,0.000,0.000,0.000,0.000,.,.,.,0.208,0.000,0.000,0.000,0.075,.,.,.,0.000,0.000,0.000,0.026,0.000,.,.,.,0.00,0.000,0.000,0.256,0.000,.,.,.,0.028,0.016,20.000,0,0,0,0,0,.,.,5.2,0,0,0,1.875,.,.,0,0,0,0.65,0,.,.,0,0,0,6.4,0,.,.,0.706,0.404,20,,
21-May-1983,Toolik Tussock 1981 plots,SH,Graminoid,Eriophorum vaginatum,CYS blade,new above,0.000,0.000,0.000,0.000,0.000,.,.,.,0,0.000,0.000,0.000,0.000,.,.,.,0.000,0.000,0.000,0.000,0.000,.,.,.,0.00,0.000,0.000,0.000,0.000,.,.,.,0.000,0.000,20.000,0,0,0,0,0,.,.,0,0,0,0,0,.,.,0,0,0,0,0,.,.,0,0,0,0,0,.,.,0.000,0.000,20,,
21-May-1983,Toolik Tussock 1981 plots,SH,Graminoid,Eriophorum vaginatum,CYS sheath,new above,0.000,0.000,0.000,0.000,0.000,.,.,.,0,0.000,0.000,0.000,0.000,.,.,.,0.000,0.000,0.000,0.000,0.000,.,.,.,0.00,0.000,0.000,0.000,0.000,.,.,.,0.000,0.000,20.000,0,0,0,0,0,.,.,0,0,0,0,0,.,.,0,0,0,0,0,.,.,0,0,0,0,0,.,.,0.000,0.000,20,,
21-May-1983,Toolik Tussock 1981 plots,SH,Graminoid,Eriophorum vaginatum,infl. bud,new above,0.000,0.000,0.000,0.000,0.000,.,.,.,0,0.000,0.000,0.000,0.000,.,.,.,0.000,0.000,0.000,0.000,0.000,.,.,.,0.00,0.000,0.000,0.000,0.000,.,.,.,0.000,0.000,20.000,0,0,0,0,0,.,.,0,0,0,0,0,.,.,0,0,0,0,0,.,.,0,0,0,0,0,.,.,0.000,0.000,20,,
21-May-1983,Toolik Tussock 1981 plots,SH,Graminoid,Carex bigelowii,blade,new above,0.045,0.122,0.033,0.000,0.000,.,.,.,0,0.000,0.000,0.014,0.000,.,.,.,0.035,0.005,0.023,0.000,0.032,.,.,.,0.00,0.000,0.112,0.000,0.000,.,.,.,0.021,0.008,20.000,1.125,3.05,0.825,0,0,.,.,0,0,0,0.35,0,.,.,0.875,0.125,0.575,0,0.8,.,.,0,0,2.8,0,0,.,.,0.526,0.201,20,,
21-May-1983,Toolik Tussock 1981 plots,SH,Graminoid,Carex bigelowii,sheath,new above,0.055,0.096,0.009,0.000,0.000,.,.,.,0,0.000,0.000,0.001,0.000,.,.,.,0.006,0.003,0.009,0.000,0.032,.,.,.,0.00,0.000,0.032,0.021,0.000,.,.,.,0.013,0.005,20.000,1.375,2.4,0.225,0,0,.,.,0,0,0,0.025,0,.,.,0.15,0.075,0.225,0,0.8,.,.,0,0,0.8,0.525,0,.,.,0.330,0.137,20,,
21-May-1983,Toolik Tussock 1981 plots,SH,Graminoid,Carex bigelowii,rhizome,below,0.000,0.000,0.000,0.000,0.000,.,.,.,0,0.000,0.000,0.000,0.000,.,.,.,0.000,0.000,0.000,0.000,0.000,.,.,.,0.00,0.000,0.000,0.000,0.000,.,.,.,0.000,0.000,20.000,0,0,0,0,0,.,.,0,0,0,0,0,.,.,0,0,0,0,0,.,.,0,0,0,0,0,.,.,0.000,0.000,20,,
21-May-1983,Toolik Tussock 1981 plots,SH,Graminoid,Carex bigelowii,v0,new above,0.000,0.000,0.000,0.000,0.000,.,.,.,0,0.000,0.000,0.000,0.000,.,.,.,0.000,0.000,0.000,0.000,0.000,.,.,.,0.00,0.000,0.000,0.000,0.000,.,.,.,0.000,0.000,20.000,0,0,0,0,0,.,.,0,0,0,0,0,.,.,0,0,0,0,0,.,.,0,0,0,0,0,.,.,0.000,0.000,20,,
21-May-1983,Toolik Tussock 1981 plots,SH,Graminoid,Carex bigelowii,inflorescence,new above,0.000,0.000,0.000,0.000,0.000,.,.,.,0,0.000,0.000,0.000,0.000,.,.,.,0.000,0.000,0.000,0.000,0.000,.,.,.,0.00,0.000,0.000,0.000,0.000,.,.,.,0.000,0.000,20.000,0,0,0,0,0,.,.,0,0,0,0,0,.,.,0,0,0,0,0,.,.,0,0,0,0,0,.,.,0.000,0.000,20,,
21-May-1983,Toolik Tussock 1981 plots,SH,Graminoid,Carex bigelowii,CYS blade,new above,0.000,0.000,0.000,0.000,0.000,.,.,.,0,0.000,0.000,0.000,0.000,.,.,.,0.000,0.000,0.000,0.000,0.000,.,.,.,0.00,0.000,0.000,0.000,0.000,.,.,.,0.000,0.000,20.000,0,0,0,0,0,.,.,0,0,0,0,0,.,.,0,0,0,0,0,.,.,0,0,0,0,0,.,.,0.000,0.000,20,,
21-May-1983,Toolik Tussock 1981 plots,SH,Graminoid,Carex bigelowii,CYS sheath,new above,0.000,0.000,0.000,0.000,0.000,.,.,.,0,0.000,0.000,0.000,0.000,.,.,.,0.000,0.000,0.000,0.000,0.000,.,.,.,0.00,0.000,0.000,0.000,0.000,.,.,.,0.000,0.000,20.000,0,0,0,0,0,.,.,0,0,0,0,0,.,.,0,0,0,0,0,.,.,0,0,0,0,0,.,.,0.000,0.000,20,,
21-May-1983,Toolik Tussock 1981 plots,SH,Graminoid,Carex bigelowii,infl. bud,new above,0.000,0.000,0.000,0.000,0.000,.,.,.,0,0.000,0.000,0.000,0.000,.,.,.,0.000,0.000,0.000,0.000,0.000,.,.,.,0.00,0.000,0.000,0.000,0.000,.,.,.,0.000,0.000,20.000,0,0,0,0,0,.,.,0,0,0,0,0,.,.,0,0,0,0,0,.,.,0,0,0,0,0,.,.,0.000,0.000,20,,
21-May-1983,Toolik Tussock 1981 plots,SH,Graminoid,Other sedges,blade,new above,0.000,0.000,0.000,0.000,0.000,.,.,.,0,0.010,0.000,0.000,0.000,.,.,.,0.000,0.000,0.000,0.000,0.000,.,.,.,0.00,0.000,0.000,0.000,0.000,.,.,.,0.001,0.001,20.000,0,0,0,0,0,.,.,0,0.25,0,0,0,.,.,0,0,0,0,0,.,.,0,0,0,0,0,.,.,0.013,0.013,20,,
21-May-1983,Toolik Tussock 1981 plots,SH,Graminoid,Other sedges,sheath,new above,0.000,0.000,0.000,0.000,0.000,.,.,.,0,0.003,0.000,0.000,0.000,.,.,.,0.000,0.000,0.000,0.000,0.000,.,.,.,0.00,0.000,0.000,0.000,0.000,.,.,.,0.000,0.000,20.000,0,0,0,0,0,.,.,0,0.075,0,0,0,.,.,0,0,0,0,0,.,.,0,0,0,0,0,.,.,0.004,0.004,20,,
21-May-1983,Toolik Tussock 1981 plots,SH,Graminoid,Other sedges,rhizome,below,0.000,0.000,0.000,0.000,0.000,.,.,.,0,0.000,0.000,0.000,0.000,.,.,.,0.000,0.000,0.000,0.000,0.000,.,.,.,0.00,0.000,0.000,0.000,0.000,.,.,.,0.000,0.000,20.000,0,0,0,0,0,.,.,0,0,0,0,0,.,.,0,0,0,0,0,.,.,0,0,0,0,0,.,.,0.000,0.000,20,,
21-May-1983,Toolik Tussock 1981 plots,SH,Graminoid,Other sedges,v0,new above,0.000,0.000,0.000,0.000,0.000,.,.,.,0,0.000,0.000,0.000,0.000,.,.,.,0.000,0.000,0.000,0.000,0.000,.,.,.,0.00,0.000,0.000,0.000,0.000,.,.,.,0.000,0.000,20.000,0,0,0,0,0,.,.,0,0,0,0,0,.,.,0,0,0,0,0,.,.,0,0,0,0,0,.,.,0.000,0.000,20,,
21-May-1983,Toolik Tussock 1981 plots,SH,Graminoid,Other sedges,inflorescence,new above,0.000,0.000,0.000,0.000,0.000,.,.,.,0,0.000,0.000,0.000,0.000,.,.,.,0.000,0.000,0.000,0.000,0.000,.,.,.,0.00,0.000,0.000,0.000,0.000,.,.,.,0.000,0.000,20.000,0,0,0,0,0,.,.,0,0,0,0,0,.,.,0,0,0,0,0,.,.,0,0,0,0,0,.,.,0.000,0.000,20,,
21-May-1983,Toolik Tussock 1981 plots,SH,Graminoid,Other sedges,CYS blade,new above,0.000,0.000,0.000,0.000,0.000,.,.,.,0,0.000,0.000,0.000,0.000,.,.,.,0.000,0.000,0.000,0.000,0.000,.,.,.,0.00,0.000,0.000,0.000,0.000,.,.,.,0.000,0.000,20.000,0,0,0,0,0,.,.,0,0,0,0,0,.,.,0,0,0,0,0,.,.,0,0,0,0,0,.,.,0.000,0.000,20,,
21-May-1983,Toolik Tussock 1981 plots,SH,Graminoid,Other sedges,CYS sheath,new above,0.000,0.000,0.000,0.000,0.000,.,.,.,0,0.000,0.000,0.000,0.000,.,.,.,0.000,0.000,0.000,0.000,0.000,.,.,.,0.00,0.000,0.000,0.000,0.000,.,.,.,0.000,0.000,20.000,0,0,0,0,0,.,.,0,0,0,0,0,.,.,0,0,0,0,0,.,.,0,0,0,0,0,.,.,0.000,0.000,20,,
21-May-1983,Toolik Tussock 1981 plots,SH,Graminoid,Other sedges,infl. bud,new above,0.000,0.000,0.000,0.000,0.000,.,.,.,0,0.000,0.000,0.000,0.000,.,.,.,0.000,0.000,0.000,0.000,0.000,.,.,.,0.00,0.000,0.000,0.000,0.000,.,.,.,0.000,0.000,20.000,0,0,0,0,0,.,.,0,0,0,0,0,.,.,0,0,0,0,0,.,.,0,0,0,0,0,.,.,0.000,0.000,20,,
21-May-1983,Toolik Tussock 1981 plots,SH,Deciduous,Betula nana,new leaves,new above,0.140,0.062,0.062,0.000,0.146,.,.,.,0,0.082,0.008,0.124,0.000,.,.,.,0.045,0.029,0.080,0.037,0.003,.,.,.,0.03,0.056,0.043,0.035,0.000,.,.,.,0.049,0.010,20.000,3.5,1.55,1.55,0,3.65,.,.,0,2.05,0.2,3.1,0,.,.,1.125,0.725,2,0.925,0.075,.,.,0.675,1.4,1.075,0.875,0,.,.,1.224,0.258,20,,
21-May-1983,Toolik Tussock 1981 plots,SH,Deciduous,Betula nana,new stems,new above,0.000,0.000,0.000,0.000,0.000,.,.,.,0,0.000,0.000,0.000,0.000,.,.,.,0.000,0.000,0.000,0.000,0.000,.,.,.,0.00,0.000,0.000,0.000,0.000,.,.,.,0.000,0.000,20.000,0,0,0,0,0,.,.,0,0,0,0,0,.,.,0,0,0,0,0,.,.,0,0,0,0,0,.,.,0.000,0.000,20,,
21-May-1983,Toolik Tussock 1981 plots,SH,Deciduous,Betula nana,old stems,old above,4.010,2.896,1.918,1.009,5.608,.,.,.,0,1.996,0.138,2.624,0.000,.,.,.,0.999,0.645,1.086,1.006,0.012,.,.,.,0.36,0.532,1.012,1.585,0.000,.,.,.,1.372,0.330,20.000,100.25,72.4,47.95,25.225,140.2,.,.,0,49.9,3.45,65.6,0,.,.,24.975,16.125,27.15,25.15,0.3,.,.,9.075,13.3,25.3,39.625,0,.,.,34.299,8.253,20,,
21-May-1983,Toolik Tussock 1981 plots,SH,Deciduous,Betula nana,below stems,below,0.000,0.000,0.000,0.000,0.000,.,.,.,0,0.000,0.000,0.000,0.000,.,.,.,0.000,0.000,0.000,0.000,0.000,.,.,.,0.00,0.000,0.000,0.000,0.000,.,.,.,0.000,0.000,20.000,0,0,0,0,0,.,.,0,0,0,0,0,.,.,0,0,0,0,0,.,.,0,0,0,0,0,.,.,0.000,0.000,20,,
21-May-1983,Toolik Tussock 1981 plots,SH,Deciduous,Betula nana,inflorescence,new above,0.000,0.008,0.000,0.000,0.009,.,.,.,0,0.004,0.000,0.000,0.000,.,.,.,0.004,0.000,0.000,0.000,0.000,.,.,.,0.00,0.000,0.000,0.000,0.000,.,.,.,0.001,0.001,20.000,0,0.2,0,0,0.225,.,.,0,0.1,0,0,0,.,.,0.1,0,0,0,0,.,.,0,0,0,0,0,.,.,0.031,0.015,20,,
21-May-1983,Toolik Tussock 1981 plots,SH,Deciduous,Rubus chamaemorus,new leaves,new above,0.000,0.000,0.000,0.000,0.000,.,.,.,0,0.000,0.000,0.000,0.000,.,.,.,0.000,0.000,0.000,0.000,0.000,.,.,.,0.00,0.000,0.000,0.000,0.000,.,.,.,0.000,0.000,20.000,0,0,0,0,0,.,.,0,0,0,0,0,.,.,0,0,0,0,0,.,.,0,0,0,0,0,.,.,0.000,0.000,20,,
21-May-1983,Toolik Tussock 1981 plots,SH,Deciduous,Rubus chamaemorus,new stems,new above,0.000,0.000,0.000,0.000,0.000,.,.,.,0,0.000,0.000,0.000,0.000,.,.,.,0.000,0.000,0.000,0.000,0.000,.,.,.,0.00,0.000,0.000,0.000,0.000,.,.,.,0.000,0.000,20.000,0,0,0,0,0,.,.,0,0,0,0,0,.,.,0,0,0,0,0,.,.,0,0,0,0,0,.,.,0.000,0.000,20,,
21-May-1983,Toolik Tussock 1981 plots,SH,Deciduous,Rubus chamaemorus,below stems,below,0.000,0.000,0.000,0.000,0.000,.,.,.,0,0.000,0.000,0.003,0.000,.,.,.,0.000,0.000,0.000,0.000,0.000,.,.,.,0.00,0.000,0.000,0.000,0.000,.,.,.,0.000,0.000,20.000,0,0,0,0,0,.,.,0,0,0,0.075,0,.,.,0,0,0,0,0,.,.,0,0,0,0,0,.,.,0.004,0.004,20,,
21-May-1983,Toolik Tussock 1981 plots,SH,Deciduous,Rubus chamaemorus,inflorescence,new above,0.000,0.000,0.000,0.000,0.000,.,.,.,0,0.000,0.000,0.000,0.000,.,.,.,0.000,0.000,0.000,0.000,0.000,.,.,.,0.00,0.000,0.000,0.000,0.000,.,.,.,0.000,0.000,20.000,0,0,0,0,0,.,.,0,0,0,0,0,.,.,0,0,0,0,0,.,.,0,0,0,0,0,.,.,0.000,0.000,20,,
21-May-1983,Toolik Tussock 1981 plots,SH,Deciduous,Other deciduous,new leaves,new above,0.000,0.000,0.000,0.000,0.000,.,.,.,0,0.000,0.000,0.000,0.000,.,.,.,0.007,0.010,0.049,0.057,0.017,.,.,.,0.00,0.012,0.000,0.000,0.000,.,.,.,0.008,0.004,20.000,0,0,0,0,0,.,.,0,0,0,0,0,.,.,0.175,0.25,1.225,1.425,0.425,.,.,0,0.3,0,0,0,.,.,0.190,0.091,20,,
21-May-1983,Toolik Tussock 1981 plots,SH,Deciduous,Other deciduous,new stems,new above,0.000,0.000,0.000,0.000,0.000,.,.,.,0,0.000,0.000,0.000,0.000,.,.,.,0.000,0.000,0.000,0.000,0.000,.,.,.,0.00,0.000,0.000,0.000,0.000,.,.,.,0.000,0.000,20.000,0,0,0,0,0,.,.,0,0,0,0,0,.,.,0,0,0,0,0,.,.,0,0,0,0,0,.,.,0.000,0.000,20,,
21-May-1983,Toolik Tussock 1981 plots,SH,Deciduous,Other deciduous,old stems,old above,0.000,0.000,0.000,0.000,0.000,.,.,.,0,0.000,0.000,0.000,0.000,.,.,.,0.000,0.000,0.000,1.615,0.000,.,.,.,0.00,0.467,0.000,0.000,0.881,.,.,.,0.148,0.091,20.000,0,0,0,0,0,.,.,0,0,0,0,0,.,.,0,0,0,40.375,0,.,.,0,11.675,0,0,22.025,.,.,3.704,2.281,20,,
21-May-1983,Toolik Tussock 1981 plots,SH,Deciduous,Other deciduous,below stems,below,0.000,0.000,0.000,0.000,0.000,.,.,.,0,0.000,0.000,0.000,0.000,.,.,.,0.017,0.057,0.171,0.000,0.064,.,.,.,0.00,0.000,0.000,0.000,0.000,.,.,.,0.015,0.009,20.000,0,0,0,0,0,.,.,0,0,0,0,0,.,.,0.425,1.425,4.275,0,1.6,.,.,0,0,0,0,0,.,.,0.386,0.230,20,,
21-May-1983,Toolik Tussock 1981 plots,SH,Deciduous,Other deciduous,inflorescence,new above,0.000,0.000,0.000,0.000,0.000,.,.,.,0,0.000,0.000,0.000,0.000,.,.,.,0.000,0.000,0.000,0.000,0.000,.,.,.,0.00,0.000,0.000,0.000,0.000,.,.,.,0.000,0.000,20.000,0,0,0,0,0,.,.,0,0,0,0,0,.,.,0,0,0,0,0,.,.,0,0,0,0,0,.,.,0.000,0.000,20,,
21-May-1983,Toolik Tussock 1981 plots,SH,Evergreen,Ledum palustre,old leaves,old above,0.655,0.230,0.957,0.696,0.077,.,.,.,2.106,0.758,0.683,0.830,0.563,.,.,.,1.231,0.938,1.198,0.532,0.626,.,.,.,1.55,0.744,0.865,0.995,1.052,.,.,.,0.865,0.099,20.000,16.375,5.75,23.925,17.4,1.925,.,.,52.65,18.95,17.075,20.75,14.075,.,.,30.775,23.45,29.95,13.3,15.65,.,.,38.85,18.6,21.625,24.875,26.3,.,.,21.613,2.481,20,,
21-May-1983,Toolik Tussock 1981 plots,SH,Evergreen,Ledum palustre,new leaves,new above,0.000,0.000,0.000,0.000,0.000,.,.,.,0,0.000,0.000,0.000,0.000,.,.,.,0.000,0.000,0.000,0.000,0.000,.,.,.,0.00,0.000,0.000,0.000,0.000,.,.,.,0.000,0.000,20.000,0,0,0,0,0,.,.,0,0,0,0,0,.,.,0,0,0,0,0,.,.,0,0,0,0,0,.,.,0.000,0.000,20,,
21-May-1983,Toolik Tussock 1981 plots,SH,Evergreen,Ledum palustre,new stems,new above,0.000,0.000,0.000,0.000,0.000,.,.,.,0,0.000,0.000,0.000,0.000,.,.,.,0.000,0.000,0.000,0.000,0.000,.,.,.,0.00,0.000,0.000,0.000,0.000,.,.,.,0.000,0.000,20.000,0,0,0,0,0,.,.,0,0,0,0,0,.,.,0,0,0,0,0,.,.,0,0,0,0,0,.,.,0.000,0.000,20,,
21-May-1983,Toolik Tussock 1981 plots,SH,Evergreen,Ledum palustre,old stems,old above,1.152,2.048,1.918,0.770,0.223,.,.,.,4.289,1.077,0.935,1.201,1.207,.,.,.,0.825,0.853,1.008,0.884,0.588,.,.,.,2.59,0.615,1.130,2.313,0.799,.,.,.,1.321,0.206,20.000,28.8,51.2,47.95,19.25,5.575,.,.,107.225,26.925,23.375,30.025,30.175,.,.,20.625,21.325,25.2,22.1,14.7,.,.,64.625,15.375,28.25,57.825,19.975,.,.,33.025,5.154,20,,
21-May-1983,Toolik Tussock 1981 plots,SH,Evergreen,Ledum palustre,below stems,below,0.000,0.000,0.000,0.000,0.000,.,.,.,0,0.000,0.000,0.000,0.000,.,.,.,0.000,0.000,0.000,0.000,0.000,.,.,.,0.00,0.000,0.000,0.000,0.000,.,.,.,0.000,0.000,20.000,0,0,0,0,0,.,.,0,0,0,0,0,.,.,0,0,0,0,0,.,.,0,0,0,0,0,.,.,0.000,0.000,20,,
21-May-1983,Toolik Tussock 1981 plots,SH,Evergreen,Ledum palustre,inflorescence,new above,0.008,0.000,0.026,0.000,0.000,.,.,.,0.04,0.019,0.000,0.004,0.000,.,.,.,0.000,0.000,0.000,0.000,0.000,.,.,.,0.01,0.009,0.000,0.000,0.000,.,.,.,0.006,0.002,20.000,0.2,0,0.65,0,0,.,.,1,0.475,0,0.1,0,.,.,0,0,0,0,0,.,.,0.225,0.225,0,0,0,.,.,0.144,0.060,20,,
21-May-1983,Toolik Tussock 1981 plots,SH,Evergreen,Vaccinium vitis-idaea,old leaves,old above,2.332,0.152,3.360,1.070,0.400,.,.,.,0.333,0.471,0.755,2.618,0.097,.,.,.,1.553,1.590,1.451,0.996,2.040,.,.,.,0.60,2.144,2.071,5.139,3.476,.,.,.,1.633,0.292,20.000,58.3,3.8,84,26.75,10,.,.,8.325,11.775,18.875,65.45,2.425,.,.,38.825,39.75,36.275,24.9,51,.,.,15.05,53.6,51.775,128.475,86.9,.,.,40.813,7.307,20,,
21-May-1983,Toolik Tussock 1981 plots,SH,Evergreen,Vaccinium vitis-idaea,new leaves,new above,0.000,0.000,0.000,0.000,0.000,.,.,.,0,0.000,0.000,0.000,0.000,.,.,.,0.000,0.000,0.000,0.000,0.000,.,.,.,0.00,0.000,0.000,0.000,0.000,.,.,.,0.000,0.000,20.000,0,0,0,0,0,.,.,0,0,0,0,0,.,.,0,0,0,0,0,.,.,0,0,0,0,0,.,.,0.000,0.000,20,,
21-May-1983,Toolik Tussock 1981 plots,SH,Evergreen,Vaccinium vitis-idaea,new stems,new above,0.000,0.000,0.000,0.000,0.000,.,.,.,0,0.000,0.000,0.000,0.000,.,.,.,0.000,0.000,0.000,0.000,0.000,.,.,.,0.00,0.000,0.000,0.000,0.000,.,.,.,0.000,0.000,20.000,0,0,0,0,0,.,.,0,0,0,0,0,.,.,0,0,0,0,0,.,.,0,0,0,0,0,.,.,0.000,0.000,20,,
21-May-1983,Toolik Tussock 1981 plots,SH,Evergreen,Vaccinium vitis-idaea,old stems,old above,0.657,0.078,0.933,0.236,0.171,.,.,.,0.111,0.133,0.182,0.669,0.036,.,.,.,0.335,0.385,0.332,0.351,0.590,.,.,.,0.14,0.596,0.772,1.918,0.876,.,.,.,0.475,0.098,20.000,16.425,1.95,23.325,5.9,4.275,.,.,2.775,3.325,4.55,16.725,0.9,.,.,8.375,9.625,8.3,8.775,14.75,.,.,3.475,14.9,19.3,47.95,21.9,.,.,11.875,2.451,20,,
21-May-1983,Toolik Tussock 1981 plots,SH,Evergreen,Vaccinium vitis-idaea,below stems,below,0.000,0.000,0.000,0.000,0.000,.,.,.,0,0.000,0.000,0.000,0.000,.,.,.,0.000,0.000,0.000,0.000,0.000,.,.,.,0.00,0.000,0.000,0.000,0.000,.,.,.,0.000,0.000,20.000,0,0,0,0,0,.,.,0,0,0,0,0,.,.,0,0,0,0,0,.,.,0,0,0,0,0,.,.,0.000,0.000,20,,
21-May-1983,Toolik Tussock 1981 plots,SH,Evergreen,Vaccinium vitis-idaea,inflorescence,new above,0.000,0.000,0.000,0.000,0.000,.,.,.,0,0.000,0.000,0.000,0.000,.,.,.,0.001,0.000,0.000,0.000,0.003,.,.,.,0.00,0.000,0.000,0.000,0.000,.,.,.,0.000,0.000,20.000,0,0,0,0,0,.,.,0,0,0,0,0,.,.,0.025,0,0,0,0.075,.,.,0,0,0,0,0,.,.,0.005,0.004,20,,
21-May-1983,Toolik Tussock 1981 plots,SH,Evergreen,Other Evergreen,old leaves,old above,0.000,0.000,0.000,0.000,0.000,.,.,.,0,0.000,0.000,0.000,0.000,.,.,.,0.582,0.269,1.301,0.000,0.137,.,.,.,0.00,0.504,0.091,0.917,0.253,.,.,.,0.203,0.081,20.000,0,0,0,0,0,.,.,0,0,0,0,0,.,.,14.55,6.725,32.525,0,3.425,.,.,0,12.6,2.275,22.925,6.325,.,.,5.068,2.015,20,,
21-May-1983,Toolik Tussock 1981 plots,SH,Evergreen,Other Evergreen,new leaves,new above,0.000,0.000,0.000,0.000,0.000,.,.,.,0,0.000,0.000,0.000,0.000,.,.,.,0.000,0.000,0.000,0.000,0.000,.,.,.,0.00,0.000,0.000,0.000,0.000,.,.,.,0.000,0.000,20.000,0,0,0,0,0,.,.,0,0,0,0,0,.,.,0,0,0,0,0,.,.,0,0,0,0,0,.,.,0.000,0.000,20,,
21-May-1983,Toolik Tussock 1981 plots,SH,Evergreen,Other Evergreen,new stems,new above,0.000,0.000,0.000,0.000,0.000,.,.,.,0,0.000,0.000,0.000,0.000,.,.,.,0.000,0.000,0.000,0.000,0.000,.,.,.,0.00,0.000,0.000,0.000,0.000,.,.,.,0.000,0.000,20.000,0,0,0,0,0,.,.,0,0,0,0,0,.,.,0,0,0,0,0,.,.,0,0,0,0,0,.,.,0.000,0.000,20,,
21-May-1983,Toolik Tussock 1981 plots,SH,Evergreen,Other Evergreen,old stems,old above,0.000,0.000,0.000,0.000,0.000,.,.,.,0,0.000,0.000,0.000,0.000,.,.,.,0.223,0.117,0.537,0.000,0.048,.,.,.,0.00,0.175,0.033,0.723,0.098,.,.,.,0.098,0.044,20.000,0,0,0,0,0,.,.,0,0,0,0,0,.,.,5.575,2.925,13.425,0,1.2,.,.,0,4.375,0.825,18.075,2.45,.,.,2.443,1.094,20,,
21-May-1983,Toolik Tussock 1981 plots,SH,Evergreen,Other Evergreen,below stems,below,0.000,0.000,0.000,0.000,0.000,.,.,.,0,0.000,0.000,0.000,0.000,.,.,.,0.000,0.000,0.000,0.000,0.000,.,.,.,0.00,0.000,0.000,0.000,0.000,.,.,.,0.000,0.000,20.000,0,0,0,0,0,.,.,0,0,0,0,0,.,.,0,0,0,0,0,.,.,0,0,0,0,0,.,.,0.000,0.000,20,,
21-May-1983,Toolik Tussock 1981 plots,SH,Evergreen,Other Evergreen,inflorescence,new above,0.000,0.000,0.000,0.000,0.000,.,.,.,0,0.000,0.000,0.000,0.000,.,.,.,0.003,0.000,0.012,0.000,0.001,.,.,.,0.00,0.000,0.000,0.000,0.000,.,.,.,0.001,0.001,20.000,0,0,0,0,0,.,.,0,0,0,0,0,.,.,0.075,0,0.3,0,0.025,.,.,0,0,0,0,0,.,.,0.020,0.015,20,,
21-May-1983,Toolik Tussock 1981 plots,SH,Forb,Forbs spp. ,new above,new above,0.000,0.000,0.000,0.000,0.000,.,.,.,0,0.000,0.000,0.000,0.000,.,.,.,0.000,0.000,0.000,0.000,0.000,.,.,.,0.00,0.000,0.000,0.000,0.000,.,.,.,0.000,0.000,20.000,0,0,0,0,0,.,.,0,0,0,0,0,.,.,0,0,0,0,0,.,.,0,0,0,0,0,.,.,0.000,0.000,20,,
21-May-1983,Toolik Tussock 1981 plots,SH,Forb,Forbs spp. ,below,below,0.000,0.000,0.000,0.000,0.000,.,.,.,0,0.000,0.000,0.000,0.000,.,.,.,0.000,0.000,0.000,0.000,0.000,.,.,.,0.00,0.000,0.000,0.000,0.000,.,.,.,0.000,0.000,20.000,0,0,0,0,0,.,.,0,0,0,0,0,.,.,0,0,0,0,0,.,.,0,0,0,0,0,.,.,0.000,0.000,20,,
14-Jun-1983,Toolik Tussock 1981 plots,Control,Graminoid,Eriophorum vaginatum,blade,new above,2.023,1.406,0.249,0.414,0.138,.,.,.,1.421,1.158,3.715,0.218,0.026,.,.,.,1.115,1.479,0.115,0.000,0.446,.,.,.,3.42,0.008,0.020,0.714,0.046,.,.,.,0.906,0.246,20.000,50.575,35.15,6.225,10.35,3.45,.,.,35.525,28.95,92.875,5.45,0.65,.,.,27.875,36.975,2.875,0,11.15,.,.,85.425,0.2,0.5,17.85,1.15,.,.,22.660,6.141,20,,
14-Jun-1983,Toolik Tussock 1981 plots,Control,Graminoid,Eriophorum vaginatum,sheath,new above,2.975,1.163,0.324,0.687,0.144,.,.,.,1.799,1.623,3.268,0.303,0.043,.,.,.,2.051,1.888,0.168,0.000,0.863,.,.,.,4.92,0.012,0.000,0.723,0.051,.,.,.,1.150,0.300,20.000,74.375,29.075,8.1,17.175,3.6,.,.,44.975,40.575,81.7,7.575,1.075,.,.,51.275,47.2,4.2,0,21.575,.,.,123.025,0.3,0,18.075,1.275,.,.,28.758,7.507,20,,
14-Jun-1983,Toolik Tussock 1981 plots,Control,Graminoid,Eriophorum vaginatum,rhizome,below,4.065,1.658,0.414,1.202,0.194,.,.,.,2.259,2.728,12.060,0.597,0.030,.,.,.,4.238,4.967,0.203,0.000,0.548,.,.,.,5.03,0.000,0.000,2.308,0.057,.,.,.,2.128,0.654,20.000,101.625,41.45,10.35,30.05,4.85,.,.,56.475,68.2,301.5,14.925,0.75,.,.,105.95,124.175,5.075,0,13.7,.,.,125.825,0,0,57.7,1.425,.,.,53.201,16.340,20,,
14-Jun-1983,Toolik Tussock 1981 plots,Control,Graminoid,Eriophorum vaginatum,v0,new above,0.032,0.003,0.005,0.019,0.012,.,.,.,0,0.000,0.016,0.000,0.000,.,.,.,0.009,0.002,0.006,0.000,0.010,.,.,.,0.10,0.000,0.000,0.000,0.000,.,.,.,0.011,0.005,20.000,0.8,0.075,0.125,0.475,0.3,.,.,0,0,0.4,0,0,.,.,0.225,0.05,0.15,0,0.25,.,.,2.425,0,0,0,0,.,.,0.264,0.123,20,,
14-Jun-1983,Toolik Tussock 1981 plots,Control,Graminoid,Eriophorum vaginatum,inflorescence,new above,0.000,0.048,0.000,0.000,0.000,.,.,.,0.077,0.298,3.410,0.000,0.000,.,.,.,0.223,0.088,0.000,0.000,0.000,.,.,.,0.38,0.000,0.000,0.667,0.000,.,.,.,0.259,0.170,20.000,0,1.2,0,0,0,.,.,1.925,7.45,85.25,0,0,.,.,5.575,2.2,0,0,0,.,.,9.375,0,0,16.675,0,.,.,6.483,4.258,20,,
14-Jun-1983,Toolik Tussock 1981 plots,Control,Graminoid,Eriophorum vaginatum,CYS blade,new above,0.000,0.000,0.000,0.000,0.000,.,.,.,0,0.000,0.000,0.000,0.000,.,.,.,0.000,0.000,0.000,0.000,0.000,.,.,.,0.00,0.000,0.000,0.000,0.000,.,.,.,0.000,0.000,20.000,0,0,0,0,0,.,.,0,0,0,0,0,.,.,0,0,0,0,0,.,.,0,0,0,0,0,.,.,0.000,0.000,20,,
14-Jun-1983,Toolik Tussock 1981 plots,Control,Graminoid,Eriophorum vaginatum,CYS sheath,new above,0.000,0.000,0.000,0.000,0.000,.,.,.,0,0.000,0.000,0.000,0.000,.,.,.,0.000,0.000,0.000,0.000,0.000,.,.,.,0.00,0.000,0.000,0.000,0.000,.,.,.,0.000,0.000,20.000,0,0,0,0,0,.,.,0,0,0,0,0,.,.,0,0,0,0,0,.,.,0,0,0,0,0,.,.,0.000,0.000,20,,
14-Jun-1983,Toolik Tussock 1981 plots,Control,Graminoid,Eriophorum vaginatum,infl. bud,new above,0.000,0.000,0.000,0.000,0.000,.,.,.,0,0.000,0.000,0.000,0.000,.,.,.,0.000,0.000,0.000,0.000,0.000,.,.,.,0.00,0.000,0.000,0.000,0.000,.,.,.,0.000,0.000,20.000,0,0,0,0,0,.,.,0,0,0,0,0,.,.,0,0,0,0,0,.,.,0,0,0,0,0,.,.,0.000,0.000,20,,
14-Jun-1983,Toolik Tussock 1981 plots,Control,Graminoid,Carex bigelowii,blade,new above,0.301,0.000,0.000,0.029,0.166,.,.,.,0.043,0.005,0.000,0.055,0.000,.,.,.,0.000,0.000,0.022,0.023,0.007,.,.,.,0.00,0.028,0.050,0.000,0.000,.,.,.,0.036,0.016,20.000,7.525,0,0,0.725,4.15,.,.,1.075,0.125,0,1.375,0,.,.,0,0,0.55,0.575,0.175,.,.,0,0.7,1.25,0,0,.,.,0.911,0.409,20,,
14-Jun-1983,Toolik Tussock 1981 plots,Control,Graminoid,Carex bigelowii,sheath,new above,0.351,0.000,0.000,0.059,0.101,.,.,.,0.024,0.003,0.000,0.031,0.000,.,.,.,0.000,0.000,0.022,0.022,0.009,.,.,.,0.00,0.049,0.040,0.000,0.000,.,.,.,0.036,0.018,20.000,8.775,0,0,1.475,2.525,.,.,0.6,0.075,0,0.775,0,.,.,0,0,0.55,0.55,0.225,.,.,0,1.225,1,0,0,.,.,0.889,0.441,20,,
14-Jun-1983,Toolik Tussock 1981 plots,Control,Graminoid,Carex bigelowii,rhizome,below,1.741,0.000,0.000,0.146,3.156,.,.,.,0.311,0.005,0.000,0.172,0.000,.,.,.,0.000,0.000,0.888,0.095,0.635,.,.,.,0.00,0.501,1.076,0.000,0.000,.,.,.,0.436,0.177,20.000,43.525,0,0,3.65,78.9,.,.,7.775,0.125,0,4.3,0,.,.,0,0,22.2,2.375,15.875,.,.,0,12.525,26.9,0,0,.,.,10.908,4.432,20,,
14-Jun-1983,Toolik Tussock 1981 plots,Control,Graminoid,Carex bigelowii,v0,new above,0.000,0.000,0.000,0.000,0.000,.,.,.,0,0.000,0.000,0.005,0.000,.,.,.,0.000,0.000,0.000,0.000,0.000,.,.,.,0.00,0.000,0.000,0.000,0.000,.,.,.,0.000,0.000,20.000,0,0,0,0,0,.,.,0,0,0,0.125,0,.,.,0,0,0,0,0,.,.,0,0,0,0,0,.,.,0.006,0.006,20,,
14-Jun-1983,Toolik Tussock 1981 plots,Control,Graminoid,Carex bigelowii,inflorescence,new above,0.000,0.000,0.000,0.000,0.000,.,.,.,0,0.000,0.000,0.000,0.000,.,.,.,0.000,0.000,0.000,0.049,0.073,.,.,.,0.00,0.000,0.000,0.000,0.000,.,.,.,0.006,0.004,20.000,0,0,0,0,0,.,.,0,0,0,0,0,.,.,0,0,0,1.225,1.825,.,.,0,0,0,0,0,.,.,0.153,0.107,20,,
14-Jun-1983,Toolik Tussock 1981 plots,Control,Graminoid,Carex bigelowii,CYS blade,new above,0.000,0.000,0.000,0.000,0.000,.,.,.,0,0.000,0.000,0.000,0.000,.,.,.,0.000,0.000,0.000,0.000,0.000,.,.,.,0.00,0.000,0.000,0.000,0.000,.,.,.,0.000,0.000,20.000,0,0,0,0,0,.,.,0,0,0,0,0,.,.,0,0,0,0,0,.,.,0,0,0,0,0,.,.,0.000,0.000,20,,
14-Jun-1983,Toolik Tussock 1981 plots,Control,Graminoid,Carex bigelowii,CYS sheath,new above,0.000,0.000,0.000,0.000,0.000,.,.,.,0,0.000,0.000,0.000,0.000,.,.,.,0.000,0.000,0.000,0.000,0.000,.,.,.,0.00,0.000,0.000,0.000,0.000,.,.,.,0.000,0.000,20.000,0,0,0,0,0,.,.,0,0,0,0,0,.,.,0,0,0,0,0,.,.,0,0,0,0,0,.,.,0.000,0.000,20,,
14-Jun-1983,Toolik Tussock 1981 plots,Control,Graminoid,Carex bigelowii,infl. bud,new above,0.000,0.000,0.000,0.000,0.000,.,.,.,0,0.000,0.000,0.000,0.000,.,.,.,0.000,0.000,0.000,0.000,0.000,.,.,.,0.00,0.000,0.000,0.000,0.000,.,.,.,0.000,0.000,20.000,0,0,0,0,0,.,.,0,0,0,0,0,.,.,0,0,0,0,0,.,.,0,0,0,0,0,.,.,0.000,0.000,20,,
14-Jun-1983,Toolik Tussock 1981 plots,Control,Graminoid,Other sedges,blade,new above,0.000,0.000,0.000,0.000,0.000,.,.,.,0,0.000,0.000,0.000,0.000,.,.,.,0.000,0.000,0.000,0.000,0.000,.,.,.,0.00,0.000,0.000,0.005,0.000,.,.,.,0.000,0.000,20.000,0,0,0,0,0,.,.,0,0,0,0,0,.,.,0,0,0,0,0,.,.,0,0,0,0.125,0,.,.,0.006,0.006,20,,
14-Jun-1983,Toolik Tussock 1981 plots,Control,Graminoid,Other sedges,sheath,new above,0.000,0.000,0.000,0.000,0.000,.,.,.,0,0.000,0.000,0.000,0.000,.,.,.,0.000,0.000,0.000,0.000,0.000,.,.,.,0.00,0.000,0.000,0.002,0.000,.,.,.,0.000,0.000,20.000,0,0,0,0,0,.,.,0,0,0,0,0,.,.,0,0,0,0,0,.,.,0,0,0,0.05,0,.,.,0.003,0.003,20,,
14-Jun-1983,Toolik Tussock 1981 plots,Control,Graminoid,Other sedges,rhizome,below,0.000,0.000,0.000,0.000,0.000,.,.,.,0,0.000,0.000,0.000,0.000,.,.,.,0.000,0.000,0.000,0.000,0.000,.,.,.,0.00,0.000,0.000,0.036,0.000,.,.,.,0.002,0.002,20.000,0,0,0,0,0,.,.,0,0,0,0,0,.,.,0,0,0,0,0,.,.,0,0,0,0.9,0,.,.,0.045,0.045,20,,
14-Jun-1983,Toolik Tussock 1981 plots,Control,Graminoid,Other sedges,v0,new above,0.000,0.000,0.000,0.000,0.000,.,.,.,0,0.000,0.000,0.000,0.000,.,.,.,0.000,0.000,0.000,0.000,0.000,.,.,.,0.00,0.000,0.000,0.000,0.000,.,.,.,0.000,0.000,20.000,0,0,0,0,0,.,.,0,0,0,0,0,.,.,0,0,0,0,0,.,.,0,0,0,0,0,.,.,0.000,0.000,20,,
14-Jun-1983,Toolik Tussock 1981 plots,Control,Graminoid,Other sedges,inflorescence,new above,0.000,0.000,0.000,0.000,0.000,.,.,.,0,0.000,0.000,0.000,0.000,.,.,.,0.000,0.000,0.000,0.000,0.000,.,.,.,0.00,0.000,0.000,0.000,0.000,.,.,.,0.000,0.000,20.000,0,0,0,0,0,.,.,0,0,0,0,0,.,.,0,0,0,0,0,.,.,0,0,0,0,0,.,.,0.000,0.000,20,,
14-Jun-1983,Toolik Tussock 1981 plots,Control,Graminoid,Other sedges,CYS blade,new above,0.000,0.000,0.000,0.000,0.000,.,.,.,0,0.000,0.000,0.000,0.000,.,.,.,0.000,0.000,0.000,0.000,0.000,.,.,.,0.00,0.000,0.000,0.000,0.000,.,.,.,0.000,0.000,20.000,0,0,0,0,0,.,.,0,0,0,0,0,.,.,0,0,0,0,0,.,.,0,0,0,0,0,.,.,0.000,0.000,20,,
14-Jun-1983,Toolik Tussock 1981 plots,Control,Graminoid,Other sedges,CYS sheath,new above,0.000,0.000,0.000,0.000,0.000,.,.,.,0,0.000,0.000,0.000,0.000,.,.,.,0.000,0.000,0.000,0.000,0.000,.,.,.,0.00,0.000,0.000,0.000,0.000,.,.,.,0.000,0.000,20.000,0,0,0,0,0,.,.,0,0,0,0,0,.,.,0,0,0,0,0,.,.,0,0,0,0,0,.,.,0.000,0.000,20,,
14-Jun-1983,Toolik Tussock 1981 plots,Control,Graminoid,Other sedges,infl. bud,new above,0.000,0.000,0.000,0.000,0.000,.,.,.,0,0.000,0.000,0.000,0.000,.,.,.,0.000,0.000,0.000,0.000,0.000,.,.,.,0.00,0.000,0.000,0.000,0.000,.,.,.,0.000,0.000,20.000,0,0,0,0,0,.,.,0,0,0,0,0,.,.,0,0,0,0,0,.,.,0,0,0,0,0,.,.,0.000,0.000,20,,
14-Jun-1983,Toolik Tussock 1981 plots,Control,Deciduous,Betula nana,new leaves,new above,0.052,0.062,0.294,0.221,0.052,.,.,.,0.217,0.000,0.000,0.101,0.159,.,.,.,0.000,0.011,0.119,0.171,0.035,.,.,.,0.13,0.760,0.613,0.313,0.089,.,.,.,0.170,0.045,20.000,1.3,1.55,7.35,5.525,1.3,.,.,5.425,0,0,2.525,3.975,.,.,0,0.275,2.975,4.275,0.875,.,.,3.25,19,15.325,7.825,2.225,.,.,4.249,1.126,20,,
14-Jun-1983,Toolik Tussock 1981 plots,Control,Deciduous,Betula nana,new stems,new above,0.000,0.000,0.000,0.000,0.000,.,.,.,0,0.000,0.000,0.000,0.000,.,.,.,0.000,0.000,0.000,0.000,0.000,.,.,.,0.00,0.000,0.000,0.000,0.000,.,.,.,0.000,0.000,20.000,0,0,0,0,0,.,.,0,0,0,0,0,.,.,0,0,0,0,0,.,.,0,0,0,0,0,.,.,0.000,0.000,20,,
14-Jun-1983,Toolik Tussock 1981 plots,Control,Deciduous,Betula nana,old stems,old above,1.230,0.882,7.542,4.730,1.312,.,.,.,2.24,0.000,0.000,1.139,6.832,.,.,.,0.000,0.063,9.668,4.978,0.820,.,.,.,1.83,5.986,7.562,3.438,2.185,.,.,.,3.122,0.675,20.000,30.75,22.05,188.55,118.25,32.8,.,.,56,0,0,28.475,170.8,.,.,0,1.575,241.7,124.45,20.5,.,.,45.7,149.65,189.05,85.95,54.625,.,.,78.044,16.880,20,,
14-Jun-1983,Toolik Tussock 1981 plots,Control,Deciduous,Betula nana,below stems,below,0.000,0.000,4.082,0.000,0.575,.,.,.,1.806,0.000,0.000,12.475,0.000,.,.,.,0.000,0.482,12.397,6.344,1.653,.,.,.,0.00,6.591,3.864,0.789,0.439,.,.,.,2.575,0.888,20.000,0,0,102.05,0,14.375,.,.,45.15,0,0,311.875,0,.,.,0,12.05,309.925,158.6,41.325,.,.,0,164.775,96.6,19.725,10.975,.,.,64.371,22.190,20,,
14-Jun-1983,Toolik Tussock 1981 plots,Control,Deciduous,Betula nana,inflorescence,new above,0.013,0.013,0.009,0.000,0.000,.,.,.,0,0.000,0.000,0.000,0.006,.,.,.,0.000,0.000,0.006,0.000,0.000,.,.,.,0.00,0.000,0.031,0.021,0.018,.,.,.,0.006,0.002,20.000,0.325,0.325,0.225,0,0,.,.,0,0,0,0,0.15,.,.,0,0,0.15,0,0,.,.,0,0,0.775,0.525,0.45,.,.,0.146,0.050,20,,
14-Jun-1983,Toolik Tussock 1981 plots,Control,Deciduous,Rubus chamaemorus,new leaves,new above,0.000,0.000,0.000,0.006,0.000,.,.,.,0.035,0.011,0.000,0.033,0.000,.,.,.,0.005,0.000,0.011,0.014,0.007,.,.,.,0.00,0.024,0.000,0.000,0.000,.,.,.,0.007,0.002,20.000,0,0,0,0.15,0,.,.,0.875,0.275,0,0.825,0,.,.,0.125,0,0.275,0.35,0.175,.,.,0.05,0.6,0,0,0,.,.,0.185,0.062,20,,
14-Jun-1983,Toolik Tussock 1981 plots,Control,Deciduous,Rubus chamaemorus,new stems,new above,0.000,0.000,0.000,0.000,0.000,.,.,.,0,0.000,0.000,0.000,0.000,.,.,.,0.000,0.000,0.000,0.000,0.000,.,.,.,0.00,0.000,0.000,0.000,0.000,.,.,.,0.000,0.000,20.000,0,0,0,0,0,.,.,0,0,0,0,0,.,.,0,0,0,0,0,.,.,0,0,0,0,0,.,.,0.000,0.000,20,,
14-Jun-1983,Toolik Tussock 1981 plots,Control,Deciduous,Rubus chamaemorus,below stems,below,0.135,0.083,0.772,0.633,0.000,.,.,.,0.589,0.127,0.000,2.426,0.000,.,.,.,0.179,0.067,0.400,0.703,0.080,.,.,.,0.06,0.394,0.000,0.048,0.303,.,.,.,0.350,0.123,20.000,3.375,2.075,19.3,15.825,0,.,.,14.725,3.175,0,60.65,0,.,.,4.475,1.675,10,17.575,2,.,.,1.45,9.85,0,1.2,7.575,.,.,8.746,3.081,20,,
14-Jun-1983,Toolik Tussock 1981 plots,Control,Deciduous,Rubus chamaemorus,inflorescence,new above,0.000,0.000,0.000,0.000,0.000,.,.,.,0,0.000,0.000,0.000,0.000,.,.,.,0.000,0.000,0.000,0.000,0.000,.,.,.,0.00,0.000,0.000,0.000,0.000,.,.,.,0.000,0.000,20.000,0,0,0,0,0,.,.,0,0,0,0,0,.,.,0,0,0,0,0,.,.,0,0,0,0,0,.,.,0.000,0.000,20,,
14-Jun-1983,Toolik Tussock 1981 plots,Control,Deciduous,Other deciduous,new leaves,new above,0.000,0.000,0.000,0.000,0.000,.,.,.,0,0.000,0.000,0.000,0.000,.,.,.,0.046,0.000,0.000,0.000,0.021,.,.,.,0.00,0.000,0.000,0.000,0.000,.,.,.,0.003,0.002,20.000,0,0,0,0,0,.,.,0,0,0,0,0,.,.,1.15,0,0,0,0.525,.,.,0,0,0,0,0,.,.,0.084,0.062,20,,
14-Jun-1983,Toolik Tussock 1981 plots,Control,Deciduous,Other deciduous,new stems,new above,0.000,0.000,0.000,0.000,0.000,.,.,.,0,0.000,0.000,0.000,0.000,.,.,.,0.000,0.000,0.000,0.000,0.000,.,.,.,0.00,0.000,0.000,0.000,0.000,.,.,.,0.000,0.000,20.000,0,0,0,0,0,.,.,0,0,0,0,0,.,.,0,0,0,0,0,.,.,0,0,0,0,0,.,.,0.000,0.000,20,,
14-Jun-1983,Toolik Tussock 1981 plots,Control,Deciduous,Other deciduous,old stems,old above,0.000,0.000,0.000,0.000,0.000,.,.,.,0,0.000,0.000,0.000,0.000,.,.,.,0.000,0.545,0.000,4.278,0.000,.,.,.,0.00,0.000,0.163,0.000,0.000,.,.,.,0.249,0.214,20.000,0,0,0,0,0,.,.,0,0,0,0,0,.,.,0,13.625,0,106.95,0,.,.,0,0,4.075,0,0,.,.,6.233,5.347,20,,
14-Jun-1983,Toolik Tussock 1981 plots,Control,Deciduous,Other deciduous,below stems,below,0.095,0.000,0.000,0.000,0.000,.,.,.,0,0.000,0.000,0.000,0.000,.,.,.,0.565,0.618,0.000,2.290,0.060,.,.,.,0.00,0.000,0.429,0.000,0.000,.,.,.,0.203,0.118,20.000,2.375,0,0,0,0,.,.,0,0,0,0,0,.,.,14.125,15.45,0,57.25,1.5,.,.,0,0,10.725,0,0,.,.,5.071,2.958,20,,
14-Jun-1983,Toolik Tussock 1981 plots,Control,Deciduous,Other deciduous,inflorescence,new above,0.000,0.000,0.000,0.000,0.000,.,.,.,0,0.000,0.000,0.000,0.000,.,.,.,0.000,0.000,0.000,0.000,0.000,.,.,.,0.00,0.000,0.000,0.000,0.000,.,.,.,0.000,0.000,20.000,0,0,0,0,0,.,.,0,0,0,0,0,.,.,0,0,0,0,0,.,.,0,0,0,0,0,.,.,0.000,0.000,20,,
14-Jun-1983,Toolik Tussock 1981 plots,Control,Evergreen,Ledum palustre,old leaves,old above,0.266,0.282,0.014,1.377,0.997,.,.,.,1.478,1.360,0.095,0.730,1.130,.,.,.,1.672,0.545,0.558,0.804,0.945,.,.,.,0.93,1.046,0.775,0.416,1.154,.,.,.,0.829,0.105,20.000,6.65,7.05,0.35,34.425,24.925,.,.,36.95,34,2.375,18.25,28.25,.,.,41.8,13.625,13.95,20.1,23.625,.,.,23.15,26.15,19.375,10.4,28.85,.,.,20.713,2.618,20,,
14-Jun-1983,Toolik Tussock 1981 plots,Control,Evergreen,Ledum palustre,new leaves,new above,0.000,0.015,0.003,0.000,0.008,.,.,.,0.038,0.024,0.001,0.017,0.009,.,.,.,0.073,0.006,0.000,0.010,0.042,.,.,.,0.02,0.033,0.019,0.017,0.018,.,.,.,0.018,0.004,20.000,0,0.375,0.075,0,0.2,.,.,0.95,0.6,0.025,0.425,0.225,.,.,1.825,0.15,0,0.25,1.05,.,.,0.5,0.825,0.475,0.425,0.45,.,.,0.441,0.101,20,,
14-Jun-1983,Toolik Tussock 1981 plots,Control,Evergreen,Ledum palustre,new stems,new above,0.000,0.000,0.000,0.000,0.000,.,.,.,0,0.000,0.000,0.000,0.000,.,.,.,0.000,0.000,0.000,0.000,0.000,.,.,.,0.00,0.000,0.000,0.000,0.000,.,.,.,0.000,0.000,20.000,0,0,0,0,0,.,.,0,0,0,0,0,.,.,0,0,0,0,0,.,.,0,0,0,0,0,.,.,0.000,0.000,20,,
14-Jun-1983,Toolik Tussock 1981 plots,Control,Evergreen,Ledum palustre,old stems,old above,0.326,1.967,0.012,1.701,1.407,.,.,.,0.866,1.889,0.131,1.148,5.055,.,.,.,3.978,0.485,0.517,1.980,1.687,.,.,.,3.11,1.495,1.797,1.036,0.816,.,.,.,1.570,0.284,20.000,8.15,49.175,0.3,42.525,35.175,.,.,21.65,47.225,3.275,28.7,126.375,.,.,99.45,12.125,12.925,49.5,42.175,.,.,77.7,37.375,44.925,25.9,20.4,.,.,39.251,7.107,20,,
14-Jun-1983,Toolik Tussock 1981 plots,Control,Evergreen,Ledum palustre,below stems,below,1.986,0.752,0.232,7.126,5.067,.,.,.,4.248,1.284,0.297,2.791,4.720,.,.,.,3.425,0.584,4.174,3.006,2.284,.,.,.,2.14,3.914,2.878,2.072,5.472,.,.,.,2.922,0.417,20.000,49.65,18.8,5.8,178.15,126.675,.,.,106.2,32.1,7.425,69.775,118,.,.,85.625,14.6,104.35,75.15,57.1,.,.,53.375,97.85,71.95,51.8,136.8,.,.,73.059,10.435,20,,
14-Jun-1983,Toolik Tussock 1981 plots,Control,Evergreen,Ledum palustre,inflorescence,new above,0.000,0.000,0.000,0.019,0.005,.,.,.,0,0.058,0.000,0.006,0.083,.,.,.,0.014,0.000,0.000,0.040,0.000,.,.,.,0.06,0.042,0.000,0.000,0.000,.,.,.,0.016,0.006,20.000,0,0,0,0.475,0.125,.,.,0,1.45,0,0.15,2.075,.,.,0.35,0,0,1,0,.,.,1.425,1.05,0,0,0,.,.,0.405,0.142,20,,
14-Jun-1983,Toolik Tussock 1981 plots,Control,Evergreen,Vaccinium vitis-idaea,old leaves,old above,0.621,1.206,0.060,0.871,0.981,.,.,.,1.301,1.232,0.282,1.334,0.005,.,.,.,2.200,1.184,0.222,2.008,1.572,.,.,.,0.74,2.006,1.582,1.233,1.378,.,.,.,1.101,0.142,20.000,15.525,30.15,1.5,21.775,24.525,.,.,32.525,30.8,7.05,33.35,0.125,.,.,55,29.6,5.55,50.2,39.3,.,.,18.5,50.15,39.55,30.825,34.45,.,.,27.523,3.555,20,,
14-Jun-1983,Toolik Tussock 1981 plots,Control,Evergreen,Vaccinium vitis-idaea,new leaves,new above,0.000,0.000,0.000,0.003,0.000,.,.,.,0.002,0.000,0.001,0.004,0.000,.,.,.,0.005,0.000,0.000,0.020,0.007,.,.,.,0.00,0.014,0.003,0.004,0.000,.,.,.,0.003,0.001,20.000,0,0,0,0.075,0,.,.,0.05,0,0.025,0.1,0,.,.,0.125,0,0,0.5,0.175,.,.,0.075,0.35,0.075,0.1,0,.,.,0.083,0.029,20,,
14-Jun-1983,Toolik Tussock 1981 plots,Control,Evergreen,Vaccinium vitis-idaea,new stems,new above,0.000,0.000,0.000,0.000,0.000,.,.,.,0,0.000,0.000,0.000,0.000,.,.,.,0.000,0.000,0.000,0.000,0.000,.,.,.,0.00,0.000,0.000,0.000,0.000,.,.,.,0.000,0.000,20.000,0,0,0,0,0,.,.,0,0,0,0,0,.,.,0,0,0,0,0,.,.,0,0,0,0,0,.,.,0.000,0.000,20,,
14-Jun-1983,Toolik Tussock 1981 plots,Control,Evergreen,Vaccinium vitis-idaea,old stems,old above,0.229,0.307,0.017,0.397,0.291,.,.,.,0.321,0.341,0.132,0.261,0.011,.,.,.,0.695,0.664,0.056,0.814,0.456,.,.,.,0.20,0.550,0.427,0.499,0.331,.,.,.,0.350,0.049,20.000,5.725,7.675,0.425,9.925,7.275,.,.,8.025,8.525,3.3,6.525,0.275,.,.,17.375,16.6,1.4,20.35,11.4,.,.,5.075,13.75,10.675,12.475,8.275,.,.,8.753,1.233,20,,
14-Jun-1983,Toolik Tussock 1981 plots,Control,Evergreen,Vaccinium vitis-idaea,below stems,below,0.673,0.000,0.763,1.313,3.710,.,.,.,1.099,0.982,0.407,3.117,0.462,.,.,.,3.468,1.457,0.496,1.555,1.226,.,.,.,0.59,1.930,0.975,1.486,1.062,.,.,.,1.338,0.227,20.000,16.825,0,19.075,32.825,92.75,.,.,27.475,24.55,10.175,77.925,11.55,.,.,86.7,36.425,12.4,38.875,30.65,.,.,14.625,48.25,24.375,37.15,26.55,.,.,33.458,5.684,20,,
14-Jun-1983,Toolik Tussock 1981 plots,Control,Evergreen,Vaccinium vitis-idaea,inflorescence,new above,0.000,0.000,0.000,0.000,0.000,.,.,.,0.002,0.000,0.000,0.000,0.000,.,.,.,0.000,0.000,0.000,0.000,0.000,.,.,.,0.00,0.000,0.000,0.000,0.000,.,.,.,0.000,0.000,20.000,0,0,0,0,0,.,.,0.05,0,0,0,0,.,.,0,0,0,0,0,.,.,0,0,0,0,0,.,.,0.003,0.003,20,,
14-Jun-1983,Toolik Tussock 1981 plots,Control,Evergreen,Other Evergreen,old leaves,old above,1.648,0.000,0.000,0.000,0.000,.,.,.,0.542,0.334,0.000,0.000,0.000,.,.,.,0.114,0.000,0.000,0.000,0.667,.,.,.,0.00,0.544,0.000,0.000,0.000,.,.,.,0.192,0.091,20.000,41.2,0,0,0,0,.,.,13.55,8.35,0,0,0,.,.,2.85,0,0,0,16.675,.,.,0,13.6,0,0,0,.,.,4.811,2.270,20,,
14-Jun-1983,Toolik Tussock 1981 plots,Control,Evergreen,Other Evergreen,new leaves,new above,0.000,0.000,0.000,0.000,0.000,.,.,.,0,0.000,0.000,0.000,0.000,.,.,.,0.000,0.000,0.000,0.000,0.000,.,.,.,0.00,0.000,0.000,0.000,0.000,.,.,.,0.000,0.000,20.000,0,0,0,0,0,.,.,0,0,0,0,0,.,.,0,0,0,0,0,.,.,0,0,0,0,0,.,.,0.000,0.000,20,,
14-Jun-1983,Toolik Tussock 1981 plots,Control,Evergreen,Other Evergreen,new stems,new above,0.000,0.000,0.000,0.000,0.000,.,.,.,0,0.000,0.000,0.000,0.000,.,.,.,0.000,0.000,0.000,0.000,0.000,.,.,.,0.00,0.000,0.000,0.000,0.000,.,.,.,0.000,0.000,20.000,0,0,0,0,0,.,.,0,0,0,0,0,.,.,0,0,0,0,0,.,.,0,0,0,0,0,.,.,0.000,0.000,20,,
14-Jun-1983,Toolik Tussock 1981 plots,Control,Evergreen,Other Evergreen,old stems,old above,0.345,0.000,0.000,0.000,0.000,.,.,.,0.492,0.122,0.000,0.000,0.000,.,.,.,0.064,0.000,0.000,0.000,0.399,.,.,.,0.00,0.030,0.000,0.000,0.000,.,.,.,0.073,0.034,20.000,8.625,0,0,0,0,.,.,12.3,3.05,0,0,0,.,.,1.6,0,0,0,9.975,.,.,0,0.75,0,0,0,.,.,1.815,0.846,20,,
14-Jun-1983,Toolik Tussock 1981 plots,Control,Evergreen,Other Evergreen,below stems,below,0.349,0.000,0.000,0.000,0.000,.,.,.,0.912,0.082,0.000,0.000,0.000,.,.,.,0.303,0.000,0.000,0.000,0.787,.,.,.,0.00,0.849,0.000,0.000,0.000,.,.,.,0.164,0.070,20.000,8.725,0,0,0,0,.,.,22.8,2.05,0,0,0,.,.,7.575,0,0,0,19.675,.,.,0,21.225,0,0,0,.,.,4.103,1.746,20,,
14-Jun-1983,Toolik Tussock 1981 plots,Control,Evergreen,Other Evergreen,inflorescence,new above,0.000,0.000,0.000,0.000,0.000,.,.,.,0,0.000,0.000,0.000,0.000,.,.,.,0.000,0.000,0.000,0.000,0.000,.,.,.,0.00,0.000,0.000,0.000,0.000,.,.,.,0.000,0.000,20.000,0,0,0,0,0,.,.,0,0,0,0,0,.,.,0,0,0,0,0,.,.,0,0,0,0,0,.,.,0.000,0.000,20,,
14-Jun-1983,Toolik Tussock 1981 plots,Control,Forb,Forbs spp. ,new above,new above,0.000,0.000,0.000,0.000,0.030,.,.,.,0.037,0.000,0.000,0.013,0.000,.,.,.,0.000,0.000,0.000,0.000,0.000,.,.,.,0.00,0.004,0.000,0.016,0.000,.,.,.,0.005,0.002,20.000,0,0,0,0,0.75,.,.,0.925,0,0,0.325,0,.,.,0,0,0,0,0,.,.,0,0.1,0,0.4,0,.,.,0.125,0.060,20,,
14-Jun-1983,Toolik Tussock 1981 plots,Control,Forb,Forbs spp. ,below,below,0.000,0.000,0.000,0.000,0.235,.,.,.,0.021,0.000,0.000,0.092,0.000,.,.,.,0.000,0.000,0.000,0.000,0.000,.,.,.,0.00,0.012,0.000,0.146,0.000,.,.,.,0.025,0.014,20.000,0,0,0,0,5.875,.,.,0.525,0,0,2.3,0,.,.,0,0,0,0,0,.,.,0,0.3,0,3.65,0,.,.,0.633,0.346,20,,
14-Jun-1983,Toolik Tussock 1981 plots,NP,Graminoid,Eriophorum vaginatum,blade,new above,0.666,0.188,2.130,2.962,0.000,.,.,.,0.117,1.223,0.000,0.798,1.744,.,.,.,2.388,5.507,1.080,4.577,1.037,.,.,.,0.03,0.000,0.142,0.113,0.540,.,.,.,1.262,0.350,20.000,16.65,4.7,53.25,74.05,0,.,.,2.925,30.575,0,19.95,43.6,.,.,59.7,137.675,27,114.425,25.925,.,.,0.675,0,3.55,2.825,13.5,.,.,31.549,8.761,20,,
14-Jun-1983,Toolik Tussock 1981 plots,NP,Graminoid,Eriophorum vaginatum,sheath,new above,1.071,0.243,2.356,2.271,0.000,.,.,.,0.149,2.073,0.000,0.860,1.798,.,.,.,2.725,3.406,1.825,6.275,1.140,.,.,.,0.00,0.000,0.092,0.072,0.617,.,.,.,1.349,0.353,20.000,26.775,6.075,58.9,56.775,0,.,.,3.725,51.825,0,21.5,44.95,.,.,68.125,85.15,45.625,156.875,28.5,.,.,0.1,0,2.3,1.8,15.425,.,.,33.721,8.815,20,,
14-Jun-1983,Toolik Tussock 1981 plots,NP,Graminoid,Eriophorum vaginatum,rhizome,below,0.978,0.212,2.049,4.111,0.000,.,.,.,0.132,2.985,0.000,1.151,1.810,.,.,.,3.315,3.689,2.000,7.019,1.892,.,.,.,0.01,0.000,0.232,0.036,0.495,.,.,.,1.606,0.416,20.000,24.45,5.3,51.225,102.775,0,.,.,3.3,74.625,0,28.775,45.25,.,.,82.875,92.225,50,175.475,47.3,.,.,0.175,0,5.8,0.9,12.375,.,.,40.141,10.404,20,,
14-Jun-1983,Toolik Tussock 1981 plots,NP,Graminoid,Eriophorum vaginatum,v0,new above,0.005,0.000,0.000,0.028,0.000,.,.,.,0,0.088,0.000,0.031,0.028,.,.,.,0.053,0.076,0.080,0.089,0.034,.,.,.,0.00,0.000,0.000,0.000,0.037,.,.,.,0.027,0.007,20.000,0.125,0,0,0.7,0,.,.,0,2.2,0,0.775,0.7,.,.,1.325,1.9,2,2.225,0.85,.,.,0,0,0,0,0.925,.,.,0.686,0.184,20,,
14-Jun-1983,Toolik Tussock 1981 plots,NP,Graminoid,Eriophorum vaginatum,inflorescence,new above,0.000,0.000,0.318,0.516,0.000,.,.,.,0,0.000,0.000,0.133,0.204,.,.,.,0.328,0.307,0.279,0.000,0.436,.,.,.,0.00,0.000,0.000,0.000,0.000,.,.,.,0.126,0.039,20.000,0,0,7.95,12.9,0,.,.,0,0,0,3.325,5.1,.,.,8.2,7.675,6.975,0,10.9,.,.,0,0,0,0,0,.,.,3.151,0.976,20,,
14-Jun-1983,Toolik Tussock 1981 plots,NP,Graminoid,Eriophorum vaginatum,CYS blade,new above,0.000,0.000,0.000,0.000,0.000,.,.,.,0,0.000,0.000,0.000,0.000,.,.,.,0.000,0.000,0.000,0.000,0.000,.,.,.,0.00,0.000,0.000,0.000,0.000,.,.,.,0.000,0.000,20.000,0,0,0,0,0,.,.,0,0,0,0,0,.,.,0,0,0,0,0,.,.,0,0,0,0,0,.,.,0.000,0.000,20,,
14-Jun-1983,Toolik Tussock 1981 plots,NP,Graminoid,Eriophorum vaginatum,CYS sheath,new above,0.000,0.000,0.000,0.000,0.000,.,.,.,0,0.000,0.000,0.000,0.000,.,.,.,0.000,0.000,0.000,0.000,0.000,.,.,.,0.00,0.000,0.000,0.000,0.000,.,.,.,0.000,0.000,20.000,0,0,0,0,0,.,.,0,0,0,0,0,.,.,0,0,0,0,0,.,.,0,0,0,0,0,.,.,0.000,0.000,20,,
14-Jun-1983,Toolik Tussock 1981 plots,NP,Graminoid,Eriophorum vaginatum,infl. bud,new above,0.000,0.000,0.000,0.000,0.000,.,.,.,0,0.000,0.000,0.000,0.000,.,.,.,0.000,0.000,0.000,0.000,0.000,.,.,.,0.00,0.000,0.000,0.000,0.000,.,.,.,0.000,0.000,20.000,0,0,0,0,0,.,.,0,0,0,0,0,.,.,0,0,0,0,0,.,.,0,0,0,0,0,.,.,0.000,0.000,20,,
14-Jun-1983,Toolik Tussock 1981 plots,NP,Graminoid,Carex bigelowii,blade,new above,0.000,0.274,0.000,0.277,0.086,.,.,.,0.026,0.012,0.042,0.259,0.000,.,.,.,0.153,0.000,0.033,0.000,0.140,.,.,.,0.04,0.361,0.327,0.163,0.207,.,.,.,0.120,0.028,20.000,0,6.85,0,6.925,2.15,.,.,0.65,0.3,1.05,6.475,0,.,.,3.825,0,0.825,0,3.5,.,.,1,9.025,8.175,4.075,5.175,.,.,3.000,0.694,20,,
14-Jun-1983,Toolik Tussock 1981 plots,NP,Graminoid,Carex bigelowii,sheath,new above,0.000,0.199,0.000,0.166,0.062,.,.,.,0.18,0.021,0.047,0.131,0.000,.,.,.,0.113,0.000,0.030,0.000,0.106,.,.,.,0.03,0.136,0.271,0.148,0.154,.,.,.,0.090,0.018,20.000,0,4.975,0,4.15,1.55,.,.,4.5,0.525,1.175,3.275,0,.,.,2.825,0,0.75,0,2.65,.,.,0.75,3.4,6.775,3.7,3.85,.,.,2.243,0.455,20,,
14-Jun-1983,Toolik Tussock 1981 plots,NP,Graminoid,Carex bigelowii,rhizome,below,0.000,0.966,0.130,1.203,0.920,.,.,.,0.115,0.038,0.239,1.409,0.000,.,.,.,0.234,0.000,0.136,0.000,4.134,.,.,.,7.07,3.693,1.149,0.912,2.088,.,.,.,1.222,0.406,20.000,0,24.15,3.25,30.075,23,.,.,2.875,0.95,5.975,35.225,0,.,.,5.85,0,3.4,0,103.35,.,.,176.8,92.325,28.725,22.8,52.2,.,.,30.548,10.160,20,,
14-Jun-1983,Toolik Tussock 1981 plots,NP,Graminoid,Carex bigelowii,v0,new above,0.000,0.031,0.000,0.000,0.049,.,.,.,0.017,0.000,0.004,0.000,0.000,.,.,.,0.000,0.000,0.000,0.000,0.002,.,.,.,0.00,0.000,0.037,0.014,0.007,.,.,.,0.008,0.003,20.000,0,0.775,0,0,1.225,.,.,0.425,0,0.1,0,0,.,.,0,0,0,0,0.05,.,.,0,0,0.925,0.35,0.175,.,.,0.201,0.081,20,,
14-Jun-1983,Toolik Tussock 1981 plots,NP,Graminoid,Carex bigelowii,inflorescence,new above,0.000,0.083,0.000,0.064,0.000,.,.,.,0,0.000,0.073,0.040,0.000,.,.,.,0.000,0.000,0.000,0.000,0.054,.,.,.,0.10,0.000,0.000,0.029,0.000,.,.,.,0.022,0.008,20.000,0,2.075,0,1.6,0,.,.,0,0,1.825,1,0,.,.,0,0,0,0,1.35,.,.,2.6,0,0,0.725,0,.,.,0.559,0.192,20,,
14-Jun-1983,Toolik Tussock 1981 plots,NP,Graminoid,Carex bigelowii,CYS blade,new above,0.000,0.000,0.000,0.000,0.000,.,.,.,0,0.000,0.000,0.000,0.000,.,.,.,0.000,0.000,0.000,0.000,0.000,.,.,.,0.00,0.000,0.000,0.000,0.000,.,.,.,0.000,0.000,20.000,0,0,0,0,0,.,.,0,0,0,0,0,.,.,0,0,0,0,0,.,.,0,0,0,0,0,.,.,0.000,0.000,20,,
14-Jun-1983,Toolik Tussock 1981 plots,NP,Graminoid,Carex bigelowii,CYS sheath,new above,0.000,0.000,0.000,0.000,0.000,.,.,.,0,0.000,0.000,0.000,0.000,.,.,.,0.000,0.000,0.000,0.000,0.000,.,.,.,0.00,0.000,0.000,0.000,0.000,.,.,.,0.000,0.000,20.000,0,0,0,0,0,.,.,0,0,0,0,0,.,.,0,0,0,0,0,.,.,0,0,0,0,0,.,.,0.000,0.000,20,,
14-Jun-1983,Toolik Tussock 1981 plots,NP,Graminoid,Carex bigelowii,infl. bud,new above,0.000,0.000,0.000,0.000,0.000,.,.,.,0,0.000,0.000,0.000,0.000,.,.,.,0.000,0.000,0.000,0.000,0.000,.,.,.,0.00,0.000,0.000,0.000,0.000,.,.,.,0.000,0.000,20.000,0,0,0,0,0,.,.,0,0,0,0,0,.,.,0,0,0,0,0,.,.,0,0,0,0,0,.,.,0.000,0.000,20,,
14-Jun-1983,Toolik Tussock 1981 plots,NP,Graminoid,Other sedges,blade,new above,0.000,0.000,0.000,0.000,0.000,.,.,.,0,0.000,0.099,0.000,0.000,.,.,.,0.000,0.000,0.000,0.000,0.000,.,.,.,0.00,0.000,0.000,0.000,0.000,.,.,.,0.005,0.005,20.000,0,0,0,0,0,.,.,0,0,2.475,0,0,.,.,0,0,0,0,0,.,.,0,0,0,0,0,.,.,0.124,0.124,20,,
14-Jun-1983,Toolik Tussock 1981 plots,NP,Graminoid,Other sedges,sheath,new above,0.000,0.000,0.000,0.000,0.000,.,.,.,0,0.000,0.046,0.000,0.000,.,.,.,0.000,0.000,0.000,0.000,0.000,.,.,.,0.00,0.000,0.000,0.000,0.000,.,.,.,0.002,0.002,20.000,0,0,0,0,0,.,.,0,0,1.15,0,0,.,.,0,0,0,0,0,.,.,0,0,0,0,0,.,.,0.058,0.058,20,,
14-Jun-1983,Toolik Tussock 1981 plots,NP,Graminoid,Other sedges,rhizome,below,0.000,0.000,0.000,0.000,0.000,.,.,.,0,0.000,0.195,0.000,0.000,.,.,.,0.000,0.000,0.000,0.000,0.000,.,.,.,0.00,0.000,0.000,0.000,0.000,.,.,.,0.010,0.010,20.000,0,0,0,0,0,.,.,0,0,4.875,0,0,.,.,0,0,0,0,0,.,.,0,0,0,0,0,.,.,0.244,0.244,20,,
14-Jun-1983,Toolik Tussock 1981 plots,NP,Graminoid,Other sedges,v0,new above,0.000,0.000,0.000,0.000,0.000,.,.,.,0,0.000,0.043,0.000,0.000,.,.,.,0.000,0.000,0.000,0.000,0.000,.,.,.,0.00,0.000,0.000,0.000,0.000,.,.,.,0.002,0.002,20.000,0,0,0,0,0,.,.,0,0,1.075,0,0,.,.,0,0,0,0,0,.,.,0,0,0,0,0,.,.,0.054,0.054,20,,
14-Jun-1983,Toolik Tussock 1981 plots,NP,Graminoid,Other sedges,inflorescence,new above,0.000,0.000,0.000,0.000,0.000,.,.,.,0,0.000,0.000,0.000,0.000,.,.,.,0.000,0.000,0.000,0.000,0.000,.,.,.,0.00,0.000,0.000,0.000,0.000,.,.,.,0.000,0.000,20.000,0,0,0,0,0,.,.,0,0,0,0,0,.,.,0,0,0,0,0,.,.,0,0,0,0,0,.,.,0.000,0.000,20,,
14-Jun-1983,Toolik Tussock 1981 plots,NP,Graminoid,Other sedges,CYS blade,new above,0.000,0.000,0.000,0.000,0.000,.,.,.,0,0.000,0.000,0.000,0.000,.,.,.,0.000,0.000,0.000,0.000,0.000,.,.,.,0.00,0.000,0.000,0.000,0.000,.,.,.,0.000,0.000,20.000,0,0,0,0,0,.,.,0,0,0,0,0,.,.,0,0,0,0,0,.,.,0,0,0,0,0,.,.,0.000,0.000,20,,
14-Jun-1983,Toolik Tussock 1981 plots,NP,Graminoid,Other sedges,CYS sheath,new above,0.000,0.000,0.000,0.000,0.000,.,.,.,0,0.000,0.000,0.000,0.000,.,.,.,0.000,0.000,0.000,0.000,0.000,.,.,.,0.00,0.000,0.000,0.000,0.000,.,.,.,0.000,0.000,20.000,0,0,0,0,0,.,.,0,0,0,0,0,.,.,0,0,0,0,0,.,.,0,0,0,0,0,.,.,0.000,0.000,20,,
14-Jun-1983,Toolik Tussock 1981 plots,NP,Graminoid,Other sedges,infl. bud,new above,0.000,0.000,0.000,0.000,0.000,.,.,.,0,0.000,0.000,0.000,0.000,.,.,.,0.000,0.000,0.000,0.000,0.000,.,.,.,0.00,0.000,0.000,0.000,0.000,.,.,.,0.000,0.000,20.000,0,0,0,0,0,.,.,0,0,0,0,0,.,.,0,0,0,0,0,.,.,0,0,0,0,0,.,.,0.000,0.000,20,,
14-Jun-1983,Toolik Tussock 1981 plots,NP,Deciduous,Betula nana,new leaves,new above,0.257,1.359,0.136,0.354,0.125,.,.,.,0.355,0.388,0.000,1.695,0.000,.,.,.,0.000,0.000,0.000,0.000,0.133,.,.,.,1.11,0.682,0.440,0.414,0.149,.,.,.,0.380,0.108,20.000,6.425,33.975,3.4,8.85,3.125,.,.,8.875,9.7,0,42.375,0,.,.,0,0,0,0,3.325,.,.,27.625,17.05,11,10.35,3.725,.,.,9.490,2.700,20,,
14-Jun-1983,Toolik Tussock 1981 plots,NP,Deciduous,Betula nana,new stems,new above,0.000,0.000,0.000,0.000,0.000,.,.,.,0,0.000,0.000,0.000,0.000,.,.,.,0.000,0.000,0.000,0.000,0.000,.,.,.,0.00,0.000,0.000,0.000,0.000,.,.,.,0.000,0.000,20.000,0,0,0,0,0,.,.,0,0,0,0,0,.,.,0,0,0,0,0,.,.,0,0,0,0,0,.,.,0.000,0.000,20,,
14-Jun-1983,Toolik Tussock 1981 plots,NP,Deciduous,Betula nana,old stems,old above,5.068,12.065,0.740,3.298,3.365,.,.,.,1.405,2.763,0.000,2.563,0.000,.,.,.,0.000,0.000,0.000,0.000,3.942,.,.,.,6.43,5.064,3.214,3.493,1.434,.,.,.,2.742,0.663,20.000,126.7,301.625,18.5,82.45,84.125,.,.,35.125,69.075,0,64.075,0,.,.,0,0,0,0,98.55,.,.,160.625,126.6,80.35,87.325,35.85,.,.,68.549,16.566,20,,
14-Jun-1983,Toolik Tussock 1981 plots,NP,Deciduous,Betula nana,below stems,below,2.743,4.883,0.000,0.659,0.000,.,.,.,0.107,4.133,0.000,1.833,0.000,.,.,.,0.000,0.000,0.000,0.000,5.001,.,.,.,6.88,2.221,2.462,5.861,3.151,.,.,.,1.997,0.513,20.000,68.575,122.075,0,16.475,0,.,.,2.675,103.325,0,45.825,0,.,.,0,0,0,0,125.025,.,.,172,55.525,61.55,146.525,78.775,.,.,49.918,12.834,20,,
14-Jun-1983,Toolik Tussock 1981 plots,NP,Deciduous,Betula nana,inflorescence,new above,0.082,0.025,0.000,0.043,0.000,.,.,.,0,0.000,0.000,0.121,0.000,.,.,.,0.000,0.000,0.000,0.000,0.000,.,.,.,0.04,0.015,0.010,0.000,0.013,.,.,.,0.018,0.007,20.000,2.05,0.625,0,1.075,0,.,.,0,0,0,3.025,0,.,.,0,0,0,0,0,.,.,1.025,0.375,0.25,0,0.325,.,.,0.438,0.181,20,,
14-Jun-1983,Toolik Tussock 1981 plots,NP,Deciduous,Rubus chamaemorus,new leaves,new above,0.062,0.000,0.002,0.128,0.000,.,.,.,0.005,0.039,0.016,0.000,0.069,.,.,.,0.014,0.000,0.005,0.072,0.000,.,.,.,0.27,0.170,0.000,0.000,0.016,.,.,.,0.043,0.016,20.000,1.55,0,0.05,3.2,0,.,.,0.125,0.975,0.4,0,1.725,.,.,0.35,0,0.125,1.8,0,.,.,6.65,4.25,0,0,0.4,.,.,1.080,0.395,20,,
14-Jun-1983,Toolik Tussock 1981 plots,NP,Deciduous,Rubus chamaemorus,new stems,new above,0.000,0.000,0.000,0.000,0.000,.,.,.,0,0.000,0.000,0.000,0.000,.,.,.,0.000,0.000,0.000,0.000,0.000,.,.,.,0.00,0.000,0.000,0.000,0.000,.,.,.,0.000,0.000,20.000,0,0,0,0,0,.,.,0,0,0,0,0,.,.,0,0,0,0,0,.,.,0,0,0,0,0,.,.,0.000,0.000,20,,
14-Jun-1983,Toolik Tussock 1981 plots,NP,Deciduous,Rubus chamaemorus,below stems,below,0.472,0.033,0.318,1.538,0.000,.,.,.,0.049,0.245,0.026,0.000,0.585,.,.,.,0.630,0.000,0.062,0.176,0.000,.,.,.,2.42,1.708,0.140,0.000,0.405,.,.,.,0.440,0.150,20.000,11.8,0.825,7.95,38.45,0,.,.,1.225,6.125,0.65,0,14.625,.,.,15.75,0,1.55,4.4,0,.,.,60.4,42.7,3.5,0,10.125,.,.,11.004,3.759,20,,
14-Jun-1983,Toolik Tussock 1981 plots,NP,Deciduous,Rubus chamaemorus,inflorescence,new above,0.000,0.000,0.000,0.000,0.000,.,.,.,0,0.000,0.000,0.000,0.000,.,.,.,0.000,0.000,0.000,0.000,0.000,.,.,.,0.00,0.000,0.000,0.000,0.000,.,.,.,0.000,0.000,20.000,0,0,0,0,0,.,.,0,0,0,0,0,.,.,0,0,0,0,0,.,.,0,0,0,0,0,.,.,0.000,0.000,20,,
14-Jun-1983,Toolik Tussock 1981 plots,NP,Deciduous,Other deciduous,new leaves,new above,0.000,0.000,0.003,0.000,0.000,.,.,.,0.011,0.000,0.000,0.000,0.000,.,.,.,0.156,0.000,0.000,0.000,0.000,.,.,.,0.14,0.337,0.000,0.000,0.060,.,.,.,0.035,0.019,20.000,0,0,0.075,0,0,.,.,0.275,0,0,0,0,.,.,3.9,0,0,0,0,.,.,3.45,8.425,0,0,1.5,.,.,0.881,0.473,20,,
14-Jun-1983,Toolik Tussock 1981 plots,NP,Deciduous,Other deciduous,new stems,new above,0.000,0.000,0.000,0.000,0.000,.,.,.,0,0.000,0.000,0.000,0.000,.,.,.,0.000,0.000,0.000,0.000,0.000,.,.,.,0.00,0.000,0.000,0.000,0.000,.,.,.,0.000,0.000,20.000,0,0,0,0,0,.,.,0,0,0,0,0,.,.,0,0,0,0,0,.,.,0,0,0,0,0,.,.,0.000,0.000,20,,
14-Jun-1983,Toolik Tussock 1981 plots,NP,Deciduous,Other deciduous,old stems,old above,0.000,0.000,0.069,0.000,0.000,.,.,.,0.505,0.000,0.000,0.000,0.000,.,.,.,0.166,0.000,0.000,0.000,0.000,.,.,.,2.17,1.324,0.000,0.000,0.000,.,.,.,0.212,0.124,20.000,0,0,1.725,0,0,.,.,12.625,0,0,0,0,.,.,4.15,0,0,0,0,.,.,54.3,33.1,0,0,0,.,.,5.295,3.105,20,,
14-Jun-1983,Toolik Tussock 1981 plots,NP,Deciduous,Other deciduous,below stems,below,0.000,0.000,0.712,0.000,0.000,.,.,.,0.425,0.000,0.000,0.000,0.000,.,.,.,0.797,0.000,0.000,0.000,0.000,.,.,.,0.00,0.000,0.000,0.000,0.623,.,.,.,0.128,0.060,20.000,0,0,17.8,0,0,.,.,10.625,0,0,0,0,.,.,19.925,0,0,0,0,.,.,0,0,0,0,15.575,.,.,3.196,1.509,20,,
14-Jun-1983,Toolik Tussock 1981 plots,NP,Deciduous,Other deciduous,inflorescence,new above,0.000,0.000,0.000,0.000,0.000,.,.,.,0,0.000,0.000,0.000,0.000,.,.,.,0.085,0.000,0.000,0.000,0.000,.,.,.,0.00,0.000,0.000,0.000,0.000,.,.,.,0.004,0.004,20.000,0,0,0,0,0,.,.,0,0,0,0,0,.,.,2.125,0,0,0,0,.,.,0,0,0,0,0,.,.,0.106,0.106,20,,
14-Jun-1983,Toolik Tussock 1981 plots,NP,Evergreen,Ledum palustre,old leaves,old above,1.352,0.469,1.302,0.238,0.642,.,.,.,0.664,2.022,0.582,2.476,1.659,.,.,.,0.763,1.483,1.078,0.342,0.000,.,.,.,0.37,0.656,0.439,0.128,1.061,.,.,.,0.886,0.147,20.000,33.8,11.725,32.55,5.95,16.05,.,.,16.6,50.55,14.55,61.9,41.475,.,.,19.075,37.075,26.95,8.55,0,.,.,9.125,16.4,10.975,3.2,26.525,.,.,22.151,3.677,20,,
14-Jun-1983,Toolik Tussock 1981 plots,NP,Evergreen,Ledum palustre,new leaves,new above,0.026,0.013,0.013,0.004,0.035,.,.,.,0.02,0.073,0.019,0.000,0.046,.,.,.,0.019,0.017,0.055,0.011,0.000,.,.,.,0.02,0.041,0.019,0.005,0.050,.,.,.,0.024,0.004,20.000,0.65,0.325,0.325,0.1,0.875,.,.,0.5,1.825,0.475,0,1.15,.,.,0.475,0.425,1.375,0.275,0,.,.,0.45,1.025,0.475,0.125,1.25,.,.,0.605,0.111,20,,
14-Jun-1983,Toolik Tussock 1981 plots,NP,Evergreen,Ledum palustre,new stems,new above,0.000,0.000,0.000,0.000,0.000,.,.,.,0,0.000,0.000,0.000,0.000,.,.,.,0.000,0.000,0.000,0.000,0.000,.,.,.,0.00,0.000,0.000,0.000,0.000,.,.,.,0.000,0.000,20.000,0,0,0,0,0,.,.,0,0,0,0,0,.,.,0,0,0,0,0,.,.,0,0,0,0,0,.,.,0.000,0.000,20,,
14-Jun-1983,Toolik Tussock 1981 plots,NP,Evergreen,Ledum palustre,old stems,old above,3.040,0.528,0.918,1.084,0.840,.,.,.,1.126,5.008,0.651,9.017,2.984,.,.,.,1.429,1.292,1.128,0.244,0.000,.,.,.,0.55,0.751,0.226,0.153,1.385,.,.,.,1.618,0.472,20.000,76,13.2,22.95,27.1,21,.,.,28.15,125.2,16.275,225.425,74.6,.,.,35.725,32.3,28.2,6.1,0,.,.,13.85,18.775,5.65,3.825,34.625,.,.,40.448,11.809,20,,
14-Jun-1983,Toolik Tussock 1981 plots,NP,Evergreen,Ledum palustre,below stems,below,0.909,2.139,2.395,2.235,10.510,.,.,.,1.952,4.819,6.532,6.856,5.158,.,.,.,4.902,0.989,2.610,1.151,0.000,.,.,.,1.01,0.907,0.185,1.199,2.240,.,.,.,2.935,0.605,20.000,22.725,53.475,59.875,55.875,262.75,.,.,48.8,120.475,163.3,171.4,128.95,.,.,122.55,24.725,65.25,28.775,0,.,.,25.3,22.675,4.625,29.975,56,.,.,73.375,15.126,20,,
14-Jun-1983,Toolik Tussock 1981 plots,NP,Evergreen,Ledum palustre,inflorescence,new above,0.071,0.000,0.030,0.000,0.019,.,.,.,0,0.000,0.000,0.000,0.029,.,.,.,0.013,0.074,0.000,0.000,0.000,.,.,.,0.00,0.004,0.000,0.000,0.031,.,.,.,0.014,0.005,20.000,1.775,0,0.75,0,0.475,.,.,0,0,0,0,0.725,.,.,0.325,1.85,0,0,0,.,.,0,0.1,0,0,0.775,.,.,0.339,0.129,20,,
14-Jun-1983,Toolik Tussock 1981 plots,NP,Evergreen,Vaccinium vitis-idaea,old leaves,old above,4.127,0.158,0.263,2.357,4.727,.,.,.,0.405,1.753,0.737,1.034,5.871,.,.,.,3.342,0.000,0.885,1.394,0.094,.,.,.,0.11,2.344,2.940,2.758,0.883,.,.,.,1.809,0.382,20.000,103.175,3.95,6.575,58.925,118.175,.,.,10.125,43.825,18.425,25.85,146.775,.,.,83.55,0,22.125,34.85,2.35,.,.,2.75,58.6,73.5,68.95,22.075,.,.,45.228,9.539,20,,
14-Jun-1983,Toolik Tussock 1981 plots,NP,Evergreen,Vaccinium vitis-idaea,new leaves,new above,0.005,0.000,0.001,0.005,0.042,.,.,.,0,0.008,0.008,0.000,0.036,.,.,.,0.017,0.000,0.008,0.009,0.000,.,.,.,0.00,0.052,0.023,0.022,0.007,.,.,.,0.012,0.003,20.000,0.125,0,0.025,0.125,1.05,.,.,0,0.2,0.2,0,0.9,.,.,0.425,0,0.2,0.225,0,.,.,0.05,1.3,0.575,0.55,0.175,.,.,0.306,0.085,20,,
14-Jun-1983,Toolik Tussock 1981 plots,NP,Evergreen,Vaccinium vitis-idaea,new stems,new above,0.000,0.000,0.000,0.000,0.000,.,.,.,0,0.000,0.000,0.000,0.000,.,.,.,0.000,0.000,0.000,0.000,0.000,.,.,.,0.00,0.000,0.000,0.000,0.000,.,.,.,0.000,0.000,20.000,0,0,0,0,0,.,.,0,0,0,0,0,.,.,0,0,0,0,0,.,.,0,0,0,0,0,.,.,0.000,0.000,20,,
14-Jun-1983,Toolik Tussock 1981 plots,NP,Evergreen,Vaccinium vitis-idaea,old stems,old above,2.113,0.052,0.091,0.898,1.184,.,.,.,0.155,0.581,0.191,0.271,2.087,.,.,.,0.868,0.000,0.236,0.388,0.011,.,.,.,0.06,0.788,0.805,0.914,0.230,.,.,.,0.596,0.141,20.000,52.825,1.3,2.275,22.45,29.6,.,.,3.875,14.525,4.775,6.775,52.175,.,.,21.7,0,5.9,9.7,0.275,.,.,1.6,19.7,20.125,22.85,5.75,.,.,14.909,3.517,20,,
14-Jun-1983,Toolik Tussock 1981 plots,NP,Evergreen,Vaccinium vitis-idaea,below stems,below,5.112,0.029,0.081,1.155,6.281,.,.,.,0.289,0.754,3.495,1.266,3.977,.,.,.,1.734,0.000,1.107,1.064,0.346,.,.,.,0.41,1.958,0.849,1.296,0.521,.,.,.,1.586,0.394,20.000,127.8,0.725,2.025,28.875,157.025,.,.,7.225,18.85,87.375,31.65,99.425,.,.,43.35,0,27.675,26.6,8.65,.,.,10.325,48.95,21.225,32.4,13.025,.,.,39.659,9.854,20,,
14-Jun-1983,Toolik Tussock 1981 plots,NP,Evergreen,Vaccinium vitis-idaea,inflorescence,new above,0.000,0.000,0.000,0.000,0.007,.,.,.,0,0.000,0.000,0.000,0.000,.,.,.,0.000,0.000,0.008,0.000,0.000,.,.,.,0.00,0.000,0.000,0.004,0.000,.,.,.,0.001,0.001,20.000,0,0,0,0,0.175,.,.,0,0,0,0,0,.,.,0,0,0.2,0,0,.,.,0,0,0,0.1,0,.,.,0.024,0.014,20,,
14-Jun-1983,Toolik Tussock 1981 plots,NP,Evergreen,Other Evergreen,old leaves,old above,0.000,0.000,0.000,0.000,0.000,.,.,.,0,0.000,0.000,0.000,0.525,.,.,.,0.727,0.000,0.586,0.511,0.000,.,.,.,0.00,1.182,0.000,0.000,0.000,.,.,.,0.177,0.076,20.000,0,0,0,0,0,.,.,0,0,0,0,13.125,.,.,18.175,0,14.65,12.775,0,.,.,0,29.55,0,0,0,.,.,4.414,1.895,20,,
14-Jun-1983,Toolik Tussock 1981 plots,NP,Evergreen,Other Evergreen,new leaves,new above,0.000,0.000,0.000,0.000,0.000,.,.,.,0,0.000,0.000,0.000,0.000,.,.,.,0.000,0.000,0.000,0.000,0.000,.,.,.,0.00,0.000,0.000,0.000,0.000,.,.,.,0.000,0.000,20.000,0,0,0,0,0,.,.,0,0,0,0,0,.,.,0,0,0,0,0,.,.,0,0,0,0,0,.,.,0.000,0.000,20,,
14-Jun-1983,Toolik Tussock 1981 plots,NP,Evergreen,Other Evergreen,new stems,new above,0.000,0.000,0.000,0.000,0.000,.,.,.,0,0.000,0.000,0.000,0.000,.,.,.,0.000,0.000,0.000,0.000,0.000,.,.,.,0.00,0.000,0.000,0.000,0.000,.,.,.,0.000,0.000,20.000,0,0,0,0,0,.,.,0,0,0,0,0,.,.,0,0,0,0,0,.,.,0,0,0,0,0,.,.,0.000,0.000,20,,
14-Jun-1983,Toolik Tussock 1981 plots,NP,Evergreen,Other Evergreen,old stems,old above,0.000,0.000,0.000,0.000,0.000,.,.,.,0,0.000,0.000,0.000,0.231,.,.,.,0.583,0.000,0.276,0.235,0.000,.,.,.,0.00,0.831,0.000,0.000,0.000,.,.,.,0.108,0.051,20.000,0,0,0,0,0,.,.,0,0,0,0,5.775,.,.,14.575,0,6.9,5.875,0,.,.,0,20.775,0,0,0,.,.,2.695,1.271,20,,
14-Jun-1983,Toolik Tussock 1981 plots,NP,Evergreen,Other Evergreen,below stems,below,0.000,0.000,0.000,0.000,0.000,.,.,.,0,0.000,0.000,0.000,0.086,.,.,.,0.657,0.000,0.570,0.285,0.000,.,.,.,0.00,0.695,0.000,0.000,0.000,.,.,.,0.115,0.053,20.000,0,0,0,0,0,.,.,0,0,0,0,2.15,.,.,16.425,0,14.25,7.125,0,.,.,0,17.375,0,0,0,.,.,2.866,1.324,20,,
14-Jun-1983,Toolik Tussock 1981 plots,NP,Evergreen,Other Evergreen,inflorescence,new above,0.000,0.000,0.000,0.000,0.000,.,.,.,0,0.000,0.000,0.000,0.003,.,.,.,0.000,0.000,0.005,0.000,0.000,.,.,.,0.00,0.000,0.000,0.000,0.000,.,.,.,0.000,0.000,20.000,0,0,0,0,0,.,.,0,0,0,0,0.075,.,.,0,0,0.125,0,0,.,.,0,0,0,0,0,.,.,0.010,0.007,20,,
14-Jun-1983,Toolik Tussock 1981 plots,NP,Forb,Forbs spp. ,new above,new above,0.000,0.000,0.000,0.264,0.128,.,.,.,0,0.000,0.000,0.000,0.021,.,.,.,0.000,0.000,0.000,0.000,0.000,.,.,.,0.04,0.340,0.000,0.000,0.046,.,.,.,0.042,0.021,20.000,0,0,0,6.6,3.2,.,.,0,0,0,0,0.525,.,.,0,0,0,0,0,.,.,1.025,8.5,0,0,1.15,.,.,1.050,0.530,20,,
14-Jun-1983,Toolik Tussock 1981 plots,NP,Forb,Forbs spp. ,below,below,0.000,0.000,0.000,1.155,3.027,.,.,.,0,0.000,0.000,0.000,0.046,.,.,.,0.000,0.000,0.000,0.000,0.000,.,.,.,0.14,0.563,0.000,0.000,0.297,.,.,.,0.261,0.159,20.000,0,0,0,28.875,75.675,.,.,0,0,0,0,1.15,.,.,0,0,0,0,0,.,.,3.4,14.075,0,0,7.425,.,.,6.530,3.965,20,,
03-Jul-1983,Toolik Tussock 1981 plots,Control,Graminoid,Eriophorum vaginatum,blade,new above,0.000,0.986,0.000,0.753,0.000,.,.,.,0.056,0.474,0.034,0.030,0.982,.,.,.,0.220,0.571,2.628,2.242,0.448,.,.,.,0.87,0.304,0.000,0.000,1.224,.,.,.,0.591,0.167,20.000,0,24.65,0,18.825,0,.,.,1.4,11.85,0.85,0.75,24.55,.,.,5.5,14.275,65.7,56.05,11.2,.,.,21.85,7.6,0,0,30.6,.,.,14.783,4.176,20,,
03-Jul-1983,Toolik Tussock 1981 plots,Control,Graminoid,Eriophorum vaginatum,sheath,new above,0.000,1.297,0.000,1.060,0.000,.,.,.,0.034,0.281,0.021,0.012,0.670,.,.,.,0.260,0.374,2.048,1.893,0.301,.,.,.,0.84,0.265,0.000,0.000,0.314,.,.,.,0.483,0.141,20.000,0,32.425,0,26.5,0,.,.,0.85,7.025,0.525,0.3,16.75,.,.,6.5,9.35,51.2,47.325,7.525,.,.,20.925,6.625,0,0,7.85,.,.,12.084,3.537,20,,
03-Jul-1983,Toolik Tussock 1981 plots,Control,Graminoid,Eriophorum vaginatum,rhizome,below,0.000,2.683,0.000,3.728,0.000,.,.,.,0.052,0.216,0.000,0.032,2.365,.,.,.,0.218,1.173,2.800,3.431,0.504,.,.,.,1.76,0.460,0.000,0.000,1.723,.,.,.,1.057,0.290,20.000,0,67.075,0,93.2,0,.,.,1.3,5.4,0,0.8,59.125,.,.,5.45,29.325,70,85.775,12.6,.,.,44.1,11.5,0,0,43.075,.,.,26.436,7.250,20,,
03-Jul-1983,Toolik Tussock 1981 plots,Control,Graminoid,Eriophorum vaginatum,v0,new above,0.000,0.031,0.000,0.000,0.000,.,.,.,0,0.000,0.000,0.000,0.000,.,.,.,0.000,0.000,0.021,0.000,0.000,.,.,.,0.00,0.000,0.000,0.000,0.018,.,.,.,0.004,0.002,20.000,0,0.775,0,0,0,.,.,0,0,0,0,0,.,.,0,0,0.525,0,0,.,.,0,0,0,0,0.45,.,.,0.088,0.049,20,,
03-Jul-1983,Toolik Tussock 1981 plots,Control,Graminoid,Eriophorum vaginatum,inflorescence,new above,0.000,0.000,0.000,0.000,0.000,.,.,.,0,0.000,0.000,0.000,0.165,.,.,.,0.000,0.000,0.078,0.000,0.000,.,.,.,0.53,0.000,0.000,0.000,0.238,.,.,.,0.050,0.029,20.000,0,0,0,0,0,.,.,0,0,0,0,4.125,.,.,0,0,1.95,0,0,.,.,13.2,0,0,0,5.95,.,.,1.261,0.723,20,,
03-Jul-1983,Toolik Tussock 1981 plots,Control,Graminoid,Eriophorum vaginatum,CYS blade,new above,0.000,0.000,0.000,0.000,0.000,.,.,.,0,0.000,0.000,0.000,0.000,.,.,.,0.000,0.000,0.000,0.000,0.000,.,.,.,0.00,0.000,0.000,0.000,0.000,.,.,.,0.000,0.000,20.000,0,0,0,0,0,.,.,0,0,0,0,0,.,.,0,0,0,0,0,.,.,0,0,0,0,0,.,.,0.000,0.000,20,,
03-Jul-1983,Toolik Tussock 1981 plots,Control,Graminoid,Eriophorum vaginatum,CYS sheath,new above,0.000,0.000,0.000,0.000,0.000,.,.,.,0,0.000,0.000,0.000,0.000,.,.,.,0.000,0.000,0.000,0.000,0.000,.,.,.,0.00,0.000,0.000,0.000,0.000,.,.,.,0.000,0.000,20.000,0,0,0,0,0,.,.,0,0,0,0,0,.,.,0,0,0,0,0,.,.,0,0,0,0,0,.,.,0.000,0.000,20,,
03-Jul-1983,Toolik Tussock 1981 plots,Control,Graminoid,Eriophorum vaginatum,infl. bud,new above,0.000,0.000,0.000,0.000,0.000,.,.,.,0,0.000,0.000,0.000,0.000,.,.,.,0.000,0.000,0.000,0.000,0.000,.,.,.,0.00,0.000,0.000,0.000,0.000,.,.,.,0.000,0.000,20.000,0,0,0,0,0,.,.,0,0,0,0,0,.,.,0,0,0,0,0,.,.,0,0,0,0,0,.,.,0.000,0.000,20,,
03-Jul-1983,Toolik Tussock 1981 plots,Control,Graminoid,Carex bigelowii,blade,new above,0.100,0.016,0.478,0.195,0.264,.,.,.,0,0.031,0.173,0.073,0.000,.,.,.,0.000,0.000,0.000,0.000,0.306,.,.,.,0.12,0.000,0.089,0.000,0.169,.,.,.,0.101,0.029,20.000,2.5,0.4,11.95,4.875,6.6,.,.,0,0.775,4.325,1.825,0,.,.,0,0,0,0,7.65,.,.,3.05,0,2.225,0,4.225,.,.,2.520,0.731,20,,
03-Jul-1983,Toolik Tussock 1981 plots,Control,Graminoid,Carex bigelowii,sheath,new above,0.044,0.007,0.251,0.056,0.104,.,.,.,0,0.007,0.040,0.021,0.000,.,.,.,0.000,0.000,0.000,0.000,0.089,.,.,.,0.03,0.000,0.014,0.000,0.018,.,.,.,0.034,0.013,20.000,1.1,0.175,6.275,1.4,2.6,.,.,0,0.175,1,0.525,0,.,.,0,0,0,0,2.225,.,.,0.7,0,0.35,0,0.45,.,.,0.849,0.332,20,,
03-Jul-1983,Toolik Tussock 1981 plots,Control,Graminoid,Carex bigelowii,rhizome,below,0.000,0.031,0.000,0.010,0.003,.,.,.,0,0.000,0.000,0.000,0.000,.,.,.,0.000,0.000,0.000,0.000,0.000,.,.,.,0.01,0.000,0.016,0.000,0.000,.,.,.,0.003,0.002,20.000,0,0.775,0,0.25,0.075,.,.,0,0,0,0,0,.,.,0,0,0,0,0,.,.,0.175,0,0.4,0,0,.,.,0.084,0.044,20,,
03-Jul-1983,Toolik Tussock 1981 plots,Control,Graminoid,Carex bigelowii,v0,new above,0.000,0.000,0.113,0.000,0.000,.,.,.,0,0.000,0.000,0.000,0.000,.,.,.,0.000,0.000,0.000,0.000,0.007,.,.,.,0.00,0.000,0.000,0.000,0.027,.,.,.,0.007,0.006,20.000,0,0,2.825,0,0,.,.,0,0,0,0,0,.,.,0,0,0,0,0.175,.,.,0,0,0,0,0.675,.,.,0.184,0.143,20,,
03-Jul-1983,Toolik Tussock 1981 plots,Control,Graminoid,Carex bigelowii,inflorescence,new above,0.000,0.000,0.000,0.000,0.000,.,.,.,0,0.000,0.000,0.000,0.000,.,.,.,0.000,0.000,0.000,0.000,0.000,.,.,.,0.00,0.000,0.000,0.000,0.000,.,.,.,0.000,0.000,20.000,0,0,0,0,0,.,.,0,0,0,0,0,.,.,0,0,0,0,0,.,.,0,0,0,0,0,.,.,0.000,0.000,20,,
03-Jul-1983,Toolik Tussock 1981 plots,Control,Graminoid,Carex bigelowii,CYS blade,new above,0.000,0.000,0.000,0.000,0.000,.,.,.,0,0.000,0.000,0.000,0.000,.,.,.,0.000,0.000,0.000,0.000,0.000,.,.,.,0.00,0.000,0.000,0.000,0.000,.,.,.,0.000,0.000,20.000,0,0,0,0,0,.,.,0,0,0,0,0,.,.,0,0,0,0,0,.,.,0,0,0,0,0,.,.,0.000,0.000,20,,
03-Jul-1983,Toolik Tussock 1981 plots,Control,Graminoid,Carex bigelowii,CYS sheath,new above,0.000,0.000,0.000,0.000,0.000,.,.,.,0,0.000,0.000,0.000,0.000,.,.,.,0.000,0.000,0.000,0.000,0.000,.,.,.,0.00,0.000,0.000,0.000,0.000,.,.,.,0.000,0.000,20.000,0,0,0,0,0,.,.,0,0,0,0,0,.,.,0,0,0,0,0,.,.,0,0,0,0,0,.,.,0.000,0.000,20,,
03-Jul-1983,Toolik Tussock 1981 plots,Control,Graminoid,Carex bigelowii,infl. bud,new above,0.000,0.000,0.000,0.000,0.000,.,.,.,0,0.022,0.000,0.000,0.000,.,.,.,0.000,0.000,0.000,0.000,0.000,.,.,.,0.00,0.000,0.000,0.000,0.000,.,.,.,0.001,0.001,20.000,0,0,0,0,0,.,.,0,0.55,0,0,0,.,.,0,0,0,0,0,.,.,0,0,0,0,0,.,.,0.028,0.028,20,,
03-Jul-1983,Toolik Tussock 1981 plots,Control,Graminoid,Other sedges,blade,new above,0.000,0.000,0.000,0.000,0.000,.,.,.,0,0.002,0.000,0.000,0.000,.,.,.,0.000,0.000,0.000,0.000,0.000,.,.,.,0.00,0.000,0.000,0.000,0.000,.,.,.,0.000,0.000,20.000,0,0,0,0,0,.,.,0,0.05,0,0,0,.,.,0,0,0,0,0,.,.,0,0,0,0,0,.,.,0.003,0.003,20,,
03-Jul-1983,Toolik Tussock 1981 plots,Control,Graminoid,Other sedges,sheath,new above,0.000,0.000,0.000,0.000,0.000,.,.,.,0,0.005,0.000,0.000,0.000,.,.,.,0.000,0.000,0.000,0.000,0.000,.,.,.,0.00,0.000,0.000,0.000,0.000,.,.,.,0.000,0.000,20.000,0,0,0,0,0,.,.,0,0.125,0,0,0,.,.,0,0,0,0,0,.,.,0,0,0,0,0,.,.,0.006,0.006,20,,
03-Jul-1983,Toolik Tussock 1981 plots,Control,Graminoid,Other sedges,rhizome,below,0.000,0.000,0.000,0.000,0.000,.,.,.,0,0.000,0.000,0.000,0.000,.,.,.,0.000,0.000,0.000,0.000,0.000,.,.,.,0.00,0.000,0.000,0.000,0.000,.,.,.,0.000,0.000,20.000,0,0,0,0,0,.,.,0,0,0,0,0,.,.,0,0,0,0,0,.,.,0,0,0,0,0,.,.,0.000,0.000,20,,
03-Jul-1983,Toolik Tussock 1981 plots,Control,Graminoid,Other sedges,v0,new above,0.000,0.000,0.000,0.000,0.000,.,.,.,0,0.000,0.000,0.000,0.000,.,.,.,0.000,0.000,0.000,0.000,0.000,.,.,.,0.00,0.000,0.000,0.000,0.000,.,.,.,0.000,0.000,20.000,0,0,0,0,0,.,.,0,0,0,0,0,.,.,0,0,0,0,0,.,.,0,0,0,0,0,.,.,0.000,0.000,20,,
03-Jul-1983,Toolik Tussock 1981 plots,Control,Graminoid,Other sedges,inflorescence,new above,0.000,0.000,0.000,0.000,0.000,.,.,.,0,0.000,0.000,0.000,0.000,.,.,.,0.000,0.000,0.000,0.000,0.000,.,.,.,0.00,0.000,0.000,0.000,0.000,.,.,.,0.000,0.000,20.000,0,0,0,0,0,.,.,0,0,0,0,0,.,.,0,0,0,0,0,.,.,0,0,0,0,0,.,.,0.000,0.000,20,,
03-Jul-1983,Toolik Tussock 1981 plots,Control,Graminoid,Other sedges,CYS blade,new above,0.000,0.000,0.000,0.000,0.000,.,.,.,0,0.000,0.000,0.000,0.000,.,.,.,0.000,0.000,0.000,0.000,0.000,.,.,.,0.00,0.000,0.000,0.000,0.000,.,.,.,0.000,0.000,20.000,0,0,0,0,0,.,.,0,0,0,0,0,.,.,0,0,0,0,0,.,.,0,0,0,0,0,.,.,0.000,0.000,20,,
03-Jul-1983,Toolik Tussock 1981 plots,Control,Graminoid,Other sedges,CYS sheath,new above,0.000,0.000,0.000,0.000,0.000,.,.,.,0,0.000,0.000,0.000,0.000,.,.,.,0.000,0.000,0.000,0.000,0.000,.,.,.,0.00,0.000,0.000,0.000,0.000,.,.,.,0.000,0.000,20.000,0,0,0,0,0,.,.,0,0,0,0,0,.,.,0,0,0,0,0,.,.,0,0,0,0,0,.,.,0.000,0.000,20,,
03-Jul-1983,Toolik Tussock 1981 plots,Control,Graminoid,Other sedges,infl. bud,new above,0.571,0.926,0.101,0.451,0.000,.,.,.,0.494,0.135,0.000,0.367,0.408,.,.,.,0.628,0.216,0.196,0.000,0.000,.,.,.,0.06,1.700,1.180,0.573,0.273,.,.,.,0.414,0.099,20.000,14.275,23.15,2.525,11.275,0,.,.,12.35,3.375,0,9.175,10.2,.,.,15.7,5.4,4.9,0,0,.,.,1.45,42.5,29.5,14.325,6.825,.,.,10.346,2.468,20,,
03-Jul-1983,Toolik Tussock 1981 plots,Control,Deciduous,Betula nana,new leaves,new above,0.000,0.000,0.000,0.000,0.000,.,.,.,0,0.000,0.000,0.000,0.024,.,.,.,0.000,0.000,0.000,0.000,0.013,.,.,.,0.00,0.000,0.000,0.000,0.000,.,.,.,0.002,0.001,20.000,0,0,0,0,0,.,.,0,0,0,0,0.6,.,.,0,0,0,0,0.325,.,.,0,0,0,0,0,.,.,0.046,0.033,20,,
03-Jul-1983,Toolik Tussock 1981 plots,Control,Deciduous,Betula nana,new stems,new above,2.020,9.082,0.914,1.253,0.000,.,.,.,2.162,0.056,0.000,1.679,1.563,.,.,.,0.833,0.629,0.862,0.000,1.783,.,.,.,0.37,5.963,3.010,0.978,0.442,.,.,.,1.680,0.496,20.000,50.5,227.05,22.85,31.325,0,.,.,54.05,1.4,0,41.975,39.075,.,.,20.825,15.725,21.55,0,44.575,.,.,9.125,149.075,75.25,24.45,11.05,.,.,41.993,12.394,20,,
03-Jul-1983,Toolik Tussock 1981 plots,Control,Deciduous,Betula nana,old stems,old above,0.000,0.000,0.000,0.000,0.000,.,.,.,0,0.000,0.000,0.000,0.000,.,.,.,0.000,0.000,0.000,0.000,0.000,.,.,.,0.00,0.000,0.000,0.000,0.000,.,.,.,0.000,0.000,20.000,0,0,0,0,0,.,.,0,0,0,0,0,.,.,0,0,0,0,0,.,.,0,0,0,0,0,.,.,0.000,0.000,20,,
03-Jul-1983,Toolik Tussock 1981 plots,Control,Deciduous,Betula nana,below stems,below,0.000,0.000,0.000,0.000,0.000,.,.,.,0,0.000,0.000,0.000,0.000,.,.,.,0.000,0.000,0.000,0.000,0.000,.,.,.,0.00,0.000,0.000,0.000,0.000,.,.,.,0.000,0.000,20.000,0,0,0,0,0,.,.,0,0,0,0,0,.,.,0,0,0,0,0,.,.,0,0,0,0,0,.,.,0.000,0.000,20,,
03-Jul-1983,Toolik Tussock 1981 plots,Control,Deciduous,Betula nana,inflorescence,new above,0.000,0.000,0.000,0.000,0.000,.,.,.,0,0.003,0.000,0.090,0.459,.,.,.,0.034,0.000,0.040,0.063,0.062,.,.,.,0.23,0.050,0.000,0.296,0.083,.,.,.,0.071,0.027,20.000,0,0,0,0,0,.,.,0,0.075,0,2.25,11.475,.,.,0.85,0,1,1.575,1.55,.,.,5.75,1.25,0,7.4,2.075,.,.,1.763,0.678,20,,
03-Jul-1983,Toolik Tussock 1981 plots,Control,Deciduous,Rubus chamaemorus,new leaves,new above,0.000,0.009,0.000,0.000,0.000,.,.,.,0,0.008,0.000,0.085,0.061,.,.,.,0.009,0.000,0.004,0.008,0.020,.,.,.,0.10,0.000,0.000,0.071,0.000,.,.,.,0.019,0.007,20.000,0,0.225,0,0,0,.,.,0,0.2,0,2.125,1.525,.,.,0.225,0,0.1,0.2,0.5,.,.,2.375,0,0,1.775,0,.,.,0.463,0.176,20,,
03-Jul-1983,Toolik Tussock 1981 plots,Control,Deciduous,Rubus chamaemorus,new stems,new above,0.000,0.000,0.000,0.000,0.000,.,.,.,0,0.000,0.000,0.000,0.000,.,.,.,0.000,0.000,0.000,0.000,0.000,.,.,.,0.00,0.000,0.000,0.000,0.000,.,.,.,0.000,0.000,20.000,0,0,0,0,0,.,.,0,0,0,0,0,.,.,0,0,0,0,0,.,.,0,0,0,0,0,.,.,0.000,0.000,20,,
03-Jul-1983,Toolik Tussock 1981 plots,Control,Deciduous,Rubus chamaemorus,below stems,below,0.000,0.000,0.000,0.000,0.000,.,.,.,0,0.000,0.000,0.000,0.019,.,.,.,0.000,0.000,0.000,0.000,0.000,.,.,.,0.00,0.000,0.000,0.011,0.000,.,.,.,0.002,0.001,20.000,0,0,0,0,0,.,.,0,0,0,0,0.475,.,.,0,0,0,0,0,.,.,0,0,0,0.275,0,.,.,0.038,0.027,20,,
03-Jul-1983,Toolik Tussock 1981 plots,Control,Deciduous,Rubus chamaemorus,inflorescence,new above,0.000,0.000,0.062,0.000,0.000,.,.,.,0,0.000,0.000,0.000,0.000,.,.,.,0.000,0.006,0.124,1.173,0.000,.,.,.,0.00,0.000,0.000,0.000,0.000,.,.,.,0.068,0.059,20.000,0,0,1.55,0,0,.,.,0,0,0,0,0,.,.,0,0.15,3.1,29.325,0,.,.,0,0,0,0,0,.,.,1.706,1.463,20,,
03-Jul-1983,Toolik Tussock 1981 plots,Control,Deciduous,Other deciduous,new leaves,new above,0.000,0.000,0.009,0.000,0.000,.,.,.,0,0.000,0.000,0.000,0.000,.,.,.,0.000,0.000,0.000,0.000,0.000,.,.,.,0.00,0.000,0.000,0.000,0.000,.,.,.,0.000,0.000,20.000,0,0,0.225,0,0,.,.,0,0,0,0,0,.,.,0,0,0,0,0,.,.,0,0,0,0,0,.,.,0.011,0.011,20,,
03-Jul-1983,Toolik Tussock 1981 plots,Control,Deciduous,Other deciduous,new stems,new above,0.000,0.000,0.436,0.418,0.000,.,.,.,0,0.000,0.000,0.000,0.000,.,.,.,0.000,0.050,0.088,0.000,0.000,.,.,.,0.00,0.000,0.000,0.000,0.000,.,.,.,0.050,0.029,20.000,0,0,10.9,10.45,0,.,.,0,0,0,0,0,.,.,0,1.25,2.2,0,0,.,.,0,0,0,0,0,.,.,1.240,0.732,20,,
03-Jul-1983,Toolik Tussock 1981 plots,Control,Deciduous,Other deciduous,old stems,old above,0.000,0.000,0.000,0.000,0.000,.,.,.,0,0.000,0.000,0.000,0.000,.,.,.,0.000,0.000,0.000,0.000,0.000,.,.,.,0.00,0.000,0.000,0.000,0.000,.,.,.,0.000,0.000,20.000,0,0,0,0,0,.,.,0,0,0,0,0,.,.,0,0,0,0,0,.,.,0,0,0,0,0,.,.,0.000,0.000,20,,
03-Jul-1983,Toolik Tussock 1981 plots,Control,Deciduous,Other deciduous,below stems,below,0.000,0.000,0.000,0.000,0.000,.,.,.,0,0.000,0.000,0.000,0.000,.,.,.,0.000,0.000,0.000,0.000,0.000,.,.,.,0.00,0.000,0.000,0.000,0.000,.,.,.,0.000,0.000,20.000,0,0,0,0,0,.,.,0,0,0,0,0,.,.,0,0,0,0,0,.,.,0,0,0,0,0,.,.,0.000,0.000,20,,
03-Jul-1983,Toolik Tussock 1981 plots,Control,Deciduous,Other deciduous,inflorescence,new above,0.078,0.193,0.251,0.317,0.236,.,.,.,0.446,0.383,1.228,0.464,0.390,.,.,.,0.796,0.057,1.091,1.737,0.826,.,.,.,1.21,0.498,0.113,0.162,0.792,.,.,.,0.564,0.103,20.000,1.95,4.825,6.275,7.925,5.9,.,.,11.15,9.575,30.7,11.6,9.75,.,.,19.9,1.425,27.275,43.425,20.65,.,.,30.3025,12.45,2.825,4.05,19.8,.,.,14.088,2.579,20,,
03-Jul-1983,Toolik Tussock 1981 plots,Control,Evergreen,Ledum palustre,old leaves,old above,0.017,0.021,0.046,0.025,0.054,.,.,.,0.053,0.110,0.372,0.093,0.109,.,.,.,0.000,0.064,0.286,0.112,0.102,.,.,.,0.35,0.094,0.040,0.050,0.255,.,.,.,0.112,0.025,20.000,0.425,0.525,1.15,0.625,1.35,.,.,1.325,2.75,9.3,2.325,2.725,.,.,0,1.6,7.15,2.8,2.55,.,.,8.65,2.35,1,1.25,6.375,.,.,2.811,0.620,20,,
03-Jul-1983,Toolik Tussock 1981 plots,Control,Evergreen,Ledum palustre,new leaves,new above,0.000,0.000,0.000,0.000,0.000,.,.,.,0,0.000,0.000,0.000,0.000,.,.,.,0.000,0.000,0.000,0.000,0.000,.,.,.,0.00,0.000,0.000,0.000,0.000,.,.,.,0.000,0.000,20.000,0,0,.,.,.,.,.,0,0,0,0,0,.,.,0,0,0,0,0,.,.,0,0,0,0,0,.,.,0.000,0.000,17,,
03-Jul-1983,Toolik Tussock 1981 plots,Control,Evergreen,Ledum palustre,new stems,new above,0.228,0.233,0.231,0.393,0.347,.,.,.,0.789,1.726,1.625,0.801,0.059,.,.,.,0.896,0.928,0.928,2.334,1.652,.,.,.,2.18,0.821,0.120,0.247,1.012,.,.,.,0.878,0.155,20.000,5.7,5.825,5.775,9.825,8.675,.,.,19.725,43.15,40.625,20.025,1.475,.,.,22.4,23.2,23.2,58.35,41.3,.,.,54.575,20.525,3,6.175,25.3,.,.,21.941,3.881,20,,
03-Jul-1983,Toolik Tussock 1981 plots,Control,Evergreen,Ledum palustre,old stems,old above,0.000,0.000,0.000,0.000,0.000,.,.,.,0,0.000,0.000,0.000,0.000,.,.,.,0.000,0.000,0.000,0.000,0.000,.,.,.,0.00,0.000,0.000,0.000,0.000,.,.,.,0.000,0.000,20.000,0,0,0,0,0,.,.,0,0,0,0,0,.,.,0,0,0,0,0,.,.,0,0,0,0,0,.,.,0.000,0.000,20,,
03-Jul-1983,Toolik Tussock 1981 plots,Control,Evergreen,Ledum palustre,below stems,below,0.012,0.000,0.000,0.000,0.000,.,.,.,0,0.000,0.071,0.005,0.000,.,.,.,0.034,0.000,0.000,0.000,0.048,.,.,.,0.04,0.000,0.000,0.000,0.000,.,.,.,0.010,0.005,20.000,0.3,0,0,0,0,.,.,0,0,1.775,0.125,0,.,.,0.85,0,0,0,1.2,.,.,0.95,0,0,0,0,.,.,0.260,0.114,20,,
03-Jul-1983,Toolik Tussock 1981 plots,Control,Evergreen,Ledum palustre,inflorescence,new above,0.264,0.226,1.690,2.085,2.536,.,.,.,0.314,0.633,4.248,1.352,3.481,.,.,.,1.050,0.716,2.463,1.480,2.850,.,.,.,1.53,0.419,2.673,0.800,2.354,.,.,.,1.658,0.257,20.000,6.6,5.65,42.25,52.125,63.4,.,.,7.85,15.825,106.2,33.8,87.025,.,.,26.25,17.9,61.575,37,71.25,.,.,38.3,10.475,66.825,20,58.85,.,.,41.458,6.424,20,,
03-Jul-1983,Toolik Tussock 1981 plots,Control,Evergreen,Vaccinium vitis-idaea,old leaves,old above,0.009,0.352,0.109,0.076,0.091,.,.,.,0.004,0.060,0.178,0.090,0.418,.,.,.,0.100,0.038,0.164,0.063,0.081,.,.,.,0.06,0.008,0.082,0.032,0.048,.,.,.,0.103,0.024,20.000,0.225,8.8,2.725,1.9,2.275,.,.,0.1,1.5,4.45,2.25,10.45,.,.,2.5,0.95,4.1,1.575,2.025,.,.,1.425,0.2,2.05,0.8,1.2,.,.,2.575,0.599,20,,
03-Jul-1983,Toolik Tussock 1981 plots,Control,Evergreen,Vaccinium vitis-idaea,new leaves,new above,0.000,0.000,0.000,0.000,0.000,.,.,.,0,0.000,0.000,0.000,0.000,.,.,.,0.000,0.000,0.000,0.000,0.000,.,.,.,0.00,0.000,0.000,0.000,0.000,.,.,.,0.000,0.000,20.000,0,0,0,0,.,.,.,0,0,0,0,0,.,.,0,0,0,0,0,.,.,0,0,0,0,0,.,.,0.000,0.000,19,,
03-Jul-1983,Toolik Tussock 1981 plots,Control,Evergreen,Vaccinium vitis-idaea,new stems,new above,0.058,0.099,0.370,0.568,0.554,.,.,.,0.175,0.291,1.152,0.301,1.095,.,.,.,0.319,0.332,0.586,0.491,0.599,.,.,.,0.53,0.130,0.861,0.282,0.654,.,.,.,0.472,0.068,20.000,1.45,2.475,9.25,14.2,13.85,.,.,4.375,7.275,28.8,7.525,27.375,.,.,7.975,8.3,14.65,12.275,14.975,.,.,13.225,3.25,21.525,7.05,16.35,.,.,11.808,1.697,20,,
03-Jul-1983,Toolik Tussock 1981 plots,Control,Evergreen,Vaccinium vitis-idaea,old stems,old above,0.000,0.000,0.000,0.000,0.000,.,.,.,0,0.000,0.000,0.000,0.000,.,.,.,0.000,0.000,0.000,0.000,0.000,.,.,.,0.00,0.000,0.000,0.000,0.000,.,.,.,0.000,0.000,20.000,0,0,0,0,0,.,.,0,0,0,0,0,.,.,0,0,0,0,0,.,.,0,0,0,0,0,.,.,0.000,0.000,20,,
03-Jul-1983,Toolik Tussock 1981 plots,Control,Evergreen,Vaccinium vitis-idaea,below stems,below,0.000,0.000,0.003,0.016,0.003,.,.,.,0.001,0.000,0.006,0.000,0.008,.,.,.,0.004,0.000,0.003,0.000,0.024,.,.,.,0.00,0.000,0.005,0.000,0.001,.,.,.,0.004,0.001,20.000,0,0,0.075,0.4,0.075,.,.,0.025,0,0.15,0,0.2,.,.,0.1,0,0.075,0,0.6,.,.,0,0,0.125,0,0.025,.,.,0.093,0.035,20,,
03-Jul-1983,Toolik Tussock 1981 plots,Control,Evergreen,Vaccinium vitis-idaea,inflorescence,new above,0.000,0.000,1.658,0.000,0.000,.,.,.,0,0.000,0.000,0.000,0.000,.,.,.,0.000,0.000,0.000,0.873,0.148,.,.,.,0.27,0.000,1.660,1.555,0.814,.,.,.,0.349,0.136,20.000,0,0,41.45,0,0,.,.,0,0,0,0,0,.,.,0,0,0,21.825,3.7,.,.,6.675,0,41.5,38.875,20.35,.,.,8.719,3.395,20,,
03-Jul-1983,Toolik Tussock 1981 plots,Control,Evergreen,Other Evergreen,old leaves,old above,0.000,0.000,0.253,0.000,0.000,.,.,.,0,0.000,0.000,0.000,0.000,.,.,.,0.000,0.000,0.000,0.053,0.013,.,.,.,0.05,0.000,0.052,0.168,0.027,.,.,.,0.031,0.015,20.000,0,0,6.325,0,0,.,.,0,0,0,0,0,.,.,0,0,0,1.325,0.325,.,.,1.125,0,1.3,4.2,0.675,.,.,0.764,0.367,20,,
03-Jul-1983,Toolik Tussock 1981 plots,Control,Evergreen,Other Evergreen,new leaves,new above,0.000,0.000,0.000,0.000,0.000,.,.,.,0,0.000,0.000,0.000,0.000,.,.,.,0.000,0.000,0.000,0.000,0.000,.,.,.,0.00,0.000,0.000,0.005,0.000,.,.,.,0.000,0.000,20.000,0,0,0,0,0,.,.,0,0,0,0,0,.,.,0,0,0,0,0,.,.,0,0,0,0.125,0,.,.,0.006,0.006,20,,
03-Jul-1983,Toolik Tussock 1981 plots,Control,Evergreen,Other Evergreen,new stems,new above,0.000,0.000,0.112,0.000,0.000,.,.,.,0,0.000,0.000,0.000,0.000,.,.,.,0.000,0.000,0.000,0.162,0.083,.,.,.,0.06,0.000,0.255,0.683,0.172,.,.,.,0.076,0.036,20.000,0,0,2.8,0,0,.,.,0,0,0,0,0,.,.,0,0,0,4.05,2.075,.,.,1.5,0,6.375,17.075,4.3,.,.,1.909,0.901,20,,
03-Jul-1983,Toolik Tussock 1981 plots,Control,Evergreen,Other Evergreen,old stems,old above,0.000,0.000,0.000,0.000,0.000,.,.,.,0,0.000,0.000,0.000,0.000,.,.,.,0.000,0.000,0.000,0.000,0.000,.,.,.,0.00,0.000,0.000,0.000,0.000,.,.,.,0.000,0.000,20.000,0,0,0,0,0,.,.,0,0,0,0,0,.,.,0,0,0,0,0,.,.,0,0,0,0,0,.,.,0.000,0.000,20,,
03-Jul-1983,Toolik Tussock 1981 plots,Control,Evergreen,Other Evergreen,below stems,below,0.000,0.000,0.000,0.000,0.000,.,.,.,0,0.000,0.000,0.000,0.000,.,.,.,0.000,0.000,0.000,0.000,0.000,.,.,.,0.00,0.000,0.000,0.000,0.000,.,.,.,0.000,0.000,20.000,0,0,0,0,0,.,.,0,0,0,0,0,.,.,0,0,0,0,0,.,.,0,0,0,0,0,.,.,0.000,0.000,20,,
03-Jul-1983,Toolik Tussock 1981 plots,Control,Evergreen,Other Evergreen,inflorescence,new above,0.022,0.000,0.000,0.040,0.031,.,.,.,0,0.000,0.106,0.009,0.000,.,.,.,0.000,0.000,0.000,0.000,0.000,.,.,.,0.02,0.010,0.013,0.029,0.004,.,.,.,0.014,0.006,20.000,0.55,0,0,1,0.775,.,.,0,0,2.65,0.225,0,.,.,0,0,0,0,0,.,.,0.575,0.25,0.325,0.725,0.1,.,.,0.359,0.140,20,,
03-Jul-1983,Toolik Tussock 1981 plots,Control,Forb,Forbs spp. ,new above,new above,0.000,0.000,0.000,0.000,0.000,.,.,.,0,0.000,0.000,0.000,0.000,.,.,.,0.000,0.000,0.000,0.000,0.000,.,.,.,0.00,0.000,0.000,0.000,0.000,.,.,.,0.000,0.000,20.000,0,0,0,0,0,.,.,0,0,0,0,0,.,.,0,0,0,0,0,.,.,0,0,0,0,0,.,.,0.000,0.000,20,,
03-Jul-1983,Toolik Tussock 1981 plots,Control,Forb,Forbs spp. ,below,below,0.000,0.000,0.000,0.000,0.000,.,.,.,0,0.000,0.000,0.000,0.000,.,.,.,0.000,0.000,0.000,0.000,0.000,.,.,.,0.000,0.000,0.000,0.000,0.000,.,.,.,0.000,0.000,20.000,0,0,0,0,0,.,.,0,0,0,0,0,.,.,0,0,0,0,0,.,.,0,0,0,0,0,.,.,0.000,0.000,20,,
03-Jul-1983,Toolik Tussock 1981 plots,NP,Graminoid,Eriophorum vaginatum,blade,new above,1.812,1.140,0.000,6.173,3.068,.,.,.,4.398,0.656,0.703,0.404,0.897,.,.,.,0.065,1.444,0.051,0.000,3.260,.,.,.,0.42,0.940,2.867,0.000,0.649,.,.,.,1.447,0.377,20.000,45.3,28.5,0,154.325,76.7,.,.,109.95,16.4,17.575,10.1,22.425,.,.,1.625,36.1,1.275,0,81.5,.,.,10.425,23.5,71.675,0,16.225,.,.,36.180,9.413,20,,
03-Jul-1983,Toolik Tussock 1981 plots,NP,Graminoid,Eriophorum vaginatum,sheath,new above,0.894,0.580,0.000,6.473,1.824,.,.,.,5.723,0.390,0.577,0.226,0.384,.,.,.,0.023,1.311,0.042,0.000,2.191,.,.,.,0.35,0.691,2.000,0.000,0.440,.,.,.,1.206,0.404,20.000,22.35,14.5,0,161.825,45.6,.,.,143.075,9.75,14.425,5.65,9.6,.,.,0.575,32.775,1.05,0,54.775,.,.,8.8,17.275,50,0,11,.,.,30.151,10.100,20,,
03-Jul-1983,Toolik Tussock 1981 plots,NP,Graminoid,Eriophorum vaginatum,rhizome,below,2.381,1.265,0.000,7.155,4.502,.,.,.,6.617,0.757,2.071,0.226,0.924,.,.,.,0.038,2.214,0.105,0.000,2.380,.,.,.,0.06,1.079,2.500,0.000,0.488,.,.,.,1.738,0.476,20.000,59.525,31.625,0,178.875,112.55,.,.,165.425,18.925,51.775,5.65,23.1,.,.,0.95,55.35,2.625,0,59.5,.,.,1.55,26.975,62.5,0,12.2,.,.,43.455,11.899,20,,
03-Jul-1983,Toolik Tussock 1981 plots,NP,Graminoid,Eriophorum vaginatum,v0,new above,0.016,0.013,0.000,0.052,0.006,.,.,.,0.017,0.006,0.006,0.005,0.000,.,.,.,0.000,0.025,0.000,0.000,0.013,.,.,.,0.00,0.000,0.069,0.000,0.006,.,.,.,0.012,0.004,20.000,0.4,0.325,0,1.3,0.15,.,.,0.425,0.15,0.15,0.125,0,.,.,0,0.625,0,0,0.325,.,.,0,0,1.725,0,0.15,.,.,0.293,0.103,20,,
03-Jul-1983,Toolik Tussock 1981 plots,NP,Graminoid,Eriophorum vaginatum,inflorescence,new above,0.000,0.180,0.000,0.058,0.481,.,.,.,0.629,0.000,0.000,0.150,0.000,.,.,.,0.000,0.000,0.000,0.000,0.000,.,.,.,0.00,0.000,0.000,0.000,0.000,.,.,.,0.075,0.039,20.000,0,4.5,0,1.45,12.025,.,.,15.725,0,0,3.75,0,.,.,0,0,0,0,0,.,.,0,0,0,0,0,.,.,1.873,0.971,20,,
03-Jul-1983,Toolik Tussock 1981 plots,NP,Graminoid,Eriophorum vaginatum,CYS blade,new above,0.000,0.000,0.000,0.000,0.000,.,.,.,0,0.000,0.000,0.000,0.000,.,.,.,0.000,0.000,0.000,0.000,0.000,.,.,.,0.00,0.000,0.000,0.000,0.000,.,.,.,0.000,0.000,20.000,0,0,0,0,0,.,.,0,0,0,0,0,.,.,0,0,0,0,0,.,.,0,0,0,0,0,.,.,0.000,0.000,20,,
03-Jul-1983,Toolik Tussock 1981 plots,NP,Graminoid,Eriophorum vaginatum,CYS sheath,new above,0.000,0.000,0.000,0.000,0.000,.,.,.,0,0.000,0.000,0.000,0.000,.,.,.,0.000,0.000,0.000,0.000,0.000,.,.,.,0.00,0.000,0.000,0.000,0.000,.,.,.,0.000,0.000,20.000,0,0,0,0,0,.,.,0,0,0,0,0,.,.,0,0,0,0,0,.,.,0,0,0,0,0,.,.,0.000,0.000,20,,
03-Jul-1983,Toolik Tussock 1981 plots,NP,Graminoid,Eriophorum vaginatum,infl. bud,new above,0.000,0.000,0.000,0.000,0.000,.,.,.,0,0.000,0.000,0.000,0.000,.,.,.,0.000,0.000,0.000,0.000,0.000,.,.,.,0.00,0.000,0.000,0.000,0.000,.,.,.,0.000,0.000,20.000,0,0,0,0,0,.,.,0,0,0,0,0,.,.,0,0,0,0,0,.,.,0,0,0,0,0,.,.,0.000,0.000,20,,
03-Jul-1983,Toolik Tussock 1981 plots,NP,Graminoid,Carex bigelowii,blade,new above,0.000,0.000,0.378,0.537,0.114,.,.,.,0,0.000,0.205,0.178,0.013,.,.,.,0.000,0.000,0.057,0.271,0.000,.,.,.,0.63,0.000,0.277,3.477,0.000,.,.,.,0.307,0.172,20.000,0,0,9.45,13.425,2.85,.,.,0,0,5.125,4.45,0.325,.,.,0,0,1.425,6.775,0,.,.,15.7,0,6.925,86.925,0,.,.,7.669,4.306,20,,
03-Jul-1983,Toolik Tussock 1981 plots,NP,Graminoid,Carex bigelowii,sheath,new above,0.000,0.000,0.130,0.175,0.044,.,.,.,0,0.000,0.058,0.044,0.003,.,.,.,0.000,0.000,0.019,0.061,0.000,.,.,.,0.18,0.000,0.102,0.725,0.000,.,.,.,0.077,0.037,20.000,0,0,3.25,4.375,1.1,.,.,0,0,1.45,1.1,0.075,.,.,0,0,0.475,1.525,0,.,.,4.5,0,2.55,18.125,0,.,.,1.926,0.915,20,,
03-Jul-1983,Toolik Tussock 1981 plots,NP,Graminoid,Carex bigelowii,rhizome,below,0.000,0.000,0.368,2.190,0.134,.,.,.,0,0.000,0.808,0.032,0.016,.,.,.,0.000,0.000,0.114,0.158,0.000,.,.,.,0.93,0.000,0.869,0.000,0.000,.,.,.,0.281,0.122,20.000,0,0,9.2,54.75,3.35,.,.,0,0,20.2,0.8,0.4,.,.,0,0,2.85,3.95,0,.,.,23.2,0,21.725,0,0,.,.,7.021,3.057,20,,
03-Jul-1983,Toolik Tussock 1981 plots,NP,Graminoid,Carex bigelowii,v0,new above,0.000,0.000,0.000,0.000,0.000,.,.,.,0,0.000,0.000,0.000,0.000,.,.,.,0.000,0.000,0.000,0.000,0.000,.,.,.,0.00,0.000,0.000,0.083,0.000,.,.,.,0.004,0.004,20.000,0,0,0,0,0,.,.,0,0,0,0,0,.,.,0,0,0,0,0,.,.,0.1,0,0,2.075,0,.,.,0.109,0.104,20,,
03-Jul-1983,Toolik Tussock 1981 plots,NP,Graminoid,Carex bigelowii,inflorescence,new above,0.000,0.000,0.000,0.141,0.000,.,.,.,0,0.000,0.117,0.000,0.000,.,.,.,0.000,0.000,0.000,0.000,0.000,.,.,.,0.00,0.000,0.000,0.320,0.000,.,.,.,0.029,0.018,20.000,0,0,0,3.525,0,.,.,0,0,2.925,0,0,.,.,0,0,0,0,0,.,.,0,0,0,8,0,.,.,0.723,0.443,20,,
03-Jul-1983,Toolik Tussock 1981 plots,NP,Graminoid,Carex bigelowii,CYS blade,new above,0.000,0.000,0.000,0.000,0.000,.,.,.,0,0.000,0.000,0.000,0.000,.,.,.,0.000,0.000,0.000,0.000,0.000,.,.,.,0.00,0.000,0.000,0.000,0.000,.,.,.,0.000,0.000,20.000,0,0,0,0,0,.,.,0,0,0,0,0,.,.,0,0,0,0,0,.,.,0,0,0,0,0,.,.,0.000,0.000,20,,
03-Jul-1983,Toolik Tussock 1981 plots,NP,Graminoid,Carex bigelowii,CYS sheath,new above,0.000,0.000,0.000,0.000,0.000,.,.,.,0,0.000,0.000,0.000,0.000,.,.,.,0.000,0.000,0.000,0.000,0.000,.,.,.,0.00,0.000,0.000,0.000,0.000,.,.,.,0.000,0.000,20.000,0,0,0,0,0,.,.,0,0,0,0,0,.,.,0,0,0,0,0,.,.,0,0,0,0,0,.,.,0.000,0.000,20,,
03-Jul-1983,Toolik Tussock 1981 plots,NP,Graminoid,Carex bigelowii,infl. bud,new above,0.000,0.000,0.000,0.000,0.000,.,.,.,0,0.000,0.000,0.000,0.000,.,.,.,0.000,0.000,0.000,0.000,0.000,.,.,.,0.00,0.000,0.000,0.000,0.000,.,.,.,0.000,0.000,20.000,0,0,0,0,0,.,.,0,0,0,0,0,.,.,0,0,0,0,0,.,.,0,0,0,0,0,.,.,0.000,0.000,20,,
03-Jul-1983,Toolik Tussock 1981 plots,NP,Graminoid,Other sedges,blade,new above,0.000,0.000,0.159,0.000,0.000,.,.,.,0,0.000,0.000,0.000,0.000,.,.,.,0.000,0.000,0.000,0.000,0.000,.,.,.,0.00,0.000,0.000,0.000,0.000,.,.,.,0.008,0.008,20.000,0,0,3.975,0,0,.,.,0,0,0,0,0,.,.,0,0,0,0,0,.,.,0,0,0,0,0,.,.,0.199,0.199,20,,
03-Jul-1983,Toolik Tussock 1981 plots,NP,Graminoid,Other sedges,sheath,new above,0.000,0.000,0.025,0.000,0.000,.,.,.,0,0.000,0.000,0.000,0.000,.,.,.,0.000,0.000,0.000,0.000,0.000,.,.,.,0.00,0.000,0.000,0.000,0.000,.,.,.,0.001,0.001,20.000,0,0,0.625,0,0,.,.,0,0,0,0,0,.,.,0,0,0,0,0,.,.,0,0,0,0,0,.,.,0.031,0.031,20,,
03-Jul-1983,Toolik Tussock 1981 plots,NP,Graminoid,Other sedges,rhizome,below,0.000,0.000,0.074,0.000,0.000,.,.,.,0,0.000,0.000,0.000,0.000,.,.,.,0.000,0.000,0.000,0.000,0.000,.,.,.,0.00,0.000,0.000,0.000,0.000,.,.,.,0.004,0.004,20.000,0,0,1.85,0,0,.,.,0,0,0,0,0,.,.,0,0,0,0,0,.,.,0,0,0,0,0,.,.,0.093,0.093,20,,
03-Jul-1983,Toolik Tussock 1981 plots,NP,Graminoid,Other sedges,v0,new above,0.000,0.000,0.000,0.000,0.000,.,.,.,0,0.000,0.000,0.000,0.000,.,.,.,0.000,0.000,0.000,0.000,0.000,.,.,.,0.00,0.000,0.000,0.000,0.000,.,.,.,0.000,0.000,20.000,0,0,0,0,0,.,.,0,0,0,0,0,.,.,0,0,0,0,0,.,.,0,0,0,0,0,.,.,0.000,0.000,20,,
03-Jul-1983,Toolik Tussock 1981 plots,NP,Graminoid,Other sedges,inflorescence,new above,0.000,0.000,0.000,0.000,0.000,.,.,.,0,0.000,0.000,0.000,0.000,.,.,.,0.000,0.000,0.000,0.000,0.000,.,.,.,0.00,0.000,0.000,0.000,0.000,.,.,.,0.000,0.000,20.000,0,0,0,0,0,.,.,0,0,0,0,0,.,.,0,0,0,0,0,.,.,0,0,0,0,0,.,.,0.000,0.000,20,,
03-Jul-1983,Toolik Tussock 1981 plots,NP,Graminoid,Other sedges,CYS blade,new above,0.000,0.000,0.000,0.000,0.000,.,.,.,0,0.000,0.000,0.000,0.000,.,.,.,0.000,0.000,0.000,0.000,0.000,.,.,.,0.00,0.000,0.000,0.000,0.000,.,.,.,0.000,0.000,20.000,0,0,0,0,0,.,.,0,0,0,0,0,.,.,0,0,0,0,0,.,.,0,0,0,0,0,.,.,0.000,0.000,20,,
03-Jul-1983,Toolik Tussock 1981 plots,NP,Graminoid,Other sedges,CYS sheath,new above,0.000,0.000,0.000,0.000,0.000,.,.,.,0,0.000,0.000,0.000,0.000,.,.,.,0.000,0.000,0.000,0.000,0.000,.,.,.,0.00,0.000,0.000,0.000,0.000,.,.,.,0.000,0.000,20.000,0,0,0,0,0,.,.,0,0,0,0,0,.,.,0,0,0,0,0,.,.,0,0,0,0,0,.,.,0.000,0.000,20,,
03-Jul-1983,Toolik Tussock 1981 plots,NP,Graminoid,Other sedges,infl. bud,new above,0.000,0.000,0.000,0.000,0.000,.,.,.,0,0.000,0.000,0.000,0.000,.,.,.,0.000,0.000,0.000,0.000,0.000,.,.,.,0.00,0.000,0.000,0.000,0.000,.,.,.,0.000,0.000,20.000,0,0,0,0,0,.,.,0,0,0,0,0,.,.,0,0,0,0,0,.,.,0,0,0,0,0,.,.,0.000,0.000,20,,
03-Jul-1983,Toolik Tussock 1981 plots,NP,Deciduous,Betula nana,new leaves,new above,0.282,0.951,0.000,0.038,0.082,.,.,.,0.091,0.000,1.763,1.511,0.213,.,.,.,0.782,0.090,1.729,1.459,0.000,.,.,.,0.64,1.099,0.304,0.088,0.136,.,.,.,0.563,0.141,20.000,7.05,23.775,0,0.95,2.05,.,.,2.275,0,44.075,37.775,5.325,.,.,19.55,2.25,43.225,36.475,0,.,.,16.1,27.475,7.6,2.2,3.4,.,.,14.078,3.530,20,,
03-Jul-1983,Toolik Tussock 1981 plots,NP,Deciduous,Betula nana,new stems,new above,0.000,0.000,0.000,0.000,0.000,.,.,.,0,0.000,0.000,0.000,0.000,.,.,.,0.000,0.000,0.000,0.000,0.000,.,.,.,0.00,0.000,0.000,0.000,0.000,.,.,.,0.000,0.000,20.000,0,0,0,0,0,.,.,0,0,0,0,0,.,.,0,0,0,0,0,.,.,0,0,0,0,0,.,.,0.000,0.000,20,,
03-Jul-1983,Toolik Tussock 1981 plots,NP,Deciduous,Betula nana,old stems,old above,1.622,1.894,0.000,0.131,0.149,.,.,.,0.125,0.000,2.521,2.462,0.181,.,.,.,0.772,0.041,4.224,4.342,0.000,.,.,.,0.82,2.524,0.537,0.000,1.419,.,.,.,1.188,0.313,20.000,40.55,47.35,0,3.275,3.725,.,.,3.125,0,63.025,61.55,4.525,.,.,19.3,1.025,105.6,108.55,0,.,.,20.575,63.1,13.425,0,35.475,.,.,29.709,7.814,20,,
03-Jul-1983,Toolik Tussock 1981 plots,NP,Deciduous,Betula nana,below stems,below,0.000,0.000,0.000,0.000,0.000,.,.,.,0,0.000,0.000,0.000,0.000,.,.,.,0.000,0.000,0.000,0.000,0.000,.,.,.,0.00,0.000,0.000,0.000,0.000,.,.,.,0.000,0.000,20.000,0,0,0,0,0,.,.,0,0,0,0,0,.,.,0,0,0,0,0,.,.,0,0,0,0,0,.,.,0.000,0.000,20,,
03-Jul-1983,Toolik Tussock 1981 plots,NP,Deciduous,Betula nana,inflorescence,new above,0.000,0.024,0.000,0.000,0.000,.,.,.,0,0.000,0.000,0.032,0.000,.,.,.,0.000,0.000,0.088,0.000,0.000,.,.,.,0.00,0.000,0.000,0.000,0.000,.,.,.,0.007,0.005,20.000,0,0.6,0,0,0,.,.,0,0,0,0.8,0,.,.,0,0,2.2,0,0,.,.,0,0,0,0,0,.,.,0.180,0.117,20,,
03-Jul-1983,Toolik Tussock 1981 plots,NP,Deciduous,Rubus chamaemorus,new leaves,new above,0.000,0.000,0.000,0.000,0.000,.,.,.,0.228,0.068,0.075,0.177,0.005,.,.,.,0.409,0.317,0.232,0.224,0.047,.,.,.,0.00,0.107,0.850,0.004,0.064,.,.,.,0.140,0.046,20.000,0,0,0,0,0,.,.,5.7,1.7,1.875,4.425,0.125,.,.,10.225,7.925,5.8,5.6,1.175,.,.,0,2.675,21.25,0.1,1.6,.,.,3.509,1.155,20,,
03-Jul-1983,Toolik Tussock 1981 plots,NP,Deciduous,Rubus chamaemorus,new stems,new above,0.000,0.000,0.000,0.000,0.000,.,.,.,0.478,0.053,0.041,0.174,0.014,.,.,.,0.179,0.000,0.102,0.042,0.072,.,.,.,0.00,0.026,0.000,0.000,0.000,.,.,.,0.059,0.025,20.000,0,0,0,0,0,.,.,11.95,1.325,1.025,4.35,0.35,.,.,4.475,0,2.55,1.05,1.8,.,.,0,0.65,0,0,0,.,.,1.476,0.633,20,,
03-Jul-1983,Toolik Tussock 1981 plots,NP,Deciduous,Rubus chamaemorus,below stems,below,0.000,0.000,0.000,0.000,0.000,.,.,.,0,0.000,0.000,0.000,0.000,.,.,.,0.000,0.000,0.000,0.000,0.000,.,.,.,0.00,0.000,0.000,0.000,0.000,.,.,.,0.000,0.000,20.000,0,0,0,0,0,.,.,0,0,0,0,0,.,.,0,0,0,0,0,.,.,0,0,0,0,0,.,.,0.000,0.000,20,,
03-Jul-1983,Toolik Tussock 1981 plots,NP,Deciduous,Rubus chamaemorus,inflorescence,new above,0.000,0.000,0.000,0.000,0.000,.,.,.,0,0.000,0.000,0.000,0.000,.,.,.,0.018,0.000,0.000,0.000,0.000,.,.,.,0.00,0.000,0.000,0.000,0.009,.,.,.,0.001,0.001,20.000,0,0,0,0,0,.,.,0,0,0,0,0,.,.,0.45,0,0,0,0,.,.,0,0,0,0,0.225,.,.,0.034,0.025,20,,
03-Jul-1983,Toolik Tussock 1981 plots,NP,Deciduous,Other deciduous,new leaves,new above,0.000,0.000,0.000,0.000,0.000,.,.,.,0,0.000,0.000,0.069,0.000,.,.,.,0.368,0.502,0.547,0.379,0.094,.,.,.,0.00,0.000,0.000,0.000,0.000,.,.,.,0.098,0.041,20.000,0,0,0,0,0,.,.,0,0,0,1.725,0,.,.,9.2,12.55,13.675,9.475,2.35,.,.,0,0,0,0,0,.,.,2.449,1.036,20,,
03-Jul-1983,Toolik Tussock 1981 plots,NP,Deciduous,Other deciduous,new stems,new above,0.000,0.000,0.000,0.000,0.000,.,.,.,0,0.000,0.000,0.000,0.000,.,.,.,0.000,0.000,0.000,0.030,0.000,.,.,.,0.00,0.000,0.000,0.000,0.000,.,.,.,0.002,0.002,20.000,0,0,0,0,0,.,.,0,0,0,0,0,.,.,0,0,0,0.75,0,.,.,0,0,0,0,0,.,.,0.038,0.038,20,,
03-Jul-1983,Toolik Tussock 1981 plots,NP,Deciduous,Other deciduous,old stems,old above,0.000,0.000,0.000,0.000,0.000,.,.,.,0,0.000,0.000,0.205,0.000,.,.,.,0.316,0.364,1.350,1.421,0.080,.,.,.,0.00,0.000,0.000,0.000,0.000,.,.,.,0.187,0.095,20.000,0,0,0,0,0,.,.,0,0,0,5.125,0,.,.,7.9,9.1,33.75,35.525,2,.,.,0,0,0,0,0,.,.,4.670,2.373,20,,
03-Jul-1983,Toolik Tussock 1981 plots,NP,Deciduous,Other deciduous,below stems,below,0.000,0.000,0.000,0.000,0.000,.,.,.,0,0.000,0.000,0.000,0.000,.,.,.,0.000,0.000,0.000,0.000,0.000,.,.,.,0.00,0.000,0.000,0.000,0.000,.,.,.,0.000,0.000,20.000,0,0,0,0,0,.,.,0,0,0,0,0,.,.,0,0,0,0,0,.,.,0,0,0,0,0,.,.,0.000,0.000,20,,
03-Jul-1983,Toolik Tussock 1981 plots,NP,Deciduous,Other deciduous,inflorescence,new above,0.000,0.000,0.000,0.000,0.000,.,.,.,0,0.000,0.000,0.000,0.000,.,.,.,0.003,0.000,0.000,0.000,0.000,.,.,.,0.00,0.000,0.000,0.000,0.000,.,.,.,0.000,0.000,20.000,0,0,0,0,0,.,.,0,0,0,0,0,.,.,0.075,0,0,0,0,.,.,0,0,0,0,0,.,.,0.004,0.004,20,,
03-Jul-1983,Toolik Tussock 1981 plots,NP,Evergreen,Ledum palustre,old leaves,old above,0.350,0.453,0.224,0.191,0.178,.,.,.,0.565,2.729,1.866,1.268,0.434,.,.,.,0.193,0.000,1.000,0.000,0.367,.,.,.,0.66,0.456,0.577,0.242,0.627,.,.,.,0.619,0.149,20.000,8.75,11.325,5.6,4.775,4.45,.,.,14.125,68.225,46.65,31.7,10.85,.,.,4.825,0,25,0,9.175,.,.,16.6,11.4,14.425,6.05,15.675,.,.,15.480,3.723,20,,
03-Jul-1983,Toolik Tussock 1981 plots,NP,Evergreen,Ledum palustre,new leaves,new above,0.028,0.096,0.031,0.022,0.007,.,.,.,0.204,0.901,0.795,0.204,0.248,.,.,.,0.103,0.513,0.395,0.664,0.084,.,.,.,0.32,0.294,0.283,0.030,0.173,.,.,.,0.270,0.059,20.000,0.7,2.4,0.775,0.55,0.175,.,.,5.1,22.525,19.875,5.1,6.2,.,.,2.575,12.825,9.875,16.6,2.1,.,.,8.1,7.35,7.075,0.75,4.325,.,.,6.749,1.475,20,,
03-Jul-1983,Toolik Tussock 1981 plots,NP,Evergreen,Ledum palustre,new stems,new above,0.006,0.000,0.000,0.000,0.000,.,.,.,0,0.000,0.000,0.000,0.000,.,.,.,0.000,0.000,0.000,0.000,0.000,.,.,.,0.00,0.000,0.000,0.000,0.000,.,.,.,0.000,0.000,20.000,0.15,0,0,0,0,.,.,0,0,0,0,0,.,.,0,0,0,0,0,.,.,0,0,0,0,0,.,.,0.008,0.008,20,,
03-Jul-1983,Toolik Tussock 1981 plots,NP,Evergreen,Ledum palustre,old stems,old above,3.697,0.771,0.551,0.744,0.216,.,.,.,1.188,5.519,1.986,2.387,0.489,.,.,.,0.595,0.000,1.021,0.000,0.970,.,.,.,1.49,2.016,1.886,0.335,3.066,.,.,.,1.446,0.311,20.000,92.425,19.275,13.775,18.6,5.4,.,.,29.7,137.975,49.65,59.675,12.225,.,.,14.875,0,25.525,0,24.25,.,.,37.25,50.4,47.15,8.375,76.65,.,.,36.159,7.777,20,,
03-Jul-1983,Toolik Tussock 1981 plots,NP,Evergreen,Ledum palustre,below stems,below,0.000,0.000,0.000,0.000,0.000,.,.,.,0,0.000,0.000,0.000,0.000,.,.,.,0.000,0.000,0.000,0.000,0.000,.,.,.,0.00,0.000,0.000,0.000,0.000,.,.,.,0.000,0.000,20.000,0,0,0,0,0,.,.,0,0,0,0,0,.,.,0,0,0,0,0,.,.,0,0,0,0,0,.,.,0.000,0.000,20,,
03-Jul-1983,Toolik Tussock 1981 plots,NP,Evergreen,Ledum palustre,inflorescence,new above,0.012,0.021,0.000,0.000,0.000,.,.,.,0,0.012,0.000,0.000,0.000,.,.,.,0.000,0.060,0.039,0.025,0.000,.,.,.,0.03,0.000,0.000,0.000,0.000,.,.,.,0.010,0.004,20.000,0.3,0.525,0,0,0,.,.,0,0.3,0,0,0,.,.,0,1.5,0.975,0.625,0,.,.,0.8,0,0,0,0,.,.,0.251,0.095,20,,
03-Jul-1983,Toolik Tussock 1981 plots,NP,Evergreen,Vaccinium vitis-idaea,old leaves,old above,0.427,0.096,4.650,2.363,0.363,.,.,.,4.969,4.563,0.710,1.242,0.565,.,.,.,0.889,0.638,0.717,0.979,0.579,.,.,.,5.17,1.819,2.073,0.680,1.493,.,.,.,1.749,0.378,20.000,10.675,2.4,116.25,59.075,9.075,.,.,124.225,114.075,17.75,31.05,14.125,.,.,22.225,15.95,17.925,24.475,14.475,.,.,129.175,45.475,51.825,17,37.325,.,.,43.728,9.443,20,,
03-Jul-1983,Toolik Tussock 1981 plots,NP,Evergreen,Vaccinium vitis-idaea,new leaves,new above,0.004,0.005,0.175,0.060,0.003,.,.,.,0.357,0.409,0.054,0.049,0.026,.,.,.,0.184,0.072,0.056,0.172,0.020,.,.,.,1.02,0.887,0.455,0.033,0.290,.,.,.,0.216,0.065,20.000,0.1,0.125,4.375,1.5,0.075,.,.,8.925,10.225,1.35,1.225,0.65,.,.,4.6,1.8,1.4,4.3,0.5,.,.,25.45,22.175,11.375,0.825,7.25,.,.,5.411,1.615,20,,
03-Jul-1983,Toolik Tussock 1981 plots,NP,Evergreen,Vaccinium vitis-idaea,new stems,new above,0.000,0.000,0.000,0.000,0.000,.,.,.,0,0.000,0.000,0.000,0.000,.,.,.,0.000,0.000,0.000,0.000,0.000,.,.,.,0.00,0.000,0.000,0.000,0.000,.,.,.,0.000,0.000,20.000,0,0,0,0,0,.,.,0,0,0,0,0,.,.,0,0,0,0,0,.,.,0,0,0,0,0,.,.,0.000,0.000,20,,
03-Jul-1983,Toolik Tussock 1981 plots,NP,Evergreen,Vaccinium vitis-idaea,old stems,old above,0.129,0.043,0.958,0.907,0.103,.,.,.,1.481,1.738,0.189,0.450,0.173,.,.,.,0.268,0.283,0.338,0.258,0.217,.,.,.,1.86,0.785,0.842,0.355,0.863,.,.,.,0.612,0.124,20.000,3.225,1.075,23.95,22.675,2.575,.,.,37.025,43.45,4.725,11.25,4.325,.,.,6.7,7.075,8.45,6.45,5.425,.,.,46.6,19.625,21.05,8.875,21.575,.,.,15.305,3.090,20,,
03-Jul-1983,Toolik Tussock 1981 plots,NP,Evergreen,Vaccinium vitis-idaea,below stems,below,0.000,0.000,0.000,0.000,0.000,.,.,.,0,0.000,0.000,0.000,0.000,.,.,.,0.000,0.000,0.000,0.000,0.000,.,.,.,0.00,0.000,0.000,0.000,0.000,.,.,.,0.000,0.000,20.000,0,0,0,0,0,.,.,0,0,0,0,0,.,.,0,0,0,0,0,.,.,0,0,0,0,0,.,.,0.000,0.000,20,,
03-Jul-1983,Toolik Tussock 1981 plots,NP,Evergreen,Vaccinium vitis-idaea,inflorescence,new above,0.000,0.000,0.002,0.000,0.000,.,.,.,0.017,0.000,0.000,0.000,0.000,.,.,.,0.000,0.000,0.000,0.000,0.000,.,.,.,0.00,0.001,0.000,0.000,0.000,.,.,.,0.001,0.001,20.000,0,0,0.05,0,0,.,.,0.425,0,0,0,0,.,.,0,0,0,0,0,.,.,0.1,0.025,0,0,0,.,.,0.030,0.022,20,,
03-Jul-1983,Toolik Tussock 1981 plots,NP,Evergreen,Other Evergreen,old leaves,old above,0.000,0.000,0.000,0.000,0.000,.,.,.,1.148,0.000,0.331,0.000,0.000,.,.,.,0.235,0.081,0.345,1.090,0.146,.,.,.,1.11,0.112,0.000,0.000,0.042,.,.,.,0.232,0.089,20.000,0,0,0,0,0,.,.,28.7,0,8.275,0,0,.,.,5.875,2.025,8.625,27.25,3.65,.,.,27.65,2.8,0,0,1.05,.,.,5.795,2.214,20,,
03-Jul-1983,Toolik Tussock 1981 plots,NP,Evergreen,Other Evergreen,new leaves,new above,0.000,0.000,0.000,0.000,0.000,.,.,.,0.093,0.000,0.062,0.000,0.000,.,.,.,0.145,0.219,0.047,0.117,0.012,.,.,.,0.18,0.010,0.000,0.000,0.015,.,.,.,0.045,0.015,20.000,0,0,0,0,0,.,.,2.325,0,1.55,0,0,.,.,3.625,5.475,1.175,2.925,0.3,.,.,4.475,0.25,0,0,0.375,.,.,1.124,0.384,20,,
03-Jul-1983,Toolik Tussock 1981 plots,NP,Evergreen,Other Evergreen,new stems,new above,0.000,0.000,0.000,0.000,0.000,.,.,.,0,0.000,0.000,0.000,0.000,.,.,.,0.000,0.000,0.000,0.012,0.000,.,.,.,0.01,0.001,0.000,0.000,0.000,.,.,.,0.001,0.001,20.000,0,0,0,0,0,.,.,0,0,0,0,0,.,.,0,0,0,0.3,0,.,.,0.275,0.025,0,0,0,.,.,0.030,0.020,20,,
03-Jul-1983,Toolik Tussock 1981 plots,NP,Evergreen,Other Evergreen,old stems,old above,0.000,0.000,0.000,0.000,0.000,.,.,.,0.754,0.000,0.185,0.000,0.000,.,.,.,0.113,3.980,0.156,0.554,0.086,.,.,.,0.51,0.079,0.000,0.000,0.051,.,.,.,0.324,0.199,20.000,0,0,0,0,0,.,.,18.85,0,4.625,0,0,.,.,2.825,99.5,3.9,13.85,2.15,.,.,12.85,1.975,0,0,1.275,.,.,8.090,4.963,20,,
03-Jul-1983,Toolik Tussock 1981 plots,NP,Evergreen,Other Evergreen,below stems,below,0.000,0.000,0.000,0.000,0.000,.,.,.,0,0.000,0.000,0.000,0.000,.,.,.,0.000,0.000,0.000,0.000,0.000,.,.,.,0.00,0.000,0.000,0.000,0.000,.,.,.,0.000,0.000,20.000,0,0,0,0,0,.,.,0,0,0,0,0,.,.,0,0,0,0,0,.,.,0,0,0,0,0,.,.,0.000,0.000,20,,
03-Jul-1983,Toolik Tussock 1981 plots,NP,Evergreen,Other Evergreen,inflorescence,new above,0.000,0.000,0.000,0.000,0.000,.,.,.,0,0.000,0.000,0.000,0.000,.,.,.,0.000,0.000,0.000,0.000,0.000,.,.,.,0.00,0.000,0.000,0.000,0.000,.,.,.,0.000,0.000,20.000,0,0,0,0,0,.,.,0,0,0,0,0,.,.,0,0,0,0,0,.,.,0,0,0,0,0,.,.,0.000,0.000,20,,
03-Jul-1983,Toolik Tussock 1981 plots,NP,Forb,Forbs spp. ,new above,new above,0.000,0.000,0.683,0.348,0.096,.,.,.,0.114,0.000,0.000,0.000,0.000,.,.,.,0.000,0.000,0.000,0.000,0.000,.,.,.,0.00,0.000,0.246,0.000,0.000,.,.,.,0.074,0.038,20.000,0,0,17.075,8.7,2.4,.,.,2.85,0,0,0,0,.,.,0,0,0,0,0,.,.,0,0,6.15,0,0,.,.,1.859,0.960,20,,
03-Jul-1983,Toolik Tussock 1981 plots,NP,Forb,Forbs spp. ,below,below,0.000,0.000,0.000,0.000,0.000,.,.,.,0,0.000,0.000,0.000,0.000,.,.,.,0.000,0.000,0.000,0.000,0.000,.,.,.,0.00,0.000,0.000,0.000,0.000,.,.,.,0.000,0.000,20.000,0,0,0,0,0,.,.,0,0,0,0,0,.,.,0,0,0,0,0,.,.,0,0,0,0,0,.,.,0.000,0.000,20,,
30-Jul-1983,Toolik Tussock 1981 plots,Control,Graminoid,Eriophorum vaginatum,blade,new above,0.034,2.077,1.492,0.439,0.776,.,.,.,3.865,0.569,4.041,2.059,0.000,.,.,.,6.689,0.045,5.057,0.685,1.204,.,.,.,1.33,0.000,1.489,2.596,0.641,.,.,.,1.754,0.414,20.000,0.85,51.925,37.3,10.975,19.4,.,.,96.625,14.225,101.025,51.475,0,.,.,167.225,1.125,126.425,17.125,30.1,.,.,33.225,0,37.225,64.9,16.025,.,.,43.859,10.338,20,,
30-Jul-1983,Toolik Tussock 1981 plots,Control,Graminoid,Eriophorum vaginatum,sheath,new above,0.020,1.711,1.217,0.247,0.433,.,.,.,2.714,0.369,2.734,0.900,0.000,.,.,.,4.960,0.020,4.618,0.383,0.790,.,.,.,0.88,0.000,1.102,1.905,0.338,.,.,.,1.267,0.328,20.000,0.5,42.775,30.425,6.175,10.825,.,.,67.85,9.225,68.35,22.5,0,.,.,124,0.5,115.45,9.575,19.75,.,.,21.925,0,27.55,47.625,8.45,.,.,31.673,8.189,20,,
30-Jul-1983,Toolik Tussock 1981 plots,Control,Graminoid,Eriophorum vaginatum,rhizome,below,0.047,3.686,2.123,0.749,1.600,.,.,.,5.854,1.057,6.405,2.279,0.000,.,.,.,9.512,0.033,7.185,1.383,1.387,.,.,.,1.90,0.000,2.551,3.215,0.199,.,.,.,2.558,0.603,20.000,1.175,92.15,53.075,18.725,40,.,.,146.35,26.425,160.125,56.975,0,.,.,237.8,0.825,179.625,34.575,34.675,.,.,47.55,0,63.775,80.375,4.975,.,.,63.959,15.085,20,,
30-Jul-1983,Toolik Tussock 1981 plots,Control,Graminoid,Eriophorum vaginatum,v0,new above,0.000,0.004,0.070,0.000,0.004,.,.,.,0.018,0.000,0.051,0.000,0.000,.,.,.,0.000,0.000,0.032,0.002,0.004,.,.,.,0.00,0.000,0.027,0.035,0.000,.,.,.,0.012,0.005,20.000,0,0.1,1.75,0,0.1,.,.,0.45,0,1.275,0,0,.,.,0,0,0.8,0.05,0.1,.,.,0,0,0.675,0.875,0,.,.,0.309,0.113,20,,
30-Jul-1983,Toolik Tussock 1981 plots,Control,Graminoid,Eriophorum vaginatum,inflorescence,new above,0.000,0.000,0.000,0.000,0.000,.,.,.,0.322,0.000,0.148,0.188,0.000,.,.,.,0.000,0.000,0.000,0.000,0.000,.,.,.,0.00,0.000,0.000,0.000,0.000,.,.,.,0.033,0.019,20.000,0,0,0,0,0,.,.,8.05,0,3.7,4.7,0,.,.,0,0,0,0,0,.,.,0,0,0,0,0,.,.,0.823,0.479,20,,
30-Jul-1983,Toolik Tussock 1981 plots,Control,Graminoid,Eriophorum vaginatum,CYS blade,new above,0.002,0.071,0.124,0.050,0.008,.,.,.,0.199,0.000,0.150,0.093,0.000,.,.,.,0.372,0.005,0.079,0.063,0.074,.,.,.,0.07,0.000,0.137,0.069,0.000,.,.,.,0.078,0.020,20.000,0.05,1.775,3.1,1.25,0.2,.,.,4.975,0,3.75,2.325,0,.,.,9.3,0.125,1.975,1.5825,1.85,.,.,1.7,0,3.425,1.725,0,.,.,1.955,0.503,20,,
30-Jul-1983,Toolik Tussock 1981 plots,Control,Graminoid,Eriophorum vaginatum,CYS sheath,new above,0.000,0.000,0.231,0.108,0.000,.,.,.,0.37,0.000,0.136,0.127,0.000,.,.,.,0.572,0.000,0.040,0.082,0.056,.,.,.,0.12,0.000,0.155,0.126,0.000,.,.,.,0.106,0.033,20.000,0,0,5.775,2.7,0,.,.,9.25,0,3.4,3.175,0,.,.,14.3,0,1,2.05,1.4,.,.,2.875,0,3.875,3.15,0,.,.,2.648,0.815,20,,
30-Jul-1983,Toolik Tussock 1981 plots,Control,Graminoid,Eriophorum vaginatum,infl. bud,new above,0.000,0.000,0.000,0.000,0.000,.,.,.,0,0.000,0.087,0.000,0.000,.,.,.,0.000,0.000,0.000,0.000,0.000,.,.,.,0.00,0.000,0.000,0.000,0.000,.,.,.,0.004,0.004,20.000,0,0,0,0,0,.,.,0,0,2.175,0,0,.,.,0,0,0,0,0,.,.,0,0,0,0,0,.,.,0.109,0.109,20,,
30-Jul-1983,Toolik Tussock 1981 plots,Control,Graminoid,Carex bigelowii,blade,new above,0.543,0.528,0.585,0.491,0.023,.,.,.,0.11,0.800,0.000,0.271,0.019,.,.,.,0.515,0.000,0.024,0.373,0.000,.,.,.,0.00,0.458,0.000,0.265,0.000,.,.,.,0.250,0.059,20.000,13.575,13.2,14.625,12.275,0.575,.,.,2.75,20,0,6.775,0.475,.,.,12.875,0,0.6,9.325,0,.,.,0,11.45,0,6.625,0,.,.,6.256,1.471,20,,
30-Jul-1983,Toolik Tussock 1981 plots,Control,Graminoid,Carex bigelowii,sheath,new above,0.200,0.219,0.261,0.208,0.010,.,.,.,0.036,0.326,0.000,0.077,0.008,.,.,.,0.174,0.000,0.011,0.252,0.000,.,.,.,0.00,0.232,0.000,0.092,0.000,.,.,.,0.105,0.026,20.000,5,5.475,6.525,5.2,0.25,.,.,0.9,8.15,0,1.925,0.2,.,.,4.35,0,0.275,6.3,0,.,.,0,5.8,0,2.3,0,.,.,2.633,0.638,20,,
30-Jul-1983,Toolik Tussock 1981 plots,Control,Graminoid,Carex bigelowii,rhizome,below,2.613,1.931,4.403,1.029,0.069,.,.,.,0.057,3.613,0.000,0.833,0.040,.,.,.,1.469,0.641,0.672,6.447,0.000,.,.,.,0.13,1.316,0.000,0.761,0.000,.,.,.,1.301,0.390,20.000,65.325,48.275,110.075,25.725,1.725,.,.,1.425,90.325,0,20.825,1,.,.,36.725,16.025,16.8,161.175,0,.,.,3.125,32.9,0,19.025,0,.,.,32.524,9.752,20,,
30-Jul-1983,Toolik Tussock 1981 plots,Control,Graminoid,Carex bigelowii,v0,new above,0.019,0.067,0.062,0.000,0.000,.,.,.,0,0.051,0.000,0.000,0.008,.,.,.,0.000,0.000,0.000,0.027,0.000,.,.,.,0.00,0.050,0.000,0.033,0.000,.,.,.,0.016,0.005,20.000,0.475,1.675,1.55,0,0,.,.,0,1.275,0,0,0.2,.,.,0,0,0,0.675,0,.,.,0,1.25,0,0.825,0,.,.,0.396,0.132,20,,
30-Jul-1983,Toolik Tussock 1981 plots,Control,Graminoid,Carex bigelowii,inflorescence,new above,0.000,0.000,0.000,0.000,0.000,.,.,.,0,0.642,0.000,0.000,0.000,.,.,.,0.000,0.000,0.000,0.000,0.000,.,.,.,0.00,0.000,0.000,0.000,0.000,.,.,.,0.032,0.032,20.000,0,0,0,0,0,.,.,0,16.05,0,0,0,.,.,0,0,0,0,0,.,.,0,0,0,0,0,.,.,0.803,0.803,20,,
30-Jul-1983,Toolik Tussock 1981 plots,Control,Graminoid,Carex bigelowii,CYS blade,new above,0.008,0.008,0.000,0.000,0.000,.,.,.,0,0.001,0.000,0.000,0.000,.,.,.,0.000,0.000,0.000,0.008,0.000,.,.,.,0.00,0.017,0.000,0.000,0.000,.,.,.,0.002,0.001,20.000,0.2,0.2,0,0,0,.,.,0,0.025,0,0,0,.,.,0,0,0,0.2,0,.,.,0,0.425,0,0,0,.,.,0.053,0.025,20,,
30-Jul-1983,Toolik Tussock 1981 plots,Control,Graminoid,Carex bigelowii,CYS sheath,new above,0.000,0.002,0.000,0.000,0.000,.,.,.,0,0.002,0.000,0.000,0.000,.,.,.,0.000,0.000,0.000,0.000,0.000,.,.,.,0.00,0.000,0.000,0.000,0.000,.,.,.,0.000,0.000,20.000,0,0.05,0,0,0,.,.,0,0.05,0,0,0,.,.,0,0,0,0,0,.,.,0,0,0,0,0,.,.,0.005,0.003,20,,
30-Jul-1983,Toolik Tussock 1981 plots,Control,Graminoid,Carex bigelowii,infl. bud,new above,0.000,0.000,0.000,0.000,0.000,.,.,.,0,0.000,0.000,0.000,0.000,.,.,.,0.000,0.000,0.000,0.000,0.000,.,.,.,0.00,0.000,0.000,0.000,0.000,.,.,.,0.000,0.000,20.000,0,0,0,0,0,.,.,0,0,0,0,0,.,.,0,0,0,0,0,.,.,0,0,0,0,0,.,.,0.000,0.000,20,,
30-Jul-1983,Toolik Tussock 1981 plots,Control,Graminoid,Other sedges,blade,new above,0.000,0.036,0.000,0.000,0.000,.,.,.,0,0.000,0.000,0.000,0.000,.,.,.,0.000,0.000,0.000,0.000,0.000,.,.,.,0.00,0.000,0.000,0.000,0.000,.,.,.,0.002,0.002,20.000,0,0.9,0,0,0,.,.,0,0,0,0,0,.,.,0,0,0,0,0,.,.,0,0,0,0,0,.,.,0.045,0.045,20,,
30-Jul-1983,Toolik Tussock 1981 plots,Control,Graminoid,Other sedges,sheath,new above,0.000,0.002,0.000,0.000,0.000,.,.,.,0,0.000,0.000,0.000,0.000,.,.,.,0.000,0.000,0.000,0.000,0.000,.,.,.,0.00,0.000,0.000,0.000,0.000,.,.,.,0.000,0.000,20.000,0,0.05,0,0,0,.,.,0,0,0,0,0,.,.,0,0,0,0,0,.,.,0,0,0,0,0,.,.,0.003,0.003,20,,
30-Jul-1983,Toolik Tussock 1981 plots,Control,Graminoid,Other sedges,rhizome,below,0.000,0.009,0.000,0.000,0.000,.,.,.,0,0.000,0.000,0.000,0.000,.,.,.,0.000,0.000,0.000,0.000,0.000,.,.,.,0.00,0.000,0.000,0.000,0.000,.,.,.,0.000,0.000,20.000,0,0.225,0,0,0,.,.,0,0,0,0,0,.,.,0,0,0,0,0,.,.,0,0,0,0,0,.,.,0.011,0.011,20,,
30-Jul-1983,Toolik Tussock 1981 plots,Control,Graminoid,Other sedges,v0,new above,0.000,0.010,0.000,0.000,0.000,.,.,.,0,0.000,0.000,0.000,0.000,.,.,.,0.000,0.000,0.000,0.000,0.000,.,.,.,0.00,0.000,0.000,0.000,0.000,.,.,.,0.001,0.001,20.000,0,0.25,0,0,0,.,.,0,0,0,0,0,.,.,0,0,0,0,0,.,.,0,0,0,0,0,.,.,0.013,0.013,20,,
30-Jul-1983,Toolik Tussock 1981 plots,Control,Graminoid,Other sedges,inflorescence,new above,0.000,0.000,0.000,0.000,0.000,.,.,.,0,0.000,0.000,0.000,0.000,.,.,.,0.000,0.000,0.000,0.000,0.000,.,.,.,0.00,0.000,0.000,0.000,0.000,.,.,.,0.000,0.000,20.000,0,0,0,0,0,.,.,0,0,0,0,0,.,.,0,0,0,0,0,.,.,0,0,0,0,0,.,.,0.000,0.000,20,,
30-Jul-1983,Toolik Tussock 1981 plots,Control,Graminoid,Other sedges,CYS blade,new above,0.000,0.000,0.000,0.000,0.000,.,.,.,0,0.000,0.000,0.000,0.000,.,.,.,0.000,0.000,0.000,0.000,0.000,.,.,.,0.00,0.000,0.000,0.000,0.000,.,.,.,0.000,0.000,20.000,0,0,0,0,0,.,.,0,0,0,0,0,.,.,0,0,0,0,0,.,.,0,0,0,0,0,.,.,0.000,0.000,20,,
30-Jul-1983,Toolik Tussock 1981 plots,Control,Graminoid,Other sedges,CYS sheath,new above,0.000,0.000,0.000,0.000,0.000,.,.,.,0,0.000,0.000,0.000,0.000,.,.,.,0.000,0.000,0.000,0.000,0.000,.,.,.,0.00,0.000,0.000,0.000,0.000,.,.,.,0.000,0.000,20.000,0,0,0,0,0,.,.,0,0,0,0,0,.,.,0,0,0,0,0,.,.,0,0,0,0,0,.,.,0.000,0.000,20,,
30-Jul-1983,Toolik Tussock 1981 plots,Control,Graminoid,Other sedges,infl. bud,new above,0.000,0.000,0.000,0.000,0.000,.,.,.,0,0.000,0.000,0.000,0.000,.,.,.,0.000,0.000,0.000,0.000,0.000,.,.,.,0.00,0.000,0.000,0.000,0.000,.,.,.,0.000,0.000,20.000,0,0,0,0,0,.,.,0,0,0,0,0,.,.,0,0,0,0,0,.,.,0,0,0,0,0,.,.,0.000,0.000,20,,
30-Jul-1983,Toolik Tussock 1981 plots,Control,Deciduous,Betula nana,new leaves,new above,2.370,1.854,1.126,1.371,0.151,.,.,.,0.019,0.653,0.496,0.062,0.050,.,.,.,0.425,0.180,0.443,0.436,0.000,.,.,.,0.56,1.567,0.022,0.398,1.623,.,.,.,0.690,0.158,20.000,59.25,46.35,28.15,34.275,3.775,.,.,0.475,16.325,12.4,1.55,1.25,.,.,10.625,4.5,11.075,10.9,0,.,.,13.875,39.175,0.55,9.95,40.575,.,.,17.251,3.960,20,,
30-Jul-1983,Toolik Tussock 1981 plots,Control,Deciduous,Betula nana,new stems,new above,0.384,0.457,0.033,0.099,0.190,.,.,.,0.01,0.030,0.029,0.015,0.000,.,.,.,0.079,0.016,0.015,0.009,0.000,.,.,.,0.09,0.069,0.004,0.025,0.102,.,.,.,0.083,0.028,20.000,9.6,11.425,0.825,2.475,4.75,.,.,0.25,0.75,0.725,0.375,0,.,.,1.975,0.4,0.375,0.225,0,.,.,2.175,1.725,0.1,0.625,2.55,.,.,2.066,0.701,20,,
30-Jul-1983,Toolik Tussock 1981 plots,Control,Deciduous,Betula nana,old stems,old above,6.992,4.932,2.986,4.242,0.181,.,.,.,0.068,0.613,0.849,0.552,0.056,.,.,.,0.645,0.305,1.885,1.812,0.000,.,.,.,1.37,5.630,0.000,0.896,6.744,.,.,.,2.038,0.527,20.000,174.8,123.3,74.65,106.05,4.525,.,.,1.7,15.325,21.225,13.8,1.4,.,.,16.125,7.625,47.125,45.3,0,.,.,34.125,140.75,0,22.4,168.6,.,.,50.941,13.186,20,,
30-Jul-1983,Toolik Tussock 1981 plots,Control,Deciduous,Betula nana,below stems,below,1.223,2.866,9.317,8.774,3.485,.,.,.,0,3.923,0.000,6.105,0.726,.,.,.,0.650,0.069,3.060,2.091,0.000,.,.,.,0.83,14.496,8.615,1.597,3.003,.,.,.,3.542,0.887,20.000,30.575,71.65,232.925,219.35,87.125,.,.,0,98.075,0,152.625,18.15,.,.,16.25,1.725,76.5,52.275,0,.,.,20.825,362.4,215.375,39.925,75.075,.,.,88.541,22.167,20,,
30-Jul-1983,Toolik Tussock 1981 plots,Control,Deciduous,Betula nana,inflorescence,new above,0.169,0.000,0.045,0.076,0.074,.,.,.,0,0.000,0.000,0.000,0.000,.,.,.,0.000,0.000,0.000,0.000,0.000,.,.,.,0.00,0.000,0.000,0.000,0.000,.,.,.,0.018,0.010,20.000,4.225,0,1.125,1.9,1.85,.,.,0,0,0,0,0,.,.,0,0,0,0,0,.,.,0,0,0,0,0,.,.,0.455,0.241,20,,
30-Jul-1983,Toolik Tussock 1981 plots,Control,Deciduous,Rubus chamaemorus,new leaves,new above,0.180,0.000,0.000,0.093,0.000,.,.,.,0.114,0.000,0.443,0.000,0.147,.,.,.,0.004,1.147,0.066,0.050,0.178,.,.,.,0.00,0.000,0.103,0.101,0.291,.,.,.,0.146,0.059,20.000,4.5,0,0,2.325,0,.,.,2.85,0,11.075,0,3.675,.,.,0.1,28.675,1.65,1.25,4.45,.,.,0,0,2.575,2.525,7.275,.,.,3.646,1.466,20,,
30-Jul-1983,Toolik Tussock 1981 plots,Control,Deciduous,Rubus chamaemorus,new stems,new above,0.033,0.000,0.000,0.032,0.000,.,.,.,0.039,0.000,0.038,0.000,0.010,.,.,.,0.003,0.069,0.008,0.000,0.007,.,.,.,0.00,0.000,0.007,0.020,0.060,.,.,.,0.016,0.005,20.000,0.825,0,0,0.8,0,.,.,0.975,0,0.95,0,0.25,.,.,0.075,1.725,0.2,0,0.175,.,.,0,0,0.175,0.5,1.5,.,.,0.408,0.120,20,,
30-Jul-1983,Toolik Tussock 1981 plots,Control,Deciduous,Rubus chamaemorus,below stems,below,0.246,0.000,0.000,0.014,0.000,.,.,.,1.316,0.000,1.249,0.103,0.453,.,.,.,0.709,3.559,1.059,1.963,1.340,.,.,.,0.00,0.000,1.799,0.339,1.591,.,.,.,0.787,0.212,20.000,6.15,0,0,0.35,0,.,.,32.9,0,31.225,2.575,11.325,.,.,17.725,88.975,26.475,49.075,33.5,.,.,0,0,44.975,8.475,39.775,.,.,19.675,5.288,20,,
30-Jul-1983,Toolik Tussock 1981 plots,Control,Deciduous,Rubus chamaemorus,inflorescence,new above,0.009,0.000,0.000,0.000,0.000,.,.,.,0,0.000,0.011,0.000,0.000,.,.,.,0.000,0.014,0.000,0.000,0.000,.,.,.,0.00,0.000,0.038,0.005,0.025,.,.,.,0.005,0.002,20.000,0.225,0,0,0,0,.,.,0,0,0.275,0,0,.,.,0,0.35,0,0,0,.,.,0,0,0.95,0.125,0.625,.,.,0.128,0.057,20,,
30-Jul-1983,Toolik Tussock 1981 plots,Control,Deciduous,Other deciduous,new leaves,new above,0.000,0.270,0.023,0.000,0.000,.,.,.,0,0.000,0.099,0.000,0.000,.,.,.,0.332,1.728,0.000,0.000,0.734,.,.,.,0.00,0.000,0.000,0.000,0.172,.,.,.,0.168,0.092,20.000,0,6.75,0.575,0,0,.,.,0,0,2.475,0,0,.,.,8.3,43.2,0,0,18.35,.,.,0,0,0,0,4.3,.,.,4.198,2.288,20,,
30-Jul-1983,Toolik Tussock 1981 plots,Control,Deciduous,Other deciduous,new stems,new above,0.000,0.018,0.006,0.000,0.000,.,.,.,0,0.000,0.024,0.000,0.000,.,.,.,0.056,0.110,0.000,0.000,0.253,.,.,.,0.00,0.000,0.000,0.000,0.019,.,.,.,0.024,0.013,20.000,0,0.45,0.15,0,0,.,.,0,0,0.6,0,0,.,.,1.4,2.75,0,0,6.325,.,.,0,0,0,0,0.475,.,.,0.608,0.336,20,,
30-Jul-1983,Toolik Tussock 1981 plots,Control,Deciduous,Other deciduous,old stems,old above,0.000,0.295,0.170,0.000,0.000,.,.,.,0,0.000,0.091,0.000,0.000,.,.,.,0.000,0.304,0.000,0.000,0.320,.,.,.,0.00,0.000,0.000,0.000,0.148,.,.,.,0.066,0.026,20.000,0,7.375,4.25,0,0,.,.,0,0,2.275,0,0,.,.,0,7.6,0,0,8,.,.,0,0,0,0,3.7,.,.,1.660,0.645,20,,
30-Jul-1983,Toolik Tussock 1981 plots,Control,Deciduous,Other deciduous,below stems,below,0.000,0.982,6.110,0.000,0.000,.,.,.,0,0.000,0.000,0.000,0.000,.,.,.,1.326,7.019,0.000,0.000,2.553,.,.,.,0.00,0.000,0.000,0.000,0.000,.,.,.,0.900,0.458,20.000,0,24.55,152.75,0,0,.,.,0,0,0,0,0,.,.,33.15,175.475,0,0,63.825,.,.,0,0,0,0,0,.,.,22.488,11.446,20,,
30-Jul-1983,Toolik Tussock 1981 plots,Control,Deciduous,Other deciduous,inflorescence,new above,0.000,0.000,0.000,0.000,0.000,.,.,.,0,0.000,0.002,0.000,0.000,.,.,.,0.000,0.000,0.000,0.000,0.000,.,.,.,0.00,0.000,0.000,0.000,0.000,.,.,.,0.000,0.000,20.000,0,0,0,0,0,.,.,0,0,0.05,0,0,.,.,0,0,0,0,0,.,.,0,0,0,0,0,.,.,0.003,0.003,20,,
30-Jul-1983,Toolik Tussock 1981 plots,Control,Evergreen,Ledum palustre,old leaves,old above,0.023,0.604,0.532,0.493,0.261,.,.,.,0.73,0.155,0.136,0.899,0.012,.,.,.,0.420,0.669,0.503,0.750,0.595,.,.,.,0.00,0.844,0.474,0.368,0.317,.,.,.,0.439,0.062,20.000,0.575,15.1,13.3,12.325,6.525,.,.,18.25,3.875,3.4,22.475,0.3,.,.,10.5,16.725,12.575,18.75,14.875,.,.,0,21.1,11.85,9.2,7.925,.,.,10.981,1.545,20,,
30-Jul-1983,Toolik Tussock 1981 plots,Control,Evergreen,Ledum palustre,new leaves,new above,0.049,0.412,0.416,0.929,0.323,.,.,.,0.804,0.075,0.165,1.125,0.136,.,.,.,0.450,0.464,0.612,0.706,0.587,.,.,.,1.14,0.968,0.588,0.196,0.353,.,.,.,0.525,0.075,20.000,1.225,10.3,10.4,23.225,8.075,.,.,20.1,1.875,4.125,28.125,3.4,.,.,11.25,11.6,15.3,17.65,14.675,.,.,28.55,24.2,14.7,4.9,8.825,.,.,13.125,1.880,20,,
30-Jul-1983,Toolik Tussock 1981 plots,Control,Evergreen,Ledum palustre,new stems,new above,0.013,0.104,0.069,0.141,0.060,.,.,.,0.17,0.007,0.046,0.245,0.031,.,.,.,0.138,0.118,0.157,0.107,0.168,.,.,.,0.23,0.204,0.171,0.042,0.109,.,.,.,0.116,0.016,20.000,0.325,2.6,1.725,3.525,1.5,.,.,4.25,0.175,1.15,6.125,0.775,.,.,3.45,2.95,3.925,2.675,4.2,.,.,5.7,5.1,4.275,1.05,2.725,.,.,2.910,0.393,20,,
30-Jul-1983,Toolik Tussock 1981 plots,Control,Evergreen,Ledum palustre,old stems,old above,0.089,0.697,1.310,2.276,0.730,.,.,.,2.746,0.085,1.077,2.532,0.466,.,.,.,2.748,1.063,1.408,1.784,0.560,.,.,.,0.00,3.179,1.893,0.715,0.954,.,.,.,1.316,0.217,20.000,2.225,17.425,32.75,56.9,18.25,.,.,68.65,2.125,26.925,63.3,11.65,.,.,68.7,26.575,35.2,44.6,14,.,.,0,79.475,47.325,17.875,23.85,.,.,32.890,5.428,20,,
30-Jul-1983,Toolik Tussock 1981 plots,Control,Evergreen,Ledum palustre,below stems,below,0.256,1.129,3.636,4.718,2.722,.,.,.,7.936,0.233,2.278,4.801,3.772,.,.,.,3.395,5.207,2.830,13.864,5.367,.,.,.,3.85,3.866,9.594,3.626,6.918,.,.,.,4.500,0.717,20.000,6.4,28.225,90.9,117.95,68.05,.,.,198.4,5.825,56.95,120.025,94.3,.,.,84.875,130.175,70.75,346.6,134.175,.,.,96.3,96.65,239.85,90.65,172.95,.,.,112.500,17.919,20,,
30-Jul-1983,Toolik Tussock 1981 plots,Control,Evergreen,Ledum palustre,inflorescence,new above,0.000,0.053,0.035,0.021,0.000,.,.,.,0,0.051,0.000,0.028,0.000,.,.,.,0.101,0.044,0.010,0.095,0.000,.,.,.,0.12,0.095,0.000,0.057,0.033,.,.,.,0.037,0.009,20.000,0,1.325,0.875,0.525,0,.,.,0,1.275,0,0.7,0,.,.,2.525,1.1,0.25,2.375,0,.,.,2.925,2.375,0,1.425,0.825,.,.,0.925,0.218,20,,
30-Jul-1983,Toolik Tussock 1981 plots,Control,Evergreen,Vaccinium vitis-idaea,old leaves,old above,0.274,0.936,0.904,5.929,1.670,.,.,.,1.031,0.366,0.224,1.644,0.193,.,.,.,1.693,1.641,1.791,1.077,0.278,.,.,.,0.91,1.029,2.006,0.500,1.647,.,.,.,1.287,0.278,20.000,6.85,23.4,22.6,148.225,41.75,.,.,25.775,9.15,5.6,41.1,4.825,.,.,42.325,41.025,44.775,26.925,6.95,.,.,22.725,25.725,50.15,12.5,41.175,.,.,32.178,6.959,20,,
30-Jul-1983,Toolik Tussock 1981 plots,Control,Evergreen,Vaccinium vitis-idaea,new leaves,new above,0.137,0.413,0.570,2.319,0.210,.,.,.,0.226,0.464,0.192,0.572,0.236,.,.,.,0.643,0.538,0.771,0.464,0.182,.,.,.,0.27,0.399,0.570,0.528,0.677,.,.,.,0.519,0.104,20.000,3.425,10.325,14.25,57.975,5.25,.,.,5.65,11.6,4.8,14.3,5.9,.,.,16.075,13.45,19.275,11.6,4.55,.,.,6.725,9.975,14.25,13.2,16.925,.,.,12.975,2.589,20,,
30-Jul-1983,Toolik Tussock 1981 plots,Control,Evergreen,Vaccinium vitis-idaea,new stems,new above,0.013,0.066,0.068,0.268,0.016,.,.,.,0.038,0.043,0.020,0.076,0.017,.,.,.,0.079,0.054,0.111,0.045,0.021,.,.,.,0.03,0.075,0.082,0.086,0.094,.,.,.,0.065,0.013,20.000,0.325,1.65,1.7,6.7,0.4,.,.,0.95,1.075,0.5,1.9,0.425,.,.,1.975,1.35,2.775,1.125,0.525,.,.,0.85,1.875,2.05,2.15,2.35,.,.,1.633,0.313,20,,
30-Jul-1983,Toolik Tussock 1981 plots,Control,Evergreen,Vaccinium vitis-idaea,old stems,old above,0.111,0.378,0.458,1.665,1.413,.,.,.,0.452,0.195,0.106,0.933,0.247,.,.,.,0.813,0.516,0.711,0.402,0.131,.,.,.,0.37,0.623,0.594,0.264,0.701,.,.,.,0.554,0.092,20.000,2.775,9.45,11.45,41.625,35.325,.,.,11.3,4.875,2.65,23.325,6.175,.,.,20.325,12.9,17.775,10.05,3.275,.,.,9.2,15.575,14.85,6.6,17.525,.,.,13.851,2.304,20,,
30-Jul-1983,Toolik Tussock 1981 plots,Control,Evergreen,Vaccinium vitis-idaea,below stems,below,1.585,2.454,4.670,5.886,2.918,.,.,.,2.89,3.912,1.150,1.773,2.138,.,.,.,3.580,7.107,2.899,3.866,3.412,.,.,.,0.88,1.606,3.484,3.290,2.565,.,.,.,3.103,0.343,20.000,39.625,61.35,116.75,147.15,72.95,.,.,72.25,97.8,28.75,44.325,53.45,.,.,89.5,177.675,72.475,96.65,85.3,.,.,21.975,40.15,87.1,82.25,64.125,.,.,77.580,8.585,20,,
30-Jul-1983,Toolik Tussock 1981 plots,Control,Evergreen,Vaccinium vitis-idaea,inflorescence,new above,0.000,0.000,0.023,0.000,0.004,.,.,.,0,0.000,0.000,0.000,0.000,.,.,.,0.000,0.020,0.000,0.005,0.000,.,.,.,0.00,0.000,0.000,0.000,0.002,.,.,.,0.003,0.001,20.000,0,0,0.575,0,0.1,.,.,0,0,0,0,0,.,.,0,0.5,0,0.125,0,.,.,0,0,0,0,0.05,.,.,0.068,0.037,20,,
30-Jul-1983,Toolik Tussock 1981 plots,Control,Evergreen,Other Evergreen,old leaves,old above,0.000,0.017,0.000,0.000,0.348,.,.,.,0.16,0.000,0.000,0.226,0.000,.,.,.,0.000,0.009,0.032,0.454,0.043,.,.,.,0.38,0.496,5.942,1.191,0.128,.,.,.,0.471,0.295,20.000,0,0.425,0,0,8.7,.,.,4,0,0,5.65,0,.,.,0,0.225,0.8,11.35,1.075,.,.,9.45,12.4,148.55,29.775,3.2,.,.,11.780,7.378,20,,
30-Jul-1983,Toolik Tussock 1981 plots,Control,Evergreen,Other Evergreen,new leaves,new above,0.000,0.052,0.000,0.008,0.048,.,.,.,0.07,0.000,0.000,0.082,0.000,.,.,.,0.000,0.005,0.021,0.093,0.037,.,.,.,0.06,0.095,1.413,0.378,0.144,.,.,.,0.126,0.070,20.000,0,1.3,0,0.2,1.2,.,.,1.75,0,0,2.05,0,.,.,0,0.125,0.525,2.325,0.925,.,.,1.6,2.375,35.325,9.45,3.6,.,.,3.138,1.761,20,,
30-Jul-1983,Toolik Tussock 1981 plots,Control,Evergreen,Other Evergreen,new stems,new above,0.000,0.013,0.000,0.001,0.003,.,.,.,0.019,0.000,0.000,0.012,0.000,.,.,.,0.000,0.002,0.001,0.003,0.009,.,.,.,0.00,0.005,0.000,0.023,0.018,.,.,.,0.005,0.002,20.000,0,0.325,0,0.025,0.075,.,.,0.475,0,0,0.3,0,.,.,0,0.05,0.025,0.075,0.225,.,.,0,0.125,0,0.575,0.45,.,.,0.136,0.042,20,,
30-Jul-1983,Toolik Tussock 1981 plots,Control,Evergreen,Other Evergreen,old stems,old above,0.000,0.016,0.000,0.010,1.386,.,.,.,0.145,0.000,0.000,0.213,0.000,.,.,.,0.000,0.003,0.019,0.673,0.026,.,.,.,0.00,0.024,0.000,0.227,0.102,.,.,.,0.142,0.074,20.000,0,0.4,0,0.25,34.65,.,.,3.625,0,0,5.325,0,.,.,0,0.075,0.475,16.825,0.65,.,.,0,0.6,0,5.675,2.55,.,.,3.555,1.858,20,,
30-Jul-1983,Toolik Tussock 1981 plots,Control,Evergreen,Other Evergreen,below stems,below,0.000,0.069,0.000,0.005,0.317,.,.,.,0.157,0.000,0.000,0.305,0.000,.,.,.,0.000,0.000,0.118,0.718,0.069,.,.,.,0.40,0.210,2.874,0.983,0.345,.,.,.,0.329,0.146,20.000,0,1.725,0,0.125,7.925,.,.,3.925,0,0,7.625,0,.,.,0,0,2.95,17.95,1.725,.,.,10.05,5.25,71.85,24.575,8.625,.,.,8.215,3.661,20,,
30-Jul-1983,Toolik Tussock 1981 plots,Control,Evergreen,Other Evergreen,inflorescence,new above,0.000,0.000,0.000,0.000,0.000,.,.,.,0.042,0.000,0.000,0.000,0.000,.,.,.,0.000,0.000,0.000,0.000,0.000,.,.,.,0.00,0.005,0.000,0.000,0.000,.,.,.,0.002,0.002,20.000,0,0,0,0,0,.,.,1.05,0,0,0,0,.,.,0,0,0,0,0,.,.,0,0.125,0,0,0,.,.,0.059,0.053,20,,
30-Jul-1983,Toolik Tussock 1981 plots,Control,Forb,Forbs spp. ,new above,new above,0.098,0.001,0.000,0.000,0.107,.,.,.,0,0.000,0.000,0.032,0.000,.,.,.,0.079,0.000,0.018,0.000,0.000,.,.,.,0.00,0.000,0.000,0.238,0.000,.,.,.,0.029,0.013,20.000,2.45,0.025,0,0,2.675,.,.,0,0,0,0.8,0,.,.,1.975,0,0.45,0,0,.,.,0,0,0,5.95,0,.,.,0.716,0.337,20,,
30-Jul-1983,Toolik Tussock 1981 plots,Control,Forb,Forbs spp. ,below,below,0.839,0.000,0.000,0.000,0.364,.,.,.,0,0.000,0.000,0.020,0.000,.,.,.,0.342,0.000,0.009,0.000,0.000,.,.,.,0.00,0.000,0.000,0.156,0.000,.,.,.,0.087,0.047,20.000,20.975,0,0,0,9.1,.,.,0,0,0,0.5,0,.,.,8.55,0,0.225,0,0,.,.,0,0,0,3.9,0,.,.,2.163,1.167,20,,
30-Jul-1983,Toolik Tussock 1981 plots,NP,Graminoid,Eriophorum vaginatum,blade,new above,2.458,2.699,11.135,1.055,0.000,.,.,.,3.094,0.000,2.374,0.000,9.268,.,.,.,0.755,4.279,0.696,4.354,0.180,.,.,.,4.65,6.150,0.365,0.162,0.199,.,.,.,2.694,0.712,20.000,61.45,67.475,278.375,26.375,0,.,.,77.35,0,59.35,0,231.7,.,.,18.875,106.975,17.4,108.85,4.5,.,.,116.175,153.75,9.125,4.05,4.975,.,.,67.338,17.789,20,,
30-Jul-1983,Toolik Tussock 1981 plots,NP,Graminoid,Eriophorum vaginatum,sheath,new above,0.953,2.313,6.776,0.651,0.000,.,.,.,2.306,0.000,1.226,0.000,5.791,.,.,.,0.494,1.997,0.393,3.055,0.157,.,.,.,4.45,3.306,0.195,0.048,0.135,.,.,.,1.712,0.455,20.000,23.825,57.825,169.4,16.275,0,.,.,57.65,0,30.65,0,144.775,.,.,12.35,49.925,9.825,76.375,3.925,.,.,111.2,82.65,4.875,1.2,3.375,.,.,42.805,11.387,20,,
30-Jul-1983,Toolik Tussock 1981 plots,NP,Graminoid,Eriophorum vaginatum,rhizome,below,1.752,2.459,8.712,0.742,0.000,.,.,.,3.146,0.000,1.128,0.000,5.319,.,.,.,1.301,5.082,0.713,3.092,0.693,.,.,.,4.34,4.970,0.100,0.038,0.323,.,.,.,2.196,0.539,20.000,43.8,61.475,217.8,18.55,0,.,.,78.65,0,28.2,0,132.975,.,.,32.525,127.05,17.825,77.3,17.325,.,.,108.55,124.25,2.5,0.95,8.075,.,.,54.890,13.472,20,,
30-Jul-1983,Toolik Tussock 1981 plots,NP,Graminoid,Eriophorum vaginatum,v0,new above,0.056,0.145,0.167,0.054,0.000,.,.,.,0.086,0.000,0.213,0.000,0.125,.,.,.,0.027,0.007,0.016,0.236,0.009,.,.,.,0.65,0.232,0.006,0.004,0.000,.,.,.,0.102,0.034,20.000,1.4,3.625,4.175,1.35,0,.,.,2.15,0,5.325,0,3.125,.,.,0.675,0.175,0.4,5.9,0.225,.,.,16.3,5.8,0.15,0.1,0,.,.,2.544,0.862,20,,
30-Jul-1983,Toolik Tussock 1981 plots,NP,Graminoid,Eriophorum vaginatum,inflorescence,new above,0.054,0.620,2.217,0.087,0.000,.,.,.,0.613,0.000,0.000,0.000,1.288,.,.,.,0.000,0.000,0.000,0.000,0.000,.,.,.,0.19,0.000,0.000,0.000,0.000,.,.,.,0.253,0.127,20.000,1.35,15.5,55.425,2.175,0,.,.,15.325,0,0,0,32.2,.,.,0,0,0,0,0,.,.,4.725,0,0,0,0,.,.,6.335,3.166,20,,
30-Jul-1983,Toolik Tussock 1981 plots,NP,Graminoid,Eriophorum vaginatum,CYS blade,new above,0.228,0.116,0.633,0.095,0.000,.,.,.,0.138,0.000,0.084,0.000,0.463,.,.,.,0.088,0.195,0.076,0.265,0.000,.,.,.,0.18,0.111,0.008,0.000,0.032,.,.,.,0.135,0.037,20.000,5.7,2.9,15.825,2.375,0,.,.,3.45,0,2.1,0,11.575,.,.,2.2,4.875,1.9,6.625,0,.,.,4.375,2.775,0.2,0,0.8,.,.,3.384,0.920,20,,
30-Jul-1983,Toolik Tussock 1981 plots,NP,Graminoid,Eriophorum vaginatum,CYS sheath,new above,0.261,0.117,0.455,0.066,0.000,.,.,.,0.169,0.000,0.046,0.000,0.344,.,.,.,0.052,0.329,0.025,0.019,0.000,.,.,.,0.13,0.026,0.019,0.003,0.029,.,.,.,0.105,0.031,20.000,6.525,2.925,11.375,1.65,0,.,.,4.225,0,1.15,0,8.6,.,.,1.3,8.225,0.625,0.475,0,.,.,3.3,0.65,0.475,0.075,0.725,.,.,2.615,0.764,20,,
30-Jul-1983,Toolik Tussock 1981 plots,NP,Graminoid,Eriophorum vaginatum,infl. bud,new above,0.000,0.741,2.301,0.121,0.000,.,.,.,0,0.000,1.420,0.000,0.198,.,.,.,0.000,0.040,0.000,0.507,0.000,.,.,.,1.04,0.000,0.000,0.000,0.000,.,.,.,0.318,0.138,20.000,0,18.525,57.525,3.025,0,.,.,0,0,35.5,0,4.95,.,.,0,1,0,12.675,0,.,.,25.975,0,0,0,0,.,.,7.959,3.447,20,,
30-Jul-1983,Toolik Tussock 1981 plots,NP,Graminoid,Carex bigelowii,blade,new above,0.275,0.000,0.146,0.913,1.211,.,.,.,1.051,1.226,0.017,1.296,0.000,.,.,.,0.139,0.000,0.000,0.314,1.453,.,.,.,0.00,1.135,1.028,0.000,0.196,.,.,.,0.520,0.124,20.000,6.875,0,3.65,22.825,30.275,.,.,26.275,30.65,0.425,32.4,0,.,.,3.475,0,0,7.85,36.325,.,.,0,28.375,25.7,0,4.9,.,.,13.000,3.112,20,,
30-Jul-1983,Toolik Tussock 1981 plots,NP,Graminoid,Carex bigelowii,sheath,new above,0.088,0.000,0.037,0.292,0.470,.,.,.,0.262,0.392,0.015,0.424,0.000,.,.,.,0.036,0.000,0.000,0.139,0.562,.,.,.,0.00,0.459,0.424,0.000,0.070,.,.,.,0.184,0.045,20.000,2.2,0,0.925,7.3,11.75,.,.,6.55,9.8,0.375,10.6,0,.,.,0.9,0,0,3.475,14.05,.,.,0,11.475,10.6,0,1.75,.,.,4.588,1.130,20,,
30-Jul-1983,Toolik Tussock 1981 plots,NP,Graminoid,Carex bigelowii,rhizome,below,0.470,0.000,0.601,2.120,4.381,.,.,.,4.022,5.315,0.000,6.002,0.000,.,.,.,3.140,0.000,0.000,1.356,3.430,.,.,.,0.00,4.380,7.982,0.448,2.021,.,.,.,2.283,0.541,20.000,11.75,0,15.025,53,109.525,.,.,100.55,132.875,0,150.05,0,.,.,78.5,0,0,33.9,85.75,.,.,0,109.5,199.55,11.2,50.525,.,.,57.085,13.517,20,,
30-Jul-1983,Toolik Tussock 1981 plots,NP,Graminoid,Carex bigelowii,v0,new above,0.028,0.000,0.000,0.012,0.077,.,.,.,0.05,0.014,0.000,0.065,0.000,.,.,.,0.021,0.000,0.000,0.011,0.085,.,.,.,0.00,0.249,0.061,0.000,0.000,.,.,.,0.034,0.013,20.000,0.7,0,0,0.3,1.925,.,.,1.25,0.35,0,1.625,0,.,.,0.525,0,0,0.275,2.125,.,.,0,6.225,1.525,0,0,.,.,0.841,0.326,20,,
30-Jul-1983,Toolik Tussock 1981 plots,NP,Graminoid,Carex bigelowii,inflorescence,new above,0.000,0.000,0.154,0.000,0.509,.,.,.,0,0.000,0.000,0.000,0.000,.,.,.,0.000,0.000,0.000,0.000,0.000,.,.,.,0.00,0.000,0.126,0.000,0.000,.,.,.,0.039,0.027,20.000,0,0,3.85,0,12.725,.,.,0,0,0,0,0,.,.,0,0,0,0,0,.,.,0,0,3.15,0,0,.,.,0.986,0.663,20,,
30-Jul-1983,Toolik Tussock 1981 plots,NP,Graminoid,Carex bigelowii,CYS blade,new above,0.000,0.000,0.015,0.030,0.127,.,.,.,0,0.004,0.000,0.077,0.000,.,.,.,0.000,0.000,0.000,0.008,0.052,.,.,.,0.00,0.014,0.000,0.000,0.016,.,.,.,0.017,0.007,20.000,0,0,0.375,0.75,3.175,.,.,0,0.1,0,1.925,0,.,.,0,0,0,0.2,1.3,.,.,0,0.35,0,0,0.4,.,.,0.429,0.184,20,,
30-Jul-1983,Toolik Tussock 1981 plots,NP,Graminoid,Carex bigelowii,CYS sheath,new above,0.000,0.000,0.000,0.000,0.023,.,.,.,0,0.001,0.000,0.016,0.000,.,.,.,0.000,0.000,0.000,0.008,0.008,.,.,.,0.00,0.000,0.000,0.000,0.000,.,.,.,0.003,0.001,20.000,0,0,0,0,0.575,.,.,0,0.025,0,0.4,0,.,.,0,0,0,0.2,0.2,.,.,0,0,0,0,0,.,.,0.070,0.035,20,,
30-Jul-1983,Toolik Tussock 1981 plots,NP,Graminoid,Carex bigelowii,infl. bud,new above,0.000,0.000,0.000,0.000,0.000,.,.,.,0,0.000,0.000,0.000,0.000,.,.,.,0.000,0.000,0.000,0.000,0.000,.,.,.,0.00,0.000,0.000,0.000,0.000,.,.,.,0.000,0.000,20.000,0,0,0,0,0,.,.,0,0,0,0,0,.,.,0,0,0,0,0,.,.,0,0,0,0,0,.,.,0.000,0.000,20,,
30-Jul-1983,Toolik Tussock 1981 plots,NP,Graminoid,Other sedges,blade,new above,0.000,0.000,0.000,0.000,0.000,.,.,.,0,0.000,0.000,0.000,0.000,.,.,.,0.000,0.000,0.000,0.000,0.000,.,.,.,0.00,0.070,0.000,0.000,0.000,.,.,.,0.004,0.004,20.000,0,0,0,0,0,.,.,0,0,0,0,0,.,.,0,0,0,0,0,.,.,0,1.75,0,0,0,.,.,0.088,0.088,20,,
30-Jul-1983,Toolik Tussock 1981 plots,NP,Graminoid,Other sedges,sheath,new above,0.000,0.000,0.000,0.000,0.000,.,.,.,0,0.000,0.000,0.000,0.000,.,.,.,0.000,0.000,0.000,0.000,0.000,.,.,.,0.00,0.033,0.000,0.000,0.000,.,.,.,0.002,0.002,20.000,0,0,0,0,0,.,.,0,0,0,0,0,.,.,0,0,0,0,0,.,.,0,0.825,0,0,0,.,.,0.041,0.041,20,,
30-Jul-1983,Toolik Tussock 1981 plots,NP,Graminoid,Other sedges,rhizome,below,0.000,0.000,0.000,0.000,0.000,.,.,.,0,0.000,0.000,0.000,0.000,.,.,.,0.000,0.000,0.000,0.000,0.000,.,.,.,0.00,0.010,0.000,0.000,0.000,.,.,.,0.001,0.001,20.000,0,0,0,0,0,.,.,0,0,0,0,0,.,.,0,0,0,0,0,.,.,0,0.25,0,0,0,.,.,0.013,0.013,20,,
30-Jul-1983,Toolik Tussock 1981 plots,NP,Graminoid,Other sedges,v0,new above,0.000,0.000,0.000,0.000,0.000,.,.,.,0,0.000,0.000,0.000,0.000,.,.,.,0.000,0.000,0.000,0.000,0.000,.,.,.,0.00,0.000,0.000,0.000,0.000,.,.,.,0.000,0.000,20.000,0,0,0,0,0,.,.,0,0,0,0,0,.,.,0,0,0,0,0,.,.,0,0,0,0,0,.,.,0.000,0.000,20,,
30-Jul-1983,Toolik Tussock 1981 plots,NP,Graminoid,Other sedges,inflorescence,new above,0.000,0.000,0.000,0.000,0.000,.,.,.,0,0.000,0.000,0.000,0.000,.,.,.,0.000,0.000,0.000,0.000,0.000,.,.,.,0.00,0.000,0.000,0.000,0.000,.,.,.,0.000,0.000,20.000,0,0,0,0,0,.,.,0,0,0,0,0,.,.,0,0,0,0,0,.,.,0,0,0,0,0,.,.,0.000,0.000,20,,
30-Jul-1983,Toolik Tussock 1981 plots,NP,Graminoid,Other sedges,CYS blade,new above,0.000,0.000,0.000,0.000,0.000,.,.,.,0,0.000,0.000,0.000,0.000,.,.,.,0.000,0.000,0.000,0.000,0.000,.,.,.,0.00,0.010,0.000,0.000,0.000,.,.,.,0.001,0.001,20.000,0,0,0,0,0,.,.,0,0,0,0,0,.,.,0,0,0,0,0,.,.,0,0.25,0,0,0,.,.,0.013,0.013,20,,
30-Jul-1983,Toolik Tussock 1981 plots,NP,Graminoid,Other sedges,CYS sheath,new above,0.000,0.000,0.000,0.000,0.000,.,.,.,0,0.000,0.000,0.000,0.000,.,.,.,0.000,0.000,0.000,0.000,0.000,.,.,.,0.00,0.000,0.000,0.000,0.000,.,.,.,0.000,0.000,20.000,0,0,0,0,0,.,.,0,0,0,0,0,.,.,0,0,0,0,0,.,.,0,0,0,0,0,.,.,0.000,0.000,20,,
30-Jul-1983,Toolik Tussock 1981 plots,NP,Graminoid,Other sedges,infl. bud,new above,0.000,0.000,0.000,0.000,0.000,.,.,.,0,0.000,0.000,0.000,0.000,.,.,.,0.000,0.000,0.000,0.000,0.000,.,.,.,0.00,0.000,0.000,0.000,0.000,.,.,.,0.000,0.000,20.000,0,0,0,0,0,.,.,0,0,0,0,0,.,.,0,0,0,0,0,.,.,0,0,0,0,0,.,.,0.000,0.000,20,,
30-Jul-1983,Toolik Tussock 1981 plots,NP,Deciduous,Betula nana,new leaves,new above,5.553,0.336,0.000,0.342,2.866,.,.,.,1.036,3.188,0.021,1.510,0.291,.,.,.,2.280,0.000,0.272,0.451,3.642,.,.,.,0.00,0.017,3.543,0.725,3.114,.,.,.,1.459,0.369,20.000,138.825,8.4,0,8.55,71.65,.,.,25.9,79.7,0.525,37.75,7.275,.,.,57,0,6.8,11.275,91.05,.,.,0,0.425,88.575,18.125,77.85,.,.,36.484,9.231,20,,
30-Jul-1983,Toolik Tussock 1981 plots,NP,Deciduous,Betula nana,new stems,new above,1.945,0.137,0.000,0.160,0.683,.,.,.,0.584,0.814,0.015,0.524,0.100,.,.,.,0.457,0.000,0.056,0.408,1.489,.,.,.,0.00,0.012,1.889,0.268,1.374,.,.,.,0.546,0.143,20.000,48.625,3.425,0,4,17.075,.,.,14.6,20.35,0.375,13.1,2.5,.,.,11.425,0,1.4,10.2,37.225,.,.,0,0.3,47.225,6.7,34.35,.,.,13.644,3.570,20,,
30-Jul-1983,Toolik Tussock 1981 plots,NP,Deciduous,Betula nana,old stems,old above,9.383,0.288,0.000,0.285,6.076,.,.,.,2.865,6.359,0.000,5.639,0.246,.,.,.,4.095,0.000,0.543,0.021,12.248,.,.,.,0.00,0.000,5.155,1.138,4.458,.,.,.,2.940,0.807,20.000,234.575,7.2,0,7.125,151.9,.,.,71.625,158.975,0,140.975,6.15,.,.,102.375,0,13.575,0.525,306.2,.,.,0,0,128.875,28.45,111.45,.,.,73.499,20.179,20,,
30-Jul-1983,Toolik Tussock 1981 plots,NP,Deciduous,Betula nana,below stems,below,19.329,0.302,0.000,0.000,14.752,.,.,.,0,3.226,0.000,3.340,0.856,.,.,.,7.485,3.058,4.150,0.327,16.949,.,.,.,0.00,0.000,4.440,3.570,16.685,.,.,.,4.923,1.460,20.000,483.225,7.55,0,0,368.8,.,.,0,80.65,0,83.5,21.4,.,.,187.125,76.45,103.75,8.175,423.725,.,.,0,0,111,89.25,417.125,.,.,123.086,36.492,20,,
30-Jul-1983,Toolik Tussock 1981 plots,NP,Deciduous,Betula nana,inflorescence,new above,0.035,0.000,0.000,0.000,0.000,.,.,.,0,0.207,0.000,0.000,0.000,.,.,.,0.000,0.000,0.000,0.000,0.112,.,.,.,0.00,0.000,0.002,0.000,0.000,.,.,.,0.018,0.012,20.000,0.875,0,0,0,0,.,.,0,5.175,0,0,0,.,.,0,0,0,0,2.8,.,.,0,0,0.05,0,0,.,.,0.445,0.288,20,,
30-Jul-1983,Toolik Tussock 1981 plots,NP,Deciduous,Rubus chamaemorus,new leaves,new above,0.000,0.270,0.000,0.000,1.291,.,.,.,0.071,0.374,0.000,0.420,0.000,.,.,.,0.883,0.308,0.280,0.813,1.894,.,.,.,0.17,0.000,0.000,0.096,1.102,.,.,.,0.398,0.119,20.000,0,6.75,0,0,32.275,.,.,1.775,9.35,0,10.5,0,.,.,22.075,7.7,7,20.325,47.35,.,.,4.125,0,0,2.4,27.55,.,.,9.959,2.963,20,,
30-Jul-1983,Toolik Tussock 1981 plots,NP,Deciduous,Rubus chamaemorus,new stems,new above,0.000,0.068,0.000,0.000,0.200,.,.,.,0.008,0.077,0.000,0.038,0.000,.,.,.,0.119,0.023,0.049,0.064,0.170,.,.,.,0.02,0.000,0.000,0.010,0.075,.,.,.,0.046,0.013,20.000,0,1.7,0,0,5,.,.,0.2,1.925,0,0.95,0,.,.,2.975,0.575,1.225,1.6,4.25,.,.,0.425,0,0,0.25,1.875,.,.,1.148,0.330,20,,
30-Jul-1983,Toolik Tussock 1981 plots,NP,Deciduous,Rubus chamaemorus,below stems,below,0.000,0.448,0.000,0.000,7.102,.,.,.,0.271,0.275,0.000,1.168,0.086,.,.,.,3.111,3.608,0.738,4.532,3.130,.,.,.,0.83,0.000,0.000,0.200,4.862,.,.,.,1.518,0.470,20.000,0,11.2,0,0,177.55,.,.,6.775,6.875,0,29.2,2.15,.,.,77.775,90.2,18.45,113.3,78.25,.,.,20.675,0,0,5,121.55,.,.,37.948,11.755,20,,
30-Jul-1983,Toolik Tussock 1981 plots,NP,Deciduous,Rubus chamaemorus,inflorescence,new above,0.000,0.007,0.000,0.000,0.023,.,.,.,0,0.009,0.000,0.006,0.000,.,.,.,0.008,0.000,0.000,0.000,0.009,.,.,.,0.00,0.000,0.000,0.000,0.000,.,.,.,0.003,0.001,20.000,0,0.175,0,0,0.575,.,.,0,0.225,0,0.15,0,.,.,0.2,0,0,0,0.225,.,.,0,0,0,0,0,.,.,0.078,0.033,20,,
30-Jul-1983,Toolik Tussock 1981 plots,NP,Deciduous,Other deciduous,new leaves,new above,0.000,0.117,0.005,0.199,0.000,.,.,.,0,0.000,0.000,0.000,0.000,.,.,.,0.385,0.689,0.000,0.000,0.162,.,.,.,0.00,0.000,0.000,0.000,0.000,.,.,.,0.078,0.039,20.000,0,2.925,0.125,4.975,0,.,.,0,0,0,0,0,.,.,9.625,17.225,0,0,4.05,.,.,0,0,0,0,0,.,.,1.946,0.978,20,,
30-Jul-1983,Toolik Tussock 1981 plots,NP,Deciduous,Other deciduous,new stems,new above,0.000,0.019,0.003,0.102,0.000,.,.,.,0,0.000,0.000,0.000,0.000,.,.,.,0.086,0.194,0.000,0.000,0.015,.,.,.,0.00,0.000,0.000,0.000,0.000,.,.,.,0.021,0.011,20.000,0,0.475,0.075,2.55,0,.,.,0,0,0,0,0,.,.,2.15,4.85,0,0,0.375,.,.,0,0,0,0,0,.,.,0.524,0.279,20,,
30-Jul-1983,Toolik Tussock 1981 plots,NP,Deciduous,Other deciduous,old stems,old above,0.000,1.986,0.000,0.184,0.000,.,.,.,0,0.000,0.000,0.000,0.000,.,.,.,1.323,2.885,0.000,0.000,0.049,.,.,.,0.00,0.000,0.000,0.000,0.000,.,.,.,0.321,0.178,20.000,0,49.65,0,4.6,0,.,.,0,0,0,0,0,.,.,33.075,72.125,0,0,1.225,.,.,0,0,0,0,0,.,.,8.034,4.441,20,,
30-Jul-1983,Toolik Tussock 1981 plots,NP,Deciduous,Other deciduous,below stems,below,0.000,0.485,0.000,2.520,0.000,.,.,.,0,0.000,0.000,0.000,0.000,.,.,.,1.254,0.000,0.000,0.000,0.000,.,.,.,10.20,0.000,0.000,0.000,0.000,.,.,.,0.723,0.517,20.000,0,12.125,0,63,0,.,.,0,0,0,0,0,.,.,31.35,0,0,0,0,.,.,254.9,0,0,0,0,.,.,18.069,12.931,20,,
30-Jul-1983,Toolik Tussock 1981 plots,NP,Deciduous,Other deciduous,inflorescence,new above,0.000,0.000,0.000,0.000,0.000,.,.,.,0,0.000,0.000,0.000,0.000,.,.,.,0.000,0.000,0.000,0.000,0.000,.,.,.,0.00,0.000,0.000,0.000,0.000,.,.,.,0.000,0.000,20.000,0,0,0,0,0,.,.,0,0,0,0,0,.,.,0,0,0,0,0,.,.,0,0,0,0,0,.,.,0.000,0.000,20,,
30-Jul-1983,Toolik Tussock 1981 plots,NP,Evergreen,Ledum palustre,old leaves,old above,0.307,0.784,1.067,0.161,0.064,.,.,.,0.962,0.404,0.131,0.233,0.188,.,.,.,1.001,1.018,0.393,0.129,0.000,.,.,.,0.02,0.244,0.133,0.402,0.294,.,.,.,0.397,0.080,20.000,7.675,19.6,26.675,4.025,1.6,.,.,24.05,10.1,3.275,5.825,4.7,.,.,25.025,25.45,9.825,3.225,0,.,.,0.575,6.1,3.325,10.05,7.35,.,.,9.923,2.010,20,,
30-Jul-1983,Toolik Tussock 1981 plots,NP,Evergreen,Ledum palustre,new leaves,new above,0.245,1.500,1.063,0.480,0.122,.,.,.,1.588,0.553,0.059,0.755,0.275,.,.,.,2.785,1.736,0.932,0.478,0.023,.,.,.,0.01,0.567,0.155,0.819,0.751,.,.,.,0.745,0.158,20.000,6.125,37.5,26.575,12,3.05,.,.,39.7,13.825,1.475,18.875,6.875,.,.,69.625,43.4,23.3,11.95,0.575,.,.,0.3,14.175,3.875,20.475,18.775,.,.,18.623,3.955,20,,
30-Jul-1983,Toolik Tussock 1981 plots,NP,Evergreen,Ledum palustre,new stems,new above,0.098,0.358,0.422,0.197,0.056,.,.,.,0.61,0.174,0.023,0.218,0.067,.,.,.,0.776,0.504,0.210,0.133,0.007,.,.,.,0.00,0.176,0.059,0.223,0.275,.,.,.,0.230,0.047,20.000,2.45,8.95,10.55,4.925,1.4,.,.,15.25,4.35,0.575,5.45,1.675,.,.,19.4,12.6,5.25,3.325,0.175,.,.,0.1,4.4,1.475,5.575,6.875,.,.,5.738,1.173,20,,
30-Jul-1983,Toolik Tussock 1981 plots,NP,Evergreen,Ledum palustre,old stems,old above,0.953,3.928,3.485,1.861,0.437,.,.,.,4.537,1.139,0.120,0.972,0.561,.,.,.,4.063,3.403,1.526,0.659,0.004,.,.,.,0.01,0.738,0.325,1.807,1.826,.,.,.,1.618,0.329,20.000,23.825,98.2,87.125,46.525,10.925,.,.,113.425,28.475,3,24.3,14.025,.,.,101.575,85.075,38.15,16.475,0.1,.,.,0.3,18.45,8.125,45.175,45.65,.,.,40.445,8.217,20,,
30-Jul-1983,Toolik Tussock 1981 plots,NP,Evergreen,Ledum palustre,below stems,below,1.280,15.810,4.292,5.476,0.254,.,.,.,4.65,3.576,0.000,3.986,1.448,.,.,.,6.986,10.673,3.243,1.798,0.000,.,.,.,0.52,5.611,0.348,1.500,3.120,.,.,.,3.729,0.881,20.000,32,395.25,107.3,136.9,6.35,.,.,116.25,89.4,0,99.65,36.2,.,.,174.65,266.825,81.075,44.95,0,.,.,13.025,140.275,8.7,37.5,78,.,.,93.215,22.017,20,,
30-Jul-1983,Toolik Tussock 1981 plots,NP,Evergreen,Ledum palustre,inflorescence,new above,0.028,0.015,0.000,0.000,0.105,.,.,.,0,0.000,0.000,0.000,0.000,.,.,.,0.030,0.000,0.017,0.000,0.000,.,.,.,0.00,0.012,0.025,0.000,0.035,.,.,.,0.013,0.006,20.000,0.7,0.375,0,0,2.625,.,.,0,0,0,0,0,.,.,0.75,0,0.425,0,0,.,.,0,0.3,0.625,0,0.875,.,.,0.334,0.138,20,,
30-Jul-1983,Toolik Tussock 1981 plots,NP,Evergreen,Vaccinium vitis-idaea,old leaves,old above,0.179,0.619,0.249,0.107,0.550,.,.,.,0.404,1.007,0.253,2.062,1.379,.,.,.,1.618,0.704,0.621,0.575,0.038,.,.,.,0.92,2.775,0.131,0.318,0.002,.,.,.,0.726,0.163,20.000,4.475,15.475,6.225,2.675,13.75,.,.,10.1,25.175,6.325,51.55,34.475,.,.,40.45,17.6,15.525,14.375,0.95,.,.,23,69.375,3.275,7.95,0.05,.,.,18.139,4.087,20,,
30-Jul-1983,Toolik Tussock 1981 plots,NP,Evergreen,Vaccinium vitis-idaea,new leaves,new above,0.075,0.397,0.174,0.088,0.299,.,.,.,0.128,0.465,0.158,0.749,0.405,.,.,.,1.353,0.281,0.724,0.522,0.037,.,.,.,0.06,1.635,0.124,0.236,0.011,.,.,.,0.396,0.097,20.000,1.875,9.925,4.35,2.2,7.475,.,.,3.2,11.625,3.95,18.725,10.125,.,.,33.825,7.025,18.1,13.05,0.925,.,.,1.45,40.875,3.1,5.9,0.275,.,.,9.899,2.431,20,,
30-Jul-1983,Toolik Tussock 1981 plots,NP,Evergreen,Vaccinium vitis-idaea,new stems,new above,0.020,0.056,0.034,0.023,0.052,.,.,.,0.03,0.077,0.021,0.105,0.060,.,.,.,0.239,0.067,0.117,0.060,0.007,.,.,.,0.01,0.278,0.031,0.059,0.003,.,.,.,0.067,0.016,20.000,0.5,1.4,0.85,0.575,1.3,.,.,0.75,1.925,0.525,2.625,1.5,.,.,5.975,1.675,2.925,1.5,0.175,.,.,0.175,6.95,0.775,1.475,0.075,.,.,1.683,0.405,20,,
30-Jul-1983,Toolik Tussock 1981 plots,NP,Evergreen,Vaccinium vitis-idaea,old stems,old above,0.080,0.278,0.196,0.077,0.459,.,.,.,0.243,0.395,0.130,0.885,0.702,.,.,.,1.111,0.543,0.468,0.278,0.018,.,.,.,0.40,1.697,0.063,0.161,0.017,.,.,.,0.410,0.094,20.000,2,6.95,4.9,1.925,11.475,.,.,6.075,9.875,3.25,22.125,17.55,.,.,27.775,13.575,11.7,6.95,0.45,.,.,10.05,42.425,1.575,4.025,0.425,.,.,10.254,2.358,20,,
30-Jul-1983,Toolik Tussock 1981 plots,NP,Evergreen,Vaccinium vitis-idaea,below stems,below,0.634,2.624,1.103,4.576,2.968,.,.,.,0.529,1.036,0.064,3.346,1.730,.,.,.,4.173,3.720,4.796,4.104,0.387,.,.,.,1.85,7.422,0.852,1.363,0.549,.,.,.,2.391,0.436,20.000,15.85,65.6,27.575,114.4,74.2,.,.,13.225,25.9,1.6,83.65,43.25,.,.,104.325,93,119.9,102.6,9.675,.,.,46.275,185.55,21.3,34.075,13.725,.,.,59.784,10.888,20,,
30-Jul-1983,Toolik Tussock 1981 plots,NP,Evergreen,Vaccinium vitis-idaea,inflorescence,new above,0.000,0.000,0.000,0.000,0.000,.,.,.,0,0.000,0.003,0.000,0.000,.,.,.,0.000,0.000,0.000,0.000,0.000,.,.,.,0.00,0.000,0.000,0.000,0.000,.,.,.,0.000,0.000,20.000,0,0,0,0,0,.,.,0,0,0.075,0,0,.,.,0,0,0,0,0,.,.,0,0,0,0,0,.,.,0.004,0.004,20,,
30-Jul-1983,Toolik Tussock 1981 plots,NP,Evergreen,Other Evergreen,old leaves,old above,0.000,0.000,0.000,0.000,0.000,.,.,.,0,0.000,0.000,0.000,0.000,.,.,.,0.000,0.683,0.000,0.379,0.000,.,.,.,0.00,0.000,0.000,0.000,0.071,.,.,.,0.057,0.038,20.000,0,0,0,0,0,.,.,0,0,0,0,0,.,.,0,17.075,0,9.475,0,.,.,0,0,0,0,1.775,.,.,1.416,0.952,20,,
30-Jul-1983,Toolik Tussock 1981 plots,NP,Evergreen,Other Evergreen,new leaves,new above,0.000,0.000,0.000,0.000,0.000,.,.,.,0,0.000,0.000,0.000,0.000,.,.,.,0.000,0.256,0.000,0.117,0.000,.,.,.,0.00,0.000,0.000,0.000,0.027,.,.,.,0.020,0.014,20.000,0,0,0,0,0,.,.,0,0,0,0,0,.,.,0,6.4,0,2.925,0,.,.,0,0,0,0,0.675,.,.,0.500,0.344,20,,
30-Jul-1983,Toolik Tussock 1981 plots,NP,Evergreen,Other Evergreen,new stems,new above,0.000,0.000,0.000,0.000,0.000,.,.,.,0,0.000,0.000,0.000,0.000,.,.,.,0.000,0.055,0.000,0.022,0.000,.,.,.,0.00,0.000,0.000,0.000,0.006,.,.,.,0.004,0.003,20.000,0,0,0,0,0,.,.,0,0,0,0,0,.,.,0,1.375,0,0.55,0,.,.,0,0,0,0,0.15,.,.,0.104,0.073,20,,
30-Jul-1983,Toolik Tussock 1981 plots,NP,Evergreen,Other Evergreen,old stems,old above,0.000,0.000,0.000,0.000,0.000,.,.,.,0,0.000,0.000,0.000,0.000,.,.,.,0.000,0.459,0.000,0.217,0.000,.,.,.,0.00,0.000,0.000,0.000,0.051,.,.,.,0.036,0.025,20.000,0,0,0,0,0,.,.,0,0,0,0,0,.,.,0,11.475,0,5.425,0,.,.,0,0,0,0,1.275,.,.,0.909,0.620,20,,
30-Jul-1983,Toolik Tussock 1981 plots,NP,Evergreen,Other Evergreen,below stems,below,0.000,0.000,0.000,0.000,0.000,.,.,.,0,0.000,0.000,0.000,0.000,.,.,.,0.000,0.980,0.000,0.331,0.000,.,.,.,0.00,0.000,0.000,0.000,0.101,.,.,.,0.071,0.051,20.000,0,0,0,0,0,.,.,0,0,0,0,0,.,.,0,24.5,0,8.275,0,.,.,0,0,0,0,2.525,.,.,1.765,1.270,20,,
30-Jul-1983,Toolik Tussock 1981 plots,NP,Evergreen,Other Evergreen,inflorescence,new above,0.000,0.000,0.000,0.000,0.000,.,.,.,0,0.000,0.000,0.000,0.000,.,.,.,0.000,0.000,0.000,0.000,0.000,.,.,.,0.00,0.000,0.000,0.000,0.000,.,.,.,0.000,0.000,20.000,0,0,0,0,0,.,.,0,0,0,0,0,.,.,0,0,0,0,0,.,.,0,0,0,0,0,.,.,0.000,0.000,20,,
30-Jul-1983,Toolik Tussock 1981 plots,NP,Forb,Forbs spp. ,new above,new above,0.352,0.000,0.000,0.000,0.346,.,.,.,0,0.200,0.000,0.000,0.107,.,.,.,0.265,0.000,0.000,0.000,0.000,.,.,.,0.00,0.000,0.055,0.000,0.000,.,.,.,0.066,0.027,20.000,8.8,0,0,0,8.65,.,.,0,5,0,0,2.675,.,.,6.625,0,0,0,0,.,.,0,0,1.375,0,0,.,.,1.656,0.679,20,,
30-Jul-1983,Toolik Tussock 1981 plots,NP,Forb,Forbs spp. ,below,below,0.685,0.000,0.000,0.000,3.515,.,.,.,0,0.042,0.000,0.000,0.066,.,.,.,1.497,0.000,0.000,0.000,0.000,.,.,.,0.00,0.000,0.585,0.000,0.000,.,.,.,0.320,0.188,20.000,17.125,0,0,0,87.875,.,.,0,1.05,0,0,1.65,.,.,37.425,0,0,0,0,.,.,0,0,14.625,0,0,.,.,7.988,4.690,20,,
30-Jul-1983,Toolik Tussock 1981 plots,GH,Graminoid,Eriophorum vaginatum,blade,new above,0.658,15.130,3.960,4.949,0.560,.,.,.,0.131,5.558,0.000,1.449,3.166,.,.,.,0.588,2.250,1.246,1.292,1.452,.,.,.,2.71,0.279,1.046,0.000,1.850,.,.,.,2.414,0.759,20.000,16.45,378.25,99,123.725,14,.,.,3.275,138.95,0,36.225,79.15,.,.,14.7,56.25,31.15,32.3,36.3,.,.,67.775,6.975,26.15,0,46.25,.,.,60.344,18.980,20,,
30-Jul-1983,Toolik Tussock 1981 plots,GH,Graminoid,Eriophorum vaginatum,sheath,new above,0.269,9.365,4.183,3.339,0.323,.,.,.,0.082,3.137,0.000,0.819,1.682,.,.,.,0.362,1.683,0.720,1.015,0.619,.,.,.,1.61,0.183,0.630,0.000,1.114,.,.,.,1.557,0.488,20.000,6.725,234.125,104.575,83.475,8.075,.,.,2.05,78.425,0,20.475,42.05,.,.,9.05,42.075,18,25.375,15.475,.,.,40.35,4.575,15.75,0,27.85,.,.,38.924,12.205,20,,
30-Jul-1983,Toolik Tussock 1981 plots,GH,Graminoid,Eriophorum vaginatum,rhizome,below,0.350,13.490,5.970,3.768,0.713,.,.,.,0.105,6.782,0.000,1.338,2.689,.,.,.,0.352,1.845,2.000,1.829,2.460,.,.,.,2.88,0.162,0.756,0.000,3.510,.,.,.,2.550,0.717,20.000,8.75,337.25,149.25,94.2,17.825,.,.,2.625,169.55,0,33.45,67.225,.,.,8.8,46.125,50,45.725,61.5,.,.,71.975,4.05,18.9,0,87.75,.,.,63.748,17.935,20,,
30-Jul-1983,Toolik Tussock 1981 plots,GH,Graminoid,Eriophorum vaginatum,v0,new above,0.008,0.164,0.025,0.082,0.000,.,.,.,0.003,0.120,0.000,0.000,0.010,.,.,.,0.038,0.032,0.030,0.013,0.021,.,.,.,0.04,0.006,0.018,0.000,0.051,.,.,.,0.033,0.010,20.000,0.2,4.1,0.625,2.05,0,.,.,0.075,3,0,0,0.25,.,.,0.95,0.8,0.75,0.325,0.525,.,.,0.95,0.15,0.45,0,1.275,.,.,0.824,0.242,20,,
30-Jul-1983,Toolik Tussock 1981 plots,GH,Graminoid,Eriophorum vaginatum,inflorescence,new above,0.000,1.680,0.178,0.180,0.284,.,.,.,0,1.674,0.000,0.000,0.183,.,.,.,0.000,0.070,0.112,0.121,0.138,.,.,.,0.17,0.000,0.000,0.000,0.000,.,.,.,0.239,0.112,20.000,0,42,4.45,4.5,7.1,.,.,0,41.85,0,0,4.575,.,.,0,1.75,2.8,3.025,3.45,.,.,4.125,0,0,0,0,.,.,5.981,2.791,20,,
30-Jul-1983,Toolik Tussock 1981 plots,GH,Graminoid,Eriophorum vaginatum,CYS blade,new above,0.012,0.532,0.353,0.219,0.023,.,.,.,0.009,0.152,0.000,0.055,0.109,.,.,.,0.015,0.048,0.141,0.095,0.048,.,.,.,0.05,0.005,0.021,0.000,0.066,.,.,.,0.097,0.030,20.000,0.3,13.3,8.825,5.475,0.575,.,.,0.225,3.8,0,1.375,2.725,.,.,0.375,1.2,3.525,2.375,1.2,.,.,1.125,0.125,0.525,0,1.65,.,.,2.435,0.754,20,,
30-Jul-1983,Toolik Tussock 1981 plots,GH,Graminoid,Eriophorum vaginatum,CYS sheath,new above,0.000,0.685,0.824,0.389,0.020,.,.,.,0.002,0.099,0.000,0.077,0.201,.,.,.,0.040,0.000,0.181,0.208,0.088,.,.,.,0.04,0.014,0.035,0.000,0.077,.,.,.,0.149,0.051,20.000,0,17.125,20.6,9.725,0.5,.,.,0.05,2.475,0,1.925,5.025,.,.,1,0,4.525,5.2,2.2,.,.,0.95,0.35,0.875,0,1.925,.,.,3.723,1.287,20,,
30-Jul-1983,Toolik Tussock 1981 plots,GH,Graminoid,Eriophorum vaginatum,infl. bud,new above,0.000,0.000,0.000,0.000,0.000,.,.,.,0,0.528,0.000,0.000,0.290,.,.,.,0.000,0.000,0.000,0.000,0.045,.,.,.,0.00,0.000,0.000,0.000,0.100,.,.,.,0.048,0.029,20.000,0,0,0,0,0,.,.,0,13.2,0,0,7.25,.,.,0,0,0,0,1.125,.,.,0,0,0,0,2.5,.,.,1.204,0.735,20,,
30-Jul-1983,Toolik Tussock 1981 plots,GH,Graminoid,Carex bigelowii,blade,new above,0.000,0.171,0.000,0.000,0.000,.,.,.,0.885,0.000,0.162,1.728,0.000,.,.,.,0.627,0.000,0.129,0.334,0.184,.,.,.,0.00,0.182,0.327,0.156,0.000,.,.,.,0.244,0.094,20.000,0,4.275,0,0,0,.,.,22.125,0,4.05,43.2,0,.,.,15.675,0,3.225,8.35,4.6,.,.,0,4.55,8.175,3.9,0,.,.,6.106,2.348,20,,
30-Jul-1983,Toolik Tussock 1981 plots,GH,Graminoid,Carex bigelowii,sheath,new above,0.000,0.062,0.000,0.000,0.000,.,.,.,0.353,0.000,0.095,0.723,0.000,.,.,.,0.170,0.000,0.080,0.189,0.051,.,.,.,0.00,0.080,0.091,0.059,0.000,.,.,.,0.098,0.038,20.000,0,1.55,0,0,0,.,.,8.825,0,2.375,18.075,0,.,.,4.25,0,2,4.725,1.275,.,.,0,2,2.275,1.475,0,.,.,2.441,0.961,20,,
30-Jul-1983,Toolik Tussock 1981 plots,GH,Graminoid,Carex bigelowii,rhizome,below,0.000,1.448,0.000,0.000,0.068,.,.,.,1.82,0.000,0.950,12.482,0.000,.,.,.,2.492,0.089,0.388,0.855,0.347,.,.,.,0.00,1.630,2.087,0.046,0.000,.,.,.,1.235,0.620,20.000,0,36.2,0,0,1.7,.,.,45.5,0,23.75,312.05,0,.,.,62.3,2.225,9.7,21.375,8.675,.,.,0,40.75,52.175,1.15,0,.,.,30.878,15.488,20,,
30-Jul-1983,Toolik Tussock 1981 plots,GH,Graminoid,Carex bigelowii,v0,new above,0.000,0.016,0.000,0.000,0.000,.,.,.,0.038,0.000,0.000,0.000,0.000,.,.,.,0.159,0.000,0.018,0.000,0.000,.,.,.,0.00,0.006,0.000,0.050,0.000,.,.,.,0.014,0.008,20.000,0,0.4,0,0,0,.,.,0.95,0,0,0,0,.,.,3.975,0,0.45,0,0,.,.,0,0.15,0,1.25,0,.,.,0.359,0.206,20,,
30-Jul-1983,Toolik Tussock 1981 plots,GH,Graminoid,Carex bigelowii,inflorescence,new above,0.000,0.000,0.000,0.000,0.000,.,.,.,0.035,0.000,0.000,0.000,0.000,.,.,.,0.000,0.000,0.082,0.000,0.000,.,.,.,0.00,0.000,0.000,0.000,0.000,.,.,.,0.006,0.004,20.000,0,0,0,0,0,.,.,0.875,0,0,0,0,.,.,0,0,2.05,0,0,.,.,0,0,0,0,0,.,.,0.146,0.109,20,,
30-Jul-1983,Toolik Tussock 1981 plots,GH,Graminoid,Carex bigelowii,CYS blade,new above,0.000,0.000,0.000,0.000,0.000,.,.,.,0,0.000,0.000,0.005,0.000,.,.,.,0.000,0.000,0.000,0.001,0.003,.,.,.,0.00,0.000,0.000,0.000,0.000,.,.,.,0.000,0.000,20.000,0,0,0,0,0,.,.,0,0,0,0.125,0,.,.,0,0,0,0.025,0.075,.,.,0,0,0,0,0,.,.,0.011,0.007,20,,
30-Jul-1983,Toolik Tussock 1981 plots,GH,Graminoid,Carex bigelowii,CYS sheath,new above,0.000,0.000,0.000,0.000,0.000,.,.,.,0,0.000,0.000,0.011,0.000,.,.,.,0.000,0.000,0.000,0.000,0.000,.,.,.,0.00,0.000,0.000,0.000,0.000,.,.,.,0.001,0.001,20.000,0,0,0,0,0,.,.,0,0,0,0.275,0,.,.,0,0,0,0,0,.,.,0,0,0,0,0,.,.,0.014,0.014,20,,
30-Jul-1983,Toolik Tussock 1981 plots,GH,Graminoid,Carex bigelowii,infl. bud,new above,0.000,0.000,0.000,0.000,0.000,.,.,.,0,0.000,0.000,0.000,0.000,.,.,.,0.000,0.000,0.000,0.000,0.000,.,.,.,0.00,0.000,0.000,0.000,0.000,.,.,.,0.000,0.000,20.000,0,0,0,0,0,.,.,0,0,0,0,0,.,.,0,0,0,0,0,.,.,0,0,0,0,0,.,.,0.000,0.000,20,,
30-Jul-1983,Toolik Tussock 1981 plots,GH,Graminoid,Other sedges,blade,new above,0.000,0.000,0.000,0.000,0.000,.,.,.,0,0.000,0.000,0.000,0.000,.,.,.,0.000,0.000,0.218,0.000,0.171,.,.,.,0.00,0.000,0.000,0.000,0.000,.,.,.,0.019,0.013,20.000,0,0,0,0,0,.,.,0,0,0,0,0,.,.,0,0,5.45,0,4.275,.,.,0,0,0,0,0,.,.,0.486,0.337,20,,
30-Jul-1983,Toolik Tussock 1981 plots,GH,Graminoid,Other sedges,sheath,new above,0.000,0.000,0.000,0.000,0.000,.,.,.,0,0.000,0.000,0.000,0.000,.,.,.,0.000,0.000,0.218,0.000,0.146,.,.,.,0.00,0.000,0.000,0.000,0.000,.,.,.,0.018,0.013,20.000,0,0,0,0,0,.,.,0,0,0,0,0,.,.,0,0,5.45,0,3.65,.,.,0,0,0,0,0,.,.,0.455,0.320,20,,
30-Jul-1983,Toolik Tussock 1981 plots,GH,Graminoid,Other sedges,rhizome,below,0.000,0.000,0.000,0.000,0.000,.,.,.,0,0.000,0.000,0.000,0.000,.,.,.,0.000,0.000,0.228,0.000,0.359,.,.,.,0.00,0.000,0.000,0.000,0.000,.,.,.,0.029,0.021,20.000,0,0,0,0,0,.,.,0,0,0,0,0,.,.,0,0,5.7,0,8.975,.,.,0,0,0,0,0,.,.,0.734,0.519,20,,
30-Jul-1983,Toolik Tussock 1981 plots,GH,Graminoid,Other sedges,v0,new above,0.000,0.000,0.000,0.000,0.000,.,.,.,0,0.000,0.000,0.000,0.000,.,.,.,0.000,0.000,0.000,0.000,0.000,.,.,.,0.00,0.000,0.000,0.000,0.000,.,.,.,0.000,0.000,20.000,0,0,0,0,0,.,.,0,0,0,0,0,.,.,0,0,0,0,0,.,.,0,0,0,0,0,.,.,0.000,0.000,20,,
30-Jul-1983,Toolik Tussock 1981 plots,GH,Graminoid,Other sedges,inflorescence,new above,0.000,0.000,0.000,0.000,0.000,.,.,.,0,0.000,0.000,0.000,0.000,.,.,.,0.000,0.000,0.000,0.000,0.000,.,.,.,0.00,0.000,0.000,0.000,0.000,.,.,.,0.000,0.000,20.000,0,0,0,0,0,.,.,0,0,0,0,0,.,.,0,0,0,0,0,.,.,0,0,0,0,0,.,.,0.000,0.000,20,,
30-Jul-1983,Toolik Tussock 1981 plots,GH,Graminoid,Other sedges,CYS blade,new above,0.000,0.000,0.000,0.000,0.000,.,.,.,0,0.000,0.000,0.000,0.000,.,.,.,0.000,0.000,0.000,0.000,0.000,.,.,.,0.00,0.000,0.000,0.000,0.000,.,.,.,0.000,0.000,20.000,0,0,0,0,0,.,.,0,0,0,0,0,.,.,0,0,0,0,0,.,.,0,0,0,0,0,.,.,0.000,0.000,20,,
30-Jul-1983,Toolik Tussock 1981 plots,GH,Graminoid,Other sedges,CYS sheath,new above,0.000,0.000,0.000,0.000,0.000,.,.,.,0,0.000,0.000,0.000,0.000,.,.,.,0.000,0.000,0.000,0.000,0.000,.,.,.,0.00,0.000,0.000,0.000,0.000,.,.,.,0.000,0.000,20.000,0,0,0,0,0,.,.,0,0,0,0,0,.,.,0,0,0,0,0,.,.,0,0,0,0,0,.,.,0.000,0.000,20,,
30-Jul-1983,Toolik Tussock 1981 plots,GH,Graminoid,Other sedges,infl. bud,new above,0.000,0.000,0.000,0.000,0.000,.,.,.,0,0.000,0.000,0.000,0.000,.,.,.,0.000,0.000,0.000,0.000,0.000,.,.,.,0.00,0.000,0.000,0.000,0.000,.,.,.,0.000,0.000,20.000,0,0,0,0,0,.,.,0,0,0,0,0,.,.,0,0,0,0,0,.,.,0,0,0,0,0,.,.,0.000,0.000,20,,
30-Jul-1983,Toolik Tussock 1981 plots,GH,Deciduous,Betula nana,new leaves,new above,0.304,1.020,0.332,0.433,0.050,.,.,.,0.004,0.000,1.318,1.127,1.044,.,.,.,0.415,0.000,0.000,0.386,0.465,.,.,.,1.34,1.086,0.724,0.455,0.000,.,.,.,0.525,0.106,20.000,7.6,25.5,8.3,10.825,1.25,.,.,0.1,0,32.95,28.175,26.1,.,.,10.375,0,0,9.65,11.625,.,.,33.475,27.15,18.1,11.375,0,.,.,13.128,2.646,20,,
30-Jul-1983,Toolik Tussock 1981 plots,GH,Deciduous,Betula nana,new stems,new above,0.147,0.083,0.060,0.232,0.010,.,.,.,0,0.000,0.526,0.359,0.385,.,.,.,0.087,0.000,0.000,0.162,0.085,.,.,.,0.37,0.340,0.295,0.153,0.000,.,.,.,0.165,0.036,20.000,3.675,2.075,1.5,5.8,0.25,.,.,0,0,13.15,8.975,9.625,.,.,2.175,0,0,4.05,2.125,.,.,9.2,8.5,7.375,3.825,0,.,.,4.115,0.907,20,,
30-Jul-1983,Toolik Tussock 1981 plots,GH,Deciduous,Betula nana,old stems,old above,0.443,3.072,0.594,0.532,0.478,.,.,.,0,0.000,1.146,1.723,1.972,.,.,.,0.587,0.000,0.000,0.613,0.552,.,.,.,1.97,2.290,0.415,0.153,0.000,.,.,.,0.827,0.201,20.000,11.075,76.8,14.85,13.3,11.95,.,.,0,0,28.65,43.075,49.3,.,.,14.675,0,0,15.325,13.8,.,.,49.325,57.25,10.375,3.825,0,.,.,20.679,5.023,20,,
30-Jul-1983,Toolik Tussock 1981 plots,GH,Deciduous,Betula nana,below stems,below,3.062,0.998,0.354,2.927,13.343,.,.,.,1.051,2.307,3.055,4.874,2.432,.,.,.,2.486,3.375,7.868,3.433,0.784,.,.,.,10.46,3.888,3.321,0.000,0.000,.,.,.,3.501,0.769,20.000,76.55,24.95,8.85,73.175,333.575,.,.,26.275,57.675,76.375,121.85,60.8,.,.,62.15,84.375,196.7,85.825,19.6,.,.,261.375,97.2,83.025,0,0,.,.,87.516,19.227,20,,
30-Jul-1983,Toolik Tussock 1981 plots,GH,Deciduous,Betula nana,inflorescence,new above,0.000,0.000,0.000,0.000,0.000,.,.,.,0,0.000,0.000,0.000,0.000,.,.,.,0.000,0.000,0.000,0.000,0.000,.,.,.,0.00,0.000,0.000,0.000,0.000,.,.,.,0.000,0.000,20.000,0,0,0,0,0,.,.,0,0,0,0,0,.,.,0,0,0,0,0,.,.,0,0,0,0,0,.,.,0.000,0.000,20,,
30-Jul-1983,Toolik Tussock 1981 plots,GH,Deciduous,Rubus chamaemorus,new leaves,new above,0.000,0.089,0.430,0.333,0.033,.,.,.,0.468,0.000,0.063,0.005,0.010,.,.,.,0.306,0.157,0.293,0.382,0.096,.,.,.,0.34,0.143,0.533,0.000,0.000,.,.,.,0.184,0.041,20.000,0,2.225,10.75,8.325,0.825,.,.,11.7,0,1.575,0.125,0.25,.,.,7.65,3.925,7.325,9.55,2.4,.,.,8.6,3.575,13.325,0,0,.,.,4.606,1.019,20,,
30-Jul-1983,Toolik Tussock 1981 plots,GH,Deciduous,Rubus chamaemorus,new stems,new above,0.000,0.005,0.091,0.000,0.003,.,.,.,0.026,0.000,0.022,0.000,0.002,.,.,.,0.028,0.013,0.037,0.056,0.015,.,.,.,0.03,0.017,0.028,0.000,0.000,.,.,.,0.018,0.005,20.000,0,0.125,2.275,0,0.075,.,.,0.65,0,0.55,0,0.05,.,.,0.7,0.325,0.925,1.4,0.375,.,.,0.625,0.425,0.7,0,0,.,.,0.460,0.129,20,,
30-Jul-1983,Toolik Tussock 1981 plots,GH,Deciduous,Rubus chamaemorus,below stems,below,0.000,0.621,1.515,0.812,0.483,.,.,.,1.321,0.000,0.317,0.468,0.217,.,.,.,0.556,0.539,1.140,0.569,1.843,.,.,.,1.48,0.883,2.909,0.136,0.000,.,.,.,0.790,0.164,20.000,0,15.525,37.875,20.3,12.075,.,.,33.025,0,7.925,11.7,5.425,.,.,13.9,13.475,28.5,14.225,46.075,.,.,37,22.075,72.725,3.4,0,.,.,19.761,4.108,20,,
30-Jul-1983,Toolik Tussock 1981 plots,GH,Deciduous,Rubus chamaemorus,inflorescence,new above,0.000,0.010,0.000,0.016,0.000,.,.,.,0,0.000,0.000,0.000,0.000,.,.,.,0.000,0.000,0.000,0.008,0.000,.,.,.,0.00,0.008,0.000,0.000,0.000,.,.,.,0.002,0.001,20.000,0,0.25,0,0.4,0,.,.,0,0,0,0,0,.,.,0,0,0,0.2,0,.,.,0,0.2,0,0,0,.,.,0.053,0.026,20,,
30-Jul-1983,Toolik Tussock 1981 plots,GH,Deciduous,Other deciduous,new leaves,new above,0.000,0.000,0.000,0.000,0.000,.,.,.,1.695,0.000,0.000,0.000,0.000,.,.,.,0.290,0.045,0.000,0.000,0.000,.,.,.,0.00,0.000,0.000,0.000,0.000,.,.,.,0.102,0.085,20.000,0,0,0,0,0,.,.,42.375,0,0,0,0,.,.,7.25,1.125,0,0,0,.,.,0,0,0,0,0,.,.,2.538,2.128,20,,
30-Jul-1983,Toolik Tussock 1981 plots,GH,Deciduous,Other deciduous,new stems,new above,0.000,0.000,0.000,0.000,0.000,.,.,.,0.03,0.000,0.000,0.000,0.000,.,.,.,0.049,0.007,0.000,0.000,0.000,.,.,.,0.00,0.000,0.000,0.000,0.000,.,.,.,0.004,0.003,20.000,0,0,0,0,0,.,.,0.75,0,0,0,0,.,.,1.225,0.175,0,0,0,.,.,0,0,0,0,0,.,.,0.108,0.070,20,,
30-Jul-1983,Toolik Tussock 1981 plots,GH,Deciduous,Other deciduous,old stems,old above,0.000,0.000,0.000,0.000,0.000,.,.,.,0,0.000,0.000,0.000,0.000,.,.,.,3.592,0.052,0.000,0.000,0.000,.,.,.,0.00,0.000,0.000,0.000,0.000,.,.,.,0.182,0.179,20.000,0,0,0,0,0,.,.,0,0,0,0,0,.,.,89.8,1.3,0,0,0,.,.,0,0,0,0,0,.,.,4.555,4.487,20,,
30-Jul-1983,Toolik Tussock 1981 plots,GH,Deciduous,Other deciduous,below stems,below,0.000,0.000,0.000,0.000,0.000,.,.,.,2.04,0.000,0.000,0.000,0.000,.,.,.,12.041,0.782,4.570,0.000,0.000,.,.,.,0.00,0.000,0.000,0.000,0.000,.,.,.,0.972,0.632,20.000,0,0,0,0,0,.,.,51,0,0,0,0,.,.,301.025,19.55,114.25,0,0,.,.,0,0,0,0,0,.,.,24.291,15.799,20,,
30-Jul-1983,Toolik Tussock 1981 plots,GH,Deciduous,Other deciduous,inflorescence,new above,0.000,0.000,0.000,0.000,0.000,.,.,.,0,0.000,0.000,0.000,0.000,.,.,.,0.000,0.000,0.000,0.000,0.000,.,.,.,0.00,0.000,0.000,0.000,0.000,.,.,.,0.000,0.000,20.000,0,0,0,0,0,.,.,0,0,0,0,0,.,.,0,0,0,0,0,.,.,0,0,0,0,0,.,.,0.000,0.000,20,,
30-Jul-1983,Toolik Tussock 1981 plots,GH,Evergreen,Ledum palustre,old leaves,old above,2.273,0.220,1.610,0.775,1.668,.,.,.,1.649,0.636,0.971,0.406,1.496,.,.,.,0.886,0.406,0.830,0.905,0.258,.,.,.,0.18,0.046,0.006,0.000,0.074,.,.,.,0.765,0.150,20.000,56.825,5.5,40.25,19.375,41.7,.,.,41.225,15.9,24.275,10.15,37.4,.,.,22.15,10.15,20.75,22.625,6.45,.,.,4.55,1.15,0.15,0,1.85,.,.,19.121,3.744,20,,
30-Jul-1983,Toolik Tussock 1981 plots,GH,Evergreen,Ledum palustre,new leaves,new above,0.584,0.093,0.868,0.353,1.185,.,.,.,1.751,0.626,0.720,0.384,1.104,.,.,.,0.572,0.379,0.559,0.506,0.241,.,.,.,0.17,0.037,0.014,0.000,0.070,.,.,.,0.511,0.101,20.000,14.6,2.325,21.7,8.825,29.625,.,.,43.775,15.65,18,9.6,27.6,.,.,14.3,9.475,13.975,12.65,6.025,.,.,4.3,0.925,0.35,0,1.75,.,.,12.773,2.529,20,,
30-Jul-1983,Toolik Tussock 1981 plots,GH,Evergreen,Ledum palustre,new stems,new above,0.173,0.019,0.263,0.088,0.297,.,.,.,0.436,0.157,0.298,0.159,0.415,.,.,.,0.139,0.097,0.120,0.139,0.088,.,.,.,0.04,0.013,0.005,0.000,0.014,.,.,.,0.148,0.030,20.000,4.325,0.475,6.575,2.2,7.425,.,.,10.9,3.925,7.45,3.975,10.375,.,.,3.475,2.425,3,3.475,2.2,.,.,0.975,0.325,0.125,0,0.35,.,.,3.699,0.738,20,,
30-Jul-1983,Toolik Tussock 1981 plots,GH,Evergreen,Ledum palustre,old stems,old above,1.637,0.178,2.160,0.976,2.248,.,.,.,1.933,0.551,1.555,0.484,1.606,.,.,.,1.104,0.493,1.425,1.075,0.584,.,.,.,0.14,0.044,0.021,0.000,0.023,.,.,.,0.912,0.170,20.000,40.925,4.45,54,24.4,56.2,.,.,48.325,13.775,38.875,12.1,40.15,.,.,27.6,12.325,35.625,26.875,14.6,.,.,3.4,1.1,0.525,0,0.575,.,.,22.791,4.262,20,,
30-Jul-1983,Toolik Tussock 1981 plots,GH,Evergreen,Ledum palustre,below stems,below,2.684,1.542,8.239,1.041,4.230,.,.,.,3.085,1.233,6.088,3.068,8.382,.,.,.,3.292,2.610,4.787,5.786,2.613,.,.,.,0.22,0.090,0.000,0.000,0.000,.,.,.,2.949,0.588,20.000,67.1,38.55,205.975,26.025,105.75,.,.,77.125,30.825,152.2,76.7,209.55,.,.,82.3,65.25,119.675,144.65,65.325,.,.,5.375,2.25,0,0,0,.,.,73.731,14.688,20,,
30-Jul-1983,Toolik Tussock 1981 plots,GH,Evergreen,Ledum palustre,inflorescence,new above,0.562,0.000,0.096,0.000,0.000,.,.,.,0.075,0.030,0.107,0.000,0.000,.,.,.,0.028,0.000,0.000,0.066,0.000,.,.,.,0.00,0.000,0.000,0.000,0.000,.,.,.,0.048,0.028,20.000,14.05,0,2.4,0,0,.,.,1.875,0.75,2.675,0,0,.,.,0.7,0,0,1.65,0,.,.,0,0,0,0,0,.,.,1.205,0.704,20,,
30-Jul-1983,Toolik Tussock 1981 plots,GH,Evergreen,Vaccinium vitis-idaea,old leaves,old above,2.126,0.036,2.306,0.299,1.258,.,.,.,1.496,0.449,0.693,1.220,1.396,.,.,.,1.445,0.890,2.554,2.014,1.259,.,.,.,1.46,0.500,0.044,2.350,0.551,.,.,.,1.217,0.174,20.000,53.15,0.9,57.65,7.475,31.45,.,.,37.4,11.225,17.325,30.5,34.9,.,.,36.125,22.25,63.85,50.35,31.475,.,.,36.5,12.5,1.1,58.75,13.775,.,.,30.433,4.346,20,,
30-Jul-1983,Toolik Tussock 1981 plots,GH,Evergreen,Vaccinium vitis-idaea,new leaves,new above,1.248,0.038,0.847,0.085,1.248,.,.,.,1.507,0.301,0.731,1.035,0.871,.,.,.,0.952,0.956,1.058,1.445,0.881,.,.,.,0.82,0.327,0.007,1.224,0.291,.,.,.,0.793,0.104,20.000,31.2,0.95,21.175,2.125,31.2,.,.,37.675,7.525,18.275,25.875,21.775,.,.,23.8,23.9,26.45,36.125,22.025,.,.,20.4,8.175,0.175,30.6,7.275,.,.,19.835,2.608,20,,
30-Jul-1983,Toolik Tussock 1981 plots,GH,Evergreen,Vaccinium vitis-idaea,new stems,new above,0.234,0.022,0.135,0.013,0.225,.,.,.,0.251,0.070,0.171,0.349,0.226,.,.,.,0.136,0.191,0.162,0.291,0.181,.,.,.,0.18,0.093,0.003,0.162,0.044,.,.,.,0.157,0.021,20.000,5.85,0.55,3.375,0.325,5.625,.,.,6.275,1.75,4.275,8.725,5.65,.,.,3.4,4.775,4.05,7.275,4.525,.,.,4.425,2.325,0.075,4.05,1.1,.,.,3.920,0.528,20,,
30-Jul-1983,Toolik Tussock 1981 plots,GH,Evergreen,Vaccinium vitis-idaea,old stems,old above,0.979,0.035,0.736,0.082,0.599,.,.,.,0.669,0.161,0.304,0.635,0.723,.,.,.,0.611,0.451,1.352,1.030,0.578,.,.,.,0.81,0.237,0.023,0.987,0.205,.,.,.,0.561,0.083,20.000,24.475,0.875,18.4,2.05,14.975,.,.,16.725,4.025,7.6,15.875,18.075,.,.,15.275,11.275,33.8,25.75,14.45,.,.,20.35,5.925,0.575,24.675,5.125,.,.,14.014,2.072,20,,
30-Jul-1983,Toolik Tussock 1981 plots,GH,Evergreen,Vaccinium vitis-idaea,below stems,below,6.168,0.714,3.634,0.265,5.421,.,.,.,3.389,1.624,1.488,3.943,7.075,.,.,.,3.568,1.857,5.028,3.020,4.699,.,.,.,3.48,1.321,0.337,4.549,1.465,.,.,.,3.152,0.441,20.000,154.2,17.85,90.85,6.625,135.525,.,.,84.725,40.6,37.2,98.575,176.875,.,.,89.2,46.425,125.7,75.5,117.475,.,.,86.975,33.025,8.425,113.725,36.625,.,.,78.805,11.024,20,,
30-Jul-1983,Toolik Tussock 1981 plots,GH,Evergreen,Vaccinium vitis-idaea,inflorescence,new above,0.077,0.000,0.014,0.000,0.003,.,.,.,0,0.000,0.000,0.000,0.000,.,.,.,0.000,0.000,0.056,0.001,0.026,.,.,.,0.00,0.000,0.000,0.119,0.000,.,.,.,0.015,0.007,20.000,1.925,0,0.35,0,0.075,.,.,0,0,0,0,0,.,.,0,0,1.4,0.025,0.65,.,.,0,0,0,2.975,0,.,.,0.370,0.180,20,,
30-Jul-1983,Toolik Tussock 1981 plots,GH,Evergreen,Other Evergreen,old leaves,old above,0.000,0.000,0.000,0.000,0.000,.,.,.,0,0.000,0.633,0.718,0.206,.,.,.,2.807,0.571,0.337,0.875,0.590,.,.,.,0.00,0.000,0.000,0.000,0.000,.,.,.,0.337,0.146,20.000,0,0,0,0,0,.,.,0,0,15.825,17.95,5.15,.,.,70.175,14.275,8.425,21.875,14.75,.,.,0.025,0,0,0,0,.,.,8.423,3.655,20,,
30-Jul-1983,Toolik Tussock 1981 plots,GH,Evergreen,Other Evergreen,new leaves,new above,0.000,0.000,0.000,0.000,0.000,.,.,.,0,0.000,0.423,0.435,0.229,.,.,.,0.706,0.269,0.218,0.437,0.245,.,.,.,0.01,0.000,0.000,0.000,0.000,.,.,.,0.149,0.047,20.000,0,0,0,0,0,.,.,0,0,10.575,10.875,5.725,.,.,17.65,6.725,5.45,10.925,6.125,.,.,0.225,0,0,0,0,.,.,3.714,1.181,20,,
30-Jul-1983,Toolik Tussock 1981 plots,GH,Evergreen,Other Evergreen,new stems,new above,0.000,0.000,0.000,0.000,0.000,.,.,.,0,0.000,0.092,0.140,0.050,.,.,.,0.031,0.087,0.035,0.114,0.034,.,.,.,0.00,0.000,0.000,0.000,0.000,.,.,.,0.029,0.010,20.000,0,0,0,0,0,.,.,0,0,2.3,3.5,1.25,.,.,0.775,2.175,0.875,2.85,0.85,.,.,0.05,0,0,0,0,.,.,0.731,0.248,20,,
30-Jul-1983,Toolik Tussock 1981 plots,GH,Evergreen,Other Evergreen,old stems,old above,0.000,0.000,0.000,0.000,0.000,.,.,.,0,0.000,0.513,0.508,0.167,.,.,.,0.192,0.308,0.343,0.622,0.160,.,.,.,0.02,0.000,0.000,0.000,0.000,.,.,.,0.141,0.046,20.000,0,0,0,0,0,.,.,0,0,12.825,12.7,4.175,.,.,4.8,7.7,8.575,15.55,4,.,.,0.4,0,0,0,0,.,.,3.536,1.155,20,,
30-Jul-1983,Toolik Tussock 1981 plots,GH,Evergreen,Other Evergreen,below stems,below,0.000,0.000,0.000,0.000,0.000,.,.,.,0,0.000,1.623,1.179,0.255,.,.,.,2.589,0.693,0.638,1.108,0.750,.,.,.,0.06,0.000,0.000,0.000,0.000,.,.,.,0.445,0.158,20.000,0,0,0,0,0,.,.,0,0,40.575,29.475,6.375,.,.,64.725,17.325,15.95,27.7,18.75,.,.,1.4,0,0,0,0,.,.,11.114,3.957,20,,
30-Jul-1983,Toolik Tussock 1981 plots,GH,Evergreen,Other Evergreen,inflorescence,new above,0.000,0.000,0.000,0.000,0.000,.,.,.,0,0.000,0.000,0.000,0.002,.,.,.,0.017,0.000,0.000,0.000,0.000,.,.,.,0.00,0.000,0.000,0.000,0.000,.,.,.,0.001,0.001,20.000,0,0,0,0,0,.,.,0,0,0,0,0.05,.,.,0.425,0,0,0,0,.,.,0,0,0,0,0,.,.,0.024,0.021,20,,
30-Jul-1983,Toolik Tussock 1981 plots,GH,Forb,Forbs spp. ,new above,new above,0.137,0.000,0.000,0.000,0.449,.,.,.,0,0.000,0.036,0.000,0.000,.,.,.,0.065,0.000,0.098,0.000,0.012,.,.,.,0.04,0.034,0.055,0.008,0.003,.,.,.,0.047,0.023,20.000,3.425,0,0,0,11.225,.,.,0,0,0.9,0,0,.,.,1.625,0,2.45,0,0.3,.,.,0.925,0.85,1.375,0.2,0.075,.,.,1.168,0.570,20,,
30-Jul-1983,Toolik Tussock 1981 plots,GH,Forb,Forbs spp. ,below,below,0.261,0.000,0.000,0.000,2.925,.,.,.,0,0.000,0.012,0.000,0.000,.,.,.,0.062,0.000,0.094,0.000,0.027,.,.,.,0.00,0.154,0.117,0.037,0.049,.,.,.,0.187,0.145,20.000,6.525,0,0,0,73.125,.,.,0,0,0.3,0,0,.,.,1.55,0,2.35,0,0.675,.,.,0,3.85,2.925,0.925,1.225,.,.,4.673,3.623,20,,
30-Jul-1983,Toolik Tussock 1981 plots,GHNP,Graminoid,Eriophorum vaginatum,blade,new above,0.086,1.531,0.893,5.158,2.209,.,.,.,0,0.000,0.000,0.000,2.952,.,.,.,1.882,3.537,0.000,0.132,4.097,.,.,.,3.93,0.449,1.948,0.018,0.943,.,.,.,1.488,0.371,20.000,2.15,38.275,22.325,128.95,55.225,.,.,0,0,0,0,73.8,.,.,47.05,88.425,0,3.3,102.425,.,.,98.125,11.225,48.7,0.45,23.575,.,.,37.200,9.267,20,,
30-Jul-1983,Toolik Tussock 1981 plots,GHNP,Graminoid,Eriophorum vaginatum,sheath,new above,0.028,0.747,0.613,1.872,1.067,.,.,.,0,0.000,0.000,0.000,1.419,.,.,.,1.060,1.457,0.000,0.026,1.873,.,.,.,2.09,0.219,0.756,0.009,0.282,.,.,.,0.676,0.164,20.000,0.7,18.675,15.325,46.8,26.675,.,.,0,0,0,0,35.475,.,.,26.5,36.425,0,0.65,46.825,.,.,52.175,5.475,18.9,0.225,7.05,.,.,16.894,4.110,20,,
30-Jul-1983,Toolik Tussock 1981 plots,GHNP,Graminoid,Eriophorum vaginatum,rhizome,below,0.046,1.941,0.539,3.590,1.366,.,.,.,0,0.000,0.000,0.000,3.369,.,.,.,1.374,1.805,0.000,0.006,4.066,.,.,.,3.41,0.198,1.253,0.000,0.234,.,.,.,1.160,0.317,20.000,1.15,48.525,13.475,89.75,34.15,.,.,0,0,0,0,84.225,.,.,34.35,45.125,0,0.15,101.65,.,.,85.225,4.95,31.325,0,5.85,.,.,28.995,7.929,20,,
30-Jul-1983,Toolik Tussock 1981 plots,GHNP,Graminoid,Eriophorum vaginatum,v0,new above,0.000,0.000,0.028,0.121,0.030,.,.,.,0,0.000,0.000,0.000,0.024,.,.,.,0.067,0.030,0.000,0.006,0.058,.,.,.,0.07,0.000,0.046,0.000,0.016,.,.,.,0.025,0.007,20.000,0,0,0.7,3.025,0.75,.,.,0,0,0,0,0.6,.,.,1.675,0.75,0,0.15,1.45,.,.,1.675,0,1.15,0,0.4,.,.,0.616,0.183,20,,
30-Jul-1983,Toolik Tussock 1981 plots,GHNP,Graminoid,Eriophorum vaginatum,inflorescence,new above,0.000,0.258,0.000,0.214,0.000,.,.,.,0,0.000,0.000,0.000,0.357,.,.,.,0.163,0.000,0.000,0.000,0.000,.,.,.,1.60,0.000,0.026,0.000,0.000,.,.,.,0.131,0.081,20.000,0,6.45,0,5.35,0,.,.,0,0,0,0,8.925,.,.,4.075,0,0,0,0,.,.,40.075,0,0.65,0,0,.,.,3.276,2.025,20,,
30-Jul-1983,Toolik Tussock 1981 plots,GHNP,Graminoid,Eriophorum vaginatum,CYS blade,new above,0.009,0.643,0.032,0.323,0.026,.,.,.,0,0.000,0.000,0.000,0.235,.,.,.,0.127,0.137,0.000,0.000,0.252,.,.,.,0.21,0.016,0.118,0.007,0.039,.,.,.,0.109,0.036,20.000,0.225,16.075,0.8,8.075,0.65,.,.,0,0,0,0,5.875,.,.,3.175,3.425,0,0,6.3,.,.,5.325,0.4,2.95,0.175,0.975,.,.,2.721,0.904,20,,
30-Jul-1983,Toolik Tussock 1981 plots,GHNP,Graminoid,Eriophorum vaginatum,CYS sheath,new above,0.006,0.920,0.019,0.304,0.043,.,.,.,0,0.000,0.000,0.000,0.230,.,.,.,0.141,0.137,0.000,0.000,0.154,.,.,.,0.16,0.015,0.052,0.000,0.031,.,.,.,0.111,0.047,20.000,0.15,23,0.475,7.6,1.075,.,.,0,0,0,0,5.75,.,.,3.525,3.425,0,0,3.85,.,.,4.025,0.375,1.3,0,0.775,.,.,2.766,1.176,20,,
30-Jul-1983,Toolik Tussock 1981 plots,GHNP,Graminoid,Eriophorum vaginatum,infl. bud,new above,0.000,0.000,0.000,1.204,0.000,.,.,.,0,0.000,0.000,0.000,0.195,.,.,.,0.000,0.357,0.000,0.000,0.000,.,.,.,1.36,0.000,0.000,0.000,0.047,.,.,.,0.158,0.089,20.000,0,0,0,30.1,0,.,.,0,0,0,0,4.875,.,.,0,8.925,0,0,0,.,.,34.1,0,0,0,1.175,.,.,3.959,2.213,20,,
30-Jul-1983,Toolik Tussock 1981 plots,GHNP,Graminoid,Carex bigelowii,blade,new above,0.000,0.000,0.995,1.612,3.199,.,.,.,0,0.198,0.000,0.000,0.193,.,.,.,0.017,0.000,1.101,0.000,0.000,.,.,.,0.06,1.053,0.778,0.648,1.046,.,.,.,0.545,0.181,20.000,0,0,24.875,40.3,79.975,.,.,0,4.95,0,0,4.825,.,.,0.425,0,27.525,0,0,.,.,1.4,26.325,19.45,16.2,26.15,.,.,13.620,4.517,20,,
30-Jul-1983,Toolik Tussock 1981 plots,GHNP,Graminoid,Carex bigelowii,sheath,new above,0.000,0.000,0.328,0.331,0.969,.,.,.,0,0.040,0.000,0.000,0.061,.,.,.,0.000,0.000,0.299,0.000,0.000,.,.,.,0.03,0.381,0.264,0.233,0.294,.,.,.,0.161,0.053,20.000,0,0,8.2,8.275,24.225,.,.,0,1,0,0,1.525,.,.,0,0,7.475,0,0,.,.,0.65,9.525,6.6,5.825,7.35,.,.,4.033,1.337,20,,
30-Jul-1983,Toolik Tussock 1981 plots,GHNP,Graminoid,Carex bigelowii,rhizome,below,0.000,0.714,1.101,2.659,4.761,.,.,.,0,6.310,0.194,0.000,0.639,.,.,.,3.700,0.000,0.836,0.070,0.000,.,.,.,0.31,3.064,2.119,3.296,2.629,.,.,.,1.620,0.415,20.000,0,17.85,27.525,66.475,119.025,.,.,0,157.75,4.85,0,15.975,.,.,92.5,0,20.9,1.75,0,.,.,7.65,76.6,52.975,82.4,65.725,.,.,40.498,10.370,20,,
30-Jul-1983,Toolik Tussock 1981 plots,GHNP,Graminoid,Carex bigelowii,v0,new above,0.000,0.000,0.037,0.069,0.274,.,.,.,0,0.032,0.000,0.000,0.000,.,.,.,0.000,0.000,0.110,0.009,0.000,.,.,.,0.00,0.030,0.000,0.000,0.063,.,.,.,0.031,0.014,20.000,0,0,0.925,1.725,6.85,.,.,0,0.8,0,0,0,.,.,0,0,2.75,0.225,0,.,.,0,0.75,0,0,1.575,.,.,0.780,0.362,20,,
30-Jul-1983,Toolik Tussock 1981 plots,GHNP,Graminoid,Carex bigelowii,inflorescence,new above,0.000,0.000,0.000,0.018,0.452,.,.,.,0,0.000,0.000,0.000,0.000,.,.,.,0.000,0.000,0.201,0.138,0.000,.,.,.,0.00,0.298,0.346,0.000,0.533,.,.,.,0.099,0.038,20.000,0,0,0,0.45,11.3,.,.,0,0,0,0,0,.,.,0,0,5.025,3.45,0,.,.,0,7.45,8.65,0,13.325,.,.,2.483,0.959,20,,
30-Jul-1983,Toolik Tussock 1981 plots,GHNP,Graminoid,Carex bigelowii,CYS blade,new above,0.000,0.000,0.020,0.010,0.036,.,.,.,0,0.000,0.000,0.000,0.000,.,.,.,0.000,0.000,0.023,0.000,0.000,.,.,.,0.00,0.021,0.026,0.043,0.015,.,.,.,0.010,0.003,20.000,0,0,0.5,0.25,0.9,.,.,0,0,0,0,0,.,.,0,0,0.575,0,0,.,.,0.075,0.525,0.65,1.075,0.375,.,.,0.246,0.077,20,,
30-Jul-1983,Toolik Tussock 1981 plots,GHNP,Graminoid,Carex bigelowii,CYS sheath,new above,0.000,0.000,0.000,0.000,0.000,.,.,.,0,0.000,0.000,0.000,0.000,.,.,.,0.000,0.000,0.000,0.000,0.000,.,.,.,0.00,0.000,0.014,0.013,0.000,.,.,.,0.001,0.001,20.000,0,0,0,0,0,.,.,0,0,0,0,0,.,.,0,0,0,0,0,.,.,0,0,0.35,0.325,0,.,.,0.034,0.023,20,,
30-Jul-1983,Toolik Tussock 1981 plots,GHNP,Graminoid,Carex bigelowii,infl. bud,new above,0.000,0.000,0.000,0.000,0.000,.,.,.,0,0.000,0.000,0.000,0.000,.,.,.,0.000,0.000,0.000,0.000,0.000,.,.,.,0.00,0.000,0.000,0.000,0.000,.,.,.,0.000,0.000,20.000,0,0,0,0,0,.,.,0,0,0,0,0,.,.,0,0,0,0,0,.,.,0,0,0,0,0,.,.,0.000,0.000,20,,
30-Jul-1983,Toolik Tussock 1981 plots,GHNP,Graminoid,Other sedges,blade,new above,0.000,0.000,0.000,0.000,0.000,.,.,.,0,0.002,0.000,0.000,0.000,.,.,.,0.000,0.000,0.000,0.000,0.000,.,.,.,0.00,0.000,0.000,0.000,0.000,.,.,.,0.000,0.000,20.000,0,0,0,0,0,.,.,0,0.05,0,0,0,.,.,0,0,0,0,0,.,.,0,0,0,0,0,.,.,0.003,0.003,20,,
30-Jul-1983,Toolik Tussock 1981 plots,GHNP,Graminoid,Other sedges,sheath,new above,0.000,0.000,0.000,0.000,0.000,.,.,.,0,0.002,0.000,0.002,0.000,.,.,.,0.000,0.000,0.000,0.000,0.000,.,.,.,0.00,0.000,0.000,0.000,0.000,.,.,.,0.000,0.000,20.000,0,0,0,0,0,.,.,0,0.05,0,0.05,0,.,.,0,0,0,0,0,.,.,0,0,0,0,0,.,.,0.005,0.003,20,,
30-Jul-1983,Toolik Tussock 1981 plots,GHNP,Graminoid,Other sedges,rhizome,below,0.000,0.000,0.000,0.000,0.000,.,.,.,0,0.000,0.000,0.000,0.000,.,.,.,0.000,0.000,0.000,0.000,0.000,.,.,.,0.00,0.000,0.000,0.000,0.000,.,.,.,0.000,0.000,20.000,0,0,0,0,0,.,.,0,0,0,0,0,.,.,0,0,0,0,0,.,.,0,0,0,0,0,.,.,0.000,0.000,20,,
30-Jul-1983,Toolik Tussock 1981 plots,GHNP,Graminoid,Other sedges,v0,new above,0.000,0.000,0.000,0.000,0.000,.,.,.,0,0.000,0.000,0.000,0.000,.,.,.,0.000,0.000,0.000,0.000,0.000,.,.,.,0.00,0.000,0.000,0.000,0.000,.,.,.,0.000,0.000,20.000,0,0,0,0,0,.,.,0,0,0,0,0,.,.,0,0,0,0,0,.,.,0,0,0,0,0,.,.,0.000,0.000,20,,
30-Jul-1983,Toolik Tussock 1981 plots,GHNP,Graminoid,Other sedges,inflorescence,new above,0.000,0.000,0.000,0.000,0.000,.,.,.,0,0.000,0.000,0.000,0.000,.,.,.,0.000,0.000,0.000,0.000,0.000,.,.,.,0.00,0.000,0.000,0.000,0.000,.,.,.,0.000,0.000,20.000,0,0,0,0,0,.,.,0,0,0,0,0,.,.,0,0,0,0,0,.,.,0,0,0,0,0,.,.,0.000,0.000,20,,
30-Jul-1983,Toolik Tussock 1981 plots,GHNP,Graminoid,Other sedges,CYS blade,new above,0.000,0.000,0.000,0.000,0.000,.,.,.,0,0.000,0.000,0.000,0.000,.,.,.,0.000,0.000,0.000,0.000,0.000,.,.,.,0.00,0.000,0.000,0.000,0.000,.,.,.,0.000,0.000,20.000,0,0,0,0,0,.,.,0,0,0,0,0,.,.,0,0,0,0,0,.,.,0,0,0,0,0,.,.,0.000,0.000,20,,
30-Jul-1983,Toolik Tussock 1981 plots,GHNP,Graminoid,Other sedges,CYS sheath,new above,0.000,0.000,0.000,0.000,0.000,.,.,.,0,0.000,0.000,0.000,0.000,.,.,.,0.000,0.000,0.000,0.000,0.000,.,.,.,0.00,0.000,0.000,0.000,0.000,.,.,.,0.000,0.000,20.000,0,0,0,0,0,.,.,0,0,0,0,0,.,.,0,0,0,0,0,.,.,0,0,0,0,0,.,.,0.000,0.000,20,,
30-Jul-1983,Toolik Tussock 1981 plots,GHNP,Graminoid,Other sedges,infl. bud,new above,0.000,0.000,0.000,0.000,0.000,.,.,.,0,0.000,0.000,0.000,0.000,.,.,.,0.000,0.000,0.000,0.000,0.000,.,.,.,0.00,0.000,0.000,0.000,0.000,.,.,.,0.000,0.000,20.000,0,0,0,0,0,.,.,0,0,0,0,0,.,.,0,0,0,0,0,.,.,0,0,0,0,0,.,.,0.000,0.000,20,,
30-Jul-1983,Toolik Tussock 1981 plots,GHNP,Deciduous,Betula nana,new leaves,new above,3.060,2.292,0.562,2.143,1.296,.,.,.,2.401,4.455,3.774,4.219,0.981,.,.,.,0.773,2.094,2.678,2.825,1.470,.,.,.,0.00,4.830,0.530,1.631,2.744,.,.,.,2.238,0.307,20.000,76.5,57.3,14.05,53.575,32.4,.,.,60.025,111.375,94.35,105.475,24.525,.,.,19.325,52.35,66.95,70.625,36.75,.,.,0,120.75,13.25,40.775,68.6,.,.,55.948,7.668,20,,
30-Jul-1983,Toolik Tussock 1981 plots,GHNP,Deciduous,Betula nana,new stems,new above,1.041,0.960,0.161,0.866,0.583,.,.,.,0.954,1.629,1.623,1.870,0.612,.,.,.,0.523,0.883,1.488,1.380,1.038,.,.,.,0.00,2.576,0.480,0.692,0.992,.,.,.,1.018,0.136,20.000,26.025,24,4.025,21.65,14.575,.,.,23.85,40.725,40.575,46.75,15.3,.,.,13.075,22.075,37.2,34.5,25.95,.,.,0,64.4,12,17.3,24.8,.,.,25.439,3.408,20,,
30-Jul-1983,Toolik Tussock 1981 plots,GHNP,Deciduous,Betula nana,old stems,old above,5.927,2.403,0.894,2.783,1.608,.,.,.,5.257,8.345,6.281,7.379,0.913,.,.,.,2.630,3.534,7.669,3.833,1.636,.,.,.,0.00,9.484,0.354,2.586,8.640,.,.,.,4.108,0.676,20.000,148.175,60.075,22.35,69.575,40.2,.,.,131.425,208.625,157.025,184.475,22.825,.,.,65.75,88.35,191.725,95.825,40.9,.,.,0,237.1,8.85,64.65,216,.,.,102.695,16.896,20,,
30-Jul-1983,Toolik Tussock 1981 plots,GHNP,Deciduous,Betula nana,below stems,below,0.000,8.936,4.229,4.743,0.491,.,.,.,3.222,21.831,0.484,5.503,0.000,.,.,.,1.819,4.953,3.073,14.726,4.138,.,.,.,0.00,6.309,8.920,3.715,0.608,.,.,.,4.885,1.220,20.000,0,223.4,105.725,118.575,12.275,.,.,80.55,545.775,12.1,137.575,0,.,.,45.475,123.825,76.825,368.15,103.45,.,.,0,157.725,223,92.875,15.2,.,.,122.125,30.498,20,,
30-Jul-1983,Toolik Tussock 1981 plots,GHNP,Deciduous,Betula nana,inflorescence,new above,0.000,0.000,0.000,0.000,0.000,.,.,.,0,0.018,0.000,0.011,0.000,.,.,.,0.000,0.000,0.000,0.000,0.000,.,.,.,0.00,0.028,0.000,0.000,0.000,.,.,.,0.003,0.002,20.000,0,0,0,0,0,.,.,0,0.45,0,0.275,0,.,.,0,0,0,0,0,.,.,0,0.7,0,0,0,.,.,0.071,0.042,20,,
30-Jul-1983,Toolik Tussock 1981 plots,GHNP,Deciduous,Rubus chamaemorus,new leaves,new above,0.000,0.322,0.426,0.772,0.682,.,.,.,0.161,0.000,0.000,1.769,0.458,.,.,.,0.321,0.348,0.155,1.205,0.421,.,.,.,0.00,0.523,0.000,0.543,0.000,.,.,.,0.405,0.101,20.000,0,8.05,10.65,19.3,17.05,.,.,4.025,0,0,44.225,11.45,.,.,8.025,8.7,3.875,30.125,10.525,.,.,0,13.075,0,13.575,0,.,.,10.133,2.523,20,,
30-Jul-1983,Toolik Tussock 1981 plots,GHNP,Deciduous,Rubus chamaemorus,new stems,new above,0.000,0.018,0.055,0.141,0.051,.,.,.,0.008,0.000,0.000,0.329,0.106,.,.,.,0.063,0.040,0.009,0.104,0.025,.,.,.,0.00,0.073,0.000,0.106,0.000,.,.,.,0.056,0.017,20.000,0,0.45,1.375,3.525,1.275,.,.,0.2,0,0,8.225,2.65,.,.,1.575,1,0.225,2.6,0.625,.,.,0,1.825,0,2.65,0,.,.,1.410,0.436,20,,
30-Jul-1983,Toolik Tussock 1981 plots,GHNP,Deciduous,Rubus chamaemorus,below stems,below,0.000,0.871,0.412,1.278,0.707,.,.,.,0.142,0.438,0.061,6.237,1.403,.,.,.,0.725,1.307,0.857,3.173,0.942,.,.,.,0.47,0.693,0.000,1.241,0.040,.,.,.,1.050,0.317,20.000,0,21.775,10.3,31.95,17.675,.,.,3.55,10.95,1.525,155.925,35.075,.,.,18.125,32.675,21.425,79.325,23.55,.,.,11.7,17.325,0,31.025,1,.,.,26.244,7.934,20,,
30-Jul-1983,Toolik Tussock 1981 plots,GHNP,Deciduous,Rubus chamaemorus,inflorescence,new above,0.000,0.008,0.000,0.000,0.000,.,.,.,0,0.000,0.000,0.037,0.004,.,.,.,0.000,0.000,0.000,0.000,0.000,.,.,.,0.00,0.000,0.000,0.012,0.000,.,.,.,0.003,0.002,20.000,0,0.2,0,0,0,.,.,0,0,0,0.925,0.1,.,.,0,0,0,0,0,.,.,0,0,0,0.3,0,.,.,0.076,0.048,20,,
30-Jul-1983,Toolik Tussock 1981 plots,GHNP,Deciduous,Other deciduous,new leaves,new above,0.000,0.000,0.000,0.000,0.000,.,.,.,0,0.471,0.000,0.000,0.000,.,.,.,0.162,0.000,0.000,0.000,0.035,.,.,.,0.00,0.000,0.000,0.000,0.000,.,.,.,0.033,0.024,20.000,0,0,0,0,0,.,.,0,11.775,0,0,0,.,.,4.05,0,0,0,0.875,.,.,0,0,0,0,0,.,.,0.835,0.611,20,,
30-Jul-1983,Toolik Tussock 1981 plots,GHNP,Deciduous,Other deciduous,new stems,new above,0.000,0.000,0.000,0.000,0.000,.,.,.,0,0.129,0.000,0.000,0.000,.,.,.,0.043,0.000,0.000,0.000,0.061,.,.,.,0.00,0.000,0.000,0.000,0.000,.,.,.,0.012,0.007,20.000,0,0,0,0,0,.,.,0,3.225,0,0,0,.,.,1.075,0,0,0,1.525,.,.,0,0,0,0,0,.,.,0.291,0.179,20,,
30-Jul-1983,Toolik Tussock 1981 plots,GHNP,Deciduous,Other deciduous,old stems,old above,0.000,0.000,0.000,0.000,0.000,.,.,.,0,0.553,0.000,0.000,0.000,.,.,.,0.126,0.000,0.000,0.000,1.685,.,.,.,0.00,0.000,0.000,0.000,0.000,.,.,.,0.118,0.087,20.000,0,0,0,0,0,.,.,0,13.825,0,0,0,.,.,3.15,0,0,0,42.125,.,.,0,0,0,0,0,.,.,2.955,2.177,20,,
30-Jul-1983,Toolik Tussock 1981 plots,GHNP,Deciduous,Other deciduous,below stems,below,0.000,0.000,0.000,0.000,0.000,.,.,.,0,0.000,0.000,0.000,0.000,.,.,.,0.000,0.000,0.000,0.000,7.021,.,.,.,0.00,0.000,0.000,0.000,0.000,.,.,.,0.351,0.351,20.000,0,0,0,0,0,.,.,0,0,0,0,0,.,.,0,0,0,0,175.525,.,.,0,0,0,0,0,.,.,8.776,8.776,20,,
30-Jul-1983,Toolik Tussock 1981 plots,GHNP,Deciduous,Other deciduous,inflorescence,new above,0.000,0.000,0.000,0.000,0.000,.,.,.,0,0.000,0.000,0.000,0.000,.,.,.,0.000,0.000,0.000,0.000,0.000,.,.,.,0.00,0.000,0.000,0.000,0.000,.,.,.,0.000,0.000,20.000,0,0,0,0,0,.,.,0,0,0,0,0,.,.,0,0,0,0,0,.,.,0,0,0,0,0,.,.,0.000,0.000,20,,
30-Jul-1983,Toolik Tussock 1981 plots,GHNP,Evergreen,Ledum palustre,old leaves,old above,0.478,0.724,0.724,0.356,0.296,.,.,.,1.362,1.194,2.019,2.085,2.837,.,.,.,1.508,0.332,1.470,0.125,0.366,.,.,.,0.16,0.565,0.483,1.980,0.680,.,.,.,0.987,0.173,20.000,11.95,18.1,18.1,8.9,7.4,.,.,34.05,29.85,50.475,52.125,70.925,.,.,37.7,8.3,36.75,3.125,9.15,.,.,4,14.125,12.075,49.5,17,.,.,24.680,4.332,20,,
30-Jul-1983,Toolik Tussock 1981 plots,GHNP,Evergreen,Ledum palustre,new leaves,new above,0.397,0.530,0.926,0.561,0.323,.,.,.,0.782,0.778,1.332,1.620,1.791,.,.,.,1.648,0.765,0.855,0.342,0.716,.,.,.,0.04,0.540,0.355,1.907,0.534,.,.,.,0.837,0.121,20.000,9.925,13.25,23.15,14.025,8.075,.,.,19.55,19.45,33.3,40.5,44.775,.,.,41.2,19.125,21.375,8.55,17.9,.,.,1.025,13.5,8.875,47.675,13.35,.,.,20.929,3.014,20,,
30-Jul-1983,Toolik Tussock 1981 plots,GHNP,Evergreen,Ledum palustre,new stems,new above,0.099,0.147,0.314,0.173,0.080,.,.,.,0.256,0.299,0.394,0.663,0.756,.,.,.,0.527,0.287,0.291,0.099,0.314,.,.,.,0.18,0.235,0.132,0.800,0.196,.,.,.,0.312,0.048,20.000,2.475,3.675,7.85,4.325,2,.,.,6.4,7.475,9.85,16.575,18.9,.,.,13.175,7.175,7.275,2.475,7.85,.,.,4.575,5.875,3.3,20,4.9,.,.,7.806,1.200,20,,
30-Jul-1983,Toolik Tussock 1981 plots,GHNP,Evergreen,Ledum palustre,old stems,old above,0.366,0.531,0.888,0.726,0.467,.,.,.,1.5,2.807,2.388,1.990,3.118,.,.,.,1.686,1.537,2.342,0.279,2.978,.,.,.,0.60,0.826,1.424,2.292,1.367,.,.,.,1.506,0.205,20.000,9.15,13.275,22.2,18.15,11.675,.,.,37.5,70.175,59.7,49.75,77.95,.,.,42.15,38.425,58.55,6.975,74.45,.,.,15.05,20.65,35.6,57.3,34.175,.,.,37.643,5.122,20,,
30-Jul-1983,Toolik Tussock 1981 plots,GHNP,Evergreen,Ledum palustre,below stems,below,2.912,0.781,2.193,0.844,1.888,.,.,.,3.86,1.136,5.235,2.911,0.704,.,.,.,2.859,3.656,2.997,0.410,6.095,.,.,.,0.44,3.262,3.333,3.716,1.908,.,.,.,2.557,0.352,20.000,72.8,19.525,54.825,21.1,47.2,.,.,96.5,28.4,130.875,72.775,17.6,.,.,71.475,91.4,74.925,10.25,152.375,.,.,10.95,81.55,83.325,92.9,47.7,.,.,63.923,8.812,20,,
30-Jul-1983,Toolik Tussock 1981 plots,GHNP,Evergreen,Ledum palustre,inflorescence,new above,0.000,0.046,0.071,0.030,0.000,.,.,.,0.135,0.061,0.172,0.204,0.629,.,.,.,0.060,0.000,0.000,0.000,0.000,.,.,.,0.13,0.000,0.000,0.034,0.000,.,.,.,0.079,0.032,20.000,0,1.15,1.775,0.75,0,.,.,3.375,1.525,4.3,5.1,15.725,.,.,1.5,0,0,0,0,.,.,3.325,0,0,0.85,0,.,.,1.969,0.806,20,,
30-Jul-1983,Toolik Tussock 1981 plots,GHNP,Evergreen,Vaccinium vitis-idaea,old leaves,old above,0.525,1.399,0.896,0.021,0.604,.,.,.,1.331,1.223,2.700,1.258,3.602,.,.,.,1.881,1.170,4.171,0.009,0.562,.,.,.,0.74,0.710,0.550,2.279,0.160,.,.,.,1.289,0.254,20.000,13.125,34.975,22.4,0.525,15.1,.,.,33.275,30.575,67.5,31.45,90.05,.,.,47.025,29.25,104.275,0.225,14.05,.,.,18.375,17.75,13.75,56.975,4,.,.,32.233,6.342,20,,
30-Jul-1983,Toolik Tussock 1981 plots,GHNP,Evergreen,Vaccinium vitis-idaea,new leaves,new above,0.217,1.034,0.477,0.010,0.126,.,.,.,0.868,0.555,1.166,0.688,1.867,.,.,.,1.111,0.594,0.526,0.100,0.682,.,.,.,0.14,0.208,0.303,1.626,0.149,.,.,.,0.623,0.116,20.000,5.425,25.85,11.925,0.25,3.15,.,.,21.7,13.875,29.15,17.2,46.675,.,.,27.775,14.85,13.15,2.5,17.05,.,.,3.6,5.2,7.575,40.65,3.725,.,.,15.564,2.910,20,,
30-Jul-1983,Toolik Tussock 1981 plots,GHNP,Evergreen,Vaccinium vitis-idaea,new stems,new above,0.026,0.202,0.138,0.003,0.030,.,.,.,0.112,0.103,0.179,0.174,0.390,.,.,.,0.244,0.209,0.164,0.040,0.238,.,.,.,0.03,0.051,0.084,0.368,0.060,.,.,.,0.142,0.025,20.000,0.65,5.05,3.45,0.075,0.75,.,.,2.8,2.575,4.475,4.35,9.75,.,.,6.1,5.225,4.1,1,5.95,.,.,0.85,1.275,2.1,9.2,1.5,.,.,3.561,0.617,20,,
30-Jul-1983,Toolik Tussock 1981 plots,GHNP,Evergreen,Vaccinium vitis-idaea,old stems,old above,0.114,0.447,0.397,0.030,0.274,.,.,.,0.414,0.503,1.090,0.519,1.437,.,.,.,1.055,0.722,2.459,0.041,0.462,.,.,.,0.52,0.282,0.275,0.874,0.092,.,.,.,0.600,0.129,20.000,2.85,11.175,9.925,0.75,6.85,.,.,10.35,12.575,27.25,12.975,35.925,.,.,26.375,18.05,61.475,1.025,11.55,.,.,12.95,7.05,6.875,21.85,2.3,.,.,15.006,3.214,20,,
30-Jul-1983,Toolik Tussock 1981 plots,GHNP,Evergreen,Vaccinium vitis-idaea,below stems,below,0.188,0.971,3.843,0.811,0.887,.,.,.,2.291,3.490,2.184,3.367,2.407,.,.,.,1.706,3.616,4.660,1.365,1.857,.,.,.,1.20,0.748,0.304,1.385,0.268,.,.,.,1.877,0.295,20.000,4.7,24.275,96.075,20.275,22.175,.,.,57.275,87.25,54.6,84.175,60.175,.,.,42.65,90.4,116.5,34.125,46.425,.,.,29.95,18.7,7.6,34.625,6.7,.,.,46.933,7.381,20,,
30-Jul-1983,Toolik Tussock 1981 plots,GHNP,Evergreen,Vaccinium vitis-idaea,inflorescence,new above,0.000,0.000,0.000,0.000,0.000,.,.,.,0.007,0.000,0.031,0.000,0.000,.,.,.,0.000,0.000,0.000,0.000,0.000,.,.,.,0.00,0.000,0.000,0.000,0.000,.,.,.,0.002,0.002,20.000,0,0,0,0,0,.,.,0.175,0,0.775,0,0,.,.,0,0,0,0,0,.,.,0,0,0,0,0,.,.,0.048,0.039,20,,
30-Jul-1983,Toolik Tussock 1981 plots,GHNP,Evergreen,Other Evergreen,old leaves,old above,0.000,0.038,0.085,0.039,0.164,.,.,.,0,0.000,0.000,0.000,0.000,.,.,.,0.000,0.000,0.000,0.000,0.089,.,.,.,0.00,0.008,0.009,0.275,0.070,.,.,.,0.039,0.016,20.000,0,0.95,2.125,0.975,4.1,.,.,0,0,0,0,0,.,.,0,0,0,0,2.225,.,.,0,0.2,0.225,6.875,1.75,.,.,0.971,0.396,20,,
30-Jul-1983,Toolik Tussock 1981 plots,GHNP,Evergreen,Other Evergreen,new leaves,new above,0.000,0.143,0.158,0.042,0.185,.,.,.,0,0.000,0.000,0.000,0.000,.,.,.,0.000,0.000,0.000,0.000,0.012,.,.,.,0.00,0.001,0.023,0.265,0.017,.,.,.,0.042,0.018,20.000,0,3.575,3.95,1.05,4.625,.,.,0,0,0,0,0,.,.,0,0,0,0,0.3,.,.,0,0.025,0.575,6.625,0.425,.,.,1.058,0.438,20,,
30-Jul-1983,Toolik Tussock 1981 plots,GHNP,Evergreen,Other Evergreen,new stems,new above,0.000,0.017,0.028,0.007,0.037,.,.,.,0,0.000,0.000,0.000,0.000,.,.,.,0.000,0.000,0.000,0.000,0.003,.,.,.,0.00,0.001,0.006,0.063,0.006,.,.,.,0.008,0.004,20.000,0,0.425,0.7,0.175,0.925,.,.,0,0,0,0,0,.,.,0,0,0,0,0.075,.,.,0,0.025,0.15,1.575,0.15,.,.,0.210,0.092,20,,
30-Jul-1983,Toolik Tussock 1981 plots,GHNP,Evergreen,Other Evergreen,old stems,old above,0.000,0.030,0.039,0.027,0.070,.,.,.,0,0.000,0.000,0.000,0.000,.,.,.,0.000,0.000,0.000,0.000,0.071,.,.,.,0.00,0.008,0.020,0.175,0.043,.,.,.,0.024,0.010,20.000,0,0.75,0.975,0.675,1.75,.,.,0,0,0,0,0,.,.,0,0,0,0,1.775,.,.,0,0.2,0.5,4.375,1.075,.,.,0.604,0.238,20,,
30-Jul-1983,Toolik Tussock 1981 plots,GHNP,Evergreen,Other Evergreen,below stems,below,0.000,0.212,0.172,0.034,0.251,.,.,.,0,0.000,0.000,0.000,0.000,.,.,.,0.000,0.000,0.000,0.000,0.078,.,.,.,0.00,0.013,0.000,0.203,0.151,.,.,.,0.056,0.020,20.000,0,5.3,4.3,0.85,6.275,.,.,0,0,0,0,0,.,.,0,0,0,0,1.95,.,.,0,0.325,0,5.075,3.775,.,.,1.393,0.492,20,,
30-Jul-1983,Toolik Tussock 1981 plots,GHNP,Evergreen,Other Evergreen,inflorescence,new above,0.000,0.000,0.000,0.000,0.000,.,.,.,0,0.000,0.000,0.000,0.000,.,.,.,0.000,0.000,0.000,0.000,0.000,.,.,.,0.00,0.000,0.000,0.000,0.000,.,.,.,0.000,0.000,20.000,0,0,0,0,0,.,.,0,0,0,0,0,.,.,0,0,0,0,0,.,.,0,0,0,0,0,.,.,0.000,0.000,20,,
30-Jul-1983,Toolik Tussock 1981 plots,GHNP,Forb,Forbs spp. ,new above,new above,0.000,0.252,0.000,0.000,0.419,.,.,.,0,0.031,0.000,0.750,0.000,.,.,.,0.000,0.025,0.000,0.001,0.000,.,.,.,0.31,0.000,0.000,0.277,0.000,.,.,.,0.103,0.045,20.000,0,6.3,0,0,10.475,.,.,0,0.775,0,18.75,0,.,.,0,0.625,0,0.025,0,.,.,7.75,0,0,6.925,0,.,.,2.581,1.120,20,,
30-Jul-1983,Toolik Tussock 1981 plots,GHNP,Forb,Forbs spp. ,below,below,0.000,0.781,0.000,0.000,0.661,.,.,.,0,0.044,0.000,1.089,0.000,.,.,.,0.000,0.080,0.000,0.001,0.000,.,.,.,2.08,0.000,0.000,0.240,0.000,.,.,.,0.249,0.119,20.000,0,19.525,0,0,16.525,.,.,0,1.1,0,27.225,0,.,.,0,2,0,0.025,0,.,.,51.925,0,0,6,0,.,.,6.216,2.974,20,,
30-Jul-1983,Toolik Tussock 1981 plots,SH,Graminoid,Eriophorum vaginatum,blade,new above,0.000,2.696,0.050,1.352,0.128,.,.,.,0.167,0.000,0.000,0.000,0.127,.,.,.,0.966,1.750,0.160,1.004,1.480,.,.,.,0.00,2.788,3.379,0.102,0.000,.,.,.,0.807,0.244,20.000,0,67.4,1.25,33.8,3.2,.,.,4.175,0,0,0,3.175,.,.,24.15,43.75,4,25.1,37,.,.,0,69.7,84.475,2.55,0,.,.,20.186,6.089,20,,
30-Jul-1983,Toolik Tussock 1981 plots,SH,Graminoid,Eriophorum vaginatum,sheath,new above,0.000,1.461,0.027,0.697,0.089,.,.,.,0.109,0.000,0.000,0.000,0.052,.,.,.,0.537,1.063,0.065,0.590,0.582,.,.,.,0.00,1.200,1.791,0.055,0.000,.,.,.,0.416,0.125,20.000,0,36.525,0.675,17.425,2.225,.,.,2.725,0,0,0,1.3,.,.,13.425,26.575,1.625,14.75,14.55,.,.,0,30,44.775,1.375,0,.,.,10.398,3.127,20,,
30-Jul-1983,Toolik Tussock 1981 plots,SH,Graminoid,Eriophorum vaginatum,rhizome,below,0.000,5.337,0.054,3.214,0.327,.,.,.,0.08,0.000,0.000,0.000,0.155,.,.,.,1.984,3.248,0.184,1.816,1.318,.,.,.,0.00,3.018,4.781,0.153,0.000,.,.,.,1.283,0.389,20.000,0,133.425,1.35,80.35,8.175,.,.,2,0,0,0,3.875,.,.,49.6,81.2,4.6,45.4,32.95,.,.,0,75.45,119.525,3.825,0,.,.,32.086,9.729,20,,
30-Jul-1983,Toolik Tussock 1981 plots,SH,Graminoid,Eriophorum vaginatum,v0,new above,0.000,0.000,0.000,0.024,0.000,.,.,.,0,0.000,0.000,0.000,0.000,.,.,.,0.000,0.000,0.000,0.000,0.000,.,.,.,0.00,0.025,0.000,0.000,0.000,.,.,.,0.002,0.002,20.000,0,0,0,0.6,0,.,.,0,0,0,0,0,.,.,0,0,0,0,0,.,.,0,0.625,0,0,0,.,.,0.061,0.042,20,,
30-Jul-1983,Toolik Tussock 1981 plots,SH,Graminoid,Eriophorum vaginatum,inflorescence,new above,0.000,0.808,0.000,0.000,0.000,.,.,.,0,0.000,0.000,0.000,0.000,.,.,.,0.042,0.051,0.000,0.000,0.000,.,.,.,0.00,0.064,0.000,0.000,0.000,.,.,.,0.048,0.040,20.000,0,20.2,0,0,0,.,.,0,0,0,0,0,.,.,1.05,1.275,0,0,0,.,.,0,1.6,0,0,0,.,.,1.206,1.006,20,,
30-Jul-1983,Toolik Tussock 1981 plots,SH,Graminoid,Eriophorum vaginatum,CYS blade,new above,0.000,0.156,0.002,0.050,0.009,.,.,.,0.008,0.000,0.000,0.000,0.003,.,.,.,0.059,0.142,0.006,0.069,0.176,.,.,.,0.00,0.191,0.174,0.002,0.000,.,.,.,0.052,0.016,20.000,0,3.9,0.05,1.25,0.225,.,.,0.2,0,0,0,0.075,.,.,1.475,3.55,0.15,1.725,4.4,.,.,0,4.775,4.35,0.05,0,.,.,1.309,0.402,20,,
30-Jul-1983,Toolik Tussock 1981 plots,SH,Graminoid,Eriophorum vaginatum,CYS sheath,new above,0.000,0.096,0.000,0.099,0.007,.,.,.,0.023,0.000,0.000,0.000,0.005,.,.,.,0.063,0.180,0.000,0.000,0.143,.,.,.,0.00,0.315,0.107,0.000,0.000,.,.,.,0.052,0.019,20.000,0,2.4,0,2.475,0.175,.,.,0.575,0,0,0,0.125,.,.,1.575,4.5,0,0,3.575,.,.,0,7.875,2.675,0,0,.,.,1.298,0.468,20,,
30-Jul-1983,Toolik Tussock 1981 plots,SH,Graminoid,Eriophorum vaginatum,infl. bud,new above,0.000,0.000,0.000,0.000,0.000,.,.,.,0,0.000,0.000,0.000,0.000,.,.,.,0.000,0.000,0.000,0.000,0.000,.,.,.,0.00,0.000,0.000,0.000,0.000,.,.,.,0.000,0.000,20.000,0,0,0,0,0,.,.,0,0,0,0,0,.,.,0,0,0,0,0,.,.,0,0,0,0,0,.,.,0.000,0.000,20,,
30-Jul-1983,Toolik Tussock 1981 plots,SH,Graminoid,Carex bigelowii,blade,new above,0.583,0.000,0.506,0.520,0.000,.,.,.,0.268,0.651,0.087,0.306,0.244,.,.,.,0.000,0.000,0.316,0.148,0.053,.,.,.,0.23,0.000,0.000,0.000,0.068,.,.,.,0.199,0.049,20.000,14.575,0,12.65,13,0,.,.,6.7,16.275,2.175,7.65,6.1,.,.,0,0,7.9,3.7,1.325,.,.,5.8,0,0,0,1.7,.,.,4.978,1.225,20,,
30-Jul-1983,Toolik Tussock 1981 plots,SH,Graminoid,Carex bigelowii,sheath,new above,0.306,0.000,0.170,0.161,0.000,.,.,.,0.093,0.219,0.031,0.077,0.065,.,.,.,0.000,0.000,0.122,0.056,0.033,.,.,.,0.08,0.000,0.000,0.000,0.027,.,.,.,0.072,0.019,20.000,7.65,0,4.25,4.025,0,.,.,2.325,5.475,0.775,1.925,1.625,.,.,0,0,3.05,1.4,0.825,.,.,1.95,0,0,0,0.675,.,.,1.798,0.478,20,,
30-Jul-1983,Toolik Tussock 1981 plots,SH,Graminoid,Carex bigelowii,rhizome,below,5.103,0.000,2.831,3.703,0.000,.,.,.,5.131,3.571,0.015,0.257,2.716,.,.,.,1.671,0.304,1.454,0.845,0.000,.,.,.,0.44,0.000,0.000,0.000,0.623,.,.,.,1.433,0.396,20.000,127.575,0,70.775,92.575,0,.,.,128.275,89.275,0.375,6.425,67.9,.,.,41.775,7.6,36.35,21.125,0,.,.,10.875,0,0,0,15.575,.,.,35.824,9.894,20,,
30-Jul-1983,Toolik Tussock 1981 plots,SH,Graminoid,Carex bigelowii,v0,new above,0.008,0.000,0.008,0.000,0.000,.,.,.,0,0.008,0.000,0.000,0.000,.,.,.,0.000,0.000,0.000,0.000,0.000,.,.,.,0.00,0.000,0.000,0.000,0.000,.,.,.,0.001,0.001,20.000,0.2,0,0.2,0,0,.,.,0,0.2,0,0,0,.,.,0,0,0,0,0,.,.,0,0,0,0,0,.,.,0.030,0.016,20,,
30-Jul-1983,Toolik Tussock 1981 plots,SH,Graminoid,Carex bigelowii,inflorescence,new above,0.000,0.000,0.000,0.000,0.000,.,.,.,0,0.000,0.000,0.000,0.000,.,.,.,0.000,0.000,0.000,0.000,0.000,.,.,.,0.00,0.000,0.000,0.000,0.000,.,.,.,0.000,0.000,20.000,0,0,0,0,0,.,.,0,0,0,0,0,.,.,0,0,0,0,0,.,.,0,0,0,0,0,.,.,0.000,0.000,20,,
30-Jul-1983,Toolik Tussock 1981 plots,SH,Graminoid,Carex bigelowii,CYS blade,new above,0.008,0.000,0.008,0.002,0.000,.,.,.,0,0.000,0.000,0.003,0.004,.,.,.,0.000,0.000,0.004,0.000,0.000,.,.,.,0.00,0.000,0.000,0.000,0.003,.,.,.,0.002,0.001,20.000,0.2,0,0.2,0.05,0,.,.,0,0,0,0.075,0.1,.,.,0,0,0.1,0,0,.,.,0,0,0,0,0.075,.,.,0.040,0.015,20,,
30-Jul-1983,Toolik Tussock 1981 plots,SH,Graminoid,Carex bigelowii,CYS sheath,new above,0.000,0.000,0.000,0.000,0.000,.,.,.,0,0.000,0.000,0.000,0.004,.,.,.,0.000,0.000,0.000,0.000,0.000,.,.,.,0.00,0.000,0.000,0.000,0.005,.,.,.,0.000,0.000,20.000,0,0,0,0,0,.,.,0,0,0,0,0.1,.,.,0,0,0,0,0,.,.,0,0,0,0,0.125,.,.,0.011,0.008,20,,
30-Jul-1983,Toolik Tussock 1981 plots,SH,Graminoid,Carex bigelowii,infl. bud,new above,0.000,0.000,0.000,0.000,0.000,.,.,.,0,0.000,0.000,0.000,0.000,.,.,.,0.000,0.000,0.000,0.000,0.000,.,.,.,0.00,0.000,0.000,0.000,0.000,.,.,.,0.000,0.000,20.000,0,0,0,0,0,.,.,0,0,0,0,0,.,.,0,0,0,0,0,.,.,0,0,0,0,0,.,.,0.000,0.000,20,,
30-Jul-1983,Toolik Tussock 1981 plots,SH,Graminoid,Other sedges,blade,new above,0.000,0.000,0.520,0.000,0.159,.,.,.,0,0.000,0.000,0.000,0.000,.,.,.,0.000,0.000,0.000,0.000,0.000,.,.,.,0.00,0.000,0.031,0.000,0.000,.,.,.,0.036,0.027,20.000,0,0,13,0,3.975,.,.,0,0,0,0,0,.,.,0,0,0,0,0,.,.,0,0,0.775,0,0,.,.,0.888,0.668,20,,
30-Jul-1983,Toolik Tussock 1981 plots,SH,Graminoid,Other sedges,sheath,new above,0.000,0.000,0.057,0.000,0.020,.,.,.,0,0.000,0.000,0.000,0.000,.,.,.,0.000,0.000,0.000,0.000,0.000,.,.,.,0.00,0.000,0.015,0.000,0.000,.,.,.,0.005,0.003,20.000,0,0,1.425,0,0.5,.,.,0,0,0,0,0,.,.,0,0,0,0,0,.,.,0,0,0.375,0,0,.,.,0.115,0.075,20,,
30-Jul-1983,Toolik Tussock 1981 plots,SH,Graminoid,Other sedges,rhizome,below,0.000,0.000,0.299,0.000,0.203,.,.,.,0,0.000,0.000,0.000,0.000,.,.,.,0.000,0.000,0.000,0.000,0.000,.,.,.,0.00,0.000,0.006,0.000,0.000,.,.,.,0.025,0.018,20.000,0,0,7.475,0,5.075,.,.,0,0,0,0,0,.,.,0,0,0,0,0,.,.,0,0,0.15,0,0,.,.,0.635,0.440,20,,
30-Jul-1983,Toolik Tussock 1981 plots,SH,Graminoid,Other sedges,v0,new above,0.000,0.000,0.047,0.000,0.008,.,.,.,0,0.000,0.000,0.000,0.000,.,.,.,0.000,0.000,0.000,0.000,0.000,.,.,.,0.00,0.000,0.000,0.000,0.000,.,.,.,0.003,0.002,20.000,0,0,1.175,0,0.2,.,.,0,0,0,0,0,.,.,0,0,0,0,0,.,.,0,0,0,0,0,.,.,0.069,0.059,20,,
30-Jul-1983,Toolik Tussock 1981 plots,SH,Graminoid,Other sedges,inflorescence,new above,0.000,0.000,0.000,0.000,0.000,.,.,.,0,0.000,0.000,0.000,0.000,.,.,.,0.000,0.000,0.000,0.000,0.000,.,.,.,0.00,0.000,0.000,0.000,0.000,.,.,.,0.000,0.000,20.000,0,0,0,0,0,.,.,0,0,0,0,0,.,.,0,0,0,0,0,.,.,0,0,0,0,0,.,.,0.000,0.000,20,,
30-Jul-1983,Toolik Tussock 1981 plots,SH,Graminoid,Other sedges,CYS blade,new above,0.000,0.000,0.000,0.000,0.000,.,.,.,0,0.000,0.000,0.000,0.000,.,.,.,0.000,0.000,0.000,0.000,0.000,.,.,.,0.00,0.000,0.000,0.000,0.000,.,.,.,0.000,0.000,20.000,0,0,0,0,0,.,.,0,0,0,0,0,.,.,0,0,0,0,0,.,.,0,0,0,0,0,.,.,0.000,0.000,20,,
30-Jul-1983,Toolik Tussock 1981 plots,SH,Graminoid,Other sedges,CYS sheath,new above,0.000,0.000,0.000,0.000,0.000,.,.,.,0,0.000,0.000,0.000,0.000,.,.,.,0.000,0.000,0.000,0.000,0.000,.,.,.,0.00,0.000,0.000,0.000,0.000,.,.,.,0.000,0.000,20.000,0,0,0,0,0,.,.,0,0,0,0,0,.,.,0,0,0,0,0,.,.,0,0,0,0,0,.,.,0.000,0.000,20,,
30-Jul-1983,Toolik Tussock 1981 plots,SH,Graminoid,Other sedges,infl. bud,new above,0.000,0.000,0.000,0.000,0.000,.,.,.,0,0.000,0.000,0.000,0.000,.,.,.,0.000,0.000,0.000,0.000,0.000,.,.,.,0.00,0.000,0.000,0.000,0.000,.,.,.,0.000,0.000,20.000,0,0,0,0,0,.,.,0,0,0,0,0,.,.,0,0,0,0,0,.,.,0,0,0,0,0,.,.,0.000,0.000,20,,
30-Jul-1983,Toolik Tussock 1981 plots,SH,Deciduous,Betula nana,new leaves,new above,0.000,0.945,0.000,0.000,0.175,.,.,.,0.24,0.568,0.286,0.442,0.966,.,.,.,0.675,0.424,0.620,0.000,0.869,.,.,.,1.83,0.691,0.033,0.514,2.052,.,.,.,0.566,0.127,20.000,0,23.625,0,0,4.375,.,.,6,14.2,7.15,11.05,24.15,.,.,16.875,10.6,15.5,0,21.725,.,.,45.625,17.275,0.825,12.85,51.3,.,.,14.156,3.183,20,,
30-Jul-1983,Toolik Tussock 1981 plots,SH,Deciduous,Betula nana,new stems,new above,0.000,0.369,0.000,0.000,0.000,.,.,.,0.01,0.191,0.027,0.045,0.030,.,.,.,0.154,0.030,0.070,0.000,0.386,.,.,.,0.47,0.228,0.087,0.039,0.225,.,.,.,0.118,0.033,20.000,0,9.225,0,0,0,.,.,0.25,4.775,0.675,1.125,0.75,.,.,3.85,0.75,1.75,0,9.65,.,.,11.7,5.7,2.175,0.975,5.625,.,.,2.949,0.819,20,,
30-Jul-1983,Toolik Tussock 1981 plots,SH,Deciduous,Betula nana,old stems,old above,0.000,1.304,0.000,0.000,0.146,.,.,.,1.102,0.694,0.748,1.906,4.296,.,.,.,1.959,1.400,2.202,0.000,2.107,.,.,.,5.51,2.051,2.622,1.405,7.826,.,.,.,1.864,0.448,20.000,0,32.6,0,0,3.65,.,.,27.55,17.35,18.7,47.65,107.4,.,.,48.975,35,55.05,0,52.675,.,.,137.85,51.275,65.55,35.125,195.65,.,.,46.603,11.207,20,,
30-Jul-1983,Toolik Tussock 1981 plots,SH,Deciduous,Betula nana,below stems,below,0.000,5.595,0.000,0.000,0.000,.,.,.,2.157,2.181,2.958,3.253,6.155,.,.,.,0.000,2.013,6.199,0.000,0.693,.,.,.,4.73,3.505,1.196,0.000,3.435,.,.,.,2.203,0.491,20.000,0,139.875,0,0,0,.,.,53.925,54.525,73.95,81.325,153.875,.,.,0,50.325,154.975,0,17.325,.,.,118.125,87.625,29.9,0,85.875,.,.,55.081,12.277,20,,
30-Jul-1983,Toolik Tussock 1981 plots,SH,Deciduous,Betula nana,inflorescence,new above,0.000,0.015,0.000,0.000,0.000,.,.,.,0,0.000,0.000,0.000,0.000,.,.,.,0.000,0.000,0.000,0.000,0.000,.,.,.,0.00,0.000,0.000,0.000,0.000,.,.,.,0.001,0.001,20.000,0,0.375,0,0,0,.,.,0,0,0,0,0,.,.,0,0,0,0,0,.,.,0,0,0,0,0,.,.,0.019,0.019,20,,
30-Jul-1983,Toolik Tussock 1981 plots,SH,Deciduous,Rubus chamaemorus,new leaves,new above,0.000,0.000,0.000,0.000,0.000,.,.,.,0.148,0.014,0.007,0.000,0.293,.,.,.,0.392,0.428,0.025,0.065,0.588,.,.,.,0.07,0.152,0.044,0.118,0.000,.,.,.,0.117,0.039,20.000,0,0,0,0,0,.,.,3.7,0.35,0.175,0,7.325,.,.,9.8,10.7,0.625,1.625,14.7,.,.,1.7,3.8,1.1,2.95,0,.,.,2.928,0.964,20,,
30-Jul-1983,Toolik Tussock 1981 plots,SH,Deciduous,Rubus chamaemorus,new stems,new above,0.000,0.000,0.000,0.000,0.000,.,.,.,0.007,0.000,0.002,0.000,0.027,.,.,.,0.021,0.065,0.005,0.005,0.056,.,.,.,0.01,0.023,0.003,0.020,0.000,.,.,.,0.012,0.004,20.000,0,0,0,0,0,.,.,0.175,0,0.05,0,0.675,.,.,0.525,1.625,0.125,0.125,1.4,.,.,0.2,0.575,0.075,0.5,0,.,.,0.303,0.105,20,,
30-Jul-1983,Toolik Tussock 1981 plots,SH,Deciduous,Rubus chamaemorus,below stems,below,0.000,0.000,0.000,0.000,0.052,.,.,.,0.337,0.089,0.562,0.000,1.195,.,.,.,4.767,3.561,0.157,0.594,1.058,.,.,.,0.02,0.741,0.585,0.885,0.121,.,.,.,0.736,0.279,20.000,0,0,0,0,1.3,.,.,8.425,2.225,14.05,0,29.875,.,.,119.175,89.025,3.925,14.85,26.45,.,.,0.6,18.525,14.625,22.125,3.025,.,.,18.410,6.979,20,,
30-Jul-1983,Toolik Tussock 1981 plots,SH,Deciduous,Rubus chamaemorus,inflorescence,new above,0.000,0.000,0.000,0.000,0.000,.,.,.,0,0.000,0.000,0.000,0.000,.,.,.,0.000,0.000,0.000,0.000,0.013,.,.,.,0.00,0.000,0.000,0.044,0.000,.,.,.,0.003,0.002,20.000,0,0,0,0,0,.,.,0,0,0,0,0,.,.,0,0,0,0,0.325,.,.,0,0,0,1.1,0,.,.,0.071,0.057,20,,
30-Jul-1983,Toolik Tussock 1981 plots,SH,Deciduous,Other deciduous,new leaves,new above,0.000,0.716,0.000,0.000,0.000,.,.,.,0,0.000,0.096,0.000,0.000,.,.,.,0.370,0.000,0.024,0.000,0.215,.,.,.,0.51,0.000,0.395,0.000,0.814,.,.,.,0.157,0.058,20.000,0,17.9,0,0,0,.,.,0,0,2.4,0,0,.,.,9.25,0,0.6,0,5.375,.,.,12.675,0,9.875,0,20.35,.,.,3.921,1.456,20,,
30-Jul-1983,Toolik Tussock 1981 plots,SH,Deciduous,Other deciduous,new stems,new above,0.000,0.356,0.000,0.000,0.000,.,.,.,0,0.000,0.010,0.000,0.000,.,.,.,0.050,0.000,0.001,0.000,0.039,.,.,.,0.36,0.000,0.072,0.000,0.150,.,.,.,0.052,0.025,20.000,0,8.9,0,0,0,.,.,0,0,0.25,0,0,.,.,1.25,0,0.025,0,0.975,.,.,8.95,0,1.8,0,3.75,.,.,1.295,0.619,20,,
30-Jul-1983,Toolik Tussock 1981 plots,SH,Deciduous,Other deciduous,old stems,old above,0.000,0.711,0.000,0.000,0.000,.,.,.,0,0.000,0.000,0.000,0.000,.,.,.,0.000,0.000,0.932,0.000,0.108,.,.,.,0.11,0.000,1.403,0.000,0.343,.,.,.,0.180,0.086,20.000,0,17.775,0,0,0,.,.,0,0,0,0,0,.,.,0,0,23.3,0,2.7,.,.,2.7,0,35.075,0,8.575,.,.,4.506,2.159,20,,
30-Jul-1983,Toolik Tussock 1981 plots,SH,Deciduous,Other deciduous,below stems,below,0.000,0.376,0.000,0.000,0.000,.,.,.,0,0.000,0.326,0.000,0.000,.,.,.,2.424,0.790,0.877,0.000,1.360,.,.,.,0.00,0.000,0.548,0.000,0.000,.,.,.,0.335,0.140,20.000,0,9.4,0,0,0,.,.,0,0,8.15,0,0,.,.,60.6,19.75,21.925,0,34,.,.,0,0,13.7,0,0,.,.,8.376,3.494,20,,
30-Jul-1983,Toolik Tussock 1981 plots,SH,Deciduous,Other deciduous,inflorescence,new above,0.000,0.000,0.000,0.000,0.000,.,.,.,0,0.000,0.000,0.000,0.000,.,.,.,0.000,0.000,0.000,0.000,0.000,.,.,.,0.00,0.000,0.000,0.000,0.000,.,.,.,0.000,0.000,20.000,0,0,0,0,0,.,.,0,0,0,0,0,.,.,0,0,0,0,0,.,.,0,0,0,0,0,.,.,0.000,0.000,20,,
30-Jul-1983,Toolik Tussock 1981 plots,SH,Evergreen,Ledum palustre,old leaves,old above,0.682,0.511,1.041,0.401,0.329,.,.,.,0.122,0.681,0.841,0.506,0.344,.,.,.,0.690,1.023,0.994,0.874,1.272,.,.,.,0.14,0.106,0.353,0.416,0.209,.,.,.,0.577,0.077,20.000,17.05,12.775,26.025,10.025,8.225,.,.,3.05,17.025,21.025,12.65,8.6,.,.,17.25,25.575,24.85,21.85,31.8,.,.,3.425,2.65,8.825,10.4,5.225,.,.,14.415,1.925,20,,
30-Jul-1983,Toolik Tussock 1981 plots,SH,Evergreen,Ledum palustre,new leaves,new above,1.090,0.409,1.127,0.332,0.795,.,.,.,0.177,0.461,0.869,0.561,0.269,.,.,.,0.810,1.041,0.791,0.893,1.037,.,.,.,0.17,0.218,0.412,0.707,0.250,.,.,.,0.621,0.074,20.000,27.25,10.225,28.175,8.3,19.875,.,.,4.425,11.525,21.725,14.025,6.725,.,.,20.25,26.025,19.775,22.325,25.925,.,.,4.125,5.45,10.3,17.675,6.25,.,.,15.518,1.856,20,,
30-Jul-1983,Toolik Tussock 1981 plots,SH,Evergreen,Ledum palustre,new stems,new above,0.170,0.061,0.217,0.129,0.187,.,.,.,0.056,0.182,0.229,0.220,0.105,.,.,.,0.183,0.307,0.205,0.186,0.341,.,.,.,0.04,0.049,0.100,0.160,0.070,.,.,.,0.160,0.019,20.000,4.25,1.525,5.425,3.225,4.675,.,.,1.4,4.55,5.725,5.5,2.625,.,.,4.575,7.675,5.125,4.65,8.525,.,.,1.075,1.225,2.5,4,1.75,.,.,4.000,0.467,20,,
30-Jul-1983,Toolik Tussock 1981 plots,SH,Evergreen,Ledum palustre,old stems,old above,3.308,2.057,2.402,1.699,0.355,.,.,.,0.425,1.593,2.027,2.154,0.825,.,.,.,2.705,3.142,1.883,0.823,3.474,.,.,.,0.63,1.350,2.016,2.473,1.092,.,.,.,1.821,0.210,20.000,82.7,51.425,60.05,42.475,8.875,.,.,10.625,39.825,50.675,53.85,20.625,.,.,67.625,78.55,47.075,20.575,86.85,.,.,15.625,33.75,50.4,61.825,27.3,.,.,45.535,5.260,20,,
30-Jul-1983,Toolik Tussock 1981 plots,SH,Evergreen,Ledum palustre,below stems,below,5.418,4.797,10.370,14.265,13.299,.,.,.,4.227,3.488,3.487,4.843,6.411,.,.,.,2.268,5.223,6.344,4.035,3.445,.,.,.,2.08,3.513,1.659,7.855,2.754,.,.,.,5.489,0.785,20.000,135.45,119.925,259.25,356.625,332.475,.,.,105.675,87.2,87.175,121.075,160.275,.,.,56.7,130.575,158.6,100.875,86.125,.,.,51.95,87.825,41.475,196.375,68.85,.,.,137.224,19.616,20,,
30-Jul-1983,Toolik Tussock 1981 plots,SH,Evergreen,Ledum palustre,inflorescence,new above,0.000,0.000,0.030,0.041,0.017,.,.,.,0,0.022,0.123,0.000,0.000,.,.,.,0.000,0.025,0.009,0.000,0.029,.,.,.,0.00,0.000,0.000,0.050,0.000,.,.,.,0.017,0.007,20.000,0,0,0.75,1.025,0.425,.,.,0,0.55,3.075,0,0,.,.,0,0.625,0.225,0,0.725,.,.,0,0,0,1.25,0,.,.,0.433,0.165,20,,
30-Jul-1983,Toolik Tussock 1981 plots,SH,Evergreen,Vaccinium vitis-idaea,old leaves,old above,1.791,0.359,1.022,0.453,1.598,.,.,.,1.398,0.714,1.166,0.838,1.288,.,.,.,1.992,0.879,0.316,0.454,2.163,.,.,.,0.33,0.577,1.917,0.643,0.570,.,.,.,1.023,0.135,20.000,44.775,8.975,25.55,11.325,39.95,.,.,34.95,17.85,29.15,20.95,32.2,.,.,49.8,21.975,7.9,11.35,54.075,.,.,8.25,14.425,47.925,16.075,14.25,.,.,25.585,3.383,20,,
30-Jul-1983,Toolik Tussock 1981 plots,SH,Evergreen,Vaccinium vitis-idaea,new leaves,new above,0.649,0.107,0.491,0.286,1.104,.,.,.,0.826,0.405,0.565,0.270,0.544,.,.,.,0.638,0.623,0.229,0.302,0.937,.,.,.,0.16,0.534,0.830,0.515,0.059,.,.,.,0.504,0.063,20.000,16.225,2.675,12.275,7.15,27.6,.,.,20.65,10.125,14.125,6.75,13.6,.,.,15.95,15.575,5.725,7.55,23.425,.,.,3.9,13.35,20.75,12.875,1.475,.,.,12.588,1.582,20,,
30-Jul-1983,Toolik Tussock 1981 plots,SH,Evergreen,Vaccinium vitis-idaea,new stems,new above,0.068,0.018,0.060,0.038,0.138,.,.,.,0.144,0.082,0.073,0.034,0.104,.,.,.,0.091,0.115,0.044,0.043,0.168,.,.,.,0.05,0.141,0.195,0.078,0.018,.,.,.,0.085,0.011,20.000,1.7,0.45,1.5,0.95,3.45,.,.,3.6,2.05,1.825,0.85,2.6,.,.,2.275,2.875,1.1,1.075,4.2,.,.,1.35,3.525,4.875,1.95,0.45,.,.,2.133,0.284,20,,
30-Jul-1983,Toolik Tussock 1981 plots,SH,Evergreen,Vaccinium vitis-idaea,old stems,old above,0.654,0.284,0.539,0.458,0.426,.,.,.,0.441,0.260,0.421,0.308,0.494,.,.,.,0.786,1.099,0.214,0.144,1.014,.,.,.,0.24,0.677,1.373,0.343,0.361,.,.,.,0.527,0.072,20.000,16.35,7.1,13.475,11.45,10.65,.,.,11.025,6.5,10.525,7.7,12.35,.,.,19.65,27.475,5.35,3.6,25.35,.,.,5.975,16.925,34.325,8.575,9.025,.,.,13.169,1.808,20,,
30-Jul-1983,Toolik Tussock 1981 plots,SH,Evergreen,Vaccinium vitis-idaea,below stems,below,7.103,1.858,4.531,2.550,6.452,.,.,.,5.381,2.560,2.572,2.068,4.881,.,.,.,4.622,7.141,1.397,1.582,0.307,.,.,.,0.77,2.277,1.600,4.295,2.033,.,.,.,3.299,0.467,20.000,177.575,46.45,113.275,63.75,161.3,.,.,134.525,64,64.3,51.7,122.025,.,.,115.55,178.525,34.925,39.55,7.675,.,.,19.325,56.925,40,107.375,50.825,.,.,82.479,11.679,20,,
30-Jul-1983,Toolik Tussock 1981 plots,SH,Evergreen,Vaccinium vitis-idaea,inflorescence,new above,0.000,0.000,0.000,0.000,0.000,.,.,.,0,0.000,0.000,0.000,0.000,.,.,.,0.000,0.000,0.000,0.000,0.000,.,.,.,0.00,0.000,0.000,0.000,0.000,.,.,.,0.000,0.000,20.000,0,0,0,0,0,.,.,0,0,0,0,0,.,.,0,0,0,0,0,.,.,0,0,0,0,0,.,.,0.000,0.000,20,,
30-Jul-1983,Toolik Tussock 1981 plots,SH,Evergreen,Other Evergreen,old leaves,old above,0.000,0.000,0.000,0.000,0.000,.,.,.,0.117,0.123,0.000,0.150,0.436,.,.,.,0.000,0.250,0.267,0.000,0.000,.,.,.,0.18,0.243,0.035,0.000,1.083,.,.,.,0.144,0.057,20.000,0,0,0,0,0,.,.,2.925,3.075,0,3.75,10.9,.,.,0,6.25,6.675,0,0,.,.,4.4,6.075,0.875,0,27.075,.,.,3.600,1.419,20,,
30-Jul-1983,Toolik Tussock 1981 plots,SH,Evergreen,Other Evergreen,new leaves,new above,0.000,0.000,0.000,0.000,0.000,.,.,.,0.052,0.079,0.000,0.036,0.273,.,.,.,0.000,0.056,0.051,0.000,0.000,.,.,.,0.04,0.262,0.028,0.000,0.093,.,.,.,0.049,0.018,20.000,0,0,0,0,0,.,.,1.3,1.975,0,0.9,6.825,.,.,0,1.4,1.275,0,0,.,.,1.025,6.55,0.7,0,2.325,.,.,1.214,0.450,20,,
30-Jul-1983,Toolik Tussock 1981 plots,SH,Evergreen,Other Evergreen,new stems,new above,0.000,0.000,0.000,0.000,0.000,.,.,.,0.013,0.031,0.000,0.005,0.073,.,.,.,0.000,0.017,0.140,0.000,0.000,.,.,.,0.01,0.095,0.010,0.000,0.005,.,.,.,0.020,0.009,20.000,0,0,0,0,0,.,.,0.325,0.775,0,0.125,1.825,.,.,0,0.425,3.5,0,0,.,.,0.2,2.375,0.25,0,0.125,.,.,0.496,0.213,20,,
30-Jul-1983,Toolik Tussock 1981 plots,SH,Evergreen,Other Evergreen,old stems,old above,0.000,0.000,0.000,0.000,0.000,.,.,.,0.103,0.107,0.000,0.101,0.369,.,.,.,0.000,0.126,0.139,0.000,0.000,.,.,.,0.16,0.767,0.300,0.000,0.794,.,.,.,0.148,0.054,20.000,0,0,0,0,0,.,.,2.575,2.675,0,2.525,9.225,.,.,0,3.15,3.475,0,0,.,.,4.025,19.175,7.5,0,19.85,.,.,3.709,1.344,20,,
30-Jul-1983,Toolik Tussock 1981 plots,SH,Evergreen,Other Evergreen,below stems,below,0.000,0.000,0.000,0.000,0.000,.,.,.,0.253,0.408,0.000,0.091,1.617,.,.,.,0.000,0.818,1.486,0.000,0.000,.,.,.,0.46,0.503,0.200,0.000,1.973,.,.,.,0.391,0.136,20.000,0,0,0,0,0,.,.,6.325,10.2,0,2.275,40.425,.,.,0,20.45,37.15,0,0,.,.,11.6,12.575,5,0,49.325,.,.,9.766,3.412,20,,
30-Jul-1983,Toolik Tussock 1981 plots,SH,Evergreen,Other Evergreen,inflorescence,new above,0.000,0.000,0.000,0.000,0.000,.,.,.,0,0.000,0.000,0.000,0.000,.,.,.,0.000,0.000,0.000,0.000,0.000,.,.,.,0.00,0.000,0.000,0.000,0.000,.,.,.,0.000,0.000,20.000,0,0,0,0,0,.,.,0,0,0,0,0,.,.,0,0,0,0,0,.,.,0,0,0,0,0,.,.,0.000,0.000,20,,
30-Jul-1983,Toolik Tussock 1981 plots,SH,Forb,Forbs spp. ,new above,new above,0.087,0.000,0.890,0.078,0.520,.,.,.,0,0.038,0.000,0.000,0.083,.,.,.,0.000,0.000,0.000,0.000,0.000,.,.,.,0.00,0.000,0.501,0.000,0.077,.,.,.,0.114,0.053,20.000,2.175,0,22.25,1.95,13,.,.,0,0.95,0,0,2.075,.,.,0,0,0,0,0,.,.,0,0,12.525,0,1.925,.,.,2.843,1.335,20,,
30-Jul-1983,Toolik Tussock 1981 plots,SH,Forb,Forbs spp. ,below,below,0.287,0.000,3.560,0.854,2.346,.,.,.,0,0.013,0.000,0.000,0.087,.,.,.,0.000,0.000,0.000,0.000,0.000,.,.,.,0.00,0.000,1.189,0.000,0.434,.,.,.,0.439,0.210,20.000,7.175,0,89,21.35,58.65,.,.,0,0.325,0,0,2.175,.,.,0,0,0,0,0,.,.,0,0,29.725,0,10.85,.,.,10.963,5.249,20,,
23-Aug-1983,Toolik Tussock 1981 plots,NP,Graminoid,Eriophorum vaginatum,blade,new above,3.337,0.656,0.000,0.000,1.412,.,.,.,1.651,0.000,0.372,3.184,1.754,.,.,.,1.191,2.563,0.705,4.313,1.332,.,.,.,3.02,1.173,3.062,0.728,14.099,.,.,.,2.227,0.685,20.000,83.425,16.4,0,0,35.3,.,.,41.275,0,9.3,79.6,43.85,.,.,29.775,64.075,17.625,107.825,33.3,.,.,75.375,29.325,76.55,18.2,352.475,.,.,55.684,17.131,20,,
23-Aug-1983,Toolik Tussock 1981 plots,NP,Graminoid,Eriophorum vaginatum,sheath,new above,2.426,0.773,0.000,0.000,0.772,.,.,.,0.835,0.000,0.494,3.284,1.794,.,.,.,0.544,1.072,0.538,3.923,1.637,.,.,.,2.61,1.762,5.547,0.444,10.588,.,.,.,1.952,0.559,20.000,60.65,19.325,0,0,19.3,.,.,20.875,0,12.35,82.1,44.85,.,.,13.6,26.8,13.45,98.075,40.925,.,.,65.125,44.05,138.675,11.1,264.7,.,.,48.798,13.966,20,,
23-Aug-1983,Toolik Tussock 1981 plots,NP,Graminoid,Eriophorum vaginatum,rhizome,below,2.051,0.800,0.000,0.000,0.726,.,.,.,0.895,0.000,0.798,4.501,2.536,.,.,.,1.060,1.602,0.908,6.256,3.306,.,.,.,5.53,1.650,9.072,1.264,12.826,.,.,.,2.789,0.751,20.000,51.275,20,0,0,18.15,.,.,22.375,0,19.95,112.525,63.4,.,.,26.5,40.05,22.7,156.4,82.65,.,.,138.25,41.25,226.8,31.6,320.65,.,.,69.726,18.770,20,,
23-Aug-1983,Toolik Tussock 1981 plots,NP,Graminoid,Eriophorum vaginatum,v0,new above,0.117,0.032,0.000,0.000,0.097,.,.,.,0.125,0.000,0.007,0.134,0.024,.,.,.,0.000,0.063,0.039,0.068,0.133,.,.,.,0.00,0.134,0.494,0.056,0.656,.,.,.,0.109,0.038,20.000,2.925,0.8,0,0,2.425,.,.,3.125,0,0.175,3.35,0.6,.,.,0,1.575,0.975,1.7,3.325,.,.,0.075,3.35,12.35,1.4,16.4,.,.,2.728,0.946,20,,
23-Aug-1983,Toolik Tussock 1981 plots,NP,Graminoid,Eriophorum vaginatum,inflorescence,new above,0.000,0.000,0.000,0.000,0.000,.,.,.,0,0.000,0.000,0.120,0.000,.,.,.,0.000,0.381,0.000,0.116,0.000,.,.,.,0.07,0.000,0.085,0.154,0.000,.,.,.,0.046,0.021,20.000,0,0,0,0,0,.,.,0,0,0,3,0,.,.,0,9.525,0,2.9,0,.,.,1.825,0,2.125,3.85,0,.,.,1.161,0.523,20,,
23-Aug-1983,Toolik Tussock 1981 plots,NP,Graminoid,Eriophorum vaginatum,CYS blade,new above,0.253,0.246,0.000,0.000,0.187,.,.,.,0.472,0.000,0.112,1.341,0.324,.,.,.,0.228,0.412,0.116,0.582,0.248,.,.,.,1.71,0.221,1.711,0.191,3.387,.,.,.,0.587,0.188,20.000,6.325,6.15,0,0,4.675,.,.,11.8,0,2.8,33.525,8.1,.,.,5.7,10.3,2.9,14.55,6.2,.,.,42.675,5.525,42.775,4.775,84.675,.,.,14.673,4.702,20,,
23-Aug-1983,Toolik Tussock 1981 plots,NP,Graminoid,Eriophorum vaginatum,CYS sheath,new above,0.186,0.274,0.000,0.000,0.057,.,.,.,0.191,0.000,0.121,0.906,0.301,.,.,.,0.070,0.178,0.068,0.639,0.287,.,.,.,1.02,0.333,1.966,0.193,1.696,.,.,.,0.424,0.125,20.000,4.65,6.85,0,0,1.425,.,.,4.775,0,3.025,22.65,7.525,.,.,1.75,4.45,1.7,15.975,7.175,.,.,25.5,8.325,49.15,4.825,42.4,.,.,10.608,3.125,20,,
23-Aug-1983,Toolik Tussock 1981 plots,NP,Graminoid,Eriophorum vaginatum,infl. bud,new above,0.241,0.000,0.000,0.000,0.000,.,.,.,0,0.000,0.000,0.000,0.000,.,.,.,0.000,0.155,0.000,0.000,0.000,.,.,.,0.62,0.000,0.000,0.000,0.000,.,.,.,0.051,0.033,20.000,6.025,0,0,0,0,.,.,0,0,0,0,0,.,.,0,3.875,0,0,0,.,.,15.6,0,0,0,0,.,.,1.275,0.831,20,,
23-Aug-1983,Toolik Tussock 1981 plots,NP,Graminoid,Carex bigelowii,blade,new above,0.000,0.356,0.411,1.516,0.285,.,.,.,0.052,2.298,0.201,0.000,0.179,.,.,.,0.000,0.000,0.000,0.000,0.097,.,.,.,0.00,0.386,0.000,0.365,0.183,.,.,.,0.316,0.129,20.000,0,8.9,10.275,37.9,7.125,.,.,1.3,57.45,5.025,0,4.475,.,.,0,0,0,0,2.425,.,.,0,9.65,0,9.125,4.575,.,.,7.911,3.233,20,,
23-Aug-1983,Toolik Tussock 1981 plots,NP,Graminoid,Carex bigelowii,sheath,new above,0.000,0.332,0.234,0.726,0.098,.,.,.,0.024,1.185,0.135,0.000,0.075,.,.,.,0.000,0.000,0.000,0.000,0.075,.,.,.,0.00,0.255,0.000,0.205,0.038,.,.,.,0.169,0.066,20.000,0,8.3,5.85,18.15,2.45,.,.,0.6,29.625,3.375,0,1.875,.,.,0,0,0,0,1.875,.,.,0,6.375,0,5.125,0.95,.,.,4.228,1.659,20,,
23-Aug-1983,Toolik Tussock 1981 plots,NP,Graminoid,Carex bigelowii,rhizome,below,0.339,1.693,0.456,4.462,1.002,.,.,.,1.009,3.808,2.858,0.233,1.146,.,.,.,0.000,0.000,0.000,0.000,0.770,.,.,.,0.00,1.808,0.549,2.553,1.021,.,.,.,1.185,0.294,20.000,8.475,42.325,11.4,111.55,25.05,.,.,25.225,95.2,71.45,5.825,28.65,.,.,0,0,0,0,19.25,.,.,0,45.2,13.725,63.825,25.525,.,.,29.634,7.343,20,,
23-Aug-1983,Toolik Tussock 1981 plots,NP,Graminoid,Carex bigelowii,v0,new above,0.000,0.098,0.145,0.250,0.031,.,.,.,0,0.483,0.032,0.000,0.005,.,.,.,0.000,0.000,0.000,0.000,0.069,.,.,.,0.00,0.080,0.000,0.000,0.000,.,.,.,0.060,0.027,20.000,0,2.45,3.625,6.25,0.775,.,.,0,12.075,0.8,0,0.125,.,.,0,0,0,0,1.725,.,.,0,2,0,0,0,.,.,1.491,0.664,20,,
23-Aug-1983,Toolik Tussock 1981 plots,NP,Graminoid,Carex bigelowii,inflorescence,new above,0.000,0.000,0.000,0.297,0.000,.,.,.,0.195,1.401,0.000,0.000,0.000,.,.,.,0.000,0.000,0.000,0.000,0.000,.,.,.,0.00,0.000,0.000,0.000,0.000,.,.,.,0.095,0.071,20.000,0,0,0,7.425,0,.,.,4.875,35.025,0,0,0,.,.,0,0,0,0,0,.,.,0,0,0,0,0,.,.,2.366,1.772,20,,
23-Aug-1983,Toolik Tussock 1981 plots,NP,Graminoid,Carex bigelowii,CYS blade,new above,0.000,0.136,0.061,0.167,0.021,.,.,.,0,0.244,0.054,0.000,0.018,.,.,.,0.000,0.000,0.000,0.000,0.041,.,.,.,0.00,0.058,0.000,0.073,0.021,.,.,.,0.045,0.015,20.000,0,3.4,1.525,4.175,0.525,.,.,0,6.1,1.35,0,0.45,.,.,0,0,0,0,1.025,.,.,0,1.45,0,1.825,0.525,.,.,1.118,0.372,20,,
23-Aug-1983,Toolik Tussock 1981 plots,NP,Graminoid,Carex bigelowii,CYS sheath,new above,0.000,0.064,0.023,0.190,0.000,.,.,.,0,0.000,0.023,0.000,0.007,.,.,.,0.000,0.000,0.000,0.000,0.000,.,.,.,0.00,0.020,0.000,0.000,0.010,.,.,.,0.017,0.010,20.000,0,1.6,0.575,4.75,0,.,.,0,0,0.575,0,0.175,.,.,0,0,0,0,0,.,.,0,0.5,0,0,0.25,.,.,0.421,0.244,20,,
23-Aug-1983,Toolik Tussock 1981 plots,NP,Graminoid,Carex bigelowii,infl. bud,new above,0.000,0.000,0.000,0.000,0.000,.,.,.,0,0.000,0.000,0.000,0.000,.,.,.,0.000,0.000,0.000,0.000,0.000,.,.,.,0.00,0.000,0.000,0.000,0.000,.,.,.,0.000,0.000,20.000,0,0,0,0,0,.,.,0,0,0,0,0,.,.,0,0,0,0,0,.,.,0,0,0,0,0,.,.,0.000,0.000,20,,
23-Aug-1983,Toolik Tussock 1981 plots,NP,Graminoid,Other sedges,blade,new above,0.000,0.000,0.690,0.000,0.172,.,.,.,0,0.635,0.000,0.000,0.000,.,.,.,0.000,0.000,0.000,0.000,0.000,.,.,.,0.00,0.000,0.000,0.000,0.000,.,.,.,0.075,0.046,20.000,0,0,17.25,0,4.3,.,.,0,15.875,0,0,0,.,.,0,0,0,0,0,.,.,0,0,0,0,0,.,.,1.871,1.145,20,,
23-Aug-1983,Toolik Tussock 1981 plots,NP,Graminoid,Other sedges,sheath,new above,0.000,0.000,0.124,0.000,0.018,.,.,.,0,0.056,0.000,0.000,0.000,.,.,.,0.000,0.000,0.000,0.000,0.000,.,.,.,0.00,0.000,0.000,0.000,0.000,.,.,.,0.010,0.007,20.000,0,0,3.1,0,0.45,.,.,0,1.4,0,0,0,.,.,0,0,0,0,0,.,.,0,0,0,0,0,.,.,0.248,0.167,20,,
23-Aug-1983,Toolik Tussock 1981 plots,NP,Graminoid,Other sedges,rhizome,below,0.000,0.000,0.104,0.000,0.187,.,.,.,0,0.477,0.000,0.000,0.000,.,.,.,0.000,0.000,0.068,0.000,0.000,.,.,.,0.00,0.000,0.000,0.000,0.000,.,.,.,0.042,0.025,20.000,0,0,2.6,0,4.675,.,.,0,11.925,0,0,0,.,.,0,0,1.7,0,0,.,.,0,0,0,0,0,.,.,1.045,0.632,20,,
23-Aug-1983,Toolik Tussock 1981 plots,NP,Graminoid,Other sedges,v0,new above,0.000,0.000,0.127,0.000,0.000,.,.,.,0,0.014,0.000,0.000,0.000,.,.,.,0.000,0.000,0.000,0.000,0.000,.,.,.,0.00,0.000,0.000,0.000,0.000,.,.,.,0.007,0.006,20.000,0,0,3.175,0,0,.,.,0,0.35,0,0,0,.,.,0,0,0,0,0,.,.,0,0,0,0,0,.,.,0.176,0.159,20,,
23-Aug-1983,Toolik Tussock 1981 plots,NP,Graminoid,Other sedges,inflorescence,new above,0.000,0.000,0.000,0.000,0.000,.,.,.,0,1.852,0.000,0.000,0.000,.,.,.,0.000,0.000,0.000,0.000,0.000,.,.,.,0.00,0.000,0.000,0.000,0.000,.,.,.,0.093,0.093,20.000,0,0,0,0,0,.,.,0,46.3,0,0,0,.,.,0,0,0,0,0,.,.,0,0,0,0,0,.,.,2.315,2.315,20,,
23-Aug-1983,Toolik Tussock 1981 plots,NP,Graminoid,Other sedges,CYS blade,new above,0.000,0.000,0.085,0.000,0.004,.,.,.,0,0.136,0.000,0.000,0.000,.,.,.,0.000,0.000,0.000,0.000,0.000,.,.,.,0.00,0.000,0.000,0.000,0.000,.,.,.,0.011,0.008,20.000,0,0,2.125,0,0.1,.,.,0,3.4,0,0,0,.,.,0,0,0,0,0,.,.,0,0,0,0,0,.,.,0.281,0.195,20,,
23-Aug-1983,Toolik Tussock 1981 plots,NP,Graminoid,Other sedges,CYS sheath,new above,0.000,0.000,0.024,0.000,0.000,.,.,.,0,0.000,0.000,0.000,0.000,.,.,.,0.000,0.000,0.000,0.000,0.000,.,.,.,0.00,0.000,0.000,0.000,0.000,.,.,.,0.001,0.001,20.000,0,0,0.6,0,0,.,.,0,0,0,0,0,.,.,0,0,0,0,0,.,.,0,0,0,0,0,.,.,0.030,0.030,20,,
23-Aug-1983,Toolik Tussock 1981 plots,NP,Graminoid,Other sedges,infl. bud,new above,0.000,0.000,0.000,0.000,0.000,.,.,.,0,0.000,0.000,0.000,0.000,.,.,.,0.000,0.000,0.000,0.000,0.000,.,.,.,0.00,0.000,0.000,0.000,0.000,.,.,.,0.000,0.000,20.000,0,0,0,0,0,.,.,0,0,0,0,0,.,.,0,0,0,0,0,.,.,0,0,0,0,0,.,.,0.000,0.000,20,,
23-Aug-1983,Toolik Tussock 1981 plots,NP,Deciduous,Betula nana,new leaves,new above,1.149,0.092,2.040,0.000,0.973,.,.,.,0.117,0.013,0.871,0.447,2.403,.,.,.,0.000,0.000,0.328,0.668,0.434,.,.,.,0.15,2.381,1.546,1.068,1.563,.,.,.,0.812,0.181,20.000,28.725,2.3,51,0,24.325,.,.,2.925,0.325,21.775,11.175,60.075,.,.,0,0,8.2,16.7,10.85,.,.,3.7,59.525,38.65,26.7,39.075,.,.,20.301,4.516,20,,
23-Aug-1983,Toolik Tussock 1981 plots,NP,Deciduous,Betula nana,new stems,new above,1.367,0.067,1.352,0.000,0.496,.,.,.,0.301,0.029,0.305,0.229,1.060,.,.,.,0.000,0.000,0.129,0.342,0.320,.,.,.,0.15,1.019,1.576,1.469,1.752,.,.,.,0.598,0.137,20.000,34.175,1.675,33.8,0,12.4,.,.,7.525,0.725,7.625,5.725,26.5,.,.,0,0,3.225,8.55,8,.,.,3.725,25.475,39.4,36.725,43.8,.,.,14.953,3.432,20,,
23-Aug-1983,Toolik Tussock 1981 plots,NP,Deciduous,Betula nana,old stems,old above,2.030,0.422,8.329,0.000,1.000,.,.,.,0,0.000,1.493,2.395,10.410,.,.,.,0.000,0.000,0.293,2.088,2.074,.,.,.,0.43,3.773,3.606,5.612,5.518,.,.,.,2.473,0.662,20.000,50.75,10.55,208.225,0,25,.,.,0,0,37.325,59.875,260.25,.,.,0,0,7.325,52.2,51.85,.,.,10.625,94.325,90.15,140.3,137.95,.,.,61.835,16.561,20,,
23-Aug-1983,Toolik Tussock 1981 plots,NP,Deciduous,Betula nana,below stems,below,3.080,3.187,4.058,0.000,1.410,.,.,.,1.744,0.000,1.872,3.761,16.801,.,.,.,2.788,0.000,0.403,0.749,4.648,.,.,.,0.00,0.943,4.086,9.200,14.236,.,.,.,3.648,1.039,20.000,77,79.675,101.45,0,35.25,.,.,43.6,0,46.8,94.025,420.025,.,.,69.7,0,10.075,18.725,116.2,.,.,0,23.575,102.15,230,355.9,.,.,91.208,25.963,20,,
23-Aug-1983,Toolik Tussock 1981 plots,NP,Deciduous,Betula nana,inflorescence,new above,0.000,0.000,0.077,0.000,0.000,.,.,.,0,0.000,0.000,0.000,0.399,.,.,.,0.000,0.000,0.000,0.000,0.000,.,.,.,0.00,0.101,0.069,0.101,1.193,.,.,.,0.097,0.061,20.000,0,0,1.925,0,0,.,.,0,0,0,0,9.975,.,.,0,0,0,0,0,.,.,0,2.525,1.725,2.525,29.825,.,.,2.425,1.531,20,,
23-Aug-1983,Toolik Tussock 1981 plots,NP,Deciduous,Rubus chamaemorus,new leaves,new above,0.208,0.000,0.750,0.000,0.000,.,.,.,0.265,0.000,0.101,0.048,0.000,.,.,.,0.000,0.000,0.193,0.307,0.226,.,.,.,0.06,0.398,0.346,0.015,0.000,.,.,.,0.146,0.044,20.000,5.2,0,18.75,0,0,.,.,6.625,0,2.525,1.2,0,.,.,0,0,4.825,7.675,5.65,.,.,1.5,9.95,8.65,0.375,0,.,.,3.646,1.094,20,,
23-Aug-1983,Toolik Tussock 1981 plots,NP,Deciduous,Rubus chamaemorus,new stems,new above,0.047,0.000,0.082,0.000,0.000,.,.,.,0.019,0.000,0.012,0.004,0.000,.,.,.,0.000,0.000,0.000,0.050,0.014,.,.,.,0.00,0.080,0.023,0.000,0.000,.,.,.,0.017,0.006,20.000,1.175,0,2.05,0,0,.,.,0.475,0,0.3,0.1,0,.,.,0,0,0,1.25,0.35,.,.,0.075,2,0.575,0,0,.,.,0.418,0.149,20,,
23-Aug-1983,Toolik Tussock 1981 plots,NP,Deciduous,Rubus chamaemorus,below stems,below,0.744,0.688,1.611,0.000,0.000,.,.,.,0.278,0.000,0.470,0.169,0.319,.,.,.,0.000,0.000,0.193,1.218,3.026,.,.,.,0.36,3.358,1.835,0.000,0.000,.,.,.,0.714,0.225,20.000,18.6,17.2,40.275,0,0,.,.,6.95,0,11.75,4.225,7.975,.,.,0,0,4.825,30.45,75.65,.,.,9.025,83.95,45.875,0,0,.,.,17.838,5.637,20,,
23-Aug-1983,Toolik Tussock 1981 plots,NP,Deciduous,Rubus chamaemorus,inflorescence,new above,0.000,0.000,0.018,0.000,0.000,.,.,.,0,0.000,0.000,0.000,0.000,.,.,.,0.000,0.000,0.000,0.000,0.000,.,.,.,0.00,0.009,0.000,0.000,0.000,.,.,.,0.001,0.001,20.000,0,0,0.45,0,0,.,.,0,0,0,0,0,.,.,0,0,0,0,0,.,.,0,0.225,0,0,0,.,.,0.034,0.025,20,,
23-Aug-1983,Toolik Tussock 1981 plots,NP,Deciduous,Other deciduous,new leaves,new above,0.000,0.000,0.000,0.000,2.334,.,.,.,0,1.703,0.020,0.000,0.000,.,.,.,0.018,0.000,0.000,0.722,0.306,.,.,.,0.37,0.355,0.000,0.000,0.000,.,.,.,0.291,0.141,20.000,0,0,0,0,58.35,.,.,0,42.575,0.5,0,0,.,.,0.45,0,0,18.05,7.65,.,.,9.175,8.875,0,0,0,.,.,7.281,3.519,20,,
23-Aug-1983,Toolik Tussock 1981 plots,NP,Deciduous,Other deciduous,new stems,new above,0.000,0.000,0.000,0.000,0.890,.,.,.,0,1.353,0.000,0.000,0.000,.,.,.,0.032,0.000,0.000,0.088,0.068,.,.,.,0.18,0.066,0.000,0.000,0.000,.,.,.,0.134,0.078,20.000,0,0,0,0,22.25,.,.,0,33.825,0,0,0,.,.,0.8,0,0,2.2,1.7,.,.,4.5,1.65,0,0,0,.,.,3.346,1.951,20,,
23-Aug-1983,Toolik Tussock 1981 plots,NP,Deciduous,Other deciduous,old stems,old above,0.000,0.000,0.000,0.000,6.381,.,.,.,0,3.332,0.000,0.000,0.000,.,.,.,0.080,0.000,0.000,2.038,0.189,.,.,.,0.00,0.179,0.000,0.000,0.000,.,.,.,0.610,0.358,20.000,0,0,0,0,159.525,.,.,0,83.3,0,0,0,.,.,2,0,0,50.95,4.725,.,.,0,4.475,0,0,0,.,.,15.249,8.941,20,,
23-Aug-1983,Toolik Tussock 1981 plots,NP,Deciduous,Other deciduous,below stems,below,0.000,0.000,0.000,0.000,7.395,.,.,.,0,3.581,0.361,0.000,0.000,.,.,.,0.000,0.000,0.000,0.000,0.018,.,.,.,0.00,0.000,0.000,0.000,0.000,.,.,.,0.568,0.401,20.000,0,0,0,0,184.875,.,.,0,89.525,9.025,0,0,.,.,0,0,0,0,0.45,.,.,0,0,0,0,0,.,.,14.194,10.032,20,,
23-Aug-1983,Toolik Tussock 1981 plots,NP,Deciduous,Other deciduous,inflorescence,new above,0.000,0.000,0.000,0.000,0.000,.,.,.,0,0.000,0.000,0.000,0.000,.,.,.,0.000,0.000,0.000,0.000,0.000,.,.,.,0.00,0.000,0.000,0.000,0.000,.,.,.,0.000,0.000,20.000,0,0,0,0,0,.,.,0,0,0,0,0,.,.,0,0,0,0,0,.,.,0,0,0,0,0,.,.,0.000,0.000,20,,
23-Aug-1983,Toolik Tussock 1981 plots,NP,Evergreen,Ledum palustre,old leaves,old above,0.493,0.019,0.017,0.000,0.307,.,.,.,0.585,0.000,0.439,0.825,0.430,.,.,.,0.275,0.680,0.184,0.802,0.257,.,.,.,0.33,0.380,0.124,0.252,0.675,.,.,.,0.354,0.059,20.000,12.325,0.475,0.425,0,7.675,.,.,14.625,0,10.975,20.625,10.75,.,.,6.875,17,4.6,20.05,6.425,.,.,8.225,9.5,3.1,6.3,16.875,.,.,8.841,1.465,20,,
23-Aug-1983,Toolik Tussock 1981 plots,NP,Evergreen,Ledum palustre,new leaves,new above,1.703,0.638,0.775,0.081,0.576,.,.,.,2.273,0.000,0.956,1.357,1.219,.,.,.,0.832,1.600,0.416,2.310,0.639,.,.,.,0.63,1.175,0.446,2.472,1.041,.,.,.,1.057,0.159,20.000,42.575,15.95,19.375,2.025,14.4,.,.,56.825,0,23.9,33.925,30.475,.,.,20.8,40,10.4,57.75,15.975,.,.,15.7,29.375,11.15,61.8,26.025,.,.,26.421,3.985,20,,
23-Aug-1983,Toolik Tussock 1981 plots,NP,Evergreen,Ledum palustre,new stems,new above,0.513,0.218,0.343,0.034,0.157,.,.,.,0.536,0.000,0.232,0.606,0.443,.,.,.,0.345,0.564,0.083,0.762,0.171,.,.,.,0.19,0.431,0.170,0.655,0.288,.,.,.,0.337,0.049,20.000,12.825,5.45,8.575,0.85,3.925,.,.,13.4,0,5.8,15.15,11.075,.,.,8.625,14.1,2.075,19.05,4.275,.,.,4.8,10.775,4.25,16.375,7.2,.,.,8.429,1.219,20,,
23-Aug-1983,Toolik Tussock 1981 plots,NP,Evergreen,Ledum palustre,old stems,old above,1.617,3.765,1.692,0.375,0.799,.,.,.,1.883,0.000,0.726,1.694,3.033,.,.,.,0.493,1.535,0.457,4.410,0.655,.,.,.,1.10,1.548,0.676,5.781,1.360,.,.,.,1.680,0.333,20.000,40.425,94.125,42.3,9.375,19.975,.,.,47.075,0,18.15,42.35,75.825,.,.,12.325,38.375,11.425,110.25,16.375,.,.,27.5,38.7,16.9,144.525,34,.,.,41.999,8.326,20,,
23-Aug-1983,Toolik Tussock 1981 plots,NP,Evergreen,Ledum palustre,below stems,below,1.816,4.473,6.947,0.000,0.837,.,.,.,4.249,0.000,4.396,10.704,6.027,.,.,.,7.620,1.523,3.016,8.079,5.320,.,.,.,5.72,5.756,2.344,3.179,0.631,.,.,.,4.132,0.657,20.000,45.4,111.825,173.675,0,20.925,.,.,106.225,0,109.9,267.6,150.675,.,.,190.5,38.075,75.4,201.975,133,.,.,143.075,143.9,58.6,79.475,15.775,.,.,103.300,16.424,20,,
23-Aug-1983,Toolik Tussock 1981 plots,NP,Evergreen,Ledum palustre,inflorescence,new above,0.031,0.000,0.000,0.000,0.000,.,.,.,0.033,0.000,0.027,0.000,0.000,.,.,.,0.000,0.000,0.033,0.027,0.000,.,.,.,0.00,0.080,0.000,0.000,0.000,.,.,.,0.012,0.005,20.000,0.775,0,0,0,0,.,.,0.825,0,0.675,0,0,.,.,0,0,0.825,0.675,0,.,.,0,2,0,0,0,.,.,0.289,0.117,20,,
23-Aug-1983,Toolik Tussock 1981 plots,NP,Evergreen,Vaccinium vitis-idaea,old leaves,old above,0.687,0.178,1.357,1.073,0.052,.,.,.,1.499,1.514,2.480,0.682,0.122,.,.,.,0.913,0.096,0.475,3.090,0.816,.,.,.,0.39,0.629,0.046,0.224,0.158,.,.,.,0.824,0.185,20.000,17.175,4.45,33.925,26.825,1.3,.,.,37.475,37.85,62,17.05,3.05,.,.,22.825,2.4,11.875,77.25,20.4,.,.,9.725,15.725,1.15,5.6,3.95,.,.,20.600,4.623,20,,
23-Aug-1983,Toolik Tussock 1981 plots,NP,Evergreen,Vaccinium vitis-idaea,new leaves,new above,0.324,0.200,1.745,2.080,0.024,.,.,.,1.171,1.079,1.871,0.431,0.071,.,.,.,1.458,0.109,0.295,1.255,0.674,.,.,.,0.11,0.772,0.049,0.400,0.055,.,.,.,0.709,0.152,20.000,8.1,5,43.625,52,0.6,.,.,29.275,26.975,46.775,10.775,1.775,.,.,36.45,2.725,7.375,31.375,16.85,.,.,2.725,19.3,1.225,10,1.375,.,.,17.715,3.789,20,,
23-Aug-1983,Toolik Tussock 1981 plots,NP,Evergreen,Vaccinium vitis-idaea,new stems,new above,0.100,0.057,0.324,0.306,0.023,.,.,.,0.181,0.292,0.210,0.119,0.018,.,.,.,0.292,0.019,0.049,0.378,0.110,.,.,.,0.05,0.255,0.010,0.158,0.018,.,.,.,0.149,0.027,20.000,2.5,1.425,8.1,7.65,0.575,.,.,4.525,7.3,5.25,2.975,0.45,.,.,7.3,0.475,1.225,9.45,2.75,.,.,1.35,6.375,0.25,3.95,0.45,.,.,3.716,0.683,20,,
23-Aug-1983,Toolik Tussock 1981 plots,NP,Evergreen,Vaccinium vitis-idaea,old stems,old above,0.352,0.297,0.917,1.379,0.051,.,.,.,0.647,0.651,0.794,0.283,0.065,.,.,.,0.395,0.029,0.204,2.127,0.335,.,.,.,0.23,0.306,0.026,0.099,0.064,.,.,.,0.462,0.117,20.000,8.8,7.425,22.925,34.475,1.275,.,.,16.175,16.275,19.85,7.075,1.625,.,.,9.875,0.725,5.1,53.175,8.375,.,.,5.675,7.65,0.65,2.475,1.6,.,.,11.560,2.934,20,,
23-Aug-1983,Toolik Tussock 1981 plots,NP,Evergreen,Vaccinium vitis-idaea,below stems,below,0.453,0.697,6.185,8.635,0.392,.,.,.,2.415,4.306,5.822,1.225,0.929,.,.,.,3.331,0.228,0.701,7.594,2.716,.,.,.,0.67,3.731,0.456,1.464,0.020,.,.,.,2.598,0.591,20.000,11.325,17.425,154.625,215.875,9.8,.,.,60.375,107.65,145.55,30.625,23.225,.,.,83.275,5.7,17.525,189.85,67.9,.,.,16.7,93.275,11.4,36.6,0.5,.,.,64.960,14.772,20,,
23-Aug-1983,Toolik Tussock 1981 plots,NP,Evergreen,Vaccinium vitis-idaea,inflorescence,new above,0.000,0.000,0.000,0.004,0.000,.,.,.,0,0.000,0.000,0.000,0.000,.,.,.,0.000,0.000,0.000,0.000,0.000,.,.,.,0.00,0.000,0.000,0.000,0.000,.,.,.,0.000,0.000,20.000,0,0,0,0.1,0,.,.,0,0,0,0,0,.,.,0,0,0,0,0,.,.,0,0,0,0,0,.,.,0.005,0.005,20,,
23-Aug-1983,Toolik Tussock 1981 plots,NP,Evergreen,Other Evergreen,old leaves,old above,0.000,0.000,0.000,0.000,0.000,.,.,.,0.062,0.000,0.284,0.000,0.000,.,.,.,0.027,0.000,0.000,0.000,0.190,.,.,.,0.00,0.573,0.000,0.379,0.000,.,.,.,0.076,0.035,20.000,0,0,0,0,0,.,.,1.55,0,7.1,0,0,.,.,0.675,0,0,0,4.75,.,.,0,14.325,0,9.475,0,.,.,1.894,0.887,20,,
23-Aug-1983,Toolik Tussock 1981 plots,NP,Evergreen,Other Evergreen,new leaves,new above,0.000,0.000,0.000,0.000,0.000,.,.,.,0.159,0.000,0.441,0.000,0.000,.,.,.,0.102,0.000,0.000,0.000,0.126,.,.,.,0.00,0.545,0.000,0.293,0.000,.,.,.,0.083,0.036,20.000,0,0,0,0,0,.,.,3.975,0,11.025,0,0,.,.,2.55,0,0,0,3.15,.,.,0,13.625,0,7.325,0,.,.,2.083,0.898,20,,
23-Aug-1983,Toolik Tussock 1981 plots,NP,Evergreen,Other Evergreen,new stems,new above,0.000,0.000,0.000,0.000,0.000,.,.,.,0.1,0.000,0.058,0.000,0.000,.,.,.,0.022,0.000,0.000,0.000,0.017,.,.,.,0.00,0.060,0.000,0.083,0.000,.,.,.,0.017,0.007,20.000,0,0,0,0,0,.,.,2.5,0,1.45,0,0,.,.,0.55,0,0,0,0.425,.,.,0,1.5,0,2.075,0,.,.,0.425,0.176,20,,
23-Aug-1983,Toolik Tussock 1981 plots,NP,Evergreen,Other Evergreen,old stems,old above,0.000,0.000,0.000,0.000,0.000,.,.,.,0.015,0.000,0.375,0.000,0.000,.,.,.,0.021,0.000,0.000,0.000,0.144,.,.,.,0.00,0.569,0.000,0.284,0.000,.,.,.,0.070,0.035,20.000,0,0,0,0,0,.,.,0.375,0,9.375,0,0,.,.,0.525,0,0,0,3.6,.,.,0,14.225,0,7.1,0,.,.,1.760,0.877,20,,
23-Aug-1983,Toolik Tussock 1981 plots,NP,Evergreen,Other Evergreen,below stems,below,0.000,0.000,0.000,0.000,0.000,.,.,.,0.923,0.000,1.115,0.000,0.000,.,.,.,0.107,0.000,0.000,0.000,0.240,.,.,.,0.00,2.062,0.000,1.239,0.000,.,.,.,0.284,0.129,20.000,0,0,0,0,0,.,.,23.075,0,27.875,0,0,.,.,2.675,0,0,0,6,.,.,0,51.55,0,30.975,0,.,.,7.108,3.228,20,,
23-Aug-1983,Toolik Tussock 1981 plots,NP,Evergreen,Other Evergreen,inflorescence,new above,0.000,0.000,0.000,0.000,0.000,.,.,.,0,0.000,0.000,0.000,0.000,.,.,.,0.000,0.000,0.000,0.000,0.000,.,.,.,0.00,0.007,0.000,0.000,0.000,.,.,.,0.000,0.000,20.000,0,0,0,0,0,.,.,0,0,0,0,0,.,.,0,0,0,0,0,.,.,0,0.175,0,0,0,.,.,0.009,0.009,20,,
23-Aug-1983,Toolik Tussock 1981 plots,NP,Forb,Forbs spp. ,new above,new above,0.000,0.215,0.264,1.499,0.038,.,.,.,0.193,0.000,0.171,0.000,0.000,.,.,.,0.000,0.000,0.000,0.184,0.000,.,.,.,0.00,0.199,0.000,0.141,0.000,.,.,.,0.145,0.074,20.000,0,5.375,6.6,37.475,0.95,.,.,4.825,0,4.275,0,0,.,.,0,0,0,4.6,0,.,.,0,4.975,0,3.525,0,.,.,3.630,1.860,20,,
23-Aug-1983,Toolik Tussock 1981 plots,NP,Forb,Forbs spp. ,below,below,0.000,0.937,1.402,4.492,1.004,.,.,.,1.624,0.000,0.119,0.000,0.000,.,.,.,0.000,0.000,0.000,0.685,0.000,.,.,.,0.00,0.431,0.000,0.619,0.000,.,.,.,0.566,0.237,20.000,0,23.425,35.05,112.3,25.1,.,.,40.6,0,2.975,0,0,.,.,0,0,0,17.125,0,.,.,0,10.775,0,15.475,0,.,.,14.141,5.922,20,,
23-Aug-1983,Toolik Tussock 1981 plots,Control,Graminoid,Eriophorum vaginatum,blade,new above,0.016,0.404,0.692,1.212,0.047,.,.,.,3.737,3.865,0.576,2.476,0.112,.,.,.,0.789,0.411,0.520,0.354,3.503,.,.,.,0.14,0.660,1.531,0.101,0.881,.,.,.,1.101,0.282,20.000,0.4,10.1,17.3,30.3,1.175,.,.,93.425,96.625,14.4,61.9,2.8,.,.,19.725,10.275,13,8.85,87.575,.,.,3.475,16.5,38.275,2.525,22.025,.,.,27.533,7.057,20,,
23-Aug-1983,Toolik Tussock 1981 plots,Control,Graminoid,Eriophorum vaginatum,sheath,new above,0.027,0.287,0.602,1.158,0.009,.,.,.,2.402,2.660,0.435,2.069,0.052,.,.,.,0.984,0.503,0.430,0.517,1.987,.,.,.,0.21,0.762,1.198,0.139,0.403,.,.,.,0.842,0.183,20.000,0.675,7.175,15.05,28.95,0.225,.,.,60.05,66.5,10.875,51.725,1.3,.,.,24.6,12.575,10.75,12.925,49.675,.,.,5.325,19.05,29.95,3.475,10.075,.,.,21.046,4.587,20,,
23-Aug-1983,Toolik Tussock 1981 plots,Control,Graminoid,Eriophorum vaginatum,rhizome,below,0.025,0.168,1.525,1.875,0.000,.,.,.,4.798,3.911,1.116,3.438,0.031,.,.,.,2.364,0.807,0.608,1.061,4.992,.,.,.,0.27,1.037,2.636,0.134,0.819,.,.,.,1.581,0.358,20.000,0.625,4.2,38.125,46.875,0,.,.,119.95,97.775,27.9,85.95,0.775,.,.,59.1,20.175,15.2,26.525,124.8,.,.,6.725,25.925,65.9,3.35,20.475,.,.,39.518,8.952,20,,
23-Aug-1983,Toolik Tussock 1981 plots,Control,Graminoid,Eriophorum vaginatum,v0,new above,0.000,0.000,0.040,0.030,0.000,.,.,.,0.031,0.070,0.000,0.041,0.000,.,.,.,0.036,0.000,0.000,0.009,0.034,.,.,.,0.00,0.052,0.077,0.000,0.015,.,.,.,0.022,0.006,20.000,0,0,1,0.75,0,.,.,0.775,1.75,0,1.025,0,.,.,0.9,0,0,0.225,0.85,.,.,0,1.3,1.925,0,0.375,.,.,0.544,0.140,20,,
23-Aug-1983,Toolik Tussock 1981 plots,Control,Graminoid,Eriophorum vaginatum,inflorescence,new above,0.000,0.000,0.000,0.000,0.000,.,.,.,0,0.177,0.000,0.000,0.000,.,.,.,0.000,0.000,0.000,0.000,0.089,.,.,.,0.00,0.000,0.000,0.000,0.000,.,.,.,0.013,0.010,20.000,0,0,0,0,0,.,.,0,4.425,0,0,0,.,.,0,0,0,0,2.225,.,.,0,0,0,0,0,.,.,0.333,0.242,20,,
23-Aug-1983,Toolik Tussock 1981 plots,Control,Graminoid,Eriophorum vaginatum,CYS blade,new above,0.006,0.077,0.125,0.230,0.014,.,.,.,0.957,0.726,0.209,0.626,0.030,.,.,.,0.235,0.099,0.155,0.269,0.340,.,.,.,0.05,0.219,0.537,0.051,0.152,.,.,.,0.255,0.058,20.000,0.15,1.925,3.125,5.75,0.35,.,.,23.925,18.15,5.225,15.65,0.75,.,.,5.875,2.475,3.875,6.725,8.5,.,.,1.225,5.475,13.425,1.275,3.8,.,.,6.383,1.458,20,,
23-Aug-1983,Toolik Tussock 1981 plots,Control,Graminoid,Eriophorum vaginatum,CYS sheath,new above,0.000,0.071,0.101,0.195,0.000,.,.,.,0.448,0.821,0.069,0.327,0.005,.,.,.,0.208,0.058,0.092,0.317,0.311,.,.,.,0.02,0.357,0.197,0.092,0.117,.,.,.,0.190,0.045,20.000,0,1.775,2.525,4.875,0,.,.,11.2,20.525,1.725,8.175,0.125,.,.,5.2,1.45,2.3,7.925,7.775,.,.,0.5,8.925,4.925,2.3,2.925,.,.,4.758,1.115,20,,
23-Aug-1983,Toolik Tussock 1981 plots,Control,Graminoid,Eriophorum vaginatum,infl. bud,new above,0.000,0.000,0.000,0.000,0.000,.,.,.,0,0.000,0.000,0.000,0.000,.,.,.,0.000,0.000,0.000,0.000,0.039,.,.,.,0.00,0.175,0.161,0.000,0.000,.,.,.,0.019,0.012,20.000,0,0,0,0,0,.,.,0,0,0,0,0,.,.,0,0,0,0,0.975,.,.,0,4.375,4.025,0,0,.,.,0.469,0.290,20,,
23-Aug-1983,Toolik Tussock 1981 plots,Control,Graminoid,Carex bigelowii,blade,new above,0.346,0.645,0.312,0.119,0.062,.,.,.,0,0.062,0.045,0.053,0.000,.,.,.,0.039,0.000,0.000,0.021,0.000,.,.,.,0.42,0.000,0.000,0.152,0.000,.,.,.,0.114,0.040,20.000,8.65,16.125,7.8,2.975,1.55,.,.,0,1.55,1.125,1.325,0,.,.,0.975,0,0,0.525,0,.,.,10.55,0,0,3.8,0,.,.,2.848,0.996,20,,
23-Aug-1983,Toolik Tussock 1981 plots,Control,Graminoid,Carex bigelowii,sheath,new above,0.438,0.544,0.132,0.088,0.038,.,.,.,0,0.052,0.038,0.025,0.000,.,.,.,0.032,0.000,0.000,0.031,0.000,.,.,.,0.33,0.000,0.000,0.092,0.000,.,.,.,0.092,0.035,20.000,10.95,13.6,3.3,2.2,0.95,.,.,0,1.3,0.95,0.625,0,.,.,0.8,0,0,0.775,0,.,.,8.25,0,0,2.3,0,.,.,2.300,0.879,20,,
23-Aug-1983,Toolik Tussock 1981 plots,Control,Graminoid,Carex bigelowii,rhizome,below,3.849,5.703,0.400,0.827,2.515,.,.,.,0,1.994,0.253,0.201,0.000,.,.,.,2.188,0.000,0.468,0.374,0.075,.,.,.,6.05,0.000,0.000,0.215,0.000,.,.,.,1.256,0.426,20.000,96.225,142.575,10,20.675,62.875,.,.,0,49.85,6.325,5.025,0,.,.,54.7,0,11.7,9.35,1.875,.,.,151.3,0,0,5.375,0,.,.,31.393,10.644,20,,
23-Aug-1983,Toolik Tussock 1981 plots,Control,Graminoid,Carex bigelowii,v0,new above,0.067,0.175,0.030,0.000,0.000,.,.,.,0,0.000,0.000,0.000,0.000,.,.,.,0.000,0.000,0.000,0.007,0.000,.,.,.,0.01,0.000,0.000,0.000,0.000,.,.,.,0.015,0.009,20.000,1.675,4.375,0.75,0,0,.,.,0,0,0,0,0,.,.,0,0,0,0.175,0,.,.,0.35,0,0,0,0,.,.,0.366,0.229,20,,
23-Aug-1983,Toolik Tussock 1981 plots,Control,Graminoid,Carex bigelowii,inflorescence,new above,0.000,0.135,0.000,0.000,0.000,.,.,.,0,0.000,0.000,0.000,0.000,.,.,.,0.000,0.000,0.000,0.000,0.000,.,.,.,0.00,0.000,0.000,0.000,0.000,.,.,.,0.007,0.007,20.000,0,3.375,0,0,0,.,.,0,0,0,0,0,.,.,0,0,0,0,0,.,.,0,0,0,0,0,.,.,0.169,0.169,20,,
23-Aug-1983,Toolik Tussock 1981 plots,Control,Graminoid,Carex bigelowii,CYS blade,new above,0.110,0.143,0.017,0.015,0.011,.,.,.,0,0.008,0.004,0.011,0.000,.,.,.,0.018,0.000,0.000,0.000,0.000,.,.,.,0.06,0.000,0.000,0.061,0.000,.,.,.,0.023,0.009,20.000,2.75,3.575,0.425,0.375,0.275,.,.,0,0.2,0.1,0.275,0,.,.,0.45,0,0,0,0,.,.,1.4,0,0,1.525,0,.,.,0.568,0.223,20,,
23-Aug-1983,Toolik Tussock 1981 plots,Control,Graminoid,Carex bigelowii,CYS sheath,new above,0.000,0.033,0.000,0.004,0.000,.,.,.,0,0.000,0.000,0.000,0.000,.,.,.,0.004,0.000,0.000,0.000,0.000,.,.,.,0.01,0.000,0.000,0.064,0.000,.,.,.,0.006,0.004,20.000,0,0.825,0,0.1,0,.,.,0,0,0,0,0,.,.,0.1,0,0,0,0,.,.,0.25,0,0,1.6,0,.,.,0.144,0.088,20,,
23-Aug-1983,Toolik Tussock 1981 plots,Control,Graminoid,Carex bigelowii,infl. bud,new above,0.000,0.000,0.000,0.000,0.000,.,.,.,0,0.000,0.000,0.000,0.000,.,.,.,0.000,0.000,0.000,0.000,0.000,.,.,.,0.00,0.000,0.000,0.000,0.000,.,.,.,0.000,0.000,20.000,0,0,0,0,0,.,.,0,0,0,0,0,.,.,0,0,0,0,0,.,.,0,0,0,0,0,.,.,0.000,0.000,20,,
23-Aug-1983,Toolik Tussock 1981 plots,Control,Graminoid,Other sedges,blade,new above,0.000,0.000,0.000,0.000,0.000,.,.,.,0,0.000,0.008,0.000,0.095,.,.,.,0.000,0.000,0.000,0.000,0.000,.,.,.,0.00,0.000,0.000,0.000,0.000,.,.,.,0.005,0.005,20.000,0,0,0,0,0,.,.,0,0,0.2,0,2.375,.,.,0,0,0,0,0,.,.,0,0,0,0,0,.,.,0.129,0.119,20,,
23-Aug-1983,Toolik Tussock 1981 plots,Control,Graminoid,Other sedges,sheath,new above,0.000,0.000,0.000,0.000,0.000,.,.,.,0,0.000,0.002,0.000,0.043,.,.,.,0.000,0.000,0.000,0.000,0.000,.,.,.,0.00,0.000,0.000,0.000,0.000,.,.,.,0.002,0.002,20.000,0,0,0,0,0,.,.,0,0,0.05,0,1.075,.,.,0,0,0,0,0,.,.,0,0,0,0,0,.,.,0.056,0.054,20,,
23-Aug-1983,Toolik Tussock 1981 plots,Control,Graminoid,Other sedges,rhizome,below,0.000,0.055,0.000,0.000,0.000,.,.,.,0,0.000,0.002,0.000,0.061,.,.,.,0.000,0.000,0.000,0.000,0.000,.,.,.,0.00,0.000,0.000,0.000,0.001,.,.,.,0.006,0.004,20.000,0,1.375,0,0,0,.,.,0,0,0.05,0,1.525,.,.,0,0,0,0,0,.,.,0,0,0,0,0.025,.,.,0.149,0.100,20,,
23-Aug-1983,Toolik Tussock 1981 plots,Control,Graminoid,Other sedges,v0,new above,0.000,0.000,0.000,0.000,0.000,.,.,.,0,0.000,0.000,0.000,0.000,.,.,.,0.000,0.000,0.000,0.000,0.000,.,.,.,0.00,0.000,0.000,0.000,0.000,.,.,.,0.000,0.000,20.000,0,0,0,0,0,.,.,0,0,0,0,0,.,.,0,0,0,0,0,.,.,0,0,0,0,0,.,.,0.000,0.000,20,,
23-Aug-1983,Toolik Tussock 1981 plots,Control,Graminoid,Other sedges,inflorescence,new above,0.000,0.000,0.000,0.000,0.000,.,.,.,0,0.000,0.000,0.000,0.000,.,.,.,0.000,0.000,0.000,0.000,0.000,.,.,.,0.00,0.000,0.000,0.000,0.000,.,.,.,0.000,0.000,20.000,0,0,0,0,0,.,.,0,0,0,0,0,.,.,0,0,0,0,0,.,.,0,0,0,0,0,.,.,0.000,0.000,20,,
23-Aug-1983,Toolik Tussock 1981 plots,Control,Graminoid,Other sedges,CYS blade,new above,0.000,0.000,0.000,0.000,0.000,.,.,.,0,0.000,0.000,0.000,0.018,.,.,.,0.000,0.000,0.000,0.000,0.000,.,.,.,0.00,0.000,0.000,0.000,0.000,.,.,.,0.001,0.001,20.000,0,0,0,0,0,.,.,0,0,0,0,0.45,.,.,0,0,0,0,0,.,.,0,0,0,0,0,.,.,0.023,0.023,20,,
23-Aug-1983,Toolik Tussock 1981 plots,Control,Graminoid,Other sedges,CYS sheath,new above,0.000,0.000,0.000,0.000,0.000,.,.,.,0,0.000,0.000,0.000,0.006,.,.,.,0.000,0.000,0.000,0.000,0.000,.,.,.,0.00,0.000,0.000,0.000,0.000,.,.,.,0.000,0.000,20.000,0,0,0,0,0,.,.,0,0,0,0,0.15,.,.,0,0,0,0,0,.,.,0,0,0,0,0,.,.,0.008,0.008,20,,
23-Aug-1983,Toolik Tussock 1981 plots,Control,Graminoid,Other sedges,infl. bud,new above,0.000,0.000,0.000,0.000,0.000,.,.,.,0,0.000,0.000,0.000,0.000,.,.,.,0.000,0.000,0.000,0.000,0.000,.,.,.,0.00,0.000,0.000,0.000,0.000,.,.,.,0.000,0.000,20.000,0,0,0,0,0,.,.,0,0,0,0,0,.,.,0,0,0,0,0,.,.,0,0,0,0,0,.,.,0.000,0.000,20,,
23-Aug-1983,Toolik Tussock 1981 plots,Control,Deciduous,Betula nana,new leaves,new above,0.466,0.824,1.746,1.822,1.598,.,.,.,0.249,0.000,0.075,1.114,0.000,.,.,.,0.117,0.000,0.459,0.133,0.041,.,.,.,0.49,0.366,0.049,1.950,0.000,.,.,.,0.575,0.153,20.000,11.65,20.6,43.65,45.55,39.95,.,.,6.225,0,1.875,27.85,0,.,.,2.925,0,11.475,3.325,1.025,.,.,12.15,9.15,1.225,48.75,0,.,.,14.369,3.834,20,,
23-Aug-1983,Toolik Tussock 1981 plots,Control,Deciduous,Betula nana,new stems,new above,0.060,0.089,0.212,0.120,0.233,.,.,.,0.035,0.000,0.023,0.187,0.000,.,.,.,0.000,0.000,0.014,0.059,0.000,.,.,.,0.04,0.025,0.017,0.280,0.000,.,.,.,0.070,0.020,20.000,1.5,2.225,5.3,3,5.825,.,.,0.875,0,0.575,4.675,0,.,.,0,0,0.35,1.475,0,.,.,1.05,0.625,0.425,7,0,.,.,1.745,0.495,20,,
23-Aug-1983,Toolik Tussock 1981 plots,Control,Deciduous,Betula nana,old stems,old above,0.572,1.966,3.760,4.848,3.504,.,.,.,1.311,0.000,0.013,1.923,0.000,.,.,.,0.459,0.000,0.647,1.785,0.078,.,.,.,1.69,0.152,0.020,6.564,0.000,.,.,.,1.465,0.418,20.000,14.3,49.15,94,121.2,87.6,.,.,32.775,0,0.325,48.075,0,.,.,11.475,0,16.175,44.625,1.95,.,.,42.2,3.8,0.5,164.1,0,.,.,36.613,10.451,20,,
23-Aug-1983,Toolik Tussock 1981 plots,Control,Deciduous,Betula nana,below stems,below,4.853,6.808,3.249,6.170,14.275,.,.,.,2.676,0.000,1.929,0.000,0.000,.,.,.,1.102,0.757,0.371,8.579,5.760,.,.,.,2.73,10.721,0.000,17.206,0.000,.,.,.,4.359,1.124,20.000,121.325,170.2,81.225,154.25,356.875,.,.,66.9,0,48.225,0,0,.,.,27.55,18.925,9.275,214.475,144,.,.,68.325,268.025,0,430.15,0,.,.,108.986,28.105,20,,
23-Aug-1983,Toolik Tussock 1981 plots,Control,Deciduous,Betula nana,inflorescence,new above,0.000,0.000,0.015,0.014,0.037,.,.,.,0.02,0.000,0.000,0.000,0.000,.,.,.,0.000,0.000,0.000,0.000,0.000,.,.,.,0.00,0.000,0.000,0.084,0.000,.,.,.,0.009,0.005,20.000,0,0,0.375,0.35,0.925,.,.,0.5,0,0,0,0,.,.,0,0,0,0,0,.,.,0,0,0,2.1,0,.,.,0.213,0.113,20,,
23-Aug-1983,Toolik Tussock 1981 plots,Control,Deciduous,Rubus chamaemorus,new leaves,new above,0.000,0.000,0.097,0.178,0.298,.,.,.,0,0.000,0.000,0.032,0.000,.,.,.,0.148,0.298,0.023,0.000,0.021,.,.,.,0.00,0.000,0.000,0.221,0.000,.,.,.,0.066,0.023,20.000,0,0,2.425,4.45,7.45,.,.,0,0,0,0.8,0,.,.,3.7,7.45,0.575,0,0.525,.,.,0,0,0,5.525,0,.,.,1.645,0.580,20,,
23-Aug-1983,Toolik Tussock 1981 plots,Control,Deciduous,Rubus chamaemorus,new stems,new above,0.000,0.000,0.005,0.014,0.025,.,.,.,0,0.000,0.000,0.002,0.000,.,.,.,0.022,0.021,0.003,0.000,0.000,.,.,.,0.00,0.000,0.000,0.051,0.000,.,.,.,0.007,0.003,20.000,0,0,0.125,0.35,0.625,.,.,0,0,0,0.05,0,.,.,0.55,0.525,0.075,0,0,.,.,0,0,0,1.275,0,.,.,0.179,0.074,20,,
23-Aug-1983,Toolik Tussock 1981 plots,Control,Deciduous,Rubus chamaemorus,below stems,below,0.000,0.000,0.594,0.657,3.803,.,.,.,0,0.000,0.151,0.057,0.000,.,.,.,4.372,2.472,0.562,1.138,0.518,.,.,.,0.00,0.000,0.000,5.507,0.000,.,.,.,0.992,0.374,20.000,0,0,14.85,16.425,95.075,.,.,0,0,3.775,1.425,0,.,.,109.3,61.8,14.05,28.45,12.95,.,.,0,0,0,137.675,0,.,.,24.789,9.340,20,,
23-Aug-1983,Toolik Tussock 1981 plots,Control,Deciduous,Rubus chamaemorus,inflorescence,new above,0.000,0.000,0.000,0.000,0.000,.,.,.,0,0.000,0.000,0.000,0.000,.,.,.,0.006,0.000,0.000,0.000,0.000,.,.,.,0.00,0.000,0.000,0.000,0.000,.,.,.,0.000,0.000,20.000,0,0,0,0,0,.,.,0,0,0,0,0,.,.,0.15,0,0,0,0,.,.,0,0,0,0,0,.,.,0.008,0.008,20,,
23-Aug-1983,Toolik Tussock 1981 plots,Control,Deciduous,Other deciduous,new leaves,new above,0.313,0.192,0.000,0.000,0.000,.,.,.,0,0.000,0.000,0.000,0.000,.,.,.,0.120,1.364,0.018,0.000,0.000,.,.,.,0.00,0.000,0.000,0.000,0.000,.,.,.,0.100,0.069,20.000,7.825,4.8,0,0,0,.,.,0,0,0,0,0,.,.,3,34.1,0.45,0,0,.,.,0,0,0,0,0,.,.,2.509,1.725,20,,
23-Aug-1983,Toolik Tussock 1981 plots,Control,Deciduous,Other deciduous,new stems,new above,0.203,0.021,0.000,0.000,0.000,.,.,.,0,0.000,0.000,0.000,0.000,.,.,.,0.018,0.300,0.006,0.000,0.000,.,.,.,0.00,0.000,0.000,0.000,0.000,.,.,.,0.027,0.018,20.000,5.075,0.525,0,0,0,.,.,0,0,0,0,0,.,.,0.45,7.5,0.15,0,0,.,.,0,0,0,0,0,.,.,0.685,0.439,20,,
23-Aug-1983,Toolik Tussock 1981 plots,Control,Deciduous,Other deciduous,old stems,old above,0.260,0.063,0.000,0.000,0.000,.,.,.,0,0.000,0.000,0.000,0.000,.,.,.,0.000,0.000,0.035,0.000,0.000,.,.,.,0.00,0.000,0.000,0.000,0.000,.,.,.,0.018,0.013,20.000,6.5,1.575,0,0,0,.,.,0,0,0,0,0,.,.,0,0,0.875,0,0,.,.,0,0,0,0,0,.,.,0.448,0.330,20,,
23-Aug-1983,Toolik Tussock 1981 plots,Control,Deciduous,Other deciduous,below stems,below,3.358,0.000,0.000,0.305,0.000,.,.,.,0,0.000,0.000,0.000,0.000,.,.,.,4.050,8.747,0.102,0.000,0.000,.,.,.,0.00,0.000,0.000,0.000,0.000,.,.,.,0.828,0.488,20.000,83.95,0,0,7.625,0,.,.,0,0,0,0,0,.,.,101.25,218.675,2.55,0,0,.,.,0,0,0,0,0,.,.,20.703,12.206,20,,
23-Aug-1983,Toolik Tussock 1981 plots,Control,Deciduous,Other deciduous,inflorescence,new above,0.000,0.000,0.000,0.000,0.000,.,.,.,0,0.000,0.000,0.000,0.000,.,.,.,0.000,0.000,0.000,0.000,0.000,.,.,.,0.00,0.000,0.000,0.000,0.000,.,.,.,0.000,0.000,20.000,0,0,0,0,0,.,.,0,0,0,0,0,.,.,0,0,0,0,0,.,.,0,0,0,0,0,.,.,0.000,0.000,20,,
23-Aug-1983,Toolik Tussock 1981 plots,Control,Evergreen,Ledum palustre,old leaves,old above,0.420,0.665,0.237,0.080,0.382,.,.,.,0.57,0.916,0.788,0.510,0.728,.,.,.,0.803,0.589,0.554,0.206,0.525,.,.,.,0.61,0.195,0.398,0.156,0.139,.,.,.,0.473,0.055,20.000,10.5,16.625,5.925,2,9.55,.,.,14.25,22.9,19.7,12.75,18.2,.,.,20.075,14.725,13.85,5.15,13.125,.,.,15.125,4.875,9.95,3.9,3.475,.,.,11.833,1.372,20,,
23-Aug-1983,Toolik Tussock 1981 plots,Control,Evergreen,Ledum palustre,new leaves,new above,0.779,0.785,0.495,0.167,0.840,.,.,.,1.226,1.451,1.146,0.609,0.191,.,.,.,1.118,0.611,1.011,0.499,0.209,.,.,.,0.63,0.338,0.816,0.114,0.318,.,.,.,0.668,0.087,20.000,19.475,19.625,12.375,4.175,21,.,.,30.65,36.275,28.65,15.225,4.775,.,.,27.95,15.275,25.275,12.475,5.225,.,.,15.725,8.45,20.4,2.85,7.95,.,.,16.690,2.163,20,,
23-Aug-1983,Toolik Tussock 1981 plots,Control,Evergreen,Ledum palustre,new stems,new above,0.149,0.190,0.108,0.012,0.154,.,.,.,0.303,0.415,0.249,0.248,0.833,.,.,.,0.190,0.113,0.231,0.070,0.910,.,.,.,0.13,0.091,0.210,0.030,0.062,.,.,.,0.235,0.053,20.000,3.725,4.75,2.7,0.3,3.85,.,.,7.575,10.375,6.225,6.2,20.825,.,.,4.75,2.825,5.775,1.75,22.75,.,.,3.275,2.275,5.25,0.75,1.55,.,.,5.874,1.333,20,,
23-Aug-1983,Toolik Tussock 1981 plots,Control,Evergreen,Ledum palustre,old stems,old above,0.660,1.153,0.777,0.152,1.247,.,.,.,5.083,2.462,2.082,3.289,1.812,.,.,.,3.002,1.092,1.938,2.400,2.267,.,.,.,1.47,2.898,1.094,0.240,0.070,.,.,.,1.760,0.276,20.000,16.5,28.825,19.425,3.8,31.175,.,.,127.075,61.55,52.05,82.225,45.3,.,.,75.05,27.3,48.45,60,56.675,.,.,36.85,72.45,27.35,6,1.75,.,.,43.990,6.912,20,,
23-Aug-1983,Toolik Tussock 1981 plots,Control,Evergreen,Ledum palustre,below stems,below,7.907,8.782,1.750,1.967,3.442,.,.,.,3.775,7.006,6.156,2.229,6.063,.,.,.,2.352,3.686,4.780,2.333,4.053,.,.,.,8.06,8.020,9.165,1.444,0.674,.,.,.,4.682,0.613,20.000,197.675,219.55,43.75,49.175,86.05,.,.,94.375,175.15,153.9,55.725,151.575,.,.,58.8,92.15,119.5,58.325,101.325,.,.,201.45,200.5,229.125,36.1,16.85,.,.,117.053,15.313,20,,
23-Aug-1983,Toolik Tussock 1981 plots,Control,Evergreen,Ledum palustre,inflorescence,new above,0.000,0.045,0.000,0.000,0.000,.,.,.,0.077,0.176,0.000,0.021,0.109,.,.,.,0.205,0.131,0.000,0.000,0.083,.,.,.,0.00,0.074,0.066,0.000,0.000,.,.,.,0.049,0.014,20.000,0,1.125,0,0,0,.,.,1.925,4.4,0,0.525,2.725,.,.,5.125,3.275,0,0,2.075,.,.,0,1.85,1.65,0,0,.,.,1.234,0.359,20,,
23-Aug-1983,Toolik Tussock 1981 plots,Control,Evergreen,Vaccinium vitis-idaea,old leaves,old above,1.664,0.822,2.801,0.036,2.552,.,.,.,0.1,1.337,2.369,0.203,0.417,.,.,.,1.204,2.512,0.890,0.464,0.592,.,.,.,1.56,0.307,0.754,0.614,0.229,.,.,.,1.071,0.199,20.000,41.6,20.55,70.025,0.9,63.8,.,.,2.5,33.425,59.225,5.075,10.425,.,.,30.1,62.8,22.25,11.6,14.8,.,.,38.975,7.675,18.85,15.35,5.725,.,.,26.783,4.986,20,,
23-Aug-1983,Toolik Tussock 1981 plots,Control,Evergreen,Vaccinium vitis-idaea,new leaves,new above,1.341,0.777,1.503,0.000,1.060,.,.,.,0.063,0.625,0.794,0.172,0.482,.,.,.,0.566,1.388,0.750,0.726,0.465,.,.,.,0.38,0.346,0.264,0.643,0.114,.,.,.,0.623,0.098,20.000,33.525,19.425,37.575,0,26.5,.,.,1.575,15.625,19.85,4.3,12.05,.,.,14.15,34.7,18.75,18.15,11.625,.,.,9.55,8.65,6.6,16.075,2.85,.,.,15.576,2.441,20,,
23-Aug-1983,Toolik Tussock 1981 plots,Control,Evergreen,Vaccinium vitis-idaea,new stems,new above,0.141,0.093,0.238,0.003,0.146,.,.,.,0.006,0.086,0.119,0.026,0.053,.,.,.,0.069,0.168,0.102,0.088,0.065,.,.,.,0.05,0.045,0.045,0.089,0.017,.,.,.,0.082,0.013,20.000,3.525,2.325,5.95,0.075,3.65,.,.,0.15,2.15,2.975,0.65,1.325,.,.,1.725,4.2,2.55,2.2,1.625,.,.,1.175,1.125,1.125,2.225,0.425,.,.,2.058,0.329,20,,
23-Aug-1983,Toolik Tussock 1981 plots,Control,Evergreen,Vaccinium vitis-idaea,old stems,old above,0.509,0.358,0.810,0.018,0.735,.,.,.,0.031,0.580,0.971,0.192,0.280,.,.,.,0.577,0.774,0.588,0.753,0.305,.,.,.,0.43,0.194,0.257,0.368,0.054,.,.,.,0.439,0.063,20.000,12.725,8.95,20.25,0.45,18.375,.,.,0.775,14.5,24.275,4.8,7,.,.,14.425,19.35,14.7,18.825,7.625,.,.,10.85,4.85,6.425,9.2,1.35,.,.,10.985,1.563,20,,
23-Aug-1983,Toolik Tussock 1981 plots,Control,Evergreen,Vaccinium vitis-idaea,below stems,below,5.644,5.593,4.095,0.412,7.000,.,.,.,0.388,1.364,6.412,0.644,1.879,.,.,.,3.568,9.599,4.751,3.007,1.550,.,.,.,2.91,0.370,0.619,1.452,0.172,.,.,.,3.072,0.601,20.000,141.1,139.825,102.375,10.3,175,.,.,9.7,34.1,160.3,16.1,46.975,.,.,89.2,239.975,118.775,75.175,38.75,.,.,72.8,9.25,15.475,36.3,4.3,.,.,76.789,15.037,20,,
23-Aug-1983,Toolik Tussock 1981 plots,Control,Evergreen,Vaccinium vitis-idaea,inflorescence,new above,0.000,0.000,0.000,0.000,0.016,.,.,.,0,0.000,0.004,0.000,0.000,.,.,.,0.002,0.000,0.005,0.000,0.000,.,.,.,0.01,0.000,0.006,0.000,0.003,.,.,.,0.002,0.001,20.000,0,0,0,0,0.4,.,.,0,0,0.1,0,0,.,.,0.05,0,0.125,0,0,.,.,0.325,0,0.15,0,0.075,.,.,0.061,0.025,20,,
23-Aug-1983,Toolik Tussock 1981 plots,Control,Evergreen,Other Evergreen,old leaves,old above,0.387,0.208,0.000,0.000,0.000,.,.,.,0,0.000,0.032,0.000,0.000,.,.,.,0.000,0.260,0.138,0.081,0.000,.,.,.,1.22,0.000,0.000,0.000,0.000,.,.,.,0.117,0.063,20.000,9.675,5.2,0,0,0,.,.,0,0,0.8,0,0,.,.,0,6.5,3.45,2.025,0,.,.,30.6,0,0,0,0,.,.,2.913,1.578,20,,
23-Aug-1983,Toolik Tussock 1981 plots,Control,Evergreen,Other Evergreen,new leaves,new above,0.108,0.123,0.000,0.000,0.000,.,.,.,0,0.000,0.022,0.000,0.000,.,.,.,0.000,0.088,0.066,0.078,0.000,.,.,.,0.53,0.000,0.000,0.000,0.000,.,.,.,0.051,0.027,20.000,2.7,3.075,0,0,0,.,.,0,0,0.55,0,0,.,.,0,2.2,1.65,1.95,0,.,.,13.25,0,0,0,0,.,.,1.269,0.672,20,,
23-Aug-1983,Toolik Tussock 1981 plots,Control,Evergreen,Other Evergreen,new stems,new above,0.027,0.024,0.000,0.000,0.000,.,.,.,0,0.000,0.003,0.000,0.000,.,.,.,0.000,0.017,0.011,0.011,0.000,.,.,.,0.04,0.000,0.000,0.000,0.000,.,.,.,0.007,0.003,20.000,0.675,0.6,0,0,0,.,.,0,0,0.075,0,0,.,.,0,0.425,0.275,0.275,0,.,.,1.075,0,0,0,0,.,.,0.170,0.067,20,,
23-Aug-1983,Toolik Tussock 1981 plots,Control,Evergreen,Other Evergreen,old stems,old above,0.348,0.101,0.000,0.000,0.000,.,.,.,0,0.000,0.023,0.000,0.000,.,.,.,0.000,0.225,0.236,0.098,0.000,.,.,.,1.31,0.000,0.000,0.000,0.000,.,.,.,0.117,0.067,20.000,8.7,2.525,0,0,0,.,.,0,0,0.575,0,0,.,.,0,5.625,5.9,2.45,0,.,.,32.825,0,0,0,0,.,.,2.930,1.671,20,,
23-Aug-1983,Toolik Tussock 1981 plots,Control,Evergreen,Other Evergreen,below stems,below,0.338,0.558,0.000,0.000,0.000,.,.,.,0,0.000,0.014,0.000,0.000,.,.,.,0.000,1.062,0.833,0.138,0.000,.,.,.,2.63,0.000,0.000,0.000,0.000,.,.,.,0.279,0.142,20.000,8.45,13.95,0,0,0,.,.,0,0,0.35,0,0,.,.,0,26.55,20.825,3.45,0,.,.,65.7,0,0,0,0,.,.,6.964,3.540,20,,
23-Aug-1983,Toolik Tussock 1981 plots,Control,Evergreen,Other Evergreen,inflorescence,new above,0.022,0.000,0.000,0.000,0.000,.,.,.,0,0.000,0.000,0.000,0.000,.,.,.,0.000,0.000,0.000,0.000,0.000,.,.,.,0.00,0.000,0.000,0.000,0.000,.,.,.,0.001,0.001,20.000,0.55,0,0,0,0,.,.,0,0,0,0,0,.,.,0,0,0,0,0,.,.,0,0,0,0,0,.,.,0.028,0.028,20,,
23-Aug-1983,Toolik Tussock 1981 plots,Control,Forb,Forbs spp. ,new above,new above,0.012,0.230,0.000,0.009,0.093,.,.,.,0.008,0.000,0.113,0.000,0.000,.,.,.,0.000,0.000,0.000,0.000,0.000,.,.,.,0.04,0.000,0.000,0.000,0.000,.,.,.,0.025,0.013,20.000,0.3,5.75,0,0.225,2.325,.,.,0.2,0,2.825,0,0,.,.,0,0,0,0,0,.,.,0.875,0,0,0,0,.,.,0.625,0.323,20,,
23-Aug-1983,Toolik Tussock 1981 plots,Control,Forb,Forbs spp. ,below,below,0.196,0.700,0.000,0.005,0.141,.,.,.,0.021,0.000,0.679,0.000,0.000,.,.,.,0.000,0.000,0.000,0.000,0.000,.,.,.,0.13,0.000,0.000,0.000,0.000,.,.,.,0.093,0.047,20.000,4.9,17.5,0,0.125,3.525,.,.,0.525,0,16.975,0,0,.,.,0,0,0,0,0,.,.,3.175,0,0,0,0,.,.,2.336,1.183,20,,
26-Jul-1984,Toolik Tussock 1981 plots,Control,Graminoid,Eriophorum vaginatum,blade,new above,0.142,0.515,0.608,2.388,0.000,.,.,.,1.738,0.683,0.476,0.082,0.046,.,.,.,1.243,0.047,0.041,0.281,1.756,.,.,.,1.35,1.261,0.436,0.904,1.034,.,.,.,0.752,0.154,20.000,3.55,12.875,15.2,59.7,0,.,.,43.45,17.075,11.9,2.05,1.15,.,.,31.075,1.175,1.025,7.025,43.9,.,.,33.725,31.525,10.9,22.6,25.85,.,.,18.788,3.844,20,,
26-Jul-1984,Toolik Tussock 1981 plots,Control,Graminoid,Eriophorum vaginatum,sheath,new above,0.040,0.492,0.577,2.615,0.000,.,.,.,1.898,0.746,0.447,0.049,0.020,.,.,.,1.435,0.055,0.011,0.175,1.604,.,.,.,0.91,0.761,0.164,0.632,1.063,.,.,.,0.685,0.162,20.000,1,12.3,14.425,65.375,0,.,.,47.45,18.65,11.175,1.225,0.5,.,.,35.875,1.375,0.275,4.375,40.1,.,.,22.8,19.025,4.1,15.8,26.575,.,.,17.120,4.062,20,,
26-Jul-1984,Toolik Tussock 1981 plots,Control,Graminoid,Eriophorum vaginatum,rhizome,below,0.000,0.000,0.000,0.000,0.000,.,.,.,0,0.000,0.000,0.000,0.000,.,.,.,0.000,0.000,0.000,0.000,0.000,.,.,.,0.00,0.000,0.000,0.000,0.000,.,.,.,0.000,0.000,20.000,0,0,0,0,0,.,.,0,0,0,0,0,.,.,0,0,0,0,0,.,.,0,0,0,0,0,.,.,0.000,0.000,20,,
26-Jul-1984,Toolik Tussock 1981 plots,Control,Graminoid,Eriophorum vaginatum,v0,new above,0.000,0.021,0.028,0.018,0.000,.,.,.,0.019,0.000,0.005,0.000,0.000,.,.,.,0.018,0.004,0.000,0.000,0.010,.,.,.,0.01,0.054,0.000,0.000,0.009,.,.,.,0.010,0.003,20.000,0,0.525,0.7,0.45,0,.,.,0.475,0,0.125,0,0,.,.,0.45,0.1,0,0,0.25,.,.,0.325,1.35,0,0,0.225,.,.,0.249,0.077,20,,
26-Jul-1984,Toolik Tussock 1981 plots,Control,Graminoid,Eriophorum vaginatum,inflorescence,new above,0.000,0.000,0.000,0.000,0.000,.,.,.,0.221,0.000,0.000,0.000,0.000,.,.,.,0.000,0.000,0.000,0.000,0.000,.,.,.,0.00,0.000,0.000,0.000,0.000,.,.,.,0.011,0.011,20.000,0,0,0,0,0,.,.,5.525,0,0,0,0,.,.,0,0,0,0,0,.,.,0,0,0,0,0,.,.,0.276,0.276,20,,
26-Jul-1984,Toolik Tussock 1981 plots,Control,Graminoid,Eriophorum vaginatum,CYS blade,new above,0.000,0.033,0.000,0.156,0.000,.,.,.,0.015,0.020,0.049,0.000,0.000,.,.,.,0.046,0.005,0.000,0.004,0.277,.,.,.,0.08,0.029,0.063,0.044,0.098,.,.,.,0.046,0.015,20.000,0,0.825,0,3.9,0,.,.,0.375,0.5,1.225,0,0,.,.,1.15,0.125,0,0.1,6.925,.,.,1.925,0.725,1.575,1.1,2.45,.,.,1.145,0.380,20,,
26-Jul-1984,Toolik Tussock 1981 plots,Control,Graminoid,Eriophorum vaginatum,CYS sheath,new above,0.000,0.151,0.000,0.352,0.000,.,.,.,0,0.000,0.047,0.000,0.000,.,.,.,0.125,0.000,0.000,0.014,0.089,.,.,.,0.16,0.026,0.042,0.100,0.185,.,.,.,0.065,0.021,20.000,0,3.775,0,8.8,0,.,.,0,0,1.175,0,0,.,.,3.125,0,0,0.35,2.225,.,.,3.975,0.65,1.05,2.5,4.625,.,.,1.613,0.515,20,,
26-Jul-1984,Toolik Tussock 1981 plots,Control,Graminoid,Eriophorum vaginatum,infl. bud,new above,0.000,0.000,0.000,0.000,0.000,.,.,.,0.13,0.000,0.000,0.000,0.000,.,.,.,0.000,0.000,0.000,0.000,0.302,.,.,.,0.00,0.243,0.000,0.000,0.049,.,.,.,0.036,0.019,20.000,0,0,0,0,0,.,.,3.25,0,0,0,0,.,.,0,0,0,0,7.55,.,.,0,6.075,0,0,1.225,.,.,0.905,0.486,20,,
26-Jul-1984,Toolik Tussock 1981 plots,Control,Graminoid,Carex bigelowii,blade,new above,0.461,0.127,0.096,0.246,1.420,.,.,.,0,0.000,0.584,0.110,0.073,.,.,.,0.332,0.100,0.304,0.000,0.000,.,.,.,0.13,0.436,0.019,0.505,0.000,.,.,.,0.247,0.075,20.000,11.525,3.175,2.4,6.15,35.5,.,.,0,0,14.6,2.75,1.825,.,.,8.3,2.5,7.6,0,0,.,.,3.275,10.9,0.475,12.625,0,.,.,6.180,1.870,20,,
26-Jul-1984,Toolik Tussock 1981 plots,Control,Graminoid,Carex bigelowii,sheath,new above,0.119,0.045,0.067,0.119,0.609,.,.,.,0,0.000,0.292,0.057,0.042,.,.,.,0.189,0.082,0.070,0.000,0.000,.,.,.,0.07,0.110,0.002,0.249,0.000,.,.,.,0.106,0.032,20.000,2.975,1.125,1.675,2.975,15.225,.,.,0,0,7.3,1.425,1.05,.,.,4.725,2.05,1.75,0,0,.,.,1.725,2.75,0.05,6.225,0,.,.,2.651,0.808,20,,
26-Jul-1984,Toolik Tussock 1981 plots,Control,Graminoid,Carex bigelowii,rhizome,below,0.000,0.000,0.000,0.000,0.000,.,.,.,0,0.000,0.000,0.000,0.000,.,.,.,0.000,0.000,0.000,0.000,0.000,.,.,.,0.00,0.000,0.000,0.000,0.000,.,.,.,0.000,0.000,20.000,0,0,0,0,0,.,.,0,0,0,0,0,.,.,0,0,0,0,0,.,.,0,0,0,0,0,.,.,0.000,0.000,20,,
26-Jul-1984,Toolik Tussock 1981 plots,Control,Graminoid,Carex bigelowii,v0,new above,0.000,0.006,0.000,0.015,0.033,.,.,.,0,0.000,0.000,0.000,0.000,.,.,.,0.004,0.000,0.000,0.000,0.000,.,.,.,0.00,0.000,0.000,0.019,0.000,.,.,.,0.004,0.002,20.000,0,0.15,0,0.375,0.825,.,.,0,0,0,0,0,.,.,0.1,0,0,0,0,.,.,0,0,0,0.475,0,.,.,0.096,0.049,20,,
26-Jul-1984,Toolik Tussock 1981 plots,Control,Graminoid,Carex bigelowii,inflorescence,new above,0.075,0.000,0.000,0.000,0.100,.,.,.,0,0.000,0.000,0.000,0.000,.,.,.,0.181,0.069,0.100,0.000,0.000,.,.,.,0.00,0.000,0.000,0.475,0.000,.,.,.,0.050,0.025,20.000,1.875,0,0,0,2.5,.,.,0,0,0,0,0,.,.,4.525,1.725,2.5,0,0,.,.,0,0,0,11.875,0,.,.,1.250,0.627,20,,
26-Jul-1984,Toolik Tussock 1981 plots,Control,Graminoid,Carex bigelowii,CYS blade,new above,0.000,0.000,0.000,0.001,0.000,.,.,.,0,0.000,0.001,0.000,0.000,.,.,.,0.000,0.018,0.000,0.000,0.000,.,.,.,0.00,0.000,0.000,0.002,0.000,.,.,.,0.001,0.001,20.000,0,0,0,0.025,0,.,.,0,0,0.025,0,0,.,.,0,0.45,0,0,0,.,.,0,0,0,0.05,0,.,.,0.028,0.022,20,,
26-Jul-1984,Toolik Tussock 1981 plots,Control,Graminoid,Carex bigelowii,CYS sheath,new above,0.000,0.000,0.000,0.024,0.000,.,.,.,0,0.000,0.011,0.000,0.000,.,.,.,0.000,0.058,0.000,0.000,0.000,.,.,.,0.00,0.000,0.000,0.027,0.000,.,.,.,0.006,0.003,20.000,0,0,0,0.6,0,.,.,0,0,0.275,0,0,.,.,0,1.45,0,0,0,.,.,0,0,0,0.675,0,.,.,0.150,0.082,20,,
26-Jul-1984,Toolik Tussock 1981 plots,Control,Graminoid,Carex bigelowii,infl. bud,new above,0.000,0.000,0.000,0.000,0.000,.,.,.,0,0.000,0.000,0.000,0.000,.,.,.,0.000,0.000,0.000,0.000,0.000,.,.,.,0.00,0.000,0.000,0.000,0.000,.,.,.,0.000,0.000,20.000,0,0,0,0,0,.,.,0,0,0,0,0,.,.,0,0,0,0,0,.,.,0,0,0,0,0,.,.,0.000,0.000,20,,
26-Jul-1984,Toolik Tussock 1981 plots,Control,Graminoid,Other sedges,blade,new above,0.000,0.000,0.000,0.000,0.048,.,.,.,0,0.000,0.000,0.000,0.000,.,.,.,0.000,0.000,0.000,0.000,0.000,.,.,.,0.00,0.000,0.000,0.000,0.000,.,.,.,0.002,0.002,20.000,0,0,0,0,1.2,.,.,0,0,0,0,0,.,.,0,0,0,0,0,.,.,0,0,0,0,0,.,.,0.060,0.060,20,,
26-Jul-1984,Toolik Tussock 1981 plots,Control,Graminoid,Other sedges,sheath,new above,0.000,0.000,0.000,0.000,0.007,.,.,.,0,0.000,0.000,0.000,0.000,.,.,.,0.000,0.000,0.000,0.000,0.000,.,.,.,0.00,0.000,0.000,0.000,0.000,.,.,.,0.000,0.000,20.000,0,0,0,0,0.175,.,.,0,0,0,0,0,.,.,0,0,0,0,0,.,.,0,0,0,0,0,.,.,0.009,0.009,20,,
26-Jul-1984,Toolik Tussock 1981 plots,Control,Graminoid,Other sedges,rhizome,below,0.000,0.000,0.000,0.000,0.000,.,.,.,0,0.000,0.000,0.000,0.000,.,.,.,0.000,0.000,0.000,0.000,0.000,.,.,.,0.00,0.000,0.000,0.000,0.000,.,.,.,0.000,0.000,20.000,0,0,0,0,0,.,.,0,0,0,0,0,.,.,0,0,0,0,0,.,.,0,0,0,0,0,.,.,0.000,0.000,20,,
26-Jul-1984,Toolik Tussock 1981 plots,Control,Graminoid,Other sedges,v0,new above,0.000,0.000,0.000,0.000,0.000,.,.,.,0,0.000,0.000,0.000,0.000,.,.,.,0.000,0.000,0.000,0.000,0.000,.,.,.,0.00,0.000,0.000,0.000,0.000,.,.,.,0.000,0.000,20.000,0,0,0,0,0,.,.,0,0,0,0,0,.,.,0,0,0,0,0,.,.,0,0,0,0,0,.,.,0.000,0.000,20,,
26-Jul-1984,Toolik Tussock 1981 plots,Control,Graminoid,Other sedges,inflorescence,new above,0.000,0.000,0.000,0.000,0.000,.,.,.,0,0.000,0.000,0.000,0.000,.,.,.,0.000,0.000,0.000,0.000,0.000,.,.,.,0.00,0.000,0.000,0.000,0.000,.,.,.,0.000,0.000,20.000,0,0,0,0,0,.,.,0,0,0,0,0,.,.,0,0,0,0,0,.,.,0,0,0,0,0,.,.,0.000,0.000,20,,
26-Jul-1984,Toolik Tussock 1981 plots,Control,Graminoid,Other sedges,CYS blade,new above,0.000,0.000,0.000,0.000,0.000,.,.,.,0,0.000,0.000,0.000,0.000,.,.,.,0.000,0.000,0.000,0.000,0.000,.,.,.,0.00,0.000,0.000,0.000,0.000,.,.,.,0.000,0.000,20.000,0,0,0,0,0,.,.,0,0,0,0,0,.,.,0,0,0,0,0,.,.,0,0,0,0,0,.,.,0.000,0.000,20,,
26-Jul-1984,Toolik Tussock 1981 plots,Control,Graminoid,Other sedges,CYS sheath,new above,0.000,0.000,0.000,0.000,0.000,.,.,.,0,0.000,0.000,0.000,0.000,.,.,.,0.000,0.000,0.000,0.000,0.000,.,.,.,0.00,0.000,0.000,0.000,0.000,.,.,.,0.000,0.000,20.000,0,0,0,0,0,.,.,0,0,0,0,0,.,.,0,0,0,0,0,.,.,0,0,0,0,0,.,.,0.000,0.000,20,,
26-Jul-1984,Toolik Tussock 1981 plots,Control,Graminoid,Other sedges,infl. bud,new above,0.000,0.000,0.000,0.000,0.000,.,.,.,0,0.000,0.000,0.000,0.000,.,.,.,0.000,0.000,0.000,0.000,0.000,.,.,.,0.00,0.000,0.000,0.000,0.000,.,.,.,0.000,0.000,20.000,0,0,0,0,0,.,.,0,0,0,0,0,.,.,0,0,0,0,0,.,.,0,0,0,0,0,.,.,0.000,0.000,20,,
26-Jul-1984,Toolik Tussock 1981 plots,Control,Deciduous,Betula nana,new leaves,new above,1.204,0.592,1.462,0.240,0.000,.,.,.,0.41,0.590,0.313,1.301,0.285,.,.,.,0.412,0.000,0.000,0.223,0.343,.,.,.,0.30,0.409,0.855,0.569,0.016,.,.,.,0.476,0.096,20.000,30.1,14.8,36.55,6,0,.,.,10.25,14.75,7.825,32.525,7.125,.,.,10.3,0,0,5.575,8.575,.,.,7.575,10.225,21.375,14.225,0.4,.,.,11.909,2.398,20,,
26-Jul-1984,Toolik Tussock 1981 plots,Control,Deciduous,Betula nana,new stems,new above,0.248,0.109,0.291,0.033,0.000,.,.,.,0.01,0.068,0.061,0.268,0.070,.,.,.,0.076,0.000,0.000,0.031,0.058,.,.,.,0.07,0.062,0.177,0.138,0.003,.,.,.,0.089,0.020,20.000,6.2,2.725,7.275,0.825,0,.,.,0.25,1.7,1.525,6.7,1.75,.,.,1.9,0,0,0.775,1.45,.,.,1.825,1.55,4.425,3.45,0.075,.,.,2.220,0.507,20,,
26-Jul-1984,Toolik Tussock 1981 plots,Control,Deciduous,Betula nana,old stems,old above,3.921,1.019,7.843,0.378,0.000,.,.,.,0.775,2.444,0.614,4.556,1.465,.,.,.,1.439,0.000,0.000,0.494,0.720,.,.,.,0.33,0.631,1.902,0.827,0.021,.,.,.,1.469,0.437,20.000,98.025,25.475,196.075,9.45,0,.,.,19.375,61.1,15.35,113.9,36.625,.,.,35.975,0,0,12.35,18,.,.,8.2,15.775,47.55,20.675,0.525,.,.,36.721,10.913,20,,
26-Jul-1984,Toolik Tussock 1981 plots,Control,Deciduous,Betula nana,below stems,below,0.000,0.000,0.000,0.000,0.000,.,.,.,0,0.000,0.000,0.000,0.000,.,.,.,0.000,0.000,0.000,0.000,0.000,.,.,.,0.00,0.000,0.000,0.000,0.000,.,.,.,0.000,0.000,20.000,0,0,0,0,0,.,.,0,0,0,0,0,.,.,0,0,0,0,0,.,.,0,0,0,0,0,.,.,0.000,0.000,20,,
26-Jul-1984,Toolik Tussock 1981 plots,Control,Deciduous,Betula nana,inflorescence,new above,0.010,0.031,0.017,0.000,0.000,.,.,.,0,0.000,0.000,0.000,0.000,.,.,.,0.000,0.000,0.000,0.000,0.000,.,.,.,0.00,0.000,0.079,0.020,0.000,.,.,.,0.008,0.004,20.000,0.25,0.775,0.425,0,0,.,.,0,0,0,0,0,.,.,0,0,0,0,0,.,.,0,0,1.975,0.5,0,.,.,0.196,0.105,20,,
26-Jul-1984,Toolik Tussock 1981 plots,Control,Deciduous,Rubus chamaemorus,new leaves,new above,0.000,0.000,0.000,0.000,0.000,.,.,.,0.141,0.135,0.010,0.515,0.000,.,.,.,0.013,0.141,0.056,0.203,0.264,.,.,.,0.00,0.073,0.268,0.000,0.000,.,.,.,0.091,0.030,20.000,0,0,0,0,0,.,.,3.525,3.375,0.25,12.875,0,.,.,0.325,3.525,1.4,5.075,6.6,.,.,0,1.825,6.7,0,0,.,.,2.274,0.758,20,,
26-Jul-1984,Toolik Tussock 1981 plots,Control,Deciduous,Rubus chamaemorus,new stems,new above,0.000,0.000,0.000,0.000,0.000,.,.,.,0.017,0.015,0.006,0.103,0.000,.,.,.,0.000,0.011,0.010,0.016,0.051,.,.,.,0.00,0.030,0.048,0.000,0.000,.,.,.,0.015,0.006,20.000,0,0,0,0,0,.,.,0.425,0.375,0.15,2.575,0,.,.,0,0.275,0.25,0.4,1.275,.,.,0,0.75,1.2,0,0,.,.,0.384,0.145,20,,
26-Jul-1984,Toolik Tussock 1981 plots,Control,Deciduous,Rubus chamaemorus,below stems,below,0.000,0.000,0.000,0.000,0.000,.,.,.,0,0.000,0.000,0.000,0.000,.,.,.,0.000,0.000,0.000,0.000,0.000,.,.,.,0.00,0.000,0.000,0.000,0.000,.,.,.,0.000,0.000,20.000,0,0,0,0,0,.,.,0,0,0,0,0,.,.,0,0,0,0,0,.,.,0,0,0,0,0,.,.,0.000,0.000,20,,
26-Jul-1984,Toolik Tussock 1981 plots,Control,Deciduous,Rubus chamaemorus,inflorescence,new above,0.000,0.000,0.000,0.000,0.000,.,.,.,0,0.000,0.000,0.000,0.000,.,.,.,0.000,0.000,0.000,0.000,0.000,.,.,.,0.00,0.000,0.000,0.000,0.000,.,.,.,0.000,0.000,20.000,0,0,0,0,0,.,.,0,0,0,0,0,.,.,0,0,0,0,0,.,.,0,0,0,0,0,.,.,0.000,0.000,20,,
26-Jul-1984,Toolik Tussock 1981 plots,Control,Deciduous,Other deciduous,new leaves,new above,0.000,0.207,0.071,0.036,0.122,.,.,.,0,0.000,0.000,0.000,0.000,.,.,.,0.019,0.149,0.041,0.563,0.085,.,.,.,0.00,0.000,0.071,0.000,0.000,.,.,.,0.068,0.029,20.000,0,5.175,1.775,0.9,3.05,.,.,0,0,0,0,0,.,.,0.475,3.725,1.025,14.075,2.125,.,.,0,0,1.775,0,0,.,.,1.705,0.731,20,,
26-Jul-1984,Toolik Tussock 1981 plots,Control,Deciduous,Other deciduous,new stems,new above,0.000,0.064,0.038,0.005,0.026,.,.,.,0,0.000,0.000,0.000,0.000,.,.,.,0.008,0.063,0.016,0.116,0.024,.,.,.,0.00,0.000,0.039,0.000,0.000,.,.,.,0.020,0.007,20.000,0,1.6,0.95,0.125,0.65,.,.,0,0,0,0,0,.,.,0.2,1.575,0.4,2.9,0.6,.,.,0,0,0.975,0,0,.,.,0.499,0.173,20,,
26-Jul-1984,Toolik Tussock 1981 plots,Control,Deciduous,Other deciduous,old stems,old above,0.000,0.256,0.125,0.010,0.058,.,.,.,0,0.000,0.000,0.000,0.000,.,.,.,0.031,0.000,0.073,0.000,0.243,.,.,.,0.00,0.000,0.195,0.000,0.000,.,.,.,0.050,0.019,20.000,0,6.4,3.125,0.25,1.45,.,.,0,0,0,0,0,.,.,0.775,0,1.825,0,6.075,.,.,0,0,4.875,0,0,.,.,1.239,0.478,20,,
26-Jul-1984,Toolik Tussock 1981 plots,Control,Deciduous,Other deciduous,below stems,below,0.000,0.000,0.000,0.000,0.000,.,.,.,0,0.000,0.000,0.000,0.000,.,.,.,0.000,0.000,0.000,0.000,0.000,.,.,.,0.00,0.000,0.000,0.000,0.000,.,.,.,0.000,0.000,20.000,0,0,0,0,0,.,.,0,0,0,0,0,.,.,0,0,0,0,0,.,.,0,0,0,0,0,.,.,0.000,0.000,20,,
26-Jul-1984,Toolik Tussock 1981 plots,Control,Deciduous,Other deciduous,inflorescence,new above,0.000,0.000,0.000,0.000,0.000,.,.,.,0,0.000,0.000,0.000,0.000,.,.,.,0.000,0.000,0.000,0.236,0.040,.,.,.,0.00,0.000,0.000,0.000,0.000,.,.,.,0.014,0.012,20.000,0,0,0,0,0,.,.,0,0,0,0,0,.,.,0,0,0,5.9,1,.,.,0,0,0,0,0,.,.,0.345,0.297,20,,
26-Jul-1984,Toolik Tussock 1981 plots,Control,Evergreen,Ledum palustre,old leaves,old above,0.406,0.734,0.879,1.041,0.064,.,.,.,0.537,0.861,0.155,0.983,0.913,.,.,.,0.623,0.808,0.853,0.793,1.035,.,.,.,0.50,0.181,1.036,0.398,0.719,.,.,.,0.676,0.068,20.000,10.15,18.35,21.975,26.025,1.6,.,.,13.425,21.525,3.875,24.575,22.825,.,.,15.575,20.2,21.325,19.825,25.875,.,.,12.425,4.525,25.9,9.95,17.975,.,.,16.895,1.711,20,,
26-Jul-1984,Toolik Tussock 1981 plots,Control,Evergreen,Ledum palustre,new leaves,new above,0.182,0.662,0.510,0.640,0.014,.,.,.,0.381,0.943,0.118,0.541,0.578,.,.,.,0.424,0.775,0.383,0.332,0.501,.,.,.,0.28,0.119,0.605,0.291,0.618,.,.,.,0.445,0.053,20.000,4.55,16.55,12.75,16,0.35,.,.,9.525,23.575,2.95,13.525,14.45,.,.,10.6,19.375,9.575,8.3,12.525,.,.,6.975,2.975,15.125,7.275,15.45,.,.,11.120,1.328,20,,
26-Jul-1984,Toolik Tussock 1981 plots,Control,Evergreen,Ledum palustre,new stems,new above,0.041,0.142,0.071,0.137,0.002,.,.,.,0.118,0.189,0.029,0.154,0.140,.,.,.,0.139,0.162,0.069,0.058,0.136,.,.,.,0.09,0.024,0.155,0.067,0.091,.,.,.,0.101,0.012,20.000,1.025,3.55,1.775,3.425,0.05,.,.,2.95,4.725,0.725,3.85,3.5,.,.,3.475,4.05,1.725,1.45,3.4,.,.,2.3,0.6,3.875,1.675,2.275,.,.,2.520,0.299,20,,
26-Jul-1984,Toolik Tussock 1981 plots,Control,Evergreen,Ledum palustre,old stems,old above,0.325,1.407,1.404,2.336,0.310,.,.,.,0.52,1.338,0.476,1.803,1.854,.,.,.,1.825,1.402,1.153,0.682,5.013,.,.,.,0.00,0.875,1.645,0.623,1.272,.,.,.,1.313,0.239,20.000,8.125,35.175,35.1,58.4,7.75,.,.,13,33.45,11.9,45.075,46.35,.,.,45.625,35.05,28.825,17.05,125.325,.,.,0,21.875,41.125,15.575,31.8,.,.,32.829,5.987,20,,
26-Jul-1984,Toolik Tussock 1981 plots,Control,Evergreen,Ledum palustre,below stems,below,0.000,0.000,0.000,0.000,0.000,.,.,.,0,0.000,0.000,0.000,0.000,.,.,.,0.000,0.000,0.000,0.000,0.000,.,.,.,0.00,0.000,0.000,0.000,0.000,.,.,.,0.000,0.000,20.000,0,0,0,0,0,.,.,0,0,0,0,0,.,.,0,0,0,0,0,.,.,0,0,0,0,0,.,.,0.000,0.000,20,,
26-Jul-1984,Toolik Tussock 1981 plots,Control,Evergreen,Ledum palustre,inflorescence,new above,0.000,0.039,0.000,0.000,0.000,.,.,.,0,0.041,0.000,0.181,0.000,.,.,.,0.000,0.000,0.037,0.150,0.065,.,.,.,0.05,0.000,0.082,0.000,0.013,.,.,.,0.033,0.012,20.000,0,0.975,0,0,0,.,.,0,1.025,0,4.525,0,.,.,0,0,0.925,3.75,1.625,.,.,1.15,0,2.05,0,0.325,.,.,0.818,0.292,20,,
26-Jul-1984,Toolik Tussock 1981 plots,Control,Evergreen,Vaccinium vitis-idaea,old leaves,old above,1.066,2.125,3.694,1.478,0.788,.,.,.,0.963,1.015,1.873,2.493,0.575,.,.,.,1.232,1.181,3.428,1.972,1.796,.,.,.,1.24,0.029,2.032,0.734,1.085,.,.,.,1.540,0.204,20.000,26.65,53.125,92.35,36.95,19.7,.,.,24.075,25.375,46.825,62.325,14.375,.,.,30.8,29.525,85.7,49.3,44.9,.,.,31.1,0.725,50.8,18.35,27.125,.,.,38.504,5.105,20,,
26-Jul-1984,Toolik Tussock 1981 plots,Control,Evergreen,Vaccinium vitis-idaea,new leaves,new above,0.380,1.180,0.383,0.633,0.124,.,.,.,0.464,0.378,0.627,0.471,0.086,.,.,.,0.149,0.183,0.621,0.222,0.518,.,.,.,0.31,0.023,0.696,0.130,0.240,.,.,.,0.391,0.062,20.000,9.5,29.5,9.575,15.825,3.1,.,.,11.6,9.45,15.675,11.775,2.15,.,.,3.725,4.575,15.525,5.55,12.95,.,.,7.75,0.575,17.4,3.25,6,.,.,9.773,1.538,20,,
26-Jul-1984,Toolik Tussock 1981 plots,Control,Evergreen,Vaccinium vitis-idaea,new stems,new above,0.051,0.149,0.057,0.105,0.016,.,.,.,0.068,0.067,0.103,0.071,0.011,.,.,.,0.022,0.023,0.117,0.022,0.090,.,.,.,0.05,0.006,0.125,0.021,0.032,.,.,.,0.060,0.010,20.000,1.275,3.725,1.425,2.625,0.4,.,.,1.7,1.675,2.575,1.775,0.275,.,.,0.55,0.575,2.925,0.55,2.25,.,.,1.175,0.15,3.125,0.525,0.8,.,.,1.504,0.238,20,,
26-Jul-1984,Toolik Tussock 1981 plots,Control,Evergreen,Vaccinium vitis-idaea,old stems,old above,0.303,0.677,0.947,0.734,0.218,.,.,.,0.288,0.327,0.722,1.074,0.153,.,.,.,0.412,0.408,1.102,0.321,0.723,.,.,.,0.80,0.007,0.790,0.412,0.402,.,.,.,0.541,0.070,20.000,7.575,16.925,23.675,18.35,5.45,.,.,7.2,8.175,18.05,26.85,3.825,.,.,10.3,10.2,27.55,8.025,18.075,.,.,19.975,0.175,19.75,10.3,10.05,.,.,13.524,1.739,20,,
26-Jul-1984,Toolik Tussock 1981 plots,Control,Evergreen,Vaccinium vitis-idaea,below stems,below,0.000,0.000,0.000,0.000,0.000,.,.,.,0,0.000,0.000,0.000,0.000,.,.,.,0.000,0.000,0.000,0.000,0.000,.,.,.,0.00,0.000,0.000,0.000,0.000,.,.,.,0.000,0.000,20.000,0,0,0,0,0,.,.,0,0,0,0,0,.,.,0,0,0,0,0,.,.,0,0,0,0,0,.,.,0.000,0.000,20,,
26-Jul-1984,Toolik Tussock 1981 plots,Control,Evergreen,Vaccinium vitis-idaea,inflorescence,new above,0.020,0.002,0.025,0.016,0.011,.,.,.,0.002,0.005,0.006,0.036,0.001,.,.,.,0.000,0.012,0.028,0.013,0.005,.,.,.,0.01,0.000,0.000,0.000,0.008,.,.,.,0.010,0.002,20.000,0.5,0.05,0.625,0.4,0.275,.,.,0.05,0.125,0.15,0.9,0.025,.,.,0,0.3,0.7,0.325,0.125,.,.,0.175,0,0,0,0.2,.,.,0.246,0.058,20,,
26-Jul-1984,Toolik Tussock 1981 plots,Control,Evergreen,Other Evergreen,old leaves,old above,0.000,0.000,0.000,0.563,0.000,.,.,.,0,0.000,0.934,0.000,0.182,.,.,.,0.009,0.000,0.005,0.006,0.836,.,.,.,0.44,0.000,0.490,0.772,0.490,.,.,.,0.236,0.074,20.000,0,0,0,14.075,0,.,.,0,0,23.35,0,4.55,.,.,0.225,0,0.125,0.15,20.9,.,.,10.975,0,12.25,19.3,12.25,.,.,5.908,1.847,20,,
26-Jul-1984,Toolik Tussock 1981 plots,Control,Evergreen,Other Evergreen,new leaves,new above,0.000,0.000,0.000,0.197,0.000,.,.,.,0,0.000,0.097,0.000,0.024,.,.,.,0.008,0.000,0.013,0.010,0.132,.,.,.,0.40,0.000,0.119,0.776,0.115,.,.,.,0.095,0.042,20.000,0,0,0,4.925,0,.,.,0,0,2.425,0,0.6,.,.,0.2,0,0.325,0.25,3.3,.,.,10,0,2.975,19.4,2.875,.,.,2.364,1.055,20,,
26-Jul-1984,Toolik Tussock 1981 plots,Control,Evergreen,Other Evergreen,new stems,new above,0.000,0.000,0.000,0.035,0.000,.,.,.,0,0.000,0.022,0.000,0.002,.,.,.,0.000,0.000,0.003,0.001,0.020,.,.,.,0.00,0.000,0.000,0.000,0.053,.,.,.,0.007,0.003,20.000,0,0,0,0.875,0,.,.,0,0,0.55,0,0.05,.,.,0,0,0.075,0.025,0.5,.,.,0,0,0,0,1.325,.,.,0.170,0.081,20,,
26-Jul-1984,Toolik Tussock 1981 plots,Control,Evergreen,Other Evergreen,old stems,old above,0.000,0.000,0.000,0.416,0.000,.,.,.,0,0.000,0.626,0.000,0.078,.,.,.,0.005,0.000,0.010,0.005,0.406,.,.,.,0.00,0.000,2.607,4.597,0.778,.,.,.,0.476,0.255,20.000,0,0,0,10.4,0,.,.,0,0,15.65,0,1.95,.,.,0.125,0,0.25,0.125,10.15,.,.,0,0,65.175,114.925,19.45,.,.,11.910,6.378,20,,
26-Jul-1984,Toolik Tussock 1981 plots,Control,Evergreen,Other Evergreen,below stems,below,0.000,0.000,0.000,0.000,0.000,.,.,.,0,0.000,0.000,0.000,0.000,.,.,.,0.000,0.000,0.000,0.000,0.000,.,.,.,0.00,0.000,0.000,0.000,0.000,.,.,.,0.000,0.000,20.000,0,0,0,0,0,.,.,0,0,0,0,0,.,.,0,0,0,0,0,.,.,0,0,0,0,0,.,.,0.000,0.000,20,,
26-Jul-1984,Toolik Tussock 1981 plots,Control,Evergreen,Other Evergreen,inflorescence,new above,0.000,0.000,0.000,0.014,0.000,.,.,.,0,0.000,0.194,0.000,0.009,.,.,.,0.000,0.000,0.000,0.000,0.000,.,.,.,0.03,0.000,0.000,0.014,0.000,.,.,.,0.013,0.010,20.000,0,0,0,0.35,0,.,.,0,0,4.85,0,0.225,.,.,0,0,0,0,0,.,.,0.625,0,0,0.35,0,.,.,0.320,0.241,20,,
26-Jul-1984,Toolik Tussock 1981 plots,Control,Forb,Forbs spp. ,new above,new above,0.010,0.000,0.000,0.000,0.055,.,.,.,0.134,0.000,0.291,0.000,0.000,.,.,.,0.000,0.108,0.000,0.000,0.000,.,.,.,0.00,0.000,0.000,0.101,0.009,.,.,.,0.035,0.016,20.000,0.25,0,0,0,1.375,.,.,3.35,0,7.275,0,0,.,.,0,2.7,0,0,0,.,.,0,0,0,2.525,0.225,.,.,0.885,0.411,20,,
26-Jul-1984,Toolik Tussock 1981 plots,Control,Forb,Forbs spp. ,below,below,0.000,0.000,0.000,0.000,0.000,.,.,.,0,0.000,0.000,0.000,0.000,.,.,.,0.000,0.000,0.000,0.000,0.000,.,.,.,0.00,0.000,0.000,0.000,0.000,.,.,.,0.000,0.000,20.000,0,0,0,0,0,.,.,0,0,0,0,0,.,.,0,0,0,0,0,.,.,0,0,0,0,0,.,.,0.000,0.000,20,,
26-Jul-1984,Toolik Tussock 1981 plots,NP,Graminoid,Eriophorum vaginatum,blade,new above,0.041,7.469,0.000,0.111,3.693,.,.,.,3.983,4.753,0.000,2.971,0.080,.,.,.,0.456,7.065,0.101,0.000,3.401,.,.,.,1.45,4.996,0.002,0.143,2.113,.,.,.,2.141,0.558,20.000,1.025,186.725,0,2.775,92.325,.,.,99.575,118.825,0,74.275,2,.,.,11.4,176.625,2.525,0,85.025,.,.,36.25,124.9,0.05,3.575,52.825,.,.,53.535,13.947,20,,
26-Jul-1984,Toolik Tussock 1981 plots,NP,Graminoid,Eriophorum vaginatum,sheath,new above,0.010,5.846,0.000,0.051,2.905,.,.,.,2.476,3.891,0.000,0.998,0.015,.,.,.,0.244,5.281,0.017,0.000,2.316,.,.,.,1.16,1.941,0.002,0.017,1.021,.,.,.,1.410,0.412,20.000,0.25,146.15,0,1.275,72.625,.,.,61.9,97.275,0,24.95,0.375,.,.,6.1,132.025,0.425,0,57.9,.,.,29.075,48.525,0.05,0.425,25.525,.,.,35.243,10.309,20,,
26-Jul-1984,Toolik Tussock 1981 plots,NP,Graminoid,Eriophorum vaginatum,rhizome,below,0.000,0.000,0.000,0.000,0.000,.,.,.,0,0.000,0.000,0.000,0.000,.,.,.,0.000,0.000,0.000,0.000,0.000,.,.,.,0.00,0.000,0.000,0.000,0.000,.,.,.,0.000,0.000,20.000,0,0,0,0,0,.,.,0,0,0,0,0,.,.,0,0,0,0,0,.,.,0,0,0,0,0,.,.,0.000,0.000,20,,
26-Jul-1984,Toolik Tussock 1981 plots,NP,Graminoid,Eriophorum vaginatum,v0,new above,0.000,0.283,0.000,0.014,0.027,.,.,.,0.074,0.041,0.000,0.035,0.000,.,.,.,0.000,0.092,0.000,0.000,0.014,.,.,.,0.04,0.055,0.000,0.000,0.046,.,.,.,0.036,0.014,20.000,0,7.075,0,0.35,0.675,.,.,1.85,1.025,0,0.875,0,.,.,0,2.3,0,0,0.35,.,.,1.1,1.375,0,0,1.15,.,.,0.906,0.360,20,,
26-Jul-1984,Toolik Tussock 1981 plots,NP,Graminoid,Eriophorum vaginatum,inflorescence,new above,0.000,1.529,0.000,0.000,0.179,.,.,.,0.446,0.000,0.000,0.000,0.000,.,.,.,0.000,0.222,0.000,0.000,0.000,.,.,.,0.00,0.000,0.000,0.000,0.423,.,.,.,0.140,0.080,20.000,0,38.225,0,0,4.475,.,.,11.15,0,0,0,0,.,.,0,5.55,0,0,0,.,.,0,0,0,0,10.575,.,.,3.499,1.989,20,,
26-Jul-1984,Toolik Tussock 1981 plots,NP,Graminoid,Eriophorum vaginatum,CYS blade,new above,0.000,0.101,0.000,0.000,0.057,.,.,.,0.099,0.043,0.000,0.097,0.000,.,.,.,0.050,0.127,0.000,0.000,0.097,.,.,.,0.14,0.272,0.000,0.000,0.176,.,.,.,0.063,0.017,20.000,0,2.525,0,0,1.425,.,.,2.475,1.075,0,2.425,0,.,.,1.25,3.175,0,0,2.425,.,.,3.5,6.8,0,0,4.4,.,.,1.574,0.421,20,,
26-Jul-1984,Toolik Tussock 1981 plots,NP,Graminoid,Eriophorum vaginatum,CYS sheath,new above,0.000,0.000,0.000,0.000,0.026,.,.,.,0.092,0.071,0.000,0.081,0.000,.,.,.,0.085,0.362,0.000,0.000,0.091,.,.,.,0.23,0.411,0.000,0.000,0.104,.,.,.,0.078,0.027,20.000,0,0,0,0,0.65,.,.,2.3,1.775,0,2.025,0,.,.,2.125,9.05,0,0,2.275,.,.,5.725,10.275,0,0,2.6,.,.,1.940,0.677,20,,
26-Jul-1984,Toolik Tussock 1981 plots,NP,Graminoid,Eriophorum vaginatum,infl. bud,new above,0.000,3.913,0.000,0.000,0.368,.,.,.,0,0.000,0.000,0.061,0.000,.,.,.,0.000,0.571,0.000,0.000,0.079,.,.,.,0.00,0.191,0.000,0.000,0.000,.,.,.,0.259,0.195,20.000,0,97.825,0,0,9.2,.,.,0,0,0,1.525,0,.,.,0,14.275,0,0,1.975,.,.,0,4.775,0,0,0,.,.,6.479,4.880,20,,
26-Jul-1984,Toolik Tussock 1981 plots,NP,Graminoid,Carex bigelowii,blade,new above,0.428,0.000,1.596,0.000,0.653,.,.,.,0,0.040,0.197,1.085,0.000,.,.,.,0.106,0.000,0.472,0.500,0.000,.,.,.,0.47,0.251,1.208,0.554,0.577,.,.,.,0.407,0.102,20.000,10.7,0,39.9,0,16.325,.,.,0,1,4.925,27.125,0,.,.,2.65,0,11.8,12.5,0,.,.,11.675,6.275,30.2,13.85,14.425,.,.,10.168,2.543,20,,
26-Jul-1984,Toolik Tussock 1981 plots,NP,Graminoid,Carex bigelowii,sheath,new above,0.121,0.000,0.541,0.000,0.140,.,.,.,0,0.097,0.095,0.187,0.000,.,.,.,0.053,0.000,0.081,0.232,0.000,.,.,.,0.36,0.054,0.206,0.220,0.133,.,.,.,0.126,0.031,20.000,3.025,0,13.525,0,3.5,.,.,0,2.425,2.375,4.675,0,.,.,1.325,0,2.025,5.8,0,.,.,8.975,1.35,5.15,5.5,3.325,.,.,3.149,0.776,20,,
26-Jul-1984,Toolik Tussock 1981 plots,NP,Graminoid,Carex bigelowii,rhizome,below,0.000,0.000,0.000,0.000,0.000,.,.,.,0,0.000,0.000,0.000,0.000,.,.,.,0.000,0.000,0.000,0.000,0.000,.,.,.,0.00,0.000,0.000,0.000,0.000,.,.,.,0.000,0.000,20.000,0,0,0,0,0,.,.,0,0,0,0,0,.,.,0,0,0,0,0,.,.,0,0,0,0,0,.,.,0.000,0.000,20,,
26-Jul-1984,Toolik Tussock 1981 plots,NP,Graminoid,Carex bigelowii,v0,new above,0.000,0.000,0.105,0.000,0.018,.,.,.,0,0.000,0.031,0.000,0.000,.,.,.,0.000,0.000,0.078,0.000,0.000,.,.,.,0.02,0.011,0.089,0.038,0.014,.,.,.,0.020,0.007,20.000,0,0,2.625,0,0.45,.,.,0,0,0.775,0,0,.,.,0,0,1.95,0,0,.,.,0.5,0.275,2.225,0.95,0.35,.,.,0.505,0.183,20,,
26-Jul-1984,Toolik Tussock 1981 plots,NP,Graminoid,Carex bigelowii,inflorescence,new above,0.000,0.000,0.153,0.000,0.061,.,.,.,0,0.174,0.201,0.708,0.000,.,.,.,0.000,0.000,0.000,0.000,0.000,.,.,.,0.26,0.000,0.433,0.000,0.093,.,.,.,0.104,0.041,20.000,0,0,3.825,0,1.525,.,.,0,4.35,5.025,17.7,0,.,.,0,0,0,0,0,.,.,6.55,0,10.825,0,2.325,.,.,2.606,1.031,20,,
26-Jul-1984,Toolik Tussock 1981 plots,NP,Graminoid,Carex bigelowii,CYS blade,new above,0.004,0.000,0.037,0.000,0.000,.,.,.,0,0.000,0.000,0.000,0.000,.,.,.,0.003,0.000,0.000,0.000,0.000,.,.,.,0.02,0.000,0.000,0.000,0.000,.,.,.,0.003,0.002,20.000,0.1,0,0.925,0,0,.,.,0,0,0,0,0,.,.,0.075,0,0,0,0,.,.,0.4,0,0,0,0,.,.,0.075,0.049,20,,
26-Jul-1984,Toolik Tussock 1981 plots,NP,Graminoid,Carex bigelowii,CYS sheath,new above,0.000,0.000,0.000,0.000,0.000,.,.,.,0,0.000,0.000,0.000,0.000,.,.,.,0.000,0.000,0.000,0.000,0.000,.,.,.,0.02,0.000,0.000,0.000,0.000,.,.,.,0.001,0.001,20.000,0,0,0,0,0,.,.,0,0,0,0,0,.,.,0,0,0,0,0,.,.,0.375,0,0,0,0,.,.,0.019,0.019,20,,
26-Jul-1984,Toolik Tussock 1981 plots,NP,Graminoid,Carex bigelowii,infl. bud,new above,0.000,0.000,0.000,0.000,0.000,.,.,.,0,0.000,0.000,0.000,0.000,.,.,.,0.000,0.000,0.000,0.000,0.000,.,.,.,0.00,0.000,0.000,0.000,0.000,.,.,.,0.000,0.000,20.000,0,0,0,0,0,.,.,0,0,0,0,0,.,.,0,0,0,0,0,.,.,0,0,0,0,0,.,.,0.000,0.000,20,,
26-Jul-1984,Toolik Tussock 1981 plots,NP,Graminoid,Other sedges,blade,new above,0.000,0.000,0.147,0.163,0.000,.,.,.,0,0.000,0.121,1.401,0.000,.,.,.,0.000,0.000,0.000,0.000,0.000,.,.,.,0.00,0.000,0.000,0.000,0.000,.,.,.,0.092,0.070,20.000,0,0,3.675,4.075,0,.,.,0,0,3.025,35.025,0,.,.,0,0,0,0,0,.,.,0,0,0,0,0,.,.,2.290,1.748,20,,
26-Jul-1984,Toolik Tussock 1981 plots,NP,Graminoid,Other sedges,sheath,new above,0.000,0.000,0.034,0.023,0.000,.,.,.,0,0.000,0.024,0.116,0.000,.,.,.,0.000,0.000,0.000,0.000,0.000,.,.,.,0.00,0.000,0.000,0.000,0.000,.,.,.,0.010,0.006,20.000,0,0,0.85,0.575,0,.,.,0,0,0.6,2.9,0,.,.,0,0,0,0,0,.,.,0,0,0,0,0,.,.,0.246,0.151,20,,
26-Jul-1984,Toolik Tussock 1981 plots,NP,Graminoid,Other sedges,rhizome,below,0.000,0.000,0.000,0.000,0.000,.,.,.,0,0.000,0.000,0.000,0.000,.,.,.,0.000,0.000,0.000,0.000,0.000,.,.,.,0.00,0.000,0.000,0.000,0.000,.,.,.,0.000,0.000,20.000,0,0,0,0,0,.,.,0,0,0,0,0,.,.,0,0,0,0,0,.,.,0,0,0,0,0,.,.,0.000,0.000,20,,
26-Jul-1984,Toolik Tussock 1981 plots,NP,Graminoid,Other sedges,v0,new above,0.000,0.000,0.014,0.000,0.000,.,.,.,0,0.000,0.000,0.000,0.000,.,.,.,0.000,0.000,0.000,0.000,0.000,.,.,.,0.00,0.000,0.000,0.000,0.000,.,.,.,0.001,0.001,20.000,0,0,0.35,0,0,.,.,0,0,0,0,0,.,.,0,0,0,0,0,.,.,0,0,0,0,0,.,.,0.018,0.018,20,,
26-Jul-1984,Toolik Tussock 1981 plots,NP,Graminoid,Other sedges,inflorescence,new above,0.000,0.000,0.000,0.000,0.000,.,.,.,0,0.000,0.000,0.000,0.000,.,.,.,0.000,0.000,0.000,0.000,0.000,.,.,.,0.00,0.000,0.000,0.000,0.000,.,.,.,0.000,0.000,20.000,0,0,0,0,0,.,.,0,0,0,0,0,.,.,0,0,0,0,0,.,.,0,0,0,0,0,.,.,0.000,0.000,20,,
26-Jul-1984,Toolik Tussock 1981 plots,NP,Graminoid,Other sedges,CYS blade,new above,0.000,0.000,0.000,0.006,0.000,.,.,.,0,0.000,0.000,0.000,0.000,.,.,.,0.000,0.000,0.000,0.000,0.000,.,.,.,0.00,0.000,0.000,0.000,0.000,.,.,.,0.000,0.000,20.000,0,0,0,0.15,0,.,.,0,0,0,0,0,.,.,0,0,0,0,0,.,.,0,0,0,0,0,.,.,0.008,0.008,20,,
26-Jul-1984,Toolik Tussock 1981 plots,NP,Graminoid,Other sedges,CYS sheath,new above,0.000,0.000,0.000,0.000,0.000,.,.,.,0,0.000,0.000,0.000,0.000,.,.,.,0.000,0.000,0.000,0.000,0.000,.,.,.,0.00,0.000,0.000,0.000,0.000,.,.,.,0.000,0.000,20.000,0,0,0,0,0,.,.,0,0,0,0,0,.,.,0,0,0,0,0,.,.,0,0,0,0,0,.,.,0.000,0.000,20,,
26-Jul-1984,Toolik Tussock 1981 plots,NP,Graminoid,Other sedges,infl. bud,new above,0.000,0.000,0.000,0.000,0.000,.,.,.,0,0.000,0.000,0.000,0.000,.,.,.,0.000,0.000,0.000,0.000,0.000,.,.,.,0.00,0.000,0.000,0.000,0.000,.,.,.,0.000,0.000,20.000,0,0,0,0,0,.,.,0,0,0,0,0,.,.,0,0,0,0,0,.,.,0,0,0,0,0,.,.,0.000,0.000,20,,
26-Jul-1984,Toolik Tussock 1981 plots,NP,Deciduous,Betula nana,new leaves,new above,1.159,0.279,0.000,0.000,0.522,.,.,.,0.477,0.776,0.070,0.362,1.763,.,.,.,1.148,0.000,1.129,1.298,0.039,.,.,.,0.05,0.048,0.635,0.795,2.762,.,.,.,0.665,0.161,20.000,28.975,6.975,0,0,13.05,.,.,11.925,19.4,1.75,9.05,44.075,.,.,28.7,0,28.225,32.45,0.975,.,.,1.15,1.2,15.875,19.875,69.05,.,.,16.635,4.027,20,,
26-Jul-1984,Toolik Tussock 1981 plots,NP,Deciduous,Betula nana,new stems,new above,0.610,0.160,0.000,0.000,0.160,.,.,.,0.157,0.339,0.032,0.223,1.003,.,.,.,0.637,0.000,0.421,0.700,0.052,.,.,.,0.00,0.015,0.367,0.437,1.271,.,.,.,0.329,0.081,20.000,15.25,4,0,0,4,.,.,3.925,8.475,0.8,5.575,25.075,.,.,15.925,0,10.525,17.5,1.3,.,.,0.05,0.375,9.175,10.925,31.775,.,.,8.233,2.015,20,,
26-Jul-1984,Toolik Tussock 1981 plots,NP,Deciduous,Betula nana,old stems,old above,2.220,0.503,0.000,0.000,1.306,.,.,.,0.889,2.894,0.060,0.965,8.402,.,.,.,5.691,0.000,2.807,2.058,0.166,.,.,.,1.00,0.061,0.892,2.266,7.014,.,.,.,1.960,0.542,20.000,55.5,12.575,0,0,32.65,.,.,22.225,72.35,1.5,24.125,210.05,.,.,142.275,0,70.175,51.45,4.15,.,.,25.05,1.525,22.3,56.65,175.35,.,.,48.995,13.538,20,,
26-Jul-1984,Toolik Tussock 1981 plots,NP,Deciduous,Betula nana,below stems,below,0.000,0.000,0.000,0.000,0.000,.,.,.,0,0.000,0.000,0.000,0.000,.,.,.,0.000,0.000,0.000,0.000,0.000,.,.,.,0.00,0.000,0.000,0.000,0.000,.,.,.,0.000,0.000,20.000,0,0,0,0,0,.,.,0,0,0,0,0,.,.,0,0,0,0,0,.,.,0,0,0,0,0,.,.,0.000,0.000,20,,
26-Jul-1984,Toolik Tussock 1981 plots,NP,Deciduous,Betula nana,inflorescence,new above,0.027,0.000,0.000,0.000,0.000,.,.,.,0.005,0.000,0.000,0.000,0.241,.,.,.,0.000,0.000,0.006,0.000,0.000,.,.,.,0.00,0.000,0.086,0.068,0.006,.,.,.,0.022,0.013,20.000,0.675,0,0,0,0,.,.,0.125,0,0,0,6.025,.,.,0,0,0.15,0,0,.,.,0,0,2.15,1.7,0.15,.,.,0.549,0.318,20,,
26-Jul-1984,Toolik Tussock 1981 plots,NP,Deciduous,Rubus chamaemorus,new leaves,new above,0.790,0.000,0.000,0.000,0.000,.,.,.,0.241,0.537,0.000,0.000,0.582,.,.,.,0.000,0.119,0.366,0.308,0.293,.,.,.,0.10,0.521,0.962,0.000,0.744,.,.,.,0.278,0.070,20.000,19.75,0,0,0,0,.,.,6.025,13.425,0,0,14.55,.,.,0,2.975,9.15,7.7,7.325,.,.,2.5,13.025,24.05,0,18.6,.,.,6.954,1.745,20,,
26-Jul-1984,Toolik Tussock 1981 plots,NP,Deciduous,Rubus chamaemorus,new stems,new above,0.137,0.000,0.000,0.000,0.000,.,.,.,0.069,0.141,0.000,0.000,0.098,.,.,.,0.000,0.022,0.065,0.046,0.027,.,.,.,0.01,0.087,0.143,0.000,0.121,.,.,.,0.048,0.012,20.000,3.425,0,0,0,0,.,.,1.725,3.525,0,0,2.45,.,.,0,0.55,1.625,1.15,0.675,.,.,0.275,2.175,3.575,0,3.025,.,.,1.209,0.305,20,,
26-Jul-1984,Toolik Tussock 1981 plots,NP,Deciduous,Rubus chamaemorus,below stems,below,0.000,0.000,0.000,0.000,0.000,.,.,.,0,0.000,0.000,0.000,0.000,.,.,.,0.000,0.000,0.000,0.000,0.000,.,.,.,0.00,0.000,0.000,0.000,0.000,.,.,.,0.000,0.000,20.000,0,0,0,0,0,.,.,0,0,0,0,0,.,.,0,0,0,0,0,.,.,0,0,0,0,0,.,.,0.000,0.000,20,,
26-Jul-1984,Toolik Tussock 1981 plots,NP,Deciduous,Rubus chamaemorus,inflorescence,new above,0.000,0.000,0.000,0.000,0.000,.,.,.,0,0.014,0.000,0.000,0.000,.,.,.,0.000,0.000,0.000,0.008,0.000,.,.,.,0.00,0.000,0.039,0.000,0.000,.,.,.,0.003,0.002,20.000,0,0,0,0,0,.,.,0,0.35,0,0,0,.,.,0,0,0,0.2,0,.,.,0,0,0.975,0,0,.,.,0.076,0.051,20,,
26-Jul-1984,Toolik Tussock 1981 plots,NP,Deciduous,Other deciduous,new leaves,new above,0.000,0.000,0.136,0.000,0.000,.,.,.,0,0.000,0.000,0.000,0.000,.,.,.,0.000,0.000,0.000,0.562,0.000,.,.,.,0.00,0.000,0.000,0.171,0.000,.,.,.,0.043,0.029,20.000,0,0,3.4,0,0,.,.,0,0,0,0,0,.,.,0,0,0,14.05,0,.,.,0,0,0,4.275,0,.,.,1.086,0.732,20,,
26-Jul-1984,Toolik Tussock 1981 plots,NP,Deciduous,Other deciduous,new stems,new above,0.000,0.000,0.036,0.000,0.000,.,.,.,0,0.000,0.000,0.000,0.000,.,.,.,0.000,0.000,0.000,0.107,0.000,.,.,.,0.00,0.000,0.000,0.020,0.000,.,.,.,0.008,0.006,20.000,0,0,0.9,0,0,.,.,0,0,0,0,0,.,.,0,0,0,2.675,0,.,.,0,0,0,0.5,0,.,.,0.204,0.139,20,,
26-Jul-1984,Toolik Tussock 1981 plots,NP,Deciduous,Other deciduous,old stems,old above,0.000,0.000,0.049,0.000,0.000,.,.,.,0,0.000,0.000,0.000,0.000,.,.,.,0.000,0.000,0.000,2.020,0.000,.,.,.,0.00,0.000,0.000,2.089,0.000,.,.,.,0.208,0.141,20.000,0,0,1.225,0,0,.,.,0,0,0,0,0,.,.,0,0,0,50.5,0,.,.,0,0,0,52.225,0,.,.,5.198,3.531,20,,
26-Jul-1984,Toolik Tussock 1981 plots,NP,Deciduous,Other deciduous,below stems,below,0.000,0.000,0.000,0.000,0.000,.,.,.,0,0.000,0.000,0.000,0.000,.,.,.,0.000,0.000,0.000,0.000,0.000,.,.,.,0.00,0.000,0.000,0.000,0.000,.,.,.,0.000,0.000,20.000,0,0,0,0,0,.,.,0,0,0,0,0,.,.,0,0,0,0,0,.,.,0,0,0,0,0,.,.,0.000,0.000,20,,
26-Jul-1984,Toolik Tussock 1981 plots,NP,Deciduous,Other deciduous,inflorescence,new above,0.000,0.000,0.000,0.000,0.000,.,.,.,0,0.000,0.000,0.000,0.000,.,.,.,0.000,0.000,0.000,0.000,0.000,.,.,.,0.00,0.000,0.000,0.000,0.000,.,.,.,0.000,0.000,20.000,0,0,0,0,0,.,.,0,0,0,0,0,.,.,0,0,0,0,0,.,.,0,0,0,0,0,.,.,0.000,0.000,20,,
26-Jul-1984,Toolik Tussock 1981 plots,NP,Evergreen,Ledum palustre,old leaves,old above,0.118,0.124,0.217,0.054,0.115,.,.,.,1.315,0.965,1.631,0.843,0.396,.,.,.,0.245,1.045,0.484,0.251,0.632,.,.,.,0.36,1.082,0.524,0.466,0.264,.,.,.,0.557,0.100,20.000,2.95,3.1,5.425,1.35,2.875,.,.,32.875,24.125,40.775,21.075,9.9,.,.,6.125,26.125,12.1,6.275,15.8,.,.,9,27.05,13.1,11.65,6.6,.,.,13.914,2.499,20,,
26-Jul-1984,Toolik Tussock 1981 plots,NP,Evergreen,Ledum palustre,new leaves,new above,0.059,0.225,0.300,0.046,0.151,.,.,.,1.011,1.036,1.464,1.137,0.958,.,.,.,0.583,1.011,1.348,0.312,1.504,.,.,.,0.54,1.612,0.825,0.683,0.133,.,.,.,0.747,0.115,20.000,1.475,5.625,7.5,1.15,3.775,.,.,25.275,25.9,36.6,28.425,23.95,.,.,14.575,25.275,33.7,7.8,37.6,.,.,13.55,40.3,20.625,17.075,3.325,.,.,18.675,2.883,20,,
26-Jul-1984,Toolik Tussock 1981 plots,NP,Evergreen,Ledum palustre,new stems,new above,0.020,0.117,0.096,0.013,0.040,.,.,.,0.236,0.375,0.383,0.316,0.269,.,.,.,0.156,0.290,0.467,0.129,0.541,.,.,.,0.18,0.412,0.283,0.284,0.012,.,.,.,0.231,0.035,20.000,0.5,2.925,2.4,0.325,1,.,.,5.9,9.375,9.575,7.9,6.725,.,.,3.9,7.25,11.675,3.225,13.525,.,.,4.4,10.3,7.075,7.1,0.3,.,.,5.769,0.882,20,,
26-Jul-1984,Toolik Tussock 1981 plots,NP,Evergreen,Ledum palustre,old stems,old above,0.084,0.860,0.362,0.062,0.274,.,.,.,4.619,2.168,2.206,0.389,3.460,.,.,.,0.558,1.703,1.814,0.496,1.964,.,.,.,0.93,2.480,0.881,0.421,0.391,.,.,.,1.306,0.274,20.000,2.1,21.5,9.05,1.55,6.85,.,.,115.475,54.2,55.15,9.725,86.5,.,.,13.95,42.575,45.35,12.4,49.1,.,.,23.175,62,22.025,10.525,9.775,.,.,32.649,6.858,20,,
26-Jul-1984,Toolik Tussock 1981 plots,NP,Evergreen,Ledum palustre,below stems,below,0.000,0.000,0.000,0.000,0.000,.,.,.,0,0.000,0.000,0.000,0.000,.,.,.,0.000,0.000,0.000,0.000,0.000,.,.,.,0.00,0.000,0.000,0.000,0.000,.,.,.,0.000,0.000,20.000,0,0,0,0,0,.,.,0,0,0,0,0,.,.,0,0,0,0,0,.,.,0,0,0,0,0,.,.,0.000,0.000,20,,
26-Jul-1984,Toolik Tussock 1981 plots,NP,Evergreen,Ledum palustre,inflorescence,new above,0.000,0.000,0.090,0.013,0.000,.,.,.,0.013,0.000,0.254,0.046,0.000,.,.,.,0.060,0.066,0.000,0.000,0.000,.,.,.,0.06,0.032,0.000,0.000,0.000,.,.,.,0.032,0.013,20.000,0,0,2.25,0.325,0,.,.,0.325,0,6.35,1.15,0,.,.,1.5,1.65,0,0,0,.,.,1.575,0.8,0,0,0,.,.,0.796,0.334,20,,
26-Jul-1984,Toolik Tussock 1981 plots,NP,Evergreen,Vaccinium vitis-idaea,old leaves,old above,0.046,0.071,2.054,0.256,0.000,.,.,.,1.33,2.917,4.572,0.481,1.592,.,.,.,1.428,0.891,1.119,1.611,0.841,.,.,.,1.41,2.143,2.406,1.683,0.000,.,.,.,1.342,0.255,20.000,1.15,1.775,51.35,6.4,0,.,.,33.25,72.925,114.3,12.025,39.8,.,.,35.7,22.275,27.975,40.275,21.025,.,.,35.125,53.575,60.15,42.075,0,.,.,33.558,6.384,20,,
26-Jul-1984,Toolik Tussock 1981 plots,NP,Evergreen,Vaccinium vitis-idaea,new leaves,new above,0.000,0.069,1.122,0.115,0.000,.,.,.,0.167,0.594,1.097,0.056,0.404,.,.,.,0.435,0.372,0.499,0.224,0.874,.,.,.,0.43,0.871,1.792,0.966,0.010,.,.,.,0.505,0.108,20.000,0,1.725,28.05,2.875,0,.,.,4.175,14.85,27.425,1.4,10.1,.,.,10.875,9.3,12.475,5.6,21.85,.,.,10.825,21.775,44.8,24.15,0.25,.,.,12.625,2.693,20,,
26-Jul-1984,Toolik Tussock 1981 plots,NP,Evergreen,Vaccinium vitis-idaea,new stems,new above,0.000,0.014,0.136,0.027,0.000,.,.,.,0.025,0.100,0.094,0.019,0.073,.,.,.,0.074,0.069,0.073,0.073,0.183,.,.,.,0.04,0.170,0.315,0.188,0.004,.,.,.,0.084,0.018,20.000,0,0.35,3.4,0.675,0,.,.,0.625,2.5,2.35,0.475,1.825,.,.,1.85,1.725,1.825,1.825,4.575,.,.,1.1,4.25,7.875,4.7,0.1,.,.,2.101,0.450,20,,
26-Jul-1984,Toolik Tussock 1981 plots,NP,Evergreen,Vaccinium vitis-idaea,old stems,old above,0.010,0.036,0.663,0.098,0.000,.,.,.,0.568,1.245,0.973,0.223,0.755,.,.,.,0.755,0.366,0.329,0.563,0.457,.,.,.,0.66,0.950,0.971,0.583,0.000,.,.,.,0.510,0.083,20.000,0.25,0.9,16.575,2.45,0,.,.,14.2,31.125,24.325,5.575,18.875,.,.,18.875,9.15,8.225,14.075,11.425,.,.,16.475,23.75,24.275,14.575,0,.,.,12.755,2.084,20,,
26-Jul-1984,Toolik Tussock 1981 plots,NP,Evergreen,Vaccinium vitis-idaea,below stems,below,0.000,0.000,0.000,0.000,0.000,.,.,.,0,0.000,0.000,0.000,0.000,.,.,.,0.000,0.000,0.000,0.000,0.000,.,.,.,0.00,0.000,0.000,0.000,0.000,.,.,.,0.000,0.000,20.000,0,0,0,0,0,.,.,0,0,0,0,0,.,.,0,0,0,0,0,.,.,0,0,0,0,0,.,.,0.000,0.000,20,,
26-Jul-1984,Toolik Tussock 1981 plots,NP,Evergreen,Vaccinium vitis-idaea,inflorescence,new above,0.000,0.000,0.027,0.000,0.000,.,.,.,0,0.018,0.050,0.000,0.001,.,.,.,0.000,0.000,0.000,0.015,0.000,.,.,.,0.00,0.000,0.000,0.018,0.000,.,.,.,0.006,0.003,20.000,0,0,0.675,0,0,.,.,0,0.45,1.25,0,0.025,.,.,0,0,0,0.375,0,.,.,0,0,0,0.45,0,.,.,0.161,0.073,20,,
26-Jul-1984,Toolik Tussock 1981 plots,NP,Evergreen,Other Evergreen,old leaves,old above,0.061,0.000,0.000,0.000,0.000,.,.,.,0,0.000,0.000,0.000,0.000,.,.,.,0.231,0.000,2.486,0.751,0.360,.,.,.,0.03,0.000,0.000,0.000,0.000,.,.,.,0.196,0.127,20.000,1.525,0,0,0,0,.,.,0,0,0,0,0,.,.,5.775,0,62.15,18.775,9,.,.,0.825,0,0,0,0,.,.,4.903,3.184,20,,
26-Jul-1984,Toolik Tussock 1981 plots,NP,Evergreen,Other Evergreen,new leaves,new above,0.024,0.000,0.000,0.000,0.000,.,.,.,0,0.000,0.000,0.000,0.000,.,.,.,0.135,0.000,0.381,0.557,0.343,.,.,.,0.02,0.000,0.000,0.000,0.000,.,.,.,0.073,0.036,20.000,0.6,0,0,0,0,.,.,0,0,0,0,0,.,.,3.375,0,9.525,13.925,8.575,.,.,0.575,0,0,0,0,.,.,1.829,0.893,20,,
26-Jul-1984,Toolik Tussock 1981 plots,NP,Evergreen,Other Evergreen,new stems,new above,0.010,0.000,0.000,0.000,0.000,.,.,.,0,0.000,0.000,0.000,0.000,.,.,.,0.045,0.000,0.043,0.184,0.072,.,.,.,0.00,0.000,0.000,0.000,0.000,.,.,.,0.018,0.010,20.000,0.25,0,0,0,0,.,.,0,0,0,0,0,.,.,1.125,0,1.075,4.6,1.8,.,.,0.1,0,0,0,0,.,.,0.448,0.245,20,,
26-Jul-1984,Toolik Tussock 1981 plots,NP,Evergreen,Other Evergreen,old stems,old above,0.029,0.000,0.000,0.000,0.000,.,.,.,0,0.000,0.000,0.000,0.000,.,.,.,0.221,0.000,0.253,0.544,0.212,.,.,.,0.04,0.000,0.000,0.000,0.000,.,.,.,0.065,0.031,20.000,0.725,0,0,0,0,.,.,0,0,0,0,0,.,.,5.525,0,6.325,13.6,5.3,.,.,0.875,0,0,0,0,.,.,1.618,0.782,20,,
26-Jul-1984,Toolik Tussock 1981 plots,NP,Evergreen,Other Evergreen,below stems,below,0.000,0.000,0.000,0.000,0.000,.,.,.,0,0.000,0.000,0.000,0.000,.,.,.,0.000,0.000,0.000,0.000,0.000,.,.,.,0.00,0.000,0.000,0.000,0.000,.,.,.,0.000,0.000,20.000,0,0,0,0,0,.,.,0,0,0,0,0,.,.,0,0,0,0,0,.,.,0,0,0,0,0,.,.,0.000,0.000,20,,
26-Jul-1984,Toolik Tussock 1981 plots,NP,Evergreen,Other Evergreen,inflorescence,new above,0.000,0.000,0.000,0.000,0.000,.,.,.,0,0.000,0.000,0.000,0.000,.,.,.,0.000,0.000,0.000,0.019,0.000,.,.,.,0.00,0.000,0.000,0.000,0.000,.,.,.,0.001,0.001,20.000,0,0,0,0,0,.,.,0,0,0,0,0,.,.,0,0,0,0.475,0,.,.,0,0,0,0,0,.,.,0.024,0.024,20,,
26-Jul-1984,Toolik Tussock 1981 plots,NP,Forb,Forbs spp. ,new above,new above,0.167,0.430,1.466,0.000,0.000,.,.,.,0,0.432,0.000,0.000,0.000,.,.,.,0.000,0.000,0.000,0.009,0.000,.,.,.,0.00,0.013,0.071,0.318,0.040,.,.,.,0.147,0.076,20.000,4.175,10.75,36.65,0,0,.,.,0,10.8,0,0,0,.,.,0,0,0,0.225,0,.,.,0,0.325,1.775,7.95,1,.,.,3.683,1.912,20,,
26-Jul-1984,Toolik Tussock 1981 plots,NP,Forb,Forbs spp. ,below,below,0.000,0.000,0.000,0.000,0.000,.,.,.,0,0.000,0.000,0.000,0.000,.,.,.,0.000,0.000,0.000,0.000,0.000,.,.,.,0.00,0.000,0.000,0.000,0.000,.,.,.,0.000,0.000,20.000,0,0,0,0,0,.,.,0,0,0,0,0,.,.,0,0,0,0,0,.,.,0,0,0,0,0,.,.,0.000,0.000,20,,
21-Jul-1989,Toolik Tussock 1981 plots,Control,Graminoid,Eriophorum vaginatum,blade,new above,0.000,0.180,2.285,0.276,0.682,.,.,.,0,0.152,0.272,1.643,0.313,.,.,.,0.437,0.329,0.201,0.655,0.144,.,.,.,0.16,0.503,0.148,0.214,0.398,.,.,.,0.450,0.125,20,0,4.5,57.125,6.9,17.05,.,.,0,3.8,6.8,41.075,7.825,.,.,10.925,8.225,5.025,16.375,3.6,.,.,4.025,12.575,3.7,5.35,9.95,.,.,11.241,3.126,20,,
21-Jul-1989,Toolik Tussock 1981 plots,Control,Graminoid,Eriophorum vaginatum,sheath,new above,0.000,0.204,2.445,0.165,0.869,.,.,.,0,0.137,0.334,1.550,0.665,.,.,.,0.620,0.705,0.054,1.281,0.095,.,.,.,0.14,0.424,0.174,0.299,0.732,.,.,.,0.545,0.138,20,0,5.1,61.125,4.125,21.725,.,.,0,3.425,8.35,38.75,16.625,.,.,15.5,17.625,1.35,32.025,2.375,.,.,3.525,10.6,4.35,7.475,18.3,.,.,13.618,3.449,20,,
21-Jul-1989,Toolik Tussock 1981 plots,Control,Graminoid,Eriophorum vaginatum,rhizome,below,0.000,0.240,3.685,0.428,1.241,.,.,.,0,0.259,0.458,4.035,1.338,.,.,.,0.640,2.578,0.010,1.126,0.084,.,.,.,0.23,0.801,0.841,0.603,1.785,.,.,.,1.019,0.263,20,0,6,92.125,10.7,31.025,.,.,0,6.475,11.45,100.875,33.45,.,.,16,64.45,0.25,28.15,2.1,.,.,5.725,20.025,21.025,15.075,44.625,.,.,25.476,6.567,20,,
21-Jul-1989,Toolik Tussock 1981 plots,Control,Graminoid,Eriophorum vaginatum,v0,new above,0.000,0.000,0.048,0.012,0.055,.,.,.,0,0.000,0.027,0.054,0.007,.,.,.,0.057,0.008,0.000,0.042,0.008,.,.,.,0.00,0.010,0.000,0.025,0.001,.,.,.,0.018,0.005,20,0,0,1.2,0.3,1.375,.,.,0,0,0.675,1.35,0.175,.,.,1.425,0.2,0,1.05,0.2,.,.,0,0.25,0,0.625,0.025,.,.,0.443,0.120,20,,
21-Jul-1989,Toolik Tussock 1981 plots,Control,Graminoid,Eriophorum vaginatum,inflorescence,new above,0.000,0.000,0.000,0.000,0.000,.,.,.,0,0.000,0.000,0.000,0.000,.,.,.,0.000,0.000,0.000,0.000,0.000,.,.,.,0.00,0.000,0.000,0.000,0.000,.,.,.,0.000,0.000,20,0,0,0,0,0,.,.,0,0,0,0,0,.,.,0,0,0,0,0,.,.,0,0,0,0,0,.,.,0.000,0.000,20,,
21-Jul-1989,Toolik Tussock 1981 plots,Control,Graminoid,Carex bigelowii,blade,new above,0.908,0.124,0.464,0.066,0.206,.,.,.,1.401,0.000,0.173,0.219,0.000,.,.,.,0.033,0.000,0.166,0.037,0.655,.,.,.,0.14,0.000,0.093,0.734,0.020,.,.,.,0.272,0.084,20,22.7,3.1,11.6,1.65,5.15,.,.,35.025,0,4.325,5.475,0,.,.,0.825,0,4.15,0.925,16.375,.,.,3.6,0,2.325,18.35,0.5,.,.,6.804,2.103,20,,
21-Jul-1989,Toolik Tussock 1981 plots,Control,Graminoid,Carex bigelowii,sheath,new above,0.339,0.072,0.195,0.016,0.143,.,.,.,0.803,0.000,0.101,0.060,0.000,.,.,.,0.008,0.000,0.049,0.018,0.284,.,.,.,0.08,0.000,0.037,0.525,0.050,.,.,.,0.139,0.046,20,8.475,1.8,4.875,0.4,3.575,.,.,20.075,0,2.525,1.5,0,.,.,0.2,0,1.225,0.45,7.1,.,.,1.875,0,0.925,13.125,1.25,.,.,3.469,1.162,20,,
21-Jul-1989,Toolik Tussock 1981 plots,Control,Graminoid,Carex bigelowii,rhizome,below,3.229,3.440,2.404,1.519,0.667,.,.,.,6.88,0.000,1.122,0.117,0.000,.,.,.,0.191,0.000,1.902,0.000,3.471,.,.,.,0.40,0.000,0.288,7.299,0.857,.,.,.,1.689,0.493,20,80.725,86,60.1,37.975,16.675,.,.,172,0,28.05,2.925,0,.,.,4.775,0,47.55,0,86.775,.,.,10.025,0,7.2,182.475,21.425,.,.,42.234,12.319,20,,
21-Jul-1989,Toolik Tussock 1981 plots,Control,Graminoid,Carex bigelowii,v0,new above,0.018,0.044,0.000,0.000,0.000,.,.,.,0.089,0.000,0.011,0.000,0.000,.,.,.,0.000,0.000,0.011,0.000,0.096,.,.,.,0.00,0.000,0.000,0.031,0.000,.,.,.,0.015,0.007,20,0.45,1.1,0,0,0,.,.,2.225,0,0.275,0,0,.,.,0,0,0.275,0,2.4,.,.,0,0,0,0.775,0,.,.,0.375,0.163,20,,
21-Jul-1989,Toolik Tussock 1981 plots,Control,Graminoid,Carex bigelowii,inflorescence,new above,0.078,0.365,0.000,0.000,0.000,.,.,.,0.387,0.000,0.000,0.000,0.000,.,.,.,0.000,0.000,0.000,0.000,0.069,.,.,.,0.00,0.000,0.000,0.000,0.068,.,.,.,0.048,0.026,20,1.95,9.125,0,0,0,.,.,9.675,0,0,0,0,.,.,0,0,0,0,1.725,.,.,0,0,0,0,1.7,.,.,1.209,0.643,20,,
21-Jul-1989,Toolik Tussock 1981 plots,Control,Graminoid,Other sedges,blade,new above,0.000,0.000,0.000,0.000,0.000,.,.,.,0,0.000,0.000,0.000,0.000,.,.,.,0.000,0.000,0.000,0.000,0.000,.,.,.,0.00,0.000,0.000,0.000,0.000,.,.,.,0.000,0.000,20,0,0,0,0,0,.,.,0,0,0,0,0,.,.,0,0,0,0,0,.,.,0,0,0,0,0,.,.,0.000,0.000,20,,
21-Jul-1989,Toolik Tussock 1981 plots,Control,Graminoid,Other sedges,sheath,new above,0.000,0.000,0.000,0.000,0.000,.,.,.,0,0.000,0.000,0.000,0.000,.,.,.,0.000,0.000,0.000,0.000,0.000,.,.,.,0.00,0.000,0.000,0.000,0.000,.,.,.,0.000,0.000,20,0,0,0,0,0,.,.,0,0,0,0,0,.,.,0,0,0,0,0,.,.,0,0,0,0,0,.,.,0.000,0.000,20,,
21-Jul-1989,Toolik Tussock 1981 plots,Control,Graminoid,Other sedges,rhizome,below,0.000,0.000,0.000,0.000,0.000,.,.,.,0,0.000,0.000,0.000,0.000,.,.,.,0.000,0.000,0.000,0.000,0.000,.,.,.,0.00,0.000,0.000,0.000,0.000,.,.,.,0.000,0.000,20,0,0,0,0,0,.,.,0,0,0,0,0,.,.,0,0,0,0,0,.,.,0,0,0,0,0,.,.,0.000,0.000,20,,
21-Jul-1989,Toolik Tussock 1981 plots,Control,Graminoid,Other sedges,v0,new above,0.000,0.000,0.000,0.000,0.000,.,.,.,0,0.000,0.000,0.000,0.000,.,.,.,0.000,0.000,0.000,0.000,0.000,.,.,.,0.00,0.000,0.000,0.000,0.000,.,.,.,0.000,0.000,20,0,0,0,0,0,.,.,0,0,0,0,0,.,.,0,0,0,0,0,.,.,0,0,0,0,0,.,.,0.000,0.000,20,,
21-Jul-1989,Toolik Tussock 1981 plots,Control,Graminoid,Other sedges,inflorescence,new above,0.000,0.000,0.000,0.000,0.000,.,.,.,0,0.000,0.000,0.000,0.000,.,.,.,0.000,0.000,0.000,0.000,0.000,.,.,.,0.00,0.000,0.000,0.000,0.000,.,.,.,0.000,0.000,20,0,0,0,0,0,.,.,0,0,0,0,0,.,.,0,0,0,0,0,.,.,0,0,0,0,0,.,.,0.000,0.000,20,,
21-Jul-1989,Toolik Tussock 1981 plots,Control,Graminoid,Grasses,blade,new above,0.073,0.000,0.000,0.000,0.000,.,.,.,0,0.000,0.000,0.000,0.000,.,.,.,0.000,0.000,0.000,0.000,0.000,.,.,.,0.00,0.000,0.000,0.000,0.000,.,.,.,0.004,0.004,20,1.825,0,0,0,0,.,.,0,0,0,0,0,.,.,0,0,0,0,0,.,.,0,0,0,0,0,.,.,0.091,0.091,20,,
21-Jul-1989,Toolik Tussock 1981 plots,Control,Graminoid,Grasses,sheath,new above,0.003,0.000,0.000,0.000,0.000,.,.,.,0,0.000,0.000,0.000,0.000,.,.,.,0.000,0.000,0.000,0.000,0.000,.,.,.,0.00,0.000,0.000,0.000,0.000,.,.,.,0.000,0.000,20,0.075,0,0,0,0,.,.,0,0,0,0,0,.,.,0,0,0,0,0,.,.,0,0,0,0,0,.,.,0.004,0.004,20,,
21-Jul-1989,Toolik Tussock 1981 plots,Control,Graminoid,Grasses,rhizome,below,0.132,0.000,0.000,0.000,0.000,.,.,.,0,0.000,0.000,0.000,0.000,.,.,.,0.000,0.000,0.000,0.000,0.000,.,.,.,0.00,0.000,0.000,0.000,0.000,.,.,.,0.007,0.007,20,3.3,0,0,0,0,.,.,0,0,0,0,0,.,.,0,0,0,0,0,.,.,0,0,0,0,0,.,.,0.165,0.165,20,,
21-Jul-1989,Toolik Tussock 1981 plots,Control,Graminoid,Grasses,v0,new above,0.003,0.000,0.000,0.000,0.000,.,.,.,0,0.000,0.000,0.000,0.000,.,.,.,0.000,0.000,0.000,0.000,0.000,.,.,.,0.00,0.000,0.000,0.000,0.000,.,.,.,0.000,0.000,20,0.075,0,0,0,0,.,.,0,0,0,0,0,.,.,0,0,0,0,0,.,.,0,0,0,0,0,.,.,0.004,0.004,20,,
21-Jul-1989,Toolik Tussock 1981 plots,Control,Graminoid,Grasses,inflorescence,new above,0.000,0.000,0.000,0.000,0.000,.,.,.,0,0.000,0.000,0.000,0.000,.,.,.,0.000,0.000,0.000,0.000,0.000,.,.,.,0.00,0.000,0.000,0.000,0.000,.,.,.,0.000,0.000,20,0,0,0,0,0,.,.,0,0,0,0,0,.,.,0,0,0,0,0,.,.,0,0,0,0,0,.,.,0.000,0.000,20,,
21-Jul-1989,Toolik Tussock 1981 plots,Control,Deciduous,Betula nana,new leaves,new above,0.021,0.619,0.753,1.097,1.618,.,.,.,0,0.276,0.745,0.304,0.354,.,.,.,0.237,0.250,0.932,0.732,0.000,.,.,.,0.29,0.347,0.279,0.452,0.281,.,.,.,0.479,0.091,20,0.525,15.475,18.825,27.425,40.45,.,.,0,6.9,18.625,7.6,8.85,.,.,5.925,6.25,23.3,18.3,0,.,.,7.175,8.675,6.975,11.3,7.025,.,.,11.980,2.264,20,,
21-Jul-1989,Toolik Tussock 1981 plots,Control,Deciduous,Betula nana,new stems,new above,0.000,0.070,0.058,0.032,0.050,.,.,.,0,0.020,0.056,0.019,0.010,.,.,.,0.012,0.011,0.063,0.024,0.000,.,.,.,0.00,0.018,0.042,0.089,0.010,.,.,.,0.029,0.006,20,0,1.75,1.45,0.8,1.25,.,.,0,0.5,1.4,0.475,0.25,.,.,0.3,0.275,1.575,0.6,0,.,.,0.05,0.45,1.05,2.225,0.25,.,.,0.733,0.149,20,,
21-Jul-1989,Toolik Tussock 1981 plots,Control,Deciduous,Betula nana,old stems,old above,0.000,1.976,0.935,4.046,6.169,.,.,.,0,0.674,1.794,0.554,2.175,.,.,.,0.436,1.024,1.857,2.195,0.000,.,.,.,0.51,1.051,4.290,0.943,1.572,.,.,.,1.610,0.358,20,0,49.4,23.375,101.15,154.225,.,.,0,16.85,44.85,13.85,54.375,.,.,10.9,25.6,46.425,54.875,0,.,.,12.775,26.275,107.25,23.575,39.3,.,.,40.253,8.950,20,,
21-Jul-1989,Toolik Tussock 1981 plots,Control,Deciduous,Betula nana,below stems,below,0.000,9.334,4.323,9.683,43.906,.,.,.,0,2.663,10.120,4.446,12.061,.,.,.,0.662,2.877,0.969,3.209,5.871,.,.,.,5.05,0.000,20.676,9.691,25.852,.,.,.,8.570,2.408,20,0,233.35,108.075,242.075,1097.65,.,.,0,66.575,253,111.15,301.525,.,.,16.55,71.925,24.225,80.225,146.775,.,.,126.175,0,516.9,242.275,646.3,.,.,214.238,60.194,20,,
21-Jul-1989,Toolik Tussock 1981 plots,Control,Deciduous,Betula nana,inflorescence,new above,0.000,0.000,0.000,0.000,0.000,.,.,.,0,0.000,0.000,0.000,0.000,.,.,.,0.000,0.000,0.000,0.000,0.000,.,.,.,0.00,0.000,0.000,0.015,0.032,.,.,.,0.002,0.002,20,0,0,0,0,0,.,.,0,0,0,0,0,.,.,0,0,0,0,0,.,.,0,0,0,0.375,0.8,.,.,0.059,0.043,20,,
21-Jul-1989,Toolik Tussock 1981 plots,Control,Deciduous,Rubus chamaemorus,new leaves,new above,0.000,0.000,0.000,0.000,0.404,.,.,.,0,0.098,0.471,0.172,0.000,.,.,.,0.086,0.056,0.279,0.211,0.384,.,.,.,0.09,0.000,0.000,0.018,0.246,.,.,.,0.126,0.035,20,0,0,0,0,10.1,.,.,0,2.45,11.775,4.3,0,.,.,2.15,1.4,6.975,5.275,9.6,.,.,2.175,0,0,0.45,6.15,.,.,3.140,0.867,20,,
21-Jul-1989,Toolik Tussock 1981 plots,Control,Deciduous,Rubus chamaemorus,new stems,new above,0.000,0.000,0.000,0.000,0.016,.,.,.,0,0.007,0.040,0.015,0.000,.,.,.,0.006,0.006,0.059,0.029,0.151,.,.,.,0.11,0.000,0.000,0.001,0.026,.,.,.,0.023,0.009,20,0,0,0,0,0.4,.,.,0,0.175,1,0.375,0,.,.,0.15,0.15,1.475,0.725,3.775,.,.,2.75,0,0,0.025,0.65,.,.,0.583,0.227,20,,
21-Jul-1989,Toolik Tussock 1981 plots,Control,Deciduous,Rubus chamaemorus,below stems,below,0.000,0.000,0.000,0.000,0.110,.,.,.,0,0.978,0.630,0.221,0.737,.,.,.,0.044,0.266,1.879,0.264,1.536,.,.,.,0.34,0.000,0.000,0.017,1.413,.,.,.,0.422,0.131,20,0,0,0,0,2.75,.,.,0,24.45,15.75,5.525,18.425,.,.,1.1,6.65,46.975,6.6,38.4,.,.,8.5,0,0,0.425,35.325,.,.,10.544,3.281,20,,
21-Jul-1989,Toolik Tussock 1981 plots,Control,Deciduous,Rubus chamaemorus,inflorescence,new above,0.000,0.000,0.000,0.000,0.002,.,.,.,0,0.000,0.000,0.000,0.000,.,.,.,0.000,0.000,0.000,0.000,0.000,.,.,.,0.00,0.000,0.000,0.000,0.000,.,.,.,0.000,0.000,20,0,0,0,0,0.05,.,.,0,0,0,0,0,.,.,0,0,0,0,0,.,.,0,0,0,0,0,.,.,0.003,0.003,20,,
21-Jul-1989,Toolik Tussock 1981 plots,Control,Deciduous,Salix spp.,new leaves,new above,0.613,0.199,0.000,0.000,0.000,.,.,.,0,0.000,0.000,0.000,0.000,.,.,.,0.000,0.000,0.000,0.000,0.000,.,.,.,0.00,0.000,0.000,0.000,0.000,.,.,.,0.041,0.032,20,15.325,4.975,0,0,0,.,.,0,0,0,0,0,.,.,0,0,0,0,0,.,.,0,0,0,0,0,.,.,1.015,0.793,20,,
21-Jul-1989,Toolik Tussock 1981 plots,Control,Deciduous,Salix spp.,new stems,new above,0.068,0.019,0.000,0.000,0.000,.,.,.,0,0.000,0.000,0.000,0.000,.,.,.,0.000,0.000,0.000,0.000,0.000,.,.,.,0.00,0.000,0.000,0.000,0.000,.,.,.,0.004,0.003,20,1.7,0.475,0,0,0,.,.,0,0,0,0,0,.,.,0,0,0,0,0,.,.,0,0,0,0,0,.,.,0.109,0.087,20,,
21-Jul-1989,Toolik Tussock 1981 plots,Control,Deciduous,Salix spp.,old stems,old above,1.168,0.862,0.000,0.000,0.000,.,.,.,0,0.000,0.000,0.000,0.000,.,.,.,0.000,0.000,0.000,0.000,0.000,.,.,.,0.00,0.000,0.000,0.000,0.000,.,.,.,0.102,0.071,20,29.2,21.55,0,0,0,.,.,0,0,0,0,0,.,.,0,0,0,0,0,.,.,0,0,0,0,0,.,.,2.538,1.768,20,,
21-Jul-1989,Toolik Tussock 1981 plots,Control,Deciduous,Salix spp.,below stems,below,0.000,0.000,0.000,0.000,0.000,.,.,.,0,0.000,0.000,0.000,0.000,.,.,.,0.000,0.000,0.000,0.000,0.000,.,.,.,0.00,0.000,0.000,0.000,0.000,.,.,.,0.000,0.000,20,0,0,0,0,0,.,.,0,0,0,0,0,.,.,0,0,0,0,0,.,.,0,0,0,0,0,.,.,0.000,0.000,20,,
21-Jul-1989,Toolik Tussock 1981 plots,Control,Deciduous,Salix spp.,inflorescence,new above,0.000,0.000,0.000,0.000,0.000,.,.,.,0,0.000,0.000,0.000,0.000,.,.,.,0.000,0.000,0.000,0.000,0.000,.,.,.,0.00,0.000,0.000,0.000,0.000,.,.,.,0.000,0.000,20,0,0,0,0,0,.,.,0,0,0,0,0,.,.,0,0,0,0,0,.,.,0,0,0,0,0,.,.,0.000,0.000,20,,
21-Jul-1989,Toolik Tussock 1981 plots,Control,Deciduous,Other deciduous,new leaves,new above,0.075,0.011,0.000,0.000,0.000,.,.,.,0,0.000,0.000,0.000,0.000,.,.,.,0.000,0.000,1.000,0.000,0.125,.,.,.,0.00,0.000,0.029,0.000,0.000,.,.,.,0.062,0.050,20,1.875,0.275,0,0,0,.,.,0,0,0,0,0,.,.,0,0,25,0,3.125,.,.,0,0,0.725,0,0,.,.,1.550,1.247,20,,
21-Jul-1989,Toolik Tussock 1981 plots,Control,Deciduous,Other deciduous,new stems,new above,0.015,0.021,0.000,0.000,0.000,.,.,.,0,0.000,0.000,0.000,0.000,.,.,.,0.000,0.000,0.108,0.000,0.015,.,.,.,0.00,0.000,0.000,0.000,0.000,.,.,.,0.008,0.005,20,0.375,0.525,0,0,0,.,.,0,0,0,0,0,.,.,0,0,2.7,0,0.375,.,.,0,0,0,0,0,.,.,0.199,0.136,20,,
21-Jul-1989,Toolik Tussock 1981 plots,Control,Deciduous,Other deciduous,old stems,old above,0.174,0.235,0.000,0.000,0.000,.,.,.,0,0.000,0.000,0.000,0.000,.,.,.,0.000,0.000,0.000,0.000,0.000,.,.,.,0.00,0.000,0.000,0.000,0.000,.,.,.,0.020,0.014,20,4.35,5.875,0,0,0,.,.,0,0,0,0,0,.,.,0,0,0,0,0,.,.,0,0,0,0,0,.,.,0.511,0.356,20,,
21-Jul-1989,Toolik Tussock 1981 plots,Control,Deciduous,Other deciduous,below stems,below,0.221,0.154,0.000,0.000,0.000,.,.,.,0,0.000,0.000,0.000,0.000,.,.,.,0.000,0.000,1.391,0.000,0.052,.,.,.,0.00,0.000,0.000,0.000,0.000,.,.,.,0.091,0.070,20,5.525,3.85,0,0,0,.,.,0,0,0,0,0,.,.,0,0,34.775,0,1.3,.,.,0,0,0,0,0,.,.,2.273,1.742,20,,
21-Jul-1989,Toolik Tussock 1981 plots,Control,Deciduous,Other deciduous,inflorescence,new above,0.000,0.000,0.000,0.000,0.000,.,.,.,0,0.000,0.000,0.000,0.000,.,.,.,0.000,0.000,0.000,0.000,0.000,.,.,.,0.00,0.000,0.000,0.000,0.000,.,.,.,0.000,0.000,20,0,0,0,0,0,.,.,0,0,0,0,0,.,.,0,0,0,0,0,.,.,0,0,0,0,0,.,.,0.000,0.000,20,,
21-Jul-1989,Toolik Tussock 1981 plots,Control,Evergreen,Ledum palustre,old leaves,old above,0.299,0.772,0.079,0.468,0.023,.,.,.,0.073,1.167,0.345,0.817,1.330,.,.,.,0.504,0.557,0.126,0.464,0.313,.,.,.,0.84,1.085,0.618,0.886,0.234,.,.,.,0.550,0.086,20,7.475,19.3,1.975,11.7,0.575,.,.,1.825,29.175,8.625,20.425,33.25,.,.,12.6,13.925,3.15,11.6,7.825,.,.,20.875,27.125,15.45,22.15,5.85,.,.,13.744,2.138,20,,
21-Jul-1989,Toolik Tussock 1981 plots,Control,Evergreen,Ledum palustre,new leaves,new above,0.251,0.783,0.088,0.356,0.026,.,.,.,0.091,0.941,0.361,0.701,1.016,.,.,.,0.528,0.619,0.042,1.147,0.433,.,.,.,0.57,0.732,0.822,0.495,0.198,.,.,.,0.510,0.075,20,6.275,19.575,2.2,8.9,0.65,.,.,2.275,23.525,9.025,17.525,25.4,.,.,13.2,15.475,1.05,28.675,10.825,.,.,14.275,18.3,20.55,12.375,4.95,.,.,12.751,1.878,20,,
21-Jul-1989,Toolik Tussock 1981 plots,Control,Evergreen,Ledum palustre,new stems,new above,0.050,0.127,0.021,0.058,0.008,.,.,.,0.016,0.126,0.068,0.139,0.130,.,.,.,0.104,0.105,0.009,0.247,0.080,.,.,.,0.11,0.114,0.171,0.147,0.034,.,.,.,0.093,0.014,20,1.25,3.175,0.525,1.45,0.2,.,.,0.4,3.15,1.7,3.475,3.25,.,.,2.6,2.625,0.225,6.175,2,.,.,2.725,2.85,4.275,3.675,0.85,.,.,2.329,0.344,20,,
21-Jul-1989,Toolik Tussock 1981 plots,Control,Evergreen,Ledum palustre,old stems,old above,0.564,2.261,0.085,2.807,0.149,.,.,.,0.252,3.194,0.790,1.837,2.721,.,.,.,0.936,1.702,0.220,1.890,2.050,.,.,.,1.44,5.822,4.025,1.185,0.567,.,.,.,1.725,0.328,20,14.1,56.525,2.125,70.175,3.725,.,.,6.3,79.85,19.75,45.925,68.025,.,.,23.4,42.55,5.5,47.25,51.25,.,.,35.875,145.55,100.625,29.625,14.175,.,.,43.115,8.212,20,,
21-Jul-1989,Toolik Tussock 1981 plots,Control,Evergreen,Ledum palustre,below stems,below,1.457,5.741,1.186,7.363,0.120,.,.,.,0.442,7.629,2.788,2.700,7.526,.,.,.,1.103,4.406,0.194,3.259,4.623,.,.,.,4.50,8.683,16.409,5.200,4.367,.,.,.,4.485,0.862,20,36.425,143.525,29.65,184.075,3,.,.,11.05,190.725,69.7,67.5,188.15,.,.,27.575,110.15,4.85,81.475,115.575,.,.,112.525,217.075,410.225,130,109.175,.,.,112.121,21.545,20,,
21-Jul-1989,Toolik Tussock 1981 plots,Control,Evergreen,Ledum palustre,inflorescence,new above,0.000,0.045,0.000,0.081,0.000,.,.,.,0,0.000,0.000,0.067,0.115,.,.,.,0.000,0.023,0.000,0.037,0.000,.,.,.,0.05,0.109,0.028,0.000,0.014,.,.,.,0.028,0.008,20,0,1.125,0,2.025,0,.,.,0,0,0,1.675,2.875,.,.,0,0.575,0,0.925,0,.,.,1.225,2.725,0.7,0,0.35,.,.,0.710,0.212,20,,
21-Jul-1989,Toolik Tussock 1981 plots,Control,Evergreen,Vaccinium vitis-idaea,old leaves,old above,0.340,1.440,1.079,1.523,0.049,.,.,.,0.153,1.735,0.683,1.329,0.728,.,.,.,1.012,1.629,1.240,1.252,2.670,.,.,.,1.09,3.770,0.735,0.853,0.654,.,.,.,1.198,0.190,20,8.5,36,26.975,38.075,1.225,.,.,3.825,43.375,17.075,33.225,18.2,.,.,25.3,40.725,31,31.3,66.75,.,.,27.25,94.25,18.375,21.325,16.35,.,.,29.955,4.758,20,,
21-Jul-1989,Toolik Tussock 1981 plots,Control,Evergreen,Vaccinium vitis-idaea,new leaves,new above,0.357,0.389,0.903,0.434,0.050,.,.,.,0.11,0.441,0.441,0.496,0.338,.,.,.,0.728,0.514,0.658,1.063,2.328,.,.,.,0.69,0.385,0.503,0.520,0.677,.,.,.,0.601,0.105,20,8.925,9.725,22.575,10.85,1.25,.,.,2.75,11.025,11.025,12.4,8.45,.,.,18.2,12.85,16.45,26.575,58.2,.,.,17.325,9.625,12.575,13,16.925,.,.,15.035,2.628,20,,
21-Jul-1989,Toolik Tussock 1981 plots,Control,Evergreen,Vaccinium vitis-idaea,new stems,new above,0.050,0.047,0.144,0.053,0.007,.,.,.,0.013,0.040,0.044,0.095,0.065,.,.,.,0.085,0.061,0.098,0.155,0.197,.,.,.,0.11,0.074,0.121,0.164,0.093,.,.,.,0.086,0.011,20,1.25,1.175,3.6,1.325,0.175,.,.,0.325,1,1.1,2.375,1.625,.,.,2.125,1.525,2.45,3.875,4.925,.,.,2.7,1.85,3.025,4.1,2.325,.,.,2.143,0.284,20,,
21-Jul-1989,Toolik Tussock 1981 plots,Control,Evergreen,Vaccinium vitis-idaea,old stems,old above,0.306,0.383,0.466,0.850,0.047,.,.,.,0.045,0.512,0.283,0.546,0.351,.,.,.,0.615,0.753,0.616,0.736,1.667,.,.,.,0.42,1.190,0.858,0.635,0.452,.,.,.,0.587,0.083,20,7.65,9.575,11.65,21.25,1.175,.,.,1.125,12.8,7.075,13.65,8.775,.,.,15.375,18.825,15.4,18.4,41.675,.,.,10.5,29.75,21.45,15.875,11.3,.,.,14.664,2.087,20,,
21-Jul-1989,Toolik Tussock 1981 plots,Control,Evergreen,Vaccinium vitis-idaea,below stems,below,1.065,2.034,1.799,4.820,2.412,.,.,.,0.521,3.162,1.639,3.607,3.198,.,.,.,1.540,3.504,3.231,2.558,6.481,.,.,.,3.92,3.916,1.028,1.917,1.651,.,.,.,2.700,0.323,20,26.625,50.85,44.975,120.5,60.3,.,.,13.025,79.05,40.975,90.175,79.95,.,.,38.5,87.6,80.775,63.95,162.025,.,.,98.05,97.9,25.7,47.925,41.275,.,.,67.506,8.084,20,,
21-Jul-1989,Toolik Tussock 1981 plots,Control,Evergreen,Vaccinium vitis-idaea,inflorescence,new above,0.001,0.000,0.000,0.000,0.000,.,.,.,0.003,0.000,0.020,0.000,0.000,.,.,.,0.000,0.006,0.019,0.001,0.026,.,.,.,0.00,0.000,0.000,0.000,0.000,.,.,.,0.004,0.002,20,0.025,0,0,0,0,.,.,0.075,0,0.5,0,0,.,.,0,0.15,0.475,0.025,0.65,.,.,0,0,0,0,0,.,.,0.095,0.044,20,,
21-Jul-1989,Toolik Tussock 1981 plots,Control,Evergreen,Other Evergreen,old leaves,old above,0.000,0.383,0.790,0.000,0.000,.,.,.,0,0.000,1.080,0.000,0.000,.,.,.,0.000,0.872,0.817,0.674,0.461,.,.,.,0.52,0.000,0.500,0.384,0.093,.,.,.,0.329,0.082,20,0,9.575,19.75,0,0,.,.,0,0,27,0,0,.,.,0,21.8,20.425,16.85,11.525,.,.,13.1,0,12.5,9.6,2.325,.,.,8.223,2.048,20,,
21-Jul-1989,Toolik Tussock 1981 plots,Control,Evergreen,Other Evergreen,new leaves,new above,0.000,0.130,0.183,0.000,0.000,.,.,.,0,0.000,0.359,0.000,0.000,.,.,.,0.000,0.198,0.355,0.192,0.149,.,.,.,0.12,0.000,1.108,0.072,0.036,.,.,.,0.145,0.057,20,0,3.25,4.575,0,0,.,.,0,0,8.975,0,0,.,.,0,4.95,8.875,4.8,3.725,.,.,2.95,0,27.7,1.8,0.9,.,.,3.625,1.423,20,,
21-Jul-1989,Toolik Tussock 1981 plots,Control,Evergreen,Other Evergreen,new stems,new above,0.000,0.017,0.011,0.000,0.000,.,.,.,0,0.000,0.032,0.000,0.000,.,.,.,0.000,0.030,0.089,0.000,0.027,.,.,.,0.01,0.000,1.052,0.024,0.005,.,.,.,0.065,0.052,20,0,0.425,0.275,0,0,.,.,0,0,0.8,0,0,.,.,0,0.75,2.225,0,0.675,.,.,0.35,0,26.3,0.6,0.125,.,.,1.626,1.304,20,,
21-Jul-1989,Toolik Tussock 1981 plots,Control,Evergreen,Other Evergreen,old stems,old above,0.000,0.160,0.054,0.000,0.000,.,.,.,0,0.000,0.937,0.000,0.000,.,.,.,0.000,0.603,0.767,0.000,0.217,.,.,.,0.56,0.000,0.277,0.247,0.076,.,.,.,0.195,0.065,20,0,4,1.35,0,0,.,.,0,0,23.425,0,0,.,.,0,15.075,19.175,0,5.425,.,.,14,0,6.925,6.175,1.9,.,.,4.873,1.624,20,,
21-Jul-1989,Toolik Tussock 1981 plots,Control,Evergreen,Other Evergreen,below stems,below,0.000,0.831,0.714,0.000,0.000,.,.,.,0,0.000,1.425,0.000,0.000,.,.,.,0.000,1.310,0.502,0.518,0.513,.,.,.,1.99,0.000,1.790,0.097,0.255,.,.,.,0.497,0.145,20,0,20.775,17.85,0,0,.,.,0,0,35.625,0,0,.,.,0,32.75,12.55,12.95,12.825,.,.,49.65,0,44.75,2.425,6.375,.,.,12.426,3.630,20,,
21-Jul-1989,Toolik Tussock 1981 plots,Control,Evergreen,Other Evergreen,inflorescence,new above,0.000,0.006,0.000,0.000,0.000,.,.,.,0,0.000,0.000,0.000,0.000,.,.,.,0.000,0.024,0.000,0.000,0.000,.,.,.,0.00,0.000,0.036,0.004,0.000,.,.,.,0.004,0.002,20,0,0.15,0,0,0,.,.,0,0,0,0,0,.,.,0,0.6,0,0,0,.,.,0,0,0.9,0.1,0,.,.,0.088,0.053,20,,
21-Jul-1989,Toolik Tussock 1981 plots,Control,Forb,Forbs spp. ,new above,new above,0.215,0.000,0.058,0.000,0.000,.,.,.,0,0.000,0.237,0.000,0.116,.,.,.,0.000,0.128,0.048,0.000,0.050,.,.,.,0.09,0.000,0.097,0.000,0.000,.,.,.,0.052,0.017,20,5.375,0,1.45,0,0,.,.,0,0,5.925,0,2.9,.,.,0,3.2,1.2,0,1.25,.,.,2.225,0,2.425,0,0,.,.,1.298,0.413,20,,
21-Jul-1989,Toolik Tussock 1981 plots,Control,Forb,Forbs spp. ,below,below,0.115,0.000,0.092,0.000,0.000,.,.,.,0,0.000,0.265,0.000,0.184,.,.,.,0.000,0.051,0.031,0.000,0.033,.,.,.,0.63,0.000,0.024,0.000,0.000,.,.,.,0.071,0.033,20,2.875,0,2.3,0,0,.,.,0,0,6.625,0,4.6,.,.,0,1.275,0.775,0,0.825,.,.,15.75,0,0.6,0,0,.,.,1.781,0.837,20,,
21-Jul-1989,Toolik Tussock 1981 plots,Control,Bryophyte,Mosses spp.,live green,non-vascular,15.920,12.260,8.358,8.038,8.425,.,.,.,10.79,7.886,11.732,2.306,8.163,.,.,.,9.982,12.653,7.159,11.161,11.900,.,.,.,12.87,2.231,7.505,5.043,14.382,.,.,.,9.438,0.815,20,398,306.5,208.95,200.95,210.625,.,.,269.75,197.15,293.3,57.65,204.075,.,.,249.55,316.325,178.975,279.025,297.5,.,.,321.775,55.775,187.625,126.075,359.55,.,.,235.956,20.367,20,,
21-Jul-1989,Toolik Tussock 1981 plots,Control,Lichen,Lichens spp.,live,non-vascular,0.036,0.037,0.012,2.110,0.409,.,.,.,2.425,3.734,0.163,2.132,0.309,.,.,.,0.278,1.466,0.160,3.575,3.927,.,.,.,5.45,8.224,0.003,0.017,0.741,.,.,.,1.760,0.501,20,0.9,0.925,0.3,52.75,10.225,.,.,60.625,93.35,4.075,53.3,7.725,.,.,6.95,36.65,4,89.375,98.175,.,.,136.125,205.6,0.075,0.425,18.525,.,.,44.004,12.529,20,,
21-Jul-1989,Toolik Tussock 1981 plots,NP,Graminoid,Eriophorum vaginatum,blade,new above,0.110,1.128,1.862,0.000,0.000,.,.,.,0.087,0.177,5.840,0.003,0.152,.,.,.,3.510,0.660,0.637,0.303,0.895,.,.,.,0.00,0.000,0.000,0.000,0.000,.,.,.,0.768,0.329,20,2.75,28.2,46.55,0,0,.,.,2.175,4.425,146,0.075,3.8,.,.,87.75,16.5,15.925,7.575,22.375,.,.,0,0,0,0,0,.,.,19.205,8.229,20,,
21-Jul-1989,Toolik Tussock 1981 plots,NP,Graminoid,Eriophorum vaginatum,sheath,new above,0.042,1.048,1.002,0.000,0.000,.,.,.,0.042,0.171,3.895,0.002,0.086,.,.,.,2.051,0.139,0.547,0.341,0.672,.,.,.,0.00,0.000,0.000,0.000,0.000,.,.,.,0.502,0.214,20,1.05,26.2,25.05,0,0,.,.,1.05,4.275,97.375,0.05,2.15,.,.,51.275,3.475,13.675,8.525,16.8,.,.,0,0,0,0,0,.,.,12.548,5.345,20,,
21-Jul-1989,Toolik Tussock 1981 plots,NP,Graminoid,Eriophorum vaginatum,rhizome,below,0.122,1.869,6.548,0.000,0.000,.,.,.,0.66,1.383,6.290,0.000,0.181,.,.,.,4.417,0.467,1.646,0.524,2.652,.,.,.,0.00,0.000,0.000,0.000,0.000,.,.,.,1.338,0.465,20,3.05,46.725,163.7,0,0,.,.,16.5,34.575,157.25,0,4.525,.,.,110.425,11.675,41.15,13.1,66.3,.,.,0,0,0,0,0,.,.,33.449,11.633,20,,
21-Jul-1989,Toolik Tussock 1981 plots,NP,Graminoid,Eriophorum vaginatum,v0,new above,0.000,0.013,0.033,0.000,0.000,.,.,.,0,0.018,0.064,0.002,0.006,.,.,.,0.207,0.001,0.013,0.000,0.070,.,.,.,0.00,0.000,0.000,0.000,0.000,.,.,.,0.021,0.011,20,0,0.325,0.825,0,0,.,.,0,0.45,1.6,0.05,0.15,.,.,5.175,0.025,0.325,0,1.75,.,.,0,0,0,0,0,.,.,0.534,0.271,20,,
21-Jul-1989,Toolik Tussock 1981 plots,NP,Graminoid,Eriophorum vaginatum,inflorescence,new above,0.000,0.000,0.000,0.000,0.000,.,.,.,0,0.000,0.000,0.000,0.000,.,.,.,0.000,0.000,0.000,0.000,0.000,.,.,.,0.00,0.000,0.000,0.000,0.000,.,.,.,0.000,0.000,20,0,0,0,0,0,.,.,0,0,0,0,0,.,.,0,0,0,0,0,.,.,0,0,0,0,0,.,.,0.000,0.000,20,,
21-Jul-1989,Toolik Tussock 1981 plots,NP,Graminoid,Carex bigelowii,blade,new above,0.129,0.000,0.508,1.599,0.000,.,.,.,0,0.063,0.000,0.000,0.309,.,.,.,0.000,0.000,0.022,0.000,0.000,.,.,.,0.00,0.088,0.000,0.042,0.044,.,.,.,0.140,0.082,20,3.225,0,12.7,39.975,0,.,.,0,1.575,0,0,7.725,.,.,0,0,0.55,0,0,.,.,0.025,2.2,0,1.05,1.1,.,.,3.506,2.048,20,,
21-Jul-1989,Toolik Tussock 1981 plots,NP,Graminoid,Carex bigelowii,sheath,new above,0.023,0.000,0.103,0.704,0.000,.,.,.,0,0.030,0.000,0.000,0.062,.,.,.,0.000,0.000,0.005,0.000,0.000,.,.,.,0.00,0.022,0.000,0.024,0.021,.,.,.,0.050,0.035,20,0.575,0,2.575,17.6,0,.,.,0,0.75,0,0,1.55,.,.,0,0,0.125,0,0,.,.,0,0.55,0,0.6,0.525,.,.,1.243,0.873,20,,
21-Jul-1989,Toolik Tussock 1981 plots,NP,Graminoid,Carex bigelowii,rhizome,below,1.391,0.000,2.000,10.427,0.000,.,.,.,0,0.000,0.000,0.000,0.609,.,.,.,0.000,0.000,0.141,0.000,0.333,.,.,.,0.10,0.424,0.445,0.583,1.953,.,.,.,0.920,0.520,20,34.775,0,50,260.675,0,.,.,0,0,0,0,15.225,.,.,0,0,3.525,0,8.325,.,.,2.575,10.6,11.125,14.575,48.825,.,.,23.011,13.000,20,,
21-Jul-1989,Toolik Tussock 1981 plots,NP,Graminoid,Carex bigelowii,v0,new above,0.002,0.000,0.007,0.087,0.000,.,.,.,0,0.000,0.000,0.000,0.020,.,.,.,0.000,0.000,0.000,0.000,0.000,.,.,.,0.00,0.000,0.000,0.000,0.000,.,.,.,0.006,0.004,20,0.05,0,0.175,2.175,0,.,.,0,0,0,0,0.5,.,.,0,0,0,0,0,.,.,0,0,0,0,0,.,.,0.145,0.110,20,,
21-Jul-1989,Toolik Tussock 1981 plots,NP,Graminoid,Carex bigelowii,inflorescence,new above,0.000,0.000,0.000,0.000,0.000,.,.,.,0,0.000,0.000,0.000,0.000,.,.,.,0.000,0.000,0.000,0.000,0.000,.,.,.,0.00,0.000,0.000,0.000,0.000,.,.,.,0.000,0.000,20,0,0,0,0,0,.,.,0,0,0,0,0,.,.,0,0,0,0,0,.,.,0,0,0,0,0,.,.,0.000,0.000,20,,
21-Jul-1989,Toolik Tussock 1981 plots,NP,Graminoid,Other sedges,blade,new above,0.000,0.000,0.000,0.000,0.000,.,.,.,0,0.000,0.000,0.000,0.000,.,.,.,0.000,0.000,0.000,0.000,0.000,.,.,.,0.00,0.000,0.000,0.000,0.000,.,.,.,0.000,0.000,20,0,0,0,0,0,.,.,0,0,0,0,0,.,.,0,0,0,0,0,.,.,0,0,0,0,0,.,.,0.000,0.000,20,,
21-Jul-1989,Toolik Tussock 1981 plots,NP,Graminoid,Other sedges,sheath,new above,0.000,0.000,0.000,0.000,0.000,.,.,.,0,0.000,0.000,0.000,0.000,.,.,.,0.000,0.000,0.000,0.000,0.000,.,.,.,0.00,0.000,0.000,0.000,0.000,.,.,.,0.000,0.000,20,0,0,0,0,0,.,.,0,0,0,0,0,.,.,0,0,0,0,0,.,.,0,0,0,0,0,.,.,0.000,0.000,20,,
21-Jul-1989,Toolik Tussock 1981 plots,NP,Graminoid,Other sedges,rhizome,below,0.000,0.000,0.000,0.000,0.000,.,.,.,0,0.000,0.000,0.000,0.000,.,.,.,0.000,0.000,0.000,0.000,0.000,.,.,.,0.00,0.000,0.000,0.000,0.000,.,.,.,0.000,0.000,20,0,0,0,0,0,.,.,0,0,0,0,0,.,.,0,0,0,0,0,.,.,0,0,0,0,0,.,.,0.000,0.000,20,,
21-Jul-1989,Toolik Tussock 1981 plots,NP,Graminoid,Other sedges,v0,new above,0.000,0.000,0.000,0.000,0.000,.,.,.,0,0.000,0.000,0.000,0.000,.,.,.,0.000,0.000,0.000,0.000,0.000,.,.,.,0.00,0.000,0.000,0.000,0.000,.,.,.,0.000,0.000,20,0,0,0,0,0,.,.,0,0,0,0,0,.,.,0,0,0,0,0,.,.,0,0,0,0,0,.,.,0.000,0.000,20,,
21-Jul-1989,Toolik Tussock 1981 plots,NP,Graminoid,Other sedges,inflorescence,new above,0.000,0.000,0.000,0.000,0.000,.,.,.,0,0.000,0.000,0.000,0.000,.,.,.,0.000,0.000,0.000,0.000,0.000,.,.,.,0.00,0.000,0.000,0.000,0.000,.,.,.,0.000,0.000,20,0,0,0,0,0,.,.,0,0,0,0,0,.,.,0,0,0,0,0,.,.,0,0,0,0,0,.,.,0.000,0.000,20,,
21-Jul-1989,Toolik Tussock 1981 plots,NP,Graminoid,Grasses,blade,new above,0.000,0.000,0.047,0.000,0.000,.,.,.,0,1.857,0.284,0.000,0.000,.,.,.,0.000,0.000,0.000,0.000,0.000,.,.,.,0.00,0.000,0.000,0.958,0.000,.,.,.,0.157,0.102,20,0,0,1.175,0,0,.,.,0,46.425,7.1,0,0,.,.,0,0,0,0,0,.,.,0,0,0,23.95,0,.,.,3.933,2.550,20,,
21-Jul-1989,Toolik Tussock 1981 plots,NP,Graminoid,Grasses,sheath,new above,0.000,0.000,0.011,0.000,0.000,.,.,.,0,0.581,0.048,0.000,0.000,.,.,.,0.000,0.000,0.000,0.000,0.000,.,.,.,0.00,0.000,0.000,0.181,0.000,.,.,.,0.041,0.030,20,0,0,0.275,0,0,.,.,0,14.525,1.2,0,0,.,.,0,0,0,0,0,.,.,0,0,0,4.525,0,.,.,1.026,0.747,20,,
21-Jul-1989,Toolik Tussock 1981 plots,NP,Graminoid,Grasses,rhizome,below,0.000,0.000,0.087,0.000,0.000,.,.,.,0,0.682,0.093,0.000,0.000,.,.,.,0.000,0.000,0.000,0.000,0.000,.,.,.,0.00,0.000,0.000,0.833,0.000,.,.,.,0.085,0.052,20,0,0,2.175,0,0,.,.,0,17.05,2.325,0,0,.,.,0,0,0,0,0,.,.,0,0,0,20.825,0,.,.,2.119,1.303,20,,
21-Jul-1989,Toolik Tussock 1981 plots,NP,Graminoid,Grasses,v0,new above,0.000,0.000,0.001,0.000,0.000,.,.,.,0,0.033,0.000,0.000,0.000,.,.,.,0.000,0.000,0.000,0.000,0.000,.,.,.,0.00,0.000,0.000,0.016,0.000,.,.,.,0.003,0.002,20,0,0,0.025,0,0,.,.,0,0.825,0,0,0,.,.,0,0,0,0,0,.,.,0,0,0,0.4,0,.,.,0.063,0.045,20,,
21-Jul-1989,Toolik Tussock 1981 plots,NP,Graminoid,Grasses,inflorescence,new above,0.000,0.000,0.000,0.000,0.000,.,.,.,0,0.000,0.000,0.000,0.000,.,.,.,0.000,0.000,0.000,0.000,0.000,.,.,.,0.00,0.000,0.000,0.000,0.000,.,.,.,0.000,0.000,20,0,0,0,0,0,.,.,0,0,0,0,0,.,.,0,0,0,0,0,.,.,0,0,0,0,0,.,.,0.000,0.000,20,,
21-Jul-1989,Toolik Tussock 1981 plots,NP,Deciduous,Betula nana,new leaves,new above,4.455,3.015,4.085,3.387,1.978,.,.,.,6.026,1.130,2.268,4.520,2.294,.,.,.,1.759,8.228,2.766,3.031,0.101,.,.,.,3.08,3.399,5.170,1.458,2.317,.,.,.,3.224,0.412,20,111.375,75.375,102.125,84.675,49.45,.,.,150.65,28.25,56.7,113,57.35,.,.,43.975,205.7,69.15,75.775,2.525,.,.,77.075,84.975,129.25,36.45,57.925,.,.,80.588,10.303,20,,
21-Jul-1989,Toolik Tussock 1981 plots,NP,Deciduous,Betula nana,new stems,new above,0.899,0.675,0.925,1.324,0.455,.,.,.,0.985,0.361,0.467,1.525,0.531,.,.,.,0.488,1.400,0.465,0.401,0.025,.,.,.,0.63,0.779,0.941,0.257,0.841,.,.,.,0.719,0.088,20,22.475,16.875,23.125,33.1,11.375,.,.,24.625,9.025,11.675,38.125,13.275,.,.,12.2,35,11.625,10.025,0.625,.,.,15.775,19.475,23.525,6.425,21.025,.,.,17.969,2.189,20,,
21-Jul-1989,Toolik Tussock 1981 plots,NP,Deciduous,Betula nana,old stems,old above,10.418,11.116,10.251,5.736,10.310,.,.,.,18.436,0.375,5.436,8.550,5.520,.,.,.,2.502,28.604,6.235,13.612,0.055,.,.,.,21.40,18.513,16.709,3.328,12.009,.,.,.,10.456,1.660,20,260.45,277.9,256.275,143.4,257.75,.,.,460.9,9.375,135.9,213.75,138,.,.,62.55,715.1,155.875,340.3,1.375,.,.,535.05,462.825,417.725,83.2,300.225,.,.,261.396,41.496,20,,
21-Jul-1989,Toolik Tussock 1981 plots,NP,Deciduous,Betula nana,below stems,below,19.448,32.670,4.413,12.041,28.108,.,.,.,6.392,0.000,0.000,0.000,20.996,.,.,.,6.831,0.000,2.683,28.192,4.539,.,.,.,23.13,35.530,23.294,1.505,17.568,.,.,.,13.367,2.728,20,486.2,816.75,110.325,301.025,702.7,.,.,159.8,0,0,0,524.9,.,.,170.775,0,67.075,704.8,113.475,.,.,578.275,888.25,582.35,37.625,439.2,.,.,334.176,68.205,20,,
21-Jul-1989,Toolik Tussock 1981 plots,NP,Deciduous,Betula nana,inflorescence,new above,0.000,0.000,0.000,0.000,0.000,.,.,.,0,0.000,0.000,0.014,0.000,.,.,.,0.000,0.000,0.000,0.000,0.000,.,.,.,0.00,0.000,0.000,0.000,0.000,.,.,.,0.001,0.001,20,0,0,0,0,0,.,.,0,0,0,0.35,0,.,.,0,0,0,0,0,.,.,0,0,0,0,0,.,.,0.018,0.018,20,,
21-Jul-1989,Toolik Tussock 1981 plots,NP,Deciduous,Rubus chamaemorus,new leaves,new above,0.947,1.099,0.004,0.000,5.025,.,.,.,0.486,0.074,0.000,0.414,0.233,.,.,.,0.345,1.902,2.570,4.338,1.631,.,.,.,0.12,2.308,0.133,0.010,0.816,.,.,.,1.123,0.326,20,23.675,27.475,0.1,0,125.625,.,.,12.15,1.85,0,10.35,5.825,.,.,8.625,47.55,64.25,108.45,40.775,.,.,2.9,57.7,3.325,0.25,20.4,.,.,28.064,8.158,20,,
21-Jul-1989,Toolik Tussock 1981 plots,NP,Deciduous,Rubus chamaemorus,new stems,new above,0.080,0.101,0.004,0.000,0.179,.,.,.,0.101,0.030,0.000,0.046,0.043,.,.,.,0.020,0.189,0.329,0.547,0.142,.,.,.,0.05,0.310,0.033,0.000,0.092,.,.,.,0.115,0.031,20,2,2.525,0.1,0,4.475,.,.,2.525,0.75,0,1.15,1.075,.,.,0.5,4.725,8.225,13.675,3.55,.,.,1.35,7.75,0.825,0,2.3,.,.,2.875,0.782,20,,
21-Jul-1989,Toolik Tussock 1981 plots,NP,Deciduous,Rubus chamaemorus,below stems,below,0.579,1.799,0.086,0.043,7.882,.,.,.,2.455,0.115,0.155,0.000,0.862,.,.,.,0.247,1.523,4.352,5.524,5.159,.,.,.,0.88,2.248,0.000,0.044,2.318,.,.,.,1.814,0.504,20,14.475,44.975,2.15,1.075,197.05,.,.,61.375,2.875,3.875,0,21.55,.,.,6.175,38.075,108.8,138.1,128.975,.,.,22.075,56.2,0,1.1,57.95,.,.,45.343,12.591,20,,
21-Jul-1989,Toolik Tussock 1981 plots,NP,Deciduous,Rubus chamaemorus,inflorescence,new above,0.000,0.000,0.000,0.000,0.000,.,.,.,0,0.000,0.000,0.008,0.000,.,.,.,0.000,0.021,0.000,0.016,0.006,.,.,.,0.00,0.197,1.247,0.000,0.000,.,.,.,0.075,0.062,20,0,0,0,0,0,.,.,0,0,0,0.2,0,.,.,0,0.525,0,0.4,0.15,.,.,0,4.925,31.175,0,0,.,.,1.869,1.562,20,,
21-Jul-1989,Toolik Tussock 1981 plots,NP,Deciduous,Salix spp.,new leaves,new above,0.000,0.000,0.000,0.000,0.000,.,.,.,0,0.000,0.000,0.000,0.000,.,.,.,0.000,0.000,1.077,0.615,0.000,.,.,.,0.00,0.000,0.000,0.000,0.000,.,.,.,0.085,0.061,20,0,0,0,0,0,.,.,0,0,0,0,0,.,.,0,0,26.925,15.375,0,.,.,0,0,0,0,0,.,.,2.115,1.515,20,,
21-Jul-1989,Toolik Tussock 1981 plots,NP,Deciduous,Salix spp.,new stems,new above,0.000,0.000,0.000,0.000,0.000,.,.,.,0,0.000,0.000,0.000,0.000,.,.,.,0.000,0.000,0.190,0.229,0.000,.,.,.,0.00,0.000,0.000,0.000,0.000,.,.,.,0.021,0.014,20,0,0,0,0,0,.,.,0,0,0,0,0,.,.,0,0,4.75,5.725,0,.,.,0,0,0,0,0,.,.,0.524,0.362,20,,
21-Jul-1989,Toolik Tussock 1981 plots,NP,Deciduous,Salix spp.,old stems,old above,0.000,0.000,0.000,0.000,0.000,.,.,.,0,0.000,0.000,0.000,0.000,.,.,.,0.000,0.000,0.677,0.000,0.000,.,.,.,0.00,0.000,0.000,0.000,0.000,.,.,.,0.034,0.034,20,0,0,0,0,0,.,.,0,0,0,0,0,.,.,0,0,16.925,0,0,.,.,0,0,0,0,0,.,.,0.846,0.846,20,,
21-Jul-1989,Toolik Tussock 1981 plots,NP,Deciduous,Salix spp.,below stems,below,0.000,0.000,0.000,0.000,0.000,.,.,.,0,0.000,0.000,0.000,0.000,.,.,.,0.000,0.000,3.020,2.731,0.000,.,.,.,0.00,0.000,0.000,0.000,0.000,.,.,.,0.288,0.198,20,0,0,0,0,0,.,.,0,0,0,0,0,.,.,0,0,75.5,68.275,0,.,.,0,0,0,0,0,.,.,7.189,4.955,20,,
21-Jul-1989,Toolik Tussock 1981 plots,NP,Deciduous,Salix spp.,inflorescence,new above,0.000,0.000,0.000,0.000,0.000,.,.,.,0,0.000,0.000,0.000,0.000,.,.,.,0.000,0.000,0.000,0.000,0.000,.,.,.,0.00,0.000,0.000,0.000,0.000,.,.,.,0.000,0.000,20,0,0,0,0,0,.,.,0,0,0,0,0,.,.,0,0,0,0,0,.,.,0,0,0,0,0,.,.,0.000,0.000,20,,
21-Jul-1989,Toolik Tussock 1981 plots,NP,Deciduous,Other deciduous,new leaves,new above,0.000,0.000,0.000,0.000,0.000,.,.,.,0,0.000,0.000,0.000,0.000,.,.,.,0.000,0.000,0.000,0.000,0.000,.,.,.,0.00,0.000,0.000,0.117,0.000,.,.,.,0.006,0.006,20,0,0,0,0,0,.,.,0,0,0,0,0,.,.,0,0,0,0,0,.,.,0,0,0,2.925,0,.,.,0.146,0.146,20,,
21-Jul-1989,Toolik Tussock 1981 plots,NP,Deciduous,Other deciduous,new stems,new above,0.000,0.000,0.000,0.000,0.000,.,.,.,0,0.000,0.000,0.000,0.000,.,.,.,0.000,0.000,0.000,0.000,0.000,.,.,.,0.00,0.000,0.000,0.080,0.000,.,.,.,0.004,0.004,20,0,0,0,0,0,.,.,0,0,0,0,0,.,.,0,0,0,0,0,.,.,0,0,0,2,0,.,.,0.100,0.100,20,,
21-Jul-1989,Toolik Tussock 1981 plots,NP,Deciduous,Other deciduous,old stems,old above,0.000,0.000,0.000,0.000,0.000,.,.,.,0,0.000,0.000,0.000,0.000,.,.,.,0.000,0.000,0.000,0.000,0.000,.,.,.,0.00,0.000,0.000,0.262,0.000,.,.,.,0.013,0.013,20,0,0,0,0,0,.,.,0,0,0,0,0,.,.,0,0,0,0,0,.,.,0,0,0,6.55,0,.,.,0.328,0.328,20,,
21-Jul-1989,Toolik Tussock 1981 plots,NP,Deciduous,Other deciduous,below stems,below,0.000,0.000,0.000,0.000,0.000,.,.,.,0,0.000,0.000,0.000,0.000,.,.,.,0.000,0.000,0.000,0.000,0.000,.,.,.,0.00,0.000,0.000,0.936,0.000,.,.,.,0.047,0.047,20,0,0,0,0,0,.,.,0,0,0,0,0,.,.,0,0,0,0,0,.,.,0,0,0,23.4,0,.,.,1.170,1.170,20,,
21-Jul-1989,Toolik Tussock 1981 plots,NP,Deciduous,Other deciduous,inflorescence,new above,0.000,0.000,0.000,0.000,0.000,.,.,.,0,0.000,0.000,0.000,0.000,.,.,.,0.000,0.000,0.000,0.000,0.000,.,.,.,0.00,0.000,0.000,0.000,0.000,.,.,.,0.000,0.000,20,0,0,0,0,0,.,.,0,0,0,0,0,.,.,0,0,0,0,0,.,.,0,0,0,0,0,.,.,0.000,0.000,20,,
21-Jul-1989,Toolik Tussock 1981 plots,NP,Evergreen,Ledum palustre,old leaves,old above,0.020,1.708,0.000,0.901,0.573,.,.,.,0.325,0.300,0.250,0.000,3.221,.,.,.,0.000,0.000,0.215,0.004,0.529,.,.,.,0.00,0.021,0.049,0.104,0.081,.,.,.,0.415,0.175,20,0.5,42.7,0,22.525,14.325,.,.,8.125,7.5,6.25,0,80.525,.,.,0,0,5.375,0.1,13.225,.,.,0,0.525,1.225,2.6,2.025,.,.,10.376,4.366,20,,
21-Jul-1989,Toolik Tussock 1981 plots,NP,Evergreen,Ledum palustre,new leaves,new above,0.003,1.538,0.000,0.403,0.058,.,.,.,0.333,0.379,0.199,0.000,2.042,.,.,.,0.000,0.000,0.606,0.047,0.565,.,.,.,0.00,0.059,0.423,0.159,0.275,.,.,.,0.354,0.120,20,0.075,38.45,0,10.075,1.45,.,.,8.325,9.475,4.975,0,51.05,.,.,0,0,15.15,1.175,14.125,.,.,0,1.475,10.575,3.975,6.875,.,.,8.861,2.995,20,,
21-Jul-1989,Toolik Tussock 1981 plots,NP,Evergreen,Ledum palustre,new stems,new above,0.002,0.375,0.000,0.095,0.020,.,.,.,0.072,0.076,0.060,0.000,0.430,.,.,.,0.000,0.000,0.355,0.010,0.134,.,.,.,0.00,0.032,0.112,0.054,0.091,.,.,.,0.096,0.030,20,0.05,9.375,0,2.375,0.5,.,.,1.8,1.9,1.5,0,10.75,.,.,0,0,8.875,0.25,3.35,.,.,0,0.8,2.8,1.35,2.275,.,.,2.398,0.742,20,,
21-Jul-1989,Toolik Tussock 1981 plots,NP,Evergreen,Ledum palustre,old stems,old above,0.938,6.889,0.000,1.391,2.328,.,.,.,1.431,1.093,0.630,0.000,5.492,.,.,.,0.000,0.000,1.688,0.032,0.896,.,.,.,0.00,0.317,2.487,0.585,1.222,.,.,.,1.371,0.409,20,23.45,172.225,0,34.775,58.2,.,.,35.775,27.325,15.75,0,137.3,.,.,0,0,42.2,0.8,22.4,.,.,0,7.925,62.175,14.625,30.55,.,.,34.274,10.234,20,,
21-Jul-1989,Toolik Tussock 1981 plots,NP,Evergreen,Ledum palustre,below stems,below,0.459,13.471,0.000,1.970,0.969,.,.,.,5.225,0.193,0.757,0.000,5.652,.,.,.,6.650,0.000,0.997,0.465,3.047,.,.,.,0.28,0.900,3.490,3.517,1.745,.,.,.,2.489,0.736,20,11.475,336.775,0,49.25,24.225,.,.,130.625,4.825,18.925,0,141.3,.,.,166.25,0,24.925,11.625,76.175,.,.,7.025,22.5,87.25,87.925,43.625,.,.,62.235,18.390,20,,
21-Jul-1989,Toolik Tussock 1981 plots,NP,Evergreen,Ledum palustre,inflorescence,new above,0.000,0.224,0.000,0.000,0.000,.,.,.,0,0.000,0.000,0.000,0.000,.,.,.,0.000,0.000,0.000,0.000,0.000,.,.,.,0.00,0.000,0.000,0.000,0.000,.,.,.,0.011,0.011,20,0,5.6,0,0,0,.,.,0,0,0,0,0,.,.,0,0,0,0,0,.,.,0,0,0,0,0,.,.,0.280,0.280,20,,
21-Jul-1989,Toolik Tussock 1981 plots,NP,Evergreen,Vaccinium vitis-idaea,old leaves,old above,0.200,0.220,0.000,0.747,0.212,.,.,.,0.026,0.000,0.160,0.000,0.115,.,.,.,0.000,0.000,0.459,0.045,0.059,.,.,.,0.00,0.049,0.073,2.388,0.072,.,.,.,0.241,0.120,20,5,5.5,0,18.675,5.3,.,.,0.65,0,4,0,2.875,.,.,0,0,11.475,1.125,1.475,.,.,0,1.225,1.825,59.7,1.8,.,.,6.031,3.007,20,,
21-Jul-1989,Toolik Tussock 1981 plots,NP,Evergreen,Vaccinium vitis-idaea,new leaves,new above,0.048,0.060,0.000,0.047,0.015,.,.,.,0.039,0.000,0.000,0.000,0.035,.,.,.,0.000,0.000,0.301,0.012,0.094,.,.,.,0.00,0.053,0.031,0.822,0.049,.,.,.,0.080,0.042,20,1.2,1.5,0,1.175,0.375,.,.,0.975,0,0,0,0.875,.,.,0,0,7.525,0.3,2.35,.,.,0,1.325,0.775,20.55,1.225,.,.,2.008,1.045,20,,
21-Jul-1989,Toolik Tussock 1981 plots,NP,Evergreen,Vaccinium vitis-idaea,new stems,new above,0.008,0.016,0.000,0.007,0.005,.,.,.,0.01,0.000,0.000,0.000,0.003,.,.,.,0.000,0.000,0.070,0.004,0.022,.,.,.,0.00,0.023,0.006,0.204,0.011,.,.,.,0.019,0.010,20,0.2,0.4,0,0.175,0.125,.,.,0.25,0,0,0,0.075,.,.,0,0,1.75,0.1,0.55,.,.,0,0.575,0.15,5.1,0.275,.,.,0.486,0.259,20,,
21-Jul-1989,Toolik Tussock 1981 plots,NP,Evergreen,Vaccinium vitis-idaea,old stems,old above,0.131,0.165,0.000,0.527,0.150,.,.,.,0.042,0.000,0.119,0.000,0.086,.,.,.,0.000,0.000,0.379,0.054,0.015,.,.,.,0.00,1.167,0.092,1.752,0.318,.,.,.,0.250,0.100,20,3.275,4.125,0,13.175,3.75,.,.,1.05,0,2.975,0,2.15,.,.,0,0,9.475,1.35,0.375,.,.,0,29.175,2.3,43.8,7.95,.,.,6.246,2.502,20,,
21-Jul-1989,Toolik Tussock 1981 plots,NP,Evergreen,Vaccinium vitis-idaea,below stems,below,0.603,0.681,0.000,3.687,0.149,.,.,.,1.627,0.000,0.146,0.000,0.415,.,.,.,1.485,0.462,1.995,0.223,0.269,.,.,.,0.15,1.620,0.421,4.808,1.864,.,.,.,1.030,0.290,20,15.075,17.025,0,92.175,3.725,.,.,40.675,0,3.65,0,10.375,.,.,37.125,11.55,49.875,5.575,6.725,.,.,3.75,40.5,10.525,120.2,46.6,.,.,25.756,7.254,20,,
21-Jul-1989,Toolik Tussock 1981 plots,NP,Evergreen,Vaccinium vitis-idaea,inflorescence,new above,0.000,0.000,0.000,0.000,0.000,.,.,.,0,0.000,0.000,0.000,0.000,.,.,.,0.000,0.000,0.000,0.000,0.000,.,.,.,0.00,0.000,0.000,0.000,0.000,.,.,.,0.000,0.000,20,0,0,0,0,0,.,.,0,0,0,0,0,.,.,0,0,0,0,0,.,.,0,0,0,0,0,.,.,0.000,0.000,20,,
21-Jul-1989,Toolik Tussock 1981 plots,NP,Evergreen,Other Evergreen,old leaves,old above,0.000,0.000,0.000,0.000,0.000,.,.,.,0,0.000,0.000,0.000,0.120,.,.,.,0.000,0.000,0.654,0.000,0.000,.,.,.,0.00,0.000,0.077,0.000,0.432,.,.,.,0.064,0.038,20,0,0,0,0,0,.,.,0,0,0,0,3,.,.,0,0,16.35,0,0,.,.,0,0,1.925,0,10.8,.,.,1.604,0.953,20,,
21-Jul-1989,Toolik Tussock 1981 plots,NP,Evergreen,Other Evergreen,new leaves,new above,0.000,0.000,0.000,0.000,0.000,.,.,.,0,0.000,0.000,0.000,0.024,.,.,.,0.000,0.000,1.439,0.000,0.000,.,.,.,0.00,0.000,0.031,0.000,0.124,.,.,.,0.081,0.072,20,0,0,0,0,0,.,.,0,0,0,0,0.6,.,.,0,0,35.975,0,0,.,.,0,0,0.775,0,3.1,.,.,2.023,1.794,20,,
21-Jul-1989,Toolik Tussock 1981 plots,NP,Evergreen,Other Evergreen,new stems,new above,0.000,0.000,0.000,0.000,0.000,.,.,.,0,0.000,0.000,0.000,0.009,.,.,.,0.000,0.000,0.445,0.000,0.000,.,.,.,0.00,0.000,0.006,0.000,0.021,.,.,.,0.024,0.022,20,0,0,0,0,0,.,.,0,0,0,0,0.225,.,.,0,0,11.125,0,0,.,.,0,0,0.15,0,0.525,.,.,0.601,0.555,20,,
21-Jul-1989,Toolik Tussock 1981 plots,NP,Evergreen,Other Evergreen,old stems,old above,0.000,0.000,0.000,0.000,0.000,.,.,.,0,0.000,0.000,0.000,0.113,.,.,.,0.000,0.000,1.245,0.000,0.000,.,.,.,0.00,0.000,0.107,0.000,0.537,.,.,.,0.100,0.066,20,0,0,0,0,0,.,.,0,0,0,0,2.825,.,.,0,0,31.125,0,0,.,.,0,0,2.675,0,13.425,.,.,2.503,1.653,20,,
21-Jul-1989,Toolik Tussock 1981 plots,NP,Evergreen,Other Evergreen,below stems,below,0.000,0.000,0.000,0.000,0.000,.,.,.,0,0.000,0.000,0.000,0.000,.,.,.,0.176,0.000,1.074,0.000,0.000,.,.,.,0.00,0.000,0.035,0.000,1.088,.,.,.,0.119,0.074,20,0,0,0,0,0,.,.,0,0,0,0,0,.,.,4.4,0,26.85,0,0,.,.,0,0,0.875,0,27.2,.,.,2.966,1.853,20,,
21-Jul-1989,Toolik Tussock 1981 plots,NP,Evergreen,Other Evergreen,inflorescence,new above,0.000,0.000,0.000,0.000,0.000,.,.,.,0,0.000,0.000,0.000,0.000,.,.,.,0.000,0.000,0.000,0.000,0.000,.,.,.,0.00,0.000,0.000,0.000,0.000,.,.,.,0.000,0.000,20,0,0,0,0,0,.,.,0,0,0,0,0,.,.,0,0,0,0,0,.,.,0,0,0,0,0,.,.,0.000,0.000,20,,
21-Jul-1989,Toolik Tussock 1981 plots,NP,Forb,Forbs spp. ,new above,new above,0.000,0.000,0.000,0.202,0.000,.,.,.,0,0.000,0.000,0.000,0.000,.,.,.,0.000,0.000,0.002,0.000,0.000,.,.,.,0.00,0.000,0.000,0.000,0.000,.,.,.,0.010,0.010,20,0,0,0,5.05,0,.,.,0,0,0,0,0,.,.,0,0,0.05,0,0,.,.,0,0,0,0,0,.,.,0.255,0.252,20,,
21-Jul-1989,Toolik Tussock 1981 plots,NP,Forb,Forbs spp. ,below,below,0.000,0.000,0.000,0.508,0.000,.,.,.,0,0.000,0.000,0.000,0.000,.,.,.,0.000,0.000,0.000,0.000,0.000,.,.,.,0.00,0.000,0.000,0.000,0.000,.,.,.,0.025,0.025,20,0,0,0,12.7,0,.,.,0,0,0,0,0,.,.,0,0,0,0,0,.,.,0,0,0,0,0,.,.,0.635,0.635,20,,
21-Jul-1989,Toolik Tussock 1981 plots,NP,Bryophyte,Mosses spp.,live green,non-vascular,1.232,0.448,0.000,4.526,0.286,.,.,.,0.844,2.656,0.000,0.003,0.006,.,.,.,0.085,0.041,0.978,0.720,0.387,.,.,.,2.71,0.024,1.079,2.465,0.233,.,.,.,0.936,0.275,20,30.8,11.2,0,113.15,7.15,.,.,21.1,66.4,0,0.075,0.15,.,.,2.125,1.025,24.45,18,9.675,.,.,67.7,0.6,26.975,61.625,5.825,.,.,23.401,6.881,20,,
21-Jul-1989,Toolik Tussock 1981 plots,NP,Lichen,Lichens spp.,live,non-vascular,0.650,0.000,0.000,0.008,0.478,.,.,.,0,0.186,0.431,0.002,0.000,.,.,.,0.057,0.081,0.000,0.000,0.015,.,.,.,0.04,0.002,0.000,0.410,0.000,.,.,.,0.118,0.045,20,16.25,0,0,0.2,11.95,.,.,0,4.65,10.775,0.05,0,.,.,1.425,2.025,0,0,0.375,.,.,0.9,0.05,0,10.25,0,.,.,2.945,1.128,20,,
21-Jul-1989,Toolik Tussock 1981 plots,GH,Graminoid,Eriophorum vaginatum,blade,new above,5.136,0.191,1.067,0.422,0.117,.,.,.,7.94,0.558,1.602,1.598,0.759,.,.,.,0.533,0.176,0.776,0.000,0.423,.,.,.,0.00,0.207,0.027,2.101,0.806,.,.,.,1.222,0.439,20,128.4,4.775,26.675,10.55,2.925,.,.,198.5,13.95,40.05,39.95,18.975,.,.,13.325,4.4,19.4,0,10.575,.,.,0,5.175,0.675,52.525,20.15,.,.,30.549,10.968,20,,
21-Jul-1989,Toolik Tussock 1981 plots,GH,Graminoid,Eriophorum vaginatum,sheath,new above,3.649,0.197,1.336,0.413,0.104,.,.,.,5.935,0.283,1.200,0.898,0.611,.,.,.,0.412,0.255,0.615,0.000,0.426,.,.,.,0.00,0.136,0.085,1.880,0.644,.,.,.,0.954,0.324,20,91.225,4.925,33.4,10.325,2.6,.,.,148.375,7.075,30,22.45,15.275,.,.,10.3,6.375,15.375,0,10.65,.,.,0,3.4,2.125,47,16.1,.,.,23.849,8.092,20,,
21-Jul-1989,Toolik Tussock 1981 plots,GH,Graminoid,Eriophorum vaginatum,rhizome,below,9.525,0.200,3.490,0.511,0.096,.,.,.,10.353,1.025,1.651,2.388,1.731,.,.,.,0.710,0.461,1.069,0.000,0.338,.,.,.,0.00,0.440,0.000,2.079,0.692,.,.,.,1.838,0.653,20,238.125,5,87.25,12.775,2.4,.,.,258.825,25.625,41.275,59.7,43.275,.,.,17.75,11.525,26.725,0,8.45,.,.,0,11,0,51.975,17.3,.,.,45.949,16.337,20,,
21-Jul-1989,Toolik Tussock 1981 plots,GH,Graminoid,Eriophorum vaginatum,v0,new above,0.362,0.009,0.000,0.000,0.000,.,.,.,0.05,0.000,0.013,0.007,0.000,.,.,.,0.011,0.009,0.016,0.000,0.000,.,.,.,0.00,0.002,0.000,0.061,0.003,.,.,.,0.027,0.018,20,9.05,0.225,0,0,0,.,.,1.25,0,0.325,0.175,0,.,.,0.275,0.225,0.4,0,0,.,.,0,0.05,0,1.525,0.075,.,.,0.679,0.450,20,,
21-Jul-1989,Toolik Tussock 1981 plots,GH,Graminoid,Eriophorum vaginatum,inflorescence,new above,0.000,0.000,0.000,0.000,0.000,.,.,.,0,0.000,0.000,0.000,0.000,.,.,.,0.000,0.000,0.000,0.000,0.000,.,.,.,0.00,0.000,0.000,0.000,0.000,.,.,.,0.000,0.000,20,0,0,0,0,0,.,.,0,0,0,0,0,.,.,0,0,0,0,0,.,.,0,0,0,0,0,.,.,0.000,0.000,20,,
21-Jul-1989,Toolik Tussock 1981 plots,GH,Graminoid,Carex bigelowii,blade,new above,0.000,0.000,0.000,0.792,0.000,.,.,.,0.108,0.516,0.000,0.000,0.000,.,.,.,0.207,0.005,0.176,0.293,0.475,.,.,.,0.00,0.000,0.000,0.000,0.000,.,.,.,0.129,0.050,20,0,0,0,19.8,0,.,.,2.7,12.9,0,0,0,.,.,5.175,0.125,4.4,7.325,11.875,.,.,0,0,0,0,0,.,.,3.215,1.256,20,,
21-Jul-1989,Toolik Tussock 1981 plots,GH,Graminoid,Carex bigelowii,sheath,new above,0.000,0.000,0.000,0.192,0.000,.,.,.,0.028,0.128,0.000,0.000,0.000,.,.,.,0.033,0.000,0.104,0.100,0.218,.,.,.,0.00,0.000,0.000,0.000,0.000,.,.,.,0.040,0.015,20,0,0,0,4.8,0,.,.,0.7,3.2,0,0,0,.,.,0.825,0,2.6,2.5,5.45,.,.,0,0,0,0,0,.,.,1.004,0.387,20,,
21-Jul-1989,Toolik Tussock 1981 plots,GH,Graminoid,Carex bigelowii,rhizome,below,0.000,0.000,0.000,1.551,0.000,.,.,.,0.085,0.532,0.000,0.211,0.000,.,.,.,1.015,0.634,5.290,0.666,3.108,.,.,.,0.00,0.536,0.000,0.181,0.000,.,.,.,0.690,0.295,20,0,0,0,38.775,0,.,.,2.125,13.3,0,5.275,0,.,.,25.375,15.85,132.25,16.65,77.7,.,.,0,13.4,0,4.525,0,.,.,17.261,7.372,20,,
21-Jul-1989,Toolik Tussock 1981 plots,GH,Graminoid,Carex bigelowii,v0,new above,0.000,0.000,0.000,0.016,0.000,.,.,.,0,0.001,0.000,0.000,0.000,.,.,.,0.005,0.000,0.000,0.000,0.040,.,.,.,0.00,0.000,0.000,0.000,0.000,.,.,.,0.003,0.002,20,0,0,0,0.4,0,.,.,0,0.025,0,0,0,.,.,0.125,0,0,0,1,.,.,0,0,0,0,0,.,.,0.078,0.053,20,,
21-Jul-1989,Toolik Tussock 1981 plots,GH,Graminoid,Carex bigelowii,inflorescence,new above,0.000,0.000,0.000,0.000,0.000,.,.,.,0,0.000,0.000,0.000,0.000,.,.,.,0.000,0.000,0.000,0.000,0.000,.,.,.,0.00,0.000,0.000,0.000,0.000,.,.,.,0.000,0.000,20,0,0,0,0,0,.,.,0,0,0,0,0,.,.,0,0,0,0,0,.,.,0,0,0,0,0,.,.,0.000,0.000,20,,
21-Jul-1989,Toolik Tussock 1981 plots,GH,Graminoid,Other sedges,blade,new above,0.000,0.000,0.000,0.000,0.000,.,.,.,0,0.000,0.000,0.000,0.000,.,.,.,0.000,0.000,0.000,0.000,0.000,.,.,.,0.00,0.000,0.000,0.000,0.000,.,.,.,0.000,0.000,20,0,0,0,0,0,.,.,0,0,0,0,0,.,.,0,0,0,0,0,.,.,0,0,0,0,0,.,.,0.000,0.000,20,,
21-Jul-1989,Toolik Tussock 1981 plots,GH,Graminoid,Other sedges,sheath,new above,0.000,0.000,0.000,0.000,0.000,.,.,.,0,0.000,0.000,0.000,0.000,.,.,.,0.000,0.000,0.000,0.000,0.000,.,.,.,0.00,0.000,0.000,0.000,0.000,.,.,.,0.000,0.000,20,0,0,0,0,0,.,.,0,0,0,0,0,.,.,0,0,0,0,0,.,.,0,0,0,0,0,.,.,0.000,0.000,20,,
21-Jul-1989,Toolik Tussock 1981 plots,GH,Graminoid,Other sedges,rhizome,below,0.000,0.000,0.000,0.000,0.000,.,.,.,0,0.000,0.000,0.000,0.000,.,.,.,0.000,0.000,0.000,0.000,0.000,.,.,.,0.00,0.000,0.000,0.000,0.000,.,.,.,0.000,0.000,20,0,0,0,0,0,.,.,0,0,0,0,0,.,.,0,0,0,0,0,.,.,0,0,0,0,0,.,.,0.000,0.000,20,,
21-Jul-1989,Toolik Tussock 1981 plots,GH,Graminoid,Other sedges,v0,new above,0.000,0.000,0.000,0.000,0.000,.,.,.,0,0.000,0.000,0.000,0.000,.,.,.,0.000,0.000,0.000,0.000,0.000,.,.,.,0.00,0.000,0.000,0.000,0.000,.,.,.,0.000,0.000,20,0,0,0,0,0,.,.,0,0,0,0,0,.,.,0,0,0,0,0,.,.,0,0,0,0,0,.,.,0.000,0.000,20,,
21-Jul-1989,Toolik Tussock 1981 plots,GH,Graminoid,Other sedges,inflorescence,new above,0.000,0.000,0.000,0.000,0.000,.,.,.,0,0.000,0.000,0.000,0.000,.,.,.,0.000,0.000,0.000,0.000,0.000,.,.,.,0.00,0.000,0.000,0.000,0.000,.,.,.,0.000,0.000,20,0,0,0,0,0,.,.,0,0,0,0,0,.,.,0,0,0,0,0,.,.,0,0,0,0,0,.,.,0.000,0.000,20,,
21-Jul-1989,Toolik Tussock 1981 plots,GH,Graminoid,Grasses,blade,new above,0.000,0.000,0.000,0.000,0.000,.,.,.,0,0.000,0.000,0.000,0.000,.,.,.,0.000,0.000,0.000,0.000,0.000,.,.,.,0.03,0.000,0.000,0.000,0.000,.,.,.,0.002,0.002,20,0,0,0,0,0,.,.,0,0,0,0,0,.,.,0,0,0,0,0,.,.,0.825,0,0,0,0,.,.,0.041,0.041,20,,
21-Jul-1989,Toolik Tussock 1981 plots,GH,Graminoid,Grasses,sheath,new above,0.000,0.000,0.000,0.000,0.000,.,.,.,0,0.000,0.000,0.000,0.000,.,.,.,0.000,0.000,0.000,0.000,0.000,.,.,.,0.03,0.000,0.000,0.000,0.000,.,.,.,0.001,0.001,20,0,0,0,0,0,.,.,0,0,0,0,0,.,.,0,0,0,0,0,.,.,0.7,0,0,0,0,.,.,0.035,0.035,20,,
21-Jul-1989,Toolik Tussock 1981 plots,GH,Graminoid,Grasses,rhizome,below,0.000,0.000,0.000,0.000,0.000,.,.,.,0,0.000,0.000,0.000,0.000,.,.,.,0.000,0.000,0.000,0.000,0.000,.,.,.,0.01,0.000,0.000,0.000,0.000,.,.,.,0.000,0.000,20,0,0,0,0,0,.,.,0,0,0,0,0,.,.,0,0,0,0,0,.,.,0.125,0,0,0,0,.,.,0.006,0.006,20,,
21-Jul-1989,Toolik Tussock 1981 plots,GH,Graminoid,Grasses,v0,new above,0.000,0.000,0.000,0.000,0.000,.,.,.,0,0.000,0.000,0.000,0.000,.,.,.,0.000,0.000,0.000,0.000,0.000,.,.,.,0.00,0.000,0.000,0.000,0.000,.,.,.,0.000,0.000,20,0,0,0,0,0,.,.,0,0,0,0,0,.,.,0,0,0,0,0,.,.,0,0,0,0,0,.,.,0.000,0.000,20,,
21-Jul-1989,Toolik Tussock 1981 plots,GH,Graminoid,Grasses,inflorescence,new above,0.000,0.000,0.000,0.000,0.000,.,.,.,0,0.000,0.000,0.000,0.000,.,.,.,0.000,0.000,0.000,0.000,0.000,.,.,.,0.00,0.000,0.000,0.000,0.000,.,.,.,0.000,0.000,20,0,0,0,0,0,.,.,0,0,0,0,0,.,.,0,0,0,0,0,.,.,0,0,0,0,0,.,.,0.000,0.000,20,,
21-Jul-1989,Toolik Tussock 1981 plots,GH,Deciduous,Betula nana,new leaves,new above,0.057,0.431,1.646,0.820,1.942,.,.,.,0.382,1.576,0.507,0.070,0.000,.,.,.,0.729,1.474,0.698,2.005,0.000,.,.,.,2.14,0.231,0.670,0.012,2.925,.,.,.,0.916,0.194,20,1.425,10.775,41.15,20.5,48.55,.,.,9.55,39.4,12.675,1.75,0,.,.,18.225,36.85,17.45,50.125,0,.,.,53.525,5.775,16.75,0.3,73.125,.,.,22.895,4.852,20,,
21-Jul-1989,Toolik Tussock 1981 plots,GH,Deciduous,Betula nana,new stems,new above,0.005,0.056,0.230,0.141,0.243,.,.,.,0.103,0.582,0.185,0.023,0.000,.,.,.,0.121,0.151,0.200,0.196,0.000,.,.,.,0.51,0.027,0.050,0.020,0.792,.,.,.,0.182,0.048,20,0.125,1.4,5.75,3.525,6.075,.,.,2.575,14.55,4.625,0.575,0,.,.,3.025,3.775,5,4.9,0,.,.,12.7,0.675,1.25,0.5,19.8,.,.,4.541,1.192,20,,
21-Jul-1989,Toolik Tussock 1981 plots,GH,Deciduous,Betula nana,old stems,old above,0.665,0.575,2.439,1.110,3.452,.,.,.,0.331,3.584,1.222,0.000,0.000,.,.,.,1.931,1.485,0.705,6.384,0.000,.,.,.,9.76,0.732,3.304,1.410,4.645,.,.,.,2.187,0.553,20,16.625,14.375,60.975,27.75,86.3,.,.,8.275,89.6,30.55,0,0,.,.,48.275,37.125,17.625,159.6,0,.,.,243.9,18.3,82.6,35.25,116.125,.,.,54.663,13.818,20,,
21-Jul-1989,Toolik Tussock 1981 plots,GH,Deciduous,Betula nana,below stems,below,14.493,0.000,4.885,7.769,18.346,.,.,.,0.587,7.041,1.630,2.012,0.000,.,.,.,5.680,0.000,3.004,18.130,0.000,.,.,.,9.92,6.120,29.759,9.096,14.960,.,.,.,7.671,1.783,20,362.325,0,122.125,194.225,458.65,.,.,14.675,176.025,40.75,50.3,0,.,.,142,0,75.1,453.25,0,.,.,247.9,153,743.975,227.4,374,.,.,191.785,44.581,20,,
21-Jul-1989,Toolik Tussock 1981 plots,GH,Deciduous,Betula nana,inflorescence,new above,0.000,0.000,0.000,0.000,0.000,.,.,.,0,0.000,0.000,0.000,0.000,.,.,.,0.000,0.000,0.000,0.000,0.000,.,.,.,0.00,0.000,0.000,0.000,0.000,.,.,.,0.000,0.000,20,0,0,0,0,0,.,.,0,0,0,0,0,.,.,0,0,0,0,0,.,.,0,0,0,0,0,.,.,0.000,0.000,20,,
21-Jul-1989,Toolik Tussock 1981 plots,GH,Deciduous,Rubus chamaemorus,new leaves,new above,0.015,0.000,0.088,0.000,0.168,.,.,.,0.254,0.000,0.505,0.188,0.000,.,.,.,0.047,0.021,0.088,0.261,0.000,.,.,.,0.45,0.000,0.202,0.353,0.435,.,.,.,0.154,0.038,20,0.375,0,2.2,0,4.2,.,.,6.35,0,12.625,4.7,0,.,.,1.175,0.525,2.2,6.525,0,.,.,11.2,0,5.05,8.825,10.875,.,.,3.841,0.953,20,,
21-Jul-1989,Toolik Tussock 1981 plots,GH,Deciduous,Rubus chamaemorus,new stems,new above,0.007,0.000,0.027,0.000,0.007,.,.,.,0.011,0.000,0.039,0.047,0.000,.,.,.,0.005,0.003,0.007,0.294,0.000,.,.,.,0.04,0.000,0.187,0.043,0.053,.,.,.,0.039,0.016,20,0.175,0,0.675,0,0.175,.,.,0.275,0,0.975,1.175,0,.,.,0.125,0.075,0.175,7.35,0,.,.,1,0,4.675,1.075,1.325,.,.,0.963,0.411,20,,
21-Jul-1989,Toolik Tussock 1981 plots,GH,Deciduous,Rubus chamaemorus,below stems,below,1.796,0.000,0.789,0.234,0.584,.,.,.,0.451,0.000,0.015,0.199,0.000,.,.,.,1.663,0.057,0.353,1.407,0.000,.,.,.,1.95,0.000,1.450,9.020,2.911,.,.,.,1.144,0.456,20,44.9,0,19.725,5.85,14.6,.,.,11.275,0,0.375,4.975,0,.,.,41.575,1.425,8.825,35.175,0,.,.,48.675,0,36.25,225.5,72.775,.,.,28.595,11.393,20,,
21-Jul-1989,Toolik Tussock 1981 plots,GH,Deciduous,Rubus chamaemorus,inflorescence,new above,0.000,0.000,0.000,0.000,0.000,.,.,.,0,0.000,0.012,0.008,0.000,.,.,.,0.000,0.000,0.000,0.000,0.000,.,.,.,0.00,0.000,0.000,0.002,0.000,.,.,.,0.001,0.001,20,0,0,0,0,0,.,.,0,0,0.3,0.2,0,.,.,0,0,0,0,0,.,.,0,0,0,0.05,0,.,.,0.028,0.018,20,,
21-Jul-1989,Toolik Tussock 1981 plots,GH,Deciduous,Salix spp.,new leaves,new above,0.000,0.000,0.000,0.000,0.000,.,.,.,0,0.000,0.000,0.000,0.000,.,.,.,0.000,0.000,0.000,0.000,0.000,.,.,.,0.00,0.000,0.000,0.000,0.000,.,.,.,0.000,0.000,20,0,0,0,0,0,.,.,0,0,0,0,0,.,.,0,0,0,0,0,.,.,0,0,0,0,0,.,.,0.000,0.000,20,,
21-Jul-1989,Toolik Tussock 1981 plots,GH,Deciduous,Salix spp.,new stems,new above,0.000,0.000,0.000,0.000,0.000,.,.,.,0,0.000,0.000,0.000,0.000,.,.,.,0.000,0.000,0.000,0.000,0.000,.,.,.,0.00,0.000,0.000,0.000,0.000,.,.,.,0.000,0.000,20,0,0,0,0,0,.,.,0,0,0,0,0,.,.,0,0,0,0,0,.,.,0,0,0,0,0,.,.,0.000,0.000,20,,
21-Jul-1989,Toolik Tussock 1981 plots,GH,Deciduous,Salix spp.,old stems,old above,0.000,0.000,0.000,0.000,0.000,.,.,.,0,0.000,0.000,0.000,0.000,.,.,.,0.000,0.000,0.000,0.000,0.000,.,.,.,0.00,0.000,0.000,0.000,0.000,.,.,.,0.000,0.000,20,0,0,0,0,0,.,.,0,0,0,0,0,.,.,0,0,0,0,0,.,.,0,0,0,0,0,.,.,0.000,0.000,20,,
21-Jul-1989,Toolik Tussock 1981 plots,GH,Deciduous,Salix spp.,below stems,below,0.000,0.000,0.000,0.000,0.000,.,.,.,0,0.000,0.000,0.000,0.000,.,.,.,0.000,0.000,0.000,0.000,0.000,.,.,.,0.00,0.000,0.000,0.000,0.000,.,.,.,0.000,0.000,20,0,0,0,0,0,.,.,0,0,0,0,0,.,.,0,0,0,0,0,.,.,0,0,0,0,0,.,.,0.000,0.000,20,,
21-Jul-1989,Toolik Tussock 1981 plots,GH,Deciduous,Salix spp.,inflorescence,new above,0.000,0.000,0.000,0.000,0.000,.,.,.,0,0.000,0.000,0.000,0.000,.,.,.,0.000,0.000,0.000,0.000,0.000,.,.,.,0.00,0.000,0.000,0.000,0.000,.,.,.,0.000,0.000,20,0,0,0,0,0,.,.,0,0,0,0,0,.,.,0,0,0,0,0,.,.,0,0,0,0,0,.,.,0.000,0.000,20,,
21-Jul-1989,Toolik Tussock 1981 plots,GH,Deciduous,Other deciduous,new leaves,new above,0.000,0.000,0.000,0.000,0.000,.,.,.,0,0.000,0.000,0.000,0.000,.,.,.,0.019,0.000,0.000,0.000,0.000,.,.,.,0.00,0.000,0.000,0.000,0.000,.,.,.,0.001,0.001,20,0,0,0,0,0,.,.,0,0,0,0,0,.,.,0.475,0,0,0,0,.,.,0,0,0,0,0,.,.,0.024,0.024,20,,
21-Jul-1989,Toolik Tussock 1981 plots,GH,Deciduous,Other deciduous,new stems,new above,0.000,0.000,0.000,0.000,0.000,.,.,.,0,0.000,0.000,0.000,0.000,.,.,.,0.004,0.000,0.000,0.000,0.000,.,.,.,0.00,0.000,0.000,0.000,0.000,.,.,.,0.000,0.000,20,0,0,0,0,0,.,.,0,0,0,0,0,.,.,0.1,0,0,0,0,.,.,0,0,0,0,0,.,.,0.005,0.005,20,,
21-Jul-1989,Toolik Tussock 1981 plots,GH,Deciduous,Other deciduous,old stems,old above,0.000,0.000,0.000,0.000,0.000,.,.,.,0,0.000,0.000,0.000,0.000,.,.,.,0.022,0.000,0.000,0.000,0.000,.,.,.,0.00,0.000,0.000,0.000,0.000,.,.,.,0.001,0.001,20,0,0,0,0,0,.,.,0,0,0,0,0,.,.,0.55,0,0,0,0,.,.,0,0,0,0,0,.,.,0.028,0.028,20,,
21-Jul-1989,Toolik Tussock 1981 plots,GH,Deciduous,Other deciduous,below stems,below,0.000,0.000,0.000,0.000,0.000,.,.,.,0,0.000,0.000,0.000,0.000,.,.,.,0.016,0.000,0.000,0.000,0.000,.,.,.,0.00,0.000,0.000,0.000,0.000,.,.,.,0.001,0.001,20,0,0,0,0,0,.,.,0,0,0,0,0,.,.,0.4,0,0,0,0,.,.,0,0,0,0,0,.,.,0.020,0.020,20,,
21-Jul-1989,Toolik Tussock 1981 plots,GH,Deciduous,Other deciduous,inflorescence,new above,0.000,0.000,0.000,0.000,0.000,.,.,.,0,0.000,0.000,0.000,0.000,.,.,.,0.000,0.000,0.000,0.000,0.000,.,.,.,0.00,0.000,0.000,0.000,0.000,.,.,.,0.000,0.000,20,0,0,0,0,0,.,.,0,0,0,0,0,.,.,0,0,0,0,0,.,.,0,0,0,0,0,.,.,0.000,0.000,20,,
21-Jul-1989,Toolik Tussock 1981 plots,GH,Evergreen,Ledum palustre,old leaves,old above,0.743,0.164,1.842,1.109,1.585,.,.,.,0.497,0.673,0.583,0.809,1.368,.,.,.,0.891,2.288,1.498,1.067,0.296,.,.,.,0.59,1.074,0.773,0.468,0.572,.,.,.,0.945,0.121,20,18.575,4.1,46.05,27.725,39.625,.,.,12.425,16.825,14.575,20.225,34.2,.,.,22.275,57.2,37.45,26.675,7.4,.,.,14.75,26.85,19.325,11.7,14.3,.,.,23.613,3.030,20,,
21-Jul-1989,Toolik Tussock 1981 plots,GH,Evergreen,Ledum palustre,new leaves,new above,0.635,0.174,1.302,0.804,1.091,.,.,.,0.266,1.239,1.058,1.403,1.401,.,.,.,0.604,1.247,0.654,0.620,0.150,.,.,.,0.36,0.891,0.394,0.647,0.335,.,.,.,0.764,0.093,20,15.875,4.35,32.55,20.1,27.275,.,.,6.65,30.975,26.45,35.075,35.025,.,.,15.1,31.175,16.35,15.5,3.75,.,.,8.975,22.275,9.85,16.175,8.375,.,.,19.093,2.337,20,,
21-Jul-1989,Toolik Tussock 1981 plots,GH,Evergreen,Ledum palustre,new stems,new above,0.123,0.047,0.461,0.181,0.333,.,.,.,0.075,0.569,0.451,0.549,0.463,.,.,.,0.133,0.214,0.113,0.126,0.031,.,.,.,0.09,0.335,0.092,0.254,0.101,.,.,.,0.237,0.040,20,3.075,1.175,11.525,4.525,8.325,.,.,1.875,14.225,11.275,13.725,11.575,.,.,3.325,5.35,2.825,3.15,0.775,.,.,2.25,8.375,2.3,6.35,2.525,.,.,5.926,0.989,20,,
21-Jul-1989,Toolik Tussock 1981 plots,GH,Evergreen,Ledum palustre,old stems,old above,3.445,0.138,5.150,1.133,3.405,.,.,.,0.607,3.332,1.196,3.880,3.265,.,.,.,1.262,2.011,1.580,1.607,0.293,.,.,.,0.84,1.593,1.498,3.531,1.449,.,.,.,2.061,0.307,20,86.125,3.45,128.75,28.325,85.125,.,.,15.175,83.3,29.9,97,81.625,.,.,31.55,50.275,39.5,40.175,7.325,.,.,21.1,39.825,37.45,88.275,36.225,.,.,51.524,7.675,20,,
21-Jul-1989,Toolik Tussock 1981 plots,GH,Evergreen,Ledum palustre,below stems,below,7.417,0.226,6.306,4.699,7.366,.,.,.,2.057,7.352,4.088,15.903,8.971,.,.,.,7.952,1.228,10.021,6.594,2.293,.,.,.,2.28,13.068,5.308,15.121,8.329,.,.,.,6.829,0.977,20,185.425,5.65,157.65,117.475,184.15,.,.,51.425,183.8,102.2,397.575,224.275,.,.,198.8,30.7,250.525,164.85,57.325,.,.,57.025,326.7,132.7,378.025,208.225,.,.,170.725,24.431,20,,
21-Jul-1989,Toolik Tussock 1981 plots,GH,Evergreen,Ledum palustre,inflorescence,new above,0.000,0.000,0.085,0.000,0.000,.,.,.,0,0.000,0.000,0.000,0.000,.,.,.,0.000,0.000,0.000,0.000,0.000,.,.,.,0.00,0.000,0.000,0.000,0.021,.,.,.,0.005,0.004,20,0,0,2.125,0,0,.,.,0,0,0,0,0,.,.,0,0,0,0,0,.,.,0,0,0,0,0.525,.,.,0.133,0.108,20,,
21-Jul-1989,Toolik Tussock 1981 plots,GH,Evergreen,Vaccinium vitis-idaea,old leaves,old above,1.410,0.070,2.192,0.114,4.302,.,.,.,3.007,0.351,0.681,2.048,0.217,.,.,.,2.307,1.126,2.562,2.138,1.516,.,.,.,0.58,1.705,2.704,0.783,4.319,.,.,.,1.707,0.285,20,35.25,1.75,54.8,2.85,107.55,.,.,75.175,8.775,17.025,51.2,5.425,.,.,57.675,28.15,64.05,53.45,37.9,.,.,14.55,42.625,67.6,19.575,107.975,.,.,42.668,7.115,20,,
21-Jul-1989,Toolik Tussock 1981 plots,GH,Evergreen,Vaccinium vitis-idaea,new leaves,new above,0.691,0.084,0.582,0.043,2.202,.,.,.,1.552,0.349,0.646,1.837,0.084,.,.,.,0.848,0.356,0.714,1.164,0.583,.,.,.,0.10,0.843,1.130,0.508,1.721,.,.,.,0.802,0.140,20,17.275,2.1,14.55,1.075,55.05,.,.,38.8,8.725,16.15,45.925,2.1,.,.,21.2,8.9,17.85,29.1,14.575,.,.,2.4,21.075,28.25,12.7,43.025,.,.,20.041,3.493,20,,
21-Jul-1989,Toolik Tussock 1981 plots,GH,Evergreen,Vaccinium vitis-idaea,new stems,new above,0.120,0.019,0.153,0.006,0.514,.,.,.,0.305,0.102,0.152,0.368,0.028,.,.,.,0.156,0.052,0.092,0.239,0.085,.,.,.,0.03,0.171,0.230,0.104,0.431,.,.,.,0.168,0.032,20,3,0.475,3.825,0.15,12.85,.,.,7.625,2.55,3.8,9.2,0.7,.,.,3.9,1.3,2.3,5.975,2.125,.,.,0.775,4.275,5.75,2.6,10.775,.,.,4.198,0.791,20,,
21-Jul-1989,Toolik Tussock 1981 plots,GH,Evergreen,Vaccinium vitis-idaea,old stems,old above,1.546,0.027,1.362,0.055,2.220,.,.,.,1.377,0.385,0.435,1.695,0.105,.,.,.,1.198,0.462,0.885,0.908,0.729,.,.,.,0.34,0.761,1.267,0.417,2.217,.,.,.,0.920,0.150,20,38.65,0.675,34.05,1.375,55.5,.,.,34.425,9.625,10.875,42.375,2.625,.,.,29.95,11.55,22.125,22.7,18.225,.,.,8.55,19.025,31.675,10.425,55.425,.,.,22.991,3.752,20,,
21-Jul-1989,Toolik Tussock 1981 plots,GH,Evergreen,Vaccinium vitis-idaea,below stems,below,3.529,0.245,2.720,0.392,6.045,.,.,.,2.29,1.493,0.649,5.217,0.257,.,.,.,2.876,1.257,3.035,3.906,3.691,.,.,.,1.84,1.308,4.302,4.466,6.314,.,.,.,2.792,0.421,20,88.225,6.125,68,9.8,151.125,.,.,57.25,37.325,16.225,130.425,6.425,.,.,71.9,31.425,75.875,97.65,92.275,.,.,46,32.7,107.55,111.65,157.85,.,.,69.790,10.520,20,,
21-Jul-1989,Toolik Tussock 1981 plots,GH,Evergreen,Vaccinium vitis-idaea,inflorescence,new above,0.000,0.000,0.000,0.000,0.000,.,.,.,0,0.000,0.000,0.000,0.000,.,.,.,0.000,0.000,0.000,0.000,0.000,.,.,.,0.00,0.000,0.000,0.000,0.000,.,.,.,0.000,0.000,20,0,0,0,0,0,.,.,0,0,0,0,0,.,.,0,0,0,0,0,.,.,0,0,0,0,0,.,.,0.000,0.000,20,,
21-Jul-1989,Toolik Tussock 1981 plots,GH,Evergreen,Other Evergreen,old leaves,old above,0.000,0.000,0.000,0.000,0.000,.,.,.,0.096,0.013,0.000,0.000,0.000,.,.,.,0.143,0.000,0.197,0.875,0.166,.,.,.,0.53,1.921,0.545,0.023,0.826,.,.,.,0.267,0.107,20,0,0,0,0,0,.,.,2.4,0.325,0,0,0,.,.,3.575,0,4.925,21.875,4.15,.,.,13.2,48.025,13.625,0.575,20.65,.,.,6.666,2.687,20,,
21-Jul-1989,Toolik Tussock 1981 plots,GH,Evergreen,Other Evergreen,new leaves,new above,0.000,0.000,0.000,0.000,0.000,.,.,.,0.086,0.013,0.000,0.000,0.000,.,.,.,0.042,0.000,0.057,0.101,0.679,.,.,.,0.22,0.518,0.193,0.077,0.269,.,.,.,0.113,0.042,20,0,0,0,0,0,.,.,2.15,0.325,0,0,0,.,.,1.05,0,1.425,2.525,16.975,.,.,5.4,12.95,4.825,1.925,6.725,.,.,2.814,1.043,20,,
21-Jul-1989,Toolik Tussock 1981 plots,GH,Evergreen,Other Evergreen,new stems,new above,0.000,0.000,0.000,0.000,0.000,.,.,.,0.016,0.006,0.000,0.000,0.000,.,.,.,0.014,0.000,0.012,0.027,0.495,.,.,.,0.06,0.095,0.037,0.015,0.081,.,.,.,0.043,0.025,20,0,0,0,0,0,.,.,0.4,0.15,0,0,0,.,.,0.35,0,0.3,0.675,12.375,.,.,1.5,2.375,0.925,0.375,2.025,.,.,1.073,0.616,20,,
21-Jul-1989,Toolik Tussock 1981 plots,GH,Evergreen,Other Evergreen,old stems,old above,0.000,0.000,0.000,0.000,0.000,.,.,.,0.114,0.003,0.000,0.000,0.000,.,.,.,0.178,0.000,0.216,0.872,0.022,.,.,.,0.70,1.081,0.654,0.060,0.865,.,.,.,0.238,0.082,20,0,0,0,0,0,.,.,2.85,0.075,0,0,0,.,.,4.45,0,5.4,21.8,0.55,.,.,17.6,27.025,16.35,1.5,21.625,.,.,5.961,2.051,20,,
21-Jul-1989,Toolik Tussock 1981 plots,GH,Evergreen,Other Evergreen,below stems,below,0.000,0.000,0.000,0.000,0.000,.,.,.,0.213,0.000,0.000,0.000,0.000,.,.,.,0.309,0.000,0.019,0.796,0.699,.,.,.,2.62,1.080,1.134,0.348,0.668,.,.,.,0.394,0.145,20,0,0,0,0,0,.,.,5.325,0,0,0,0,.,.,7.725,0,0.475,19.9,17.475,.,.,65.375,27,28.35,8.7,16.7,.,.,9.851,3.631,20,,
21-Jul-1989,Toolik Tussock 1981 plots,GH,Evergreen,Other Evergreen,inflorescence,new above,0.000,0.000,0.000,0.000,0.000,.,.,.,0,0.000,0.000,0.000,0.000,.,.,.,0.000,0.000,0.000,0.000,0.000,.,.,.,0.00,0.000,0.000,0.000,0.000,.,.,.,0.000,0.000,20,0,0,0,0,0,.,.,0,0,0,0,0,.,.,0,0,0,0,0,.,.,0,0,0,0,0,.,.,0.000,0.000,20,,
21-Jul-1989,Toolik Tussock 1981 plots,GH,Forb,Forbs spp. ,new above,new above,0.050,0.000,0.000,0.000,0.011,.,.,.,0,0.000,0.000,0.000,0.000,.,.,.,0.000,0.000,0.000,0.000,0.000,.,.,.,0.04,0.000,0.011,0.000,0.011,.,.,.,0.006,0.003,20,1.25,0,0,0,0.275,.,.,0,0,0,0,0,.,.,0,0,0,0,0,.,.,1.075,0,0.275,0,0.275,.,.,0.158,0.080,20,,
21-Jul-1989,Toolik Tussock 1981 plots,GH,Forb,Forbs spp. ,below,below,0.006,0.000,0.000,0.000,0.004,.,.,.,0,0.000,0.000,0.000,0.000,.,.,.,0.000,0.000,0.000,0.000,0.000,.,.,.,0.05,0.000,0.022,0.000,0.019,.,.,.,0.005,0.003,20,0.15,0,0,0,0.1,.,.,0,0,0,0,0,.,.,0,0,0,0,0,.,.,1.15,0,0.55,0,0.475,.,.,0.121,0.065,20,,
21-Jul-1989,Toolik Tussock 1981 plots,GH,Bryophyte,Mosses spp.,live green,non-vascular,0.038,8.272,0.700,1.422,1.571,.,.,.,0.104,0.299,0.596,0.000,1.280,.,.,.,1.780,1.963,2.477,2.457,8.487,.,.,.,6.57,0.188,5.769,0.332,3.092,.,.,.,2.370,0.608,20,0.95,206.8,17.5,35.55,39.275,.,.,2.6,7.475,14.9,0,32,.,.,44.5,49.075,61.925,61.425,212.175,.,.,164.125,4.7,144.225,8.3,77.3,.,.,59.240,15.202,20,,
21-Jul-1989,Toolik Tussock 1981 plots,GH,Lichen,Lichens spp.,live,non-vascular,0.000,0.263,0.000,1.793,0.000,.,.,.,0.033,0.000,0.000,0.000,0.056,.,.,.,0.000,3.874,0.000,0.056,0.244,.,.,.,0.11,0.389,0.184,0.462,0.000,.,.,.,0.373,0.205,20,0,6.575,0,44.825,0,.,.,0.825,0,0,0,1.4,.,.,0,96.85,0,1.4,6.1,.,.,2.725,9.725,4.6,11.55,0,.,.,9.329,5.127,20,,
21-Jul-1989,Toolik Tussock 1981 plots,GHNP,Graminoid,Eriophorum vaginatum,blade,new above,0.049,0.000,0.000,0.000,0.000,.,.,.,0,0.000,0.000,0.000,0.000,.,.,.,0.000,0.995,0.081,0.000,0.000,.,.,.,0.00,0.000,0.014,0.000,0.000,.,.,.,0.057,0.050,20,1.225,0,0,0,0,.,.,0,0,0,0,0,.,.,0,24.875,2.025,0,0,.,.,0,0,0.35,0,0,.,.,1.424,1.240,20,,
21-Jul-1989,Toolik Tussock 1981 plots,GHNP,Graminoid,Eriophorum vaginatum,sheath,new above,0.024,0.000,0.000,0.000,0.000,.,.,.,0,0.000,0.000,0.000,0.000,.,.,.,0.000,0.771,0.084,0.000,0.000,.,.,.,0.00,0.000,0.004,0.000,0.000,.,.,.,0.044,0.038,20,0.6,0,0,0,0,.,.,0,0,0,0,0,.,.,0,19.275,2.1,0,0,.,.,0,0,0.1,0,0,.,.,1.104,0.962,20,,
21-Jul-1989,Toolik Tussock 1981 plots,GHNP,Graminoid,Eriophorum vaginatum,rhizome,below,0.348,0.000,0.000,0.000,0.000,.,.,.,0,0.000,0.000,0.000,0.000,.,.,.,0.000,1.418,0.459,0.000,0.000,.,.,.,0.00,0.000,0.026,0.000,0.000,.,.,.,0.113,0.074,20,8.7,0,0,0,0,.,.,0,0,0,0,0,.,.,0,35.45,11.475,0,0,.,.,0,0,0.65,0,0,.,.,2.814,1.854,20,,
21-Jul-1989,Toolik Tussock 1981 plots,GHNP,Graminoid,Eriophorum vaginatum,v0,new above,0.000,0.000,0.000,0.000,0.000,.,.,.,0,0.000,0.000,0.000,0.000,.,.,.,0.000,0.060,0.010,0.000,0.000,.,.,.,0.00,0.000,0.000,0.000,0.000,.,.,.,0.004,0.003,20,0,0,0,0,0,.,.,0,0,0,0,0,.,.,0,1.5,0.25,0,0,.,.,0,0,0,0,0,.,.,0.088,0.075,20,,
21-Jul-1989,Toolik Tussock 1981 plots,GHNP,Graminoid,Eriophorum vaginatum,inflorescence,new above,0.000,0.000,0.000,0.000,0.000,.,.,.,0,0.000,0.000,0.000,0.000,.,.,.,0.000,0.000,0.000,0.000,0.000,.,.,.,0.00,0.000,0.000,0.000,0.000,.,.,.,0.000,0.000,20,0,0,0,0,0,.,.,0,0,0,0,0,.,.,0,0,0,0,0,.,.,0,0,0,0,0,.,.,0.000,0.000,20,,
21-Jul-1989,Toolik Tussock 1981 plots,GHNP,Graminoid,Carex bigelowii,blade,new above,0.000,0.000,0.000,0.000,0.000,.,.,.,0,0.000,0.000,0.000,0.000,.,.,.,0.000,0.777,0.000,0.000,0.000,.,.,.,0.00,0.000,0.000,0.000,0.007,.,.,.,0.039,0.039,20,0,0,0,0,0,.,.,0,0,0,0,0,.,.,0,19.425,0,0,0,.,.,0,0,0,0,0.175,.,.,0.980,0.971,20,,
21-Jul-1989,Toolik Tussock 1981 plots,GHNP,Graminoid,Carex bigelowii,sheath,new above,0.000,0.000,0.000,0.000,0.000,.,.,.,0,0.000,0.000,0.000,0.000,.,.,.,0.000,0.465,0.000,0.000,0.000,.,.,.,0.00,0.000,0.000,0.000,0.016,.,.,.,0.024,0.023,20,0,0,0,0,0,.,.,0,0,0,0,0,.,.,0,11.625,0,0,0,.,.,0,0,0,0,0.4,.,.,0.601,0.581,20,,
21-Jul-1989,Toolik Tussock 1981 plots,GHNP,Graminoid,Carex bigelowii,rhizome,below,0.000,0.434,0.000,0.000,0.000,.,.,.,0,0.000,0.000,0.000,0.000,.,.,.,0.000,1.920,0.277,0.000,0.000,.,.,.,0.56,0.592,1.987,0.000,2.426,.,.,.,0.410,0.171,20,0,10.85,0,0,0,.,.,0,0,0,0,0,.,.,0,48,6.925,0,0,.,.,13.975,14.8,49.675,0,60.65,.,.,10.244,4.271,20,,
21-Jul-1989,Toolik Tussock 1981 plots,GHNP,Graminoid,Carex bigelowii,v0,new above,0.000,0.000,0.000,0.000,0.000,.,.,.,0,0.000,0.000,0.000,0.000,.,.,.,0.000,0.024,0.000,0.000,0.000,.,.,.,0.00,0.000,0.000,0.000,0.000,.,.,.,0.001,0.001,20,0,0,0,0,0,.,.,0,0,0,0,0,.,.,0,0.6,0,0,0,.,.,0,0,0,0,0,.,.,0.030,0.030,20,,
21-Jul-1989,Toolik Tussock 1981 plots,GHNP,Graminoid,Carex bigelowii,inflorescence,new above,0.000,0.000,0.000,0.000,0.000,.,.,.,0,0.000,0.000,0.000,0.000,.,.,.,0.000,0.000,0.000,0.000,0.000,.,.,.,0.00,0.000,0.000,0.000,0.000,.,.,.,0.000,0.000,20,0,0,0,0,0,.,.,0,0,0,0,0,.,.,0,0,0,0,0,.,.,0,0,0,0,0,.,.,0.000,0.000,20,,
21-Jul-1989,Toolik Tussock 1981 plots,GHNP,Graminoid,Other sedges,blade,new above,0.000,0.000,0.000,0.000,0.000,.,.,.,0,0.000,0.000,0.000,0.000,.,.,.,0.000,0.000,0.000,0.000,0.000,.,.,.,0.00,0.000,0.000,0.000,0.000,.,.,.,0.000,0.000,20,0,0,0,0,0,.,.,0,0,0,0,0,.,.,0,0,0,0,0,.,.,0,0,0,0,0,.,.,0.000,0.000,20,,
21-Jul-1989,Toolik Tussock 1981 plots,GHNP,Graminoid,Other sedges,sheath,new above,0.000,0.000,0.000,0.000,0.000,.,.,.,0,0.000,0.000,0.000,0.000,.,.,.,0.000,0.000,0.000,0.000,0.000,.,.,.,0.00,0.000,0.000,0.000,0.000,.,.,.,0.000,0.000,20,0,0,0,0,0,.,.,0,0,0,0,0,.,.,0,0,0,0,0,.,.,0,0,0,0,0,.,.,0.000,0.000,20,,
21-Jul-1989,Toolik Tussock 1981 plots,GHNP,Graminoid,Other sedges,rhizome,below,0.000,0.000,0.000,0.000,0.000,.,.,.,0,0.000,0.000,0.000,0.000,.,.,.,0.000,0.000,0.000,0.000,0.000,.,.,.,0.00,0.000,0.000,0.000,0.000,.,.,.,0.000,0.000,20,0,0,0,0,0,.,.,0,0,0,0,0,.,.,0,0,0,0,0,.,.,0,0,0,0,0,.,.,0.000,0.000,20,,
21-Jul-1989,Toolik Tussock 1981 plots,GHNP,Graminoid,Other sedges,v0,new above,0.000,0.000,0.000,0.000,0.000,.,.,.,0,0.000,0.000,0.000,0.000,.,.,.,0.000,0.000,0.000,0.000,0.000,.,.,.,0.00,0.000,0.000,0.000,0.000,.,.,.,0.000,0.000,20,0,0,0,0,0,.,.,0,0,0,0,0,.,.,0,0,0,0,0,.,.,0,0,0,0,0,.,.,0.000,0.000,20,,
21-Jul-1989,Toolik Tussock 1981 plots,GHNP,Graminoid,Other sedges,inflorescence,new above,0.000,0.000,0.000,0.000,0.000,.,.,.,0,0.000,0.000,0.000,0.000,.,.,.,0.000,0.000,0.000,0.000,0.000,.,.,.,0.00,0.000,0.000,0.000,0.000,.,.,.,0.000,0.000,20,0,0,0,0,0,.,.,0,0,0,0,0,.,.,0,0,0,0,0,.,.,0,0,0,0,0,.,.,0.000,0.000,20,,
21-Jul-1989,Toolik Tussock 1981 plots,GHNP,Graminoid,Grasses,blade,new above,0.000,0.000,0.000,0.000,0.000,.,.,.,0,0.000,0.000,0.000,0.000,.,.,.,0.000,0.000,0.000,0.000,0.000,.,.,.,0.00,0.000,0.000,0.455,0.000,.,.,.,0.023,0.023,20,0,0,0,0,0,.,.,0,0,0,0,0,.,.,0,0,0,0,0,.,.,0,0,0,11.375,0,.,.,0.569,0.569,20,,
21-Jul-1989,Toolik Tussock 1981 plots,GHNP,Graminoid,Grasses,sheath,new above,0.000,0.000,0.000,0.000,0.000,.,.,.,0,0.000,0.000,0.000,0.000,.,.,.,0.000,0.000,0.000,0.000,0.000,.,.,.,0.00,0.000,0.000,0.048,0.000,.,.,.,0.002,0.002,20,0,0,0,0,0,.,.,0,0,0,0,0,.,.,0,0,0,0,0,.,.,0,0,0,1.2,0,.,.,0.060,0.060,20,,
21-Jul-1989,Toolik Tussock 1981 plots,GHNP,Graminoid,Grasses,rhizome,below,0.000,0.000,0.000,0.000,0.000,.,.,.,0,0.000,0.000,0.000,0.000,.,.,.,0.000,0.000,0.000,0.000,0.000,.,.,.,0.00,0.000,0.000,0.149,0.000,.,.,.,0.007,0.007,20,0,0,0,0,0,.,.,0,0,0,0,0,.,.,0,0,0,0,0,.,.,0,0,0,3.725,0,.,.,0.186,0.186,20,,
21-Jul-1989,Toolik Tussock 1981 plots,GHNP,Graminoid,Grasses,v0,new above,0.000,0.000,0.000,0.000,0.000,.,.,.,0,0.000,0.000,0.000,0.000,.,.,.,0.000,0.000,0.000,0.000,0.000,.,.,.,0.00,0.000,0.000,0.006,0.000,.,.,.,0.000,0.000,20,0,0,0,0,0,.,.,0,0,0,0,0,.,.,0,0,0,0,0,.,.,0,0,0,0.15,0,.,.,0.008,0.008,20,,
21-Jul-1989,Toolik Tussock 1981 plots,GHNP,Graminoid,Grasses,inflorescence,new above,0.000,0.000,0.000,0.000,0.000,.,.,.,0,0.000,0.000,0.000,0.000,.,.,.,0.000,0.000,0.000,0.000,0.000,.,.,.,0.00,0.000,0.000,0.000,0.000,.,.,.,0.000,0.000,20,0,0,0,0,0,.,.,0,0,0,0,0,.,.,0,0,0,0,0,.,.,0,0,0,0,0,.,.,0.000,0.000,20,,
21-Jul-1989,Toolik Tussock 1981 plots,GHNP,Deciduous,Betula nana,new leaves,new above,7.496,4.864,2.647,4.163,2.084,.,.,.,4.051,6.168,2.904,7.764,5.079,.,.,.,9.559,1.554,3.185,6.811,5.842,.,.,.,3.54,4.756,4.798,6.276,4.118,.,.,.,4.883,0.458,20,187.4,121.6,66.175,104.075,52.1,.,.,101.275,154.2,72.6,194.1,126.975,.,.,238.975,38.85,79.625,170.275,146.05,.,.,88.375,118.9,119.95,156.9,102.95,.,.,122.068,11.443,20,,
21-Jul-1989,Toolik Tussock 1981 plots,GHNP,Deciduous,Betula nana,new stems,new above,3.108,3.572,1.601,2.356,0.805,.,.,.,1.514,1.945,1.832,3.682,1.350,.,.,.,4.778,0.699,1.465,1.215,1.859,.,.,.,0.31,1.414,0.693,0.790,0.799,.,.,.,1.789,0.263,20,77.7,89.3,40.025,58.9,20.125,.,.,37.85,48.625,45.8,92.05,33.75,.,.,119.45,17.475,36.625,30.375,46.475,.,.,7.65,35.35,17.325,19.75,19.975,.,.,44.729,6.565,20,,
21-Jul-1989,Toolik Tussock 1981 plots,GHNP,Deciduous,Betula nana,old stems,old above,18.223,12.563,2.440,6.538,3.087,.,.,.,5.132,36.005,13.982,21.410,0.000,.,.,.,28.918,0.855,9.140,14.270,21.637,.,.,.,11.36,19.639,16.185,9.753,18.400,.,.,.,13.477,2.112,20,455.575,314.075,61,163.45,77.175,.,.,128.3,900.125,349.55,535.25,0,.,.,722.95,21.375,228.5,356.75,540.925,.,.,284.05,490.975,404.625,243.825,460,.,.,336.924,52.798,20,,
21-Jul-1989,Toolik Tussock 1981 plots,GHNP,Deciduous,Betula nana,below stems,below,0.000,6.329,0.000,20.045,24.354,.,.,.,3.108,24.807,1.766,0.000,5.672,.,.,.,10.271,0.124,46.150,1.137,16.096,.,.,.,14.39,10.891,3.369,3.845,0.000,.,.,.,9.618,2.662,20,0,158.225,0,501.125,608.85,.,.,77.7,620.175,44.15,0,141.8,.,.,256.775,3.1,1153.75,28.425,402.4,.,.,359.725,272.275,84.225,96.125,0,.,.,240.441,66.551,20,,
21-Jul-1989,Toolik Tussock 1981 plots,GHNP,Deciduous,Betula nana,inflorescence,new above,0.000,0.000,0.000,0.000,0.000,.,.,.,0,0.000,0.000,0.000,0.000,.,.,.,0.022,0.016,0.006,0.000,0.000,.,.,.,0.00,0.000,0.000,0.000,0.000,.,.,.,0.002,0.001,20,0,0,0,0,0,.,.,0,0,0,0,0,.,.,0.55,0.4,0.15,0,0,.,.,0,0,0,0,0,.,.,0.055,0.033,20,,
21-Jul-1989,Toolik Tussock 1981 plots,GHNP,Deciduous,Rubus chamaemorus,new leaves,new above,0.354,0.281,0.050,0.548,0.102,.,.,.,0.165,0.077,0.000,0.000,0.637,.,.,.,0.000,0.069,0.971,0.099,0.058,.,.,.,0.03,0.000,0.000,0.545,0.000,.,.,.,0.199,0.061,20,8.85,7.025,1.25,13.7,2.55,.,.,4.125,1.925,0,0,15.925,.,.,0,1.725,24.275,2.475,1.45,.,.,0.75,0,0,13.625,0,.,.,4.983,1.529,20,,
21-Jul-1989,Toolik Tussock 1981 plots,GHNP,Deciduous,Rubus chamaemorus,new stems,new above,0.037,0.013,0.003,0.060,0.005,.,.,.,0.019,0.016,0.000,0.000,0.050,.,.,.,0.000,0.052,0.097,0.005,0.005,.,.,.,0.01,0.000,0.000,0.062,0.000,.,.,.,0.022,0.006,20,0.925,0.325,0.075,1.5,0.125,.,.,0.475,0.4,0,0,1.25,.,.,0,1.3,2.425,0.125,0.125,.,.,0.2,0,0,1.55,0,.,.,0.540,0.157,20,,
21-Jul-1989,Toolik Tussock 1981 plots,GHNP,Deciduous,Rubus chamaemorus,below stems,below,0.125,0.141,0.086,0.138,0.616,.,.,.,0.136,0.024,0.000,0.000,0.155,.,.,.,0.218,0.153,1.795,0.030,0.115,.,.,.,0.30,0.772,1.439,0.598,0.969,.,.,.,0.391,0.112,20,3.125,3.525,2.15,3.45,15.4,.,.,3.4,0.6,0,0,3.875,.,.,5.45,3.825,44.875,0.75,2.875,.,.,7.6,19.3,35.975,14.95,24.225,.,.,9.768,2.808,20,,
21-Jul-1989,Toolik Tussock 1981 plots,GHNP,Deciduous,Rubus chamaemorus,inflorescence,new above,0.000,0.000,0.000,0.006,0.000,.,.,.,0,0.000,0.000,0.000,0.010,.,.,.,0.000,0.000,0.000,0.000,0.000,.,.,.,0.00,0.000,0.000,0.000,0.000,.,.,.,0.001,0.001,20,0,0,0,0.15,0,.,.,0,0,0,0,0.25,.,.,0,0,0,0,0,.,.,0,0,0,0,0,.,.,0.020,0.014,20,,
21-Jul-1989,Toolik Tussock 1981 plots,GHNP,Deciduous,Salix spp.,new leaves,new above,0.000,0.000,0.000,0.000,0.000,.,.,.,0,0.000,0.000,0.000,0.000,.,.,.,0.000,0.000,0.000,0.000,0.000,.,.,.,0.00,0.000,0.000,0.000,0.000,.,.,.,0.000,0.000,20,0,0,0,0,0,.,.,0,0,0,0,0,.,.,0,0,0,0,0,.,.,0,0,0,0,0,.,.,0.000,0.000,20,,
21-Jul-1989,Toolik Tussock 1981 plots,GHNP,Deciduous,Salix spp.,new stems,new above,0.000,0.000,0.000,0.000,0.000,.,.,.,0,0.000,0.000,0.000,0.000,.,.,.,0.000,0.000,0.000,0.000,0.000,.,.,.,0.00,0.000,0.000,0.000,0.000,.,.,.,0.000,0.000,20,0,0,0,0,0,.,.,0,0,0,0,0,.,.,0,0,0,0,0,.,.,0,0,0,0,0,.,.,0.000,0.000,20,,
21-Jul-1989,Toolik Tussock 1981 plots,GHNP,Deciduous,Salix spp.,old stems,old above,0.000,0.000,0.000,0.000,0.000,.,.,.,0,0.000,0.000,0.000,0.000,.,.,.,0.000,0.000,0.000,0.000,0.000,.,.,.,0.00,0.000,0.000,0.000,0.000,.,.,.,0.000,0.000,20,0,0,0,0,0,.,.,0,0,0,0,0,.,.,0,0,0,0,0,.,.,0,0,0,0,0,.,.,0.000,0.000,20,,
21-Jul-1989,Toolik Tussock 1981 plots,GHNP,Deciduous,Salix spp.,below stems,below,0.000,0.000,0.000,0.000,0.000,.,.,.,0,0.000,0.000,0.000,0.000,.,.,.,0.000,0.000,0.000,0.000,0.000,.,.,.,0.00,0.000,0.000,0.000,0.000,.,.,.,0.000,0.000,20,0,0,0,0,0,.,.,0,0,0,0,0,.,.,0,0,0,0,0,.,.,0,0,0,0,0,.,.,0.000,0.000,20,,
21-Jul-1989,Toolik Tussock 1981 plots,GHNP,Deciduous,Salix spp.,inflorescence,new above,0.000,0.000,0.000,0.000,0.000,.,.,.,0,0.000,0.000,0.000,0.000,.,.,.,0.000,0.000,0.000,0.000,0.000,.,.,.,0.00,0.000,0.000,0.000,0.000,.,.,.,0.000,0.000,20,0,0,0,0,0,.,.,0,0,0,0,0,.,.,0,0,0,0,0,.,.,0,0,0,0,0,.,.,0.000,0.000,20,,
21-Jul-1989,Toolik Tussock 1981 plots,GHNP,Deciduous,Other deciduous,new leaves,new above,0.000,0.000,0.000,0.000,0.000,.,.,.,0,0.000,0.000,0.000,0.000,.,.,.,0.000,0.000,0.000,0.000,0.000,.,.,.,0.00,0.000,0.000,0.000,0.000,.,.,.,0.000,0.000,20,0,0,0,0,0,.,.,0,0,0,0,0,.,.,0,0,0,0,0,.,.,0,0,0,0,0,.,.,0.000,0.000,20,,
21-Jul-1989,Toolik Tussock 1981 plots,GHNP,Deciduous,Other deciduous,new stems,new above,0.000,0.000,0.000,0.000,0.000,.,.,.,0,0.000,0.000,0.000,0.000,.,.,.,0.000,0.000,0.000,0.000,0.000,.,.,.,0.00,0.000,0.000,0.000,0.000,.,.,.,0.000,0.000,20,0,0,0,0,0,.,.,0,0,0,0,0,.,.,0,0,0,0,0,.,.,0,0,0,0,0,.,.,0.000,0.000,20,,
21-Jul-1989,Toolik Tussock 1981 plots,GHNP,Deciduous,Other deciduous,old stems,old above,0.000,0.000,0.000,0.000,0.000,.,.,.,0,0.000,0.000,0.000,0.000,.,.,.,0.000,0.000,0.000,0.000,0.000,.,.,.,0.00,0.000,0.000,0.000,0.000,.,.,.,0.000,0.000,20,0,0,0,0,0,.,.,0,0,0,0,0,.,.,0,0,0,0,0,.,.,0,0,0,0,0,.,.,0.000,0.000,20,,
21-Jul-1989,Toolik Tussock 1981 plots,GHNP,Deciduous,Other deciduous,below stems,below,0.000,0.000,0.000,0.000,0.000,.,.,.,0,0.000,0.000,0.000,0.000,.,.,.,0.000,0.000,0.000,0.000,0.000,.,.,.,0.00,0.000,0.000,0.000,0.000,.,.,.,0.000,0.000,20,0,0,0,0,0,.,.,0,0,0,0,0,.,.,0,0,0,0,0,.,.,0,0,0,0,0,.,.,0.000,0.000,20,,
21-Jul-1989,Toolik Tussock 1981 plots,GHNP,Deciduous,Other deciduous,inflorescence,new above,0.000,0.000,0.000,0.000,0.000,.,.,.,0,0.000,0.000,0.000,0.000,.,.,.,0.000,0.000,0.000,0.000,0.000,.,.,.,0.00,0.000,0.000,0.000,0.000,.,.,.,0.000,0.000,20,0,0,0,0,0,.,.,0,0,0,0,0,.,.,0,0,0,0,0,.,.,0,0,0,0,0,.,.,0.000,0.000,20,,
21-Jul-1989,Toolik Tussock 1981 plots,GHNP,Evergreen,Ledum palustre,old leaves,old above,0.167,0.000,0.000,0.000,0.000,.,.,.,0,0.806,0.000,0.026,1.612,.,.,.,0.090,0.247,1.787,0.000,1.200,.,.,.,0.69,0.054,0.356,0.286,0.063,.,.,.,0.369,0.125,20,4.175,0,0,0,0,.,.,0,20.15,0,0.65,40.3,.,.,2.25,6.175,44.675,0,30,.,.,17.225,1.35,8.9,7.15,1.575,.,.,9.229,3.127,20,,
21-Jul-1989,Toolik Tussock 1981 plots,GHNP,Evergreen,Ledum palustre,new leaves,new above,0.165,0.000,0.000,0.000,0.000,.,.,.,0,0.373,0.007,0.006,1.299,.,.,.,0.114,0.561,1.523,0.000,0.987,.,.,.,0.30,0.018,0.375,0.142,0.034,.,.,.,0.295,0.102,20,4.125,0,0,0,0,.,.,0,9.325,0.175,0.15,32.475,.,.,2.85,14.025,38.075,0,24.675,.,.,7.575,0.45,9.375,3.55,0.85,.,.,7.384,2.560,20,,
21-Jul-1989,Toolik Tussock 1981 plots,GHNP,Evergreen,Ledum palustre,new stems,new above,0.063,0.000,0.000,0.000,0.000,.,.,.,0,0.121,0.002,0.003,0.323,.,.,.,0.014,0.172,0.326,0.000,0.162,.,.,.,0.04,0.002,0.128,0.022,0.004,.,.,.,0.069,0.023,20,1.575,0,0,0,0,.,.,0,3.025,0.05,0.075,8.075,.,.,0.35,4.3,8.15,0,4.05,.,.,1.1,0.05,3.2,0.55,0.1,.,.,1.733,0.585,20,,
21-Jul-1989,Toolik Tussock 1981 plots,GHNP,Evergreen,Ledum palustre,old stems,old above,0.979,0.000,0.000,0.000,0.000,.,.,.,0,1.124,0.000,0.017,1.712,.,.,.,0.051,0.151,2.995,0.000,0.766,.,.,.,0.32,0.037,0.457,1.170,0.053,.,.,.,0.492,0.175,20,24.475,0,0,0,0,.,.,0,28.1,0,0.425,42.8,.,.,1.275,3.775,74.875,0,19.15,.,.,7.975,0.925,11.425,29.25,1.325,.,.,12.289,4.365,20,,
21-Jul-1989,Toolik Tussock 1981 plots,GHNP,Evergreen,Ledum palustre,below stems,below,1.135,0.000,0.000,0.000,0.000,.,.,.,0,0.967,0.000,0.000,0.351,.,.,.,0.000,0.000,2.796,0.000,1.062,.,.,.,0.00,1.492,5.087,0.571,0.000,.,.,.,0.673,0.284,20,28.375,0,0,0,0,.,.,0,24.175,0,0,8.775,.,.,0,0,69.9,0,26.55,.,.,0,37.3,127.175,14.275,0,.,.,16.826,7.101,20,,
21-Jul-1989,Toolik Tussock 1981 plots,GHNP,Evergreen,Ledum palustre,inflorescence,new above,0.000,0.000,0.000,0.000,0.000,.,.,.,0,0.000,0.000,0.000,0.000,.,.,.,0.000,0.000,0.000,0.000,0.000,.,.,.,0.00,0.000,0.000,0.000,0.000,.,.,.,0.000,0.000,20,0,0,0,0,0,.,.,0,0,0,0,0,.,.,0,0,0,0,0,.,.,0,0,0,0,0,.,.,0.000,0.000,20,,
21-Jul-1989,Toolik Tussock 1981 plots,GHNP,Evergreen,Vaccinium vitis-idaea,old leaves,old above,0.138,0.208,0.000,0.000,0.000,.,.,.,0,0.000,0.000,0.000,0.000,.,.,.,0.000,0.600,0.000,0.000,0.000,.,.,.,0.00,0.000,0.000,0.000,0.000,.,.,.,0.047,0.032,20,3.45,5.2,0,0,0,.,.,0,0,0,0,0,.,.,0,15,0,0,0,.,.,0,0,0,0,0,.,.,1.183,0.788,20,,
21-Jul-1989,Toolik Tussock 1981 plots,GHNP,Evergreen,Vaccinium vitis-idaea,new leaves,new above,0.028,0.062,0.000,0.005,0.000,.,.,.,0,0.000,0.000,0.000,0.000,.,.,.,0.000,0.053,0.000,0.000,0.000,.,.,.,0.00,0.000,0.000,0.000,0.000,.,.,.,0.007,0.004,20,0.7,1.55,0,0.125,0,.,.,0,0,0,0,0,.,.,0,1.325,0,0,0,.,.,0,0,0,0,0,.,.,0.185,0.102,20,,
21-Jul-1989,Toolik Tussock 1981 plots,GHNP,Evergreen,Vaccinium vitis-idaea,new stems,new above,0.012,0.016,0.000,0.001,0.000,.,.,.,0,0.000,0.000,0.000,0.000,.,.,.,0.000,0.008,0.000,0.000,0.000,.,.,.,0.00,0.000,0.000,0.000,0.000,.,.,.,0.002,0.001,20,0.3,0.4,0,0.025,0,.,.,0,0,0,0,0,.,.,0,0.2,0,0,0,.,.,0,0,0,0,0,.,.,0.046,0.026,20,,
21-Jul-1989,Toolik Tussock 1981 plots,GHNP,Evergreen,Vaccinium vitis-idaea,old stems,old above,0.140,0.147,0.000,0.010,0.000,.,.,.,0,0.000,0.000,0.000,0.000,.,.,.,0.000,0.324,0.000,0.000,0.000,.,.,.,0.00,0.000,0.000,0.000,0.000,.,.,.,0.031,0.018,20,3.5,3.675,0,0.25,0,.,.,0,0,0,0,0,.,.,0,8.1,0,0,0,.,.,0,0,0,0,0,.,.,0.776,0.457,20,,
21-Jul-1989,Toolik Tussock 1981 plots,GHNP,Evergreen,Vaccinium vitis-idaea,below stems,below,0.254,0.047,0.000,0.007,0.000,.,.,.,0,0.000,0.000,0.000,0.000,.,.,.,0.000,0.282,0.000,0.000,0.000,.,.,.,0.00,0.000,0.000,0.000,0.000,.,.,.,0.030,0.018,20,6.35,1.175,0,0.175,0,.,.,0,0,0,0,0,.,.,0,7.05,0,0,0,.,.,0,0,0,0,0,.,.,0.738,0.460,20,,
21-Jul-1989,Toolik Tussock 1981 plots,GHNP,Evergreen,Vaccinium vitis-idaea,inflorescence,new above,0.000,0.000,0.000,0.000,0.000,.,.,.,0,0.000,0.000,0.000,0.000,.,.,.,0.000,0.000,0.000,0.000,0.000,.,.,.,0.00,0.000,0.000,0.000,0.000,.,.,.,0.000,0.000,20,0,0,0,0,0,.,.,0,0,0,0,0,.,.,0,0,0,0,0,.,.,0,0,0,0,0,.,.,0.000,0.000,20,,
21-Jul-1989,Toolik Tussock 1981 plots,GHNP,Evergreen,Other Evergreen,old leaves,old above,0.000,0.000,0.000,0.000,0.000,.,.,.,0,0.000,0.000,0.000,0.000,.,.,.,0.000,0.024,0.000,0.000,0.000,.,.,.,0.00,0.000,0.000,0.000,0.000,.,.,.,0.001,0.001,20,0,0,0,0,0,.,.,0,0,0,0,0,.,.,0,0.6,0,0,0,.,.,0,0,0,0,0,.,.,0.030,0.030,20,,
21-Jul-1989,Toolik Tussock 1981 plots,GHNP,Evergreen,Other Evergreen,new leaves,new above,0.000,0.000,0.000,0.000,0.000,.,.,.,0,0.000,0.000,0.000,0.000,.,.,.,0.000,0.000,0.000,0.000,0.000,.,.,.,0.00,0.000,0.000,0.000,0.000,.,.,.,0.000,0.000,20,0,0,0,0,0,.,.,0,0,0,0,0,.,.,0,0,0,0,0,.,.,0,0,0,0,0,.,.,0.000,0.000,20,,
21-Jul-1989,Toolik Tussock 1981 plots,GHNP,Evergreen,Other Evergreen,new stems,new above,0.000,0.000,0.000,0.000,0.000,.,.,.,0,0.000,0.000,0.000,0.000,.,.,.,0.000,0.000,0.000,0.000,0.000,.,.,.,0.00,0.000,0.000,0.000,0.000,.,.,.,0.000,0.000,20,0,0,0,0,0,.,.,0,0,0,0,0,.,.,0,0,0,0,0,.,.,0,0,0,0,0,.,.,0.000,0.000,20,,
21-Jul-1989,Toolik Tussock 1981 plots,GHNP,Evergreen,Other Evergreen,old stems,old above,0.000,0.000,0.000,0.000,0.000,.,.,.,0,0.000,0.000,0.000,0.000,.,.,.,0.000,0.023,0.000,0.000,0.000,.,.,.,0.00,0.000,0.000,0.000,0.000,.,.,.,0.001,0.001,20,0,0,0,0,0,.,.,0,0,0,0,0,.,.,0,0.575,0,0,0,.,.,0,0,0,0,0,.,.,0.029,0.029,20,,
21-Jul-1989,Toolik Tussock 1981 plots,GHNP,Evergreen,Other Evergreen,below stems,below,0.000,0.000,0.000,0.000,0.000,.,.,.,0,0.000,0.000,0.000,0.000,.,.,.,0.000,0.000,0.000,0.000,0.000,.,.,.,0.00,0.000,0.000,0.000,0.000,.,.,.,0.000,0.000,20,0,0,0,0,0,.,.,0,0,0,0,0,.,.,0,0,0,0,0,.,.,0,0,0,0,0,.,.,0.000,0.000,20,,
21-Jul-1989,Toolik Tussock 1981 plots,GHNP,Evergreen,Other Evergreen,inflorescence,new above,0.000,0.000,0.000,0.000,0.000,.,.,.,0,0.000,0.000,0.000,0.000,.,.,.,0.000,0.000,0.000,0.000,0.000,.,.,.,0.00,0.000,0.000,0.000,0.000,.,.,.,0.000,0.000,20,0,0,0,0,0,.,.,0,0,0,0,0,.,.,0,0,0,0,0,.,.,0,0,0,0,0,.,.,0.000,0.000,20,,
21-Jul-1989,Toolik Tussock 1981 plots,GHNP,Forb,Forbs spp. ,new above,new above,0.000,0.000,0.000,0.000,0.000,.,.,.,0,0.000,0.000,0.000,0.000,.,.,.,0.000,0.000,0.000,0.000,0.000,.,.,.,0.00,0.000,0.000,0.000,0.000,.,.,.,0.000,0.000,20,0,0,0,0,0,.,.,0,0,0,0,0,.,.,0,0,0,0,0,.,.,0,0,0,0,0,.,.,0.000,0.000,20,,
21-Jul-1989,Toolik Tussock 1981 plots,GHNP,Forb,Forbs spp. ,below,below,0.000,0.000,0.000,0.000,0.000,.,.,.,0,0.000,0.000,0.000,0.000,.,.,.,0.000,0.000,0.000,0.000,0.000,.,.,.,0.00,0.000,0.000,0.000,0.000,.,.,.,0.000,0.000,20,0,0,0,0,0,.,.,0,0,0,0,0,.,.,0,0,0,0,0,.,.,0,0,0,0,0,.,.,0.000,0.000,20,,
21-Jul-1989,Toolik Tussock 1981 plots,GHNP,Bryophyte,Mosses spp.,live green,non-vascular,0.297,0.119,0.000,0.000,0.000,.,.,.,0,0.000,0.000,0.000,0.000,.,.,.,0.000,0.665,0.000,0.000,0.000,.,.,.,0.84,0.000,0.488,0.000,0.000,.,.,.,0.121,0.056,20,7.425,2.975,0,0,0,.,.,0,0,0,0,0,.,.,0,16.625,0,0,0,.,.,21.1,0,12.2,0,0,.,.,3.016,1.407,20,,
21-Jul-1989,Toolik Tussock 1981 plots,GHNP,Lichen,Lichens spp.,live,non-vascular,0.000,0.000,0.000,0.000,0.000,.,.,.,0,0.000,0.090,0.000,0.000,.,.,.,0.000,0.060,0.000,0.000,0.000,.,.,.,0.00,0.000,0.000,0.000,0.000,.,.,.,0.008,0.005,20,0,0,0,0,0,.,.,0,0,2.25,0,0,.,.,0,1.5,0,0,0,.,.,0,0,0,0,0,.,.,0.188,0.132,20,,
21-Jul-1989,Toolik Tussock 1981 plots,SH,Graminoid,Eriophorum vaginatum,blade,new above,0.195,0.779,0.000,0.898,3.429,.,.,.,0.053,0.000,0.578,0.352,0.238,.,.,.,0.154,0.356,0.274,0.265,0.038,.,.,.,0.24,0.000,0.000,0.000,0.041,.,.,.,0.395,0.170,20,4.875,19.475,0,22.45,85.725,.,.,1.325,0,14.45,8.8,5.95,.,.,3.85,8.9,6.85,6.625,0.95,.,.,6.075,0,0,0,1.025,.,.,9.866,4.248,20,,
21-Jul-1989,Toolik Tussock 1981 plots,SH,Graminoid,Eriophorum vaginatum,sheath,new above,0.067,0.688,0.000,1.121,2.717,.,.,.,0.046,0.000,0.392,0.441,0.317,.,.,.,0.068,0.376,0.215,0.194,0.021,.,.,.,0.23,0.000,0.000,0.000,0.039,.,.,.,0.347,0.140,20,1.675,17.2,0,28.025,67.925,.,.,1.15,0,9.8,11.025,7.925,.,.,1.7,9.4,5.375,4.85,0.525,.,.,5.85,0,0,0,0.975,.,.,8.670,3.500,20,,
21-Jul-1989,Toolik Tussock 1981 plots,SH,Graminoid,Eriophorum vaginatum,rhizome,below,0.000,1.344,0.000,1.354,4.388,.,.,.,0.034,0.000,1.473,1.393,1.225,.,.,.,0.508,0.877,0.632,0.383,0.106,.,.,.,1.47,0.000,0.000,0.000,0.864,.,.,.,0.803,0.230,20,0,33.6,0,33.85,109.7,.,.,0.85,0,36.825,34.825,30.625,.,.,12.7,21.925,15.8,9.575,2.65,.,.,36.8,0,0,0,21.6,.,.,20.066,5.752,20,,
21-Jul-1989,Toolik Tussock 1981 plots,SH,Graminoid,Eriophorum vaginatum,v0,new above,0.000,0.014,0.000,0.020,0.115,.,.,.,0,0.000,0.011,0.004,0.006,.,.,.,0.000,0.002,0.000,0.024,0.000,.,.,.,0.01,0.000,0.000,0.000,0.000,.,.,.,0.010,0.006,20,0,0.35,0,0.5,2.875,.,.,0,0,0.275,0.1,0.15,.,.,0,0.05,0,0.6,0,.,.,0.15,0,0,0,0,.,.,0.253,0.144,20,,
21-Jul-1989,Toolik Tussock 1981 plots,SH,Graminoid,Eriophorum vaginatum,inflorescence,new above,0.000,0.194,0.000,0.000,0.000,.,.,.,0,0.000,0.000,0.000,0.000,.,.,.,0.000,0.000,0.000,0.000,0.000,.,.,.,0.00,0.000,0.000,0.000,0.000,.,.,.,0.010,0.010,20,0,4.85,0,0,0,.,.,0,0,0,0,0,.,.,0,0,0,0,0,.,.,0,0,0,0,0,.,.,0.243,0.243,20,,
21-Jul-1989,Toolik Tussock 1981 plots,SH,Graminoid,Carex bigelowii,blade,new above,0.000,0.322,0.000,0.239,0.080,.,.,.,0,0.234,0.023,0.252,1.000,.,.,.,0.000,0.000,0.000,0.000,0.000,.,.,.,0.00,0.016,0.037,0.000,0.000,.,.,.,0.110,0.052,20,0,8.05,0,5.975,2,.,.,0,5.85,0.575,6.3,25,.,.,0,0,0,0,0,.,.,0,0.4,0.925,0,0,.,.,2.754,1.311,20,,
21-Jul-1989,Toolik Tussock 1981 plots,SH,Graminoid,Carex bigelowii,sheath,new above,0.000,0.173,0.000,0.109,0.035,.,.,.,0,0.098,0.006,0.160,0.420,.,.,.,0.000,0.000,0.000,0.000,0.000,.,.,.,0.00,0.029,0.018,0.000,0.000,.,.,.,0.052,0.023,20,0,4.325,0,2.725,0.875,.,.,0,2.45,0.15,4,10.5,.,.,0,0,0,0,0,.,.,0,0.725,0.45,0,0,.,.,1.310,0.575,20,,
21-Jul-1989,Toolik Tussock 1981 plots,SH,Graminoid,Carex bigelowii,rhizome,below,0.000,3.224,0.737,1.512,0.554,.,.,.,0,4.046,1.897,4.433,2.881,.,.,.,0.000,0.000,0.000,0.000,0.000,.,.,.,0.00,0.553,1.913,1.283,0.144,.,.,.,1.159,0.325,20,0,80.6,18.425,37.8,13.85,.,.,0,101.15,47.425,110.825,72.025,.,.,0,0,0,0,0,.,.,0,13.825,47.825,32.075,3.6,.,.,28.971,8.134,20,,
21-Jul-1989,Toolik Tussock 1981 plots,SH,Graminoid,Carex bigelowii,v0,new above,0.000,0.000,0.000,0.013,0.003,.,.,.,0,0.005,0.000,0.043,0.059,.,.,.,0.000,0.000,0.000,0.000,0.000,.,.,.,0.00,0.000,0.000,0.000,0.000,.,.,.,0.006,0.004,20,0,0,0,0.325,0.075,.,.,0,0.125,0,1.075,1.475,.,.,0,0,0,0,0,.,.,0,0,0,0,0,.,.,0.154,0.089,20,,
21-Jul-1989,Toolik Tussock 1981 plots,SH,Graminoid,Carex bigelowii,inflorescence,new above,0.000,0.000,0.000,0.000,0.000,.,.,.,0,0.000,0.000,0.000,0.216,.,.,.,0.000,0.000,0.000,0.000,0.000,.,.,.,0.00,0.000,0.000,0.000,0.000,.,.,.,0.011,0.011,20,0,0,0,0,0,.,.,0,0,0,0,5.4,.,.,0,0,0,0,0,.,.,0,0,0,0,0,.,.,0.270,0.270,20,,
21-Jul-1989,Toolik Tussock 1981 plots,SH,Graminoid,Other sedges,blade,new above,0.000,0.000,0.000,0.000,0.000,.,.,.,0,0.000,0.000,0.000,0.000,.,.,.,0.000,0.000,0.000,0.000,0.000,.,.,.,0.00,0.000,0.000,0.000,0.000,.,.,.,0.000,0.000,20,0,0,0,0,0,.,.,0,0,0,0,0,.,.,0,0,0,0,0,.,.,0,0,0,0,0,.,.,0.000,0.000,20,,
21-Jul-1989,Toolik Tussock 1981 plots,SH,Graminoid,Other sedges,sheath,new above,0.000,0.000,0.000,0.000,0.000,.,.,.,0,0.000,0.000,0.000,0.000,.,.,.,0.000,0.000,0.000,0.000,0.000,.,.,.,0.00,0.000,0.000,0.000,0.000,.,.,.,0.000,0.000,20,0,0,0,0,0,.,.,0,0,0,0,0,.,.,0,0,0,0,0,.,.,0,0,0,0,0,.,.,0.000,0.000,20,,
21-Jul-1989,Toolik Tussock 1981 plots,SH,Graminoid,Other sedges,rhizome,below,0.000,0.000,0.000,0.000,0.000,.,.,.,0,0.000,0.000,0.000,0.000,.,.,.,0.000,0.000,0.000,0.000,0.000,.,.,.,0.00,0.000,0.000,0.000,0.000,.,.,.,0.000,0.000,20,0,0,0,0,0,.,.,0,0,0,0,0,.,.,0,0,0,0,0,.,.,0,0,0,0,0,.,.,0.000,0.000,20,,
21-Jul-1989,Toolik Tussock 1981 plots,SH,Graminoid,Other sedges,v0,new above,0.000,0.000,0.000,0.000,0.000,.,.,.,0,0.000,0.000,0.000,0.000,.,.,.,0.000,0.000,0.000,0.000,0.000,.,.,.,0.00,0.000,0.000,0.000,0.000,.,.,.,0.000,0.000,20,0,0,0,0,0,.,.,0,0,0,0,0,.,.,0,0,0,0,0,.,.,0,0,0,0,0,.,.,0.000,0.000,20,,
21-Jul-1989,Toolik Tussock 1981 plots,SH,Graminoid,Other sedges,inflorescence,new above,0.000,0.000,0.000,0.000,0.000,.,.,.,0,0.000,0.000,0.000,0.000,.,.,.,0.000,0.000,0.000,0.000,0.000,.,.,.,0.00,0.000,0.000,0.000,0.000,.,.,.,0.000,0.000,20,0,0,0,0,0,.,.,0,0,0,0,0,.,.,0,0,0,0,0,.,.,0,0,0,0,0,.,.,0.000,0.000,20,,
21-Jul-1989,Toolik Tussock 1981 plots,SH,Graminoid,Grasses,blade,new above,0.000,0.000,0.000,0.000,0.000,.,.,.,0,0.000,0.000,0.000,0.000,.,.,.,0.000,0.000,0.000,0.000,0.000,.,.,.,0.00,0.000,0.000,0.000,0.000,.,.,.,0.000,0.000,20,0,0,0,0,0,.,.,0,0,0,0,0,.,.,0,0,0,0,0,.,.,0,0,0,0,0,.,.,0.000,0.000,20,,
21-Jul-1989,Toolik Tussock 1981 plots,SH,Graminoid,Grasses,sheath,new above,0.000,0.000,0.000,0.000,0.000,.,.,.,0,0.000,0.000,0.000,0.000,.,.,.,0.000,0.000,0.000,0.000,0.000,.,.,.,0.00,0.000,0.000,0.000,0.000,.,.,.,0.000,0.000,20,0,0,0,0,0,.,.,0,0,0,0,0,.,.,0,0,0,0,0,.,.,0,0,0,0,0,.,.,0.000,0.000,20,,
21-Jul-1989,Toolik Tussock 1981 plots,SH,Graminoid,Grasses,rhizome,below,0.000,0.000,0.000,0.000,0.000,.,.,.,0,0.000,0.000,0.000,0.000,.,.,.,0.000,0.000,0.000,0.000,0.000,.,.,.,0.00,0.000,0.000,0.000,0.000,.,.,.,0.000,0.000,20,0,0,0,0,0,.,.,0,0,0,0,0,.,.,0,0,0,0,0,.,.,0,0,0,0,0,.,.,0.000,0.000,20,,
21-Jul-1989,Toolik Tussock 1981 plots,SH,Graminoid,Grasses,v0,new above,0.000,0.000,0.000,0.000,0.000,.,.,.,0,0.000,0.000,0.000,0.000,.,.,.,0.000,0.000,0.000,0.000,0.000,.,.,.,0.00,0.000,0.000,0.000,0.000,.,.,.,0.000,0.000,20,0,0,0,0,0,.,.,0,0,0,0,0,.,.,0,0,0,0,0,.,.,0,0,0,0,0,.,.,0.000,0.000,20,,
21-Jul-1989,Toolik Tussock 1981 plots,SH,Graminoid,Grasses,inflorescence,new above,0.000,0.000,0.000,0.000,0.000,.,.,.,0,0.000,0.000,0.000,0.000,.,.,.,0.000,0.000,0.000,0.000,0.000,.,.,.,0.00,0.000,0.000,0.000,0.000,.,.,.,0.000,0.000,20,0,0,0,0,0,.,.,0,0,0,0,0,.,.,0,0,0,0,0,.,.,0,0,0,0,0,.,.,0.000,0.000,20,,
21-Jul-1989,Toolik Tussock 1981 plots,SH,Deciduous,Betula nana,new leaves,new above,1.186,1.025,0.802,0.733,0.000,.,.,.,0.288,0.524,0.017,0.015,0.835,.,.,.,1.456,0.171,0.054,0.063,0.038,.,.,.,0.38,1.009,0.794,0.769,0.373,.,.,.,0.527,0.100,20,29.65,25.625,20.05,18.325,0,.,.,7.2,13.1,0.425,0.375,20.875,.,.,36.4,4.275,1.35,1.575,0.95,.,.,9.5,25.225,19.85,19.225,9.325,.,.,13.165,2.509,20,,
21-Jul-1989,Toolik Tussock 1981 plots,SH,Deciduous,Betula nana,new stems,new above,0.229,0.156,0.081,0.110,0.000,.,.,.,0.011,0.081,0.002,0.000,0.048,.,.,.,0.375,0.020,0.003,0.012,0.006,.,.,.,0.10,0.103,0.201,0.105,0.069,.,.,.,0.086,0.022,20,5.725,3.9,2.025,2.75,0,.,.,0.275,2.025,0.05,0,1.2,.,.,9.375,0.5,0.075,0.3,0.15,.,.,2.5,2.575,5.025,2.625,1.725,.,.,2.140,0.538,20,,
21-Jul-1989,Toolik Tussock 1981 plots,SH,Deciduous,Betula nana,old stems,old above,2.570,3.698,2.470,2.358,0.000,.,.,.,0.344,0.679,0.075,0.042,1.279,.,.,.,2.648,1.956,0.240,0.024,0.023,.,.,.,1.14,0.851,2.745,2.261,0.907,.,.,.,1.316,0.261,20,64.25,92.45,61.75,58.95,0,.,.,8.6,16.975,1.875,1.05,31.975,.,.,66.2,48.9,6,0.6,0.575,.,.,28.5,21.275,68.625,56.525,22.675,.,.,32.888,6.532,20,,
21-Jul-1989,Toolik Tussock 1981 plots,SH,Deciduous,Betula nana,below stems,below,8.892,4.192,0.933,5.576,0.000,.,.,.,0.216,0.111,4.148,0.000,2.624,.,.,.,0.718,1.543,0.909,5.496,0.000,.,.,.,1.18,2.363,0.098,5.159,4.527,.,.,.,2.434,0.567,20,222.3,104.8,23.325,139.4,0,.,.,5.4,2.775,103.7,0,65.6,.,.,17.95,38.575,22.725,137.4,0,.,.,29.525,59.075,2.45,128.975,113.175,.,.,60.858,14.181,20,,
21-Jul-1989,Toolik Tussock 1981 plots,SH,Deciduous,Betula nana,inflorescence,new above,0.000,0.000,0.000,0.000,0.000,.,.,.,0,0.000,0.000,0.000,0.000,.,.,.,0.000,0.000,0.000,0.000,0.000,.,.,.,0.00,0.000,0.000,0.000,0.000,.,.,.,0.000,0.000,20,0,0,0,0,0,.,.,0,0,0,0,0,.,.,0,0,0,0,0,.,.,0,0,0,0,0,.,.,0.000,0.000,20,,
21-Jul-1989,Toolik Tussock 1981 plots,SH,Deciduous,Rubus chamaemorus,new leaves,new above,0.000,0.000,0.000,0.000,0.000,.,.,.,0,0.030,0.000,0.025,0.164,.,.,.,0.165,0.554,0.036,0.042,0.045,.,.,.,1.23,0.472,0.854,0.606,0.261,.,.,.,0.224,0.077,20,0,0,0,0,0,.,.,0,0.75,0,0.625,4.1,.,.,4.125,13.85,0.9,1.05,1.125,.,.,30.825,11.8,21.35,15.15,6.525,.,.,5.609,1.932,20,,
21-Jul-1989,Toolik Tussock 1981 plots,SH,Deciduous,Rubus chamaemorus,new stems,new above,0.000,0.000,0.000,0.000,0.000,.,.,.,0,0.004,0.000,0.006,0.017,.,.,.,0.017,0.072,0.001,0.019,0.006,.,.,.,0.25,0.287,0.060,0.717,0.020,.,.,.,0.074,0.038,20,0,0,0,0,0,.,.,0,0.1,0,0.15,0.425,.,.,0.425,1.8,0.025,0.475,0.15,.,.,6.225,7.175,1.5,17.925,0.5,.,.,1.844,0.960,20,,
21-Jul-1989,Toolik Tussock 1981 plots,SH,Deciduous,Rubus chamaemorus,below stems,below,0.000,0.000,0.000,0.000,0.000,.,.,.,0,0.029,0.000,0.530,0.126,.,.,.,0.112,1.721,3.185,0.878,0.068,.,.,.,3.90,1.129,1.055,1.747,0.586,.,.,.,0.753,0.250,20,0,0,0,0,0,.,.,0,0.725,0,13.25,3.15,.,.,2.8,43.025,79.625,21.95,1.7,.,.,97.375,28.225,26.375,43.675,14.65,.,.,18.826,6.257,20,,
21-Jul-1989,Toolik Tussock 1981 plots,SH,Deciduous,Rubus chamaemorus,inflorescence,new above,0.000,0.000,0.000,0.000,0.000,.,.,.,0,0.000,0.000,0.000,0.000,.,.,.,0.000,0.000,0.000,0.000,0.000,.,.,.,0.00,0.000,0.000,0.000,0.000,.,.,.,0.000,0.000,20,0,0,0,0,0,.,.,0,0,0,0,0,.,.,0,0,0,0,0,.,.,0,0,0,0,0,.,.,0.000,0.000,20,,
21-Jul-1989,Toolik Tussock 1981 plots,SH,Deciduous,Salix spp.,new leaves,new above,0.000,0.000,0.000,0.000,0.343,.,.,.,0,0.000,0.000,0.000,0.000,.,.,.,0.000,0.000,1.014,0.000,0.000,.,.,.,0.00,0.000,0.000,0.000,0.000,.,.,.,0.068,0.053,20,0,0,0,0,8.575,.,.,0,0,0,0,0,.,.,0,0,25.35,0,0,.,.,0,0,0,0,0,.,.,1.696,1.317,20,,
21-Jul-1989,Toolik Tussock 1981 plots,SH,Deciduous,Salix spp.,new stems,new above,0.000,0.000,0.000,0.000,0.088,.,.,.,0,0.000,0.000,0.000,0.000,.,.,.,0.000,0.000,0.194,0.000,0.000,.,.,.,0.00,0.000,0.000,0.000,0.000,.,.,.,0.014,0.010,20,0,0,0,0,2.2,.,.,0,0,0,0,0,.,.,0,0,4.85,0,0,.,.,0,0,0,0,0,.,.,0.353,0.261,20,,
21-Jul-1989,Toolik Tussock 1981 plots,SH,Deciduous,Salix spp.,old stems,old above,0.000,0.000,0.000,0.000,0.790,.,.,.,0,0.000,0.000,0.000,0.000,.,.,.,0.000,0.000,0.273,0.000,0.000,.,.,.,0.00,0.000,0.000,0.000,0.000,.,.,.,0.053,0.041,20,0,0,0,0,19.75,.,.,0,0,0,0,0,.,.,0,0,6.825,0,0,.,.,0,0,0,0,0,.,.,1.329,1.028,20,,
21-Jul-1989,Toolik Tussock 1981 plots,SH,Deciduous,Salix spp.,below stems,below,0.000,0.000,0.000,0.000,0.000,.,.,.,0,0.000,0.000,0.000,0.000,.,.,.,0.000,0.000,0.000,0.000,0.000,.,.,.,0.00,0.000,0.000,0.000,0.000,.,.,.,0.000,0.000,20,0,0,0,0,0,.,.,0,0,0,0,0,.,.,0,0,0,0,0,.,.,0,0,0,0,0,.,.,0.000,0.000,20,,
21-Jul-1989,Toolik Tussock 1981 plots,SH,Deciduous,Salix spp.,inflorescence,new above,0.000,0.000,0.000,0.000,0.000,.,.,.,0,0.000,0.000,0.000,0.000,.,.,.,0.000,0.000,0.000,0.000,0.000,.,.,.,0.00,0.000,0.000,0.000,0.000,.,.,.,0.000,0.000,20,0,0,0,0,0,.,.,0,0,0,0,0,.,.,0,0,0,0,0,.,.,0,0,0,0,0,.,.,0.000,0.000,20,,
21-Jul-1989,Toolik Tussock 1981 plots,SH,Deciduous,Other deciduous,new leaves,new above,0.000,0.000,0.136,0.031,0.000,.,.,.,0,0.000,0.000,0.000,0.000,.,.,.,0.000,0.010,0.000,0.248,0.000,.,.,.,0.00,0.000,0.000,0.000,0.000,.,.,.,0.021,0.014,20,0,0,3.4,0.775,0,.,.,0,0,0,0,0,.,.,0,0.25,0,6.2,0,.,.,0,0,0,0,0,.,.,0.531,0.344,20,,
21-Jul-1989,Toolik Tussock 1981 plots,SH,Deciduous,Other deciduous,new stems,new above,0.000,0.000,0.038,0.008,0.000,.,.,.,0,0.000,0.000,0.000,0.000,.,.,.,0.000,0.020,0.000,0.061,0.000,.,.,.,0.00,0.000,0.000,0.000,0.000,.,.,.,0.006,0.004,20,0,0,0.95,0.2,0,.,.,0,0,0,0,0,.,.,0,0.5,0,1.525,0,.,.,0,0,0,0,0,.,.,0.159,0.089,20,,
21-Jul-1989,Toolik Tussock 1981 plots,SH,Deciduous,Other deciduous,old stems,old above,0.000,0.000,0.233,0.066,0.000,.,.,.,0,0.000,0.000,0.000,0.000,.,.,.,0.000,0.000,0.000,0.000,0.000,.,.,.,0.00,0.000,0.000,0.000,0.000,.,.,.,0.015,0.012,20,0,0,5.825,1.65,0,.,.,0,0,0,0,0,.,.,0,0,0,0,0,.,.,0,0,0,0,0,.,.,0.374,0.299,20,,
21-Jul-1989,Toolik Tussock 1981 plots,SH,Deciduous,Other deciduous,below stems,below,0.000,0.000,0.017,0.093,0.000,.,.,.,0,0.000,0.000,0.000,0.000,.,.,.,0.000,0.175,1.342,1.402,0.000,.,.,.,0.00,0.000,0.000,0.000,0.000,.,.,.,0.151,0.094,20,0,0,0.425,2.325,0,.,.,0,0,0,0,0,.,.,0,4.375,33.55,35.05,0,.,.,0,0,0,0,0,.,.,3.786,2.346,20,,
21-Jul-1989,Toolik Tussock 1981 plots,SH,Deciduous,Other deciduous,inflorescence,new above,0.000,0.000,0.000,0.000,0.000,.,.,.,0,0.000,0.000,0.000,0.000,.,.,.,0.000,0.000,0.000,0.000,0.000,.,.,.,0.00,0.000,0.000,0.000,0.000,.,.,.,0.000,0.000,20,0,0,0,0,0,.,.,0,0,0,0,0,.,.,0,0,0,0,0,.,.,0,0,0,0,0,.,.,0.000,0.000,20,,
21-Jul-1989,Toolik Tussock 1981 plots,SH,Evergreen,Ledum palustre,old leaves,old above,0.895,0.785,1.185,0.499,0.617,.,.,.,0.131,0.104,0.300,0.333,0.366,.,.,.,0.225,0.365,0.462,0.326,0.487,.,.,.,0.08,0.603,0.034,0.077,0.000,.,.,.,0.393,0.069,20,22.375,19.625,29.625,12.475,15.425,.,.,3.275,2.6,7.5,8.325,9.15,.,.,5.625,9.125,11.55,8.15,12.175,.,.,1.875,15.075,0.85,1.925,0,.,.,9.836,1.737,20,,
21-Jul-1989,Toolik Tussock 1981 plots,SH,Evergreen,Ledum palustre,new leaves,new above,0.847,0.392,1.018,0.689,0.356,.,.,.,0.31,0.158,0.552,0.410,0.404,.,.,.,0.292,0.600,0.522,0.191,0.416,.,.,.,0.09,0.442,0.310,0.130,0.161,.,.,.,0.414,0.054,20,21.175,9.8,25.45,17.225,8.9,.,.,7.75,3.95,13.8,10.25,10.1,.,.,7.3,15,13.05,4.775,10.4,.,.,2.15,11.05,7.75,3.25,4.025,.,.,10.358,1.346,20,,
21-Jul-1989,Toolik Tussock 1981 plots,SH,Evergreen,Ledum palustre,new stems,new above,0.157,0.089,0.336,0.189,0.105,.,.,.,0.08,0.030,0.139,0.104,0.109,.,.,.,0.070,0.215,0.155,0.042,0.149,.,.,.,0.02,0.103,0.095,0.061,0.043,.,.,.,0.115,0.017,20,3.925,2.225,8.4,4.725,2.625,.,.,2,0.75,3.475,2.6,2.725,.,.,1.75,5.375,3.875,1.05,3.725,.,.,0.525,2.575,2.375,1.525,1.075,.,.,2.865,0.413,20,,
21-Jul-1989,Toolik Tussock 1981 plots,SH,Evergreen,Ledum palustre,old stems,old above,5.223,1.920,1.334,1.571,1.010,.,.,.,1.475,0.160,2.620,1.347,1.226,.,.,.,1.405,2.672,1.266,0.575,1.379,.,.,.,0.57,1.902,1.692,0.875,0.436,.,.,.,1.533,0.242,20,130.575,48,33.35,39.275,25.25,.,.,36.875,4,65.5,33.675,30.65,.,.,35.125,66.8,31.65,14.375,34.475,.,.,14.325,47.55,42.3,21.875,10.9,.,.,38.326,6.060,20,,
21-Jul-1989,Toolik Tussock 1981 plots,SH,Evergreen,Ledum palustre,below stems,below,4.121,3.656,1.395,3.195,6.035,.,.,.,0.943,2.402,3.317,6.683,3.309,.,.,.,3.290,3.540,2.711,1.650,2.006,.,.,.,2.72,6.947,2.316,2.401,5.749,.,.,.,3.419,0.383,20,103.025,91.4,34.875,79.875,150.875,.,.,23.575,60.05,82.925,167.075,82.725,.,.,82.25,88.5,67.775,41.25,50.15,.,.,67.925,173.675,57.9,60.025,143.725,.,.,85.479,9.568,20,,
21-Jul-1989,Toolik Tussock 1981 plots,SH,Evergreen,Ledum palustre,inflorescence,new above,0.045,0.000,0.091,0.000,0.039,.,.,.,0,0.000,0.016,0.000,0.000,.,.,.,0.000,0.000,0.000,0.000,0.037,.,.,.,0.00,0.000,0.000,0.000,0.000,.,.,.,0.011,0.005,20,1.125,0,2.275,0,0.975,.,.,0,0,0.4,0,0,.,.,0,0,0,0,0.925,.,.,0,0,0,0,0,.,.,0.285,0.134,20,,
21-Jul-1989,Toolik Tussock 1981 plots,SH,Evergreen,Vaccinium vitis-idaea,old leaves,old above,0.251,0.355,0.151,0.477,0.542,.,.,.,0,0.104,0.194,0.279,0.338,.,.,.,0.024,0.136,0.237,0.096,0.212,.,.,.,0.36,1.032,0.359,0.097,0.156,.,.,.,0.270,0.051,20,6.275,8.875,3.775,11.925,13.55,.,.,0,2.6,4.85,6.975,8.45,.,.,0.6,3.4,5.925,2.4,5.3,.,.,8.975,25.8,8.975,2.425,3.9,.,.,6.749,1.284,20,,
21-Jul-1989,Toolik Tussock 1981 plots,SH,Evergreen,Vaccinium vitis-idaea,new leaves,new above,0.162,0.183,0.143,0.289,0.171,.,.,.,0,0.144,0.115,0.162,0.306,.,.,.,0.039,0.234,0.201,0.083,0.112,.,.,.,0.14,0.319,0.196,0.238,0.195,.,.,.,0.172,0.018,20,4.05,4.575,3.575,7.225,4.275,.,.,0,3.6,2.875,4.05,7.65,.,.,0.975,5.85,5.025,2.075,2.8,.,.,3.5,7.975,4.9,5.95,4.875,.,.,4.290,0.460,20,,
21-Jul-1989,Toolik Tussock 1981 plots,SH,Evergreen,Vaccinium vitis-idaea,new stems,new above,0.019,0.022,0.027,0.061,0.029,.,.,.,0,0.010,0.018,0.015,0.048,.,.,.,0.004,0.294,0.025,0.013,0.014,.,.,.,0.04,0.071,0.045,0.058,0.031,.,.,.,0.042,0.014,20,0.475,0.55,0.675,1.525,0.725,.,.,0,0.25,0.45,0.375,1.2,.,.,0.1,7.35,0.625,0.325,0.35,.,.,1.05,1.775,1.125,1.45,0.775,.,.,1.058,0.349,20,,
21-Jul-1989,Toolik Tussock 1981 plots,SH,Evergreen,Vaccinium vitis-idaea,old stems,old above,0.204,0.315,0.091,0.560,0.251,.,.,.,0,0.135,0.098,0.173,0.345,.,.,.,0.076,0.031,0.171,0.126,0.102,.,.,.,0.45,0.749,0.354,0.338,0.117,.,.,.,0.234,0.042,20,5.1,7.875,2.275,14,6.275,.,.,0,3.375,2.45,4.325,8.625,.,.,1.9,0.775,4.275,3.15,2.55,.,.,11.175,18.725,8.85,8.45,2.925,.,.,5.854,1.059,20,,
21-Jul-1989,Toolik Tussock 1981 plots,SH,Evergreen,Vaccinium vitis-idaea,below stems,below,0.820,2.263,0.374,0.518,0.871,.,.,.,0.128,1.052,2.025,3.776,2.511,.,.,.,1.019,2.588,2.589,1.315,0.801,.,.,.,3.17,1.902,2.007,2.228,1.365,.,.,.,1.666,0.221,20,20.5,56.575,9.35,12.95,21.775,.,.,3.2,26.3,50.625,94.4,62.775,.,.,25.475,64.7,64.725,32.875,20.025,.,.,79.325,47.55,50.175,55.7,34.125,.,.,41.656,5.527,20,,
21-Jul-1989,Toolik Tussock 1981 plots,SH,Evergreen,Vaccinium vitis-idaea,inflorescence,new above,0.000,0.000,0.003,0.005,0.000,.,.,.,0,0.010,0.004,0.000,0.004,.,.,.,0.000,0.000,0.000,0.000,0.002,.,.,.,0.00,0.014,0.000,0.000,0.000,.,.,.,0.002,0.001,20,0,0,0.075,0.125,0,.,.,0,0.25,0.1,0,0.1,.,.,0,0,0,0,0.05,.,.,0,0.35,0,0,0,.,.,0.053,0.021,20,,
21-Jul-1989,Toolik Tussock 1981 plots,SH,Evergreen,Other Evergreen,old leaves,old above,0.104,0.000,0.000,0.000,0.000,.,.,.,0,0.004,0.010,0.072,0.000,.,.,.,0.000,0.000,0.312,0.088,0.104,.,.,.,0.11,0.249,0.085,0.033,0.011,.,.,.,0.059,0.019,20,2.6,0,0,0,0,.,.,0,0.1,0.25,1.8,0,.,.,0,0,7.8,2.2,2.6,.,.,2.625,6.225,2.125,0.825,0.275,.,.,1.471,0.487,20,,
21-Jul-1989,Toolik Tussock 1981 plots,SH,Evergreen,Other Evergreen,new leaves,new above,0.052,0.000,0.000,0.000,0.000,.,.,.,0,0.012,0.014,0.123,0.000,.,.,.,0.011,0.000,0.126,0.023,0.011,.,.,.,0.03,0.110,0.065,0.000,0.016,.,.,.,0.030,0.010,20,1.3,0,0,0,0,.,.,0,0.3,0.35,3.075,0,.,.,0.275,0,3.15,0.575,0.275,.,.,0.775,2.75,1.625,0,0.4,.,.,0.743,0.239,20,,
21-Jul-1989,Toolik Tussock 1981 plots,SH,Evergreen,Other Evergreen,new stems,new above,0.014,0.000,0.000,0.000,0.000,.,.,.,0,0.004,0.004,0.019,0.000,.,.,.,0.008,0.000,0.025,0.004,0.004,.,.,.,0.01,0.031,0.016,0.000,0.005,.,.,.,0.007,0.002,20,0.35,0,0,0,0,.,.,0,0.1,0.1,0.475,0,.,.,0.2,0,0.625,0.1,0.1,.,.,0.225,0.775,0.4,0,0.125,.,.,0.179,0.051,20,,
21-Jul-1989,Toolik Tussock 1981 plots,SH,Evergreen,Other Evergreen,old stems,old above,0.055,0.000,0.000,0.000,0.000,.,.,.,0,0.089,0.002,0.128,0.000,.,.,.,0.000,0.000,0.162,0.058,0.046,.,.,.,0.09,0.215,0.136,0.071,0.034,.,.,.,0.054,0.014,20,1.375,0,0,0,0,.,.,0,2.225,0.05,3.2,0,.,.,0,0,4.05,1.45,1.15,.,.,2.275,5.375,3.4,1.775,0.85,.,.,1.359,0.361,20,,
21-Jul-1989,Toolik Tussock 1981 plots,SH,Evergreen,Other Evergreen,below stems,below,0.040,0.000,0.000,0.000,0.000,.,.,.,0,0.107,0.000,0.579,0.000,.,.,.,0.000,0.000,0.167,0.249,0.128,.,.,.,0.00,0.327,0.130,0.188,0.034,.,.,.,0.097,0.033,20,1,0,0,0,0,.,.,0,2.675,0,14.475,0,.,.,0,0,4.175,6.225,3.2,.,.,0,8.175,3.25,4.7,0.85,.,.,2.436,0.836,20,,
21-Jul-1989,Toolik Tussock 1981 plots,SH,Evergreen,Other Evergreen,inflorescence,new above,0.000,0.000,0.000,0.000,0.000,.,.,.,0,0.000,0.000,0.000,0.000,.,.,.,0.000,0.000,0.000,0.000,0.000,.,.,.,0.00,0.000,0.000,0.000,0.000,.,.,.,0.000,0.000,20,0,0,0,0,0,.,.,0,0,0,0,0,.,.,0,0,0,0,0,.,.,0,0,0,0,0,.,.,0.000,0.000,20,,
21-Jul-1989,Toolik Tussock 1981 plots,SH,Forb,Forbs spp. ,new above,new above,0.019,0.041,0.000,0.000,0.404,.,.,.,0,0.000,0.019,0.183,0.000,.,.,.,0.000,0.000,0.015,0.000,0.000,.,.,.,0.11,0.017,0.000,0.000,0.000,.,.,.,0.041,0.022,20,0.475,1.025,0,0,10.1,.,.,0,0,0.475,4.575,0,.,.,0,0,0.375,0,0,.,.,2.825,0.425,0,0,0,.,.,1.014,0.543,20,,
21-Jul-1989,Toolik Tussock 1981 plots,SH,Forb,Forbs spp. ,below,below,0.039,0.030,0.000,0.000,0.337,.,.,.,0,0.000,0.002,1.263,0.000,.,.,.,0.000,0.000,0.013,0.000,0.000,.,.,.,0.32,0.009,0.000,0.000,0.000,.,.,.,0.101,0.065,20,0.975,0.75,0,0,8.425,.,.,0,0,0.05,31.575,0,.,.,0,0,0.325,0,0,.,.,7.975,0.225,0,0,0,.,.,2.515,1.628,20,,
21-Jul-1989,Toolik Tussock 1981 plots,SH,Bryophyte,Mosses spp.,live green,non-vascular,3.153,8.725,7.702,4.074,2.187,.,.,.,4.937,8.435,5.466,10.050,5.452,.,.,.,4.384,3.314,5.460,5.670,7.708,.,.,.,3.62,6.558,5.247,6.120,2.200,.,.,.,5.523,0.488,20,78.825,218.125,192.55,101.85,54.675,.,.,123.425,210.875,136.65,251.25,136.3,.,.,109.6,82.85,136.5,141.75,192.7,.,.,90.4,163.95,131.175,153,55,.,.,138.073,12.189,20,,
21-Jul-1989,Toolik Tussock 1981 plots,SH,Lichen,Lichens spp.,live,non-vascular,1.447,0.002,0.560,0.090,2.363,.,.,.,8.233,0.986,2.356,0.534,1.402,.,.,.,1.938,8.380,1.075,3.370,3.396,.,.,.,0.25,0.159,0.014,0.030,0.110,.,.,.,1.835,0.551,20,36.175,0.05,14,2.25,59.075,.,.,205.825,24.65,58.9,13.35,35.05,.,.,48.45,209.5,26.875,84.25,84.9,.,.,6.325,3.975,0.35,0.75,2.75,.,.,45.873,13.774,20,,
31-Jul-1995,Toolik Tussock 1981 plots,Control,Graminoid,Eriophorum vaginatum,blade,new above,0.49,2.456,0.505,2.043,0.722,.,.,.,3.837,1.821,0.459,0.578,0.031,.,.,.,0.016,0.963,2.034,1.123,0.128,.,.,.,1.41,0.695,0.577,0.101,1.656,.,.,.,1.147,0.219,20,12.25,61.4,12.625,51.075,18.05,.,.,95.925,45.525,11.475,14.45,0.775,.,.,0.4,24.075,50.85,28.075,3.2,.,.,35.35,17.375,14.425,2.525,41.4,.,.,27.061,5.484,20,,
31-Jul-1995,Toolik Tussock 1981 plots,Control,Graminoid,Eriophorum vaginatum,sheath,new above,0.607,2.774,0.359,1.389,0.623,.,.,.,1.292,1.511,0.289,0.463,0.002,.,.,.,0,0.693,1.018,0.889,0.032,.,.,.,1.60,0.382,0.581,0.115,0.530,.,.,.,0.796,0.153,20,15.175,69.35,8.975,34.725,15.575,.,.,32.3,37.775,7.225,11.575,0.05,.,.,0,17.325,25.45,22.225,0.8,.,.,39.9,9.55,14.525,2.875,13.25,.,.,18.931,3.831,20,,
31-Jul-1995,Toolik Tussock 1981 plots,Control,Graminoid,Eriophorum vaginatum,inflor/culm,new above,0,0.105,0,0,0.000,.,.,.,0,0,0,0,0,.,.,.,0,0,0,0,0,.,.,.,0.00,0.000,0.000,0.000,0.000,.,.,.,0.007,0.005,20,0,2.625,0,0,0,.,.,0,0,0,0,0,.,.,0,0,0,0,0,.,.,0,0,0,0,0,.,.,0.131,0.131,20,,
31-Jul-1995,Toolik Tussock 1981 plots,Control,Graminoid,Carex bigelowii,blade,new above,0,0.18,0,0.057,0.691,.,.,.,0.134,0,0.251,0.177,0.016,.,.,.,0,0.102,0.159,0,0,.,.,.,0.00,0.115,0.049,0.000,0.124,.,.,.,0.118,0.036,20,0,4.5,0,1.425,17.275,.,.,3.35,0,6.275,4.425,0.4,.,.,0,2.55,3.975,0,0,.,.,0,2.875,1.225,0,3.1,.,.,2.569,0.890,20,,
31-Jul-1995,Toolik Tussock 1981 plots,Control,Graminoid,Carex bigelowii,sheath,new above,0,0.095,0,0.05,0.562,.,.,.,0.025,0,0.129,0.042,0,.,.,.,0,0.042,0.071,0,0,.,.,.,0.00,0.078,0.037,0.000,0.102,.,.,.,0.068,0.028,20,0,2.375,0,1.25,14.05,.,.,0.625,0,3.225,1.05,0,.,.,0,1.05,1.775,0,0,.,.,0,1.95,0.925,0,2.55,.,.,1.541,0.697,20,,
31-Jul-1995,Toolik Tussock 1981 plots,Control,Graminoid,Carex bigelowii,inflor/culm,new above,0,0,0,0,0.030,.,.,.,0,0,0,0,0,.,.,.,0,0,0,0,0,.,.,.,0.00,0.000,0.000,0.000,0.000,.,.,.,0.002,0.002,20,0,0,0,0,0.75,.,.,0,0,0,0,0,.,.,0,0,0,0,0,.,.,0,0,0,0,0,.,.,0.038,0.038,20,,
31-Jul-1995,Toolik Tussock 1981 plots,Control,Graminoid,Other Graminoids,blade,new above,0,0,0,0,0.336,.,.,.,0,0.054,0,0.015,0.188,.,.,.,0,0,0,0.028,0,.,.,.,0.00,0.000,0.000,0.000,0.000,.,.,.,0.041,0.019,20,0,0,0,0,8.4,.,.,0,1.35,0,0.375,4.7,.,.,0,0,0,0.7,0,.,.,0,0,0,0,0,.,.,0.776,0.468,20,,
31-Jul-1995,Toolik Tussock 1981 plots,Control,Graminoid,Other Graminoids,sheath,new above,0,0,0,0,0.160,.,.,.,0,0,0,0.009,0.031,.,.,.,0,0,0,0.022,0,.,.,.,0.00,0.000,0.000,0.000,0.000,.,.,.,0.015,0.008,20,0,0,0,0,4,.,.,0,0,0,0.225,0.775,.,.,0,0,0,0.55,0,.,.,0,0,0,0,0,.,.,0.278,0.201,20,,
31-Jul-1995,Toolik Tussock 1981 plots,Control,Graminoid,Other Graminoids,inflor/culm,new above,0,0,0,0,0.000,.,.,.,0,0,0,0,0,.,.,.,0,0,0,0,0,.,.,.,0.00,0.000,0.000,0.000,0.000,.,.,.,0.000,0.000,20,0,0,0,0,0,.,.,0,0,0,0,0,.,.,0,0,0,0,0,.,.,0,0,0,0,0,.,.,0.000,0.000,20,,
31-Jul-1995,Toolik Tussock 1981 plots,Control,Deciduous,Betula nana,new leaves,new above,0.524,1.032,1.328,0.622,0.159,.,.,.,0.84,0.212,0.233,1.051,1.304,.,.,.,0.234,0,0.301,0,0.426,.,.,.,0.23,0.483,0.972,1.191,0.429,.,.,.,0.551,0.097,20,13.1,25.8,33.2,15.55,3.975,.,.,21,5.3,5.825,26.275,32.6,.,.,5.85,0,7.525,0,10.65,.,.,5.7,12.075,24.3,29.775,10.725,.,.,14.461,2.431,20,,
31-Jul-1995,Toolik Tussock 1981 plots,Control,Deciduous,Betula nana,new stems,new above,0.043,0.334,0.496,0.155,0.063,.,.,.,0.251,0.093,0.068,0.211,0.221,.,.,.,0.031,0,0.137,0,0.083,.,.,.,0.08,0.162,0.400,0.508,0.085,.,.,.,0.146,0.035,20,1.075,8.35,12.4,3.875,1.575,.,.,6.275,2.325,1.7,5.275,5.525,.,.,0.775,0,3.425,0,2.075,.,.,1.9,4.05,10,12.7,2.125,.,.,4.271,0.867,20,,
31-Jul-1995,Toolik Tussock 1981 plots,Control,Deciduous,Betula nana,old stems,old above,1.086,3.658,3.989,2.88,0.105,.,.,.,3.834,0.441,1.807,3.577,5.022,.,.,.,0.593,0,1.226,0,1.194,.,.,.,0.20,1.655,2.993,4.291,1.353,.,.,.,1.961,0.365,20,27.15,91.45,99.725,72,2.625,.,.,95.85,11.025,45.175,89.425,125.55,.,.,14.825,0,30.65,0,29.85,.,.,4.875,41.375,74.825,107.275,33.825,.,.,49.874,9.124,20,,
31-Jul-1995,Toolik Tussock 1981 plots,Control,Deciduous,Betula nana,inflorescence,new above,0,0.012,0,0,0.000,.,.,.,0.026,0,0,0,0,.,.,.,0,0,0,0,0,.,.,.,0.06,0.004,0.020,0.051,0.000,.,.,.,0.003,0.004,20,0,0.3,0,0,0,.,.,0.65,0,0,0,0,.,.,0,0,0,0,0,.,.,1.55,0.1,0.5,1.275,0,.,.,0.219,0.101,20,,
31-Jul-1995,Toolik Tussock 1981 plots,Control,Deciduous,Salix spp.,new leaves,new above,0,0,0,0,0.000,.,.,.,0,0,0,0,0,.,.,.,0,0,0,0.524,0,.,.,.,0.00,0.000,0.643,0.000,0.000,.,.,.,0.035,0.040,20,0,0,0,0,0,.,.,0,0,0,0,0,.,.,0,0,0,13.1,0,.,.,0,0,16.075,0,0,.,.,1.459,1.010,20,,
31-Jul-1995,Toolik Tussock 1981 plots,Control,Deciduous,Salix spp.,new stems,new above,0,0,0,0,0.000,.,.,.,0,0,0,0,0,.,.,.,0,0,0,0.074,0,.,.,.,0.00,0.000,0.135,0.000,0.000,.,.,.,0.005,0.008,20,0,0,0,0,0,.,.,0,0,0,0,0,.,.,0,0,0,1.85,0,.,.,0,0,3.375,0,0,.,.,0.261,0.188,20,,
31-Jul-1995,Toolik Tussock 1981 plots,Control,Deciduous,Salix spp.,old stems,old above,0,0,0,0,0.000,.,.,.,0,0,0,0,0,.,.,.,0,0,0,2.034,0,.,.,.,0.00,0.000,1.500,0.000,0.000,.,.,.,0.136,0.123,20,0,0,0,0,0,.,.,0,0,0,0,0,.,.,0,0,0,50.85,0,.,.,0,0,37.5,0,0,.,.,4.418,3.079,20,,
31-Jul-1995,Toolik Tussock 1981 plots,Control,Deciduous,Salix spp.,inflorescence,new above,0,0,0,0,0.000,.,.,.,0,0,0,0,0,.,.,.,0,0,0,0,0,.,.,.,0.00,0.000,0.000,0.000,0.000,.,.,.,0.000,0.000,20,0,0,0,0,0,.,.,0,0,0,0,0,.,.,0,0,0,0,0,.,.,0,0,0,0,0,.,.,0.000,0.000,20,,
31-Jul-1995,Toolik Tussock 1981 plots,Control,Deciduous,Vaccinium uliginosum,new leaves,new above,0,0,0,0,0.000,.,.,.,0,0,0,0,0,.,.,.,0,0,0,0,0,.,.,.,0.00,0.000,0.000,0.000,0.007,.,.,.,0.000,0.000,20,0,0,0,0,0,.,.,0,0,0,0,0,.,.,0,0,0,0,0,.,.,0,0,0,0,0.175,.,.,0.009,0.009,20,,
31-Jul-1995,Toolik Tussock 1981 plots,Control,Deciduous,Vaccinium uliginosum,new stems,new above,0,0,0,0,0.000,.,.,.,0,0,0,0,0,.,.,.,0,0,0,0,0,.,.,.,0.00,0.000,0.000,0.000,0.005,.,.,.,0.000,0.000,20,0,0,0,0,0,.,.,0,0,0,0,0,.,.,0,0,0,0,0,.,.,0,0,0,0,0.125,.,.,0.006,0.006,20,,
31-Jul-1995,Toolik Tussock 1981 plots,Control,Deciduous,Vaccinium uliginosum,old stems,old above,0,0,0,0,0.000,.,.,.,0,0,0,0,0,.,.,.,0,0,0,0,0,.,.,.,0.00,0.000,0.000,0.000,0.011,.,.,.,0.000,0.001,20,0,0,0,0,0,.,.,0,0,0,0,0,.,.,0,0,0,0,0,.,.,0,0,0,0,0.275,.,.,0.014,0.014,20,,
31-Jul-1995,Toolik Tussock 1981 plots,Control,Deciduous,Vaccinium uliginosum,inflorescence,new above,0,0,0,0,0.000,.,.,.,0,0,0,0,0,.,.,.,0,0,0,0,0,.,.,.,0.00,0.000,0.000,0.000,0.000,.,.,.,0.000,0.000,20,0,0,0,0,0,.,.,0,0,0,0,0,.,.,0,0,0,0,0,.,.,0,0,0,0,0,.,.,0.000,0.000,20,,
31-Jul-1995,Toolik Tussock 1981 plots,Control,Deciduous,Rubus chamaemorus,new leaves,new above,0.136,0,0,0.049,0.000,.,.,.,0.459,0.494,0,0.017,0,.,.,.,0.037,0.033,0.088,0.188,0,.,.,.,0.00,0.181,0.081,0.142,0.000,.,.,.,0.100,0.032,20,3.4,0,0,1.225,0,.,.,11.475,12.35,0,0.425,0,.,.,0.925,0.825,2.2,4.7,0,.,.,0,4.525,2.025,3.55,0,.,.,2.381,0.811,20,,
31-Jul-1995,Toolik Tussock 1981 plots,Control,Deciduous,Rubus chamaemorus,new stems,new above,0,0,0,0.004,0.000,.,.,.,0.039,0.08,0,0.012,0,.,.,.,0.01,0.009,0.015,0.02,0,.,.,.,0.00,0.109,0.010,0.019,0.000,.,.,.,0.013,0.006,20,0,0,0,0.1,0,.,.,0.975,2,0,0.3,0,.,.,0.25,0.225,0.375,0.5,0,.,.,0,2.725,0.25,0.475,0,.,.,0.409,0.162,20,,
31-Jul-1995,Toolik Tussock 1981 plots,Control,Deciduous,Rubus chamaemorus,old stems,old above,0,0,0,0,0.000,.,.,.,0,0,0,0,0,.,.,.,0,0,0,0,0,.,.,.,0.00,0.000,0.000,0.000,0.000,.,.,.,0.000,0.000,20,0,0,0,0,0,.,.,0,0,0,0,0,.,.,0,0,0,0,0,.,.,0,0,0,0,0,.,.,0.000,0.000,20,,
31-Jul-1995,Toolik Tussock 1981 plots,Control,Deciduous,Rubus chamaemorus,inflorescence,new above,0,0,0,0,0.000,.,.,.,0.146,0,0,0,0,.,.,.,0,0,0,0,0,.,.,.,0.00,0.000,0.000,0.000,0.000,.,.,.,0.010,0.007,20,0,0,0,0,0,.,.,3.65,0,0,0,0,.,.,0,0,0,0,0,.,.,0,0,0,0,0,.,.,0.183,0.183,20,,
31-Jul-1995,Toolik Tussock 1981 plots,Control,Deciduous,Other Deciduous,new leaves,new above,0,0,0,0,0.000,.,.,.,0,0,0,0,0,.,.,.,2.23,0,0,0,0,.,.,.,0.00,0.000,0.000,0.000,0.000,.,.,.,0.149,0.112,20,0,0,0,0,0,.,.,0,0,0,0,0,.,.,55.75,0,0,0,0,.,.,0,0,0,0,0,.,.,2.788,2.788,20,,
31-Jul-1995,Toolik Tussock 1981 plots,Control,Deciduous,Other Deciduous,new stems,new above,0,0,0,0,0.000,.,.,.,0,0,0,0,0,.,.,.,0.39,0,0,0,0,.,.,.,0.00,0.000,0.000,0.000,0.000,.,.,.,0.026,0.020,20,0,0,0,0,0,.,.,0,0,0,0,0,.,.,9.75,0,0,0,0,.,.,0,0,0,0,0,.,.,0.488,0.488,20,,
31-Jul-1995,Toolik Tussock 1981 plots,Control,Deciduous,Other Deciduous,old stems,old above,0,0,0,0,0.000,.,.,.,0,0,0,0,0,.,.,.,0.967,0,0,0,0,.,.,.,0.00,0.000,0.000,0.000,0.000,.,.,.,0.064,0.048,20,0,0,0,0,0,.,.,0,0,0,0,0,.,.,24.175,0,0,0,0,.,.,0,0,0,0,0,.,.,1.209,1.209,20,,
31-Jul-1995,Toolik Tussock 1981 plots,Control,Deciduous,Other Deciduous,inflorescence,new above,0,0,0,0,0.000,.,.,.,0,0,0,0,0,.,.,.,0,0,0,0,0,.,.,.,0.00,0.000,0.000,0.000,0.000,.,.,.,0.000,0.000,20,0,0,0,0,0,.,.,0,0,0,0,0,.,.,0,0,0,0,0,.,.,0,0,0,0,0,.,.,0.000,0.000,20,,
31-Jul-1995,Toolik Tussock 1981 plots,Control,Evergreen,Ledum palustre,new leaves,new above,0.541,0.781,0.786,0.379,0.326,.,.,.,0.988,0.733,2.221,0.746,0.84,.,.,.,1.028,0.504,1.524,0.886,0.417,.,.,.,0.75,1.163,0.546,0.887,1.419,.,.,.,0.847,0.100,20,13.525,19.525,19.65,9.475,8.15,.,.,24.7,18.325,55.525,18.65,21,.,.,25.7,12.6,38.1,22.15,10.425,.,.,18.65,29.075,13.65,22.175,35.475,.,.,21.826,2.511,20,,
31-Jul-1995,Toolik Tussock 1981 plots,Control,Evergreen,Ledum palustre,new stems,new above,0.071,0.21,0.219,0.105,0.098,.,.,.,0.278,0.271,0.625,0.198,0.235,.,.,.,0.232,0.121,0.483,0.215,0.072,.,.,.,0.21,0.327,0.168,0.202,0.347,.,.,.,0.229,0.030,20,1.775,5.25,5.475,2.625,2.45,.,.,6.95,6.775,15.625,4.95,5.875,.,.,5.8,3.025,12.075,5.375,1.8,.,.,5.3,8.175,4.2,5.05,8.675,.,.,5.861,0.757,20,,
31-Jul-1995,Toolik Tussock 1981 plots,Control,Evergreen,Ledum palustre,old leaves,old above,0.508,0.575,0.809,0.328,0.318,.,.,.,1.49,0.557,2.255,0.31,0.75,.,.,.,1.071,0.323,2.137,0.832,0.177,.,.,.,0.89,1.113,0.557,0.800,0.934,.,.,.,0.829,0.127,20,12.7,14.375,20.225,8.2,7.95,.,.,37.25,13.925,56.375,7.75,18.75,.,.,26.775,8.075,53.425,20.8,4.425,.,.,22.35,27.825,13.925,20,23.35,.,.,20.923,3.173,20,,
31-Jul-1995,Toolik Tussock 1981 plots,Control,Evergreen,Ledum palustre,old stems,old above,1.176,1.636,3.456,1.343,0.423,.,.,.,4.113,1.946,6.438,1.847,1.438,.,.,.,2.205,1.224,3.474,1.748,0.809,.,.,.,1.36,2.607,1.037,1.561,2.504,.,.,.,2.218,0.310,20,29.4,40.9,86.4,33.575,10.575,.,.,102.825,48.65,160.95,46.175,35.95,.,.,55.125,30.6,86.85,43.7,20.225,.,.,34.05,65.175,25.925,39.025,62.6,.,.,52.934,7.751,20,,
31-Jul-1995,Toolik Tussock 1981 plots,Control,Evergreen,Ledum palustre,inflorescence,new above,0,0,0.086,0.131,0.000,.,.,.,0,0,0.059,0.049,0,.,.,.,0.032,0.07,0.141,0.078,0,.,.,.,0.08,0.000,0.000,0.000,0.000,.,.,.,0.043,0.011,20,0,0,2.15,3.275,0,.,.,0,0,1.475,1.225,0,.,.,0.8,1.75,3.525,1.95,0,.,.,1.925,0,0,0,0,.,.,0.904,0.263,20,,
31-Jul-1995,Toolik Tussock 1981 plots,Control,Evergreen,Vaccinium vitis-idaea,new leaves,new above,0.823,0.328,0.593,0.196,0.351,.,.,.,0.515,0.411,0.764,1.152,0.156,.,.,.,1.116,1.649,0.554,1.004,0.626,.,.,.,0.88,1.184,1.213,1.214,0.970,.,.,.,0.683,0.090,20,20.575,8.2,14.825,4.9,8.775,.,.,12.875,10.275,19.1,28.8,3.9,.,.,27.9,41.225,13.85,25.1,15.65,.,.,21.95,29.6,30.325,30.35,24.25,.,.,19.621,2.250,20,,
31-Jul-1995,Toolik Tussock 1981 plots,Control,Evergreen,Vaccinium vitis-idaea,new stems,new above,0.079,0.062,0.092,0.035,0.046,.,.,.,0.082,0.086,0.1,0.171,0.025,.,.,.,0.131,0.222,0.084,0.132,0.065,.,.,.,0.21,0.225,0.258,0.274,0.296,.,.,.,0.094,0.019,20,1.975,1.55,2.3,0.875,1.15,.,.,2.05,2.15,2.5,4.275,0.625,.,.,3.275,5.55,2.1,3.3,1.625,.,.,5.3,5.625,6.45,6.85,7.4,.,.,3.346,0.476,20,,
31-Jul-1995,Toolik Tussock 1981 plots,Control,Evergreen,Vaccinium vitis-idaea,old leaves,old above,0.759,1.185,1.433,0.222,0.416,.,.,.,1.07,0.564,2.386,2.867,0.258,.,.,.,1.864,1.04,1.653,2.81,0.258,.,.,.,2.38,0.985,0.872,0.824,1.188,.,.,.,1.252,0.186,20,18.975,29.625,35.825,5.55,10.4,.,.,26.75,14.1,59.65,71.675,6.45,.,.,46.6,26,41.325,70.25,6.45,.,.,59.575,24.625,21.8,20.6,29.7,.,.,31.296,4.643,20,,
31-Jul-1995,Toolik Tussock 1981 plots,Control,Evergreen,Vaccinium vitis-idaea,old stems,old above,0.396,0.445,0.738,0.171,0.222,.,.,.,0.917,0.194,1.011,1.024,0.168,.,.,.,0.839,0.81,0.923,0.903,0.182,.,.,.,0.94,1.331,0.786,0.452,1.002,.,.,.,0.596,0.080,20,9.9,11.125,18.45,4.275,5.55,.,.,22.925,4.85,25.275,25.6,4.2,.,.,20.975,20.25,23.075,22.575,4.55,.,.,23.45,33.275,19.65,11.3,25.05,.,.,16.815,2.006,20,,
31-Jul-1995,Toolik Tussock 1981 plots,Control,Evergreen,Vaccinium vitis-idaea,inflorescence,new above,0.008,0,0,0,0.000,.,.,.,0.002,0,0,0,0,.,.,.,0,0,0,0,0,.,.,.,0.00,0.000,0.000,0.000,0.000,.,.,.,0.001,0.000,20,0.2,0,0,0,0,.,.,0.05,0,0,0,0,.,.,0,0,0,0,0,.,.,0,0,0,0,0,.,.,0.013,0.010,20,,
31-Jul-1995,Toolik Tussock 1981 plots,Control,Evergreen,Other Evergreen,new leaves,new above,0,0.073,0.023,0.32,0.000,.,.,.,0,0,0,0,0,.,.,.,0,0.223,0.212,0.016,0.113,.,.,.,0.00,0.179,0.048,0.026,0.220,.,.,.,0.065,0.023,20,0,1.825,0.575,8,0,.,.,0,0,0,0,0,.,.,0,5.575,5.3,0.4,2.825,.,.,0,4.475,1.2,0.65,5.5,.,.,1.816,0.565,20,,
31-Jul-1995,Toolik Tussock 1981 plots,Control,Evergreen,Other Evergreen,new stems,new above,0,0.023,0.005,0.041,0.000,.,.,.,0,0,0,0,0,.,.,.,0,0.063,0.021,0.005,0.019,.,.,.,0.00,0.035,0.014,0.005,0.052,.,.,.,0.012,0.004,20,0,0.575,0.125,1.025,0,.,.,0,0,0,0,0,.,.,0,1.575,0.525,0.125,0.475,.,.,0,0.875,0.35,0.125,1.3,.,.,0.354,0.109,20,,
31-Jul-1995,Toolik Tussock 1981 plots,Control,Evergreen,Other Evergreen,old leaves,old above,0,0.228,0.064,0.46,0.000,.,.,.,0,0,0,0,0,.,.,.,0,0.358,0.805,0.019,0.036,.,.,.,0.00,0.227,0.095,0.072,0.515,.,.,.,0.131,0.050,20,0,5.7,1.6,11.5,0,.,.,0,0,0,0,0,.,.,0,8.95,20.125,0.475,0.9,.,.,0,5.675,2.375,1.8,12.875,.,.,3.599,1.258,20,,
31-Jul-1995,Toolik Tussock 1981 plots,Control,Evergreen,Other Evergreen,old stems,old above,0,0.164,0.035,0.259,0.000,.,.,.,0,0,0,0,0,.,.,.,0,0.282,0.32,0.018,0.038,.,.,.,0.00,0.236,0.092,0.034,0.341,.,.,.,0.074,0.028,20,0,4.1,0.875,6.475,0,.,.,0,0,0,0,0,.,.,0,7.05,8,0.45,0.95,.,.,0,5.9,2.3,0.85,8.525,.,.,2.274,0.697,20,,
31-Jul-1995,Toolik Tussock 1981 plots,Control,Evergreen,Other Evergreen,inflorescence,new above,0,0,0,0,0.000,.,.,.,0,0,0,0,0,.,.,.,0,0,0,0,0,.,.,.,0.00,0.000,0.000,0.000,0.000,.,.,.,0.000,0.000,20,0,0,0,0,0,.,.,0,0,0,0,0,.,.,0,0,0,0,0,.,.,0,0,0,0,0,.,.,0.000,0.000,20,,
31-Jul-1995,Toolik Tussock 1981 plots,Control,Forb,Other forbs,new above,new above,0.005,0,0,0,0.017,.,.,.,0,0,0,0.005,0.12,.,.,.,0.052,0,0,0,0.069,.,.,.,0.09,0.000,0.000,0.000,0.034,.,.,.,0.018,0.008,20,0.125,0,0,0,0.425,.,.,0,0,0,0.125,3,.,.,1.3,0,0,0,1.725,.,.,2.25,0,0,0,0.85,.,.,0.490,0.198,20,,
31-Jul-1995,Toolik Tussock 1981 plots,Control,Bryophyte,Sphagnum spp.,live green,non-vascular,0.006,0.314,3.07,0,0.000,.,.,.,0,0.131,0,0,8.899,.,.,.,0,0.797,1.755,0.857,10.206,.,.,.,0.10,4.261,3.585,0.546,5.899,.,.,.,1.736,0.692,20,0.15,7.85,76.75,0,0,.,.,0,3.275,0,0,222.475,.,.,0,19.925,43.875,21.425,255.15,.,.,2.475,106.525,89.625,13.65,147.475,.,.,50.531,17.290,20,,
31-Jul-1995,Toolik Tussock 1981 plots,Control,Bryophyte,Hylocomium splendens,live green,non-vascular,0.044,0.049,0.038,1.235,2.381,.,.,.,0.053,0.039,0.509,0.377,0.042,.,.,.,0.024,0.282,0.043,1.813,0,.,.,.,2.68,0.828,0.345,0.357,0.202,.,.,.,0.462,0.183,20,1.1,1.225,0.95,30.875,59.525,.,.,1.325,0.975,12.725,9.425,1.05,.,.,0.6,7.05,1.075,45.325,0,.,.,67.025,20.7,8.625,8.925,5.05,.,.,14.178,4.571,20,,
31-Jul-1995,Toolik Tussock 1981 plots,Control,Bryophyte,Mosses spp.,live green,non-vascular,8.192,0.227,1.485,3.52,0.764,.,.,.,0.398,0.682,0.447,4.612,0.48,.,.,.,2.838,2.028,0.395,1.856,1.565,.,.,.,1.51,0.710,2.295,3.425,0.274,.,.,.,1.966,0.434,20,204.8,5.675,37.125,88,19.1,.,.,9.95,17.05,11.175,115.3,12,.,.,70.95,50.7,9.875,46.4,39.125,.,.,37.7,17.75,57.375,85.625,6.85,.,.,47.126,10.857,20,,
31-Jul-1995,Toolik Tussock 1981 plots,Control,Lichen,Lichens spp.,live,non-vascular,0.525,0.01,0.169,1.106,1.779,.,.,.,0.207,0.477,2.09,1.088,0,.,.,.,2.291,0.767,0.013,0.644,0.022,.,.,.,0.39,0.035,0.177,0.972,0.000,.,.,.,0.746,0.160,20,13.125,0.25,4.225,27.65,44.475,.,.,5.175,11.925,52.25,27.2,0,.,.,57.275,19.175,0.325,16.1,0.55,.,.,9.825,0.875,4.425,24.3,0,.,.,15.956,4.005,20,,
31-Jul-1995,Toolik Tussock 1981 plots,NP,Graminoid,Eriophorum vaginatum,blade,new above,1.926,0,0.327,0.025,0.000,.,.,.,0,0,0,0,0,.,.,.,0.6,0.138,0.098,0.591,0,.,.,.,0.00,0.000,0.176,0.057,0.407,.,.,.,0.247,0.100,20,48.15,0,8.175,0.625,0,.,.,0,0,0,0,0,.,.,15,3.45,2.45,14.775,0,.,.,0,0,4.4,1.425,10.175,.,.,5.431,2.504,20,,
31-Jul-1995,Toolik Tussock 1981 plots,NP,Graminoid,Eriophorum vaginatum,sheath,new above,0.88,0,0.023,0.001,0.000,.,.,.,0,0,0,0,0,.,.,.,0.109,0.01,0.013,0.154,0,.,.,.,0.00,0.000,0.032,0.013,0.117,.,.,.,0.079,0.044,20,22,0,0.575,0.025,0,.,.,0,0,0,0,0,.,.,2.725,0.25,0.325,3.85,0,.,.,0,0,0.8,0.325,2.925,.,.,1.690,1.099,20,,
31-Jul-1995,Toolik Tussock 1981 plots,NP,Graminoid,Eriophorum vaginatum,inflor/culm,new above,0,0,0,0,0.000,.,.,.,0,0,0,0,0,.,.,.,0,0,0,0,0,.,.,.,0.00,0.000,0.000,0.000,0.000,.,.,.,0.000,0.000,20,0,0,0,0,0,.,.,0,0,0,0,0,.,.,0,0,0,0,0,.,.,0,0,0,0,0,.,.,0.000,0.000,20,,
31-Jul-1995,Toolik Tussock 1981 plots,NP,Graminoid,Carex bigelowii,blade,new above,0.034,0,0.055,0.184,0.010,.,.,.,0.138,0.8,0,0,0,.,.,.,0.059,0.032,0,0.315,0,.,.,.,0.00,0.000,0.000,0.085,0.107,.,.,.,0.108,0.041,20,0.85,0,1.375,4.6,0.25,.,.,3.45,20,0,0,0,.,.,1.475,0.8,0,7.875,0,.,.,0,0,0,2.125,2.675,.,.,2.274,1.037,20,,
31-Jul-1995,Toolik Tussock 1981 plots,NP,Graminoid,Carex bigelowii,sheath,new above,0.005,0,0,0.024,0.000,.,.,.,0,0.241,0,0,0,.,.,.,0,0,0,0.104,0,.,.,.,0.00,0.000,0.000,0.013,0.021,.,.,.,0.025,0.013,20,0.125,0,0,0.6,0,.,.,0,6.025,0,0,0,.,.,0,0,0,2.6,0,.,.,0,0,0,0.325,0.525,.,.,0.510,0.319,20,,
31-Jul-1995,Toolik Tussock 1981 plots,NP,Graminoid,Carex bigelowii,inflor/culm,new above,0,0,0,0,0.000,.,.,.,0,0,0,0,0,.,.,.,0,0,0,0,0,.,.,.,0.00,0.000,0.000,0.004,0.000,.,.,.,0.000,0.000,20,0,0,0,0,0,.,.,0,0,0,0,0,.,.,0,0,0,0,0,.,.,0,0,0,0.1,0,.,.,0.005,0.005,20,,
31-Jul-1995,Toolik Tussock 1981 plots,NP,Graminoid,Other Graminoids,blade,new above,0,0.291,1.307,0,0.361,.,.,.,0,0.366,0,0,4.315,.,.,.,0,0,0,0,0.171,.,.,.,0.01,0.000,0.000,0.000,0.000,.,.,.,0.454,0.220,20,0,7.275,32.675,0,9.025,.,.,0,9.15,0,0,107.875,.,.,0,0,0,0,4.275,.,.,0.225,0,0,0,0,.,.,8.525,5.498,20,,
31-Jul-1995,Toolik Tussock 1981 plots,NP,Graminoid,Other Graminoids,sheath,new above,0,0.055,0.215,0,0.000,.,.,.,0,0.067,0,0,0.809,.,.,.,0,0,0,0,0.149,.,.,.,0.00,0.000,0.000,0.000,0.000,.,.,.,0.086,0.041,20,0,1.375,5.375,0,0,.,.,0,1.675,0,0,20.225,.,.,0,0,0,0,3.725,.,.,0.025,0,0,0,0,.,.,1.620,1.031,20,,
31-Jul-1995,Toolik Tussock 1981 plots,NP,Graminoid,Other Graminoids,inflor/culm,new above,0,0,0,0,0.000,.,.,.,0,0,0,0,0,.,.,.,0,0,0,0,0,.,.,.,0.00,0.000,0.000,0.000,0.000,.,.,.,0.000,0.000,20,0,0,0,0,0,.,.,0,0,0,0,0,.,.,0,0,0,0,0,.,.,0,0,0,0,0,.,.,0.000,0.000,20,,
31-Jul-1995,Toolik Tussock 1981 plots,NP,Deciduous,Betula nana,new leaves,new above,3.55,2.042,1.345,2.235,4.386,.,.,.,3.981,3.235,3.548,2.875,0,.,.,.,2.889,4.652,4.019,2.208,1.428,.,.,.,5.46,2.727,4.094,3.342,1.852,.,.,.,2.826,0.292,20,88.75,51.05,33.625,55.875,109.65,.,.,99.525,80.875,88.7,71.875,0,.,.,72.225,116.3,100.475,55.2,35.7,.,.,136.475,68.175,102.35,83.55,46.3,.,.,74.834,7.303,20,,
31-Jul-1995,Toolik Tussock 1981 plots,NP,Deciduous,Betula nana,new stems,new above,1.046,0.553,0.534,0.862,1.679,.,.,.,0.945,0.723,1.174,1.778,0,.,.,.,0.575,1.443,1.432,0.765,0.381,.,.,.,1.72,0.791,1.515,1.642,0.675,.,.,.,0.926,0.114,20,26.15,13.825,13.35,21.55,41.975,.,.,23.625,18.075,29.35,44.45,0,.,.,14.375,36.075,35.8,19.125,9.525,.,.,43.025,19.775,37.875,41.05,16.875,.,.,25.293,2.856,20,,
31-Jul-1995,Toolik Tussock 1981 plots,NP,Deciduous,Betula nana,old stems,old above,24.995,22.66,10.559,20.734,30.302,.,.,.,26.854,34.285,34.713,27.13,0,.,.,.,10.363,20.564,34.487,8.123,20.222,.,.,.,65.80,55.981,24.429,15.925,11.429,.,.,.,21.733,3.478,20,624.875,566.5,263.975,518.35,757.55,.,.,671.35,857.125,867.825,678.25,0,.,.,259.075,514.1,862.175,203.075,505.55,.,.,1644.875,1399.525,610.725,398.125,285.725,.,.,624.438,86.947,20,,
31-Jul-1995,Toolik Tussock 1981 plots,NP,Deciduous,Betula nana,inflorescence,new above,0.241,0,0,0.089,0.108,.,.,.,0.01,0.078,0.076,0.398,0,.,.,.,0.072,0.591,0.146,0.476,0.115,.,.,.,0.61,1.023,0.789,0.000,0.069,.,.,.,0.160,0.067,20,6.025,0,0,2.225,2.7,.,.,0.25,1.95,1.9,9.95,0,.,.,1.8,14.775,3.65,11.9,2.875,.,.,15.2,25.575,19.725,0,1.725,.,.,6.111,1.678,20,,
31-Jul-1995,Toolik Tussock 1981 plots,NP,Deciduous,Salix spp.,new leaves,new above,0,0,0,0,0.000,.,.,.,0.009,0,0,0,0,.,.,.,0,0,0,0.046,0.13,.,.,.,0.00,0.000,0.000,0.000,0.000,.,.,.,0.012,0.007,20,0,0,0,0,0,.,.,0.225,0,0,0,0,.,.,0,0,0,1.15,3.25,.,.,0,0,0,0,0,.,.,0.231,0.169,20,,
31-Jul-1995,Toolik Tussock 1981 plots,NP,Deciduous,Salix spp.,new stems,new above,0,0,0,0,0.000,.,.,.,0.013,0,0,0,0,.,.,.,0,0,0,0.012,0.015,.,.,.,0.00,0.000,0.000,0.000,0.000,.,.,.,0.003,0.001,20,0,0,0,0,0,.,.,0.325,0,0,0,0,.,.,0,0,0,0.3,0.375,.,.,0,0,0,0,0,.,.,0.050,0.027,20,,
31-Jul-1995,Toolik Tussock 1981 plots,NP,Deciduous,Salix spp.,old stems,old above,0,0,0,0,0.000,.,.,.,0.623,0,0,0,0,.,.,.,0,0,0,0.055,0.027,.,.,.,0.00,0.000,0.000,0.000,0.000,.,.,.,0.047,0.031,20,0,0,0,0,0,.,.,15.575,0,0,0,0,.,.,0,0,0,1.375,0.675,.,.,0,0,0,0,0,.,.,0.881,0.777,20,,
31-Jul-1995,Toolik Tussock 1981 plots,NP,Deciduous,Salix spp.,inflorescence,new above,0,0,0,0,0.000,.,.,.,0,0,0,0,0,.,.,.,0,0,0,0,0,.,.,.,0.00,0.000,0.000,0.000,0.000,.,.,.,0.000,0.000,20,0,0,0,0,0,.,.,0,0,0,0,0,.,.,0,0,0,0,0,.,.,0,0,0,0,0,.,.,0.000,0.000,20,,
31-Jul-1995,Toolik Tussock 1981 plots,NP,Deciduous,Vaccinium uliginosum,new leaves,new above,0,0,0,0,0.000,.,.,.,0,0,0,0,0,.,.,.,0,0,0,0,0,.,.,.,0.00,0.000,0.000,0.000,0.000,.,.,.,0.000,0.000,20,0,0,0,0,0,.,.,0,0,0,0,0,.,.,0,0,0,0,0,.,.,0,0,0,0,0,.,.,0.000,0.000,20,,
31-Jul-1995,Toolik Tussock 1981 plots,NP,Deciduous,Vaccinium uliginosum,new stems,new above,0,0,0,0,0.000,.,.,.,0,0,0,0,0,.,.,.,0,0,0,0,0,.,.,.,0.00,0.000,0.000,0.000,0.000,.,.,.,0.000,0.000,20,0,0,0,0,0,.,.,0,0,0,0,0,.,.,0,0,0,0,0,.,.,0,0,0,0,0,.,.,0.000,0.000,20,,
31-Jul-1995,Toolik Tussock 1981 plots,NP,Deciduous,Vaccinium uliginosum,old stems,old above,0,0,0,0,0.000,.,.,.,0,0,0,0,0,.,.,.,0,0,0,0,0,.,.,.,0.00,0.000,0.000,0.000,0.000,.,.,.,0.000,0.000,20,0,0,0,0,0,.,.,0,0,0,0,0,.,.,0,0,0,0,0,.,.,0,0,0,0,0,.,.,0.000,0.000,20,,
31-Jul-1995,Toolik Tussock 1981 plots,NP,Deciduous,Vaccinium uliginosum,inflorescence,new above,0,0,0,0,0.000,.,.,.,0,0,0,0,0,.,.,.,0,0,0,0,0,.,.,.,0.00,0.000,0.000,0.000,0.000,.,.,.,0.000,0.000,20,0,0,0,0,0,.,.,0,0,0,0,0,.,.,0,0,0,0,0,.,.,0,0,0,0,0,.,.,0.000,0.000,20,,
31-Jul-1995,Toolik Tussock 1981 plots,NP,Deciduous,Rubus chamaemorus,new leaves,new above,0.107,0.234,0.211,0,0.000,.,.,.,0.212,0.773,1.238,0.845,0.213,.,.,.,1.816,1.156,2.454,0.664,1.08,.,.,.,0.63,0.109,0.448,1.060,1.102,.,.,.,0.734,0.145,20,2.675,5.85,5.275,0,0,.,.,5.3,19.325,30.95,21.125,5.325,.,.,45.4,28.9,61.35,16.6,27,.,.,15.825,2.725,11.2,26.5,27.55,.,.,17.944,3.618,20,,
31-Jul-1995,Toolik Tussock 1981 plots,NP,Deciduous,Rubus chamaemorus,new stems,new above,0.011,0.022,0.015,0,0.000,.,.,.,0.162,0.092,0.122,0.104,0.024,.,.,.,0.136,0.117,0.556,0.054,0.084,.,.,.,0.09,0.032,0.037,0.098,0.114,.,.,.,0.100,0.027,20,0.275,0.55,0.375,0,0,.,.,4.05,2.3,3.05,2.6,0.6,.,.,3.4,2.925,13.9,1.35,2.1,.,.,2.3,0.8,0.925,2.45,2.85,.,.,2.340,0.668,20,,
31-Jul-1995,Toolik Tussock 1981 plots,NP,Deciduous,Rubus chamaemorus,old stems,old above,0,0,0,0,0.000,.,.,.,0,0,0,0,0,.,.,.,0,0,0,0,0,.,.,.,0.00,0.000,0.000,0.000,0.000,.,.,.,0.000,0.000,20,0,0,0,0,0,.,.,0,0,0,0,0,.,.,0,0,0,0,0,.,.,0,0,0,0,0,.,.,0.000,0.000,20,,
31-Jul-1995,Toolik Tussock 1981 plots,NP,Deciduous,Rubus chamaemorus,inflorescence,new above,0,0,0,0,0.000,.,.,.,0,0,0,0,0,.,.,.,0,0,0,0,0,.,.,.,0.00,0.000,0.000,0.133,0.000,.,.,.,0.000,0.007,20,0,0,0,0,0,.,.,0,0,0,0,0,.,.,0,0,0,0,0,.,.,0,0,0,3.325,0,.,.,0.166,0.166,20,,
31-Jul-1995,Toolik Tussock 1981 plots,NP,Deciduous,Other Deciduous,new leaves,new above,0,0,0,0,0.000,.,.,.,0,0,0,0,0,.,.,.,0,0,0,0,0,.,.,.,0.00,0.000,0.000,0.000,0.000,.,.,.,0.000,0.000,20,0,0,0,0,0,.,.,0,0,0,0,0,.,.,0,0,0,0,0,.,.,0,0,0,0,0,.,.,0.000,0.000,20,,
31-Jul-1995,Toolik Tussock 1981 plots,NP,Deciduous,Other Deciduous,new stems,new above,0,0,0,0,0.000,.,.,.,0,0,0,0,0,.,.,.,0,0,0,0,0,.,.,.,0.00,0.000,0.000,0.000,0.000,.,.,.,0.000,0.000,20,0,0,0,0,0,.,.,0,0,0,0,0,.,.,0,0,0,0,0,.,.,0,0,0,0,0,.,.,0.000,0.000,20,,
31-Jul-1995,Toolik Tussock 1981 plots,NP,Deciduous,Other Deciduous,old stems,old above,0,0,0,0,0.000,.,.,.,0,0,0,0,0,.,.,.,0,0,0,0,0,.,.,.,0.00,0.000,0.000,0.000,0.000,.,.,.,0.000,0.000,20,0,0,0,0,0,.,.,0,0,0,0,0,.,.,0,0,0,0,0,.,.,0,0,0,0,0,.,.,0.000,0.000,20,,
31-Jul-1995,Toolik Tussock 1981 plots,NP,Deciduous,Other Deciduous,inflorescence,new above,0,0,0,0,0.000,.,.,.,0,0,0,0,0,.,.,.,0,0,0,0,0,.,.,.,0.00,0.000,0.000,0.000,0.000,.,.,.,0.000,0.000,20,0,0,0,0,0,.,.,0,0,0,0,0,.,.,0,0,0,0,0,.,.,0,0,0,0,0,.,.,0.000,0.000,20,,
31-Jul-1995,Toolik Tussock 1981 plots,NP,Evergreen,Ledum palustre,new leaves,new above,0.076,0,0,0.111,0.247,.,.,.,0.097,0.966,0.316,0.106,0,.,.,.,0,0,0.084,0.026,0.128,.,.,.,0.00,0.000,0.064,0.000,1.289,.,.,.,0.144,0.076,20,1.9,0,0,2.775,6.175,.,.,2.425,24.15,7.9,2.65,0,.,.,0,0,2.1,0.65,3.2,.,.,0,0,1.6,0,32.225,.,.,4.388,1.905,20,,
31-Jul-1995,Toolik Tussock 1981 plots,NP,Evergreen,Ledum palustre,new stems,new above,0.022,0,0,0.036,0.093,.,.,.,0.036,0.207,0.097,0.03,0,.,.,.,0,0,0.027,0.011,0.048,.,.,.,0.00,0.000,0.030,0.000,0.342,.,.,.,0.040,0.019,20,0.55,0,0,0.9,2.325,.,.,0.9,5.175,2.425,0.75,0,.,.,0,0,0.675,0.275,1.2,.,.,0,0,0.75,0,8.55,.,.,1.224,0.476,20,,
31-Jul-1995,Toolik Tussock 1981 plots,NP,Evergreen,Ledum palustre,old leaves,old above,0.068,0,0,0.202,0.407,.,.,.,0.219,1.016,0.152,0.205,0,.,.,.,0,0,0.06,0.014,0.138,.,.,.,0.00,0.000,0.037,0.000,0.512,.,.,.,0.165,0.056,20,1.7,0,0,5.05,10.175,.,.,5.475,25.4,3.8,5.125,0,.,.,0,0,1.5,0.35,3.45,.,.,0,0,0.925,0,12.8,.,.,3.788,1.395,20,,
31-Jul-1995,Toolik Tussock 1981 plots,NP,Evergreen,Ledum palustre,old stems,old above,0.092,0,0,0.168,0.532,.,.,.,0.547,7.486,1.046,0.38,0,.,.,.,0,0,0.036,0.006,0.38,.,.,.,0.00,0.000,0.173,0.000,3.755,.,.,.,0.712,0.402,20,2.3,0,0,4.2,13.3,.,.,13.675,187.15,26.15,9.5,0,.,.,0,0,0.9,0.15,9.5,.,.,0,0,4.325,0,93.875,.,.,18.251,10.059,20,,
31-Jul-1995,Toolik Tussock 1981 plots,NP,Evergreen,Ledum palustre,inflorescence,new above,0,0,0,0,0.000,.,.,.,0.099,0,0,0,0,.,.,.,0,0,0,0,0,.,.,.,0.00,0.000,0.000,0.000,0.000,.,.,.,0.007,0.005,20,0,0,0,0,0,.,.,2.475,0,0,0,0,.,.,0,0,0,0,0,.,.,0,0,0,0,0,.,.,0.124,0.124,20,,
31-Jul-1995,Toolik Tussock 1981 plots,NP,Evergreen,Vaccinium vitis-idaea,new leaves,new above,0.014,0,0,0.048,0.000,.,.,.,0,0.003,0.004,0,0,.,.,.,0,0,0,0,0,.,.,.,0.00,0.000,0.001,0.000,0.031,.,.,.,0.005,0.003,20,0.35,0,0,1.2,0,.,.,0,0.075,0.1,0,0,.,.,0,0,0,0,0,.,.,0,0,0.025,0,0.775,.,.,0.126,0.070,20,,
31-Jul-1995,Toolik Tussock 1981 plots,NP,Evergreen,Vaccinium vitis-idaea,new stems,new above,0,0,0,0.011,0.000,.,.,.,0,0.005,0.002,0,0,.,.,.,0,0,0,0,0,.,.,.,0.00,0.000,0.003,0.000,0.011,.,.,.,0.001,0.001,20,0,0,0,0.275,0,.,.,0,0.125,0.05,0,0,.,.,0,0,0,0,0,.,.,0,0,0.075,0,0.275,.,.,0.040,0.019,20,,
31-Jul-1995,Toolik Tussock 1981 plots,NP,Evergreen,Vaccinium vitis-idaea,old leaves,old above,0.007,0,0,0.08,0.000,.,.,.,0.043,0.215,0.004,0,0,.,.,.,0,0,0,0,0,.,.,.,0.00,0.000,0.000,0.000,0.039,.,.,.,0.023,0.011,20,0.175,0,0,2,0,.,.,1.075,5.375,0.1,0,0,.,.,0,0,0,0,0,.,.,0,0,0,0,0.975,.,.,0.485,0.283,20,,
31-Jul-1995,Toolik Tussock 1981 plots,NP,Evergreen,Vaccinium vitis-idaea,old stems,old above,0.008,0,0,0.081,0.000,.,.,.,0.019,0.078,0.01,0,0,.,.,.,0,0,0,0,0,.,.,.,0.00,0.000,0.000,0.000,0.116,.,.,.,0.013,0.008,20,0.2,0,0,2.025,0,.,.,0.475,1.95,0.25,0,0,.,.,0,0,0,0,0,.,.,0,0,0,0,2.9,.,.,0.390,0.189,20,,
31-Jul-1995,Toolik Tussock 1981 plots,NP,Evergreen,Vaccinium vitis-idaea,inflorescence,new above,0,0,0,0,0.000,.,.,.,0,0,0,0,0,.,.,.,0,0,0,0,0,.,.,.,0.00,0.000,0.000,0.000,0.000,.,.,.,0.000,0.000,20,0,0,0,0,0,.,.,0,0,0,0,0,.,.,0,0,0,0,0,.,.,0,0,0,0,0,.,.,0.000,0.000,20,,
31-Jul-1995,Toolik Tussock 1981 plots,NP,Evergreen,Other Evergreen,new leaves,new above,0,0,0,0,0.000,.,.,.,0,0,0,0,0,.,.,.,0,0,0,0,0.007,.,.,.,0.00,0.000,0.000,0.000,0.004,.,.,.,0.000,0.000,20,0,0,0,0,0,.,.,0,0,0,0,0,.,.,0,0,0,0,0.175,.,.,0,0,0,0,0.1,.,.,0.014,0.010,20,,
31-Jul-1995,Toolik Tussock 1981 plots,NP,Evergreen,Other Evergreen,new stems,new above,0,0,0,0,0.000,.,.,.,0,0,0,0,0,.,.,.,0,0,0,0,0.002,.,.,.,0.00,0.000,0.000,0.000,0.011,.,.,.,0.000,0.001,20,0,0,0,0,0,.,.,0,0,0,0,0,.,.,0,0,0,0,0.05,.,.,0,0,0,0,0.275,.,.,0.016,0.014,20,,
31-Jul-1995,Toolik Tussock 1981 plots,NP,Evergreen,Other Evergreen,old leaves,old above,0,0,0,0,0.000,.,.,.,0,0,0,0,0,.,.,.,0,0,0,0,0,.,.,.,0.00,0.000,0.000,0.000,0.078,.,.,.,0.000,0.004,20,0,0,0,0,0,.,.,0,0,0,0,0,.,.,0,0,0,0,0,.,.,0,0,0,0,1.95,.,.,0.098,0.098,20,,
31-Jul-1995,Toolik Tussock 1981 plots,NP,Evergreen,Other Evergreen,old stems,old above,0,0,0,0,0.000,.,.,.,0,0,0,0,0,.,.,.,0,0,0,0,0,.,.,.,0.00,0.000,0.000,0.000,0.240,.,.,.,0.000,0.012,20,0,0,0,0,0,.,.,0,0,0,0,0,.,.,0,0,0,0,0,.,.,0,0,0,0,6,.,.,0.300,0.300,20,,
31-Jul-1995,Toolik Tussock 1981 plots,NP,Evergreen,Other Evergreen,inflorescence,new above,0,0,0,0,0.000,.,.,.,0,0,0,0,0,.,.,.,0,0,0,0,0,.,.,.,0.00,0.000,0.000,0.000,0.000,.,.,.,0.000,0.000,20,0,0,0,0,0,.,.,0,0,0,0,0,.,.,0,0,0,0,0,.,.,0,0,0,0,0,.,.,0.000,0.000,20,,
31-Jul-1995,Toolik Tussock 1981 plots,NP,Forb,Other forbs,new above,new above,0,0,0,0.252,0.816,.,.,.,0,0,0,0,0,.,.,.,0,0,0,0,0,.,.,.,0.00,0.000,0.000,0.000,0.009,.,.,.,0.071,0.042,20,0,0,0,6.3,20.4,.,.,0,0,0,0,0,.,.,0,0,0,0,0,.,.,0,0,0,0,0.225,.,.,1.346,1.051,20,,
31-Jul-1995,Toolik Tussock 1981 plots,NP,Bryophyte,Sphagnum spp.,live green,non-vascular,0,0,0,0,0.000,.,.,.,0,0,0,0,0,.,.,.,0,0,0,0,0,.,.,.,0.00,0.000,0.000,0.000,0.000,.,.,.,0.000,0.000,20,0,0,0,0,0,.,.,0,0,0,0,0,.,.,0,0,0,0,0,.,.,0,0,0,0,0,.,.,0.000,0.000,20,,
31-Jul-1995,Toolik Tussock 1981 plots,NP,Bryophyte,Hylocomium splendens,live green,non-vascular,0,0,0,0,0.000,.,.,.,0,0,0,0,0,.,.,.,0,0,0,0,0,.,.,.,0.00,0.000,0.000,0.000,0.000,.,.,.,0.000,0.000,20,0,0,0,0,0,.,.,0,0,0,0,0,.,.,0,0,0,0,0,.,.,0,0,0,0,0,.,.,0.000,0.000,20,,
31-Jul-1995,Toolik Tussock 1981 plots,NP,Bryophyte,Mosses spp.,live green,non-vascular,0.123,0,0,0.217,0.000,.,.,.,0,0,0,0,0,.,.,.,0.233,0,0,0,0.006,.,.,.,0.00,0.000,0.000,0.121,0.000,.,.,.,0.039,0.017,20,3.075,0,0,5.425,0,.,.,0,0,0,0,0,.,.,5.825,0,0,0,0.15,.,.,0,0,0,3.025,0,.,.,0.875,0.419,20,,
31-Jul-1995,Toolik Tussock 1981 plots,NP,Lichen,Lichens spp.,live,non-vascular,0.04,0.027,0,0,0.001,.,.,.,0,0.02,0,0.01,0,.,.,.,0,0,0,0,0,.,.,.,0.00,0.000,0.000,0.000,0.000,.,.,.,0.007,0.002,20,1,0.675,0,0,0.025,.,.,0,0.5,0,0.25,0,.,.,0,0,0,0,0,.,.,0,0,0,0,0,.,.,0.123,0.062,20,,
30-Jul-2000,Toolik Tussock 1981 plots,Control,Graminoid,Eriophorum vaginatum,blade,new above,5.331,0.000,1.627,0,0.219,.,.,.,1.721,0.56,0.079,0.035,0.340,.,.,.,0.945,0.000,2.025,2.040,0.383,.,.,.,1.07,1.486,0.250,0.150,0.114,.,.,.,0.919,0.283,20,133.275,0,40.675,0,5.475,.,.,43.025,14,1.975,0.875,8.5,.,.,23.625,0,50.625,51,9.575,.,.,26.7,37.15,6.25,3.75,2.85,.,.,22.966,7.069,20,,
30-Jul-2000,Toolik Tussock 1981 plots,Control,Graminoid,Eriophorum vaginatum,sheath,new above,5.439,0.000,1.145,0,0.320,.,.,.,1.891,0.769,0.151,0.061,0.262,.,.,.,0.812,0.000,1.537,1.515,0.398,.,.,.,0.71,0.833,0.112,0.058,0.084,.,.,.,0.805,0.276,20,135.975,0,28.625,0,8,.,.,47.275,19.225,3.775,1.525,6.55,.,.,20.3,0,38.425,37.875,9.95,.,.,17.7,20.825,2.8,1.45,2.1,.,.,20.119,6.906,20,,
30-Jul-2000,Toolik Tussock 1981 plots,Control,Graminoid,Eriophorum vaginatum,inflor/culm,new above,0.412,0.000,0.000,0,0.000,.,.,.,0.075,0,0,0.000,0.000,.,.,.,0.000,0.000,0.000,0.000,0.000,.,.,.,0.00,0.000,0.000,0.000,0.000,.,.,.,0.024,0.021,20,10.3,0,0,0,0,.,.,1.875,0,0,0,0,.,.,0,0,0,0,0,.,.,0,0,0,0,0,.,.,0.609,0.519,20,,
30-Jul-2000,Toolik Tussock 1981 plots,Control,Graminoid,Eriophorum vaginatum,rhizome,below,0.104,0.000,2.834,0,0.468,.,.,.,5.584,1.666,0.301,0.100,0.139,.,.,.,0.529,0.000,2.130,2.200,0.280,.,.,.,1.08,1.381,0.097,0.061,0.111,.,.,.,0.953,0.312,20,2.6,0,70.85,0,11.7,.,.,139.6,41.65,7.525,2.5,3.475,.,.,13.225,0,53.25,55,7,.,.,27.075,34.525,2.425,1.525,2.775,.,.,23.835,7.801,20,,
30-Jul-2000,Toolik Tussock 1981 plots,Control,Graminoid,Carex bigelowii,blade,new above,0.114,0.754,0.175,4.654,0.486,.,.,.,0.177,0.865,0.164,0.955,0.655,.,.,.,0.000,0.960,0.000,0.000,0.480,.,.,.,0.00,0.166,0.058,0.000,0.000,.,.,.,0.533,0.230,20,2.85,18.85,4.375,116.35,12.15,.,.,4.425,21.625,4.1,23.875,16.375,.,.,0,24,0,0,12,.,.,0,4.15,1.45,0,0,.,.,13.329,5.757,20,,
30-Jul-2000,Toolik Tussock 1981 plots,Control,Graminoid,Carex bigelowii,sheath,new above,0.064,0.206,0.071,0.105,0.138,.,.,.,0.058,0.485,0.115,0.336,0.250,.,.,.,0.000,0.888,0.000,0.000,0.152,.,.,.,0.00,0.033,0.026,0.000,0.000,.,.,.,0.146,0.049,20,1.6,5.15,1.775,2.625,3.45,.,.,1.45,12.125,2.875,8.4,6.25,.,.,0,22.2,0,0,3.8,.,.,0,0.825,0.65,0,0,.,.,3.659,1.213,20,,
30-Jul-2000,Toolik Tussock 1981 plots,Control,Graminoid,Carex bigelowii,inflor/culm,new above,0.000,0.119,0.183,0.217,0.209,.,.,.,0,4.208,0,0.141,0.000,.,.,.,0.000,0.116,0.000,0.000,0.146,.,.,.,0.00,0.000,0.039,0.000,0.000,.,.,.,0.269,0.208,20,0,2.975,4.575,5.425,5.225,.,.,0,105.2,0,3.525,0,.,.,0,2.9,0,0,3.65,.,.,0,0,0.975,0,0,.,.,6.723,5.202,20,,
30-Jul-2000,Toolik Tussock 1981 plots,Control,Graminoid,Carex bigelowii,rhizome,below,0.000,4.615,1.133,14.732,4.627,.,.,.,1.156,0,1.154,5.453,2.176,.,.,.,0.000,2.735,0.336,0.000,1.315,.,.,.,0.00,0.217,0.189,0.000,0.000,.,.,.,1.992,0.775,20,0,115.375,28.325,368.3,115.675,.,.,28.9,0,28.85,136.325,54.4,.,.,0,68.375,8.4,0,32.875,.,.,0,5.425,4.725,0,0,.,.,49.798,19.374,20,,
30-Jul-2000,Toolik Tussock 1981 plots,Control,Graminoid,Calamagrostis holmii,blade,new above,0.000,0,0.000,0.005,0.069,.,.,.,0,0,0,0.063,0.088,.,.,.,0.000,0.629,0.000,0.000,0.000,.,.,.,0.00,0.000,0.000,0.000,0.000,.,.,.,0.043,0.031,20,0,0,0,0.125,1.725,.,.,0,0,0,1.575,2.2,.,.,0,15.725,0,0,0,.,.,0,0,0,0,0,.,.,1.068,0.786,20,,
30-Jul-2000,Toolik Tussock 1981 plots,Control,Graminoid,Calamagrostis holmii,sheath,new above,0.000,0,0.000,0.002,0.012,.,.,.,0,0,0,0.013,0.013,.,.,.,0.000,0.155,0.000,0.000,0.000,.,.,.,0.00,0.000,0.000,0.000,0.000,.,.,.,0.010,0.008,20,0,0,0,0.05,0.3,.,.,0,0,0,0.325,0.325,.,.,0,3.875,0,0,0,.,.,0,0,0,0,0,.,.,0.244,0.193,20,,
30-Jul-2000,Toolik Tussock 1981 plots,Control,Graminoid,Calamagrostis holmii,inflor/culm,new above,0.000,0,0.000,0,0.000,.,.,.,0,0,0,0.000,0.000,.,.,.,0.000,0.000,0.000,0.000,0.000,.,.,.,0.00,0.000,0.000,0.000,0.000,.,.,.,0.000,0.000,20,0,0,0,0,0,.,.,0,0,0,0,0,.,.,0,0,0,0,0,.,.,0,0,0,0,0,.,.,0.000,0.000,20,,
30-Jul-2000,Toolik Tussock 1981 plots,Control,Graminoid,Calamagrostis holmii,rhizome,below,0.000,0,0.000,0.002,0.095,.,.,.,0,0,0,0.042,0.273,.,.,.,0.000,6.183,0.000,0.000,0.000,.,.,.,0.00,0.000,0.000,0.000,0.000,.,.,.,0.330,0.308,20,0,0,0,0.05,2.375,.,.,0,0,0,1.05,6.825,.,.,0,154.575,0,0,0,.,.,0,0,0,0,0,.,.,8.244,7.710,20,,
30-Jul-2000,Toolik Tussock 1981 plots,Control,Graminoid,Eriophorum angustifolium ssp. triste,blade,new above,0.000,0,0.000,0,0.000,.,.,.,0,0,0,0.000,0.000,.,.,.,0.000,0.000,0.000,0.000,0.000,.,.,.,0.00,0.000,0.000,0.000,0.000,.,.,.,0.000,0.000,20,0,0,0,0,0,.,.,0,0,0,0,0,.,.,0,0,0,0,0,.,.,0,0,0,0,0,.,.,0.000,0.000,20,,
30-Jul-2000,Toolik Tussock 1981 plots,Control,Graminoid,Eriophorum angustifolium ssp. triste,sheath,new above,0.000,0,0.000,0,0.000,.,.,.,0,0,0,0.000,0.000,.,.,.,0.000,0.000,0.000,0.000,0.000,.,.,.,0.00,0.000,0.000,0.000,0.000,.,.,.,0.000,0.000,20,0,0,0,0,0,.,.,0,0,0,0,0,.,.,0,0,0,0,0,.,.,0,0,0,0,0,.,.,0.000,0.000,20,,
30-Jul-2000,Toolik Tussock 1981 plots,Control,Graminoid,Eriophorum angustifolium ssp. triste,inflor/culm,new above,0.000,0,0,0,0.000,.,.,.,0,0,0,0.000,0.000,.,.,.,0.000,0.000,0.000,0.000,0.000,.,.,.,0.00,0.000,0.000,0.000,0.000,.,.,.,0.000,0.000,20,0,0,0,0,0,.,.,0,0,0,0,0,.,.,0,0,0,0,0,.,.,0,0,0,0,0,.,.,0.000,0.000,20,,
30-Jul-2000,Toolik Tussock 1981 plots,Control,Graminoid,Eriophorum angustifolium ssp. triste,rhizome,below,0.000,0,0,0,0.000,.,.,.,0,0,0,0.000,0.000,.,.,.,0.000,0.000,0.000,0.000,0.000,.,.,.,0.00,0.000,0.000,0.000,0.000,.,.,.,0.000,0.000,20,0,0,0,0,0,.,.,0,0,0,0,0,.,.,0,0,0,0,0,.,.,0,0,0,0,0,.,.,0.000,0.000,20,,
30-Jul-2000,Toolik Tussock 1981 plots,Control,Graminoid,Other Graminoids (Note species in comments),blade,new above,0.000,0,0,0,0.000,.,.,.,0,0,0.005,0.000,0.000,.,.,.,0.000,0.000,0.000,0.000,0.000,.,.,.,0.00,0.000,0.000,0.000,0.000,.,.,.,0.000,0.000,20,0,0,0,0,0,.,.,0,0,0.125,0,0,.,.,0,0,0,0,0,.,.,0,0,0,0,0,.,.,0.006,0.006,20,Grass (B2Q1),
30-Jul-2000,Toolik Tussock 1981 plots,Control,Graminoid,Other Graminoids (Note species in comments),sheath,new above,0.000,0,0,0,0.000,.,.,.,0,0,0.008,0.000,0.000,.,.,.,0.000,0.000,0.000,0.000,0.000,.,.,.,0.00,0.000,0.000,0.000,0.000,.,.,.,0.000,0.000,20,0,0,0,0,0,.,.,0,0,0.2,0,0,.,.,0,0,0,0,0,.,.,0,0,0,0,0,.,.,0.010,0.010,20,Grass (B2Q1),
30-Jul-2000,Toolik Tussock 1981 plots,Control,Graminoid,Other Graminoids (Note species in comments),inflor/culm,new above,0.000,0,0,0,0.000,.,.,.,0,0,0,0.000,0.000,.,.,.,0.000,0.000,0.000,0.000,0.000,.,.,.,0.00,0.000,0.000,0.000,0.000,.,.,.,0.000,0.000,20,0,0,0,0,0,.,.,0,0,0,0,0,.,.,0,0,0,0,0,.,.,0,0,0,0,0,.,.,0.000,0.000,20,Grass (B2Q1),
30-Jul-2000,Toolik Tussock 1981 plots,Control,Graminoid,Other Graminoids (Note species in comments),rhizome,below,0.000,0,0,0,0.000,.,.,.,0,0,0,0.000,0.000,.,.,.,0.000,0.000,0.000,0.000,0.000,.,.,.,0.00,0.000,0.000,0.000,0.000,.,.,.,0.000,0.000,20,0,0,0,0,0,.,.,0,0,0,0,0,.,.,0,0,0,0,0,.,.,0,0,0,0,0,.,.,0.000,0.000,20,Grass (B2Q1),
30-Jul-2000,Toolik Tussock 1981 plots,Control,Deciduous,Betula nana,new leaves,new above,1.318,1.479,2.295,2.541,0.544,.,.,.,1.502,0.336,0.213,2.862,2.483,.,.,.,1.805,0.763,0.753,0.833,0.374,.,.,.,0.42,1.694,1.104,2.664,0.972,.,.,.,1.348,0.192,20,32.95,36.975,57.375,63.525,13.6,.,.,37.55,8.4,5.325,71.55,62.075,.,.,45.125,19.075,18.825,20.825,9.35,.,.,10.475,42.35,27.6,66.6,24.3,.,.,33.693,4.788,20,,
30-Jul-2000,Toolik Tussock 1981 plots,Control,Deciduous,Betula nana,new stems,new above,0.156,0.192,0.374,0.039,0.007,.,.,.,0.278,0.083,0.025,0.189,0.193,.,.,.,0.467,0.079,0.013,0.094,0.029,.,.,.,0.01,0.184,0.059,0.370,0.105,.,.,.,0.147,0.030,20,3.9,4.8,9.35,0.975,0.175,.,.,6.95,2.075,0.625,4.725,4.825,.,.,11.675,1.975,0.325,2.35,0.725,.,.,0.125,4.6,1.475,9.25,2.625,.,.,3.676,0.756,20,,
30-Jul-2000,Toolik Tussock 1981 plots,Control,Deciduous,Betula nana,old stems,old above,11.490,5.249,7.578,6.331,1.390,.,.,.,3.676,0.322,0.192,6.754,13.684,.,.,.,1.763,1.551,1.084,1.945,0.739,.,.,.,0.81,14.021,3.220,7.547,15.610,.,.,.,5.248,1.117,20,287.25,131.225,189.45,158.275,34.75,.,.,91.9,8.05,4.8,168.85,342.1,.,.,44.075,38.775,27.1,48.625,18.475,.,.,20.275,350.525,80.5,188.675,390.25,.,.,131.196,27.921,20,,
30-Jul-2000,Toolik Tussock 1981 plots,Control,Deciduous,Betula nana,inflorescence,new above,0.012,0.025,0.000,0,0.000,.,.,.,0,0.018,0,0.000,0.025,.,.,.,0.000,0.000,0.000,0.000,0.000,.,.,.,0.00,0.108,0.030,0.143,0.000,.,.,.,0.018,0.009,20,0.3,0.625,0,0,0,.,.,0,0.45,0,0,0.625,.,.,0,0,0,0,0,.,.,0,2.7,0.75,3.575,0,.,.,0.451,0.215,20,,
30-Jul-2000,Toolik Tussock 1981 plots,Control,Deciduous,Betula nana,below stems,below,8.985,27.297,13.645,31.615,1.620,.,.,.,0,7.269,2.381,16.066,38.597,.,.,.,2.417,1.443,6.570,1.063,1.734,.,.,.,0.00,10.450,1.234,7.547,5.113,.,.,.,9.252,2.491,20,224.625,682.425,341.125,790.375,40.5,.,.,0,181.725,59.525,401.65,964.925,.,.,60.425,36.075,164.25,26.575,43.35,.,.,0,261.25,30.85,188.675,127.825,.,.,231.308,62.269,20,,
30-Jul-2000,Toolik Tussock 1981 plots,Control,Deciduous,Salix pulchra,new leaves,new above,0.000,0,0.000,0,0.000,.,.,.,0,0,0,0.000,0.000,.,.,.,0.313,0.000,0.000,0.000,0.000,.,.,.,0.00,0.000,0.000,0.000,0.000,.,.,.,0.016,0.016,20,0,0,0,0,0,.,.,0,0,0,0,0,.,.,7.825,0,0,0,0,.,.,0,0,0,0,0,.,.,0.391,0.391,20,,
30-Jul-2000,Toolik Tussock 1981 plots,Control,Deciduous,Salix pulchra,new stems,new above,0.000,0,0.000,0,0.000,.,.,.,0,0,0,0.000,0.000,.,.,.,0.064,0.000,0.000,0.000,0.000,.,.,.,0.00,0.000,0.000,0.000,0.000,.,.,.,0.003,0.003,20,0,0,0,0,0,.,.,0,0,0,0,0,.,.,1.6,0,0,0,0,.,.,0,0,0,0,0,.,.,0.080,0.080,20,,
30-Jul-2000,Toolik Tussock 1981 plots,Control,Deciduous,Salix pulchra,old stems,old above,0.000,0,0.000,0,0.000,.,.,.,0,0,0,0.000,0.000,.,.,.,0.380,0.000,0.000,0.000,0.000,.,.,.,0.00,0.000,0.000,0.000,0.000,.,.,.,0.019,0.019,20,0,0,0,0,0,.,.,0,0,0,0,0,.,.,9.5,0,0,0,0,.,.,0,0,0,0,0,.,.,0.475,0.475,20,,
30-Jul-2000,Toolik Tussock 1981 plots,Control,Deciduous,Salix pulchra,inflorescence,new above,0.000,0,0.000,0,0.000,.,.,.,0,0,0,0.000,0.000,.,.,.,0.000,0.000,0.000,0.000,0.000,.,.,.,0.00,0.000,0.000,0.000,0.000,.,.,.,0.000,0.000,20,0,0,0,0,0,.,.,0,0,0,0,0,.,.,0,0,0,0,0,.,.,0,0,0,0,0,.,.,0.000,0.000,20,,
30-Jul-2000,Toolik Tussock 1981 plots,Control,Deciduous,Salix pulchra,below stems,below,0.000,0,0.000,0,0.000,.,.,.,0,0,0,0.000,0.000,.,.,.,0.000,0.000,0.000,0.000,0.000,.,.,.,0.00,0.000,0.000,0.000,0.000,.,.,.,0.000,0.000,20,0,0,0,0,0,.,.,0,0,0,0,0,.,.,0,0,0,0,0,.,.,0,0,0,0,0,.,.,0.000,0.000,20,,
30-Jul-2000,Toolik Tussock 1981 plots,Control,Deciduous,Salix reticulata,new leaves,new above,0.000,0,0.000,0,0.000,.,.,.,0,0,0,0.000,0.000,.,.,.,0.000,0.000,0.000,0.000,0.000,.,.,.,0.00,0.000,0.000,0.000,0.000,.,.,.,0.000,0.000,20,0,0,0,0,0,.,.,0,0,0,0,0,.,.,0,0,0,0,0,.,.,0,0,0,0,0,.,.,0.000,0.000,20,,
30-Jul-2000,Toolik Tussock 1981 plots,Control,Deciduous,Salix reticulata,new stems,new above,0.000,0,0.000,0,0.000,.,.,.,0,0,0,0.000,0.000,.,.,.,0.000,0.000,0.000,0.000,0.000,.,.,.,0.00,0.000,0.000,0.000,0.000,.,.,.,0.000,0.000,20,0,0,0,0,0,.,.,0,0,0,0,0,.,.,0,0,0,0,0,.,.,0,0,0,0,0,.,.,0.000,0.000,20,,
30-Jul-2000,Toolik Tussock 1981 plots,Control,Deciduous,Salix reticulata,old stems,old above,0.000,0,0.000,0,0.000,.,.,.,0,0,0,0.000,0.000,.,.,.,0.000,0.000,0.000,0.000,0.000,.,.,.,0.00,0.000,0.000,0.000,0.000,.,.,.,0.000,0.000,20,0,0,0,0,0,.,.,0,0,0,0,0,.,.,0,0,0,0,0,.,.,0,0,0,0,0,.,.,0.000,0.000,20,,
30-Jul-2000,Toolik Tussock 1981 plots,Control,Deciduous,Salix reticulata,inflorescence,new above,0.000,0,0.000,0,0.000,.,.,.,0,0,0,0.000,0.000,.,.,.,0.000,0.000,0.000,0.000,0.000,.,.,.,0.00,0.000,0.000,0.000,0.000,.,.,.,0.000,0.000,20,0,0,0,0,0,.,.,0,0,0,0,0,.,.,0,0,0,0,0,.,.,0,0,0,0,0,.,.,0.000,0.000,20,,
30-Jul-2000,Toolik Tussock 1981 plots,Control,Deciduous,Salix reticulata,below stems,below,0.000,0,0.000,0,0.000,.,.,.,0,0,0,0.000,0.000,.,.,.,0.000,0.000,0.000,0.000,0.000,.,.,.,0.00,0.000,0.000,0.000,0.000,.,.,.,0.000,0.000,20,0,0,0,0,0,.,.,0,0,0,0,0,.,.,0,0,0,0,0,.,.,0,0,0,0,0,.,.,0.000,0.000,20,,
30-Jul-2000,Toolik Tussock 1981 plots,Control,Deciduous,Vaccinium uliginosum,new leaves,new above,0.000,0,0.000,0,0.000,.,.,.,0,0,0.08,0.000,0.000,.,.,.,0.000,0.000,0.000,0.000,0.000,.,.,.,0.00,0.000,0.000,0.000,0.000,.,.,.,0.004,0.004,20,0,0,0,0,0,.,.,0,0,2,0,0,.,.,0,0,0,0,0,.,.,0,0,0,0,0,.,.,0.100,0.100,20,,
30-Jul-2000,Toolik Tussock 1981 plots,Control,Deciduous,Vaccinium uliginosum,new stems,new above,0.000,0,0.000,0,0.000,.,.,.,0,0,0.026,0.000,0.000,.,.,.,0.000,0.000,0.000,0.000,0.000,.,.,.,0.00,0.000,0.000,0.000,0.000,.,.,.,0.001,0.001,20,0,0,0,0,0,.,.,0,0,0.65,0,0,.,.,0,0,0,0,0,.,.,0,0,0,0,0,.,.,0.033,0.033,20,,
30-Jul-2000,Toolik Tussock 1981 plots,Control,Deciduous,Vaccinium uliginosum,old stems,old above,0.000,0,0.000,0,0.000,.,.,.,0,0,0.168,0.000,0.000,.,.,.,0.000,0.000,0.000,0.000,0.000,.,.,.,0.00,0.000,0.000,0.000,0.000,.,.,.,0.008,0.008,20,0,0,0,0,0,.,.,0,0,4.2,0,0,.,.,0,0,0,0,0,.,.,0,0,0,0,0,.,.,0.210,0.210,20,,
30-Jul-2000,Toolik Tussock 1981 plots,Control,Deciduous,Vaccinium uliginosum,inflorescence,new above,0.000,0,0.000,0,0.000,.,.,.,0,0,0,0.000,0.000,.,.,.,0.000,0.000,0.000,0.000,0.000,.,.,.,0.00,0.000,0.000,0.000,0.000,.,.,.,0.000,0.000,20,0,0,0,0,0,.,.,0,0,0,0,0,.,.,0,0,0,0,0,.,.,0,0,0,0,0,.,.,0.000,0.000,20,,
30-Jul-2000,Toolik Tussock 1981 plots,Control,Deciduous,Vaccinium uliginosum,below stems,below,0.000,0,0.000,0,0.000,.,.,.,0,0,0.493,0.000,0.000,.,.,.,0.000,0.000,0.000,0.000,0.000,.,.,.,0.00,0.000,0.000,0.000,0.000,.,.,.,0.025,0.025,20,0,0,0,0,0,.,.,0,0,12.325,0,0,.,.,0,0,0,0,0,.,.,0,0,0,0,0,.,.,0.616,0.616,20,,
30-Jul-2000,Toolik Tussock 1981 plots,Control,Deciduous,Rubus chamaemorus,new leaves,new above,0.082,0.285,0.339,0.053,0.000,.,.,.,0.029,0,0.313,0.157,0.120,.,.,.,0.070,0.465,0.020,0.136,0.834,.,.,.,0.17,0.629,0.340,1.738,0.315,.,.,.,0.305,0.090,20,2.05,7.125,8.475,1.325,0,.,.,0.725,0,7.825,3.925,3,.,.,1.75,11.625,0.5,3.4,20.85,.,.,4.3,15.725,8.5,43.45,7.875,.,.,7.621,2.251,20,,
30-Jul-2000,Toolik Tussock 1981 plots,Control,Deciduous,Rubus chamaemorus,new stems,new above,8.765,0.052,0.102,0.074,0.000,.,.,.,0.03,0,0,0.066,0.130,.,.,.,0.000,0.109,0.007,0.064,0.067,.,.,.,0.35,0.096,0.105,0.443,0.229,.,.,.,0.534,0.434,20,219.125,1.3,2.55,1.85,0,.,.,0.75,0,0,1.65,3.25,.,.,0,2.725,0.175,1.6,1.675,.,.,8.675,2.4,2.625,11.075,5.725,.,.,13.358,10.849,20,,
30-Jul-2000,Toolik Tussock 1981 plots,Control,Deciduous,Rubus chamaemorus,old stems,old above,0.000,0,0.000,0.663,0.000,.,.,.,0,0,0,0.000,0.000,.,.,.,0.000,0.000,0.000,0.000,0.000,.,.,.,0.00,0.000,0.000,0.000,0.000,.,.,.,0.033,0.033,20,0,0,0,16.575,0,.,.,0,0,0,0,0,.,.,0,0,0,0,0,.,.,0,0,0,0,0,.,.,0.829,0.829,20,,
30-Jul-2000,Toolik Tussock 1981 plots,Control,Deciduous,Rubus chamaemorus,inflorescence,new above,0.000,0.021,0,0,0.000,.,.,.,0.005,0,0,0.020,0.020,.,.,.,0.016,0.000,0.000,0.000,0.000,.,.,.,0.00,0.073,0.085,0.000,0.019,.,.,.,0.013,0.005,20,0,0.525,0,0,0,.,.,0.125,0,0,0.5,0.5,.,.,0.4,0,0,0,0,.,.,0,1.825,2.125,0,0.475,.,.,0.324,0.135,20,,
30-Jul-2000,Toolik Tussock 1981 plots,Control,Deciduous,Rubus chamaemorus,below stems,below,1.962,1.296,0.496,0,0.196,.,.,.,1.84,0,1.483,0.484,0.281,.,.,.,2.102,0.974,0.449,1.905,1.450,.,.,.,1.44,1.787,1.079,4.597,1.005,.,.,.,1.241,0.234,20,49.05,32.4,12.4,0,4.9,.,.,46,0,37.075,12.1,7.025,.,.,52.55,24.35,11.225,47.625,36.25,.,.,36,44.675,26.975,114.925,25.125,.,.,31.033,5.845,20,,
30-Jul-2000,Toolik Tussock 1981 plots,Control,Deciduous,Dryas integrifolia,new leaves,new above,0.000,0,0,0,0.000,.,.,.,0,0,0,0.000,0.000,.,.,.,0.000,0.000,0.000,0.000,0.000,.,.,.,0.00,0.000,0.000,0.000,0.000,.,.,.,0.000,0.000,20,0,0,0,0,0,.,.,0,0,0,0,0,.,.,0,0,0,0,0,.,.,0,0,0,0,0,.,.,0.000,0.000,20,,
30-Jul-2000,Toolik Tussock 1981 plots,Control,Deciduous,Dryas integrifolia,new stems,new above,0.000,0,0,0,0.000,.,.,.,0,0,0,0.000,0.000,.,.,.,0.000,0.000,0.000,0.000,0.000,.,.,.,0.00,0.000,0.000,0.000,0.000,.,.,.,0.000,0.000,20,0,0,0,0,0,.,.,0,0,0,0,0,.,.,0,0,0,0,0,.,.,0,0,0,0,0,.,.,0.000,0.000,20,,
30-Jul-2000,Toolik Tussock 1981 plots,Control,Deciduous,Dryas integrifolia,old stems,old above,0.000,0,0,0,0.000,.,.,.,0,0,0,0.000,0.000,.,.,.,0.000,0.000,0.000,0.000,0.000,.,.,.,0.00,0.000,0.000,0.000,0.000,.,.,.,0.000,0.000,20,0,0,0,0,0,.,.,0,0,0,0,0,.,.,0,0,0,0,0,.,.,0,0,0,0,0,.,.,0.000,0.000,20,,
30-Jul-2000,Toolik Tussock 1981 plots,Control,Deciduous,Dryas integrifolia,inflorescence,new above,0.000,0,0,0,0.000,.,.,.,0,0,0,0.000,0.000,.,.,.,0.000,0.000,0.000,0.000,0.000,.,.,.,0.00,0.000,0.000,0.000,0.000,.,.,.,0.000,0.000,20,0,0,0,0,0,.,.,0,0,0,0,0,.,.,0,0,0,0,0,.,.,0,0,0,0,0,.,.,0.000,0.000,20,,
30-Jul-2000,Toolik Tussock 1981 plots,Control,Deciduous,Dryas integrifolia,below stems,below,0.000,0,0,0,0.000,.,.,.,0,0,0,0.000,0.000,.,.,.,0.000,0.000,0.000,0.000,0.000,.,.,.,0.00,0.000,0.000,0.000,0.000,.,.,.,0.000,0.000,20,0,0,0,0,0,.,.,0,0,0,0,0,.,.,0,0,0,0,0,.,.,0,0,0,0,0,.,.,0.000,0.000,20,,
30-Jul-2000,Toolik Tussock 1981 plots,Control,Deciduous,Other Deciduous (Note species in comments),new leaves,new above,0.000,0,0.000,0,0.000,.,.,.,0,0,0,0.000,0.000,.,.,.,0.338,0.305,0.192,0.000,0.000,.,.,.,0.00,0.000,0.000,0.000,0.000,.,.,.,0.042,0.023,20,0,0,0,0,0,.,.,0,0,0,0,0,.,.,8.45,7.625,4.8,0,0,.,.,0,0,0,0,0,.,.,1.044,0.587,20,Arctostaphylus (B2Q4); Arctostaphylus (B2Q5),
30-Jul-2000,Toolik Tussock 1981 plots,Control,Deciduous,Other Deciduous (Note species in comments),new stems,new above,0.000,0,0.000,0,0.000,.,.,.,0,0,0,0.000,0.000,.,.,.,0.081,0.057,0.019,0.000,0.000,.,.,.,0.00,0.000,0.000,0.000,0.000,.,.,.,0.008,0.005,20,0,0,0,0,0,.,.,0,0,0,0,0,.,.,2.025,1.425,0.475,0,0,.,.,0,0,0,0,0,.,.,0.196,0.121,20,Arctostaphylus (B2Q4); Arctostaphylus (B2Q5),
30-Jul-2000,Toolik Tussock 1981 plots,Control,Deciduous,Other Deciduous (Note species in comments),old stems,old above,0.000,0,0.000,0,0.000,.,.,.,0,0,0,0.000,0.000,.,.,.,0.219,0.058,0.086,0.000,0.000,.,.,.,0.00,0.000,0.000,0.000,0.000,.,.,.,0.018,0.012,20,0,0,0,0,0,.,.,0,0,0,0,0,.,.,5.475,1.45,2.15,0,0,.,.,0,0,0,0,0,.,.,0.454,0.293,20,Arctostaphylus (B2Q4); Arctostaphylus (B2Q5),
30-Jul-2000,Toolik Tussock 1981 plots,Control,Deciduous,Other Deciduous (Note species in comments),inflorescence,new above,0.000,0,0,0,0.000,.,.,.,0,0,0,0.000,0.000,.,.,.,0.000,0.000,0.000,0.000,0.000,.,.,.,0.00,0.000,0.000,0.000,0.000,.,.,.,0.000,0.000,20,0,0,0,0,0,.,.,0,0,0,0,0,.,.,0,0,0,0,0,.,.,0,0,0,0,0,.,.,0.000,0.000,20,Arctostaphylus (B2Q4); Arctostaphylus (B2Q5),
30-Jul-2000,Toolik Tussock 1981 plots,Control,Deciduous,Other Deciduous (Note species in comments),below stems,below,0.000,0,0,0,0.000,.,.,.,0,0,0,0.000,0.000,.,.,.,0.772,0.522,0.203,0.000,0.000,.,.,.,0.00,0.000,0.000,0.000,0.000,.,.,.,0.075,0.046,20,0,0,0,0,0,.,.,0,0,0,0,0,.,.,19.3,13.05,5.075,0,0,.,.,0,0,0,0,0,.,.,1.871,1.145,20,Arctostaphylus (B2Q4); Arctostaphylus (B2Q5),
30-Jul-2000,Toolik Tussock 1981 plots,Control,Evergreen,Ledum palustre,new leaves,new above,1.172,0.662,1.143,0.094,0.240,.,.,.,0.708,0.462,0.237,0.294,0.046,.,.,.,1.853,0.515,0.120,0.291,0.508,.,.,.,0.19,0.706,1.264,0.209,0.492,.,.,.,0.560,0.106,20,29.3,16.55,28.575,2.35,6,.,.,17.7,11.55,5.925,7.35,1.15,.,.,46.325,12.875,3,7.275,12.7,.,.,4.725,17.65,31.6,5.225,12.3,.,.,14.006,2.641,20,,
30-Jul-2000,Toolik Tussock 1981 plots,Control,Evergreen,Ledum palustre,new stems,new above,0.282,0.183,0.384,0.047,0.047,.,.,.,0.143,0.086,0.04,0.045,0.011,.,.,.,0.645,0.159,0.036,0.064,0.110,.,.,.,0.07,0.229,0.275,0.077,0.121,.,.,.,0.153,0.034,20,7.05,4.575,9.6,1.175,1.175,.,.,3.575,2.15,1,1.125,0.275,.,.,16.125,3.975,0.9,1.6,2.75,.,.,1.75,5.725,6.875,1.925,3.025,.,.,3.818,0.853,20,,
30-Jul-2000,Toolik Tussock 1981 plots,Control,Evergreen,Ledum palustre,old leaves,old above,2.249,1.217,1.744,0.153,0.325,.,.,.,1.515,1.079,0.365,0.402,0.076,.,.,.,2.406,0.544,0.240,0.867,0.931,.,.,.,0.11,2.657,1.873,0.330,0.979,.,.,.,1.003,0.183,20,56.225,30.425,43.6,3.825,8.125,.,.,37.875,26.975,9.125,10.05,1.9,.,.,60.15,13.6,6,21.675,23.275,.,.,2.7,66.425,46.825,8.25,24.475,.,.,25.075,4.581,20,,
30-Jul-2000,Toolik Tussock 1981 plots,Control,Evergreen,Ledum palustre,old stems,old above,4.669,1.028,0.000,0.156,0.701,.,.,.,3.654,0.983,0.376,0.491,0.064,.,.,.,5.463,0.880,1.102,1.570,1.430,.,.,.,0.53,0.925,4.230,0.392,1.959,.,.,.,1.530,0.365,20,116.725,25.7,0,3.9,17.525,.,.,91.35,24.575,9.4,12.275,1.6,.,.,136.575,22,27.55,39.25,35.75,.,.,13.35,23.125,105.75,9.8,48.975,.,.,38.259,9.123,20,,
30-Jul-2000,Toolik Tussock 1981 plots,Control,Evergreen,Ledum palustre,inflorescence,new above,0.158,0.0866,4.533,0,0.022,.,.,.,0,0.024,0,0.000,0.000,.,.,.,0.000,0.000,0.000,0.073,0.000,.,.,.,0.00,0.000,0.051,0.026,0.085,.,.,.,0.253,0.225,20,3.95,2.165,113.325,0,0.55,.,.,0,0.6,0,0,0,.,.,0,0,0,1.825,0,.,.,0,0,1.275,0.65,2.125,.,.,6.323,5.637,20,,
30-Jul-2000,Toolik Tussock 1981 plots,Control,Evergreen,Ledum palustre,below stems,below,4.321,2.553,0.114,5.237,2.210,.,.,.,0,8.675,3.972,3.481,0.119,.,.,.,6.145,10.249,12.767,6.519,6.546,.,.,.,2.57,3.549,9.374,0.566,4.676,.,.,.,4.682,0.799,20,108.025,63.825,2.85,130.925,55.25,.,.,0,216.875,99.3,87.025,2.975,.,.,153.625,256.225,319.175,162.975,163.65,.,.,64.175,88.725,234.35,14.15,116.9,.,.,117.050,19.977,20,,
30-Jul-2000,Toolik Tussock 1981 plots,Control,Evergreen,Vaccinium vitis-idaea,new leaves,new above,0.089,0.114,19.468,0.851,0.389,.,.,.,0.41,0.023,0.203,0.204,0.003,.,.,.,0.683,0.485,0.643,0.877,0.224,.,.,.,0.24,6.760,0.308,0.088,0.765,.,.,.,1.641,0.993,20,2.225,2.85,486.7,21.275,9.725,.,.,10.25,0.575,5.075,5.1,0.075,.,.,17.075,12.125,16.075,21.925,5.6,.,.,6,169,7.7,2.2,19.125,.,.,41.034,24.823,20,,
30-Jul-2000,Toolik Tussock 1981 plots,Control,Evergreen,Vaccinium vitis-idaea,new stems,new above,0.467,0.044,0.933,0.15,0.055,.,.,.,0.044,0.008,0,0.031,0.002,.,.,.,0.153,0.071,0.094,0.055,0.015,.,.,.,0.08,0.122,0.055,0.023,0.132,.,.,.,0.127,0.048,20,11.675,1.1,23.325,3.75,1.375,.,.,1.1,0.2,0,0.775,0.05,.,.,3.825,1.775,2.35,1.375,0.375,.,.,2.025,3.05,1.375,0.575,3.3,.,.,3.169,1.204,20,,
30-Jul-2000,Toolik Tussock 1981 plots,Control,Evergreen,Vaccinium vitis-idaea,old leaves,old above,2.230,0.206,0.204,1.644,2.282,.,.,.,1.736,0.216,1.104,0.320,0.060,.,.,.,2.325,1.311,1.364,0.765,0.421,.,.,.,1.33,2.102,2.254,0.069,1.796,.,.,.,1.187,0.188,20,55.75,5.15,5.1,41.1,57.05,.,.,43.4,5.4,27.6,8,1.5,.,.,58.125,32.775,34.1,19.125,10.525,.,.,33.325,52.55,56.35,1.725,44.9,.,.,29.678,4.698,20,,
30-Jul-2000,Toolik Tussock 1981 plots,Control,Evergreen,Vaccinium vitis-idaea,old stems,old above,1.996,0.417,4.570,1.12,0.713,.,.,.,0.662,0.063,0.253,0.092,0.012,.,.,.,1.050,0.493,0.846,3.117,0.536,.,.,.,0.74,2.250,0.994,0.164,0.924,.,.,.,1.050,0.255,20,49.9,10.425,114.25,28,17.825,.,.,16.55,1.575,6.325,2.3,0.3,.,.,26.25,12.325,21.15,77.925,13.4,.,.,18.4,56.25,24.85,4.1,23.1,.,.,26.260,6.385,20,,
30-Jul-2000,Toolik Tussock 1981 plots,Control,Evergreen,Vaccinium vitis-idaea,inflorescence,new above,0.000,0,2.765,0,0.005,.,.,.,0,0,0,0.000,0.000,.,.,.,0.000,0.000,0.000,0.000,0.000,.,.,.,0.00,0.000,0.000,0.000,0.008,.,.,.,0.139,0.138,20,0,0,69.1125,0,0.125,.,.,0,0,0,0,0,.,.,0,0,0,0,0,.,.,0,0,0,0,0.2,.,.,3.472,3.455,20,,
30-Jul-2000,Toolik Tussock 1981 plots,Control,Evergreen,Vaccinium vitis-idaea,below stems,below,4.408,2.29,19.468,0,4.613,.,.,.,0,0.57,1.193,0.790,0.449,.,.,.,2.954,1.805,2.760,3.444,2.157,.,.,.,1.82,3.734,0.866,0.612,1.994,.,.,.,2.796,0.931,20,110.2,57.25,486.7,0,115.325,.,.,0,14.25,29.825,19.75,11.225,.,.,73.85,45.125,69,86.1,53.925,.,.,45.475,93.35,21.65,15.3,49.85,.,.,69.908,23.284,20,,
30-Jul-2000,Toolik Tussock 1981 plots,Control,Evergreen,Cassiope tetragona,new leaves,new above,0.000,0,0.000,2.609,0.000,.,.,.,0,0,0,0.000,0.000,.,.,.,0.000,0.000,0.000,0.120,0.182,.,.,.,0.46,0.037,0.000,0.000,0.000,.,.,.,0.171,0.131,20,0,0,0,65.225,0,.,.,0,0,0,0,0,.,.,0,0,0,3,4.55,.,.,11.6,0.925,0,0,0,.,.,4.265,3.267,20,,
30-Jul-2000,Toolik Tussock 1981 plots,Control,Evergreen,Cassiope tetragona,new stems,new above,0.000,0,0.000,0,0.000,.,.,.,0,0,0,0.000,0.000,.,.,.,0.000,0.000,0.000,0.000,0.000,.,.,.,0.02,0.008,0.000,0.000,0.000,.,.,.,0.001,0.001,20,0,0,0,0,0,.,.,0,0,0,0,0,.,.,0,0,0,0,0,.,.,0.375,0.2,0,0,0,.,.,0.029,0.021,20,,
30-Jul-2000,Toolik Tussock 1981 plots,Control,Evergreen,Cassiope tetragona,old leaves,old above,0.000,0,0.000,0,0.000,.,.,.,0,0,0,0.000,0.000,.,.,.,0.000,0.000,0.000,0.424,0.524,.,.,.,1.25,0.177,0.000,0.000,0.000,.,.,.,0.119,0.068,20,0,0,0,0,0,.,.,0,0,0,0,0,.,.,0,0,0,10.6,13.1,.,.,31.225,4.425,0,0,0,.,.,2.968,1.703,20,,
30-Jul-2000,Toolik Tussock 1981 plots,Control,Evergreen,Cassiope tetragona,old stems,old above,0.000,0,0.000,0,0.000,.,.,.,0,0,0,0.000,0.000,.,.,.,0.000,0.000,0.000,0.094,0.136,.,.,.,0.42,0.075,0.000,0.000,0.000,.,.,.,0.036,0.022,20,0,0,0,0,0,.,.,0,0,0,0,0,.,.,0,0,0,2.35,3.4,.,.,10.4,1.875,0,0,0,.,.,0.901,0.544,20,,
30-Jul-2000,Toolik Tussock 1981 plots,Control,Evergreen,Cassiope tetragona,inflorescence,new above,0.000,0,0.000,0,0.000,.,.,.,0,0,0,0.000,0.000,.,.,.,0.000,0.000,0.000,0.000,0.018,.,.,.,0.03,0.000,0.000,0.000,0.000,.,.,.,0.002,0.002,20,0,0,0,0,0,.,.,0,0,0,0,0,.,.,0,0,0,0,0.45,.,.,0.725,0,0,0,0,.,.,0.059,0.042,20,,
30-Jul-2000,Toolik Tussock 1981 plots,Control,Evergreen,Cassiope tetragona,below stems,below,0.000,0,0.000,0,0.000,.,.,.,0,0,0,0.000,0.000,.,.,.,0.000,0.000,0.000,0.736,0.845,.,.,.,1.24,0.479,0.000,0.000,0.000,.,.,.,0.165,0.081,20,0,0,0,0,0,.,.,0,0,0,0,0,.,.,0,0,0,18.4,21.125,.,.,31.1,11.975,0,0,0,.,.,4.130,2.022,20,,
30-Jul-2000,Toolik Tussock 1981 plots,Control,Evergreen,Andromeda polifolia,new leaves,new above,0.000,0.056,0.127,0,0.000,.,.,.,0,0,0.22,0.000,0.000,.,.,.,0.000,0.336,0.000,0.066,0.101,.,.,.,0.00,0.064,0.000,0.000,0.000,.,.,.,0.049,0.020,20,0,1.4,3.175,0,0,.,.,0,0,5.5,0,0,.,.,0,8.4,0,1.65,2.525,.,.,0,1.6,0,0,0,.,.,1.213,0.500,20,,
30-Jul-2000,Toolik Tussock 1981 plots,Control,Evergreen,Andromeda polifolia,new stems,new above,0.000,0,0.027,0,0.000,.,.,.,0,0,0.023,0.000,0.000,.,.,.,0.000,0.135,0.000,0.010,0.008,.,.,.,0.00,0.018,0.000,0.000,0.000,.,.,.,0.011,0.007,20,0,0,0.675,0,0,.,.,0,0,0.575,0,0,.,.,0,3.375,0,0.25,0.2,.,.,0,0.45,0,0,0,.,.,0.276,0.170,20,,
30-Jul-2000,Toolik Tussock 1981 plots,Control,Evergreen,Andromeda polifolia,old leaves,old above,0.000,0.069,0.467,0,0.000,.,.,.,0,0,0.564,0.000,0.000,.,.,.,0.000,0.193,0.000,0.266,0.240,.,.,.,0.00,0.055,0.000,0.000,0.000,.,.,.,0.093,0.038,20,0,1.725,11.675,0,0,.,.,0,0,14.1,0,0,.,.,0,4.825,0,6.65,6,.,.,0,1.375,0,0,0,.,.,2.318,0.940,20,,
30-Jul-2000,Toolik Tussock 1981 plots,Control,Evergreen,Andromeda polifolia,old stems,old above,0.000,0.026,0.194,0,0.000,.,.,.,0,0,0.387,0.000,0.000,.,.,.,0.000,0.027,0.000,0.180,0.097,.,.,.,0.00,0.056,0.000,0.000,0.000,.,.,.,0.048,0.022,20,0,0.65,4.85,0,0,.,.,0,0,9.675,0,0,.,.,0,0.675,0,4.5,2.425,.,.,0,1.4,0,0,0,.,.,1.209,0.555,20,,
30-Jul-2000,Toolik Tussock 1981 plots,Control,Evergreen,Andromeda polifolia,inflorescence,new above,0.000,0.123,0.000,0,0.000,.,.,.,0,0,0.044,0.000,0.000,.,.,.,0.000,0.021,0.000,0.000,0.002,.,.,.,0.00,0.000,0.000,0.000,0.000,.,.,.,0.010,0.006,20,0,3.075,0,0,0,.,.,0,0,1.1,0,0,.,.,0,0.525,0,0,0.05,.,.,0,0,0,0,0,.,.,0.238,0.161,20,,
30-Jul-2000,Toolik Tussock 1981 plots,Control,Evergreen,Andromeda polifolia,below stems,below,0.000,0,0.198,0,0.000,.,.,.,0,0,1.197,0.000,0.000,.,.,.,0.000,0.695,0.000,0.315,0.545,.,.,.,0.00,0.150,0.000,0.000,0.000,.,.,.,0.155,0.071,20,0,0,4.95,0,0,.,.,0,0,29.925,0,0,.,.,0,17.375,0,7.875,13.625,.,.,0,3.75,0,0,0,.,.,3.875,1.765,20,,
30-Jul-2000,Toolik Tussock 1981 plots,Control,Evergreen,Other Evergreen (Note species in comments),new leaves,new above,0.000,0.278,0.007,0.069,0.000,.,.,.,0,0,0,0.089,0.000,.,.,.,0.081,0.039,0.000,0.000,0.000,.,.,.,0.00,0.000,0.000,0.009,0.012,.,.,.,0.029,0.015,20,0,6.95,0.175,1.725,0,.,.,0,0,0,2.225,0,.,.,2.025,0.975,0,0,0,.,.,0,0,0,0.225,0.3,.,.,0.730,0.366,20,Empetrum (B1Q2); Empetrum (B1Q3);Empetrum (B1Q4); Empetrum (B2Q2); Empetrum (B2Q4);  Empetrum (B2Q5),
30-Jul-2000,Toolik Tussock 1981 plots,Control,Evergreen,Other Evergreen (Note species in comments),new stems,new above,0.000,0.207,0.003,0.014,0.000,.,.,.,0,0,0,0.002,0.000,.,.,.,0.017,0.009,0.000,0.000,0.000,.,.,.,0.00,0.000,0.000,0.008,0.010,.,.,.,0.014,0.010,20,0,5.175,0.075,0.35,0,.,.,0,0,0,0.05,0,.,.,0.425,0.225,0,0,0,.,.,0,0,0,0.2,0.25,.,.,0.338,0.256,20,Empetrum (B1Q2); Empetrum (B1Q3);Empetrum (B1Q4); Empetrum (B2Q2); Empetrum (B2Q4);  Empetrum (B2Q5),
30-Jul-2000,Toolik Tussock 1981 plots,Control,Evergreen,Other Evergreen (Note species in comments),old leaves,old above,0.000,0.091,0.035,0.202,0.000,.,.,.,0,0,0,0.059,0.000,.,.,.,0.278,0.126,0.000,0.000,0.000,.,.,.,0.00,0.000,0.000,0.038,0.000,.,.,.,0.041,0.017,20,0,2.275,0.875,5.05,0,.,.,0,0,0,1.475,0,.,.,6.95,3.15,0,0,0,.,.,0,0,0,0.95,0,.,.,1.036,0.433,20,Empetrum (B1Q2); Empetrum (B1Q3);Empetrum (B1Q4); Empetrum (B2Q2); Empetrum (B2Q4);  Empetrum (B2Q5),
30-Jul-2000,Toolik Tussock 1981 plots,Control,Evergreen,Other Evergreen (Note species in comments),old stems,old above,0.000,0,0.021,0.161,0.000,.,.,.,0,0,0,0.026,0.000,.,.,.,0.167,0.099,0.000,0.000,0.000,.,.,.,0.00,0.000,0.000,0.027,0.000,.,.,.,0.025,0.012,20,0,0,0.525,4.025,0,.,.,0,0,0,0.65,0,.,.,4.175,2.475,0,0,0,.,.,0,0,0,0.675,0,.,.,0.626,0.295,20,Empetrum (B1Q2); Empetrum (B1Q3);Empetrum (B1Q4); Empetrum (B2Q2); Empetrum (B2Q4);  Empetrum (B2Q5),
30-Jul-2000,Toolik Tussock 1981 plots,Control,Evergreen,Other Evergreen (Note species in comments),inflorescence,new above,0.000,0,0,0,0.000,.,.,.,0,0,0,0.000,0.000,.,.,.,0.000,0.000,0.000,0.000,0.000,.,.,.,0.00,0.000,0.000,0.000,0.000,.,.,.,0.000,0.000,20,0,0,0,0,0,.,.,0,0,0,0,0,.,.,0,0,0,0,0,.,.,0,0,0,0,0,.,.,0.000,0.000,20,Empetrum (B1Q2); Empetrum (B1Q3);Empetrum (B1Q4); Empetrum (B2Q2); Empetrum (B2Q4);  Empetrum (B2Q5),
30-Jul-2000,Toolik Tussock 1981 plots,Control,Evergreen,Other Evergreen (Note species in comments),below stems,below,0.000,0.137,0,0.512,0.000,.,.,.,0,0,0,0.079,0.000,.,.,.,5.302,0.251,0.000,0.000,0.000,.,.,.,0.00,0.000,0.000,0.025,0.000,.,.,.,0.315,0.264,20,0,3.425,0,12.8,0,.,.,0,0,0,1.975,0,.,.,132.55,6.275,0,0,0,.,.,0,0,0,0.625,0,.,.,7.883,6.599,20,Empetrum (B1Q2); Empetrum (B1Q3);Empetrum (B1Q4); Empetrum (B2Q2); Empetrum (B2Q4);  Empetrum (B2Q5),
30-Jul-2000,Toolik Tussock 1981 plots,Control,Forb,Polygonum bistorta,new above,new above,0.000,0,0.000,0,0.000,.,.,.,0,0,0,0.000,0.000,.,.,.,0.028,0.000,0.000,0.000,0.000,.,.,.,0.00,0.000,0.000,0.000,0.000,.,.,.,0.001,0.001,20,0,0,0,0,0,.,.,0,0,0,0,0,.,.,0.7,0,0,0,0,.,.,0,0,0,0,0,.,.,0.035,0.035,20,,
30-Jul-2000,Toolik Tussock 1981 plots,Control,Forb,Polygonum bistorta,below,below,0.000,0,0.000,0,0.000,.,.,.,0,0,0,0.000,0.000,.,.,.,0.392,0.000,0.000,0.000,0.000,.,.,.,0.00,0.000,0.000,0.000,0.000,.,.,.,0.020,0.020,20,0,0,0,0,0,.,.,0,0,0,0,0,.,.,9.8,0,0,0,0,.,.,0,0,0,0,0,.,.,0.490,0.490,20,,
30-Jul-2000,Toolik Tussock 1981 plots,Control,Forb,Equisetum spp.,new above,new above,0.000,0,0.000,0,0.000,.,.,.,0,0,0,0.000,0.000,.,.,.,0.000,0.000,0.000,0.000,0.000,.,.,.,0.00,0.000,0.000,0.000,0.000,.,.,.,0.000,0.000,20,0,0,0,0,0,.,.,0,0,0,0,0,.,.,0,0,0,0,0,.,.,0,0,0,0,0,.,.,0.000,0.000,20,,
30-Jul-2000,Toolik Tussock 1981 plots,Control,Forb,Equisetum spp.,below,below,0,0,0,0,0,.,.,.,0,0,0,0,0,.,.,.,0,0,0,0,0,.,.,.,0.00,0,0,0,0,.,.,.,0.000,0.000,20,0,0,0,0,0,.,.,0,0,0,0,0,.,.,0,0,0,0,0,.,.,0,0,0,0,0,.,.,0.000,0.000,20,,
30-Jul-2000,Toolik Tussock 1981 plots,Control,Forb,Other forbs (Note species in comments) ,new above,new above,0,0.024,0,0.015,0.155,.,.,.,0.015,0,0.238,0,0,.,.,.,0.06,0,0.055,0,0.047,.,.,.,0.08,0,0,0.015,0,.,.,.,0.035,0.014,20,0,0.6,0,0.375,3.875,.,.,0.375,0,5.95,0,0,.,.,1.5,0,1.375,0,1.175,.,.,2.075,0,0,0.375,0,.,.,0.884,0.346,20,Pedicularis (B1Q2); Pedicularis (B1Q3); Pedicularis (B1Q4); Pedicularis (B1Q5); Pedicularis (B2Q1); Pedicularis (B2Q3);  Pedicularis (B3Q1); Pedicularis (B3Q2),
30-Jul-2000,Toolik Tussock 1981 plots,Control,Forb,Other forbs (Note species in comments) ,below,below,0,0,0,0.019,0.299,.,.,.,0.011,0,0.52,0,0.031,.,.,.,0,0,0.08,0,0.051,.,.,.,0.09,0,0,0,0,.,.,.,0.055,0.029,20,0,0,0,0.475,7.475,.,.,0.275,0,13,0,0.775,.,.,0,0,2,0,1.275,.,.,2.3,0,0,0,0,.,.,1.379,0.723,20,Pedicularis (B1Q2); Pedicularis (B1Q3); Pedicularis (B1Q4); Pedicularis (B1Q5); Pedicularis (B2Q1); Pedicularis (B2Q3);  Pedicularis (B3Q1); Pedicularis (B3Q2),
30-Jul-2000,Toolik Tussock 1981 plots,Control,Forb,Other forbs (Note species in comments) ,inflorescence,new above,0,0,0,0,0.005,.,.,.,0,0,0,0,0,.,.,.,0,0,0,0,0,.,.,.,0.00,0,0,0,0,.,.,.,0.000,0.000,20,0,0,0,0,0.125,.,.,0,0,0,0,0,.,.,0,0,0,0,0,.,.,0,0,0,0,0,.,.,0.006,0.006,20,Pedicularis (B1Q2); Pedicularis (B1Q3); Pedicularis (B1Q4); Pedicularis (B1Q5); Pedicularis (B2Q1); Pedicularis (B2Q3);  Pedicularis (B3Q1); Pedicularis (B3Q2),
30-Jul-2000,Toolik Tussock 1981 plots,Control,Bryophyte,Sphagnum spp.,live green,non-vascular,0.613,8.162,0.744,4.148,0.497,.,.,.,0,0.084,8.761,8.904,8.261,.,.,.,1.333,16.2,0,1.498,0,.,.,.,1.54,2.43,1.299,4.106,0,.,.,.,3.429,0.983,20,15.325,204.05,18.6,103.7,12.425,.,.,0,2.1,219.025,222.6,206.525,.,.,33.325,405,0,37.45,0,.,.,38.5,60.75,32.475,102.65,0,.,.,85.725,24.582,20,,
30-Jul-2000,Toolik Tussock 1981 plots,Control,Bryophyte,Tomenthypnum nitens,live green,non-vascular,0,0,0,0,0,.,.,.,0,0,0.000,0,0,.,.,.,0,0,0,0,0,.,.,.,0.00,0,0,0,0,.,.,.,0.000,0.000,20,0,0,0,0,0,.,.,0,0,0,0,0,.,.,0,0,0,0,0,.,.,0,0,0,0,0,.,.,0.000,0.000,20,,
30-Jul-2000,Toolik Tussock 1981 plots,Control,Bryophyte,Mosses spp.,live green,non-vascular,0.283,1.812,1.163,1.665,0.102,.,.,.,3.367,7.296,0.835,1.888,1.746,.,.,.,1.285,0.646,0.395,2.805,0.948,.,.,.,6.99,1.478,6.258,2.955,5.939,.,.,.,2.493,0.514,20,7.075,45.3,29.075,41.625,2.55,.,.,84.175,182.4,20.875,47.2,43.65,.,.,32.125,16.15,9.875,70.125,23.7,.,.,174.625,36.95,156.45,73.875,148.475,.,.,62.314,12.841,20,,
30-Jul-2000,Toolik Tussock 1981 plots,Control,Lichen,Lichens spp.,live,non-vascular,0,0.293,1.699,0.418,3.288,.,.,.,3.999,8.131,0,1.02,0.044,.,.,.,0.743,0,10.703,2.717,0.651,.,.,.,1.16,0.298,1.526,0,6.305,.,.,.,2.150,0.671,20,0,7.325,42.475,10.45,82.2,.,.,99.975,203.275,0,25.5,1.1,.,.,18.575,0,267.575,67.925,16.275,.,.,28.95,7.45,38.15,0,157.625,.,.,53.741,16.776,20,,
30-Jul-2000,Toolik Tussock 1981 plots,Control,Litter/Standing Dead,dead wood,Litter,Litter,3.242,0.571,2.345,0.412,0,.,.,.,0.852,0.522,1.342,0.791,1.32,.,.,.,0,0.392,0.944,0.747,0.356,.,.,.,4.56,1.741,3.102,0.352,4.826,.,.,.,1.421,0.324,20,81.05,14.275,58.625,10.3,0,.,.,21.3,13.05,33.55,19.775,33,.,.,0,9.8,23.6,18.675,8.9,.,.,113.95,43.525,77.55,8.8,120.65,.,.,35.519,8.098,20,,
30-Jul-2000,Toolik Tussock 1981 plots,Control,Litter/Standing Dead,Leaf litter,Litter,Litter,38.558,6.78,9.825,20.719,3.028,.,.,.,18.136,9.646,3.661,8.181,3.453,.,.,.,2.495,18.184,13.961,10.128,3.408,.,.,.,5.90,6.782,0.94,0.297,1.437,.,.,.,9.276,2.046,20,963.95,169.5,245.625,517.975,75.7,.,.,453.4,241.15,91.525,204.525,86.325,.,.,62.375,454.6,349.025,253.2,85.2,.,.,147.4,169.55,23.5,7.425,35.925,.,.,231.894,51.152,20,,
30-Jul-2000,Toolik Tussock 1981 plots,Control,Litter/Standing Dead,Loose Litter,Litter,Litter,0,0,0,0,0,.,.,.,0,0,0,0,0,.,.,.,0,0,0,0,0,.,.,.,0.00,0,0,0,0,.,.,.,0.000,0.000,20,0,0,0,0,0,.,.,0,0,0,0,0,.,.,0,0,0,0,0,.,.,0,0,0,0,0,.,.,0.000,0.000,20,,
30-Jul-2000,Toolik Tussock 1981 plots,NP,Graminoid,Eriophorum vaginatum,blade,new above,0,0,0.041,0,0,0,0,.,0,0,0,0.000,0.000,0.000,0.000,.,0.095,0.000,0.000,0.000,0.052,0.010,0.000,.,0.000,0.000,0.000,0.183,0.000,0.000,0.000,.,0.014,0.007,28.000,0,0,1.025,0,0,0,0,0,0,0,0,0,0,0,2.375,0,0,0,1.3,0.25,0,0,0,0,4.575,0,0,0,0.340,0.186,28,,
30-Jul-2000,Toolik Tussock 1981 plots,NP,Graminoid,Eriophorum vaginatum,sheath,new above,0,0,0,0,0,0,0,.,0,0,0,0.000,0.000,0.000,0.000,.,0.024,0.000,0.000,0.000,0.014,0.016,0.000,.,0.000,0.000,0.000,0.065,0.000,0.000,0.000,.,0.004,0.003,28.000,0,0,0,0,0,0,0,0,0,0,0,0,0,0,0.6,0,0,0,0.35,0.4,0,0,0,0,1.625,0,0,0,0.106,0.063,28,,
30-Jul-2000,Toolik Tussock 1981 plots,NP,Graminoid,Eriophorum vaginatum,inflor/culm,new above,0,0,0,0,0,0,0,.,0,0,0,0.000,0.000,0.000,0.000,.,0.000,0.000,0.000,0.000,0.000,0.000,0.000,.,0.000,0.000,0.000,0.000,0.000,0.000,0.000,.,0.000,0.000,28.000,0,0,0,0,0,0,0,0,0,0,0,0,0,0,0,0,0,0,0,0,0,0,0,0,0,0,0,0,0.000,0.000,28,,
30-Jul-2000,Toolik Tussock 1981 plots,NP,Graminoid,Eriophorum vaginatum,rhizome,below,0,0,0,0,0,0,0,.,0,0,0,0.000,0.000,0.000,0.000,.,0.122,0.000,0.000,0.000,0.075,0.006,0.000,.,0.000,0.000,0.000,0.068,0.000,0.000,0.000,.,0.010,0.005,28.000,0,0,0,0,0,0,0,0,0,0,0,0,0,0,3.05,0,0,0,1.875,0.15,0,0,0,0,1.7,0,0,0,0.242,0.137,28,,
30-Jul-2000,Toolik Tussock 1981 plots,NP,Graminoid,Carex bigelowii,blade,new above,0.543,0,0,0,0,0,0,.,0,0,0,0.000,0.000,0.571,0.000,.,0.000,0.014,0.000,0.000,0.000,0.000,0.000,.,0.063,0.528,0.000,0.000,0.000,0.218,0.000,.,0.069,0.033,28.000,13.575,0,0,0,0,0,0,0,0,0,0,0,14.275,0,0,0.35,0,0,0,0,0,1.575,13.2,0,0,0,5.45,0,1.729,0.822,28,,
30-Jul-2000,Toolik Tussock 1981 plots,NP,Graminoid,Carex bigelowii,sheath,new above,0.029,0,0,0,0,0,0,.,0,0,0,0.000,0.000,0.090,0.000,.,0.000,0.000,0.000,0.000,0.000,0.000,0.000,.,0.000,0.093,0.000,0.000,0.000,0.094,0.000,.,0.011,0.006,28.000,0.725,0,0,0,0,0,0,0,0,0,0,0,2.25,0,0,0,0,0,0,0,0,0,2.325,0,0,0,2.35,0,0.273,0.138,28,,
30-Jul-2000,Toolik Tussock 1981 plots,NP,Graminoid,Carex bigelowii,inflor/culm,new above,0.14,0,0,0,0,0,0,.,0,0,0,0.000,0.000,0.000,0.000,.,0.000,0.000,0.000,0.000,0.000,0.000,0.000,.,0.000,0.000,0.000,0.000,0.000,0.000,0.000,.,0.005,0.005,28.000,3.5,0,0,0,0,0,0,0,0,0,0,0,0,0,0,0,0,0,0,0,0,0,0,0,0,0,0,0,0.125,0.125,28,,
30-Jul-2000,Toolik Tussock 1981 plots,NP,Graminoid,Carex bigelowii,rhizome,below,0.16,0,0,0,0,0,0,.,0,0,0,0.000,0.000,1.061,0.000,.,0.000,0.000,0.000,0.000,0.000,0.000,0.000,.,0.011,0.845,0.000,0.000,0.000,3.294,0.000,.,0.192,0.124,28.000,4,0,0,0,0,0,0,0,0,0,0,0,26.525,0,0,0,0,0,0,0,0,0.275,21.125,0,0,0,82.35,0,4.796,3.108,28,,
30-Jul-2000,Toolik Tussock 1981 plots,NP,Graminoid,Calamagrostis holmii,blade,new above,0,3.6668,0.403,0.202,0.16,0,0,.,0,0.955,0,1.633,0.000,0.000,0.000,.,0.000,0.000,0.000,0.000,0.000,0.000,0.000,.,0.000,0.000,0.000,0.006,0.000,0.000,0.000,.,0.251,0.143,28.000,0,91.67,10.075,5.05,4,0,0,0,23.875,0,40.825,0,0,0,0,0,0,0,0,0,0,0,0,0,0.15,0,0,0,6.273,3.579,28,,
30-Jul-2000,Toolik Tussock 1981 plots,NP,Graminoid,Calamagrostis holmii,sheath,new above,0,0.653,0,0.05,0,0,0,.,0,0.141,0,0.172,0.000,0.000,0.000,.,0.000,0.000,0.000,0.000,0.000,0.000,0.000,.,0.000,0.000,0.000,0.000,0.000,0.000,0.000,.,0.036,0.024,28.000,0,16.325,0,1.25,0,0,0,0,3.525,0,4.3,0,0,0,0,0,0,0,0,0,0,0,0,0,0,0,0,0,0.907,0.604,28,,
30-Jul-2000,Toolik Tussock 1981 plots,NP,Graminoid,Calamagrostis holmii,inflor/culm,new above,0,0.89,0,0.023,0,0,0,.,0,0,0,0.000,0.000,0.000,0.000,.,0.000,0.000,0.000,0.000,0.000,0.000,0.000,.,0.000,0.000,0.000,0.000,0.000,0.000,0.000,.,0.033,0.032,28.000,0,22.25,0,0.575,0,0,0,0,0,0,0,0,0,0,0,0,0,0,0,0,0,0,0,0,0,0,0,0,0.815,0.794,28,,
30-Jul-2000,Toolik Tussock 1981 plots,NP,Graminoid,Calamagrostis holmii,rhizome,below,0,0,1.73,1.488,2.615,0,0,.,0,1.865,0,2.525,0.000,0.000,0.000,.,0.000,0.000,0.000,0.000,0.000,0.000,0.000,.,0.000,0.000,0.000,0.000,0.000,0.000,0.000,.,0.365,0.155,28.000,0,0,43.25,37.2,65.375,0,0,0,46.625,0,63.125,0,0,0,0,0,0,0,0,0,0,0,0,0,0,0,0,0,9.128,3.875,28,,
30-Jul-2000,Toolik Tussock 1981 plots,NP,Graminoid,Eriophorum angustifolium ssp. triste,blade,new above,0,0,0,0,0,0,0,.,0,0,0,0.000,0.000,0.000,0.000,.,0.000,0.000,0.000,0.000,0.000,0.000,0.000,.,0.000,0.000,0.000,0.000,0.000,0.000,0.000,.,0.000,0.000,28.000,0,0,0,0,0,0,0,0,0,0,0,0,0,0,0,0,0,0,0,0,0,0,0,0,0,0,0,0,0.000,0.000,28,,
30-Jul-2000,Toolik Tussock 1981 plots,NP,Graminoid,Eriophorum angustifolium ssp. triste,sheath,new above,0,0,0,0,0,0,0,.,0,0,0,0.000,0.000,0.000,0.000,.,0.000,0.000,0.000,0.000,0.000,0.000,0.000,.,0.000,0.000,0.000,0.000,0.000,0.000,0.000,.,0.000,0.000,28.000,0,0,0,0,0,0,0,0,0,0,0,0,0,0,0,0,0,0,0,0,0,0,0,0,0,0,0,0,0.000,0.000,28,,
30-Jul-2000,Toolik Tussock 1981 plots,NP,Graminoid,Eriophorum angustifolium ssp. triste,inflor/culm,new above,0,0,0,0,0,0,0,.,0,0,0,0.000,0.000,0.000,0.000,.,0.000,0.000,0.000,0.000,0.000,0.000,0.000,.,0.000,0.000,0.000,0.000,0.000,0.000,0.000,.,0.000,0.000,28.000,0,0,0,0,0,0,0,0,0,0,0,0,0,0,0,0,0,0,0,0,0,0,0,0,0,0,0,0,0.000,0.000,28,,
30-Jul-2000,Toolik Tussock 1981 plots,NP,Graminoid,Eriophorum angustifolium ssp. triste,rhizome,below,0,0,0,0,0,0,0,.,0,0,0,0.000,0.000,0.000,0.000,.,0.000,0.000,0.000,0.000,0.000,0.000,0.000,.,0.000,0.000,0.000,0.000,0.000,0.000,0.000,.,0.000,0.000,28.000,0,0,0,0,0,0,0,0,0,0,0,0,0,0,0,0,0,0,0,0,0,0,0,0,0,0,0,0,0.000,0.000,28,,
30-Jul-2000,Toolik Tussock 1981 plots,NP,Graminoid,Other Graminoids (Note species in comments),blade,new above,0,0,0,0,0,2.192,0,.,0,0,5.343,0.000,0.000,0.000,0.000,.,0.000,0.000,0.000,0.000,0.000,0.000,0.000,.,0.024,0.000,0.000,0.000,0.000,0.053,0.010,.,0.272,0.203,28.000,0,0,0,0,0,54.8,0,0,0,133.575,0,0,0,0,0,0,0,0,0,0,0,0.6,0,0,0,0,1.325,0.25,6.805,5.085,28,"Calmagrostis (B1Q6); fine, narrow-leaved rhizomatous grass (B2Q3); Grass (B3Q1); Grass (B4Q1); Unknown (B4Q6); Unknown (B4Q7)",
30-Jul-2000,Toolik Tussock 1981 plots,NP,Graminoid,Other Graminoids (Note species in comments),sheath,new above,0,0,0,0,0,0.334,0,.,0,0,0.31,0.000,0.000,0.000,0.000,.,0.000,0.000,0.000,0.000,0.000,0.000,0.000,.,0.011,0.000,0.000,0.000,0.000,0.026,0.000,.,0.024,0.016,28.000,0,0,0,0,0,8.35,0,0,0,7.75,0,0,0,0,0,0,0,0,0,0,0,0.275,0,0,0,0,0.65,0,0.608,0.398,28,"Calmagrostis (B1Q6); fine, narrow-leaved rhizomatous grass (B2Q3); Grass (B3Q1); Grass (B4Q1); Unknown (B4Q6); Unknown (B4Q7)",
30-Jul-2000,Toolik Tussock 1981 plots,NP,Graminoid,Other Graminoids (Note species in comments),inflor/culm,new above,0,0,0,0,0,0,0,.,0,0,0,0.000,0.000,0.000,0.000,.,0.000,0.000,0.000,0.000,0.000,0.000,0.000,.,0.000,0.000,0.000,0.000,0.000,0.000,0.000,.,0.000,0.000,28.000,0,0,0,0,0,0,0,0,0,0,0,0,0,0,0,0,0,0,0,0,0,0,0,0,0,0,0,0,0.000,0.000,28,"Calmagrostis (B1Q6); fine, narrow-leaved rhizomatous grass (B2Q3); Grass (B3Q1); Grass (B4Q1); Unknown (B4Q6); Unknown (B4Q7)",
30-Jul-2000,Toolik Tussock 1981 plots,NP,Graminoid,Other Graminoids (Note species in comments),rhizome,below,0,0,0,0,0,6.355,0,.,0,0,11.163,0.000,0.000,0.000,0.000,.,0.015,0.000,0.000,0.000,0.000,0.000,0.000,.,0.073,0.000,0.000,0.000,0.000,0.701,0.000,.,0.654,0.451,28.000,0,0,0,0,0,158.875,0,0,0,279.075,0,0,0,0,0.375,0,0,0,0,0,0,1.825,0,0,0,0,17.525,0,16.346,11.266,28,"Calmagrostis (B1Q6); fine, narrow-leaved rhizomatous grass (B2Q3); Grass (B3Q1); Grass (B4Q1); Unknown (B4Q6); Unknown (B4Q7)",
30-Jul-2000,Toolik Tussock 1981 plots,NP,Deciduous,Betula nana,new leaves,new above,3.969,2.305,10.108,5.965,7.242,0.892,5.759,.,4.823,2.437,2.941,6.093,6.167,2.928,4.098,.,5.533,6.969,10.190,5.176,5.931,7.273,4.655,.,5.404,7.540,5.893,3.110,5.485,5.657,4.695,.,5.330,0.402,28.000,99.225,57.625,252.7,149.125,181.05,22.3,143.975,120.575,60.925,73.525,152.325,154.175,73.2,102.45,138.325,174.225,254.75,129.4,148.275,181.825,116.375,135.1,188.5,147.325,77.75,137.125,141.425,117.375,133.248,10.056,28,,
30-Jul-2000,Toolik Tussock 1981 plots,NP,Deciduous,Betula nana,new stems,new above,1.116,1.014,1.45,1.227,1.705,0.304,2.195,.,0.835,0.648,1.077,1.612,1.508,0.775,0.909,.,1.544,1.616,3.014,1.618,1.677,2.170,0.734,.,0.956,2.441,1.983,0.870,1.018,1.174,0.989,.,1.364,0.115,28.000,27.9,25.35,36.25,30.675,42.625,7.6,54.875,20.875,16.2,26.925,40.3,37.7,19.375,22.725,38.6,40.4,75.35,40.45,41.925,54.25,18.35,23.9,61.025,49.575,21.75,25.45,29.35,24.725,34.088,2.865,28,,
30-Jul-2000,Toolik Tussock 1981 plots,NP,Deciduous,Betula nana,old stems,old above,21.081,3.6,20.445,53.488,25.745,3.62,27.4,.,39.796,11.07,3.683,12.644,17.804,8.167,19.774,.,7.669,20.154,43.144,39.157,26.326,30.156,23.190,.,26.268,22.259,27.335,34.050,36.700,21.400,36.047,.,23.649,2.400,28.000,527.025,90,511.125,1337.2,643.625,90.5,685,994.9,276.75,92.075,316.1,445.1,204.175,494.35,191.725,503.85,1078.6,978.925,658.15,753.9,579.75,656.7,556.475,683.375,851.25,917.5,535,901.175,591.225,59.995,28,,
30-Jul-2000,Toolik Tussock 1981 plots,NP,Deciduous,Betula nana,inflorescence,new above,0.245,0.015,0.051,0.238,0,0.000,0.257,.,0.177,0.013,0,0,0.046,0.032,0.036,.,0.000,0.070,2.684,0.000,0.102,0.024,0.000,.,0.078,0.136,0.078,0.106,0.066,0.389,0.016,.,0.174,0.095,28.000,6.125,0.375,1.275,5.95,0,0,6.425,4.425,0.325,0,0,1.15,0.8,0.9,0,1.75,67.1,0,2.55,0.6,0,1.95,3.4,1.95,2.65,1.65,9.725,0.4,4.338,2.370,28,,
30-Jul-2000,Toolik Tussock 1981 plots,NP,Deciduous,Betula nana,below stems,below,44.303,0,25.684,13.445,59.655,4.355,23.503,.,36.717,0,0,0,27.148,0.000,10.088,.,0.000,34.674,4.558,39.116,14.689,10.774,16.951,.,17.359,6.304,14.945,26.295,12.163,47.910,26.433,.,18.467,3.116,28.000,1107.575,0,642.1,336.125,1491.375,108.875,587.575,917.925,0,0,0,678.7,0,252.2,0,866.85,113.95,977.9,367.225,269.35,423.775,433.975,157.6,373.625,657.375,304.075,1197.75,660.825,461.669,77.908,28,,
30-Jul-2000,Toolik Tussock 1981 plots,NP,Deciduous,Salix pulchra,new leaves,new above,0,0,0,0,0,0,0,.,0,0,0,0,0.000,0.000,0.000,.,0.000,0.000,0.028,0.090,0.000,0.000,0.000,.,0.000,0.000,0.000,0.000,0.000,0.000,0.000,.,0.004,0.003,28.000,0,0,0,0,0,0,0,0,0,0,0,0,0,0,0,0,0.7,2.25,0,0,0,0,0,0,0,0,0,0,0.105,0.083,28,,
30-Jul-2000,Toolik Tussock 1981 plots,NP,Deciduous,Salix pulchra,new stems,new above,0,0,0,0,0,0,0,.,0,0,0,0,0.000,0.000,0.000,.,0.000,0.000,0.040,0.032,0.000,0.000,0.000,.,0.000,0.000,0.000,0.000,0.000,0.000,0.000,.,0.003,0.002,28.000,0,0,0,0,0,0,0,0,0,0,0,0,0,0,0,0,1,0.8,0,0,0,0,0,0,0,0,0,0,0.064,0.045,28,,
30-Jul-2000,Toolik Tussock 1981 plots,NP,Deciduous,Salix pulchra,old stems,old above,0,0,0,0,0,0,0,.,0,0,0,0,0.000,0.000,0.000,.,0.000,0.000,0.000,4.547,0.000,0.000,0.000,.,0.000,0.000,0.000,0.000,0.000,0.000,0.000,.,0.162,0.162,28.000,0,0,0,0,0,0,0,0,0,0,0,0,0,0,0,0,0,113.675,0,0,0,0,0,0,0,0,0,0,4.060,4.060,28,,
30-Jul-2000,Toolik Tussock 1981 plots,NP,Deciduous,Salix pulchra,inflorescence,new above,0,0,0,0,0,0,0,.,0,0,0,0,0.000,0.000,0.000,.,0.000,0.000,0.000,0.000,0.000,0.000,0.000,.,0.000,0.000,0.000,0.000,0.000,0.000,0.000,.,0.000,0.000,28.000,0,0,0,0,0,0,0,0,0,0,0,0,0,0,0,0,0,0,0,0,0,0,0,0,0,0,0,0,0.000,0.000,28,,
30-Jul-2000,Toolik Tussock 1981 plots,NP,Deciduous,Salix pulchra,below stems,below,0,0,0,0,0,0,0,.,0,0,0,0,0.000,0.000,0.000,.,0.000,0.000,28.040,0.000,0.000,0.000,0.000,.,0.000,0.000,0.000,0.000,0.000,0.000,0.000,.,1.001,1.001,28.000,0,0,0,0,0,0,0,0,0,0,0,0,0,0,0,0,701,0,0,0,0,0,0,0,0,0,0,0,25.036,25.036,28,,
30-Jul-2000,Toolik Tussock 1981 plots,NP,Deciduous,Salix reticulata,new leaves,new above,0,0,0,0,0,0,0,.,0,0,0,0,0.000,0.000,0.000,.,0.000,0.000,0.000,0.000,0.000,0.000,0.000,.,0.000,0.000,0.000,0.000,0.000,0.000,0.000,.,0.000,0.000,28.000,0,0,0,0,0,0,0,0,0,0,0,0,0,0,0,0,0,0,0,0,0,0,0,0,0,0,0,0,0.000,0.000,28,,
30-Jul-2000,Toolik Tussock 1981 plots,NP,Deciduous,Salix reticulata,new stems,new above,0,0,0,0,0,0,0,.,0,0,0,0,0.000,0.000,0.000,.,0.000,0.000,0.000,0.000,0.000,0.000,0.000,.,0.000,0.000,0.000,0.000,0.000,0.000,0.000,.,0.000,0.000,28.000,0,0,0,0,0,0,0,0,0,0,0,0,0,0,0,0,0,0,0,0,0,0,0,0,0,0,0,0,0.000,0.000,28,,
30-Jul-2000,Toolik Tussock 1981 plots,NP,Deciduous,Salix reticulata,old stems,old above,0,0,0,0,0,0,0,.,0,0,0,0,0.000,0.000,0.000,.,0.000,0.000,0.000,0.000,0.000,0.000,0.000,.,0.000,0.000,0.000,0.000,0.000,0.000,0.000,.,0.000,0.000,28.000,0,0,0,0,0,0,0,0,0,0,0,0,0,0,0,0,0,0,0,0,0,0,0,0,0,0,0,0,0.000,0.000,28,,
30-Jul-2000,Toolik Tussock 1981 plots,NP,Deciduous,Salix reticulata,inflorescence,new above,0,0,0,0,0,0,0,.,0,0,0,0,0.000,0.000,0.000,.,0.000,0.000,0.000,0.000,0.000,0.000,0.000,.,0.000,0.000,0.000,0.000,0.000,0.000,0.000,.,0.000,0.000,28.000,0,0,0,0,0,0,0,0,0,0,0,0,0,0,0,0,0,0,0,0,0,0,0,0,0,0,0,0,0.000,0.000,28,,
30-Jul-2000,Toolik Tussock 1981 plots,NP,Deciduous,Salix reticulata,below stems,below,0,0,0,0,0,0,0,.,0,0,0,0,0.000,0.000,0.000,.,0.000,0.000,0.000,0.000,0.000,0.000,0.000,.,0.000,0.000,0.000,0.000,0.000,0.000,0.000,.,0.000,0.000,28.000,0,0,0,0,0,0,0,0,0,0,0,0,0,0,0,0,0,0,0,0,0,0,0,0,0,0,0,0,0.000,0.000,28,,
30-Jul-2000,Toolik Tussock 1981 plots,NP,Deciduous,Vaccinium uliginosum,new leaves,new above,0,0,0,0,0,0,0,.,0,0,0,0,0.000,0.000,0.000,.,0.000,0.000,0.000,0.000,0.000,0.000,0.000,.,0.000,0.000,0.000,0.000,0.000,0.000,0.000,.,0.000,0.000,28.000,0,0,0,0,0,0,0,0,0,0,0,0,0,0,0,0,0,0,0,0,0,0,0,0,0,0,0,0,0.000,0.000,28,,
30-Jul-2000,Toolik Tussock 1981 plots,NP,Deciduous,Vaccinium uliginosum,new stems,new above,0,0,0,0,0,0,0,.,0,0,0,0,0.000,0.000,0.000,.,0.000,0.000,0.000,0.000,0.000,0.000,0.000,.,0.000,0.000,0.000,0.000,0.000,0.000,0.000,.,0.000,0.000,28.000,0,0,0,0,0,0,0,0,0,0,0,0,0,0,0,0,0,0,0,0,0,0,0,0,0,0,0,0,0.000,0.000,28,,
30-Jul-2000,Toolik Tussock 1981 plots,NP,Deciduous,Vaccinium uliginosum,old stems,old above,0,0,0,0,0,0,0,.,0,0,0,0,0.000,0.000,0.000,.,0.000,0.000,0.000,0.000,0.000,0.000,0.000,.,0.000,0.000,0.000,0.000,0.000,0.000,0.000,.,0.000,0.000,28.000,0,0,0,0,0,0,0,0,0,0,0,0,0,0,0,0,0,0,0,0,0,0,0,0,0,0,0,0,0.000,0.000,28,,
30-Jul-2000,Toolik Tussock 1981 plots,NP,Deciduous,Vaccinium uliginosum,inflorescence,new above,0,0,0,0,0,0,0,.,0,0,0,0,0.000,0.000,0.000,.,0.000,0.000,0.000,0.000,0.000,0.000,0.000,.,0.000,0.000,0.000,0.000,0.000,0.000,0.000,.,0.000,0.000,28.000,0,0,0,0,0,0,0,0,0,0,0,0,0,0,0,0,0,0,0,0,0,0,0,0,0,0,0,0,0.000,0.000,28,,
30-Jul-2000,Toolik Tussock 1981 plots,NP,Deciduous,Vaccinium uliginosum,below stems,below,0,0,0,0,0,0,0,.,0,0,0,0,0.000,0.000,0.000,.,0.000,0.000,0.000,0.000,0.000,0.000,0.000,.,0.000,0.000,0.000,0.000,0.000,0.000,0.000,.,0.000,0.000,28.000,0,0,0,0,0,0,0,0,0,0,0,0,0,0,0,0,0,0,0,0,0,0,0,0,0,0,0,0,0.000,0.000,28,,
30-Jul-2000,Toolik Tussock 1981 plots,NP,Deciduous,Rubus chamaemorus,new leaves,new above,3.212,0.535,0,0,0,0,2.09,.,0.9,0.243,0.377,0.545,0.772,0.742,0.599,.,3.688,0.741,0.372,2.603,1.962,2.200,1.717,.,0.000,0.534,0.758,0.990,0.155,0.000,4.475,.,1.079,0.229,28.000,80.3,13.375,0,0,0,0,52.25,22.5,6.075,9.425,13.625,19.3,18.55,14.975,92.2,18.525,9.3,65.075,49.05,55,42.925,0,13.35,18.95,24.75,3.875,0,111.875,26.973,5.735,28,,
30-Jul-2000,Toolik Tussock 1981 plots,NP,Deciduous,Rubus chamaemorus,new stems,new above,0.457,0.133,0,0,0,0,0.09,.,0.237,0.09,0.165,0.256,0.254,0.288,0.086,.,0.650,0.315,0.054,0.486,0.494,0.391,0.330,.,0.000,0.141,0.429,0.261,0.110,0.000,0.000,.,0.204,0.035,28.000,11.425,3.325,0,0,0,0,2.25,5.925,2.25,4.125,6.4,6.35,7.2,2.15,16.25,7.875,1.35,12.15,12.35,9.775,8.25,0,3.525,10.725,6.525,2.75,0,0,5.104,0.877,28,,
30-Jul-2000,Toolik Tussock 1981 plots,NP,Deciduous,Rubus chamaemorus,old stems,old above,3.723,0.396,0,0,0,0,0.08,.,0,0,0,0.000,0.000,0.000,0.000,.,0.000,0.000,0.000,0.000,0.000,0.000,0.000,.,0.000,0.000,0.000,0.000,0.000,0.000,0.000,.,0.150,0.133,28.000,93.075,9.9,0,0,0,0,2,0,0,0,0,0,0,0,0,0,0,0,0,0,0,0,0,0,0,0,0,0,3.749,3.328,28,,
30-Jul-2000,Toolik Tussock 1981 plots,NP,Deciduous,Rubus chamaemorus,inflorescence,new above,0.01,0,0,0,0,0,0,.,0.006,0,0.007,0.000,0.000,0.021,0.000,.,0.101,0.000,0.000,0.025,0.011,0.000,0.000,.,0.000,0.000,0.000,0.000,0.000,0.000,0.000,.,0.006,0.004,28.000,0.25,0,0,0,0,0,0,0.15,0,0.175,0,0,0.525,0,2.525,0,0,0.625,0.275,0,0,0,0,0,0,0,0,0,0.162,0.093,28,,
30-Jul-2000,Toolik Tussock 1981 plots,NP,Deciduous,Rubus chamaemorus,below stems,below,0,0,0,0,0,0,2.735,.,1.96,1.116,3.57,0.862,0.617,1.888,0.425,.,6.591,2.749,0.683,3.136,7.144,8.599,2.398,.,0.000,2.171,3.916,1.773,0.607,0.000,11.419,.,2.299,0.549,28.000,0,0,0,0,0,0,68.375,49,27.9,89.25,21.55,15.425,47.2,10.625,164.775,68.725,17.075,78.4,178.6,214.975,59.95,0,54.275,97.9,44.325,15.175,0,285.475,57.463,13.736,28,,
30-Jul-2000,Toolik Tussock 1981 plots,NP,Deciduous,Dryas integrifolia,new leaves,new above,0,0,0,0,0,0,0,.,0,0,0,0.000,0.000,0.000,0.000,.,0.000,0.000,0.000,0.000,0.000,0.000,0.000,.,0.000,0.000,0.000,0.000,0.000,0.000,0.000,.,0.000,0.000,28.000,0,0,0,0,0,0,0,0,0,0,0,0,0,0,0,0,0,0,0,0,0,0,0,0,0,0,0,0,0.000,0.000,28,,
30-Jul-2000,Toolik Tussock 1981 plots,NP,Deciduous,Dryas integrifolia,new stems,new above,0,0,0,0,0,0,0,.,0,0,0,0.000,0.000,0.000,0.000,.,0.000,0.000,0.000,0.000,0.000,0.000,0.000,.,0.000,0.000,0.000,0.000,0.000,0.000,0.000,.,0.000,0.000,28.000,0,0,0,0,0,0,0,0,0,0,0,0,0,0,0,0,0,0,0,0,0,0,0,0,0,0,0,0,0.000,0.000,28,,
30-Jul-2000,Toolik Tussock 1981 plots,NP,Deciduous,Dryas integrifolia,old stems,old above,0,0,0,0,0,0,0,.,0,0,0,0.000,0.000,0.000,0.000,.,0.000,0.000,0.000,0.000,0.000,0.000,0.000,.,0.000,0.000,0.000,0.000,0.000,0.000,0.000,.,0.000,0.000,28.000,0,0,0,0,0,0,0,0,0,0,0,0,0,0,0,0,0,0,0,0,0,0,0,0,0,0,0,0,0.000,0.000,28,,
30-Jul-2000,Toolik Tussock 1981 plots,NP,Deciduous,Dryas integrifolia,inflorescence,new above,0,0,0,0,0,0,0,.,0,0,0,0.000,0.000,0.000,0.000,.,0.000,0.000,0.000,0.000,0.000,0.000,0.000,.,0.000,0.000,0.000,0.000,0.000,0.000,0.000,.,0.000,0.000,28.000,0,0,0,0,0,0,0,0,0,0,0,0,0,0,0,0,0,0,0,0,0,0,0,0,0,0,0,0,0.000,0.000,28,,
30-Jul-2000,Toolik Tussock 1981 plots,NP,Deciduous,Dryas integrifolia,below stems,below,0,0,0,0,0,0,0,.,0,0,0,0.000,0.000,0.000,0.000,.,0.000,0.000,0.000,0.000,0.000,0.000,0.000,.,0.000,0.000,0.000,0.000,0.000,0.000,0.000,.,0.000,0.000,28.000,0,0,0,0,0,0,0,0,0,0,0,0,0,0,0,0,0,0,0,0,0,0,0,0,0,0,0,0,0.000,0.000,28,,
30-Jul-2000,Toolik Tussock 1981 plots,NP,Deciduous,Other Deciduous (Note species in comments),new leaves,new above,0,0,0,0,0,0,0,.,0,0,0,0.000,0.000,0.000,0.000,.,0.000,0.000,0.000,0.000,0.000,0.000,0.000,.,0.000,0.000,0.000,0.000,0.000,0.000,0.000,.,0.000,0.000,28.000,0,0,0,0,0,0,0,0,0,0,0,0,0,0,0,0,0,0,0,0,0,0,0,0,0,0,0,0,0.000,0.000,28,,
30-Jul-2000,Toolik Tussock 1981 plots,NP,Deciduous,Other Deciduous (Note species in comments),new stems,new above,0,0,0,0,0,0,0,.,0,0,0,0.000,0.000,0.000,0.000,.,0.000,0.000,0.000,0.000,0.000,0.000,0.000,.,0.000,0.000,0.000,0.000,0.000,0.000,0.000,.,0.000,0.000,28.000,0,0,0,0,0,0,0,0,0,0,0,0,0,0,0,0,0,0,0,0,0,0,0,0,0,0,0,0,0.000,0.000,28,,
30-Jul-2000,Toolik Tussock 1981 plots,NP,Deciduous,Other Deciduous (Note species in comments),old stems,old above,0,0,0,0,0,0,0,.,0,0,0,0.000,0.000,0.000,0.000,.,0.000,0.000,0.000,0.000,0.000,0.000,0.000,.,0.000,0.000,0.000,0.000,0.000,0.000,0.000,.,0.000,0.000,28.000,0,0,0,0,0,0,0,0,0,0,0,0,0,0,0,0,0,0,0,0,0,0,0,0,0,0,0,0,0.000,0.000,28,,
30-Jul-2000,Toolik Tussock 1981 plots,NP,Deciduous,Other Deciduous (Note species in comments),inflorescence,new above,0,0,0,0,0,0,0,.,0,0,0,0.000,0.000,0.000,0.000,.,0.000,0.000,0.000,0.000,0.000,0.000,0.000,.,0.000,0.000,0.000,0.000,0.000,0.000,0.000,.,0.000,0.000,28.000,0,0,0,0,0,0,0,0,0,0,0,0,0,0,0,0,0,0,0,0,0,0,0,0,0,0,0,0,0.000,0.000,28,,
30-Jul-2000,Toolik Tussock 1981 plots,NP,Deciduous,Other Deciduous (Note species in comments),below stems,below,0,0,0,0,0,0,0,.,0,0,0,0.000,0.000,0.000,0.000,.,0.000,0.000,0.000,0.000,0.000,0.000,0.000,.,0.000,0.000,0.000,0.000,0.000,0.000,0.000,.,0.000,0.000,28.000,0,0,0,0,0,0,0,0,0,0,0,0,0,0,0,0,0,0,0,0,0,0,0,0,0,0,0,0,0.000,0.000,28,,
30-Jul-2000,Toolik Tussock 1981 plots,NP,Evergreen,Ledum palustre,new leaves,new above,0.211,0,0.497,0.089,0,0,0,.,0.301,0,0,0.000,0.132,0.000,0.000,.,0.000,0.000,0.000,0.000,0.528,0.000,0.040,.,0.071,0.000,0.000,0.075,0.000,0.000,0.000,.,0.069,0.027,28.000,5.275,0,12.425,2.225,0,0,0,7.525,0,0,0,3.3,0,0,0,0,0,0,13.2,0,1,1.775,0,0,1.875,0,0,0,1.736,0.683,28,,
30-Jul-2000,Toolik Tussock 1981 plots,NP,Evergreen,Ledum palustre,new stems,new above,0.06,0,0.253,0.038,0,0,0,.,0.092,0,0,0.000,0.019,0.000,0.000,.,0.000,0.000,0.000,0.000,0.175,0.000,0.012,.,0.025,0.000,0.000,0.022,0.000,0.000,0.000,.,0.025,0.011,28.000,1.5,0,6.325,0.95,0,0,0,2.3,0,0,0,0.475,0,0,0,0,0,0,4.375,0,0.3,0.625,0,0,0.55,0,0,0,0.621,0.276,28,,
30-Jul-2000,Toolik Tussock 1981 plots,NP,Evergreen,Ledum palustre,old leaves,old above,0.22,0,0.665,0.086,0,0,0,.,0.38,0,0,0.000,0.035,0.000,0.000,.,0.000,0.000,0.000,0.000,0.521,0.000,0.026,.,0.130,0.000,0.000,0.072,0.000,0.000,0.000,.,0.076,0.032,28.000,5.5,0,16.625,2.15,0,0,0,9.5,0,0,0,0.875,0,0,0,0,0,0,13.025,0,0.65,3.25,0,0,1.8,0,0,0,1.906,0.800,28,,
30-Jul-2000,Toolik Tussock 1981 plots,NP,Evergreen,Ledum palustre,old stems,old above,0.134,0,0.534,0.3589,0,0,0,.,0.616,0,0,0.000,0.078,0.000,0.000,.,0.000,0.000,0.000,0.000,1.719,0.000,0.057,.,0.119,0.000,0.000,0.035,0.000,0.000,0.000,.,0.130,0.066,28.000,3.35,0,13.35,8.9725,0,0,0,15.4,0,0,0,1.95,0,0,0,0,0,0,42.975,0,1.425,2.975,0,0,0.875,0,0,0,3.260,1.655,28,,
30-Jul-2000,Toolik Tussock 1981 plots,NP,Evergreen,Ledum palustre,inflorescence,new above,0,0,0.051,0,0,0,0,.,0,0,0,0.000,0.000,0.000,0.000,.,0.000,0.000,0.000,0.000,0.000,0.000,0.000,.,0.000,0.000,0.000,0.000,0.000,0.000,0.000,.,0.002,0.002,28.000,0,0,1.275,0,0,0,0,0,0,0,0,0,0,0,0,0,0,0,0,0,0,0,0,0,0,0,0,0,0.046,0.046,28,,
30-Jul-2000,Toolik Tussock 1981 plots,NP,Evergreen,Ledum palustre,below stems,below,0,0,0.605,0.258,0,0.092,0,.,9.125,0,0,0.000,0.000,0.000,0.000,.,0.345,0.000,0.000,0.000,0.352,0.000,0.000,.,0.000,0.000,0.000,0.000,0.000,0.000,0.000,.,0.385,0.325,28.000,0,0,15.125,6.45,0,2.3,0,228.125,0,0,0,0,0,0,8.625,0,0,0,8.8,0,0,0,0,0,0,0,0,0,9.622,8.122,28,,
30-Jul-2000,Toolik Tussock 1981 plots,NP,Evergreen,Vaccinium vitis-idaea,new leaves,new above,0,0,0,0,0,0,0,.,0,0,0,0.000,0.000,0.000,0.000,.,0.000,0.000,0.000,0.000,0.000,0.000,0.000,.,0.000,0.000,0.000,0.051,0.000,0.000,0.000,.,0.002,0.002,28.000,0,0,0,0,0,0,0,0,0,0,0,0,0,0,0,0,0,0,0,0,0,0,0,0,1.275,0,0,0,0.046,0.046,28,,
30-Jul-2000,Toolik Tussock 1981 plots,NP,Evergreen,Vaccinium vitis-idaea,new stems,new above,0,0,0,0,0,0,0,.,0,0,0,0.000,0.000,0.000,0.000,.,0.000,0.000,0.000,0.000,0.000,0.000,0.000,.,0.000,0.000,0.000,0.025,0.000,0.000,0.000,.,0.001,0.001,28.000,0,0,0,0,0,0,0,0,0,0,0,0,0,0,0,0,0,0,0,0,0,0,0,0,0.625,0,0,0,0.022,0.022,28,,
30-Jul-2000,Toolik Tussock 1981 plots,NP,Evergreen,Vaccinium vitis-idaea,old leaves,old above,0,0,0,0,0,0,0,.,0,0,0,0.000,0.000,0.000,0.000,.,0.000,0.000,0.000,0.000,0.000,0.000,0.000,.,0.000,0.000,0.000,0.143,0.000,0.000,0.000,.,0.005,0.005,28.000,0,0,0,0,0,0,0,0,0,0,0,0,0,0,0,0,0,0,0,0,0,0,0,0,3.575,0,0,0,0.128,0.128,28,,
30-Jul-2000,Toolik Tussock 1981 plots,NP,Evergreen,Vaccinium vitis-idaea,old stems,old above,0,0,0,0,0,0,0,.,0,0,0,0.000,0.000,0.000,0.000,.,0.000,0.000,0.000,0.000,0.000,0.000,0.000,.,0.000,0.000,0.000,0.130,0.000,0.000,0.000,.,0.005,0.005,28.000,0,0,0,0,0,0,0,0,0,0,0,0,0,0,0,0,0,0,0,0,0,0,0,0,3.25,0,0,0,0.116,0.116,28,,
30-Jul-2000,Toolik Tussock 1981 plots,NP,Evergreen,Vaccinium vitis-idaea,inflorescence,new above,0,0,0,0,0,0,0,.,0,0,0,0.000,0.000,0.000,0.000,.,0.000,0.000,0.000,0.000,0.000,0.000,0.000,.,0.000,0.000,0.000,0.000,0.000,0.000,0.000,.,0.000,0.000,28.000,0,0,0,0,0,0,0,0,0,0,0,0,0,0,0,0,0,0,0,0,0,0,0,0,0,0,0,0,0.000,0.000,28,,
30-Jul-2000,Toolik Tussock 1981 plots,NP,Evergreen,Vaccinium vitis-idaea,below stems,below,0,0,0,0,0,0,0,.,0,0,0,0.000,0.000,0.000,0.000,.,0.000,0.000,0.000,0.000,0.000,0.000,0.000,.,0.000,0.000,0.000,0.064,0.000,0.000,0.000,.,0.002,0.002,28.000,0,0,0,0,0,0,0,0,0,0,0,0,0,0,0,0,0,0,0,0,0,0,0,0,1.6,0,0,0,0.057,0.057,28,,
30-Jul-2000,Toolik Tussock 1981 plots,NP,Evergreen,Cassiope tetragona,new leaves,new above,0,0,0,0,0,0,0,.,0,0,0,0.000,0.000,0.000,0.000,.,0.000,0.000,0.000,0.000,0.000,0.000,0.000,.,0.000,0.000,0.000,0.000,0.000,0.000,0.000,.,0.000,0.000,28.000,0,0,0,0,0,0,0,0,0,0,0,0,0,0,0,0,0,0,0,0,0,0,0,0,0,0,0,0,0.000,0.000,28,,
30-Jul-2000,Toolik Tussock 1981 plots,NP,Evergreen,Cassiope tetragona,new stems,new above,0,0,0,0,0,0,0,.,0,0,0,0.000,0.000,0.000,0.000,.,0.000,0.000,0.000,0.000,0.000,0.000,0.000,.,0.000,0.000,0.000,0.000,0.000,0.000,0.000,.,0.000,0.000,28.000,0,0,0,0,0,0,0,0,0,0,0,0,0,0,0,0,0,0,0,0,0,0,0,0,0,0,0,0,0.000,0.000,28,,
30-Jul-2000,Toolik Tussock 1981 plots,NP,Evergreen,Cassiope tetragona,old leaves,old above,0,0,0,0,0,0,0,.,0,0,0,0.000,0.000,0.000,0.000,.,0.000,0.000,0.000,0.000,0.000,0.000,0.000,.,0.000,0.000,0.000,0.000,0.000,0.000,0.000,.,0.000,0.000,28.000,0,0,0,0,0,0,0,0,0,0,0,0,0,0,0,0,0,0,0,0,0,0,0,0,0,0,0,0,0.000,0.000,28,,
30-Jul-2000,Toolik Tussock 1981 plots,NP,Evergreen,Cassiope tetragona,old stems,old above,0,0,0,0,0,0,0,.,0,0,0,0.000,0.000,0.000,0.000,.,0.000,0.000,0.000,0.000,0.000,0.000,0.000,.,0.000,0.000,0.000,0.000,0.000,0.000,0.000,.,0.000,0.000,28.000,0,0,0,0,0,0,0,0,0,0,0,0,0,0,0,0,0,0,0,0,0,0,0,0,0,0,0,0,0.000,0.000,28,,
30-Jul-2000,Toolik Tussock 1981 plots,NP,Evergreen,Cassiope tetragona,inflorescence,new above,0,0,0,0,0,0,0,.,0,0,0,0.000,0.000,0.000,0.000,.,0.000,0.000,0.000,0.000,0.000,0.000,0.000,.,0.000,0.000,0.000,0.000,0.000,0.000,0.000,.,0.000,0.000,28.000,0,0,0,0,0,0,0,0,0,0,0,0,0,0,0,0,0,0,0,0,0,0,0,0,0,0,0,0,0.000,0.000,28,,
30-Jul-2000,Toolik Tussock 1981 plots,NP,Evergreen,Cassiope tetragona,below stems,below,0,0,0,0,0,0,0,.,0,0,0,0.000,0.000,0.000,0.000,.,0.000,0.000,0.000,0.000,0.000,0.000,0.000,.,0.000,0.000,0.000,0.000,0.000,0.000,0.000,.,0.000,0.000,28.000,0,0,0,0,0,0,0,0,0,0,0,0,0,0,0,0,0,0,0,0,0,0,0,0,0,0,0,0,0.000,0.000,28,,
30-Jul-2000,Toolik Tussock 1981 plots,NP,Evergreen,Andromeda polifolia,new leaves,new above,0,0,0,0,0,0,0,.,0,0,0,0.000,0.000,0.000,0.000,.,0.000,0.000,0.000,0.000,0.000,0.000,0.000,.,0.000,0.000,0.000,0.000,0.000,0.000,0.000,.,0.000,0.000,28.000,0,0,0,0,0,0,0,0,0,0,0,0,0,0,0,0,0,0,0,0,0,0,0,0,0,0,0,0,0.000,0.000,28,,
30-Jul-2000,Toolik Tussock 1981 plots,NP,Evergreen,Andromeda polifolia,new stems,new above,0,0,0,0,0,0,0,.,0,0,0,0.000,0.000,0.000,0.000,.,0.000,0.000,0.000,0.000,0.000,0.000,0.000,.,0.000,0.000,0.000,0.000,0.000,0.000,0.000,.,0.000,0.000,28.000,0,0,0,0,0,0,0,0,0,0,0,0,0,0,0,0,0,0,0,0,0,0,0,0,0,0,0,0,0.000,0.000,28,,
30-Jul-2000,Toolik Tussock 1981 plots,NP,Evergreen,Andromeda polifolia,old leaves,old above,0,0,0,0,0,0,0,.,0,0,0,0.000,0.000,0.000,0.000,.,0.000,0.000,0.000,0.000,0.000,0.000,0.000,.,0.000,0.000,0.000,0.000,0.000,0.000,0.000,.,0.000,0.000,28.000,0,0,0,0,0,0,0,0,0,0,0,0,0,0,0,0,0,0,0,0,0,0,0,0,0,0,0,0,0.000,0.000,28,,
30-Jul-2000,Toolik Tussock 1981 plots,NP,Evergreen,Andromeda polifolia,old stems,old above,0,0,0,0,0,0,0,.,0,0,0,0.000,0.000,0.000,0.000,.,0.000,0.000,0.000,0.000,0.000,0.000,0.000,.,0.000,0.000,0.000,0.000,0.000,0.000,0.000,.,0.000,0.000,28.000,0,0,0,0,0,0,0,0,0,0,0,0,0,0,0,0,0,0,0,0,0,0,0,0,0,0,0,0,0.000,0.000,28,,
30-Jul-2000,Toolik Tussock 1981 plots,NP,Evergreen,Andromeda polifolia,inflorescence,new above,0,0,0,0,0,0,0,.,0,0,0,0.000,0.000,0.000,0.000,.,0.000,0.000,0.000,0.000,0.000,0.000,0.000,.,0.000,0.000,0.000,0.000,0.000,0.000,0.000,.,0.000,0.000,28.000,0,0,0,0,0,0,0,0,0,0,0,0,0,0,0,0,0,0,0,0,0,0,0,0,0,0,0,0,0.000,0.000,28,,
30-Jul-2000,Toolik Tussock 1981 plots,NP,Evergreen,Andromeda polifolia,below stems,below,0,0,0,0,0,0,0,.,0,0,0,0.000,0.000,0.000,0.000,.,0.000,0.000,0.000,0.000,0.000,0.000,0.000,.,0.000,0.000,0.000,0.000,0.000,0.000,0.000,.,0.000,0.000,28.000,0,0,0,0,0,0,0,0,0,0,0,0,0,0,0,0,0,0,0,0,0,0,0,0,0,0,0,0,0.000,0.000,28,,
30-Jul-2000,Toolik Tussock 1981 plots,NP,Evergreen,Other Evergreen (Note species in comments),new leaves,new above,0,0,0,0,0,0,0,.,0,0,0,0.000,0.000,0.000,0.000,.,0.000,0.000,0.000,0.000,0.000,0.000,0.000,.,0.000,0.000,0.000,0.000,0.000,0.000,0.000,.,0.000,0.000,28.000,0,0,0,0,0,0,0,0,0,0,0,0,0,0,0,0,0,0,0,0,0,0,0,0,0,0,0,0,0.000,0.000,28,,
30-Jul-2000,Toolik Tussock 1981 plots,NP,Evergreen,Other Evergreen (Note species in comments),new stems,new above,0,0,0,0,0,0,0,.,0,0,0,0.000,0.000,0.000,0.000,.,0.000,0.000,0.000,0.000,0.000,0.000,0.000,.,0.000,0.000,0.000,0.000,0.000,0.000,0.000,.,0.000,0.000,28.000,0,0,0,0,0,0,0,0,0,0,0,0,0,0,0,0,0,0,0,0,0,0,0,0,0,0,0,0,0.000,0.000,28,,
30-Jul-2000,Toolik Tussock 1981 plots,NP,Evergreen,Other Evergreen (Note species in comments),old leaves,old above,0,0,0,0,0,0,0,.,0,0,0,0.000,0.000,0.000,0.000,.,0.000,0.000,0.000,0.000,0.000,0.000,0.000,.,0.000,0.000,0.000,0.000,0.000,0.000,0.000,.,0.000,0.000,28.000,0,0,0,0,0,0,0,0,0,0,0,0,0,0,0,0,0,0,0,0,0,0,0,0,0,0,0,0,0.000,0.000,28,,
30-Jul-2000,Toolik Tussock 1981 plots,NP,Evergreen,Other Evergreen (Note species in comments),old stems,old above,0,0,0,0,0,0,0,.,0,0,0,0.000,0.000,0.000,0.000,.,0.000,0.000,0.000,0.000,0.000,0.000,0.000,.,0.000,0.000,0.000,0.000,0.000,0.000,0.000,.,0.000,0.000,28.000,0,0,0,0,0,0,0,0,0,0,0,0,0,0,0,0,0,0,0,0,0,0,0,0,0,0,0,0,0.000,0.000,28,,
30-Jul-2000,Toolik Tussock 1981 plots,NP,Evergreen,Other Evergreen (Note species in comments),inflorescence,new above,0,0,0,0,0,0,0,.,0,0,0,0.000,0.000,0.000,0.000,.,0.000,0.000,0.000,0.000,0.000,0.000,0.000,.,0.000,0.000,0.000,0.000,0.000,0.000,0.000,.,0.000,0.000,28.000,0,0,0,0,0,0,0,0,0,0,0,0,0,0,0,0,0,0,0,0,0,0,0,0,0,0,0,0,0.000,0.000,28,,
30-Jul-2000,Toolik Tussock 1981 plots,NP,Evergreen,Other Evergreen (Note species in comments),below stems,below,0,0,0,0,0,0,0,.,0,0,0,0.000,0.000,0.000,0.000,.,0.000,0.000,0.000,0.000,0.000,0.000,0.000,.,0.000,0.000,0.000,0.000,0.000,0.000,0.000,.,0.000,0.000,28.000,0,0,0,0,0,0,0,0,0,0,0,0,0,0,0,0,0,0,0,0,0,0,0,0,0,0,0,0,0.000,0.000,28,,
30-Jul-2000,Toolik Tussock 1981 plots,NP,Forb,Polygonum bistorta,new above,new above,0,0,0,0,0,0,0,.,0,0,0,0.000,0.000,0.049,0.000,.,0.000,0.000,0.000,0.000,0.000,0.000,0.000,.,0.000,0.000,0.000,0.000,0.000,0.000,0.000,.,0.002,0.002,28.000,0,0,0,0,0,0,0,0,0,0,0,0,1.225,0,0,0,0,0,0,0,0,0,0,0,0,0,0,0,0.044,0.044,28,,
30-Jul-2000,Toolik Tussock 1981 plots,NP,Forb,Polygonum bistorta,Below,below,0,0,0,0,0,0,0,.,0,0,0.057,0.000,0.000,0.353,0.000,.,0.000,0.000,0.000,0.000,0.000,0.000,0.000,.,0.000,0.000,0.000,0.000,0.000,0.000,0.000,.,0.015,0.013,28.000,0,0,0,0,0,0,0,0,0,1.425,0,0,8.825,0,0,0,0,0,0,0,0,0,0,0,0,0,0,0,0.366,0.317,28,,
30-Jul-2000,Toolik Tussock 1981 plots,NP,Forb,Equisetum spp.,new above,new above,0,0,0,0,0,0,0,.,0,0,0,0.000,0.000,0.000,0.000,.,0.000,0.000,0.000,0.000,0.000,0.000,0.000,.,0.000,0.000,0.000,0.000,0.000,0.000,0.000,.,0.000,0.000,28.000,0,0,0,0,0,0,0,0,0,0,0,0,0,0,0,0,0,0,0,0,0,0,0,0,0,0,0,0,0.000,0.000,28,,
30-Jul-2000,Toolik Tussock 1981 plots,NP,Forb,Equisetum spp.,Below,below,0,0,0,0,0,0,0,.,0,0,0,0,0,0,0,.,0,0,0,0,0,0,0,.,0,0,0,0,0,0,0,.,0.000,0.000,28.000,0,0,0,0,0,0,0,0,0,0,0,0,0,0,0,0,0,0,0,0,0,0,0,0,0,0,0,0,0.000,0.000,28,,
30-Jul-2000,Toolik Tussock 1981 plots,NP,Forb,Other forbs (Note species in comments) ,new above,new above,0,0,0,0.000,0.024,0,0,.,0,0,0,0,0,0.02,0,.,0,0,0,0,0,0,0,.,0,0,0,0,0,0,0,.,0.002,0.001,28.000,0,0,0,0,0.6,0,0,0,0,0,0,0,0.5,0,0,0,0,0,0,0,0,0,0,0,0,0,0,0,0.039,0.027,28,Stelloria (B1Q5); Petasites? (B2Q6); Unknown (B3Q3),
30-Jul-2000,Toolik Tussock 1981 plots,NP,Forb,Other forbs (Note species in comments) ,Below,below,0,0,0,0,0,0,0,.,0,0,0,0,0,0,0,.,0,0,0.013,0,0,0,0,.,0,0,0,0,0,0,0,.,0.000,0.000,28.000,0,0,0,0,0,0,0,0,0,0,0,0,0,0,0,0,0.325,0,0,0,0,0,0,0,0,0,0,0,0.012,0.012,28,Stelloria (B1Q5); Petasites? (B2Q6); Unknown (B3Q3),
30-Jul-2000,Toolik Tussock 1981 plots,NP,Forb,Other forbs (Note species in comments) ,inflorescence,new above,0,0,0,0,0,0,0,.,0,0,0,0,0,0,0,.,0,0,0,0,0,0,0,.,0,0,0,0,0,0,0,.,0.000,0.000,28.000,0,0,0,0,0,0,0,0,0,0,0,0,0,0,0,0,0,0,0,0,0,0,0,0,0,0,0,0,0.000,0.000,28,Stelloria (B1Q5); Petasites? (B2Q6); Unknown (B3Q3),
30-Jul-2000,Toolik Tussock 1981 plots,NP,Bryophyte,Sphagnum spp.,live green,non-vascular,0,0,0,0,0,0,0,.,0,0,0,0,0,0,0,.,0,0,0,0,0,0,0,.,0,0,0,0,0,0,0,.,0.000,0.000,28.000,0,0,0,0,0,0,0,0,0,0,0,0,0,0,0,0,0,0,0,0,0,0,0,0,0,0,0,0,0.000,0.000,28,,
30-Jul-2000,Toolik Tussock 1981 plots,NP,Bryophyte,Tomenthypnum nitens,live green,non-vascular,0,0,0,0,0,0,0,.,0,0,0,0,0,0,0,.,0,0,0,0,0,0,0,.,0,0,0,0,0,0,0,.,0.000,0.000,28.000,0,0,0,0,0,0,0,0,0,0,0,0,0,0,0,0,0,0,0,0,0,0,0,0,0,0,0,0,0.000,0.000,28,,
30-Jul-2000,Toolik Tussock 1981 plots,NP,Bryophyte,Mosses spp.,live green,non-vascular,0,0,0.563,0,0,0,0,.,0,0,0,0,0,0,0,.,1.385,0.038,0.439,0,0.362,0.075,0.541,.,0.106,0.282,0,0,0.01,0,0.015,.,0.136,0.057,28.000,0,0,14.075,0,0,0,0,0,0,0,0,0,0,0,34.625,0.95,10.975,0,9.05,1.875,13.525,2.65,7.05,0,0,0.25,0,0.375,3.407,1.417,28,,
30-Jul-2000,Toolik Tussock 1981 plots,NP,Lichen,Lichens spp.,live,non-vascular,0,0,0,0,0,0,0,.,0,0,0,0,0,0,0,.,0,0,0.065,0,0,0,0,.,0,0,0,0,0.069,0,0,.,0.005,0.003,28.000,0,0,0,0,0,0,0,0,0,0,0,0,0,0,0,0,1.625,0,0,0,0,0,0,0,0,1.725,0,0,0.120,0.083,28,,
30-Jul-2000,Toolik Tussock 1981 plots,NP,Litter/Standing Dead,Wood litter,Litter,Litter,16.962,0.322,11.809,8.676,0,1.548,11.96,.,16.203,27.232,0.277,9.294,15.053,3.417,16.802,.,0.545,4.487,33.363,6.731,9.618,5.742,3.165,.,4.59,10.036,7.675,17.97,12.273,4.13,7.416,.,9.546,1.521,28.000,424.05,8.05,295.225,216.9,0,38.7,299,405.075,680.8,6.925,232.35,376.325,85.425,420.05,13.625,112.175,834.075,168.275,240.45,143.55,79.125,114.75,250.9,191.875,449.25,306.825,103.25,185.4,238.657,38.015,28,,
30-Jul-2000,Toolik Tussock 1981 plots,NP,Litter/Standing Dead,Leaf litter,Litter,Litter,0.51,6.465,0.174,0.593,0.722,7.341,0.189,.,19.391,1.092,4.375,1.667,0,2.46,28.403,.,0.232,0,0,0,0.209,0.02,0,.,0.081,1.053,0,0.699,0,7.103,0,.,2.956,1.215,28.000,12.75,161.625,4.35,14.825,18.05,183.525,4.725,484.775,27.3,109.375,41.675,0,61.5,710.075,5.8,0,0,0,5.225,0.5,0,2.025,26.325,0,17.475,0,177.575,0,73.910,30.378,28,,
30-Jul-2000,Toolik Tussock 1981 plots,NP,Litter/Standing Dead,Loose Litter,Litter,Litter,0,0,0,0,0,0,0,.,0,0,0,35.326,31.961,23.618,0,.,17.557,14.87,21.162,26.708,15.238,11.957,18.558,.,16.724,21.977,42.137,29.365,20.856,16.451,17.398,.,13.638,2.423,28.000,0,0,0,0,0,0,0,0,0,0,883.15,799.025,590.45,0,438.925,371.75,529.05,667.7,380.95,298.925,463.95,418.1,549.425,1053.425,734.125,521.4,411.275,434.95,340.949,60.574,28,,
30-Jul-2015,1981 Acidic Tussock,Control,Graminoids,Eriophorum vaginatum,blade,new above,0.961,0.341,0.368,0.025,0.793,0.738,0.67,0.109,0.069,0.376,0,0,0.119,0,0,0,0.292,1.207,0.049,0.594,1.204,0.646,1.344,0.582,0.277,0,0.02,0.084,0.16,0.188,0.003,0.011,0.351,0.072,32,,,,,,,,,,,,,,,,,,,,,,,,,,,,,8.773,1.790,,"B1Q3,Other mosses: Polytrichum,,",
30-Jul-2015,1981 Acidic Tussock,Control,Graminoids,Eriophorum vaginatum,sheath,new above,0.744,0.308,0.508,0.016,0.225,0.234,0.919,0.116,0.019,0.29,0,0,0.168,0,0,0,0.139,1.603,0.078,0.678,2.043,0.776,1.287,1.084,0.268,0,0.0001,0.023,0.203,0.198,0.003,0.014,0.373,0.092,32,,,,,,,,,,,,,,,,,,,,,,,,,,,,,9.331,2.292,,"B1Q4,Other forb: Pedicularis,Other mosses: Polytrichum,",
30-Jul-2015,1981 Acidic Tussock,Control,Graminoids,Eriophorum vaginatum,inflor/culm,new above,0,0,0,0,0,0,0,0,0,0,0,0,0,0,0,0,0.0001,0,0,0,0,0,0,0,0,0,0,0,0,0,0,0,0.000,0.000,32,,,,,,,,,,,,,,,,,,,,,,,,,,,,,0.000,0.000,,"B1Q5,Other forb: Pedicularis,Other mosses: Polytrichum,",
30-Jul-2015,1981 Acidic Tussock,Control,Graminoids,Eriophorum vaginatum,rhizome,below,1.606,0.559,0.693,0.001,3.735,0.507,3.675,0.298,0.034,0.381,0,0,0.965,0,0,0,0.226,6.476,0.055,1.686,4.141,1.919,2.456,2.166,0.669,0,0,0.937,0.306,0.484,0.034,0.048,1.064,0.273,32,,,,,,,,,,,,,,,,,,,,,,,,,,,,,26.607,6.830,,"B1Q6,Other graminoid: Grass,Other Evergreen: Empetrum,Other Forb: Pedicularis",
30-Jul-2015,1981 Acidic Tussock,Control,Graminoids,Carex bigelowii,blade,new above,0,0,0.524,0,0,0.551,0.277,0.349,0.161,0,0.069,0.117,0.184,0.373,0.893,1.342,0,0.265,0.183,0.076,0,0,0,0,0,0.83,0.218,0,0,0,0.267,0.184,0.214,0.056,32,,,,,,,,,,,,,,,,,,,,,,,,,,,,,5.362,1.391,,"B1Q7,Other graminoid: Grass,Other forbs: Stellaria + Pedicularis,",
30-Jul-2015,1981 Acidic Tussock,Control,Graminoids,Carex bigelowii,sheath,new above,0,0,0.168,0,0,0.701,0.129,0.119,0.143,0,0.004,0.038,0.089,0.237,0.256,1.082,0,0.046,0.107,0.04,0,0,0,0,0,0.531,0.992,0,0,0,0.064,3.69,0.264,0.121,32,,,,,,,,,,,,,,,,,,,,,,,,,,,,,6.591,3.028,,"B1Q8,Other forb: Pedicularis,,",
30-Jul-2015,1981 Acidic Tussock,Control,Graminoids,Carex bigelowii,inflor/culm,new above,0,0,0,0,0,0,0,0,0,0,0,0,0,0,0,0,0,0,0,0,0,0,0,0,0,0,0,0,0,0,0,0,0.000,0.000,32,,,,,,,,,,,,,,,,,,,,,,,,,,,,,0.000,0.000,,"B2Q1,Other Graminoids: Grass,,",
30-Jul-2015,1981 Acidic Tussock,Control,Graminoids,Carex bigelowii,rhizome,below,0,0,4.914,0,0,0.851,1.159,0.305,0.281,0,0.072,0.251,1.72,4.801,0.778,2.383,0.218,1.317,0.311,0.911,0,0,0,0,0,3.724,3.585,0,0,0,4.56,6.587,1.210,0.326,32,,,,,,,,,,,,,,,,,,,,,,,,,,,,,30.256,8.152,,"B2Q5,Other forbs: Pedicularis,,",
30-Jul-2015,1981 Acidic Tussock,Control,Graminoids,Calamagrostis holmii,blade,new above,0,0,0,0,0,0,0,0,0,0,0,0,0,0,0,0,0,0,0,0,0,0,0,0,0,0,0,0,0,0,0,0,0.000,0.000,32,,,,,,,,,,,,,,,,,,,,,,,,,,,,,0.000,0.000,,"B3Q1,Empetrum nigrum,,",
30-Jul-2015,1981 Acidic Tussock,Control,Graminoids,Calamagrostis holmii,sheath,new above,0,0,0,0,0,0,0,0,0,0,0,0,0,0,0,0,0,0,0,0,0,0,0,0,0,0,0,0,0,0,0,0,0.000,0.000,32,,,,,,,,,,,,,,,,,,,,,,,,,,,,,0.000,0.000,,"B3Q3,Pedicularis,,",
30-Jul-2015,1981 Acidic Tussock,Control,Graminoids,Calamagrostis holmii,inflor/culm,new above,0,0,0,0,0,0,0,0,0,0,0,0,0,0,0,0,0,0,0,0,0,0,0,0,0,0,0,0,0,0,0,0,0.000,0.000,32,,,,,,,,,,,,,,,,,,,,,,,,,,,,,0.000,0.000,,"B3Q4,Pedicularis,,",
30-Jul-2015,1981 Acidic Tussock,Control,Graminoids,Calamagrostis holmii,rhizome,below,0,0,0,0,0,0,0,0,0,0,0,0,0,0,0,0,0,0,0,0,0,0,0,0,0,0,0,0,0,0,0,0,0.000,0.000,32,,,,,,,,,,,,,,,,,,,,,,,,,,,,,0.000,0.000,,"B3Q7,Pedicularis,,",
30-Jul-2015,1981 Acidic Tussock,Control,Graminoids,E. angustifolium ssp. triste,blade,new above,0,0,0,0,0,0,0,0,0,0,0,0,0,0,0,0,0,0,0,0,0,0,0,0,0,0,0,0,0,0,0,0,0.000,0.000,32,,,,,,,,,,,,,,,,,,,,,,,,,,,,,0.000,0.000,,"B4Q2,Pedicularis,,",
30-Jul-2015,1981 Acidic Tussock,Control,Graminoids,E. angustifolium ssp. triste,sheath,new above,0,0,0,0,0,0,0,0,0,0,0,0,0,0,0,0,0,0,0,0,0,0,0,0,0,0,0,0,0,0,0,0,0.000,0.000,32,,,,,,,,,,,,,,,,,,,,,,,,,,,,,0.000,0.000,,"B4Q3,Pedicularis,Polytrichum,",
30-Jul-2015,1981 Acidic Tussock,Control,Graminoids,E. angustifolium ssp. triste,inflor/culm,new above,0,0,0,0,0,0,0,0,0,0,0,0,0,0,0,0,0,0,0,0,0,0,0,0,0,0,0,0,0,0,0,0,0.000,0.000,32,,,,,,,,,,,,,,,,,,,,,,,,,,,,,0.000,0.000,,"B4Q4,Other grass,,",
30-Jul-2015,1981 Acidic Tussock,Control,Graminoids,E. angustifolium ssp. triste,rhizome,below,0,0,0,0,0,0,0,0,0,0,0,0,0,0,0,0,0,0,0,0,0,0,0,0,0,0,0,0,0,0,0,0,0.000,0.000,32,,,,,,,,,,,,,,,,,,,,,,,,,,,,,0.000,0.000,,"B4Q5,Peltigera,Pedicularis,",
30-Jul-2015,1981 Acidic Tussock,Control,Graminoids,Other Graminoids (Note species in comments),blade,new above,0,0,0,0,0.029,0,0.194,0.213,0.244,0,0.013,0,0,0,0.117,0.239,0,0,0,0,0,0,0,0,0,0,0,0.002,0,0,0,0,0.033,0.013,32,,,,,,,,,,,,,,,,,,,,,,,,,,,,,0.821,0.337,,"B4Q6,Pedicularis,,",
30-Jul-2015,1981 Acidic Tussock,Control,Graminoids,Other Graminoids (Note species in comments),sheath,new above,0,0,0,0,0.001,0,0.042,0.047,0.157,0,0.0001,0,0,0,0.05,0.041,0,0,0,0,0,0,0,0,0,0,0,0.0001,0,0,0,0,0.011,0.005,32,,,,,,,,,,,,,,,,,,,,,,,,,,,,,0.264,0.136,,"B4Q7,Empetrum,Pedicularis,",
30-Jul-2015,1981 Acidic Tussock,Control,Graminoids,Other Graminoids (Note species in comments),inflor/culm,new above,0,0,0,0,0,0,0,0,0,0,0,0,0,0,0,0,0,0,0,0,0,0,0,0,0,0,0,0,0,0,0,0,0.000,0.000,32,,,,,,,,,,,,,,,,,,,,,,,,,,,,,0.000,0.000,,"B4Q8,Empetrum,,",
30-Jul-2015,1981 Acidic Tussock,Control,Graminoids,Other Graminoids (Note species in comments),rhizome,below,0,0,0,0,0.014,0.029,0.425,0.063,2.54,0,0.022,0,0,0,0.199,0.132,0,0,0,0,0,0,0,0,0,0,0,0.002,0,0,0,0,0.107,0.080,32,,,,,,,,,,,,,,,,,,,,,,,,,,,,,2.677,1.997,,,
30-Jul-2015,1981 Acidic Tussock,Control,Deciduous,Betula nana,new leaves,new above,2.238,2.476,1.095,0.83,2.638,1.254,0.671,0.252,0.623,0.205,1.093,1.137,1.972,0.684,3.196,1.263,0.895,0.028,0.279,0.452,0,0.813,0,0.021,2.025,1.718,0.825,1.945,1.398,0.607,0.934,0.371,1.061,0.148,32,,,,,,,,,,,,,,,,,,,,,,,,,,,,,26.514,3.702,,,
30-Jul-2015,1981 Acidic Tussock,Control,Deciduous,Betula nana,new stems,new above,0.84,0.732,0.382,0.382,0.207,0.63,0.171,0.065,0.216,0.028,0.359,0.67,0.682,0.234,0.982,0.482,0.205,0.011,0.054,0.094,0,0.099,0,0.007,0.33,0.678,0.27,0.942,0.39,0.213,0.307,0.118,0.337,0.051,32,,,,,,,,,,,,,,,,,,,,,,,,,,,,,8.422,1.284,,,
30-Jul-2015,1981 Acidic Tussock,Control,Deciduous,Betula nana,old stems,old above,10.701,9.29,3.367,4.002,0.224,4.393,3.643,1.873,2.755,0.275,6.188,8.419,6.872,7.261,20.283,5.987,3.641,0.276,3.317,0.628,0,5.172,0,0.177,10.105,5.195,6.672,11.036,2.156,1.091,2.948,1.819,4.680,0.773,32,,,,,,,,,,,,,,,,,,,,,,,,,,,,,117.005,19.315,,,
30-Jul-2015,1981 Acidic Tussock,Control,Deciduous,Betula nana,inflorescence,new above,0,0.101,0.008,0.015,0,0,0,0,0,0,0.011,0,0,0.049,0.015,0,0.037,0,0,0,0,0,0,0,0,0,0,0.127,0,0,0,0,0.011,0.005,32,,,,,,,,,,,,,,,,,,,,,,,,,,,,,0.284,0.129,,,
30-Jul-2015,1981 Acidic Tussock,Control,Deciduous,Betula nana,below stems,below,17.74,33.868,3.009,17.542,18.748,14.048,14.121,22.29,5.621,0,19.284,19.028,15.526,21.789,34.793,23.037,0,13.599,3.795,10.725,0,0.317,0,4.343,21.962,10.017,17.769,21.198,10.491,1.028,6.737,25.361,13.368,1.741,32,,,,,,,,,,,,,,,,,,,,,,,,,,,,,334.208,43.535,,,
30-Jul-2015,1981 Acidic Tussock,Control,Deciduous,Salix pulchra,new leaves,new above,0,0,0,0,0,0,0.195,0,0,0,0,0,0,0,0,0,0,0,0,0,0,0,0,0,0,0,0,0,0,0,0,0,0.006,0.006,32,,,,,,,,,,,,,,,,,,,,,,,,,,,,,0.152,0.152,,,
30-Jul-2015,1981 Acidic Tussock,Control,Deciduous,Salix pulchra,new stems,new above,0,0,0,0,0,0,0.036,0,0,0,0,0,0,0,0,0,0,0,0,0,0,0,0,0,0,0,0,0,0,0,0,0,0.001,0.001,32,,,,,,,,,,,,,,,,,,,,,,,,,,,,,0.028,0.028,,,
30-Jul-2015,1981 Acidic Tussock,Control,Deciduous,Salix pulchra,old stems,old above,0,0,0,0,0,0,0.99,0,0,0,0,0,0,0,0,0,0,0,0,0,0,0,0,0,0,0,0,0,0,0,0,0,0.031,0.031,32,,,,,,,,,,,,,,,,,,,,,,,,,,,,,0.773,0.773,,,
30-Jul-2015,1981 Acidic Tussock,Control,Deciduous,Salix pulchra,inflorescence,new above,0,0,0,0,0,0,0,0,0,0,0,0,0,0,0,0,0,0,0,0,0,0,0,0,0,0,0,0,0,0,0,0,0.000,0.000,32,,,,,,,,,,,,,,,,,,,,,,,,,,,,,0.000,0.000,,,
30-Jul-2015,1981 Acidic Tussock,Control,Deciduous,Salix pulchra,below stems,below,0,0,0,0,0,0,0,0,0,0,0,0,0,0,0,0,0,0,0,0,0,0,0,0,0,0,0,0,0,0,0,0,0.000,0.000,32,,,,,,,,,,,,,,,,,,,,,,,,,,,,,0.000,0.000,,,
30-Jul-2015,1981 Acidic Tussock,Control,Deciduous,Salix reticulata,new leaves,new above,0,0,0,0,0,0,0,0,0,0,0,0,0,0,0,0,0.362,0.116,1.554,0,0,1.034,0.854,0.424,0,0,0,0,0,0,0,0,0.136,0.063,32,,,,,,,,,,,,,,,,,,,,,,,,,,,,,3.394,1.577,,,
30-Jul-2015,1981 Acidic Tussock,Control,Deciduous,Salix reticulata,new stems,new above,0,0,0,0,0,0,0,0,0,0,0,0,0,0,0,0,0.096,0.016,0.36,0,0,0,0.181,0.06,0,0,0,0,0,0,0,0,0.022,0.013,32,,,,,,,,,,,,,,,,,,,,,,,,,,,,,0.557,0.317,,,
30-Jul-2015,1981 Acidic Tussock,Control,Deciduous,Salix reticulata,old stems,old above,0,0,0,0,0,0,0,0,0,0,0,0,0,0,0,0,0.112,0.016,1.271,0,0,2.686,1.206,0.641,0,0,0,0,0,0,0,0,0.185,0.098,32,,,,,,,,,,,,,,,,,,,,,,,,,,,,,4.634,2.460,,,
30-Jul-2015,1981 Acidic Tussock,Control,Deciduous,Salix reticulata,inflorescence,new above,0,0,0,0,0,0,0,0,0,0,0,0,0,0,0,0,0,0,0.183,0,0,0.193,0.057,0,0,0,0,0,0,0,0,0,0.014,0.008,32,,,,,,,,,,,,,,,,,,,,,,,,,,,,,0.338,0.207,,,
30-Jul-2015,1981 Acidic Tussock,Control,Deciduous,Salix reticulata,below stems,below,0,0,0,0,0,0,0,0,0,0,0,0,0,0,0,0,0.467,0.126,2.429,0,0,1.976,1.634,0.713,0,0,0,0,0,0,0,0,0.230,0.108,32,,,,,,,,,,,,,,,,,,,,,,,,,,,,,5.738,2.695,,,
30-Jul-2015,1981 Acidic Tussock,Control,Deciduous,Vaccinium uliginosum,new leaves,new above,0,0,0,0,0,0,0.064,0,0,0,0,0,0,0,0,0,0,0,0,0,0,0.104,0,0,0,0.054,0,0,0,0,0,0,0.007,0.004,32,,,,,,,,,,,,,,,,,,,,,,,,,,,,,0.173,0.101,,,
30-Jul-2015,1981 Acidic Tussock,Control,Deciduous,Vaccinium uliginosum,new stems,new above,0,0,0,0,0,0,0.027,0,0,0,0,0,0,0,0,0,0,0,0,0,0,0.069,0,0,0,0.022,0,0,0,0,0,0,0.004,0.002,32,,,,,,,,,,,,,,,,,,,,,,,,,,,,,0.092,0.059,,,
30-Jul-2015,1981 Acidic Tussock,Control,Deciduous,Vaccinium uliginosum,old stems,old above,0,0,0,0,0,0,0.365,0,0,0,0,0,0,0,0,0,0,0,0,0,0,0.216,0,0,0,0.169,0,0,0,0,0,0,0.023,0.014,32,,,,,,,,,,,,,,,,,,,,,,,,,,,,,0.586,0.347,,,
30-Jul-2015,1981 Acidic Tussock,Control,Deciduous,Vaccinium uliginosum,inflorescence,new above,0,0,0,0,0,0,0,0,0,0,0,0,0,0,0,0,0,0,0,0,0,0,0,0,0,0,0,0,0,0,0,0,0.000,0.000,32,,,,,,,,,,,,,,,,,,,,,,,,,,,,,0.000,0.000,,,
30-Jul-2015,1981 Acidic Tussock,Control,Deciduous,Vaccinium uliginosum,below stems,below,0,0,0,0,0,0,0.457,0,0,0,0,0,0,0,0,0,0,0,0,0,0,0.488,0,0,0,0.198,0,0,0,0,0,0,0.036,0.021,32,,,,,,,,,,,,,,,,,,,,,,,,,,,,,0.893,0.530,,,
30-Jul-2015,1981 Acidic Tussock,Control,Deciduous,Rubus chamaemorus,new leaves,new above,0.912,1.476,0.885,2.299,1.454,0,0,0,1.142,0.307,0.786,2.834,0.794,0.058,0.385,0,1.087,0.871,0.196,0.253,0,0.124,0,0.066,0.367,0.587,2.749,1.268,1.883,2.003,0.179,0.61,0.799,0.146,32,,,,,,,,,,,,,,,,,,,,,,,,,,,,,19.980,3.659,,,
30-Jul-2015,1981 Acidic Tussock,Control,Deciduous,Rubus chamaemorus,new stems,new above,0.381,0.369,0.111,0.124,0.31,0,0,0,0.15,0.052,0.312,1.151,0.795,0.003,0.114,0.09,0.218,0.907,0.116,0.207,0,0.197,0,0.148,0.182,0.592,2.986,0.592,0.849,0.321,0.099,0.487,0.371,0.099,32,,,,,,,,,,,,,,,,,,,,,,,,,,,,,9.268,2.487,,,
30-Jul-2015,1981 Acidic Tussock,Control,Deciduous,Rubus chamaemorus,old stems,old above,0,0,0,0,0,0,0,0,0,0,0,0,0,0,0,0,0,0,0,0,0,0,0,0,0,0,0,0,0,0,0,0,0.000,0.000,32,,,,,,,,,,,,,,,,,,,,,,,,,,,,,0.000,0.000,,,
30-Jul-2015,1981 Acidic Tussock,Control,Deciduous,Rubus chamaemorus,inflorescence,new above,0,0,0,0,0,0,0,0,0,0,0,0.011,0,0,0,0,0,0,0,0,0,0,0,0,0,0.309,0,0.241,0,0.041,0,0,0.019,0.012,32,,,,,,,,,,,,,,,,,,,,,,,,,,,,,0.470,0.301,,,
30-Jul-2015,1981 Acidic Tussock,Control,Deciduous,Rubus chamaemorus,below stems,below,3.759,6.217,4.435,20.376,8.95,0.171,0,0.25,3.868,2.005,5.829,5.493,2.797,0.379,1.916,0.549,3.789,4.223,1.103,1.097,0.104,0,0,2.09,2.619,2.347,8.17,5.324,5.523,8.139,0.73,2.73,3.593,0.711,32,,,,,,,,,,,,,,,,,,,,,,,,,,,,,89.830,17.765,,,
30-Jul-2015,1981 Acidic Tussock,Control,Deciduous,Dryas integrifolia,new leaves,new above,0,0,0,0,0,0,0,0,0,0,0,0,0,0,0,0,0,0,0,0,0,0,0,0,0,0,0,0,0,0,0,0,0.000,0.000,32,,,,,,,,,,,,,,,,,,,,,,,,,,,,,0.000,0.000,,,
30-Jul-2015,1981 Acidic Tussock,Control,Deciduous,Dryas integrifolia,new stems,new above,0,0,0,0,0,0,0,0,0,0,0,0,0,0,0,0,0,0,0,0,0,0,0,0,0,0,0,0,0,0,0,0,0.000,0.000,32,,,,,,,,,,,,,,,,,,,,,,,,,,,,,0.000,0.000,,,
30-Jul-2015,1981 Acidic Tussock,Control,Deciduous,Dryas integrifolia,old stems,old above,0,0,0,0,0,0,0,0,0,0,0,0,0,0,0,0,0,0,0,0,0,0,0,0,0,0,0,0,0,0,0,0,0.000,0.000,32,,,,,,,,,,,,,,,,,,,,,,,,,,,,,0.000,0.000,,,
30-Jul-2015,1981 Acidic Tussock,Control,Deciduous,Dryas integrifolia,inflorescence,new above,0,0,0,0,0,0,0,0,0,0,0,0,0,0,0,0,0,0,0,0,0,0,0,0,0,0,0,0,0,0,0,0,0.000,0.000,32,,,,,,,,,,,,,,,,,,,,,,,,,,,,,0.000,0.000,,,
30-Jul-2015,1981 Acidic Tussock,Control,Deciduous,Dryas integrifolia,below stems,below,0,0,0,0,0,0,0,0,0,0,0,0,0,0,0,0,0,0,0,0,0,0,0,0,0,0,0,0,0,0,0,0,0.000,0.000,32,,,,,,,,,,,,,,,,,,,,,,,,,,,,,0.000,0.000,,,
30-Jul-2015,1981 Acidic Tussock,Control,Deciduous,Other Deciduous (Note species in comments),new leaves,new above,0,0,0,0,0,0,0,0,0,0,0,0,0,0,0,0,0,0,0,0,0,0,0,0,0,0,0,0,0,0,0,0,0.000,0.000,32,,,,,,,,,,,,,,,,,,,,,,,,,,,,,0.000,0.000,,,
30-Jul-2015,1981 Acidic Tussock,Control,Deciduous,Other Deciduous (Note species in comments),new stems,new above,0,0,0,0,0,0,0,0,0,0,0,0,0,0,0,0,0,0,0,0,0,0,0,0,0,0,0,0,0,0,0,0,0.000,0.000,32,,,,,,,,,,,,,,,,,,,,,,,,,,,,,0.000,0.000,,,
30-Jul-2015,1981 Acidic Tussock,Control,Deciduous,Other Deciduous (Note species in comments),old stems,old above,0,0,0,0,0,0,0,0,0,0,0,0,0,0,0,0,0,0,0,0,0,0,0,0,0,0,0,0,0,0,0,0,0.000,0.000,32,,,,,,,,,,,,,,,,,,,,,,,,,,,,,0.000,0.000,,,
30-Jul-2015,1981 Acidic Tussock,Control,Deciduous,Other Deciduous (Note species in comments),inflorescence,new above,0,0,0,0,0,0,0,0,0,0,0,0,0,0,0,0,0,0,0,0,0,0,0,0,0,0,0,0,0,0,0,0,0.000,0.000,32,,,,,,,,,,,,,,,,,,,,,,,,,,,,,0.000,0.000,,,
30-Jul-2015,1981 Acidic Tussock,Control,Deciduous,Other Deciduous (Note species in comments),below stems,below,0,0,0,0,0,0,0,0,0,0,0,0,0,0,0,0,0,0,0,0,0,0,0,0,0,0,0,0,0,0,0,0,0.000,0.000,32,,,,,,,,,,,,,,,,,,,,,,,,,,,,,0.000,0.000,,,
30-Jul-2015,1981 Acidic Tussock,Control,Evergreen,Ledum palustre,new leaves,new above,0.398,0.262,0.954,0.448,0.518,0.645,0.161,0.163,0.942,1.844,1.2,1.19,1.85,0.053,0.412,0.688,1.66,1.265,0.484,0.347,0.379,1.386,0.717,0.122,0.865,1.394,0.47,0.993,0.818,0.598,0.49,0.289,0.750,0.089,32,,,,,,,,,,,,,,,,,,,,,,,,,,,,,18.754,2.221,,,
30-Jul-2015,1981 Acidic Tussock,Control,Evergreen,Ledum palustre,new stems,new above,0.098,0.079,0.406,0.158,0.207,0.21,0.062,0.06,0.27,0.229,0.422,0.481,0.765,0.035,0.171,0.282,0.774,0.234,0.202,0.121,0.129,0.442,0.175,0.038,0.237,0.426,0.171,0.307,0.183,0.172,0.167,0.146,0.246,0.032,32,,,,,,,,,,,,,,,,,,,,,,,,,,,,,6.140,0.804,,,
30-Jul-2015,1981 Acidic Tussock,Control,Evergreen,Ledum palustre,old leaves,old above,0.047,0.078,0.395,0.183,0.224,0.213,0.109,0.014,0.171,0.385,0.156,0.289,0.091,0,0.248,0.462,0.534,0.497,0.042,0.098,0.141,0.115,0.292,0.025,0.147,0.559,0.056,0.351,0.301,0.226,0.254,0.067,0.212,0.028,32,,,,,,,,,,,,,,,,,,,,,,,,,,,,,5.289,0.699,,,
30-Jul-2015,1981 Acidic Tussock,Control,Evergreen,Ledum palustre,old stems,old above,0.683,0.594,0.723,0.366,2.917,1.112,0.567,0.525,1.31,3.921,9.1,5.788,1.613,0.201,1.596,1.878,1.411,5.238,0.963,0.268,0.773,3.83,2.748,0.065,2.212,1.518,1.751,5.599,2.02,0.965,1.889,0.482,2.020,0.358,32,,,,,,,,,,,,,,,,,,,,,,,,,,,,,50.489,8.948,,,
30-Jul-2015,1981 Acidic Tussock,Control,Evergreen,Ledum palustre,inflorescence,new above,0.011,0.024,0,0,0,0,0.009,0,0,0,0,0,0.108,0,0,0,0.065,0.029,0,0,0,0,0.023,0,0,0,0,0,0,0.04,0,0,0.010,0.004,32,,,,,,,,,,,,,,,,,,,,,,,,,,,,,0.241,0.102,,,
30-Jul-2015,1981 Acidic Tussock,Control,Evergreen,Ledum palustre,below stems,below,0.643,2.521,9.293,13.173,8.435,3.716,3.495,3.166,3.323,12.246,4.261,5.481,2.237,0.579,1.573,1.48,13.044,11.233,2.569,1.538,1.064,21.984,4.965,2.227,3.465,8.49,2.65,12.573,5.109,9.96,2.061,1.791,5.636,0.886,32,,,,,,,,,,,,,,,,,,,,,,,,,,,,,140.895,22.139,,,
30-Jul-2015,1981 Acidic Tussock,Control,Evergreen,Vaccinium vitis-idaea,new leaves,new above,0.012,0.007,0.397,0.111,0.151,0.435,0.826,1.231,0.609,0.706,0,0.188,0.237,0.097,0.213,0.116,0.453,0.668,0.94,1.215,0.064,0.238,1.14,0.513,0.565,0.438,0.744,0.488,0.889,0.531,0.569,1.3,0.503,0.068,32,,,,,,,,,,,,,,,,,,,,,,,,,,,,,12.571,1.691,,,
30-Jul-2015,1981 Acidic Tussock,Control,Evergreen,Vaccinium vitis-idaea,new stems,new above,0.002,0.002,0.056,0.031,0.04,0.072,0.195,0.365,0.099,0.069,0,0.03,0.049,0.036,0.032,0.02,0.071,0.12,0.117,0.152,0.035,0.033,0.103,0.105,0.122,0.123,0.22,0.123,0.194,0.132,0.142,0.35,0.101,0.016,32,,,,,,,,,,,,,,,,,,,,,,,,,,,,,2.531,0.394,,,
30-Jul-2015,1981 Acidic Tussock,Control,Evergreen,Vaccinium vitis-idaea,old leaves,old above,0.001,0.012,0.235,0.088,0.296,0.66,1.115,1.518,0.784,1.607,0,0.202,0.174,0.016,0.524,0.458,0.256,0.89,0.584,1.629,0.023,0.325,1.635,0.214,0.986,0.519,0.883,1.191,0.62,0.778,0.415,1.215,0.620,0.092,32,,,,,,,,,,,,,,,,,,,,,,,,,,,,,15.510,2.290,,,
30-Jul-2015,1981 Acidic Tussock,Control,Evergreen,Vaccinium vitis-idaea,old stems,old above,0.006,0.016,0.636,0.084,0.182,0.475,0.634,1.16,0.491,0.835,0,0.368,0.09,0.002,0.245,0.123,0.168,0.874,0.785,0.336,0.016,0.123,0.819,0.132,0.678,0.23,0.587,1.36,0.755,0.416,0.581,0.625,0.432,0.063,32,,,,,,,,,,,,,,,,,,,,,,,,,,,,,10.806,1.587,,,
30-Jul-2015,1981 Acidic Tussock,Control,Evergreen,Vaccinium vitis-idaea,inflorescence,new above,0,0,0,0,0,0,0.007,0,0,0.006,0,0,0,0,0,0,0,0,0,0,0,0,0,0,0,0,0,0,0.003,0,0,0,0.001,0.000,32,,,,,,,,,,,,,,,,,,,,,,,,,,,,,0.013,0.007,,,
30-Jul-2015,1981 Acidic Tussock,Control,Evergreen,Vaccinium vitis-idaea,below stems,below,0,0,1.072,0.28,1.048,0.899,3.367,1.44,0.784,0.732,0,0.285,0.932,0.579,0.453,0.2,0.417,0.925,0.843,1.164,0.022,0.301,1.839,0.451,0.708,0.439,0.682,1.561,2.009,0.682,1.4,1.049,0.830,0.123,32,,,,,,,,,,,,,,,,,,,,,,,,,,,,,20.752,3.085,,,
30-Jul-2015,1981 Acidic Tussock,Control,Evergreen,Cassiope tetragona,new leaves,new above,0,0,0,0,0,0,0,0,0,0,0,0,0,0,0,0,0,0,0,0,0,0,0,0,0.247,0.007,0,0,0.011,0.274,0.064,0,0.019,0.011,32,,,,,,,,,,,,,,,,,,,,,,,,,,,,,0.471,0.285,,,
30-Jul-2015,1981 Acidic Tussock,Control,Evergreen,Cassiope tetragona,new stems,new above,0,0,0,0,0,0,0,0,0,0,0,0,0,0,0,0,0,0,0,0,0,0,0,0,0.012,0.001,0,0,0.002,0.034,0.014,0,0.002,0.001,32,,,,,,,,,,,,,,,,,,,,,,,,,,,,,0.049,0.029,,,
30-Jul-2015,1981 Acidic Tussock,Control,Evergreen,Cassiope tetragona,old leaves,old above,0,0,0,0,0,0,0,0,0,0,0,0,0,0,0,0,0,0,0,0,0,0,0,0,0.604,0.032,0,0,0.038,0.641,0.421,0,0.054,0.029,32,,,,,,,,,,,,,,,,,,,,,,,,,,,,,1.356,0.737,,,
30-Jul-2015,1981 Acidic Tussock,Control,Evergreen,Cassiope tetragona,old stems,old above,0,0,0,0,0,0,0,0,0,0,0,0,0,0,0,0,0,0,0,0,0,0,0,0,0.204,0.013,0,0,0.045,0.86,0.376,0,0.047,0.029,32,,,,,,,,,,,,,,,,,,,,,,,,,,,,,1.170,0.734,,,
30-Jul-2015,1981 Acidic Tussock,Control,Evergreen,Cassiope tetragona,inflorescence,new above,0,0,0,0,0,0,0,0,0,0,0,0,0,0,0,0,0,0,0,0,0,0,0,0,0,0,0,0,0,0,0,0,0.000,0.000,32,,,,,,,,,,,,,,,,,,,,,,,,,,,,,0.000,0.000,,,
30-Jul-2015,1981 Acidic Tussock,Control,Evergreen,Cassiope tetragona,below stems,below,0,0,0,0,0,0,0,0,0,0,0,0,0,0,0,0,0,0,0,0,0,0,0,0,0.644,0,0,0,0.052,2.435,0.202,0,0.104,0.078,32,,,,,,,,,,,,,,,,,,,,,,,,,,,,,2.604,1.951,,,
30-Jul-2015,1981 Acidic Tussock,Control,Evergreen,Andromeda,new leaves,new above,0,0,0.01,0.077,0.125,0.015,0.007,0,0,0,0,0,0.711,0.002,0,0,0,0,0,0,0,0,0,0.138,0,0.082,0.301,0.108,0.328,0.673,0.193,0,0.087,0.032,32,,,,,,,,,,,,,,,,,,,,,,,,,,,,,2.164,0.799,,,
30-Jul-2015,1981 Acidic Tussock,Control,Evergreen,Andromeda,new stems,new above,0,0,0.002,0.023,0.025,0.002,0.009,0,0,0,0,0,0.103,0.002,0,0,0,0,0,0,0,0,0,0.041,0,0.034,0.065,0.027,0.044,0.111,0.034,0,0.016,0.005,32,,,,,,,,,,,,,,,,,,,,,,,,,,,,,0.408,0.129,,,
30-Jul-2015,1981 Acidic Tussock,Control,Evergreen,Andromeda,old leaves,old above,0,0,0,0,0.16,0.004,0.01,0,0,0,0,0,0.636,0,0,0,0,0,0,0,0,0,0,0.065,0,0.08,0.287,0.139,0.726,0.887,0.081,0,0.096,0.040,32,,,,,,,,,,,,,,,,,,,,,,,,,,,,,2.402,0.994,,,
30-Jul-2015,1981 Acidic Tussock,Control,Evergreen,Andromeda,old stems,old above,0,0,0.08,0.129,0.084,0.005,0.02,0,0,0,0,0,0.583,0,0,0,0,0,0,0,0,0,0,0.056,0,0.539,0.5,0.213,0.577,0.992,0.369,0,0.130,0.043,32,,,,,,,,,,,,,,,,,,,,,,,,,,,,,3.240,1.087,,,
30-Jul-2015,1981 Acidic Tussock,Control,Evergreen,Andromeda,inflorescence,new above,0,0,0,0,0,0,0,0,0,0,0,0,0,0,0,0,0,0,0,0,0,0,0,0,0,0,0,0,0.006,0.003,0,0,0.000,0.000,32,,,,,,,,,,,,,,,,,,,,,,,,,,,,,0.007,0.005,,,
30-Jul-2015,1981 Acidic Tussock,Control,Evergreen,Andromeda,below stems,below,0,0,0.026,0.034,0.115,0,0.022,0,0,0,0,0,2.642,0,0,0,0,0,0,0,0,0,0,0.153,0,0.493,0.435,0.392,2.108,1.783,0.405,0,0.269,0.115,32,,,,,,,,,,,,,,,,,,,,,,,,,,,,,6.725,2.870,,,
30-Jul-2015,1981 Acidic Tussock,Control,Evergreen,Other Evergreen (Note species in comments),new leaves,new above,0,0,0,0,0,0.035,0,0,0,0.412,0,0,0,0,0,0,0.042,0,0,0,0,0,0,0,0,0,0,0,0,0,0.193,0.026,0.022,0.014,32,,,,,,,,,,,,,,,,,,,,,,,,,,,,,0.553,0.351,,,
30-Jul-2015,1981 Acidic Tussock,Control,Evergreen,Other Evergreen (Note species in comments),new stems,new above,0,0,0,0,0,0.011,0,0,0,0.045,0,0,0,0,0,0,0.012,0,0,0,0,0,0,0,0,0,0,0,0,0,0.046,0.005,0.004,0.002,32,,,,,,,,,,,,,,,,,,,,,,,,,,,,,0.093,0.050,,,
30-Jul-2015,1981 Acidic Tussock,Control,Evergreen,Other Evergreen (Note species in comments),old leaves,old above,0,0,0,0,0,0,0,0,0,1.098,0,0,0,0,0,0,0,0,0,0,0,0,0,0,0,0,0,0,0,0,0.615,0.01,0.054,0.039,32,,,,,,,,,,,,,,,,,,,,,,,,,,,,,1.346,0.969,,,
30-Jul-2015,1981 Acidic Tussock,Control,Evergreen,Other Evergreen (Note species in comments),old stems,old above,0,0,0,0,0,0,0,0,0,0.91,0,0,0,0,0,0,0,0,0,0,0,0,0,0,0,0,0,0,0,0,0.494,0.016,0.044,0.032,32,,,,,,,,,,,,,,,,,,,,,,,,,,,,,1.109,0.797,,,
30-Jul-2015,1981 Acidic Tussock,Control,Evergreen,Other Evergreen (Note species in comments),inflorescence,new above,0,0,0,0,0,0,0,0,0,0.0001,0,0,0,0,0,0,0,0,0,0,0,0,0,0,0,0,0,0,0,0,0,0,0.000,0.000,32,,,,,,,,,,,,,,,,,,,,,,,,,,,,,0.000,0.000,,,
30-Jul-2015,1981 Acidic Tussock,Control,Evergreen,Other Evergreen (Note species in comments),below stems,below,0,0,0,0,0,0,0,0,0,1.026,0,0,0,0,0,0,0,0,0,0,0,0,0,0,0,0,0,0,0,0,0.071,0.213,0.041,0.033,32,,,,,,,,,,,,,,,,,,,,,,,,,,,,,1.023,0.813,,,
30-Jul-2015,1981 Acidic Tussock,Control,Forbs,Polygonum bistorta,new above,new above,0,0,0,0,0,0,0.136,0,0,0,0,0,0,0,0,0,0.028,0,0,0,0,0,0,0,0,0,0,0,0,0,0,0,0.005,0.004,32,,,,,,,,,,,,,,,,,,,,,,,,,,,,,0.128,0.108,,,
30-Jul-2015,1981 Acidic Tussock,Control,Forbs,Polygonum bistorta,Below,below,0,0,0,0,0,0,0.496,0,0,0,0,0,0,0,0,0,0.026,0,0,0,0,0,0,0,0,0,0,0,0,0,0,0,0.016,0.015,32,,,,,,,,,,,,,,,,,,,,,,,,,,,,,0.408,0.387,,,
30-Jul-2015,1981 Acidic Tussock,Control,Forbs,Equisetum spp.,new above,new above,0,0,0,0,0,0,0,0,0,0,0,0,0,0,0,0,0,0,0,0,0,0,0,0,0,0,0,0,0,0,0,0,0.000,0.000,32,,,,,,,,,,,,,,,,,,,,,,,,,,,,,0.000,0.000,,,
30-Jul-2015,1981 Acidic Tussock,Control,Forbs,Equisetum spp.,Below,below,0,0,0,0,0,0,0,0,0,0,0,0,0,0,0,0,0,0,0,0,0,0,0,0,0,0,0,0,0,0,0,0,0.000,0.000,32,,,,,,,,,,,,,,,,,,,,,,,,,,,,,0.000,0.000,,,
30-Jul-2015,1981 Acidic Tussock,Control,Forbs,Other forbs (Note species in comments) ,new above,new above,0,0,0,0.041,0.006,0.014,0.113,0.005,0,0,0,0,0.076,0,0,0,0,0,0.031,0.011,0,0,0.046,0,0,0.021,0.077,0,0.048,0.033,0.035,0.0001,0.017,0.005,32,,,,,,,,,,,,,,,,,,,,,,,,,,,,,0.435,0.125,,,
30-Jul-2015,1981 Acidic Tussock,Control,Forbs,Other forbs (Note species in comments) ,Below,below,0,0,0,0,0,0,0.087,0.006,0,0,0,0,0.024,0,0,0,0,0,0.017,0.012,0,0,0.007,0,0,0.023,0.048,0,0.079,0.095,0.034,0.001,0.014,0.005,32,,,,,,,,,,,,,,,,,,,,,,,,,,,,,0.338,0.118,,,
30-Jul-2015,1981 Acidic Tussock,Control,Forbs,Other forbs (Note species in comments) ,inflorescence,new above,0,0,0,0,0,0,0,0,0,0,0,0,0,0,0,0,0,0,0,0,0,0,0,0,0,0,0,0,0,0,0,0,0.000,0.000,32,,,,,,,,,,,,,,,,,,,,,,,,,,,,,0.000,0.000,,,
30-Jul-2015,1981 Acidic Tussock,Control,Mosses,Sphagnum,live green,non-vascular,2.035,0.199,6.037,7.098,5.143,1.514,0.941,0.12,0,0.414,1.727,4.125,1.412,0,1.458,0.004,0.476,0.543,2.905,0.323,0,0.812,0.287,0.122,0,3.593,0.978,0,11.556,0.499,0.171,0.378,1.715,0.458,32,,,,,,,,,,,,,,,,,,,,,,,,,,,,,42.867,11.462,,,
30-Jul-2015,1981 Acidic Tussock,Control,Mosses,Hylocomium,live green,non-vascular,0.207,0.667,0,0.347,0.355,1.367,2.69,1.663,0,0.104,0.687,0.013,1.552,0,1.658,0.071,1.606,5.399,0.626,0,0.057,0.277,0.063,0.039,1.096,0,0.548,1.973,1.837,3.96,3.417,2.96,1.101,0.239,32,,,,,,,,,,,,,,,,,,,,,,,,,,,,,27.530,5.968,,,
30-Jul-2015,1981 Acidic Tussock,Control,Mosses,Tomenthypnum,live green,non-vascular,0.668,0,0,0.165,0,0,4.357,1.731,0,0,0,0,0,0,0,0.355,0.439,1.279,0,0,0.107,0,0,0.89,3.232,0,0.692,0,0,0,0,0,0.435,0.174,32,,,,,,,,,,,,,,,,,,,,,,,,,,,,,10.871,4.354,,,
30-Jul-2015,1981 Acidic Tussock,Control,Mosses,Other Mosses ,live green,non-vascular,1.01,6.881,0.36,0.002,0.152,2.569,0,0.2,11.258,1.425,0.278,0.347,3.455,9.022,0.876,3.456,0,0,5.21,6.394,0.607,0.324,2.929,0.607,0,0.954,0.88,1.977,0.872,2.736,3.003,1.087,2.152,0.495,32,,,,,,,,,,,,,,,,,,,,,,,,,,,,,53.805,12.384,,,
30-Jul-2015,1981 Acidic Tussock,Control,Lichens,Mixed Lichen,live,non-vascular,0.245,0.02,0,0,0,0.314,0,0.008,0.365,3.631,0.015,0.055,0.05,3.103,0,1.406,0.127,0,1.218,2.493,0.173,0.055,1.768,1.287,0.213,0.034,1.674,0,0.54,0.063,4.876,0.37,0.753,0.217,32,,,,,,,,,,,,,,,,,,,,,,,,,,,,,18.830,5.414,,,
30-Jul-2015,1981 Acidic Tussock,Control,Litter/Standing Dead,Wood,Wood,,0.41,0,0.369,0,0,1.342,0.056,0,0,4.414,3.543,0.35,2.619,0.011,0.73,0.67,2.925,1.003,1.258,0.84,0.021,0.495,2.123,0.112,2.25,1.886,3.078,2.773,1.289,2.623,1.801,1.233,1.257,0.218,32,,,,,,,,,,,,,,,,,,,,,,,,,,,,,31.425,5.456,,,
30-Jul-2015,1981 Acidic Tussock,Control,Litter/Standing Dead,Leaf,Leaf,,7.307,4.073,5.561,0.136,0.792,4.677,4.208,2.474,2.348,3.239,1.005,0.053,7.181,1.405,1.544,4.419,0.238,19.647,1.616,1.385,1.925,3.048,6.611,0.911,0.952,1.766,0.77,0.95,2.384,1.013,2.485,1.035,3.036,0.645,32,,,,,,,,,,,,,,,,,,,,,,,,,,,,,75.905,16.118,,,
30-Jul-2015,1981 Acidic Tussock,Control,Litter/Standing Dead,Loose Litter,Loose Litter,,1.321,0.346,0.359,4.31,0.295,3.685,1.231,1.009,1.584,2.073,1.454,6.665,0.938,1.981,1.952,9.692,4.518,0.863,0.424,1.473,23.666,3.873,0.715,4.004,3.526,2.07,3.219,0.229,1.244,1.238,0.396,2.573,2.904,0.761,32,,,,,,,,,,,,,,,,,,,,,,,,,,,,,72.598,19.032,,,
30-Jul-2015,1981 Acidic Tussock,NP,Graminoids,Eriophorum vaginatum,blade,new above,0,0,0,0,0,.,.,.,0,0,0,0,0,.,.,.,0,0,0,0,0,.,.,.,0,0.08,0,0,0,.,.,.,0.004,0.004,20,,,,,,,,,,,,,,,,,,,,,,,,,,,,,0.100,0.100,,,
30-Jul-2015,1981 Acidic Tussock,NP,Graminoids,Eriophorum vaginatum,sheath,new above,0,0,0,0,0,.,.,.,0,0,0,0,0,.,.,.,0,0,0,0,0,.,.,.,0,0.011,0,0,0,.,.,.,0.001,0.001,20,,,,,,,,,,,,,,,,,,,,,,,,,,,,,0.014,0.014,,,
30-Jul-2015,1981 Acidic Tussock,NP,Graminoids,Eriophorum vaginatum,inflor/culm,new above,0,0,0,0,0,.,.,.,0,0,0,0,0,.,.,.,0,0,0,0,0,.,.,.,0,0,0,0,0,.,.,.,0.000,0.000,20,,,,,,,,,,,,,,,,,,,,,,,,,,,,,0.000,0.000,,,
30-Jul-2015,1981 Acidic Tussock,NP,Graminoids,Eriophorum vaginatum,rhizome,below,0,0,0,0,0,.,.,.,0,0,0,0,0,.,.,.,0,0,0,0,0,.,.,.,0,0.047,0,0,0,.,.,.,0.002,0.002,20,,,,,,,,,,,,,,,,,,,,,,,,,,,,,0.059,0.059,,,
30-Jul-2015,1981 Acidic Tussock,NP,Graminoids,Carex bigelowii,blade,new above,0,0,0,0,0,.,.,.,0,0,0,0,0,.,.,.,0,0,0,0,0,.,.,.,0,0,0,0,0,.,.,.,0.000,0.000,20,,,,,,,,,,,,,,,,,,,,,,,,,,,,,0.000,0.000,,,
30-Jul-2015,1981 Acidic Tussock,NP,Graminoids,Carex bigelowii,sheath,new above,0,0,0,0,0,.,.,.,0,0,0,0,0,.,.,.,0,0,0,0,0,.,.,.,0,0,0,0,0,.,.,.,0.000,0.000,20,,,,,,,,,,,,,,,,,,,,,,,,,,,,,0.000,0.000,,,
30-Jul-2015,1981 Acidic Tussock,NP,Graminoids,Carex bigelowii,inflor/culm,new above,0,0,0,0,0,.,.,.,0,0,0,0,0,.,.,.,0,0,0,0,0,.,.,.,0,0,0,0,0,.,.,.,0.000,0.000,20,,,,,,,,,,,,,,,,,,,,,,,,,,,,,0.000,0.000,,,
30-Jul-2015,1981 Acidic Tussock,NP,Graminoids,Carex bigelowii,rhizome,below,0,0,0,0,0,.,.,.,0,0,0,0,0,.,.,.,0,0,0,0,0,.,.,.,0,0,0,0,0,.,.,.,0.000,0.000,20,,,,,,,,,,,,,,,,,,,,,,,,,,,,,0.000,0.000,,,
30-Jul-2015,1981 Acidic Tussock,NP,Graminoids,Calamagrostis holmii,blade,new above,0,0,0,0,0,.,.,.,0,0,0,0,0,.,.,.,0,0,0,0,0,.,.,.,0,0,0,0,0,.,.,.,0.000,0.000,20,,,,,,,,,,,,,,,,,,,,,,,,,,,,,0.000,0.000,,,
30-Jul-2015,1981 Acidic Tussock,NP,Graminoids,Calamagrostis holmii,sheath,new above,0,0,0,0,0,.,.,.,0,0,0,0,0,.,.,.,0,0,0,0,0,.,.,.,0,0,0,0,0,.,.,.,0.000,0.000,20,,,,,,,,,,,,,,,,,,,,,,,,,,,,,0.000,0.000,,,
30-Jul-2015,1981 Acidic Tussock,NP,Graminoids,Calamagrostis holmii,inflor/culm,new above,0,0,0,0,0,.,.,.,0,0,0,0,0,.,.,.,0,0,0,0,0,.,.,.,0,0,0,0,0,.,.,.,0.000,0.000,20,,,,,,,,,,,,,,,,,,,,,,,,,,,,,0.000,0.000,,,
30-Jul-2015,1981 Acidic Tussock,NP,Graminoids,Calamagrostis holmii,rhizome,below,0,0,0,0,0,.,.,.,0,0,0,0,0,.,.,.,0,0,0,0,0,.,.,.,0,0,0,0,0,.,.,.,0.000,0.000,20,,,,,,,,,,,,,,,,,,,,,,,,,,,,,0.000,0.000,,,
30-Jul-2015,1981 Acidic Tussock,NP,Graminoids,E. angustifolium ssp. triste,blade,new above,0,0,0,0,0,.,.,.,0,0,0,0,0,.,.,.,0,0,0,0,0,.,.,.,0,0,0,0,0,.,.,.,0.000,0.000,20,,,,,,,,,,,,,,,,,,,,,,,,,,,,,0.000,0.000,,,
30-Jul-2015,1981 Acidic Tussock,NP,Graminoids,E. angustifolium ssp. triste,sheath,new above,0,0,0,0,0,.,.,.,0,0,0,0,0,.,.,.,0,0,0,0,0,.,.,.,0,0,0,0,0,.,.,.,0.000,0.000,20,,,,,,,,,,,,,,,,,,,,,,,,,,,,,0.000,0.000,,,
30-Jul-2015,1981 Acidic Tussock,NP,Graminoids,E. angustifolium ssp. triste,inflor/culm,new above,0,0,0,0,0,.,.,.,0,0,0,0,0,.,.,.,0,0,0,0,0,.,.,.,0,0,0,0,0,.,.,.,0.000,0.000,20,,,,,,,,,,,,,,,,,,,,,,,,,,,,,0.000,0.000,,,
30-Jul-2015,1981 Acidic Tussock,NP,Graminoids,E. angustifolium ssp. triste,rhizome,below,0,0,0,0,0,.,.,.,0,0,0,0,0,.,.,.,0,0,0,0,0,.,.,.,0,0,0,0,0,.,.,.,0.000,0.000,20,,,,,,,,,,,,,,,,,,,,,,,,,,,,,0.000,0.000,,,
30-Jul-2015,1981 Acidic Tussock,NP,Graminoids,Other Graminoids (Note species in comments),blade,new above,0,0.069,0,0.647,0.304,.,.,.,0,0,0,0,0,.,.,.,0,0,0,0,0,.,.,.,0,0.396,0.063,0,0,.,.,.,0.074,0.039,20,,,,,,,,,,,,,,,,,,,,,,,,,,,,,1.849,0.966,,,
30-Jul-2015,1981 Acidic Tussock,NP,Graminoids,Other Graminoids (Note species in comments),sheath,new above,0,0.023,0,0.074,0.076,.,.,.,0,0,0,0,0,.,.,.,0,0,0,0,0,.,.,.,0,0.072,0.026,0,0,.,.,.,0.014,0.006,20,,,,,,,,,,,,,,,,,,,,,,,,,,,,,0.339,0.152,,,
30-Jul-2015,1981 Acidic Tussock,NP,Graminoids,Other Graminoids (Note species in comments),inflor/culm,new above,0,0,0,0,0,.,.,.,0,0,0,0,0,.,.,.,0,0,0,0,0,.,.,.,0,0,0,0,0,.,.,.,0.000,0.000,20,,,,,,,,,,,,,,,,,,,,,,,,,,,,,0.000,0.000,,,
30-Jul-2015,1981 Acidic Tussock,NP,Graminoids,Other Graminoids (Note species in comments),rhizome,below,0,0.002,0,0.244,1.392,.,.,.,0,0,0,0,0,.,.,.,0,0,0,0,0,.,.,.,0,0.339,0.016,0,0,.,.,.,0.100,0.071,20,,,,,,,,,,,,,,,,,,,,,,,,,,,,,2.491,1.774,,,
30-Jul-2015,1981 Acidic Tussock,NP,Deciduous,Betula nana,new leaves,new above,3.428,2.865,7.469,4.058,0.579,.,.,.,4.417,3.524,3.259,3.897,4.845,.,.,.,3.825,4.17,4.493,5.576,5.723,.,.,.,2.195,0.171,1.832,3.03,1.675,.,.,.,3.552,0.390,20,,,,,,,,,,,,,,,,,,,,,,,,,,,,,88.789,9.744,,,
30-Jul-2015,1981 Acidic Tussock,NP,Deciduous,Betula nana,new stems,new above,2.79,1.435,4.392,2.588,0.293,.,.,.,2.014,1.467,1.896,2.189,2.615,.,.,.,2.594,2.231,2.791,2.862,2.88,.,.,.,1.335,0.163,0.946,2.254,1.056,.,.,.,2.040,0.224,20,,,,,,,,,,,,,,,,,,,,,,,,,,,,,50.989,5.595,,,
30-Jul-2015,1981 Acidic Tussock,NP,Deciduous,Betula nana,old stems,old above,45.571,13.362,48.393,41.441,14.596,.,.,.,27.339,36.196,22.452,24.206,39.587,.,.,.,50.317,56.954,54.997,36.849,36.709,.,.,.,12.02,7.963,40.246,16.663,26.987,.,.,.,32.642,3.353,20,,,,,,,,,,,,,,,,,,,,,,,,,,,,,816.060,83.813,,,
30-Jul-2015,1981 Acidic Tussock,NP,Deciduous,Betula nana,inflorescence,new above,0.008,0.13,0,0,0,.,.,.,0,0,0,0,0,.,.,.,0,0.355,0.033,0,0,.,.,.,0,0,0,0,0,.,.,.,0.026,0.019,20,,,,,,,,,,,,,,,,,,,,,,,,,,,,,0.658,0.463,,,
30-Jul-2015,1981 Acidic Tussock,NP,Deciduous,Betula nana,below stems,below,35.121,13.402,0,11.318,13.22,.,.,.,31.904,10.356,37.139,26.444,21.931,.,.,.,15.013,15.297,30.583,10.248,6.056,.,.,.,6.563,28.931,4.166,4.439,9.227,.,.,.,16.568,2.539,20,,,,,,,,,,,,,,,,,,,,,,,,,,,,,414.198,63.471,,,
30-Jul-2015,1981 Acidic Tussock,NP,Deciduous,Salix pulchra,new leaves,new above,0,0,0,0,0,.,.,.,0,0,0,0,0,.,.,.,0,0,0,0,0,.,.,.,0,0,0,0,0,.,.,.,0.000,0.000,20,,,,,,,,,,,,,,,,,,,,,,,,,,,,,0.000,0.000,,,
30-Jul-2015,1981 Acidic Tussock,NP,Deciduous,Salix pulchra,new stems,new above,0,0,0,0,0,.,.,.,0,0,0,0,0,.,.,.,0,0,0,0,0,.,.,.,0,0,0,0,0,.,.,.,0.000,0.000,20,,,,,,,,,,,,,,,,,,,,,,,,,,,,,0.000,0.000,,,
30-Jul-2015,1981 Acidic Tussock,NP,Deciduous,Salix pulchra,old stems,old above,0,0,0,0,0,.,.,.,0,0,0,0,0,.,.,.,0,0,0,0,0,.,.,.,0,0,0,0,0,.,.,.,0.000,0.000,20,,,,,,,,,,,,,,,,,,,,,,,,,,,,,0.000,0.000,,,
30-Jul-2015,1981 Acidic Tussock,NP,Deciduous,Salix pulchra,inflorescence,new above,0,0,0,0,0,.,.,.,0,0,0,0,0,.,.,.,0,0,0,0,0,.,.,.,0,0,0,0,0,.,.,.,0.000,0.000,20,,,,,,,,,,,,,,,,,,,,,,,,,,,,,0.000,0.000,,,
30-Jul-2015,1981 Acidic Tussock,NP,Deciduous,Salix pulchra,below stems,below,0,0,0,0,0,.,.,.,0,0,0,0,0,.,.,.,0,0,0,0,0,.,.,.,0,0,0,0,0,.,.,.,0.000,0.000,20,,,,,,,,,,,,,,,,,,,,,,,,,,,,,0.000,0.000,,,
30-Jul-2015,1981 Acidic Tussock,NP,Deciduous,Salix reticulata,new leaves,new above,0,0,0,0,0,.,.,.,0,0,0,0,0,.,.,.,0,0,0,0,0,.,.,.,0,0,0,0,0,.,.,.,0.000,0.000,20,,,,,,,,,,,,,,,,,,,,,,,,,,,,,0.000,0.000,,,
30-Jul-2015,1981 Acidic Tussock,NP,Deciduous,Salix reticulata,new stems,new above,0,0,0,0,0,.,.,.,0,0,0,0,0,.,.,.,0,0,0,0,0,.,.,.,0,0,0,0,0,.,.,.,0.000,0.000,20,,,,,,,,,,,,,,,,,,,,,,,,,,,,,0.000,0.000,,,
30-Jul-2015,1981 Acidic Tussock,NP,Deciduous,Salix reticulata,old stems,old above,0,0,0,0,0,.,.,.,0,0,0,0,0,.,.,.,0,0,0,0,0,.,.,.,0,0,0,0,0,.,.,.,0.000,0.000,20,,,,,,,,,,,,,,,,,,,,,,,,,,,,,0.000,0.000,,,
30-Jul-2015,1981 Acidic Tussock,NP,Deciduous,Salix reticulata,inflorescence,new above,0,0,0,0,0,.,.,.,0,0,0,0,0,.,.,.,0,0,0,0,0,.,.,.,0,0,0,0,0,.,.,.,0.000,0.000,20,,,,,,,,,,,,,,,,,,,,,,,,,,,,,0.000,0.000,,,
30-Jul-2015,1981 Acidic Tussock,NP,Deciduous,Salix reticulata,below stems,below,0,0,0,0,0,.,.,.,0,0,0,0,0,.,.,.,0,0,0,0,0,.,.,.,0,0,0,0,0,.,.,.,0.000,0.000,20,,,,,,,,,,,,,,,,,,,,,,,,,,,,,0.000,0.000,,,
30-Jul-2015,1981 Acidic Tussock,NP,Deciduous,Vaccinium uliginosum,new leaves,new above,0,0,0,0,0,.,.,.,0,0,0,0,0,.,.,.,0,0,0,0,0,.,.,.,0,0,0,0,0,.,.,.,0.000,0.000,20,,,,,,,,,,,,,,,,,,,,,,,,,,,,,0.000,0.000,,,
30-Jul-2015,1981 Acidic Tussock,NP,Deciduous,Vaccinium uliginosum,new stems,new above,0,0,0,0,0,.,.,.,0,0,0,0,0,.,.,.,0,0,0,0,0,.,.,.,0,0,0,0,0,.,.,.,0.000,0.000,20,,,,,,,,,,,,,,,,,,,,,,,,,,,,,0.000,0.000,,,
30-Jul-2015,1981 Acidic Tussock,NP,Deciduous,Vaccinium uliginosum,old stems,old above,0,0,0,0,0,.,.,.,0,0,0,0,0,.,.,.,0,0,0,0,0,.,.,.,0,0,0,0,0,.,.,.,0.000,0.000,20,,,,,,,,,,,,,,,,,,,,,,,,,,,,,0.000,0.000,,,
30-Jul-2015,1981 Acidic Tussock,NP,Deciduous,Vaccinium uliginosum,inflorescence,new above,0,0,0,0,0,.,.,.,0,0,0,0,0,.,.,.,0,0,0,0,0,.,.,.,0,0,0,0,0,.,.,.,0.000,0.000,20,,,,,,,,,,,,,,,,,,,,,,,,,,,,,0.000,0.000,,,
30-Jul-2015,1981 Acidic Tussock,NP,Deciduous,Vaccinium uliginosum,below stems,below,0,0,0,0,0,.,.,.,0,0,0,0,0,.,.,.,0,0,0,0,0,.,.,.,0,0,0,0,0,.,.,.,0.000,0.000,20,,,,,,,,,,,,,,,,,,,,,,,,,,,,,0.000,0.000,,,
30-Jul-2015,1981 Acidic Tussock,NP,Deciduous,Rubus chamaemorus,new leaves,new above,0,0.262,0,0,0,.,.,.,0,0.284,0.435,0.289,0.378,.,.,.,0,0,0.058,1.65,0.792,.,.,.,5.215,0.064,1.159,0.516,0.914,.,.,.,0.601,0.263,20,,,,,,,,,,,,,,,,,,,,,,,,,,,,,15.020,6.582,,,
30-Jul-2015,1981 Acidic Tussock,NP,Deciduous,Rubus chamaemorus,new stems,new above,0,0.42,0.01,0.142,0,.,.,.,0,0,0.037,0.172,0.095,.,.,.,0,0,0.05,0.474,0.303,.,.,.,1.556,0.035,0.5,0.39,0.915,.,.,.,0.255,0.088,20,,,,,,,,,,,,,,,,,,,,,,,,,,,,,6.374,2.190,,,
30-Jul-2015,1981 Acidic Tussock,NP,Deciduous,Rubus chamaemorus,old stems,old above,0,0,0,0,0,.,.,.,0,0,0,0,0,.,.,.,0,0,0,0,0,.,.,.,0,0,0,0,0,.,.,.,0.000,0.000,20,,,,,,,,,,,,,,,,,,,,,,,,,,,,,0.000,0.000,,,
30-Jul-2015,1981 Acidic Tussock,NP,Deciduous,Rubus chamaemorus,inflorescence,new above,0,0,0,0,0,.,.,.,0,0,0,0,0,.,.,.,0,0,0,0,0,.,.,.,0,0,0,0,0,.,.,.,0.000,0.000,20,,,,,,,,,,,,,,,,,,,,,,,,,,,,,0.000,0.000,,,
30-Jul-2015,1981 Acidic Tussock,NP,Deciduous,Rubus chamaemorus,below stems,below,0,0.789,0,2.048,0,.,.,.,0,0.19,0.1,0.775,0.474,.,.,.,0,0,1.428,2.443,0.888,.,.,.,5.735,0,3.007,0.921,3.103,.,.,.,1.095,0.336,20,,,,,,,,,,,,,,,,,,,,,,,,,,,,,27.376,8.401,,,
30-Jul-2015,1981 Acidic Tussock,NP,Deciduous,Dryas integrifolia,new leaves,new above,0,0,0,0,0,.,.,.,0,0,0,0,0,.,.,.,0,0,0,0,0,.,.,.,0,0,0,0,0,.,.,.,0.000,0.000,20,,,,,,,,,,,,,,,,,,,,,,,,,,,,,0.000,0.000,,,
30-Jul-2015,1981 Acidic Tussock,NP,Deciduous,Dryas integrifolia,new stems,new above,0,0,0,0,0,.,.,.,0,0,0,0,0,.,.,.,0,0,0,0,0,.,.,.,0,0,0,0,0,.,.,.,0.000,0.000,20,,,,,,,,,,,,,,,,,,,,,,,,,,,,,0.000,0.000,,,
30-Jul-2015,1981 Acidic Tussock,NP,Deciduous,Dryas integrifolia,old stems,old above,0,0,0,0,0,.,.,.,0,0,0,0,0,.,.,.,0,0,0,0,0,.,.,.,0,0,0,0,0,.,.,.,0.000,0.000,20,,,,,,,,,,,,,,,,,,,,,,,,,,,,,0.000,0.000,,,
30-Jul-2015,1981 Acidic Tussock,NP,Deciduous,Dryas integrifolia,inflorescence,new above,0,0,0,0,0,.,.,.,0,0,0,0,0,.,.,.,0,0,0,0,0,.,.,.,0,0,0,0,0,.,.,.,0.000,0.000,20,,,,,,,,,,,,,,,,,,,,,,,,,,,,,0.000,0.000,,,
30-Jul-2015,1981 Acidic Tussock,NP,Deciduous,Dryas integrifolia,below stems,below,0,0,0,0,0,.,.,.,0,0,0,0,0,.,.,.,0,0,0,0,0,.,.,.,0,0,0,0,0,.,.,.,0.000,0.000,20,,,,,,,,,,,,,,,,,,,,,,,,,,,,,0.000,0.000,,,
30-Jul-2015,1981 Acidic Tussock,NP,Deciduous,Other Deciduous (Note species in comments),new leaves,new above,0,0,0,0,0,.,.,.,0,0,0,0,0,.,.,.,0,0,0,0,0,.,.,.,0,0,0,0,0,.,.,.,0.000,0.000,20,,,,,,,,,,,,,,,,,,,,,,,,,,,,,0.000,0.000,,,
30-Jul-2015,1981 Acidic Tussock,NP,Deciduous,Other Deciduous (Note species in comments),new stems,new above,0,0,0,0,0,.,.,.,0,0,0,0,0,.,.,.,0,0,0,0,0,.,.,.,0,0,0,0,0,.,.,.,0.000,0.000,20,,,,,,,,,,,,,,,,,,,,,,,,,,,,,0.000,0.000,,,
30-Jul-2015,1981 Acidic Tussock,NP,Deciduous,Other Deciduous (Note species in comments),old stems,old above,0,0,0,0,0,.,.,.,0,0,0,0,0,.,.,.,0,0,0,0,0,.,.,.,0,0,0,0,0,.,.,.,0.000,0.000,20,,,,,,,,,,,,,,,,,,,,,,,,,,,,,0.000,0.000,,,
30-Jul-2015,1981 Acidic Tussock,NP,Deciduous,Other Deciduous (Note species in comments),inflorescence,new above,0,0,0,0,0,.,.,.,0,0,0,0,0,.,.,.,0,0,0,0,0,.,.,.,0,0,0,0,0,.,.,.,0.000,0.000,20,,,,,,,,,,,,,,,,,,,,,,,,,,,,,0.000,0.000,,,
30-Jul-2015,1981 Acidic Tussock,NP,Deciduous,Other Deciduous (Note species in comments),below stems,below,0,0,0,0,0,.,.,.,0,0,0,0,0,.,.,.,0,0,0,0,0,.,.,.,0,0,0,0,0,.,.,.,0.000,0.000,20,,,,,,,,,,,,,,,,,,,,,,,,,,,,,0.000,0.000,,,
30-Jul-2015,1981 Acidic Tussock,NP,Evergreen,Ledum palustre,new leaves,new above,0,0,0,0,0,.,.,.,0.331,0,0,0.121,0,.,.,.,0,0,0,0,0.126,.,.,.,0,0,0,0,0,.,.,.,0.029,0.018,20,,,,,,,,,,,,,,,,,,,,,,,,,,,,,0.723,0.450,,,
30-Jul-2015,1981 Acidic Tussock,NP,Evergreen,Ledum palustre,new stems,new above,0,0,0,0,0,.,.,.,0.127,0,0,0.062,0,.,.,.,0,0,0,0,0.049,.,.,.,0,0,0,0,0,.,.,.,0.012,0.007,20,,,,,,,,,,,,,,,,,,,,,,,,,,,,,0.298,0.179,,,
30-Jul-2015,1981 Acidic Tussock,NP,Evergreen,Ledum palustre,old leaves,old above,0,0,0,0,0,.,.,.,0.304,0,0,0.034,0,.,.,.,0,0,0,0,0.074,.,.,.,0,0,0,0,0,.,.,.,0.021,0.015,20,,,,,,,,,,,,,,,,,,,,,,,,,,,,,0.515,0.386,,,
30-Jul-2015,1981 Acidic Tussock,NP,Evergreen,Ledum palustre,old stems,old above,0,0,0,0,0,.,.,.,0.366,0,0,3.244,0,.,.,.,0,0,0,0,0.093,.,.,.,0,0,0,0,0,.,.,.,0.185,0.162,20,,,,,,,,,,,,,,,,,,,,,,,,,,,,,4.629,4.052,,,
30-Jul-2015,1981 Acidic Tussock,NP,Evergreen,Ledum palustre,inflorescence,new above,0,0,0,0,0,.,.,.,0,0,0,0,0,.,.,.,0,0,0,0,0,.,.,.,0,0,0,0,0,.,.,.,0.000,0.000,20,,,,,,,,,,,,,,,,,,,,,,,,,,,,,0.000,0.000,,,
30-Jul-2015,1981 Acidic Tussock,NP,Evergreen,Ledum palustre,below stems,below,0,0,0,0,0,.,.,.,1.239,0,0,0,0,.,.,.,0,0,0,0,0.039,.,.,.,0,0,0,0,0,.,.,.,0.064,0.062,20,,,,,,,,,,,,,,,,,,,,,,,,,,,,,1.598,1.547,,,
30-Jul-2015,1981 Acidic Tussock,NP,Evergreen,Vaccinium vitis-idaea,new leaves,new above,0,0,0,0,0,.,.,.,0,0,0,0,0,.,.,.,0,0,0,0,0,.,.,.,0,0,0,0,0,.,.,.,0.000,0.000,20,,,,,,,,,,,,,,,,,,,,,,,,,,,,,0.000,0.000,,,
30-Jul-2015,1981 Acidic Tussock,NP,Evergreen,Vaccinium vitis-idaea,new stems,new above,0,0,0,0,0,.,.,.,0,0,0,0,0,.,.,.,0,0,0,0,0,.,.,.,0,0,0,0,0,.,.,.,0.000,0.000,20,,,,,,,,,,,,,,,,,,,,,,,,,,,,,0.000,0.000,,,
30-Jul-2015,1981 Acidic Tussock,NP,Evergreen,Vaccinium vitis-idaea,old leaves,old above,0,0,0,0,0,.,.,.,0,0,0,0,0,.,.,.,0,0,0,0,0,.,.,.,0,0,0,0,0,.,.,.,0.000,0.000,20,,,,,,,,,,,,,,,,,,,,,,,,,,,,,0.000,0.000,,,
30-Jul-2015,1981 Acidic Tussock,NP,Evergreen,Vaccinium vitis-idaea,old stems,old above,0,0,0,0,0,.,.,.,0,0,0,0,0,.,.,.,0,0,0,0,0,.,.,.,0,0,0,0,0,.,.,.,0.000,0.000,20,,,,,,,,,,,,,,,,,,,,,,,,,,,,,0.000,0.000,,,
30-Jul-2015,1981 Acidic Tussock,NP,Evergreen,Vaccinium vitis-idaea,inflorescence,new above,0,0,0,0,0,.,.,.,0,0,0,0,0,.,.,.,0,0,0,0,0,.,.,.,0,0,0,0,0,.,.,.,0.000,0.000,20,,,,,,,,,,,,,,,,,,,,,,,,,,,,,0.000,0.000,,,
30-Jul-2015,1981 Acidic Tussock,NP,Evergreen,Vaccinium vitis-idaea,below stems,below,0,0,0,0,0,.,.,.,0,0,0,0,0,.,.,.,0,0,0,0,0,.,.,.,0,0,0,0,0,.,.,.,0.000,0.000,20,,,,,,,,,,,,,,,,,,,,,,,,,,,,,0.000,0.000,,,
30-Jul-2015,1981 Acidic Tussock,NP,Evergreen,Cassiope tetragona,new leaves,new above,0,0,0,0,0,.,.,.,0,0,0,0,0,.,.,.,0,0,0,0,0,.,.,.,0,0,0,0,0,.,.,.,0.000,0.000,20,,,,,,,,,,,,,,,,,,,,,,,,,,,,,0.000,0.000,,,
30-Jul-2015,1981 Acidic Tussock,NP,Evergreen,Cassiope tetragona,new stems,new above,0,0,0,0,0,.,.,.,0,0,0,0,0,.,.,.,0,0,0,0,0,.,.,.,0,0,0,0,0,.,.,.,0.000,0.000,20,,,,,,,,,,,,,,,,,,,,,,,,,,,,,0.000,0.000,,,
30-Jul-2015,1981 Acidic Tussock,NP,Evergreen,Cassiope tetragona,old leaves,old above,0,0,0,0,0,.,.,.,0,0,0,0,0,.,.,.,0,0,0,0,0,.,.,.,0,0,0,0,0,.,.,.,0.000,0.000,20,,,,,,,,,,,,,,,,,,,,,,,,,,,,,0.000,0.000,,,
30-Jul-2015,1981 Acidic Tussock,NP,Evergreen,Cassiope tetragona,old stems,old above,0,0,0,0,0,.,.,.,0,0,0,0,0,.,.,.,0,0,0,0,0,.,.,.,0,0,0,0,0,.,.,.,0.000,0.000,20,,,,,,,,,,,,,,,,,,,,,,,,,,,,,0.000,0.000,,,
30-Jul-2015,1981 Acidic Tussock,NP,Evergreen,Cassiope tetragona,inflorescence,new above,0,0,0,0,0,.,.,.,0,0,0,0,0,.,.,.,0,0,0,0,0,.,.,.,0,0,0,0,0,.,.,.,0.000,0.000,20,,,,,,,,,,,,,,,,,,,,,,,,,,,,,0.000,0.000,,,
30-Jul-2015,1981 Acidic Tussock,NP,Evergreen,Cassiope tetragona,below stems,below,0,0,0,0,0,.,.,.,0,0,0,0,0,.,.,.,0,0,0,0,0,.,.,.,0,0,0,0,0,.,.,.,0.000,0.000,20,,,,,,,,,,,,,,,,,,,,,,,,,,,,,0.000,0.000,,,
30-Jul-2015,1981 Acidic Tussock,NP,Evergreen,Andromeda,new leaves,new above,0,0,0,0,0,.,.,.,0.008,0,0,0.271,0,.,.,.,0,0,0,0,0,.,.,.,0,0,0,0,0,.,.,.,0.014,0.014,20,,,,,,,,,,,,,,,,,,,,,,,,,,,,,0.349,0.338,,,
30-Jul-2015,1981 Acidic Tussock,NP,Evergreen,Andromeda,new stems,new above,0,0,0,0,0,.,.,.,0.001,0,0,0.131,0,.,.,.,0,0,0,0,0,.,.,.,0,0,0,0,0,.,.,.,0.007,0.007,20,,,,,,,,,,,,,,,,,,,,,,,,,,,,,0.165,0.164,,,
30-Jul-2015,1981 Acidic Tussock,NP,Evergreen,Andromeda,old leaves,old above,0,0,0,0,0,.,.,.,0,0,0,0,0,.,.,.,0,0,0,0,0,.,.,.,0,0,0,0,0,.,.,.,0.000,0.000,20,,,,,,,,,,,,,,,,,,,,,,,,,,,,,0.000,0.000,,,
30-Jul-2015,1981 Acidic Tussock,NP,Evergreen,Andromeda,old stems,old above,0,0,0,0,0,.,.,.,0,0,0,1.044,0,.,.,.,0,0,0,0,0,.,.,.,0,0,0,0,0,.,.,.,0.052,0.052,20,,,,,,,,,,,,,,,,,,,,,,,,,,,,,1.305,1.305,,,
30-Jul-2015,1981 Acidic Tussock,NP,Evergreen,Andromeda,inflorescence,new above,0,0,0,0,0,.,.,.,0,0,0,0,0,.,.,.,0,0,0,0,0,.,.,.,0,0,0,0,0,.,.,.,0.000,0.000,20,,,,,,,,,,,,,,,,,,,,,,,,,,,,,0.000,0.000,,,
30-Jul-2015,1981 Acidic Tussock,NP,Evergreen,Andromeda,below stems,below,0,0,0,0,0,.,.,.,0,0,0,0.715,0,.,.,.,0,0,0,0,0,.,.,.,0,0,0,0,0,.,.,.,0.036,0.036,20,,,,,,,,,,,,,,,,,,,,,,,,,,,,,0.894,0.894,,,
30-Jul-2015,1981 Acidic Tussock,NP,Evergreen,Other Evergreen (Note species in comments),new leaves,new above,0,0,0,0,0,.,.,.,0,0,0,0,0,.,.,.,0,0,0,0,0,.,.,.,0,0,0,0,0,.,.,.,0.000,0.000,20,,,,,,,,,,,,,,,,,,,,,,,,,,,,,0.000,0.000,,,
30-Jul-2015,1981 Acidic Tussock,NP,Evergreen,Other Evergreen (Note species in comments),new stems,new above,0,0,0,0,0,.,.,.,0,0,0,0,0,.,.,.,0,0,0,0,0,.,.,.,0,0,0,0,0,.,.,.,0.000,0.000,20,,,,,,,,,,,,,,,,,,,,,,,,,,,,,0.000,0.000,,,
30-Jul-2015,1981 Acidic Tussock,NP,Evergreen,Other Evergreen (Note species in comments),old leaves,old above,0,0,0,0,0,.,.,.,0,0,0,0,0,.,.,.,0,0,0,0,0,.,.,.,0,0,0,0,0,.,.,.,0.000,0.000,20,,,,,,,,,,,,,,,,,,,,,,,,,,,,,0.000,0.000,,,
30-Jul-2015,1981 Acidic Tussock,NP,Evergreen,Other Evergreen (Note species in comments),old stems,old above,0,0,0,0,0,.,.,.,0,0,0,0,0,.,.,.,0,0,0,0,0,.,.,.,0,0,0,0,0,.,.,.,0.000,0.000,20,,,,,,,,,,,,,,,,,,,,,,,,,,,,,0.000,0.000,,,
30-Jul-2015,1981 Acidic Tussock,NP,Evergreen,Other Evergreen (Note species in comments),inflorescence,new above,0,0,0,0,0,.,.,.,0,0,0,0,0,.,.,.,0,0,0,0,0,.,.,.,0,0,0,0,0,.,.,.,0.000,0.000,20,,,,,,,,,,,,,,,,,,,,,,,,,,,,,0.000,0.000,,,
30-Jul-2015,1981 Acidic Tussock,NP,Evergreen,Other Evergreen (Note species in comments),below stems,below,0,0,0,0,0,.,.,.,0,0,0,0,0,.,.,.,0,0,0,0,0,.,.,.,0,0,0,0,0,.,.,.,0.000,0.000,20,,,,,,,,,,,,,,,,,,,,,,,,,,,,,0.000,0.000,,,
30-Jul-2015,1981 Acidic Tussock,NP,Forbs,Polygonum bistorta,new above,new above,0,0,0,0,0,.,.,.,0,0,0,0,0,.,.,.,0,0,0,0,0,.,.,.,0,0,0,0,0,.,.,.,0.000,0.000,20,,,,,,,,,,,,,,,,,,,,,,,,,,,,,0.000,0.000,,,
30-Jul-2015,1981 Acidic Tussock,NP,Forbs,Polygonum bistorta,Below,below,0,0,0,0,0,.,.,.,0,0,0,0,0,.,.,.,0,0,0,0,0,.,.,.,0,0,0,0,0,.,.,.,0.000,0.000,20,,,,,,,,,,,,,,,,,,,,,,,,,,,,,0.000,0.000,,,
30-Jul-2015,1981 Acidic Tussock,NP,Forbs,Equisetum spp.,new above,new above,0,0,0,0,0,.,.,.,0,0,0,0,0,.,.,.,0,0,0,0,0,.,.,.,0,0,0,0,0,.,.,.,0.000,0.000,20,,,,,,,,,,,,,,,,,,,,,,,,,,,,,0.000,0.000,,,
30-Jul-2015,1981 Acidic Tussock,NP,Forbs,Equisetum spp.,Below,below,0,0,0,0,0,.,.,.,0,0,0,0,0,.,.,.,0,0,0,0,0,.,.,.,0,0,0,0,0,.,.,.,0.000,0.000,20,,,,,,,,,,,,,,,,,,,,,,,,,,,,,0.000,0.000,,,
30-Jul-2015,1981 Acidic Tussock,NP,Forbs,Other forbs (Note species in comments) ,new above,new above,0,0,0,0,0,.,.,.,0,0,0,0,0,.,.,.,0,0,0,0,0,.,.,.,0,0,0,0,0,.,.,.,0.000,0.000,20,,,,,,,,,,,,,,,,,,,,,,,,,,,,,0.000,0.000,,,
30-Jul-2015,1981 Acidic Tussock,NP,Forbs,Other forbs (Note species in comments) ,Below,below,0,0,0,0,0,.,.,.,0,0,0,0,0,.,.,.,0,0,0,0,0,.,.,.,0,0,0,0,0,.,.,.,0.000,0.000,20,,,,,,,,,,,,,,,,,,,,,,,,,,,,,0.000,0.000,,,
30-Jul-2015,1981 Acidic Tussock,NP,Forbs,Other forbs (Note species in comments) ,inflorescence,new above,0,0,0,0,0,.,.,.,0,0,0,0,0,.,.,.,0,0,0,0,0,.,.,.,0,0,0,0,0,.,.,.,0.000,0.000,20,,,,,,,,,,,,,,,,,,,,,,,,,,,,,0.000,0.000,,,
30-Jul-2015,1981 Acidic Tussock,NP,Mosses,Sphagnum,live green,non-vascular,0,0.004,0,0,0,.,.,.,0,0,0,0,0,.,.,.,0,0,0,0,0,.,.,.,0,0,0,0,0,.,.,.,0.000,0.000,20,,,,,,,,,,,,,,,,,,,,,,,,,,,,,0.005,0.005,,,
31-Jul-2015,1981 Acidic Tussock,NP,Mosses,Hylocomnium,live green,non-vascular,0,0,0,0,0,.,.,.,0,0,0,0,0,.,.,.,0,0,0,0,0,.,.,.,0,0,0,0,0,.,.,.,0.000,0.000,20,,,,,,,,,,,,,,,,,,,,,,,,,,,,,0.000,0.000,,,
30-Jul-2015,1981 Acidic Tussock,NP,Mosses,Tomenthypnum,live green,non-vascular,0,0.005,0,0,0,.,.,.,0,0,0,0,0,.,.,.,0,0,0,0,0,.,.,.,0,0,0,0.352,0,.,.,.,0.018,0.018,20,,,,,,,,,,,,,,,,,,,,,,,,,,,,,0.446,0.440,,,
30-Jul-2015,1981 Acidic Tussock,NP,Mosses,Other Mosses ,live green,non-vascular,0,0,0,0,0,.,.,.,0,0,0,0,0,.,.,.,0,0,0,0,0.338,.,.,.,0.008,0.089,2.677,0,0,.,.,.,0.156,0.134,20,,,,,,,,,,,,,,,,,,,,,,,,,,,,,3.890,3.345,,,
30-Jul-2015,1981 Acidic Tussock,NP,Lichens,Mixed Lichen,live,non-vascular,0.052,0,0,0,0,.,.,.,0,0.03,0,0,0,.,.,.,0,0,0,0,0.01,.,.,.,0,0,0,0,0,.,.,.,0.005,0.003,20,,,,,,,,,,,,,,,,,,,,,,,,,,,,,0.115,0.073,,,
30-Jul-2015,1981 Acidic Tussock,NP,Litter/Standing Dead,Wood,litter,,0,0.542,31.056,0.946,1.321,.,.,.,14.226,29.897,12.608,9.353,17.364,.,.,.,10.343,27.493,24.004,15.365,20.556,.,.,.,9.913,30.032,27.217,37.731,28.363,.,.,.,17.417,2.622,20,,,,,,,,,,,,,,,,,,,,,,,,,,,,,435.413,65.539,,,
30-Jul-2015,1981 Acidic Tussock,NP,Litter/Standing Dead,Leaf,litter,,0,0.059,0,0.392,0,.,.,.,0,0,0.001,0,0,.,.,.,0.032,0,0,0.032,0.074,.,.,.,0.031,0.279,0,0,0,.,.,.,0.045,0.023,20,,,,,,,,,,,,,,,,,,,,,,,,,,,,,1.125,0.578,,,
30-Jul-2015,1981 Acidic Tussock,NP,Litter/Standing Dead,Loose Litter,litter,,58.853,78.517,93.366,26.248,13.197,.,.,.,36.341,11.709,41.542,24.126,37.158,.,.,.,25.89,7.799,34.362,59.191,29.485,.,.,.,17.608,12.819,4.644,36.868,4.675,.,.,.,32.720,5.406,20,,,,,,,,,,,,,,,,,,,,,,,,,,,,,817.998,135.149,,,
