"Data set title: Steven C. Pennings. 2022. Critical slowing down: vegetation height, cover and composition assess resilience of tidal fresh, brackish and salt marshes following experimental disturbance at twelve sites across the estuarine landscape. Georgia Coastal Ecosystems LTER Data Catalog (data set PLT-GCED-2207; http://gce-lter.marsci.uga.edu/data/PLT-GCED-2207)",,,,,,,,,,,,,,,,,,,,,,,,,,,,,,
,,,,,,,,,,,,,,,,,,,,,,,,,,,,,,,
"Date","Site","Latitude","Longitude","Treatment","Plot","Sub-plot","Vegetation_Cover","Vegetation_Height","Zizaniopsis_miliacea","Polygonum_hydropiperoides","Pontederia_cordata","Cicuta_maculata","Juncus_roemerianus","Spartina_cynosuroides","Schoenoplectus_americanus","Schoenoplectus_robustus","Limonium_carolinianum","Spartina_alterniflora","Sarcocornia_sp","Batis_maritima","Aster_sp","Eleocharis_palustris","Juncus_effusus","Ludwigia_repens","Peltandra_virginica","Sagittaria_lancifolia","Rumex_verticillatus","Typha_angustifolia","Panicum_virgatum","Solidago_sempervirens"
"YYYY-MM","none","degree","degree","none","none","none","percent","cm","percent","percent","percent","percent","percent","percent","percent","percent","percent","percent","percent","percent","percent","percent","percent","percent","percent","percent","percent","percent","percent","percent"
"datetime","nominal","coord","coord","text","nominal","nominal","data","data","data","data","data","data","data","data","data","data","data","data","data","data","data","data","data","data","data","data","data","data","data","data"
2010-10,"A",31.337287,-81.479561,"Disturbed (March-2010)",1,1,93,76,11,5,11,15,0,0,0,0,0,0,0,0,0,0,0,58,0,0,0,0,0,0
2010-10,"A",31.337287,-81.479561,"Disturbed (March-2010)",1,2,96,35,0,10,4,11,0,0,0,0,0,0,0,0,0,0,0,74,1,0,0,0,0,0
2010-10,"A",31.337287,-81.479561,"Disturbed (March-2010)",2,1,88,100,16,15,0,15,0,0,0,0,0,0,0,0,0,0,0,53,0,0,1,0,0,0
2010-10,"A",31.337287,-81.479561,"Disturbed (March-2010)",2,2,89,40,0,11,4,12,0,0,0,0,0,0,0,0,0,1,0,72,0,0,0,0,0,0
2010-10,"A",31.337287,-81.479561,"Disturbed (March-2010)",3,1,92,92,14,8,3,4,0,0,0,0,0,0,0,0,0,0,0,71,0,0,0,0,0,0
2010-10,"A",31.337287,-81.479561,"Disturbed (March-2010)",3,2,90,38,0,0,0,9,0,0,0,0,0,0,0,0,0,0,7,80,0,3,0,1,0,0
2010-10,"A",31.337287,-81.479561,"Disturbed (March-2010)",4,1,93,88,0,8,6,0,0,0,0,0,0,0,0,0,0,0,0,86,0,0,0,0,0,0
2010-10,"A",31.337287,-81.479561,"Disturbed (March-2010)",4,2,95,84,12,15,0,0,0,0,0,0,0,0,0,0,0,0,0,73,0,0,0,0,0,0
2010-10,"A",31.337287,-81.479561,"Control",1,1,100,166,83,6,2,4,0,0,0,0,0,0,0,0,1,1,1,1,0,1,0,0,0,0
2010-10,"A",31.337287,-81.479561,"Control",1,2,100,195,80,10,3,2,0,0,0,0,0,0,0,0,1,0,1,0,1,0,1,1,0,0
2010-10,"A",31.337287,-81.479561,"Control",2,1,100,209,88,5,1,1,0,0,0,0,0,0,0,0,1,1,0,1,1,1,0,0,0,0
2010-10,"A",31.337287,-81.479561,"Control",2,2,100,196,76,13,2,2,0,0,0,0,0,0,0,0,0,1,2,1,1,0,1,1,0,0
2010-10,"A",31.337287,-81.479561,"Control",3,1,100,205,75,13,5,3,0,0,0,0,0,0,0,0,1,0,1,1,0,1,0,0,0,0
2010-10,"A",31.337287,-81.479561,"Control",3,2,100,204,82,7,3,2,0,0,0,0,0,0,0,0,1,1,0,1,1,0,1,1,0,0
2010-10,"A",31.337287,-81.479561,"Control",4,1,100,198,81,5,3,5,0,0,0,0,0,0,0,0,0,1,1,1,0,1,1,1,0,0
2010-10,"A",31.337287,-81.479561,"Control",4,2,99,193,82,12,3,1,0,0,0,0,0,0,0,0,0,0,0,0,0,1,1,0,0,0
2011-10,"A",31.337287,-81.479561,"Disturbed (March-2010)",1,1,100,155,58,20,2,10,0,0,0,0,0,0,0,0,0,0,0,10,0,0,0,0,0,0
2011-10,"A",31.337287,-81.479561,"Disturbed (March-2010)",1,2,100,111,8,33,14,10,0,0,0,0,0,0,0,0,0,0,0,30,0,4,1,0,0,0
2011-10,"A",31.337287,-81.479561,"Disturbed (March-2010)",2,1,100,141,30,48,2,10,0,0,0,0,0,0,0,0,0,0,0,10,0,0,0,0,0,0
2011-10,"A",31.337287,-81.479561,"Disturbed (March-2010)",2,2,100,119,12,46,6,20,0,0,0,0,0,0,0,0,0,0,0,15,1,0,0,0,0,0
2011-10,"A",31.337287,-81.479561,"Disturbed (March-2010)",3,1,100,181,37,28,4,6,0,0,0,0,0,0,0,0,0,0,0,25,0,0,0,0,0,0
2011-10,"A",31.337287,-81.479561,"Disturbed (March-2010)",3,2,99,129,24,22,3,30,0,0,0,0,0,0,0,0,0,1,4,15,0,0,0,1,0,0
2011-10,"A",31.337287,-81.479561,"Disturbed (March-2010)",4,1,100,130,29,32,19,0,0,0,0,0,0,0,0,0,0,0,0,20,0,0,0,0,0,0
2011-10,"A",31.337287,-81.479561,"Disturbed (March-2010)",4,2,100,165,57,21,0,0,0,0,0,0,0,0,0,0,0,0,0,22,0,0,0,0,0,0
2011-10,"A",31.337287,-81.479561,"Control",1,1,100,163,86,9,2,2,0,0,0,0,0,0,0,0,0,0,0,1,0,0,0,0,0,0
2011-10,"A",31.337287,-81.479561,"Control",1,2,100,165,86,6,2,2,0,0,0,0,0,0,0,0,0,1,1,0,0,1,1,0,0,0
2011-10,"A",31.337287,-81.479561,"Control",2,1,100,169,85,5,2,3,0,0,0,0,0,0,0,0,1,0,1,0,1,1,0,1,0,0
2011-10,"A",31.337287,-81.479561,"Control",2,2,100,180,81,9,2,2,0,0,0,0,0,0,0,0,0,1,1,1,1,1,1,0,0,0
2011-10,"A",31.337287,-81.479561,"Control",3,1,100,195,82,7,3,1,0,0,0,0,0,0,0,0,1,1,0,1,1,1,1,1,0,0
2011-10,"A",31.337287,-81.479561,"Control",3,2,100,175,83,9,2,2,0,0,0,0,0,0,0,0,1,0,0,1,1,1,0,0,0,0
2011-10,"A",31.337287,-81.479561,"Control",4,1,99,161,82,9,1,4,0,0,0,0,0,0,0,0,1,1,0,0,1,0,0,1,0,0
2011-10,"A",31.337287,-81.479561,"Control",4,2,100,176,82,10,3,2,0,0,0,0,0,0,0,0,2,0,0,0,0,1,0,0,0,0
2012-10,"A",31.337287,-81.479561,"Disturbed (March-2010)",1,1,100,164,78,0,10,11,0,0,0,0,0,0,0,0,0,0,0,1,0,0,0,0,0,0
2012-10,"A",31.337287,-81.479561,"Disturbed (March-2010)",1,2,100,145,85,0,5,5,0,0,0,0,0,0,0,0,1,0,0,1,1,1,1,0,0,0
2012-10,"A",31.337287,-81.479561,"Disturbed (March-2010)",2,1,100,150,86,8,4,0,0,0,0,0,0,0,0,0,0,0,0,1,0,0,0,1,0,0
2012-10,"A",31.337287,-81.479561,"Disturbed (March-2010)",2,2,100,174,35,30,33,0,0,0,0,0,0,0,0,0,0,0,0,2,0,0,0,0,0,0
2012-10,"A",31.337287,-81.479561,"Disturbed (March-2010)",3,1,100,173,68,26,5,0,0,0,0,0,0,0,0,0,0,0,0,1,0,0,0,0,0,0
2012-10,"A",31.337287,-81.479561,"Disturbed (March-2010)",3,2,100,162,75,17,5,0,0,0,0,0,0,0,0,0,0,1,1,1,0,0,0,0,0,0
2012-10,"A",31.337287,-81.479561,"Disturbed (March-2010)",4,1,100,166,69,13,16,0,0,0,0,0,0,0,0,0,0,0,0,2,0,0,0,0,0,0
2012-10,"A",31.337287,-81.479561,"Disturbed (March-2010)",4,2,100,176,81,12,5,0,0,0,0,0,0,0,0,0,0,0,0,2,0,0,0,0,0,0
2012-10,"A",31.337287,-81.479561,"Control",1,1,100,186,79,5,9,5,0,0,0,0,0,0,0,0,0,0,0,1,1,0,0,0,0,0
2012-10,"A",31.337287,-81.479561,"Control",1,2,100,171,86,5,2,2,0,0,0,0,0,0,0,0,1,0,1,0,0,1,1,1,0,0
2012-10,"A",31.337287,-81.479561,"Control",2,1,100,179,80,5,6,2,0,0,0,0,0,0,0,0,1,1,1,1,1,1,1,0,0,0
2012-10,"A",31.337287,-81.479561,"Control",2,2,100,182,81,8,3,3,0,0,0,0,0,0,0,0,1,0,1,1,1,0,1,0,0,0
2012-10,"A",31.337287,-81.479561,"Control",3,1,99,190,85,2,3,2,0,0,0,0,0,0,0,0,1,1,1,1,1,0,2,1,0,0
2012-10,"A",31.337287,-81.479561,"Control",3,2,100,193,79,9,5,3,0,0,0,0,0,0,0,0,0,0,0,1,0,1,1,1,0,0
2012-10,"A",31.337287,-81.479561,"Control",4,1,100,178,81,7,1,6,0,0,0,0,0,0,0,0,1,1,2,0,1,0,0,0,0,0
2012-10,"A",31.337287,-81.479561,"Control",4,2,100,179,80,10,3,2,0,0,0,0,0,0,0,0,1,0,0,1,1,1,1,0,0,0
2013-10,"A",31.337287,-81.479561,"Disturbed (March-2010)",1,1,100,185,78,12,6,3,0,0,0,0,0,0,0,0,0,0,0,0,0,1,0,0,0,0
2013-10,"A",31.337287,-81.479561,"Disturbed (March-2010)",1,2,100,193,81,11,0,7,0,0,0,0,0,0,0,0,0,0,1,0,0,0,0,0,0,0
2013-10,"A",31.337287,-81.479561,"Disturbed (March-2010)",2,1,100,208,72,13,10,2,0,0,0,0,0,0,0,0,1,0,0,1,0,0,0,1,0,0
2013-10,"A",31.337287,-81.479561,"Disturbed (March-2010)",2,2,100,198,81,8,5,3,0,0,0,0,0,0,0,0,1,0,1,0,1,0,0,0,0,0
2013-10,"A",31.337287,-81.479561,"Disturbed (March-2010)",3,1,100,181,83,5,5,5,0,0,0,0,0,0,0,0,0,0,0,0,0,1,1,0,0,0
2013-10,"A",31.337287,-81.479561,"Disturbed (March-2010)",3,2,99,206,72,13,9,2,0,0,0,0,0,0,0,0,1,0,1,0,1,1,0,0,0,0
2013-10,"A",31.337287,-81.479561,"Disturbed (March-2010)",4,1,100,180,75,11,8,3,0,0,0,0,0,0,0,0,1,1,0,0,0,1,0,0,0,0
2013-10,"A",31.337287,-81.479561,"Disturbed (March-2010)",4,2,100,191,82,5,9,3,0,0,0,0,0,0,0,0,1,0,0,0,0,0,0,0,0,0
2013-10,"A",31.337287,-81.479561,"Control",1,1,100,188,80,9,3,3,0,0,0,0,0,0,0,0,1,1,1,1,0,0,1,0,0,0
2013-10,"A",31.337287,-81.479561,"Control",1,2,100,194,82,8,2,4,0,0,0,0,0,0,0,0,0,0,1,0,1,1,0,1,0,0
2013-10,"A",31.337287,-81.479561,"Control",2,1,100,209,83,3,5,3,0,0,0,0,0,0,0,0,1,1,0,1,1,1,1,0,0,0
2013-10,"A",31.337287,-81.479561,"Control",2,2,100,199,79,5,3,5,0,0,0,0,0,0,0,0,1,0,2,1,1,1,1,1,0,0
2013-10,"A",31.337287,-81.479561,"Control",3,1,100,184,83,6,2,3,0,0,0,0,0,0,0,0,1,1,0,1,0,1,1,1,0,0
2013-10,"A",31.337287,-81.479561,"Control",3,2,99,210,80,5,2,5,0,0,0,0,0,0,0,0,1,1,1,1,1,1,1,1,0,0
2013-10,"A",31.337287,-81.479561,"Control",4,1,100,184,78,9,2,6,0,0,0,0,0,0,0,0,0,1,1,1,1,0,0,1,0,0
2013-10,"A",31.337287,-81.479561,"Control",4,2,100,194,81,11,3,2,0,0,0,0,0,0,0,0,0,0,0,0,1,1,1,0,0,0
2014-10,"A",31.337287,-81.479561,"Disturbed (March-2010)",1,1,100,238,84,8,2,3,0,0,0,0,0,0,0,0,0,0,0,1,1,0,1,0,0,0
2014-10,"A",31.337287,-81.479561,"Disturbed (March-2010)",1,2,100,246,85,5,2,2,0,0,0,0,0,0,0,0,1,1,1,0,1,1,0,1,0,0
2014-10,"A",31.337287,-81.479561,"Disturbed (March-2010)",2,1,98,238,81,7,5,2,0,0,0,0,0,0,0,0,1,0,0,0,1,1,1,1,0,0
2014-10,"A",31.337287,-81.479561,"Disturbed (March-2010)",2,2,100,241,80,8,2,3,0,0,0,0,0,0,0,0,1,1,1,1,0,1,1,1,0,0
2014-10,"A",31.337287,-81.479561,"Disturbed (March-2010)",3,1,100,220,81,5,5,5,0,0,0,0,0,0,0,0,0,1,1,0,1,1,0,0,0,0
2014-10,"A",31.337287,-81.479561,"Disturbed (March-2010)",3,2,100,238,82,7,4,3,0,0,0,0,0,0,0,0,1,0,0,0,1,1,1,0,0,0
2014-10,"A",31.337287,-81.479561,"Disturbed (March-2010)",4,1,100,219,81,8,3,1,0,0,0,0,0,0,0,0,1,1,1,1,1,0,1,1,0,0
2014-10,"A",31.337287,-81.479561,"Disturbed (March-2010)",4,2,100,210,83,7,2,5,0,0,0,0,0,0,0,0,1,0,0,0,1,1,0,0,0,0
2014-10,"A",31.337287,-81.479561,"Control",1,1,100,248,81,9,4,2,0,0,0,0,0,0,0,0,1,0,0,1,0,1,0,1,0,0
2014-10,"A",31.337287,-81.479561,"Control",1,2,100,248,82,8,3,1,0,0,0,0,0,0,0,0,0,1,0,1,1,1,1,1,0,0
2014-10,"A",31.337287,-81.479561,"Control",2,1,99,245,81,7,5,3,0,0,0,0,0,0,0,0,1,1,0,0,0,1,0,1,0,0
2014-10,"A",31.337287,-81.479561,"Control",2,2,100,248,85,5,2,2,0,0,0,0,0,0,0,0,1,0,1,1,1,1,0,1,0,0
2014-10,"A",31.337287,-81.479561,"Control",3,1,100,223,83,3,2,5,0,0,0,0,0,0,0,0,1,1,1,1,1,0,1,1,0,0
2014-10,"A",31.337287,-81.479561,"Control",3,2,100,240,82,7,5,2,0,0,0,0,0,0,0,0,0,1,1,0,1,1,0,0,0,0
2014-10,"A",31.337287,-81.479561,"Control",4,1,100,220,86,2,5,2,0,0,0,0,0,0,0,0,1,1,0,1,0,0,1,1,0,0
2014-10,"A",31.337287,-81.479561,"Control",4,2,100,228,82,3,7,5,0,0,0,0,0,0,0,0,2,0,0,1,0,0,0,0,0,0
2010-10,"B",31.304191,-81.401970,"Disturbed (March-2010)",1,1,0,0,0,0,0,0,7,2,41,48,0,0,0,0,0,0,0,0,0,0,0,0,1,1
2010-10,"B",31.304191,-81.401970,"Disturbed (March-2010)",1,2,19,25,0,0,0,0,8,3,38,50,0,0,0,0,0,0,0,0,0,0,0,0,0,1
2010-10,"B",31.304191,-81.401970,"Disturbed (March-2010)",2,1,47,51,0,0,0,0,6,5,45,43,0,0,0,0,0,0,0,0,0,0,0,0,0,1
2010-10,"B",31.304191,-81.401970,"Disturbed (March-2010)",2,2,90,69,0,0,0,0,9,3,47,38,0,0,0,0,0,0,0,0,0,0,0,0,1,2
2010-10,"B",31.304191,-81.401970,"Disturbed (March-2010)",3,1,34,66,0,0,0,0,6,1,56,34,0,0,0,0,0,0,0,0,0,0,0,0,2,1
2010-10,"B",31.304191,-81.401970,"Disturbed (March-2010)",3,2,80,48,0,0,0,0,3,5,39,51,0,0,0,0,0,0,0,0,0,0,0,0,0,2
2010-10,"B",31.304191,-81.401970,"Disturbed (March-2010)",4,1,15,16,0,0,0,0,9,3,33,53,0,0,0,0,0,0,0,0,0,0,0,0,1,1
2010-10,"B",31.304191,-81.401970,"Disturbed (March-2010)",4,2,3,0,0,0,0,0,8,2,33,56,0,0,0,0,0,0,0,0,0,0,0,0,0,1
2010-10,"B",31.304191,-81.401970,"Control",1,1,100,174,0,0,0,0,56,30,7,6,0,0,0,0,0,0,0,0,0,0,0,0,0,1
2010-10,"B",31.304191,-81.401970,"Control",1,2,100,180,0,0,0,0,57,25,6,9,0,0,0,0,0,0,0,0,0,0,0,0,1,2
2010-10,"B",31.304191,-81.401970,"Control",2,1,100,211,0,0,0,0,59,23,7,9,0,0,0,0,0,0,0,0,0,0,0,0,1,1
2010-10,"B",31.304191,-81.401970,"Control",2,2,100,184,0,0,0,0,55,26,6,10,0,0,0,0,0,0,0,0,0,0,0,0,2,1
2010-10,"B",31.304191,-81.401970,"Control",3,1,100,166,0,0,0,0,52,25,12,8,0,0,0,0,0,0,0,0,0,0,0,0,2,1
2010-10,"B",31.304191,-81.401970,"Control",3,2,98,170,0,0,0,0,59,28,6,5,0,0,0,0,0,0,0,0,0,0,0,0,1,1
2010-10,"B",31.304191,-81.401970,"Control",4,1,100,193,0,0,0,0,58,21,9,9,0,0,0,0,0,0,0,0,0,0,0,0,1,2
2010-10,"B",31.304191,-81.401970,"Control",4,2,100,209,0,0,0,0,55,23,11,9,0,0,0,0,0,0,0,0,0,0,0,0,1,1
2011-10,"B",31.304191,-81.401970,"Disturbed (March-2010)",1,1,26,65,0,0,0,0,6,4,43,46,0,0,0,0,0,0,0,0,0,0,0,0,0,1
2011-10,"B",31.304191,-81.401970,"Disturbed (March-2010)",1,2,86,97,0,0,0,0,10,3,37,48,0,0,0,0,0,0,0,0,0,0,0,0,1,1
2011-10,"B",31.304191,-81.401970,"Disturbed (March-2010)",2,1,98,74,0,0,0,0,10,5,43,39,0,0,0,0,0,0,0,0,0,0,0,0,1,2
2011-10,"B",31.304191,-81.401970,"Disturbed (March-2010)",2,2,98,106,0,0,0,0,8,7,41,40,0,0,0,0,0,0,0,0,0,0,0,0,2,2
2011-10,"B",31.304191,-81.401970,"Disturbed (March-2010)",3,1,90,76,0,0,0,0,10,3,49,36,0,0,0,0,0,0,0,0,0,0,0,0,1,1
2011-10,"B",31.304191,-81.401970,"Disturbed (March-2010)",3,2,94,76,0,0,0,0,11,5,37,45,0,0,0,0,0,0,0,0,0,0,0,0,0,2
2011-10,"B",31.304191,-81.401970,"Disturbed (March-2010)",4,1,71,53,0,0,0,0,7,6,33,51,0,0,0,0,0,0,0,0,0,0,0,0,2,1
2011-10,"B",31.304191,-81.401970,"Disturbed (March-2010)",4,2,43,94,0,0,0,0,9,3,35,51,0,0,0,0,0,0,0,0,0,0,0,0,0,2
2011-10,"B",31.304191,-81.401970,"Control",1,1,100,203,0,0,0,0,55,28,6,9,0,0,0,0,0,0,0,0,0,0,0,0,1,1
2011-10,"B",31.304191,-81.401970,"Control",1,2,100,198,0,0,0,0,58,24,8,7,0,0,0,0,0,0,0,0,0,0,0,0,2,1
2011-10,"B",31.304191,-81.401970,"Control",2,1,100,205,0,0,0,0,60,22,7,7,0,0,0,0,0,0,0,0,0,0,0,0,2,2
2011-10,"B",31.304191,-81.401970,"Control",2,2,100,180,0,0,0,0,53,27,6,12,0,0,0,0,0,0,0,0,0,0,0,0,1,1
2011-10,"B",31.304191,-81.401970,"Control",3,1,98,181,0,0,0,0,56,24,8,9,0,0,0,0,0,0,0,0,0,0,0,0,1,2
2011-10,"B",31.304191,-81.401970,"Control",3,2,94,175,0,0,0,0,57,26,8,7,0,0,0,0,0,0,0,0,0,0,0,0,1,1
2011-10,"B",31.304191,-81.401970,"Control",4,1,100,192,0,0,0,0,55,26,11,7,0,0,0,0,0,0,0,0,0,0,0,0,0,1
2011-10,"B",31.304191,-81.401970,"Control",4,2,100,184,0,0,0,0,52,22,12,12,0,0,0,0,0,0,0,0,0,0,0,0,1,1
2012-10,"B",31.304191,-81.401970,"Disturbed (March-2010)",1,1,19,24,0,0,0,0,8,4,40,45,0,0,0,0,0,0,0,0,0,0,0,0,1,2
2012-10,"B",31.304191,-81.401970,"Disturbed (March-2010)",1,2,96,70,0,0,0,0,9,5,35,49,0,0,0,0,0,0,0,0,0,0,0,0,1,1
2012-10,"B",31.304191,-81.401970,"Disturbed (March-2010)",2,1,100,77,0,0,0,0,10,7,43,38,0,0,0,0,0,0,0,0,0,0,0,0,1,1
2012-10,"B",31.304191,-81.401970,"Disturbed (March-2010)",2,2,100,90,0,0,0,0,12,3,41,40,0,0,0,0,0,0,0,0,0,0,0,0,2,2
2012-10,"B",31.304191,-81.401970,"Disturbed (March-2010)",3,1,97,106,0,0,0,0,11,5,49,33,0,0,0,0,0,0,0,0,0,0,0,0,1,1
2012-10,"B",31.304191,-81.401970,"Disturbed (March-2010)",3,2,87,83,0,0,0,0,12,7,33,46,0,0,0,0,0,0,0,0,0,0,0,0,1,1
2012-10,"B",31.304191,-81.401970,"Disturbed (March-2010)",4,1,66,75,0,0,0,0,9,3,33,51,0,0,0,0,0,0,0,0,0,0,0,0,2,2
2012-10,"B",31.304191,-81.401970,"Disturbed (March-2010)",4,2,99,121,0,0,0,0,8,7,31,52,0,0,0,0,0,0,0,0,0,0,0,0,0,2
2012-10,"B",31.304191,-81.401970,"Control",1,1,99,144,0,0,0,0,56,25,7,10,0,0,0,0,0,0,0,0,0,0,0,0,1,1
2012-10,"B",31.304191,-81.401970,"Control",1,2,97,158,0,0,0,0,60,22,10,6,0,0,0,0,0,0,0,0,0,0,0,0,1,1
2012-10,"B",31.304191,-81.401970,"Control",2,1,100,86,0,0,0,0,58,25,6,8,0,0,0,0,0,0,0,0,0,0,0,0,2,1
2012-10,"B",31.304191,-81.401970,"Control",2,2,100,125,0,0,0,0,51,29,7,11,0,0,0,0,0,0,0,0,0,0,0,0,1,1
2012-10,"B",31.304191,-81.401970,"Control",3,1,99,130,0,0,0,0,56,27,7,8,0,0,0,0,0,0,0,0,0,0,0,0,1,1
2012-10,"B",31.304191,-81.401970,"Control",3,2,100,138,0,0,0,0,57,25,9,6,0,0,0,0,0,0,0,0,0,0,0,0,1,2
2012-10,"B",31.304191,-81.401970,"Control",4,1,95,134,0,0,0,0,61,23,6,8,0,0,0,0,0,0,0,0,0,0,0,0,1,1
2012-10,"B",31.304191,-81.401970,"Control",4,2,100,140,0,0,0,0,53,22,11,11,0,0,0,0,0,0,0,0,0,0,0,0,1,2
2013-10,"B",31.304191,-81.401970,"Disturbed (March-2010)",1,1,95,77,0,0,0,0,15,7,36,40,0,0,0,0,0,0,0,0,0,0,0,0,1,1
2013-10,"B",31.304191,-81.401970,"Disturbed (March-2010)",1,2,85,66,0,0,0,0,17,8,29,43,0,0,0,0,0,0,0,0,0,0,0,0,2,1
2013-10,"B",31.304191,-81.401970,"Disturbed (March-2010)",2,1,97,95,0,0,0,0,20,6,38,33,0,0,0,0,0,0,0,0,0,0,0,0,1,2
2013-10,"B",31.304191,-81.401970,"Disturbed (March-2010)",2,2,98,135,0,0,0,0,13,7,38,40,0,0,0,0,0,0,0,0,0,0,0,0,1,1
2013-10,"B",31.304191,-81.401970,"Disturbed (March-2010)",3,1,98,102,0,0,0,0,12,5,49,32,0,0,0,0,0,0,0,0,0,0,0,0,1,1
2013-10,"B",31.304191,-81.401970,"Disturbed (March-2010)",3,2,96,77,0,0,0,0,18,9,33,36,0,0,0,0,0,0,0,0,0,0,0,0,2,2
2013-10,"B",31.304191,-81.401970,"Disturbed (March-2010)",4,1,95,74,0,0,0,0,17,8,33,40,0,0,0,0,0,0,0,0,0,0,0,0,1,1
2013-10,"B",31.304191,-81.401970,"Disturbed (March-2010)",4,2,98,83,0,0,0,0,15,5,31,46,0,0,0,0,0,0,0,0,0,0,0,0,1,2
2013-10,"B",31.304191,-81.401970,"Control",1,1,100,175,0,0,0,0,52,28,8,9,0,0,0,0,0,0,0,0,0,0,0,0,2,1
2013-10,"B",31.304191,-81.401970,"Control",1,2,100,216,0,0,0,0,61,21,9,7,0,0,0,0,0,0,0,0,0,0,0,0,1,1
2013-10,"B",31.304191,-81.401970,"Control",2,1,98,102,0,0,0,0,59,26,6,7,0,0,0,0,0,0,0,0,0,0,0,0,1,1
2013-10,"B",31.304191,-81.401970,"Control",2,2,100,195,0,0,0,0,52,28,8,10,0,0,0,0,0,0,0,0,0,0,0,0,1,1
2013-10,"B",31.304191,-81.401970,"Control",3,1,100,198,0,0,0,0,57,23,9,9,0,0,0,0,0,0,0,0,0,0,0,0,1,1
2013-10,"B",31.304191,-81.401970,"Control",3,2,100,208,0,0,0,0,61,22,6,8,0,0,0,0,0,0,0,0,0,0,0,0,2,1
2013-10,"B",31.304191,-81.401970,"Control",4,1,100,208,0,0,0,0,59,25,5,9,0,0,0,0,0,0,0,0,0,0,0,0,1,1
2013-10,"B",31.304191,-81.401970,"Control",4,2,100,208,0,0,0,0,46,29,12,10,0,0,0,0,0,0,0,0,0,0,0,0,1,2
2014-10,"B",31.304191,-81.401970,"Disturbed (March-2010)",1,1,100,75,0,0,0,0,25,11,29,32,0,0,0,0,0,0,0,0,0,0,0,0,2,1
2014-10,"B",31.304191,-81.401970,"Disturbed (March-2010)",1,2,100,69,0,0,0,0,27,15,20,35,0,0,0,0,0,0,0,0,0,0,0,0,1,2
2014-10,"B",31.304191,-81.401970,"Disturbed (March-2010)",2,1,100,131,0,0,0,0,23,12,30,33,0,0,0,0,0,0,0,0,0,0,0,0,1,1
2014-10,"B",31.304191,-81.401970,"Disturbed (March-2010)",2,2,100,151,0,0,0,0,29,16,26,26,0,0,0,0,0,0,0,0,0,0,0,0,1,2
2014-10,"B",31.304191,-81.401970,"Disturbed (March-2010)",3,1,100,181,0,0,0,0,32,18,25,22,0,0,0,0,0,0,0,0,0,0,0,0,2,1
2014-10,"B",31.304191,-81.401970,"Disturbed (March-2010)",3,2,98,162,0,0,0,0,28,15,25,30,0,0,0,0,0,0,0,0,0,0,0,0,1,1
2014-10,"B",31.304191,-81.401970,"Disturbed (March-2010)",4,1,100,143,0,0,0,0,25,13,26,33,0,0,0,0,0,0,0,0,0,0,0,0,1,2
2014-10,"B",31.304191,-81.401970,"Disturbed (March-2010)",4,2,100,81,0,0,0,0,30,16,21,30,0,0,0,0,0,0,0,0,0,0,0,0,1,2
2014-10,"B",31.304191,-81.401970,"Control",1,1,100,264,0,0,0,0,51,27,11,8,0,0,0,0,0,0,0,0,0,0,0,0,2,1
2014-10,"B",31.304191,-81.401970,"Control",1,2,100,243,0,0,0,0,61,22,7,8,0,0,0,0,0,0,0,0,0,0,0,0,1,1
2014-10,"B",31.304191,-81.401970,"Control",2,1,100,211,0,0,0,0,55,27,7,9,0,0,0,0,0,0,0,0,0,0,0,0,1,1
2014-10,"B",31.304191,-81.401970,"Control",2,2,100,241,0,0,0,0,53,25,9,10,0,0,0,0,0,0,0,0,0,0,0,0,1,2
2014-10,"B",31.304191,-81.401970,"Control",3,1,100,230,0,0,0,0,60,22,8,8,0,0,0,0,0,0,0,0,0,0,0,0,1,1
2014-10,"B",31.304191,-81.401970,"Control",3,2,99,225,0,0,0,0,61,21,5,11,0,0,0,0,0,0,0,0,0,0,0,0,1,1
2014-10,"B",31.304191,-81.401970,"Control",4,1,100,191,0,0,0,0,57,27,5,8,0,0,0,0,0,0,0,0,0,0,0,0,2,1
2014-10,"B",31.304191,-81.401970,"Control",4,2,100,205,0,0,0,0,49,29,11,9,0,0,0,0,0,0,0,0,0,0,0,0,1,1
2015-10,"B",31.304191,-81.401970,"Disturbed (March-2010)",1,1,100,52,0,0,0,0,31,15,25,26,0,0,0,0,0,0,0,0,0,0,0,0,1,2
2015-10,"B",31.304191,-81.401970,"Disturbed (March-2010)",1,2,100,58,0,0,0,0,28,17,20,33,0,0,0,0,0,0,0,0,0,0,0,0,1,1
2015-10,"B",31.304191,-81.401970,"Disturbed (March-2010)",2,1,100,160,0,0,0,0,35,13,23,26,0,0,0,0,0,0,0,0,0,0,0,0,2,1
2015-10,"B",31.304191,-81.401970,"Disturbed (March-2010)",2,2,100,64,0,0,0,0,28,18,26,26,0,0,0,0,0,0,0,0,0,0,0,0,1,1
2015-10,"B",31.304191,-81.401970,"Disturbed (March-2010)",3,1,98,106,0,0,0,0,30,20,25,22,0,0,0,0,0,0,0,0,0,0,0,0,1,2
2015-10,"B",31.304191,-81.401970,"Disturbed (March-2010)",3,2,100,121,0,0,0,0,31,12,25,30,0,0,0,0,0,0,0,0,0,0,0,0,1,1
2015-10,"B",31.304191,-81.401970,"Disturbed (March-2010)",4,1,100,96,0,0,0,0,28,15,26,28,0,0,0,0,0,0,0,0,0,0,0,0,2,1
2015-10,"B",31.304191,-81.401970,"Disturbed (March-2010)",4,2,100,115,0,0,0,0,29,17,21,30,0,0,0,0,0,0,0,0,0,0,0,0,1,2
2015-10,"B",31.304191,-81.401970,"Control",1,1,100,95,0,0,0,0,51,26,10,11,0,0,0,0,0,0,0,0,0,0,0,0,1,1
2015-10,"B",31.304191,-81.401970,"Control",1,2,100,214,0,0,0,0,56,23,9,10,0,0,0,0,0,0,0,0,0,0,0,0,1,1
2015-10,"B",31.304191,-81.401970,"Control",2,1,100,186,0,0,0,0,57,23,8,9,0,0,0,0,0,0,0,0,0,0,0,0,2,1
2015-10,"B",31.304191,-81.401970,"Control",2,2,99,185,0,0,0,0,56,27,7,8,0,0,0,0,0,0,0,0,0,0,0,0,1,1
2015-10,"B",31.304191,-81.401970,"Control",3,1,100,204,0,0,0,0,63,21,5,9,0,0,0,0,0,0,0,0,0,0,0,0,1,1
2015-10,"B",31.304191,-81.401970,"Control",3,2,100,145,0,0,0,0,55,27,8,7,0,0,0,0,0,0,0,0,0,0,0,0,1,2
2015-10,"B",31.304191,-81.401970,"Control",4,1,100,213,0,0,0,0,53,25,9,10,0,0,0,0,0,0,0,0,0,0,0,0,2,1
2015-10,"B",31.304191,-81.401970,"Control",4,2,100,144,0,0,0,0,58,28,5,7,0,0,0,0,0,0,0,0,0,0,0,0,1,1
2016-10,"B",31.304191,-81.401970,"Disturbed (March-2010)",1,1,100,118,0,0,0,0,38,18,18,24,0,0,0,0,0,0,0,0,0,0,0,0,1,1
2016-10,"B",31.304191,-81.401970,"Disturbed (March-2010)",1,2,100,112,0,0,0,0,41,16,17,23,0,0,0,0,0,0,0,0,0,0,0,0,2,1
2016-10,"B",31.304191,-81.401970,"Disturbed (March-2010)",2,1,98,184,0,0,0,0,37,19,20,22,0,0,0,0,0,0,0,0,0,0,0,0,1,1
2016-10,"B",31.304191,-81.401970,"Disturbed (March-2010)",2,2,100,149,0,0,0,0,35,21,21,20,0,0,0,0,0,0,0,0,0,0,0,0,1,2
2016-10,"B",31.304191,-81.401970,"Disturbed (March-2010)",3,1,100,141,0,0,0,0,43,23,15,16,0,0,0,0,0,0,0,0,0,0,0,0,2,1
2016-10,"B",31.304191,-81.401970,"Disturbed (March-2010)",3,2,100,167,0,0,0,0,39,15,19,24,0,0,0,0,0,0,0,0,0,0,0,0,1,2
2016-10,"B",31.304191,-81.401970,"Disturbed (March-2010)",4,1,100,146,0,0,0,0,37,17,21,23,0,0,0,0,0,0,0,0,0,0,0,0,1,1
2016-10,"B",31.304191,-81.401970,"Disturbed (March-2010)",4,2,100,157,0,0,0,0,43,19,13,22,0,0,0,0,0,0,0,0,0,0,0,0,1,2
2016-10,"B",31.304191,-81.401970,"Control",1,1,100,115,0,0,0,0,56,25,9,8,0,0,0,0,0,0,0,0,0,0,0,0,1,1
2016-10,"B",31.304191,-81.401970,"Control",1,2,99,167,0,0,0,0,53,26,8,11,0,0,0,0,0,0,0,0,0,0,0,0,1,1
2016-10,"B",31.304191,-81.401970,"Control",2,1,100,212,0,0,0,0,55,22,10,10,0,0,0,0,0,0,0,0,0,0,0,0,2,1
2016-10,"B",31.304191,-81.401970,"Control",2,2,100,217,0,0,0,0,56,26,8,7,0,0,0,0,0,0,0,0,0,0,0,0,1,2
2016-10,"B",31.304191,-81.401970,"Control",3,1,100,181,0,0,0,0,61,22,6,8,0,0,0,0,0,0,0,0,0,0,0,0,2,1
2016-10,"B",31.304191,-81.401970,"Control",3,2,100,178,0,0,0,0,63,22,5,8,0,0,0,0,0,0,0,0,0,0,0,0,1,1
2016-10,"B",31.304191,-81.401970,"Control",4,1,100,217,0,0,0,0,51,28,10,9,0,0,0,0,0,0,0,0,0,0,0,0,1,1
2016-10,"B",31.304191,-81.401970,"Control",4,2,100,159,0,0,0,0,52,29,7,10,0,0,0,0,0,0,0,0,0,0,0,0,1,1
2017-10,"B",31.304191,-81.401970,"Disturbed (March-2010)",1,1,100,178,0,0,0,0,55,25,9,9,0,0,0,0,0,0,0,0,0,0,0,0,1,1
2017-10,"B",31.304191,-81.401970,"Disturbed (March-2010)",1,2,100,163,0,0,0,0,58,28,5,6,0,0,0,0,0,0,0,0,0,0,0,0,1,2
2017-10,"B",31.304191,-81.401970,"Disturbed (March-2010)",2,1,100,218,0,0,0,0,52,30,7,8,0,0,0,0,0,0,0,0,0,0,0,0,2,1
2017-10,"B",31.304191,-81.401970,"Disturbed (March-2010)",2,2,100,225,0,0,0,0,49,22,12,15,0,0,0,0,0,0,0,0,0,0,0,0,1,1
2017-10,"B",31.304191,-81.401970,"Disturbed (March-2010)",3,1,100,179,0,0,0,0,60,23,8,6,0,0,0,0,0,0,0,0,0,0,0,0,1,2
2017-10,"B",31.304191,-81.401970,"Disturbed (March-2010)",3,2,99,215,0,0,0,0,53,27,7,11,0,0,0,0,0,0,0,0,0,0,0,0,1,1
2017-10,"B",31.304191,-81.401970,"Disturbed (March-2010)",4,1,100,195,0,0,0,0,57,28,5,7,0,0,0,0,0,0,0,0,0,0,0,0,2,1
2017-10,"B",31.304191,-81.401970,"Disturbed (March-2010)",4,2,100,203,0,0,0,0,59,25,6,8,0,0,0,0,0,0,0,0,0,0,0,0,1,1
2017-10,"B",31.304191,-81.401970,"Control",1,1,100,140,0,0,0,0,53,26,10,9,0,0,0,0,0,0,0,0,0,0,0,0,1,1
2017-10,"B",31.304191,-81.401970,"Control",1,2,100,148,0,0,0,0,57,23,5,12,0,0,0,0,0,0,0,0,0,0,0,0,2,1
2017-10,"B",31.304191,-81.401970,"Control",2,1,100,250,0,0,0,0,55,23,8,11,0,0,0,0,0,0,0,0,0,0,0,0,1,2
2017-10,"B",31.304191,-81.401970,"Control",2,2,99,260,0,0,0,0,58,25,7,8,0,0,0,0,0,0,0,0,0,0,0,0,1,1
2017-10,"B",31.304191,-81.401970,"Control",3,1,100,180,0,0,0,0,60,23,9,6,0,0,0,0,0,0,0,0,0,0,0,0,1,1
2017-10,"B",31.304191,-81.401970,"Control",3,2,100,218,0,0,0,0,58,25,7,7,0,0,0,0,0,0,0,0,0,0,0,0,2,1
2017-10,"B",31.304191,-81.401970,"Control",4,1,100,240,0,0,0,0,48,30,11,9,0,0,0,0,0,0,0,0,0,0,0,0,1,1
2017-10,"B",31.304191,-81.401970,"Control",4,2,100,185,0,0,0,0,57,26,6,9,0,0,0,0,0,0,0,0,0,0,0,0,1,1
2010-10,"GCE1",31.539541,-81.422934,"Disturbed (March-2010)",1,1,2,0,0,0,0,0,0,0,0,0,2,98,0,0,0,0,0,0,0,0,0,0,0,0
2010-10,"GCE1",31.539541,-81.422934,"Disturbed (March-2010)",1,2,1,3,0,0,0,0,0,0,0,0,1,99,0,0,0,0,0,0,0,0,0,0,0,0
2010-10,"GCE1",31.539541,-81.422934,"Disturbed (March-2010)",2,1,0,0,0,0,0,0,0,0,0,0,2,98,0,0,0,0,0,0,0,0,0,0,0,0
2010-10,"GCE1",31.539541,-81.422934,"Disturbed (March-2010)",2,2,0,0,0,0,0,0,0,0,0,0,2,98,0,0,0,0,0,0,0,0,0,0,0,0
2010-10,"GCE1",31.539541,-81.422934,"Disturbed (March-2010)",3,1,75,16,0,0,0,0,0,0,0,0,15,85,0,0,0,0,0,0,0,0,0,0,0,0
2010-10,"GCE1",31.539541,-81.422934,"Disturbed (March-2010)",3,2,0,0,0,0,0,0,0,0,0,0,3,97,0,0,0,0,0,0,0,0,0,0,0,0
2010-10,"GCE1",31.539541,-81.422934,"Disturbed (March-2010)",4,1,0,0,0,0,0,0,0,0,0,0,2,98,0,0,0,0,0,0,0,0,0,0,0,0
2010-10,"GCE1",31.539541,-81.422934,"Disturbed (March-2010)",4,2,0,0,0,0,0,0,0,0,0,0,3,97,0,0,0,0,0,0,0,0,0,0,0,0
2010-10,"GCE1",31.539541,-81.422934,"Control",1,1,100,81,0,0,0,0,86,0,0,0,13,0,0,0,0,0,0,0,0,0,0,0,0,1
2010-10,"GCE1",31.539541,-81.422934,"Control",1,2,100,94,0,0,0,0,88,0,0,0,10,0,0,0,0,0,0,0,0,0,0,0,0,2
2010-10,"GCE1",31.539541,-81.422934,"Control",2,1,100,103,0,0,0,0,85,0,0,0,13,0,0,0,0,0,0,0,0,0,0,0,0,2
2010-10,"GCE1",31.539541,-81.422934,"Control",2,2,100,104,0,0,0,0,87,0,0,0,12,0,0,0,0,0,0,0,0,0,0,0,0,1
2010-10,"GCE1",31.539541,-81.422934,"Control",3,1,100,94,0,0,0,0,82,0,0,0,16,0,0,0,0,0,0,0,0,0,0,0,0,2
2010-10,"GCE1",31.539541,-81.422934,"Control",3,2,100,98,0,0,0,0,83,0,0,0,15,0,0,0,0,0,0,0,0,0,0,0,0,2
2010-10,"GCE1",31.539541,-81.422934,"Control",4,1,99,94,0,0,0,0,86,0,0,0,13,0,0,0,0,0,0,0,0,0,0,0,0,1
2010-10,"GCE1",31.539541,-81.422934,"Control",4,2,100,92,0,0,0,0,83,0,0,0,15,0,0,0,0,0,0,0,0,0,0,0,0,2
2011-10,"GCE1",31.539541,-81.422934,"Disturbed (March-2010)",1,1,2,2,0,0,0,0,0,0,0,0,2,98,0,0,0,0,0,0,0,0,0,0,0,0
2011-10,"GCE1",31.539541,-81.422934,"Disturbed (March-2010)",1,2,1,0,0,0,0,0,0,0,0,0,3,97,0,0,0,0,0,0,0,0,0,0,0,0
2011-10,"GCE1",31.539541,-81.422934,"Disturbed (March-2010)",2,1,28,11,0,0,0,0,0,0,0,0,1,99,0,0,0,0,0,0,0,0,0,0,0,0
2011-10,"GCE1",31.539541,-81.422934,"Disturbed (March-2010)",2,2,0,0,0,0,0,0,0,0,0,0,4,96,0,0,0,0,0,0,0,0,0,0,0,0
2011-10,"GCE1",31.539541,-81.422934,"Disturbed (March-2010)",3,1,90,36,0,0,0,0,0,0,0,0,10,90,0,0,0,0,0,0,0,0,0,0,0,0
2011-10,"GCE1",31.539541,-81.422934,"Disturbed (March-2010)",3,2,0,0,0,0,0,0,0,0,0,0,5,95,0,0,0,0,0,0,0,0,0,0,0,0
2011-10,"GCE1",31.539541,-81.422934,"Disturbed (March-2010)",4,1,0,0,0,0,0,0,0,0,0,0,3,97,0,0,0,0,0,0,0,0,0,0,0,0
2011-10,"GCE1",31.539541,-81.422934,"Disturbed (March-2010)",4,2,0,0,0,0,0,0,0,0,0,0,2,98,0,0,0,0,0,0,0,0,0,0,0,0
2011-10,"GCE1",31.539541,-81.422934,"Control",1,1,100,73,0,0,0,0,86,0,0,0,12,0,0,0,0,0,0,0,0,0,0,0,0,2
2011-10,"GCE1",31.539541,-81.422934,"Control",1,2,100,88,0,0,0,0,87,0,0,0,11,0,0,0,0,0,0,0,0,0,0,0,0,2
2011-10,"GCE1",31.539541,-81.422934,"Control",2,1,97,96,0,0,0,0,84,0,0,0,15,0,0,0,0,0,0,0,0,0,0,0,0,1
2011-10,"GCE1",31.539541,-81.422934,"Control",2,2,100,87,0,0,0,0,85,0,0,0,13,0,0,0,0,0,0,0,0,0,0,0,0,2
2011-10,"GCE1",31.539541,-81.422934,"Control",3,1,97,89,0,0,0,0,83,0,0,0,15,0,0,0,0,0,0,0,0,0,0,0,0,2
2011-10,"GCE1",31.539541,-81.422934,"Control",3,2,98,94,0,0,0,0,88,0,0,0,11,0,0,0,0,0,0,0,0,0,0,0,0,1
2011-10,"GCE1",31.539541,-81.422934,"Control",4,1,100,98,0,0,0,0,80,0,0,0,18,0,0,0,0,0,0,0,0,0,0,0,0,2
2011-10,"GCE1",31.539541,-81.422934,"Control",4,2,88,98,0,0,0,0,86,0,0,0,12,0,0,0,0,0,0,0,0,0,0,0,0,2
2012-10,"GCE1",31.539541,-81.422934,"Disturbed (March-2010)",1,1,37,37,0,0,0,0,0,0,0,0,3,97,0,0,0,0,0,0,0,0,0,0,0,0
2012-10,"GCE1",31.539541,-81.422934,"Disturbed (March-2010)",1,2,83,52,0,0,0,0,0,0,0,0,8,92,0,0,0,0,0,0,0,0,0,0,0,0
2012-10,"GCE1",31.539541,-81.422934,"Disturbed (March-2010)",2,1,79,66,0,0,0,0,0,0,0,0,2,98,0,0,0,0,0,0,0,0,0,0,0,0
2012-10,"GCE1",31.539541,-81.422934,"Disturbed (March-2010)",2,2,24,19,0,0,0,0,0,0,0,0,2,98,0,0,0,0,0,0,0,0,0,0,0,0
2012-10,"GCE1",31.539541,-81.422934,"Disturbed (March-2010)",3,1,98,68,0,0,0,0,0,0,0,0,8,92,0,0,0,0,0,0,0,0,0,0,0,0
2012-10,"GCE1",31.539541,-81.422934,"Disturbed (March-2010)",3,2,85,80,0,0,0,0,0,0,0,0,3,97,0,0,0,0,0,0,0,0,0,0,0,0
2012-10,"GCE1",31.539541,-81.422934,"Disturbed (March-2010)",4,1,0,0,0,0,0,0,0,0,0,0,5,95,0,0,0,0,0,0,0,0,0,0,0,0
2012-10,"GCE1",31.539541,-81.422934,"Disturbed (March-2010)",4,2,0,0,0,0,0,0,0,0,0,0,3,97,0,0,0,0,0,0,0,0,0,0,0,0
2012-10,"GCE1",31.539541,-81.422934,"Control",1,1,100,78,0,0,0,0,85,0,0,0,13,0,0,0,0,0,0,0,0,0,0,0,0,2
2012-10,"GCE1",31.539541,-81.422934,"Control",1,2,100,80,0,0,0,0,86,0,0,0,12,0,0,0,0,0,0,0,0,0,0,0,0,2
2012-10,"GCE1",31.539541,-81.422934,"Control",2,1,100,90,0,0,0,0,88,0,0,0,11,0,0,0,0,0,0,0,0,0,0,0,0,1
2012-10,"GCE1",31.539541,-81.422934,"Control",2,2,99,89,0,0,0,0,86,0,0,0,12,0,0,0,0,0,0,0,0,0,0,0,0,2
2012-10,"GCE1",31.539541,-81.422934,"Control",3,1,100,95,0,0,0,0,83,0,0,0,16,0,0,0,0,0,0,0,0,0,0,0,0,1
2012-10,"GCE1",31.539541,-81.422934,"Control",3,2,100,94,0,0,0,0,86,0,0,0,12,0,0,0,0,0,0,0,0,0,0,0,0,2
2012-10,"GCE1",31.539541,-81.422934,"Control",4,1,100,93,0,0,0,0,83,0,0,0,15,0,0,0,0,0,0,0,0,0,0,0,0,2
2012-10,"GCE1",31.539541,-81.422934,"Control",4,2,100,89,0,0,0,0,86,0,0,0,13,0,0,0,0,0,0,0,0,0,0,0,0,1
2013-10,"GCE1",31.539541,-81.422934,"Disturbed (March-2010)",1,1,100,73,0,0,0,0,0,0,0,0,0,100,0,0,0,0,0,0,0,0,0,0,0,0
2013-10,"GCE1",31.539541,-81.422934,"Disturbed (March-2010)",1,2,98,55,0,0,0,0,0,0,0,0,2,98,0,0,0,0,0,0,0,0,0,0,0,0
2013-10,"GCE1",31.539541,-81.422934,"Disturbed (March-2010)",2,1,94,56,0,0,0,0,0,0,0,0,6,94,0,0,0,0,0,0,0,0,0,0,0,0
2013-10,"GCE1",31.539541,-81.422934,"Disturbed (March-2010)",2,2,95,58,0,0,0,0,0,0,0,0,5,95,0,0,0,0,0,0,0,0,0,0,0,0
2013-10,"GCE1",31.539541,-81.422934,"Disturbed (March-2010)",3,1,98,66,0,0,0,0,0,0,0,0,2,98,0,0,0,0,0,0,0,0,0,0,0,0
2013-10,"GCE1",31.539541,-81.422934,"Disturbed (March-2010)",3,2,98,76,0,0,0,0,0,0,0,0,2,98,0,0,0,0,0,0,0,0,0,0,0,0
2013-10,"GCE1",31.539541,-81.422934,"Disturbed (March-2010)",4,1,0,0,0,0,0,0,0,0,0,0,2,98,0,0,0,0,0,0,0,0,0,0,0,0
2013-10,"GCE1",31.539541,-81.422934,"Disturbed (March-2010)",4,2,4,20,0,0,0,0,0,0,0,0,2,98,0,0,0,0,0,0,0,0,0,0,0,0
2013-10,"GCE1",31.539541,-81.422934,"Control",1,1,100,89,0,0,0,0,83,0,0,0,15,0,0,0,0,0,0,0,0,0,0,0,0,2
2013-10,"GCE1",31.539541,-81.422934,"Control",1,2,99,97,0,0,0,0,88,0,0,0,11,0,0,0,0,0,0,0,0,0,0,0,0,1
2013-10,"GCE1",31.539541,-81.422934,"Control",2,1,100,105,0,0,0,0,85,0,0,0,13,0,0,0,0,0,0,0,0,0,0,0,0,2
2013-10,"GCE1",31.539541,-81.422934,"Control",2,2,100,105,0,0,0,0,86,0,0,0,12,0,0,0,0,0,0,0,0,0,0,0,0,2
2013-10,"GCE1",31.539541,-81.422934,"Control",3,1,100,106,0,0,0,0,88,0,0,0,11,0,0,0,0,0,0,0,0,0,0,0,0,1
2013-10,"GCE1",31.539541,-81.422934,"Control",3,2,100,101,0,0,0,0,80,0,0,0,19,0,0,0,0,0,0,0,0,0,0,0,0,1
2013-10,"GCE1",31.539541,-81.422934,"Control",4,1,100,106,0,0,0,0,87,0,0,0,11,0,0,0,0,0,0,0,0,0,0,0,0,2
2013-10,"GCE1",31.539541,-81.422934,"Control",4,2,100,106,0,0,0,0,83,0,0,0,15,0,0,0,0,0,0,0,0,0,0,0,0,2
2014-10,"GCE1",31.539541,-81.422934,"Disturbed (March-2010)",1,1,100,49,0,0,0,0,0,0,0,0,56,44,0,0,0,0,0,0,0,0,0,0,0,0
2014-10,"GCE1",31.539541,-81.422934,"Disturbed (March-2010)",1,2,100,54,0,0,0,0,0,0,0,0,40,60,0,0,0,0,0,0,0,0,0,0,0,0
2014-10,"GCE1",31.539541,-81.422934,"Disturbed (March-2010)",2,1,83,59,0,0,0,0,0,0,0,0,6,94,0,0,0,0,0,0,0,0,0,0,0,0
2014-10,"GCE1",31.539541,-81.422934,"Disturbed (March-2010)",2,2,89,67,0,0,0,0,0,0,0,0,15,85,0,0,0,0,0,0,0,0,0,0,0,0
2014-10,"GCE1",31.539541,-81.422934,"Disturbed (March-2010)",3,1,97,54,0,0,0,0,0,0,0,0,10,90,0,0,0,0,0,0,0,0,0,0,0,0
2014-10,"GCE1",31.539541,-81.422934,"Disturbed (March-2010)",3,2,89,54,0,0,0,0,0,0,0,0,2,98,0,0,0,0,0,0,0,0,0,0,0,0
2014-10,"GCE1",31.539541,-81.422934,"Disturbed (March-2010)",4,1,0,0,0,0,0,0,0,0,0,0,2,98,0,0,0,0,0,0,0,0,0,0,0,0
2014-10,"GCE1",31.539541,-81.422934,"Disturbed (March-2010)",4,2,68,54,0,0,0,0,0,0,0,0,2,98,0,0,0,0,0,0,0,0,0,0,0,0
2014-10,"GCE1",31.539541,-81.422934,"Control",1,1,100,94,0,0,0,0,85,0,0,0,13,0,0,0,0,0,0,0,0,0,0,0,0,2
2014-10,"GCE1",31.539541,-81.422934,"Control",1,2,100,99,0,0,0,0,87,0,0,0,12,0,0,0,0,0,0,0,0,0,0,0,0,1
2014-10,"GCE1",31.539541,-81.422934,"Control",2,1,100,115,0,0,0,0,85,0,0,0,13,0,0,0,0,0,0,0,0,0,0,0,0,2
2014-10,"GCE1",31.539541,-81.422934,"Control",2,2,100,116,0,0,0,0,82,0,0,0,17,0,0,0,0,0,0,0,0,0,0,0,0,1
2014-10,"GCE1",31.539541,-81.422934,"Control",3,1,100,116,0,0,0,0,86,0,0,0,12,0,0,0,0,0,0,0,0,0,0,0,0,2
2014-10,"GCE1",31.539541,-81.422934,"Control",3,2,100,106,0,0,0,0,87,0,0,0,11,0,0,0,0,0,0,0,0,0,0,0,0,2
2014-10,"GCE1",31.539541,-81.422934,"Control",4,1,100,100,0,0,0,0,86,0,0,0,13,0,0,0,0,0,0,0,0,0,0,0,0,1
2014-10,"GCE1",31.539541,-81.422934,"Control",4,2,99,115,0,0,0,0,84,0,0,0,15,0,0,0,0,0,0,0,0,0,0,0,0,1
2015-10,"GCE1",31.539541,-81.422934,"Disturbed (March-2010)",1,1,93,44,0,0,0,0,0,0,0,0,60,40,0,0,0,0,0,0,0,0,0,0,0,0
2015-10,"GCE1",31.539541,-81.422934,"Disturbed (March-2010)",1,2,100,48,0,0,0,0,0,0,0,0,40,60,0,0,0,0,0,0,0,0,0,0,0,0
2015-10,"GCE1",31.539541,-81.422934,"Disturbed (March-2010)",2,1,94,53,0,0,0,0,0,0,0,0,6,94,0,0,0,0,0,0,0,0,0,0,0,0
2015-10,"GCE1",31.539541,-81.422934,"Disturbed (March-2010)",2,2,95,45,0,0,0,0,0,0,0,0,15,85,0,0,0,0,0,0,0,0,0,0,0,0
2015-10,"GCE1",31.539541,-81.422934,"Disturbed (March-2010)",3,1,95,56,0,0,0,0,0,0,0,0,10,90,0,0,0,0,0,0,0,0,0,0,0,0
2015-10,"GCE1",31.539541,-81.422934,"Disturbed (March-2010)",3,2,98,57,0,0,0,0,0,0,0,0,2,98,0,0,0,0,0,0,0,0,0,0,0,0
2015-10,"GCE1",31.539541,-81.422934,"Disturbed (March-2010)",4,1,0,0,0,0,0,0,0,0,0,0,2,98,0,0,0,0,0,0,0,0,0,0,0,0
2015-10,"GCE1",31.539541,-81.422934,"Disturbed (March-2010)",4,2,60,0,0,0,0,0,0,0,0,0,2,98,0,0,0,0,0,0,0,0,0,0,0,0
2015-10,"GCE1",31.539541,-81.422934,"Control",1,1,100,108,0,0,0,0,83,0,0,0,15,0,0,0,0,0,0,0,0,0,0,0,0,2
2015-10,"GCE1",31.539541,-81.422934,"Control",1,2,100,97,0,0,0,0,85,0,0,0,13,0,0,0,0,0,0,0,0,0,0,0,0,2
2015-10,"GCE1",31.539541,-81.422934,"Control",2,1,100,120,0,0,0,0,87,0,0,0,11,0,0,0,0,0,0,0,0,0,0,0,0,2
2015-10,"GCE1",31.539541,-81.422934,"Control",2,2,100,123,0,0,0,0,83,0,0,0,16,0,0,0,0,0,0,0,0,0,0,0,0,1
2015-10,"GCE1",31.539541,-81.422934,"Control",3,1,100,110,0,0,0,0,86,0,0,0,13,0,0,0,0,0,0,0,0,0,0,0,0,1
2015-10,"GCE1",31.539541,-81.422934,"Control",3,2,100,100,0,0,0,0,86,0,0,0,12,0,0,0,0,0,0,0,0,0,0,0,0,2
2015-10,"GCE1",31.539541,-81.422934,"Control",4,1,100,113,0,0,0,0,87,0,0,0,12,0,0,0,0,0,0,0,0,0,0,0,0,1
2015-10,"GCE1",31.539541,-81.422934,"Control",4,2,99,113,0,0,0,0,85,0,0,0,13,0,0,0,0,0,0,0,0,0,0,0,0,2
2016-10,"GCE1",31.539541,-81.422934,"Disturbed (March-2010)",1,1,96,39,0,0,0,0,0,0,0,0,36,64,0,0,0,0,0,0,0,0,0,0,0,0
2016-10,"GCE1",31.539541,-81.422934,"Disturbed (March-2010)",1,2,100,40,0,0,0,0,0,0,0,0,28,72,0,0,0,0,0,0,0,0,0,0,0,0
2016-10,"GCE1",31.539541,-81.422934,"Disturbed (March-2010)",2,1,94,50,0,0,0,0,0,0,0,0,6,94,0,0,0,0,0,0,0,0,0,0,0,0
2016-10,"GCE1",31.539541,-81.422934,"Disturbed (March-2010)",2,2,95,46,0,0,0,0,0,0,0,0,15,85,0,0,0,0,0,0,0,0,0,0,0,0
2016-10,"GCE1",31.539541,-81.422934,"Disturbed (March-2010)",3,1,95,46,0,0,0,0,0,0,0,0,10,90,0,0,0,0,0,0,0,0,0,0,0,0
2016-10,"GCE1",31.539541,-81.422934,"Disturbed (March-2010)",3,2,98,56,0,0,0,0,0,0,0,0,2,98,0,0,0,0,0,0,0,0,0,0,0,0
2016-10,"GCE1",31.539541,-81.422934,"Disturbed (March-2010)",4,1,0,0,0,0,0,0,0,0,0,0,2,98,0,0,0,0,0,0,0,0,0,0,0,0
2016-10,"GCE1",31.539541,-81.422934,"Disturbed (March-2010)",4,2,70,0,0,0,0,0,0,0,0,0,2,98,0,0,0,0,0,0,0,0,0,0,0,0
2016-10,"GCE1",31.539541,-81.422934,"Control",1,1,100,111,0,0,0,0,85,0,0,0,13,0,0,0,0,0,0,0,0,0,0,0,0,2
2016-10,"GCE1",31.539541,-81.422934,"Control",1,2,100,108,0,0,0,0,87,0,0,0,12,0,0,0,0,0,0,0,0,0,0,0,0,1
2016-10,"GCE1",31.539541,-81.422934,"Control",2,1,100,128,0,0,0,0,83,0,0,0,15,0,0,0,0,0,0,0,0,0,0,0,0,2
2016-10,"GCE1",31.539541,-81.422934,"Control",2,2,100,119,0,0,0,0,83,0,0,0,15,0,0,0,0,0,0,0,0,0,0,0,0,2
2016-10,"GCE1",31.539541,-81.422934,"Control",3,1,100,128,0,0,0,0,87,0,0,0,12,0,0,0,0,0,0,0,0,0,0,0,0,1
2016-10,"GCE1",31.539541,-81.422934,"Control",3,2,100,120,0,0,0,0,86,0,0,0,13,0,0,0,0,0,0,0,0,0,0,0,0,1
2016-10,"GCE1",31.539541,-81.422934,"Control",4,1,100,125,0,0,0,0,83,0,0,0,15,0,0,0,0,0,0,0,0,0,0,0,0,2
2016-10,"GCE1",31.539541,-81.422934,"Control",4,2,99,123,0,0,0,0,87,0,0,0,12,0,0,0,0,0,0,0,0,0,0,0,0,1
2017-10,"GCE1",31.539541,-81.422934,"Disturbed (March-2010)",1,1,100,68,0,0,0,0,25,0,0,0,55,20,0,0,0,0,0,0,0,0,0,0,0,0
2017-10,"GCE1",31.539541,-81.422934,"Disturbed (March-2010)",1,2,96,68,0,0,0,0,0,0,0,0,66,34,0,0,0,0,0,0,0,0,0,0,0,0
2017-10,"GCE1",31.539541,-81.422934,"Disturbed (March-2010)",2,1,100,63,0,0,0,0,0,0,0,0,0,100,0,0,0,0,0,0,0,0,0,0,0,0
2017-10,"GCE1",31.539541,-81.422934,"Disturbed (March-2010)",2,2,100,75,0,0,0,0,0,0,0,0,2,98,0,0,0,0,0,0,0,0,0,0,0,0
2017-10,"GCE1",31.539541,-81.422934,"Disturbed (March-2010)",3,1,98,76,0,0,0,0,0,0,0,0,2,98,0,0,0,0,0,0,0,0,0,0,0,0
2017-10,"GCE1",31.539541,-81.422934,"Disturbed (March-2010)",3,2,98,75,0,0,0,0,0,0,0,0,2,98,0,0,0,0,0,0,0,0,0,0,0,0
2017-10,"GCE1",31.539541,-81.422934,"Disturbed (March-2010)",4,1,0,0,0,0,0,0,0,0,0,0,2,98,0,0,0,0,0,0,0,0,0,0,0,0
2017-10,"GCE1",31.539541,-81.422934,"Disturbed (March-2010)",4,2,90,79,0,0,0,0,0,0,0,0,2,98,0,0,0,0,0,0,0,0,0,0,0,0
2017-10,"GCE1",31.539541,-81.422934,"Control",1,1,100,105,0,0,0,0,87,0,0,0,11,0,0,0,0,0,0,0,0,0,0,0,0,2
2017-10,"GCE1",31.539541,-81.422934,"Control",1,2,100,114,0,0,0,0,87,0,0,0,12,0,0,0,0,0,0,0,0,0,0,0,0,1
2017-10,"GCE1",31.539541,-81.422934,"Control",2,1,100,121,0,0,0,0,84,0,0,0,15,0,0,0,0,0,0,0,0,0,0,0,0,1
2017-10,"GCE1",31.539541,-81.422934,"Control",2,2,100,124,0,0,0,0,86,0,0,0,13,0,0,0,0,0,0,0,0,0,0,0,0,1
2017-10,"GCE1",31.539541,-81.422934,"Control",3,1,100,123,0,0,0,0,86,0,0,0,12,0,0,0,0,0,0,0,0,0,0,0,0,2
2017-10,"GCE1",31.539541,-81.422934,"Control",3,2,100,119,0,0,0,0,83,0,0,0,15,0,0,0,0,0,0,0,0,0,0,0,0,2
2017-10,"GCE1",31.539541,-81.422934,"Control",4,1,100,115,0,0,0,0,81,0,0,0,17,0,0,0,0,0,0,0,0,0,0,0,0,2
2017-10,"GCE1",31.539541,-81.422934,"Control",4,2,99,116,0,0,0,0,88,0,0,0,11,0,0,0,0,0,0,0,0,0,0,0,0,1
2018-10,"GCE1",31.539541,-81.422934,"Disturbed (March-2010)",1,1,100,70,0,0,0,0,20,0,0,0,70,10,0,0,0,0,0,0,0,0,0,0,0,0
2018-10,"GCE1",31.539541,-81.422934,"Disturbed (March-2010)",1,2,96,69,0,0,0,0,0,0,0,0,60,40,0,0,0,0,0,0,0,0,0,0,0,0
2018-10,"GCE1",31.539541,-81.422934,"Disturbed (March-2010)",2,1,95,66,0,0,0,0,0,0,0,0,5,95,0,0,0,0,0,0,0,0,0,0,0,0
2018-10,"GCE1",31.539541,-81.422934,"Disturbed (March-2010)",2,2,100,75,0,0,0,0,0,0,0,0,1,99,0,0,0,0,0,0,0,0,0,0,0,0
2018-10,"GCE1",31.539541,-81.422934,"Disturbed (March-2010)",3,1,80,78,0,0,0,0,0,0,0,0,20,80,0,0,0,0,0,0,0,0,0,0,0,0
2018-10,"GCE1",31.539541,-81.422934,"Disturbed (March-2010)",3,2,95,78,0,0,0,0,0,0,0,0,5,95,0,0,0,0,0,0,0,0,0,0,0,0
2018-10,"GCE1",31.539541,-81.422934,"Disturbed (March-2010)",4,1,0,0,0,0,0,0,0,0,0,0,2,98,0,0,0,0,0,0,0,0,0,0,0,0
2018-10,"GCE1",31.539541,-81.422934,"Disturbed (March-2010)",4,2,95,79,0,0,0,0,10,0,0,0,0,90,0,0,0,0,0,0,0,0,0,0,0,0
2018-10,"GCE1",31.539541,-81.422934,"Control",1,1,100,105,0,0,0,0,88,0,0,0,10,0,0,0,0,0,0,0,0,0,0,0,0,2
2018-10,"GCE1",31.539541,-81.422934,"Control",1,2,100,114,0,0,0,0,86,0,0,0,12,0,0,0,0,0,0,0,0,0,0,0,0,2
2018-10,"GCE1",31.539541,-81.422934,"Control",2,1,98,120,0,0,0,0,84,0,0,0,15,0,0,0,0,0,0,0,0,0,0,0,0,1
2018-10,"GCE1",31.539541,-81.422934,"Control",2,2,95,124,0,0,0,0,83,0,0,0,16,0,0,0,0,0,0,0,0,0,0,0,0,1
2018-10,"GCE1",31.539541,-81.422934,"Control",3,1,100,121,0,0,0,0,87,0,0,0,11,0,0,0,0,0,0,0,0,0,0,0,0,2
2018-10,"GCE1",31.539541,-81.422934,"Control",3,2,98,120,0,0,0,0,86,0,0,0,13,0,0,0,0,0,0,0,0,0,0,0,0,1
2018-10,"GCE1",31.539541,-81.422934,"Control",4,1,96,116,0,0,0,0,80,0,0,0,18,0,0,0,0,0,0,0,0,0,0,0,0,2
2018-10,"GCE1",31.539541,-81.422934,"Control",4,2,96,116,0,0,0,0,86,0,0,0,12,0,0,0,0,0,0,0,0,0,0,0,0,2
2019-10,"GCE1",31.539541,-81.422934,"Disturbed (March-2010)",1,1,100,71,0,0,0,0,10,0,0,0,38,52,0,0,0,0,0,0,0,0,0,0,0,0
2019-10,"GCE1",31.539541,-81.422934,"Disturbed (March-2010)",1,2,100,70,0,0,0,0,20,0,0,0,70,10,0,0,0,0,0,0,0,0,0,0,0,0
2019-10,"GCE1",31.539541,-81.422934,"Disturbed (March-2010)",2,1,95,68,0,0,0,0,0,0,0,0,50,50,0,0,0,0,0,0,0,0,0,0,0,0
2019-10,"GCE1",31.539541,-81.422934,"Disturbed (March-2010)",2,2,100,75,0,0,0,0,0,0,0,0,40,60,0,0,0,0,0,0,0,0,0,0,0,0
2019-10,"GCE1",31.539541,-81.422934,"Disturbed (March-2010)",3,1,90,79,0,0,0,0,4,0,0,0,50,46,0,0,0,0,0,0,0,0,0,0,0,0
2019-10,"GCE1",31.539541,-81.422934,"Disturbed (March-2010)",3,2,95,78,0,0,0,0,0,0,0,0,50,50,0,0,0,0,0,0,0,0,0,0,0,0
2019-10,"GCE1",31.539541,-81.422934,"Disturbed (March-2010)",4,1,20,81,0,0,0,0,0,0,0,0,40,60,0,0,0,0,0,0,0,0,0,0,0,0
2019-10,"GCE1",31.539541,-81.422934,"Disturbed (March-2010)",4,2,100,105,0,0,0,0,30,0,0,0,20,50,0,0,0,0,0,0,0,0,0,0,0,0
2019-10,"GCE1",31.539541,-81.422934,"Control",1,1,100,105,0,0,0,0,87,0,0,0,11,0,0,0,0,0,0,0,0,0,0,0,0,2
2019-10,"GCE1",31.539541,-81.422934,"Control",1,2,98,114,0,0,0,0,86,0,0,0,13,0,0,0,0,0,0,0,0,0,0,0,0,1
2019-10,"GCE1",31.539541,-81.422934,"Control",2,1,100,120,0,0,0,0,82,0,0,0,16,0,0,0,0,0,0,0,0,0,0,0,0,2
2019-10,"GCE1",31.539541,-81.422934,"Control",2,2,100,123,0,0,0,0,83,0,0,0,15,0,0,0,0,0,0,0,0,0,0,0,0,2
2019-10,"GCE1",31.539541,-81.422934,"Control",3,1,100,121,0,0,0,0,87,0,0,0,12,0,0,0,0,0,0,0,0,0,0,0,0,1
2019-10,"GCE1",31.539541,-81.422934,"Control",3,2,100,120,0,0,0,0,84,0,0,0,15,0,0,0,0,0,0,0,0,0,0,0,0,1
2019-10,"GCE1",31.539541,-81.422934,"Control",4,1,98,116,0,0,0,0,85,0,0,0,13,0,0,0,0,0,0,0,0,0,0,0,0,2
2019-10,"GCE1",31.539541,-81.422934,"Control",4,2,100,116,0,0,0,0,86,0,0,0,12,0,0,0,0,0,0,0,0,0,0,0,0,2
2020-10,"GCE1",31.539541,-81.422934,"Disturbed (March-2010)",1,1,100,108,0,0,0,0,20,0,0,0,25,55,0,0,0,0,0,0,0,0,0,0,0,0
2020-10,"GCE1",31.539541,-81.422934,"Disturbed (March-2010)",1,2,100,110,0,0,0,0,25,0,0,0,60,15,0,0,0,0,0,0,0,0,0,0,0,0
2020-10,"GCE1",31.539541,-81.422934,"Disturbed (March-2010)",2,1,96,34,0,0,0,0,0,0,0,0,50,50,0,0,0,0,0,0,0,0,0,0,0,0
2020-10,"GCE1",31.539541,-81.422934,"Disturbed (March-2010)",2,2,98,41,0,0,0,0,15,0,0,0,20,65,0,0,0,0,0,0,0,0,0,0,0,0
2020-10,"GCE1",31.539541,-81.422934,"Disturbed (March-2010)",3,1,95,66,0,0,0,0,5,0,0,0,44,51,0,0,0,0,0,0,0,0,0,0,0,0
2020-10,"GCE1",31.539541,-81.422934,"Disturbed (March-2010)",3,2,95,39,0,0,0,0,0,0,0,0,45,55,0,0,0,0,0,0,0,0,0,0,0,0
2020-10,"GCE1",31.539541,-81.422934,"Disturbed (March-2010)",4,1,8,84,0,0,0,0,8,0,0,0,37,55,0,0,0,0,0,0,0,0,0,0,0,0
2020-10,"GCE1",31.539541,-81.422934,"Disturbed (March-2010)",4,2,100,111,0,0,0,0,30,0,0,0,10,60,0,0,0,0,0,0,0,0,0,0,0,0
2020-10,"GCE1",31.539541,-81.422934,"Control",1,1,100,108,0,0,0,0,88,0,0,0,10,0,0,0,0,0,0,0,0,0,0,0,0,2
2020-10,"GCE1",31.539541,-81.422934,"Control",1,2,100,114,0,0,0,0,87,0,0,0,12,0,0,0,0,0,0,0,0,0,0,0,0,1
2020-10,"GCE1",31.539541,-81.422934,"Control",2,1,98,120,0,0,0,0,84,0,0,0,15,0,0,0,0,0,0,0,0,0,0,0,0,1
2020-10,"GCE1",31.539541,-81.422934,"Control",2,2,100,124,0,0,0,0,82,0,0,0,16,0,0,0,0,0,0,0,0,0,0,0,0,2
2020-10,"GCE1",31.539541,-81.422934,"Control",3,1,100,121,0,0,0,0,83,0,0,0,15,0,0,0,0,0,0,0,0,0,0,0,0,2
2020-10,"GCE1",31.539541,-81.422934,"Control",3,2,100,120,0,0,0,0,85,0,0,0,13,0,0,0,0,0,0,0,0,0,0,0,0,2
2020-10,"GCE1",31.539541,-81.422934,"Control",4,1,98,116,0,0,0,0,87,0,0,0,11,0,0,0,0,0,0,0,0,0,0,0,0,2
2020-10,"GCE1",31.539541,-81.422934,"Control",4,2,100,118,0,0,0,0,85,0,0,0,13,0,0,0,0,0,0,0,0,0,0,0,0,2
2010-10,"GCE2",31.535966,-81.295851,"Disturbed (March-2010)",1,1,0,0,0,0,0,0,0,0,0,0,0,20,80,0,0,0,0,0,0,0,0,0,0,0
2010-10,"GCE2",31.535966,-81.295851,"Disturbed (March-2010)",1,2,12,6,0,0,0,0,0,0,0,0,0,30,70,0,0,0,0,0,0,0,0,0,0,0
2010-10,"GCE2",31.535966,-81.295851,"Disturbed (March-2010)",2,1,6,4,0,0,0,0,0,0,0,0,0,25,75,0,0,0,0,0,0,0,0,0,0,0
2010-10,"GCE2",31.535966,-81.295851,"Disturbed (March-2010)",2,2,18,21,0,0,0,0,0,0,0,0,0,25,75,0,0,0,0,0,0,0,0,0,0,0
2010-10,"GCE2",31.535966,-81.295851,"Disturbed (March-2010)",3,1,84,54,0,0,0,0,0,0,0,0,0,84,16,0,0,0,0,0,0,0,0,0,0,0
2010-10,"GCE2",31.535966,-81.295851,"Disturbed (March-2010)",3,2,89,57,0,0,0,0,0,0,0,0,0,89,11,0,0,0,0,0,0,0,0,0,0,0
2010-10,"GCE2",31.535966,-81.295851,"Disturbed (March-2010)",4,1,74,48,0,0,0,0,0,0,0,0,0,74,26,0,0,0,0,0,0,0,0,0,0,0
2010-10,"GCE2",31.535966,-81.295851,"Disturbed (March-2010)",4,2,81,44,0,0,0,0,0,0,0,0,0,81,19,0,0,0,0,0,0,0,0,0,0,0
2010-10,"GCE2",31.535966,-81.295851,"Control",1,1,81,65,0,0,0,0,0,0,0,0,0,100,0,0,0,0,0,0,0,0,0,0,0,0
2010-10,"GCE2",31.535966,-81.295851,"Control",1,2,71,60,0,0,0,0,0,0,0,0,0,100,0,0,0,0,0,0,0,0,0,0,0,0
2010-10,"GCE2",31.535966,-81.295851,"Control",2,1,85,39,0,0,0,0,0,0,0,0,0,100,0,0,0,0,0,0,0,0,0,0,0,0
2010-10,"GCE2",31.535966,-81.295851,"Control",2,2,85,50,0,0,0,0,0,0,0,0,0,100,0,0,0,0,0,0,0,0,0,0,0,0
2010-10,"GCE2",31.535966,-81.295851,"Control",3,1,96,61,0,0,0,0,0,0,0,0,0,100,0,0,0,0,0,0,0,0,0,0,0,0
2010-10,"GCE2",31.535966,-81.295851,"Control",3,2,100,67,0,0,0,0,0,0,0,0,0,100,0,0,0,0,0,0,0,0,0,0,0,0
2010-10,"GCE2",31.535966,-81.295851,"Control",4,1,96,52,0,0,0,0,0,0,0,0,0,100,0,0,0,0,0,0,0,0,0,0,0,0
2010-10,"GCE2",31.535966,-81.295851,"Control",4,2,90,50,0,0,0,0,0,0,0,0,0,100,0,0,0,0,0,0,0,0,0,0,0,0
2011-10,"GCE2",31.535966,-81.295851,"Disturbed (March-2010)",1,1,42,53,0,0,0,0,0,0,0,0,0,82,18,0,0,0,0,0,0,0,0,0,0,0
2011-10,"GCE2",31.535966,-81.295851,"Disturbed (March-2010)",1,2,25,33,0,0,0,0,0,0,0,0,0,85,15,0,0,0,0,0,0,0,0,0,0,0
2011-10,"GCE2",31.535966,-81.295851,"Disturbed (March-2010)",2,1,55,34,0,0,0,0,0,0,0,0,0,85,15,0,0,0,0,0,0,0,0,0,0,0
2011-10,"GCE2",31.535966,-81.295851,"Disturbed (March-2010)",2,2,78,33,0,0,0,0,0,0,0,0,0,78,22,0,0,0,0,0,0,0,0,0,0,0
2011-10,"GCE2",31.535966,-81.295851,"Disturbed (March-2010)",3,1,70,54,0,0,0,0,0,0,0,0,0,80,20,0,0,0,0,0,0,0,0,0,0,0
2011-10,"GCE2",31.535966,-81.295851,"Disturbed (March-2010)",3,2,74,52,0,0,0,0,0,0,0,0,0,84,16,0,0,0,0,0,0,0,0,0,0,0
2011-10,"GCE2",31.535966,-81.295851,"Disturbed (March-2010)",4,1,87,33,0,0,0,0,0,0,0,0,0,87,13,0,0,0,0,0,0,0,0,0,0,0
2011-10,"GCE2",31.535966,-81.295851,"Disturbed (March-2010)",4,2,90,33,0,0,0,0,0,0,0,0,0,80,20,0,0,0,0,0,0,0,0,0,0,0
2011-10,"GCE2",31.535966,-81.295851,"Control",1,1,76,76,0,0,0,0,0,0,0,0,0,100,0,0,0,0,0,0,0,0,0,0,0,0
2011-10,"GCE2",31.535966,-81.295851,"Control",1,2,69,69,0,0,0,0,0,0,0,0,0,100,0,0,0,0,0,0,0,0,0,0,0,0
2011-10,"GCE2",31.535966,-81.295851,"Control",2,1,94,44,0,0,0,0,0,0,0,0,0,100,0,0,0,0,0,0,0,0,0,0,0,0
2011-10,"GCE2",31.535966,-81.295851,"Control",2,2,95,46,0,0,0,0,0,0,0,0,0,100,0,0,0,0,0,0,0,0,0,0,0,0
2011-10,"GCE2",31.535966,-81.295851,"Control",3,1,91,66,0,0,0,0,0,0,0,0,0,100,0,0,0,0,0,0,0,0,0,0,0,0
2011-10,"GCE2",31.535966,-81.295851,"Control",3,2,92,59,0,0,0,0,0,0,0,0,0,100,0,0,0,0,0,0,0,0,0,0,0,0
2011-10,"GCE2",31.535966,-81.295851,"Control",4,1,94,43,0,0,0,0,0,0,0,0,0,100,0,0,0,0,0,0,0,0,0,0,0,0
2011-10,"GCE2",31.535966,-81.295851,"Control",4,2,98,38,0,0,0,0,0,0,0,0,0,100,0,0,0,0,0,0,0,0,0,0,0,0
2012-10,"GCE2",31.535966,-81.295851,"Disturbed (March-2010)",1,1,80,53,0,0,0,0,0,0,0,0,0,95,5,0,0,0,0,0,0,0,0,0,0,0
2012-10,"GCE2",31.535966,-81.295851,"Disturbed (March-2010)",1,2,82,71,0,0,0,0,0,0,0,0,0,97,3,0,0,0,0,0,0,0,0,0,0,0
2012-10,"GCE2",31.535966,-81.295851,"Disturbed (March-2010)",2,1,87,48,0,0,0,0,0,0,0,0,0,96,4,0,0,0,0,0,0,0,0,0,0,0
2012-10,"GCE2",31.535966,-81.295851,"Disturbed (March-2010)",2,2,85,39,0,0,0,0,0,0,0,0,0,96,4,0,0,0,0,0,0,0,0,0,0,0
2012-10,"GCE2",31.535966,-81.295851,"Disturbed (March-2010)",3,1,68,48,0,0,0,0,0,0,0,0,0,98,2,0,0,0,0,0,0,0,0,0,0,0
2012-10,"GCE2",31.535966,-81.295851,"Disturbed (March-2010)",3,2,87,48,0,0,0,0,0,0,0,0,0,98,2,0,0,0,0,0,0,0,0,0,0,0
2012-10,"GCE2",31.535966,-81.295851,"Disturbed (March-2010)",4,1,95,35,0,0,0,0,0,0,0,0,0,97,3,0,0,0,0,0,0,0,0,0,0,0
2012-10,"GCE2",31.535966,-81.295851,"Disturbed (March-2010)",4,2,93,35,0,0,0,0,0,0,0,0,0,95,5,0,0,0,0,0,0,0,0,0,0,0
2012-10,"GCE2",31.535966,-81.295851,"Control",1,1,93,69,0,0,0,0,0,0,0,0,0,100,0,0,0,0,0,0,0,0,0,0,0,0
2012-10,"GCE2",31.535966,-81.295851,"Control",1,2,91,73,0,0,0,0,0,0,0,0,0,100,0,0,0,0,0,0,0,0,0,0,0,0
2012-10,"GCE2",31.535966,-81.295851,"Control",2,1,92,51,0,0,0,0,0,0,0,0,0,100,0,0,0,0,0,0,0,0,0,0,0,0
2012-10,"GCE2",31.535966,-81.295851,"Control",2,2,86,40,0,0,0,0,0,0,0,0,0,100,0,0,0,0,0,0,0,0,0,0,0,0
2012-10,"GCE2",31.535966,-81.295851,"Control",3,1,89,75,0,0,0,0,0,0,0,0,0,100,0,0,0,0,0,0,0,0,0,0,0,0
2012-10,"GCE2",31.535966,-81.295851,"Control",3,2,90,60,0,0,0,0,0,0,0,0,0,100,0,0,0,0,0,0,0,0,0,0,0,0
2012-10,"GCE2",31.535966,-81.295851,"Control",4,1,97,36,0,0,0,0,0,0,0,0,0,100,0,0,0,0,0,0,0,0,0,0,0,0
2012-10,"GCE2",31.535966,-81.295851,"Control",4,2,95,35,0,0,0,0,0,0,0,0,0,100,0,0,0,0,0,0,0,0,0,0,0,0
2013-10,"GCE2",31.535966,-81.295851,"Disturbed (March-2010)",1,1,94,70,0,0,0,0,0,0,0,0,0,98,2,0,0,0,0,0,0,0,0,0,0,0
2013-10,"GCE2",31.535966,-81.295851,"Disturbed (March-2010)",1,2,96,89,0,0,0,0,0,0,0,0,0,97,3,0,0,0,0,0,0,0,0,0,0,0
2013-10,"GCE2",31.535966,-81.295851,"Disturbed (March-2010)",2,1,95,55,0,0,0,0,0,0,0,0,0,99,1,0,0,0,0,0,0,0,0,0,0,0
2013-10,"GCE2",31.535966,-81.295851,"Disturbed (March-2010)",2,2,96,62,0,0,0,0,0,0,0,0,0,96,4,0,0,0,0,0,0,0,0,0,0,0
2013-10,"GCE2",31.535966,-81.295851,"Disturbed (March-2010)",3,1,95,67,0,0,0,0,0,0,0,0,0,97,3,0,0,0,0,0,0,0,0,0,0,0
2013-10,"GCE2",31.535966,-81.295851,"Disturbed (March-2010)",3,2,96,70,0,0,0,0,0,0,0,0,0,97,3,0,0,0,0,0,0,0,0,0,0,0
2013-10,"GCE2",31.535966,-81.295851,"Disturbed (March-2010)",4,1,97,48,0,0,0,0,0,0,0,0,0,98,2,0,0,0,0,0,0,0,0,0,0,0
2013-10,"GCE2",31.535966,-81.295851,"Disturbed (March-2010)",4,2,97,45,0,0,0,0,0,0,0,0,0,97,3,0,0,0,0,0,0,0,0,0,0,0
2013-10,"GCE2",31.535966,-81.295851,"Control",1,1,96,71,0,0,0,0,0,0,0,0,0,100,0,0,0,0,0,0,0,0,0,0,0,0
2013-10,"GCE2",31.535966,-81.295851,"Control",1,2,93,90,0,0,0,0,0,0,0,0,0,100,0,0,0,0,0,0,0,0,0,0,0,0
2013-10,"GCE2",31.535966,-81.295851,"Control",2,1,97,55,0,0,0,0,0,0,0,0,0,100,0,0,0,0,0,0,0,0,0,0,0,0
2013-10,"GCE2",31.535966,-81.295851,"Control",2,2,97,64,0,0,0,0,0,0,0,0,0,100,0,0,0,0,0,0,0,0,0,0,0,0
2013-10,"GCE2",31.535966,-81.295851,"Control",3,1,95,68,0,0,0,0,0,0,0,0,0,100,0,0,0,0,0,0,0,0,0,0,0,0
2013-10,"GCE2",31.535966,-81.295851,"Control",3,2,96,71,0,0,0,0,0,0,0,0,0,100,0,0,0,0,0,0,0,0,0,0,0,0
2013-10,"GCE2",31.535966,-81.295851,"Control",4,1,97,49,0,0,0,0,0,0,0,0,0,100,0,0,0,0,0,0,0,0,0,0,0,0
2013-10,"GCE2",31.535966,-81.295851,"Control",4,2,98,48,0,0,0,0,0,0,0,0,0,100,0,0,0,0,0,0,0,0,0,0,0,0
2014-10,"GCE2",31.535966,-81.295851,"Disturbed (March-2010)",1,1,100,84,0,0,0,0,0,0,0,0,0,100,0,0,0,0,0,0,0,0,0,0,0,0
2014-10,"GCE2",31.535966,-81.295851,"Disturbed (March-2010)",1,2,98,75,0,0,0,0,0,0,0,0,0,100,0,0,0,0,0,0,0,0,0,0,0,0
2014-10,"GCE2",31.535966,-81.295851,"Disturbed (March-2010)",2,1,100,58,0,0,0,0,0,0,0,0,0,100,0,0,0,0,0,0,0,0,0,0,0,0
2014-10,"GCE2",31.535966,-81.295851,"Disturbed (March-2010)",2,2,100,58,0,0,0,0,0,0,0,0,0,100,0,0,0,0,0,0,0,0,0,0,0,0
2014-10,"GCE2",31.535966,-81.295851,"Disturbed (March-2010)",3,1,100,64,0,0,0,0,0,0,0,0,0,100,0,0,0,0,0,0,0,0,0,0,0,0
2014-10,"GCE2",31.535966,-81.295851,"Disturbed (March-2010)",3,2,100,62,0,0,0,0,0,0,0,0,0,100,0,0,0,0,0,0,0,0,0,0,0,0
2014-10,"GCE2",31.535966,-81.295851,"Disturbed (March-2010)",4,1,100,60,0,0,0,0,0,0,0,0,0,100,0,0,0,0,0,0,0,0,0,0,0,0
2014-10,"GCE2",31.535966,-81.295851,"Disturbed (March-2010)",4,2,100,55,0,0,0,0,0,0,0,0,0,100,0,0,0,0,0,0,0,0,0,0,0,0
2014-10,"GCE2",31.535966,-81.295851,"Control",1,1,100,85,0,0,0,0,0,0,0,0,0,100,0,0,0,0,0,0,0,0,0,0,0,0
2014-10,"GCE2",31.535966,-81.295851,"Control",1,2,99,78,0,0,0,0,0,0,0,0,0,100,0,0,0,0,0,0,0,0,0,0,0,0
2014-10,"GCE2",31.535966,-81.295851,"Control",2,1,100,59,0,0,0,0,0,0,0,0,0,100,0,0,0,0,0,0,0,0,0,0,0,0
2014-10,"GCE2",31.535966,-81.295851,"Control",2,2,100,60,0,0,0,0,0,0,0,0,0,100,0,0,0,0,0,0,0,0,0,0,0,0
2014-10,"GCE2",31.535966,-81.295851,"Control",3,1,100,66,0,0,0,0,0,0,0,0,0,100,0,0,0,0,0,0,0,0,0,0,0,0
2014-10,"GCE2",31.535966,-81.295851,"Control",3,2,100,63,0,0,0,0,0,0,0,0,0,100,0,0,0,0,0,0,0,0,0,0,0,0
2014-10,"GCE2",31.535966,-81.295851,"Control",4,1,100,63,0,0,0,0,0,0,0,0,0,100,0,0,0,0,0,0,0,0,0,0,0,0
2014-10,"GCE2",31.535966,-81.295851,"Control",4,2,100,58,0,0,0,0,0,0,0,0,0,100,0,0,0,0,0,0,0,0,0,0,0,0
2010-10,"GCE3",31.529377,-81.233146,"Disturbed (March-2010)",1,1,0,0,0,0,0,0,0,0,0,0,0,25,45,30,0,0,0,0,0,0,0,0,0,0
2010-10,"GCE3",31.529377,-81.233146,"Disturbed (March-2010)",1,2,0,0,0,0,0,0,0,0,0,0,0,25,48,27,0,0,0,0,0,0,0,0,0,0
2010-10,"GCE3",31.529377,-81.233146,"Disturbed (March-2010)",2,1,88,39,0,0,0,0,0,0,0,0,0,32,41,27,0,0,0,0,0,0,0,0,0,0
2010-10,"GCE3",31.529377,-81.233146,"Disturbed (March-2010)",2,2,10,19,0,0,0,0,0,0,0,0,0,28,40,32,0,0,0,0,0,0,0,0,0,0
2010-10,"GCE3",31.529377,-81.233146,"Disturbed (March-2010)",3,1,0,0,0,0,0,0,0,0,0,0,0,27,46,27,0,0,0,0,0,0,0,0,0,0
2010-10,"GCE3",31.529377,-81.233146,"Disturbed (March-2010)",3,2,0,0,0,0,0,0,0,0,0,0,0,22,49,29,0,0,0,0,0,0,0,0,0,0
2010-10,"GCE3",31.529377,-81.233146,"Disturbed (March-2010)",4,1,97,42,0,0,0,0,0,0,0,0,0,27,42,31,0,0,0,0,0,0,0,0,0,0
2010-10,"GCE3",31.529377,-81.233146,"Disturbed (March-2010)",4,2,66,32,0,0,0,0,0,0,0,0,0,25,43,32,0,0,0,0,0,0,0,0,0,0
2010-10,"GCE3",31.529377,-81.233146,"Control",1,1,96,49,0,0,0,0,0,0,0,0,0,75,16,9,0,0,0,0,0,0,0,0,0,0
2010-10,"GCE3",31.529377,-81.233146,"Control",1,2,95,46,0,0,0,0,0,0,0,0,0,71,17,12,0,0,0,0,0,0,0,0,0,0
2010-10,"GCE3",31.529377,-81.233146,"Control",2,1,99,48,0,0,0,0,0,0,0,0,0,76,15,9,0,0,0,0,0,0,0,0,0,0
2010-10,"GCE3",31.529377,-81.233146,"Control",2,2,100,33,0,0,0,0,0,0,0,0,0,75,18,7,0,0,0,0,0,0,0,0,0,0
2010-10,"GCE3",31.529377,-81.233146,"Control",3,1,100,32,0,0,0,0,0,0,0,0,0,72,16,12,0,0,0,0,0,0,0,0,0,0
2010-10,"GCE3",31.529377,-81.233146,"Control",3,2,100,22,0,0,0,0,0,0,0,0,0,79,18,3,0,0,0,0,0,0,0,0,0,0
2010-10,"GCE3",31.529377,-81.233146,"Control",4,1,100,47,0,0,0,0,0,0,0,0,0,78,11,11,0,0,0,0,0,0,0,0,0,0
2010-10,"GCE3",31.529377,-81.233146,"Control",4,2,97,43,0,0,0,0,0,0,0,0,0,77,12,11,0,0,0,0,0,0,0,0,0,0
2011-10,"GCE3",31.529377,-81.233146,"Disturbed (March-2010)",1,1,30,40,0,0,0,0,0,0,0,0,0,30,40,30,0,0,0,0,0,0,0,0,0,0
2011-10,"GCE3",31.529377,-81.233146,"Disturbed (March-2010)",1,2,60,36,0,0,0,0,0,0,0,0,0,45,30,25,0,0,0,0,0,0,0,0,0,0
2011-10,"GCE3",31.529377,-81.233146,"Disturbed (March-2010)",2,1,96,42,0,0,0,0,0,0,0,0,0,46,35,19,0,0,0,0,0,0,0,0,0,0
2011-10,"GCE3",31.529377,-81.233146,"Disturbed (March-2010)",2,2,100,34,0,0,0,0,0,0,0,0,0,40,38,22,0,0,0,0,0,0,0,0,0,0
2011-10,"GCE3",31.529377,-81.233146,"Disturbed (March-2010)",3,1,0,0,0,0,0,0,0,0,0,0,0,45,36,19,0,0,0,0,0,0,0,0,0,0
2011-10,"GCE3",31.529377,-81.233146,"Disturbed (March-2010)",3,2,0,0,0,0,0,0,0,0,0,0,0,43,33,24,0,0,0,0,0,0,0,0,0,0
2011-10,"GCE3",31.529377,-81.233146,"Disturbed (March-2010)",4,1,89,41,0,0,0,0,0,0,0,0,0,49,28,23,0,0,0,0,0,0,0,0,0,0
2011-10,"GCE3",31.529377,-81.233146,"Disturbed (March-2010)",4,2,96,43,0,0,0,0,0,0,0,0,0,46,32,22,0,0,0,0,0,0,0,0,0,0
2011-10,"GCE3",31.529377,-81.233146,"Control",1,1,96,43,0,0,0,0,0,0,0,0,0,75,16,9,0,0,0,0,0,0,0,0,0,0
2011-10,"GCE3",31.529377,-81.233146,"Control",1,2,97,39,0,0,0,0,0,0,0,0,0,78,10,12,0,0,0,0,0,0,0,0,0,0
2011-10,"GCE3",31.529377,-81.233146,"Control",2,1,98,47,0,0,0,0,0,0,0,0,0,75,16,9,0,0,0,0,0,0,0,0,0,0
2011-10,"GCE3",31.529377,-81.233146,"Control",2,2,100,36,0,0,0,0,0,0,0,0,0,73,20,7,0,0,0,0,0,0,0,0,0,0
2011-10,"GCE3",31.529377,-81.233146,"Control",3,1,100,33,0,0,0,0,0,0,0,0,0,71,17,12,0,0,0,0,0,0,0,0,0,0
2011-10,"GCE3",31.529377,-81.233146,"Control",3,2,100,26,0,0,0,0,0,0,0,0,0,73,22,5,0,0,0,0,0,0,0,0,0,0
2011-10,"GCE3",31.529377,-81.233146,"Control",4,1,97,45,0,0,0,0,0,0,0,0,0,79,9,12,0,0,0,0,0,0,0,0,0,0
2011-10,"GCE3",31.529377,-81.233146,"Control",4,2,98,50,0,0,0,0,0,0,0,0,0,76,13,11,0,0,0,0,0,0,0,0,0,0
2012-10,"GCE3",31.529377,-81.233146,"Disturbed (March-2010)",1,1,94,35,0,0,0,0,0,0,0,0,0,52,30,18,0,0,0,0,0,0,0,0,0,0
2012-10,"GCE3",31.529377,-81.233146,"Disturbed (March-2010)",1,2,92,36,0,0,0,0,0,0,0,0,0,56,25,19,0,0,0,0,0,0,0,0,0,0
2012-10,"GCE3",31.529377,-81.233146,"Disturbed (March-2010)",2,1,97,36,0,0,0,0,0,0,0,0,0,53,28,21,0,0,0,0,0,0,0,0,0,0
2012-10,"GCE3",31.529377,-81.233146,"Disturbed (March-2010)",2,2,98,30,0,0,0,0,0,0,0,0,0,55,26,19,0,0,0,0,0,0,0,0,0,0
2012-10,"GCE3",31.529377,-81.233146,"Disturbed (March-2010)",3,1,19,23,0,0,0,0,0,0,0,0,0,58,27,15,0,0,0,0,0,0,0,0,0,0
2012-10,"GCE3",31.529377,-81.233146,"Disturbed (March-2010)",3,2,4,19,0,0,0,0,0,0,0,0,0,56,31,19,0,0,0,0,0,0,0,0,0,0
2012-10,"GCE3",31.529377,-81.233146,"Disturbed (March-2010)",4,1,90,38,0,0,0,0,0,0,0,0,0,59,28,23,0,0,0,0,0,0,0,0,0,0
2012-10,"GCE3",31.529377,-81.233146,"Disturbed (March-2010)",4,2,88,35,0,0,0,0,0,0,0,0,0,53,33,14,0,0,0,0,0,0,0,0,0,0
2012-10,"GCE3",31.529377,-81.233146,"Control",1,1,95,53,0,0,0,0,0,0,0,0,0,76,15,9,0,0,0,0,0,0,0,0,0,0
2012-10,"GCE3",31.529377,-81.233146,"Control",1,2,97,40,0,0,0,0,0,0,0,0,0,78,10,12,0,0,0,0,0,0,0,0,0,0
2012-10,"GCE3",31.529377,-81.233146,"Control",2,1,98,40,0,0,0,0,0,0,0,0,0,77,15,8,0,0,0,0,0,0,0,0,0,0
2012-10,"GCE3",31.529377,-81.233146,"Control",2,2,98,39,0,0,0,0,0,0,0,0,0,71,20,9,0,0,0,0,0,0,0,0,0,0
2012-10,"GCE3",31.529377,-81.233146,"Control",3,1,100,31,0,0,0,0,0,0,0,0,0,73,17,10,0,0,0,0,0,0,0,0,0,0
2012-10,"GCE3",31.529377,-81.233146,"Control",3,2,100,21,0,0,0,0,0,0,0,0,0,73,22,5,0,0,0,0,0,0,0,0,0,0
2012-10,"GCE3",31.529377,-81.233146,"Control",4,1,96,44,0,0,0,0,0,0,0,0,0,78,9,13,0,0,0,0,0,0,0,0,0,0
2012-10,"GCE3",31.529377,-81.233146,"Control",4,2,94,40,0,0,0,0,0,0,0,0,0,75,13,12,0,0,0,0,0,0,0,0,0,0
2013-10,"GCE3",31.529377,-81.233146,"Disturbed (March-2010)",1,1,91,34,0,0,0,0,0,0,0,0,0,65,20,15,0,0,0,0,0,0,0,0,0,0
2013-10,"GCE3",31.529377,-81.233146,"Disturbed (March-2010)",1,2,90,38,0,0,0,0,0,0,0,0,0,69,18,13,0,0,0,0,0,0,0,0,0,0
2013-10,"GCE3",31.529377,-81.233146,"Disturbed (March-2010)",2,1,97,49,0,0,0,0,0,0,0,0,0,62,21,17,0,0,0,0,0,0,0,0,0,0
2013-10,"GCE3",31.529377,-81.233146,"Disturbed (March-2010)",2,2,98,46,0,0,0,0,0,0,0,0,0,66,19,15,0,0,0,0,0,0,0,0,0,0
2013-10,"GCE3",31.529377,-81.233146,"Disturbed (March-2010)",3,1,68,33,0,0,0,0,0,0,0,0,0,69,22,9,0,0,0,0,0,0,0,0,0,0
2013-10,"GCE3",31.529377,-81.233146,"Disturbed (March-2010)",3,2,16,24,0,0,0,0,0,0,0,0,0,65,19,16,0,0,0,0,0,0,0,0,0,0
2013-10,"GCE3",31.529377,-81.233146,"Disturbed (March-2010)",4,1,95,55,0,0,0,0,0,0,0,0,0,61,23,16,0,0,0,0,0,0,0,0,0,0
2013-10,"GCE3",31.529377,-81.233146,"Disturbed (March-2010)",4,2,94,59,0,0,0,0,0,0,0,0,0,63,20,17,0,0,0,0,0,0,0,0,0,0
2013-10,"GCE3",31.529377,-81.233146,"Control",1,1,91,55,0,0,0,0,0,0,0,0,0,77,13,10,0,0,0,0,0,0,0,0,0,0
2013-10,"GCE3",31.529377,-81.233146,"Control",1,2,90,50,0,0,0,0,0,0,0,0,0,76,12,12,0,0,0,0,0,0,0,0,0,0
2013-10,"GCE3",31.529377,-81.233146,"Control",2,1,98,49,0,0,0,0,0,0,0,0,0,75,16,9,0,0,0,0,0,0,0,0,0,0
2013-10,"GCE3",31.529377,-81.233146,"Control",2,2,98,46,0,0,0,0,0,0,0,0,0,75,18,7,0,0,0,0,0,0,0,0,0,0
2013-10,"GCE3",31.529377,-81.233146,"Control",3,1,100,50,0,0,0,0,0,0,0,0,0,76,16,8,0,0,0,0,0,0,0,0,0,0
2013-10,"GCE3",31.529377,-81.233146,"Control",3,2,100,38,0,0,0,0,0,0,0,0,0,75,17,8,0,0,0,0,0,0,0,0,0,0
2013-10,"GCE3",31.529377,-81.233146,"Control",4,1,95,56,0,0,0,0,0,0,0,0,0,70,19,11,0,0,0,0,0,0,0,0,0,0
2013-10,"GCE3",31.529377,-81.233146,"Control",4,2,96,60,0,0,0,0,0,0,0,0,0,76,9,15,0,0,0,0,0,0,0,0,0,0
2014-10,"GCE3",31.529377,-81.233146,"Disturbed (March-2010)",1,1,100,56,0,0,0,0,0,0,0,0,0,76,15,9,0,0,0,0,0,0,0,0,0,0
2014-10,"GCE3",31.529377,-81.233146,"Disturbed (March-2010)",1,2,100,56,0,0,0,0,0,0,0,0,0,75,11,11,0,0,0,0,0,0,0,0,0,0
2014-10,"GCE3",31.529377,-81.233146,"Disturbed (March-2010)",2,1,98,52,0,0,0,0,0,0,0,0,0,76,15,12,0,0,0,0,0,0,0,0,0,0
2014-10,"GCE3",31.529377,-81.233146,"Disturbed (March-2010)",2,2,100,56,0,0,0,0,0,0,0,0,0,73,17,9,0,0,0,0,0,0,0,0,0,0
2014-10,"GCE3",31.529377,-81.233146,"Disturbed (March-2010)",3,1,100,55,0,0,0,0,0,0,0,0,0,75,15,8,0,0,0,0,0,0,0,0,0,0
2014-10,"GCE3",31.529377,-81.233146,"Disturbed (March-2010)",3,2,100,43,0,0,0,0,0,0,0,0,0,75,13,6,0,0,0,0,0,0,0,0,0,0
2014-10,"GCE3",31.529377,-81.233146,"Disturbed (March-2010)",4,1,100,53,0,0,0,0,0,0,0,0,0,72,18,10,0,0,0,0,0,0,0,0,0,0
2014-10,"GCE3",31.529377,-81.233146,"Disturbed (March-2010)",4,2,100,63,0,0,0,0,0,0,0,0,0,78,16,15,0,0,0,0,0,0,0,0,0,0
2014-10,"GCE3",31.529377,-81.233146,"Control",1,1,100,60,0,0,0,0,0,0,0,0,0,77,13,10,0,0,0,0,0,0,0,0,0,0
2014-10,"GCE3",31.529377,-81.233146,"Control",1,2,100,56,0,0,0,0,0,0,0,0,0,76,12,12,0,0,0,0,0,0,0,0,0,0
2014-10,"GCE3",31.529377,-81.233146,"Control",2,1,99,53,0,0,0,0,0,0,0,0,0,75,16,9,0,0,0,0,0,0,0,0,0,0
2014-10,"GCE3",31.529377,-81.233146,"Control",2,2,100,59,0,0,0,0,0,0,0,0,0,75,18,7,0,0,0,0,0,0,0,0,0,0
2014-10,"GCE3",31.529377,-81.233146,"Control",3,1,100,55,0,0,0,0,0,0,0,0,0,76,16,8,0,0,0,0,0,0,0,0,0,0
2014-10,"GCE3",31.529377,-81.233146,"Control",3,2,100,44,0,0,0,0,0,0,0,0,0,75,17,8,0,0,0,0,0,0,0,0,0,0
2014-10,"GCE3",31.529377,-81.233146,"Control",4,1,100,54,0,0,0,0,0,0,0,0,0,70,19,11,0,0,0,0,0,0,0,0,0,0
2014-10,"GCE3",31.529377,-81.233146,"Control",4,2,100,65,0,0,0,0,0,0,0,0,0,76,9,15,0,0,0,0,0,0,0,0,0,0
2010-10,"GCE4",31.452473,-81.365615,"Disturbed (March-2010)",1,1,23,32,0,0,0,0,0,0,0,0,0,23,77,0,0,0,0,0,0,0,0,0,0,0
2010-10,"GCE4",31.452473,-81.365615,"Disturbed (March-2010)",1,2,9,13,0,0,0,0,0,0,0,0,0,29,71,0,0,0,0,0,0,0,0,0,0,0
2010-10,"GCE4",31.452473,-81.365615,"Disturbed (March-2010)",2,1,47,22,0,0,0,0,0,0,0,0,0,47,53,0,0,0,0,0,0,0,0,0,0,0
2010-10,"GCE4",31.452473,-81.365615,"Disturbed (March-2010)",2,2,36,33,0,0,0,0,0,0,0,0,0,36,64,0,0,0,0,0,0,0,0,0,0,0
2010-10,"GCE4",31.452473,-81.365615,"Disturbed (March-2010)",3,1,25,21,0,0,0,0,0,0,0,0,0,25,75,0,0,0,0,0,0,0,0,0,0,0
2010-10,"GCE4",31.452473,-81.365615,"Disturbed (March-2010)",3,2,0,0,0,0,0,0,0,0,0,0,0,30,70,0,0,0,0,0,0,0,0,0,0,0
2010-10,"GCE4",31.452473,-81.365615,"Disturbed (March-2010)",4,1,23,20,0,0,0,0,0,0,0,0,0,23,77,0,0,0,0,0,0,0,0,0,0,0
2010-10,"GCE4",31.452473,-81.365615,"Disturbed (March-2010)",4,2,0,0,0,0,0,0,0,0,0,0,0,40,60,0,0,0,0,0,0,0,0,0,0,0
2010-10,"GCE4",31.452473,-81.365615,"Control",1,1,100,78,0,0,0,0,0,0,0,0,0,100,0,0,0,0,0,0,0,0,0,0,0,0
2010-10,"GCE4",31.452473,-81.365615,"Control",1,2,99,86,0,0,0,0,0,0,0,0,0,100,0,0,0,0,0,0,0,0,0,0,0,0
2010-10,"GCE4",31.452473,-81.365615,"Control",2,1,100,84,0,0,0,0,0,0,0,0,0,100,0,0,0,0,0,0,0,0,0,0,0,0
2010-10,"GCE4",31.452473,-81.365615,"Control",2,2,99,73,0,0,0,0,0,0,0,0,0,100,0,0,0,0,0,0,0,0,0,0,0,0
2010-10,"GCE4",31.452473,-81.365615,"Control",3,1,97,91,0,0,0,0,0,0,0,0,0,100,0,0,0,0,0,0,0,0,0,0,0,0
2010-10,"GCE4",31.452473,-81.365615,"Control",3,2,99,91,0,0,0,0,0,0,0,0,0,100,0,0,0,0,0,0,0,0,0,0,0,0
2010-10,"GCE4",31.452473,-81.365615,"Control",4,1,98,56,0,0,0,0,0,0,0,0,0,100,0,0,0,0,0,0,0,0,0,0,0,0
2010-10,"GCE4",31.452473,-81.365615,"Control",4,2,100,46,0,0,0,0,0,0,0,0,0,100,0,0,0,0,0,0,0,0,0,0,0,0
2011-10,"GCE4",31.452473,-81.365615,"Disturbed (March-2010)",1,1,69,56,0,0,0,0,0,0,0,0,0,91,9,0,0,0,0,0,0,0,0,0,0,0
2011-10,"GCE4",31.452473,-81.365615,"Disturbed (March-2010)",1,2,72,55,0,0,0,0,0,0,0,0,0,99,1,0,0,0,0,0,0,0,0,0,0,0
2011-10,"GCE4",31.452473,-81.365615,"Disturbed (March-2010)",2,1,74,53,0,0,0,0,0,0,0,0,0,92,8,0,0,0,0,0,0,0,0,0,0,0
2011-10,"GCE4",31.452473,-81.365615,"Disturbed (March-2010)",2,2,77,48,0,0,0,0,0,0,0,0,0,98,2,0,0,0,0,0,0,0,0,0,0,0
2011-10,"GCE4",31.452473,-81.365615,"Disturbed (March-2010)",3,1,82,64,0,0,0,0,0,0,0,0,0,97,3,0,0,0,0,0,0,0,0,0,0,0
2011-10,"GCE4",31.452473,-81.365615,"Disturbed (March-2010)",3,2,75,56,0,0,0,0,0,0,0,0,0,96,4,0,0,0,0,0,0,0,0,0,0,0
2011-10,"GCE4",31.452473,-81.365615,"Disturbed (March-2010)",4,1,87,39,0,0,0,0,0,0,0,0,0,97,3,0,0,0,0,0,0,0,0,0,0,0
2011-10,"GCE4",31.452473,-81.365615,"Disturbed (March-2010)",4,2,80,31,0,0,0,0,0,0,0,0,0,93,7,0,0,0,0,0,0,0,0,0,0,0
2011-10,"GCE4",31.452473,-81.365615,"Control",1,1,81,60,0,0,0,0,0,0,0,0,0,100,0,0,0,0,0,0,0,0,0,0,0,0
2011-10,"GCE4",31.452473,-81.365615,"Control",1,2,79,61,0,0,0,0,0,0,0,0,0,100,0,0,0,0,0,0,0,0,0,0,0,0
2011-10,"GCE4",31.452473,-81.365615,"Control",2,1,82,58,0,0,0,0,0,0,0,0,0,100,0,0,0,0,0,0,0,0,0,0,0,0
2011-10,"GCE4",31.452473,-81.365615,"Control",2,2,88,51,0,0,0,0,0,0,0,0,0,100,0,0,0,0,0,0,0,0,0,0,0,0
2011-10,"GCE4",31.452473,-81.365615,"Control",3,1,93,67,0,0,0,0,0,0,0,0,0,100,0,0,0,0,0,0,0,0,0,0,0,0
2011-10,"GCE4",31.452473,-81.365615,"Control",3,2,96,58,0,0,0,0,0,0,0,0,0,100,0,0,0,0,0,0,0,0,0,0,0,0
2011-10,"GCE4",31.452473,-81.365615,"Control",4,1,87,41,0,0,0,0,0,0,0,0,0,100,0,0,0,0,0,0,0,0,0,0,0,0
2011-10,"GCE4",31.452473,-81.365615,"Control",4,2,89,33,0,0,0,0,0,0,0,0,0,100,0,0,0,0,0,0,0,0,0,0,0,0
2012-10,"GCE4",31.452473,-81.365615,"Disturbed (March-2010)",1,1,95,57,0,0,0,0,0,0,0,0,0,95,5,0,0,0,0,0,0,0,0,0,0,0
2012-10,"GCE4",31.452473,-81.365615,"Disturbed (March-2010)",1,2,96,60,0,0,0,0,0,0,0,0,0,98,2,0,0,0,0,0,0,0,0,0,0,0
2012-10,"GCE4",31.452473,-81.365615,"Disturbed (March-2010)",2,1,89,56,0,0,0,0,0,0,0,0,0,99,1,0,0,0,0,0,0,0,0,0,0,0
2012-10,"GCE4",31.452473,-81.365615,"Disturbed (March-2010)",2,2,89,54,0,0,0,0,0,0,0,0,0,99,1,0,0,0,0,0,0,0,0,0,0,0
2012-10,"GCE4",31.452473,-81.365615,"Disturbed (March-2010)",3,1,77,42,0,0,0,0,0,0,0,0,0,97,3,0,0,0,0,0,0,0,0,0,0,0
2012-10,"GCE4",31.452473,-81.365615,"Disturbed (March-2010)",3,2,89,67,0,0,0,0,0,0,0,0,0,90,10,0,0,0,0,0,0,0,0,0,0,0
2012-10,"GCE4",31.452473,-81.365615,"Disturbed (March-2010)",4,1,73,30,0,0,0,0,0,0,0,0,0,93,7,0,0,0,0,0,0,0,0,0,0,0
2012-10,"GCE4",31.452473,-81.365615,"Disturbed (March-2010)",4,2,88,21,0,0,0,0,0,0,0,0,0,95,5,0,0,0,0,0,0,0,0,0,0,0
2012-10,"GCE4",31.452473,-81.365615,"Control",1,1,97,76,0,0,0,0,0,0,0,0,0,100,0,0,0,0,0,0,0,0,0,0,0,0
2012-10,"GCE4",31.452473,-81.365615,"Control",1,2,98,69,0,0,0,0,0,0,0,0,0,100,0,0,0,0,0,0,0,0,0,0,0,0
2012-10,"GCE4",31.452473,-81.365615,"Control",2,1,90,71,0,0,0,0,0,0,0,0,0,100,0,0,0,0,0,0,0,0,0,0,0,0
2012-10,"GCE4",31.452473,-81.365615,"Control",2,2,94,59,0,0,0,0,0,0,0,0,0,100,0,0,0,0,0,0,0,0,0,0,0,0
2012-10,"GCE4",31.452473,-81.365615,"Control",3,1,83,63,0,0,0,0,0,0,0,0,0,100,0,0,0,0,0,0,0,0,0,0,0,0
2012-10,"GCE4",31.452473,-81.365615,"Control",3,2,90,76,0,0,0,0,0,0,0,0,0,100,0,0,0,0,0,0,0,0,0,0,0,0
2012-10,"GCE4",31.452473,-81.365615,"Control",4,1,83,32,0,0,0,0,0,0,0,0,0,100,0,0,0,0,0,0,0,0,0,0,0,0
2012-10,"GCE4",31.452473,-81.365615,"Control",4,2,85,23,0,0,0,0,0,0,0,0,0,100,0,0,0,0,0,0,0,0,0,0,0,0
2013-10,"GCE4",31.452473,-81.365615,"Disturbed (March-2010)",1,1,98,114,0,0,0,0,0,0,0,0,0,98,2,0,0,0,0,0,0,0,0,0,0,0
2013-10,"GCE4",31.452473,-81.365615,"Disturbed (March-2010)",1,2,98,100,0,0,0,0,0,0,0,0,0,98,2,0,0,0,0,0,0,0,0,0,0,0
2013-10,"GCE4",31.452473,-81.365615,"Disturbed (March-2010)",2,1,98,90,0,0,0,0,0,0,0,0,0,98,2,0,0,0,0,0,0,0,0,0,0,0
2013-10,"GCE4",31.452473,-81.365615,"Disturbed (March-2010)",2,2,98,91,0,0,0,0,0,0,0,0,0,98,2,0,0,0,0,0,0,0,0,0,0,0
2013-10,"GCE4",31.452473,-81.365615,"Disturbed (March-2010)",3,1,97,86,0,0,0,0,0,0,0,0,0,99,1,0,0,0,0,0,0,0,0,0,0,0
2013-10,"GCE4",31.452473,-81.365615,"Disturbed (March-2010)",3,2,100,88,0,0,0,0,0,0,0,0,0,100,0,0,0,0,0,0,0,0,0,0,0,0
2013-10,"GCE4",31.452473,-81.365615,"Disturbed (March-2010)",4,1,92,50,0,0,0,0,0,0,0,0,0,92,8,0,0,0,0,0,0,0,0,0,0,0
2013-10,"GCE4",31.452473,-81.365615,"Disturbed (March-2010)",4,2,100,42,0,0,0,0,0,0,0,0,0,100,0,0,0,0,0,0,0,0,0,0,0,0
2013-10,"GCE4",31.452473,-81.365615,"Control",1,1,99,123,0,0,0,0,0,0,0,0,0,100,0,0,0,0,0,0,0,0,0,0,0,0
2013-10,"GCE4",31.452473,-81.365615,"Control",1,2,98,104,0,0,0,0,0,0,0,0,0,100,0,0,0,0,0,0,0,0,0,0,0,0
2013-10,"GCE4",31.452473,-81.365615,"Control",2,1,99,94,0,0,0,0,0,0,0,0,0,100,0,0,0,0,0,0,0,0,0,0,0,0
2013-10,"GCE4",31.452473,-81.365615,"Control",2,2,99,92,0,0,0,0,0,0,0,0,0,100,0,0,0,0,0,0,0,0,0,0,0,0
2013-10,"GCE4",31.452473,-81.365615,"Control",3,1,97,88,0,0,0,0,0,0,0,0,0,100,0,0,0,0,0,0,0,0,0,0,0,0
2013-10,"GCE4",31.452473,-81.365615,"Control",3,2,100,93,0,0,0,0,0,0,0,0,0,100,0,0,0,0,0,0,0,0,0,0,0,0
2013-10,"GCE4",31.452473,-81.365615,"Control",4,1,98,51,0,0,0,0,0,0,0,0,0,100,0,0,0,0,0,0,0,0,0,0,0,0
2013-10,"GCE4",31.452473,-81.365615,"Control",4,2,100,46,0,0,0,0,0,0,0,0,0,100,0,0,0,0,0,0,0,0,0,0,0,0
2014-10,"GCE4",31.452473,-81.365615,"Disturbed (March-2010)",1,1,100,66,0,0,0,0,0,0,0,0,0,100,0,0,0,0,0,0,0,0,0,0,0,0
2014-10,"GCE4",31.452473,-81.365615,"Disturbed (March-2010)",1,2,100,73,0,0,0,0,0,0,0,0,0,100,0,0,0,0,0,0,0,0,0,0,0,0
2014-10,"GCE4",31.452473,-81.365615,"Disturbed (March-2010)",2,1,100,76,0,0,0,0,0,0,0,0,0,100,0,0,0,0,0,0,0,0,0,0,0,0
2014-10,"GCE4",31.452473,-81.365615,"Disturbed (March-2010)",2,2,100,73,0,0,0,0,0,0,0,0,0,100,0,0,0,0,0,0,0,0,0,0,0,0
2014-10,"GCE4",31.452473,-81.365615,"Disturbed (March-2010)",3,1,98,81,0,0,0,0,0,0,0,0,0,100,0,0,0,0,0,0,0,0,0,0,0,0
2014-10,"GCE4",31.452473,-81.365615,"Disturbed (March-2010)",3,2,100,61,0,0,0,0,0,0,0,0,0,100,0,0,0,0,0,0,0,0,0,0,0,0
2014-10,"GCE4",31.452473,-81.365615,"Disturbed (March-2010)",4,1,100,84,0,0,0,0,0,0,0,0,0,100,0,0,0,0,0,0,0,0,0,0,0,0
2014-10,"GCE4",31.452473,-81.365615,"Disturbed (March-2010)",4,2,100,76,0,0,0,0,0,0,0,0,0,100,0,0,0,0,0,0,0,0,0,0,0,0
2014-10,"GCE4",31.452473,-81.365615,"Control",1,1,100,67,0,0,0,0,0,0,0,0,0,100,0,0,0,0,0,0,0,0,0,0,0,0
2014-10,"GCE4",31.452473,-81.365615,"Control",1,2,100,75,0,0,0,0,0,0,0,0,0,100,0,0,0,0,0,0,0,0,0,0,0,0
2014-10,"GCE4",31.452473,-81.365615,"Control",2,1,100,79,0,0,0,0,0,0,0,0,0,100,0,0,0,0,0,0,0,0,0,0,0,0
2014-10,"GCE4",31.452473,-81.365615,"Control",2,2,100,76,0,0,0,0,0,0,0,0,0,100,0,0,0,0,0,0,0,0,0,0,0,0
2014-10,"GCE4",31.452473,-81.365615,"Control",3,1,99,84,0,0,0,0,0,0,0,0,0,100,0,0,0,0,0,0,0,0,0,0,0,0
2014-10,"GCE4",31.452473,-81.365615,"Control",3,2,100,63,0,0,0,0,0,0,0,0,0,100,0,0,0,0,0,0,0,0,0,0,0,0
2014-10,"GCE4",31.452473,-81.365615,"Control",4,1,100,85,0,0,0,0,0,0,0,0,0,100,0,0,0,0,0,0,0,0,0,0,0,0
2014-10,"GCE4",31.452473,-81.365615,"Control",4,2,100,79,0,0,0,0,0,0,0,0,0,100,0,0,0,0,0,0,0,0,0,0,0,0
2010-10,"GCE5",31.431113,-81.337060,"Disturbed (March-2010)",1,1,1,6,0,0,0,0,0,0,0,0,0,20,80,,0,0,0,0,0,0,0,0,0,0
2010-10,"GCE5",31.431113,-81.337060,"Disturbed (March-2010)",1,2,0,0,0,0,0,0,0,0,0,0,0,20,80,,0,0,0,0,0,0,0,0,0,0
2010-10,"GCE5",31.431113,-81.337060,"Disturbed (March-2010)",2,1,3,3,0,0,0,0,0,0,0,0,0,23,77,,0,0,0,0,0,0,0,0,0,0
2010-10,"GCE5",31.431113,-81.337060,"Disturbed (March-2010)",2,2,1,9,0,0,0,0,0,0,0,0,0,21,79,,0,0,0,0,0,0,0,0,0,0
2010-10,"GCE5",31.431113,-81.337060,"Disturbed (March-2010)",3,1,0,0,0,0,0,0,0,0,0,0,0,20,80,,0,0,0,0,0,0,0,0,0,0
2010-10,"GCE5",31.431113,-81.337060,"Disturbed (March-2010)",3,2,2,7,0,0,0,0,0,0,0,0,0,22,78,,0,0,0,0,0,0,0,0,0,0
2010-10,"GCE5",31.431113,-81.337060,"Disturbed (March-2010)",4,1,2,5,0,0,0,0,0,0,0,0,0,22,78,,0,0,0,0,0,0,0,0,0,0
2010-10,"GCE5",31.431113,-81.337060,"Disturbed (March-2010)",4,2,4,4,0,0,0,0,0,0,0,0,0,21,79,,0,0,0,0,0,0,0,0,0,0
2010-10,"GCE5",31.431113,-81.337060,"Control",1,1,96,55,0,0,0,0,0,0,0,0,0,100,0,,0,0,0,0,0,0,0,0,0,0
2010-10,"GCE5",31.431113,-81.337060,"Control",1,2,88,56,0,0,0,0,0,0,0,0,0,100,0,,0,0,0,0,0,0,0,0,0,0
2010-10,"GCE5",31.431113,-81.337060,"Control",2,1,94,56,0,0,0,0,0,0,0,0,0,100,0,,0,0,0,0,0,0,0,0,0,0
2010-10,"GCE5",31.431113,-81.337060,"Control",2,2,90,52,0,0,0,0,0,0,0,0,0,100,0,,0,0,0,0,0,0,0,0,0,0
2010-10,"GCE5",31.431113,-81.337060,"Control",3,1,94,79,0,0,0,0,0,0,0,0,0,100,0,,0,0,0,0,0,0,0,0,0,0
2010-10,"GCE5",31.431113,-81.337060,"Control",3,2,95,75,0,0,0,0,0,0,0,0,0,100,0,,0,0,0,0,0,0,0,0,0,0
2010-10,"GCE5",31.431113,-81.337060,"Control",4,1,93,62,0,0,0,0,0,0,0,0,0,100,0,,0,0,0,0,0,0,0,0,0,0
2010-10,"GCE5",31.431113,-81.337060,"Control",4,2,99,65,0,0,0,0,0,0,0,0,0,100,0,,0,0,0,0,0,0,0,0,0,0
2011-10,"GCE5",31.431113,-81.337060,"Disturbed (March-2010)",1,1,41,51,0,0,0,0,0,0,0,0,0,41,59,,0,0,0,0,0,0,0,0,0,0
2011-10,"GCE5",31.431113,-81.337060,"Disturbed (March-2010)",1,2,47,44,0,0,0,0,0,0,0,0,0,47,53,,0,0,0,0,0,0,0,0,0,0
2011-10,"GCE5",31.431113,-81.337060,"Disturbed (March-2010)",2,1,42,53,0,0,0,0,0,0,0,0,0,42,58,,0,0,0,0,0,0,0,0,0,0
2011-10,"GCE5",31.431113,-81.337060,"Disturbed (March-2010)",2,2,50,46,0,0,0,0,0,0,0,0,0,50,50,,0,0,0,0,0,0,0,0,0,0
2011-10,"GCE5",31.431113,-81.337060,"Disturbed (March-2010)",3,1,25,51,0,0,0,0,0,0,0,0,0,25,75,,0,0,0,0,0,0,0,0,0,0
2011-10,"GCE5",31.431113,-81.337060,"Disturbed (March-2010)",3,2,29,54,0,0,0,0,0,0,0,0,0,29,71,,0,0,0,0,0,0,0,0,0,0
2011-10,"GCE5",31.431113,-81.337060,"Disturbed (March-2010)",4,1,28,46,0,0,0,0,0,0,0,0,0,28,72,,0,0,0,0,0,0,0,0,0,0
2011-10,"GCE5",31.431113,-81.337060,"Disturbed (March-2010)",4,2,88,62,0,0,0,0,0,0,0,0,0,88,12,,0,0,0,0,0,0,0,0,0,0
2011-10,"GCE5",31.431113,-81.337060,"Control",1,1,72,55,0,0,0,0,0,0,0,0,0,100,0,,0,0,0,0,0,0,0,0,0,0
2011-10,"GCE5",31.431113,-81.337060,"Control",1,2,80,68,0,0,0,0,0,0,0,0,0,100,0,,0,0,0,0,0,0,0,0,0,0
2011-10,"GCE5",31.431113,-81.337060,"Control",2,1,87,55,0,0,0,0,0,0,0,0,0,100,0,,0,0,0,0,0,0,0,0,0,0
2011-10,"GCE5",31.431113,-81.337060,"Control",2,2,92,48,0,0,0,0,0,0,0,0,0,100,0,,0,0,0,0,0,0,0,0,0,0
2011-10,"GCE5",31.431113,-81.337060,"Control",3,1,95,81,0,0,0,0,0,0,0,0,0,100,0,,0,0,0,0,0,0,0,0,0,0
2011-10,"GCE5",31.431113,-81.337060,"Control",3,2,95,86,0,0,0,0,0,0,0,0,0,100,0,,0,0,0,0,0,0,0,0,0,0
2011-10,"GCE5",31.431113,-81.337060,"Control",4,1,79,56,0,0,0,0,0,0,0,0,0,100,0,,0,0,0,0,0,0,0,0,0,0
2011-10,"GCE5",31.431113,-81.337060,"Control",4,2,94,65,0,0,0,0,0,0,0,0,0,100,0,,0,0,0,0,0,0,0,0,0,0
2012-10,"GCE5",31.431113,-81.337060,"Disturbed (March-2010)",1,1,83,60,0,0,0,0,0,0,0,0,0,93,7,,0,0,0,0,0,0,0,0,0,0
2012-10,"GCE5",31.431113,-81.337060,"Disturbed (March-2010)",1,2,86,61,0,0,0,0,0,0,0,0,0,94,6,,0,0,0,0,0,0,0,0,0,0
2012-10,"GCE5",31.431113,-81.337060,"Disturbed (March-2010)",2,1,84,43,0,0,0,0,0,0,0,0,0,95,5,,0,0,0,0,0,0,0,0,0,0
2012-10,"GCE5",31.431113,-81.337060,"Disturbed (March-2010)",2,2,87,43,0,0,0,0,0,0,0,0,0,97,3,,0,0,0,0,0,0,0,0,0,0
2012-10,"GCE5",31.431113,-81.337060,"Disturbed (March-2010)",3,1,87,66,0,0,0,0,0,0,0,0,0,96,4,,0,0,0,0,0,0,0,0,0,0
2012-10,"GCE5",31.431113,-81.337060,"Disturbed (March-2010)",3,2,86,58,0,0,0,0,0,0,0,0,0,99,1,,0,0,0,0,0,0,0,0,0,0
2012-10,"GCE5",31.431113,-81.337060,"Disturbed (March-2010)",4,1,69,41,0,0,0,0,0,0,0,0,0,95,5,,0,0,0,0,0,0,0,0,0,0
2012-10,"GCE5",31.431113,-81.337060,"Disturbed (March-2010)",4,2,65,49,0,0,0,0,0,0,0,0,0,95,5,,0,0,0,0,0,0,0,0,0,0
2012-10,"GCE5",31.431113,-81.337060,"Control",1,1,92,64,0,0,0,0,0,0,0,0,0,100,0,,0,0,0,0,0,0,0,0,0,0
2012-10,"GCE5",31.431113,-81.337060,"Control",1,2,87,67,0,0,0,0,0,0,0,0,0,100,0,,0,0,0,0,0,0,0,0,0,0
2012-10,"GCE5",31.431113,-81.337060,"Control",2,1,85,47,0,0,0,0,0,0,0,0,0,100,0,,0,0,0,0,0,0,0,0,0,0
2012-10,"GCE5",31.431113,-81.337060,"Control",2,2,91,47,0,0,0,0,0,0,0,0,0,100,0,,0,0,0,0,0,0,0,0,0,0
2012-10,"GCE5",31.431113,-81.337060,"Control",3,1,96,70,0,0,0,0,0,0,0,0,0,100,0,,0,0,0,0,0,0,0,0,0,0
2012-10,"GCE5",31.431113,-81.337060,"Control",3,2,89,61,0,0,0,0,0,0,0,0,0,100,0,,0,0,0,0,0,0,0,0,0,0
2012-10,"GCE5",31.431113,-81.337060,"Control",4,1,95,46,0,0,0,0,0,0,0,0,0,100,0,,0,0,0,0,0,0,0,0,0,0
2012-10,"GCE5",31.431113,-81.337060,"Control",4,2,80,52,0,0,0,0,0,0,0,0,0,100,0,,0,0,0,0,0,0,0,0,0,0
2013-10,"GCE5",31.431113,-81.337060,"Disturbed (March-2010)",1,1,97,90,0,0,0,0,0,0,0,0,0,97,3,,0,0,0,0,0,0,0,0,0,0
2013-10,"GCE5",31.431113,-81.337060,"Disturbed (March-2010)",1,2,95,90,0,0,0,0,0,0,0,0,0,98,2,,0,0,0,0,0,0,0,0,0,0
2013-10,"GCE5",31.431113,-81.337060,"Disturbed (March-2010)",2,1,97,60,0,0,0,0,0,0,0,0,0,97,3,,0,0,0,0,0,0,0,0,0,0
2013-10,"GCE5",31.431113,-81.337060,"Disturbed (March-2010)",2,2,99,59,0,0,0,0,0,0,0,0,0,99,1,,0,0,0,0,0,0,0,0,0,0
2013-10,"GCE5",31.431113,-81.337060,"Disturbed (March-2010)",3,1,99,84,0,0,0,0,0,0,0,0,0,99,1,,0,0,0,0,0,0,0,0,0,0
2013-10,"GCE5",31.431113,-81.337060,"Disturbed (March-2010)",3,2,98,94,0,0,0,0,0,0,0,0,0,98,2,,0,0,0,0,0,0,0,0,0,0
2013-10,"GCE5",31.431113,-81.337060,"Disturbed (March-2010)",4,1,98,71,0,0,0,0,0,0,0,0,0,98,2,,0,0,0,0,0,0,0,0,0,0
2013-10,"GCE5",31.431113,-81.337060,"Disturbed (March-2010)",4,2,96,76,0,0,0,0,0,0,0,0,0,96,4,,0,0,0,0,0,0,0,0,0,0
2013-10,"GCE5",31.431113,-81.337060,"Control",1,1,97,93,0,0,0,0,0,0,0,0,0,100,0,,0,0,0,0,0,0,0,0,0,0
2013-10,"GCE5",31.431113,-81.337060,"Control",1,2,95,91,0,0,0,0,0,0,0,0,0,100,0,,0,0,0,0,0,0,0,0,0,0
2013-10,"GCE5",31.431113,-81.337060,"Control",2,1,97,63,0,0,0,0,0,0,0,0,0,100,0,,0,0,0,0,0,0,0,0,0,0
2013-10,"GCE5",31.431113,-81.337060,"Control",2,2,99,61,0,0,0,0,0,0,0,0,0,100,0,,0,0,0,0,0,0,0,0,0,0
2013-10,"GCE5",31.431113,-81.337060,"Control",3,1,99,87,0,0,0,0,0,0,0,0,0,100,0,,0,0,0,0,0,0,0,0,0,0
2013-10,"GCE5",31.431113,-81.337060,"Control",3,2,99,98,0,0,0,0,0,0,0,0,0,100,0,,0,0,0,0,0,0,0,0,0,0
2013-10,"GCE5",31.431113,-81.337060,"Control",4,1,98,73,0,0,0,0,0,0,0,0,0,100,0,,0,0,0,0,0,0,0,0,0,0
2013-10,"GCE5",31.431113,-81.337060,"Control",4,2,98,77,0,0,0,0,0,0,0,0,0,100,0,,0,0,0,0,0,0,0,0,0,0
2014-10,"GCE5",31.431113,-81.337060,"Disturbed (March-2010)",1,1,100,73,0,0,0,0,0,0,0,0,0,100,0,,0,0,0,0,0,0,0,0,0,0
2014-10,"GCE5",31.431113,-81.337060,"Disturbed (March-2010)",1,2,100,70,0,0,0,0,0,0,0,0,0,100,0,,0,0,0,0,0,0,0,0,0,0
2014-10,"GCE5",31.431113,-81.337060,"Disturbed (March-2010)",2,1,100,81,0,0,0,0,0,0,0,0,0,100,0,,0,0,0,0,0,0,0,0,0,0
2014-10,"GCE5",31.431113,-81.337060,"Disturbed (March-2010)",2,2,100,64,0,0,0,0,0,0,0,0,0,100,0,,0,0,0,0,0,0,0,0,0,0
2014-10,"GCE5",31.431113,-81.337060,"Disturbed (March-2010)",3,1,100,85,0,0,0,0,0,0,0,0,0,100,0,,0,0,0,0,0,0,0,0,0,0
2014-10,"GCE5",31.431113,-81.337060,"Disturbed (March-2010)",3,2,100,87,0,0,0,0,0,0,0,0,0,100,0,,0,0,0,0,0,0,0,0,0,0
2014-10,"GCE5",31.431113,-81.337060,"Disturbed (March-2010)",4,1,98,71,0,0,0,0,0,0,0,0,0,100,0,,0,0,0,0,0,0,0,0,0,0
2014-10,"GCE5",31.431113,-81.337060,"Disturbed (March-2010)",4,2,100,78,0,0,0,0,0,0,0,0,0,100,0,,0,0,0,0,0,0,0,0,0,0
2014-10,"GCE5",31.431113,-81.337060,"Control",1,1,100,74,0,0,0,0,0,0,0,0,0,100,0,,0,0,0,0,0,0,0,0,0,0
2014-10,"GCE5",31.431113,-81.337060,"Control",1,2,100,71,0,0,0,0,0,0,0,0,0,100,0,,0,0,0,0,0,0,0,0,0,0
2014-10,"GCE5",31.431113,-81.337060,"Control",2,1,100,83,0,0,0,0,0,0,0,0,0,100,0,,0,0,0,0,0,0,0,0,0,0
2014-10,"GCE5",31.431113,-81.337060,"Control",2,2,100,66,0,0,0,0,0,0,0,0,0,100,0,,0,0,0,0,0,0,0,0,0,0
2014-10,"GCE5",31.431113,-81.337060,"Control",3,1,100,90,0,0,0,0,0,0,0,0,0,100,0,,0,0,0,0,0,0,0,0,0,0
2014-10,"GCE5",31.431113,-81.337060,"Control",3,2,100,91,0,0,0,0,0,0,0,0,0,100,0,,0,0,0,0,0,0,0,0,0,0
2014-10,"GCE5",31.431113,-81.337060,"Control",4,1,99,73,0,0,0,0,0,0,0,0,0,100,0,,0,0,0,0,0,0,0,0,0,0
2014-10,"GCE5",31.431113,-81.337060,"Control",4,2,100,79,0,0,0,0,0,0,0,0,0,100,0,,0,0,0,0,0,0,0,0,0,0
2010-10,"GCE6",31.387885,-81.280466,"Disturbed (March-2010)",1,1,12,26,0,0,0,0,0,0,0,0,0,46,54,,0,0,0,0,0,0,0,0,0,0
2010-10,"GCE6",31.387885,-81.280466,"Disturbed (March-2010)",1,2,18,26,0,0,0,0,0,0,0,0,0,75,25,,0,0,0,0,0,0,0,0,0,0
2010-10,"GCE6",31.387885,-81.280466,"Disturbed (March-2010)",2,1,11,37,0,0,0,0,0,0,0,0,0,93,7,,0,0,0,0,0,0,0,0,0,0
2010-10,"GCE6",31.387885,-81.280466,"Disturbed (March-2010)",2,2,0,33,0,0,0,0,0,0,0,0,0,91,9,,0,0,0,0,0,0,0,0,0,0
2010-10,"GCE6",31.387885,-81.280466,"Disturbed (March-2010)",3,1,59,40,0,0,0,0,0,0,0,0,0,81,19,,0,0,0,0,0,0,0,0,0,0
2010-10,"GCE6",31.387885,-81.280466,"Disturbed (March-2010)",3,2,65,29,0,0,0,0,0,0,0,0,0,54,46,,0,0,0,0,0,0,0,0,0,0
2010-10,"GCE6",31.387885,-81.280466,"Disturbed (March-2010)",4,1,84,34,0,0,0,0,0,0,0,0,0,92,8,,0,0,0,0,0,0,0,0,0,0
2010-10,"GCE6",31.387885,-81.280466,"Disturbed (March-2010)",4,2,68,27,0,0,0,0,0,0,0,0,0,81,19,,0,0,0,0,0,0,0,0,0,0
2010-10,"GCE6",31.387885,-81.280466,"Control",1,1,92,44,0,0,0,0,0,0,0,0,0,100,0,,0,0,0,0,0,0,0,0,0,0
2010-10,"GCE6",31.387885,-81.280466,"Control",1,2,91,39,0,0,0,0,0,0,0,0,0,100,0,,0,0,0,0,0,0,0,0,0,0
2010-10,"GCE6",31.387885,-81.280466,"Control",2,1,90,40,0,0,0,0,0,0,0,0,0,100,0,,0,0,0,0,0,0,0,0,0,0
2010-10,"GCE6",31.387885,-81.280466,"Control",2,2,91,42,0,0,0,0,0,0,0,0,0,100,0,,0,0,0,0,0,0,0,0,0,0
2010-10,"GCE6",31.387885,-81.280466,"Control",3,1,84,43,0,0,0,0,0,0,0,0,0,100,0,,0,0,0,0,0,0,0,0,0,0
2010-10,"GCE6",31.387885,-81.280466,"Control",3,2,99,48,0,0,0,0,0,0,0,0,0,100,0,,0,0,0,0,0,0,0,0,0,0
2010-10,"GCE6",31.387885,-81.280466,"Control",4,1,95,53,0,0,0,0,0,0,0,0,0,100,0,,0,0,0,0,0,0,0,0,0,0
2010-10,"GCE6",31.387885,-81.280466,"Control",4,2,97,49,0,0,0,0,0,0,0,0,0,100,0,,0,0,0,0,0,0,0,0,0,0
2011-10,"GCE6",31.387885,-81.280466,"Disturbed (March-2010)",1,1,67,41,0,0,0,0,0,0,0,0,0,96,4,,0,0,0,0,0,0,0,0,0,0
2011-10,"GCE6",31.387885,-81.280466,"Disturbed (March-2010)",1,2,68,41,0,0,0,0,0,0,0,0,0,96,4,,0,0,0,0,0,0,0,0,0,0
2011-10,"GCE6",31.387885,-81.280466,"Disturbed (March-2010)",2,1,38,50,0,0,0,0,0,0,0,0,0,97,3,,0,0,0,0,0,0,0,0,0,0
2011-10,"GCE6",31.387885,-81.280466,"Disturbed (March-2010)",2,2,55,41,0,0,0,0,0,0,0,0,0,98,2,,0,0,0,0,0,0,0,0,0,0
2011-10,"GCE6",31.387885,-81.280466,"Disturbed (March-2010)",3,1,71,51,0,0,0,0,0,0,0,0,0,93,7,,0,0,0,0,0,0,0,0,0,0
2011-10,"GCE6",31.387885,-81.280466,"Disturbed (March-2010)",3,2,57,48,0,0,0,0,0,0,0,0,0,95,5,,0,0,0,0,0,0,0,0,0,0
2011-10,"GCE6",31.387885,-81.280466,"Disturbed (March-2010)",4,1,99,49,0,0,0,0,0,0,0,0,0,92,8,,0,0,0,0,0,0,0,0,0,0
2011-10,"GCE6",31.387885,-81.280466,"Disturbed (March-2010)",4,2,98,57,0,0,0,0,0,0,0,0,0,96,4,,0,0,0,0,0,0,0,0,0,0
2011-10,"GCE6",31.387885,-81.280466,"Control",1,1,81,43,0,0,0,0,0,0,0,0,0,100,0,,0,0,0,0,0,0,0,0,0,0
2011-10,"GCE6",31.387885,-81.280466,"Control",1,2,82,43,0,0,0,0,0,0,0,0,0,100,0,,0,0,0,0,0,0,0,0,0,0
2011-10,"GCE6",31.387885,-81.280466,"Control",2,1,80,63,0,0,0,0,0,0,0,0,0,100,0,,0,0,0,0,0,0,0,0,0,0
2011-10,"GCE6",31.387885,-81.280466,"Control",2,2,70,45,0,0,0,0,0,0,0,0,0,100,0,,0,0,0,0,0,0,0,0,0,0
2011-10,"GCE6",31.387885,-81.280466,"Control",3,1,84,52,0,0,0,0,0,0,0,0,0,100,0,,0,0,0,0,0,0,0,0,0,0
2011-10,"GCE6",31.387885,-81.280466,"Control",3,2,82,60,0,0,0,0,0,0,0,0,0,100,0,,0,0,0,0,0,0,0,0,0,0
2011-10,"GCE6",31.387885,-81.280466,"Control",4,1,79,53,0,0,0,0,0,0,0,0,0,100,0,,0,0,0,0,0,0,0,0,0,0
2011-10,"GCE6",31.387885,-81.280466,"Control",4,2,86,58,0,0,0,0,0,0,0,0,0,100,0,,0,0,0,0,0,0,0,0,0,0
2012-10,"GCE6",31.387885,-81.280466,"Disturbed (March-2010)",1,1,81,37,0,0,0,0,0,0,0,0,0,98,2,,0,0,0,0,0,0,0,0,0,0
2012-10,"GCE6",31.387885,-81.280466,"Disturbed (March-2010)",1,2,82,37,0,0,0,0,0,0,0,0,0,92,8,,0,0,0,0,0,0,0,0,0,0
2012-10,"GCE6",31.387885,-81.280466,"Disturbed (March-2010)",2,1,79,40,0,0,0,0,0,0,0,0,0,98,2,,0,0,0,0,0,0,0,0,0,0
2012-10,"GCE6",31.387885,-81.280466,"Disturbed (March-2010)",2,2,78,32,0,0,0,0,0,0,0,0,0,96,4,,0,0,0,0,0,0,0,0,0,0
2012-10,"GCE6",31.387885,-81.280466,"Disturbed (March-2010)",3,1,91,42,0,0,0,0,0,0,0,0,0,98,2,,0,0,0,0,0,0,0,0,0,0
2012-10,"GCE6",31.387885,-81.280466,"Disturbed (March-2010)",3,2,88,50,0,0,0,0,0,0,0,0,0,92,8,,0,0,0,0,0,0,0,0,0,0
2012-10,"GCE6",31.387885,-81.280466,"Disturbed (March-2010)",4,1,72,42,0,0,0,0,0,0,0,0,0,97,3,,0,0,0,0,0,0,0,0,0,0
2012-10,"GCE6",31.387885,-81.280466,"Disturbed (March-2010)",4,2,85,42,0,0,0,0,0,0,0,0,0,96,4,,0,0,0,0,0,0,0,0,0,0
2012-10,"GCE6",31.387885,-81.280466,"Control",1,1,86,33,0,0,0,0,0,0,0,0,0,100,0,,0,0,0,0,0,0,0,0,0,0
2012-10,"GCE6",31.387885,-81.280466,"Control",1,2,86,34,0,0,0,0,0,0,0,0,0,100,0,,0,0,0,0,0,0,0,0,0,0
2012-10,"GCE6",31.387885,-81.280466,"Control",2,1,82,47,0,0,0,0,0,0,0,0,0,100,0,,0,0,0,0,0,0,0,0,0,0
2012-10,"GCE6",31.387885,-81.280466,"Control",2,2,81,40,0,0,0,0,0,0,0,0,0,100,0,,0,0,0,0,0,0,0,0,0,0
2012-10,"GCE6",31.387885,-81.280466,"Control",3,1,95,50,0,0,0,0,0,0,0,0,0,100,0,,0,0,0,0,0,0,0,0,0,0
2012-10,"GCE6",31.387885,-81.280466,"Control",3,2,95,59,0,0,0,0,0,0,0,0,0,100,0,,0,0,0,0,0,0,0,0,0,0
2012-10,"GCE6",31.387885,-81.280466,"Control",4,1,82,45,0,0,0,0,0,0,0,0,0,100,0,,0,0,0,0,0,0,0,0,0,0
2012-10,"GCE6",31.387885,-81.280466,"Control",4,2,91,46,0,0,0,0,0,0,0,0,0,100,0,,0,0,0,0,0,0,0,0,0,0
2013-10,"GCE6",31.387885,-81.280466,"Disturbed (March-2010)",1,1,93,60,0,0,0,0,0,0,0,0,0,98,2,,0,0,0,0,0,0,0,0,0,0
2013-10,"GCE6",31.387885,-81.280466,"Disturbed (March-2010)",1,2,94,56,0,0,0,0,0,0,0,0,0,96,4,,0,0,0,0,0,0,0,0,0,0
2013-10,"GCE6",31.387885,-81.280466,"Disturbed (March-2010)",2,1,94,67,0,0,0,0,0,0,0,0,0,96,4,,0,0,0,0,0,0,0,0,0,0
2013-10,"GCE6",31.387885,-81.280466,"Disturbed (March-2010)",2,2,94,66,0,0,0,0,0,0,0,0,0,98,2,,0,0,0,0,0,0,0,0,0,0
2013-10,"GCE6",31.387885,-81.280466,"Disturbed (March-2010)",3,1,95,68,0,0,0,0,0,0,0,0,0,98,2,,0,0,0,0,0,0,0,0,0,0
2013-10,"GCE6",31.387885,-81.280466,"Disturbed (March-2010)",3,2,94,70,0,0,0,0,0,0,0,0,0,97,3,,0,0,0,0,0,0,0,0,0,0
2013-10,"GCE6",31.387885,-81.280466,"Disturbed (March-2010)",4,1,93,80,0,0,0,0,0,0,0,0,0,98,2,,0,0,0,0,0,0,0,0,0,0
2013-10,"GCE6",31.387885,-81.280466,"Disturbed (March-2010)",4,2,95,63,0,0,0,0,0,0,0,0,0,95,5,,0,0,0,0,0,0,0,0,0,0
2013-10,"GCE6",31.387885,-81.280466,"Control",1,1,93,50,0,0,0,0,0,0,0,0,0,100,0,,0,0,0,0,0,0,0,0,0,0
2013-10,"GCE6",31.387885,-81.280466,"Control",1,2,94,54,0,0,0,0,0,0,0,0,0,100,0,,0,0,0,0,0,0,0,0,0,0
2013-10,"GCE6",31.387885,-81.280466,"Control",2,1,94,75,0,0,0,0,0,0,0,0,0,100,0,,0,0,0,0,0,0,0,0,0,0
2013-10,"GCE6",31.387885,-81.280466,"Control",2,2,95,74,0,0,0,0,0,0,0,0,0,100,0,,0,0,0,0,0,0,0,0,0,0
2013-10,"GCE6",31.387885,-81.280466,"Control",3,1,95,71,0,0,0,0,0,0,0,0,0,100,0,,0,0,0,0,0,0,0,0,0,0
2013-10,"GCE6",31.387885,-81.280466,"Control",3,2,96,75,0,0,0,0,0,0,0,0,0,100,0,,0,0,0,0,0,0,0,0,0,0
2013-10,"GCE6",31.387885,-81.280466,"Control",4,1,94,87,0,0,0,0,0,0,0,0,0,100,0,,0,0,0,0,0,0,0,0,0,0
2013-10,"GCE6",31.387885,-81.280466,"Control",4,2,95,65,0,0,0,0,0,0,0,0,0,100,0,,0,0,0,0,0,0,0,0,0,0
2014-10,"GCE6",31.387885,-81.280466,"Disturbed (March-2010)",1,1,100,57,0,0,0,0,0,0,0,0,0,100,0,,0,0,0,0,0,0,0,0,0,0
2014-10,"GCE6",31.387885,-81.280466,"Disturbed (March-2010)",1,2,100,53,0,0,0,0,0,0,0,0,0,100,0,,0,0,0,0,0,0,0,0,0,0
2014-10,"GCE6",31.387885,-81.280466,"Disturbed (March-2010)",2,1,100,61,0,0,0,0,0,0,0,0,0,100,0,,0,0,0,0,0,0,0,0,0,0
2014-10,"GCE6",31.387885,-81.280466,"Disturbed (March-2010)",2,2,100,64,0,0,0,0,0,0,0,0,0,100,0,,0,0,0,0,0,0,0,0,0,0
2014-10,"GCE6",31.387885,-81.280466,"Disturbed (March-2010)",3,1,100,62,0,0,0,0,0,0,0,0,0,100,0,,0,0,0,0,0,0,0,0,0,0
2014-10,"GCE6",31.387885,-81.280466,"Disturbed (March-2010)",3,2,98,75,0,0,0,0,0,0,0,0,0,100,0,,0,0,0,0,0,0,0,0,0,0
2014-10,"GCE6",31.387885,-81.280466,"Disturbed (March-2010)",4,1,100,64,0,0,0,0,0,0,0,0,0,100,0,,0,0,0,0,0,0,0,0,0,0
2014-10,"GCE6",31.387885,-81.280466,"Disturbed (March-2010)",4,2,100,65,0,0,0,0,0,0,0,0,0,100,0,,0,0,0,0,0,0,0,0,0,0
2014-10,"GCE6",31.387885,-81.280466,"Control",1,1,100,58,0,0,0,0,0,0,0,0,0,100,0,,0,0,0,0,0,0,0,0,0,0
2014-10,"GCE6",31.387885,-81.280466,"Control",1,2,100,54,0,0,0,0,0,0,0,0,0,100,0,,0,0,0,0,0,0,0,0,0,0
2014-10,"GCE6",31.387885,-81.280466,"Control",2,1,100,64,0,0,0,0,0,0,0,0,0,100,0,,0,0,0,0,0,0,0,0,0,0
2014-10,"GCE6",31.387885,-81.280466,"Control",2,2,100,65,0,0,0,0,0,0,0,0,0,100,0,,0,0,0,0,0,0,0,0,0,0
2014-10,"GCE6",31.387885,-81.280466,"Control",3,1,100,63,0,0,0,0,0,0,0,0,0,100,0,,0,0,0,0,0,0,0,0,0,0
2014-10,"GCE6",31.387885,-81.280466,"Control",3,2,99,76,0,0,0,0,0,0,0,0,0,100,0,,0,0,0,0,0,0,0,0,0,0
2014-10,"GCE6",31.387885,-81.280466,"Control",4,1,100,69,0,0,0,0,0,0,0,0,0,100,0,,0,0,0,0,0,0,0,0,0,0
2014-10,"GCE6",31.387885,-81.280466,"Control",4,2,100,67,0,0,0,0,0,0,0,0,0,100,0,,0,0,0,0,0,0,0,0,0,0
2010-10,"GCE7",31.334938,-81.478558,"Disturbed (March-2010)",1,1,100,91,0,26,15,13,0,0,0,0,0,0,0,0,0,1,0,45,0,0,0,0,0,0
2010-10,"GCE7",31.334938,-81.478558,"Disturbed (March-2010)",1,2,100,95,0,38,15,18,0,0,0,0,0,0,0,0,1,0,0,27,0,0,0,1,0,0
2010-10,"GCE7",31.334938,-81.478558,"Disturbed (March-2010)",2,1,88,101,0,20,24,12,0,0,0,0,0,0,0,0,0,0,10,32,0,1,1,0,0,0
2010-10,"GCE7",31.334938,-81.478558,"Disturbed (March-2010)",2,2,80,98,0,38,22,11,0,0,0,0,0,0,0,0,1,1,0,26,1,0,0,0,0,0
2010-10,"GCE7",31.334938,-81.478558,"Disturbed (March-2010)",3,1,77,89,0,35,30,2,0,0,0,0,0,0,0,0,0,0,12,20,0,0,1,0,0,0
2010-10,"GCE7",31.334938,-81.478558,"Disturbed (March-2010)",3,2,100,93,7,24,26,5,0,0,0,0,0,0,0,0,1,0,8,29,0,0,0,0,0,0
2010-10,"GCE7",31.334938,-81.478558,"Disturbed (March-2010)",4,1,100,58,0,43,0,1,0,0,0,0,0,0,0,0,0,1,0,54,0,1,0,0,0,0
2010-10,"GCE7",31.334938,-81.478558,"Disturbed (March-2010)",4,2,100,102,0,19,0,2,0,0,0,0,0,0,0,0,0,0,0,78,1,0,0,0,0,0
2010-10,"GCE7",31.334938,-81.478558,"Control",1,1,100,208,86,6,4,1,0,0,0,0,0,0,0,0,0,1,0,0,0,1,1,0,0,0
2010-10,"GCE7",31.334938,-81.478558,"Control",1,2,100,211,85,7,2,1,0,0,0,0,0,0,0,0,0,1,1,1,1,1,0,0,0,0
2010-10,"GCE7",31.334938,-81.478558,"Control",2,1,88,196,75,10,8,2,0,0,0,0,0,0,0,0,1,1,1,0,0,0,1,1,0,0
2010-10,"GCE7",31.334938,-81.478558,"Control",2,2,87,219,80,10,4,1,0,0,0,0,0,0,0,0,0,1,1,1,1,0,1,0,0,0
2010-10,"GCE7",31.334938,-81.478558,"Control",3,1,93,171,75,13,6,3,0,0,0,0,0,0,0,0,1,0,0,0,0,1,1,0,0,0
2010-10,"GCE7",31.334938,-81.478558,"Control",3,2,100,171,80,5,5,5,0,0,0,0,0,0,0,0,1,1,1,0,1,0,1,0,0,0
2010-10,"GCE7",31.334938,-81.478558,"Control",4,1,100,190,78,15,0,3,0,0,0,0,0,0,0,0,1,1,0,1,1,0,0,0,0,0
2010-10,"GCE7",31.334938,-81.478558,"Control",4,2,100,209,73,25,0,1,0,0,0,0,0,0,0,0,1,0,0,0,0,0,0,0,0,0
2011-10,"GCE7",31.334938,-81.478558,"Disturbed (March-2010)",1,1,100,101,40,38,6,8,0,0,0,0,0,0,0,0,0,0,0,8,0,0,0,0,0,0
2011-10,"GCE7",31.334938,-81.478558,"Disturbed (March-2010)",1,2,100,165,55,23,3,10,0,0,0,0,0,0,0,0,0,0,0,7,1,0,1,0,0,0
2011-10,"GCE7",31.334938,-81.478558,"Disturbed (March-2010)",2,1,100,153,23,40,8,10,0,0,0,0,0,0,0,0,0,1,0,15,0,1,1,1,0,0
2011-10,"GCE7",31.334938,-81.478558,"Disturbed (March-2010)",2,2,100,96,30,50,4,9,0,0,0,0,0,0,0,0,0,0,1,5,1,0,0,0,0,0
2011-10,"GCE7",31.334938,-81.478558,"Disturbed (March-2010)",3,1,100,113,29,46,5,6,0,0,0,0,0,0,0,0,0,0,0,13,0,0,1,0,0,0
2011-10,"GCE7",31.334938,-81.478558,"Disturbed (March-2010)",3,2,100,129,36,31,10,10,0,0,0,0,0,0,0,0,0,0,0,11,0,1,0,1,0,0
2011-10,"GCE7",31.334938,-81.478558,"Disturbed (March-2010)",4,1,100,148,40,50,0,0,0,0,0,0,0,0,0,0,0,0,0,9,1,0,0,0,0,0
2011-10,"GCE7",31.334938,-81.478558,"Disturbed (March-2010)",4,2,100,81,55,27,7,0,0,0,0,0,0,0,0,0,0,0,0,10,0,0,0,1,0,0
2011-10,"GCE7",31.334938,-81.478558,"Control",1,1,100,194,83,12,0,2,0,0,0,0,0,0,0,0,0,0,1,0,0,1,1,0,0,0
2011-10,"GCE7",31.334938,-81.478558,"Control",1,2,100,190,81,8,2,2,0,0,0,0,0,0,0,0,1,1,1,1,1,1,1,0,0,0
2011-10,"GCE7",31.334938,-81.478558,"Control",2,1,100,180,72,12,8,3,0,0,0,0,0,0,0,0,1,0,0,1,1,1,0,1,0,0
2011-10,"GCE7",31.334938,-81.478558,"Control",2,2,100,190,88,5,0,2,0,0,0,0,0,0,0,0,0,1,1,1,1,0,1,0,0,0
2011-10,"GCE7",31.334938,-81.478558,"Control",3,1,100,185,82,11,2,1,0,0,0,0,0,0,0,0,1,1,1,0,0,1,0,0,0,0
2011-10,"GCE7",31.334938,-81.478558,"Control",3,2,100,186,80,13,0,2,0,0,0,0,0,0,0,0,0,0,0,1,1,1,1,1,0,0
2011-10,"GCE7",31.334938,-81.478558,"Control",4,1,100,163,81,9,0,4,0,0,0,0,0,0,0,0,0,1,1,1,1,1,1,0,0,0
2011-10,"GCE7",31.334938,-81.478558,"Control",4,2,100,181,80,15,0,2,0,0,0,0,0,0,0,0,0,0,0,0,1,0,1,1,0,0
2012-10,"GCE7",31.334938,-81.478558,"Disturbed (March-2010)",1,1,100,48,75,6,7,10,0,0,0,0,0,0,0,0,0,0,0,1,0,0,1,0,0,0
2012-10,"GCE7",31.334938,-81.478558,"Disturbed (March-2010)",1,2,100,183,88,5,0,4,0,0,0,0,0,0,0,0,0,0,1,0,0,1,0,1,0,0
2012-10,"GCE7",31.334938,-81.478558,"Disturbed (March-2010)",2,1,100,134,28,60,7,2,0,0,0,0,0,0,0,0,0,0,0,0,1,1,1,0,0,0
2012-10,"GCE7",31.334938,-81.478558,"Disturbed (March-2010)",2,2,100,65,30,57,11,0,0,0,0,0,0,0,0,0,0,1,0,0,1,0,0,0,0,0
2012-10,"GCE7",31.334938,-81.478558,"Disturbed (March-2010)",3,1,100,134,34,58,2,3,0,0,0,0,0,0,0,0,1,0,1,0,0,0,0,1,0,0
2012-10,"GCE7",31.334938,-81.478558,"Disturbed (March-2010)",3,2,100,181,39,49,11,0,0,0,0,0,0,0,0,0,0,0,0,0,0,0,1,0,0,0
2012-10,"GCE7",31.334938,-81.478558,"Disturbed (March-2010)",4,1,100,183,80,14,0,1,0,0,0,0,0,0,0,0,0,1,0,1,1,1,1,0,0,0
2012-10,"GCE7",31.334938,-81.478558,"Disturbed (March-2010)",4,2,100,163,28,69,0,0,0,0,0,0,0,0,0,0,0,0,0,0,1,0,1,1,0,0
2012-10,"GCE7",31.334938,-81.478558,"Control",1,1,100,203,80,15,0,3,0,0,0,0,0,0,0,0,0,0,0,1,1,0,0,0,0,0
2012-10,"GCE7",31.334938,-81.478558,"Control",1,2,100,191,88,3,2,1,0,0,0,0,0,0,0,0,1,1,1,0,0,1,1,1,0,0
2012-10,"GCE7",31.334938,-81.478558,"Control",2,1,100,189,76,10,5,2,0,0,0,0,0,0,0,0,1,1,1,1,1,1,1,0,0,0
2012-10,"GCE7",31.334938,-81.478558,"Control",2,2,100,189,80,11,0,2,0,0,0,0,0,0,0,0,1,1,1,1,1,1,0,1,0,0
2012-10,"GCE7",31.334938,-81.478558,"Control",3,1,100,179,85,8,0,2,0,0,0,0,0,0,0,0,0,0,1,1,1,0,1,1,0,0
2012-10,"GCE7",31.334938,-81.478558,"Control",3,2,100,186,78,14,2,1,0,0,0,0,0,0,0,0,1,1,0,1,0,1,1,0,0,0
2012-10,"GCE7",31.334938,-81.478558,"Control",4,1,100,188,80,8,6,1,0,0,0,0,0,0,0,0,1,1,1,1,1,0,0,0,0,0
2012-10,"GCE7",31.334938,-81.478558,"Control",4,2,99,194,75,14,5,1,0,0,0,0,0,0,0,0,1,0,0,1,1,1,1,0,0,0
2013-10,"GCE7",31.334938,-81.478558,"Disturbed (March-2010)",1,1,100,209,87,5,2,3,0,0,0,0,0,0,0,0,0,0,0,1,0,0,1,1,0,0
2013-10,"GCE7",31.334938,-81.478558,"Disturbed (March-2010)",1,2,100,205,76,16,2,2,0,0,0,0,0,0,0,0,1,0,1,0,0,1,1,0,0,0
2013-10,"GCE7",31.334938,-81.478558,"Disturbed (March-2010)",2,1,100,196,46,50,0,3,0,0,0,0,0,0,0,0,0,0,0,0,1,0,0,0,0,0
2013-10,"GCE7",31.334938,-81.478558,"Disturbed (March-2010)",2,2,100,210,30,46,16,5,0,0,0,0,0,0,0,0,1,1,0,0,0,0,0,1,0,0
2013-10,"GCE7",31.334938,-81.478558,"Disturbed (March-2010)",3,1,100,180,45,28,20,5,0,0,0,0,0,0,0,0,0,0,1,0,0,0,0,1,0,0
2013-10,"GCE7",31.334938,-81.478558,"Disturbed (March-2010)",3,2,100,198,55,40,0,3,0,0,0,0,0,0,0,0,0,0,0,0,1,1,0,0,0,0
2013-10,"GCE7",31.334938,-81.478558,"Disturbed (March-2010)",4,1,99,181,76,15,2,2,0,0,0,0,0,0,0,0,0,1,0,1,1,1,1,0,0,0
2013-10,"GCE7",31.334938,-81.478558,"Disturbed (March-2010)",4,2,100,199,83,12,0,2,0,0,0,0,0,0,0,0,0,0,0,0,1,0,1,1,0,0
2013-10,"GCE7",31.334938,-81.478558,"Control",1,1,100,210,81,5,8,3,0,0,0,0,0,0,0,0,1,0,0,0,1,0,0,1,0,0
2013-10,"GCE7",31.334938,-81.478558,"Control",1,2,100,208,75,10,6,2,0,0,0,0,0,0,0,0,0,1,1,1,1,1,1,1,0,0
2013-10,"GCE7",31.334938,-81.478558,"Control",2,1,100,200,86,7,0,2,0,0,0,0,0,0,0,0,1,0,1,0,1,1,1,0,0,0
2013-10,"GCE7",31.334938,-81.478558,"Control",2,2,100,214,85,5,4,1,0,0,0,0,0,0,0,0,0,0,1,1,1,1,1,0,0,0
2013-10,"GCE7",31.334938,-81.478558,"Control",3,1,100,181,85,7,0,2,0,0,0,0,0,0,0,0,1,1,0,0,1,1,1,1,0,0
2013-10,"GCE7",31.334938,-81.478558,"Control",3,2,100,204,80,6,6,3,0,0,0,0,0,0,0,0,1,1,1,1,0,0,1,0,0,0
2013-10,"GCE7",31.334938,-81.478558,"Control",4,1,99,186,83,4,6,1,0,0,0,0,0,0,0,0,0,1,1,0,1,1,1,1,0,0
2013-10,"GCE7",31.334938,-81.478558,"Control",4,2,100,200,82,12,0,2,0,0,0,0,0,0,0,0,1,0,0,1,1,0,1,0,0,0
2014-10,"GCE7",31.334938,-81.478558,"Disturbed (March-2010)",1,1,100,228,83,7,3,2,0,0,0,0,0,0,0,0,1,0,0,1,1,1,0,1,0,0
2014-10,"GCE7",31.334938,-81.478558,"Disturbed (March-2010)",1,2,100,225,81,10,1,3,0,0,0,0,0,0,0,0,0,1,0,1,0,1,1,1,0,0
2014-10,"GCE7",31.334938,-81.478558,"Disturbed (March-2010)",2,1,100,210,80,9,5,1,0,0,0,0,0,0,0,0,1,1,1,1,0,1,0,0,0,0
2014-10,"GCE7",31.334938,-81.478558,"Disturbed (March-2010)",2,2,98,223,75,12,5,2,0,0,0,0,0,0,0,0,0,0,1,1,1,1,1,1,0,0
2014-10,"GCE7",31.334938,-81.478558,"Disturbed (March-2010)",3,1,100,196,83,10,1,3,0,0,0,0,0,0,0,0,1,1,0,0,0,0,0,1,0,0
2014-10,"GCE7",31.334938,-81.478558,"Disturbed (March-2010)",3,2,100,208,81,7,5,2,0,0,0,0,0,0,0,0,1,1,1,0,0,1,1,0,0,0
2014-10,"GCE7",31.334938,-81.478558,"Disturbed (March-2010)",4,1,100,221,81,7,2,3,0,0,0,0,0,0,0,0,1,1,1,0,1,1,1,1,0,0
2014-10,"GCE7",31.334938,-81.478558,"Disturbed (March-2010)",4,2,100,221,82,8,5,2,0,0,0,0,0,0,0,0,0,0,0,1,0,0,1,1,0,0
2014-10,"GCE7",31.334938,-81.478558,"Control",1,1,100,229,83,8,3,1,0,0,0,0,0,0,0,0,0,1,1,1,0,0,1,1,0,0
2014-10,"GCE7",31.334938,-81.478558,"Control",1,2,100,228,82,6,3,2,0,0,0,0,0,0,0,0,1,1,0,1,1,1,1,1,0,0
2014-10,"GCE7",31.334938,-81.478558,"Control",2,1,100,216,81,6,7,1,0,0,0,0,0,0,0,0,1,1,1,0,0,1,1,0,0,0
2014-10,"GCE7",31.334938,-81.478558,"Control",2,2,99,224,83,5,5,2,0,0,0,0,0,0,0,0,0,1,0,1,1,1,1,0,0,0
2014-10,"GCE7",31.334938,-81.478558,"Control",3,1,100,200,81,7,4,2,0,0,0,0,0,0,0,0,1,0,1,0,1,1,1,1,0,0
2014-10,"GCE7",31.334938,-81.478558,"Control",3,2,100,209,83,7,2,3,0,0,0,0,0,0,0,0,1,1,0,1,1,1,0,0,0,0
2014-10,"GCE7",31.334938,-81.478558,"Control",4,1,100,224,80,6,5,2,0,0,0,0,0,0,0,0,1,1,1,1,0,1,1,1,0,0
2014-10,"GCE7",31.334938,-81.478558,"Control",4,2,100,223,81,11,3,1,0,0,0,0,0,0,0,0,1,0,0,1,1,0,1,0,0,0
2010-10,"GCE8",31.307917,-81.409196,"Disturbed (March-2010)",1,1,80,35,0,0,0,0,32,0,37,27,0,0,0,0,0,0,0,0,0,0,0,0,0,4
2010-10,"GCE8",31.307917,-81.409196,"Disturbed (March-2010)",1,2,57,46,0,0,0,0,38,1,36,25,,0,0,0,0,0,0,0,0,0,0,0,0,0
2010-10,"GCE8",31.307917,-81.409196,"Disturbed (March-2010)",2,1,18,28,0,0,0,0,32,0,46,21,,0,0,0,0,0,0,0,0,0,0,0,0,1
2010-10,"GCE8",31.307917,-81.409196,"Disturbed (March-2010)",2,2,55,51,0,0,0,0,34,1,30,34,,0,0,0,0,0,0,0,0,0,0,0,0,1
2010-10,"GCE8",31.307917,-81.409196,"Disturbed (March-2010)",3,1,28,43,0,0,0,0,26,0,41,31,,0,0,0,0,0,0,0,0,0,0,0,0,2
2010-10,"GCE8",31.307917,-81.409196,"Disturbed (March-2010)",3,2,61,38,0,0,0,0,22,0,40,34,,0,0,0,0,0,0,0,0,0,0,0,0,4
2010-10,"GCE8",31.307917,-81.409196,"Disturbed (March-2010)",4,1,11,86,0,0,0,0,24,1,42,29,,0,0,0,0,0,0,0,0,0,0,0,0,4
2010-10,"GCE8",31.307917,-81.409196,"Disturbed (March-2010)",4,2,65,82,0,0,0,0,36,0,43,20,,0,0,0,0,0,0,0,0,0,0,0,0,1
2010-10,"GCE8",31.307917,-81.409196,"Control",1,1,84,97,0,0,0,0,82,2,8,7,,0,0,0,0,0,0,0,0,0,0,0,1,0
2010-10,"GCE8",31.307917,-81.409196,"Control",1,2,99,99,0,0,0,0,83,3,6,4,,0,0,0,0,0,0,0,0,0,0,0,2,2
2010-10,"GCE8",31.307917,-81.409196,"Control",2,1,84,92,0,0,0,0,80,2,9,7,,0,0,0,0,0,0,0,0,0,0,0,1,1
2010-10,"GCE8",31.307917,-81.409196,"Control",2,2,67,107,0,0,0,0,85,3,6,4,,0,0,0,0,0,0,0,0,0,0,0,1,1
2010-10,"GCE8",31.307917,-81.409196,"Control",3,1,81,104,0,0,0,0,88,3,4,3,,0,0,0,0,0,0,0,0,0,0,0,1,1
2010-10,"GCE8",31.307917,-81.409196,"Control",3,2,88,102,0,0,0,0,80,2,8,6,,0,0,0,0,0,0,0,0,0,0,0,2,2
2010-10,"GCE8",31.307917,-81.409196,"Control",4,1,78,110,0,0,0,0,86,3,5,3,,0,0,0,0,0,0,0,0,0,0,0,1,2
2010-10,"GCE8",31.307917,-81.409196,"Control",4,2,100,125,0,0,0,0,85,2,8,4,,0,0,0,0,0,0,0,0,0,0,0,0,1
2011-10,"GCE8",31.307917,-81.409196,"Disturbed (March-2010)",1,1,90,75,0,0,0,0,37,1,31,27,,0,0,0,0,0,0,0,0,0,0,0,0,4
2011-10,"GCE8",31.307917,-81.409196,"Disturbed (March-2010)",1,2,62,75,0,0,0,0,38,1,26,34,,0,0,0,0,0,0,0,0,0,0,0,0,1
2011-10,"GCE8",31.307917,-81.409196,"Disturbed (March-2010)",2,1,23,64,0,0,0,0,35,0,34,30,,0,0,0,0,0,0,0,0,0,0,0,0,1
2011-10,"GCE8",31.307917,-81.409196,"Disturbed (March-2010)",2,2,75,64,0,0,0,0,38,1,35,25,,0,0,0,0,0,0,0,0,0,0,0,0,1
2011-10,"GCE8",31.307917,-81.409196,"Disturbed (March-2010)",3,1,73,89,0,0,0,0,34,0,34,29,,0,0,0,0,0,0,0,0,0,0,0,0,3
2011-10,"GCE8",31.307917,-81.409196,"Disturbed (March-2010)",3,2,68,70,0,0,0,0,33,1,30,31,,0,0,0,0,0,0,0,0,0,0,0,0,5
2011-10,"GCE8",31.307917,-81.409196,"Disturbed (March-2010)",4,1,98,90,0,0,0,0,35,0,32,29,,0,0,0,0,0,0,0,0,0,0,0,0,4
2011-10,"GCE8",31.307917,-81.409196,"Disturbed (March-2010)",4,2,96,83,0,0,0,0,35,1,34,29,,0,0,0,0,0,0,0,0,0,0,0,0,1
2011-10,"GCE8",31.307917,-81.409196,"Control",1,1,100,115,0,0,0,0,81,2,8,7,,0,0,0,0,0,0,0,0,0,0,0,1,1
2011-10,"GCE8",31.307917,-81.409196,"Control",1,2,81,111,0,0,0,0,85,2,7,2,,0,0,0,0,0,0,0,0,0,0,0,3,1
2011-10,"GCE8",31.307917,-81.409196,"Control",2,1,100,100,0,0,0,0,84,1,6,6,,0,0,0,0,0,0,0,0,0,0,0,1,2
2011-10,"GCE8",31.307917,-81.409196,"Control",2,2,100,78,0,0,0,0,82,3,7,6,,0,0,0,0,0,0,0,0,0,0,0,1,1
2011-10,"GCE8",31.307917,-81.409196,"Control",3,1,98,100,0,0,0,0,87,3,3,4,,0,0,0,0,0,0,0,0,0,0,0,1,2
2011-10,"GCE8",31.307917,-81.409196,"Control",3,2,91,109,0,0,0,0,86,2,2,4,,0,0,0,0,0,0,0,0,0,0,0,3,3
2011-10,"GCE8",31.307917,-81.409196,"Control",4,1,100,113,0,0,0,0,83,3,7,4,,0,0,0,0,0,0,0,0,0,0,0,2,1
2011-10,"GCE8",31.307917,-81.409196,"Control",4,2,100,111,0,0,0,0,81,2,8,7,,0,0,0,0,0,0,0,0,0,0,0,1,1
2012-10,"GCE8",31.307917,-81.409196,"Disturbed (March-2010)",1,1,97,83,0,0,0,0,51,1,27,20,,0,0,0,0,0,0,0,0,0,0,0,0,1
2012-10,"GCE8",31.307917,-81.409196,"Disturbed (March-2010)",1,2,90,114,0,0,0,0,53,0,28,17,,0,0,0,0,0,0,0,0,0,0,0,1,1
2012-10,"GCE8",31.307917,-81.409196,"Disturbed (March-2010)",2,1,100,125,0,0,0,0,55,1,22,20,,0,0,0,0,0,0,0,0,0,0,0,0,2
2012-10,"GCE8",31.307917,-81.409196,"Disturbed (March-2010)",2,2,100,71,0,0,0,0,48,1,31,19,,0,0,0,0,0,0,0,0,0,0,0,0,1
2012-10,"GCE8",31.307917,-81.409196,"Disturbed (March-2010)",3,1,96,119,0,0,0,0,48,0,23,26,,0,0,0,0,0,0,0,0,0,0,0,1,2
2012-10,"GCE8",31.307917,-81.409196,"Disturbed (March-2010)",3,2,93,111,0,0,0,0,50,0,27,22,,0,0,0,0,0,0,0,0,0,0,0,0,1
2012-10,"GCE8",31.307917,-81.409196,"Disturbed (March-2010)",4,1,100,114,0,0,0,0,52,1,22,23,,0,0,0,0,0,0,0,0,0,0,0,1,1
2012-10,"GCE8",31.307917,-81.409196,"Disturbed (March-2010)",4,2,100,118,0,0,0,0,55,0,21,22,,0,0,0,0,0,0,0,0,0,0,0,0,2
2012-10,"GCE8",31.307917,-81.409196,"Control",1,1,99,111,0,0,0,0,81,4,6,7,,0,0,0,0,0,0,0,0,0,0,0,1,1
2012-10,"GCE8",31.307917,-81.409196,"Control",1,2,100,133,0,0,0,0,83,5,5,3,,0,0,0,0,0,0,0,0,0,0,0,2,2
2012-10,"GCE8",31.307917,-81.409196,"Control",2,1,100,136,0,0,0,0,84,3,6,5,,0,0,0,0,0,0,0,0,0,0,0,1,1
2012-10,"GCE8",31.307917,-81.409196,"Control",2,2,100,73,0,0,0,0,85,2,5,6,,0,0,0,0,0,0,0,0,0,0,0,1,1
2012-10,"GCE8",31.307917,-81.409196,"Control",3,1,100,140,0,0,0,0,82,5,5,6,,0,0,0,0,0,0,0,0,0,0,0,1,1
2012-10,"GCE8",31.307917,-81.409196,"Control",3,2,99,119,0,0,0,0,82,6,4,4,,0,0,0,0,0,0,0,0,0,0,0,2,2
2012-10,"GCE8",31.307917,-81.409196,"Control",4,1,100,148,0,0,0,0,84,4,6,4,,0,0,0,0,0,0,0,0,0,0,0,1,1
2012-10,"GCE8",31.307917,-81.409196,"Control",4,2,100,170,0,0,0,0,83,5,4,6,,0,0,0,0,0,0,0,0,0,0,0,1,1
2013-10,"GCE8",31.307917,-81.409196,"Disturbed (March-2010)",1,1,100,134,0,0,0,0,65,1,19,13,,0,0,0,0,0,0,0,0,0,0,0,1,1
2013-10,"GCE8",31.307917,-81.409196,"Disturbed (March-2010)",1,2,99,121,0,0,0,0,68,2,15,13,,0,0,0,0,0,0,0,0,0,0,0,1,1
2013-10,"GCE8",31.307917,-81.409196,"Disturbed (March-2010)",2,1,100,120,0,0,0,0,77,2,12,8,,0,0,0,0,0,0,0,0,0,0,0,0,1
2013-10,"GCE8",31.307917,-81.409196,"Disturbed (March-2010)",2,2,100,163,0,0,0,0,77,3,10,7,,0,0,0,0,0,0,0,0,0,0,0,1,2
2013-10,"GCE8",31.307917,-81.409196,"Disturbed (March-2010)",3,1,100,128,0,0,0,0,78,0,12,8,,0,0,0,0,0,0,0,0,0,0,0,1,1
2013-10,"GCE8",31.307917,-81.409196,"Disturbed (March-2010)",3,2,100,131,0,0,0,0,74,2,11,12,,0,0,0,0,0,0,0,0,0,0,0,0,1
2013-10,"GCE8",31.307917,-81.409196,"Disturbed (March-2010)",4,1,100,102,0,0,0,0,72,2,12,12,,0,0,0,0,0,0,0,0,0,0,0,1,1
2013-10,"GCE8",31.307917,-81.409196,"Disturbed (March-2010)",4,2,100,116,0,0,0,0,71,1,12,13,,0,0,0,0,0,0,0,0,0,0,0,1,2
2013-10,"GCE8",31.307917,-81.409196,"Control",1,1,100,135,0,0,0,0,82,3,6,7,,0,0,0,0,0,0,0,0,0,0,0,1,1
2013-10,"GCE8",31.307917,-81.409196,"Control",1,2,99,125,0,0,0,0,81,5,5,6,,0,0,0,0,0,0,0,0,0,0,0,1,2
2013-10,"GCE8",31.307917,-81.409196,"Control",2,1,100,136,0,0,0,0,83,3,6,5,,0,0,0,0,0,0,0,0,0,0,0,2,1
2013-10,"GCE8",31.307917,-81.409196,"Control",2,2,100,173,0,0,0,0,80,5,7,5,,0,0,0,0,0,0,0,0,0,0,0,1,2
2013-10,"GCE8",31.307917,-81.409196,"Control",3,1,100,130,0,0,0,0,85,4,5,4,,0,0,0,0,0,0,0,0,0,0,0,1,1
2013-10,"GCE8",31.307917,-81.409196,"Control",3,2,100,136,0,0,0,0,82,6,4,4,,0,0,0,0,0,0,0,0,0,0,0,2,2
2013-10,"GCE8",31.307917,-81.409196,"Control",4,1,100,163,0,0,0,0,85,4,4,5,,0,0,0,0,0,0,0,0,0,0,0,1,1
2013-10,"GCE8",31.307917,-81.409196,"Control",4,2,100,161,0,0,0,0,84,4,4,6,,0,0,0,0,0,0,0,0,0,0,0,1,1
2014-10,"GCE8",31.307917,-81.409196,"Disturbed (March-2010)",1,1,100,130,0,0,0,0,81,2,7,6,,0,0,0,0,0,0,0,0,0,0,0,1,3
2014-10,"GCE8",31.307917,-81.409196,"Disturbed (March-2010)",1,2,100,136,0,0,0,0,78,3,9,7,,0,0,0,0,0,0,0,0,0,0,0,1,2
2014-10,"GCE8",31.307917,-81.409196,"Disturbed (March-2010)",2,1,98,118,0,0,0,0,84,2,7,5,,0,0,0,0,0,0,0,0,0,0,0,1,1
2014-10,"GCE8",31.307917,-81.409196,"Disturbed (March-2010)",2,2,100,107,0,0,0,0,80,5,8,5,,0,0,0,0,0,0,0,0,0,0,0,0,2
2014-10,"GCE8",31.307917,-81.409196,"Disturbed (March-2010)",3,1,100,127,0,0,0,0,89,3,3,2,,0,0,0,0,0,0,0,0,0,0,0,1,2
2014-10,"GCE8",31.307917,-81.409196,"Disturbed (March-2010)",3,2,100,123,0,0,0,0,83,2,7,6,,0,0,0,0,0,0,0,0,0,0,0,1,1
2014-10,"GCE8",31.307917,-81.409196,"Disturbed (March-2010)",4,1,100,140,0,0,0,0,85,3,3,5,,0,0,0,0,0,0,0,0,0,0,0,1,3
2014-10,"GCE8",31.307917,-81.409196,"Disturbed (March-2010)",4,2,100,155,0,0,0,0,83,5,4,5,,0,0,0,0,0,0,0,0,0,0,0,1,2
2014-10,"GCE8",31.307917,-81.409196,"Control",1,1,100,131,0,0,0,0,82,2,6,7,,0,0,0,0,0,0,0,0,0,0,0,1,2
2014-10,"GCE8",31.307917,-81.409196,"Control",1,2,100,141,0,0,0,0,81,3,10,4,,0,0,0,0,0,0,0,0,0,0,0,1,1
2014-10,"GCE8",31.307917,-81.409196,"Control",2,1,99,119,0,0,0,0,80,3,7,7,,0,0,0,0,0,0,0,0,0,0,0,1,2
2014-10,"GCE8",31.307917,-81.409196,"Control",2,2,100,110,0,0,0,0,81,3,6,6,,0,0,0,0,0,0,0,0,0,0,0,2,2
2014-10,"GCE8",31.307917,-81.409196,"Control",3,1,100,129,0,0,0,0,80,2,7,9,,0,0,0,0,0,0,0,0,0,0,0,1,1
2014-10,"GCE8",31.307917,-81.409196,"Control",3,2,100,128,0,0,0,0,85,2,5,4,,0,0,0,0,0,0,0,0,0,0,0,2,2
2014-10,"GCE8",31.307917,-81.409196,"Control",4,1,100,149,0,0,0,0,85,2,6,4,,0,0,0,0,0,0,0,0,0,0,0,1,2
2014-10,"GCE8",31.307917,-81.409196,"Control",4,2,100,156,0,0,0,0,88,3,4,3,,0,0,0,0,0,0,0,0,0,0,0,1,1
2010-10,"GCE9",31.350871,-81.333681,"Disturbed (March-2010)",1,1,99,58,0,0,0,0,0,0,0,0,0,93,7,0,0,0,0,0,0,0,0,0,0,0
2010-10,"GCE9",31.350871,-81.333681,"Disturbed (March-2010)",1,2,98,58,0,0,0,0,0,0,0,0,0,98,2,0,0,0,0,0,0,0,0,0,0,0
2010-10,"GCE9",31.350871,-81.333681,"Disturbed (March-2010)",2,1,100,50,0,0,0,0,0,0,0,0,0,96,4,0,0,0,0,0,0,0,0,0,0,0
2010-10,"GCE9",31.350871,-81.333681,"Disturbed (March-2010)",2,2,100,47,0,0,0,0,0,0,0,0,0,94,6,0,0,0,0,0,0,0,0,0,0,0
2010-10,"GCE9",31.350871,-81.333681,"Disturbed (March-2010)",3,1,98,56,0,0,0,0,0,0,0,0,0,93,7,0,0,0,0,0,0,0,0,0,0,0
2010-10,"GCE9",31.350871,-81.333681,"Disturbed (March-2010)",3,2,98,61,0,0,0,0,0,0,0,0,0,97,3,0,0,0,0,0,0,0,0,0,0,0
2010-10,"GCE9",31.350871,-81.333681,"Disturbed (March-2010)",4,1,97,58,0,0,0,0,0,0,0,0,0,95,5,0,0,0,0,0,0,0,0,0,0,0
2010-10,"GCE9",31.350871,-81.333681,"Disturbed (March-2010)",4,2,97,64,0,0,0,0,0,0,0,0,0,95,5,0,0,0,0,0,0,0,0,0,0,0
2010-10,"GCE9",31.350871,-81.333681,"Control",1,1,100,73,0,0,0,0,0,0,0,0,0,100,0,0,0,0,0,0,0,0,0,0,0,0
2010-10,"GCE9",31.350871,-81.333681,"Control",1,2,100,74,0,0,0,0,0,0,0,0,0,100,0,0,0,0,0,0,0,0,0,0,0,0
2010-10,"GCE9",31.350871,-81.333681,"Control",2,1,100,76,0,0,0,0,0,0,0,0,0,100,0,0,0,0,0,0,0,0,0,0,0,0
2010-10,"GCE9",31.350871,-81.333681,"Control",2,2,100,79,0,0,0,0,0,0,0,0,0,100,0,0,0,0,0,0,0,0,0,0,0,0
2010-10,"GCE9",31.350871,-81.333681,"Control",3,1,100,69,0,0,0,0,0,0,0,0,0,100,0,0,0,0,0,0,0,0,0,0,0,0
2010-10,"GCE9",31.350871,-81.333681,"Control",3,2,99,73,0,0,0,0,0,0,0,0,0,100,0,0,0,0,0,0,0,0,0,0,0,0
2010-10,"GCE9",31.350871,-81.333681,"Control",4,1,100,78,0,0,0,0,0,0,0,0,0,100,0,0,0,0,0,0,0,0,0,0,0,0
2010-10,"GCE9",31.350871,-81.333681,"Control",4,2,100,79,0,0,0,0,0,0,0,0,0,100,0,0,0,0,0,0,0,0,0,0,0,0
2011-10,"GCE9",31.350871,-81.333681,"Disturbed (March-2010)",1,1,80,55,0,0,0,0,0,0,0,0,0,95,5,0,0,0,0,0,0,0,0,0,0,0
2011-10,"GCE9",31.350871,-81.333681,"Disturbed (March-2010)",1,2,82,46,0,0,0,0,0,0,0,0,0,96,4,0,0,0,0,0,0,0,0,0,0,0
2011-10,"GCE9",31.350871,-81.333681,"Disturbed (March-2010)",2,1,91,49,0,0,0,0,0,0,0,0,0,98,2,0,0,0,0,0,0,0,0,0,0,0
2011-10,"GCE9",31.350871,-81.333681,"Disturbed (March-2010)",2,2,84,50,0,0,0,0,0,0,0,0,0,96,4,0,0,0,0,0,0,0,0,0,0,0
2011-10,"GCE9",31.350871,-81.333681,"Disturbed (March-2010)",3,1,79,51,0,0,0,0,0,0,0,0,0,96,4,0,0,0,0,0,0,0,0,0,0,0
2011-10,"GCE9",31.350871,-81.333681,"Disturbed (March-2010)",3,2,31,50,0,0,0,0,0,0,0,0,0,93,7,0,0,0,0,0,0,0,0,0,0,0
2011-10,"GCE9",31.350871,-81.333681,"Disturbed (March-2010)",4,1,85,55,0,0,0,0,0,0,0,0,0,97,3,0,0,0,0,0,0,0,0,0,0,0
2011-10,"GCE9",31.350871,-81.333681,"Disturbed (March-2010)",4,2,78,56,0,0,0,0,0,0,0,0,0,95,5,0,0,0,0,0,0,0,0,0,0,0
2011-10,"GCE9",31.350871,-81.333681,"Control",1,1,83,70,0,0,0,0,0,0,0,0,0,100,0,0,0,0,0,0,0,0,0,0,0,0
2011-10,"GCE9",31.350871,-81.333681,"Control",1,2,88,65,0,0,0,0,0,0,0,0,0,100,0,0,0,0,0,0,0,0,0,0,0,0
2011-10,"GCE9",31.350871,-81.333681,"Control",2,1,93,59,0,0,0,0,0,0,0,0,0,100,0,0,0,0,0,0,0,0,0,0,0,0
2011-10,"GCE9",31.350871,-81.333681,"Control",2,2,94,56,0,0,0,0,0,0,0,0,0,100,0,0,0,0,0,0,0,0,0,0,0,0
2011-10,"GCE9",31.350871,-81.333681,"Control",3,1,81,58,0,0,0,0,0,0,0,0,0,100,0,0,0,0,0,0,0,0,0,0,0,0
2011-10,"GCE9",31.350871,-81.333681,"Control",3,2,87,55,0,0,0,0,0,0,0,0,0,100,0,0,0,0,0,0,0,0,0,0,0,0
2011-10,"GCE9",31.350871,-81.333681,"Control",4,1,85,61,0,0,0,0,0,0,0,0,0,100,0,0,0,0,0,0,0,0,0,0,0,0
2011-10,"GCE9",31.350871,-81.333681,"Control",4,2,80,64,0,0,0,0,0,0,0,0,0,100,0,0,0,0,0,0,0,0,0,0,0,0
2012-10,"GCE9",31.350871,-81.333681,"Disturbed (March-2010)",1,1,95,66,0,0,0,0,0,0,0,0,0,96,4,0,0,0,0,0,0,0,0,0,0,0
2012-10,"GCE9",31.350871,-81.333681,"Disturbed (March-2010)",1,2,95,62,0,0,0,0,0,0,0,0,0,97,3,0,0,0,0,0,0,0,0,0,0,0
2012-10,"GCE9",31.350871,-81.333681,"Disturbed (March-2010)",2,1,93,60,0,0,0,0,0,0,0,0,0,98,2,0,0,0,0,0,0,0,0,0,0,0
2012-10,"GCE9",31.350871,-81.333681,"Disturbed (March-2010)",2,2,93,61,0,0,0,0,0,0,0,0,0,99,1,0,0,0,0,0,0,0,0,0,0,0
2012-10,"GCE9",31.350871,-81.333681,"Disturbed (March-2010)",3,1,96,57,0,0,0,0,0,0,0,0,0,99,1,0,0,0,0,0,0,0,0,0,0,0
2012-10,"GCE9",31.350871,-81.333681,"Disturbed (March-2010)",3,2,98,60,0,0,0,0,0,0,0,0,0,99,1,0,0,0,0,0,0,0,0,0,0,0
2012-10,"GCE9",31.350871,-81.333681,"Disturbed (March-2010)",4,1,98,57,0,0,0,0,0,0,0,0,0,97,3,0,0,0,0,0,0,0,0,0,0,0
2012-10,"GCE9",31.350871,-81.333681,"Disturbed (March-2010)",4,2,95,56,0,0,0,0,0,0,0,0,0,97,3,0,0,0,0,0,0,0,0,0,0,0
2012-10,"GCE9",31.350871,-81.333681,"Control",1,1,96,67,0,0,0,0,0,0,0,0,0,100,0,0,0,0,0,0,0,0,0,0,0,0
2012-10,"GCE9",31.350871,-81.333681,"Control",1,2,96,65,0,0,0,0,0,0,0,0,0,100,0,0,0,0,0,0,0,0,0,0,0,0
2012-10,"GCE9",31.350871,-81.333681,"Control",2,1,98,70,0,0,0,0,0,0,0,0,0,100,0,0,0,0,0,0,0,0,0,0,0,0
2012-10,"GCE9",31.350871,-81.333681,"Control",2,2,96,73,0,0,0,0,0,0,0,0,0,100,0,0,0,0,0,0,0,0,0,0,0,0
2012-10,"GCE9",31.350871,-81.333681,"Control",3,1,96,71,0,0,0,0,0,0,0,0,0,100,0,0,0,0,0,0,0,0,0,0,0,0
2012-10,"GCE9",31.350871,-81.333681,"Control",3,2,93,64,0,0,0,0,0,0,0,0,0,100,0,0,0,0,0,0,0,0,0,0,0,0
2012-10,"GCE9",31.350871,-81.333681,"Control",4,1,97,63,0,0,0,0,0,0,0,0,0,100,0,0,0,0,0,0,0,0,0,0,0,0
2012-10,"GCE9",31.350871,-81.333681,"Control",4,2,95,60,0,0,0,0,0,0,0,0,0,100,0,0,0,0,0,0,0,0,0,0,0,0
2013-10,"GCE9",31.350871,-81.333681,"Disturbed (March-2010)",1,1,96,93,0,0,0,0,0,0,0,0,0,99,1,0,0,0,0,0,0,0,0,0,0,0
2013-10,"GCE9",31.350871,-81.333681,"Disturbed (March-2010)",1,2,97,91,0,0,0,0,0,0,0,0,0,98,2,0,0,0,0,0,0,0,0,0,0,0
2013-10,"GCE9",31.350871,-81.333681,"Disturbed (March-2010)",2,1,98,80,0,0,0,0,0,0,0,0,0,100,0,0,0,0,0,0,0,0,0,0,0,0
2013-10,"GCE9",31.350871,-81.333681,"Disturbed (March-2010)",2,2,99,89,0,0,0,0,0,0,0,0,0,100,0,0,0,0,0,0,0,0,0,0,0,0
2013-10,"GCE9",31.350871,-81.333681,"Disturbed (March-2010)",3,1,99,98,0,0,0,0,0,0,0,0,0,98,2,0,0,0,0,0,0,0,0,0,0,0
2013-10,"GCE9",31.350871,-81.333681,"Disturbed (March-2010)",3,2,99,82,0,0,0,0,0,0,0,0,0,98,2,0,0,0,0,0,0,0,0,0,0,0
2013-10,"GCE9",31.350871,-81.333681,"Disturbed (March-2010)",4,1,97,91,0,0,0,0,0,0,0,0,0,97,3,0,0,0,0,0,0,0,0,0,0,0
2013-10,"GCE9",31.350871,-81.333681,"Disturbed (March-2010)",4,2,97,93,0,0,0,0,0,0,0,0,0,97,3,0,0,0,0,0,0,0,0,0,0,0
2013-10,"GCE9",31.350871,-81.333681,"Control",1,1,96,96,0,0,0,0,0,0,0,0,0,100,0,0,0,0,0,0,0,0,0,0,0,0
2013-10,"GCE9",31.350871,-81.333681,"Control",1,2,97,93,0,0,0,0,0,0,0,0,0,100,0,0,0,0,0,0,0,0,0,0,0,0
2013-10,"GCE9",31.350871,-81.333681,"Control",2,1,98,90,0,0,0,0,0,0,0,0,0,100,0,0,0,0,0,0,0,0,0,0,0,0
2013-10,"GCE9",31.350871,-81.333681,"Control",2,2,99,90,0,0,0,0,0,0,0,0,0,100,0,0,0,0,0,0,0,0,0,0,0,0
2013-10,"GCE9",31.350871,-81.333681,"Control",3,1,99,89,0,0,0,0,0,0,0,0,0,100,0,0,0,0,0,0,0,0,0,0,0,0
2013-10,"GCE9",31.350871,-81.333681,"Control",3,2,99,83,0,0,0,0,0,0,0,0,0,100,0,0,0,0,0,0,0,0,0,0,0,0
2013-10,"GCE9",31.350871,-81.333681,"Control",4,1,98,93,0,0,0,0,0,0,0,0,0,100,0,0,0,0,0,0,0,0,0,0,0,0
2013-10,"GCE9",31.350871,-81.333681,"Control",4,2,97,99,0,0,0,0,0,0,0,0,0,100,0,0,0,0,0,0,0,0,0,0,0,0
2014-10,"GCE9",31.350871,-81.333681,"Disturbed (March-2010)",1,1,100,67,0,0,0,0,0,0,0,0,0,100,0,0,0,0,0,0,0,0,0,0,0,0
2014-10,"GCE9",31.350871,-81.333681,"Disturbed (March-2010)",1,2,100,73,0,0,0,0,0,0,0,0,0,100,0,0,0,0,0,0,0,0,0,0,0,0
2014-10,"GCE9",31.350871,-81.333681,"Disturbed (March-2010)",2,1,100,64,0,0,0,0,0,0,0,0,0,100,0,0,0,0,0,0,0,0,0,0,0,0
2014-10,"GCE9",31.350871,-81.333681,"Disturbed (March-2010)",2,2,100,62,0,0,0,0,0,0,0,0,0,100,0,0,0,0,0,0,0,0,0,0,0,0
2014-10,"GCE9",31.350871,-81.333681,"Disturbed (March-2010)",3,1,98,70,0,0,0,0,0,0,0,0,0,100,0,0,0,0,0,0,0,0,0,0,0,0
2014-10,"GCE9",31.350871,-81.333681,"Disturbed (March-2010)",3,2,100,56,0,0,0,0,0,0,0,0,0,100,0,0,0,0,0,0,0,0,0,0,0,0
2014-10,"GCE9",31.350871,-81.333681,"Disturbed (March-2010)",4,1,100,70,0,0,0,0,0,0,0,0,0,100,0,0,0,0,0,0,0,0,0,0,0,0
2014-10,"GCE9",31.350871,-81.333681,"Disturbed (March-2010)",4,2,100,71,0,0,0,0,0,0,0,0,0,100,0,0,0,0,0,0,0,0,0,0,0,0
2014-10,"GCE9",31.350871,-81.333681,"Control",1,1,100,68,0,0,0,0,0,0,0,0,0,100,0,0,0,0,0,0,0,0,0,0,0,0
2014-10,"GCE9",31.350871,-81.333681,"Control",1,2,100,75,0,0,0,0,0,0,0,0,0,100,0,0,0,0,0,0,0,0,0,0,0,0
2014-10,"GCE9",31.350871,-81.333681,"Control",2,1,100,66,0,0,0,0,0,0,0,0,0,100,0,0,0,0,0,0,0,0,0,0,0,0
2014-10,"GCE9",31.350871,-81.333681,"Control",2,2,100,63,0,0,0,0,0,0,0,0,0,100,0,0,0,0,0,0,0,0,0,0,0,0
2014-10,"GCE9",31.350871,-81.333681,"Control",3,1,99,74,0,0,0,0,0,0,0,0,0,100,0,0,0,0,0,0,0,0,0,0,0,0
2014-10,"GCE9",31.350871,-81.333681,"Control",3,2,100,56,0,0,0,0,0,0,0,0,0,100,0,0,0,0,0,0,0,0,0,0,0,0
2014-10,"GCE9",31.350871,-81.333681,"Control",4,1,100,72,0,0,0,0,0,0,0,0,0,100,0,0,0,0,0,0,0,0,0,0,0,0
2014-10,"GCE9",31.350871,-81.333681,"Control",4,2,100,73,0,0,0,0,0,0,0,0,0,100,0,0,0,0,0,0,0,0,0,0,0,0
2010-10,"GCE10",31.476989,-81.271046,"Disturbed (March-2010)",1,1,46,19,0,0,0,0,0,0,0,0,0,30,70,0,0,0,0,0,0,0,0,0,0,0
2010-10,"GCE10",31.476989,-81.271046,"Disturbed (March-2010)",1,2,75,13,0,0,0,0,0,0,0,0,0,38,62,0,0,0,0,0,0,0,0,0,0,0
2010-10,"GCE10",31.476989,-81.271046,"Disturbed (March-2010)",2,1,43,15,0,0,0,0,0,0,0,0,0,20,80,0,0,0,0,0,0,0,0,0,0,0
2010-10,"GCE10",31.476989,-81.271046,"Disturbed (March-2010)",2,2,70,0,0,0,0,0,0,0,0,0,0,60,40,0,0,0,0,0,0,0,0,0,0,0
2010-10,"GCE10",31.476989,-81.271046,"Disturbed (March-2010)",3,1,81,33,0,0,0,0,0,0,0,0,0,59,41,0,0,0,0,0,0,0,0,0,0,0
2010-10,"GCE10",31.476989,-81.271046,"Disturbed (March-2010)",3,2,56,59,0,0,0,0,0,0,0,0,0,65,35,0,0,0,0,0,0,0,0,0,0,0
2010-10,"GCE10",31.476989,-81.271046,"Disturbed (March-2010)",4,1,92,40,0,0,0,0,0,0,0,0,0,84,16,0,0,0,0,0,0,0,0,0,0,0
2010-10,"GCE10",31.476989,-81.271046,"Disturbed (March-2010)",4,2,81,31,0,0,0,0,0,0,0,0,0,68,32,0,0,0,0,0,0,0,0,0,0,0
2010-10,"GCE10",31.476989,-81.271046,"Control",1,1,90,69,0,0,0,0,0,0,0,0,0,100,0,0,0,0,0,0,0,0,0,0,0,0
2010-10,"GCE10",31.476989,-81.271046,"Control",1,2,92,89,0,0,0,0,0,0,0,0,0,100,0,0,0,0,0,0,0,0,0,0,0,0
2010-10,"GCE10",31.476989,-81.271046,"Control",2,1,98,99,0,0,0,0,0,0,0,0,0,100,0,0,0,0,0,0,0,0,0,0,0,0
2010-10,"GCE10",31.476989,-81.271046,"Control",2,2,100,100,0,0,0,0,0,0,0,0,0,100,0,0,0,0,0,0,0,0,0,0,0,0
2010-10,"GCE10",31.476989,-81.271046,"Control",3,1,94,83,0,0,0,0,0,0,0,0,0,100,0,0,0,0,0,0,0,0,0,0,0,0
2010-10,"GCE10",31.476989,-81.271046,"Control",3,2,85,95,0,0,0,0,0,0,0,0,0,100,0,0,0,0,0,0,0,0,0,0,0,0
2010-10,"GCE10",31.476989,-81.271046,"Control",4,1,92,64,0,0,0,0,0,0,0,0,0,100,0,0,0,0,0,0,0,0,0,0,0,0
2010-10,"GCE10",31.476989,-81.271046,"Control",4,2,81,66,0,0,0,0,0,0,0,0,0,100,0,0,0,0,0,0,0,0,0,0,0,0
2011-10,"GCE10",31.476989,-81.271046,"Disturbed (March-2010)",1,1,80,65,0,0,0,0,0,0,0,0,0,77,23,0,0,0,0,0,0,0,0,0,0,0
2011-10,"GCE10",31.476989,-81.271046,"Disturbed (March-2010)",1,2,79,63,0,0,0,0,0,0,0,0,0,78,22,0,0,0,0,0,0,0,0,0,0,0
2011-10,"GCE10",31.476989,-81.271046,"Disturbed (March-2010)",2,1,71,61,0,0,0,0,0,0,0,0,0,38,62,0,0,0,0,0,0,0,0,0,0,0
2011-10,"GCE10",31.476989,-81.271046,"Disturbed (March-2010)",2,2,68,46,0,0,0,0,0,0,0,0,0,75,25,0,0,0,0,0,0,0,0,0,0,0
2011-10,"GCE10",31.476989,-81.271046,"Disturbed (March-2010)",3,1,84,73,0,0,0,0,0,0,0,0,0,71,29,0,0,0,0,0,0,0,0,0,0,0
2011-10,"GCE10",31.476989,-81.271046,"Disturbed (March-2010)",3,2,79,65,0,0,0,0,0,0,0,0,0,67,33,0,0,0,0,0,0,0,0,0,0,0
2011-10,"GCE10",31.476989,-81.271046,"Disturbed (March-2010)",4,1,73,53,0,0,0,0,0,0,0,0,0,99,1,0,0,0,0,0,0,0,0,0,0,0
2011-10,"GCE10",31.476989,-81.271046,"Disturbed (March-2010)",4,2,74,56,0,0,0,0,0,0,0,0,0,98,2,0,0,0,0,0,0,0,0,0,0,0
2011-10,"GCE10",31.476989,-81.271046,"Control",1,1,99,66,0,0,0,0,0,0,0,0,0,100,0,0,0,0,0,0,0,0,0,0,0,0
2011-10,"GCE10",31.476989,-81.271046,"Control",1,2,98,65,0,0,0,0,0,0,0,0,0,100,0,0,0,0,0,0,0,0,0,0,0,0
2011-10,"GCE10",31.476989,-81.271046,"Control",2,1,96,89,0,0,0,0,0,0,0,0,0,100,0,0,0,0,0,0,0,0,0,0,0,0
2011-10,"GCE10",31.476989,-81.271046,"Control",2,2,100,88,0,0,0,0,0,0,0,0,0,100,0,0,0,0,0,0,0,0,0,0,0,0
2011-10,"GCE10",31.476989,-81.271046,"Control",3,1,96,76,0,0,0,0,0,0,0,0,0,100,0,0,0,0,0,0,0,0,0,0,0,0
2011-10,"GCE10",31.476989,-81.271046,"Control",3,2,97,78,0,0,0,0,0,0,0,0,0,100,0,0,0,0,0,0,0,0,0,0,0,0
2011-10,"GCE10",31.476989,-81.271046,"Control",4,1,100,55,0,0,0,0,0,0,0,0,0,100,0,0,0,0,0,0,0,0,0,0,0,0
2011-10,"GCE10",31.476989,-81.271046,"Control",4,2,99,58,0,0,0,0,0,0,0,0,0,100,0,0,0,0,0,0,0,0,0,0,0,0
2012-10,"GCE10",31.476989,-81.271046,"Disturbed (March-2010)",1,1,91,65,0,0,0,0,0,0,0,0,0,98,2,0,0,0,0,0,0,0,0,0,0,0
2012-10,"GCE10",31.476989,-81.271046,"Disturbed (March-2010)",1,2,94,88,0,0,0,0,0,0,0,0,0,99,1,0,0,0,0,0,0,0,0,0,0,0
2012-10,"GCE10",31.476989,-81.271046,"Disturbed (March-2010)",2,1,72,61,0,0,0,0,0,0,0,0,0,92,8,0,0,0,0,0,0,0,0,0,0,0
2012-10,"GCE10",31.476989,-81.271046,"Disturbed (March-2010)",2,2,84,80,0,0,0,0,0,0,0,0,0,94,6,0,0,0,0,0,0,0,0,0,0,0
2012-10,"GCE10",31.476989,-81.271046,"Disturbed (March-2010)",3,1,82,76,0,0,0,0,0,0,0,0,0,96,4,0,0,0,0,0,0,0,0,0,0,0
2012-10,"GCE10",31.476989,-81.271046,"Disturbed (March-2010)",3,2,72,81,0,0,0,0,0,0,0,0,0,92,8,0,0,0,0,0,0,0,0,0,0,0
2012-10,"GCE10",31.476989,-81.271046,"Disturbed (March-2010)",4,1,96,61,0,0,0,0,0,0,0,0,0,96,4,0,0,0,0,0,0,0,0,0,0,0
2012-10,"GCE10",31.476989,-81.271046,"Disturbed (March-2010)",4,2,95,60,0,0,0,0,0,0,0,0,0,95,5,0,0,0,0,0,0,0,0,0,0,0
2012-10,"GCE10",31.476989,-81.271046,"Control",1,1,93,67,0,0,0,0,0,0,0,0,0,100,0,0,0,0,0,0,0,0,0,0,0,0
2012-10,"GCE10",31.476989,-81.271046,"Control",1,2,94,90,0,0,0,0,0,0,0,0,0,100,0,0,0,0,0,0,0,0,0,0,0,0
2012-10,"GCE10",31.476989,-81.271046,"Control",2,1,79,96,0,0,0,0,0,0,0,0,0,100,0,0,0,0,0,0,0,0,0,0,0,0
2012-10,"GCE10",31.476989,-81.271046,"Control",2,2,89,101,0,0,0,0,0,0,0,0,0,100,0,0,0,0,0,0,0,0,0,0,0,0
2012-10,"GCE10",31.476989,-81.271046,"Control",3,1,89,82,0,0,0,0,0,0,0,0,0,100,0,0,0,0,0,0,0,0,0,0,0,0
2012-10,"GCE10",31.476989,-81.271046,"Control",3,2,79,86,0,0,0,0,0,0,0,0,0,100,0,0,0,0,0,0,0,0,0,0,0,0
2012-10,"GCE10",31.476989,-81.271046,"Control",4,1,97,62,0,0,0,0,0,0,0,0,0,100,0,0,0,0,0,0,0,0,0,0,0,0
2012-10,"GCE10",31.476989,-81.271046,"Control",4,2,96,72,0,0,0,0,0,0,0,0,0,100,0,0,0,0,0,0,0,0,0,0,0,0
2013-10,"GCE10",31.476989,-81.271046,"Disturbed (March-2010)",1,1,94,80,0,0,0,0,0,0,0,0,0,98,2,0,0,0,0,0,0,0,0,0,0,0
2013-10,"GCE10",31.476989,-81.271046,"Disturbed (March-2010)",1,2,95,79,0,0,0,0,0,0,0,0,0,99,1,0,0,0,0,0,0,0,0,0,0,0
2013-10,"GCE10",31.476989,-81.271046,"Disturbed (March-2010)",2,1,82,120,0,0,0,0,0,0,0,0,0,97,3,0,0,0,0,0,0,0,0,0,0,0
2013-10,"GCE10",31.476989,-81.271046,"Disturbed (March-2010)",2,2,84,123,0,0,0,0,0,0,0,0,0,98,2,0,0,0,0,0,0,0,0,0,0,0
2013-10,"GCE10",31.476989,-81.271046,"Disturbed (March-2010)",3,1,85,115,0,0,0,0,0,0,0,0,0,97,3,0,0,0,0,0,0,0,0,0,0,0
2013-10,"GCE10",31.476989,-81.271046,"Disturbed (March-2010)",3,2,82,133,0,0,0,0,0,0,0,0,0,96,4,0,0,0,0,0,0,0,0,0,0,0
2013-10,"GCE10",31.476989,-81.271046,"Disturbed (March-2010)",4,1,98,72,0,0,0,0,0,0,0,0,0,98,2,0,0,0,0,0,0,0,0,0,0,0
2013-10,"GCE10",31.476989,-81.271046,"Disturbed (March-2010)",4,2,100,72,0,0,0,0,0,0,0,0,0,100,0,0,0,0,0,0,0,0,0,0,0,0
2013-10,"GCE10",31.476989,-81.271046,"Control",1,1,96,83,0,0,0,0,0,0,0,0,0,100,0,0,0,0,0,0,0,0,0,0,0,0
2013-10,"GCE10",31.476989,-81.271046,"Control",1,2,95,80,0,0,0,0,0,0,0,0,0,100,0,0,0,0,0,0,0,0,0,0,0,0
2013-10,"GCE10",31.476989,-81.271046,"Control",2,1,90,123,0,0,0,0,0,0,0,0,0,100,0,0,0,0,0,0,0,0,0,0,0,0
2013-10,"GCE10",31.476989,-81.271046,"Control",2,2,92,124,0,0,0,0,0,0,0,0,0,100,0,0,0,0,0,0,0,0,0,0,0,0
2013-10,"GCE10",31.476989,-81.271046,"Control",3,1,91,118,0,0,0,0,0,0,0,0,0,100,0,0,0,0,0,0,0,0,0,0,0,0
2013-10,"GCE10",31.476989,-81.271046,"Control",3,2,92,134,0,0,0,0,0,0,0,0,0,100,0,0,0,0,0,0,0,0,0,0,0,0
2013-10,"GCE10",31.476989,-81.271046,"Control",4,1,100,73,0,0,0,0,0,0,0,0,0,100,0,0,0,0,0,0,0,0,0,0,0,0
2013-10,"GCE10",31.476989,-81.271046,"Control",4,2,100,73,0,0,0,0,0,0,0,0,0,100,0,0,0,0,0,0,0,0,0,0,0,0
2014-10,"GCE10",31.476989,-81.271046,"Disturbed (March-2010)",1,1,100,62,0,0,0,0,0,0,0,0,0,100,0,0,0,0,0,0,0,0,0,0,0,0
2014-10,"GCE10",31.476989,-81.271046,"Disturbed (March-2010)",1,2,98,64,0,0,0,0,0,0,0,0,0,100,0,0,0,0,0,0,0,0,0,0,0,0
2014-10,"GCE10",31.476989,-81.271046,"Disturbed (March-2010)",2,1,100,76,0,0,0,0,0,0,0,0,0,100,0,0,0,0,0,0,0,0,0,0,0,0
2014-10,"GCE10",31.476989,-81.271046,"Disturbed (March-2010)",2,2,100,91,0,0,0,0,0,0,0,0,0,100,0,0,0,0,0,0,0,0,0,0,0,0
2014-10,"GCE10",31.476989,-81.271046,"Disturbed (March-2010)",3,1,100,101,0,0,0,0,0,0,0,0,0,100,0,0,0,0,0,0,0,0,0,0,0,0
2014-10,"GCE10",31.476989,-81.271046,"Disturbed (March-2010)",3,2,100,109,0,0,0,0,0,0,0,0,0,100,0,0,0,0,0,0,0,0,0,0,0,0
2014-10,"GCE10",31.476989,-81.271046,"Disturbed (March-2010)",4,1,100,69,0,0,0,0,0,0,0,0,0,100,0,0,0,0,0,0,0,0,0,0,0,0
2014-10,"GCE10",31.476989,-81.271046,"Disturbed (March-2010)",4,2,100,60,0,0,0,0,0,0,0,0,0,100,0,0,0,0,0,0,0,0,0,0,0,0
2014-10,"GCE10",31.476989,-81.271046,"Control",1,1,100,62,0,0,0,0,0,0,0,0,0,100,0,0,0,0,0,0,0,0,0,0,0,0
2014-10,"GCE10",31.476989,-81.271046,"Control",1,2,99,65,0,0,0,0,0,0,0,0,0,100,0,0,0,0,0,0,0,0,0,0,0,0
2014-10,"GCE10",31.476989,-81.271046,"Control",2,1,100,77,0,0,0,0,0,0,0,0,0,100,0,0,0,0,0,0,0,0,0,0,0,0
2014-10,"GCE10",31.476989,-81.271046,"Control",2,2,100,93,0,0,0,0,0,0,0,0,0,100,0,0,0,0,0,0,0,0,0,0,0,0
2014-10,"GCE10",31.476989,-81.271046,"Control",3,1,100,103,0,0,0,0,0,0,0,0,0,100,0,0,0,0,0,0,0,0,0,0,0,0
2014-10,"GCE10",31.476989,-81.271046,"Control",3,2,100,113,0,0,0,0,0,0,0,0,0,100,0,0,0,0,0,0,0,0,0,0,0,0
2014-10,"GCE10",31.476989,-81.271046,"Control",4,1,100,71,0,0,0,0,0,0,0,0,0,100,0,0,0,0,0,0,0,0,0,0,0,0
2014-10,"GCE10",31.476989,-81.271046,"Control",4,2,100,61,0,0,0,0,0,0,0,0,0,100,0,0,0,0,0,0,0,0,0,0,0,0
