"Data set title: Christopher B. Craft. 2018. Sediment elevation measurements from the GCE LTER Seawater Addition Long-Term Experiment (SALTEx) sampling sites from July 2013 to August 2022. Georgia Coastal Ecosystems LTER Data Catalog (data set GEL-GCED-1802; /data/GEL-GCED-1802)",,,,,,,,
,,,,,,,,,
"Sample_Date","Plot","Treatment","Moved_From","Replicate","Arm","Pin_Number","Elevation","Flag_Elevation"
"YYYY-MM-DD","none","none","none","none","none","none","mm","none"
"datetime","text","text","text","ordinal","ordinal","ordinal","data","code"
2013-07-15,"X2","C","",2,1,1,235,""
2013-07-15,"X2","C","",2,1,2,220,""
2013-07-15,"X2","C","",2,1,3,221,""
2013-07-15,"X2","C","",2,1,4,220,""
2013-07-15,"X2","C","",2,1,5,,""
2013-07-15,"X2","C","",2,1,6,225,""
2013-07-15,"X2","C","",2,1,7,232,""
2013-07-15,"X2","C","",2,1,8,227,""
2013-07-15,"X2","C","",2,1,9,234,""
2013-07-15,"X2","C","",2,2,1,,""
2013-07-15,"X2","C","",2,2,2,224,""
2013-07-15,"X2","C","",2,2,3,,""
2013-07-15,"X2","C","",2,2,4,,""
2013-07-15,"X2","C","",2,2,5,,""
2013-07-15,"X2","C","",2,2,6,224,""
2013-07-15,"X2","C","",2,2,7,226,""
2013-07-15,"X2","C","",2,2,8,224,""
2013-07-15,"X2","C","",2,2,9,224,""
2013-07-15,"X2","C","",2,8,1,,""
2013-07-15,"X2","C","",2,8,2,,""
2013-07-15,"X2","C","",2,8,3,226,""
2013-07-15,"X2","C","",2,8,4,228,""
2013-07-15,"X2","C","",2,8,5,215,""
2013-07-15,"X2","C","",2,8,6,225,""
2013-07-15,"X2","C","",2,8,7,229,""
2013-07-15,"X2","C","",2,8,8,227,""
2013-07-15,"X2","C","",2,8,9,224,""
2013-07-15,"X3","C","",3,1,1,259,""
2013-07-15,"X3","C","",3,1,2,253,""
2013-07-15,"X3","C","",3,1,3,250,""
2013-07-15,"X3","C","",3,1,4,250,""
2013-07-15,"X3","C","",3,1,5,250,""
2013-07-15,"X3","C","",3,1,6,252,""
2013-07-15,"X3","C","",3,1,7,244,""
2013-07-15,"X3","C","",3,1,8,,""
2013-07-15,"X3","C","",3,1,9,250,""
2013-07-15,"X3","C","",3,2,1,260,""
2013-07-15,"X3","C","",3,2,2,259,""
2013-07-15,"X3","C","",3,2,3,257,""
2013-07-15,"X3","C","",3,2,4,259,""
2013-07-15,"X3","C","",3,2,5,252,""
2013-07-15,"X3","C","",3,2,6,262,""
2013-07-15,"X3","C","",3,2,7,,""
2013-07-15,"X3","C","",3,2,8,261,""
2013-07-15,"X3","C","",3,2,9,264,""
2013-07-15,"X3","C","",3,3,1,,""
2013-07-15,"X3","C","",3,3,2,245,""
2013-07-15,"X3","C","",3,3,3,247,""
2013-07-15,"X3","C","",3,3,4,252,""
2013-07-15,"X3","C","",3,3,5,256,""
2013-07-15,"X3","C","",3,3,6,252,""
2013-07-15,"X3","C","",3,3,7,258,""
2013-07-15,"X3","C","",3,3,8,,""
2013-07-15,"X3","C","",3,3,9,246,""
2013-07-15,"X4","C","",4,1,1,256,""
2013-07-15,"X4","C","",4,1,2,251,""
2013-07-15,"X4","C","",4,1,3,250,""
2013-07-15,"X4","C","",4,1,4,257,""
2013-07-15,"X4","C","",4,1,5,254,""
2013-07-15,"X4","C","",4,1,6,254,""
2013-07-15,"X4","C","",4,1,7,,""
2013-07-15,"X4","C","",4,1,8,248,""
2013-07-15,"X4","C","",4,1,9,248,""
2013-07-15,"X4","C","",4,2,1,261,""
2013-07-15,"X4","C","",4,2,2,257,""
2013-07-15,"X4","C","",4,2,3,264,""
2013-07-15,"X4","C","",4,2,4,262,""
2013-07-15,"X4","C","",4,2,5,261,""
2013-07-15,"X4","C","",4,2,6,269,""
2013-07-15,"X4","C","",4,2,7,267,""
2013-07-15,"X4","C","",4,2,8,273,""
2013-07-15,"X4","C","",4,2,9,,""
2013-07-15,"X4","C","",4,3,1,264,""
2013-07-15,"X4","C","",4,3,2,261,""
2013-07-15,"X4","C","",4,3,3,270,""
2013-07-15,"X4","C","",4,3,4,267,""
2013-07-15,"X4","C","",4,3,5,277,""
2013-07-15,"X4","C","",4,3,6,,""
2013-07-15,"X4","C","",4,3,7,261,""
2013-07-15,"X4","C","",4,3,8,274,""
2013-07-15,"X4","C","",4,3,9,282,""
2013-07-15,"X6","C","",6,5,1,256,""
2013-07-15,"X6","C","",6,5,2,253,""
2013-07-15,"X6","C","",6,5,3,248,""
2013-07-15,"X6","C","",6,5,4,254,""
2013-07-15,"X6","C","",6,5,5,,""
2013-07-15,"X6","C","",6,5,6,257,""
2013-07-15,"X6","C","",6,5,7,253,""
2013-07-15,"X6","C","",6,5,8,258,""
2013-07-15,"X6","C","",6,5,9,260,""
2013-07-15,"X6","C","",6,6,1,237,""
2013-07-15,"X6","C","",6,6,2,239,""
2013-07-15,"X6","C","",6,6,3,240,""
2013-07-15,"X6","C","",6,6,4,244,""
2013-07-15,"X6","C","",6,6,5,236,""
2013-07-15,"X6","C","",6,6,6,,""
2013-07-15,"X6","C","",6,6,7,232,""
2013-07-15,"X6","C","",6,6,8,235,""
2013-07-15,"X6","C","",6,6,9,236,""
2013-07-15,"X6","C","",6,7,1,,""
2013-07-15,"X6","C","",6,7,2,237,""
2013-07-15,"X6","C","",6,7,3,245,""
2013-07-15,"X6","C","",6,7,4,241,""
2013-07-15,"X6","C","",6,7,5,238,""
2013-07-15,"X6","C","",6,7,6,,""
2013-07-15,"X6","C","",6,7,7,233,""
2013-07-15,"X6","C","",6,7,8,226,""
2013-07-15,"X6","C","",6,7,9,231,""
2013-07-15,"B1","CS","",1,1,1,,""
2013-07-15,"B1","CS","",1,1,2,319,""
2013-07-15,"B1","CS","",1,1,3,324,""
2013-07-15,"B1","CS","",1,1,4,317,""
2013-07-15,"B1","CS","",1,1,5,320,""
2013-07-15,"B1","CS","",1,1,6,324,""
2013-07-15,"B1","CS","",1,1,7,325,""
2013-07-15,"B1","CS","",1,1,8,325,""
2013-07-15,"B1","CS","",1,1,9,323,""
2013-07-15,"B1","CS","",1,2,1,312,""
2013-07-15,"B1","CS","",1,2,2,302,""
2013-07-15,"B1","CS","",1,2,3,315,""
2013-07-15,"B1","CS","",1,2,4,300,""
2013-07-15,"B1","CS","",1,2,5,,""
2013-07-15,"B1","CS","",1,2,6,311,""
2013-07-15,"B1","CS","",1,2,7,312,""
2013-07-15,"B1","CS","",1,2,8,311,""
2013-07-15,"B1","CS","",1,2,9,315,""
2013-07-15,"B1","CS","",1,3,1,,""
2013-07-15,"B1","CS","",1,3,2,,""
2013-07-15,"B1","CS","",1,3,3,,""
2013-07-15,"B1","CS","",1,3,4,,""
2013-07-15,"B1","CS","",1,3,5,,""
2013-07-15,"B1","CS","",1,3,6,,""
2013-07-15,"B1","CS","",1,3,7,,""
2013-07-15,"B1","CS","",1,3,8,,""
2013-07-15,"B1","CS","",1,3,9,,""
2013-07-15,"B5","CS","",5,3,1,,""
2013-07-15,"B5","CS","",5,3,2,,""
2013-07-15,"B5","CS","",5,3,3,266,""
2013-07-15,"B5","CS","",5,3,4,,""
2013-07-15,"B5","CS","",5,3,5,279,""
2013-07-15,"B5","CS","",5,3,6,276,""
2013-07-15,"B5","CS","",5,3,7,271,""
2013-07-15,"B5","CS","",5,3,8,269,""
2013-07-15,"B5","CS","",5,3,9,270,""
2013-07-15,"B5","CS","",5,4,1,276,""
2013-07-15,"B5","CS","",5,4,2,271,""
2013-07-15,"B5","CS","",5,4,3,267,""
2013-07-15,"B5","CS","",5,4,4,275,""
2013-07-15,"B5","CS","",5,4,5,272,""
2013-07-15,"B5","CS","",5,4,6,266,""
2013-07-15,"B5","CS","",5,4,7,273,""
2013-07-15,"B5","CS","",5,4,8,274,""
2013-07-15,"B5","CS","",5,4,9,271,""
2013-07-15,"B5","CS","",5,5,1,263,""
2013-07-15,"B5","CS","",5,5,2,267,""
2013-07-15,"B5","CS","",5,5,3,272,""
2013-07-15,"B5","CS","",5,5,4,276,""
2013-07-15,"B5","CS","",5,5,5,280,""
2013-07-15,"B5","CS","",5,5,6,279,""
2013-07-15,"B5","CS","",5,5,7,278,""
2013-07-15,"B5","CS","",5,5,8,283,""
2013-07-15,"B5","CS","",5,5,9,284,""
2013-07-15,"C2","CS","PR2",3,4,1,248,""
2013-07-15,"C2","CS","PR2",3,4,2,251,""
2013-07-15,"C2","CS","PR2",3,4,3,251,""
2013-07-15,"C2","CS","PR2",3,4,4,249,""
2013-07-15,"C2","CS","PR2",3,4,5,248,""
2013-07-15,"C2","CS","PR2",3,4,6,,""
2013-07-15,"C2","CS","PR2",3,4,7,247,""
2013-07-15,"C2","CS","PR2",3,4,8,246,""
2013-07-15,"C2","CS","PR2",3,4,9,247,""
2013-07-15,"C2","CS","PR2",3,5,1,259,""
2013-07-15,"C2","CS","PR2",3,5,2,257,""
2013-07-15,"C2","CS","PR2",3,5,3,256,""
2013-07-15,"C2","CS","PR2",3,5,4,258,""
2013-07-15,"C2","CS","PR2",3,5,5,258,""
2013-07-15,"C2","CS","PR2",3,5,6,256,""
2013-07-15,"C2","CS","PR2",3,5,7,265,""
2013-07-15,"C2","CS","PR2",3,5,8,262,""
2013-07-15,"C2","CS","PR2",3,5,9,261,""
2013-07-15,"C2","CS","PR2",3,6,1,258,""
2013-07-15,"C2","CS","PR2",3,6,2,259,""
2013-07-15,"C2","CS","PR2",3,6,3,260,""
2013-07-15,"C2","CS","PR2",3,6,4,255,""
2013-07-15,"C2","CS","PR2",3,6,5,245,""
2013-07-15,"C2","CS","PR2",3,6,6,252,""
2013-07-15,"C2","CS","PR2",3,6,7,,""
2013-07-15,"C2","CS","PR2",3,6,8,256,""
2013-07-15,"C2","CS","PR2",3,6,9,254,""
2013-07-15,"A2","Fr","",2,1,1,261,""
2013-07-15,"A2","Fr","",2,1,2,250,""
2013-07-15,"A2","Fr","",2,1,3,259,""
2013-07-15,"A2","Fr","",2,1,4,,""
2013-07-15,"A2","Fr","",2,1,5,261,""
2013-07-15,"A2","Fr","",2,1,6,250,""
2013-07-15,"A2","Fr","",2,1,7,252,""
2013-07-15,"A2","Fr","",2,1,8,253,""
2013-07-15,"A2","Fr","",2,1,9,254,""
2013-07-15,"A2","Fr","",2,7,1,250,""
2013-07-15,"A2","Fr","",2,7,2,246,""
2013-07-15,"A2","Fr","",2,7,3,249,""
2013-07-15,"A2","Fr","",2,7,4,245,""
2013-07-15,"A2","Fr","",2,7,5,240,""
2013-07-15,"A2","Fr","",2,7,6,,""
2013-07-15,"A2","Fr","",2,7,7,241,""
2013-07-15,"A2","Fr","",2,7,8,242,""
2013-07-15,"A2","Fr","",2,7,9,,""
2013-07-15,"A2","Fr","",2,8,1,247,""
2013-07-15,"A2","Fr","",2,8,2,252,""
2013-07-15,"A2","Fr","",2,8,3,258,""
2013-07-15,"A2","Fr","",2,8,4,248,""
2013-07-15,"A2","Fr","",2,8,5,247,""
2013-07-15,"A2","Fr","",2,8,6,258,""
2013-07-15,"A2","Fr","",2,8,7,252,""
2013-07-15,"A2","Fr","",2,8,8,245,""
2013-07-15,"A2","Fr","",2,8,9,243,""
2013-07-15,"A3","Fr","",3,1,1,289,""
2013-07-15,"A3","Fr","",3,1,2,289,""
2013-07-15,"A3","Fr","",3,1,3,293,""
2013-07-15,"A3","Fr","",3,1,4,296,""
2013-07-15,"A3","Fr","",3,1,5,294,""
2013-07-15,"A3","Fr","",3,1,6,297,""
2013-07-15,"A3","Fr","",3,1,7,291,""
2013-07-15,"A3","Fr","",3,1,8,292,""
2013-07-15,"A3","Fr","",3,1,9,295,""
2013-07-15,"A3","Fr","",3,7,1,,""
2013-07-15,"A3","Fr","",3,7,2,290,""
2013-07-15,"A3","Fr","",3,7,3,292,""
2013-07-15,"A3","Fr","",3,7,4,290,""
2013-07-15,"A3","Fr","",3,7,5,287,""
2013-07-15,"A3","Fr","",3,7,6,292,""
2013-07-15,"A3","Fr","",3,7,7,292,""
2013-07-15,"A3","Fr","",3,7,8,291,""
2013-07-15,"A3","Fr","",3,7,9,295,""
2013-07-15,"A3","Fr","",3,8,1,283,""
2013-07-15,"A3","Fr","",3,8,2,291,""
2013-07-15,"A3","Fr","",3,8,3,298,""
2013-07-15,"A3","Fr","",3,8,4,293,""
2013-07-15,"A3","Fr","",3,8,5,291,""
2013-07-15,"A3","Fr","",3,8,6,288,""
2013-07-15,"A3","Fr","",3,8,7,293,""
2013-07-15,"A3","Fr","",3,8,8,296,""
2013-07-15,"A3","Fr","",3,8,9,296,""
2013-07-15,"A5","Fr","",5,5,1,,""
2013-07-15,"A5","Fr","",5,5,2,295,""
2013-07-15,"A5","Fr","",5,5,3,297,""
2013-07-15,"A5","Fr","",5,5,4,295,""
2013-07-15,"A5","Fr","",5,5,5,,""
2013-07-15,"A5","Fr","",5,5,6,302,""
2013-07-15,"A5","Fr","",5,5,7,301,""
2013-07-15,"A5","Fr","",5,5,8,296,""
2013-07-15,"A5","Fr","",5,5,9,,""
2013-07-15,"A5","Fr","",5,6,1,,""
2013-07-15,"A5","Fr","",5,6,2,296,""
2013-07-15,"A5","Fr","",5,6,3,291,""
2013-07-15,"A5","Fr","",5,6,4,293,""
2013-07-15,"A5","Fr","",5,6,5,282,""
2013-07-15,"A5","Fr","",5,6,6,289,""
2013-07-15,"A5","Fr","",5,6,7,284,""
2013-07-15,"A5","Fr","",5,6,8,284,""
2013-07-15,"A5","Fr","",5,6,9,283,""
2013-07-15,"A5","Fr","",5,7,1,293,""
2013-07-15,"A5","Fr","",5,7,2,303,""
2013-07-15,"A5","Fr","",5,7,3,306,""
2013-07-15,"A5","Fr","",5,7,4,290,""
2013-07-15,"A5","Fr","",5,7,5,,""
2013-07-15,"A5","Fr","",5,7,6,298,""
2013-07-15,"A5","Fr","",5,7,7,292,""
2013-07-15,"A5","Fr","",5,7,8,305,""
2013-07-15,"A5","Fr","",5,7,9,284,""
2013-07-15,"A6","Fr","",6,3,1,292,""
2013-07-15,"A6","Fr","",6,3,2,298,""
2013-07-15,"A6","Fr","",6,3,3,293,""
2013-07-15,"A6","Fr","",6,3,4,279,""
2013-07-15,"A6","Fr","",6,3,5,289,""
2013-07-15,"A6","Fr","",6,3,6,286,""
2013-07-15,"A6","Fr","",6,3,7,287,""
2013-07-15,"A6","Fr","",6,3,8,278,""
2013-07-15,"A6","Fr","",6,3,9,,""
2013-07-15,"A6","Fr","",6,4,1,285,""
2013-07-15,"A6","Fr","",6,4,2,284,""
2013-07-15,"A6","Fr","",6,4,3,288,""
2013-07-15,"A6","Fr","",6,4,4,300,""
2013-07-15,"A6","Fr","",6,4,5,295,""
2013-07-15,"A6","Fr","",6,4,6,294,""
2013-07-15,"A6","Fr","",6,4,7,301,""
2013-07-15,"A6","Fr","",6,4,8,297,""
2013-07-15,"A6","Fr","",6,4,9,285,""
2013-07-15,"A6","Fr","",6,5,1,,""
2013-07-15,"A6","Fr","",6,5,2,,""
2013-07-15,"A6","Fr","",6,5,3,290,""
2013-07-15,"A6","Fr","",6,5,4,294,""
2013-07-15,"A6","Fr","",6,5,5,292,""
2013-07-15,"A6","Fr","",6,5,6,290,""
2013-07-15,"A6","Fr","",6,5,7,296,""
2013-07-15,"A6","Fr","",6,5,8,304,""
2013-07-15,"A6","Fr","",6,5,9,293,""
2013-07-15,"C1","Fr","PR1",1,6,1,262,""
2013-07-15,"C1","Fr","PR1",1,6,2,268,""
2013-07-15,"C1","Fr","PR1",1,6,3,269,""
2013-07-15,"C1","Fr","PR1",1,6,4,263,""
2013-07-15,"C1","Fr","PR1",1,6,5,265,""
2013-07-15,"C1","Fr","PR1",1,6,6,249,""
2013-07-15,"C1","Fr","PR1",1,6,7,267,""
2013-07-15,"C1","Fr","PR1",1,6,8,275,""
2013-07-15,"C1","Fr","PR1",1,6,9,262,""
2013-07-15,"C1","Fr","PR1",1,7,1,281,""
2013-07-15,"C1","Fr","PR1",1,7,2,281,""
2013-07-15,"C1","Fr","PR1",1,7,3,284,""
2013-07-15,"C1","Fr","PR1",1,7,4,281,""
2013-07-15,"C1","Fr","PR1",1,7,5,281,""
2013-07-15,"C1","Fr","PR1",1,7,6,275,""
2013-07-15,"C1","Fr","PR1",1,7,7,276,""
2013-07-15,"C1","Fr","PR1",1,7,8,,""
2013-07-15,"C1","Fr","PR1",1,7,9,,""
2013-07-15,"C1","Fr","PR1",1,8,1,,""
2013-07-15,"C1","Fr","PR1",1,8,2,280,""
2013-07-15,"C1","Fr","PR1",1,8,3,285,""
2013-07-15,"C1","Fr","PR1",1,8,4,286,""
2013-07-15,"C1","Fr","PR1",1,8,5,275,""
2013-07-15,"C1","Fr","PR1",1,8,6,,""
2013-07-15,"C1","Fr","PR1",1,8,7,,""
2013-07-15,"C1","Fr","PR1",1,8,8,,""
2013-07-15,"C1","Fr","PR1",1,8,9,,""
2013-07-15,"B2","PR","CS2",1,5,1,,""
2013-07-15,"B2","PR","CS2",1,5,2,,""
2013-07-15,"B2","PR","CS2",1,5,3,223,""
2013-07-15,"B2","PR","CS2",1,5,4,220,""
2013-07-15,"B2","PR","CS2",1,5,5,221,""
2013-07-15,"B2","PR","CS2",1,5,6,230,""
2013-07-15,"B2","PR","CS2",1,5,7,227,""
2013-07-15,"B2","PR","CS2",1,5,8,219,""
2013-07-15,"B2","PR","CS2",1,5,9,216,""
2013-07-15,"B2","PR","CS2",1,6,1,234,""
2013-07-15,"B2","PR","CS2",1,6,2,238,""
2013-07-15,"B2","PR","CS2",1,6,3,239,""
2013-07-15,"B2","PR","CS2",1,6,4,240,""
2013-07-15,"B2","PR","CS2",1,6,5,235,""
2013-07-15,"B2","PR","CS2",1,6,6,237,""
2013-07-15,"B2","PR","CS2",1,6,7,235,""
2013-07-15,"B2","PR","CS2",1,6,8,231,""
2013-07-15,"B2","PR","CS2",1,6,9,236,""
2013-07-15,"B2","PR","CS2",1,7,1,225,""
2013-07-15,"B2","PR","CS2",1,7,2,234,""
2013-07-15,"B2","PR","CS2",1,7,3,235,""
2013-07-15,"B2","PR","CS2",1,7,4,237,""
2013-07-15,"B2","PR","CS2",1,7,5,238,""
2013-07-15,"B2","PR","CS2",1,7,6,232,""
2013-07-15,"B2","PR","CS2",1,7,7,242,""
2013-07-15,"B2","PR","CS2",1,7,8,244,""
2013-07-15,"B2","PR","CS2",1,7,9,236,""
2013-07-15,"C4","PR","",4,1,1,261,""
2013-07-15,"C4","PR","",4,1,2,258,""
2013-07-15,"C4","PR","",4,1,3,257,""
2013-07-15,"C4","PR","",4,1,4,258,""
2013-07-15,"C4","PR","",4,1,5,261,""
2013-07-15,"C4","PR","",4,1,6,261,""
2013-07-15,"C4","PR","",4,1,7,270,""
2013-07-15,"C4","PR","",4,1,8,262,""
2013-07-15,"C4","PR","",4,1,9,265,""
2013-07-15,"C4","PR","",4,7,1,,""
2013-07-15,"C4","PR","",4,7,2,211,""
2013-07-15,"C4","PR","",4,7,3,230,""
2013-07-15,"C4","PR","",4,7,4,234,""
2013-07-15,"C4","PR","",4,7,5,225,""
2013-07-15,"C4","PR","",4,7,6,,""
2013-07-15,"C4","PR","",4,7,7,250,""
2013-07-15,"C4","PR","",4,7,8,251,""
2013-07-15,"C4","PR","",4,7,9,249,""
2013-07-15,"C4","PR","",4,8,1,245,""
2013-07-15,"C4","PR","",4,8,2,249,""
2013-07-15,"C4","PR","",4,8,3,256,""
2013-07-15,"C4","PR","",4,8,4,259,""
2013-07-15,"C4","PR","",4,8,5,258,""
2013-07-15,"C4","PR","",4,8,6,253,""
2013-07-15,"C4","PR","",4,8,7,251,""
2013-07-15,"C4","PR","",4,8,8,250,""
2013-07-15,"C4","PR","",4,8,9,253,""
2013-07-15,"C6","PR","",6,4,1,,""
2013-07-15,"C6","PR","",6,4,2,248,""
2013-07-15,"C6","PR","",6,4,3,257,""
2013-07-15,"C6","PR","",6,4,4,251,""
2013-07-15,"C6","PR","",6,4,5,247,""
2013-07-15,"C6","PR","",6,4,6,241,""
2013-07-15,"C6","PR","",6,4,7,248,""
2013-07-15,"C6","PR","",6,4,8,,""
2013-07-15,"C6","PR","",6,4,9,,""
2013-07-15,"C6","PR","",6,5,1,251,""
2013-07-15,"C6","PR","",6,5,2,244,""
2013-07-15,"C6","PR","",6,5,3,245,""
2013-07-15,"C6","PR","",6,5,4,238,""
2013-07-15,"C6","PR","",6,5,5,235,""
2013-07-15,"C6","PR","",6,5,6,242,""
2013-07-15,"C6","PR","",6,5,7,237,""
2013-07-15,"C6","PR","",6,5,8,238,""
2013-07-15,"C6","PR","",6,5,9,238,""
2013-07-15,"C6","PR","",6,6,1,,""
2013-07-15,"C6","PR","",6,6,2,,""
2013-07-15,"C6","PR","",6,6,3,,""
2013-07-15,"C6","PR","",6,6,4,,""
2013-07-15,"C6","PR","",6,6,5,,""
2013-07-15,"C6","PR","",6,6,6,240,""
2013-07-15,"C6","PR","",6,6,7,,""
2013-07-15,"C6","PR","",6,6,8,244,""
2013-07-15,"C6","PR","",6,6,9,242,""
2013-07-15,"D5","Pu","",5,1,1,,""
2013-07-15,"D5","Pu","",5,1,2,241,""
2013-07-15,"D5","Pu","",5,1,3,252,""
2013-07-15,"D5","Pu","",5,1,4,252,""
2013-07-15,"D5","Pu","",5,1,5,257,""
2013-07-15,"D5","Pu","",5,1,6,262,""
2013-07-15,"D5","Pu","",5,1,7,258,""
2013-07-15,"D5","Pu","",5,1,8,256,""
2013-07-15,"D5","Pu","",5,1,9,257,""
2013-07-15,"D5","Pu","",5,7,1,256,""
2013-07-15,"D5","Pu","",5,7,2,256,""
2013-07-15,"D5","Pu","",5,7,3,255,""
2013-07-15,"D5","Pu","",5,7,4,263,""
2013-07-15,"D5","Pu","",5,7,5,259,""
2013-07-15,"D5","Pu","",5,7,6,256,""
2013-07-15,"D5","Pu","",5,7,7,255,""
2013-07-15,"D5","Pu","",5,7,8,252,""
2013-07-15,"D5","Pu","",5,7,9,242,""
2013-07-15,"D5","Pu","",5,8,1,259,""
2013-07-15,"D5","Pu","",5,8,2,257,""
2013-07-15,"D5","Pu","",5,8,3,262,""
2013-07-15,"D5","Pu","",5,8,4,260,""
2013-07-15,"D5","Pu","",5,8,5,257,""
2013-07-15,"D5","Pu","",5,8,6,251,""
2013-07-15,"D5","Pu","",5,8,7,254,""
2013-07-15,"D5","Pu","",5,8,8,258,""
2013-07-15,"D5","Pu","",5,8,9,263,""
2014-07-17,"X2","C","",2,1,1,225,""
2014-07-17,"X2","C","",2,1,2,238,""
2014-07-17,"X2","C","",2,1,3,234,""
2014-07-17,"X2","C","",2,1,4,237,""
2014-07-17,"X2","C","",2,1,5,241,""
2014-07-17,"X2","C","",2,1,6,244,""
2014-07-17,"X2","C","",2,1,7,241,""
2014-07-17,"X2","C","",2,1,8,250,""
2014-07-17,"X2","C","",2,1,9,249,""
2014-07-17,"X2","C","",2,2,1,235,""
2014-07-17,"X2","C","",2,2,2,237,""
2014-07-17,"X2","C","",2,2,3,224,""
2014-07-17,"X2","C","",2,2,4,,""
2014-07-17,"X2","C","",2,2,5,,""
2014-07-17,"X2","C","",2,2,6,230,""
2014-07-17,"X2","C","",2,2,7,236,""
2014-07-17,"X2","C","",2,2,8,235,""
2014-07-17,"X2","C","",2,2,9,,""
2014-07-17,"X2","C","",2,8,1,240,""
2014-07-17,"X2","C","",2,8,2,235,""
2014-07-17,"X2","C","",2,8,3,228,""
2014-07-17,"X2","C","",2,8,4,235,""
2014-07-17,"X2","C","",2,8,5,235,""
2014-07-17,"X2","C","",2,8,6,245,""
2014-07-17,"X2","C","",2,8,7,242,""
2014-07-17,"X2","C","",2,8,8,244,""
2014-07-17,"X2","C","",2,8,9,230,""
2014-07-17,"X3","C","",3,1,1,,""
2014-07-17,"X3","C","",3,1,2,262,""
2014-07-17,"X3","C","",3,1,3,260,""
2014-07-17,"X3","C","",3,1,4,252,""
2014-07-17,"X3","C","",3,1,5,263,""
2014-07-17,"X3","C","",3,1,6,246,""
2014-07-17,"X3","C","",3,1,7,247,""
2014-07-17,"X3","C","",3,1,8,255,""
2014-07-17,"X3","C","",3,1,9,255,""
2014-07-17,"X3","C","",3,2,1,254,""
2014-07-17,"X3","C","",3,2,2,243,""
2014-07-17,"X3","C","",3,2,3,248,""
2014-07-17,"X3","C","",3,2,4,253,""
2014-07-17,"X3","C","",3,2,5,258,""
2014-07-17,"X3","C","",3,2,6,256,""
2014-07-17,"X3","C","",3,2,7,252,""
2014-07-17,"X3","C","",3,2,8,246,""
2014-07-17,"X3","C","",3,2,9,248,""
2014-07-17,"X3","C","",3,3,1,259,""
2014-07-17,"X3","C","",3,3,2,,""
2014-07-17,"X3","C","",3,3,3,,""
2014-07-17,"X3","C","",3,3,4,252,""
2014-07-17,"X3","C","",3,3,5,250,""
2014-07-17,"X3","C","",3,3,6,252,""
2014-07-17,"X3","C","",3,3,7,256,""
2014-07-17,"X3","C","",3,3,8,252,""
2014-07-17,"X3","C","",3,3,9,261,""
2014-07-17,"X4","C","",4,1,1,,""
2014-07-17,"X4","C","",4,1,2,,""
2014-07-17,"X4","C","",4,1,3,,""
2014-07-17,"X4","C","",4,1,4,,""
2014-07-17,"X4","C","",4,1,5,,""
2014-07-17,"X4","C","",4,1,6,,""
2014-07-17,"X4","C","",4,1,7,,""
2014-07-17,"X4","C","",4,1,8,,""
2014-07-17,"X4","C","",4,1,9,,""
2014-07-17,"X4","C","",4,2,1,,""
2014-07-17,"X4","C","",4,2,2,,""
2014-07-17,"X4","C","",4,2,3,,""
2014-07-17,"X4","C","",4,2,4,,""
2014-07-17,"X4","C","",4,2,5,,""
2014-07-17,"X4","C","",4,2,6,,""
2014-07-17,"X4","C","",4,2,7,,""
2014-07-17,"X4","C","",4,2,8,,""
2014-07-17,"X4","C","",4,2,9,,""
2014-07-17,"X4","C","",4,3,1,,""
2014-07-17,"X4","C","",4,3,2,,""
2014-07-17,"X4","C","",4,3,3,,""
2014-07-17,"X4","C","",4,3,4,,""
2014-07-17,"X4","C","",4,3,5,,""
2014-07-17,"X4","C","",4,3,6,,""
2014-07-17,"X4","C","",4,3,7,,""
2014-07-17,"X4","C","",4,3,8,,""
2014-07-17,"X4","C","",4,3,9,,""
2014-07-17,"X6","C","",6,5,1,,""
2014-07-17,"X6","C","",6,5,2,260,""
2014-07-17,"X6","C","",6,5,3,258,""
2014-07-17,"X6","C","",6,5,4,257,""
2014-07-17,"X6","C","",6,5,5,251,""
2014-07-17,"X6","C","",6,5,6,259,""
2014-07-17,"X6","C","",6,5,7,262,""
2014-07-17,"X6","C","",6,5,8,265,""
2014-07-17,"X6","C","",6,5,9,268,""
2014-07-17,"X6","C","",6,6,1,252,""
2014-07-17,"X6","C","",6,6,2,252,""
2014-07-17,"X6","C","",6,6,3,250,""
2014-07-17,"X6","C","",6,6,4,255,""
2014-07-17,"X6","C","",6,6,5,,""
2014-07-17,"X6","C","",6,6,6,254,""
2014-07-17,"X6","C","",6,6,7,,""
2014-07-17,"X6","C","",6,6,8,258,""
2014-07-17,"X6","C","",6,6,9,251,""
2014-07-17,"X6","C","",6,7,1,,""
2014-07-17,"X6","C","",6,7,2,,""
2014-07-17,"X6","C","",6,7,3,,""
2014-07-17,"X6","C","",6,7,4,,""
2014-07-17,"X6","C","",6,7,5,255,""
2014-07-17,"X6","C","",6,7,6,257,""
2014-07-17,"X6","C","",6,7,7,258,""
2014-07-17,"X6","C","",6,7,8,250,""
2014-07-17,"X6","C","",6,7,9,252,""
2014-07-17,"B1","CS","",1,1,1,,""
2014-07-17,"B1","CS","",1,1,2,,""
2014-07-17,"B1","CS","",1,1,3,,""
2014-07-17,"B1","CS","",1,1,4,,""
2014-07-17,"B1","CS","",1,1,5,,""
2014-07-17,"B1","CS","",1,1,6,,""
2014-07-17,"B1","CS","",1,1,7,,""
2014-07-17,"B1","CS","",1,1,8,,""
2014-07-17,"B1","CS","",1,1,9,,""
2014-07-17,"B1","CS","",1,2,1,,""
2014-07-17,"B1","CS","",1,2,2,,""
2014-07-17,"B1","CS","",1,2,3,,""
2014-07-17,"B1","CS","",1,2,4,,""
2014-07-17,"B1","CS","",1,2,5,,""
2014-07-17,"B1","CS","",1,2,6,,""
2014-07-17,"B1","CS","",1,2,7,,""
2014-07-17,"B1","CS","",1,2,8,,""
2014-07-17,"B1","CS","",1,2,9,,""
2014-07-17,"B1","CS","",1,3,1,,""
2014-07-17,"B1","CS","",1,3,2,,""
2014-07-17,"B1","CS","",1,3,3,,""
2014-07-17,"B1","CS","",1,3,4,,""
2014-07-17,"B1","CS","",1,3,5,,""
2014-07-17,"B1","CS","",1,3,6,,""
2014-07-17,"B1","CS","",1,3,7,,""
2014-07-17,"B1","CS","",1,3,8,,""
2014-07-17,"B1","CS","",1,3,9,,""
2014-07-17,"B5","CS","",5,3,1,,""
2014-07-17,"B5","CS","",5,3,2,,""
2014-07-17,"B5","CS","",5,3,3,,""
2014-07-17,"B5","CS","",5,3,4,265,""
2014-07-17,"B5","CS","",5,3,5,269,""
2014-07-17,"B5","CS","",5,3,6,275,""
2014-07-17,"B5","CS","",5,3,7,280,""
2014-07-17,"B5","CS","",5,3,8,284,""
2014-07-17,"B5","CS","",5,3,9,279,""
2014-07-17,"B5","CS","",5,4,1,279,""
2014-07-17,"B5","CS","",5,4,2,274,""
2014-07-17,"B5","CS","",5,4,3,266,""
2014-07-17,"B5","CS","",5,4,4,271,""
2014-07-17,"B5","CS","",5,4,5,267,""
2014-07-17,"B5","CS","",5,4,6,281,""
2014-07-17,"B5","CS","",5,4,7,283,""
2014-07-17,"B5","CS","",5,4,8,288,""
2014-07-17,"B5","CS","",5,4,9,285,""
2014-07-17,"B5","CS","",5,5,1,272,""
2014-07-17,"B5","CS","",5,5,2,278,""
2014-07-17,"B5","CS","",5,5,3,280,""
2014-07-17,"B5","CS","",5,5,4,288,""
2014-07-17,"B5","CS","",5,5,5,286,""
2014-07-17,"B5","CS","",5,5,6,290,""
2014-07-17,"B5","CS","",5,5,7,292,""
2014-07-17,"B5","CS","",5,5,8,292,""
2014-07-17,"B5","CS","",5,5,9,290,""
2014-07-17,"C2","CS","PR2",3,4,1,256,""
2014-07-17,"C2","CS","PR2",3,4,2,253,""
2014-07-17,"C2","CS","PR2",3,4,3,258,""
2014-07-17,"C2","CS","PR2",3,4,4,253,""
2014-07-17,"C2","CS","PR2",3,4,5,265,""
2014-07-17,"C2","CS","PR2",3,4,6,,""
2014-07-17,"C2","CS","PR2",3,4,7,260,""
2014-07-17,"C2","CS","PR2",3,4,8,258,""
2014-07-17,"C2","CS","PR2",3,4,9,257,""
2014-07-17,"C2","CS","PR2",3,5,1,270,""
2014-07-17,"C2","CS","PR2",3,5,2,,""
2014-07-17,"C2","CS","PR2",3,5,3,273,""
2014-07-17,"C2","CS","PR2",3,5,4,270,""
2014-07-17,"C2","CS","PR2",3,5,5,275,""
2014-07-17,"C2","CS","PR2",3,5,6,283,""
2014-07-17,"C2","CS","PR2",3,5,7,278,""
2014-07-17,"C2","CS","PR2",3,5,8,279,""
2014-07-17,"C2","CS","PR2",3,5,9,278,""
2014-07-17,"C2","CS","PR2",3,6,1,270,""
2014-07-17,"C2","CS","PR2",3,6,2,267,""
2014-07-17,"C2","CS","PR2",3,6,3,270,""
2014-07-17,"C2","CS","PR2",3,6,4,273,""
2014-07-17,"C2","CS","PR2",3,6,5,269,""
2014-07-17,"C2","CS","PR2",3,6,6,278,""
2014-07-17,"C2","CS","PR2",3,6,7,274,""
2014-07-17,"C2","CS","PR2",3,6,8,268,""
2014-07-17,"C2","CS","PR2",3,6,9,269,""
2014-07-17,"A2","Fr","",2,1,1,260,""
2014-07-17,"A2","Fr","",2,1,2,263,""
2014-07-17,"A2","Fr","",2,1,3,263,""
2014-07-17,"A2","Fr","",2,1,4,264,""
2014-07-17,"A2","Fr","",2,1,5,257,""
2014-07-17,"A2","Fr","",2,1,6,,""
2014-07-17,"A2","Fr","",2,1,7,250,""
2014-07-17,"A2","Fr","",2,1,8,,""
2014-07-17,"A2","Fr","",2,1,9,,""
2014-07-17,"A2","Fr","",2,7,1,260,""
2014-07-17,"A2","Fr","",2,7,2,265,""
2014-07-17,"A2","Fr","",2,7,3,261,""
2014-07-17,"A2","Fr","",2,7,4,,""
2014-07-17,"A2","Fr","",2,7,5,,""
2014-07-17,"A2","Fr","",2,7,6,252,""
2014-07-17,"A2","Fr","",2,7,7,257,""
2014-07-17,"A2","Fr","",2,7,8,262,""
2014-07-17,"A2","Fr","",2,7,9,266,""
2014-07-17,"A2","Fr","",2,8,1,254,""
2014-07-17,"A2","Fr","",2,8,2,264,""
2014-07-17,"A2","Fr","",2,8,3,265,""
2014-07-17,"A2","Fr","",2,8,4,263,""
2014-07-17,"A2","Fr","",2,8,5,255,""
2014-07-17,"A2","Fr","",2,8,6,,""
2014-07-17,"A2","Fr","",2,8,7,252,""
2014-07-17,"A2","Fr","",2,8,8,256,""
2014-07-17,"A2","Fr","",2,8,9,256,""
2014-07-17,"A3","Fr","",3,1,1,310,""
2014-07-17,"A3","Fr","",3,1,2,309,""
2014-07-17,"A3","Fr","",3,1,3,308,""
2014-07-17,"A3","Fr","",3,1,4,318,""
2014-07-17,"A3","Fr","",3,1,5,313,""
2014-07-17,"A3","Fr","",3,1,6,,""
2014-07-17,"A3","Fr","",3,1,7,320,""
2014-07-17,"A3","Fr","",3,1,8,324,""
2014-07-17,"A3","Fr","",3,1,9,,""
2014-07-17,"A3","Fr","",3,7,1,,""
2014-07-17,"A3","Fr","",3,7,2,306,""
2014-07-17,"A3","Fr","",3,7,3,296,""
2014-07-17,"A3","Fr","",3,7,4,290,""
2014-07-17,"A3","Fr","",3,7,5,300,""
2014-07-17,"A3","Fr","",3,7,6,300,""
2014-07-17,"A3","Fr","",3,7,7,312,""
2014-07-17,"A3","Fr","",3,7,8,311,""
2014-07-17,"A3","Fr","",3,7,9,290,""
2014-07-17,"A3","Fr","",3,8,1,297,""
2014-07-17,"A3","Fr","",3,8,2,287,""
2014-07-17,"A3","Fr","",3,8,3,298,""
2014-07-17,"A3","Fr","",3,8,4,297,""
2014-07-17,"A3","Fr","",3,8,5,296,""
2014-07-17,"A3","Fr","",3,8,6,295,""
2014-07-17,"A3","Fr","",3,8,7,300,""
2014-07-17,"A3","Fr","",3,8,8,300,""
2014-07-17,"A3","Fr","",3,8,9,295,""
2014-07-17,"A5","Fr","",5,5,1,,""
2014-07-17,"A5","Fr","",5,5,2,,""
2014-07-17,"A5","Fr","",5,5,3,,""
2014-07-17,"A5","Fr","",5,5,4,290,""
2014-07-17,"A5","Fr","",5,5,5,290,""
2014-07-17,"A5","Fr","",5,5,6,290,""
2014-07-17,"A5","Fr","",5,5,7,293,""
2014-07-17,"A5","Fr","",5,5,8,287,""
2014-07-17,"A5","Fr","",5,5,9,286,""
2014-07-17,"A5","Fr","",5,6,1,,""
2014-07-17,"A5","Fr","",5,6,2,296,""
2014-07-17,"A5","Fr","",5,6,3,288,""
2014-07-17,"A5","Fr","",5,6,4,300,""
2014-07-17,"A5","Fr","",5,6,5,303,""
2014-07-17,"A5","Fr","",5,6,6,300,""
2014-07-17,"A5","Fr","",5,6,7,295,""
2014-07-17,"A5","Fr","",5,6,8,298,""
2014-07-17,"A5","Fr","",5,6,9,295,""
2014-07-17,"A5","Fr","",5,7,1,,""
2014-07-17,"A5","Fr","",5,7,2,296,""
2014-07-17,"A5","Fr","",5,7,3,,""
2014-07-17,"A5","Fr","",5,7,4,298,""
2014-07-17,"A5","Fr","",5,7,5,302,""
2014-07-17,"A5","Fr","",5,7,6,296,""
2014-07-17,"A5","Fr","",5,7,7,301,""
2014-07-17,"A5","Fr","",5,7,8,300,""
2014-07-17,"A5","Fr","",5,7,9,296,""
2014-07-17,"A6","Fr","",6,3,1,,""
2014-07-17,"A6","Fr","",6,3,2,,""
2014-07-17,"A6","Fr","",6,3,3,299,""
2014-07-17,"A6","Fr","",6,3,4,310,""
2014-07-17,"A6","Fr","",6,3,5,300,""
2014-07-17,"A6","Fr","",6,3,6,308,""
2014-07-17,"A6","Fr","",6,3,7,309,""
2014-07-17,"A6","Fr","",6,3,8,,""
2014-07-17,"A6","Fr","",6,3,9,295,""
2014-07-17,"A6","Fr","",6,4,1,296,""
2014-07-17,"A6","Fr","",6,4,2,300,""
2014-07-17,"A6","Fr","",6,4,3,305,""
2014-07-17,"A6","Fr","",6,4,4,310,""
2014-07-17,"A6","Fr","",6,4,5,307,""
2014-07-17,"A6","Fr","",6,4,6,,""
2014-07-17,"A6","Fr","",6,4,7,310,""
2014-07-17,"A6","Fr","",6,4,8,304,""
2014-07-17,"A6","Fr","",6,4,9,,""
2014-07-17,"A6","Fr","",6,5,1,,""
2014-07-17,"A6","Fr","",6,5,2,310,""
2014-07-17,"A6","Fr","",6,5,3,,""
2014-07-17,"A6","Fr","",6,5,4,311,""
2014-07-17,"A6","Fr","",6,5,5,313,""
2014-07-17,"A6","Fr","",6,5,6,307,""
2014-07-17,"A6","Fr","",6,5,7,300,""
2014-07-17,"A6","Fr","",6,5,8,312,""
2014-07-17,"A6","Fr","",6,5,9,304,""
2014-07-17,"C1","Fr","PR1",1,6,1,,""
2014-07-17,"C1","Fr","PR1",1,6,2,275,""
2014-07-17,"C1","Fr","PR1",1,6,3,281,""
2014-07-17,"C1","Fr","PR1",1,6,4,284,""
2014-07-17,"C1","Fr","PR1",1,6,5,,""
2014-07-17,"C1","Fr","PR1",1,6,6,,""
2014-07-17,"C1","Fr","PR1",1,6,7,284,""
2014-07-17,"C1","Fr","PR1",1,6,8,284,""
2014-07-17,"C1","Fr","PR1",1,6,9,289,""
2014-07-17,"C1","Fr","PR1",1,7,1,,""
2014-07-17,"C1","Fr","PR1",1,7,2,,""
2014-07-17,"C1","Fr","PR1",1,7,3,,""
2014-07-17,"C1","Fr","PR1",1,7,4,,""
2014-07-17,"C1","Fr","PR1",1,7,5,,""
2014-07-17,"C1","Fr","PR1",1,7,6,,""
2014-07-17,"C1","Fr","PR1",1,7,7,,""
2014-07-17,"C1","Fr","PR1",1,7,8,,""
2014-07-17,"C1","Fr","PR1",1,7,9,,""
2014-07-17,"C1","Fr","PR1",1,8,1,,""
2014-07-17,"C1","Fr","PR1",1,8,2,,""
2014-07-17,"C1","Fr","PR1",1,8,3,,""
2014-07-17,"C1","Fr","PR1",1,8,4,,""
2014-07-17,"C1","Fr","PR1",1,8,5,,""
2014-07-17,"C1","Fr","PR1",1,8,6,,""
2014-07-17,"C1","Fr","PR1",1,8,7,,""
2014-07-17,"C1","Fr","PR1",1,8,8,292,""
2014-07-17,"C1","Fr","PR1",1,8,9,277,""
2014-07-17,"B2","PR","CS2",1,5,1,,""
2014-07-17,"B2","PR","CS2",1,5,2,245,""
2014-07-17,"B2","PR","CS2",1,5,3,245,""
2014-07-17,"B2","PR","CS2",1,5,4,252,""
2014-07-17,"B2","PR","CS2",1,5,5,250,""
2014-07-17,"B2","PR","CS2",1,5,6,245,""
2014-07-17,"B2","PR","CS2",1,5,7,246,""
2014-07-17,"B2","PR","CS2",1,5,8,251,""
2014-07-17,"B2","PR","CS2",1,5,9,250,""
2014-07-17,"B2","PR","CS2",1,6,1,249,""
2014-07-17,"B2","PR","CS2",1,6,2,255,""
2014-07-17,"B2","PR","CS2",1,6,3,251,""
2014-07-17,"B2","PR","CS2",1,6,4,257,""
2014-07-17,"B2","PR","CS2",1,6,5,260,""
2014-07-17,"B2","PR","CS2",1,6,6,255,""
2014-07-17,"B2","PR","CS2",1,6,7,252,""
2014-07-17,"B2","PR","CS2",1,6,8,247,""
2014-07-17,"B2","PR","CS2",1,6,9,248,""
2014-07-17,"B2","PR","CS2",1,7,1,245,""
2014-07-17,"B2","PR","CS2",1,7,2,255,""
2014-07-17,"B2","PR","CS2",1,7,3,261,""
2014-07-17,"B2","PR","CS2",1,7,4,262,""
2014-07-17,"B2","PR","CS2",1,7,5,264,""
2014-07-17,"B2","PR","CS2",1,7,6,261,""
2014-07-17,"B2","PR","CS2",1,7,7,270,""
2014-07-17,"B2","PR","CS2",1,7,8,266,""
2014-07-17,"B2","PR","CS2",1,7,9,265,""
2014-07-17,"C4","PR","",4,1,1,,""
2014-07-17,"C4","PR","",4,1,2,,""
2014-07-17,"C4","PR","",4,1,3,230,""
2014-07-17,"C4","PR","",4,1,4,,""
2014-07-17,"C4","PR","",4,1,5,232,""
2014-07-17,"C4","PR","",4,1,6,234,""
2014-07-17,"C4","PR","",4,1,7,240,""
2014-07-17,"C4","PR","",4,1,8,246,""
2014-07-17,"C4","PR","",4,1,9,248,""
2014-07-17,"C4","PR","",4,7,1,255,""
2014-07-17,"C4","PR","",4,7,2,260,""
2014-07-17,"C4","PR","",4,7,3,251,""
2014-07-17,"C4","PR","",4,7,4,245,""
2014-07-17,"C4","PR","",4,7,5,255,""
2014-07-17,"C4","PR","",4,7,6,257,""
2014-07-17,"C4","PR","",4,7,7,259,""
2014-07-17,"C4","PR","",4,7,8,250,""
2014-07-17,"C4","PR","",4,7,9,256,""
2014-07-17,"C4","PR","",4,8,1,245,""
2014-07-17,"C4","PR","",4,8,2,250,""
2014-07-17,"C4","PR","",4,8,3,252,""
2014-07-17,"C4","PR","",4,8,4,247,""
2014-07-17,"C4","PR","",4,8,5,246,""
2014-07-17,"C4","PR","",4,8,6,248,""
2014-07-17,"C4","PR","",4,8,7,251,""
2014-07-17,"C4","PR","",4,8,8,252,""
2014-07-17,"C4","PR","",4,8,9,251,""
2014-07-17,"C6","PR","",6,4,1,246,""
2014-07-17,"C6","PR","",6,4,2,243,""
2014-07-17,"C6","PR","",6,4,3,247,""
2014-07-17,"C6","PR","",6,4,4,,""
2014-07-17,"C6","PR","",6,4,5,247,""
2014-07-17,"C6","PR","",6,4,6,247,""
2014-07-17,"C6","PR","",6,4,7,251,""
2014-07-17,"C6","PR","",6,4,8,,""
2014-07-17,"C6","PR","",6,4,9,250,""
2014-07-17,"C6","PR","",6,5,1,260,""
2014-07-17,"C6","PR","",6,5,2,,""
2014-07-17,"C6","PR","",6,5,3,250,""
2014-07-17,"C6","PR","",6,5,4,245,""
2014-07-17,"C6","PR","",6,5,5,,""
2014-07-17,"C6","PR","",6,5,6,246,""
2014-07-17,"C6","PR","",6,5,7,250,""
2014-07-17,"C6","PR","",6,5,8,252,""
2014-07-17,"C6","PR","",6,5,9,245,""
2014-07-17,"C6","PR","",6,6,1,,""
2014-07-17,"C6","PR","",6,6,2,,""
2014-07-17,"C6","PR","",6,6,3,,""
2014-07-17,"C6","PR","",6,6,4,,""
2014-07-17,"C6","PR","",6,6,5,,""
2014-07-17,"C6","PR","",6,6,6,245,""
2014-07-17,"C6","PR","",6,6,7,236,""
2014-07-17,"C6","PR","",6,6,8,239,""
2014-07-17,"C6","PR","",6,6,9,241,""
2014-07-17,"D5","Pu","",5,1,1,,""
2014-07-17,"D5","Pu","",5,1,2,,""
2014-07-17,"D5","Pu","",5,1,3,257,""
2014-07-17,"D5","Pu","",5,1,4,260,""
2014-07-17,"D5","Pu","",5,1,5,258,""
2014-07-17,"D5","Pu","",5,1,6,258,""
2014-07-17,"D5","Pu","",5,1,7,260,""
2014-07-17,"D5","Pu","",5,1,8,265,""
2014-07-17,"D5","Pu","",5,1,9,265,""
2014-07-17,"D5","Pu","",5,7,1,261,""
2014-07-17,"D5","Pu","",5,7,2,261,""
2014-07-17,"D5","Pu","",5,7,3,268,""
2014-07-17,"D5","Pu","",5,7,4,276,""
2014-07-17,"D5","Pu","",5,7,5,265,""
2014-07-17,"D5","Pu","",5,7,6,264,""
2014-07-17,"D5","Pu","",5,7,7,267,""
2014-07-17,"D5","Pu","",5,7,8,266,""
2014-07-17,"D5","Pu","",5,7,9,,""
2014-07-17,"D5","Pu","",5,8,1,274,""
2014-07-17,"D5","Pu","",5,8,2,,""
2014-07-17,"D5","Pu","",5,8,3,272,""
2014-07-17,"D5","Pu","",5,8,4,,""
2014-07-17,"D5","Pu","",5,8,5,266,""
2014-07-17,"D5","Pu","",5,8,6,261,""
2014-07-17,"D5","Pu","",5,8,7,268,""
2014-07-17,"D5","Pu","",5,8,8,,""
2014-07-17,"D5","Pu","",5,8,9,264,""
2014-12-14,"X2","C","",2,1,1,200,""
2014-12-14,"X2","C","",2,1,2,209,""
2014-12-14,"X2","C","",2,1,3,210,""
2014-12-14,"X2","C","",2,1,4,201,""
2014-12-14,"X2","C","",2,1,5,218,""
2014-12-14,"X2","C","",2,1,6,216,""
2014-12-14,"X2","C","",2,1,7,214,""
2014-12-14,"X2","C","",2,1,8,218,""
2014-12-14,"X2","C","",2,1,9,213,""
2014-12-14,"X2","C","",2,2,1,,""
2014-12-14,"X2","C","",2,2,2,209,""
2014-12-14,"X2","C","",2,2,3,206,""
2014-12-14,"X2","C","",2,2,4,,""
2014-12-14,"X2","C","",2,2,5,,""
2014-12-14,"X2","C","",2,2,6,212,""
2014-12-14,"X2","C","",2,2,7,208,""
2014-12-14,"X2","C","",2,2,8,212,""
2014-12-14,"X2","C","",2,2,9,215,""
2014-12-14,"X2","C","",2,8,1,215,""
2014-12-14,"X2","C","",2,8,2,219,""
2014-12-14,"X2","C","",2,8,3,216,""
2014-12-14,"X2","C","",2,8,4,215,""
2014-12-14,"X2","C","",2,8,5,,""
2014-12-14,"X2","C","",2,8,6,216,""
2014-12-14,"X2","C","",2,8,7,218,""
2014-12-14,"X2","C","",2,8,8,213,""
2014-12-14,"X2","C","",2,8,9,216,""
2014-12-14,"X3","C","",3,1,1,,""
2014-12-14,"X3","C","",3,1,2,254,""
2014-12-14,"X3","C","",3,1,3,251,""
2014-12-14,"X3","C","",3,1,4,253,""
2014-12-14,"X3","C","",3,1,5,255,""
2014-12-14,"X3","C","",3,1,6,257,""
2014-12-14,"X3","C","",3,1,7,,""
2014-12-14,"X3","C","",3,1,8,261,""
2014-12-14,"X3","C","",3,1,9,258,""
2014-12-14,"X3","C","",3,2,1,250,""
2014-12-14,"X3","C","",3,2,2,247,""
2014-12-14,"X3","C","",3,2,3,253,""
2014-12-14,"X3","C","",3,2,4,254,""
2014-12-14,"X3","C","",3,2,5,244,""
2014-12-14,"X3","C","",3,2,6,249,""
2014-12-14,"X3","C","",3,2,7,253,""
2014-12-14,"X3","C","",3,2,8,245,""
2014-12-14,"X3","C","",3,2,9,248,""
2014-12-14,"X3","C","",3,3,1,260,""
2014-12-14,"X3","C","",3,3,2,,""
2014-12-14,"X3","C","",3,3,3,270,""
2014-12-14,"X3","C","",3,3,4,,""
2014-12-14,"X3","C","",3,3,5,254,""
2014-12-14,"X3","C","",3,3,6,250,""
2014-12-14,"X3","C","",3,3,7,261,""
2014-12-14,"X3","C","",3,3,8,252,""
2014-12-14,"X3","C","",3,3,9,250,""
2014-12-14,"X4","C","",4,1,1,246,""
2014-12-14,"X4","C","",4,1,2,247,""
2014-12-14,"X4","C","",4,1,3,247,""
2014-12-14,"X4","C","",4,1,4,239,""
2014-12-14,"X4","C","",4,1,5,250,""
2014-12-14,"X4","C","",4,1,6,243,""
2014-12-14,"X4","C","",4,1,7,,""
2014-12-14,"X4","C","",4,1,8,236,""
2014-12-14,"X4","C","",4,1,9,242,""
2014-12-14,"X4","C","",4,2,1,250,""
2014-12-14,"X4","C","",4,2,2,242,""
2014-12-14,"X4","C","",4,2,3,253,""
2014-12-14,"X4","C","",4,2,4,248,""
2014-12-14,"X4","C","",4,2,5,246,""
2014-12-14,"X4","C","",4,2,6,252,""
2014-12-14,"X4","C","",4,2,7,249,""
2014-12-14,"X4","C","",4,2,8,243,""
2014-12-14,"X4","C","",4,2,9,243,""
2014-12-14,"X4","C","",4,3,1,,""
2014-12-14,"X4","C","",4,3,2,,""
2014-12-14,"X4","C","",4,3,3,,""
2014-12-14,"X4","C","",4,3,4,,""
2014-12-14,"X4","C","",4,3,5,257,""
2014-12-14,"X4","C","",4,3,6,257,""
2014-12-14,"X4","C","",4,3,7,264,""
2014-12-14,"X4","C","",4,3,8,264,""
2014-12-14,"X4","C","",4,3,9,268,""
2014-12-14,"X6","C","",6,5,1,259,""
2014-12-14,"X6","C","",6,5,2,252,""
2014-12-14,"X6","C","",6,5,3,247,""
2014-12-14,"X6","C","",6,5,4,249,""
2014-12-14,"X6","C","",6,5,5,250,""
2014-12-14,"X6","C","",6,5,6,254,""
2014-12-14,"X6","C","",6,5,7,251,""
2014-12-14,"X6","C","",6,5,8,243,""
2014-12-14,"X6","C","",6,5,9,257,""
2014-12-14,"X6","C","",6,6,1,248,""
2014-12-14,"X6","C","",6,6,2,253,""
2014-12-14,"X6","C","",6,6,3,254,""
2014-12-14,"X6","C","",6,6,4,254,""
2014-12-14,"X6","C","",6,6,5,254,""
2014-12-14,"X6","C","",6,6,6,246,""
2014-12-14,"X6","C","",6,6,7,248,""
2014-12-14,"X6","C","",6,6,8,251,""
2014-12-14,"X6","C","",6,6,9,251,""
2014-12-14,"X6","C","",6,7,1,,""
2014-12-14,"X6","C","",6,7,2,,""
2014-12-14,"X6","C","",6,7,3,,""
2014-12-14,"X6","C","",6,7,4,244,""
2014-12-14,"X6","C","",6,7,5,245,""
2014-12-14,"X6","C","",6,7,6,247,""
2014-12-14,"X6","C","",6,7,7,247,""
2014-12-14,"X6","C","",6,7,8,244,""
2014-12-14,"X6","C","",6,7,9,251,""
2014-12-14,"B1","CS","",1,1,1,310,""
2014-12-14,"B1","CS","",1,1,2,314,""
2014-12-14,"B1","CS","",1,1,3,316,""
2014-12-14,"B1","CS","",1,1,4,316,""
2014-12-14,"B1","CS","",1,1,5,317,""
2014-12-14,"B1","CS","",1,1,6,316,""
2014-12-14,"B1","CS","",1,1,7,317,""
2014-12-14,"B1","CS","",1,1,8,316,""
2014-12-14,"B1","CS","",1,1,9,,""
2014-12-14,"B1","CS","",1,2,1,315,""
2014-12-14,"B1","CS","",1,2,2,319,""
2014-12-14,"B1","CS","",1,2,3,326,""
2014-12-14,"B1","CS","",1,2,4,324,""
2014-12-14,"B1","CS","",1,2,5,,""
2014-12-14,"B1","CS","",1,2,6,325,""
2014-12-14,"B1","CS","",1,2,7,322,""
2014-12-14,"B1","CS","",1,2,8,333,""
2014-12-14,"B1","CS","",1,2,9,324,""
2014-12-14,"B1","CS","",1,3,1,,""
2014-12-14,"B1","CS","",1,3,2,,""
2014-12-14,"B1","CS","",1,3,3,,""
2014-12-14,"B1","CS","",1,3,4,,""
2014-12-14,"B1","CS","",1,3,5,,""
2014-12-14,"B1","CS","",1,3,6,,""
2014-12-14,"B1","CS","",1,3,7,,""
2014-12-14,"B1","CS","",1,3,8,,""
2014-12-14,"B1","CS","",1,3,9,,""
2014-12-14,"B5","CS","",5,3,1,265,""
2014-12-14,"B5","CS","",5,3,2,265,""
2014-12-14,"B5","CS","",5,3,3,275,""
2014-12-14,"B5","CS","",5,3,4,278,""
2014-12-14,"B5","CS","",5,3,5,276,""
2014-12-14,"B5","CS","",5,3,6,278,""
2014-12-14,"B5","CS","",5,3,7,272,""
2014-12-14,"B5","CS","",5,3,8,274,""
2014-12-14,"B5","CS","",5,3,9,265,""
2014-12-14,"B5","CS","",5,4,1,277,""
2014-12-14,"B5","CS","",5,4,2,276,""
2014-12-14,"B5","CS","",5,4,3,272,""
2014-12-14,"B5","CS","",5,4,4,,""
2014-12-14,"B5","CS","",5,4,5,,""
2014-12-14,"B5","CS","",5,4,6,278,""
2014-12-14,"B5","CS","",5,4,7,280,""
2014-12-14,"B5","CS","",5,4,8,284,""
2014-12-14,"B5","CS","",5,4,9,284,""
2014-12-14,"B5","CS","",5,5,1,,""
2014-12-14,"B5","CS","",5,5,2,,""
2014-12-14,"B5","CS","",5,5,3,,""
2014-12-14,"B5","CS","",5,5,4,,""
2014-12-14,"B5","CS","",5,5,5,255,""
2014-12-14,"B5","CS","",5,5,6,,""
2014-12-14,"B5","CS","",5,5,7,266,""
2014-12-14,"B5","CS","",5,5,8,266,""
2014-12-14,"B5","CS","",5,5,9,265,""
2014-12-14,"C2","CS","PR2",3,4,1,253,""
2014-12-14,"C2","CS","PR2",3,4,2,249,""
2014-12-14,"C2","CS","PR2",3,4,3,252,""
2014-12-14,"C2","CS","PR2",3,4,4,255,""
2014-12-14,"C2","CS","PR2",3,4,5,246,""
2014-12-14,"C2","CS","PR2",3,4,6,259,""
2014-12-14,"C2","CS","PR2",3,4,7,256,""
2014-12-14,"C2","CS","PR2",3,4,8,,""
2014-12-14,"C2","CS","PR2",3,4,9,,""
2014-12-14,"C2","CS","PR2",3,5,1,260,""
2014-12-14,"C2","CS","PR2",3,5,2,,""
2014-12-14,"C2","CS","PR2",3,5,3,262,""
2014-12-14,"C2","CS","PR2",3,5,4,256,""
2014-12-14,"C2","CS","PR2",3,5,5,263,""
2014-12-14,"C2","CS","PR2",3,5,6,265,""
2014-12-14,"C2","CS","PR2",3,5,7,264,""
2014-12-14,"C2","CS","PR2",3,5,8,258,""
2014-12-14,"C2","CS","PR2",3,5,9,263,""
2014-12-14,"C2","CS","PR2",3,6,1,,""
2014-12-14,"C2","CS","PR2",3,6,2,255,""
2014-12-14,"C2","CS","PR2",3,6,3,245,""
2014-12-14,"C2","CS","PR2",3,6,4,246,""
2014-12-14,"C2","CS","PR2",3,6,5,249,""
2014-12-14,"C2","CS","PR2",3,6,6,251,""
2014-12-14,"C2","CS","PR2",3,6,7,240,""
2014-12-14,"C2","CS","PR2",3,6,8,,""
2014-12-14,"C2","CS","PR2",3,6,9,,""
2014-12-14,"A2","Fr","",2,1,1,261,""
2014-12-14,"A2","Fr","",2,1,2,264,""
2014-12-14,"A2","Fr","",2,1,3,262,""
2014-12-14,"A2","Fr","",2,1,4,264,""
2014-12-14,"A2","Fr","",2,1,5,261,""
2014-12-14,"A2","Fr","",2,1,6,262,""
2014-12-14,"A2","Fr","",2,1,7,259,""
2014-12-14,"A2","Fr","",2,1,8,257,""
2014-12-14,"A2","Fr","",2,1,9,256,""
2014-12-14,"A2","Fr","",2,7,1,268,""
2014-12-14,"A2","Fr","",2,7,2,265,""
2014-12-14,"A2","Fr","",2,7,3,265,""
2014-12-14,"A2","Fr","",2,7,4,264,""
2014-12-14,"A2","Fr","",2,7,5,259,""
2014-12-14,"A2","Fr","",2,7,6,,""
2014-12-14,"A2","Fr","",2,7,7,267,""
2014-12-14,"A2","Fr","",2,7,8,257,""
2014-12-14,"A2","Fr","",2,7,9,256,""
2014-12-14,"A2","Fr","",2,8,1,261,""
2014-12-14,"A2","Fr","",2,8,2,261,""
2014-12-14,"A2","Fr","",2,8,3,267,""
2014-12-14,"A2","Fr","",2,8,4,,""
2014-12-14,"A2","Fr","",2,8,5,255,""
2014-12-14,"A2","Fr","",2,8,6,261,""
2014-12-14,"A2","Fr","",2,8,7,255,""
2014-12-14,"A2","Fr","",2,8,8,256,""
2014-12-14,"A2","Fr","",2,8,9,256,""
2014-12-14,"A3","Fr","",3,1,1,294,""
2014-12-14,"A3","Fr","",3,1,2,296,""
2014-12-14,"A3","Fr","",3,1,3,,""
2014-12-14,"A3","Fr","",3,1,4,302,""
2014-12-14,"A3","Fr","",3,1,5,300,""
2014-12-14,"A3","Fr","",3,1,6,291,""
2014-12-14,"A3","Fr","",3,1,7,294,""
2014-12-14,"A3","Fr","",3,1,8,296,""
2014-12-14,"A3","Fr","",3,1,9,301,""
2014-12-14,"A3","Fr","",3,7,1,,""
2014-12-14,"A3","Fr","",3,7,2,,""
2014-12-14,"A3","Fr","",3,7,3,,""
2014-12-14,"A3","Fr","",3,7,4,,""
2014-12-14,"A3","Fr","",3,7,5,283,""
2014-12-14,"A3","Fr","",3,7,6,298,""
2014-12-14,"A3","Fr","",3,7,7,307,""
2014-12-14,"A3","Fr","",3,7,8,301,""
2014-12-14,"A3","Fr","",3,7,9,300,""
2014-12-14,"A3","Fr","",3,8,1,300,""
2014-12-14,"A3","Fr","",3,8,2,297,""
2014-12-14,"A3","Fr","",3,8,3,305,""
2014-12-14,"A3","Fr","",3,8,4,304,""
2014-12-14,"A3","Fr","",3,8,5,299,""
2014-12-14,"A3","Fr","",3,8,6,302,""
2014-12-14,"A3","Fr","",3,8,7,297,""
2014-12-14,"A3","Fr","",3,8,8,298,""
2014-12-14,"A3","Fr","",3,8,9,302,""
2014-12-14,"A5","Fr","",5,5,1,,""
2014-12-14,"A5","Fr","",5,5,2,,""
2014-12-14,"A5","Fr","",5,5,3,302,""
2014-12-14,"A5","Fr","",5,5,4,293,""
2014-12-14,"A5","Fr","",5,5,5,294,""
2014-12-14,"A5","Fr","",5,5,6,292,""
2014-12-14,"A5","Fr","",5,5,7,275,""
2014-12-14,"A5","Fr","",5,5,8,290,""
2014-12-14,"A5","Fr","",5,5,9,276,""
2014-12-14,"A5","Fr","",5,6,1,291,""
2014-12-14,"A5","Fr","",5,6,2,302,""
2014-12-14,"A5","Fr","",5,6,3,,""
2014-12-14,"A5","Fr","",5,6,4,275,""
2014-12-14,"A5","Fr","",5,6,5,288,""
2014-12-14,"A5","Fr","",5,6,6,286,""
2014-12-14,"A5","Fr","",5,6,7,287,""
2014-12-14,"A5","Fr","",5,6,8,291,""
2014-12-14,"A5","Fr","",5,6,9,287,""
2014-12-14,"A5","Fr","",5,7,1,,""
2014-12-14,"A5","Fr","",5,7,2,297,""
2014-12-14,"A5","Fr","",5,7,3,296,""
2014-12-14,"A5","Fr","",5,7,4,284,""
2014-12-14,"A5","Fr","",5,7,5,295,""
2014-12-14,"A5","Fr","",5,7,6,290,""
2014-12-14,"A5","Fr","",5,7,7,288,""
2014-12-14,"A5","Fr","",5,7,8,284,""
2014-12-14,"A5","Fr","",5,7,9,293,""
2014-12-14,"A6","Fr","",6,3,1,,""
2014-12-14,"A6","Fr","",6,3,2,297,""
2014-12-14,"A6","Fr","",6,3,3,295,""
2014-12-14,"A6","Fr","",6,3,4,298,""
2014-12-14,"A6","Fr","",6,3,5,303,""
2014-12-14,"A6","Fr","",6,3,6,301,""
2014-12-14,"A6","Fr","",6,3,7,305,""
2014-12-14,"A6","Fr","",6,3,8,293,""
2014-12-14,"A6","Fr","",6,3,9,,""
2014-12-14,"A6","Fr","",6,4,1,284,""
2014-12-14,"A6","Fr","",6,4,2,290,""
2014-12-14,"A6","Fr","",6,4,3,278,""
2014-12-14,"A6","Fr","",6,4,4,291,""
2014-12-14,"A6","Fr","",6,4,5,289,""
2014-12-14,"A6","Fr","",6,4,6,287,""
2014-12-14,"A6","Fr","",6,4,7,290,""
2014-12-14,"A6","Fr","",6,4,8,288,""
2014-12-14,"A6","Fr","",6,4,9,290,""
2014-12-14,"A6","Fr","",6,5,1,,""
2014-12-14,"A6","Fr","",6,5,2,,""
2014-12-14,"A6","Fr","",6,5,3,297,""
2014-12-14,"A6","Fr","",6,5,4,295,""
2014-12-14,"A6","Fr","",6,5,5,285,""
2014-12-14,"A6","Fr","",6,5,6,290,""
2014-12-14,"A6","Fr","",6,5,7,292,""
2014-12-14,"A6","Fr","",6,5,8,285,""
2014-12-14,"A6","Fr","",6,5,9,291,""
2014-12-14,"C1","Fr","PR1",1,6,1,,""
2014-12-14,"C1","Fr","PR1",1,6,2,278,""
2014-12-14,"C1","Fr","PR1",1,6,3,279,""
2014-12-14,"C1","Fr","PR1",1,6,4,283,""
2014-12-14,"C1","Fr","PR1",1,6,5,,""
2014-12-14,"C1","Fr","PR1",1,6,6,,""
2014-12-14,"C1","Fr","PR1",1,6,7,288,""
2014-12-14,"C1","Fr","PR1",1,6,8,,""
2014-12-14,"C1","Fr","PR1",1,6,9,286,""
2014-12-14,"C1","Fr","PR1",1,7,1,,""
2014-12-14,"C1","Fr","PR1",1,7,2,280,""
2014-12-14,"C1","Fr","PR1",1,7,3,278,""
2014-12-14,"C1","Fr","PR1",1,7,4,280,""
2014-12-14,"C1","Fr","PR1",1,7,5,277,""
2014-12-14,"C1","Fr","PR1",1,7,6,284,""
2014-12-14,"C1","Fr","PR1",1,7,7,281,""
2014-12-14,"C1","Fr","PR1",1,7,8,288,""
2014-12-14,"C1","Fr","PR1",1,7,9,,""
2014-12-14,"C1","Fr","PR1",1,8,1,,""
2014-12-14,"C1","Fr","PR1",1,8,2,269,""
2014-12-14,"C1","Fr","PR1",1,8,3,264,""
2014-12-14,"C1","Fr","PR1",1,8,4,267,""
2014-12-14,"C1","Fr","PR1",1,8,5,267,""
2014-12-14,"C1","Fr","PR1",1,8,6,264,""
2014-12-14,"C1","Fr","PR1",1,8,7,270,""
2014-12-14,"C1","Fr","PR1",1,8,8,268,""
2014-12-14,"C1","Fr","PR1",1,8,9,275,""
2014-12-14,"B2","PR","CS2",1,5,1,,""
2014-12-14,"B2","PR","CS2",1,5,2,240,""
2014-12-14,"B2","PR","CS2",1,5,3,236,""
2014-12-14,"B2","PR","CS2",1,5,4,233,""
2014-12-14,"B2","PR","CS2",1,5,5,235,""
2014-12-14,"B2","PR","CS2",1,5,6,241,""
2014-12-14,"B2","PR","CS2",1,5,7,242,""
2014-12-14,"B2","PR","CS2",1,5,8,248,""
2014-12-14,"B2","PR","CS2",1,5,9,241,""
2014-12-14,"B2","PR","CS2",1,6,1,236,""
2014-12-14,"B2","PR","CS2",1,6,2,246,""
2014-12-14,"B2","PR","CS2",1,6,3,250,""
2014-12-14,"B2","PR","CS2",1,6,4,252,""
2014-12-14,"B2","PR","CS2",1,6,5,247,""
2014-12-14,"B2","PR","CS2",1,6,6,253,""
2014-12-14,"B2","PR","CS2",1,6,7,251,""
2014-12-14,"B2","PR","CS2",1,6,8,250,""
2014-12-14,"B2","PR","CS2",1,6,9,,""
2014-12-14,"B2","PR","CS2",1,7,1,,""
2014-12-14,"B2","PR","CS2",1,7,2,,""
2014-12-14,"B2","PR","CS2",1,7,3,245,""
2014-12-14,"B2","PR","CS2",1,7,4,247,""
2014-12-14,"B2","PR","CS2",1,7,5,246,""
2014-12-14,"B2","PR","CS2",1,7,6,,""
2014-12-14,"B2","PR","CS2",1,7,7,251,""
2014-12-14,"B2","PR","CS2",1,7,8,260,""
2014-12-14,"B2","PR","CS2",1,7,9,252,""
2014-12-14,"C4","PR","",4,1,1,,""
2014-12-14,"C4","PR","",4,1,2,,""
2014-12-14,"C4","PR","",4,1,3,,""
2014-12-14,"C4","PR","",4,1,4,217,""
2014-12-14,"C4","PR","",4,1,5,212,""
2014-12-14,"C4","PR","",4,1,6,211,""
2014-12-14,"C4","PR","",4,1,7,207,""
2014-12-14,"C4","PR","",4,1,8,,""
2014-12-14,"C4","PR","",4,1,9,,""
2014-12-14,"C4","PR","",4,7,1,250,""
2014-12-14,"C4","PR","",4,7,2,237,""
2014-12-14,"C4","PR","",4,7,3,240,""
2014-12-14,"C4","PR","",4,7,4,242,""
2014-12-14,"C4","PR","",4,7,5,248,""
2014-12-14,"C4","PR","",4,7,6,245,""
2014-12-14,"C4","PR","",4,7,7,249,""
2014-12-14,"C4","PR","",4,7,8,251,""
2014-12-14,"C4","PR","",4,7,9,247,""
2014-12-14,"C4","PR","",4,8,1,240,""
2014-12-14,"C4","PR","",4,8,2,246,""
2014-12-14,"C4","PR","",4,8,3,246,""
2014-12-14,"C4","PR","",4,8,4,247,""
2014-12-14,"C4","PR","",4,8,5,247,""
2014-12-14,"C4","PR","",4,8,6,242,""
2014-12-14,"C4","PR","",4,8,7,249,""
2014-12-14,"C4","PR","",4,8,8,250,""
2014-12-14,"C4","PR","",4,8,9,252,""
2014-12-14,"C6","PR","",6,4,1,232,""
2014-12-14,"C6","PR","",6,4,2,238,""
2014-12-14,"C6","PR","",6,4,3,242,""
2014-12-14,"C6","PR","",6,4,4,236,""
2014-12-14,"C6","PR","",6,4,5,239,""
2014-12-14,"C6","PR","",6,4,6,238,""
2014-12-14,"C6","PR","",6,4,7,246,""
2014-12-14,"C6","PR","",6,4,8,242,""
2014-12-14,"C6","PR","",6,4,9,242,""
2014-12-14,"C6","PR","",6,5,1,250,""
2014-12-14,"C6","PR","",6,5,2,,""
2014-12-14,"C6","PR","",6,5,3,,""
2014-12-14,"C6","PR","",6,5,4,235,""
2014-12-14,"C6","PR","",6,5,5,242,""
2014-12-14,"C6","PR","",6,5,6,235,""
2014-12-14,"C6","PR","",6,5,7,237,""
2014-12-14,"C6","PR","",6,5,8,230,""
2014-12-14,"C6","PR","",6,5,9,241,""
2014-12-14,"C6","PR","",6,6,1,,""
2014-12-14,"C6","PR","",6,6,2,,""
2014-12-14,"C6","PR","",6,6,3,,""
2014-12-14,"C6","PR","",6,6,4,,""
2014-12-14,"C6","PR","",6,6,5,,""
2014-12-14,"C6","PR","",6,6,6,,""
2014-12-14,"C6","PR","",6,6,7,240,""
2014-12-14,"C6","PR","",6,6,8,240,""
2014-12-14,"C6","PR","",6,6,9,238,""
2014-12-14,"D5","Pu","",5,1,1,,""
2014-12-14,"D5","Pu","",5,1,2,,""
2014-12-14,"D5","Pu","",5,1,3,258,""
2014-12-14,"D5","Pu","",5,1,4,255,""
2014-12-14,"D5","Pu","",5,1,5,253,""
2014-12-14,"D5","Pu","",5,1,6,262,""
2014-12-14,"D5","Pu","",5,1,7,256,""
2014-12-14,"D5","Pu","",5,1,8,253,""
2014-12-14,"D5","Pu","",5,1,9,258,""
2014-12-14,"D5","Pu","",5,7,1,242,""
2014-12-14,"D5","Pu","",5,7,2,247,""
2014-12-14,"D5","Pu","",5,7,3,254,""
2014-12-14,"D5","Pu","",5,7,4,255,""
2014-12-14,"D5","Pu","",5,7,5,256,""
2014-12-14,"D5","Pu","",5,7,6,253,""
2014-12-14,"D5","Pu","",5,7,7,257,""
2014-12-14,"D5","Pu","",5,7,8,256,""
2014-12-14,"D5","Pu","",5,7,9,255,""
2014-12-14,"D5","Pu","",5,8,1,257,""
2014-12-14,"D5","Pu","",5,8,2,255,""
2014-12-14,"D5","Pu","",5,8,3,263,""
2014-12-14,"D5","Pu","",5,8,4,,""
2014-12-14,"D5","Pu","",5,8,5,254,""
2014-12-14,"D5","Pu","",5,8,6,256,""
2014-12-14,"D5","Pu","",5,8,7,251,""
2014-12-14,"D5","Pu","",5,8,8,256,""
2014-12-14,"D5","Pu","",5,8,9,257,""
2015-07-13,"X2","C","",2,1,1,225,""
2015-07-13,"X2","C","",2,1,2,231,""
2015-07-13,"X2","C","",2,1,3,229,""
2015-07-13,"X2","C","",2,1,4,,""
2015-07-13,"X2","C","",2,1,5,232,""
2015-07-13,"X2","C","",2,1,6,233,""
2015-07-13,"X2","C","",2,1,7,235,""
2015-07-13,"X2","C","",2,1,8,,""
2015-07-13,"X2","C","",2,1,9,237,""
2015-07-13,"X2","C","",2,2,1,226,""
2015-07-13,"X2","C","",2,2,2,227,""
2015-07-13,"X2","C","",2,2,3,224,""
2015-07-13,"X2","C","",2,2,4,,""
2015-07-13,"X2","C","",2,2,5,231,""
2015-07-13,"X2","C","",2,2,6,237,""
2015-07-13,"X2","C","",2,2,7,231,""
2015-07-13,"X2","C","",2,2,8,233,""
2015-07-13,"X2","C","",2,2,9,,""
2015-07-13,"X2","C","",2,8,1,232,""
2015-07-13,"X2","C","",2,8,2,232,""
2015-07-13,"X2","C","",2,8,3,230,""
2015-07-13,"X2","C","",2,8,4,230,""
2015-07-13,"X2","C","",2,8,5,225,""
2015-07-13,"X2","C","",2,8,6,232,""
2015-07-13,"X2","C","",2,8,7,237,""
2015-07-13,"X2","C","",2,8,8,236,""
2015-07-13,"X2","C","",2,8,9,230,""
2015-07-13,"X3","C","",3,1,1,269,""
2015-07-13,"X3","C","",3,1,2,,""
2015-07-13,"X3","C","",3,1,3,,""
2015-07-13,"X3","C","",3,1,4,267,""
2015-07-13,"X3","C","",3,1,5,268,""
2015-07-13,"X3","C","",3,1,6,261,""
2015-07-13,"X3","C","",3,1,7,262,""
2015-07-13,"X3","C","",3,1,8,272,""
2015-07-13,"X3","C","",3,1,9,,""
2015-07-13,"X3","C","",3,2,1,262,""
2015-07-13,"X3","C","",3,2,2,251,""
2015-07-13,"X3","C","",3,2,3,256,""
2015-07-13,"X3","C","",3,2,4,257,""
2015-07-13,"X3","C","",3,2,5,252,""
2015-07-13,"X3","C","",3,2,6,258,""
2015-07-13,"X3","C","",3,2,7,253,""
2015-07-13,"X3","C","",3,2,8,259,""
2015-07-13,"X3","C","",3,2,9,,""
2015-07-13,"X3","C","",3,3,1,258,""
2015-07-13,"X3","C","",3,3,2,257,""
2015-07-13,"X3","C","",3,3,3,256,""
2015-07-13,"X3","C","",3,3,4,257,""
2015-07-13,"X3","C","",3,3,5,251,""
2015-07-13,"X3","C","",3,3,6,255,""
2015-07-13,"X3","C","",3,3,7,252,""
2015-07-13,"X3","C","",3,3,8,261,""
2015-07-13,"X3","C","",3,3,9,254,""
2015-07-13,"X4","C","",4,1,1,264,""
2015-07-13,"X4","C","",4,1,2,264,""
2015-07-13,"X4","C","",4,1,3,265,""
2015-07-13,"X4","C","",4,1,4,,""
2015-07-13,"X4","C","",4,1,5,266,""
2015-07-13,"X4","C","",4,1,6,269,""
2015-07-13,"X4","C","",4,1,7,270,""
2015-07-13,"X4","C","",4,1,8,,""
2015-07-13,"X4","C","",4,1,9,258,""
2015-07-13,"X4","C","",4,2,1,271,""
2015-07-13,"X4","C","",4,2,2,,""
2015-07-13,"X4","C","",4,2,3,269,""
2015-07-13,"X4","C","",4,2,4,272,""
2015-07-13,"X4","C","",4,2,5,,""
2015-07-13,"X4","C","",4,2,6,271,""
2015-07-13,"X4","C","",4,2,7,270,""
2015-07-13,"X4","C","",4,2,8,275,""
2015-07-13,"X4","C","",4,2,9,275,""
2015-07-13,"X4","C","",4,3,1,,""
2015-07-13,"X4","C","",4,3,2,,""
2015-07-13,"X4","C","",4,3,3,276,""
2015-07-13,"X4","C","",4,3,4,269,""
2015-07-13,"X4","C","",4,3,5,266,""
2015-07-13,"X4","C","",4,3,6,271,""
2015-07-13,"X4","C","",4,3,7,268,""
2015-07-13,"X4","C","",4,3,8,,""
2015-07-13,"X4","C","",4,3,9,271,""
2015-07-13,"X6","C","",6,5,1,265,""
2015-07-13,"X6","C","",6,5,2,,""
2015-07-13,"X6","C","",6,5,3,257,""
2015-07-13,"X6","C","",6,5,4,261,""
2015-07-13,"X6","C","",6,5,5,262,""
2015-07-13,"X6","C","",6,5,6,266,""
2015-07-13,"X6","C","",6,5,7,270,""
2015-07-13,"X6","C","",6,5,8,264,""
2015-07-13,"X6","C","",6,5,9,267,""
2015-07-13,"X6","C","",6,6,1,268,""
2015-07-13,"X6","C","",6,6,2,266,""
2015-07-13,"X6","C","",6,6,3,267,""
2015-07-13,"X6","C","",6,6,4,262,""
2015-07-13,"X6","C","",6,6,5,259,""
2015-07-13,"X6","C","",6,6,6,260,""
2015-07-13,"X6","C","",6,6,7,258,""
2015-07-13,"X6","C","",6,6,8,254,""
2015-07-13,"X6","C","",6,6,9,,""
2015-07-13,"X6","C","",6,7,1,,""
2015-07-13,"X6","C","",6,7,2,,""
2015-07-13,"X6","C","",6,7,3,262,""
2015-07-13,"X6","C","",6,7,4,265,""
2015-07-13,"X6","C","",6,7,5,254,""
2015-07-13,"X6","C","",6,7,6,263,""
2015-07-13,"X6","C","",6,7,7,250,""
2015-07-13,"X6","C","",6,7,8,,""
2015-07-13,"X6","C","",6,7,9,262,""
2015-07-13,"B1","CS","",1,1,1,,""
2015-07-13,"B1","CS","",1,1,2,325,""
2015-07-13,"B1","CS","",1,1,3,323,""
2015-07-13,"B1","CS","",1,1,4,322,""
2015-07-13,"B1","CS","",1,1,5,329,""
2015-07-13,"B1","CS","",1,1,6,330,""
2015-07-13,"B1","CS","",1,1,7,324,""
2015-07-13,"B1","CS","",1,1,8,326,""
2015-07-13,"B1","CS","",1,1,9,323,""
2015-07-13,"B1","CS","",1,2,1,,""
2015-07-13,"B1","CS","",1,2,2,333,""
2015-07-13,"B1","CS","",1,2,3,332,""
2015-07-13,"B1","CS","",1,2,4,330,""
2015-07-13,"B1","CS","",1,2,5,,""
2015-07-13,"B1","CS","",1,2,6,331,""
2015-07-13,"B1","CS","",1,2,7,330,""
2015-07-13,"B1","CS","",1,2,8,334,""
2015-07-13,"B1","CS","",1,2,9,328,""
2015-07-13,"B1","CS","",1,3,1,,""
2015-07-13,"B1","CS","",1,3,2,,""
2015-07-13,"B1","CS","",1,3,3,,""
2015-07-13,"B1","CS","",1,3,4,,""
2015-07-13,"B1","CS","",1,3,5,,""
2015-07-13,"B1","CS","",1,3,6,,""
2015-07-13,"B1","CS","",1,3,7,,""
2015-07-13,"B1","CS","",1,3,8,,""
2015-07-13,"B1","CS","",1,3,9,,""
2015-07-13,"B5","CS","",5,3,1,,""
2015-07-13,"B5","CS","",5,3,2,,""
2015-07-13,"B5","CS","",5,3,3,,""
2015-07-13,"B5","CS","",5,3,4,,""
2015-07-13,"B5","CS","",5,3,5,,""
2015-07-13,"B5","CS","",5,3,6,,""
2015-07-13,"B5","CS","",5,3,7,273,""
2015-07-13,"B5","CS","",5,3,8,270,""
2015-07-13,"B5","CS","",5,3,9,276,""
2015-07-13,"B5","CS","",5,4,1,292,""
2015-07-13,"B5","CS","",5,4,2,294,""
2015-07-13,"B5","CS","",5,4,3,290,""
2015-07-13,"B5","CS","",5,4,4,,""
2015-07-13,"B5","CS","",5,4,5,294,""
2015-07-13,"B5","CS","",5,4,6,,""
2015-07-13,"B5","CS","",5,4,7,,""
2015-07-13,"B5","CS","",5,4,8,289,""
2015-07-13,"B5","CS","",5,4,9,,""
2015-07-13,"B5","CS","",5,5,1,262,""
2015-07-13,"B5","CS","",5,5,2,,""
2015-07-13,"B5","CS","",5,5,3,,""
2015-07-13,"B5","CS","",5,5,4,277,""
2015-07-13,"B5","CS","",5,5,5,,""
2015-07-13,"B5","CS","",5,5,6,286,""
2015-07-13,"B5","CS","",5,5,7,296,""
2015-07-13,"B5","CS","",5,5,8,290,""
2015-07-13,"B5","CS","",5,5,9,290,""
2015-07-13,"C2","CS","PR2",3,4,1,260,""
2015-07-13,"C2","CS","PR2",3,4,2,256,""
2015-07-13,"C2","CS","PR2",3,4,3,256,""
2015-07-13,"C2","CS","PR2",3,4,4,256,""
2015-07-13,"C2","CS","PR2",3,4,5,252,""
2015-07-13,"C2","CS","PR2",3,4,6,,""
2015-07-13,"C2","CS","PR2",3,4,7,259,""
2015-07-13,"C2","CS","PR2",3,4,8,255,""
2015-07-13,"C2","CS","PR2",3,4,9,,""
2015-07-13,"C2","CS","PR2",3,5,1,263,""
2015-07-13,"C2","CS","PR2",3,5,2,260,""
2015-07-13,"C2","CS","PR2",3,5,3,270,""
2015-07-13,"C2","CS","PR2",3,5,4,265,""
2015-07-13,"C2","CS","PR2",3,5,5,258,""
2015-07-13,"C2","CS","PR2",3,5,6,262,""
2015-07-13,"C2","CS","PR2",3,5,7,,""
2015-07-13,"C2","CS","PR2",3,5,8,266,""
2015-07-13,"C2","CS","PR2",3,5,9,265,""
2015-07-13,"C2","CS","PR2",3,6,1,,""
2015-07-13,"C2","CS","PR2",3,6,2,,""
2015-07-13,"C2","CS","PR2",3,6,3,,""
2015-07-13,"C2","CS","PR2",3,6,4,245,""
2015-07-13,"C2","CS","PR2",3,6,5,245,""
2015-07-13,"C2","CS","PR2",3,6,6,249,""
2015-07-13,"C2","CS","PR2",3,6,7,255,""
2015-07-13,"C2","CS","PR2",3,6,8,252,""
2015-07-13,"C2","CS","PR2",3,6,9,256,""
2015-07-13,"A2","Fr","",2,1,1,269,""
2015-07-13,"A2","Fr","",2,1,2,265,""
2015-07-13,"A2","Fr","",2,1,3,264,""
2015-07-13,"A2","Fr","",2,1,4,268,""
2015-07-13,"A2","Fr","",2,1,5,268,""
2015-07-13,"A2","Fr","",2,1,6,267,""
2015-07-13,"A2","Fr","",2,1,7,267,""
2015-07-13,"A2","Fr","",2,1,8,258,""
2015-07-13,"A2","Fr","",2,1,9,262,""
2015-07-13,"A2","Fr","",2,7,1,260,""
2015-07-13,"A2","Fr","",2,7,2,261,""
2015-07-13,"A2","Fr","",2,7,3,262,""
2015-07-13,"A2","Fr","",2,7,4,252,""
2015-07-13,"A2","Fr","",2,7,5,272,""
2015-07-13,"A2","Fr","",2,7,6,262,""
2015-07-13,"A2","Fr","",2,7,7,,""
2015-07-13,"A2","Fr","",2,7,8,267,""
2015-07-13,"A2","Fr","",2,7,9,260,""
2015-07-13,"A2","Fr","",2,8,1,,""
2015-07-13,"A2","Fr","",2,8,2,262,""
2015-07-13,"A2","Fr","",2,8,3,270,""
2015-07-13,"A2","Fr","",2,8,4,265,""
2015-07-13,"A2","Fr","",2,8,5,265,""
2015-07-13,"A2","Fr","",2,8,6,259,""
2015-07-13,"A2","Fr","",2,8,7,263,""
2015-07-13,"A2","Fr","",2,8,8,,""
2015-07-13,"A2","Fr","",2,8,9,262,""
2015-07-13,"A3","Fr","",3,1,1,316,""
2015-07-13,"A3","Fr","",3,1,2,316,""
2015-07-13,"A3","Fr","",3,1,3,321,""
2015-07-13,"A3","Fr","",3,1,4,322,""
2015-07-13,"A3","Fr","",3,1,5,322,""
2015-07-13,"A3","Fr","",3,1,6,323,""
2015-07-13,"A3","Fr","",3,1,7,328,""
2015-07-13,"A3","Fr","",3,1,8,318,""
2015-07-13,"A3","Fr","",3,1,9,324,""
2015-07-13,"A3","Fr","",3,7,1,,""
2015-07-13,"A3","Fr","",3,7,2,,""
2015-07-13,"A3","Fr","",3,7,3,282,""
2015-07-13,"A3","Fr","",3,7,4,276,""
2015-07-13,"A3","Fr","",3,7,5,,""
2015-07-13,"A3","Fr","",3,7,6,290,""
2015-07-13,"A3","Fr","",3,7,7,,""
2015-07-13,"A3","Fr","",3,7,8,295,""
2015-07-13,"A3","Fr","",3,7,9,296,""
2015-07-13,"A3","Fr","",3,8,1,302,""
2015-07-13,"A3","Fr","",3,8,2,300,""
2015-07-13,"A3","Fr","",3,8,3,312,""
2015-07-13,"A3","Fr","",3,8,4,313,""
2015-07-13,"A3","Fr","",3,8,5,310,""
2015-07-13,"A3","Fr","",3,8,6,,""
2015-07-13,"A3","Fr","",3,8,7,302,""
2015-07-13,"A3","Fr","",3,8,8,300,""
2015-07-13,"A3","Fr","",3,8,9,,""
2015-07-13,"A5","Fr","",5,5,1,,""
2015-07-13,"A5","Fr","",5,5,2,302,""
2015-07-13,"A5","Fr","",5,5,3,,""
2015-07-13,"A5","Fr","",5,5,4,302,""
2015-07-13,"A5","Fr","",5,5,5,,""
2015-07-13,"A5","Fr","",5,5,6,299,""
2015-07-13,"A5","Fr","",5,5,7,309,""
2015-07-13,"A5","Fr","",5,5,8,309,""
2015-07-13,"A5","Fr","",5,5,9,307,""
2015-07-13,"A5","Fr","",5,6,1,302,""
2015-07-13,"A5","Fr","",5,6,2,306,""
2015-07-13,"A5","Fr","",5,6,3,,""
2015-07-13,"A5","Fr","",5,6,4,299,""
2015-07-13,"A5","Fr","",5,6,5,300,""
2015-07-13,"A5","Fr","",5,6,6,302,""
2015-07-13,"A5","Fr","",5,6,7,304,""
2015-07-13,"A5","Fr","",5,6,8,298,""
2015-07-13,"A5","Fr","",5,6,9,298,""
2015-07-13,"A5","Fr","",5,7,1,,""
2015-07-13,"A5","Fr","",5,7,2,,""
2015-07-13,"A5","Fr","",5,7,3,315,""
2015-07-13,"A5","Fr","",5,7,4,310,""
2015-07-13,"A5","Fr","",5,7,5,310,""
2015-07-13,"A5","Fr","",5,7,6,311,""
2015-07-13,"A5","Fr","",5,7,7,311,""
2015-07-13,"A5","Fr","",5,7,8,308,""
2015-07-13,"A5","Fr","",5,7,9,305,""
2015-07-13,"A6","Fr","",6,3,1,306,""
2015-07-13,"A6","Fr","",6,3,2,309,""
2015-07-13,"A6","Fr","",6,3,3,318,""
2015-07-13,"A6","Fr","",6,3,4,,""
2015-07-13,"A6","Fr","",6,3,5,306,""
2015-07-13,"A6","Fr","",6,3,6,,""
2015-07-13,"A6","Fr","",6,3,7,315,""
2015-07-13,"A6","Fr","",6,3,8,317,""
2015-07-13,"A6","Fr","",6,3,9,304,""
2015-07-13,"A6","Fr","",6,4,1,,""
2015-07-13,"A6","Fr","",6,4,2,295,""
2015-07-13,"A6","Fr","",6,4,3,299,""
2015-07-13,"A6","Fr","",6,4,4,304,""
2015-07-13,"A6","Fr","",6,4,5,306,""
2015-07-13,"A6","Fr","",6,4,6,300,""
2015-07-13,"A6","Fr","",6,4,7,310,""
2015-07-13,"A6","Fr","",6,4,8,300,""
2015-07-13,"A6","Fr","",6,4,9,300,""
2015-07-13,"A6","Fr","",6,5,1,,""
2015-07-13,"A6","Fr","",6,5,2,,""
2015-07-13,"A6","Fr","",6,5,3,307,""
2015-07-13,"A6","Fr","",6,5,4,309,""
2015-07-13,"A6","Fr","",6,5,5,310,""
2015-07-13,"A6","Fr","",6,5,6,306,""
2015-07-13,"A6","Fr","",6,5,7,306,""
2015-07-13,"A6","Fr","",6,5,8,307,""
2015-07-13,"A6","Fr","",6,5,9,,""
2015-07-13,"C1","Fr","PR1",1,6,1,278,""
2015-07-13,"C1","Fr","PR1",1,6,2,273,""
2015-07-13,"C1","Fr","PR1",1,6,3,269,""
2015-07-13,"C1","Fr","PR1",1,6,4,286,""
2015-07-13,"C1","Fr","PR1",1,6,5,,""
2015-07-13,"C1","Fr","PR1",1,6,6,282,""
2015-07-13,"C1","Fr","PR1",1,6,7,287,""
2015-07-13,"C1","Fr","PR1",1,6,8,,""
2015-07-13,"C1","Fr","PR1",1,6,9,286,""
2015-07-13,"C1","Fr","PR1",1,7,1,281,""
2015-07-13,"C1","Fr","PR1",1,7,2,277,""
2015-07-13,"C1","Fr","PR1",1,7,3,281,""
2015-07-13,"C1","Fr","PR1",1,7,4,285,""
2015-07-13,"C1","Fr","PR1",1,7,5,283,""
2015-07-13,"C1","Fr","PR1",1,7,6,283,""
2015-07-13,"C1","Fr","PR1",1,7,7,283,""
2015-07-13,"C1","Fr","PR1",1,7,8,286,""
2015-07-13,"C1","Fr","PR1",1,7,9,,""
2015-07-13,"C1","Fr","PR1",1,8,1,252,""
2015-07-13,"C1","Fr","PR1",1,8,2,254,""
2015-07-13,"C1","Fr","PR1",1,8,3,258,""
2015-07-13,"C1","Fr","PR1",1,8,4,265,""
2015-07-13,"C1","Fr","PR1",1,8,5,270,""
2015-07-13,"C1","Fr","PR1",1,8,6,262,""
2015-07-13,"C1","Fr","PR1",1,8,7,271,""
2015-07-13,"C1","Fr","PR1",1,8,8,,""
2015-07-13,"C1","Fr","PR1",1,8,9,275,""
2015-07-13,"B2","PR","CS2",1,5,1,,""
2015-07-13,"B2","PR","CS2",1,5,2,,""
2015-07-13,"B2","PR","CS2",1,5,3,232,""
2015-07-13,"B2","PR","CS2",1,5,4,234,""
2015-07-13,"B2","PR","CS2",1,5,5,236,""
2015-07-13,"B2","PR","CS2",1,5,6,235,""
2015-07-13,"B2","PR","CS2",1,5,7,232,""
2015-07-13,"B2","PR","CS2",1,5,8,,""
2015-07-13,"B2","PR","CS2",1,5,9,233,""
2015-07-13,"B2","PR","CS2",1,6,1,238,""
2015-07-13,"B2","PR","CS2",1,6,2,245,""
2015-07-13,"B2","PR","CS2",1,6,3,246,""
2015-07-13,"B2","PR","CS2",1,6,4,250,""
2015-07-13,"B2","PR","CS2",1,6,5,247,""
2015-07-13,"B2","PR","CS2",1,6,6,245,""
2015-07-13,"B2","PR","CS2",1,6,7,250,""
2015-07-13,"B2","PR","CS2",1,6,8,249,""
2015-07-13,"B2","PR","CS2",1,6,9,251,""
2015-07-13,"B2","PR","CS2",1,7,1,,""
2015-07-13,"B2","PR","CS2",1,7,2,242,""
2015-07-13,"B2","PR","CS2",1,7,3,245,""
2015-07-13,"B2","PR","CS2",1,7,4,241,""
2015-07-13,"B2","PR","CS2",1,7,5,239,""
2015-07-13,"B2","PR","CS2",1,7,6,248,""
2015-07-13,"B2","PR","CS2",1,7,7,248,""
2015-07-13,"B2","PR","CS2",1,7,8,,""
2015-07-13,"B2","PR","CS2",1,7,9,254,""
2015-07-13,"C4","PR","",4,1,1,,""
2015-07-13,"C4","PR","",4,1,2,,""
2015-07-13,"C4","PR","",4,1,3,,""
2015-07-13,"C4","PR","",4,1,4,205,""
2015-07-13,"C4","PR","",4,1,5,198,""
2015-07-13,"C4","PR","",4,1,6,200,""
2015-07-13,"C4","PR","",4,1,7,,""
2015-07-13,"C4","PR","",4,1,8,,""
2015-07-13,"C4","PR","",4,1,9,210,""
2015-07-13,"C4","PR","",4,7,1,234,""
2015-07-13,"C4","PR","",4,7,2,238,""
2015-07-13,"C4","PR","",4,7,3,239,""
2015-07-13,"C4","PR","",4,7,4,240,""
2015-07-13,"C4","PR","",4,7,5,245,""
2015-07-13,"C4","PR","",4,7,6,244,""
2015-07-13,"C4","PR","",4,7,7,243,""
2015-07-13,"C4","PR","",4,7,8,248,""
2015-07-13,"C4","PR","",4,7,9,247,""
2015-07-13,"C4","PR","",4,8,1,230,""
2015-07-13,"C4","PR","",4,8,2,233,""
2015-07-13,"C4","PR","",4,8,3,231,""
2015-07-13,"C4","PR","",4,8,4,233,""
2015-07-13,"C4","PR","",4,8,5,237,""
2015-07-13,"C4","PR","",4,8,6,237,""
2015-07-13,"C4","PR","",4,8,7,,""
2015-07-13,"C4","PR","",4,8,8,230,""
2015-07-13,"C4","PR","",4,8,9,240,""
2015-07-13,"C6","PR","",6,4,1,238,""
2015-07-13,"C6","PR","",6,4,2,241,""
2015-07-13,"C6","PR","",6,4,3,231,""
2015-07-13,"C6","PR","",6,4,4,232,""
2015-07-13,"C6","PR","",6,4,5,231,""
2015-07-13,"C6","PR","",6,4,6,238,""
2015-07-13,"C6","PR","",6,4,7,243,""
2015-07-13,"C6","PR","",6,4,8,249,""
2015-07-13,"C6","PR","",6,4,9,244,""
2015-07-13,"C6","PR","",6,5,1,242,""
2015-07-13,"C6","PR","",6,5,2,,""
2015-07-13,"C6","PR","",6,5,3,234,""
2015-07-13,"C6","PR","",6,5,4,239,""
2015-07-13,"C6","PR","",6,5,5,234,""
2015-07-13,"C6","PR","",6,5,6,234,""
2015-07-13,"C6","PR","",6,5,7,237,""
2015-07-13,"C6","PR","",6,5,8,235,""
2015-07-13,"C6","PR","",6,5,9,235,""
2015-07-13,"C6","PR","",6,6,1,,""
2015-07-13,"C6","PR","",6,6,2,,""
2015-07-13,"C6","PR","",6,6,3,,""
2015-07-13,"C6","PR","",6,6,4,,""
2015-07-13,"C6","PR","",6,6,5,231,""
2015-07-13,"C6","PR","",6,6,6,234,""
2015-07-13,"C6","PR","",6,6,7,236,""
2015-07-13,"C6","PR","",6,6,8,234,""
2015-07-13,"C6","PR","",6,6,9,,""
2015-07-13,"D5","Pu","",5,1,1,,""
2015-07-13,"D5","Pu","",5,1,2,,""
2015-07-13,"D5","Pu","",5,1,3,263,""
2015-07-13,"D5","Pu","",5,1,4,262,""
2015-07-13,"D5","Pu","",5,1,5,263,""
2015-07-13,"D5","Pu","",5,1,6,261,""
2015-07-13,"D5","Pu","",5,1,7,268,""
2015-07-13,"D5","Pu","",5,1,8,262,""
2015-07-13,"D5","Pu","",5,1,9,,""
2015-07-13,"D5","Pu","",5,7,1,,""
2015-07-13,"D5","Pu","",5,7,2,,""
2015-07-13,"D5","Pu","",5,7,3,,""
2015-07-13,"D5","Pu","",5,7,4,270,""
2015-07-13,"D5","Pu","",5,7,5,268,""
2015-07-13,"D5","Pu","",5,7,6,,""
2015-07-13,"D5","Pu","",5,7,7,262,""
2015-07-13,"D5","Pu","",5,7,8,261,""
2015-07-13,"D5","Pu","",5,7,9,261,""
2015-07-13,"D5","Pu","",5,8,1,256,""
2015-07-13,"D5","Pu","",5,8,2,256,""
2015-07-13,"D5","Pu","",5,8,3,254,""
2015-07-13,"D5","Pu","",5,8,4,,""
2015-07-13,"D5","Pu","",5,8,5,245,""
2015-07-13,"D5","Pu","",5,8,6,249,""
2015-07-13,"D5","Pu","",5,8,7,252,""
2015-07-13,"D5","Pu","",5,8,8,,""
2015-07-13,"D5","Pu","",5,8,9,251,""
2016-01-17,"X2","C","",2,1,1,240,""
2016-01-17,"X2","C","",2,1,2,238,""
2016-01-17,"X2","C","",2,1,3,238,""
2016-01-17,"X2","C","",2,1,4,236,""
2016-01-17,"X2","C","",2,1,5,245,""
2016-01-17,"X2","C","",2,1,6,,""
2016-01-17,"X2","C","",2,1,7,255,""
2016-01-17,"X2","C","",2,1,8,244,""
2016-01-17,"X2","C","",2,1,9,249,""
2016-01-17,"X2","C","",2,2,1,,""
2016-01-17,"X2","C","",2,2,2,,""
2016-01-17,"X2","C","",2,2,3,242,""
2016-01-17,"X2","C","",2,2,4,240,""
2016-01-17,"X2","C","",2,2,5,233,""
2016-01-17,"X2","C","",2,2,6,240,""
2016-01-17,"X2","C","",2,2,7,240,""
2016-01-17,"X2","C","",2,2,8,230,""
2016-01-17,"X2","C","",2,2,9,236,""
2016-01-17,"X2","C","",2,8,1,225,""
2016-01-17,"X2","C","",2,8,2,229,""
2016-01-17,"X2","C","",2,8,3,229,""
2016-01-17,"X2","C","",2,8,4,234,""
2016-01-17,"X2","C","",2,8,5,238,""
2016-01-17,"X2","C","",2,8,6,232,""
2016-01-17,"X2","C","",2,8,7,235,""
2016-01-17,"X2","C","",2,8,8,244,""
2016-01-17,"X2","C","",2,8,9,237,""
2016-01-17,"X3","C","",3,1,1,,""
2016-01-17,"X3","C","",3,1,2,281,""
2016-01-17,"X3","C","",3,1,3,276,""
2016-01-17,"X3","C","",3,1,4,286,""
2016-01-17,"X3","C","",3,1,5,260,""
2016-01-17,"X3","C","",3,1,6,269,""
2016-01-17,"X3","C","",3,1,7,272,""
2016-01-17,"X3","C","",3,1,8,275,""
2016-01-17,"X3","C","",3,1,9,277,""
2016-01-17,"X3","C","",3,2,1,255,""
2016-01-17,"X3","C","",3,2,2,,""
2016-01-17,"X3","C","",3,2,3,,""
2016-01-17,"X3","C","",3,2,4,257,""
2016-01-17,"X3","C","",3,2,5,262,""
2016-01-17,"X3","C","",3,2,6,261,""
2016-01-17,"X3","C","",3,2,7,251,""
2016-01-17,"X3","C","",3,2,8,252,""
2016-01-17,"X3","C","",3,2,9,256,""
2016-01-17,"X3","C","",3,3,1,261,""
2016-01-17,"X3","C","",3,3,2,267,""
2016-01-17,"X3","C","",3,3,3,260,""
2016-01-17,"X3","C","",3,3,4,250,""
2016-01-17,"X3","C","",3,3,5,264,""
2016-01-17,"X3","C","",3,3,6,256,""
2016-01-17,"X3","C","",3,3,7,262,""
2016-01-17,"X3","C","",3,3,8,260,""
2016-01-17,"X3","C","",3,3,9,,""
2016-01-17,"X4","C","",4,1,1,271,""
2016-01-17,"X4","C","",4,1,2,269,""
2016-01-17,"X4","C","",4,1,3,272,""
2016-01-17,"X4","C","",4,1,4,265,""
2016-01-17,"X4","C","",4,1,5,269,""
2016-01-17,"X4","C","",4,1,6,268,""
2016-01-17,"X4","C","",4,1,7,276,""
2016-01-17,"X4","C","",4,1,8,277,""
2016-01-17,"X4","C","",4,1,9,272,""
2016-01-17,"X4","C","",4,2,1,262,""
2016-01-17,"X4","C","",4,2,2,272,""
2016-01-17,"X4","C","",4,2,3,276,""
2016-01-17,"X4","C","",4,2,4,278,""
2016-01-17,"X4","C","",4,2,5,,""
2016-01-17,"X4","C","",4,2,6,277,""
2016-01-17,"X4","C","",4,2,7,268,""
2016-01-17,"X4","C","",4,2,8,275,""
2016-01-17,"X4","C","",4,2,9,278,""
2016-01-17,"X4","C","",4,3,1,,""
2016-01-17,"X4","C","",4,3,2,276,""
2016-01-17,"X4","C","",4,3,3,276,""
2016-01-17,"X4","C","",4,3,4,286,""
2016-01-17,"X4","C","",4,3,5,285,""
2016-01-17,"X4","C","",4,3,6,284,""
2016-01-17,"X4","C","",4,3,7,283,""
2016-01-17,"X4","C","",4,3,8,291,""
2016-01-17,"X4","C","",4,3,9,290,""
2016-01-17,"X6","C","",6,5,1,266,""
2016-01-17,"X6","C","",6,5,2,278,""
2016-01-17,"X6","C","",6,5,3,274,""
2016-01-17,"X6","C","",6,5,4,274,""
2016-01-17,"X6","C","",6,5,5,269,""
2016-01-17,"X6","C","",6,5,6,284,""
2016-01-17,"X6","C","",6,5,7,286,""
2016-01-17,"X6","C","",6,5,8,288,""
2016-01-17,"X6","C","",6,5,9,,""
2016-01-17,"X6","C","",6,6,1,261,""
2016-01-17,"X6","C","",6,6,2,263,""
2016-01-17,"X6","C","",6,6,3,266,""
2016-01-17,"X6","C","",6,6,4,265,""
2016-01-17,"X6","C","",6,6,5,257,""
2016-01-17,"X6","C","",6,6,6,262,""
2016-01-17,"X6","C","",6,6,7,261,""
2016-01-17,"X6","C","",6,6,8,256,""
2016-01-17,"X6","C","",6,6,9,,""
2016-01-17,"X6","C","",6,7,1,,""
2016-01-17,"X6","C","",6,7,2,272,""
2016-01-17,"X6","C","",6,7,3,270,""
2016-01-17,"X6","C","",6,7,4,261,""
2016-01-17,"X6","C","",6,7,5,262,""
2016-01-17,"X6","C","",6,7,6,,""
2016-01-17,"X6","C","",6,7,7,267,""
2016-01-17,"X6","C","",6,7,8,271,""
2016-01-17,"X6","C","",6,7,9,266,""
2016-01-17,"B1","CS","",1,1,1,330,""
2016-01-17,"B1","CS","",1,1,2,333,""
2016-01-17,"B1","CS","",1,1,3,331,""
2016-01-17,"B1","CS","",1,1,4,337,""
2016-01-17,"B1","CS","",1,1,5,335,""
2016-01-17,"B1","CS","",1,1,6,336,""
2016-01-17,"B1","CS","",1,1,7,331,""
2016-01-17,"B1","CS","",1,1,8,330,""
2016-01-17,"B1","CS","",1,1,9,,""
2016-01-17,"B1","CS","",1,2,1,,""
2016-01-17,"B1","CS","",1,2,2,,""
2016-01-17,"B1","CS","",1,2,3,342,""
2016-01-17,"B1","CS","",1,2,4,341,""
2016-01-17,"B1","CS","",1,2,5,339,""
2016-01-17,"B1","CS","",1,2,6,338,""
2016-01-17,"B1","CS","",1,2,7,340,""
2016-01-17,"B1","CS","",1,2,8,332,""
2016-01-17,"B1","CS","",1,2,9,,""
2016-01-17,"B1","CS","",1,3,1,,""
2016-01-17,"B1","CS","",1,3,2,,""
2016-01-17,"B1","CS","",1,3,3,,""
2016-01-17,"B1","CS","",1,3,4,,""
2016-01-17,"B1","CS","",1,3,5,,""
2016-01-17,"B1","CS","",1,3,6,,""
2016-01-17,"B1","CS","",1,3,7,,""
2016-01-17,"B1","CS","",1,3,8,,""
2016-01-17,"B1","CS","",1,3,9,,""
2016-01-17,"B5","CS","",5,3,1,,""
2016-01-17,"B5","CS","",5,3,2,,""
2016-01-17,"B5","CS","",5,3,3,,""
2016-01-17,"B5","CS","",5,3,4,276,""
2016-01-17,"B5","CS","",5,3,5,283,""
2016-01-17,"B5","CS","",5,3,6,295,""
2016-01-17,"B5","CS","",5,3,7,286,""
2016-01-17,"B5","CS","",5,3,8,292,""
2016-01-17,"B5","CS","",5,3,9,288,""
2016-01-17,"B5","CS","",5,4,1,299,""
2016-01-17,"B5","CS","",5,4,2,,""
2016-01-17,"B5","CS","",5,4,3,301,""
2016-01-17,"B5","CS","",5,4,4,,""
2016-01-17,"B5","CS","",5,4,5,311,""
2016-01-17,"B5","CS","",5,4,6,303,""
2016-01-17,"B5","CS","",5,4,7,311,""
2016-01-17,"B5","CS","",5,4,8,311,""
2016-01-17,"B5","CS","",5,4,9,315,""
2016-01-17,"B5","CS","",5,5,1,,""
2016-01-17,"B5","CS","",5,5,2,,""
2016-01-17,"B5","CS","",5,5,3,285,""
2016-01-17,"B5","CS","",5,5,4,295,""
2016-01-17,"B5","CS","",5,5,5,287,""
2016-01-17,"B5","CS","",5,5,6,292,""
2016-01-17,"B5","CS","",5,5,7,295,""
2016-01-17,"B5","CS","",5,5,8,292,""
2016-01-17,"B5","CS","",5,5,9,298,""
2016-01-17,"C2","CS","PR2",3,4,1,,""
2016-01-17,"C2","CS","PR2",3,4,2,,""
2016-01-17,"C2","CS","PR2",3,4,3,250,""
2016-01-17,"C2","CS","PR2",3,4,4,264,""
2016-01-17,"C2","CS","PR2",3,4,5,269,""
2016-01-17,"C2","CS","PR2",3,4,6,,""
2016-01-17,"C2","CS","PR2",3,4,7,266,""
2016-01-17,"C2","CS","PR2",3,4,8,255,""
2016-01-17,"C2","CS","PR2",3,4,9,264,""
2016-01-17,"C2","CS","PR2",3,5,1,271,""
2016-01-17,"C2","CS","PR2",3,5,2,270,""
2016-01-17,"C2","CS","PR2",3,5,3,271,""
2016-01-17,"C2","CS","PR2",3,5,4,278,""
2016-01-17,"C2","CS","PR2",3,5,5,279,""
2016-01-17,"C2","CS","PR2",3,5,6,277,""
2016-01-17,"C2","CS","PR2",3,5,7,,""
2016-01-17,"C2","CS","PR2",3,5,8,265,""
2016-01-17,"C2","CS","PR2",3,5,9,268,""
2016-01-17,"C2","CS","PR2",3,6,1,,""
2016-01-17,"C2","CS","PR2",3,6,2,,""
2016-01-17,"C2","CS","PR2",3,6,3,235,""
2016-01-17,"C2","CS","PR2",3,6,4,,""
2016-01-17,"C2","CS","PR2",3,6,5,248,""
2016-01-17,"C2","CS","PR2",3,6,6,250,""
2016-01-17,"C2","CS","PR2",3,6,7,,""
2016-01-17,"C2","CS","PR2",3,6,8,252,""
2016-01-17,"C2","CS","PR2",3,6,9,258,""
2016-01-17,"A2","Fr","",2,1,1,276,""
2016-01-17,"A2","Fr","",2,1,2,273,""
2016-01-17,"A2","Fr","",2,1,3,279,""
2016-01-17,"A2","Fr","",2,1,4,279,""
2016-01-17,"A2","Fr","",2,1,5,274,""
2016-01-17,"A2","Fr","",2,1,6,281,""
2016-01-17,"A2","Fr","",2,1,7,271,""
2016-01-17,"A2","Fr","",2,1,8,272,""
2016-01-17,"A2","Fr","",2,1,9,274,""
2016-01-17,"A2","Fr","",2,7,1,271,""
2016-01-17,"A2","Fr","",2,7,2,269,""
2016-01-17,"A2","Fr","",2,7,3,276,""
2016-01-17,"A2","Fr","",2,7,4,272,""
2016-01-17,"A2","Fr","",2,7,5,271,""
2016-01-17,"A2","Fr","",2,7,6,274,""
2016-01-17,"A2","Fr","",2,7,7,281,""
2016-01-17,"A2","Fr","",2,7,8,278,""
2016-01-17,"A2","Fr","",2,7,9,,""
2016-01-17,"A2","Fr","",2,8,1,,""
2016-01-17,"A2","Fr","",2,8,2,265,""
2016-01-17,"A2","Fr","",2,8,3,273,""
2016-01-17,"A2","Fr","",2,8,4,275,""
2016-01-17,"A2","Fr","",2,8,5,269,""
2016-01-17,"A2","Fr","",2,8,6,280,""
2016-01-17,"A2","Fr","",2,8,7,273,""
2016-01-17,"A2","Fr","",2,8,8,275,""
2016-01-17,"A2","Fr","",2,8,9,265,""
2016-01-17,"A3","Fr","",3,1,1,328,""
2016-01-17,"A3","Fr","",3,1,2,321,""
2016-01-17,"A3","Fr","",3,1,3,325,""
2016-01-17,"A3","Fr","",3,1,4,322,""
2016-01-17,"A3","Fr","",3,1,5,318,""
2016-01-17,"A3","Fr","",3,1,6,,""
2016-01-17,"A3","Fr","",3,1,7,327,""
2016-01-17,"A3","Fr","",3,1,8,324,""
2016-01-17,"A3","Fr","",3,1,9,323,""
2016-01-17,"A3","Fr","",3,7,1,,""
2016-01-17,"A3","Fr","",3,7,2,,""
2016-01-17,"A3","Fr","",3,7,3,294,""
2016-01-17,"A3","Fr","",3,7,4,301,""
2016-01-17,"A3","Fr","",3,7,5,291,""
2016-01-17,"A3","Fr","",3,7,6,293,""
2016-01-17,"A3","Fr","",3,7,7,,""
2016-01-17,"A3","Fr","",3,7,8,305,""
2016-01-17,"A3","Fr","",3,7,9,296,""
2016-01-17,"A3","Fr","",3,8,1,318,""
2016-01-17,"A3","Fr","",3,8,2,323,""
2016-01-17,"A3","Fr","",3,8,3,317,""
2016-01-17,"A3","Fr","",3,8,4,326,""
2016-01-17,"A3","Fr","",3,8,5,322,""
2016-01-17,"A3","Fr","",3,8,6,320,""
2016-01-17,"A3","Fr","",3,8,7,324,""
2016-01-17,"A3","Fr","",3,8,8,321,""
2016-01-17,"A3","Fr","",3,8,9,320,""
2016-01-17,"A5","Fr","",5,5,1,,""
2016-01-17,"A5","Fr","",5,5,2,,""
2016-01-17,"A5","Fr","",5,5,3,305,""
2016-01-17,"A5","Fr","",5,5,4,305,""
2016-01-17,"A5","Fr","",5,5,5,304,""
2016-01-17,"A5","Fr","",5,5,6,307,""
2016-01-17,"A5","Fr","",5,5,7,306,""
2016-01-17,"A5","Fr","",5,5,8,306,""
2016-01-17,"A5","Fr","",5,5,9,304,""
2016-01-17,"A5","Fr","",5,6,1,314,""
2016-01-17,"A5","Fr","",5,6,2,319,""
2016-01-17,"A5","Fr","",5,6,3,312,""
2016-01-17,"A5","Fr","",5,6,4,,""
2016-01-17,"A5","Fr","",5,6,5,318,""
2016-01-17,"A5","Fr","",5,6,6,314,""
2016-01-17,"A5","Fr","",5,6,7,320,""
2016-01-17,"A5","Fr","",5,6,8,322,""
2016-01-17,"A5","Fr","",5,6,9,322,""
2016-01-17,"A5","Fr","",5,7,1,,""
2016-01-17,"A5","Fr","",5,7,2,307,""
2016-01-17,"A5","Fr","",5,7,3,309,""
2016-01-17,"A5","Fr","",5,7,4,312,""
2016-01-17,"A5","Fr","",5,7,5,306,""
2016-01-17,"A5","Fr","",5,7,6,307,""
2016-01-17,"A5","Fr","",5,7,7,312,""
2016-01-17,"A5","Fr","",5,7,8,311,""
2016-01-17,"A5","Fr","",5,7,9,,""
2016-01-17,"A6","Fr","",6,3,1,,""
2016-01-17,"A6","Fr","",6,3,2,309,""
2016-01-17,"A6","Fr","",6,3,3,310,""
2016-01-17,"A6","Fr","",6,3,4,300,""
2016-01-17,"A6","Fr","",6,3,5,310,""
2016-01-17,"A6","Fr","",6,3,6,320,""
2016-01-17,"A6","Fr","",6,3,7,,""
2016-01-17,"A6","Fr","",6,3,8,314,""
2016-01-17,"A6","Fr","",6,3,9,310,""
2016-01-17,"A6","Fr","",6,4,1,,""
2016-01-17,"A6","Fr","",6,4,2,322,""
2016-01-17,"A6","Fr","",6,4,3,,""
2016-01-17,"A6","Fr","",6,4,4,,""
2016-01-17,"A6","Fr","",6,4,5,,""
2016-01-17,"A6","Fr","",6,4,6,309,""
2016-01-17,"A6","Fr","",6,4,7,317,""
2016-01-17,"A6","Fr","",6,4,8,320,""
2016-01-17,"A6","Fr","",6,4,9,301,""
2016-01-17,"A6","Fr","",6,5,1,,""
2016-01-17,"A6","Fr","",6,5,2,311,""
2016-01-17,"A6","Fr","",6,5,3,309,""
2016-01-17,"A6","Fr","",6,5,4,,""
2016-01-17,"A6","Fr","",6,5,5,312,""
2016-01-17,"A6","Fr","",6,5,6,312,""
2016-01-17,"A6","Fr","",6,5,7,308,""
2016-01-17,"A6","Fr","",6,5,8,314,""
2016-01-17,"A6","Fr","",6,5,9,309,""
2016-01-17,"C1","Fr","PR1",1,6,1,277,""
2016-01-17,"C1","Fr","PR1",1,6,2,272,""
2016-01-17,"C1","Fr","PR1",1,6,3,,""
2016-01-17,"C1","Fr","PR1",1,6,4,285,""
2016-01-17,"C1","Fr","PR1",1,6,5,,""
2016-01-17,"C1","Fr","PR1",1,6,6,294,""
2016-01-17,"C1","Fr","PR1",1,6,7,284,""
2016-01-17,"C1","Fr","PR1",1,6,8,291,""
2016-01-17,"C1","Fr","PR1",1,6,9,287,""
2016-01-17,"C1","Fr","PR1",1,7,1,,""
2016-01-17,"C1","Fr","PR1",1,7,2,277,""
2016-01-17,"C1","Fr","PR1",1,7,3,282,""
2016-01-17,"C1","Fr","PR1",1,7,4,,""
2016-01-17,"C1","Fr","PR1",1,7,5,,""
2016-01-17,"C1","Fr","PR1",1,7,6,,""
2016-01-17,"C1","Fr","PR1",1,7,7,289,""
2016-01-17,"C1","Fr","PR1",1,7,8,291,""
2016-01-17,"C1","Fr","PR1",1,7,9,292,""
2016-01-17,"C1","Fr","PR1",1,8,1,,""
2016-01-17,"C1","Fr","PR1",1,8,2,286,""
2016-01-17,"C1","Fr","PR1",1,8,3,278,""
2016-01-17,"C1","Fr","PR1",1,8,4,272,""
2016-01-17,"C1","Fr","PR1",1,8,5,278,""
2016-01-17,"C1","Fr","PR1",1,8,6,,""
2016-01-17,"C1","Fr","PR1",1,8,7,276,""
2016-01-17,"C1","Fr","PR1",1,8,8,,""
2016-01-17,"C1","Fr","PR1",1,8,9,276,""
2016-01-17,"B2","PR","CS2",1,5,1,,""
2016-01-17,"B2","PR","CS2",1,5,2,,""
2016-01-17,"B2","PR","CS2",1,5,3,255,""
2016-01-17,"B2","PR","CS2",1,5,4,244,""
2016-01-17,"B2","PR","CS2",1,5,5,246,""
2016-01-17,"B2","PR","CS2",1,5,6,255,""
2016-01-17,"B2","PR","CS2",1,5,7,250,""
2016-01-17,"B2","PR","CS2",1,5,8,254,""
2016-01-17,"B2","PR","CS2",1,5,9,242,""
2016-01-17,"B2","PR","CS2",1,6,1,234,""
2016-01-17,"B2","PR","CS2",1,6,2,235,""
2016-01-17,"B2","PR","CS2",1,6,3,241,""
2016-01-17,"B2","PR","CS2",1,6,4,244,""
2016-01-17,"B2","PR","CS2",1,6,5,245,""
2016-01-17,"B2","PR","CS2",1,6,6,244,""
2016-01-17,"B2","PR","CS2",1,6,7,252,""
2016-01-17,"B2","PR","CS2",1,6,8,248,""
2016-01-17,"B2","PR","CS2",1,6,9,245,""
2016-01-17,"B2","PR","CS2",1,7,1,,""
2016-01-17,"B2","PR","CS2",1,7,2,,""
2016-01-17,"B2","PR","CS2",1,7,3,257,""
2016-01-17,"B2","PR","CS2",1,7,4,261,""
2016-01-17,"B2","PR","CS2",1,7,5,255,""
2016-01-17,"B2","PR","CS2",1,7,6,256,""
2016-01-17,"B2","PR","CS2",1,7,7,256,""
2016-01-17,"B2","PR","CS2",1,7,8,258,""
2016-01-17,"B2","PR","CS2",1,7,9,,""
2016-01-17,"C4","PR","",4,1,1,,""
2016-01-17,"C4","PR","",4,1,2,,""
2016-01-17,"C4","PR","",4,1,3,,""
2016-01-17,"C4","PR","",4,1,4,196,""
2016-01-17,"C4","PR","",4,1,5,210,""
2016-01-17,"C4","PR","",4,1,6,,""
2016-01-17,"C4","PR","",4,1,7,222,""
2016-01-17,"C4","PR","",4,1,8,224,""
2016-01-17,"C4","PR","",4,1,9,200,""
2016-01-17,"C4","PR","",4,7,1,239,""
2016-01-17,"C4","PR","",4,7,2,222,""
2016-01-17,"C4","PR","",4,7,3,236,""
2016-01-17,"C4","PR","",4,7,4,232,""
2016-01-17,"C4","PR","",4,7,5,240,""
2016-01-17,"C4","PR","",4,7,6,239,""
2016-01-17,"C4","PR","",4,7,7,240,""
2016-01-17,"C4","PR","",4,7,8,244,""
2016-01-17,"C4","PR","",4,7,9,246,""
2016-01-17,"C4","PR","",4,8,1,234,""
2016-01-17,"C4","PR","",4,8,2,238,""
2016-01-17,"C4","PR","",4,8,3,235,""
2016-01-17,"C4","PR","",4,8,4,240,""
2016-01-17,"C4","PR","",4,8,5,242,""
2016-01-17,"C4","PR","",4,8,6,236,""
2016-01-17,"C4","PR","",4,8,7,238,""
2016-01-17,"C4","PR","",4,8,8,238,""
2016-01-17,"C4","PR","",4,8,9,240,""
2016-01-17,"C6","PR","",6,4,1,242,""
2016-01-17,"C6","PR","",6,4,2,236,""
2016-01-17,"C6","PR","",6,4,3,239,""
2016-01-17,"C6","PR","",6,4,4,239,""
2016-01-17,"C6","PR","",6,4,5,239,""
2016-01-17,"C6","PR","",6,4,6,242,""
2016-01-17,"C6","PR","",6,4,7,244,""
2016-01-17,"C6","PR","",6,4,8,,""
2016-01-17,"C6","PR","",6,4,9,243,""
2016-01-17,"C6","PR","",6,5,1,245,""
2016-01-17,"C6","PR","",6,5,2,242,""
2016-01-17,"C6","PR","",6,5,3,237,""
2016-01-17,"C6","PR","",6,5,4,240,""
2016-01-17,"C6","PR","",6,5,5,241,""
2016-01-17,"C6","PR","",6,5,6,246,""
2016-01-17,"C6","PR","",6,5,7,243,""
2016-01-17,"C6","PR","",6,5,8,242,""
2016-01-17,"C6","PR","",6,5,9,236,""
2016-01-17,"C6","PR","",6,6,1,,""
2016-01-17,"C6","PR","",6,6,2,,""
2016-01-17,"C6","PR","",6,6,3,,""
2016-01-17,"C6","PR","",6,6,4,,""
2016-01-17,"C6","PR","",6,6,5,,""
2016-01-17,"C6","PR","",6,6,6,226,""
2016-01-17,"C6","PR","",6,6,7,232,""
2016-01-17,"C6","PR","",6,6,8,230,""
2016-01-17,"C6","PR","",6,6,9,227,""
2016-01-17,"D5","Pu","",5,1,1,,""
2016-01-17,"D5","Pu","",5,1,2,,""
2016-01-17,"D5","Pu","",5,1,3,269,""
2016-01-17,"D5","Pu","",5,1,4,279,""
2016-01-17,"D5","Pu","",5,1,5,273,""
2016-01-17,"D5","Pu","",5,1,6,274,""
2016-01-17,"D5","Pu","",5,1,7,275,""
2016-01-17,"D5","Pu","",5,1,8,,""
2016-01-17,"D5","Pu","",5,1,9,274,""
2016-01-17,"D5","Pu","",5,7,1,,""
2016-01-17,"D5","Pu","",5,7,2,,""
2016-01-17,"D5","Pu","",5,7,3,,""
2016-01-17,"D5","Pu","",5,7,4,262,""
2016-01-17,"D5","Pu","",5,7,5,261,""
2016-01-17,"D5","Pu","",5,7,6,266,""
2016-01-17,"D5","Pu","",5,7,7,267,""
2016-01-17,"D5","Pu","",5,7,8,269,""
2016-01-17,"D5","Pu","",5,7,9,267,""
2016-01-17,"D5","Pu","",5,8,1,264,""
2016-01-17,"D5","Pu","",5,8,2,263,""
2016-01-17,"D5","Pu","",5,8,3,,""
2016-01-17,"D5","Pu","",5,8,4,271,""
2016-01-17,"D5","Pu","",5,8,5,266,""
2016-01-17,"D5","Pu","",5,8,6,262,""
2016-01-17,"D5","Pu","",5,8,7,260,""
2016-01-17,"D5","Pu","",5,8,8,263,""
2016-01-17,"D5","Pu","",5,8,9,267,""
2016-07-11,"X2","C","",2,1,1,232,""
2016-07-11,"X2","C","",2,1,2,230,""
2016-07-11,"X2","C","",2,1,3,228,""
2016-07-11,"X2","C","",2,1,4,235,""
2016-07-11,"X2","C","",2,1,5,230,""
2016-07-11,"X2","C","",2,1,6,232,""
2016-07-11,"X2","C","",2,1,7,235,""
2016-07-11,"X2","C","",2,1,8,226,""
2016-07-11,"X2","C","",2,1,9,235,""
2016-07-11,"X2","C","",2,2,1,226,""
2016-07-11,"X2","C","",2,2,2,,""
2016-07-11,"X2","C","",2,2,3,226,""
2016-07-11,"X2","C","",2,2,4,225,""
2016-07-11,"X2","C","",2,2,5,225,""
2016-07-11,"X2","C","",2,2,6,225,""
2016-07-11,"X2","C","",2,2,7,230,""
2016-07-11,"X2","C","",2,2,8,230,""
2016-07-11,"X2","C","",2,2,9,230,""
2016-07-11,"X2","C","",2,8,1,,""
2016-07-11,"X2","C","",2,8,2,226,""
2016-07-11,"X2","C","",2,8,3,227,""
2016-07-11,"X2","C","",2,8,4,231,""
2016-07-11,"X2","C","",2,8,5,233,""
2016-07-11,"X2","C","",2,8,6,235,""
2016-07-11,"X2","C","",2,8,7,240,""
2016-07-11,"X2","C","",2,8,8,235,""
2016-07-11,"X2","C","",2,8,9,240,""
2016-07-11,"X3","C","",3,1,1,290,""
2016-07-11,"X3","C","",3,1,2,289,""
2016-07-11,"X3","C","",3,1,3,,""
2016-07-11,"X3","C","",3,1,4,281,""
2016-07-11,"X3","C","",3,1,5,276,""
2016-07-11,"X3","C","",3,1,6,278,""
2016-07-11,"X3","C","",3,1,7,280,""
2016-07-11,"X3","C","",3,1,8,278,""
2016-07-11,"X3","C","",3,1,9,,""
2016-07-11,"X3","C","",3,2,1,278,""
2016-07-11,"X3","C","",3,2,2,271,""
2016-07-11,"X3","C","",3,2,3,277,""
2016-07-11,"X3","C","",3,2,4,282,""
2016-07-11,"X3","C","",3,2,5,272,""
2016-07-11,"X3","C","",3,2,6,274,""
2016-07-11,"X3","C","",3,2,7,278,""
2016-07-11,"X3","C","",3,2,8,277,""
2016-07-11,"X3","C","",3,2,9,279,""
2016-07-11,"X3","C","",3,3,1,264,""
2016-07-11,"X3","C","",3,3,2,261,""
2016-07-11,"X3","C","",3,3,3,262,""
2016-07-11,"X3","C","",3,3,4,268,""
2016-07-11,"X3","C","",3,3,5,266,""
2016-07-11,"X3","C","",3,3,6,265,""
2016-07-11,"X3","C","",3,3,7,273,""
2016-07-11,"X3","C","",3,3,8,275,""
2016-07-11,"X3","C","",3,3,9,270,""
2016-07-11,"X4","C","",4,1,1,262,""
2016-07-11,"X4","C","",4,1,2,264,""
2016-07-11,"X4","C","",4,1,3,262,""
2016-07-11,"X4","C","",4,1,4,265,""
2016-07-11,"X4","C","",4,1,5,262,""
2016-07-11,"X4","C","",4,1,6,,""
2016-07-11,"X4","C","",4,1,7,264,""
2016-07-11,"X4","C","",4,1,8,253,""
2016-07-11,"X4","C","",4,1,9,258,""
2016-07-11,"X4","C","",4,2,1,262,""
2016-07-11,"X4","C","",4,2,2,262,""
2016-07-11,"X4","C","",4,2,3,265,""
2016-07-11,"X4","C","",4,2,4,270,""
2016-07-11,"X4","C","",4,2,5,263,""
2016-07-11,"X4","C","",4,2,6,269,""
2016-07-11,"X4","C","",4,2,7,270,""
2016-07-11,"X4","C","",4,2,8,,""
2016-07-11,"X4","C","",4,2,9,265,""
2016-07-11,"X4","C","",4,3,1,,""
2016-07-11,"X4","C","",4,3,2,,""
2016-07-11,"X4","C","",4,3,3,,""
2016-07-11,"X4","C","",4,3,4,285,""
2016-07-11,"X4","C","",4,3,5,280,""
2016-07-11,"X4","C","",4,3,6,,""
2016-07-11,"X4","C","",4,3,7,281,""
2016-07-11,"X4","C","",4,3,8,277,""
2016-07-11,"X4","C","",4,3,9,272,""
2016-07-11,"X6","C","",6,5,1,265,""
2016-07-11,"X6","C","",6,5,2,266,""
2016-07-11,"X6","C","",6,5,3,268,""
2016-07-11,"X6","C","",6,5,4,265,""
2016-07-11,"X6","C","",6,5,5,258,""
2016-07-11,"X6","C","",6,5,6,266,""
2016-07-11,"X6","C","",6,5,7,274,""
2016-07-11,"X6","C","",6,5,8,274,""
2016-07-11,"X6","C","",6,5,9,272,""
2016-07-11,"X6","C","",6,6,1,270,""
2016-07-11,"X6","C","",6,6,2,274,""
2016-07-11,"X6","C","",6,6,3,264,""
2016-07-11,"X6","C","",6,6,4,268,""
2016-07-11,"X6","C","",6,6,5,266,""
2016-07-11,"X6","C","",6,6,6,260,""
2016-07-11,"X6","C","",6,6,7,260,""
2016-07-11,"X6","C","",6,6,8,257,""
2016-07-11,"X6","C","",6,6,9,263,""
2016-07-11,"X6","C","",6,7,1,,""
2016-07-11,"X6","C","",6,7,2,,""
2016-07-11,"X6","C","",6,7,3,,""
2016-07-11,"X6","C","",6,7,4,248,""
2016-07-11,"X6","C","",6,7,5,251,""
2016-07-11,"X6","C","",6,7,6,246,""
2016-07-11,"X6","C","",6,7,7,250,""
2016-07-11,"X6","C","",6,7,8,254,""
2016-07-11,"X6","C","",6,7,9,261,""
2016-07-11,"B1","CS","",1,1,1,335,""
2016-07-11,"B1","CS","",1,1,2,330,""
2016-07-11,"B1","CS","",1,1,3,330,""
2016-07-11,"B1","CS","",1,1,4,329,""
2016-07-11,"B1","CS","",1,1,5,328,""
2016-07-11,"B1","CS","",1,1,6,325,""
2016-07-11,"B1","CS","",1,1,7,328,""
2016-07-11,"B1","CS","",1,1,8,324,""
2016-07-11,"B1","CS","",1,1,9,331,""
2016-07-11,"B1","CS","",1,2,1,,""
2016-07-11,"B1","CS","",1,2,2,,""
2016-07-11,"B1","CS","",1,2,3,,""
2016-07-11,"B1","CS","",1,2,4,340,""
2016-07-11,"B1","CS","",1,2,5,338,""
2016-07-11,"B1","CS","",1,2,6,339,""
2016-07-11,"B1","CS","",1,2,7,340,""
2016-07-11,"B1","CS","",1,2,8,341,""
2016-07-11,"B1","CS","",1,2,9,340,""
2016-07-11,"B1","CS","",1,3,1,,""
2016-07-11,"B1","CS","",1,3,2,,""
2016-07-11,"B1","CS","",1,3,3,,""
2016-07-11,"B1","CS","",1,3,4,,""
2016-07-11,"B1","CS","",1,3,5,,""
2016-07-11,"B1","CS","",1,3,6,,""
2016-07-11,"B1","CS","",1,3,7,,""
2016-07-11,"B1","CS","",1,3,8,,""
2016-07-11,"B1","CS","",1,3,9,,""
2016-07-11,"B5","CS","",5,3,1,,""
2016-07-11,"B5","CS","",5,3,2,,""
2016-07-11,"B5","CS","",5,3,3,,""
2016-07-11,"B5","CS","",5,3,4,321,""
2016-07-11,"B5","CS","",5,3,5,317,""
2016-07-11,"B5","CS","",5,3,6,316,""
2016-07-11,"B5","CS","",5,3,7,307,""
2016-07-11,"B5","CS","",5,3,8,,""
2016-07-11,"B5","CS","",5,3,9,304,""
2016-07-11,"B5","CS","",5,4,1,286,""
2016-07-11,"B5","CS","",5,4,2,292,""
2016-07-11,"B5","CS","",5,4,3,291,""
2016-07-11,"B5","CS","",5,4,4,298,""
2016-07-11,"B5","CS","",5,4,5,290,""
2016-07-11,"B5","CS","",5,4,6,,""
2016-07-11,"B5","CS","",5,4,7,292,""
2016-07-11,"B5","CS","",5,4,8,292,""
2016-07-11,"B5","CS","",5,4,9,285,""
2016-07-11,"B5","CS","",5,5,1,272,""
2016-07-11,"B5","CS","",5,5,2,276,""
2016-07-11,"B5","CS","",5,5,3,284,""
2016-07-11,"B5","CS","",5,5,4,286,""
2016-07-11,"B5","CS","",5,5,5,288,""
2016-07-11,"B5","CS","",5,5,6,290,""
2016-07-11,"B5","CS","",5,5,7,293,""
2016-07-11,"B5","CS","",5,5,8,292,""
2016-07-11,"B5","CS","",5,5,9,,""
2016-07-11,"C2","CS","PR2",3,4,1,,""
2016-07-11,"C2","CS","PR2",3,4,2,273,""
2016-07-11,"C2","CS","PR2",3,4,3,271,""
2016-07-11,"C2","CS","PR2",3,4,4,269,""
2016-07-11,"C2","CS","PR2",3,4,5,269,""
2016-07-11,"C2","CS","PR2",3,4,6,271,""
2016-07-11,"C2","CS","PR2",3,4,7,269,""
2016-07-11,"C2","CS","PR2",3,4,8,268,""
2016-07-11,"C2","CS","PR2",3,4,9,276,""
2016-07-11,"C2","CS","PR2",3,5,1,270,""
2016-07-11,"C2","CS","PR2",3,5,2,267,""
2016-07-11,"C2","CS","PR2",3,5,3,272,""
2016-07-11,"C2","CS","PR2",3,5,4,281,""
2016-07-11,"C2","CS","PR2",3,5,5,275,""
2016-07-11,"C2","CS","PR2",3,5,6,275,""
2016-07-11,"C2","CS","PR2",3,5,7,272,""
2016-07-11,"C2","CS","PR2",3,5,8,271,""
2016-07-11,"C2","CS","PR2",3,5,9,271,""
2016-07-11,"C2","CS","PR2",3,6,1,,""
2016-07-11,"C2","CS","PR2",3,6,2,,""
2016-07-11,"C2","CS","PR2",3,6,3,,""
2016-07-11,"C2","CS","PR2",3,6,4,,""
2016-07-11,"C2","CS","PR2",3,6,5,225,""
2016-07-11,"C2","CS","PR2",3,6,6,230,""
2016-07-11,"C2","CS","PR2",3,6,7,240,""
2016-07-11,"C2","CS","PR2",3,6,8,250,""
2016-07-11,"C2","CS","PR2",3,6,9,255,""
2016-07-11,"A2","Fr","",2,1,1,271,""
2016-07-11,"A2","Fr","",2,1,2,274,""
2016-07-11,"A2","Fr","",2,1,3,276,""
2016-07-11,"A2","Fr","",2,1,4,282,""
2016-07-11,"A2","Fr","",2,1,5,275,""
2016-07-11,"A2","Fr","",2,1,6,276,""
2016-07-11,"A2","Fr","",2,1,7,278,""
2016-07-11,"A2","Fr","",2,1,8,270,""
2016-07-11,"A2","Fr","",2,1,9,270,""
2016-07-11,"A2","Fr","",2,7,1,288,""
2016-07-11,"A2","Fr","",2,7,2,279,""
2016-07-11,"A2","Fr","",2,7,3,276,""
2016-07-11,"A2","Fr","",2,7,4,281,""
2016-07-11,"A2","Fr","",2,7,5,275,""
2016-07-11,"A2","Fr","",2,7,6,280,""
2016-07-11,"A2","Fr","",2,7,7,284,""
2016-07-11,"A2","Fr","",2,7,8,283,""
2016-07-11,"A2","Fr","",2,7,9,282,""
2016-07-11,"A2","Fr","",2,8,1,276,""
2016-07-11,"A2","Fr","",2,8,2,275,""
2016-07-11,"A2","Fr","",2,8,3,277,""
2016-07-11,"A2","Fr","",2,8,4,277,""
2016-07-11,"A2","Fr","",2,8,5,278,""
2016-07-11,"A2","Fr","",2,8,6,283,""
2016-07-11,"A2","Fr","",2,8,7,,""
2016-07-11,"A2","Fr","",2,8,8,270,""
2016-07-11,"A2","Fr","",2,8,9,271,""
2016-07-11,"A3","Fr","",3,1,1,331,""
2016-07-11,"A3","Fr","",3,1,2,327,""
2016-07-11,"A3","Fr","",3,1,3,324,""
2016-07-11,"A3","Fr","",3,1,4,321,""
2016-07-11,"A3","Fr","",3,1,5,316,""
2016-07-11,"A3","Fr","",3,1,6,316,""
2016-07-11,"A3","Fr","",3,1,7,322,""
2016-07-11,"A3","Fr","",3,1,8,318,""
2016-07-11,"A3","Fr","",3,1,9,319,""
2016-07-11,"A3","Fr","",3,7,1,,""
2016-07-11,"A3","Fr","",3,7,2,,""
2016-07-11,"A3","Fr","",3,7,3,310,""
2016-07-11,"A3","Fr","",3,7,4,315,""
2016-07-11,"A3","Fr","",3,7,5,302,""
2016-07-11,"A3","Fr","",3,7,6,,""
2016-07-11,"A3","Fr","",3,7,7,,""
2016-07-11,"A3","Fr","",3,7,8,,""
2016-07-11,"A3","Fr","",3,7,9,300,""
2016-07-11,"A3","Fr","",3,8,1,328,""
2016-07-11,"A3","Fr","",3,8,2,330,""
2016-07-11,"A3","Fr","",3,8,3,,""
2016-07-11,"A3","Fr","",3,8,4,335,""
2016-07-11,"A3","Fr","",3,8,5,335,""
2016-07-11,"A3","Fr","",3,8,6,338,""
2016-07-11,"A3","Fr","",3,8,7,,""
2016-07-11,"A3","Fr","",3,8,8,332,""
2016-07-11,"A3","Fr","",3,8,9,338,""
2016-07-11,"A5","Fr","",5,5,1,,""
2016-07-11,"A5","Fr","",5,5,2,,""
2016-07-11,"A5","Fr","",5,5,3,297,""
2016-07-11,"A5","Fr","",5,5,4,298,""
2016-07-11,"A5","Fr","",5,5,5,296,""
2016-07-11,"A5","Fr","",5,5,6,299,""
2016-07-11,"A5","Fr","",5,5,7,300,""
2016-07-11,"A5","Fr","",5,5,8,292,""
2016-07-11,"A5","Fr","",5,5,9,299,""
2016-07-11,"A5","Fr","",5,6,1,305,""
2016-07-11,"A5","Fr","",5,6,2,312,""
2016-07-11,"A5","Fr","",5,6,3,304,""
2016-07-11,"A5","Fr","",5,6,4,305,""
2016-07-11,"A5","Fr","",5,6,5,306,""
2016-07-11,"A5","Fr","",5,6,6,309,""
2016-07-11,"A5","Fr","",5,6,7,310,""
2016-07-11,"A5","Fr","",5,6,8,310,""
2016-07-11,"A5","Fr","",5,6,9,299,""
2016-07-11,"A5","Fr","",5,7,1,315,""
2016-07-11,"A5","Fr","",5,7,2,315,""
2016-07-11,"A5","Fr","",5,7,3,314,""
2016-07-11,"A5","Fr","",5,7,4,,""
2016-07-11,"A5","Fr","",5,7,5,313,""
2016-07-11,"A5","Fr","",5,7,6,,""
2016-07-11,"A5","Fr","",5,7,7,320,""
2016-07-11,"A5","Fr","",5,7,8,320,""
2016-07-11,"A5","Fr","",5,7,9,320,""
2016-07-11,"A6","Fr","",6,3,1,,""
2016-07-11,"A6","Fr","",6,3,2,,""
2016-07-11,"A6","Fr","",6,3,3,311,""
2016-07-11,"A6","Fr","",6,3,4,309,""
2016-07-11,"A6","Fr","",6,3,5,310,""
2016-07-11,"A6","Fr","",6,3,6,312,""
2016-07-11,"A6","Fr","",6,3,7,,""
2016-07-11,"A6","Fr","",6,3,8,314,""
2016-07-11,"A6","Fr","",6,3,9,317,""
2016-07-11,"A6","Fr","",6,4,1,,""
2016-07-11,"A6","Fr","",6,4,2,312,""
2016-07-11,"A6","Fr","",6,4,3,312,""
2016-07-11,"A6","Fr","",6,4,4,310,""
2016-07-11,"A6","Fr","",6,4,5,,""
2016-07-11,"A6","Fr","",6,4,6,315,""
2016-07-11,"A6","Fr","",6,4,7,,""
2016-07-11,"A6","Fr","",6,4,8,310,""
2016-07-11,"A6","Fr","",6,4,9,312,""
2016-07-11,"A6","Fr","",6,5,1,,""
2016-07-11,"A6","Fr","",6,5,2,,""
2016-07-11,"A6","Fr","",6,5,3,,""
2016-07-11,"A6","Fr","",6,5,4,318,""
2016-07-11,"A6","Fr","",6,5,5,323,""
2016-07-11,"A6","Fr","",6,5,6,318,""
2016-07-11,"A6","Fr","",6,5,7,,""
2016-07-11,"A6","Fr","",6,5,8,316,""
2016-07-11,"A6","Fr","",6,5,9,314,""
2016-07-11,"C1","Fr","PR1",1,6,1,,""
2016-07-11,"C1","Fr","PR1",1,6,2,,""
2016-07-11,"C1","Fr","PR1",1,6,3,292,""
2016-07-11,"C1","Fr","PR1",1,6,4,292,""
2016-07-11,"C1","Fr","PR1",1,6,5,299,""
2016-07-11,"C1","Fr","PR1",1,6,6,296,""
2016-07-11,"C1","Fr","PR1",1,6,7,295,""
2016-07-11,"C1","Fr","PR1",1,6,8,291,""
2016-07-11,"C1","Fr","PR1",1,6,9,293,""
2016-07-11,"C1","Fr","PR1",1,7,1,287,""
2016-07-11,"C1","Fr","PR1",1,7,2,290,""
2016-07-11,"C1","Fr","PR1",1,7,3,287,""
2016-07-11,"C1","Fr","PR1",1,7,4,,""
2016-07-11,"C1","Fr","PR1",1,7,5,289,""
2016-07-11,"C1","Fr","PR1",1,7,6,294,""
2016-07-11,"C1","Fr","PR1",1,7,7,293,""
2016-07-11,"C1","Fr","PR1",1,7,8,284,""
2016-07-11,"C1","Fr","PR1",1,7,9,295,""
2016-07-11,"C1","Fr","PR1",1,8,1,,""
2016-07-11,"C1","Fr","PR1",1,8,2,287,""
2016-07-11,"C1","Fr","PR1",1,8,3,279,""
2016-07-11,"C1","Fr","PR1",1,8,4,280,""
2016-07-11,"C1","Fr","PR1",1,8,5,282,""
2016-07-11,"C1","Fr","PR1",1,8,6,,""
2016-07-11,"C1","Fr","PR1",1,8,7,295,""
2016-07-11,"C1","Fr","PR1",1,8,8,295,""
2016-07-11,"C1","Fr","PR1",1,8,9,293,""
2016-07-11,"B2","PR","CS2",1,5,1,,""
2016-07-11,"B2","PR","CS2",1,5,2,,""
2016-07-11,"B2","PR","CS2",1,5,3,,""
2016-07-11,"B2","PR","CS2",1,5,4,,""
2016-07-11,"B2","PR","CS2",1,5,5,220,""
2016-07-11,"B2","PR","CS2",1,5,6,216,""
2016-07-11,"B2","PR","CS2",1,5,7,220,""
2016-07-11,"B2","PR","CS2",1,5,8,222,""
2016-07-11,"B2","PR","CS2",1,5,9,221,""
2016-07-11,"B2","PR","CS2",1,6,1,238,""
2016-07-11,"B2","PR","CS2",1,6,2,230,""
2016-07-11,"B2","PR","CS2",1,6,3,236,""
2016-07-11,"B2","PR","CS2",1,6,4,238,""
2016-07-11,"B2","PR","CS2",1,6,5,238,""
2016-07-11,"B2","PR","CS2",1,6,6,239,""
2016-07-11,"B2","PR","CS2",1,6,7,235,""
2016-07-11,"B2","PR","CS2",1,6,8,237,""
2016-07-11,"B2","PR","CS2",1,6,9,235,""
2016-07-11,"B2","PR","CS2",1,7,1,,""
2016-07-11,"B2","PR","CS2",1,7,2,,""
2016-07-11,"B2","PR","CS2",1,7,3,235,""
2016-07-11,"B2","PR","CS2",1,7,4,243,""
2016-07-11,"B2","PR","CS2",1,7,5,243,""
2016-07-11,"B2","PR","CS2",1,7,6,246,""
2016-07-11,"B2","PR","CS2",1,7,7,243,""
2016-07-11,"B2","PR","CS2",1,7,8,,""
2016-07-11,"B2","PR","CS2",1,7,9,240,""
2016-07-11,"C4","PR","",4,1,1,,""
2016-07-11,"C4","PR","",4,1,2,,""
2016-07-11,"C4","PR","",4,1,3,,""
2016-07-11,"C4","PR","",4,1,4,,""
2016-07-11,"C4","PR","",4,1,5,,""
2016-07-11,"C4","PR","",4,1,6,200,""
2016-07-11,"C4","PR","",4,1,7,203,""
2016-07-11,"C4","PR","",4,1,8,200,""
2016-07-11,"C4","PR","",4,1,9,192,""
2016-07-11,"C4","PR","",4,7,1,223,""
2016-07-11,"C4","PR","",4,7,2,220,""
2016-07-11,"C4","PR","",4,7,3,216,""
2016-07-11,"C4","PR","",4,7,4,233,""
2016-07-11,"C4","PR","",4,7,5,227,""
2016-07-11,"C4","PR","",4,7,6,228,""
2016-07-11,"C4","PR","",4,7,7,227,""
2016-07-11,"C4","PR","",4,7,8,235,""
2016-07-11,"C4","PR","",4,7,9,234,""
2016-07-11,"C4","PR","",4,8,1,221,""
2016-07-11,"C4","PR","",4,8,2,217,""
2016-07-11,"C4","PR","",4,8,3,225,""
2016-07-11,"C4","PR","",4,8,4,219,""
2016-07-11,"C4","PR","",4,8,5,220,""
2016-07-11,"C4","PR","",4,8,6,220,""
2016-07-11,"C4","PR","",4,8,7,222,""
2016-07-11,"C4","PR","",4,8,8,222,""
2016-07-11,"C4","PR","",4,8,9,223,""
2016-07-11,"C6","PR","",6,4,1,221,""
2016-07-11,"C6","PR","",6,4,2,214,""
2016-07-11,"C6","PR","",6,4,3,219,""
2016-07-11,"C6","PR","",6,4,4,215,""
2016-07-11,"C6","PR","",6,4,5,215,""
2016-07-11,"C6","PR","",6,4,6,216,""
2016-07-11,"C6","PR","",6,4,7,215,""
2016-07-11,"C6","PR","",6,4,8,219,""
2016-07-11,"C6","PR","",6,4,9,223,""
2016-07-11,"C6","PR","",6,5,1,230,""
2016-07-11,"C6","PR","",6,5,2,231,""
2016-07-11,"C6","PR","",6,5,3,226,""
2016-07-11,"C6","PR","",6,5,4,227,""
2016-07-11,"C6","PR","",6,5,5,224,""
2016-07-11,"C6","PR","",6,5,6,224,""
2016-07-11,"C6","PR","",6,5,7,230,""
2016-07-11,"C6","PR","",6,5,8,223,""
2016-07-11,"C6","PR","",6,5,9,229,""
2016-07-11,"C6","PR","",6,6,1,,""
2016-07-11,"C6","PR","",6,6,2,,""
2016-07-11,"C6","PR","",6,6,3,,""
2016-07-11,"C6","PR","",6,6,4,,""
2016-07-11,"C6","PR","",6,6,5,,""
2016-07-11,"C6","PR","",6,6,6,,""
2016-07-11,"C6","PR","",6,6,7,,""
2016-07-11,"C6","PR","",6,6,8,222,""
2016-07-11,"C6","PR","",6,6,9,205,""
2016-07-11,"D5","Pu","",5,1,1,,""
2016-07-11,"D5","Pu","",5,1,2,,""
2016-07-11,"D5","Pu","",5,1,3,275,""
2016-07-11,"D5","Pu","",5,1,4,281,""
2016-07-11,"D5","Pu","",5,1,5,283,""
2016-07-11,"D5","Pu","",5,1,6,283,""
2016-07-11,"D5","Pu","",5,1,7,292,""
2016-07-11,"D5","Pu","",5,1,8,292,""
2016-07-11,"D5","Pu","",5,1,9,299,""
2016-07-11,"D5","Pu","",5,7,1,,""
2016-07-11,"D5","Pu","",5,7,2,250,""
2016-07-11,"D5","Pu","",5,7,3,,""
2016-07-11,"D5","Pu","",5,7,4,255,""
2016-07-11,"D5","Pu","",5,7,5,255,""
2016-07-11,"D5","Pu","",5,7,6,265,""
2016-07-11,"D5","Pu","",5,7,7,261,""
2016-07-11,"D5","Pu","",5,7,8,,""
2016-07-11,"D5","Pu","",5,7,9,269,""
2016-07-11,"D5","Pu","",5,8,1,,""
2016-07-11,"D5","Pu","",5,8,2,255,""
2016-07-11,"D5","Pu","",5,8,3,255,""
2016-07-11,"D5","Pu","",5,8,4,255,""
2016-07-11,"D5","Pu","",5,8,5,258,""
2016-07-11,"D5","Pu","",5,8,6,256,""
2016-07-11,"D5","Pu","",5,8,7,260,""
2016-07-11,"D5","Pu","",5,8,8,261,""
2016-07-11,"D5","Pu","",5,8,9,262,""
2017-01-06,"X2","C","",2,1,1,224,""
2017-01-06,"X2","C","",2,1,2,230,""
2017-01-06,"X2","C","",2,1,3,234,""
2017-01-06,"X2","C","",2,1,4,238,""
2017-01-06,"X2","C","",2,1,5,238,""
2017-01-06,"X2","C","",2,1,6,231,""
2017-01-06,"X2","C","",2,1,7,238,""
2017-01-06,"X2","C","",2,1,8,,""
2017-01-06,"X2","C","",2,1,9,243,""
2017-01-06,"X2","C","",2,2,1,,""
2017-01-06,"X2","C","",2,2,2,,""
2017-01-06,"X2","C","",2,2,3,245,""
2017-01-06,"X2","C","",2,2,4,241,""
2017-01-06,"X2","C","",2,2,5,238,""
2017-01-06,"X2","C","",2,2,6,235,""
2017-01-06,"X2","C","",2,2,7,240,""
2017-01-06,"X2","C","",2,2,8,242,""
2017-01-06,"X2","C","",2,2,9,,""
2017-01-06,"X2","C","",2,8,1,,""
2017-01-06,"X2","C","",2,8,2,,""
2017-01-06,"X2","C","",2,8,3,236,""
2017-01-06,"X2","C","",2,8,4,231,""
2017-01-06,"X2","C","",2,8,5,230,""
2017-01-06,"X2","C","",2,8,6,228,""
2017-01-06,"X2","C","",2,8,7,235,""
2017-01-06,"X2","C","",2,8,8,236,""
2017-01-06,"X2","C","",2,8,9,235,""
2017-01-06,"X3","C","",3,1,1,262,""
2017-01-06,"X3","C","",3,1,2,270,""
2017-01-06,"X3","C","",3,1,3,,""
2017-01-06,"X3","C","",3,1,4,273,""
2017-01-06,"X3","C","",3,1,5,,""
2017-01-06,"X3","C","",3,1,6,270,""
2017-01-06,"X3","C","",3,1,7,271,""
2017-01-06,"X3","C","",3,1,8,,""
2017-01-06,"X3","C","",3,1,9,265,""
2017-01-06,"X3","C","",3,2,1,,""
2017-01-06,"X3","C","",3,2,2,261,""
2017-01-06,"X3","C","",3,2,3,250,""
2017-01-06,"X3","C","",3,2,4,250,""
2017-01-06,"X3","C","",3,2,5,260,""
2017-01-06,"X3","C","",3,2,6,256,""
2017-01-06,"X3","C","",3,2,7,257,""
2017-01-06,"X3","C","",3,2,8,260,""
2017-01-06,"X3","C","",3,2,9,268,""
2017-01-06,"X3","C","",3,3,1,266,""
2017-01-06,"X3","C","",3,3,2,269,""
2017-01-06,"X3","C","",3,3,3,266,""
2017-01-06,"X3","C","",3,3,4,273,""
2017-01-06,"X3","C","",3,3,5,266,""
2017-01-06,"X3","C","",3,3,6,265,""
2017-01-06,"X3","C","",3,3,7,272,""
2017-01-06,"X3","C","",3,3,8,261,""
2017-01-06,"X3","C","",3,3,9,267,""
2017-01-06,"X4","C","",4,1,1,274,""
2017-01-06,"X4","C","",4,1,2,,""
2017-01-06,"X4","C","",4,1,3,,""
2017-01-06,"X4","C","",4,1,4,,""
2017-01-06,"X4","C","",4,1,5,262,""
2017-01-06,"X4","C","",4,1,6,263,""
2017-01-06,"X4","C","",4,1,7,256,""
2017-01-06,"X4","C","",4,1,8,260,""
2017-01-06,"X4","C","",4,1,9,263,""
2017-01-06,"X4","C","",4,2,1,270,""
2017-01-06,"X4","C","",4,2,2,277,""
2017-01-06,"X4","C","",4,2,3,271,""
2017-01-06,"X4","C","",4,2,4,275,""
2017-01-06,"X4","C","",4,2,5,272,""
2017-01-06,"X4","C","",4,2,6,271,""
2017-01-06,"X4","C","",4,2,7,267,""
2017-01-06,"X4","C","",4,2,8,274,""
2017-01-06,"X4","C","",4,2,9,273,""
2017-01-06,"X4","C","",4,3,1,,""
2017-01-06,"X4","C","",4,3,2,,""
2017-01-06,"X4","C","",4,3,3,,""
2017-01-06,"X4","C","",4,3,4,282,""
2017-01-06,"X4","C","",4,3,5,281,""
2017-01-06,"X4","C","",4,3,6,274,""
2017-01-06,"X4","C","",4,3,7,276,""
2017-01-06,"X4","C","",4,3,8,276,""
2017-01-06,"X4","C","",4,3,9,276,""
2017-01-06,"X6","C","",6,5,1,265,""
2017-01-06,"X6","C","",6,5,2,274,""
2017-01-06,"X6","C","",6,5,3,268,""
2017-01-06,"X6","C","",6,5,4,267,""
2017-01-06,"X6","C","",6,5,5,266,""
2017-01-06,"X6","C","",6,5,6,262,""
2017-01-06,"X6","C","",6,5,7,262,""
2017-01-06,"X6","C","",6,5,8,267,""
2017-01-06,"X6","C","",6,5,9,260,""
2017-01-06,"X6","C","",6,6,1,267,""
2017-01-06,"X6","C","",6,6,2,266,""
2017-01-06,"X6","C","",6,6,3,273,""
2017-01-06,"X6","C","",6,6,4,,""
2017-01-06,"X6","C","",6,6,5,265,""
2017-01-06,"X6","C","",6,6,6,262,""
2017-01-06,"X6","C","",6,6,7,,""
2017-01-06,"X6","C","",6,6,8,256,""
2017-01-06,"X6","C","",6,6,9,257,""
2017-01-06,"X6","C","",6,7,1,,""
2017-01-06,"X6","C","",6,7,2,,""
2017-01-06,"X6","C","",6,7,3,267,""
2017-01-06,"X6","C","",6,7,4,258,""
2017-01-06,"X6","C","",6,7,5,263,""
2017-01-06,"X6","C","",6,7,6,270,""
2017-01-06,"X6","C","",6,7,7,271,""
2017-01-06,"X6","C","",6,7,8,272,""
2017-01-06,"X6","C","",6,7,9,274,""
2017-01-06,"B1","CS","",1,1,1,335,""
2017-01-06,"B1","CS","",1,1,2,332,""
2017-01-06,"B1","CS","",1,1,3,,""
2017-01-06,"B1","CS","",1,1,4,334,""
2017-01-06,"B1","CS","",1,1,5,335,""
2017-01-06,"B1","CS","",1,1,6,335,""
2017-01-06,"B1","CS","",1,1,7,334,""
2017-01-06,"B1","CS","",1,1,8,329,""
2017-01-06,"B1","CS","",1,1,9,328,""
2017-01-06,"B1","CS","",1,2,1,,""
2017-01-06,"B1","CS","",1,2,2,338,""
2017-01-06,"B1","CS","",1,2,3,337,""
2017-01-06,"B1","CS","",1,2,4,334,""
2017-01-06,"B1","CS","",1,2,5,333,""
2017-01-06,"B1","CS","",1,2,6,332,""
2017-01-06,"B1","CS","",1,2,7,337,""
2017-01-06,"B1","CS","",1,2,8,338,""
2017-01-06,"B1","CS","",1,2,9,332,""
2017-01-06,"B1","CS","",1,3,1,,""
2017-01-06,"B1","CS","",1,3,2,,""
2017-01-06,"B1","CS","",1,3,3,,""
2017-01-06,"B1","CS","",1,3,4,,""
2017-01-06,"B1","CS","",1,3,5,,""
2017-01-06,"B1","CS","",1,3,6,,""
2017-01-06,"B1","CS","",1,3,7,,""
2017-01-06,"B1","CS","",1,3,8,,""
2017-01-06,"B1","CS","",1,3,9,,""
2017-01-06,"B5","CS","",5,3,1,,""
2017-01-06,"B5","CS","",5,3,2,311,""
2017-01-06,"B5","CS","",5,3,3,306,""
2017-01-06,"B5","CS","",5,3,4,300,""
2017-01-06,"B5","CS","",5,3,5,,""
2017-01-06,"B5","CS","",5,3,6,295,""
2017-01-06,"B5","CS","",5,3,7,295,""
2017-01-06,"B5","CS","",5,3,8,295,""
2017-01-06,"B5","CS","",5,3,9,296,""
2017-01-06,"B5","CS","",5,4,1,303,""
2017-01-06,"B5","CS","",5,4,2,301,""
2017-01-06,"B5","CS","",5,4,3,300,""
2017-01-06,"B5","CS","",5,4,4,,""
2017-01-06,"B5","CS","",5,4,5,,""
2017-01-06,"B5","CS","",5,4,6,298,""
2017-01-06,"B5","CS","",5,4,7,295,""
2017-01-06,"B5","CS","",5,4,8,298,""
2017-01-06,"B5","CS","",5,4,9,295,""
2017-01-06,"B5","CS","",5,5,1,270,""
2017-01-06,"B5","CS","",5,5,2,272,""
2017-01-06,"B5","CS","",5,5,3,280,""
2017-01-06,"B5","CS","",5,5,4,281,""
2017-01-06,"B5","CS","",5,5,5,294,""
2017-01-06,"B5","CS","",5,5,6,290,""
2017-01-06,"B5","CS","",5,5,7,290,""
2017-01-06,"B5","CS","",5,5,8,282,""
2017-01-06,"B5","CS","",5,5,9,295,""
2017-01-06,"C2","CS","PR2",3,4,1,,""
2017-01-06,"C2","CS","PR2",3,4,2,280,""
2017-01-06,"C2","CS","PR2",3,4,3,272,""
2017-01-06,"C2","CS","PR2",3,4,4,272,""
2017-01-06,"C2","CS","PR2",3,4,5,278,""
2017-01-06,"C2","CS","PR2",3,4,6,281,""
2017-01-06,"C2","CS","PR2",3,4,7,271,""
2017-01-06,"C2","CS","PR2",3,4,8,282,""
2017-01-06,"C2","CS","PR2",3,4,9,277,""
2017-01-06,"C2","CS","PR2",3,5,1,270,""
2017-01-06,"C2","CS","PR2",3,5,2,272,""
2017-01-06,"C2","CS","PR2",3,5,3,272,""
2017-01-06,"C2","CS","PR2",3,5,4,273,""
2017-01-06,"C2","CS","PR2",3,5,5,273,""
2017-01-06,"C2","CS","PR2",3,5,6,270,""
2017-01-06,"C2","CS","PR2",3,5,7,266,""
2017-01-06,"C2","CS","PR2",3,5,8,267,""
2017-01-06,"C2","CS","PR2",3,5,9,267,""
2017-01-06,"C2","CS","PR2",3,6,1,,""
2017-01-06,"C2","CS","PR2",3,6,2,,""
2017-01-06,"C2","CS","PR2",3,6,3,,""
2017-01-06,"C2","CS","PR2",3,6,4,,""
2017-01-06,"C2","CS","PR2",3,6,5,235,""
2017-01-06,"C2","CS","PR2",3,6,6,244,""
2017-01-06,"C2","CS","PR2",3,6,7,247,""
2017-01-06,"C2","CS","PR2",3,6,8,247,""
2017-01-06,"C2","CS","PR2",3,6,9,245,""
2017-01-06,"A2","Fr","",2,1,1,274,""
2017-01-06,"A2","Fr","",2,1,2,271,""
2017-01-06,"A2","Fr","",2,1,3,271,""
2017-01-06,"A2","Fr","",2,1,4,275,""
2017-01-06,"A2","Fr","",2,1,5,,""
2017-01-06,"A2","Fr","",2,1,6,276,""
2017-01-06,"A2","Fr","",2,1,7,280,""
2017-01-06,"A2","Fr","",2,1,8,,""
2017-01-06,"A2","Fr","",2,1,9,,""
2017-01-06,"A2","Fr","",2,7,1,273,""
2017-01-06,"A2","Fr","",2,7,2,,""
2017-01-06,"A2","Fr","",2,7,3,282,""
2017-01-06,"A2","Fr","",2,7,4,276,""
2017-01-06,"A2","Fr","",2,7,5,277,""
2017-01-06,"A2","Fr","",2,7,6,,""
2017-01-06,"A2","Fr","",2,7,7,281,""
2017-01-06,"A2","Fr","",2,7,8,285,""
2017-01-06,"A2","Fr","",2,7,9,284,""
2017-01-06,"A2","Fr","",2,8,1,267,""
2017-01-06,"A2","Fr","",2,8,2,273,""
2017-01-06,"A2","Fr","",2,8,3,275,""
2017-01-06,"A2","Fr","",2,8,4,272,""
2017-01-06,"A2","Fr","",2,8,5,273,""
2017-01-06,"A2","Fr","",2,8,6,273,""
2017-01-06,"A2","Fr","",2,8,7,,""
2017-01-06,"A2","Fr","",2,8,8,270,""
2017-01-06,"A2","Fr","",2,8,9,265,""
2017-01-06,"A3","Fr","",3,1,1,325,""
2017-01-06,"A3","Fr","",3,1,2,324,""
2017-01-06,"A3","Fr","",3,1,3,321,""
2017-01-06,"A3","Fr","",3,1,4,320,""
2017-01-06,"A3","Fr","",3,1,5,312,""
2017-01-06,"A3","Fr","",3,1,6,,""
2017-01-06,"A3","Fr","",3,1,7,320,""
2017-01-06,"A3","Fr","",3,1,8,316,""
2017-01-06,"A3","Fr","",3,1,9,316,""
2017-01-06,"A3","Fr","",3,7,1,,""
2017-01-06,"A3","Fr","",3,7,2,,""
2017-01-06,"A3","Fr","",3,7,3,,""
2017-01-06,"A3","Fr","",3,7,4,,""
2017-01-06,"A3","Fr","",3,7,5,,""
2017-01-06,"A3","Fr","",3,7,6,,""
2017-01-06,"A3","Fr","",3,7,7,,""
2017-01-06,"A3","Fr","",3,7,8,,""
2017-01-06,"A3","Fr","",3,7,9,,""
2017-01-06,"A3","Fr","",3,8,1,327,""
2017-01-06,"A3","Fr","",3,8,2,328,""
2017-01-06,"A3","Fr","",3,8,3,331,""
2017-01-06,"A3","Fr","",3,8,4,332,""
2017-01-06,"A3","Fr","",3,8,5,326,""
2017-01-06,"A3","Fr","",3,8,6,334,""
2017-01-06,"A3","Fr","",3,8,7,328,""
2017-01-06,"A3","Fr","",3,8,8,,""
2017-01-06,"A3","Fr","",3,8,9,331,""
2017-01-06,"A5","Fr","",5,5,1,,""
2017-01-06,"A5","Fr","",5,5,2,,""
2017-01-06,"A5","Fr","",5,5,3,299,""
2017-01-06,"A5","Fr","",5,5,4,296,""
2017-01-06,"A5","Fr","",5,5,5,299,""
2017-01-06,"A5","Fr","",5,5,6,299,""
2017-01-06,"A5","Fr","",5,5,7,303,""
2017-01-06,"A5","Fr","",5,5,8,302,""
2017-01-06,"A5","Fr","",5,5,9,299,""
2017-01-06,"A5","Fr","",5,6,1,305,""
2017-01-06,"A5","Fr","",5,6,2,307,""
2017-01-06,"A5","Fr","",5,6,3,,""
2017-01-06,"A5","Fr","",5,6,4,300,""
2017-01-06,"A5","Fr","",5,6,5,,""
2017-01-06,"A5","Fr","",5,6,6,312,""
2017-01-06,"A5","Fr","",5,6,7,311,""
2017-01-06,"A5","Fr","",5,6,8,306,""
2017-01-06,"A5","Fr","",5,6,9,307,""
2017-01-06,"A5","Fr","",5,7,1,305,""
2017-01-06,"A5","Fr","",5,7,2,301,""
2017-01-06,"A5","Fr","",5,7,3,310,""
2017-01-06,"A5","Fr","",5,7,4,,""
2017-01-06,"A5","Fr","",5,7,5,302,""
2017-01-06,"A5","Fr","",5,7,6,,""
2017-01-06,"A5","Fr","",5,7,7,,""
2017-01-06,"A5","Fr","",5,7,8,307,""
2017-01-06,"A5","Fr","",5,7,9,,""
2017-01-06,"A6","Fr","",6,3,1,,""
2017-01-06,"A6","Fr","",6,3,2,316,""
2017-01-06,"A6","Fr","",6,3,3,322,""
2017-01-06,"A6","Fr","",6,3,4,319,""
2017-01-06,"A6","Fr","",6,3,5,318,""
2017-01-06,"A6","Fr","",6,3,6,320,""
2017-01-06,"A6","Fr","",6,3,7,322,""
2017-01-06,"A6","Fr","",6,3,8,322,""
2017-01-06,"A6","Fr","",6,3,9,320,""
2017-01-06,"A6","Fr","",6,4,1,315,""
2017-01-06,"A6","Fr","",6,4,2,318,""
2017-01-06,"A6","Fr","",6,4,3,322,""
2017-01-06,"A6","Fr","",6,4,4,315,""
2017-01-06,"A6","Fr","",6,4,5,315,""
2017-01-06,"A6","Fr","",6,4,6,316,""
2017-01-06,"A6","Fr","",6,4,7,322,""
2017-01-06,"A6","Fr","",6,4,8,319,""
2017-01-06,"A6","Fr","",6,4,9,314,""
2017-01-06,"A6","Fr","",6,5,1,,""
2017-01-06,"A6","Fr","",6,5,2,306,""
2017-01-06,"A6","Fr","",6,5,3,300,""
2017-01-06,"A6","Fr","",6,5,4,307,""
2017-01-06,"A6","Fr","",6,5,5,313,""
2017-01-06,"A6","Fr","",6,5,6,313,""
2017-01-06,"A6","Fr","",6,5,7,306,""
2017-01-06,"A6","Fr","",6,5,8,306,""
2017-01-06,"A6","Fr","",6,5,9,305,""
2017-01-06,"C1","Fr","PR1",1,6,1,,""
2017-01-06,"C1","Fr","PR1",1,6,2,281,""
2017-01-06,"C1","Fr","PR1",1,6,3,282,""
2017-01-06,"C1","Fr","PR1",1,6,4,282,""
2017-01-06,"C1","Fr","PR1",1,6,5,283,""
2017-01-06,"C1","Fr","PR1",1,6,6,284,""
2017-01-06,"C1","Fr","PR1",1,6,7,281,""
2017-01-06,"C1","Fr","PR1",1,6,8,291,""
2017-01-06,"C1","Fr","PR1",1,6,9,286,""
2017-01-06,"C1","Fr","PR1",1,7,1,,""
2017-01-06,"C1","Fr","PR1",1,7,2,285,""
2017-01-06,"C1","Fr","PR1",1,7,3,285,""
2017-01-06,"C1","Fr","PR1",1,7,4,290,""
2017-01-06,"C1","Fr","PR1",1,7,5,286,""
2017-01-06,"C1","Fr","PR1",1,7,6,289,""
2017-01-06,"C1","Fr","PR1",1,7,7,293,""
2017-01-06,"C1","Fr","PR1",1,7,8,291,""
2017-01-06,"C1","Fr","PR1",1,7,9,294,""
2017-01-06,"C1","Fr","PR1",1,8,1,290,""
2017-01-06,"C1","Fr","PR1",1,8,2,286,""
2017-01-06,"C1","Fr","PR1",1,8,3,291,""
2017-01-06,"C1","Fr","PR1",1,8,4,290,""
2017-01-06,"C1","Fr","PR1",1,8,5,291,""
2017-01-06,"C1","Fr","PR1",1,8,6,290,""
2017-01-06,"C1","Fr","PR1",1,8,7,291,""
2017-01-06,"C1","Fr","PR1",1,8,8,288,""
2017-01-06,"C1","Fr","PR1",1,8,9,291,""
2017-01-06,"B2","PR","CS2",1,5,1,,""
2017-01-06,"B2","PR","CS2",1,5,2,,""
2017-01-06,"B2","PR","CS2",1,5,3,,""
2017-01-06,"B2","PR","CS2",1,5,4,221,""
2017-01-06,"B2","PR","CS2",1,5,5,229,""
2017-01-06,"B2","PR","CS2",1,5,6,225,""
2017-01-06,"B2","PR","CS2",1,5,7,223,""
2017-01-06,"B2","PR","CS2",1,5,8,227,""
2017-01-06,"B2","PR","CS2",1,5,9,220,""
2017-01-06,"B2","PR","CS2",1,6,1,230,""
2017-01-06,"B2","PR","CS2",1,6,2,228,""
2017-01-06,"B2","PR","CS2",1,6,3,228,""
2017-01-06,"B2","PR","CS2",1,6,4,,""
2017-01-06,"B2","PR","CS2",1,6,5,232,""
2017-01-06,"B2","PR","CS2",1,6,6,232,""
2017-01-06,"B2","PR","CS2",1,6,7,231,""
2017-01-06,"B2","PR","CS2",1,6,8,233,""
2017-01-06,"B2","PR","CS2",1,6,9,230,""
2017-01-06,"B2","PR","CS2",1,7,1,227,""
2017-01-06,"B2","PR","CS2",1,7,2,225,""
2017-01-06,"B2","PR","CS2",1,7,3,227,""
2017-01-06,"B2","PR","CS2",1,7,4,222,""
2017-01-06,"B2","PR","CS2",1,7,5,226,""
2017-01-06,"B2","PR","CS2",1,7,6,230,""
2017-01-06,"B2","PR","CS2",1,7,7,230,""
2017-01-06,"B2","PR","CS2",1,7,8,232,""
2017-01-06,"B2","PR","CS2",1,7,9,233,""
2017-01-06,"C4","PR","",4,1,1,,""
2017-01-06,"C4","PR","",4,1,2,182,""
2017-01-06,"C4","PR","",4,1,3,186,""
2017-01-06,"C4","PR","",4,1,4,203,""
2017-01-06,"C4","PR","",4,1,5,197,""
2017-01-06,"C4","PR","",4,1,6,200,""
2017-01-06,"C4","PR","",4,1,7,201,""
2017-01-06,"C4","PR","",4,1,8,216,""
2017-01-06,"C4","PR","",4,1,9,209,""
2017-01-06,"C4","PR","",4,7,1,230,""
2017-01-06,"C4","PR","",4,7,2,230,""
2017-01-06,"C4","PR","",4,7,3,226,""
2017-01-06,"C4","PR","",4,7,4,226,""
2017-01-06,"C4","PR","",4,7,5,225,""
2017-01-06,"C4","PR","",4,7,6,224,""
2017-01-06,"C4","PR","",4,7,7,225,""
2017-01-06,"C4","PR","",4,7,8,228,""
2017-01-06,"C4","PR","",4,7,9,220,""
2017-01-06,"C4","PR","",4,8,1,217,""
2017-01-06,"C4","PR","",4,8,2,218,""
2017-01-06,"C4","PR","",4,8,3,219,""
2017-01-06,"C4","PR","",4,8,4,212,""
2017-01-06,"C4","PR","",4,8,5,212,""
2017-01-06,"C4","PR","",4,8,6,219,""
2017-01-06,"C4","PR","",4,8,7,217,""
2017-01-06,"C4","PR","",4,8,8,217,""
2017-01-06,"C4","PR","",4,8,9,208,""
2017-01-06,"C6","PR","",6,4,1,234,""
2017-01-06,"C6","PR","",6,4,2,230,""
2017-01-06,"C6","PR","",6,4,3,224,""
2017-01-06,"C6","PR","",6,4,4,230,""
2017-01-06,"C6","PR","",6,4,5,235,""
2017-01-06,"C6","PR","",6,4,6,236,""
2017-01-06,"C6","PR","",6,4,7,231,""
2017-01-06,"C6","PR","",6,4,8,232,""
2017-01-06,"C6","PR","",6,4,9,238,""
2017-01-06,"C6","PR","",6,5,1,232,""
2017-01-06,"C6","PR","",6,5,2,234,""
2017-01-06,"C6","PR","",6,5,3,230,""
2017-01-06,"C6","PR","",6,5,4,234,""
2017-01-06,"C6","PR","",6,5,5,231,""
2017-01-06,"C6","PR","",6,5,6,231,""
2017-01-06,"C6","PR","",6,5,7,235,""
2017-01-06,"C6","PR","",6,5,8,235,""
2017-01-06,"C6","PR","",6,5,9,234,""
2017-01-06,"C6","PR","",6,6,1,,""
2017-01-06,"C6","PR","",6,6,2,,""
2017-01-06,"C6","PR","",6,6,3,,""
2017-01-06,"C6","PR","",6,6,4,,""
2017-01-06,"C6","PR","",6,6,5,,""
2017-01-06,"C6","PR","",6,6,6,,""
2017-01-06,"C6","PR","",6,6,7,221,""
2017-01-06,"C6","PR","",6,6,8,223,""
2017-01-06,"C6","PR","",6,6,9,230,""
2017-01-06,"D5","Pu","",5,1,1,,""
2017-01-06,"D5","Pu","",5,1,2,,""
2017-01-06,"D5","Pu","",5,1,3,255,""
2017-01-06,"D5","Pu","",5,1,4,259,""
2017-01-06,"D5","Pu","",5,1,5,262,""
2017-01-06,"D5","Pu","",5,1,6,268,""
2017-01-06,"D5","Pu","",5,1,7,267,""
2017-01-06,"D5","Pu","",5,1,8,273,""
2017-01-06,"D5","Pu","",5,1,9,271,""
2017-01-06,"D5","Pu","",5,7,1,,""
2017-01-06,"D5","Pu","",5,7,2,247,""
2017-01-06,"D5","Pu","",5,7,3,251,""
2017-01-06,"D5","Pu","",5,7,4,250,""
2017-01-06,"D5","Pu","",5,7,5,248,""
2017-01-06,"D5","Pu","",5,7,6,253,""
2017-01-06,"D5","Pu","",5,7,7,257,""
2017-01-06,"D5","Pu","",5,7,8,262,""
2017-01-06,"D5","Pu","",5,7,9,255,""
2017-01-06,"D5","Pu","",5,8,1,,""
2017-01-06,"D5","Pu","",5,8,2,260,""
2017-01-06,"D5","Pu","",5,8,3,261,""
2017-01-06,"D5","Pu","",5,8,4,261,""
2017-01-06,"D5","Pu","",5,8,5,260,""
2017-01-06,"D5","Pu","",5,8,6,267,""
2017-01-06,"D5","Pu","",5,8,7,262,""
2017-01-06,"D5","Pu","",5,8,8,266,""
2017-01-06,"D5","Pu","",5,8,9,262,""
2017-07-17,"X2","C","",2,1,1,245,""
2017-07-17,"X2","C","",2,1,2,232,""
2017-07-17,"X2","C","",2,1,3,234,""
2017-07-17,"X2","C","",2,1,4,233,""
2017-07-17,"X2","C","",2,1,5,240,""
2017-07-17,"X2","C","",2,1,6,236,""
2017-07-17,"X2","C","",2,1,7,233,""
2017-07-17,"X2","C","",2,1,8,234,""
2017-07-17,"X2","C","",2,1,9,240,""
2017-07-17,"X2","C","",2,2,1,,""
2017-07-17,"X2","C","",2,2,2,,""
2017-07-17,"X2","C","",2,2,3,,""
2017-07-17,"X2","C","",2,2,4,,""
2017-07-17,"X2","C","",2,2,5,,""
2017-07-17,"X2","C","",2,2,6,239,""
2017-07-17,"X2","C","",2,2,7,232,""
2017-07-17,"X2","C","",2,2,8,244,""
2017-07-17,"X2","C","",2,2,9,230,""
2017-07-17,"X2","C","",2,8,1,234,""
2017-07-17,"X2","C","",2,8,2,232,""
2017-07-17,"X2","C","",2,8,3,231,""
2017-07-17,"X2","C","",2,8,4,,""
2017-07-17,"X2","C","",2,8,5,,""
2017-07-17,"X2","C","",2,8,6,238,""
2017-07-17,"X2","C","",2,8,7,238,""
2017-07-17,"X2","C","",2,8,8,,""
2017-07-17,"X2","C","",2,8,9,236,""
2017-07-17,"X3","C","",3,1,1,287,""
2017-07-17,"X3","C","",3,1,2,281,""
2017-07-17,"X3","C","",3,1,3,276,""
2017-07-17,"X3","C","",3,1,4,280,""
2017-07-17,"X3","C","",3,1,5,284,""
2017-07-17,"X3","C","",3,1,6,290,""
2017-07-17,"X3","C","",3,1,7,281,""
2017-07-17,"X3","C","",3,1,8,280,""
2017-07-17,"X3","C","",3,1,9,,""
2017-07-17,"X3","C","",3,2,1,281,""
2017-07-17,"X3","C","",3,2,2,281,""
2017-07-17,"X3","C","",3,2,3,281,""
2017-07-17,"X3","C","",3,2,4,283,""
2017-07-17,"X3","C","",3,2,5,278,""
2017-07-17,"X3","C","",3,2,6,282,""
2017-07-17,"X3","C","",3,2,7,278,""
2017-07-17,"X3","C","",3,2,8,277,""
2017-07-17,"X3","C","",3,2,9,282,""
2017-07-17,"X3","C","",3,3,1,273,""
2017-07-17,"X3","C","",3,3,2,270,""
2017-07-17,"X3","C","",3,3,3,273,""
2017-07-17,"X3","C","",3,3,4,,""
2017-07-17,"X3","C","",3,3,5,269,""
2017-07-17,"X3","C","",3,3,6,266,""
2017-07-17,"X3","C","",3,3,7,269,""
2017-07-17,"X3","C","",3,3,8,268,""
2017-07-17,"X3","C","",3,3,9,271,""
2017-07-17,"X4","C","",4,1,1,270,""
2017-07-17,"X4","C","",4,1,2,275,""
2017-07-17,"X4","C","",4,1,3,279,""
2017-07-17,"X4","C","",4,1,4,,""
2017-07-17,"X4","C","",4,1,5,265,""
2017-07-17,"X4","C","",4,1,6,,""
2017-07-17,"X4","C","",4,1,7,258,""
2017-07-17,"X4","C","",4,1,8,265,""
2017-07-17,"X4","C","",4,1,9,261,""
2017-07-17,"X4","C","",4,2,1,276,""
2017-07-17,"X4","C","",4,2,2,272,""
2017-07-17,"X4","C","",4,2,3,273,""
2017-07-17,"X4","C","",4,2,4,272,""
2017-07-17,"X4","C","",4,2,5,271,""
2017-07-17,"X4","C","",4,2,6,,""
2017-07-17,"X4","C","",4,2,7,276,""
2017-07-17,"X4","C","",4,2,8,276,""
2017-07-17,"X4","C","",4,2,9,271,""
2017-07-17,"X4","C","",4,3,1,,""
2017-07-17,"X4","C","",4,3,2,,""
2017-07-17,"X4","C","",4,3,3,,""
2017-07-17,"X4","C","",4,3,4,,""
2017-07-17,"X4","C","",4,3,5,280,""
2017-07-17,"X4","C","",4,3,6,281,""
2017-07-17,"X4","C","",4,3,7,282,""
2017-07-17,"X4","C","",4,3,8,282,""
2017-07-17,"X4","C","",4,3,9,285,""
2017-07-17,"X6","C","",6,5,1,263,""
2017-07-17,"X6","C","",6,5,2,270,""
2017-07-17,"X6","C","",6,5,3,271,""
2017-07-17,"X6","C","",6,5,4,267,""
2017-07-17,"X6","C","",6,5,5,263,""
2017-07-17,"X6","C","",6,5,6,264,""
2017-07-17,"X6","C","",6,5,7,261,""
2017-07-17,"X6","C","",6,5,8,267,""
2017-07-17,"X6","C","",6,5,9,268,""
2017-07-17,"X6","C","",6,6,1,267,""
2017-07-17,"X6","C","",6,6,2,265,""
2017-07-17,"X6","C","",6,6,3,265,""
2017-07-17,"X6","C","",6,6,4,271,""
2017-07-17,"X6","C","",6,6,5,266,""
2017-07-17,"X6","C","",6,6,6,267,""
2017-07-17,"X6","C","",6,6,7,265,""
2017-07-17,"X6","C","",6,6,8,270,""
2017-07-17,"X6","C","",6,6,9,262,""
2017-07-17,"X6","C","",6,7,1,,""
2017-07-17,"X6","C","",6,7,2,,""
2017-07-17,"X6","C","",6,7,3,,""
2017-07-17,"X6","C","",6,7,4,265,""
2017-07-17,"X6","C","",6,7,5,267,""
2017-07-17,"X6","C","",6,7,6,265,""
2017-07-17,"X6","C","",6,7,7,266,""
2017-07-17,"X6","C","",6,7,8,,""
2017-07-17,"X6","C","",6,7,9,268,""
2017-07-17,"B1","CS","",1,1,1,332,""
2017-07-17,"B1","CS","",1,1,2,,""
2017-07-17,"B1","CS","",1,1,3,,""
2017-07-17,"B1","CS","",1,1,4,337,""
2017-07-17,"B1","CS","",1,1,5,335,""
2017-07-17,"B1","CS","",1,1,6,336,""
2017-07-17,"B1","CS","",1,1,7,331,""
2017-07-17,"B1","CS","",1,1,8,,""
2017-07-17,"B1","CS","",1,1,9,330,""
2017-07-17,"B1","CS","",1,2,1,342,""
2017-07-17,"B1","CS","",1,2,2,345,""
2017-07-17,"B1","CS","",1,2,3,,""
2017-07-17,"B1","CS","",1,2,4,344,""
2017-07-17,"B1","CS","",1,2,5,343,""
2017-07-17,"B1","CS","",1,2,6,338,""
2017-07-17,"B1","CS","",1,2,7,335,""
2017-07-17,"B1","CS","",1,2,8,332,""
2017-07-17,"B1","CS","",1,2,9,337,""
2017-07-17,"B1","CS","",1,3,1,,""
2017-07-17,"B1","CS","",1,3,2,,""
2017-07-17,"B1","CS","",1,3,3,,""
2017-07-17,"B1","CS","",1,3,4,,""
2017-07-17,"B1","CS","",1,3,5,,""
2017-07-17,"B1","CS","",1,3,6,,""
2017-07-17,"B1","CS","",1,3,7,,""
2017-07-17,"B1","CS","",1,3,8,,""
2017-07-17,"B1","CS","",1,3,9,,""
2017-07-17,"B5","CS","",5,3,1,,""
2017-07-17,"B5","CS","",5,3,2,,""
2017-07-17,"B5","CS","",5,3,3,311,""
2017-07-17,"B5","CS","",5,3,4,315,""
2017-07-17,"B5","CS","",5,3,5,305,""
2017-07-17,"B5","CS","",5,3,6,300,""
2017-07-17,"B5","CS","",5,3,7,302,""
2017-07-17,"B5","CS","",5,3,8,300,""
2017-07-17,"B5","CS","",5,3,9,287,""
2017-07-17,"B5","CS","",5,4,1,300,""
2017-07-17,"B5","CS","",5,4,2,,""
2017-07-17,"B5","CS","",5,4,3,300,""
2017-07-17,"B5","CS","",5,4,4,304,""
2017-07-17,"B5","CS","",5,4,5,,""
2017-07-17,"B5","CS","",5,4,6,300,""
2017-07-17,"B5","CS","",5,4,7,306,""
2017-07-17,"B5","CS","",5,4,8,307,""
2017-07-17,"B5","CS","",5,4,9,302,""
2017-07-17,"B5","CS","",5,5,1,280,""
2017-07-17,"B5","CS","",5,5,2,280,""
2017-07-17,"B5","CS","",5,5,3,,""
2017-07-17,"B5","CS","",5,5,4,290,""
2017-07-17,"B5","CS","",5,5,5,295,""
2017-07-17,"B5","CS","",5,5,6,291,""
2017-07-17,"B5","CS","",5,5,7,296,""
2017-07-17,"B5","CS","",5,5,8,292,""
2017-07-17,"B5","CS","",5,5,9,304,""
2017-07-17,"C2","CS","PR2",3,4,1,262,""
2017-07-17,"C2","CS","PR2",3,4,2,265,""
2017-07-17,"C2","CS","PR2",3,4,3,262,""
2017-07-17,"C2","CS","PR2",3,4,4,257,""
2017-07-17,"C2","CS","PR2",3,4,5,266,""
2017-07-17,"C2","CS","PR2",3,4,6,,""
2017-07-17,"C2","CS","PR2",3,4,7,272,""
2017-07-17,"C2","CS","PR2",3,4,8,268,""
2017-07-17,"C2","CS","PR2",3,4,9,267,""
2017-07-17,"C2","CS","PR2",3,5,1,270,""
2017-07-17,"C2","CS","PR2",3,5,2,272,""
2017-07-17,"C2","CS","PR2",3,5,3,272,""
2017-07-17,"C2","CS","PR2",3,5,4,279,""
2017-07-17,"C2","CS","PR2",3,5,5,275,""
2017-07-17,"C2","CS","PR2",3,5,6,272,""
2017-07-17,"C2","CS","PR2",3,5,7,279,""
2017-07-17,"C2","CS","PR2",3,5,8,271,""
2017-07-17,"C2","CS","PR2",3,5,9,272,""
2017-07-17,"C2","CS","PR2",3,6,1,,""
2017-07-17,"C2","CS","PR2",3,6,2,,""
2017-07-17,"C2","CS","PR2",3,6,3,,""
2017-07-17,"C2","CS","PR2",3,6,4,,""
2017-07-17,"C2","CS","PR2",3,6,5,,""
2017-07-17,"C2","CS","PR2",3,6,6,240,""
2017-07-17,"C2","CS","PR2",3,6,7,,""
2017-07-17,"C2","CS","PR2",3,6,8,240,""
2017-07-17,"C2","CS","PR2",3,6,9,247,""
2017-07-17,"A2","Fr","",2,1,1,275,""
2017-07-17,"A2","Fr","",2,1,2,274,""
2017-07-17,"A2","Fr","",2,1,3,278,""
2017-07-17,"A2","Fr","",2,1,4,277,""
2017-07-17,"A2","Fr","",2,1,5,277,""
2017-07-17,"A2","Fr","",2,1,6,287,""
2017-07-17,"A2","Fr","",2,1,7,287,""
2017-07-17,"A2","Fr","",2,1,8,272,""
2017-07-17,"A2","Fr","",2,1,9,274,""
2017-07-17,"A2","Fr","",2,7,1,285,""
2017-07-17,"A2","Fr","",2,7,2,292,""
2017-07-17,"A2","Fr","",2,7,3,290,""
2017-07-17,"A2","Fr","",2,7,4,288,""
2017-07-17,"A2","Fr","",2,7,5,275,""
2017-07-17,"A2","Fr","",2,7,6,280,""
2017-07-17,"A2","Fr","",2,7,7,,""
2017-07-17,"A2","Fr","",2,7,8,285,""
2017-07-17,"A2","Fr","",2,7,9,279,""
2017-07-17,"A2","Fr","",2,8,1,277,""
2017-07-17,"A2","Fr","",2,8,2,287,""
2017-07-17,"A2","Fr","",2,8,3,281,""
2017-07-17,"A2","Fr","",2,8,4,280,""
2017-07-17,"A2","Fr","",2,8,5,278,""
2017-07-17,"A2","Fr","",2,8,6,284,""
2017-07-17,"A2","Fr","",2,8,7,282,""
2017-07-17,"A2","Fr","",2,8,8,277,""
2017-07-17,"A2","Fr","",2,8,9,278,""
2017-07-17,"A3","Fr","",3,1,1,330,""
2017-07-17,"A3","Fr","",3,1,2,322,""
2017-07-17,"A3","Fr","",3,1,3,327,""
2017-07-17,"A3","Fr","",3,1,4,,""
2017-07-17,"A3","Fr","",3,1,5,325,""
2017-07-17,"A3","Fr","",3,1,6,320,""
2017-07-17,"A3","Fr","",3,1,7,325,""
2017-07-17,"A3","Fr","",3,1,8,328,""
2017-07-17,"A3","Fr","",3,1,9,327,""
2017-07-17,"A3","Fr","",3,7,1,,""
2017-07-17,"A3","Fr","",3,7,2,,""
2017-07-17,"A3","Fr","",3,7,3,,""
2017-07-17,"A3","Fr","",3,7,4,,""
2017-07-17,"A3","Fr","",3,7,5,,""
2017-07-17,"A3","Fr","",3,7,6,,""
2017-07-17,"A3","Fr","",3,7,7,,""
2017-07-17,"A3","Fr","",3,7,8,,""
2017-07-17,"A3","Fr","",3,7,9,,""
2017-07-17,"A3","Fr","",3,8,1,326,""
2017-07-17,"A3","Fr","",3,8,2,325,""
2017-07-17,"A3","Fr","",3,8,3,322,""
2017-07-17,"A3","Fr","",3,8,4,323,""
2017-07-17,"A3","Fr","",3,8,5,321,""
2017-07-17,"A3","Fr","",3,8,6,324,""
2017-07-17,"A3","Fr","",3,8,7,326,""
2017-07-17,"A3","Fr","",3,8,8,321,""
2017-07-17,"A3","Fr","",3,8,9,326,""
2017-07-17,"A5","Fr","",5,5,1,,""
2017-07-17,"A5","Fr","",5,5,2,,""
2017-07-17,"A5","Fr","",5,5,3,314,""
2017-07-17,"A5","Fr","",5,5,4,,""
2017-07-17,"A5","Fr","",5,5,5,309,""
2017-07-17,"A5","Fr","",5,5,6,310,""
2017-07-17,"A5","Fr","",5,5,7,309,""
2017-07-17,"A5","Fr","",5,5,8,311,""
2017-07-17,"A5","Fr","",5,5,9,309,""
2017-07-17,"A5","Fr","",5,6,1,308,""
2017-07-17,"A5","Fr","",5,6,2,308,""
2017-07-17,"A5","Fr","",5,6,3,309,""
2017-07-17,"A5","Fr","",5,6,4,310,""
2017-07-17,"A5","Fr","",5,6,5,307,""
2017-07-17,"A5","Fr","",5,6,6,314,""
2017-07-17,"A5","Fr","",5,6,7,,""
2017-07-17,"A5","Fr","",5,6,8,306,""
2017-07-17,"A5","Fr","",5,6,9,,""
2017-07-17,"A5","Fr","",5,7,1,308,""
2017-07-17,"A5","Fr","",5,7,2,314,""
2017-07-17,"A5","Fr","",5,7,3,314,""
2017-07-17,"A5","Fr","",5,7,4,316,""
2017-07-17,"A5","Fr","",5,7,5,,""
2017-07-17,"A5","Fr","",5,7,6,319,""
2017-07-17,"A5","Fr","",5,7,7,312,""
2017-07-17,"A5","Fr","",5,7,8,,""
2017-07-17,"A5","Fr","",5,7,9,319,""
2017-07-17,"A6","Fr","",6,3,1,,""
2017-07-17,"A6","Fr","",6,3,2,310,""
2017-07-17,"A6","Fr","",6,3,3,310,""
2017-07-17,"A6","Fr","",6,3,4,312,""
2017-07-17,"A6","Fr","",6,3,5,314,""
2017-07-17,"A6","Fr","",6,3,6,319,""
2017-07-17,"A6","Fr","",6,3,7,318,""
2017-07-17,"A6","Fr","",6,3,8,319,""
2017-07-17,"A6","Fr","",6,3,9,319,""
2017-07-17,"A6","Fr","",6,4,1,315,""
2017-07-17,"A6","Fr","",6,4,2,316,""
2017-07-17,"A6","Fr","",6,4,3,320,""
2017-07-17,"A6","Fr","",6,4,4,318,""
2017-07-17,"A6","Fr","",6,4,5,313,""
2017-07-17,"A6","Fr","",6,4,6,,""
2017-07-17,"A6","Fr","",6,4,7,325,""
2017-07-17,"A6","Fr","",6,4,8,324,""
2017-07-17,"A6","Fr","",6,4,9,322,""
2017-07-17,"A6","Fr","",6,5,1,,""
2017-07-17,"A6","Fr","",6,5,2,316,""
2017-07-17,"A6","Fr","",6,5,3,317,""
2017-07-17,"A6","Fr","",6,5,4,319,""
2017-07-17,"A6","Fr","",6,5,5,321,""
2017-07-17,"A6","Fr","",6,5,6,323,""
2017-07-17,"A6","Fr","",6,5,7,320,""
2017-07-17,"A6","Fr","",6,5,8,320,""
2017-07-17,"A6","Fr","",6,5,9,321,""
2017-07-17,"C1","Fr","PR1",1,6,1,,""
2017-07-17,"C1","Fr","PR1",1,6,2,,""
2017-07-17,"C1","Fr","PR1",1,6,3,296,""
2017-07-17,"C1","Fr","PR1",1,6,4,291,""
2017-07-17,"C1","Fr","PR1",1,6,5,294,""
2017-07-17,"C1","Fr","PR1",1,6,6,288,""
2017-07-17,"C1","Fr","PR1",1,6,7,290,""
2017-07-17,"C1","Fr","PR1",1,6,8,289,""
2017-07-17,"C1","Fr","PR1",1,6,9,282,""
2017-07-17,"C1","Fr","PR1",1,7,1,,""
2017-07-17,"C1","Fr","PR1",1,7,2,291,""
2017-07-17,"C1","Fr","PR1",1,7,3,290,""
2017-07-17,"C1","Fr","PR1",1,7,4,287,""
2017-07-17,"C1","Fr","PR1",1,7,5,286,""
2017-07-17,"C1","Fr","PR1",1,7,6,294,""
2017-07-17,"C1","Fr","PR1",1,7,7,286,""
2017-07-17,"C1","Fr","PR1",1,7,8,,""
2017-07-17,"C1","Fr","PR1",1,7,9,287,""
2017-07-17,"C1","Fr","PR1",1,8,1,290,""
2017-07-17,"C1","Fr","PR1",1,8,2,292,""
2017-07-17,"C1","Fr","PR1",1,8,3,287,""
2017-07-17,"C1","Fr","PR1",1,8,4,290,""
2017-07-17,"C1","Fr","PR1",1,8,5,284,""
2017-07-17,"C1","Fr","PR1",1,8,6,288,""
2017-07-17,"C1","Fr","PR1",1,8,7,290,""
2017-07-17,"C1","Fr","PR1",1,8,8,295,""
2017-07-17,"C1","Fr","PR1",1,8,9,290,""
2017-07-17,"B2","PR","CS2",1,5,1,,""
2017-07-17,"B2","PR","CS2",1,5,2,,""
2017-07-17,"B2","PR","CS2",1,5,3,222,""
2017-07-17,"B2","PR","CS2",1,5,4,225,""
2017-07-17,"B2","PR","CS2",1,5,5,222,""
2017-07-17,"B2","PR","CS2",1,5,6,225,""
2017-07-17,"B2","PR","CS2",1,5,7,222,""
2017-07-17,"B2","PR","CS2",1,5,8,231,""
2017-07-17,"B2","PR","CS2",1,5,9,224,""
2017-07-17,"B2","PR","CS2",1,6,1,226,""
2017-07-17,"B2","PR","CS2",1,6,2,227,""
2017-07-17,"B2","PR","CS2",1,6,3,229,""
2017-07-17,"B2","PR","CS2",1,6,4,229,""
2017-07-17,"B2","PR","CS2",1,6,5,234,""
2017-07-17,"B2","PR","CS2",1,6,6,,""
2017-07-17,"B2","PR","CS2",1,6,7,,""
2017-07-17,"B2","PR","CS2",1,6,8,,""
2017-07-17,"B2","PR","CS2",1,6,9,230,""
2017-07-17,"B2","PR","CS2",1,7,1,229,""
2017-07-17,"B2","PR","CS2",1,7,2,229,""
2017-07-17,"B2","PR","CS2",1,7,3,224,""
2017-07-17,"B2","PR","CS2",1,7,4,222,""
2017-07-17,"B2","PR","CS2",1,7,5,225,""
2017-07-17,"B2","PR","CS2",1,7,6,222,""
2017-07-17,"B2","PR","CS2",1,7,7,227,""
2017-07-17,"B2","PR","CS2",1,7,8,230,""
2017-07-17,"B2","PR","CS2",1,7,9,230,""
2017-07-17,"C4","PR","",4,1,1,,""
2017-07-17,"C4","PR","",4,1,2,,""
2017-07-17,"C4","PR","",4,1,3,,""
2017-07-17,"C4","PR","",4,1,4,187,""
2017-07-17,"C4","PR","",4,1,5,195,""
2017-07-17,"C4","PR","",4,1,6,209,""
2017-07-17,"C4","PR","",4,1,7,216,""
2017-07-17,"C4","PR","",4,1,8,212,""
2017-07-17,"C4","PR","",4,1,9,217,""
2017-07-17,"C4","PR","",4,7,1,230,""
2017-07-17,"C4","PR","",4,7,2,227,""
2017-07-17,"C4","PR","",4,7,3,232,""
2017-07-17,"C4","PR","",4,7,4,228,""
2017-07-17,"C4","PR","",4,7,5,232,""
2017-07-17,"C4","PR","",4,7,6,229,""
2017-07-17,"C4","PR","",4,7,7,233,""
2017-07-17,"C4","PR","",4,7,8,232,""
2017-07-17,"C4","PR","",4,7,9,228,""
2017-07-17,"C4","PR","",4,8,1,207,""
2017-07-17,"C4","PR","",4,8,2,206,""
2017-07-17,"C4","PR","",4,8,3,206,""
2017-07-17,"C4","PR","",4,8,4,205,""
2017-07-17,"C4","PR","",4,8,5,194,""
2017-07-17,"C4","PR","",4,8,6,201,""
2017-07-17,"C4","PR","",4,8,7,199,""
2017-07-17,"C4","PR","",4,8,8,202,""
2017-07-17,"C4","PR","",4,8,9,206,""
2017-07-17,"C6","PR","",6,4,1,224,""
2017-07-17,"C6","PR","",6,4,2,221,""
2017-07-17,"C6","PR","",6,4,3,225,""
2017-07-17,"C6","PR","",6,4,4,222,""
2017-07-17,"C6","PR","",6,4,5,219,""
2017-07-17,"C6","PR","",6,4,6,226,""
2017-07-17,"C6","PR","",6,4,7,220,""
2017-07-17,"C6","PR","",6,4,8,222,""
2017-07-17,"C6","PR","",6,4,9,,""
2017-07-17,"C6","PR","",6,5,1,227,""
2017-07-17,"C6","PR","",6,5,2,218,""
2017-07-17,"C6","PR","",6,5,3,226,""
2017-07-17,"C6","PR","",6,5,4,222,""
2017-07-17,"C6","PR","",6,5,5,224,""
2017-07-17,"C6","PR","",6,5,6,226,""
2017-07-17,"C6","PR","",6,5,7,227,""
2017-07-17,"C6","PR","",6,5,8,225,""
2017-07-17,"C6","PR","",6,5,9,221,""
2017-07-17,"C6","PR","",6,6,1,,""
2017-07-17,"C6","PR","",6,6,2,,""
2017-07-17,"C6","PR","",6,6,3,,""
2017-07-17,"C6","PR","",6,6,4,,""
2017-07-17,"C6","PR","",6,6,5,,""
2017-07-17,"C6","PR","",6,6,6,205,""
2017-07-17,"C6","PR","",6,6,7,,""
2017-07-17,"C6","PR","",6,6,8,,""
2017-07-17,"C6","PR","",6,6,9,205,""
2017-07-17,"D5","Pu","",5,1,1,,""
2017-07-17,"D5","Pu","",5,1,2,,""
2017-07-17,"D5","Pu","",5,1,3,257,""
2017-07-17,"D5","Pu","",5,1,4,256,""
2017-07-17,"D5","Pu","",5,1,5,258,""
2017-07-17,"D5","Pu","",5,1,6,264,""
2017-07-17,"D5","Pu","",5,1,7,262,""
2017-07-17,"D5","Pu","",5,1,8,265,""
2017-07-17,"D5","Pu","",5,1,9,257,""
2017-07-17,"D5","Pu","",5,7,1,,""
2017-07-17,"D5","Pu","",5,7,2,246,""
2017-07-17,"D5","Pu","",5,7,3,246,""
2017-07-17,"D5","Pu","",5,7,4,251,""
2017-07-17,"D5","Pu","",5,7,5,255,""
2017-07-17,"D5","Pu","",5,7,6,,""
2017-07-17,"D5","Pu","",5,7,7,266,""
2017-07-17,"D5","Pu","",5,7,8,269,""
2017-07-17,"D5","Pu","",5,7,9,268,""
2017-07-17,"D5","Pu","",5,8,1,265,""
2017-07-17,"D5","Pu","",5,8,2,270,""
2017-07-17,"D5","Pu","",5,8,3,260,""
2017-07-17,"D5","Pu","",5,8,4,270,""
2017-07-17,"D5","Pu","",5,8,5,264,""
2017-07-17,"D5","Pu","",5,8,6,265,""
2017-07-17,"D5","Pu","",5,8,7,265,""
2017-07-17,"D5","Pu","",5,8,8,271,""
2017-07-17,"D5","Pu","",5,8,9,270,""
2018-01-18,"X2","C","",2,1,1,242,""
2018-01-18,"X2","C","",2,1,2,240,""
2018-01-18,"X2","C","",2,1,3,238,""
2018-01-18,"X2","C","",2,1,4,242,""
2018-01-18,"X2","C","",2,1,5,247,""
2018-01-18,"X2","C","",2,1,6,244,""
2018-01-18,"X2","C","",2,1,7,248,""
2018-01-18,"X2","C","",2,1,8,250,""
2018-01-18,"X2","C","",2,1,9,245,""
2018-01-18,"X2","C","",2,2,1,227,""
2018-01-18,"X2","C","",2,2,2,223,""
2018-01-18,"X2","C","",2,2,3,227,""
2018-01-18,"X2","C","",2,2,4,230,""
2018-01-18,"X2","C","",2,2,5,229,""
2018-01-18,"X2","C","",2,2,6,222,""
2018-01-18,"X2","C","",2,2,7,227,""
2018-01-18,"X2","C","",2,2,8,225,""
2018-01-18,"X2","C","",2,2,9,222,""
2018-01-18,"X2","C","",2,8,1,231,""
2018-01-18,"X2","C","",2,8,2,237,""
2018-01-18,"X2","C","",2,8,3,,""
2018-01-18,"X2","C","",2,8,4,222,""
2018-01-18,"X2","C","",2,8,5,,""
2018-01-18,"X2","C","",2,8,6,235,""
2018-01-18,"X2","C","",2,8,7,239,""
2018-01-18,"X2","C","",2,8,8,240,""
2018-01-18,"X2","C","",2,8,9,234,""
2018-01-18,"X3","C","",3,1,1,279,""
2018-01-18,"X3","C","",3,1,2,285,""
2018-01-18,"X3","C","",3,1,3,276,""
2018-01-18,"X3","C","",3,1,4,286,""
2018-01-18,"X3","C","",3,1,5,278,""
2018-01-18,"X3","C","",3,1,6,281,""
2018-01-18,"X3","C","",3,1,7,281,""
2018-01-18,"X3","C","",3,1,8,279,""
2018-01-18,"X3","C","",3,1,9,283,""
2018-01-18,"X3","C","",3,2,1,271,""
2018-01-18,"X3","C","",3,2,2,273,""
2018-01-18,"X3","C","",3,2,3,272,""
2018-01-18,"X3","C","",3,2,4,272,""
2018-01-18,"X3","C","",3,2,5,278,""
2018-01-18,"X3","C","",3,2,6,277,""
2018-01-18,"X3","C","",3,2,7,273,""
2018-01-18,"X3","C","",3,2,8,269,""
2018-01-18,"X3","C","",3,2,9,280,""
2018-01-18,"X3","C","",3,3,1,271,""
2018-01-18,"X3","C","",3,3,2,271,""
2018-01-18,"X3","C","",3,3,3,266,""
2018-01-18,"X3","C","",3,3,4,273,""
2018-01-18,"X3","C","",3,3,5,276,""
2018-01-18,"X3","C","",3,3,6,272,""
2018-01-18,"X3","C","",3,3,7,272,""
2018-01-18,"X3","C","",3,3,8,,""
2018-01-18,"X3","C","",3,3,9,,""
2018-01-18,"X4","C","",4,1,1,280,""
2018-01-18,"X4","C","",4,1,2,270,""
2018-01-18,"X4","C","",4,1,3,276,""
2018-01-18,"X4","C","",4,1,4,,""
2018-01-18,"X4","C","",4,1,5,269,""
2018-01-18,"X4","C","",4,1,6,265,""
2018-01-18,"X4","C","",4,1,7,267,""
2018-01-18,"X4","C","",4,1,8,267,""
2018-01-18,"X4","C","",4,1,9,268,""
2018-01-18,"X4","C","",4,2,1,270,""
2018-01-18,"X4","C","",4,2,2,265,""
2018-01-18,"X4","C","",4,2,3,,""
2018-01-18,"X4","C","",4,2,4,275,""
2018-01-18,"X4","C","",4,2,5,270,""
2018-01-18,"X4","C","",4,2,6,277,""
2018-01-18,"X4","C","",4,2,7,278,""
2018-01-18,"X4","C","",4,2,8,276,""
2018-01-18,"X4","C","",4,2,9,267,""
2018-01-18,"X4","C","",4,3,1,,""
2018-01-18,"X4","C","",4,3,2,,""
2018-01-18,"X4","C","",4,3,3,272,""
2018-01-18,"X4","C","",4,3,4,287,""
2018-01-18,"X4","C","",4,3,5,283,""
2018-01-18,"X4","C","",4,3,6,,""
2018-01-18,"X4","C","",4,3,7,280,""
2018-01-18,"X4","C","",4,3,8,285,""
2018-01-18,"X4","C","",4,3,9,288,""
2018-01-18,"X6","C","",6,5,1,258,""
2018-01-18,"X6","C","",6,5,2,268,""
2018-01-18,"X6","C","",6,5,3,267,""
2018-01-18,"X6","C","",6,5,4,262,""
2018-01-18,"X6","C","",6,5,5,255,""
2018-01-18,"X6","C","",6,5,6,257,""
2018-01-18,"X6","C","",6,5,7,256,""
2018-01-18,"X6","C","",6,5,8,260,""
2018-01-18,"X6","C","",6,5,9,,""
2018-01-18,"X6","C","",6,6,1,257,""
2018-01-18,"X6","C","",6,6,2,255,""
2018-01-18,"X6","C","",6,6,3,257,""
2018-01-18,"X6","C","",6,6,4,259,""
2018-01-18,"X6","C","",6,6,5,255,""
2018-01-18,"X6","C","",6,6,6,257,""
2018-01-18,"X6","C","",6,6,7,261,""
2018-01-18,"X6","C","",6,6,8,261,""
2018-01-18,"X6","C","",6,6,9,257,""
2018-01-18,"X6","C","",6,7,1,,""
2018-01-18,"X6","C","",6,7,2,,""
2018-01-18,"X6","C","",6,7,3,262,""
2018-01-18,"X6","C","",6,7,4,266,""
2018-01-18,"X6","C","",6,7,5,260,""
2018-01-18,"X6","C","",6,7,6,256,""
2018-01-18,"X6","C","",6,7,7,265,""
2018-01-18,"X6","C","",6,7,8,259,""
2018-01-18,"X6","C","",6,7,9,,""
2018-01-18,"B1","CS","",1,1,1,341,""
2018-01-18,"B1","CS","",1,1,2,347,""
2018-01-18,"B1","CS","",1,1,3,342,""
2018-01-18,"B1","CS","",1,1,4,345,""
2018-01-18,"B1","CS","",1,1,5,345,""
2018-01-18,"B1","CS","",1,1,6,,""
2018-01-18,"B1","CS","",1,1,7,340,""
2018-01-18,"B1","CS","",1,1,8,340,""
2018-01-18,"B1","CS","",1,1,9,341,""
2018-01-18,"B1","CS","",1,2,1,350,""
2018-01-18,"B1","CS","",1,2,2,347,""
2018-01-18,"B1","CS","",1,2,3,348,""
2018-01-18,"B1","CS","",1,2,4,346,""
2018-01-18,"B1","CS","",1,2,5,346,""
2018-01-18,"B1","CS","",1,2,6,352,""
2018-01-18,"B1","CS","",1,2,7,348,""
2018-01-18,"B1","CS","",1,2,8,347,""
2018-01-18,"B1","CS","",1,2,9,344,""
2018-01-18,"B1","CS","",1,3,1,,""
2018-01-18,"B1","CS","",1,3,2,,""
2018-01-18,"B1","CS","",1,3,3,,""
2018-01-18,"B1","CS","",1,3,4,,""
2018-01-18,"B1","CS","",1,3,5,,""
2018-01-18,"B1","CS","",1,3,6,,""
2018-01-18,"B1","CS","",1,3,7,,""
2018-01-18,"B1","CS","",1,3,8,,""
2018-01-18,"B1","CS","",1,3,9,,""
2018-01-18,"B5","CS","",5,3,1,,""
2018-01-18,"B5","CS","",5,3,2,,""
2018-01-18,"B5","CS","",5,3,3,301,""
2018-01-18,"B5","CS","",5,3,4,306,""
2018-01-18,"B5","CS","",5,3,5,305,""
2018-01-18,"B5","CS","",5,3,6,292,""
2018-01-18,"B5","CS","",5,3,7,293,""
2018-01-18,"B5","CS","",5,3,8,296,""
2018-01-18,"B5","CS","",5,3,9,297,""
2018-01-18,"B5","CS","",5,4,1,306,""
2018-01-18,"B5","CS","",5,4,2,310,""
2018-01-18,"B5","CS","",5,4,3,311,""
2018-01-18,"B5","CS","",5,4,4,311,""
2018-01-18,"B5","CS","",5,4,5,310,""
2018-01-18,"B5","CS","",5,4,6,,""
2018-01-18,"B5","CS","",5,4,7,308,""
2018-01-18,"B5","CS","",5,4,8,306,""
2018-01-18,"B5","CS","",5,4,9,308,""
2018-01-18,"B5","CS","",5,5,1,,""
2018-01-18,"B5","CS","",5,5,2,,""
2018-01-18,"B5","CS","",5,5,3,,""
2018-01-18,"B5","CS","",5,5,4,311,""
2018-01-18,"B5","CS","",5,5,5,315,""
2018-01-18,"B5","CS","",5,5,6,304,""
2018-01-18,"B5","CS","",5,5,7,323,""
2018-01-18,"B5","CS","",5,5,8,324,""
2018-01-18,"B5","CS","",5,5,9,330,""
2018-01-18,"C2","CS","PR2",3,4,1,,""
2018-01-18,"C2","CS","PR2",3,4,2,270,""
2018-01-18,"C2","CS","PR2",3,4,3,262,""
2018-01-18,"C2","CS","PR2",3,4,4,272,""
2018-01-18,"C2","CS","PR2",3,4,5,272,""
2018-01-18,"C2","CS","PR2",3,4,6,277,""
2018-01-18,"C2","CS","PR2",3,4,7,276,""
2018-01-18,"C2","CS","PR2",3,4,8,274,""
2018-01-18,"C2","CS","PR2",3,4,9,275,""
2018-01-18,"C2","CS","PR2",3,5,1,280,""
2018-01-18,"C2","CS","PR2",3,5,2,273,""
2018-01-18,"C2","CS","PR2",3,5,3,286,""
2018-01-18,"C2","CS","PR2",3,5,4,284,""
2018-01-18,"C2","CS","PR2",3,5,5,280,""
2018-01-18,"C2","CS","PR2",3,5,6,281,""
2018-01-18,"C2","CS","PR2",3,5,7,275,""
2018-01-18,"C2","CS","PR2",3,5,8,276,""
2018-01-18,"C2","CS","PR2",3,5,9,276,""
2018-01-18,"C2","CS","PR2",3,6,1,,""
2018-01-18,"C2","CS","PR2",3,6,2,,""
2018-01-18,"C2","CS","PR2",3,6,3,,""
2018-01-18,"C2","CS","PR2",3,6,4,,""
2018-01-18,"C2","CS","PR2",3,6,5,251,""
2018-01-18,"C2","CS","PR2",3,6,6,256,""
2018-01-18,"C2","CS","PR2",3,6,7,250,""
2018-01-18,"C2","CS","PR2",3,6,8,250,""
2018-01-18,"C2","CS","PR2",3,6,9,255,""
2018-01-18,"A2","Fr","",2,1,1,278,""
2018-01-18,"A2","Fr","",2,1,2,275,""
2018-01-18,"A2","Fr","",2,1,3,276,""
2018-01-18,"A2","Fr","",2,1,4,278,""
2018-01-18,"A2","Fr","",2,1,5,278,""
2018-01-18,"A2","Fr","",2,1,6,284,""
2018-01-18,"A2","Fr","",2,1,7,276,""
2018-01-18,"A2","Fr","",2,1,8,275,""
2018-01-18,"A2","Fr","",2,1,9,279,""
2018-01-18,"A2","Fr","",2,7,1,277,""
2018-01-18,"A2","Fr","",2,7,2,277,""
2018-01-18,"A2","Fr","",2,7,3,274,""
2018-01-18,"A2","Fr","",2,7,4,,""
2018-01-18,"A2","Fr","",2,7,5,,""
2018-01-18,"A2","Fr","",2,7,6,280,""
2018-01-18,"A2","Fr","",2,7,7,287,""
2018-01-18,"A2","Fr","",2,7,8,288,""
2018-01-18,"A2","Fr","",2,7,9,289,""
2018-01-18,"A2","Fr","",2,8,1,281,""
2018-01-18,"A2","Fr","",2,8,2,285,""
2018-01-18,"A2","Fr","",2,8,3,284,""
2018-01-18,"A2","Fr","",2,8,4,281,""
2018-01-18,"A2","Fr","",2,8,5,281,""
2018-01-18,"A2","Fr","",2,8,6,285,""
2018-01-18,"A2","Fr","",2,8,7,278,""
2018-01-18,"A2","Fr","",2,8,8,281,""
2018-01-18,"A2","Fr","",2,8,9,281,""
2018-01-18,"A3","Fr","",3,1,1,330,""
2018-01-18,"A3","Fr","",3,1,2,326,""
2018-01-18,"A3","Fr","",3,1,3,326,""
2018-01-18,"A3","Fr","",3,1,4,328,""
2018-01-18,"A3","Fr","",3,1,5,326,""
2018-01-18,"A3","Fr","",3,1,6,325,""
2018-01-18,"A3","Fr","",3,1,7,327,""
2018-01-18,"A3","Fr","",3,1,8,325,""
2018-01-18,"A3","Fr","",3,1,9,321,""
2018-01-18,"A3","Fr","",3,7,1,,""
2018-01-18,"A3","Fr","",3,7,2,,""
2018-01-18,"A3","Fr","",3,7,3,266,""
2018-01-18,"A3","Fr","",3,7,4,271,""
2018-01-18,"A3","Fr","",3,7,5,276,""
2018-01-18,"A3","Fr","",3,7,6,,""
2018-01-18,"A3","Fr","",3,7,7,292,""
2018-01-18,"A3","Fr","",3,7,8,,""
2018-01-18,"A3","Fr","",3,7,9,281,""
2018-01-18,"A3","Fr","",3,8,1,329,""
2018-01-18,"A3","Fr","",3,8,2,337,""
2018-01-18,"A3","Fr","",3,8,3,334,""
2018-01-18,"A3","Fr","",3,8,4,338,""
2018-01-18,"A3","Fr","",3,8,5,328,""
2018-01-18,"A3","Fr","",3,8,6,330,""
2018-01-18,"A3","Fr","",3,8,7,331,""
2018-01-18,"A3","Fr","",3,8,8,,""
2018-01-18,"A3","Fr","",3,8,9,336,""
2018-01-18,"A5","Fr","",5,5,1,,""
2018-01-18,"A5","Fr","",5,5,2,,""
2018-01-18,"A5","Fr","",5,5,3,302,""
2018-01-18,"A5","Fr","",5,5,4,303,""
2018-01-18,"A5","Fr","",5,5,5,306,""
2018-01-18,"A5","Fr","",5,5,6,304,""
2018-01-18,"A5","Fr","",5,5,7,304,""
2018-01-18,"A5","Fr","",5,5,8,301,""
2018-01-18,"A5","Fr","",5,5,9,301,""
2018-01-18,"A5","Fr","",5,6,1,308,""
2018-01-18,"A5","Fr","",5,6,2,307,""
2018-01-18,"A5","Fr","",5,6,3,311,""
2018-01-18,"A5","Fr","",5,6,4,312,""
2018-01-18,"A5","Fr","",5,6,5,306,""
2018-01-18,"A5","Fr","",5,6,6,308,""
2018-01-18,"A5","Fr","",5,6,7,300,""
2018-01-18,"A5","Fr","",5,6,8,306,""
2018-01-18,"A5","Fr","",5,6,9,310,""
2018-01-18,"A5","Fr","",5,7,1,308,""
2018-01-18,"A5","Fr","",5,7,2,312,""
2018-01-18,"A5","Fr","",5,7,3,318,""
2018-01-18,"A5","Fr","",5,7,4,315,""
2018-01-18,"A5","Fr","",5,7,5,,""
2018-01-18,"A5","Fr","",5,7,6,314,""
2018-01-18,"A5","Fr","",5,7,7,311,""
2018-01-18,"A5","Fr","",5,7,8,310,""
2018-01-18,"A5","Fr","",5,7,9,317,""
2018-01-18,"A6","Fr","",6,3,1,,""
2018-01-18,"A6","Fr","",6,3,2,,""
2018-01-18,"A6","Fr","",6,3,3,310,""
2018-01-18,"A6","Fr","",6,3,4,316,""
2018-01-18,"A6","Fr","",6,3,5,318,""
2018-01-18,"A6","Fr","",6,3,6,321,""
2018-01-18,"A6","Fr","",6,3,7,317,""
2018-01-18,"A6","Fr","",6,3,8,310,""
2018-01-18,"A6","Fr","",6,3,9,315,""
2018-01-18,"A6","Fr","",6,4,1,316,""
2018-01-18,"A6","Fr","",6,4,2,317,""
2018-01-18,"A6","Fr","",6,4,3,325,""
2018-01-18,"A6","Fr","",6,4,4,317,""
2018-01-18,"A6","Fr","",6,4,5,327,""
2018-01-18,"A6","Fr","",6,4,6,322,""
2018-01-18,"A6","Fr","",6,4,7,314,""
2018-01-18,"A6","Fr","",6,4,8,312,""
2018-01-18,"A6","Fr","",6,4,9,,""
2018-01-18,"A6","Fr","",6,5,1,311,""
2018-01-18,"A6","Fr","",6,5,2,311,""
2018-01-18,"A6","Fr","",6,5,3,316,""
2018-01-18,"A6","Fr","",6,5,4,316,""
2018-01-18,"A6","Fr","",6,5,5,318,""
2018-01-18,"A6","Fr","",6,5,6,310,""
2018-01-18,"A6","Fr","",6,5,7,311,""
2018-01-18,"A6","Fr","",6,5,8,315,""
2018-01-18,"A6","Fr","",6,5,9,315,""
2018-01-18,"C1","Fr","PR1",1,6,1,,""
2018-01-18,"C1","Fr","PR1",1,6,2,290,""
2018-01-18,"C1","Fr","PR1",1,6,3,289,""
2018-01-18,"C1","Fr","PR1",1,6,4,293,""
2018-01-18,"C1","Fr","PR1",1,6,5,296,""
2018-01-18,"C1","Fr","PR1",1,6,6,290,""
2018-01-18,"C1","Fr","PR1",1,6,7,292,""
2018-01-18,"C1","Fr","PR1",1,6,8,292,""
2018-01-18,"C1","Fr","PR1",1,6,9,293,""
2018-01-18,"C1","Fr","PR1",1,7,1,300,""
2018-01-18,"C1","Fr","PR1",1,7,2,300,""
2018-01-18,"C1","Fr","PR1",1,7,3,298,""
2018-01-18,"C1","Fr","PR1",1,7,4,,""
2018-01-18,"C1","Fr","PR1",1,7,5,294,""
2018-01-18,"C1","Fr","PR1",1,7,6,301,""
2018-01-18,"C1","Fr","PR1",1,7,7,299,""
2018-01-18,"C1","Fr","PR1",1,7,8,298,""
2018-01-18,"C1","Fr","PR1",1,7,9,302,""
2018-01-18,"C1","Fr","PR1",1,8,1,,""
2018-01-18,"C1","Fr","PR1",1,8,2,300,""
2018-01-18,"C1","Fr","PR1",1,8,3,299,""
2018-01-18,"C1","Fr","PR1",1,8,4,,""
2018-01-18,"C1","Fr","PR1",1,8,5,305,""
2018-01-18,"C1","Fr","PR1",1,8,6,308,""
2018-01-18,"C1","Fr","PR1",1,8,7,301,""
2018-01-18,"C1","Fr","PR1",1,8,8,310,""
2018-01-18,"C1","Fr","PR1",1,8,9,302,""
2018-01-18,"B2","PR","CS2",1,5,1,,""
2018-01-18,"B2","PR","CS2",1,5,2,211,""
2018-01-18,"B2","PR","CS2",1,5,3,214,""
2018-01-18,"B2","PR","CS2",1,5,4,213,""
2018-01-18,"B2","PR","CS2",1,5,5,217,""
2018-01-18,"B2","PR","CS2",1,5,6,216,""
2018-01-18,"B2","PR","CS2",1,5,7,210,""
2018-01-18,"B2","PR","CS2",1,5,8,,""
2018-01-18,"B2","PR","CS2",1,5,9,207,""
2018-01-18,"B2","PR","CS2",1,6,1,228,""
2018-01-18,"B2","PR","CS2",1,6,2,226,""
2018-01-18,"B2","PR","CS2",1,6,3,224,""
2018-01-18,"B2","PR","CS2",1,6,4,227,""
2018-01-18,"B2","PR","CS2",1,6,5,231,""
2018-01-18,"B2","PR","CS2",1,6,6,228,""
2018-01-18,"B2","PR","CS2",1,6,7,227,""
2018-01-18,"B2","PR","CS2",1,6,8,231,""
2018-01-18,"B2","PR","CS2",1,6,9,232,""
2018-01-18,"B2","PR","CS2",1,7,1,234,""
2018-01-18,"B2","PR","CS2",1,7,2,225,""
2018-01-18,"B2","PR","CS2",1,7,3,230,""
2018-01-18,"B2","PR","CS2",1,7,4,230,""
2018-01-18,"B2","PR","CS2",1,7,5,,""
2018-01-18,"B2","PR","CS2",1,7,6,,""
2018-01-18,"B2","PR","CS2",1,7,7,240,""
2018-01-18,"B2","PR","CS2",1,7,8,,""
2018-01-18,"B2","PR","CS2",1,7,9,236,""
2018-01-18,"C4","PR","",4,1,1,,""
2018-01-18,"C4","PR","",4,1,2,,""
2018-01-18,"C4","PR","",4,1,3,,""
2018-01-18,"C4","PR","",4,1,4,,""
2018-01-18,"C4","PR","",4,1,5,175,""
2018-01-18,"C4","PR","",4,1,6,173,""
2018-01-18,"C4","PR","",4,1,7,189,""
2018-01-18,"C4","PR","",4,1,8,180,""
2018-01-18,"C4","PR","",4,1,9,180,""
2018-01-18,"C4","PR","",4,7,1,225,""
2018-01-18,"C4","PR","",4,7,2,225,""
2018-01-18,"C4","PR","",4,7,3,223,""
2018-01-18,"C4","PR","",4,7,4,226,""
2018-01-18,"C4","PR","",4,7,5,227,""
2018-01-18,"C4","PR","",4,7,6,226,""
2018-01-18,"C4","PR","",4,7,7,227,""
2018-01-18,"C4","PR","",4,7,8,230,""
2018-01-18,"C4","PR","",4,7,9,226,""
2018-01-18,"C4","PR","",4,8,1,197,""
2018-01-18,"C4","PR","",4,8,2,207,""
2018-01-18,"C4","PR","",4,8,3,209,""
2018-01-18,"C4","PR","",4,8,4,210,""
2018-01-18,"C4","PR","",4,8,5,,""
2018-01-18,"C4","PR","",4,8,6,197,""
2018-01-18,"C4","PR","",4,8,7,197,""
2018-01-18,"C4","PR","",4,8,8,201,""
2018-01-18,"C4","PR","",4,8,9,197,""
2018-01-18,"C6","PR","",6,4,1,226,""
2018-01-18,"C6","PR","",6,4,2,221,""
2018-01-18,"C6","PR","",6,4,3,222,""
2018-01-18,"C6","PR","",6,4,4,222,""
2018-01-18,"C6","PR","",6,4,5,225,""
2018-01-18,"C6","PR","",6,4,6,229,""
2018-01-18,"C6","PR","",6,4,7,220,""
2018-01-18,"C6","PR","",6,4,8,222,""
2018-01-18,"C6","PR","",6,4,9,,""
2018-01-18,"C6","PR","",6,5,1,224,""
2018-01-18,"C6","PR","",6,5,2,226,""
2018-01-18,"C6","PR","",6,5,3,225,""
2018-01-18,"C6","PR","",6,5,4,227,""
2018-01-18,"C6","PR","",6,5,5,225,""
2018-01-18,"C6","PR","",6,5,6,221,""
2018-01-18,"C6","PR","",6,5,7,226,""
2018-01-18,"C6","PR","",6,5,8,224,""
2018-01-18,"C6","PR","",6,5,9,222,""
2018-01-18,"C6","PR","",6,6,1,,""
2018-01-18,"C6","PR","",6,6,2,,""
2018-01-18,"C6","PR","",6,6,3,,""
2018-01-18,"C6","PR","",6,6,4,,""
2018-01-18,"C6","PR","",6,6,5,,""
2018-01-18,"C6","PR","",6,6,6,220,""
2018-01-18,"C6","PR","",6,6,7,213,""
2018-01-18,"C6","PR","",6,6,8,218,""
2018-01-18,"C6","PR","",6,6,9,220,""
2018-01-18,"D5","Pu","",5,1,1,,""
2018-01-18,"D5","Pu","",5,1,2,,""
2018-01-18,"D5","Pu","",5,1,3,256,""
2018-01-18,"D5","Pu","",5,1,4,260,""
2018-01-18,"D5","Pu","",5,1,5,260,""
2018-01-18,"D5","Pu","",5,1,6,264,""
2018-01-18,"D5","Pu","",5,1,7,264,""
2018-01-18,"D5","Pu","",5,1,8,268,""
2018-01-18,"D5","Pu","",5,1,9,269,""
2018-01-18,"D5","Pu","",5,7,1,,""
2018-01-18,"D5","Pu","",5,7,2,237,""
2018-01-18,"D5","Pu","",5,7,3,242,""
2018-01-18,"D5","Pu","",5,7,4,,""
2018-01-18,"D5","Pu","",5,7,5,245,""
2018-01-18,"D5","Pu","",5,7,6,246,""
2018-01-18,"D5","Pu","",5,7,7,251,""
2018-01-18,"D5","Pu","",5,7,8,256,""
2018-01-18,"D5","Pu","",5,7,9,254,""
2018-01-18,"D5","Pu","",5,8,1,261,""
2018-01-18,"D5","Pu","",5,8,2,266,""
2018-01-18,"D5","Pu","",5,8,3,267,""
2018-01-18,"D5","Pu","",5,8,4,266,""
2018-01-18,"D5","Pu","",5,8,5,262,""
2018-01-18,"D5","Pu","",5,8,6,263,""
2018-01-18,"D5","Pu","",5,8,7,266,""
2018-01-18,"D5","Pu","",5,8,8,273,""
2018-01-18,"D5","Pu","",5,8,9,267,""
2018-06-18,"X2","C","",2,1,1,246,""
2018-06-18,"X2","C","",2,1,2,243,""
2018-06-18,"X2","C","",2,1,3,240,""
2018-06-18,"X2","C","",2,1,4,240,""
2018-06-18,"X2","C","",2,1,5,,""
2018-06-18,"X2","C","",2,1,6,248,""
2018-06-18,"X2","C","",2,1,7,249,""
2018-06-18,"X2","C","",2,1,8,249,""
2018-06-18,"X2","C","",2,1,9,,""
2018-06-18,"X2","C","",2,2,1,233,""
2018-06-18,"X2","C","",2,2,2,227,""
2018-06-18,"X2","C","",2,2,3,233,""
2018-06-18,"X2","C","",2,2,4,238,""
2018-06-18,"X2","C","",2,2,5,238,""
2018-06-18,"X2","C","",2,2,6,238,""
2018-06-18,"X2","C","",2,2,7,242,""
2018-06-18,"X2","C","",2,2,8,241,""
2018-06-18,"X2","C","",2,2,9,233,""
2018-06-18,"X2","C","",2,8,1,231,""
2018-06-18,"X2","C","",2,8,2,235,""
2018-06-18,"X2","C","",2,8,3,,""
2018-06-18,"X2","C","",2,8,4,236,""
2018-06-18,"X2","C","",2,8,5,239,""
2018-06-18,"X2","C","",2,8,6,241,""
2018-06-18,"X2","C","",2,8,7,239,""
2018-06-18,"X2","C","",2,8,8,249,""
2018-06-18,"X2","C","",2,8,9,240,""
2018-06-18,"X3","C","",3,1,1,301,""
2018-06-18,"X3","C","",3,1,2,302,""
2018-06-18,"X3","C","",3,1,3,295,""
2018-06-18,"X3","C","",3,1,4,300,""
2018-06-18,"X3","C","",3,1,5,297,""
2018-06-18,"X3","C","",3,1,6,301,""
2018-06-18,"X3","C","",3,1,7,,""
2018-06-18,"X3","C","",3,1,8,307,""
2018-06-18,"X3","C","",3,1,9,303,""
2018-06-18,"X3","C","",3,2,1,290,""
2018-06-18,"X3","C","",3,2,2,280,""
2018-06-18,"X3","C","",3,2,3,285,""
2018-06-18,"X3","C","",3,2,4,283,""
2018-06-18,"X3","C","",3,2,5,282,""
2018-06-18,"X3","C","",3,2,6,280,""
2018-06-18,"X3","C","",3,2,7,278,""
2018-06-18,"X3","C","",3,2,8,275,""
2018-06-18,"X3","C","",3,2,9,276,""
2018-06-18,"X3","C","",3,3,1,271,""
2018-06-18,"X3","C","",3,3,2,,""
2018-06-18,"X3","C","",3,3,3,270,""
2018-06-18,"X3","C","",3,3,4,269,""
2018-06-18,"X3","C","",3,3,5,270,""
2018-06-18,"X3","C","",3,3,6,272,""
2018-06-18,"X3","C","",3,3,7,280,""
2018-06-18,"X3","C","",3,3,8,278,""
2018-06-18,"X3","C","",3,3,9,274,""
2018-06-18,"X4","C","",4,1,1,277,""
2018-06-18,"X4","C","",4,1,2,278,""
2018-06-18,"X4","C","",4,1,3,276,""
2018-06-18,"X4","C","",4,1,4,279,""
2018-06-18,"X4","C","",4,1,5,,""
2018-06-18,"X4","C","",4,1,6,272,""
2018-06-18,"X4","C","",4,1,7,273,""
2018-06-18,"X4","C","",4,1,8,272,""
2018-06-18,"X4","C","",4,1,9,271,""
2018-06-18,"X4","C","",4,2,1,272,""
2018-06-18,"X4","C","",4,2,2,279,""
2018-06-18,"X4","C","",4,2,3,282,""
2018-06-18,"X4","C","",4,2,4,273,""
2018-06-18,"X4","C","",4,2,5,273,""
2018-06-18,"X4","C","",4,2,6,278,""
2018-06-18,"X4","C","",4,2,7,282,""
2018-06-18,"X4","C","",4,2,8,271,""
2018-06-18,"X4","C","",4,2,9,271,""
2018-06-18,"X4","C","",4,3,1,,""
2018-06-18,"X4","C","",4,3,2,278,""
2018-06-18,"X4","C","",4,3,3,275,""
2018-06-18,"X4","C","",4,3,4,285,""
2018-06-18,"X4","C","",4,3,5,286,""
2018-06-18,"X4","C","",4,3,6,285,""
2018-06-18,"X4","C","",4,3,7,281,""
2018-06-18,"X4","C","",4,3,8,283,""
2018-06-18,"X4","C","",4,3,9,285,""
2018-06-18,"X6","C","",6,5,1,264,""
2018-06-18,"X6","C","",6,5,2,270,""
2018-06-18,"X6","C","",6,5,3,266,""
2018-06-18,"X6","C","",6,5,4,265,""
2018-06-18,"X6","C","",6,5,5,273,""
2018-06-18,"X6","C","",6,5,6,266,""
2018-06-18,"X6","C","",6,5,7,257,""
2018-06-18,"X6","C","",6,5,8,265,""
2018-06-18,"X6","C","",6,5,9,264,""
2018-06-18,"X6","C","",6,6,1,254,""
2018-06-18,"X6","C","",6,6,2,262,""
2018-06-18,"X6","C","",6,6,3,259,""
2018-06-18,"X6","C","",6,6,4,263,""
2018-06-18,"X6","C","",6,6,5,264,""
2018-06-18,"X6","C","",6,6,6,,""
2018-06-18,"X6","C","",6,6,7,270,""
2018-06-18,"X6","C","",6,6,8,267,""
2018-06-18,"X6","C","",6,6,9,264,""
2018-06-18,"X6","C","",6,7,1,,""
2018-06-18,"X6","C","",6,7,2,,""
2018-06-18,"X6","C","",6,7,3,,""
2018-06-18,"X6","C","",6,7,4,252,""
2018-06-18,"X6","C","",6,7,5,253,""
2018-06-18,"X6","C","",6,7,6,249,""
2018-06-18,"X6","C","",6,7,7,251,""
2018-06-18,"X6","C","",6,7,8,257,""
2018-06-18,"X6","C","",6,7,9,256,""
2018-06-18,"B1","CS","",1,1,1,,""
2018-06-18,"B1","CS","",1,1,2,,""
2018-06-18,"B1","CS","",1,1,3,344,""
2018-06-18,"B1","CS","",1,1,4,342,""
2018-06-18,"B1","CS","",1,1,5,344,""
2018-06-18,"B1","CS","",1,1,6,346,""
2018-06-18,"B1","CS","",1,1,7,337,""
2018-06-18,"B1","CS","",1,1,8,338,""
2018-06-18,"B1","CS","",1,1,9,342,""
2018-06-18,"B1","CS","",1,2,1,344,""
2018-06-18,"B1","CS","",1,2,2,349,""
2018-06-18,"B1","CS","",1,2,3,354,""
2018-06-18,"B1","CS","",1,2,4,352,""
2018-06-18,"B1","CS","",1,2,5,350,""
2018-06-18,"B1","CS","",1,2,6,346,""
2018-06-18,"B1","CS","",1,2,7,,""
2018-06-18,"B1","CS","",1,2,8,352,""
2018-06-18,"B1","CS","",1,2,9,356,""
2018-06-18,"B1","CS","",1,3,1,,""
2018-06-18,"B1","CS","",1,3,2,,""
2018-06-18,"B1","CS","",1,3,3,,""
2018-06-18,"B1","CS","",1,3,4,,""
2018-06-18,"B1","CS","",1,3,5,,""
2018-06-18,"B1","CS","",1,3,6,,""
2018-06-18,"B1","CS","",1,3,7,,""
2018-06-18,"B1","CS","",1,3,8,,""
2018-06-18,"B1","CS","",1,3,9,,""
2018-06-18,"B5","CS","",5,3,1,,""
2018-06-18,"B5","CS","",5,3,2,313,""
2018-06-18,"B5","CS","",5,3,3,306,""
2018-06-18,"B5","CS","",5,3,4,310,""
2018-06-18,"B5","CS","",5,3,5,,""
2018-06-18,"B5","CS","",5,3,6,302,""
2018-06-18,"B5","CS","",5,3,7,312,""
2018-06-18,"B5","CS","",5,3,8,305,""
2018-06-18,"B5","CS","",5,3,9,304,""
2018-06-18,"B5","CS","",5,4,1,299,""
2018-06-18,"B5","CS","",5,4,2,302,""
2018-06-18,"B5","CS","",5,4,3,298,""
2018-06-18,"B5","CS","",5,4,4,305,""
2018-06-18,"B5","CS","",5,4,5,297,""
2018-06-18,"B5","CS","",5,4,6,307,""
2018-06-18,"B5","CS","",5,4,7,305,""
2018-06-18,"B5","CS","",5,4,8,298,""
2018-06-18,"B5","CS","",5,4,9,298,""
2018-06-18,"B5","CS","",5,5,1,301,""
2018-06-18,"B5","CS","",5,5,2,302,""
2018-06-18,"B5","CS","",5,5,3,304,""
2018-06-18,"B5","CS","",5,5,4,309,""
2018-06-18,"B5","CS","",5,5,5,312,""
2018-06-18,"B5","CS","",5,5,6,,""
2018-06-18,"B5","CS","",5,5,7,308,""
2018-06-18,"B5","CS","",5,5,8,311,""
2018-06-18,"B5","CS","",5,5,9,311,""
2018-06-18,"C2","CS","PR2",3,4,1,,""
2018-06-18,"C2","CS","PR2",3,4,2,274,""
2018-06-18,"C2","CS","PR2",3,4,3,280,""
2018-06-18,"C2","CS","PR2",3,4,4,272,""
2018-06-18,"C2","CS","PR2",3,4,5,279,""
2018-06-18,"C2","CS","PR2",3,4,6,285,""
2018-06-18,"C2","CS","PR2",3,4,7,280,""
2018-06-18,"C2","CS","PR2",3,4,8,273,""
2018-06-18,"C2","CS","PR2",3,4,9,276,""
2018-06-18,"C2","CS","PR2",3,5,1,283,""
2018-06-18,"C2","CS","PR2",3,5,2,281,""
2018-06-18,"C2","CS","PR2",3,5,3,282,""
2018-06-18,"C2","CS","PR2",3,5,4,285,""
2018-06-18,"C2","CS","PR2",3,5,5,290,""
2018-06-18,"C2","CS","PR2",3,5,6,282,""
2018-06-18,"C2","CS","PR2",3,5,7,282,""
2018-06-18,"C2","CS","PR2",3,5,8,278,""
2018-06-18,"C2","CS","PR2",3,5,9,280,""
2018-06-18,"C2","CS","PR2",3,6,1,,""
2018-06-18,"C2","CS","PR2",3,6,2,,""
2018-06-18,"C2","CS","PR2",3,6,3,230,""
2018-06-18,"C2","CS","PR2",3,6,4,245,""
2018-06-18,"C2","CS","PR2",3,6,5,250,""
2018-06-18,"C2","CS","PR2",3,6,6,247,""
2018-06-18,"C2","CS","PR2",3,6,7,258,""
2018-06-18,"C2","CS","PR2",3,6,8,242,""
2018-06-18,"C2","CS","PR2",3,6,9,259,""
2018-06-18,"A2","Fr","",2,1,1,275,""
2018-06-18,"A2","Fr","",2,1,2,273,""
2018-06-18,"A2","Fr","",2,1,3,,""
2018-06-18,"A2","Fr","",2,1,4,280,""
2018-06-18,"A2","Fr","",2,1,5,278,""
2018-06-18,"A2","Fr","",2,1,6,281,""
2018-06-18,"A2","Fr","",2,1,7,285,""
2018-06-18,"A2","Fr","",2,1,8,281,""
2018-06-18,"A2","Fr","",2,1,9,282,""
2018-06-18,"A2","Fr","",2,7,1,283,""
2018-06-18,"A2","Fr","",2,7,2,280,""
2018-06-18,"A2","Fr","",2,7,3,279,""
2018-06-18,"A2","Fr","",2,7,4,276,""
2018-06-18,"A2","Fr","",2,7,5,277,""
2018-06-18,"A2","Fr","",2,7,6,286,""
2018-06-18,"A2","Fr","",2,7,7,292,""
2018-06-18,"A2","Fr","",2,7,8,278,""
2018-06-18,"A2","Fr","",2,7,9,287,""
2018-06-18,"A2","Fr","",2,8,1,284,""
2018-06-18,"A2","Fr","",2,8,2,282,""
2018-06-18,"A2","Fr","",2,8,3,290,""
2018-06-18,"A2","Fr","",2,8,4,,""
2018-06-18,"A2","Fr","",2,8,5,281,""
2018-06-18,"A2","Fr","",2,8,6,281,""
2018-06-18,"A2","Fr","",2,8,7,272,""
2018-06-18,"A2","Fr","",2,8,8,281,""
2018-06-18,"A2","Fr","",2,8,9,283,""
2018-06-18,"A3","Fr","",3,1,1,332,""
2018-06-18,"A3","Fr","",3,1,2,330,""
2018-06-18,"A3","Fr","",3,1,3,336,""
2018-06-18,"A3","Fr","",3,1,4,,""
2018-06-18,"A3","Fr","",3,1,5,333,""
2018-06-18,"A3","Fr","",3,1,6,327,""
2018-06-18,"A3","Fr","",3,1,7,330,""
2018-06-18,"A3","Fr","",3,1,8,329,""
2018-06-18,"A3","Fr","",3,1,9,331,""
2018-06-18,"A3","Fr","",3,7,1,,""
2018-06-18,"A3","Fr","",3,7,2,285,""
2018-06-18,"A3","Fr","",3,7,3,286,""
2018-06-18,"A3","Fr","",3,7,4,280,""
2018-06-18,"A3","Fr","",3,7,5,290,""
2018-06-18,"A3","Fr","",3,7,6,283,""
2018-06-18,"A3","Fr","",3,7,7,296,""
2018-06-18,"A3","Fr","",3,7,8,,""
2018-06-18,"A3","Fr","",3,7,9,306,""
2018-06-18,"A3","Fr","",3,8,1,332,""
2018-06-18,"A3","Fr","",3,8,2,,""
2018-06-18,"A3","Fr","",3,8,3,335,""
2018-06-18,"A3","Fr","",3,8,4,336,""
2018-06-18,"A3","Fr","",3,8,5,332,""
2018-06-18,"A3","Fr","",3,8,6,330,""
2018-06-18,"A3","Fr","",3,8,7,329,""
2018-06-18,"A3","Fr","",3,8,8,328,""
2018-06-18,"A3","Fr","",3,8,9,331,""
2018-06-18,"A5","Fr","",5,5,1,,""
2018-06-18,"A5","Fr","",5,5,2,,""
2018-06-18,"A5","Fr","",5,5,3,304,""
2018-06-18,"A5","Fr","",5,5,4,309,""
2018-06-18,"A5","Fr","",5,5,5,305,""
2018-06-18,"A5","Fr","",5,5,6,,""
2018-06-18,"A5","Fr","",5,5,7,304,""
2018-06-18,"A5","Fr","",5,5,8,310,""
2018-06-18,"A5","Fr","",5,5,9,311,""
2018-06-18,"A5","Fr","",5,6,1,317,""
2018-06-18,"A5","Fr","",5,6,2,331,""
2018-06-18,"A5","Fr","",5,6,3,325,""
2018-06-18,"A5","Fr","",5,6,4,320,""
2018-06-18,"A5","Fr","",5,6,5,322,""
2018-06-18,"A5","Fr","",5,6,6,322,""
2018-06-18,"A5","Fr","",5,6,7,320,""
2018-06-18,"A5","Fr","",5,6,8,318,""
2018-06-18,"A5","Fr","",5,6,9,,""
2018-06-18,"A5","Fr","",5,7,1,320,""
2018-06-18,"A5","Fr","",5,7,2,315,""
2018-06-18,"A5","Fr","",5,7,3,320,""
2018-06-18,"A5","Fr","",5,7,4,322,""
2018-06-18,"A5","Fr","",5,7,5,319,""
2018-06-18,"A5","Fr","",5,7,6,,""
2018-06-18,"A5","Fr","",5,7,7,328,""
2018-06-18,"A5","Fr","",5,7,8,319,""
2018-06-18,"A5","Fr","",5,7,9,328,""
2018-06-18,"A6","Fr","",6,3,1,,""
2018-06-18,"A6","Fr","",6,3,2,327,""
2018-06-18,"A6","Fr","",6,3,3,320,""
2018-06-18,"A6","Fr","",6,3,4,303,""
2018-06-18,"A6","Fr","",6,3,5,323,""
2018-06-18,"A6","Fr","",6,3,6,325,""
2018-06-18,"A6","Fr","",6,3,7,315,""
2018-06-18,"A6","Fr","",6,3,8,315,""
2018-06-18,"A6","Fr","",6,3,9,315,""
2018-06-18,"A6","Fr","",6,4,1,329,""
2018-06-18,"A6","Fr","",6,4,2,328,""
2018-06-18,"A6","Fr","",6,4,3,326,""
2018-06-18,"A6","Fr","",6,4,4,327,""
2018-06-18,"A6","Fr","",6,4,5,,""
2018-06-18,"A6","Fr","",6,4,6,331,""
2018-06-18,"A6","Fr","",6,4,7,322,""
2018-06-18,"A6","Fr","",6,4,8,322,""
2018-06-18,"A6","Fr","",6,4,9,324,""
2018-06-18,"A6","Fr","",6,5,1,330,""
2018-06-18,"A6","Fr","",6,5,2,,""
2018-06-18,"A6","Fr","",6,5,3,335,""
2018-06-18,"A6","Fr","",6,5,4,,""
2018-06-18,"A6","Fr","",6,5,5,320,""
2018-06-18,"A6","Fr","",6,5,6,321,""
2018-06-18,"A6","Fr","",6,5,7,328,""
2018-06-18,"A6","Fr","",6,5,8,332,""
2018-06-18,"A6","Fr","",6,5,9,336,""
2018-06-18,"C1","Fr","PR1",1,6,1,296,""
2018-06-18,"C1","Fr","PR1",1,6,2,292,""
2018-06-18,"C1","Fr","PR1",1,6,3,293,""
2018-06-18,"C1","Fr","PR1",1,6,4,294,""
2018-06-18,"C1","Fr","PR1",1,6,5,295,""
2018-06-18,"C1","Fr","PR1",1,6,6,292,""
2018-06-18,"C1","Fr","PR1",1,6,7,301,""
2018-06-18,"C1","Fr","PR1",1,6,8,,""
2018-06-18,"C1","Fr","PR1",1,6,9,295,""
2018-06-18,"C1","Fr","PR1",1,7,1,300,""
2018-06-18,"C1","Fr","PR1",1,7,2,290,""
2018-06-18,"C1","Fr","PR1",1,7,3,294,""
2018-06-18,"C1","Fr","PR1",1,7,4,301,""
2018-06-18,"C1","Fr","PR1",1,7,5,293,""
2018-06-18,"C1","Fr","PR1",1,7,6,291,""
2018-06-18,"C1","Fr","PR1",1,7,7,288,""
2018-06-18,"C1","Fr","PR1",1,7,8,296,""
2018-06-18,"C1","Fr","PR1",1,7,9,294,""
2018-06-18,"C1","Fr","PR1",1,8,1,,""
2018-06-18,"C1","Fr","PR1",1,8,2,296,""
2018-06-18,"C1","Fr","PR1",1,8,3,300,""
2018-06-18,"C1","Fr","PR1",1,8,4,306,""
2018-06-18,"C1","Fr","PR1",1,8,5,305,""
2018-06-18,"C1","Fr","PR1",1,8,6,306,""
2018-06-18,"C1","Fr","PR1",1,8,7,304,""
2018-06-18,"C1","Fr","PR1",1,8,8,309,""
2018-06-18,"C1","Fr","PR1",1,8,9,304,""
2018-06-18,"B2","PR","CS2",1,5,1,,""
2018-06-18,"B2","PR","CS2",1,5,2,,""
2018-06-18,"B2","PR","CS2",1,5,3,217,""
2018-06-18,"B2","PR","CS2",1,5,4,217,""
2018-06-18,"B2","PR","CS2",1,5,5,224,""
2018-06-18,"B2","PR","CS2",1,5,6,223,""
2018-06-18,"B2","PR","CS2",1,5,7,217,""
2018-06-18,"B2","PR","CS2",1,5,8,223,""
2018-06-18,"B2","PR","CS2",1,5,9,212,""
2018-06-18,"B2","PR","CS2",1,6,1,232,""
2018-06-18,"B2","PR","CS2",1,6,2,231,""
2018-06-18,"B2","PR","CS2",1,6,3,233,""
2018-06-18,"B2","PR","CS2",1,6,4,231,""
2018-06-18,"B2","PR","CS2",1,6,5,232,""
2018-06-18,"B2","PR","CS2",1,6,6,,""
2018-06-18,"B2","PR","CS2",1,6,7,230,""
2018-06-18,"B2","PR","CS2",1,6,8,233,""
2018-06-18,"B2","PR","CS2",1,6,9,233,""
2018-06-18,"B2","PR","CS2",1,7,1,227,""
2018-06-18,"B2","PR","CS2",1,7,2,222,""
2018-06-18,"B2","PR","CS2",1,7,3,231,""
2018-06-18,"B2","PR","CS2",1,7,4,221,""
2018-06-18,"B2","PR","CS2",1,7,5,,""
2018-06-18,"B2","PR","CS2",1,7,6,,""
2018-06-18,"B2","PR","CS2",1,7,7,,""
2018-06-18,"B2","PR","CS2",1,7,8,221,""
2018-06-18,"B2","PR","CS2",1,7,9,227,""
2018-06-18,"C4","PR","",4,1,1,,""
2018-06-18,"C4","PR","",4,1,2,,""
2018-06-18,"C4","PR","",4,1,3,,""
2018-06-18,"C4","PR","",4,1,4,,""
2018-06-18,"C4","PR","",4,1,5,,""
2018-06-18,"C4","PR","",4,1,6,215,""
2018-06-18,"C4","PR","",4,1,7,218,""
2018-06-18,"C4","PR","",4,1,8,217,""
2018-06-18,"C4","PR","",4,1,9,228,""
2018-06-18,"C4","PR","",4,7,1,225,""
2018-06-18,"C4","PR","",4,7,2,218,""
2018-06-18,"C4","PR","",4,7,3,215,""
2018-06-18,"C4","PR","",4,7,4,217,""
2018-06-18,"C4","PR","",4,7,5,215,""
2018-06-18,"C4","PR","",4,7,6,213,""
2018-06-18,"C4","PR","",4,7,7,207,""
2018-06-18,"C4","PR","",4,7,8,209,""
2018-06-18,"C4","PR","",4,7,9,211,""
2018-06-18,"C4","PR","",4,8,1,216,""
2018-06-18,"C4","PR","",4,8,2,219,""
2018-06-18,"C4","PR","",4,8,3,216,""
2018-06-18,"C4","PR","",4,8,4,210,""
2018-06-18,"C4","PR","",4,8,5,210,""
2018-06-18,"C4","PR","",4,8,6,208,""
2018-06-18,"C4","PR","",4,8,7,204,""
2018-06-18,"C4","PR","",4,8,8,220,""
2018-06-18,"C4","PR","",4,8,9,218,""
2018-06-18,"C6","PR","",6,4,1,223,""
2018-06-18,"C6","PR","",6,4,2,214,""
2018-06-18,"C6","PR","",6,4,3,222,""
2018-06-18,"C6","PR","",6,4,4,228,""
2018-06-18,"C6","PR","",6,4,5,232,""
2018-06-18,"C6","PR","",6,4,6,232,""
2018-06-18,"C6","PR","",6,4,7,229,""
2018-06-18,"C6","PR","",6,4,8,230,""
2018-06-18,"C6","PR","",6,4,9,,""
2018-06-18,"C6","PR","",6,5,1,230,""
2018-06-18,"C6","PR","",6,5,2,229,""
2018-06-18,"C6","PR","",6,5,3,228,""
2018-06-18,"C6","PR","",6,5,4,233,""
2018-06-18,"C6","PR","",6,5,5,228,""
2018-06-18,"C6","PR","",6,5,6,223,""
2018-06-18,"C6","PR","",6,5,7,233,""
2018-06-18,"C6","PR","",6,5,8,231,""
2018-06-18,"C6","PR","",6,5,9,229,""
2018-06-18,"C6","PR","",6,6,1,,""
2018-06-18,"C6","PR","",6,6,2,,""
2018-06-18,"C6","PR","",6,6,3,,""
2018-06-18,"C6","PR","",6,6,4,,""
2018-06-18,"C6","PR","",6,6,5,,""
2018-06-18,"C6","PR","",6,6,6,208,""
2018-06-18,"C6","PR","",6,6,7,211,""
2018-06-18,"C6","PR","",6,6,8,207,""
2018-06-18,"C6","PR","",6,6,9,218,""
2018-06-18,"D5","Pu","",5,1,1,,""
2018-06-18,"D5","Pu","",5,1,2,,""
2018-06-18,"D5","Pu","",5,1,3,255,""
2018-06-18,"D5","Pu","",5,1,4,252,""
2018-06-18,"D5","Pu","",5,1,5,265,""
2018-06-18,"D5","Pu","",5,1,6,257,""
2018-06-18,"D5","Pu","",5,1,7,257,""
2018-06-18,"D5","Pu","",5,1,8,251,""
2018-06-18,"D5","Pu","",5,1,9,259,""
2018-06-18,"D5","Pu","",5,7,1,,""
2018-06-18,"D5","Pu","",5,7,2,232,""
2018-06-18,"D5","Pu","",5,7,3,237,""
2018-06-18,"D5","Pu","",5,7,4,241,""
2018-06-18,"D5","Pu","",5,7,5,238,""
2018-06-18,"D5","Pu","",5,7,6,,""
2018-06-18,"D5","Pu","",5,7,7,258,""
2018-06-18,"D5","Pu","",5,7,8,267,""
2018-06-18,"D5","Pu","",5,7,9,268,""
2018-06-18,"D5","Pu","",5,8,1,285,""
2018-06-18,"D5","Pu","",5,8,2,276,""
2018-06-18,"D5","Pu","",5,8,3,285,""
2018-06-18,"D5","Pu","",5,8,4,273,""
2018-06-18,"D5","Pu","",5,8,5,272,""
2018-06-18,"D5","Pu","",5,8,6,275,""
2018-06-18,"D5","Pu","",5,8,7,277,""
2018-06-18,"D5","Pu","",5,8,8,,""
2018-06-18,"D5","Pu","",5,8,9,277,""
2018-12-18,"X2","C","",2,1,1,231,""
2018-12-18,"X2","C","",2,1,2,232,""
2018-12-18,"X2","C","",2,1,3,248,""
2018-12-18,"X2","C","",2,1,4,234,""
2018-12-18,"X2","C","",2,1,5,240,""
2018-12-18,"X2","C","",2,1,6,240,""
2018-12-18,"X2","C","",2,1,7,240,""
2018-12-18,"X2","C","",2,1,8,239,""
2018-12-18,"X2","C","",2,1,9,238,""
2018-12-18,"X2","C","",2,2,1,235,""
2018-12-18,"X2","C","",2,2,2,231,""
2018-12-18,"X2","C","",2,2,3,225,""
2018-12-18,"X2","C","",2,2,4,227,""
2018-12-18,"X2","C","",2,2,5,228,""
2018-12-18,"X2","C","",2,2,6,226,""
2018-12-18,"X2","C","",2,2,7,225,""
2018-12-18,"X2","C","",2,2,8,227,""
2018-12-18,"X2","C","",2,2,9,221,""
2018-12-18,"X2","C","",2,8,1,242,""
2018-12-18,"X2","C","",2,8,2,242,""
2018-12-18,"X2","C","",2,8,3,234,""
2018-12-18,"X2","C","",2,8,4,,""
2018-12-18,"X2","C","",2,8,5,246,""
2018-12-18,"X2","C","",2,8,6,244,""
2018-12-18,"X2","C","",2,8,7,250,""
2018-12-18,"X2","C","",2,8,8,251,""
2018-12-18,"X2","C","",2,8,9,243,""
2018-12-18,"X3","C","",3,1,1,297,""
2018-12-18,"X3","C","",3,1,2,,""
2018-12-18,"X3","C","",3,1,3,314,""
2018-12-18,"X3","C","",3,1,4,310,""
2018-12-18,"X3","C","",3,1,5,308,""
2018-12-18,"X3","C","",3,1,6,306,""
2018-12-18,"X3","C","",3,1,7,310,""
2018-12-18,"X3","C","",3,1,8,297,""
2018-12-18,"X3","C","",3,1,9,302,""
2018-12-18,"X3","C","",3,2,1,287,""
2018-12-18,"X3","C","",3,2,2,290,""
2018-12-18,"X3","C","",3,2,3,285,""
2018-12-18,"X3","C","",3,2,4,283,""
2018-12-18,"X3","C","",3,2,5,280,""
2018-12-18,"X3","C","",3,2,6,279,""
2018-12-18,"X3","C","",3,2,7,281,""
2018-12-18,"X3","C","",3,2,8,281,""
2018-12-18,"X3","C","",3,2,9,278,""
2018-12-18,"X3","C","",3,3,1,275,""
2018-12-18,"X3","C","",3,3,2,275,""
2018-12-18,"X3","C","",3,3,3,270,""
2018-12-18,"X3","C","",3,3,4,280,""
2018-12-18,"X3","C","",3,3,5,278,""
2018-12-18,"X3","C","",3,3,6,280,""
2018-12-18,"X3","C","",3,3,7,279,""
2018-12-18,"X3","C","",3,3,8,275,""
2018-12-18,"X3","C","",3,3,9,272,""
2018-12-18,"X4","C","",4,1,1,275,""
2018-12-18,"X4","C","",4,1,2,272,""
2018-12-18,"X4","C","",4,1,3,270,""
2018-12-18,"X4","C","",4,1,4,,""
2018-12-18,"X4","C","",4,1,5,,""
2018-12-18,"X4","C","",4,1,6,265,""
2018-12-18,"X4","C","",4,1,7,270,""
2018-12-18,"X4","C","",4,1,8,262,""
2018-12-18,"X4","C","",4,1,9,265,""
2018-12-18,"X4","C","",4,2,1,272,""
2018-12-18,"X4","C","",4,2,2,275,""
2018-12-18,"X4","C","",4,2,3,,""
2018-12-18,"X4","C","",4,2,4,280,""
2018-12-18,"X4","C","",4,2,5,275,""
2018-12-18,"X4","C","",4,2,6,280,""
2018-12-18,"X4","C","",4,2,7,279,""
2018-12-18,"X4","C","",4,2,8,278,""
2018-12-18,"X4","C","",4,2,9,282,""
2018-12-18,"X4","C","",4,3,1,,""
2018-12-18,"X4","C","",4,3,2,,""
2018-12-18,"X4","C","",4,3,3,278,""
2018-12-18,"X4","C","",4,3,4,282,""
2018-12-18,"X4","C","",4,3,5,285,""
2018-12-18,"X4","C","",4,3,6,288,""
2018-12-18,"X4","C","",4,3,7,284,""
2018-12-18,"X4","C","",4,3,8,284,""
2018-12-18,"X4","C","",4,3,9,,""
2018-12-18,"X6","C","",6,5,1,,""
2018-12-18,"X6","C","",6,5,2,274,""
2018-12-18,"X6","C","",6,5,3,267,""
2018-12-18,"X6","C","",6,5,4,268,""
2018-12-18,"X6","C","",6,5,5,,""
2018-12-18,"X6","C","",6,5,6,266,""
2018-12-18,"X6","C","",6,5,7,,""
2018-12-18,"X6","C","",6,5,8,265,""
2018-12-18,"X6","C","",6,5,9,259,""
2018-12-18,"X6","C","",6,6,1,269,""
2018-12-18,"X6","C","",6,6,2,266,""
2018-12-18,"X6","C","",6,6,3,,""
2018-12-18,"X6","C","",6,6,4,270,""
2018-12-18,"X6","C","",6,6,5,272,""
2018-12-18,"X6","C","",6,6,6,272,""
2018-12-18,"X6","C","",6,6,7,271,""
2018-12-18,"X6","C","",6,6,8,270,""
2018-12-18,"X6","C","",6,6,9,271,""
2018-12-18,"X6","C","",6,7,1,,""
2018-12-18,"X6","C","",6,7,2,,""
2018-12-18,"X6","C","",6,7,3,265,""
2018-12-18,"X6","C","",6,7,4,271,""
2018-12-18,"X6","C","",6,7,5,,""
2018-12-18,"X6","C","",6,7,6,267,""
2018-12-18,"X6","C","",6,7,7,268,""
2018-12-18,"X6","C","",6,7,8,264,""
2018-12-18,"X6","C","",6,7,9,267,""
2018-12-18,"B1","CS","",1,1,1,343,""
2018-12-18,"B1","CS","",1,1,2,344,""
2018-12-18,"B1","CS","",1,1,3,343,""
2018-12-18,"B1","CS","",1,1,4,341,""
2018-12-18,"B1","CS","",1,1,5,341,""
2018-12-18,"B1","CS","",1,1,6,337,""
2018-12-18,"B1","CS","",1,1,7,340,""
2018-12-18,"B1","CS","",1,1,8,339,""
2018-12-18,"B1","CS","",1,1,9,335,""
2018-12-18,"B1","CS","",1,2,1,352,""
2018-12-18,"B1","CS","",1,2,2,348,""
2018-12-18,"B1","CS","",1,2,3,353,""
2018-12-18,"B1","CS","",1,2,4,349,""
2018-12-18,"B1","CS","",1,2,5,353,""
2018-12-18,"B1","CS","",1,2,6,356,""
2018-12-18,"B1","CS","",1,2,7,,""
2018-12-18,"B1","CS","",1,2,8,360,""
2018-12-18,"B1","CS","",1,2,9,358,""
2018-12-18,"B1","CS","",1,3,1,,""
2018-12-18,"B1","CS","",1,3,2,,""
2018-12-18,"B1","CS","",1,3,3,,""
2018-12-18,"B1","CS","",1,3,4,,""
2018-12-18,"B1","CS","",1,3,5,,""
2018-12-18,"B1","CS","",1,3,6,,""
2018-12-18,"B1","CS","",1,3,7,,""
2018-12-18,"B1","CS","",1,3,8,,""
2018-12-18,"B1","CS","",1,3,9,,""
2018-12-18,"B5","CS","",5,3,1,,""
2018-12-18,"B5","CS","",5,3,2,,""
2018-12-18,"B5","CS","",5,3,3,305,""
2018-12-18,"B5","CS","",5,3,4,303,""
2018-12-18,"B5","CS","",5,3,5,,""
2018-12-18,"B5","CS","",5,3,6,310,""
2018-12-18,"B5","CS","",5,3,7,305,""
2018-12-18,"B5","CS","",5,3,8,307,""
2018-12-18,"B5","CS","",5,3,9,,""
2018-12-18,"B5","CS","",5,4,1,304,""
2018-12-18,"B5","CS","",5,4,2,305,""
2018-12-18,"B5","CS","",5,4,3,306,""
2018-12-18,"B5","CS","",5,4,4,307,""
2018-12-18,"B5","CS","",5,4,5,308,""
2018-12-18,"B5","CS","",5,4,6,304,""
2018-12-18,"B5","CS","",5,4,7,305,""
2018-12-18,"B5","CS","",5,4,8,300,""
2018-12-18,"B5","CS","",5,4,9,,""
2018-12-18,"B5","CS","",5,5,1,303,""
2018-12-18,"B5","CS","",5,5,2,306,""
2018-12-18,"B5","CS","",5,5,3,307,""
2018-12-18,"B5","CS","",5,5,4,312,""
2018-12-18,"B5","CS","",5,5,5,307,""
2018-12-18,"B5","CS","",5,5,6,308,""
2018-12-18,"B5","CS","",5,5,7,316,""
2018-12-18,"B5","CS","",5,5,8,317,""
2018-12-18,"B5","CS","",5,5,9,315,""
2018-12-18,"C2","CS","PR2",3,4,1,280,""
2018-12-18,"C2","CS","PR2",3,4,2,285,""
2018-12-18,"C2","CS","PR2",3,4,3,273,""
2018-12-18,"C2","CS","PR2",3,4,4,281,""
2018-12-18,"C2","CS","PR2",3,4,5,284,""
2018-12-18,"C2","CS","PR2",3,4,6,286,""
2018-12-18,"C2","CS","PR2",3,4,7,288,""
2018-12-18,"C2","CS","PR2",3,4,8,280,""
2018-12-18,"C2","CS","PR2",3,4,9,283,""
2018-12-18,"C2","CS","PR2",3,5,1,278,""
2018-12-18,"C2","CS","PR2",3,5,2,276,""
2018-12-18,"C2","CS","PR2",3,5,3,279,""
2018-12-18,"C2","CS","PR2",3,5,4,276,""
2018-12-18,"C2","CS","PR2",3,5,5,269,""
2018-12-18,"C2","CS","PR2",3,5,6,278,""
2018-12-18,"C2","CS","PR2",3,5,7,279,""
2018-12-18,"C2","CS","PR2",3,5,8,277,""
2018-12-18,"C2","CS","PR2",3,5,9,271,""
2018-12-18,"C2","CS","PR2",3,6,1,250,""
2018-12-18,"C2","CS","PR2",3,6,2,,""
2018-12-18,"C2","CS","PR2",3,6,3,246,""
2018-12-18,"C2","CS","PR2",3,6,4,245,""
2018-12-18,"C2","CS","PR2",3,6,5,,""
2018-12-18,"C2","CS","PR2",3,6,6,,""
2018-12-18,"C2","CS","PR2",3,6,7,267,""
2018-12-18,"C2","CS","PR2",3,6,8,268,""
2018-12-18,"C2","CS","PR2",3,6,9,268,""
2018-12-18,"A2","Fr","",2,1,1,276,""
2018-12-18,"A2","Fr","",2,1,2,275,""
2018-12-18,"A2","Fr","",2,1,3,278,""
2018-12-18,"A2","Fr","",2,1,4,280,""
2018-12-18,"A2","Fr","",2,1,5,282,""
2018-12-18,"A2","Fr","",2,1,6,288,""
2018-12-18,"A2","Fr","",2,1,7,284,""
2018-12-18,"A2","Fr","",2,1,8,278,""
2018-12-18,"A2","Fr","",2,1,9,283,""
2018-12-18,"A2","Fr","",2,7,1,285,""
2018-12-18,"A2","Fr","",2,7,2,282,""
2018-12-18,"A2","Fr","",2,7,3,278,""
2018-12-18,"A2","Fr","",2,7,4,279,""
2018-12-18,"A2","Fr","",2,7,5,,""
2018-12-18,"A2","Fr","",2,7,6,289,""
2018-12-18,"A2","Fr","",2,7,7,287,""
2018-12-18,"A2","Fr","",2,7,8,291,""
2018-12-18,"A2","Fr","",2,7,9,283,""
2018-12-18,"A2","Fr","",2,8,1,281,""
2018-12-18,"A2","Fr","",2,8,2,282,""
2018-12-18,"A2","Fr","",2,8,3,287,""
2018-12-18,"A2","Fr","",2,8,4,290,""
2018-12-18,"A2","Fr","",2,8,5,282,""
2018-12-18,"A2","Fr","",2,8,6,279,""
2018-12-18,"A2","Fr","",2,8,7,281,""
2018-12-18,"A2","Fr","",2,8,8,,""
2018-12-18,"A2","Fr","",2,8,9,281,""
2018-12-18,"A3","Fr","",3,1,1,332,""
2018-12-18,"A3","Fr","",3,1,2,,""
2018-12-18,"A3","Fr","",3,1,3,338,""
2018-12-18,"A3","Fr","",3,1,4,333,""
2018-12-18,"A3","Fr","",3,1,5,335,""
2018-12-18,"A3","Fr","",3,1,6,335,""
2018-12-18,"A3","Fr","",3,1,7,335,""
2018-12-18,"A3","Fr","",3,1,8,332,""
2018-12-18,"A3","Fr","",3,1,9,335,""
2018-12-18,"A3","Fr","",3,7,1,,""
2018-12-18,"A3","Fr","",3,7,2,288,""
2018-12-18,"A3","Fr","",3,7,3,,""
2018-12-18,"A3","Fr","",3,7,4,289,""
2018-12-18,"A3","Fr","",3,7,5,292,""
2018-12-18,"A3","Fr","",3,7,6,292,""
2018-12-18,"A3","Fr","",3,7,7,298,""
2018-12-18,"A3","Fr","",3,7,8,298,""
2018-12-18,"A3","Fr","",3,7,9,,""
2018-12-18,"A3","Fr","",3,8,1,331,""
2018-12-18,"A3","Fr","",3,8,2,336,""
2018-12-18,"A3","Fr","",3,8,3,341,""
2018-12-18,"A3","Fr","",3,8,4,,""
2018-12-18,"A3","Fr","",3,8,5,337,""
2018-12-18,"A3","Fr","",3,8,6,337,""
2018-12-18,"A3","Fr","",3,8,7,336,""
2018-12-18,"A3","Fr","",3,8,8,338,""
2018-12-18,"A3","Fr","",3,8,9,339,""
2018-12-18,"A5","Fr","",5,5,1,,""
2018-12-18,"A5","Fr","",5,5,2,,""
2018-12-18,"A5","Fr","",5,5,3,315,""
2018-12-18,"A5","Fr","",5,5,4,315,""
2018-12-18,"A5","Fr","",5,5,5,317,""
2018-12-18,"A5","Fr","",5,5,6,317,""
2018-12-18,"A5","Fr","",5,5,7,307,""
2018-12-18,"A5","Fr","",5,5,8,317,""
2018-12-18,"A5","Fr","",5,5,9,320,""
2018-12-18,"A5","Fr","",5,6,1,320,""
2018-12-18,"A5","Fr","",5,6,2,318,""
2018-12-18,"A5","Fr","",5,6,3,326,""
2018-12-18,"A5","Fr","",5,6,4,321,""
2018-12-18,"A5","Fr","",5,6,5,,""
2018-12-18,"A5","Fr","",5,6,6,323,""
2018-12-18,"A5","Fr","",5,6,7,327,""
2018-12-18,"A5","Fr","",5,6,8,324,""
2018-12-18,"A5","Fr","",5,6,9,322,""
2018-12-18,"A5","Fr","",5,7,1,317,""
2018-12-18,"A5","Fr","",5,7,2,319,""
2018-12-18,"A5","Fr","",5,7,3,320,""
2018-12-18,"A5","Fr","",5,7,4,325,""
2018-12-18,"A5","Fr","",5,7,5,,""
2018-12-18,"A5","Fr","",5,7,6,321,""
2018-12-18,"A5","Fr","",5,7,7,323,""
2018-12-18,"A5","Fr","",5,7,8,323,""
2018-12-18,"A5","Fr","",5,7,9,316,""
2018-12-18,"A6","Fr","",6,3,1,,""
2018-12-18,"A6","Fr","",6,3,2,,""
2018-12-18,"A6","Fr","",6,3,3,328,""
2018-12-18,"A6","Fr","",6,3,4,322,""
2018-12-18,"A6","Fr","",6,3,5,327,""
2018-12-18,"A6","Fr","",6,3,6,330,""
2018-12-18,"A6","Fr","",6,3,7,325,""
2018-12-18,"A6","Fr","",6,3,8,325,""
2018-12-18,"A6","Fr","",6,3,9,324,""
2018-12-18,"A6","Fr","",6,4,1,328,""
2018-12-18,"A6","Fr","",6,4,2,325,""
2018-12-18,"A6","Fr","",6,4,3,327,""
2018-12-18,"A6","Fr","",6,4,4,322,""
2018-12-18,"A6","Fr","",6,4,5,321,""
2018-12-18,"A6","Fr","",6,4,6,325,""
2018-12-18,"A6","Fr","",6,4,7,331,""
2018-12-18,"A6","Fr","",6,4,8,330,""
2018-12-18,"A6","Fr","",6,4,9,,""
2018-12-18,"A6","Fr","",6,5,1,317,""
2018-12-18,"A6","Fr","",6,5,2,323,""
2018-12-18,"A6","Fr","",6,5,3,317,""
2018-12-18,"A6","Fr","",6,5,4,312,""
2018-12-18,"A6","Fr","",6,5,5,316,""
2018-12-18,"A6","Fr","",6,5,6,321,""
2018-12-18,"A6","Fr","",6,5,7,320,""
2018-12-18,"A6","Fr","",6,5,8,318,""
2018-12-18,"A6","Fr","",6,5,9,322,""
2018-12-18,"C1","Fr","PR1",1,6,1,298,""
2018-12-18,"C1","Fr","PR1",1,6,2,,""
2018-12-18,"C1","Fr","PR1",1,6,3,298,""
2018-12-18,"C1","Fr","PR1",1,6,4,300,""
2018-12-18,"C1","Fr","PR1",1,6,5,301,""
2018-12-18,"C1","Fr","PR1",1,6,6,300,""
2018-12-18,"C1","Fr","PR1",1,6,7,292,""
2018-12-18,"C1","Fr","PR1",1,6,8,305,""
2018-12-18,"C1","Fr","PR1",1,6,9,297,""
2018-12-18,"C1","Fr","PR1",1,7,1,297,""
2018-12-18,"C1","Fr","PR1",1,7,2,288,""
2018-12-18,"C1","Fr","PR1",1,7,3,301,""
2018-12-18,"C1","Fr","PR1",1,7,4,297,""
2018-12-18,"C1","Fr","PR1",1,7,5,292,""
2018-12-18,"C1","Fr","PR1",1,7,6,305,""
2018-12-18,"C1","Fr","PR1",1,7,7,300,""
2018-12-18,"C1","Fr","PR1",1,7,8,297,""
2018-12-18,"C1","Fr","PR1",1,7,9,297,""
2018-12-18,"C1","Fr","PR1",1,8,1,,""
2018-12-18,"C1","Fr","PR1",1,8,2,311,""
2018-12-18,"C1","Fr","PR1",1,8,3,301,""
2018-12-18,"C1","Fr","PR1",1,8,4,305,""
2018-12-18,"C1","Fr","PR1",1,8,5,311,""
2018-12-18,"C1","Fr","PR1",1,8,6,312,""
2018-12-18,"C1","Fr","PR1",1,8,7,,""
2018-12-18,"C1","Fr","PR1",1,8,8,312,""
2018-12-18,"C1","Fr","PR1",1,8,9,314,""
2018-12-18,"B2","PR","CS2",1,5,1,,""
2018-12-18,"B2","PR","CS2",1,5,2,211,""
2018-12-18,"B2","PR","CS2",1,5,3,212,""
2018-12-18,"B2","PR","CS2",1,5,4,213,""
2018-12-18,"B2","PR","CS2",1,5,5,211,""
2018-12-18,"B2","PR","CS2",1,5,6,206,""
2018-12-18,"B2","PR","CS2",1,5,7,212,""
2018-12-18,"B2","PR","CS2",1,5,8,219,""
2018-12-18,"B2","PR","CS2",1,5,9,,""
2018-12-18,"B2","PR","CS2",1,6,1,221,""
2018-12-18,"B2","PR","CS2",1,6,2,220,""
2018-12-18,"B2","PR","CS2",1,6,3,219,""
2018-12-18,"B2","PR","CS2",1,6,4,215,""
2018-12-18,"B2","PR","CS2",1,6,5,221,""
2018-12-18,"B2","PR","CS2",1,6,6,223,""
2018-12-18,"B2","PR","CS2",1,6,7,,""
2018-12-18,"B2","PR","CS2",1,6,8,221,""
2018-12-18,"B2","PR","CS2",1,6,9,217,""
2018-12-18,"B2","PR","CS2",1,7,1,222,""
2018-12-18,"B2","PR","CS2",1,7,2,216,""
2018-12-18,"B2","PR","CS2",1,7,3,214,""
2018-12-18,"B2","PR","CS2",1,7,4,218,""
2018-12-18,"B2","PR","CS2",1,7,5,,""
2018-12-18,"B2","PR","CS2",1,7,6,,""
2018-12-18,"B2","PR","CS2",1,7,7,226,""
2018-12-18,"B2","PR","CS2",1,7,8,222,""
2018-12-18,"B2","PR","CS2",1,7,9,217,""
2018-12-18,"C4","PR","",4,1,1,229,""
2018-12-18,"C4","PR","",4,1,2,225,""
2018-12-18,"C4","PR","",4,1,3,225,""
2018-12-18,"C4","PR","",4,1,4,225,""
2018-12-18,"C4","PR","",4,1,5,226,""
2018-12-18,"C4","PR","",4,1,6,221,""
2018-12-18,"C4","PR","",4,1,7,220,""
2018-12-18,"C4","PR","",4,1,8,216,""
2018-12-18,"C4","PR","",4,1,9,217,""
2018-12-18,"C4","PR","",4,7,1,227,""
2018-12-18,"C4","PR","",4,7,2,222,""
2018-12-18,"C4","PR","",4,7,3,224,""
2018-12-18,"C4","PR","",4,7,4,222,""
2018-12-18,"C4","PR","",4,7,5,223,""
2018-12-18,"C4","PR","",4,7,6,224,""
2018-12-18,"C4","PR","",4,7,7,225,""
2018-12-18,"C4","PR","",4,7,8,223,""
2018-12-18,"C4","PR","",4,7,9,228,""
2018-12-18,"C4","PR","",4,8,1,223,""
2018-12-18,"C4","PR","",4,8,2,222,""
2018-12-18,"C4","PR","",4,8,3,222,""
2018-12-18,"C4","PR","",4,8,4,218,""
2018-12-18,"C4","PR","",4,8,5,223,""
2018-12-18,"C4","PR","",4,8,6,231,""
2018-12-18,"C4","PR","",4,8,7,229,""
2018-12-18,"C4","PR","",4,8,8,222,""
2018-12-18,"C4","PR","",4,8,9,223,""
2018-12-18,"C6","PR","",6,4,1,227,""
2018-12-18,"C6","PR","",6,4,2,228,""
2018-12-18,"C6","PR","",6,4,3,230,""
2018-12-18,"C6","PR","",6,4,4,227,""
2018-12-18,"C6","PR","",6,4,5,229,""
2018-12-18,"C6","PR","",6,4,6,230,""
2018-12-18,"C6","PR","",6,4,7,227,""
2018-12-18,"C6","PR","",6,4,8,227,""
2018-12-18,"C6","PR","",6,4,9,239,""
2018-12-18,"C6","PR","",6,5,1,230,""
2018-12-18,"C6","PR","",6,5,2,229,""
2018-12-18,"C6","PR","",6,5,3,227,""
2018-12-18,"C6","PR","",6,5,4,223,""
2018-12-18,"C6","PR","",6,5,5,226,""
2018-12-18,"C6","PR","",6,5,6,227,""
2018-12-18,"C6","PR","",6,5,7,230,""
2018-12-18,"C6","PR","",6,5,8,222,""
2018-12-18,"C6","PR","",6,5,9,,""
2018-12-18,"C6","PR","",6,6,1,,""
2018-12-18,"C6","PR","",6,6,2,,""
2018-12-18,"C6","PR","",6,6,3,,""
2018-12-18,"C6","PR","",6,6,4,,""
2018-12-18,"C6","PR","",6,6,5,,""
2018-12-18,"C6","PR","",6,6,6,,""
2018-12-18,"C6","PR","",6,6,7,212,""
2018-12-18,"C6","PR","",6,6,8,208,""
2018-12-18,"C6","PR","",6,6,9,,""
2018-12-18,"D5","Pu","",5,1,1,,""
2018-12-18,"D5","Pu","",5,1,2,275,""
2018-12-18,"D5","Pu","",5,1,3,279,""
2018-12-18,"D5","Pu","",5,1,4,278,""
2018-12-18,"D5","Pu","",5,1,5,275,""
2018-12-18,"D5","Pu","",5,1,6,,""
2018-12-18,"D5","Pu","",5,1,7,278,""
2018-12-18,"D5","Pu","",5,1,8,274,""
2018-12-18,"D5","Pu","",5,1,9,278,""
2018-12-18,"D5","Pu","",5,7,1,,""
2018-12-18,"D5","Pu","",5,7,2,228,""
2018-12-18,"D5","Pu","",5,7,3,224,""
2018-12-18,"D5","Pu","",5,7,4,234,""
2018-12-18,"D5","Pu","",5,7,5,,""
2018-12-18,"D5","Pu","",5,7,6,,""
2018-12-18,"D5","Pu","",5,7,7,242,""
2018-12-18,"D5","Pu","",5,7,8,248,""
2018-12-18,"D5","Pu","",5,7,9,256,""
2018-12-18,"D5","Pu","",5,8,1,281,""
2018-12-18,"D5","Pu","",5,8,2,280,""
2018-12-18,"D5","Pu","",5,8,3,272,""
2018-12-18,"D5","Pu","",5,8,4,278,""
2018-12-18,"D5","Pu","",5,8,5,273,""
2018-12-18,"D5","Pu","",5,8,6,272,""
2018-12-18,"D5","Pu","",5,8,7,268,""
2018-12-18,"D5","Pu","",5,8,8,267,""
2018-12-18,"D5","Pu","",5,8,9,268,""
2019-07-19,"X2","C","",2,1,1,236,""
2019-07-19,"X2","C","",2,1,2,232,""
2019-07-19,"X2","C","",2,1,3,242,""
2019-07-19,"X2","C","",2,1,4,230,""
2019-07-19,"X2","C","",2,1,5,240,""
2019-07-19,"X2","C","",2,1,6,243,""
2019-07-19,"X2","C","",2,1,7,242,""
2019-07-19,"X2","C","",2,1,8,235,""
2019-07-19,"X2","C","",2,1,9,242,""
2019-07-19,"X2","C","",2,2,1,236,""
2019-07-19,"X2","C","",2,2,2,237,""
2019-07-19,"X2","C","",2,2,3,249,""
2019-07-19,"X2","C","",2,2,4,242,""
2019-07-19,"X2","C","",2,2,5,240,""
2019-07-19,"X2","C","",2,2,6,,""
2019-07-19,"X2","C","",2,2,7,246,""
2019-07-19,"X2","C","",2,2,8,,""
2019-07-19,"X2","C","",2,2,9,248,""
2019-07-19,"X2","C","",2,8,1,250,""
2019-07-19,"X2","C","",2,8,2,247,""
2019-07-19,"X2","C","",2,8,3,242,""
2019-07-19,"X2","C","",2,8,4,242,""
2019-07-19,"X2","C","",2,8,5,248,""
2019-07-19,"X2","C","",2,8,6,248,""
2019-07-19,"X2","C","",2,8,7,243,""
2019-07-19,"X2","C","",2,8,8,241,""
2019-07-19,"X2","C","",2,8,9,243,""
2019-07-19,"X3","C","",3,1,1,305,""
2019-07-19,"X3","C","",3,1,2,295,""
2019-07-19,"X3","C","",3,1,3,296,""
2019-07-19,"X3","C","",3,1,4,295,""
2019-07-19,"X3","C","",3,1,5,296,""
2019-07-19,"X3","C","",3,1,6,296,""
2019-07-19,"X3","C","",3,1,7,287,""
2019-07-19,"X3","C","",3,1,8,,""
2019-07-19,"X3","C","",3,1,9,,""
2019-07-19,"X3","C","",3,2,1,295,""
2019-07-19,"X3","C","",3,2,2,296,""
2019-07-19,"X3","C","",3,2,3,295,""
2019-07-19,"X3","C","",3,2,4,297,""
2019-07-19,"X3","C","",3,2,5,291,""
2019-07-19,"X3","C","",3,2,6,288,""
2019-07-19,"X3","C","",3,2,7,281,""
2019-07-19,"X3","C","",3,2,8,,""
2019-07-19,"X3","C","",3,2,9,287,""
2019-07-19,"X3","C","",3,3,1,281,""
2019-07-19,"X3","C","",3,3,2,283,""
2019-07-19,"X3","C","",3,3,3,286,""
2019-07-19,"X3","C","",3,3,4,278,""
2019-07-19,"X3","C","",3,3,5,281,""
2019-07-19,"X3","C","",3,3,6,280,""
2019-07-19,"X3","C","",3,3,7,285,""
2019-07-19,"X3","C","",3,3,8,283,""
2019-07-19,"X3","C","",3,3,9,281,""
2019-07-19,"X4","C","",4,1,1,273,""
2019-07-19,"X4","C","",4,1,2,,""
2019-07-19,"X4","C","",4,1,3,275,""
2019-07-19,"X4","C","",4,1,4,,""
2019-07-19,"X4","C","",4,1,5,276,""
2019-07-19,"X4","C","",4,1,6,276,""
2019-07-19,"X4","C","",4,1,7,274,""
2019-07-19,"X4","C","",4,1,8,277,""
2019-07-19,"X4","C","",4,1,9,267,""
2019-07-19,"X4","C","",4,2,1,279,""
2019-07-19,"X4","C","",4,2,2,285,""
2019-07-19,"X4","C","",4,2,3,277,""
2019-07-19,"X4","C","",4,2,4,277,""
2019-07-19,"X4","C","",4,2,5,282,""
2019-07-19,"X4","C","",4,2,6,282,""
2019-07-19,"X4","C","",4,2,7,280,""
2019-07-19,"X4","C","",4,2,8,279,""
2019-07-19,"X4","C","",4,2,9,276,""
2019-07-19,"X4","C","",4,3,1,,""
2019-07-19,"X4","C","",4,3,2,,""
2019-07-19,"X4","C","",4,3,3,282,""
2019-07-19,"X4","C","",4,3,4,284,""
2019-07-19,"X4","C","",4,3,5,287,""
2019-07-19,"X4","C","",4,3,6,282,""
2019-07-19,"X4","C","",4,3,7,286,""
2019-07-19,"X4","C","",4,3,8,285,""
2019-07-19,"X4","C","",4,3,9,282,""
2019-07-19,"X6","C","",6,5,1,284,""
2019-07-19,"X6","C","",6,5,2,280,""
2019-07-19,"X6","C","",6,5,3,278,""
2019-07-19,"X6","C","",6,5,4,280,""
2019-07-19,"X6","C","",6,5,5,,""
2019-07-19,"X6","C","",6,5,6,276,""
2019-07-19,"X6","C","",6,5,7,278,""
2019-07-19,"X6","C","",6,5,8,276,""
2019-07-19,"X6","C","",6,5,9,,""
2019-07-19,"X6","C","",6,6,1,281,""
2019-07-19,"X6","C","",6,6,2,,""
2019-07-19,"X6","C","",6,6,3,289,""
2019-07-19,"X6","C","",6,6,4,286,""
2019-07-19,"X6","C","",6,6,5,,""
2019-07-19,"X6","C","",6,6,6,272,""
2019-07-19,"X6","C","",6,6,7,281,""
2019-07-19,"X6","C","",6,6,8,282,""
2019-07-19,"X6","C","",6,6,9,278,""
2019-07-19,"X6","C","",6,7,1,,""
2019-07-19,"X6","C","",6,7,2,,""
2019-07-19,"X6","C","",6,7,3,,""
2019-07-19,"X6","C","",6,7,4,,""
2019-07-19,"X6","C","",6,7,5,,""
2019-07-19,"X6","C","",6,7,6,281,""
2019-07-19,"X6","C","",6,7,7,275,""
2019-07-19,"X6","C","",6,7,8,283,""
2019-07-19,"X6","C","",6,7,9,283,""
2019-07-19,"B1","CS","",1,1,1,358,""
2019-07-19,"B1","CS","",1,1,2,358,""
2019-07-19,"B1","CS","",1,1,3,354,""
2019-07-19,"B1","CS","",1,1,4,352,""
2019-07-19,"B1","CS","",1,1,5,,""
2019-07-19,"B1","CS","",1,1,6,362,""
2019-07-19,"B1","CS","",1,1,7,361,""
2019-07-19,"B1","CS","",1,1,8,,""
2019-07-19,"B1","CS","",1,1,9,,""
2019-07-19,"B1","CS","",1,2,1,366,""
2019-07-19,"B1","CS","",1,2,2,364,""
2019-07-19,"B1","CS","",1,2,3,370,""
2019-07-19,"B1","CS","",1,2,4,,""
2019-07-19,"B1","CS","",1,2,5,362,""
2019-07-19,"B1","CS","",1,2,6,367,""
2019-07-19,"B1","CS","",1,2,7,368,""
2019-07-19,"B1","CS","",1,2,8,367,""
2019-07-19,"B1","CS","",1,2,9,366,""
2019-07-19,"B1","CS","",1,3,1,,""
2019-07-19,"B1","CS","",1,3,2,,""
2019-07-19,"B1","CS","",1,3,3,,""
2019-07-19,"B1","CS","",1,3,4,,""
2019-07-19,"B1","CS","",1,3,5,,""
2019-07-19,"B1","CS","",1,3,6,,""
2019-07-19,"B1","CS","",1,3,7,,""
2019-07-19,"B1","CS","",1,3,8,,""
2019-07-19,"B1","CS","",1,3,9,,""
2019-07-19,"B5","CS","",5,3,1,,""
2019-07-19,"B5","CS","",5,3,2,,""
2019-07-19,"B5","CS","",5,3,3,,""
2019-07-19,"B5","CS","",5,3,4,317,""
2019-07-19,"B5","CS","",5,3,5,319,""
2019-07-19,"B5","CS","",5,3,6,,""
2019-07-19,"B5","CS","",5,3,7,322,""
2019-07-19,"B5","CS","",5,3,8,318,""
2019-07-19,"B5","CS","",5,3,9,316,""
2019-07-19,"B5","CS","",5,4,1,315,""
2019-07-19,"B5","CS","",5,4,2,315,""
2019-07-19,"B5","CS","",5,4,3,315,""
2019-07-19,"B5","CS","",5,4,4,314,""
2019-07-19,"B5","CS","",5,4,5,,""
2019-07-19,"B5","CS","",5,4,6,312,""
2019-07-19,"B5","CS","",5,4,7,317,""
2019-07-19,"B5","CS","",5,4,8,319,""
2019-07-19,"B5","CS","",5,4,9,315,""
2019-07-19,"B5","CS","",5,5,1,315,""
2019-07-19,"B5","CS","",5,5,2,313,""
2019-07-19,"B5","CS","",5,5,3,308,""
2019-07-19,"B5","CS","",5,5,4,310,""
2019-07-19,"B5","CS","",5,5,5,,""
2019-07-19,"B5","CS","",5,5,6,315,""
2019-07-19,"B5","CS","",5,5,7,319,""
2019-07-19,"B5","CS","",5,5,8,322,""
2019-07-19,"B5","CS","",5,5,9,,""
2019-07-19,"C2","CS","PR2",3,4,1,308,""
2019-07-19,"C2","CS","PR2",3,4,2,,""
2019-07-19,"C2","CS","PR2",3,4,3,304,""
2019-07-19,"C2","CS","PR2",3,4,4,295,""
2019-07-19,"C2","CS","PR2",3,4,5,296,""
2019-07-19,"C2","CS","PR2",3,4,6,300,""
2019-07-19,"C2","CS","PR2",3,4,7,299,""
2019-07-19,"C2","CS","PR2",3,4,8,301,""
2019-07-19,"C2","CS","PR2",3,4,9,,""
2019-07-19,"C2","CS","PR2",3,5,1,286,""
2019-07-19,"C2","CS","PR2",3,5,2,290,""
2019-07-19,"C2","CS","PR2",3,5,3,292,""
2019-07-19,"C2","CS","PR2",3,5,4,,""
2019-07-19,"C2","CS","PR2",3,5,5,292,""
2019-07-19,"C2","CS","PR2",3,5,6,287,""
2019-07-19,"C2","CS","PR2",3,5,7,290,""
2019-07-19,"C2","CS","PR2",3,5,8,,""
2019-07-19,"C2","CS","PR2",3,5,9,,""
2019-07-19,"C2","CS","PR2",3,6,1,,""
2019-07-19,"C2","CS","PR2",3,6,2,,""
2019-07-19,"C2","CS","PR2",3,6,3,258,""
2019-07-19,"C2","CS","PR2",3,6,4,250,""
2019-07-19,"C2","CS","PR2",3,6,5,248,""
2019-07-19,"C2","CS","PR2",3,6,6,261,""
2019-07-19,"C2","CS","PR2",3,6,7,261,""
2019-07-19,"C2","CS","PR2",3,6,8,266,""
2019-07-19,"C2","CS","PR2",3,6,9,262,""
2019-07-19,"A2","Fr","",2,1,1,294,""
2019-07-19,"A2","Fr","",2,1,2,281,""
2019-07-19,"A2","Fr","",2,1,3,289,""
2019-07-19,"A2","Fr","",2,1,4,284,""
2019-07-19,"A2","Fr","",2,1,5,,""
2019-07-19,"A2","Fr","",2,1,6,301,""
2019-07-19,"A2","Fr","",2,1,7,291,""
2019-07-19,"A2","Fr","",2,1,8,288,""
2019-07-19,"A2","Fr","",2,1,9,283,""
2019-07-19,"A2","Fr","",2,7,1,291,""
2019-07-19,"A2","Fr","",2,7,2,291,""
2019-07-19,"A2","Fr","",2,7,3,290,""
2019-07-19,"A2","Fr","",2,7,4,290,""
2019-07-19,"A2","Fr","",2,7,5,292,""
2019-07-19,"A2","Fr","",2,7,6,293,""
2019-07-19,"A2","Fr","",2,7,7,292,""
2019-07-19,"A2","Fr","",2,7,8,293,""
2019-07-19,"A2","Fr","",2,7,9,293,""
2019-07-19,"A2","Fr","",2,8,1,292,""
2019-07-19,"A2","Fr","",2,8,2,292,""
2019-07-19,"A2","Fr","",2,8,3,296,""
2019-07-19,"A2","Fr","",2,8,4,293,""
2019-07-19,"A2","Fr","",2,8,5,294,""
2019-07-19,"A2","Fr","",2,8,6,,""
2019-07-19,"A2","Fr","",2,8,7,297,""
2019-07-19,"A2","Fr","",2,8,8,301,""
2019-07-19,"A2","Fr","",2,8,9,306,""
2019-07-19,"A3","Fr","",3,1,1,341,""
2019-07-19,"A3","Fr","",3,1,2,343,""
2019-07-19,"A3","Fr","",3,1,3,,""
2019-07-19,"A3","Fr","",3,1,4,,""
2019-07-19,"A3","Fr","",3,1,5,341,""
2019-07-19,"A3","Fr","",3,1,6,345,""
2019-07-19,"A3","Fr","",3,1,7,339,""
2019-07-19,"A3","Fr","",3,1,8,331,""
2019-07-19,"A3","Fr","",3,1,9,334,""
2019-07-19,"A3","Fr","",3,7,1,,""
2019-07-19,"A3","Fr","",3,7,2,303,""
2019-07-19,"A3","Fr","",3,7,3,304,""
2019-07-19,"A3","Fr","",3,7,4,306,""
2019-07-19,"A3","Fr","",3,7,5,298,""
2019-07-19,"A3","Fr","",3,7,6,307,""
2019-07-19,"A3","Fr","",3,7,7,305,""
2019-07-19,"A3","Fr","",3,7,8,293,""
2019-07-19,"A3","Fr","",3,7,9,296,""
2019-07-19,"A3","Fr","",3,8,1,345,""
2019-07-19,"A3","Fr","",3,8,2,,""
2019-07-19,"A3","Fr","",3,8,3,352,""
2019-07-19,"A3","Fr","",3,8,4,350,""
2019-07-19,"A3","Fr","",3,8,5,347,""
2019-07-19,"A3","Fr","",3,8,6,345,""
2019-07-19,"A3","Fr","",3,8,7,342,""
2019-07-19,"A3","Fr","",3,8,8,338,""
2019-07-19,"A3","Fr","",3,8,9,340,""
2019-07-19,"A5","Fr","",5,5,1,,""
2019-07-19,"A5","Fr","",5,5,2,,""
2019-07-19,"A5","Fr","",5,5,3,,""
2019-07-19,"A5","Fr","",5,5,4,323,""
2019-07-19,"A5","Fr","",5,5,5,326,""
2019-07-19,"A5","Fr","",5,5,6,333,""
2019-07-19,"A5","Fr","",5,5,7,324,""
2019-07-19,"A5","Fr","",5,5,8,324,""
2019-07-19,"A5","Fr","",5,5,9,327,""
2019-07-19,"A5","Fr","",5,6,1,334,""
2019-07-19,"A5","Fr","",5,6,2,332,""
2019-07-19,"A5","Fr","",5,6,3,331,""
2019-07-19,"A5","Fr","",5,6,4,332,""
2019-07-19,"A5","Fr","",5,6,5,328,""
2019-07-19,"A5","Fr","",5,6,6,332,""
2019-07-19,"A5","Fr","",5,6,7,328,""
2019-07-19,"A5","Fr","",5,6,8,326,""
2019-07-19,"A5","Fr","",5,6,9,333,""
2019-07-19,"A5","Fr","",5,7,1,,""
2019-07-19,"A5","Fr","",5,7,2,343,""
2019-07-19,"A5","Fr","",5,7,3,338,""
2019-07-19,"A5","Fr","",5,7,4,340,""
2019-07-19,"A5","Fr","",5,7,5,340,""
2019-07-19,"A5","Fr","",5,7,6,336,""
2019-07-19,"A5","Fr","",5,7,7,334,""
2019-07-19,"A5","Fr","",5,7,8,339,""
2019-07-19,"A5","Fr","",5,7,9,333,""
2019-07-19,"A6","Fr","",6,3,1,,""
2019-07-19,"A6","Fr","",6,3,2,,""
2019-07-19,"A6","Fr","",6,3,3,331,""
2019-07-19,"A6","Fr","",6,3,4,330,""
2019-07-19,"A6","Fr","",6,3,5,328,""
2019-07-19,"A6","Fr","",6,3,6,331,""
2019-07-19,"A6","Fr","",6,3,7,,""
2019-07-19,"A6","Fr","",6,3,8,325,""
2019-07-19,"A6","Fr","",6,3,9,324,""
2019-07-19,"A6","Fr","",6,4,1,330,""
2019-07-19,"A6","Fr","",6,4,2,327,""
2019-07-19,"A6","Fr","",6,4,3,,""
2019-07-19,"A6","Fr","",6,4,4,325,""
2019-07-19,"A6","Fr","",6,4,5,327,""
2019-07-19,"A6","Fr","",6,4,6,327,""
2019-07-19,"A6","Fr","",6,4,7,332,""
2019-07-19,"A6","Fr","",6,4,8,324,""
2019-07-19,"A6","Fr","",6,4,9,323,""
2019-07-19,"A6","Fr","",6,5,1,327,""
2019-07-19,"A6","Fr","",6,5,2,319,""
2019-07-19,"A6","Fr","",6,5,3,325,""
2019-07-19,"A6","Fr","",6,5,4,326,""
2019-07-19,"A6","Fr","",6,5,5,324,""
2019-07-19,"A6","Fr","",6,5,6,,""
2019-07-19,"A6","Fr","",6,5,7,,""
2019-07-19,"A6","Fr","",6,5,8,,""
2019-07-19,"A6","Fr","",6,5,9,326,""
2019-07-19,"C1","Fr","PR1",1,6,1,314,""
2019-07-19,"C1","Fr","PR1",1,6,2,315,""
2019-07-19,"C1","Fr","PR1",1,6,3,313,""
2019-07-19,"C1","Fr","PR1",1,6,4,314,""
2019-07-19,"C1","Fr","PR1",1,6,5,313,""
2019-07-19,"C1","Fr","PR1",1,6,6,316,""
2019-07-19,"C1","Fr","PR1",1,6,7,314,""
2019-07-19,"C1","Fr","PR1",1,6,8,312,""
2019-07-19,"C1","Fr","PR1",1,6,9,,""
2019-07-19,"C1","Fr","PR1",1,7,1,306,""
2019-07-19,"C1","Fr","PR1",1,7,2,310,""
2019-07-19,"C1","Fr","PR1",1,7,3,,""
2019-07-19,"C1","Fr","PR1",1,7,4,,""
2019-07-19,"C1","Fr","PR1",1,7,5,310,""
2019-07-19,"C1","Fr","PR1",1,7,6,305,""
2019-07-19,"C1","Fr","PR1",1,7,7,306,""
2019-07-19,"C1","Fr","PR1",1,7,8,299,""
2019-07-19,"C1","Fr","PR1",1,7,9,310,""
2019-07-19,"C1","Fr","PR1",1,8,1,305,""
2019-07-19,"C1","Fr","PR1",1,8,2,304,""
2019-07-19,"C1","Fr","PR1",1,8,3,296,""
2019-07-19,"C1","Fr","PR1",1,8,4,301,""
2019-07-19,"C1","Fr","PR1",1,8,5,300,""
2019-07-19,"C1","Fr","PR1",1,8,6,297,""
2019-07-19,"C1","Fr","PR1",1,8,7,300,""
2019-07-19,"C1","Fr","PR1",1,8,8,296,""
2019-07-19,"C1","Fr","PR1",1,8,9,296,""
2019-07-19,"B2","PR","CS2",1,5,1,,""
2019-07-19,"B2","PR","CS2",1,5,2,210,""
2019-07-19,"B2","PR","CS2",1,5,3,212,""
2019-07-19,"B2","PR","CS2",1,5,4,209,""
2019-07-19,"B2","PR","CS2",1,5,5,210,""
2019-07-19,"B2","PR","CS2",1,5,6,208,""
2019-07-19,"B2","PR","CS2",1,5,7,214,""
2019-07-19,"B2","PR","CS2",1,5,8,217,""
2019-07-19,"B2","PR","CS2",1,5,9,,""
2019-07-19,"B2","PR","CS2",1,6,1,224,""
2019-07-19,"B2","PR","CS2",1,6,2,227,""
2019-07-19,"B2","PR","CS2",1,6,3,228,""
2019-07-19,"B2","PR","CS2",1,6,4,215,""
2019-07-19,"B2","PR","CS2",1,6,5,220,""
2019-07-19,"B2","PR","CS2",1,6,6,225,""
2019-07-19,"B2","PR","CS2",1,6,7,,""
2019-07-19,"B2","PR","CS2",1,6,8,,""
2019-07-19,"B2","PR","CS2",1,6,9,215,""
2019-07-19,"B2","PR","CS2",1,7,1,,""
2019-07-19,"B2","PR","CS2",1,7,2,214,""
2019-07-19,"B2","PR","CS2",1,7,3,,""
2019-07-19,"B2","PR","CS2",1,7,4,212,""
2019-07-19,"B2","PR","CS2",1,7,5,,""
2019-07-19,"B2","PR","CS2",1,7,6,,""
2019-07-19,"B2","PR","CS2",1,7,7,,""
2019-07-19,"B2","PR","CS2",1,7,8,220,""
2019-07-19,"B2","PR","CS2",1,7,9,219,""
2019-07-19,"C4","PR","",4,1,1,,""
2019-07-19,"C4","PR","",4,1,2,,""
2019-07-19,"C4","PR","",4,1,3,,""
2019-07-19,"C4","PR","",4,1,4,191,""
2019-07-19,"C4","PR","",4,1,5,200,""
2019-07-19,"C4","PR","",4,1,6,201,""
2019-07-19,"C4","PR","",4,1,7,,""
2019-07-19,"C4","PR","",4,1,8,209,""
2019-07-19,"C4","PR","",4,1,9,215,""
2019-07-19,"C4","PR","",4,7,1,215,""
2019-07-19,"C4","PR","",4,7,2,222,""
2019-07-19,"C4","PR","",4,7,3,232,""
2019-07-19,"C4","PR","",4,7,4,226,""
2019-07-19,"C4","PR","",4,7,5,203,""
2019-07-19,"C4","PR","",4,7,6,200,""
2019-07-19,"C4","PR","",4,7,7,,""
2019-07-19,"C4","PR","",4,7,8,207,""
2019-07-19,"C4","PR","",4,7,9,,""
2019-07-19,"C4","PR","",4,8,1,220,""
2019-07-19,"C4","PR","",4,8,2,230,""
2019-07-19,"C4","PR","",4,8,3,230,""
2019-07-19,"C4","PR","",4,8,4,237,""
2019-07-19,"C4","PR","",4,8,5,228,""
2019-07-19,"C4","PR","",4,8,6,231,""
2019-07-19,"C4","PR","",4,8,7,,""
2019-07-19,"C4","PR","",4,8,8,240,""
2019-07-19,"C4","PR","",4,8,9,234,""
2019-07-19,"C6","PR","",6,4,1,,""
2019-07-19,"C6","PR","",6,4,2,235,""
2019-07-19,"C6","PR","",6,4,3,236,""
2019-07-19,"C6","PR","",6,4,4,234,""
2019-07-19,"C6","PR","",6,4,5,232,""
2019-07-19,"C6","PR","",6,4,6,230,""
2019-07-19,"C6","PR","",6,4,7,232,""
2019-07-19,"C6","PR","",6,4,8,234,""
2019-07-19,"C6","PR","",6,4,9,233,""
2019-07-19,"C6","PR","",6,5,1,,""
2019-07-19,"C6","PR","",6,5,2,243,""
2019-07-19,"C6","PR","",6,5,3,246,""
2019-07-19,"C6","PR","",6,5,4,248,""
2019-07-19,"C6","PR","",6,5,5,247,""
2019-07-19,"C6","PR","",6,5,6,250,""
2019-07-19,"C6","PR","",6,5,7,252,""
2019-07-19,"C6","PR","",6,5,8,249,""
2019-07-19,"C6","PR","",6,5,9,248,""
2019-07-19,"C6","PR","",6,6,1,,""
2019-07-19,"C6","PR","",6,6,2,,""
2019-07-19,"C6","PR","",6,6,3,,""
2019-07-19,"C6","PR","",6,6,4,,""
2019-07-19,"C6","PR","",6,6,5,,""
2019-07-19,"C6","PR","",6,6,6,,""
2019-07-19,"C6","PR","",6,6,7,225,""
2019-07-19,"C6","PR","",6,6,8,225,""
2019-07-19,"C6","PR","",6,6,9,,""
2019-07-19,"D5","Pu","",5,1,1,,""
2019-07-19,"D5","Pu","",5,1,2,,""
2019-07-19,"D5","Pu","",5,1,3,291,""
2019-07-19,"D5","Pu","",5,1,4,290,""
2019-07-19,"D5","Pu","",5,1,5,288,""
2019-07-19,"D5","Pu","",5,1,6,285,""
2019-07-19,"D5","Pu","",5,1,7,282,""
2019-07-19,"D5","Pu","",5,1,8,285,""
2019-07-19,"D5","Pu","",5,1,9,282,""
2019-07-19,"D5","Pu","",5,7,1,,""
2019-07-19,"D5","Pu","",5,7,2,,""
2019-07-19,"D5","Pu","",5,7,3,,""
2019-07-19,"D5","Pu","",5,7,4,253,""
2019-07-19,"D5","Pu","",5,7,5,,""
2019-07-19,"D5","Pu","",5,7,6,260,""
2019-07-19,"D5","Pu","",5,7,7,269,""
2019-07-19,"D5","Pu","",5,7,8,261,""
2019-07-19,"D5","Pu","",5,7,9,259,""
2019-07-19,"D5","Pu","",5,8,1,287,""
2019-07-19,"D5","Pu","",5,8,2,292,""
2019-07-19,"D5","Pu","",5,8,3,286,""
2019-07-19,"D5","Pu","",5,8,4,,""
2019-07-19,"D5","Pu","",5,8,5,284,""
2019-07-19,"D5","Pu","",5,8,6,281,""
2019-07-19,"D5","Pu","",5,8,7,282,""
2019-07-19,"D5","Pu","",5,8,8,282,""
2019-07-19,"D5","Pu","",5,8,9,,""
2019-12-19,"X2","C","",2,1,1,230,""
2019-12-19,"X2","C","",2,1,2,237,""
2019-12-19,"X2","C","",2,1,3,228,""
2019-12-19,"X2","C","",2,1,4,229,""
2019-12-19,"X2","C","",2,1,5,232,""
2019-12-19,"X2","C","",2,1,6,,""
2019-12-19,"X2","C","",2,1,7,230,""
2019-12-19,"X2","C","",2,1,8,,""
2019-12-19,"X2","C","",2,1,9,237,""
2019-12-19,"X2","C","",2,2,1,,""
2019-12-19,"X2","C","",2,2,2,,""
2019-12-19,"X2","C","",2,2,3,,""
2019-12-19,"X2","C","",2,2,4,,""
2019-12-19,"X2","C","",2,2,5,236,""
2019-12-19,"X2","C","",2,2,6,233,""
2019-12-19,"X2","C","",2,2,7,235,""
2019-12-19,"X2","C","",2,2,8,240,""
2019-12-19,"X2","C","",2,2,9,241,""
2019-12-19,"X2","C","",2,8,1,242,""
2019-12-19,"X2","C","",2,8,2,248,""
2019-12-19,"X2","C","",2,8,3,241,""
2019-12-19,"X2","C","",2,8,4,240,""
2019-12-19,"X2","C","",2,8,5,238,""
2019-12-19,"X2","C","",2,8,6,236,""
2019-12-19,"X2","C","",2,8,7,247,""
2019-12-19,"X2","C","",2,8,8,246,""
2019-12-19,"X2","C","",2,8,9,247,""
2019-12-19,"X3","C","",3,1,1,,""
2019-12-19,"X3","C","",3,1,2,,""
2019-12-19,"X3","C","",3,1,3,,""
2019-12-19,"X3","C","",3,1,4,284,""
2019-12-19,"X3","C","",3,1,5,291,""
2019-12-19,"X3","C","",3,1,6,291,""
2019-12-19,"X3","C","",3,1,7,201,""
2019-12-19,"X3","C","",3,1,8,291,""
2019-12-19,"X3","C","",3,1,9,291,""
2019-12-19,"X3","C","",3,2,1,296,""
2019-12-19,"X3","C","",3,2,2,292,""
2019-12-19,"X3","C","",3,2,3,,""
2019-12-19,"X3","C","",3,2,4,285,""
2019-12-19,"X3","C","",3,2,5,281,""
2019-12-19,"X3","C","",3,2,6,280,""
2019-12-19,"X3","C","",3,2,7,278,""
2019-12-19,"X3","C","",3,2,8,,""
2019-12-19,"X3","C","",3,2,9,277,""
2019-12-19,"X3","C","",3,3,1,278,""
2019-12-19,"X3","C","",3,3,2,275,""
2019-12-19,"X3","C","",3,3,3,286,""
2019-12-19,"X3","C","",3,3,4,,""
2019-12-19,"X3","C","",3,3,5,280,""
2019-12-19,"X3","C","",3,3,6,285,""
2019-12-19,"X3","C","",3,3,7,,""
2019-12-19,"X3","C","",3,3,8,281,""
2019-12-19,"X3","C","",3,3,9,277,""
2019-12-19,"X4","C","",4,1,1,271,""
2019-12-19,"X4","C","",4,1,2,276,""
2019-12-19,"X4","C","",4,1,3,272,""
2019-12-19,"X4","C","",4,1,4,282,""
2019-12-19,"X4","C","",4,1,5,273,""
2019-12-19,"X4","C","",4,1,6,273,""
2019-12-19,"X4","C","",4,1,7,261,""
2019-12-19,"X4","C","",4,1,8,262,""
2019-12-19,"X4","C","",4,1,9,263,""
2019-12-19,"X4","C","",4,2,1,276,""
2019-12-19,"X4","C","",4,2,2,275,""
2019-12-19,"X4","C","",4,2,3,268,""
2019-12-19,"X4","C","",4,2,4,265,""
2019-12-19,"X4","C","",4,2,5,268,""
2019-12-19,"X4","C","",4,2,6,267,""
2019-12-19,"X4","C","",4,2,7,264,""
2019-12-19,"X4","C","",4,2,8,261,""
2019-12-19,"X4","C","",4,2,9,261,""
2019-12-19,"X4","C","",4,3,1,,""
2019-12-19,"X4","C","",4,3,2,,""
2019-12-19,"X4","C","",4,3,3,,""
2019-12-19,"X4","C","",4,3,4,278,""
2019-12-19,"X4","C","",4,3,5,278,""
2019-12-19,"X4","C","",4,3,6,275,""
2019-12-19,"X4","C","",4,3,7,277,""
2019-12-19,"X4","C","",4,3,8,280,""
2019-12-19,"X4","C","",4,3,9,279,""
2019-12-19,"X6","C","",6,5,1,285,""
2019-12-19,"X6","C","",6,5,2,274,""
2019-12-19,"X6","C","",6,5,3,277,""
2019-12-19,"X6","C","",6,5,4,273,""
2019-12-19,"X6","C","",6,5,5,276,""
2019-12-19,"X6","C","",6,5,6,282,""
2019-12-19,"X6","C","",6,5,7,274,""
2019-12-19,"X6","C","",6,5,8,272,""
2019-12-19,"X6","C","",6,5,9,273,""
2019-12-19,"X6","C","",6,6,1,275,""
2019-12-19,"X6","C","",6,6,2,272,""
2019-12-19,"X6","C","",6,6,3,,""
2019-12-19,"X6","C","",6,6,4,277,""
2019-12-19,"X6","C","",6,6,5,282,""
2019-12-19,"X6","C","",6,6,6,281,""
2019-12-19,"X6","C","",6,6,7,284,""
2019-12-19,"X6","C","",6,6,8,276,""
2019-12-19,"X6","C","",6,6,9,277,""
2019-12-19,"X6","C","",6,7,1,,""
2019-12-19,"X6","C","",6,7,2,,""
2019-12-19,"X6","C","",6,7,3,,""
2019-12-19,"X6","C","",6,7,4,280,""
2019-12-19,"X6","C","",6,7,5,284,""
2019-12-19,"X6","C","",6,7,6,280,""
2019-12-19,"X6","C","",6,7,7,286,""
2019-12-19,"X6","C","",6,7,8,277,""
2019-12-19,"X6","C","",6,7,9,277,""
2019-12-19,"B1","CS","",1,1,1,357,""
2019-12-19,"B1","CS","",1,1,2,356,""
2019-12-19,"B1","CS","",1,1,3,355,""
2019-12-19,"B1","CS","",1,1,4,353,""
2019-12-19,"B1","CS","",1,1,5,350,""
2019-12-19,"B1","CS","",1,1,6,,""
2019-12-19,"B1","CS","",1,1,7,355,""
2019-12-19,"B1","CS","",1,1,8,354,""
2019-12-19,"B1","CS","",1,1,9,347,""
2019-12-19,"B1","CS","",1,2,1,367,""
2019-12-19,"B1","CS","",1,2,2,,""
2019-12-19,"B1","CS","",1,2,3,366,""
2019-12-19,"B1","CS","",1,2,4,365,""
2019-12-19,"B1","CS","",1,2,5,365,""
2019-12-19,"B1","CS","",1,2,6,363,""
2019-12-19,"B1","CS","",1,2,7,363,""
2019-12-19,"B1","CS","",1,2,8,363,""
2019-12-19,"B1","CS","",1,2,9,357,""
2019-12-19,"B1","CS","",1,3,1,,""
2019-12-19,"B1","CS","",1,3,2,,""
2019-12-19,"B1","CS","",1,3,3,,""
2019-12-19,"B1","CS","",1,3,4,,""
2019-12-19,"B1","CS","",1,3,5,,""
2019-12-19,"B1","CS","",1,3,6,,""
2019-12-19,"B1","CS","",1,3,7,,""
2019-12-19,"B1","CS","",1,3,8,,""
2019-12-19,"B1","CS","",1,3,9,,""
2019-12-19,"B5","CS","",5,3,1,,""
2019-12-19,"B5","CS","",5,3,2,,""
2019-12-19,"B5","CS","",5,3,3,,""
2019-12-19,"B5","CS","",5,3,4,324,""
2019-12-19,"B5","CS","",5,3,5,326,""
2019-12-19,"B5","CS","",5,3,6,327,""
2019-12-19,"B5","CS","",5,3,7,326,""
2019-12-19,"B5","CS","",5,3,8,321,""
2019-12-19,"B5","CS","",5,3,9,325,""
2019-12-19,"B5","CS","",5,4,1,317,""
2019-12-19,"B5","CS","",5,4,2,320,""
2019-12-19,"B5","CS","",5,4,3,321,""
2019-12-19,"B5","CS","",5,4,4,320,""
2019-12-19,"B5","CS","",5,4,5,326,""
2019-12-19,"B5","CS","",5,4,6,319,""
2019-12-19,"B5","CS","",5,4,7,319,""
2019-12-19,"B5","CS","",5,4,8,319,""
2019-12-19,"B5","CS","",5,4,9,329,""
2019-12-19,"B5","CS","",5,5,1,305,""
2019-12-19,"B5","CS","",5,5,2,300,""
2019-12-19,"B5","CS","",5,5,3,300,""
2019-12-19,"B5","CS","",5,5,4,,""
2019-12-19,"B5","CS","",5,5,5,300,""
2019-12-19,"B5","CS","",5,5,6,302,""
2019-12-19,"B5","CS","",5,5,7,,""
2019-12-19,"B5","CS","",5,5,8,306,""
2019-12-19,"B5","CS","",5,5,9,309,""
2019-12-19,"C2","CS","PR2",3,4,1,,""
2019-12-19,"C2","CS","PR2",3,4,2,296,""
2019-12-19,"C2","CS","PR2",3,4,3,304,""
2019-12-19,"C2","CS","PR2",3,4,4,305,""
2019-12-19,"C2","CS","PR2",3,4,5,301,""
2019-12-19,"C2","CS","PR2",3,4,6,296,""
2019-12-19,"C2","CS","PR2",3,4,7,296,""
2019-12-19,"C2","CS","PR2",3,4,8,296,""
2019-12-19,"C2","CS","PR2",3,4,9,302,""
2019-12-19,"C2","CS","PR2",3,5,1,287,""
2019-12-19,"C2","CS","PR2",3,5,2,286,""
2019-12-19,"C2","CS","PR2",3,5,3,285,""
2019-12-19,"C2","CS","PR2",3,5,4,288,""
2019-12-19,"C2","CS","PR2",3,5,5,287,""
2019-12-19,"C2","CS","PR2",3,5,6,290,""
2019-12-19,"C2","CS","PR2",3,5,7,288,""
2019-12-19,"C2","CS","PR2",3,5,8,295,""
2019-12-19,"C2","CS","PR2",3,5,9,295,""
2019-12-19,"C2","CS","PR2",3,6,1,,""
2019-12-19,"C2","CS","PR2",3,6,2,262,""
2019-12-19,"C2","CS","PR2",3,6,3,261,""
2019-12-19,"C2","CS","PR2",3,6,4,261,""
2019-12-19,"C2","CS","PR2",3,6,5,262,""
2019-12-19,"C2","CS","PR2",3,6,6,255,""
2019-12-19,"C2","CS","PR2",3,6,7,254,""
2019-12-19,"C2","CS","PR2",3,6,8,260,""
2019-12-19,"C2","CS","PR2",3,6,9,268,""
2019-12-19,"A2","Fr","",2,1,1,298,""
2019-12-19,"A2","Fr","",2,1,2,296,""
2019-12-19,"A2","Fr","",2,1,3,298,""
2019-12-19,"A2","Fr","",2,1,4,301,""
2019-12-19,"A2","Fr","",2,1,5,299,""
2019-12-19,"A2","Fr","",2,1,6,297,""
2019-12-19,"A2","Fr","",2,1,7,298,""
2019-12-19,"A2","Fr","",2,1,8,292,""
2019-12-19,"A2","Fr","",2,1,9,293,""
2019-12-19,"A2","Fr","",2,7,1,,""
2019-12-19,"A2","Fr","",2,7,2,293,""
2019-12-19,"A2","Fr","",2,7,3,294,""
2019-12-19,"A2","Fr","",2,7,4,297,""
2019-12-19,"A2","Fr","",2,7,5,290,""
2019-12-19,"A2","Fr","",2,7,6,294,""
2019-12-19,"A2","Fr","",2,7,7,292,""
2019-12-19,"A2","Fr","",2,7,8,289,""
2019-12-19,"A2","Fr","",2,7,9,292,""
2019-12-19,"A2","Fr","",2,8,1,285,""
2019-12-19,"A2","Fr","",2,8,2,287,""
2019-12-19,"A2","Fr","",2,8,3,284,""
2019-12-19,"A2","Fr","",2,8,4,289,""
2019-12-19,"A2","Fr","",2,8,5,285,""
2019-12-19,"A2","Fr","",2,8,6,285,""
2019-12-19,"A2","Fr","",2,8,7,287,""
2019-12-19,"A2","Fr","",2,8,8,288,""
2019-12-19,"A2","Fr","",2,8,9,,""
2019-12-19,"A3","Fr","",3,1,1,353,""
2019-12-19,"A3","Fr","",3,1,2,350,""
2019-12-19,"A3","Fr","",3,1,3,336,""
2019-12-19,"A3","Fr","",3,1,4,352,""
2019-12-19,"A3","Fr","",3,1,5,340,""
2019-12-19,"A3","Fr","",3,1,6,,""
2019-12-19,"A3","Fr","",3,1,7,,""
2019-12-19,"A3","Fr","",3,1,8,338,""
2019-12-19,"A3","Fr","",3,1,9,340,""
2019-12-19,"A3","Fr","",3,7,1,,""
2019-12-19,"A3","Fr","",3,7,2,290,""
2019-12-19,"A3","Fr","",3,7,3,290,""
2019-12-19,"A3","Fr","",3,7,4,288,""
2019-12-19,"A3","Fr","",3,7,5,296,""
2019-12-19,"A3","Fr","",3,7,6,293,""
2019-12-19,"A3","Fr","",3,7,7,300,""
2019-12-19,"A3","Fr","",3,7,8,303,""
2019-12-19,"A3","Fr","",3,7,9,290,""
2019-12-19,"A3","Fr","",3,8,1,348,""
2019-12-19,"A3","Fr","",3,8,2,357,""
2019-12-19,"A3","Fr","",3,8,3,344,""
2019-12-19,"A3","Fr","",3,8,4,348,""
2019-12-19,"A3","Fr","",3,8,5,352,""
2019-12-19,"A3","Fr","",3,8,6,347,""
2019-12-19,"A3","Fr","",3,8,7,340,""
2019-12-19,"A3","Fr","",3,8,8,346,""
2019-12-19,"A3","Fr","",3,8,9,342,""
2019-12-19,"A5","Fr","",5,5,1,,""
2019-12-19,"A5","Fr","",5,5,2,,""
2019-12-19,"A5","Fr","",5,5,3,306,""
2019-12-19,"A5","Fr","",5,5,4,309,""
2019-12-19,"A5","Fr","",5,5,5,317,""
2019-12-19,"A5","Fr","",5,5,6,320,""
2019-12-19,"A5","Fr","",5,5,7,,""
2019-12-19,"A5","Fr","",5,5,8,314,""
2019-12-19,"A5","Fr","",5,5,9,319,""
2019-12-19,"A5","Fr","",5,6,1,324,""
2019-12-19,"A5","Fr","",5,6,2,317,""
2019-12-19,"A5","Fr","",5,6,3,306,""
2019-12-19,"A5","Fr","",5,6,4,316,""
2019-12-19,"A5","Fr","",5,6,5,319,""
2019-12-19,"A5","Fr","",5,6,6,317,""
2019-12-19,"A5","Fr","",5,6,7,325,""
2019-12-19,"A5","Fr","",5,6,8,,""
2019-12-19,"A5","Fr","",5,6,9,319,""
2019-12-19,"A5","Fr","",5,7,1,331,""
2019-12-19,"A5","Fr","",5,7,2,331,""
2019-12-19,"A5","Fr","",5,7,3,319,""
2019-12-19,"A5","Fr","",5,7,4,320,""
2019-12-19,"A5","Fr","",5,7,5,332,""
2019-12-19,"A5","Fr","",5,7,6,320,""
2019-12-19,"A5","Fr","",5,7,7,321,""
2019-12-19,"A5","Fr","",5,7,8,328,""
2019-12-19,"A5","Fr","",5,7,9,333,""
2019-12-19,"A6","Fr","",6,3,1,,""
2019-12-19,"A6","Fr","",6,3,2,,""
2019-12-19,"A6","Fr","",6,3,3,328,""
2019-12-19,"A6","Fr","",6,3,4,334,""
2019-12-19,"A6","Fr","",6,3,5,329,""
2019-12-19,"A6","Fr","",6,3,6,336,""
2019-12-19,"A6","Fr","",6,3,7,331,""
2019-12-19,"A6","Fr","",6,3,8,335,""
2019-12-19,"A6","Fr","",6,3,9,326,""
2019-12-19,"A6","Fr","",6,4,1,323,""
2019-12-19,"A6","Fr","",6,4,2,318,""
2019-12-19,"A6","Fr","",6,4,3,326,""
2019-12-19,"A6","Fr","",6,4,4,,""
2019-12-19,"A6","Fr","",6,4,5,320,""
2019-12-19,"A6","Fr","",6,4,6,320,""
2019-12-19,"A6","Fr","",6,4,7,320,""
2019-12-19,"A6","Fr","",6,4,8,313,""
2019-12-19,"A6","Fr","",6,4,9,309,""
2019-12-19,"A6","Fr","",6,5,1,316,""
2019-12-19,"A6","Fr","",6,5,2,318,""
2019-12-19,"A6","Fr","",6,5,3,315,""
2019-12-19,"A6","Fr","",6,5,4,313,""
2019-12-19,"A6","Fr","",6,5,5,312,""
2019-12-19,"A6","Fr","",6,5,6,317,""
2019-12-19,"A6","Fr","",6,5,7,310,""
2019-12-19,"A6","Fr","",6,5,8,317,""
2019-12-19,"A6","Fr","",6,5,9,,""
2019-12-19,"C1","Fr","PR1",1,6,1,,""
2019-12-19,"C1","Fr","PR1",1,6,2,,""
2019-12-19,"C1","Fr","PR1",1,6,3,305,""
2019-12-19,"C1","Fr","PR1",1,6,4,307,""
2019-12-19,"C1","Fr","PR1",1,6,5,299,""
2019-12-19,"C1","Fr","PR1",1,6,6,306,""
2019-12-19,"C1","Fr","PR1",1,6,7,297,""
2019-12-19,"C1","Fr","PR1",1,6,8,311,""
2019-12-19,"C1","Fr","PR1",1,6,9,306,""
2019-12-19,"C1","Fr","PR1",1,7,1,312,""
2019-12-19,"C1","Fr","PR1",1,7,2,310,""
2019-12-19,"C1","Fr","PR1",1,7,3,,""
2019-12-19,"C1","Fr","PR1",1,7,4,,""
2019-12-19,"C1","Fr","PR1",1,7,5,,""
2019-12-19,"C1","Fr","PR1",1,7,6,307,""
2019-12-19,"C1","Fr","PR1",1,7,7,311,""
2019-12-19,"C1","Fr","PR1",1,7,8,302,""
2019-12-19,"C1","Fr","PR1",1,7,9,307,""
2019-12-19,"C1","Fr","PR1",1,8,1,316,""
2019-12-19,"C1","Fr","PR1",1,8,2,319,""
2019-12-19,"C1","Fr","PR1",1,8,3,330,""
2019-12-19,"C1","Fr","PR1",1,8,4,322,""
2019-12-19,"C1","Fr","PR1",1,8,5,314,""
2019-12-19,"C1","Fr","PR1",1,8,6,324,""
2019-12-19,"C1","Fr","PR1",1,8,7,327,""
2019-12-19,"C1","Fr","PR1",1,8,8,324,""
2019-12-19,"C1","Fr","PR1",1,8,9,,""
2019-12-19,"B2","PR","CS2",1,5,1,,""
2019-12-19,"B2","PR","CS2",1,5,2,204,""
2019-12-19,"B2","PR","CS2",1,5,3,200,""
2019-12-19,"B2","PR","CS2",1,5,4,200,""
2019-12-19,"B2","PR","CS2",1,5,5,202,""
2019-12-19,"B2","PR","CS2",1,5,6,206,""
2019-12-19,"B2","PR","CS2",1,5,7,,""
2019-12-19,"B2","PR","CS2",1,5,8,208,""
2019-12-19,"B2","PR","CS2",1,5,9,,""
2019-12-19,"B2","PR","CS2",1,6,1,215,""
2019-12-19,"B2","PR","CS2",1,6,2,212,""
2019-12-19,"B2","PR","CS2",1,6,3,205,""
2019-12-19,"B2","PR","CS2",1,6,4,202,""
2019-12-19,"B2","PR","CS2",1,6,5,212,""
2019-12-19,"B2","PR","CS2",1,6,6,217,""
2019-12-19,"B2","PR","CS2",1,6,7,,""
2019-12-19,"B2","PR","CS2",1,6,8,219,""
2019-12-19,"B2","PR","CS2",1,6,9,218,""
2019-12-19,"B2","PR","CS2",1,7,1,211,""
2019-12-19,"B2","PR","CS2",1,7,2,214,""
2019-12-19,"B2","PR","CS2",1,7,3,205,""
2019-12-19,"B2","PR","CS2",1,7,4,216,""
2019-12-19,"B2","PR","CS2",1,7,5,219,""
2019-12-19,"B2","PR","CS2",1,7,6,225,""
2019-12-19,"B2","PR","CS2",1,7,7,,""
2019-12-19,"B2","PR","CS2",1,7,8,,""
2019-12-19,"B2","PR","CS2",1,7,9,210,""
2019-12-19,"C4","PR","",4,1,1,,""
2019-12-19,"C4","PR","",4,1,2,,""
2019-12-19,"C4","PR","",4,1,3,209,""
2019-12-19,"C4","PR","",4,1,4,216,""
2019-12-19,"C4","PR","",4,1,5,224,""
2019-12-19,"C4","PR","",4,1,6,234,""
2019-12-19,"C4","PR","",4,1,7,233,""
2019-12-19,"C4","PR","",4,1,8,231,""
2019-12-19,"C4","PR","",4,1,9,225,""
2019-12-19,"C4","PR","",4,7,1,242,""
2019-12-19,"C4","PR","",4,7,2,236,""
2019-12-19,"C4","PR","",4,7,3,245,""
2019-12-19,"C4","PR","",4,7,4,236,""
2019-12-19,"C4","PR","",4,7,5,250,""
2019-12-19,"C4","PR","",4,7,6,247,""
2019-12-19,"C4","PR","",4,7,7,251,""
2019-12-19,"C4","PR","",4,7,8,250,""
2019-12-19,"C4","PR","",4,7,9,228,""
2019-12-19,"C4","PR","",4,8,1,254,""
2019-12-19,"C4","PR","",4,8,2,253,""
2019-12-19,"C4","PR","",4,8,3,260,""
2019-12-19,"C4","PR","",4,8,4,256,""
2019-12-19,"C4","PR","",4,8,5,254,""
2019-12-19,"C4","PR","",4,8,6,246,""
2019-12-19,"C4","PR","",4,8,7,249,""
2019-12-19,"C4","PR","",4,8,8,,""
2019-12-19,"C4","PR","",4,8,9,249,""
2019-12-19,"C6","PR","",6,4,1,,""
2019-12-19,"C6","PR","",6,4,2,241,""
2019-12-19,"C6","PR","",6,4,3,235,""
2019-12-19,"C6","PR","",6,4,4,247,""
2019-12-19,"C6","PR","",6,4,5,241,""
2019-12-19,"C6","PR","",6,4,6,242,""
2019-12-19,"C6","PR","",6,4,7,,""
2019-12-19,"C6","PR","",6,4,8,244,""
2019-12-19,"C6","PR","",6,4,9,242,""
2019-12-19,"C6","PR","",6,5,1,245,""
2019-12-19,"C6","PR","",6,5,2,247,""
2019-12-19,"C6","PR","",6,5,3,244,""
2019-12-19,"C6","PR","",6,5,4,,""
2019-12-19,"C6","PR","",6,5,5,246,""
2019-12-19,"C6","PR","",6,5,6,255,""
2019-12-19,"C6","PR","",6,5,7,250,""
2019-12-19,"C6","PR","",6,5,8,252,""
2019-12-19,"C6","PR","",6,5,9,254,""
2019-12-19,"C6","PR","",6,6,1,,""
2019-12-19,"C6","PR","",6,6,2,,""
2019-12-19,"C6","PR","",6,6,3,,""
2019-12-19,"C6","PR","",6,6,4,,""
2019-12-19,"C6","PR","",6,6,5,,""
2019-12-19,"C6","PR","",6,6,6,233,""
2019-12-19,"C6","PR","",6,6,7,228,""
2019-12-19,"C6","PR","",6,6,8,224,""
2019-12-19,"C6","PR","",6,6,9,222,""
2019-12-19,"D5","Pu","",5,1,1,,""
2019-12-19,"D5","Pu","",5,1,2,296,""
2019-12-19,"D5","Pu","",5,1,3,285,""
2019-12-19,"D5","Pu","",5,1,4,278,""
2019-12-19,"D5","Pu","",5,1,5,286,""
2019-12-19,"D5","Pu","",5,1,6,288,""
2019-12-19,"D5","Pu","",5,1,7,285,""
2019-12-19,"D5","Pu","",5,1,8,282,""
2019-12-19,"D5","Pu","",5,1,9,281,""
2019-12-19,"D5","Pu","",5,7,1,,""
2019-12-19,"D5","Pu","",5,7,2,272,""
2019-12-19,"D5","Pu","",5,7,3,,""
2019-12-19,"D5","Pu","",5,7,4,,""
2019-12-19,"D5","Pu","",5,7,5,274,""
2019-12-19,"D5","Pu","",5,7,6,272,""
2019-12-19,"D5","Pu","",5,7,7,273,""
2019-12-19,"D5","Pu","",5,7,8,277,""
2019-12-19,"D5","Pu","",5,7,9,273,""
2019-12-19,"D5","Pu","",5,8,1,280,""
2019-12-19,"D5","Pu","",5,8,2,292,""
2019-12-19,"D5","Pu","",5,8,3,285,""
2019-12-19,"D5","Pu","",5,8,4,285,""
2019-12-19,"D5","Pu","",5,8,5,284,""
2019-12-19,"D5","Pu","",5,8,6,287,""
2019-12-19,"D5","Pu","",5,8,7,288,""
2019-12-19,"D5","Pu","",5,8,8,,""
2019-12-19,"D5","Pu","",5,8,9,285,""
2020-07-27,"X2","C","",2,1,1,247,""
2020-07-27,"X2","C","",2,1,2,251,""
2020-07-27,"X2","C","",2,1,3,250,""
2020-07-27,"X2","C","",2,1,4,249,""
2020-07-27,"X2","C","",2,1,5,252,""
2020-07-27,"X2","C","",2,1,6,254,""
2020-07-27,"X2","C","",2,1,7,260,""
2020-07-27,"X2","C","",2,1,8,,""
2020-07-27,"X2","C","",2,1,9,259,""
2020-07-27,"X2","C","",2,2,1,,""
2020-07-27,"X2","C","",2,2,2,,""
2020-07-27,"X2","C","",2,2,3,241,""
2020-07-27,"X2","C","",2,2,4,243,""
2020-07-27,"X2","C","",2,2,5,246,""
2020-07-27,"X2","C","",2,2,6,240,""
2020-07-27,"X2","C","",2,2,7,238,""
2020-07-27,"X2","C","",2,2,8,240,""
2020-07-27,"X2","C","",2,2,9,255,""
2020-07-27,"X2","C","",2,8,1,240,""
2020-07-27,"X2","C","",2,8,2,246,""
2020-07-27,"X2","C","",2,8,3,247,""
2020-07-27,"X2","C","",2,8,4,246,""
2020-07-27,"X2","C","",2,8,5,,""
2020-07-27,"X2","C","",2,8,6,245,""
2020-07-27,"X2","C","",2,8,7,246,""
2020-07-27,"X2","C","",2,8,8,248,""
2020-07-27,"X2","C","",2,8,9,254,""
2020-07-27,"X3","C","",3,1,1,301,""
2020-07-27,"X3","C","",3,1,2,299,""
2020-07-27,"X3","C","",3,1,3,295,""
2020-07-27,"X3","C","",3,1,4,292,""
2020-07-27,"X3","C","",3,1,5,297,""
2020-07-27,"X3","C","",3,1,6,300,""
2020-07-27,"X3","C","",3,1,7,295,""
2020-07-27,"X3","C","",3,1,8,295,""
2020-07-27,"X3","C","",3,1,9,296,""
2020-07-27,"X3","C","",3,2,1,301,""
2020-07-27,"X3","C","",3,2,2,300,""
2020-07-27,"X3","C","",3,2,3,296,""
2020-07-27,"X3","C","",3,2,4,302,""
2020-07-27,"X3","C","",3,2,5,291,""
2020-07-27,"X3","C","",3,2,6,,""
2020-07-27,"X3","C","",3,2,7,,""
2020-07-27,"X3","C","",3,2,8,,""
2020-07-27,"X3","C","",3,2,9,300,""
2020-07-27,"X3","C","",3,3,1,289,""
2020-07-27,"X3","C","",3,3,2,287,""
2020-07-27,"X3","C","",3,3,3,294,""
2020-07-27,"X3","C","",3,3,4,286,""
2020-07-27,"X3","C","",3,3,5,295,""
2020-07-27,"X3","C","",3,3,6,290,""
2020-07-27,"X3","C","",3,3,7,295,""
2020-07-27,"X3","C","",3,3,8,300,""
2020-07-27,"X3","C","",3,3,9,,""
2020-07-27,"X4","C","",4,1,1,280,""
2020-07-27,"X4","C","",4,1,2,281,""
2020-07-27,"X4","C","",4,1,3,275,""
2020-07-27,"X4","C","",4,1,4,279,""
2020-07-27,"X4","C","",4,1,5,271,""
2020-07-27,"X4","C","",4,1,6,280,""
2020-07-27,"X4","C","",4,1,7,279,""
2020-07-27,"X4","C","",4,1,8,272,""
2020-07-27,"X4","C","",4,1,9,280,""
2020-07-27,"X4","C","",4,2,1,285,""
2020-07-27,"X4","C","",4,2,2,282,""
2020-07-27,"X4","C","",4,2,3,279,""
2020-07-27,"X4","C","",4,2,4,282,""
2020-07-27,"X4","C","",4,2,5,282,""
2020-07-27,"X4","C","",4,2,6,282,""
2020-07-27,"X4","C","",4,2,7,288,""
2020-07-27,"X4","C","",4,2,8,282,""
2020-07-27,"X4","C","",4,2,9,287,""
2020-07-27,"X4","C","",4,3,1,,""
2020-07-27,"X4","C","",4,3,2,,""
2020-07-27,"X4","C","",4,3,3,275,""
2020-07-27,"X4","C","",4,3,4,280,""
2020-07-27,"X4","C","",4,3,5,275,""
2020-07-27,"X4","C","",4,3,6,272,""
2020-07-27,"X4","C","",4,3,7,286,""
2020-07-27,"X4","C","",4,3,8,282,""
2020-07-27,"X4","C","",4,3,9,280,""
2020-07-27,"X6","C","",6,5,1,285,""
2020-07-27,"X6","C","",6,5,2,283,""
2020-07-27,"X6","C","",6,5,3,282,""
2020-07-27,"X6","C","",6,5,4,287,""
2020-07-27,"X6","C","",6,5,5,287,""
2020-07-27,"X6","C","",6,5,6,287,""
2020-07-27,"X6","C","",6,5,7,281,""
2020-07-27,"X6","C","",6,5,8,277,""
2020-07-27,"X6","C","",6,5,9,277,""
2020-07-27,"X6","C","",6,6,1,286,""
2020-07-27,"X6","C","",6,6,2,279,""
2020-07-27,"X6","C","",6,6,3,277,""
2020-07-27,"X6","C","",6,6,4,285,""
2020-07-27,"X6","C","",6,6,5,285,""
2020-07-27,"X6","C","",6,6,6,288,""
2020-07-27,"X6","C","",6,6,7,292,""
2020-07-27,"X6","C","",6,6,8,286,""
2020-07-27,"X6","C","",6,6,9,292,""
2020-07-27,"X6","C","",6,7,1,,""
2020-07-27,"X6","C","",6,7,2,,""
2020-07-27,"X6","C","",6,7,3,285,""
2020-07-27,"X6","C","",6,7,4,290,""
2020-07-27,"X6","C","",6,7,5,282,""
2020-07-27,"X6","C","",6,7,6,,""
2020-07-27,"X6","C","",6,7,7,278,""
2020-07-27,"X6","C","",6,7,8,276,""
2020-07-27,"X6","C","",6,7,9,272,""
2020-07-27,"B1","CS","",1,1,1,367,""
2020-07-27,"B1","CS","",1,1,2,367,""
2020-07-27,"B1","CS","",1,1,3,365,""
2020-07-27,"B1","CS","",1,1,4,364,""
2020-07-27,"B1","CS","",1,1,5,370,""
2020-07-27,"B1","CS","",1,1,6,377,""
2020-07-27,"B1","CS","",1,1,7,378,""
2020-07-27,"B1","CS","",1,1,8,378,""
2020-07-27,"B1","CS","",1,1,9,374,""
2020-07-27,"B1","CS","",1,2,1,372,""
2020-07-27,"B1","CS","",1,2,2,376,""
2020-07-27,"B1","CS","",1,2,3,373,""
2020-07-27,"B1","CS","",1,2,4,376,""
2020-07-27,"B1","CS","",1,2,5,377,""
2020-07-27,"B1","CS","",1,2,6,377,""
2020-07-27,"B1","CS","",1,2,7,366,""
2020-07-27,"B1","CS","",1,2,8,366,""
2020-07-27,"B1","CS","",1,2,9,361,""
2020-07-27,"B1","CS","",1,3,1,,""
2020-07-27,"B1","CS","",1,3,2,,""
2020-07-27,"B1","CS","",1,3,3,,""
2020-07-27,"B1","CS","",1,3,4,,""
2020-07-27,"B1","CS","",1,3,5,,""
2020-07-27,"B1","CS","",1,3,6,,""
2020-07-27,"B1","CS","",1,3,7,,""
2020-07-27,"B1","CS","",1,3,8,,""
2020-07-27,"B1","CS","",1,3,9,,""
2020-07-27,"B5","CS","",5,3,1,,""
2020-07-27,"B5","CS","",5,3,2,,""
2020-07-27,"B5","CS","",5,3,3,,""
2020-07-27,"B5","CS","",5,3,4,334,""
2020-07-27,"B5","CS","",5,3,5,332,""
2020-07-27,"B5","CS","",5,3,6,329,""
2020-07-27,"B5","CS","",5,3,7,329,""
2020-07-27,"B5","CS","",5,3,8,330,""
2020-07-27,"B5","CS","",5,3,9,331,""
2020-07-27,"B5","CS","",5,4,1,325,""
2020-07-27,"B5","CS","",5,4,2,322,""
2020-07-27,"B5","CS","",5,4,3,333,""
2020-07-27,"B5","CS","",5,4,4,,""
2020-07-27,"B5","CS","",5,4,5,332,""
2020-07-27,"B5","CS","",5,4,6,323,""
2020-07-27,"B5","CS","",5,4,7,327,""
2020-07-27,"B5","CS","",5,4,8,327,""
2020-07-27,"B5","CS","",5,4,9,331,""
2020-07-27,"B5","CS","",5,5,1,322,""
2020-07-27,"B5","CS","",5,5,2,317,""
2020-07-27,"B5","CS","",5,5,3,320,""
2020-07-27,"B5","CS","",5,5,4,,""
2020-07-27,"B5","CS","",5,5,5,323,""
2020-07-27,"B5","CS","",5,5,6,322,""
2020-07-27,"B5","CS","",5,5,7,333,""
2020-07-27,"B5","CS","",5,5,8,328,""
2020-07-27,"B5","CS","",5,5,9,328,""
2020-07-27,"C2","CS","PR2",3,4,1,307,""
2020-07-27,"C2","CS","PR2",3,4,2,307,""
2020-07-27,"C2","CS","PR2",3,4,3,309,""
2020-07-27,"C2","CS","PR2",3,4,4,314,""
2020-07-27,"C2","CS","PR2",3,4,5,,""
2020-07-27,"C2","CS","PR2",3,4,6,312,""
2020-07-27,"C2","CS","PR2",3,4,7,304,""
2020-07-27,"C2","CS","PR2",3,4,8,306,""
2020-07-27,"C2","CS","PR2",3,4,9,305,""
2020-07-27,"C2","CS","PR2",3,5,1,292,""
2020-07-27,"C2","CS","PR2",3,5,2,291,""
2020-07-27,"C2","CS","PR2",3,5,3,292,""
2020-07-27,"C2","CS","PR2",3,5,4,295,""
2020-07-27,"C2","CS","PR2",3,5,5,295,""
2020-07-27,"C2","CS","PR2",3,5,6,300,""
2020-07-27,"C2","CS","PR2",3,5,7,300,""
2020-07-27,"C2","CS","PR2",3,5,8,304,""
2020-07-27,"C2","CS","PR2",3,5,9,301,""
2020-07-27,"C2","CS","PR2",3,6,1,,""
2020-07-27,"C2","CS","PR2",3,6,2,291,""
2020-07-27,"C2","CS","PR2",3,6,3,282,""
2020-07-27,"C2","CS","PR2",3,6,4,287,""
2020-07-27,"C2","CS","PR2",3,6,5,280,""
2020-07-27,"C2","CS","PR2",3,6,6,286,""
2020-07-27,"C2","CS","PR2",3,6,7,295,""
2020-07-27,"C2","CS","PR2",3,6,8,292,""
2020-07-27,"C2","CS","PR2",3,6,9,298,""
2020-07-27,"A2","Fr","",2,1,1,304,""
2020-07-27,"A2","Fr","",2,1,2,303,""
2020-07-27,"A2","Fr","",2,1,3,300,""
2020-07-27,"A2","Fr","",2,1,4,,""
2020-07-27,"A2","Fr","",2,1,5,304,""
2020-07-27,"A2","Fr","",2,1,6,294,""
2020-07-27,"A2","Fr","",2,1,7,293,""
2020-07-27,"A2","Fr","",2,1,8,298,""
2020-07-27,"A2","Fr","",2,1,9,296,""
2020-07-27,"A2","Fr","",2,7,1,307,""
2020-07-27,"A2","Fr","",2,7,2,,""
2020-07-27,"A2","Fr","",2,7,3,,""
2020-07-27,"A2","Fr","",2,7,4,307,""
2020-07-27,"A2","Fr","",2,7,5,308,""
2020-07-27,"A2","Fr","",2,7,6,300,""
2020-07-27,"A2","Fr","",2,7,7,297,""
2020-07-27,"A2","Fr","",2,7,8,299,""
2020-07-27,"A2","Fr","",2,7,9,301,""
2020-07-27,"A2","Fr","",2,8,1,306,""
2020-07-27,"A2","Fr","",2,8,2,298,""
2020-07-27,"A2","Fr","",2,8,3,302,""
2020-07-27,"A2","Fr","",2,8,4,300,""
2020-07-27,"A2","Fr","",2,8,5,298,""
2020-07-27,"A2","Fr","",2,8,6,301,""
2020-07-27,"A2","Fr","",2,8,7,304,""
2020-07-27,"A2","Fr","",2,8,8,302,""
2020-07-27,"A2","Fr","",2,8,9,303,""
2020-07-27,"A3","Fr","",3,1,1,,""
2020-07-27,"A3","Fr","",3,1,2,348,""
2020-07-27,"A3","Fr","",3,1,3,347,""
2020-07-27,"A3","Fr","",3,1,4,349,""
2020-07-27,"A3","Fr","",3,1,5,352,""
2020-07-27,"A3","Fr","",3,1,6,344,""
2020-07-27,"A3","Fr","",3,1,7,,""
2020-07-27,"A3","Fr","",3,1,8,347,""
2020-07-27,"A3","Fr","",3,1,9,347,""
2020-07-27,"A3","Fr","",3,7,1,,""
2020-07-27,"A3","Fr","",3,7,2,302,""
2020-07-27,"A3","Fr","",3,7,3,304,""
2020-07-27,"A3","Fr","",3,7,4,300,""
2020-07-27,"A3","Fr","",3,7,5,303,""
2020-07-27,"A3","Fr","",3,7,6,302,""
2020-07-27,"A3","Fr","",3,7,7,305,""
2020-07-27,"A3","Fr","",3,7,8,306,""
2020-07-27,"A3","Fr","",3,7,9,,""
2020-07-27,"A3","Fr","",3,8,1,356,""
2020-07-27,"A3","Fr","",3,8,2,362,""
2020-07-27,"A3","Fr","",3,8,3,361,""
2020-07-27,"A3","Fr","",3,8,4,356,""
2020-07-27,"A3","Fr","",3,8,5,361,""
2020-07-27,"A3","Fr","",3,8,6,358,""
2020-07-27,"A3","Fr","",3,8,7,350,""
2020-07-27,"A3","Fr","",3,8,8,,""
2020-07-27,"A3","Fr","",3,8,9,365,""
2020-07-27,"A5","Fr","",5,5,1,,""
2020-07-27,"A5","Fr","",5,5,2,,""
2020-07-27,"A5","Fr","",5,5,3,325,""
2020-07-27,"A5","Fr","",5,5,4,330,""
2020-07-27,"A5","Fr","",5,5,5,324,""
2020-07-27,"A5","Fr","",5,5,6,317,""
2020-07-27,"A5","Fr","",5,5,7,320,""
2020-07-27,"A5","Fr","",5,5,8,321,""
2020-07-27,"A5","Fr","",5,5,9,329,""
2020-07-27,"A5","Fr","",5,6,1,,""
2020-07-27,"A5","Fr","",5,6,2,,""
2020-07-27,"A5","Fr","",5,6,3,,""
2020-07-27,"A5","Fr","",5,6,4,,""
2020-07-27,"A5","Fr","",5,6,5,,""
2020-07-27,"A5","Fr","",5,6,6,,""
2020-07-27,"A5","Fr","",5,6,7,,""
2020-07-27,"A5","Fr","",5,6,8,,""
2020-07-27,"A5","Fr","",5,6,9,,""
2020-07-27,"A5","Fr","",5,7,1,337,""
2020-07-27,"A5","Fr","",5,7,2,331,""
2020-07-27,"A5","Fr","",5,7,3,328,""
2020-07-27,"A5","Fr","",5,7,4,324,""
2020-07-27,"A5","Fr","",5,7,5,330,""
2020-07-27,"A5","Fr","",5,7,6,332,""
2020-07-27,"A5","Fr","",5,7,7,328,""
2020-07-27,"A5","Fr","",5,7,8,330,""
2020-07-27,"A5","Fr","",5,7,9,326,""
2020-07-27,"A6","Fr","",6,3,1,,""
2020-07-27,"A6","Fr","",6,3,2,,""
2020-07-27,"A6","Fr","",6,3,3,338,""
2020-07-27,"A6","Fr","",6,3,4,340,""
2020-07-27,"A6","Fr","",6,3,5,336,""
2020-07-27,"A6","Fr","",6,3,6,339,""
2020-07-27,"A6","Fr","",6,3,7,340,""
2020-07-27,"A6","Fr","",6,3,8,329,""
2020-07-27,"A6","Fr","",6,3,9,331,""
2020-07-27,"A6","Fr","",6,4,1,327,""
2020-07-27,"A6","Fr","",6,4,2,318,""
2020-07-27,"A6","Fr","",6,4,3,320,""
2020-07-27,"A6","Fr","",6,4,4,327,""
2020-07-27,"A6","Fr","",6,4,5,331,""
2020-07-27,"A6","Fr","",6,4,6,327,""
2020-07-27,"A6","Fr","",6,4,7,324,""
2020-07-27,"A6","Fr","",6,4,8,325,""
2020-07-27,"A6","Fr","",6,4,9,330,""
2020-07-27,"A6","Fr","",6,5,1,316,""
2020-07-27,"A6","Fr","",6,5,2,316,""
2020-07-27,"A6","Fr","",6,5,3,316,""
2020-07-27,"A6","Fr","",6,5,4,309,""
2020-07-27,"A6","Fr","",6,5,5,308,""
2020-07-27,"A6","Fr","",6,5,6,317,""
2020-07-27,"A6","Fr","",6,5,7,317,""
2020-07-27,"A6","Fr","",6,5,8,316,""
2020-07-27,"A6","Fr","",6,5,9,322,""
2020-07-27,"C1","Fr","PR1",1,6,1,,""
2020-07-27,"C1","Fr","PR1",1,6,2,,""
2020-07-27,"C1","Fr","PR1",1,6,3,316,""
2020-07-27,"C1","Fr","PR1",1,6,4,312,""
2020-07-27,"C1","Fr","PR1",1,6,5,314,""
2020-07-27,"C1","Fr","PR1",1,6,6,311,""
2020-07-27,"C1","Fr","PR1",1,6,7,,""
2020-07-27,"C1","Fr","PR1",1,6,8,313,""
2020-07-27,"C1","Fr","PR1",1,6,9,308,""
2020-07-27,"C1","Fr","PR1",1,7,1,314,""
2020-07-27,"C1","Fr","PR1",1,7,2,309,""
2020-07-27,"C1","Fr","PR1",1,7,3,305,""
2020-07-27,"C1","Fr","PR1",1,7,4,315,""
2020-07-27,"C1","Fr","PR1",1,7,5,312,""
2020-07-27,"C1","Fr","PR1",1,7,6,308,""
2020-07-27,"C1","Fr","PR1",1,7,7,311,""
2020-07-27,"C1","Fr","PR1",1,7,8,306,""
2020-07-27,"C1","Fr","PR1",1,7,9,311,""
2020-07-27,"C1","Fr","PR1",1,8,1,328,""
2020-07-27,"C1","Fr","PR1",1,8,2,,""
2020-07-27,"C1","Fr","PR1",1,8,3,325,""
2020-07-27,"C1","Fr","PR1",1,8,4,327,""
2020-07-27,"C1","Fr","PR1",1,8,5,326,""
2020-07-27,"C1","Fr","PR1",1,8,6,326,""
2020-07-27,"C1","Fr","PR1",1,8,7,327,""
2020-07-27,"C1","Fr","PR1",1,8,8,331,""
2020-07-27,"C1","Fr","PR1",1,8,9,335,""
2020-07-27,"B2","PR","CS2",1,5,1,,""
2020-07-27,"B2","PR","CS2",1,5,2,192,""
2020-07-27,"B2","PR","CS2",1,5,3,182,""
2020-07-27,"B2","PR","CS2",1,5,4,192,""
2020-07-27,"B2","PR","CS2",1,5,5,190,""
2020-07-27,"B2","PR","CS2",1,5,6,198,""
2020-07-27,"B2","PR","CS2",1,5,7,190,""
2020-07-27,"B2","PR","CS2",1,5,8,196,""
2020-07-27,"B2","PR","CS2",1,5,9,193,""
2020-07-27,"B2","PR","CS2",1,6,1,212,""
2020-07-27,"B2","PR","CS2",1,6,2,210,""
2020-07-27,"B2","PR","CS2",1,6,3,208,""
2020-07-27,"B2","PR","CS2",1,6,4,201,""
2020-07-27,"B2","PR","CS2",1,6,5,210,""
2020-07-27,"B2","PR","CS2",1,6,6,217,""
2020-07-27,"B2","PR","CS2",1,6,7,,""
2020-07-27,"B2","PR","CS2",1,6,8,220,""
2020-07-27,"B2","PR","CS2",1,6,9,220,""
2020-07-27,"B2","PR","CS2",1,7,1,207,""
2020-07-27,"B2","PR","CS2",1,7,2,210,""
2020-07-27,"B2","PR","CS2",1,7,3,212,""
2020-07-27,"B2","PR","CS2",1,7,4,,""
2020-07-27,"B2","PR","CS2",1,7,5,225,""
2020-07-27,"B2","PR","CS2",1,7,6,215,""
2020-07-27,"B2","PR","CS2",1,7,7,211,""
2020-07-27,"B2","PR","CS2",1,7,8,208,""
2020-07-27,"B2","PR","CS2",1,7,9,197,""
2020-07-27,"C4","PR","",4,1,1,,""
2020-07-27,"C4","PR","",4,1,2,,""
2020-07-27,"C4","PR","",4,1,3,260,""
2020-07-27,"C4","PR","",4,1,4,251,""
2020-07-27,"C4","PR","",4,1,5,263,""
2020-07-27,"C4","PR","",4,1,6,257,""
2020-07-27,"C4","PR","",4,1,7,,""
2020-07-27,"C4","PR","",4,1,8,268,""
2020-07-27,"C4","PR","",4,1,9,261,""
2020-07-27,"C4","PR","",4,7,1,256,""
2020-07-27,"C4","PR","",4,7,2,266,""
2020-07-27,"C4","PR","",4,7,3,275,""
2020-07-27,"C4","PR","",4,7,4,275,""
2020-07-27,"C4","PR","",4,7,5,272,""
2020-07-27,"C4","PR","",4,7,6,265,""
2020-07-27,"C4","PR","",4,7,7,268,""
2020-07-27,"C4","PR","",4,7,8,266,""
2020-07-27,"C4","PR","",4,7,9,267,""
2020-07-27,"C4","PR","",4,8,1,270,""
2020-07-27,"C4","PR","",4,8,2,276,""
2020-07-27,"C4","PR","",4,8,3,273,""
2020-07-27,"C4","PR","",4,8,4,282,""
2020-07-27,"C4","PR","",4,8,5,276,""
2020-07-27,"C4","PR","",4,8,6,272,""
2020-07-27,"C4","PR","",4,8,7,266,""
2020-07-27,"C4","PR","",4,8,8,258,""
2020-07-27,"C4","PR","",4,8,9,270,""
2020-07-27,"C6","PR","",6,4,1,260,""
2020-07-27,"C6","PR","",6,4,2,254,""
2020-07-27,"C6","PR","",6,4,3,258,""
2020-07-27,"C6","PR","",6,4,4,255,""
2020-07-27,"C6","PR","",6,4,5,246,""
2020-07-27,"C6","PR","",6,4,6,250,""
2020-07-27,"C6","PR","",6,4,7,254,""
2020-07-27,"C6","PR","",6,4,8,253,""
2020-07-27,"C6","PR","",6,4,9,258,""
2020-07-27,"C6","PR","",6,5,1,253,""
2020-07-27,"C6","PR","",6,5,2,254,""
2020-07-27,"C6","PR","",6,5,3,256,""
2020-07-27,"C6","PR","",6,5,4,255,""
2020-07-27,"C6","PR","",6,5,5,267,""
2020-07-27,"C6","PR","",6,5,6,258,""
2020-07-27,"C6","PR","",6,5,7,263,""
2020-07-27,"C6","PR","",6,5,8,250,""
2020-07-27,"C6","PR","",6,5,9,256,""
2020-07-27,"C6","PR","",6,6,1,,""
2020-07-27,"C6","PR","",6,6,2,,""
2020-07-27,"C6","PR","",6,6,3,,""
2020-07-27,"C6","PR","",6,6,4,,""
2020-07-27,"C6","PR","",6,6,5,,""
2020-07-27,"C6","PR","",6,6,6,242,""
2020-07-27,"C6","PR","",6,6,7,237,""
2020-07-27,"C6","PR","",6,6,8,,""
2020-07-27,"C6","PR","",6,6,9,242,""
2020-07-27,"D5","Pu","",5,1,1,,""
2020-07-27,"D5","Pu","",5,1,2,,""
2020-07-27,"D5","Pu","",5,1,3,284,""
2020-07-27,"D5","Pu","",5,1,4,281,""
2020-07-27,"D5","Pu","",5,1,5,282,""
2020-07-27,"D5","Pu","",5,1,6,285,""
2020-07-27,"D5","Pu","",5,1,7,280,""
2020-07-27,"D5","Pu","",5,1,8,286,""
2020-07-27,"D5","Pu","",5,1,9,287,""
2020-07-27,"D5","Pu","",5,7,1,,""
2020-07-27,"D5","Pu","",5,7,2,,""
2020-07-27,"D5","Pu","",5,7,3,272,""
2020-07-27,"D5","Pu","",5,7,4,281,""
2020-07-27,"D5","Pu","",5,7,5,278,""
2020-07-27,"D5","Pu","",5,7,6,273,""
2020-07-27,"D5","Pu","",5,7,7,272,""
2020-07-27,"D5","Pu","",5,7,8,277,""
2020-07-27,"D5","Pu","",5,7,9,279,""
2020-07-27,"D5","Pu","",5,8,1,282,""
2020-07-27,"D5","Pu","",5,8,2,279,""
2020-07-27,"D5","Pu","",5,8,3,278,""
2020-07-27,"D5","Pu","",5,8,4,277,""
2020-07-27,"D5","Pu","",5,8,5,279,""
2020-07-27,"D5","Pu","",5,8,6,280,""
2020-07-27,"D5","Pu","",5,8,7,273,""
2020-07-27,"D5","Pu","",5,8,8,279,""
2020-07-27,"D5","Pu","",5,8,9,281,""
2021-01-21,"X2","C","",2,1,1,236,""
2021-01-21,"X2","C","",2,1,2,233,""
2021-01-21,"X2","C","",2,1,3,,""
2021-01-21,"X2","C","",2,1,4,233,""
2021-01-21,"X2","C","",2,1,5,237,""
2021-01-21,"X2","C","",2,1,6,233,""
2021-01-21,"X2","C","",2,1,7,242,""
2021-01-21,"X2","C","",2,1,8,230,""
2021-01-21,"X2","C","",2,1,9,243,""
2021-01-21,"X2","C","",2,2,1,,""
2021-01-21,"X2","C","",2,2,2,234,""
2021-01-21,"X2","C","",2,2,3,234,""
2021-01-21,"X2","C","",2,2,4,235,""
2021-01-21,"X2","C","",2,2,5,234,""
2021-01-21,"X2","C","",2,2,6,231,""
2021-01-21,"X2","C","",2,2,7,238,""
2021-01-21,"X2","C","",2,2,8,236,""
2021-01-21,"X2","C","",2,2,9,242,""
2021-01-21,"X2","C","",2,8,1,236,""
2021-01-21,"X2","C","",2,8,2,236,""
2021-01-21,"X2","C","",2,8,3,238,""
2021-01-21,"X2","C","",2,8,4,232,""
2021-01-21,"X2","C","",2,8,5,,""
2021-01-21,"X2","C","",2,8,6,230,""
2021-01-21,"X2","C","",2,8,7,235,""
2021-01-21,"X2","C","",2,8,8,235,""
2021-01-21,"X2","C","",2,8,9,238,""
2021-01-21,"X3","C","",3,1,1,300,""
2021-01-21,"X3","C","",3,1,2,297,""
2021-01-21,"X3","C","",3,1,3,290,""
2021-01-21,"X3","C","",3,1,4,290,""
2021-01-21,"X3","C","",3,1,5,290,""
2021-01-21,"X3","C","",3,1,6,292,""
2021-01-21,"X3","C","",3,1,7,294,""
2021-01-21,"X3","C","",3,1,8,299,""
2021-01-21,"X3","C","",3,1,9,294,""
2021-01-21,"X3","C","",3,2,1,300,""
2021-01-21,"X3","C","",3,2,2,320,""
2021-01-21,"X3","C","",3,2,3,312,""
2021-01-21,"X3","C","",3,2,4,316,""
2021-01-21,"X3","C","",3,2,5,312,""
2021-01-21,"X3","C","",3,2,6,315,""
2021-01-21,"X3","C","",3,2,7,,""
2021-01-21,"X3","C","",3,2,8,314,""
2021-01-21,"X3","C","",3,2,9,320,""
2021-01-21,"X3","C","",3,3,1,,""
2021-01-21,"X3","C","",3,3,2,308,""
2021-01-21,"X3","C","",3,3,3,,""
2021-01-21,"X3","C","",3,3,4,310,""
2021-01-21,"X3","C","",3,3,5,316,""
2021-01-21,"X3","C","",3,3,6,316,""
2021-01-21,"X3","C","",3,3,7,,""
2021-01-21,"X3","C","",3,3,8,315,""
2021-01-21,"X3","C","",3,3,9,318,""
2021-01-21,"X4","C","",4,1,1,276,""
2021-01-21,"X4","C","",4,1,2,281,""
2021-01-21,"X4","C","",4,1,3,278,""
2021-01-21,"X4","C","",4,1,4,283,""
2021-01-21,"X4","C","",4,1,5,277,""
2021-01-21,"X4","C","",4,1,6,284,""
2021-01-21,"X4","C","",4,1,7,275,""
2021-01-21,"X4","C","",4,1,8,272,""
2021-01-21,"X4","C","",4,1,9,272,""
2021-01-21,"X4","C","",4,2,1,276,""
2021-01-21,"X4","C","",4,2,2,267,""
2021-01-21,"X4","C","",4,2,3,273,""
2021-01-21,"X4","C","",4,2,4,275,""
2021-01-21,"X4","C","",4,2,5,267,""
2021-01-21,"X4","C","",4,2,6,270,""
2021-01-21,"X4","C","",4,2,7,268,""
2021-01-21,"X4","C","",4,2,8,264,""
2021-01-21,"X4","C","",4,2,9,268,""
2021-01-21,"X4","C","",4,3,1,,""
2021-01-21,"X4","C","",4,3,2,,""
2021-01-21,"X4","C","",4,3,3,,""
2021-01-21,"X4","C","",4,3,4,276,""
2021-01-21,"X4","C","",4,3,5,282,""
2021-01-21,"X4","C","",4,3,6,276,""
2021-01-21,"X4","C","",4,3,7,272,""
2021-01-21,"X4","C","",4,3,8,278,""
2021-01-21,"X4","C","",4,3,9,276,""
2021-01-21,"X6","C","",6,5,1,275,""
2021-01-21,"X6","C","",6,5,2,271,""
2021-01-21,"X6","C","",6,5,3,273,""
2021-01-21,"X6","C","",6,5,4,275,""
2021-01-21,"X6","C","",6,5,5,278,""
2021-01-21,"X6","C","",6,5,6,278,""
2021-01-21,"X6","C","",6,5,7,278,""
2021-01-21,"X6","C","",6,5,8,282,""
2021-01-21,"X6","C","",6,5,9,275,""
2021-01-21,"X6","C","",6,6,1,266,""
2021-01-21,"X6","C","",6,6,2,268,""
2021-01-21,"X6","C","",6,6,3,269,""
2021-01-21,"X6","C","",6,6,4,281,""
2021-01-21,"X6","C","",6,6,5,272,""
2021-01-21,"X6","C","",6,6,6,270,""
2021-01-21,"X6","C","",6,6,7,272,""
2021-01-21,"X6","C","",6,6,8,266,""
2021-01-21,"X6","C","",6,6,9,265,""
2021-01-21,"X6","C","",6,7,1,,""
2021-01-21,"X6","C","",6,7,2,,""
2021-01-21,"X6","C","",6,7,3,,""
2021-01-21,"X6","C","",6,7,4,280,""
2021-01-21,"X6","C","",6,7,5,276,""
2021-01-21,"X6","C","",6,7,6,266,""
2021-01-21,"X6","C","",6,7,7,268,""
2021-01-21,"X6","C","",6,7,8,269,""
2021-01-21,"X6","C","",6,7,9,273,""
2021-01-21,"B1","CS","",1,1,1,385,""
2021-01-21,"B1","CS","",1,1,2,385,""
2021-01-21,"B1","CS","",1,1,3,383,""
2021-01-21,"B1","CS","",1,1,4,385,""
2021-01-21,"B1","CS","",1,1,5,390,""
2021-01-21,"B1","CS","",1,1,6,400,""
2021-01-21,"B1","CS","",1,1,7,399,""
2021-01-21,"B1","CS","",1,1,8,401,"IQ"
2021-01-21,"B1","CS","",1,1,9,399,""
2021-01-21,"B1","CS","",1,2,1,370,""
2021-01-21,"B1","CS","",1,2,2,372,""
2021-01-21,"B1","CS","",1,2,3,372,""
2021-01-21,"B1","CS","",1,2,4,370,""
2021-01-21,"B1","CS","",1,2,5,370,""
2021-01-21,"B1","CS","",1,2,6,367,""
2021-01-21,"B1","CS","",1,2,7,368,""
2021-01-21,"B1","CS","",1,2,8,364,""
2021-01-21,"B1","CS","",1,2,9,362,""
2021-01-21,"B1","CS","",1,3,1,,""
2021-01-21,"B1","CS","",1,3,2,,""
2021-01-21,"B1","CS","",1,3,3,,""
2021-01-21,"B1","CS","",1,3,4,,""
2021-01-21,"B1","CS","",1,3,5,,""
2021-01-21,"B1","CS","",1,3,6,,""
2021-01-21,"B1","CS","",1,3,7,,""
2021-01-21,"B1","CS","",1,3,8,,""
2021-01-21,"B1","CS","",1,3,9,,""
2021-01-21,"B5","CS","",5,3,1,,""
2021-01-21,"B5","CS","",5,3,2,,""
2021-01-21,"B5","CS","",5,3,3,316,""
2021-01-21,"B5","CS","",5,3,4,,""
2021-01-21,"B5","CS","",5,3,5,315,""
2021-01-21,"B5","CS","",5,3,6,317,""
2021-01-21,"B5","CS","",5,3,7,,""
2021-01-21,"B5","CS","",5,3,8,312,""
2021-01-21,"B5","CS","",5,3,9,315,""
2021-01-21,"B5","CS","",5,4,1,312,""
2021-01-21,"B5","CS","",5,4,2,310,""
2021-01-21,"B5","CS","",5,4,3,,""
2021-01-21,"B5","CS","",5,4,4,314,""
2021-01-21,"B5","CS","",5,4,5,322,""
2021-01-21,"B5","CS","",5,4,6,324,""
2021-01-21,"B5","CS","",5,4,7,322,""
2021-01-21,"B5","CS","",5,4,8,324,""
2021-01-21,"B5","CS","",5,4,9,323,""
2021-01-21,"B5","CS","",5,5,1,302,""
2021-01-21,"B5","CS","",5,5,2,295,""
2021-01-21,"B5","CS","",5,5,3,300,""
2021-01-21,"B5","CS","",5,5,4,301,""
2021-01-21,"B5","CS","",5,5,5,306,""
2021-01-21,"B5","CS","",5,5,6,308,""
2021-01-21,"B5","CS","",5,5,7,309,""
2021-01-21,"B5","CS","",5,5,8,310,""
2021-01-21,"B5","CS","",5,5,9,,""
2021-01-21,"C2","CS","PR2",3,4,1,308,""
2021-01-21,"C2","CS","PR2",3,4,2,313,""
2021-01-21,"C2","CS","PR2",3,4,3,310,""
2021-01-21,"C2","CS","PR2",3,4,4,315,""
2021-01-21,"C2","CS","PR2",3,4,5,301,""
2021-01-21,"C2","CS","PR2",3,4,6,312,""
2021-01-21,"C2","CS","PR2",3,4,7,307,""
2021-01-21,"C2","CS","PR2",3,4,8,306,""
2021-01-21,"C2","CS","PR2",3,4,9,305,""
2021-01-21,"C2","CS","PR2",3,5,1,292,""
2021-01-21,"C2","CS","PR2",3,5,2,287,""
2021-01-21,"C2","CS","PR2",3,5,3,,""
2021-01-21,"C2","CS","PR2",3,5,4,285,""
2021-01-21,"C2","CS","PR2",3,5,5,286,""
2021-01-21,"C2","CS","PR2",3,5,6,292,""
2021-01-21,"C2","CS","PR2",3,5,7,294,""
2021-01-21,"C2","CS","PR2",3,5,8,300,""
2021-01-21,"C2","CS","PR2",3,5,9,295,""
2021-01-21,"C2","CS","PR2",3,6,1,,""
2021-01-21,"C2","CS","PR2",3,6,2,282,""
2021-01-21,"C2","CS","PR2",3,6,3,275,""
2021-01-21,"C2","CS","PR2",3,6,4,280,""
2021-01-21,"C2","CS","PR2",3,6,5,287,""
2021-01-21,"C2","CS","PR2",3,6,6,281,""
2021-01-21,"C2","CS","PR2",3,6,7,285,""
2021-01-21,"C2","CS","PR2",3,6,8,288,""
2021-01-21,"C2","CS","PR2",3,6,9,295,""
2021-01-21,"A2","Fr","",2,1,1,305,""
2021-01-21,"A2","Fr","",2,1,2,,""
2021-01-21,"A2","Fr","",2,1,3,287,""
2021-01-21,"A2","Fr","",2,1,4,295,""
2021-01-21,"A2","Fr","",2,1,5,292,""
2021-01-21,"A2","Fr","",2,1,6,297,""
2021-01-21,"A2","Fr","",2,1,7,291,""
2021-01-21,"A2","Fr","",2,1,8,295,""
2021-01-21,"A2","Fr","",2,1,9,293,""
2021-01-21,"A2","Fr","",2,7,1,298,""
2021-01-21,"A2","Fr","",2,7,2,297,""
2021-01-21,"A2","Fr","",2,7,3,300,""
2021-01-21,"A2","Fr","",2,7,4,303,""
2021-01-21,"A2","Fr","",2,7,5,301,""
2021-01-21,"A2","Fr","",2,7,6,300,""
2021-01-21,"A2","Fr","",2,7,7,298,""
2021-01-21,"A2","Fr","",2,7,8,301,""
2021-01-21,"A2","Fr","",2,7,9,298,""
2021-01-21,"A2","Fr","",2,8,1,294,""
2021-01-21,"A2","Fr","",2,8,2,295,""
2021-01-21,"A2","Fr","",2,8,3,293,""
2021-01-21,"A2","Fr","",2,8,4,291,""
2021-01-21,"A2","Fr","",2,8,5,296,""
2021-01-21,"A2","Fr","",2,8,6,283,""
2021-01-21,"A2","Fr","",2,8,7,297,""
2021-01-21,"A2","Fr","",2,8,8,,""
2021-01-21,"A2","Fr","",2,8,9,297,""
2021-01-21,"A3","Fr","",3,1,1,351,""
2021-01-21,"A3","Fr","",3,1,2,359,""
2021-01-21,"A3","Fr","",3,1,3,353,""
2021-01-21,"A3","Fr","",3,1,4,356,""
2021-01-21,"A3","Fr","",3,1,5,355,""
2021-01-21,"A3","Fr","",3,1,6,360,""
2021-01-21,"A3","Fr","",3,1,7,351,""
2021-01-21,"A3","Fr","",3,1,8,350,""
2021-01-21,"A3","Fr","",3,1,9,352,""
2021-01-21,"A3","Fr","",3,7,1,,""
2021-01-21,"A3","Fr","",3,7,2,316,""
2021-01-21,"A3","Fr","",3,7,3,322,""
2021-01-21,"A3","Fr","",3,7,4,317,""
2021-01-21,"A3","Fr","",3,7,5,320,""
2021-01-21,"A3","Fr","",3,7,6,327,""
2021-01-21,"A3","Fr","",3,7,7,319,""
2021-01-21,"A3","Fr","",3,7,8,317,""
2021-01-21,"A3","Fr","",3,7,9,,""
2021-01-21,"A3","Fr","",3,8,1,357,""
2021-01-21,"A3","Fr","",3,8,2,359,""
2021-01-21,"A3","Fr","",3,8,3,362,""
2021-01-21,"A3","Fr","",3,8,4,356,""
2021-01-21,"A3","Fr","",3,8,5,351,""
2021-01-21,"A3","Fr","",3,8,6,350,""
2021-01-21,"A3","Fr","",3,8,7,346,""
2021-01-21,"A3","Fr","",3,8,8,353,""
2021-01-21,"A3","Fr","",3,8,9,355,""
2021-01-21,"A5","Fr","",5,5,1,,""
2021-01-21,"A5","Fr","",5,5,2,316,""
2021-01-21,"A5","Fr","",5,5,3,312,""
2021-01-21,"A5","Fr","",5,5,4,316,""
2021-01-21,"A5","Fr","",5,5,5,315,""
2021-01-21,"A5","Fr","",5,5,6,313,""
2021-01-21,"A5","Fr","",5,5,7,314,""
2021-01-21,"A5","Fr","",5,5,8,321,""
2021-01-21,"A5","Fr","",5,5,9,315,""
2021-01-21,"A5","Fr","",5,6,1,,""
2021-01-21,"A5","Fr","",5,6,2,336,""
2021-01-21,"A5","Fr","",5,6,3,327,""
2021-01-21,"A5","Fr","",5,6,4,326,""
2021-01-21,"A5","Fr","",5,6,5,,""
2021-01-21,"A5","Fr","",5,6,6,320,""
2021-01-21,"A5","Fr","",5,6,7,323,""
2021-01-21,"A5","Fr","",5,6,8,317,""
2021-01-21,"A5","Fr","",5,6,9,318,""
2021-01-21,"A5","Fr","",5,7,1,325,""
2021-01-21,"A5","Fr","",5,7,2,320,""
2021-01-21,"A5","Fr","",5,7,3,321,""
2021-01-21,"A5","Fr","",5,7,4,318,""
2021-01-21,"A5","Fr","",5,7,5,321,""
2021-01-21,"A5","Fr","",5,7,6,325,""
2021-01-21,"A5","Fr","",5,7,7,324,""
2021-01-21,"A5","Fr","",5,7,8,316,""
2021-01-21,"A5","Fr","",5,7,9,322,""
2021-01-21,"A6","Fr","",6,3,1,,""
2021-01-21,"A6","Fr","",6,3,2,,""
2021-01-21,"A6","Fr","",6,3,3,336,""
2021-01-21,"A6","Fr","",6,3,4,336,""
2021-01-21,"A6","Fr","",6,3,5,335,""
2021-01-21,"A6","Fr","",6,3,6,337,""
2021-01-21,"A6","Fr","",6,3,7,336,""
2021-01-21,"A6","Fr","",6,3,8,332,""
2021-01-21,"A6","Fr","",6,3,9,336,""
2021-01-21,"A6","Fr","",6,4,1,322,""
2021-01-21,"A6","Fr","",6,4,2,326,""
2021-01-21,"A6","Fr","",6,4,3,327,""
2021-01-21,"A6","Fr","",6,4,4,317,""
2021-01-21,"A6","Fr","",6,4,5,315,""
2021-01-21,"A6","Fr","",6,4,6,320,""
2021-01-21,"A6","Fr","",6,4,7,313,""
2021-01-21,"A6","Fr","",6,4,8,311,""
2021-01-21,"A6","Fr","",6,4,9,313,""
2021-01-21,"A6","Fr","",6,5,1,,""
2021-01-21,"A6","Fr","",6,5,2,317,""
2021-01-21,"A6","Fr","",6,5,3,313,""
2021-01-21,"A6","Fr","",6,5,4,316,""
2021-01-21,"A6","Fr","",6,5,5,312,""
2021-01-21,"A6","Fr","",6,5,6,310,""
2021-01-21,"A6","Fr","",6,5,7,310,""
2021-01-21,"A6","Fr","",6,5,8,312,""
2021-01-21,"A6","Fr","",6,5,9,315,""
2021-01-21,"C1","Fr","PR1",1,6,1,,""
2021-01-21,"C1","Fr","PR1",1,6,2,318,""
2021-01-21,"C1","Fr","PR1",1,6,3,313,""
2021-01-21,"C1","Fr","PR1",1,6,4,317,""
2021-01-21,"C1","Fr","PR1",1,6,5,312,""
2021-01-21,"C1","Fr","PR1",1,6,6,312,""
2021-01-21,"C1","Fr","PR1",1,6,7,312,""
2021-01-21,"C1","Fr","PR1",1,6,8,312,""
2021-01-21,"C1","Fr","PR1",1,6,9,313,""
2021-01-21,"C1","Fr","PR1",1,7,1,318,""
2021-01-21,"C1","Fr","PR1",1,7,2,330,""
2021-01-21,"C1","Fr","PR1",1,7,3,329,""
2021-01-21,"C1","Fr","PR1",1,7,4,327,""
2021-01-21,"C1","Fr","PR1",1,7,5,320,""
2021-01-21,"C1","Fr","PR1",1,7,6,,""
2021-01-21,"C1","Fr","PR1",1,7,7,322,""
2021-01-21,"C1","Fr","PR1",1,7,8,324,""
2021-01-21,"C1","Fr","PR1",1,7,9,324,""
2021-01-21,"C1","Fr","PR1",1,8,1,320,""
2021-01-21,"C1","Fr","PR1",1,8,2,320,""
2021-01-21,"C1","Fr","PR1",1,8,3,323,""
2021-01-21,"C1","Fr","PR1",1,8,4,319,""
2021-01-21,"C1","Fr","PR1",1,8,5,325,""
2021-01-21,"C1","Fr","PR1",1,8,6,326,""
2021-01-21,"C1","Fr","PR1",1,8,7,327,""
2021-01-21,"C1","Fr","PR1",1,8,8,326,""
2021-01-21,"C1","Fr","PR1",1,8,9,,""
2021-01-21,"B2","PR","CS2",1,5,1,,""
2021-01-21,"B2","PR","CS2",1,5,2,180,""
2021-01-21,"B2","PR","CS2",1,5,3,184,""
2021-01-21,"B2","PR","CS2",1,5,4,180,""
2021-01-21,"B2","PR","CS2",1,5,5,178,""
2021-01-21,"B2","PR","CS2",1,5,6,181,""
2021-01-21,"B2","PR","CS2",1,5,7,180,""
2021-01-21,"B2","PR","CS2",1,5,8,178,""
2021-01-21,"B2","PR","CS2",1,5,9,182,""
2021-01-21,"B2","PR","CS2",1,6,1,192,""
2021-01-21,"B2","PR","CS2",1,6,2,196,""
2021-01-21,"B2","PR","CS2",1,6,3,195,""
2021-01-21,"B2","PR","CS2",1,6,4,195,""
2021-01-21,"B2","PR","CS2",1,6,5,196,""
2021-01-21,"B2","PR","CS2",1,6,6,,""
2021-01-21,"B2","PR","CS2",1,6,7,,""
2021-01-21,"B2","PR","CS2",1,6,8,,""
2021-01-21,"B2","PR","CS2",1,6,9,192,""
2021-01-21,"B2","PR","CS2",1,7,1,198,""
2021-01-21,"B2","PR","CS2",1,7,2,199,""
2021-01-21,"B2","PR","CS2",1,7,3,199,""
2021-01-21,"B2","PR","CS2",1,7,4,,""
2021-01-21,"B2","PR","CS2",1,7,5,208,""
2021-01-21,"B2","PR","CS2",1,7,6,201,""
2021-01-21,"B2","PR","CS2",1,7,7,194,""
2021-01-21,"B2","PR","CS2",1,7,8,186,""
2021-01-21,"B2","PR","CS2",1,7,9,188,""
2021-01-21,"C4","PR","",4,1,1,,""
2021-01-21,"C4","PR","",4,1,2,,""
2021-01-21,"C4","PR","",4,1,3,,""
2021-01-21,"C4","PR","",4,1,4,,""
2021-01-21,"C4","PR","",4,1,5,,""
2021-01-21,"C4","PR","",4,1,6,283,""
2021-01-21,"C4","PR","",4,1,7,287,""
2021-01-21,"C4","PR","",4,1,8,276,""
2021-01-21,"C4","PR","",4,1,9,277,""
2021-01-21,"C4","PR","",4,7,1,247,""
2021-01-21,"C4","PR","",4,7,2,256,""
2021-01-21,"C4","PR","",4,7,3,268,""
2021-01-21,"C4","PR","",4,7,4,262,""
2021-01-21,"C4","PR","",4,7,5,253,""
2021-01-21,"C4","PR","",4,7,6,263,""
2021-01-21,"C4","PR","",4,7,7,260,""
2021-01-21,"C4","PR","",4,7,8,252,""
2021-01-21,"C4","PR","",4,7,9,252,""
2021-01-21,"C4","PR","",4,8,1,266,""
2021-01-21,"C4","PR","",4,8,2,270,""
2021-01-21,"C4","PR","",4,8,3,279,""
2021-01-21,"C4","PR","",4,8,4,,""
2021-01-21,"C4","PR","",4,8,5,270,""
2021-01-21,"C4","PR","",4,8,6,265,""
2021-01-21,"C4","PR","",4,8,7,260,""
2021-01-21,"C4","PR","",4,8,8,274,""
2021-01-21,"C4","PR","",4,8,9,274,""
2021-01-21,"C6","PR","",6,4,1,250,""
2021-01-21,"C6","PR","",6,4,2,250,""
2021-01-21,"C6","PR","",6,4,3,248,""
2021-01-21,"C6","PR","",6,4,4,240,""
2021-01-21,"C6","PR","",6,4,5,245,""
2021-01-21,"C6","PR","",6,4,6,246,""
2021-01-21,"C6","PR","",6,4,7,246,""
2021-01-21,"C6","PR","",6,4,8,245,""
2021-01-21,"C6","PR","",6,4,9,247,""
2021-01-21,"C6","PR","",6,5,1,248,""
2021-01-21,"C6","PR","",6,5,2,246,""
2021-01-21,"C6","PR","",6,5,3,247,""
2021-01-21,"C6","PR","",6,5,4,255,""
2021-01-21,"C6","PR","",6,5,5,255,""
2021-01-21,"C6","PR","",6,5,6,251,""
2021-01-21,"C6","PR","",6,5,7,259,""
2021-01-21,"C6","PR","",6,5,8,247,""
2021-01-21,"C6","PR","",6,5,9,245,""
2021-01-21,"C6","PR","",6,6,1,,""
2021-01-21,"C6","PR","",6,6,2,,""
2021-01-21,"C6","PR","",6,6,3,,""
2021-01-21,"C6","PR","",6,6,4,,""
2021-01-21,"C6","PR","",6,6,5,,""
2021-01-21,"C6","PR","",6,6,6,,""
2021-01-21,"C6","PR","",6,6,7,230,""
2021-01-21,"C6","PR","",6,6,8,236,""
2021-01-21,"C6","PR","",6,6,9,241,""
2021-01-21,"D5","Pu","",5,1,1,,""
2021-01-21,"D5","Pu","",5,1,2,,""
2021-01-21,"D5","Pu","",5,1,3,280,""
2021-01-21,"D5","Pu","",5,1,4,274,""
2021-01-21,"D5","Pu","",5,1,5,279,""
2021-01-21,"D5","Pu","",5,1,6,279,""
2021-01-21,"D5","Pu","",5,1,7,280,""
2021-01-21,"D5","Pu","",5,1,8,282,""
2021-01-21,"D5","Pu","",5,1,9,275,""
2021-01-21,"D5","Pu","",5,7,1,,""
2021-01-21,"D5","Pu","",5,7,2,259,""
2021-01-21,"D5","Pu","",5,7,3,264,""
2021-01-21,"D5","Pu","",5,7,4,264,""
2021-01-21,"D5","Pu","",5,7,5,269,""
2021-01-21,"D5","Pu","",5,7,6,266,""
2021-01-21,"D5","Pu","",5,7,7,266,""
2021-01-21,"D5","Pu","",5,7,8,270,""
2021-01-21,"D5","Pu","",5,7,9,268,""
2021-01-21,"D5","Pu","",5,8,1,281,""
2021-01-21,"D5","Pu","",5,8,2,281,""
2021-01-21,"D5","Pu","",5,8,3,279,""
2021-01-21,"D5","Pu","",5,8,4,280,""
2021-01-21,"D5","Pu","",5,8,5,280,""
2021-01-21,"D5","Pu","",5,8,6,280,""
2021-01-21,"D5","Pu","",5,8,7,283,""
2021-01-21,"D5","Pu","",5,8,8,285,""
2021-01-21,"D5","Pu","",5,8,9,285,""
2022-02-22,"X2","C","",2,1,1,256,""
2022-02-22,"X2","C","",2,1,2,260,""
2022-02-22,"X2","C","",2,1,3,250,""
2022-02-22,"X2","C","",2,1,4,252,""
2022-02-22,"X2","C","",2,1,5,252,""
2022-02-22,"X2","C","",2,1,6,257,""
2022-02-22,"X2","C","",2,1,7,260,""
2022-02-22,"X2","C","",2,1,8,,""
2022-02-22,"X2","C","",2,1,9,262,""
2022-02-22,"X2","C","",2,2,1,,""
2022-02-22,"X2","C","",2,2,2,256,""
2022-02-22,"X2","C","",2,2,3,260,""
2022-02-22,"X2","C","",2,2,4,253,""
2022-02-22,"X2","C","",2,2,5,255,""
2022-02-22,"X2","C","",2,2,6,250,""
2022-02-22,"X2","C","",2,2,7,250,""
2022-02-22,"X2","C","",2,2,8,252,""
2022-02-22,"X2","C","",2,2,9,254,""
2022-02-22,"X2","C","",2,8,1,240,""
2022-02-22,"X2","C","",2,8,2,252,""
2022-02-22,"X2","C","",2,8,3,240,""
2022-02-22,"X2","C","",2,8,4,248,""
2022-02-22,"X2","C","",2,8,5,240,""
2022-02-22,"X2","C","",2,8,6,244,""
2022-02-22,"X2","C","",2,8,7,238,""
2022-02-22,"X2","C","",2,8,8,243,""
2022-02-22,"X2","C","",2,8,9,250,""
2022-02-22,"X3","C","",3,1,1,317,""
2022-02-22,"X3","C","",3,1,2,320,""
2022-02-22,"X3","C","",3,1,3,318,""
2022-02-22,"X3","C","",3,1,4,326,""
2022-02-22,"X3","C","",3,1,5,330,""
2022-02-22,"X3","C","",3,1,6,330,""
2022-02-22,"X3","C","",3,1,7,326,""
2022-02-22,"X3","C","",3,1,8,320,""
2022-02-22,"X3","C","",3,1,9,326,""
2022-02-22,"X3","C","",3,2,1,,""
2022-02-22,"X3","C","",3,2,2,315,""
2022-02-22,"X3","C","",3,2,3,318,""
2022-02-22,"X3","C","",3,2,4,319,""
2022-02-22,"X3","C","",3,2,5,320,""
2022-02-22,"X3","C","",3,2,6,320,""
2022-02-22,"X3","C","",3,2,7,320,""
2022-02-22,"X3","C","",3,2,8,325,""
2022-02-22,"X3","C","",3,2,9,319,""
2022-02-22,"X3","C","",3,3,1,315,""
2022-02-22,"X3","C","",3,3,2,315,""
2022-02-22,"X3","C","",3,3,3,300,""
2022-02-22,"X3","C","",3,3,4,300,""
2022-02-22,"X3","C","",3,3,5,303,""
2022-02-22,"X3","C","",3,3,6,,""
2022-02-22,"X3","C","",3,3,7,307,""
2022-02-22,"X3","C","",3,3,8,305,""
2022-02-22,"X3","C","",3,3,9,303,""
2022-02-22,"X4","C","",4,1,1,285,""
2022-02-22,"X4","C","",4,1,2,282,""
2022-02-22,"X4","C","",4,1,3,285,""
2022-02-22,"X4","C","",4,1,4,286,""
2022-02-22,"X4","C","",4,1,5,287,""
2022-02-22,"X4","C","",4,1,6,271,""
2022-02-22,"X4","C","",4,1,7,,""
2022-02-22,"X4","C","",4,1,8,272,""
2022-02-22,"X4","C","",4,1,9,280,""
2022-02-22,"X4","C","",4,2,1,282,""
2022-02-22,"X4","C","",4,2,2,274,""
2022-02-22,"X4","C","",4,2,3,288,""
2022-02-22,"X4","C","",4,2,4,280,""
2022-02-22,"X4","C","",4,2,5,288,""
2022-02-22,"X4","C","",4,2,6,286,""
2022-02-22,"X4","C","",4,2,7,280,""
2022-02-22,"X4","C","",4,2,8,285,""
2022-02-22,"X4","C","",4,2,9,289,""
2022-02-22,"X4","C","",4,3,1,,""
2022-02-22,"X4","C","",4,3,2,,""
2022-02-22,"X4","C","",4,3,3,282,""
2022-02-22,"X4","C","",4,3,4,285,""
2022-02-22,"X4","C","",4,3,5,282,""
2022-02-22,"X4","C","",4,3,6,289,""
2022-02-22,"X4","C","",4,3,7,281,""
2022-02-22,"X4","C","",4,3,8,290,""
2022-02-22,"X4","C","",4,3,9,,""
2022-02-22,"X6","C","",6,5,1,271,""
2022-02-22,"X6","C","",6,5,2,281,""
2022-02-22,"X6","C","",6,5,3,278,""
2022-02-22,"X6","C","",6,5,4,278,""
2022-02-22,"X6","C","",6,5,5,274,""
2022-02-22,"X6","C","",6,5,6,281,""
2022-02-22,"X6","C","",6,5,7,280,""
2022-02-22,"X6","C","",6,5,8,279,""
2022-02-22,"X6","C","",6,5,9,271,""
2022-02-22,"X6","C","",6,6,1,290,""
2022-02-22,"X6","C","",6,6,2,290,""
2022-02-22,"X6","C","",6,6,3,300,""
2022-02-22,"X6","C","",6,6,4,284,""
2022-02-22,"X6","C","",6,6,5,282,""
2022-02-22,"X6","C","",6,6,6,285,""
2022-02-22,"X6","C","",6,6,7,281,""
2022-02-22,"X6","C","",6,6,8,290,""
2022-02-22,"X6","C","",6,6,9,281,""
2022-02-22,"X6","C","",6,7,1,288,""
2022-02-22,"X6","C","",6,7,2,290,""
2022-02-22,"X6","C","",6,7,3,282,""
2022-02-22,"X6","C","",6,7,4,282,""
2022-02-22,"X6","C","",6,7,5,280,""
2022-02-22,"X6","C","",6,7,6,279,""
2022-02-22,"X6","C","",6,7,7,287,""
2022-02-22,"X6","C","",6,7,8,278,""
2022-02-22,"X6","C","",6,7,9,273,""
2022-02-22,"B1","CS","",1,1,1,388,""
2022-02-22,"B1","CS","",1,1,2,384,""
2022-02-22,"B1","CS","",1,1,3,388,""
2022-02-22,"B1","CS","",1,1,4,377,""
2022-02-22,"B1","CS","",1,1,5,390,""
2022-02-22,"B1","CS","",1,1,6,399,""
2022-02-22,"B1","CS","",1,1,7,398,""
2022-02-22,"B1","CS","",1,1,8,398,""
2022-02-22,"B1","CS","",1,1,9,398,""
2022-02-22,"B1","CS","",1,2,1,395,""
2022-02-22,"B1","CS","",1,2,2,390,""
2022-02-22,"B1","CS","",1,2,3,,""
2022-02-22,"B1","CS","",1,2,4,385,""
2022-02-22,"B1","CS","",1,2,5,385,""
2022-02-22,"B1","CS","",1,2,6,391,""
2022-02-22,"B1","CS","",1,2,7,395,""
2022-02-22,"B1","CS","",1,2,8,389,""
2022-02-22,"B1","CS","",1,2,9,393,""
2022-02-22,"B1","CS","",1,3,1,,""
2022-02-22,"B1","CS","",1,3,2,,""
2022-02-22,"B1","CS","",1,3,3,,""
2022-02-22,"B1","CS","",1,3,4,,""
2022-02-22,"B1","CS","",1,3,5,,""
2022-02-22,"B1","CS","",1,3,6,,""
2022-02-22,"B1","CS","",1,3,7,,""
2022-02-22,"B1","CS","",1,3,8,,""
2022-02-22,"B1","CS","",1,3,9,,""
2022-02-22,"B5","CS","",5,3,1,,""
2022-02-22,"B5","CS","",5,3,2,225,""
2022-02-22,"B5","CS","",5,3,3,330,""
2022-02-22,"B5","CS","",5,3,4,328,""
2022-02-22,"B5","CS","",5,3,5,331,""
2022-02-22,"B5","CS","",5,3,6,327,""
2022-02-22,"B5","CS","",5,3,7,,""
2022-02-22,"B5","CS","",5,3,8,337,""
2022-02-22,"B5","CS","",5,3,9,330,""
2022-02-22,"B5","CS","",5,4,1,326,""
2022-02-22,"B5","CS","",5,4,2,325,""
2022-02-22,"B5","CS","",5,4,3,324,""
2022-02-22,"B5","CS","",5,4,4,330,""
2022-02-22,"B5","CS","",5,4,5,330,""
2022-02-22,"B5","CS","",5,4,6,335,""
2022-02-22,"B5","CS","",5,4,7,335,""
2022-02-22,"B5","CS","",5,4,8,336,""
2022-02-22,"B5","CS","",5,4,9,335,""
2022-02-22,"B5","CS","",5,5,1,316,""
2022-02-22,"B5","CS","",5,5,2,310,""
2022-02-22,"B5","CS","",5,5,3,312,""
2022-02-22,"B5","CS","",5,5,4,318,""
2022-02-22,"B5","CS","",5,5,5,,""
2022-02-22,"B5","CS","",5,5,6,320,""
2022-02-22,"B5","CS","",5,5,7,,""
2022-02-22,"B5","CS","",5,5,8,321,""
2022-02-22,"B5","CS","",5,5,9,332,""
2022-02-22,"C2","CS","PR2",3,4,1,,""
2022-02-22,"C2","CS","PR2",3,4,2,,""
2022-02-22,"C2","CS","PR2",3,4,3,,""
2022-02-22,"C2","CS","PR2",3,4,4,,""
2022-02-22,"C2","CS","PR2",3,4,5,,""
2022-02-22,"C2","CS","PR2",3,4,6,,""
2022-02-22,"C2","CS","PR2",3,4,7,,""
2022-02-22,"C2","CS","PR2",3,4,8,,""
2022-02-22,"C2","CS","PR2",3,4,9,,""
2022-02-22,"C2","CS","PR2",3,5,1,,""
2022-02-22,"C2","CS","PR2",3,5,2,,""
2022-02-22,"C2","CS","PR2",3,5,3,,""
2022-02-22,"C2","CS","PR2",3,5,4,,""
2022-02-22,"C2","CS","PR2",3,5,5,,""
2022-02-22,"C2","CS","PR2",3,5,6,,""
2022-02-22,"C2","CS","PR2",3,5,7,,""
2022-02-22,"C2","CS","PR2",3,5,8,,""
2022-02-22,"C2","CS","PR2",3,5,9,,""
2022-02-22,"C2","CS","PR2",3,6,1,,""
2022-02-22,"C2","CS","PR2",3,6,2,,""
2022-02-22,"C2","CS","PR2",3,6,3,,""
2022-02-22,"C2","CS","PR2",3,6,4,,""
2022-02-22,"C2","CS","PR2",3,6,5,,""
2022-02-22,"C2","CS","PR2",3,6,6,,""
2022-02-22,"C2","CS","PR2",3,6,7,,""
2022-02-22,"C2","CS","PR2",3,6,8,,""
2022-02-22,"C2","CS","PR2",3,6,9,,""
2022-02-22,"A2","Fr","",2,1,1,303,""
2022-02-22,"A2","Fr","",2,1,2,300,""
2022-02-22,"A2","Fr","",2,1,3,299,""
2022-02-22,"A2","Fr","",2,1,4,303,""
2022-02-22,"A2","Fr","",2,1,5,302,""
2022-02-22,"A2","Fr","",2,1,6,,""
2022-02-22,"A2","Fr","",2,1,7,,""
2022-02-22,"A2","Fr","",2,1,8,302,""
2022-02-22,"A2","Fr","",2,1,9,298,""
2022-02-22,"A2","Fr","",2,7,1,,""
2022-02-22,"A2","Fr","",2,7,2,,""
2022-02-22,"A2","Fr","",2,7,3,306,""
2022-02-22,"A2","Fr","",2,7,4,320,""
2022-02-22,"A2","Fr","",2,7,5,320,""
2022-02-22,"A2","Fr","",2,7,6,314,""
2022-02-22,"A2","Fr","",2,7,7,311,""
2022-02-22,"A2","Fr","",2,7,8,317,""
2022-02-22,"A2","Fr","",2,7,9,322,""
2022-02-22,"A2","Fr","",2,8,1,306,""
2022-02-22,"A2","Fr","",2,8,2,304,""
2022-02-22,"A2","Fr","",2,8,3,314,""
2022-02-22,"A2","Fr","",2,8,4,308,""
2022-02-22,"A2","Fr","",2,8,5,302,""
2022-02-22,"A2","Fr","",2,8,6,306,""
2022-02-22,"A2","Fr","",2,8,7,307,""
2022-02-22,"A2","Fr","",2,8,8,305,""
2022-02-22,"A2","Fr","",2,8,9,308,""
2022-02-22,"A3","Fr","",3,1,1,360,""
2022-02-22,"A3","Fr","",3,1,2,364,""
2022-02-22,"A3","Fr","",3,1,3,368,""
2022-02-22,"A3","Fr","",3,1,4,368,""
2022-02-22,"A3","Fr","",3,1,5,367,""
2022-02-22,"A3","Fr","",3,1,6,368,""
2022-02-22,"A3","Fr","",3,1,7,377,""
2022-02-22,"A3","Fr","",3,1,8,358,""
2022-02-22,"A3","Fr","",3,1,9,360,""
2022-02-22,"A3","Fr","",3,7,1,,""
2022-02-22,"A3","Fr","",3,7,2,330,""
2022-02-22,"A3","Fr","",3,7,3,,""
2022-02-22,"A3","Fr","",3,7,4,325,""
2022-02-22,"A3","Fr","",3,7,5,322,""
2022-02-22,"A3","Fr","",3,7,6,318,""
2022-02-22,"A3","Fr","",3,7,7,323,""
2022-02-22,"A3","Fr","",3,7,8,322,""
2022-02-22,"A3","Fr","",3,7,9,323,""
2022-02-22,"A3","Fr","",3,8,1,365,""
2022-02-22,"A3","Fr","",3,8,2,360,""
2022-02-22,"A3","Fr","",3,8,3,362,""
2022-02-22,"A3","Fr","",3,8,4,364,""
2022-02-22,"A3","Fr","",3,8,5,361,""
2022-02-22,"A3","Fr","",3,8,6,360,""
2022-02-22,"A3","Fr","",3,8,7,,""
2022-02-22,"A3","Fr","",3,8,8,366,""
2022-02-22,"A3","Fr","",3,8,9,,""
2022-02-22,"A5","Fr","",5,5,1,,""
2022-02-22,"A5","Fr","",5,5,2,335,""
2022-02-22,"A5","Fr","",5,5,3,331,""
2022-02-22,"A5","Fr","",5,5,4,324,""
2022-02-22,"A5","Fr","",5,5,5,326,""
2022-02-22,"A5","Fr","",5,5,6,326,""
2022-02-22,"A5","Fr","",5,5,7,318,""
2022-02-22,"A5","Fr","",5,5,8,335,""
2022-02-22,"A5","Fr","",5,5,9,337,""
2022-02-22,"A5","Fr","",5,6,1,340,""
2022-02-22,"A5","Fr","",5,6,2,345,""
2022-02-22,"A5","Fr","",5,6,3,,""
2022-02-22,"A5","Fr","",5,6,4,335,""
2022-02-22,"A5","Fr","",5,6,5,337,""
2022-02-22,"A5","Fr","",5,6,6,,""
2022-02-22,"A5","Fr","",5,6,7,341,""
2022-02-22,"A5","Fr","",5,6,8,346,""
2022-02-22,"A5","Fr","",5,6,9,330,""
2022-02-22,"A5","Fr","",5,7,1,326,""
2022-02-22,"A5","Fr","",5,7,2,330,""
2022-02-22,"A5","Fr","",5,7,3,326,""
2022-02-22,"A5","Fr","",5,7,4,328,""
2022-02-22,"A5","Fr","",5,7,5,335,""
2022-02-22,"A5","Fr","",5,7,6,333,""
2022-02-22,"A5","Fr","",5,7,7,333,""
2022-02-22,"A5","Fr","",5,7,8,327,""
2022-02-22,"A5","Fr","",5,7,9,331,""
2022-02-22,"A6","Fr","",6,3,1,,""
2022-02-22,"A6","Fr","",6,3,2,,""
2022-02-22,"A6","Fr","",6,3,3,340,""
2022-02-22,"A6","Fr","",6,3,4,,""
2022-02-22,"A6","Fr","",6,3,5,348,""
2022-02-22,"A6","Fr","",6,3,6,344,""
2022-02-22,"A6","Fr","",6,3,7,345,""
2022-02-22,"A6","Fr","",6,3,8,337,""
2022-02-22,"A6","Fr","",6,3,9,337,""
2022-02-22,"A6","Fr","",6,4,1,332,""
2022-02-22,"A6","Fr","",6,4,2,,""
2022-02-22,"A6","Fr","",6,4,3,337,""
2022-02-22,"A6","Fr","",6,4,4,,""
2022-02-22,"A6","Fr","",6,4,5,340,""
2022-02-22,"A6","Fr","",6,4,6,334,""
2022-02-22,"A6","Fr","",6,4,7,324,""
2022-02-22,"A6","Fr","",6,4,8,334,""
2022-02-22,"A6","Fr","",6,4,9,330,""
2022-02-22,"A6","Fr","",6,5,1,,""
2022-02-22,"A6","Fr","",6,5,2,,""
2022-02-22,"A6","Fr","",6,5,3,330,""
2022-02-22,"A6","Fr","",6,5,4,327,""
2022-02-22,"A6","Fr","",6,5,5,331,""
2022-02-22,"A6","Fr","",6,5,6,335,""
2022-02-22,"A6","Fr","",6,5,7,333,""
2022-02-22,"A6","Fr","",6,5,8,330,""
2022-02-22,"A6","Fr","",6,5,9,330,""
2022-02-22,"C1","Fr","PR1",1,6,1,,""
2022-02-22,"C1","Fr","PR1",1,6,2,,""
2022-02-22,"C1","Fr","PR1",1,6,3,,""
2022-02-22,"C1","Fr","PR1",1,6,4,,""
2022-02-22,"C1","Fr","PR1",1,6,5,,""
2022-02-22,"C1","Fr","PR1",1,6,6,,""
2022-02-22,"C1","Fr","PR1",1,6,7,,""
2022-02-22,"C1","Fr","PR1",1,6,8,,""
2022-02-22,"C1","Fr","PR1",1,6,9,,""
2022-02-22,"C1","Fr","PR1",1,7,1,,""
2022-02-22,"C1","Fr","PR1",1,7,2,,""
2022-02-22,"C1","Fr","PR1",1,7,3,,""
2022-02-22,"C1","Fr","PR1",1,7,4,,""
2022-02-22,"C1","Fr","PR1",1,7,5,,""
2022-02-22,"C1","Fr","PR1",1,7,6,,""
2022-02-22,"C1","Fr","PR1",1,7,7,,""
2022-02-22,"C1","Fr","PR1",1,7,8,,""
2022-02-22,"C1","Fr","PR1",1,7,9,,""
2022-02-22,"C1","Fr","PR1",1,8,1,,""
2022-02-22,"C1","Fr","PR1",1,8,2,,""
2022-02-22,"C1","Fr","PR1",1,8,3,,""
2022-02-22,"C1","Fr","PR1",1,8,4,,""
2022-02-22,"C1","Fr","PR1",1,8,5,,""
2022-02-22,"C1","Fr","PR1",1,8,6,,""
2022-02-22,"C1","Fr","PR1",1,8,7,,""
2022-02-22,"C1","Fr","PR1",1,8,8,,""
2022-02-22,"C1","Fr","PR1",1,8,9,,""
2022-02-22,"B2","PR","CS2",1,5,1,,""
2022-02-22,"B2","PR","CS2",1,5,2,,""
2022-02-22,"B2","PR","CS2",1,5,3,,""
2022-02-22,"B2","PR","CS2",1,5,4,,""
2022-02-22,"B2","PR","CS2",1,5,5,,""
2022-02-22,"B2","PR","CS2",1,5,6,,""
2022-02-22,"B2","PR","CS2",1,5,7,,""
2022-02-22,"B2","PR","CS2",1,5,8,,""
2022-02-22,"B2","PR","CS2",1,5,9,,""
2022-02-22,"B2","PR","CS2",1,6,1,,""
2022-02-22,"B2","PR","CS2",1,6,2,,""
2022-02-22,"B2","PR","CS2",1,6,3,,""
2022-02-22,"B2","PR","CS2",1,6,4,,""
2022-02-22,"B2","PR","CS2",1,6,5,,""
2022-02-22,"B2","PR","CS2",1,6,6,,""
2022-02-22,"B2","PR","CS2",1,6,7,,""
2022-02-22,"B2","PR","CS2",1,6,8,,""
2022-02-22,"B2","PR","CS2",1,6,9,,""
2022-02-22,"B2","PR","CS2",1,7,1,,""
2022-02-22,"B2","PR","CS2",1,7,2,,""
2022-02-22,"B2","PR","CS2",1,7,3,,""
2022-02-22,"B2","PR","CS2",1,7,4,,""
2022-02-22,"B2","PR","CS2",1,7,5,,""
2022-02-22,"B2","PR","CS2",1,7,6,,""
2022-02-22,"B2","PR","CS2",1,7,7,,""
2022-02-22,"B2","PR","CS2",1,7,8,,""
2022-02-22,"B2","PR","CS2",1,7,9,,""
2022-02-22,"C4","PR","",4,1,1,,""
2022-02-22,"C4","PR","",4,1,2,,""
2022-02-22,"C4","PR","",4,1,3,,""
2022-02-22,"C4","PR","",4,1,4,,""
2022-02-22,"C4","PR","",4,1,5,,""
2022-02-22,"C4","PR","",4,1,6,267,""
2022-02-22,"C4","PR","",4,1,7,258,""
2022-02-22,"C4","PR","",4,1,8,268,""
2022-02-22,"C4","PR","",4,1,9,268,""
2022-02-22,"C4","PR","",4,7,1,279,""
2022-02-22,"C4","PR","",4,7,2,,""
2022-02-22,"C4","PR","",4,7,3,,""
2022-02-22,"C4","PR","",4,7,4,270,""
2022-02-22,"C4","PR","",4,7,5,267,""
2022-02-22,"C4","PR","",4,7,6,266,""
2022-02-22,"C4","PR","",4,7,7,,""
2022-02-22,"C4","PR","",4,7,8,267,""
2022-02-22,"C4","PR","",4,7,9,271,""
2022-02-22,"C4","PR","",4,8,1,270,""
2022-02-22,"C4","PR","",4,8,2,267,""
2022-02-22,"C4","PR","",4,8,3,280,""
2022-02-22,"C4","PR","",4,8,4,291,""
2022-02-22,"C4","PR","",4,8,5,282,""
2022-02-22,"C4","PR","",4,8,6,276,""
2022-02-22,"C4","PR","",4,8,7,275,""
2022-02-22,"C4","PR","",4,8,8,277,""
2022-02-22,"C4","PR","",4,8,9,283,""
2022-02-22,"C6","PR","",6,4,1,265,""
2022-02-22,"C6","PR","",6,4,2,260,""
2022-02-22,"C6","PR","",6,4,3,259,""
2022-02-22,"C6","PR","",6,4,4,254,""
2022-02-22,"C6","PR","",6,4,5,270,""
2022-02-22,"C6","PR","",6,4,6,265,""
2022-02-22,"C6","PR","",6,4,7,257,""
2022-02-22,"C6","PR","",6,4,8,,""
2022-02-22,"C6","PR","",6,4,9,255,""
2022-02-22,"C6","PR","",6,5,1,263,""
2022-02-22,"C6","PR","",6,5,2,264,""
2022-02-22,"C6","PR","",6,5,3,266,""
2022-02-22,"C6","PR","",6,5,4,255,""
2022-02-22,"C6","PR","",6,5,5,267,""
2022-02-22,"C6","PR","",6,5,6,271,""
2022-02-22,"C6","PR","",6,5,7,266,""
2022-02-22,"C6","PR","",6,5,8,264,""
2022-02-22,"C6","PR","",6,5,9,258,""
2022-02-22,"C6","PR","",6,6,1,,""
2022-02-22,"C6","PR","",6,6,2,,""
2022-02-22,"C6","PR","",6,6,3,,""
2022-02-22,"C6","PR","",6,6,4,,""
2022-02-22,"C6","PR","",6,6,5,,""
2022-02-22,"C6","PR","",6,6,6,,""
2022-02-22,"C6","PR","",6,6,7,257,""
2022-02-22,"C6","PR","",6,6,8,252,""
2022-02-22,"C6","PR","",6,6,9,249,""
2022-02-22,"D5","Pu","",5,1,1,,""
2022-02-22,"D5","Pu","",5,1,2,,""
2022-02-22,"D5","Pu","",5,1,3,287,""
2022-02-22,"D5","Pu","",5,1,4,285,""
2022-02-22,"D5","Pu","",5,1,5,285,""
2022-02-22,"D5","Pu","",5,1,6,,""
2022-02-22,"D5","Pu","",5,1,7,283,""
2022-02-22,"D5","Pu","",5,1,8,282,""
2022-02-22,"D5","Pu","",5,1,9,280,""
2022-02-22,"D5","Pu","",5,7,1,,""
2022-02-22,"D5","Pu","",5,7,2,255,""
2022-02-22,"D5","Pu","",5,7,3,260,""
2022-02-22,"D5","Pu","",5,7,4,272,""
2022-02-22,"D5","Pu","",5,7,5,275,""
2022-02-22,"D5","Pu","",5,7,6,274,""
2022-02-22,"D5","Pu","",5,7,7,278,""
2022-02-22,"D5","Pu","",5,7,8,285,""
2022-02-22,"D5","Pu","",5,7,9,280,""
2022-02-22,"D5","Pu","",5,8,1,280,""
2022-02-22,"D5","Pu","",5,8,2,286,""
2022-02-22,"D5","Pu","",5,8,3,280,""
2022-02-22,"D5","Pu","",5,8,4,277,""
2022-02-22,"D5","Pu","",5,8,5,280,""
2022-02-22,"D5","Pu","",5,8,6,,""
2022-02-22,"D5","Pu","",5,8,7,270,""
2022-02-22,"D5","Pu","",5,8,8,281,""
2022-02-22,"D5","Pu","",5,8,9,277,""
2022-07-21,"X2","C","",2,1,1,252,""
2022-07-21,"X2","C","",2,1,2,,""
2022-07-21,"X2","C","",2,1,3,243,""
2022-07-21,"X2","C","",2,1,4,245,""
2022-07-21,"X2","C","",2,1,5,245,""
2022-07-21,"X2","C","",2,1,6,245,""
2022-07-21,"X2","C","",2,1,7,255,""
2022-07-21,"X2","C","",2,1,8,240,""
2022-07-21,"X2","C","",2,1,9,,""
2022-07-21,"X2","C","",2,2,1,240,""
2022-07-21,"X2","C","",2,2,2,248,""
2022-07-21,"X2","C","",2,2,3,248,""
2022-07-21,"X2","C","",2,2,4,251,""
2022-07-21,"X2","C","",2,2,5,246,""
2022-07-21,"X2","C","",2,2,6,240,""
2022-07-21,"X2","C","",2,2,7,244,""
2022-07-21,"X2","C","",2,2,8,241,""
2022-07-21,"X2","C","",2,2,9,245,""
2022-07-21,"X2","C","",2,8,1,,""
2022-07-21,"X2","C","",2,8,2,242,""
2022-07-21,"X2","C","",2,8,3,240,""
2022-07-21,"X2","C","",2,8,4,237,""
2022-07-21,"X2","C","",2,8,5,243,""
2022-07-21,"X2","C","",2,8,6,241,""
2022-07-21,"X2","C","",2,8,7,240,""
2022-07-21,"X2","C","",2,8,8,243,""
2022-07-21,"X2","C","",2,8,9,246,""
2022-07-21,"X3","C","",3,1,1,305,""
2022-07-21,"X3","C","",3,1,2,297,""
2022-07-21,"X3","C","",3,1,3,302,""
2022-07-21,"X3","C","",3,1,4,300,""
2022-07-21,"X3","C","",3,1,5,297,""
2022-07-21,"X3","C","",3,1,6,299,""
2022-07-21,"X3","C","",3,1,7,305,""
2022-07-21,"X3","C","",3,1,8,308,""
2022-07-21,"X3","C","",3,1,9,307,""
2022-07-21,"X3","C","",3,2,1,313,""
2022-07-21,"X3","C","",3,2,2,310,""
2022-07-21,"X3","C","",3,2,3,308,""
2022-07-21,"X3","C","",3,2,4,310,""
2022-07-21,"X3","C","",3,2,5,302,""
2022-07-21,"X3","C","",3,2,6,307,""
2022-07-21,"X3","C","",3,2,7,,""
2022-07-21,"X3","C","",3,2,8,,""
2022-07-21,"X3","C","",3,2,9,,""
2022-07-21,"X3","C","",3,3,1,325,""
2022-07-21,"X3","C","",3,3,2,322,""
2022-07-21,"X3","C","",3,3,3,318,""
2022-07-21,"X3","C","",3,3,4,326,""
2022-07-21,"X3","C","",3,3,5,330,""
2022-07-21,"X3","C","",3,3,6,332,""
2022-07-21,"X3","C","",3,3,7,330,""
2022-07-21,"X3","C","",3,3,8,327,""
2022-07-21,"X3","C","",3,3,9,328,""
2022-07-21,"X4","C","",4,1,1,281,""
2022-07-21,"X4","C","",4,1,2,280,""
2022-07-21,"X4","C","",4,1,3,287,""
2022-07-21,"X4","C","",4,1,4,280,""
2022-07-21,"X4","C","",4,1,5,280,""
2022-07-21,"X4","C","",4,1,6,,""
2022-07-21,"X4","C","",4,1,7,,""
2022-07-21,"X4","C","",4,1,8,271,""
2022-07-21,"X4","C","",4,1,9,270,""
2022-07-21,"X4","C","",4,2,1,289,""
2022-07-21,"X4","C","",4,2,2,283,""
2022-07-21,"X4","C","",4,2,3,296,""
2022-07-21,"X4","C","",4,2,4,294,""
2022-07-21,"X4","C","",4,2,5,298,""
2022-07-21,"X4","C","",4,2,6,289,""
2022-07-21,"X4","C","",4,2,7,285,""
2022-07-21,"X4","C","",4,2,8,288,""
2022-07-21,"X4","C","",4,2,9,296,""
2022-07-21,"X4","C","",4,3,1,,""
2022-07-21,"X4","C","",4,3,2,295,""
2022-07-21,"X4","C","",4,3,3,286,""
2022-07-21,"X4","C","",4,3,4,296,""
2022-07-21,"X4","C","",4,3,5,297,""
2022-07-21,"X4","C","",4,3,6,297,""
2022-07-21,"X4","C","",4,3,7,295,""
2022-07-21,"X4","C","",4,3,8,,""
2022-07-21,"X4","C","",4,3,9,300,""
2022-07-21,"X6","C","",6,5,1,268,""
2022-07-21,"X6","C","",6,5,2,268,""
2022-07-21,"X6","C","",6,5,3,268,""
2022-07-21,"X6","C","",6,5,4,269,""
2022-07-21,"X6","C","",6,5,5,265,""
2022-07-21,"X6","C","",6,5,6,,""
2022-07-21,"X6","C","",6,5,7,,""
2022-07-21,"X6","C","",6,5,8,,""
2022-07-21,"X6","C","",6,5,9,,""
2022-07-21,"X6","C","",6,6,1,277,""
2022-07-21,"X6","C","",6,6,2,268,""
2022-07-21,"X6","C","",6,6,3,280,""
2022-07-21,"X6","C","",6,6,4,281,""
2022-07-21,"X6","C","",6,6,5,275,""
2022-07-21,"X6","C","",6,6,6,265,""
2022-07-21,"X6","C","",6,6,7,272,""
2022-07-21,"X6","C","",6,6,8,274,""
2022-07-21,"X6","C","",6,6,9,272,""
2022-07-21,"X6","C","",6,7,1,275,""
2022-07-21,"X6","C","",6,7,2,,""
2022-07-21,"X6","C","",6,7,3,280,""
2022-07-21,"X6","C","",6,7,4,281,""
2022-07-21,"X6","C","",6,7,5,277,""
2022-07-21,"X6","C","",6,7,6,,""
2022-07-21,"X6","C","",6,7,7,280,""
2022-07-21,"X6","C","",6,7,8,272,""
2022-07-21,"X6","C","",6,7,9,,""
2022-07-21,"B1","CS","",1,1,1,375,""
2022-07-21,"B1","CS","",1,1,2,377,""
2022-07-21,"B1","CS","",1,1,3,383,""
2022-07-21,"B1","CS","",1,1,4,370,""
2022-07-21,"B1","CS","",1,1,5,380,""
2022-07-21,"B1","CS","",1,1,6,388,""
2022-07-21,"B1","CS","",1,1,7,384,""
2022-07-21,"B1","CS","",1,1,8,385,""
2022-07-21,"B1","CS","",1,1,9,,""
2022-07-21,"B1","CS","",1,2,1,371,""
2022-07-21,"B1","CS","",1,2,2,,""
2022-07-21,"B1","CS","",1,2,3,371,""
2022-07-21,"B1","CS","",1,2,4,373,""
2022-07-21,"B1","CS","",1,2,5,376,""
2022-07-21,"B1","CS","",1,2,6,367,""
2022-07-21,"B1","CS","",1,2,7,372,""
2022-07-21,"B1","CS","",1,2,8,375,""
2022-07-21,"B1","CS","",1,2,9,378,""
2022-07-21,"B1","CS","",1,3,1,,""
2022-07-21,"B1","CS","",1,3,2,,""
2022-07-21,"B1","CS","",1,3,3,,""
2022-07-21,"B1","CS","",1,3,4,,""
2022-07-21,"B1","CS","",1,3,5,,""
2022-07-21,"B1","CS","",1,3,6,,""
2022-07-21,"B1","CS","",1,3,7,,""
2022-07-21,"B1","CS","",1,3,8,,""
2022-07-21,"B1","CS","",1,3,9,,""
2022-07-21,"B5","CS","",5,3,1,,""
2022-07-21,"B5","CS","",5,3,2,,""
2022-07-21,"B5","CS","",5,3,3,323,""
2022-07-21,"B5","CS","",5,3,4,319,""
2022-07-21,"B5","CS","",5,3,5,322,""
2022-07-21,"B5","CS","",5,3,6,317,""
2022-07-21,"B5","CS","",5,3,7,324,""
2022-07-21,"B5","CS","",5,3,8,318,""
2022-07-21,"B5","CS","",5,3,9,321,""
2022-07-21,"B5","CS","",5,4,1,315,""
2022-07-21,"B5","CS","",5,4,2,,""
2022-07-21,"B5","CS","",5,4,3,310,""
2022-07-21,"B5","CS","",5,4,4,319,""
2022-07-21,"B5","CS","",5,4,5,325,""
2022-07-21,"B5","CS","",5,4,6,327,""
2022-07-21,"B5","CS","",5,4,7,322,""
2022-07-21,"B5","CS","",5,4,8,320,""
2022-07-21,"B5","CS","",5,4,9,325,""
2022-07-21,"B5","CS","",5,5,1,306,""
2022-07-21,"B5","CS","",5,5,2,305,""
2022-07-21,"B5","CS","",5,5,3,315,""
2022-07-21,"B5","CS","",5,5,4,320,""
2022-07-21,"B5","CS","",5,5,5,310,""
2022-07-21,"B5","CS","",5,5,6,301,""
2022-07-21,"B5","CS","",5,5,7,308,""
2022-07-21,"B5","CS","",5,5,8,302,""
2022-07-21,"B5","CS","",5,5,9,315,""
2022-07-21,"C2","CS","PR2",3,4,1,,""
2022-07-21,"C2","CS","PR2",3,4,2,,""
2022-07-21,"C2","CS","PR2",3,4,3,317,""
2022-07-21,"C2","CS","PR2",3,4,4,317,""
2022-07-21,"C2","CS","PR2",3,4,5,315,""
2022-07-21,"C2","CS","PR2",3,4,6,313,""
2022-07-21,"C2","CS","PR2",3,4,7,,""
2022-07-21,"C2","CS","PR2",3,4,8,300,""
2022-07-21,"C2","CS","PR2",3,4,9,298,""
2022-07-21,"C2","CS","PR2",3,5,1,298,""
2022-07-21,"C2","CS","PR2",3,5,2,304,""
2022-07-21,"C2","CS","PR2",3,5,3,304,""
2022-07-21,"C2","CS","PR2",3,5,4,307,""
2022-07-21,"C2","CS","PR2",3,5,5,300,""
2022-07-21,"C2","CS","PR2",3,5,6,308,""
2022-07-21,"C2","CS","PR2",3,5,7,310,""
2022-07-21,"C2","CS","PR2",3,5,8,309,""
2022-07-21,"C2","CS","PR2",3,5,9,309,""
2022-07-21,"C2","CS","PR2",3,6,1,,""
2022-07-21,"C2","CS","PR2",3,6,2,295,""
2022-07-21,"C2","CS","PR2",3,6,3,295,""
2022-07-21,"C2","CS","PR2",3,6,4,298,""
2022-07-21,"C2","CS","PR2",3,6,5,297,""
2022-07-21,"C2","CS","PR2",3,6,6,283,""
2022-07-21,"C2","CS","PR2",3,6,7,286,""
2022-07-21,"C2","CS","PR2",3,6,8,292,""
2022-07-21,"C2","CS","PR2",3,6,9,297,""
2022-07-21,"A2","Fr","",2,1,1,298,""
2022-07-21,"A2","Fr","",2,1,2,,""
2022-07-21,"A2","Fr","",2,1,3,299,""
2022-07-21,"A2","Fr","",2,1,4,307,""
2022-07-21,"A2","Fr","",2,1,5,,""
2022-07-21,"A2","Fr","",2,1,6,,""
2022-07-21,"A2","Fr","",2,1,7,298,""
2022-07-21,"A2","Fr","",2,1,8,307,""
2022-07-21,"A2","Fr","",2,1,9,303,""
2022-07-21,"A2","Fr","",2,7,1,307,""
2022-07-21,"A2","Fr","",2,7,2,,""
2022-07-21,"A2","Fr","",2,7,3,304,""
2022-07-21,"A2","Fr","",2,7,4,,""
2022-07-21,"A2","Fr","",2,7,5,,""
2022-07-21,"A2","Fr","",2,7,6,307,""
2022-07-21,"A2","Fr","",2,7,7,301,""
2022-07-21,"A2","Fr","",2,7,8,306,""
2022-07-21,"A2","Fr","",2,7,9,309,""
2022-07-21,"A2","Fr","",2,8,1,298,""
2022-07-21,"A2","Fr","",2,8,2,293,""
2022-07-21,"A2","Fr","",2,8,3,298,""
2022-07-21,"A2","Fr","",2,8,4,301,""
2022-07-21,"A2","Fr","",2,8,5,296,""
2022-07-21,"A2","Fr","",2,8,6,297,""
2022-07-21,"A2","Fr","",2,8,7,298,""
2022-07-21,"A2","Fr","",2,8,8,,""
2022-07-21,"A2","Fr","",2,8,9,304,""
2022-07-21,"A3","Fr","",3,1,1,358,""
2022-07-21,"A3","Fr","",3,1,2,,""
2022-07-21,"A3","Fr","",3,1,3,356,""
2022-07-21,"A3","Fr","",3,1,4,360,""
2022-07-21,"A3","Fr","",3,1,5,360,""
2022-07-21,"A3","Fr","",3,1,6,358,""
2022-07-21,"A3","Fr","",3,1,7,354,""
2022-07-21,"A3","Fr","",3,1,8,350,""
2022-07-21,"A3","Fr","",3,1,9,350,""
2022-07-21,"A3","Fr","",3,7,1,315,""
2022-07-21,"A3","Fr","",3,7,2,316,""
2022-07-21,"A3","Fr","",3,7,3,321,""
2022-07-21,"A3","Fr","",3,7,4,317,""
2022-07-21,"A3","Fr","",3,7,5,325,""
2022-07-21,"A3","Fr","",3,7,6,322,""
2022-07-21,"A3","Fr","",3,7,7,315,""
2022-07-21,"A3","Fr","",3,7,8,314,""
2022-07-21,"A3","Fr","",3,7,9,,""
2022-07-21,"A3","Fr","",3,8,1,364,""
2022-07-21,"A3","Fr","",3,8,2,364,""
2022-07-21,"A3","Fr","",3,8,3,362,""
2022-07-21,"A3","Fr","",3,8,4,360,""
2022-07-21,"A3","Fr","",3,8,5,358,""
2022-07-21,"A3","Fr","",3,8,6,354,""
2022-07-21,"A3","Fr","",3,8,7,,""
2022-07-21,"A3","Fr","",3,8,8,,""
2022-07-21,"A3","Fr","",3,8,9,,""
2022-07-21,"A5","Fr","",5,5,1,,""
2022-07-21,"A5","Fr","",5,5,2,325,""
2022-07-21,"A5","Fr","",5,5,3,324,""
2022-07-21,"A5","Fr","",5,5,4,322,""
2022-07-21,"A5","Fr","",5,5,5,322,""
2022-07-21,"A5","Fr","",5,5,6,325,""
2022-07-21,"A5","Fr","",5,5,7,321,""
2022-07-21,"A5","Fr","",5,5,8,328,""
2022-07-21,"A5","Fr","",5,5,9,330,""
2022-07-21,"A5","Fr","",5,6,1,,""
2022-07-21,"A5","Fr","",5,6,2,350,""
2022-07-21,"A5","Fr","",5,6,3,335,""
2022-07-21,"A5","Fr","",5,6,4,340,""
2022-07-21,"A5","Fr","",5,6,5,341,""
2022-07-21,"A5","Fr","",5,6,6,,""
2022-07-21,"A5","Fr","",5,6,7,335,""
2022-07-21,"A5","Fr","",5,6,8,338,""
2022-07-21,"A5","Fr","",5,6,9,333,""
2022-07-21,"A5","Fr","",5,7,1,332,""
2022-07-21,"A5","Fr","",5,7,2,333,""
2022-07-21,"A5","Fr","",5,7,3,335,""
2022-07-21,"A5","Fr","",5,7,4,336,""
2022-07-21,"A5","Fr","",5,7,5,336,""
2022-07-21,"A5","Fr","",5,7,6,,""
2022-07-21,"A5","Fr","",5,7,7,339,""
2022-07-21,"A5","Fr","",5,7,8,331,""
2022-07-21,"A5","Fr","",5,7,9,339,""
2022-07-21,"A6","Fr","",6,3,1,,""
2022-07-21,"A6","Fr","",6,3,2,,""
2022-07-21,"A6","Fr","",6,3,3,344,""
2022-07-21,"A6","Fr","",6,3,4,344,""
2022-07-21,"A6","Fr","",6,3,5,346,""
2022-07-21,"A6","Fr","",6,3,6,346,""
2022-07-21,"A6","Fr","",6,3,7,345,""
2022-07-21,"A6","Fr","",6,3,8,,""
2022-07-21,"A6","Fr","",6,3,9,344,""
2022-07-21,"A6","Fr","",6,4,1,334,""
2022-07-21,"A6","Fr","",6,4,2,337,""
2022-07-21,"A6","Fr","",6,4,3,,""
2022-07-21,"A6","Fr","",6,4,4,332,""
2022-07-21,"A6","Fr","",6,4,5,334,""
2022-07-21,"A6","Fr","",6,4,6,331,""
2022-07-21,"A6","Fr","",6,4,7,334,""
2022-07-21,"A6","Fr","",6,4,8,330,""
2022-07-21,"A6","Fr","",6,4,9,330,""
2022-07-21,"A6","Fr","",6,5,1,,""
2022-07-21,"A6","Fr","",6,5,2,328,""
2022-07-21,"A6","Fr","",6,5,3,327,""
2022-07-21,"A6","Fr","",6,5,4,325,""
2022-07-21,"A6","Fr","",6,5,5,322,""
2022-07-21,"A6","Fr","",6,5,6,327,""
2022-07-21,"A6","Fr","",6,5,7,335,""
2022-07-21,"A6","Fr","",6,5,8,,""
2022-07-21,"A6","Fr","",6,5,9,330,""
2022-07-21,"C1","Fr","PR1",1,6,1,,""
2022-07-21,"C1","Fr","PR1",1,6,2,321,""
2022-07-21,"C1","Fr","PR1",1,6,3,320,""
2022-07-21,"C1","Fr","PR1",1,6,4,318,""
2022-07-21,"C1","Fr","PR1",1,6,5,316,""
2022-07-21,"C1","Fr","PR1",1,6,6,315,""
2022-07-21,"C1","Fr","PR1",1,6,7,320,""
2022-07-21,"C1","Fr","PR1",1,6,8,315,""
2022-07-21,"C1","Fr","PR1",1,6,9,314,""
2022-07-21,"C1","Fr","PR1",1,7,1,324,""
2022-07-21,"C1","Fr","PR1",1,7,2,325,""
2022-07-21,"C1","Fr","PR1",1,7,3,328,""
2022-07-21,"C1","Fr","PR1",1,7,4,328,""
2022-07-21,"C1","Fr","PR1",1,7,5,327,""
2022-07-21,"C1","Fr","PR1",1,7,6,324,""
2022-07-21,"C1","Fr","PR1",1,7,7,322,""
2022-07-21,"C1","Fr","PR1",1,7,8,322,""
2022-07-21,"C1","Fr","PR1",1,7,9,328,""
2022-07-21,"C1","Fr","PR1",1,8,1,331,""
2022-07-21,"C1","Fr","PR1",1,8,2,333,""
2022-07-21,"C1","Fr","PR1",1,8,3,338,""
2022-07-21,"C1","Fr","PR1",1,8,4,,""
2022-07-21,"C1","Fr","PR1",1,8,5,340,""
2022-07-21,"C1","Fr","PR1",1,8,6,340,""
2022-07-21,"C1","Fr","PR1",1,8,7,343,""
2022-07-21,"C1","Fr","PR1",1,8,8,345,""
2022-07-21,"C1","Fr","PR1",1,8,9,352,""
2022-07-21,"B2","PR","CS2",1,5,1,,""
2022-07-21,"B2","PR","CS2",1,5,2,,""
2022-07-21,"B2","PR","CS2",1,5,3,198,""
2022-07-21,"B2","PR","CS2",1,5,4,,""
2022-07-21,"B2","PR","CS2",1,5,5,200,""
2022-07-21,"B2","PR","CS2",1,5,6,197,""
2022-07-21,"B2","PR","CS2",1,5,7,192,""
2022-07-21,"B2","PR","CS2",1,5,8,194,""
2022-07-21,"B2","PR","CS2",1,5,9,196,""
2022-07-21,"B2","PR","CS2",1,6,1,205,""
2022-07-21,"B2","PR","CS2",1,6,2,200,""
2022-07-21,"B2","PR","CS2",1,6,3,192,""
2022-07-21,"B2","PR","CS2",1,6,4,197,""
2022-07-21,"B2","PR","CS2",1,6,5,205,""
2022-07-21,"B2","PR","CS2",1,6,6,203,""
2022-07-21,"B2","PR","CS2",1,6,7,,""
2022-07-21,"B2","PR","CS2",1,6,8,197,""
2022-07-21,"B2","PR","CS2",1,6,9,195,""
2022-07-21,"B2","PR","CS2",1,7,1,,""
2022-07-21,"B2","PR","CS2",1,7,2,196,""
2022-07-21,"B2","PR","CS2",1,7,3,195,""
2022-07-21,"B2","PR","CS2",1,7,4,197,""
2022-07-21,"B2","PR","CS2",1,7,5,208,""
2022-07-21,"B2","PR","CS2",1,7,6,200,""
2022-07-21,"B2","PR","CS2",1,7,7,,""
2022-07-21,"B2","PR","CS2",1,7,8,202,""
2022-07-21,"B2","PR","CS2",1,7,9,190,""
2022-07-21,"C4","PR","",4,1,1,,""
2022-07-21,"C4","PR","",4,1,2,,""
2022-07-21,"C4","PR","",4,1,3,,""
2022-07-21,"C4","PR","",4,1,4,,""
2022-07-21,"C4","PR","",4,1,5,,""
2022-07-21,"C4","PR","",4,1,6,,""
2022-07-21,"C4","PR","",4,1,7,261,""
2022-07-21,"C4","PR","",4,1,8,274,""
2022-07-21,"C4","PR","",4,1,9,268,""
2022-07-21,"C4","PR","",4,7,1,270,""
2022-07-21,"C4","PR","",4,7,2,,""
2022-07-21,"C4","PR","",4,7,3,,""
2022-07-21,"C4","PR","",4,7,4,,""
2022-07-21,"C4","PR","",4,7,5,273,""
2022-07-21,"C4","PR","",4,7,6,274,""
2022-07-21,"C4","PR","",4,7,7,272,""
2022-07-21,"C4","PR","",4,7,8,272,""
2022-07-21,"C4","PR","",4,7,9,273,""
2022-07-21,"C4","PR","",4,8,1,281,""
2022-07-21,"C4","PR","",4,8,2,275,""
2022-07-21,"C4","PR","",4,8,3,284,""
2022-07-21,"C4","PR","",4,8,4,,""
2022-07-21,"C4","PR","",4,8,5,285,""
2022-07-21,"C4","PR","",4,8,6,278,""
2022-07-21,"C4","PR","",4,8,7,284,""
2022-07-21,"C4","PR","",4,8,8,282,""
2022-07-21,"C4","PR","",4,8,9,286,""
2022-07-21,"C6","PR","",6,4,1,258,""
2022-07-21,"C6","PR","",6,4,2,,""
2022-07-21,"C6","PR","",6,4,3,256,""
2022-07-21,"C6","PR","",6,4,4,257,""
2022-07-21,"C6","PR","",6,4,5,,""
2022-07-21,"C6","PR","",6,4,6,262,""
2022-07-21,"C6","PR","",6,4,7,270,""
2022-07-21,"C6","PR","",6,4,8,262,""
2022-07-21,"C6","PR","",6,4,9,,""
2022-07-21,"C6","PR","",6,5,1,271,""
2022-07-21,"C6","PR","",6,5,2,266,""
2022-07-21,"C6","PR","",6,5,3,260,""
2022-07-21,"C6","PR","",6,5,4,267,""
2022-07-21,"C6","PR","",6,5,5,265,""
2022-07-21,"C6","PR","",6,5,6,258,""
2022-07-21,"C6","PR","",6,5,7,261,""
2022-07-21,"C6","PR","",6,5,8,267,""
2022-07-21,"C6","PR","",6,5,9,261,""
2022-07-21,"C6","PR","",6,6,1,,""
2022-07-21,"C6","PR","",6,6,2,,""
2022-07-21,"C6","PR","",6,6,3,,""
2022-07-21,"C6","PR","",6,6,4,,""
2022-07-21,"C6","PR","",6,6,5,,""
2022-07-21,"C6","PR","",6,6,6,250,""
2022-07-21,"C6","PR","",6,6,7,257,""
2022-07-21,"C6","PR","",6,6,8,257,""
2022-07-21,"C6","PR","",6,6,9,252,""
2022-07-21,"D5","Pu","",5,1,1,,""
2022-07-21,"D5","Pu","",5,1,2,287,""
2022-07-21,"D5","Pu","",5,1,3,297,""
2022-07-21,"D5","Pu","",5,1,4,289,""
2022-07-21,"D5","Pu","",5,1,5,287,""
2022-07-21,"D5","Pu","",5,1,6,292,""
2022-07-21,"D5","Pu","",5,1,7,285,""
2022-07-21,"D5","Pu","",5,1,8,285,""
2022-07-21,"D5","Pu","",5,1,9,284,""
2022-07-21,"D5","Pu","",5,7,1,,""
2022-07-21,"D5","Pu","",5,7,2,271,""
2022-07-21,"D5","Pu","",5,7,3,266,""
2022-07-21,"D5","Pu","",5,7,4,272,""
2022-07-21,"D5","Pu","",5,7,5,278,""
2022-07-21,"D5","Pu","",5,7,6,276,""
2022-07-21,"D5","Pu","",5,7,7,282,""
2022-07-21,"D5","Pu","",5,7,8,286,""
2022-07-21,"D5","Pu","",5,7,9,286,""
2022-07-21,"D5","Pu","",5,8,1,288,""
2022-07-21,"D5","Pu","",5,8,2,287,""
2022-07-21,"D5","Pu","",5,8,3,286,""
2022-07-21,"D5","Pu","",5,8,4,284,""
2022-07-21,"D5","Pu","",5,8,5,284,""
2022-07-21,"D5","Pu","",5,8,6,281,""
2022-07-21,"D5","Pu","",5,8,7,278,""
2022-07-21,"D5","Pu","",5,8,8,282,""
2022-07-21,"D5","Pu","",5,8,9,288,""
2022-08-22,"X2","C","",2,1,1,,""
2022-08-22,"X2","C","",2,1,2,256,""
2022-08-22,"X2","C","",2,1,3,248,""
2022-08-22,"X2","C","",2,1,4,250,""
2022-08-22,"X2","C","",2,1,5,248,""
2022-08-22,"X2","C","",2,1,6,256,""
2022-08-22,"X2","C","",2,1,7,249,""
2022-08-22,"X2","C","",2,1,8,247,""
2022-08-22,"X2","C","",2,1,9,,""
2022-08-22,"X2","C","",2,2,1,,""
2022-08-22,"X2","C","",2,2,2,,""
2022-08-22,"X2","C","",2,2,3,240,""
2022-08-22,"X2","C","",2,2,4,243,""
2022-08-22,"X2","C","",2,2,5,243,""
2022-08-22,"X2","C","",2,2,6,245,""
2022-08-22,"X2","C","",2,2,7,242,""
2022-08-22,"X2","C","",2,2,8,249,""
2022-08-22,"X2","C","",2,2,9,245,""
2022-08-22,"X2","C","",2,8,1,241,""
2022-08-22,"X2","C","",2,8,2,235,""
2022-08-22,"X2","C","",2,8,3,235,""
2022-08-22,"X2","C","",2,8,4,233,""
2022-08-22,"X2","C","",2,8,5,236,""
2022-08-22,"X2","C","",2,8,6,234,""
2022-08-22,"X2","C","",2,8,7,231,""
2022-08-22,"X2","C","",2,8,8,239,""
2022-08-22,"X2","C","",2,8,9,245,""
2022-08-22,"X3","C","",3,1,1,330,""
2022-08-22,"X3","C","",3,1,2,328,""
2022-08-22,"X3","C","",3,1,3,,""
2022-08-22,"X3","C","",3,1,4,333,""
2022-08-22,"X3","C","",3,1,5,338,""
2022-08-22,"X3","C","",3,1,6,333,""
2022-08-22,"X3","C","",3,1,7,339,""
2022-08-22,"X3","C","",3,1,8,340,""
2022-08-22,"X3","C","",3,1,9,340,""
2022-08-22,"X3","C","",3,2,1,317,""
2022-08-22,"X3","C","",3,2,2,315,""
2022-08-22,"X3","C","",3,2,3,316,""
2022-08-22,"X3","C","",3,2,4,316,""
2022-08-22,"X3","C","",3,2,5,313,""
2022-08-22,"X3","C","",3,2,6,324,""
2022-08-22,"X3","C","",3,2,7,315,""
2022-08-22,"X3","C","",3,2,8,320,""
2022-08-22,"X3","C","",3,2,9,315,""
2022-08-22,"X3","C","",3,3,1,310,""
2022-08-22,"X3","C","",3,3,2,302,""
2022-08-22,"X3","C","",3,3,3,306,""
2022-08-22,"X3","C","",3,3,4,,""
2022-08-22,"X3","C","",3,3,5,311,""
2022-08-22,"X3","C","",3,3,6,301,""
2022-08-22,"X3","C","",3,3,7,296,""
2022-08-22,"X3","C","",3,3,8,304,""
2022-08-22,"X3","C","",3,3,9,303,""
2022-08-22,"X4","C","",4,1,1,298,""
2022-08-22,"X4","C","",4,1,2,298,""
2022-08-22,"X4","C","",4,1,3,288,""
2022-08-22,"X4","C","",4,1,4,290,""
2022-08-22,"X4","C","",4,1,5,292,""
2022-08-22,"X4","C","",4,1,6,287,""
2022-08-22,"X4","C","",4,1,7,281,""
2022-08-22,"X4","C","",4,1,8,288,""
2022-08-22,"X4","C","",4,1,9,285,""
2022-08-22,"X4","C","",4,2,1,298,""
2022-08-22,"X4","C","",4,2,2,297,""
2022-08-22,"X4","C","",4,2,3,294,""
2022-08-22,"X4","C","",4,2,4,284,""
2022-08-22,"X4","C","",4,2,5,293,""
2022-08-22,"X4","C","",4,2,6,287,""
2022-08-22,"X4","C","",4,2,7,282,""
2022-08-22,"X4","C","",4,2,8,282,""
2022-08-22,"X4","C","",4,2,9,287,""
2022-08-22,"X4","C","",4,3,1,,""
2022-08-22,"X4","C","",4,3,2,,""
2022-08-22,"X4","C","",4,3,3,,""
2022-08-22,"X4","C","",4,3,4,291,""
2022-08-22,"X4","C","",4,3,5,294,""
2022-08-22,"X4","C","",4,3,6,301,""
2022-08-22,"X4","C","",4,3,7,283,""
2022-08-22,"X4","C","",4,3,8,297,""
2022-08-22,"X4","C","",4,3,9,,""
2022-08-22,"X6","C","",6,5,1,286,""
2022-08-22,"X6","C","",6,5,2,277,""
2022-08-22,"X6","C","",6,5,3,277,""
2022-08-22,"X6","C","",6,5,4,272,""
2022-08-22,"X6","C","",6,5,5,272,""
2022-08-22,"X6","C","",6,5,6,284,""
2022-08-22,"X6","C","",6,5,7,287,""
2022-08-22,"X6","C","",6,5,8,283,""
2022-08-22,"X6","C","",6,5,9,282,""
2022-08-22,"X6","C","",6,6,1,,""
2022-08-22,"X6","C","",6,6,2,289,""
2022-08-22,"X6","C","",6,6,3,284,""
2022-08-22,"X6","C","",6,6,4,290,""
2022-08-22,"X6","C","",6,6,5,274,""
2022-08-22,"X6","C","",6,6,6,,""
2022-08-22,"X6","C","",6,6,7,291,""
2022-08-22,"X6","C","",6,6,8,290,""
2022-08-22,"X6","C","",6,6,9,,""
2022-08-22,"X6","C","",6,7,1,275,""
2022-08-22,"X6","C","",6,7,2,285,""
2022-08-22,"X6","C","",6,7,3,,""
2022-08-22,"X6","C","",6,7,4,282,""
2022-08-22,"X6","C","",6,7,5,281,""
2022-08-22,"X6","C","",6,7,6,,""
2022-08-22,"X6","C","",6,7,7,277,""
2022-08-22,"X6","C","",6,7,8,285,""
2022-08-22,"X6","C","",6,7,9,270,""
2022-08-22,"B1","CS","",1,1,1,,""
2022-08-22,"B1","CS","",1,1,2,,""
2022-08-22,"B1","CS","",1,1,3,380,""
2022-08-22,"B1","CS","",1,1,4,379,""
2022-08-22,"B1","CS","",1,1,5,377,""
2022-08-22,"B1","CS","",1,1,6,381,""
2022-08-22,"B1","CS","",1,1,7,380,""
2022-08-22,"B1","CS","",1,1,8,384,""
2022-08-22,"B1","CS","",1,1,9,384,""
2022-08-22,"B1","CS","",1,2,1,399,""
2022-08-22,"B1","CS","",1,2,2,398,""
2022-08-22,"B1","CS","",1,2,3,,""
2022-08-22,"B1","CS","",1,2,4,394,""
2022-08-22,"B1","CS","",1,2,5,392,""
2022-08-22,"B1","CS","",1,2,6,395,""
2022-08-22,"B1","CS","",1,2,7,400,""
2022-08-22,"B1","CS","",1,2,8,388,""
2022-08-22,"B1","CS","",1,2,9,386,""
2022-08-22,"B1","CS","",1,3,1,,""
2022-08-22,"B1","CS","",1,3,2,,""
2022-08-22,"B1","CS","",1,3,3,,""
2022-08-22,"B1","CS","",1,3,4,,""
2022-08-22,"B1","CS","",1,3,5,,""
2022-08-22,"B1","CS","",1,3,6,,""
2022-08-22,"B1","CS","",1,3,7,,""
2022-08-22,"B1","CS","",1,3,8,,""
2022-08-22,"B1","CS","",1,3,9,,""
2022-08-22,"B5","CS","",5,3,1,,""
2022-08-22,"B5","CS","",5,3,2,,""
2022-08-22,"B5","CS","",5,3,3,320,""
2022-08-22,"B5","CS","",5,3,4,326,""
2022-08-22,"B5","CS","",5,3,5,320,""
2022-08-22,"B5","CS","",5,3,6,,""
2022-08-22,"B5","CS","",5,3,7,326,""
2022-08-22,"B5","CS","",5,3,8,325,""
2022-08-22,"B5","CS","",5,3,9,332,""
2022-08-22,"B5","CS","",5,4,1,320,""
2022-08-22,"B5","CS","",5,4,2,328,""
2022-08-22,"B5","CS","",5,4,3,329,""
2022-08-22,"B5","CS","",5,4,4,322,""
2022-08-22,"B5","CS","",5,4,5,322,""
2022-08-22,"B5","CS","",5,4,6,324,""
2022-08-22,"B5","CS","",5,4,7,316,""
2022-08-22,"B5","CS","",5,4,8,317,""
2022-08-22,"B5","CS","",5,4,9,321,""
2022-08-22,"B5","CS","",5,5,1,,""
2022-08-22,"B5","CS","",5,5,2,,""
2022-08-22,"B5","CS","",5,5,3,313,""
2022-08-22,"B5","CS","",5,5,4,,""
2022-08-22,"B5","CS","",5,5,5,,""
2022-08-22,"B5","CS","",5,5,6,320,""
2022-08-22,"B5","CS","",5,5,7,318,""
2022-08-22,"B5","CS","",5,5,8,320,""
2022-08-22,"B5","CS","",5,5,9,320,""
2022-08-22,"A2","Fr","",2,1,1,305,""
2022-08-22,"A2","Fr","",2,1,2,306,""
2022-08-22,"A2","Fr","",2,1,3,304,""
2022-08-22,"A2","Fr","",2,1,4,306,""
2022-08-22,"A2","Fr","",2,1,5,,""
2022-08-22,"A2","Fr","",2,1,6,312,""
2022-08-22,"A2","Fr","",2,1,7,305,""
2022-08-22,"A2","Fr","",2,1,8,305,""
2022-08-22,"A2","Fr","",2,1,9,308,""
2022-08-22,"A2","Fr","",2,7,1,315,""
2022-08-22,"A2","Fr","",2,7,2,313,""
2022-08-22,"A2","Fr","",2,7,3,319,""
2022-08-22,"A2","Fr","",2,7,4,321,""
2022-08-22,"A2","Fr","",2,7,5,317,""
2022-08-22,"A2","Fr","",2,7,6,312,""
2022-08-22,"A2","Fr","",2,7,7,318,""
2022-08-22,"A2","Fr","",2,7,8,317,""
2022-08-22,"A2","Fr","",2,7,9,320,""
2022-08-22,"A2","Fr","",2,8,1,312,""
2022-08-22,"A2","Fr","",2,8,2,314,""
2022-08-22,"A2","Fr","",2,8,3,316,""
2022-08-22,"A2","Fr","",2,8,4,320,""
2022-08-22,"A2","Fr","",2,8,5,318,""
2022-08-22,"A2","Fr","",2,8,6,321,""
2022-08-22,"A2","Fr","",2,8,7,316,""
2022-08-22,"A2","Fr","",2,8,8,320,""
2022-08-22,"A2","Fr","",2,8,9,320,""
2022-08-22,"A3","Fr","",3,1,1,,""
2022-08-22,"A3","Fr","",3,1,2,,""
2022-08-22,"A3","Fr","",3,1,3,,""
2022-08-22,"A3","Fr","",3,1,4,,""
2022-08-22,"A3","Fr","",3,1,5,373,""
2022-08-22,"A3","Fr","",3,1,6,370,""
2022-08-22,"A3","Fr","",3,1,7,374,""
2022-08-22,"A3","Fr","",3,1,8,370,""
2022-08-22,"A3","Fr","",3,1,9,375,""
2022-08-22,"A3","Fr","",3,7,1,,""
2022-08-22,"A3","Fr","",3,7,2,,""
2022-08-22,"A3","Fr","",3,7,3,320,""
2022-08-22,"A3","Fr","",3,7,4,315,""
2022-08-22,"A3","Fr","",3,7,5,315,""
2022-08-22,"A3","Fr","",3,7,6,323,""
2022-08-22,"A3","Fr","",3,7,7,316,""
2022-08-22,"A3","Fr","",3,7,8,313,""
2022-08-22,"A3","Fr","",3,7,9,309,""
2022-08-22,"A3","Fr","",3,8,1,364,""
2022-08-22,"A3","Fr","",3,8,2,368,""
2022-08-22,"A3","Fr","",3,8,3,367,""
2022-08-22,"A3","Fr","",3,8,4,362,""
2022-08-22,"A3","Fr","",3,8,5,364,""
2022-08-22,"A3","Fr","",3,8,6,,""
2022-08-22,"A3","Fr","",3,8,7,354,""
2022-08-22,"A3","Fr","",3,8,8,360,""
2022-08-22,"A3","Fr","",3,8,9,368,""
2022-08-22,"A5","Fr","",5,5,1,,""
2022-08-22,"A5","Fr","",5,5,2,333,""
2022-08-22,"A5","Fr","",5,5,3,326,""
2022-08-22,"A5","Fr","",5,5,4,333,""
2022-08-22,"A5","Fr","",5,5,5,320,""
2022-08-22,"A5","Fr","",5,5,6,316,""
2022-08-22,"A5","Fr","",5,5,7,314,""
2022-08-22,"A5","Fr","",5,5,8,321,""
2022-08-22,"A5","Fr","",5,5,9,328,""
2022-08-22,"A5","Fr","",5,6,1,335,""
2022-08-22,"A5","Fr","",5,6,2,335,""
2022-08-22,"A5","Fr","",5,6,3,329,""
2022-08-22,"A5","Fr","",5,6,4,,""
2022-08-22,"A5","Fr","",5,6,5,327,""
2022-08-22,"A5","Fr","",5,6,6,330,""
2022-08-22,"A5","Fr","",5,6,7,328,""
2022-08-22,"A5","Fr","",5,6,8,330,""
2022-08-22,"A5","Fr","",5,6,9,327,""
2022-08-22,"A5","Fr","",5,7,1,332,""
2022-08-22,"A5","Fr","",5,7,2,335,""
2022-08-22,"A5","Fr","",5,7,3,,""
2022-08-22,"A5","Fr","",5,7,4,325,""
2022-08-22,"A5","Fr","",5,7,5,333,""
2022-08-22,"A5","Fr","",5,7,6,330,""
2022-08-22,"A5","Fr","",5,7,7,330,""
2022-08-22,"A5","Fr","",5,7,8,325,""
2022-08-22,"A5","Fr","",5,7,9,325,""
2022-08-22,"A6","Fr","",6,3,1,,""
2022-08-22,"A6","Fr","",6,3,2,,""
2022-08-22,"A6","Fr","",6,3,3,,""
2022-08-22,"A6","Fr","",6,3,4,350,""
2022-08-22,"A6","Fr","",6,3,5,352,""
2022-08-22,"A6","Fr","",6,3,6,353,""
2022-08-22,"A6","Fr","",6,3,7,350,""
2022-08-22,"A6","Fr","",6,3,8,352,""
2022-08-22,"A6","Fr","",6,3,9,344,""
2022-08-22,"A6","Fr","",6,4,1,350,""
2022-08-22,"A6","Fr","",6,4,2,359,""
2022-08-22,"A6","Fr","",6,4,3,354,""
2022-08-22,"A6","Fr","",6,4,4,358,""
2022-08-22,"A6","Fr","",6,4,5,358,""
2022-08-22,"A6","Fr","",6,4,6,,""
2022-08-22,"A6","Fr","",6,4,7,355,""
2022-08-22,"A6","Fr","",6,4,8,,""
2022-08-22,"A6","Fr","",6,4,9,350,""
2022-08-22,"A6","Fr","",6,5,1,,""
2022-08-22,"A6","Fr","",6,5,2,330,""
2022-08-22,"A6","Fr","",6,5,3,329,""
2022-08-22,"A6","Fr","",6,5,4,335,""
2022-08-22,"A6","Fr","",6,5,5,340,""
2022-08-22,"A6","Fr","",6,5,6,335,""
2022-08-22,"A6","Fr","",6,5,7,344,""
2022-08-22,"A6","Fr","",6,5,8,346,""
2022-08-22,"A6","Fr","",6,5,9,338,""
2022-08-22,"C4","PR","",4,1,1,,""
2022-08-22,"C4","PR","",4,1,2,,""
2022-08-22,"C4","PR","",4,1,3,,""
2022-08-22,"C4","PR","",4,1,4,,""
2022-08-22,"C4","PR","",4,1,5,292,""
2022-08-22,"C4","PR","",4,1,6,285,""
2022-08-22,"C4","PR","",4,1,7,290,""
2022-08-22,"C4","PR","",4,1,8,290,""
2022-08-22,"C4","PR","",4,1,9,282,""
2022-08-22,"C4","PR","",4,7,1,273,""
2022-08-22,"C4","PR","",4,7,2,278,""
2022-08-22,"C4","PR","",4,7,3,295,""
2022-08-22,"C4","PR","",4,7,4,282,""
2022-08-22,"C4","PR","",4,7,5,,""
2022-08-22,"C4","PR","",4,7,6,282,""
2022-08-22,"C4","PR","",4,7,7,272,""
2022-08-22,"C4","PR","",4,7,8,275,""
2022-08-22,"C4","PR","",4,7,9,278,""
2022-08-22,"C4","PR","",4,8,1,281,""
2022-08-22,"C4","PR","",4,8,2,272,""
2022-08-22,"C4","PR","",4,8,3,280,""
2022-08-22,"C4","PR","",4,8,4,284,""
2022-08-22,"C4","PR","",4,8,5,280,""
2022-08-22,"C4","PR","",4,8,6,268,""
2022-08-22,"C4","PR","",4,8,7,275,""
2022-08-22,"C4","PR","",4,8,8,267,""
2022-08-22,"C4","PR","",4,8,9,281,""
2022-08-22,"C6","PR","",6,4,1,271,""
2022-08-22,"C6","PR","",6,4,2,274,""
2022-08-22,"C6","PR","",6,4,3,271,""
2022-08-22,"C6","PR","",6,4,4,272,""
2022-08-22,"C6","PR","",6,4,5,281,""
2022-08-22,"C6","PR","",6,4,6,279,""
2022-08-22,"C6","PR","",6,4,7,,""
2022-08-22,"C6","PR","",6,4,8,271,""
2022-08-22,"C6","PR","",6,4,9,268,""
2022-08-22,"C6","PR","",6,5,1,263,""
2022-08-22,"C6","PR","",6,5,2,264,""
2022-08-22,"C6","PR","",6,5,3,267,""
2022-08-22,"C6","PR","",6,5,4,266,""
2022-08-22,"C6","PR","",6,5,5,274,""
2022-08-22,"C6","PR","",6,5,6,,""
2022-08-22,"C6","PR","",6,5,7,257,""
2022-08-22,"C6","PR","",6,5,8,261,""
2022-08-22,"C6","PR","",6,5,9,263,""
2022-08-22,"C6","PR","",6,6,1,,""
2022-08-22,"C6","PR","",6,6,2,,""
2022-08-22,"C6","PR","",6,6,3,,""
2022-08-22,"C6","PR","",6,6,4,,""
2022-08-22,"C6","PR","",6,6,5,,""
2022-08-22,"C6","PR","",6,6,6,,""
2022-08-22,"C6","PR","",6,6,7,,""
2022-08-22,"C6","PR","",6,6,8,,""
2022-08-22,"C6","PR","",6,6,9,,""
2022-08-22,"D5","Pu","",5,1,1,,""
2022-08-22,"D5","Pu","",5,1,2,278,""
2022-08-22,"D5","Pu","",5,1,3,288,""
2022-08-22,"D5","Pu","",5,1,4,290,""
2022-08-22,"D5","Pu","",5,1,5,294,""
2022-08-22,"D5","Pu","",5,1,6,295,""
2022-08-22,"D5","Pu","",5,1,7,294,""
2022-08-22,"D5","Pu","",5,1,8,295,""
2022-08-22,"D5","Pu","",5,1,9,297,""
2022-08-22,"D5","Pu","",5,7,1,230,""
2022-08-22,"D5","Pu","",5,7,2,238,""
2022-08-22,"D5","Pu","",5,7,3,255,""
2022-08-22,"D5","Pu","",5,7,4,270,""
2022-08-22,"D5","Pu","",5,7,5,272,""
2022-08-22,"D5","Pu","",5,7,6,272,""
2022-08-22,"D5","Pu","",5,7,7,282,""
2022-08-22,"D5","Pu","",5,7,8,282,""
2022-08-22,"D5","Pu","",5,7,9,284,""
2022-08-22,"D5","Pu","",5,8,1,298,""
2022-08-22,"D5","Pu","",5,8,2,295,""
2022-08-22,"D5","Pu","",5,8,3,296,""
2022-08-22,"D5","Pu","",5,8,4,296,""
2022-08-22,"D5","Pu","",5,8,5,300,""
2022-08-22,"D5","Pu","",5,8,6,300,""
2022-08-22,"D5","Pu","",5,8,7,297,""
2022-08-22,"D5","Pu","",5,8,8,,""
2022-08-22,"D5","Pu","",5,8,9,,""
