Lake,Year,DOY,BGA_HYLB,Manual_Chl,DO_Sat,pH
L,2011,134,NA,NA,91.68272426794732,6.463423117220339
L,2011,135,NA,NA,91.11635545369302,6.497498678166667
L,2011,136,NA,3.30179,91.634616447491,6.5655193127673614
L,2011,137,NA,2.88056,93.50944013073804,6.5976573259236115
L,2011,138,NA,3.28478,94.44246989687063,6.596110783729166
L,2011,139,NA,3.13585,96.27624682704288,6.574699595253472
L,2011,140,NA,3.20393,97.99655776197518,6.549376895729167
L,2011,141,NA,2.92736,98.79631846789802,6.527921338197917
L,2011,142,NA,2.85929,95.60813925677829,6.465632492319444
L,2011,143,NA,3.8762,94.4403639234278,6.392024113947917
L,2011,144,NA,3.80813,92.71715874112137,6.386262921059028
L,2011,145,NA,3.03374,93.02208593552072,6.402550349395833
L,2011,146,NA,2.84227,94.5749999073288,6.395765667315788
L,2011,147,NA,2.66356,97.09837784966705,6.393828221270834
L,2011,148,NA,2.59548,96.09890486761977,6.388580848496527
L,2011,149,NA,2.35295,94.924453532463545,6.395140095413194
L,2011,150,NA,2.65505,93.30243054676828,6.392984703055555
L,2011,151,NA,2.18701,92.95118871270968,6.386840414597223
L,2011,152,NA,2.24658,91.33443308198392,6.390514623086806
L,2011,153,NA,2.05086,91.3153245211571,6.410394992774193
L,2011,154,NA,1.59984,92.68922503732794,6.370370091954861
L,2011,155,NA,1.55303,95.20232035688156,6.360106980868055
L,2011,156,NA,1.95725,92.2064417294352,6.328906304326389
L,2011,157,NA,1.6977,93.03640698052972,6.322323723211806
L,2011,158,NA,2.19552,92.72499955289425,6.261678773954861
L,2011,159,NA,1.30865,89.34084486422077,6.230165732239583
L,2011,160,NA,2.23807,88.01855117115282,6.243812609347925
L,2011,161,NA,2.47635,87.67093764728261,6.26321346559375
L,2011,162,NA,1.89768,89.39751394913755,6.287141944697916
L,2011,163,NA,1.17411,91.79412420824931,6.330584457152778
L,2011,164,NA,1.519,94.68007525480208,6.3650342876875
L,2011,165,NA,1.37951,95.87451392374317,6.369622558423611
L,2011,166,NA,1.61686,94.2270124636668,6.367509798569444
L,2011,167,NA,3.15713,92.0386134724884,6.406712809776039
L,2011,168,NA,1.82535,93.09033296407723,6.436567710010417
L,2011,169,NA,2.4338,94.41030304466274,6.4550555622847225
L,2011,170,NA,3.52305,90.49058266746196,6.356084465222223
L,2011,171,NA,3.38264,89.22879616391702,6.3197866491875
L,2011,172,NA,3.05927,88.71892146465098,6.275466140628472
L,2011,173,NA,2.23807,88.5165541124029,6.246628688444445
L,2011,174,NA,3.76558,86.94566698826428,6.210798508652777
L,2011,175,NA,3.07203,88.37761668892549,6.237001987774305
L,2011,176,NA,2.13595,90.3780211610838,6.264404099895834
L,2011,177,NA,1.519,91.91386797299424,6.243993713892361
L,2011,178,NA,3.11458,92.08494677499849,6.257750009128472
L,2011,179,NA,3.14862,91.0604803163819,6.245047946524306
L,2011,180,NA,2.11468,91.43578859529558,6.2683528465347225
L,2011,181,NA,2.27637,94.43538047740988,6.221251213104167
L,2011,182,NA,1.81684,97.23810466843456,6.19
L,2011,183,NA,1.89768,95.58273913738958,6.19
L,2011,184,NA,1.77003,92.86222586028988,6.19
L,2011,185,NA,1.75727,91.98233832207195,6.19
L,2011,186,NA,1.97001,92.395032313708,6.19
L,2011,187,NA,1.66366,90.60543702153912,6.19
L,2011,188,NA,2.45082,91.02458010877372,6.154809840715278
L,2011,189,NA,1.59558,92.34301157285115,6.064647082315973
L,2011,190,NA,2.94864,90.6106313324375,6.080056652861111
L,2011,191,NA,2.68484,89.3280877852686,6.101369004763889
L,2011,192,NA,2.49337,92.19382775911986,6.1221605408159725
L,2011,193,NA,2.43805,89.28939334885096,6.147014545263889
L,2011,194,NA,2.3487,85.77439723719819,6.149507457420139
L,2011,195,NA,2.81674,83.86691657696342,6.084423914638888
L,2011,196,NA,1.88066,85.36852947120958,5.983685599815972
L,2011,197,NA,1.95299,87.96656991180741,6.023392589670139
L,2011,198,NA,2.03809,92.11565910975804,6.051608910552083
L,2011,199,NA,2.36997,89.76266622662196,6.019510940690973
L,2011,200,NA,2.06362,91.20891159334238,6.070642137913194
L,2011,201,NA,1.33107,90.66151596094667,6.047051111708333
L,2011,202,NA,2.00831,89.7663523024279,6.157840635451388
L,2011,203,NA,1.94448,83.27741548661953,6.1615481272534725
L,2011,204,NA,2.96566,83.13992110780825,6.1506219520625
L,2011,205,NA,2.23807,82.635148975874,6.157160743972222
L,2011,206,NA,3.16564,83.73451584002736,6.169949535885417
L,2011,207,NA,2.09341,83.252276163613,6.187773050013889
L,2011,208,NA,3.48901,82.344303574589,6.160318786364583
L,2011,209,NA,2.50188,82.47818721993119,6.1807778525809844
L,2011,210,NA,2.40401,85.26215596301535,6.2535921612013885
L,2011,211,NA,1.81684,85.61063894855485,6.240110290076389
L,2011,212,NA,2.33593,83.48983827644558,6.176559494666667
L,2011,213,NA,3.37413,85.4262281414557,6.1989800581875
L,2011,214,NA,4.36552,82.51638963367296,6.115671974055555
L,2011,215,NA,2.83376,83.45290265044316,6.0964263887673615
L,2011,216,NA,2.70611,82.85406464303628,6.189810600395833
L,2011,217,NA,2.93162,81.9264686679521,6.2817937067222225
L,2011,218,NA,1.96576,83.91339145468615,6.314813097597222
L,2011,219,NA,3.24223,83.18967066890005,6.286027001361111
L,2011,220,NA,2.94864,82.97110941463205,6.291511601548611
L,2011,221,NA,5.23351,82.15355057256613,6.272655992420139
L,2011,222,NA,4.00385,81.96874100227426,6.269911494392361
L,2011,223,NA,3.4805,85.00041187971766,6.346054194170139
L,2011,224,NA,4.59528,89.0549198086643,6.420213084628473
L,2011,225,NA,3.48476,90.73248254338094,6.446119203034722
L,2011,226,NA,4.33148,90.30773733763029,6.427752734857639
L,2011,227,NA,3.68048,93.94955234630132,6.486189438899306
L,2011,228,NA,3.34434,95.94933842201822,6.485495752454861
L,2011,229,NA,3.4805,95.37900474988888,6.438448415232639
L,2011,230,NA,3.76558,92.68271900555634,6.519741187902778
L,2011,231,NA,4.45487,87.31411144763115,6.5900694444444445
L,2011,232,NA,5.03779,88.4278006449163,6.601597222222222
L,2011,233,NA,5.0463,89.49665759038253,6.605486111111111
L,2011,234,NA,5.21224,90.06901687879287,6.602777777777778
L,2011,235,NA,5.46753,90.84619995165286,6.579270833333333
L,2011,236,NA,4.46338,91.29734735330628,6.536666666666667
L,2011,237,NA,3.98258,90.16128843638396,6.359297472696181
L,2011,238,NA,4.57826,89.47624779023776,6.207790000649306
L,2011,239,NA,3.39966,89.8123049709372,6.240376533232639
L,2011,240,NA,2.46784,88.30827030293706,6.219212244059028
L,2011,241,NA,2.42529,87.42599593214203,6.184019194684028
L,2011,242,NA,2.88907,87.96568646422365,6.179449754899306
L,2011,243,NA,3.59113,86.11383718413201,6.144845651743055
L,2011,244,NA,3.09331,84.48101165899661,6.097324934371528
L,2011,245,NA,3.54007,87.51579095018492,6.130548887152777
L,2011,246,NA,3.51879,86.4280158254282,6.1381482695869565
L,2013,137,NA,NA,103.932190956807,6.35451683934233
L,2013,138,NA,NA,103.730044921532,6.45824500320549
L,2013,139,NA,NA,104.433090935997,6.68844742598381
L,2013,140,NA,NA,109.361540016257,6.64094875208753
L,2013,141,NA,NA,105.858056147986,6.58883928188897
L,2013,142,NA,NA,95.4762294538759,6.6185558200179
L,2013,143,NA,NA,96.8331848785852,6.64958968602656
L,2013,144,NA,3.745475445,98.1558943919034,6.59080264394963
L,2013,145,174.600733678513,NA,100.320843984309,6.53982933934233
L,2013,146,186.478905874868,NA,100.379792832165,6.50295433934233
L,2013,147,160.434770527993,1.751687982,99.4108981179381,6.50066520870876
L,2013,148,141.078235659047,2.141552024,97.6178482945435,6.50820207357792
L,2013,149,152.045326913709,11.98771606,97.5183723600789,6.4716323808581
L,2013,150,156.340277777778,1.946677454,102.706631188342,6.54139183934233
L,2013,151,162.520636524225,1.208716414,101.280210023641,6.55960375513406
L,2013,152,163.258499433722,1.510794978,95.1424452522481,6.49594045045344
L,2013,153,249.321968988093,6.319233067,95.9563478558461,6.50257239489788
L,2013,154,161.50770460956,1.810977651,97.8097147259208,6.54785017267566
L,2013,155,138.894743195628,2.302472918,96.8258136931904,6.54373156087215
L,2013,156,172.014025063382,3.405881228,94.962147796605,6.52816267267566
L,2013,157,176.871527777778,3.096563809,95.0210049486991,6.54291961712011
L,2013,158,156.797247929369,3.105238945,97.0311066546802,6.55118350600899
L,2013,159,156.52932696819,1.801555649,99.1657614605376,6.5361643621978
L,2013,160,164.4375,3.330217959,99.5213569399205,6.53410017267566
L,2013,161,182.894547749712,2.457935944,100.115964374193,6.57114878378677
L,2013,162,323.875251506787,1.77403651,103.49612867879,6.60088279197176
L,2013,163,170.066657009875,2.163613296,100.965071840696,6.57041961712011
L,2013,164,169.2536606326,2.03572686,100.572173952114,6.57259415881487
L,2013,165,205.973770556867,1.618918191,99.8803484948716,6.56923906156455
L,2013,166,154.125,2.953912407,99.058135249652,6.55778072823122
L,2013,167,260.186341889772,2.158385235,96.9948431485262,6.4947946171201
L,2013,168,165.581683782198,2.662404869,96.9073494606246,6.5314934582617
L,2013,169,212.746441573528,1.942081356,96.6460124767463,6.42429286567765
L,2013,170,143.050291627068,2.033658616,97.2305189893774,6.38489878378677
L,2013,171,116.795138888889,1.586688052,96.0230108644614,6.39965572823122
L,2013,172,138.934931798144,2.871125186,92.9721742612086,6.38298906156455
L,2013,173,129.329790823867,2.449375711,90.7907710151271,6.32989878378677
L,2013,174,143.212114504445,1.73244182,93.6545333148273,6.35552378378677
L,2013,175,117.173687084391,1.787652452,94.0900971671422,6.34559322823122
L,2013,176,106.586805555556,2.285122646,93.3620722823991,6.31882239489788
L,2013,177,110.923403653801,1.260020362,92.3604666000732,6.29889561960251
L,2013,178,119.626342607522,1.630982949,88.3588246661063,6.29930850600899
L,2013,179,137.855753183555,2.282077731,88.821351566594,6.3173987837867696
L,2013,180,152.995349099487,2.354753536,89.2551547374218,6.32132239489788
L,2013,181,156.048291904226,1.67682903,91.0758129938903,6.34208628378677
L,2013,182,146.71808673893,1.717274696,93.4720709110409,6.38154299513928
L,2013,183,138.523288356652,2.35211078,91.885454397464,6.35562795045344
L,2013,184,129.257445526098,1.753095537,92.0522941096052,6.35354461712011
L,2013,185,124.481396938344,1.716929988,92.3232381099321,6.36146128378677
L,2013,186,136.563117496147,2.476205435,92.5323675508699,6.38833628378677
L,2013,187,142.197716969749,2.03480764,91.742274724854,6.40416961712011
L,2013,188,181.547451875673,2.29649799,91.8965239043841,6.43552378378677
L,2013,189,150.85292010367,2.363083965,91.0756660808571,6.36701683934233
L,2013,190,162.647382443977,2.986717059,88.0181924202308,6.30184322823122
L,2013,191,176.156884069619,2.938860185,87.0369913785129,6.30650877930093
L,2013,192,147.449764495756,1.909391607,87.3978301529708,6.31396128378677
L,2013,193,146.90625,1.710035841,89.6292896682409,6.33357933934233
L,2013,194,154.267170072888,1.446219796,89.2118286334887,6.35323211712011
L,2013,195,178.739424278532,2.195268924,89.5670579194429,6.35225989489788
L,2013,196,209.362504235064,1.72169844,88.6625818878228,6.29949559078
L,2013,197,203.153346655328,1.453286297,89.9893305813193,6.34951388888889
L,2013,198,173.34285675468,1.673152152,88.5334046726415,6.36048611111111
L,2013,199,189.593452652641,2.182055141,88.2076199097679,6.35809027777778
L,2013,200,204.896149262055,2.704516621,88.6460032684663,6.40416666666667
L,2013,201,158.466063542053,2.798162124,87.8081476658292,6.4078125
L,2013,202,158.271290081415,2.690038911,87.2388818404612,6.39631944444444
L,2013,203,165.763618171839,2.726175734,87.1218756872074,6.37298149130853
L,2013,204,182.700506402952,3.62046157,87.9149630369186,6.3696875
L,2013,205,160.452319789834,2.389281725,88.53653674098,6.36878472222222
L,2013,206,166.034722222222,2.540263556,88.2153608132953,6.35565972222222
L,2013,207,185.192374727233,3.432366245,88.1119632662222,6.3578125
L,2013,208,199.746344588327,3.834122692,87.4774967079564,6.34402777777778
L,2013,209,217.685800875581,4.076854135,87.588546215857,6.32625
L,2013,210,194.94112308588,3.046523789,89.0216527497485,6.33001748844341
L,2013,211,204.149769762774,4.056458949,91.4981985131573,6.34954861111111
L,2013,212,200.755433419599,4.185724215,93.2836694712009,6.40736111111111
L,2013,213,187.732238315213,1.96046575,94.6411119862358,6.42739583333333
L,2013,214,190.725468175387,2.567840146,94.6966625113507,6.43760416666667
L,2013,215,214.84008884008,1.913585546,93.6830164595089,6.43621527777778
L,2013,216,159.415332634095,1.54831063,92.6379135523075,6.41371527777778
L,2013,217,174.055555555556,3.287014635,91.4310039504568,6.40944444444444
L,2013,218,158.927401269795,3.329183837,91.5153212203997,6.39842852243703
L,2013,219,178.042991154645,4.72668499,94.1550185525592,6.41972222222222
L,2013,220,146.464616931283,2.302875076,92.1874315212499,6.41194444444444
L,2013,221,177.929958307411,2.217789806,92.0265110731656,6.41864583333333
L,2013,222,153.760682584945,2.063992865,91.501719319115,6.40774305555556
L,2013,223,138.399750052206,1.647299098,91.8429461710483,6.36642134489465
L,2013,224,150.949028401558,1.130410388,93.941375497331,6.44798611111111
L,2013,225,155.167733876718,1.670222139,92.0749164728007,6.45597222222222
L,2013,226,144.111533811658,1.979999167,91.8217555806192,6.45909722222222
L,2013,227,143.325255269895,1.795006209,92.1768913146415,6.458125
L,2013,228,138.320200386377,1.385608749,93.4839311297007,6.47427083333333
L,2013,229,143.975718085786,1.015220673,94.6747160042793,6.4665314025327
L,2013,230,145.086100787606,1.603521262,95.0586929477335,6.48503472222222
L,2013,231,160.063736713323,1.939553502,95.0272098473157,6.49354166666667
L,2013,232,138.495382440156,1.256630739,95.7668193275089,6.52940972222222
L,2013,233,129.670138888889,1.532224286,95.5659569965243,6.54159722222222
L,2013,234,150.08818207954,1.437314855,93.4800327509067,6.48706118603423
L,2013,235,148.638888888889,1.28983755,92.2142968436948,6.45347222222222
L,2013,236,161.041666666667,1.429731293,93.6673963434877,6.48538194444444
L,2013,237,167.286889997051,1.412898083,93.5462163278975,6.49399305555556
L,2013,238,182.913985701186,2.731633601,94.0152237431754,6.53149305555556
L,2013,239,168.972222222222,2.289144233,93.9030683638491,6.53399305555556
L,2013,240,161.982638888889,0.895262507,92.7599158226694,6.50173611111111
L,2013,241,172.009944514243,2.234680467,90.933860244191,6.46291666666667
L,2013,242,175.511151994519,2.98723412,88.1794067081014,6.42743055555556
L,2013,243,172.961869443593,1.923352255,86.4721989461944,6.39069444444444
L,2013,244,184.948986909735,2.789372086,86.4047232367281,6.40958333333333
L,2013,245,206.343303015998,NA,82.9298721393551,6.37305597049291
L,2013,246,204.526527551241,NA,82.8616546459901,6.36506944444444
L,2013,247,220.901123969614,NA,85.0722301695505,6.38979166666667
L,2013,248,198.920138888889,NA,84.6386638741379,6.39142361111111
L,2013,249,199.502810248453,NA,85.6718924150827,6.40069444444444
L,2014,136,244.772385112042,NA,96.2174032975349,6.42430555555556
L,2014,137,234.895631510927,NA,99.2103598068645,6.46184027777778
L,2014,138,252.10250529324,NA,102.990664999537,6.50638888888889
L,2014,139,357.784722222222,NA,107.689412332681,6.58482638888889
L,2014,140,383.505053798665,NA,106.124692074212,6.67222222222222
L,2014,141,295.013831841019,NA,108.830378012956,6.71975694444444
L,2014,142,257.138964134459,NA,108.601823751887,6.7271875
L,2014,143,164.614487094071,NA,108.892863279808,6.68788194444444
L,2014,144,123.680592513206,NA,109.520083679666,6.63270833333333
L,2014,145,110.922650787585,NA,108.539919868324,6.53114583333333
L,2014,146,103.830599559322,2.16131524725275,107.298447308798,6.50618055555556
L,2014,147,117.117368244253,2.76886199737762,100.972584732505,6.40333333333333
L,2014,148,104.556158849067,2.14606194586663,101.012634420972,6.40934027777778
L,2014,149,73.8929372979469,0.716784517565768,100.403232841867,6.39197916666667
L,2014,150,72.4526139577356,1.4201082121004,99.3898096764566,6.34597222222222
L,2014,151,74.5514691575626,1.06609373699217,97.9836739076157,6.33329861111111
L,2014,152,82.1423611111111,1.57824272082085,95.8953601134292,6.359375
L,2014,153,98.2342483686282,2.15657552083333,94.0259117644463,6.36163194444444
L,2014,154,106.876892809406,1.92260538940226,95.4214740248762,6.37854166666667
L,2014,155,121.369395542615,1.78360214004745,97.2472999484145,6.42361111111111
L,2014,156,139.907601104003,1.08134703837829,97.2580374841267,6.41739583333333
L,2014,157,92.3575212489575,1.96793440934066,97.0749692428743,6.38704861111111
L,2014,158,89.2395833333333,1.72732866092241,95.8977255761172,6.3803125
L,2014,159,126.118197457424,1.84504622981186,96.684551761282,6.39489583333333
L,2014,160,110.541666666667,1.88985818868631,96.2070973038829,6.39555555555556
L,2014,161,110.484117162276,1.8592654090701,97.3790554954041,6.40472222222222
L,2014,162,97.7921142289588,1.33961903981435,98.8510616318935,6.41690972222222
L,2014,163,106.658074804321,1.80997225430819,97.7471927545888,6.39225694444444
L,2014,164,171.430676323767,2.16303878413253,99.3315372457316,6.42638888888889
L,2014,165,114.704861111111,2.24482060907842,99.0152664492302,6.46711805555556
L,2014,166,132.586531782743,2.00636928175991,98.7640520812435,6.46402777777778
L,2014,167,131.350744301477,2.08461785610223,100.140849546863,6.47930555555556
L,2014,168,120.808511168829,1.50033885385448,100.265720314616,6.46322916666667
L,2014,169,128.504245994437,1.64994185501998,96.9465237483868,6.40907733093919
L,2014,170,117.242019365459,1.94794138153513,97.8071058729369,6.41569444444444
L,2014,171,109.084483083509,1.93354984858891,95.7414578571207,6.41499473122734
L,2014,172,126.486111111111,2.13063629079254,95.1136919974788,6.40725694444444
L,2014,173,130.135464102612,1.57048680486181,96.5611646876887,6.41496527777778
L,2014,174,127.673746764878,2.08901287514569,96.1878859289857,6.36281441885645
L,2014,175,108.979805345861,2.27679221819847,95.6202444180771,6.35246527777778
L,2014,176,117.996527777778,2.248267682838,93.5513479576039,6.3877922234662
L,2014,177,111.85681409648,1.77903476731602,94.2070796917564,6.38392361111111
L,2014,178,111.377318573851,1.48784321147602,96.166849372414,6.400625
L,2014,179,129.085328488626,1.51102478250916,97.4645512914885,6.41447916666667
L,2014,180,137.237059751061,2.47775661838162,95.0377613960338,6.36125
L,2014,181,219.229234801012,2.26162509365634,93.8519563697601,6.35065972222222
L,2014,182,153.137408350104,2.31091824841825,91.827532150183,6.34701388888889
L,2014,183,147.323903212935,2.44423382606976,91.7136053637174,6.3140625
L,2014,184,157.469738079491,1.75102729301948,92.3708745969603,6.32802083333333
L,2014,185,131.396828181919,2.04075384251166,92.3367925239021,6.3215625
L,2014,186,179.616207450223,2.42691228042791,94.2630804840839,6.31697916666667
L,2014,187,124.263888888889,1.95190551635864,92.4891699501235,6.29954861111111
L,2014,188,199.086845434246,2.08634139298202,93.191232945184,6.28236111111111
L,2014,189,155.16977231762,3.70379457781802,90.6419592947337,6.26586805555556
L,2014,190,187.573523059985,2.64554293362887,90.7883083161417,6.24517361111111
L,2014,191,163.816235787067,2.63571877341409,91.1556984737877,6.24722222222222
L,2014,192,155.086805555556,3.01334570377539,92.7011370808457,6.23857638888889
L,2014,193,135.96875,2.31272796214202,91.361244201463,6.19364583333333
L,2014,194,235.15129167497,2.37917030885781,92.5194338112598,6.16722222222222
L,2014,195,132.503472222222,2.17320765172328,89.7971092095344,6.10854166666667
L,2014,196,136.342188272846,2.56246845602314,90.5190037129274,6.03059027777778
L,2014,197,129.933418580366,2.17932620764652,91.5257740239526,6.04013888888889
L,2014,198,126.897080564101,1.78601509167915,91.7108238728047,6.01899305555556
L,2014,199,173.157132366523,1.88330874854312,93.6522101494929,6.02475694444444
L,2014,200,155.440171470104,1.8131607975358,94.7489475811751,6.04204861111111
L,2014,201,115.232444925744,2.1018532249001,93.9613962161442,6.04468218618582
L,2014,202,111.15699890116,1.81505668810356,94.732635192757,6.13070759485108
L,2014,203,118.867323151957,2.34952547452547,95.0745865577766,6.15421453929552
L,2014,204,126.062213783813,1.83953091179654,92.9575555799173,6.12959648373997
L,2014,205,136.915686001772,2.27886046245421,91.7778560466007,6.11029092818441
L,2014,206,133.711717829312,2.65467767909174,92.834354084901,6.1263673170733
L,2014,207,227.227212253327,2.49550904824342,92.5440051758434,6.10470065040663
L,2014,208,154.767330827482,3.10090137726857,91.2991037260709,6.10291134234523
L,2014,209,156.975889350092,2.68949312406344,91.0721035468711,6.09970065040663
L,2014,210,140.227094813351,2.51283059388528,92.5450630513409,6.13095065040663
L,2014,211,134.139759312278,1.7848086158633,92.8347065863809,6.1316798170733
L,2014,212,147.288187736615,1.81600463338745,92.9972205441988,6.12015203929552
L,2014,213,125.26996818112,2.20414513871545,93.2382688219065,6.13126315040663
L,2014,214,125.234272123109,1.5988389865343,92.7887042520012,6.11966592818441
L,2014,215,131.1184445918,1.57410623230936,94.1022143982173,6.12786037262885
L,2014,216,134.740555684153,1.67372666396104,93.1069321464353,6.1276173170733
L,2014,217,143.519969831256,1.62831146717865,91.8830995593275,6.10834648373997
L,2014,218,139.690681055079,1.3958063420954,91.5677447179993,6.0866798170733
L,2014,219,136.653695726423,1.57927684294872,91.7109732724239,6.0760548170733
L,2014,220,134.016841377131,1.24447980405012,92.313979955185,6.08643676151774
L,2014,221,133.559733634367,1.62650175345488,91.9918940620651,6.08171453929552
L,2014,222,132.508011363988,1.79221982444639,91.90318990342,6.07661037262885
L,2014,223,156.371815429366,2.648086012295,90.0842038130423,6.0351173170733
L,2014,224,144.223445423828,2.31643184289669,92.065945199981,5.96522148373997
L,2014,225,146.886397394463,1.81953788399101,97.0733007912492,5.96994773824932
L,2014,226,140.621150077968,1.65855953941891,97.3870063707446,5.98301874384968
L,2014,227,142.209753057868,1.94139194139194,97.5723312059029,5.99281041051635
L,2014,228,158.539713016725,2.14752695221445,98.84525609917,6.00301874384968
L,2014,229,156.497947502312,2.39183830492424,97.3024308946043,6.01472013273857
L,2014,230,171.320864168979,2.84125054632867,96.5282709475082,6.0102409660719
L,2014,231,177.779197502312,2.95328130528326,96.0545638201965,6.00440763273857
L,2014,232,168.127024639136,2.90954741872711,95.391278790961593,5.98765723252417
L,2014,233,172.412469802057,2.90846848464036,95.6162071610856,5.98801874384968
L,2014,234,175.979827332012,6.35993726325758,96.5858556765853,6.00416457718301
L,2014,235,190.51584446584,2.29385523330836,98.125989366519,6.03013679940524
L,2014,236,181.787017877247,3.35124510905761,100.163633153945,6.03753263273857
L,2014,237,185.015308613423,3.13287298638861,101.725820933446,6.09739374384968
L,2014,238,181.758364168979,2.52877331002331,100.389599166881,6.09121318829413
L,2014,239,181.220169724535,2.46862187291875,97.6413076446671,6.04013679940524
L,2014,240,169.719424617954,1.88020638215951,95.6111266118333,6.00333124384968
L,2014,241,187.397253057868,1.94940638788295,95.2528495017878,6.00864374384968
L,2014,242,205.480586391201,NA,91.9419985419647,5.95062291051635
L,2014,243,196.185447502312,NA,91.7749173373274,5.92176874384968
L,2014,244,199.621413169215,NA,94.2123453621767,5.96732429940524
L,2014,245,171.067391946757,NA,92.8161779255859,5.95603957718301
L,2014,246,169.622947502312,NA,93.9682377106787,5.96989374384968
L,2014,247,180.890308613423,NA,92.7197155574748,5.96298402162746
L,2014,248,183.33822528009,NA,90.7321789214826,5.93548402162746
L,2014,249,179.03292153291,NA,90.6579600604954,5.92531041051635
L,2014,250,169.253064535326,NA,91.1822490242095,5.93590068829413
L,2015,129,170.828072966079,NA,98.8058401978214,6.93973289201623
L,2015,130,162.050096051102,NA,99.2783101547552,6.97019734716325
L,2015,131,153.086805555556,NA,98.7145392445212,6.98460706938547
L,2015,132,164.765458863996,NA,98.2322133917894,6.99054456938547
L,2015,133,155.044520193821,NA,99.9617632484095,7.0491904027188
L,2015,134,145.833234302354,NA,99.90971669508,7.04332234716325
L,2015,135,143.15625,NA,98.6060290438674,7.02665568049658
L,2015,136,143.09375,NA,100.279195952348,7.03113484716325
L,2015,137,142.735415066402,NA,103.57514973042,7.02384318049658
L,2015,138,157.097222222222,NA,100.683836729,6.97689873605214
L,2015,139,229.578038924795,NA,98.0722607396361,7.00405151382992
L,2015,140,152.274713918289,NA,99.2818429970122,7.05401679160769
L,2015,141,203.463411463607,NA,101.183744166994,7.04280151382992
L,2015,142,203.123337401299,NA,102.46811683338,7.02974595827436
L,2015,143,237.593208438511,NA,103.441035958242,7.0454404027188
L,2015,144,146.701910327138,NA,102.97418255146,7.01203762494103
L,2015,145,164.267361111111,1.91511200384333,101.604058258263,7.00405151382992
L,2015,146,151.086805555556,1.99701529940664,99.8989222764525,6.9626279027188
L,2015,147,232.153117213644,2.14971126932026,101.044849448333,6.96415568049658
L,2015,148,177.266162842625,1.9832239905868,101.376752843521,6.94696818049658
L,2015,149,141.954861111111,2.88330317246662,100.039620353606,6.9304404027188
L,2015,150,303.652783072431,2.59818686515699,97.4056329540834,6.89665568049658
L,2015,151,224.003937800435,2.01497309118135,97.3687184088743,6.95960706938547
L,2015,152,228.409292913719,2.27514367659526,96.9980566946158,6.95960706938547
L,2015,153,161.333800347544,2.02693765372067,99.5659394598633,6.95985012494103
L,2015,154,136.741362189388,2.2400914183428,98.3688733772156,6.92800984716325
L,2015,155,158.282791278092,2.02528372889906,98.8076466262149,6.91905151382992
L,2015,156,326.904031078128,2.40072466340506,98.6258744539728,6.86078762494103
L,2015,157,237.698509808779,2.0375743844174,98.982529781116,6.87019734716325
L,2015,158,163.419676659098,1.88298676242648,97.4035761580082,6.85776679160769
L,2015,159,179.835481435706,2.05422936827115,96.9392798107827,6.85235012494103
L,2015,160,142.271600279469,1.68708151779976,96.5233127460882,6.85432929160769
L,2015,161,204.587929854951,1.82313345182535,97.906116169058,6.81745867456159
L,2015,162,127.6875,1.80391195200727,96.1227936580207,6.80412095827436
L,2015,163,134.92331025451,1.6277279036341,96.412781429962,6.80311401382992
L,2015,164,139.327287395471,1.93132985106575,95.7314715440227,6.79667898265712
L,2015,165,138.512483018428,2.05429818405569,94.3142789006781,6.77745429160769
L,2015,166,130.534722222222,2.36990379390426,94.0225086094325,6.77196818049658
L,2015,167,140.525657751486,1.59332001136415,94.5883271275487,6.76453762494103
L,2015,168,156.214555411075,2.49089680107888,93.8643651053038,6.75974595827436
L,2015,169,150.833255262341,1.66581118439652,93.6214747711834,6.74123901382992
L,2015,170,175.695154896808,1.73118617970942,94.6191120792132,6.73752373605214
L,2015,171,148.479166666667,2.16081563455284,94.0590080256281,6.72366956938547
L,2015,172,183.475872260495,2.51122873742021,94.120109613474,6.74648206938547
L,2015,173,155.96932346621,2.157453045081,94.8432854283429,6.77290568049658
L,2015,174,154.144731334807,2.07112051538549,95.2173590992114,6.78151679160769
L,2015,175,129.045901822453,1.64383705319685,96.0887708375092,6.79113484716325
L,2015,176,138.8088023688,2.27583183444066,95.3415819798232,6.77342651382992
L,2015,177,135.191206565047,1.94177812035255,95.8085309149903,6.76290568049658
L,2015,178,124.670250580235,1.66635858268263,96.2784969741457,6.76408623605214
L,2015,179,118.410448737145,1.73642556330507,95.9993286114069,6.75884318049658
L,2015,180,122.503472222222,2.03353771305609,94.6864422479851,6.7560654027188
L,2015,181,185.545596881696,2.26641892991217,91.6961952627756,6.6960654027188
L,2015,182,132.015546880012,1.94822490816785,92.1507859158639,6.71634318049658
L,2015,183,183.21929485451,2.53073019236176,92.2903820402125,6.72307929160769
L,2015,184,119.892361111111,1.86827035050311,92.4742121776249,6.70991956938547
L,2015,185,125.452420617403,1.71492063063635,92.5304113505288,6.71790568049658
L,2015,186,145.977096146277,1.59660440108082,94.4888367133976,6.70186401382992
L,2015,187,139.16019765498,2.07088591612002,91.3953693306392,6.68217651382992
L,2015,188,205.351008677008,2.18153856966997,89.6438372324908,6.55971123605214
L,2015,189,160.078978016604,2.08572588365654,90.1728871307858,6.58804456938547
L,2015,190,130.186011262431,2.21120521078463,91.5373312650166,6.63363530022836
L,2015,191,236.320427768014,2.08267140122003,92.6706005858413,6.6673154027188
L,2015,192,203.530562055714,1.72153711192036,92.2227447177141,6.63814873605214
L,2015,193,168.729085245629,1.73697296159119,93.0940695779885,6.64780151382992
L,2015,194,118.686802251351,2.3412224697046,92.4140531004181,6.66023206938547
L,2015,195,129.891946041159,1.82408748883829,89.9432995996814,6.58721123605214
L,2015,196,116.846646248856,1.94373311423152,89.0914799150249,6.53818345827436
L,2015,197,118.5625,1.68645591975849,90.7906403895681,6.55235012494103
L,2015,198,128.659212566455,2.203199901849,90.1353665701223,6.57162095827436
L,2015,199,132.147476344616,2.22681622790701,91.2834696839968,6.57311401382992
L,2015,200,145.184594352457,1.68684691853428,91.8320385866114,6.59509318049658
L,2015,201,224.166408115532,1.63187249065752,90.2997604916128,6.55474595827436
L,2015,202,244.034356283461,1.55554952962236,89.1253453514251,6.49078762494103
L,2015,203,161.124044151268,2.09020125564428,89.1388341132494,6.4798154027188
L,2015,204,176.742154627897,1.921488411879,90.3710398877596,6.50057929160769
L,2015,205,145.869510919322,1.85153560289909,90.8776675410143,6.50103068049658
L,2015,206,141.246527777778,1.13976143144208,91.1083388677548,6.50623901382992
L,2015,207,143.06619836709,1.56493350024144,91.7449099763895,6.52217651382992
L,2015,208,116.697916666667,1.53083762499457,91.4994674535751,6.51662095827436
L,2015,209,113.570508379849,1.54718215582035,90.5956046454642,6.50467651382992
L,2015,210,136.043908073041,1.9940937565539,89.8825399506972,6.50377879533762
L,2015,211,203.727060048184,1.93372354557117,88.8665292139454,6.46395833333333
L,2015,212,199.109284545745,2.02912724686512,88.4325425343064,6.44965277777778
L,2015,213,233.115829008391,2.03139503976473,88.8282563095341,6.47059027777778
L,2015,214,213.057669039326,2.38492127488499,88.0926879367422,6.47104166666667
L,2015,215,158.443013581143,2.11283617477505,86.9383579843473,6.45
L,2015,216,159.966925898303,2.3567670170351,87.3337891668426,6.39194444444444
L,2015,217,164.675479576551,2.37508296368843,87.4877305333982,6.38503472222222
L,2015,218,158.849483881621,2.08535287082443,88.8367730180075,6.38659722222222
L,2015,219,158.996527777778,2.24816476106542,88.2839019828055,6.42854166666667
L,2015,220,172.540952825202,2.35795721730862,87.0602750474699,6.38826388888889
L,2015,221,167.104166666667,2.42880619548265,88.2487824727249,6.38024305555556
L,2015,222,207.576899554276,1.90605490820082,89.5135329679491,6.3771875
L,2015,223,268.494166488805,2.48053455152276,90.7607852499089,6.39284722222222
L,2015,224,178.817066359104,2.14486288450041,90.0813005092066,6.39875
L,2015,225,175.594759198064,1.83010730599042,91.0793242597928,6.40579861111111
L,2015,226,192.745076480454,2.38501433259362,93.0361768279143,6.45003472222222
L,2015,227,162.609613469091,2.19060974126841,93.0376708991909,6.43003472222222
L,2015,228,164.934027777778,2.13023953028568,93.4758246104545,6.38611111111111
L,2015,229,193.888801258929,2.87618699474716,92.5121885990505,6.37916666666667
L,2015,230,199.720774499389,2.39041949967021,91.3994069393619,6.34284722222222
L,2015,231,222.391622610871,2.58356351094227,89.405937847673,6.31052083333333
L,2015,232,240.044290194837,2.9462539753696,87.0054793841586,6.25934027777778
L,2015,233,246.04353530889,2.54430723385246,87.7259213999782,6.23118055555556
L,2015,234,243.467584658043,2.62899756868963,90.4195423343397,6.289375
L,2015,235,250.354166666667,2.85976504616377,88.9557251647501,6.28989583333333
L,2015,236,270.215277777778,3.15809711209527,85.2937824676196,6.20708333333333
L,2015,237,280.6875,3.38057541552255,83.0976636954888,6.17368055555556
L,2015,238,282.802132836079,2.72119508002206,84.2462254612991,6.16170138888889
L,2015,239,255.345065047254,3.3543784975443,85.8246254281191,6.17131944444444
L,2015,240,239.586805555556,3.24677563444555,88.9363372924712,6.1896875
L,2015,241,213.828046146991,3.00998677582416,90.6401322611487,6.2071875
L,2015,242,211.438704344566,2.59584087250223,92.9890256289093,6.21059292121442
L,2015,243,196.278837530684,2.15127526442344,93.7908419861725,6.19774305555556
L,2015,244,190.021533391803,2.13571351314681,94.0909463052246,6.20388888888889
L,2015,245,202.482638888889,2.59904706246374,93.8333813787087,6.23427083333333
L,2015,246,228.547489191333,2.90160191517382,92.3341098863744,6.15444444444444
L,2015,247,252.373116385379,NA,92.1551346432165,6.12392361111111
L,2016,141,80.1470588235294,NA,98.49428571428572,6.1125
L,2016,142,108.68202764976958,NA,97.52222222222224,6.304201388888889
L,2016,143,90.47368421052632,NA,97.19652777777776,6.304444444444444
L,2016,144,110.47345132743362,NA,97.51631944444443,6.261811846689896
L,2016,145,97.92857142857144,NA,96.84131944444444,6.288854166666667
L,2016,146,103.69718309859157,NA,93.92430555555556,6.22625
L,2016,147,101.75,NA,92.4581881533101,6.241358885017422
L,2016,148,106.875,NA,91.59236111111112,6.224652777777778
L,2016,149,130.01045296167248,NA,91.68472222222222,6.2353125
L,2016,150,135.47552447552448,NA,90.30694444444444,6.209375
L,2016,151,136.11524163568774,NA,91.93402777777776,6.213055555555556
L,2016,152,131.0811808118081,NA,92.26770833333332,6.201076388888889
L,2016,153,138.2289156626506,NA,92.18090277777776,6.2224305555555555
L,2016,154,135.58608058608058,NA,91.60277777777776,6.2221875
L,2016,155,140.37078651685394,NA,91.64618055555556,6.263472222222222
L,2016,156,144.90592334494772,NA,91.42708333333331,6.257395833333334
L,2016,157,169.4956896551724,NA,90.246875,6.247465277777778
L,2016,158,154.69257950530036,NA,90.95138888888889,6.289618055555556
L,2016,159,169.17667844522967,NA,90.31076388888889,6.291631944444444
L,2016,160,148.65384615384616,NA,91.2388888888889,6.364216027874565
L,2016,161,133.78703703703704,NA,94.70173611111112,6.417986111111111
L,2016,162,133.3790322580645,NA,96.54027777777776,6.402534722222223
L,2016,163,151.63768115942028,NA,94.65347222222222,6.335034722222222
L,2016,164,153.94779116465864,NA,93.99722222222222,6.331840277777777
L,2016,165,131.609756097561,NA,92.86271777003483,6.346794425087108
L,2016,166,149.11111111111111,NA,90.49340277777776,6.329548611111111
L,2016,167,143.12847222222223,NA,90.87986111111113,6.323472222222223
L,2016,168,161.88095238095238,NA,90.18818897637796,6.3139566929133855
L,2016,169,165.18039215686275,NA,92.83819444444444,6.3365277777777775
L,2016,170,136.32442748091603,NA,93.48854166666666,6.345138888888889
L,2016,171,138.12033195020746,NA,92.29548611111112,6.284756944444444
L,2016,172,154.99052132701422,NA,92.066898954703845,6.276759581881533
L,2016,173,144.4516129032258,NA,90.29409722222222,6.317395833333333
L,2016,174,154.75187969924812,NA,89.00104166666667,6.337048611111111
L,2016,175,130.14440433212997,NA,89.76955017301039,6.3431597222222225
L,2016,176,124.30604982206404,NA,89.21006944444444,6.331006944444445
L,2016,177,126.04225352112675,NA,89.39097222222222,6.31375
L,2016,178,175.5948275862069,NA,88.24895833333333,6.318194444444444
L,2016,179,170.11228070175437,NA,88.27395833333334,6.304270833333334
L,2016,180,190.4079422382671,NA,87.34479166666667,6.338263888888889
L,2016,181,171.33812949640287,NA,89.83576388888889,6.3668402777777775
L,2016,182,185.80836236933797,NA,90.22951388888887,6.385590277777778
L,2016,183,184.2934362934363,NA,89.10138888888889,6.364375
L,2016,184,167.9468085106383,NA,90.13993055555557,6.389756944444445
L,2016,185,157.51985559566788,NA,91.45520833333332,6.404201388888889
L,2016,186,130.70671378091873,NA,91.51141868512111,6.370276816608997
L,2016,187,120.46468401486987,NA,91.67291666666668,6.351180555555556
L,2016,188,109.1131386861314,NA,92.07326388888887,6.3639930555555555
L,2016,189,103.83391003460208,NA,88.14340277777778,6.288850174216028
L,2016,190,115.84452296819788,NA,84.73194444444445,6.266493055555555
L,2016,191,126.73134328358208,NA,84.30486111111111,6.268680555555555
L,2016,192,130.54861111111111,NA,84.38715277777777,6.254826388888889
L,2016,193,141.82105263157894,NA,82.49442508710801,6.254912891986063
L,2016,194,153.57692307692307,NA,87.8375,6.336666666666667
L,2016,195,143.79423868312756,NA,89.94722222222222,6.334895833333333
L,2016,196,138.94035087719297,NA,88.2411149825784,6.331881533101045
L,2016,197,144.63957597173146,NA,84.07326388888889,6.273229166666667
L,2016,198,135.64893617021278,NA,85.03402777777778,6.291527777777778
L,2016,199,137.6950354609929,NA,86.7388888888889,6.303090277777778
L,2016,200,135.78927203065135,NA,87.63135888501742,6.327038327526132
L,2016,201,116.54285714285714,NA,88.26284722222222,6.318680555555556
L,2016,202,115.89964157706092,NA,89.63506944444444,6.3289583333333335
L,2016,203,113.73617021276596,NA,91.32056737588653,6.343936170212766
L,2016,204,132.3089430894309,NA,90.36468253968252,6.2936507936507935
L,2016,205,125.83687943262412,NA,89.825,6.256701388888889
L,2016,206,125.85401459854016,NA,88.72881944444444,6.256284722222222
L,2016,207,148.28979591836736,NA,88.97638888888889,6.265659722222222
L,2016,208,144.4810606060606,NA,88.32404181184668,6.259477351916376
L,2016,209,151.08333333333334,NA,86.99479166666667,6.241909722222222
L,2016,210,175.50545454545454,NA,83.97177700348432,6.218919860627178
L,2016,211,187.15328467153284,NA,83.865625,6.236111111111111
L,2016,212,170.02083333333334,NA,85.1763888888889,6.260798611111111
L,2016,213,174.64768683274022,NA,85.32916666666667,6.273194444444444
L,2016,214,179.2491103202847,NA,86.33298611111111,6.277013888888889
L,2016,215,164.49652777777777,NA,87.35261324041812,6.285331010452961
L,2016,216,137.86971830985917,NA,88.6986111111111,6.31
L,2016,217,145.33216783216784,NA,89.69722222222222,6.2877777777777775
L,2016,218,154.043321299639,NA,87.94270833333333,6.259722222222222
L,2016,219,163.95255474452554,NA,86.97951388888889,6.276111111111111
L,2016,220,154.40701754385964,NA,87.353125,6.307013888888889
L,2016,221,160.49248120300751,NA,87.75972222222222,6.297395833333334
L,2016,222,166.30739299610894,NA,88.63958333333333,6.305659722222222
L,2016,223,158.30935251798562,NA,89.19236111111111,6.336597222222222
L,2016,224,172.83623693379792,NA,87.95416666666667,6.3081249999999995
L,2016,225,261.2294117647059,NA,85.0421052631579,6.247485380116959
L,2018,138,289.414798082611,NA,99.3323930256995,6.5440136791408
L,2018,139,321.118667489683,NA,98.6200133082457,6.53960239043692
L,2018,140,350.775968542045,NA,97.0975940177238,6.52957300823878
L,2018,141,365.588490808922,NA,99.3371527777778,6.5646875
L,2018,142,372.361295605195,NA,99.7659722222222,6.55833333333333
L,2018,143,373.375685451694,NA,100.339004451198,6.55123619093835
L,2018,144,370.611652604818,NA,98.3897246588447,6.50684183591588
L,2018,145,368.749517222271,NA,97.9513888888889,6.51444444444444
L,2018,146,365.84366730837303,NA,98.7269135350477,6.50519832329939
L,2018,147,362.739846294013,NA,98.3676713238957,6.46778926164866
L,2018,148,357.818891886896,1.4887756394046,97.6586805555556,6.47850368451745
L,2018,149,355.89401285728,2.04726902121755,97.4758123136819,6.45864520916614
L,2018,150,358.292568218708,2.23449197086452,95.707986680279,6.48210092155472
L,2018,151,366.177095131195,2.84632023933703,94.5346473221879,6.47064537715997
L,2018,152,339.676519072847,2.78741208384063,95.5374105080585,6.49751248081947
L,2018,153,302.007819865277,1.84740900851029,96.903125,6.5375
L,2018,154,292.555555555556,2.61211333728643,95.9119431994475,6.53783500642345
L,2018,155,280.803547837676,2.70912709831846,97.3728415123022,6.54995029919445
L,2018,156,255.012268749448,2.4798454105888,98.6122425828268,6.61416995182713
L,2018,157,250.531021047508,2.44698904663206,98.1330888504619,6.62943273031172
L,2018,158,232.503431334261,1.75719981989535,99.419895118994,6.64787041826187
L,2018,159,211.782708263504,1.76348594869969,100.702842765228,6.65508976329901
L,2018,160,209.11373160292,1.81682083535925,99.8371500780007,6.62857550251818
L,2018,161,202.783719649171,2.03476156906045,100.732531021566,6.62673514552287
L,2018,162,193.521714052652,1.53044554477774,100.530857017723,6.61673872485937
L,2018,163,187.694444444444,1.91532512177787,100.136599834721,6.61386127147565
L,2018,164,194.042352157692,1.63996675796687,100.507706974512,6.60801444121968
L,2018,165,184.529453228259,1.63795778896754,99.024696687635,6.57829859441113
L,2018,166,210.697916666667,2.30577796761484,96.0826388888889,6.55482638888889
L,2018,167,240.267361111111,1.66964765479564,92.9163894247076,6.514268236386
L,2018,168,240.549554406731,1.94643173854164,96.0375,6.55423611111111
L,2018,169,244.485304294196,2.43156534915336,96.1951388888889,6.48293840540852
L,2018,170,268.873562769329,2.05394398273144,96.0416823142747,6.46812094365424
L,2018,171,278.363067490123,2.39922742880935,96.7819444444444,6.49177083333333
L,2018,172,292.092156463274,2.17305640275607,97.4225694444444,6.50135738623568
L,2018,173,317.658683353581,2.23915796337909,98.3797695837688,6.52949866220061
L,2018,174,307.687447448681,2.41627126257783,99.3007425792546,6.55470839923773
L,2018,175,291.366561480721,2.14771747118391,98.341755622559,6.5610536824865
L,2018,176,251.319444444444,1.91688045261606,97.8527777777778,6.56640017236931
L,2018,177,240.791666666667,1.84527042860778,97.1493055555556,6.56086681038933
L,2018,178,241.270376965419,1.74559964406052,95.9302083333333,6.55396959147994
L,2018,179,243.311720520995,1.97274275188767,96.3237736460578,6.54240418379648
L,2018,180,243.049771832114,1.6434014469012,97.6555893262641,6.53980738359146
L,2018,181,253.900912520635,2.12769258664223,96.3327809639465,6.52409982535216
L,2018,182,271.3125,2.06554415856627,92.321875,6.47774305555556
L,2018,183,295.457671871291,2.67439137626558,92.079532026052,6.48221670067839
L,2018,184,233.06163999749,2.63965565421269,95.2584685444512,6.52630861133718
L,2018,185,242.786614958566,2.48282646136199,95.5719245014723,6.5450728905402
L,2018,186,267.799649296434,3.14896169826792,95.5276993870539,6.53097950985144
L,2018,187,250.827639161166,2.95143468181795,95.7743846286644,6.56041433417313
L,2018,188,235.06957314658,3.14669350746223,96.6925367529815,6.53966633486783
L,2018,189,208.020340575847,2.88695325748471,96.0969804860029,6.51835682325901
L,2018,190,178.077641017236,2.36844483930353,95.2464626426488,6.54656608943877
L,2018,191,150.484619973015,2.43299106908836,94.7083333333333,6.53763888888889
L,2018,192,138.332263621527,2.53590212621519,92.7409635858078,6.50706617857069
L,2018,193,145.791666666667,2.9252532793751,90.7095329943474,6.4819556266692
L,2018,194,136.350957280065,3.15155391633157,89.0810607870329,6.46240097917599
L,2018,195,135.274943457529,1.97002092292084,89.9268587628584,6.45831657938317
L,2018,196,139.879661418926,2.72707820840922,91.1696685191502,6.45351877799255
L,2018,197,162.19500718998,2.81164932273573,93.4693432003968,6.4834707770785
L,2018,198,160.448373524803,3.756577612387,90.8989583333333,6.4635588526381
L,2018,199,145.199044461246,3.12018807776143,91.0301332593351,6.48257388226143
L,2018,200,156.426764724284,3.26308409852002,92.7280713029597,6.49472024228529
L,2018,201,180.666537728612,3.35484861797316,89.5461844052732,6.46662501208013
L,2018,202,183.864583333333,4.12648713006956,87.3953894788949,6.42619429993638
L,2018,203,191.503980321117,3.92202593029933,89.9371746579072,6.45169988082904
L,2018,204,155.446380806213,3.54408053661946,92.8502565407694,6.4950325008618
L,2018,205,186.395059306725,3.23003331820851,96.544127283366,6.54134608026268
L,2018,206,152.773087289595,4.17872032405206,95.5555538305091,6.5591880581888
L,2018,207,181.147025222562,3.54997783271426,92.3335497901229,6.52561070422151
L,2018,208,187.887571577177,3.90906483998109,91.9416666666667,6.54776172177108
L,2018,209,179.283821648409,2.96115549955663,93.2246527777778,6.57916519840698
L,2018,210,190.488947562174,3.94781850003263,95.2260416666667,6.61447916666667
L,2018,211,181.446589317967,2.78358856219675,96.7519520388408,6.63755215901189
L,2018,212,170.164234896444,2.62552806576581,98.96875,6.66739583333333
L,2018,213,187.972222222222,3.97613848237798,96.7966401185341,6.64342810363931
L,2018,214,216.842760169696,4.29724949501237,92.2791666666667,6.59902389658406
L,2018,215,208.466540051383,4.60060381391077,92.1048611111111,6.59183758709377
L,2018,216,220.21875,3.50305868576223,93.475,6.60986111111111
L,2018,217,208.213458977616,3.22433043846849,93.9722222222222,6.63746527777778
L,2018,218,198.857880455043,5.58635953806449,97.2245774547052,6.64182327057812
L,2018,219,175.919099763873,3.56728088828911,96.63125,6.59182227992976
L,2018,220,174.373570924728,3.27591557793508,97.6944444444444,6.61183068022634
L,2018,221,163.347354346954,2.9621275813305,98.2861111111111,6.63172536778726
L,2018,222,147.92202989914,2.00916341568192,98.9927083333333,6.63121314124386
L,2018,223,157.676811565902,1.96185543602035,98.1180555555556,6.60225694444444
L,2018,224,147.382860800638,1.7663373885697,97.8055555555556,6.5921875
L,2018,225,151.055448392232,2.1727971809497,97.1180555555556,6.548125
L,2018,226,139.114583333333,1.7656245286022,95.3623870415994,6.54010147644161
L,2018,227,155.645009093588,1.70554987497716,92.9866736468086,6.52494737277645
L,2018,228,154.372890357086,3.26217682219775,92.5413194444444,6.5194391699293
L,2018,229,160.276551420765,1.83315180916023,91.3365270332104,6.49539802592092
L,2018,230,159.590277777778,2.27097744011037,90.8810544081966,6.50169128125768
L,2018,231,175.729166666667,2.65404246446594,91.0791666666667,6.51086805555556
L,2018,232,177.243055555556,NA,90.1756944444444,6.50305555555556
L,2018,233,191.722783979099,NA,86.7774305555556,6.43881944444444
L,2018,234,173.751611686888,NA,86.9736111111111,6.45173611111111
L,2019,131,312.583878968012,NA,107.469945762244,6.73087455327931
L,2019,132,361.339290245787,NA,108.926124393829,6.72287127037918
L,2019,133,378.408130179654,2.43456323234864,107.9872989503,6.69573147990744
L,2019,134,379.499546784863,2.63491844882844,108.764481415071,6.67642238279473
L,2019,135,370.190596698705,1.96871674135652,109.145347578345,6.62305074513441
L,2019,136,361.26096652171,1.92865943984496,106.588785254236,6.6156493645484
L,2019,137,361.832740380745,1.80869366207619,104.041394136459,6.62993996653542
L,2019,138,376.764926933609,2.1434435299395602,101.815625,6.64281541376711
L,2019,139,400.379817818307,2.93682545198764,102.101099433605,6.67765461646273
L,2019,140,413.594377025033,2.09204925630208,104.316793409809,6.70461172155534
L,2019,141,409.661677298804,1.86963847586823,105.918726263444,6.69091756473777
L,2019,142,402.505319007347,2.20954151287974,104.074305555556,6.6709375
L,2019,143,393.521196868017,1.9987425402597,102.775347222222,6.66002913236972
L,2019,144,378.084218689782,2.22452005787034,102.203329723178,6.64062912115762
L,2019,145,353.904056631773,1.59686405562653,104.062312195944,6.61140894238638
L,2019,146,325.766824790669,2.40975931151558,103.145474788212,6.585700845443
L,2019,147,303.38966700523,2.25695066904265,99.8972222222222,6.55770833333333
L,2019,148,287.064316077858,2.63904098414696,99.0017094132967,6.57624461853743
L,2019,149,265.443721794053,1.79014225314288,101.140625,6.57510416666667
L,2019,150,239.265756883054,1.60118584681877,101.979456800077,6.54862874557064
L,2019,151,215.325887492497,1.83968138588703,101.329166666667,6.5329896597805
L,2019,152,196.321099529513,1.84483455503517,99.3621527777778,6.54118055555556
L,2019,153,183.300077209845,2.10001949125121,99.5762981390917,6.56057925988602
L,2019,154,174.399719708329,1.67752833002546,98.4614583333333,6.59090277777778
L,2019,155,166.314714561565,1.9415767171763,99.4954861111111,6.5909375
L,2019,156,155.313938718515,2.80614108239074,101.108333333333,6.59628472222222
L,2019,157,143.715731361013,1.80560176058731,100.303043607522,6.59195124005301
L,2019,158,132.661807256335,1.87286779520107,101.573268181593,6.58588347621277
L,2019,159,126.428926631529,1.59548987718703,101.222791531318,6.56679346550055
L,2019,160,128.868970135743,1.40083750123117,98.2609337358843,6.55794408293878
L,2019,161,143.068538587461,1.81632035241544,97.5340387825097,6.55644442935888
L,2019,162,157.030537063926,2.25365264078784,97.3053168223477,6.59606648899277
L,2019,163,179.939108994801,3.29837179942135,96.259375,6.59388888888889
L,2019,164,164.883548455439,1.84297941414184,97.1985110292742,6.58436005249159
L,2019,165,175.871527777778,2.78257392215323,94.0489583333333,6.51395833333333
L,2019,166,165.290032645319,1.7179291761469,95.6854166666667,6.536875
L,2019,167,160.607935771342,1.71380664082839,96.6215277777778,6.55225694444444
L,2019,168,153.387503584245,1.89444239670129,97.3166666666667,6.55128472222222
L,2019,169,169.824581496925,2.89484430066077,96.9777777777778,6.5402573593048
L,2019,170,167.353557233776,1.70700445755284,96.572728436627,6.53834581563677
L,2019,171,170.187167683012,1.87355488442082,95.9920138888889,6.54590277777778
L,2019,172,166.865271394804,2.73488993030242,96.365625,6.55711805555556
L,2019,173,173.973847520543,2.23207803928762,97.3325963769944,6.58120876655191
L,2019,174,185.770833333333,2.10950132248379,94.9732638888889,6.54902777777778
L,2019,175,210.43477743241,2.92280883190469,93.4309027777778,6.54177083333333
L,2019,176,212.70491936824,2.80724042514234,94.8531656665924,6.56809372603646
L,2019,177,197.588973673732,3.84673770570573,96.7208333333333,6.60659722222222
L,2019,178,189.907792563416,5.82266888386966,96.3734494141453,6.59712422420133
L,2019,179,199.582086609185,3.38645663739361,98.8329861111111,6.65543382642329
L,2019,180,182.768840661069,3.8153725,100.315277777778,6.6647916666666696
L,2019,181,188.861111111111,4.24428752825447,97.603125,6.61583333333333
L,2019,182,198.090043619139,5.86293231214715,95.4197916666667,6.58621527777778
L,2019,183,191.172992152698,3.10928484614549,96.4887286085076,6.59649572320377
L,2019,184,170.047584115859,4.22724771560461,98.0020833333333,6.61260416666667
L,2019,185,170.551244101062,6.31290704216299,98.6371527777778,6.64659722222222
L,2019,186,184.795230324466,3.83952326889833,95.259375,6.58107638888889
L,2019,187,181.428831962024,4.49328866149273,95.1403944911798,6.57983218104686
L,2019,188,197.635416666667,4.86651552566223,93.8604166666667,6.58368055555556
L,2019,189,187.099948425284,3.73226864169499,94.0572033879024,6.57962745932181
L,2019,190,182.797640216307,4.28729931341097,96.089933235248,6.57668717849109
L,2019,191,227.919454782036,6.93705888938606,94.2975694444444,6.49673611111111
L,2019,192,235.471273769444,3.58392607915044,92.8979166666667,6.47055555555556
L,2019,193,228.167272150484,4.71253883151572,92.771875,6.47888888888889
L,2019,194,237.731886573677,4.9301399874113,94.1232246627173,6.51107738540874
L,2019,195,200.792379462776,4.83387878772399,92.440625,6.47638888888889
L,2019,196,204.156804146258,8.58895879151476,94.2322916666667,6.51201388888889
L,2019,197,211.160733624247,4.02991569169172,91.2275263719289,6.47124791945381
L,2019,198,204.968295155691,3.51033882371496,91.0607638888889,6.45986111111111
L,2019,199,227.74843585006101,4.1403996382279,87.7246527777778,6.41673611111111
L,2019,200,241.282703724519,2.98176108695945,86.1666666666667,6.38125
L,2019,201,259.561103929686,4.2552809557705,83.8128472222222,6.3575
L,2019,202,273.648068901918,3.31307550872405,82.6055555555556,6.33746527777778
L,2019,203,280.662815207439,3.5432503973411,83.7197916666667,6.35020833333333
L,2019,204,278.446270042119,3.99940893033471,85.6110214498904,6.37993158396598
L,2019,205,290.916666666667,4.4412072986355,87.0267361111111,6.41454861111111
L,2019,206,305.835825340859,4.4117998800301,89.646875,6.43847222222222
L,2019,207,292.712571340605,4.78104162672503,88.2680555555555,6.43545138888889
L,2019,208,299.432559137168,4.24992165985644,88.7038194444444,6.46753472222222
L,2019,209,296.954861111111,4.99733731310309,88.1607638888889,6.47072916666667
L,2019,210,322.703422876048,5.22071001844459,87.5517361111111,6.45097222222222
L,2019,211,317.146699043771,5.42477551671105,87.2336805555556,6.438125
L,2019,212,344.732362813311,5.16100196524811,89.2430555555556,6.49590277777778
L,2019,213,332.556089852668,5.10610353658989,91.3440232709186,6.52108486908263
L,2019,214,283.544034218204,4.69824737574487,93.4125,6.55559027777778
L,2019,215,273.832853829063,5.24688811771715,94.3052083333333,6.56472222222222
L,2019,216,277.084291812688,4.92917806250365,94.3090277777778,6.56986111111111
L,2019,217,282.322642616823,4.47865366111201,92.4552083333333,6.54416870911982
L,2019,218,317.694522227014,5.5178761059875,93.0836805555556,6.58100694444444
L,2019,219,292.008991363001,5.78226803774822,94.5035843722442,6.62246857745196
L,2019,220,305.492760089672,6.00268625944478,94.5590040891041,6.6119332850703
L,2019,221,311.373975217677,6.63762540741797,96.2315972222222,6.62295138888889
L,2019,222,323.871527777778,6.65122977396907,98.9822916666667,6.72479166666667
L,2019,223,313.395833333333,7.5438273793494,101.251041666667,6.78951388888889
L,2019,224,306.927083333333,6.5187589724008,102.585416666667,6.8453125
L,2019,225,349.354166666667,8.27956251586026,99.359375,6.78721157199662
L,2019,226,324.732129642683,7.01889121545857,99.3618055555555,6.76461805555556
L,2019,227,353.635416666667,7.41170012239101,101.176736111111,6.8334375
L,2019,228,393.590277777778,7.73284562370328,100.967013888889,6.83947916666667
L,2019,229,358.74231225928,7.96315793016428,101.284968196485,6.84208748432128
L,2019,230,370.670756981914,7.67004566901791,101.622222222222,6.84864583333333
L,2019,231,339.419188434798,7.67870299318679,100.122916666667,6.78642361111111
L,2019,232,346.479166666667,6.97278752881318,101.396875,6.85930555555556
L,2019,233,321.740565070002,5.9196858816987,102.469192865874,6.8709654313732
L,2019,234,326.118055555556,6.47004434672036,99.60625,6.80552083333333
L,2019,235,303.418545558411,5.25685091140356,98.1142361111111,6.73097222222222
L,2019,236,287.791665018148,6.13062227216268,98.1972222222222,6.716875
L,2019,237,274.578340423419,4.53190307564282,98.2684027777778,6.69541666666667
L,2019,238,288.454861111111,4.15668365273604,96.0684027777778,6.64697916666667
L,2019,239,265.365964405401,4.94601174838758,94.2177083333333,6.59319444444444
L,2019,240,284.003472222222,4.88644111303505,90.8104166666667,6.51885416666667
L,2019,241,283.641587573178,4.32653210785883,89.7860554692814,6.50257121642073
L,2019,242,252.699064948632,3.81849833877391,90.3836805555556,6.49996527777778
L,2019,243,258.090277777778,3.76957758632754,90.7875,6.52284722222222
L,2019,244,262.886521903076,3.97371179351597,90.7773468859123,6.51583060154903
L,2019,245,263.128500824455,4.52200899087838,93.1197916666667,6.56402777777778
L,2019,246,288.295138888889,4.69522418317796,92.3100694444445,6.53763888888889
L,2019,247,262.516731320584,5.5128603546833,91.1892361111111,6.52548611111111
L,2019,248,287.753472222222,4.65365528538294,91.4159722222222,6.5384375
R,2011,134,NA,NA,98.6084918162598,7.014642927101695
R,2011,135,NA,NA,102.07819154193356,6.866660517472222
R,2011,136,NA,7.65637,104.28868537785915,6.916161489465278
R,2011,137,NA,5.40797,106.02214549143248,6.946633277694445
R,2011,138,NA,8.75014,106.64310108180597,6.957209183434028
R,2011,139,NA,7.58465,105.5797379108058,7.017120906680557
R,2011,140,NA,6.11853,103.99623114896896,7.20891029021875
R,2011,141,NA,8.26601,104.12028741153678,7.06747665978125
R,2011,142,NA,5.97387,102.87547793771954,6.930291673840277
R,2011,143,NA,7.06466,100.40383708083937,6.860223134392361
R,2011,144,NA,6.84949,99.12446845890835,6.894323286170139
R,2011,145,NA,4.86759,98.8720565771266,6.907553263680556
R,2011,146,NA,4.42934,100.20314580673752,6.902685603989435
R,2011,147,NA,3.53581,101.62975530720816,6.88867299209375
R,2011,148,NA,4.71442,100.47211413659151,6.867518647548611
R,2011,149,NA,4.24638,100.32083360153848,6.902510107729166
R,2011,150,NA,8.75014,98.75740238113224,6.862432141239584
R,2011,151,NA,5.06757,98.89475351541844,6.820965256836805
R,2011,152,NA,5.08034,97.05618002803097,6.829081737506945
R,2011,153,NA,3.7443,98.00250878311331,6.886738743642857
R,2011,154,NA,4.11022,99.50648945029003,6.88207812428125
R,2011,155,NA,2.51889,101.16613818168686,6.808621669416667
R,2011,156,NA,2.12745,100.87276879666511,6.744440062503473
R,2011,157,NA,2.55719,99.87056757196028,6.631893408329861
R,2011,158,NA,2.02958,99.3084186224926,6.504851191425347
R,2011,159,NA,1.73174,96.42679946180276,6.516190835392361
R,2011,160,NA,2.58272,93.63615528503811,6.584578425315067
R,2011,161,NA,2.72313,91.30559375582048,6.571964792559028
R,2011,162,NA,2.45082,93.42092532683208,6.616152772541667
R,2011,163,NA,2.22105,94.56620921095958,6.6270421282829854
R,2011,164,NA,1.90194,95.99414389750136,6.596542594100694
R,2011,165,NA,2.42954,96.6871039392894,6.5864597267013885
R,2011,166,NA,2.32742,94.99251666000912,6.548269220871528
R,2011,167,NA,3.80813,92.55007736944025,6.648307488526044
R,2011,168,NA,2.1785,93.24437443732684,6.735141125118056
R,2011,169,NA,1.99554,94.92245603374931,6.7241210579826385
R,2011,170,NA,3.76132,92.18873205128452,6.593205157548611
R,2011,171,NA,3.28478,92.36021647888876,6.553469812642361
R,2011,172,NA,3.12734,92.2018397975692,6.487241412197917
R,2011,173,NA,3.13585,92.82332426736149,6.455769956166667
R,2011,174,NA,3.76983,90.98879661856644,6.5108596742673575
R,2011,175,NA,2.79546,90.4603054182584,6.568050764465278
R,2011,176,NA,1.89768,92.52013552100856,6.577495115909723
R,2011,177,NA,1.63388,94.24494742945554,6.514543489769097
R,2011,178,NA,2.88907,93.58914790112712,6.505376591774305
R,2011,179,NA,3.0848,92.47329353873586,6.517945885253472
R,2011,180,NA,2.07213,94.07729066604196,6.5504803583125
R,2011,181,NA,2.79972,97.29158299142716,6.544366271734375
R,2011,182,NA,2.05937,100.76451260005044,6.657967140416667
R,2011,183,NA,1.66792,100.72013796236938,6.666175049690972
R,2011,184,NA,1.519,99.42935400377854,6.642577397677083
R,2011,185,NA,4.41232,99.7089729060637,6.623354748524306
R,2011,186,NA,1.84237,98.79586331286664,6.578698071602431
R,2011,187,NA,1.37413,98.47812088272556,6.573277506069444
R,2011,188,NA,2.92311,94.17594860776497,6.474056254741197
R,2011,189,NA,1.68919,90.91530303645315,6.390113283204861
R,2011,190,NA,2.54868,89.99303358153836,6.364530844812499
R,2011,191,NA,2.1785,90.59412252511554,6.399365071972222
R,2011,192,NA,2.02107,92.75629003802118,6.410570827461806
R,2011,193,NA,2.4338,90.83677561826188,6.420700194069444
R,2011,194,NA,2.267856446,89.58333893518284,6.416298310684028
R,2011,195,NA,3.055011123,90.56706999854566,6.4715358379427075
R,2011,196,NA,1.893426114,93.10538326320729,6.4921650148819445
R,2011,197,NA,1.829602761,96.40789688995866,6.5441414753298615
R,2011,198,NA,1.833857652,100.69030085348902,6.546829976868056
R,2011,199,NA,2.655051449,99.86340463377869,6.53767736525
R,2011,200,NA,1.757269629,101.45120137134968,6.565539239965278
R,2011,201,NA,2.79546,102.07537941926408,6.512880308940972
R,2011,202,NA,1.84237,98.6245164546878,6.520384338964914
R,2011,203,NA,1.70621,94.51622335037658,6.472433073666666
R,2011,204,NA,3.03374,93.02905589858965,6.493173418020834
R,2011,205,NA,2.23807,92.660851275732,6.531366715104166
R,2011,206,NA,2.69335,92.34579834971116,6.554650491722222
R,2011,207,NA,2.42954,92.48559257737404,6.594948146121528
R,2011,208,NA,3.10181,91.22764673804188,6.598474716663194
R,2011,209,NA,2.56144,92.4919872841408,6.674204592266666
R,2011,210,NA,2.65931,96.29858237966316,6.786611747454861
R,2011,211,NA,2.88482,96.71793422050062,6.781155240149306
R,2011,212,NA,3.06778,97.09395950528176,6.791914010625
R,2011,213,NA,3.81664,98.61333320145742,6.865624169989584
R,2011,214,NA,5.55263,96.38056180430742,6.748726690458333
R,2011,215,NA,5.02503,98.3556136445464,6.807176433152778
R,2011,216,NA,4.96971,99.49797481552352,6.962834216450704
R,2011,217,NA,4.58252,99.22336811653402,7.1129411425659725
R,2011,218,NA,4.47614,99.64467134015504,7.13724536075
R,2011,219,NA,5.02503,99.18956384834097,7.127099168527778
R,2011,220,NA,5.32712,99.83302601542636,7.305358733454861
R,2011,221,NA,5.83345,98.57490443930254,7.2808753420625
R,2011,222,NA,7.20811,98.81713080442952,7.300280623892361
R,2011,223,NA,6.93915,99.61610667451812,7.357278009029343
R,2011,224,NA,6.41916,100.48127454657812,7.385902777777778
R,2011,225,NA,6.50881,99.99483880824728,7.309166666666667
R,2011,226,NA,6.52674,100.2517986864972,7.238958333333334
R,2011,227,NA,6.11434,101.86702982960225,7.208576388888889
R,2011,228,NA,5.39095,100.61562929013871,6.889375
R,2011,229,NA,4.44636,100.5149374395358,6.915034722222222
R,2011,230,NA,4.49316,101.1478868593901,6.980874197211809
R,2011,231,NA,4.40381,100.91139328315217,7.000225864520833
R,2011,232,NA,4.62507,99.83899667106093,6.902130803583334
R,2011,233,NA,4.59954,99.1702180424301,6.8436910866666665
R,2011,234,NA,4.36977,98.66317617083106,6.7570365241736114
R,2011,235,NA,3.91875,97.75329757105426,6.69470004365625
R,2011,236,NA,3.47625,96.7056418950896,6.599906284090277
R,2011,237,NA,3.04225,96.480986016607,6.629140341321182
R,2011,238,NA,3.02097,97.16100492857026,6.719840910270833
R,2011,239,NA,2.63378,97.0810107303914,6.715793732961806
R,2011,240,NA,2.9614,96.44128296464548,6.694873641267361
R,2011,241,NA,2.47635,95.9765826323373,6.648989705229167
R,2011,242,NA,2.2168,96.55494133905424,6.660327711739583
R,2011,243,NA,2.82099,95.0881826271505,6.616681449819445
R,2011,244,NA,3.17415,94.2230982582859,6.556723105583333
R,2011,245,NA,3.39966,95.76292004067476,6.606047672576389
R,2011,246,NA,2.7444,94.76049448012006,6.598484945884058
R,2013,137,971.863101470028,NA,111.980072723952,7.21086805555556
R,2013,138,874.505535202186,NA,109.920939749704,7.17652726803866
R,2013,139,619.801418526078,NA,113.274242275997,7.26010416666667
R,2013,140,433.012232783444,NA,112.528984068811,7.11488402389225
R,2013,141,373.123152873064,NA,105.73193743178,6.95015148154646
R,2013,142,365.236111111111,NA,104.176297617439,6.9484375
R,2013,143,370.83405804835,NA,104.512201470836,6.94006944444444
R,2013,144,314.520273640893,6.159116491,106.770163253616,6.98045138888889
R,2013,145,255.056809321736,NA,107.323865071856,6.93503472222222
R,2013,146,247.646965697753,NA,106.865417467666,6.88486111111111
R,2013,147,249.017147831359,3.783278354,105.139291079344,6.86246527777778
R,2013,148,239.517361111111,4.210543146,103.316710020216,6.85739583333333
R,2013,149,219.526282777796,3.934892148,103.194112144848,6.82913194444444
R,2013,150,242.899688326541,3.796434685,104.189144195896,6.79899305555556
R,2013,151,374.9961983772,3.505616562,101.103346903618,6.76270833333333
R,2013,152,204.211805555556,5.410756778,98.8380742949359,6.8225
R,2013,153,436.689592684686,4.752423141,98.660162871319,6.82708333333333
R,2013,154,320.89943497475,5.898230459,101.241021345789,6.86329861111111
R,2013,155,246.077869121316,3.920414438,100.825597757049,6.87010377587539
R,2013,156,300.208333333333,5.303552784,98.7507801279352,6.81454861111111
R,2013,157,333.899305555556,3.943452381,99.9525727663354,6.80916666666667
R,2013,158,291.576315092264,3.844980974,100.938284396963,6.79267361111111
R,2013,159,359.205086647693,4.518079577,103.040041125193,6.74028275016231
R,2013,160,356.461544354417,4.036638275,102.637018376315,6.79895833333333
R,2013,161,287.90138575316,3.666824712,101.183604280382,6.74580346514372
R,2013,162,261.59183142137,3.998605561,101.799056950479,6.73586805555556
R,2013,163,232.441110170331,3.197333266,100.416168931425,6.70663194444444
R,2013,164,246.514543387347,2.519523662,98.295249898249,6.70743055555556
R,2013,165,176.351814767553,2.097084773,96.8056880424884,6.65875
R,2013,166,173.326388888889,2.521994065,94.9033458387907,6.63753472222222
R,2013,167,188.125848457676,1.77731123,92.9699507046019,6.5990625
R,2013,168,151.835921771911,1.339647765,92.6007931511042,6.60798611111111
R,2013,169,169.905125709358,1.401695093,94.2006276858147,6.55269688412762
R,2013,170,169.374735146048,2.056524205,94.4340993133101,6.54524305555556
R,2013,171,154.088529589992,2.314365322,95.4287175465733,6.60690972222222
R,2013,172,177.4375,3.001539476,92.605953350563,6.54715277777778
R,2013,173,163.659001661629,2.637126329,91.3517431383206,6.49743055555556
R,2013,174,184.879392206967,2.333554033,93.9112942129698,6.52065972222222
R,2013,175,228.30266003012,2.186134178,97.3685586626149,6.60947845326451
R,2013,176,196.860729212566,2.385547395,98.8858267576543,6.61142361111111
R,2013,177,182.400091670368,2.663209187,96.7402846810198,6.56019510217039
R,2013,178,217.666751591027,2.797759966,95.4691171616761,6.61256944444444
R,2013,179,215.01004299405,4.010785222,92.9108079887508,6.56763888888889
R,2013,180,310.314173067986,4.278048341,92.8663908042368,6.5695833333333304
R,2013,181,283.202243557659,3.293966233,95.6578791103637,6.58690972222222
R,2013,182,247.331837911977,3.876521699,98.2303651828519,6.65815838014088
R,2013,183,361.390914131733,3.617818813,99.0317744400865,6.70461805555556
R,2013,184,333.1305937406,3.434549392,98.7123431916087,6.66798068989346
R,2013,185,252.978256021982,2.986487254,99.641821177845,6.71753472222222
R,2013,186,363.463698222537,2.696760705,98.8169492163539,6.746875
R,2013,187,209.07988746353,2.446330796,96.5249399978814,6.7096875
R,2013,188,209.224586792928,1.986261351,95.2508955376689,6.64475694444444
R,2013,189,240.186148053413,3.519289955,96.4620468743159,6.63388888888889
R,2013,190,196.44340112445,3.127989632,93.0869187984728,6.57399305555556
R,2013,191,376.358072010805,4.570762354,89.8644035993344,6.46559027777778
R,2013,192,420.75341635739,4.140912256,92.060567332539,6.45486111111111
R,2013,193,430.247864312183,4.048243423,96.7544395524049,6.5715625
R,2013,194,529.28363116841,4.420240133,97.012931785539,6.59427083333333
R,2013,195,378.94214286566,3.433285465,97.655854074309,6.610625
R,2013,196,248.858525536233,2.681651031,97.6168458833246,6.57765586594895
R,2013,197,387.057874705886,3.499469281,97.433359429806,6.58774305555556
R,2013,198,257.825103443659,2.892554494,94.9393966637378,6.57795138888889
R,2013,199,375.634286417473,3.301894503,94.8964497445636,6.61871527777778
R,2013,200,358.083915843909,3.640052439,93.5757173194359,6.62350694444444
R,2013,201,465.147728867135,2.828438922,91.8857542104883,6.56635416666667
R,2013,202,319.181275358734,3.402951215,92.2299242308525,6.56329861111111
R,2013,203,318.82129032389,3.231746552,90.5923474397713,6.52635416666667
R,2013,204,399.06155350603,3.734100101,91.6529333808395,6.54548611111111
R,2013,205,291.642955661178,3.229276149,93.8125655504217,6.56270833333333
R,2013,206,289.035736854995,3.900651215,92.7931012025258,6.53017361111111
R,2013,207,309.387686132885,4.102477384,94.3463529456735,6.57097222222222
R,2013,208,337.409722222222,5.148606819,92.9250714771552,6.52055555555556
R,2013,209,339.5625,5.378067028,92.5142794208928,6.50232638888889
R,2013,210,355.914404683312,4.284770134,95.6574505537379,6.51697916666667
R,2013,211,498.971508451206,9.77159234,100.432470014371,6.61152777777778
R,2013,212,410.965270802823,2.698369339,102.960550838021,6.6890625
R,2013,213,462.559678245525,4.73926681,103.701216305433,6.72854166666667
R,2013,214,531.913193033191,5.026925115,105.525773130031,6.79524305555556
R,2013,215,446.976670566104,5.092821675,106.514015565421,6.88003472222222
R,2013,216,520.34745773764,3.504065379,107.901520101468,6.92729166666667
R,2013,217,531.055555555556,9.541844874,105.104181803737,6.80385416666667
R,2013,218,504.636668274477,6.773442486,103.597783060422,6.7321875
R,2013,219,517.686205425216,8.98973856,106.761102160301,6.83822916666667
R,2013,220,481.225495024486,5.423396048,105.799508143088,6.84986111111111
R,2013,221,491.772080573866,4.866348929,102.906093902219,6.73173611111111
R,2013,222,487.056403125087,3.016649149,102.292983209858,6.684375
R,2013,223,456.251361468159,5.600460737,102.168883619904,6.65533148861466
R,2013,224,497.327686520507,3.382900736,102.996659100405,6.69774305555556
R,2013,225,492.463054392691,3.159645259,99.7858950483299,6.68861111111111
R,2013,226,463.152700346985,2.541814739,98.9383230576752,6.68020833333333
R,2013,227,488.372203199422,2.962587543,99.9630305587514,6.69147646366418
R,2013,228,638.654965557459,4.309646517,103.144194201743,6.78746527777778
R,2013,229,828.589277031983,5.700885486,106.32245653851,6.90253472222222
R,2013,230,855.114487875457,3.341995461,106.645532974627,6.93753472222222
R,2013,231,770.790892609304,5.805906333,105.936197148077,6.90413194444444
R,2013,232,790.139181309543,5.106092909,105.946214403243,6.89184027777778
R,2013,233,665.109662800891,4.146312672,102.390562926216,6.8190625
R,2013,234,632.988706243905,2.626670205,98.6016081797739,6.68534722222222
R,2013,235,499.656150903485,1.953916309,96.0325102844305,6.55847222222222
R,2013,236,521.356416099726,1.630925498,93.5001308494456,6.51114583333333
R,2013,237,600.714674913527,2.449375711,93.2376948846165,6.48572916666667
R,2013,238,663.236797087595,2.688257923,95.1688747903173,6.52451388888889
R,2013,239,732.976883320809,4.541462227,95.5598679774682,6.55190972222222
R,2013,240,868.869006350099,4.09156165,101.240954835542,6.58610165286839
R,2013,241,831.795138888889,4.064617024,99.262055622428,6.58559027777778
R,2013,242,786.904849874103,6.375937431,94.0859185081918,6.51184027777778
R,2013,243,774.970411208305,4.493030841,92.4105526976133,6.48097222222222
R,2013,244,784.836805555556,4.405934777,90.1088901552792,6.454375
R,2013,245,823.368055555556,NA,84.9397315798078,6.38965277777778
R,2013,246,830.137185455706,NA,81.5302508443785,6.33996527777778
R,2013,247,815.172130741492,NA,84.7023590888027,6.37277777777778
R,2013,248,838.888888888889,NA,83.2880137364451,6.35461805555556
R,2013,249,913.684027777778,NA,85.0196034991883,6.38263888888889
R,2014,136,628.520833333333,NA,112.574019999809,7.30173611111111
R,2014,137,672.06541143102,NA,114.155707508067,7.38892361111111
R,2014,138,603.347689409872,NA,115.627358454409,7.26628472222222
R,2014,139,685.697916666667,NA,114.967525704164,7.20576388888889
R,2014,140,554.944444444444,NA,111.234158189596,7.06472222222222
R,2014,141,502.402777777778,NA,113.238700115061,7.12760416666667
R,2014,142,421.189021054507,NA,110.09015238472,6.90506944444444
R,2014,143,337.530658046266,NA,109.617073880854,6.80517361111111
R,2014,144,315.684269081703,NA,108.635189807503,6.65395833333333
R,2014,145,315.007090653713,NA,106.267122654395,6.55388888888889
R,2014,146,270.668657257036,2.50817704430986,103.689472258038,6.45111111111111
R,2014,147,240.224930225876,2.86494917842574,101.565659431138,6.49447916666667
R,2014,148,225.338985076558,2.98387322313104,102.193018552535,6.56024305555556
R,2014,149,171.936808129253,0.771730873293373,99.6238442586175,6.50010416666667
R,2014,150,151.646050477525,1.47810522810523,98.9533886673717,6.45048611111111
R,2014,151,198.052522410687,1.28524145125708,97.5188543621683,6.41216149952145
R,2014,152,139.101603732171,1.32048778044872,96.0640657647724,6.4365625
R,2014,153,168.936231923463,1.93501485493673,95.2797607311486,6.45552083333333
R,2014,154,214.257102132328,2.32729184877622,95.7162354489574,6.4203125
R,2014,155,224.743802695777,2.71043409715285,98.9549172134057,6.49506944444444
R,2014,156,233.091656194327,8.00686292873793,101.496486353505,6.6162954117947
R,2014,157,304.280008240947,4.89200090274309,103.762608612642,6.71579861111111
R,2014,158,261.895523777296,4.52376724837662,101.866281254199,6.66329861111111
R,2014,159,301.319913360392,5.17069681620463,104.606145145591,6.75239583333333
R,2014,160,330.391519666643,6.81150392576174,105.038042164388,6.80166666666667
R,2014,161,344.545270213625,2.57634292790543,108.820005878422,6.97305555555556
R,2014,162,336.281684929369,6.6888742767649,110.043641109453,7.02451388888889
R,2014,163,405.466668162878,6.27746602355977,106.658886491508,6.86555555555556
R,2014,164,433.516550676469,5.10141191985875,106.631659113309,6.80309027777778
R,2014,165,460.688303486816,7.44141314028381,107.529404873632,6.92627452814122
R,2014,166,531.424494335806,8.72602100280672,106.896683944029,6.87773374902948
R,2014,167,571.797430022587,8.83532317355847,110.271670841922,7.1062271453567
R,2014,168,529.106063388424,7.94188979211845,111.13697842998,7.11871527777778
R,2014,169,496.985570997197,6.70029145359091,109.068939749275,6.91350694444444
R,2014,170,529.431355249858,5.46180219520063,108.144136574092,6.94763888888889
R,2014,171,663.461805555556,5.3731262227356,104.647525156197,6.71381443710281
R,2014,172,734.305349210392,5.49394615800866,104.689233679084,6.99112652795642
R,2014,173,665.926653845323,4.87183552124958,107.775392692047,7.07403857683667
R,2014,174,577.79153642266,5.8608009828713,109.298668629189,7.1995500123224
R,2014,175,420.504598923232,3.62166804549617,107.316311999389,7.00784722222222
R,2014,176,423.315972222222,4.42733535995255,104.78812755458,6.96388888888889
R,2014,177,442.706380654194,4.32685315986097,105.273316723191,6.91597222222222
R,2014,178,495.061164759405,13.0407109166875,106.047643377898,6.95732638888889
R,2014,179,509.169773921347,4.37054481976357,104.461500468886,6.77510416666667
R,2014,180,541.329505584887,4.20379262664419,101.427706482183,6.66027777777778
R,2014,181,540.434027777778,3.06849888392857,99.0481633377089,6.59180555555556
R,2014,182,549.813922422638,2.59866273049867,95.8426743425017,6.56270833333333
R,2014,183,537.836010568753,2.66234741820679,94.7127050106889,6.51559027777778
R,2014,184,562.622207318376,2.49464727980353,95.5595600096816,6.52548611111111
R,2014,185,544.917584260305,2.51489883814103,96.8935311086515,6.54511674470094
R,2014,186,691.468250901052,4.56237447448385,99.566814282535,6.57746527777778
R,2014,187,619.430659390636,7.00729771530553,99.9067434741646,6.58247341279458
R,2014,188,682.162508171905,3.98085313124376,102.260155984921,6.67565972222222
R,2014,189,700.75,7.31236374302781,98.305740206452,6.61361111111111
R,2014,190,718.026525563334,6.83942522321429,95.8740251799671,6.56708333333333
R,2014,191,769.22156866334,7.1029540121337,99.886333052829,6.6075
R,2014,192,723.251227769293,9.27323165116134,99.3864081854568,6.58635416666667
R,2014,193,671.708333333333,5.55771702256077,99.2196288965223,6.63826388888889
R,2014,194,718.770990371435,3.60917240311772,100.408938774874,6.79701388888889
R,2014,195,710.110297211833,9.27021546162171,95.5920415955665,6.83524305555556
R,2014,196,837.020833333333,5.97593324644106,95.0542329703497,6.94684027777778
R,2014,197,894.967281552914,4.13760881046037,98.1808706151427,6.88016528091011
R,2014,198,891.689951600533,2.48180693004912,98.4832496703847,6.97219084891991
R,2014,199,859.684186238083,4.80142903971029,100.678046091601,6.99947916666667
R,2014,200,730.191376018776,4.16837394376457,100.543515894559,7.01034401699206
R,2014,201,523.622395434154,3.61270565372128,99.7655531610781,6.87543973627392
R,2014,202,481.670011360614,2.68190956179237,99.4268822802297,6.84360237472935
R,2014,203,499.36765881429,3.01618953962704,97.6382513263031,6.839049313566
R,2014,204,603.104606690459,3.53600826257076,95.963887576798,6.79384098023267
R,2014,205,608.451881393703,3.04523113605145,95.6922205570441,6.74148540511859
R,2014,206,693.768215150746,4.64889602584915,96.6164703839643,6.77780004553986
R,2014,207,755.195740106183,3.97757841117216,97.0505161817052,6.78414495493573
R,2014,208,912.449301333072,5.79246274558775,97.489253794628,6.82075070245489
R,2014,209,968.202332159422,5.71929860504079,95.8675426137559,6.79182709134378
R,2014,210,1079.06850658249,5.59408365072428,98.867276337723,6.890924313566
R,2014,211,1144.14459826527,5.6780198967699,101.705544265495,6.96963959134378
R,2014,212,1247.5890937878,7.48411419309857,104.086280046262,7.00595903578822
R,2014,213,1256.42237046715,8.70842861565518,106.462212845588,7.09144514689933
R,2014,214,1403.21835829044,6.93249621472278,107.467922631515,7.14533403578822
R,2014,215,1384.88632399249,7.04840406988845,109.997873177867,7.39526459134378
R,2014,216,1645.39676775854,8.15457003933567,110.979023823444,7.567799313566
R,2014,217,1501.43581147482,6.0508209238678,109.114810143046,7.15588959134378
R,2014,218,1598.94530978575,7.77737399319431,111.116517451178,7.55418820245489
R,2014,219,1631.10808217683,10.8021812172203,111.36555988397,7.66929236912156
R,2014,220,1554.85443731522,12.6665310600857,112.789008567569,7.82488264689933
R,2014,221,1583.04229594697,7.07580830627706,111.880230567694,7.34307709134378
R,2014,222,1585.57597233859,5.09287912608225,111.779147110783,7.606861813566
R,2014,223,1728.16993558018,11.1310604922421,107.06633534944,6.86554236912156
R,2014,224,2010.90533415192,10.3000304708313,101.936219742758,6.57075070245489
R,2014,225,2122.82730843506,10.4745368563728,105.561514232727,7.18241429305025
R,2014,226,1554.05321504782,8.66887344426407,106.447835859796,7.33585486912156
R,2014,227,1349.81964190048,7.87966590700966,107.017565218177,7.42397986912156
R,2014,228,1291.77296255564,6.34097835757992,107.031696084543,7.26227848023267
R,2014,229,1324.29756335441,5.36045822666916,103.824812158566,6.94022986912156
R,2014,230,1317.00903788738,5.67569312198219,98.6390886321578,6.61238264689933
R,2014,231,1320.04139302107,8.13698737785652,97.2505166412606,6.63457014689933
R,2014,232,1274.86313113792,5.07314031996649,95.6505247311667,6.657486813566
R,2014,233,1320.41606680127,8.71480570211039,97.3457533580287,6.72314653578822
R,2014,234,1432.77140111502,13.3418128095862,98.2023995970398,6.69384098023267
R,2014,235,1420.55686887583,5.42879646395271,101.276990543964,6.82682709134378
R,2014,236,1427.65399436955,7.1344947370338,101.869098567163,6.69929236912156
R,2014,237,1385.95490697602,6.94266508231352,103.570415343439,6.732799313566
R,2014,238,1392.323601151,7.42706512237762,104.102338776369,6.78057709134378
R,2014,239,1398.7062637473,7.01048625853313,103.099238001184,6.71943125801045
R,2014,240,1356.65865150751,7.92025520052864,102.291404938718,6.72797292467711
R,2014,241,1418.5,6.70645435293873,100.733324107973,6.62245209134378
R,2014,242,1479.76041666667,NA,97.2203985920518,6.51887570245489
R,2014,243,1423.37503304797,NA,96.6485480567922,6.44554236912156
R,2014,244,1318.83063880097,NA,97.6863153787401,6.49488264689933
R,2014,245,1263.59026736692,NA,96.9302559241953,6.53200070245489
R,2014,246,1128.14930555556,NA,96.5812017533228,6.48818125801045
R,2014,247,1129.55522371335,NA,94.7623452207633,6.43547292467711
R,2014,248,1186.19552640549,NA,92.486013183731,6.45370209134378
R,2014,249,1139.30131163055,NA,89.6530237115512,6.37439653578822
R,2014,250,1094.39674348329,NA,90.8206357328849,6.35901459134378
R,2015,129,291.173611111111,NA,102.761298385691,6.62725694444444
R,2015,130,249.997052333393,NA,103.094559086303,6.35371527777778
R,2015,131,264.333333333333,NA,101.367022608829,6.20430555555556
R,2015,132,270.711805555556,NA,100.837867924095,6.17809027777778
R,2015,133,263.970901515434,NA,103.354309731871,6.26833333333333
R,2015,134,246.970503180358,NA,102.916979480974,6.2946875
R,2015,135,274.606008071389,NA,102.346360563826,6.3228125
R,2015,136,262.092739890668,NA,103.790183670032,6.23795138888889
R,2015,137,260.329861111111,NA,105.934035102332,6.14909722222222
R,2015,138,247.57508317937,NA,103.14632395603,6.14204562460385
R,2015,139,287.686295125661,NA,101.23034485431,6.20572916666667
R,2015,140,266.999356619758,NA,103.501591954507,6.30416666666667
R,2015,141,265.704183190042,NA,104.815309053537,6.2578125
R,2015,142,254.227986459368,NA,105.123651481617,6.31079861111111
R,2015,143,265.410060375401,NA,106.316674146814,6.28180555555556
R,2015,144,246.840277777778,NA,105.742253516747,6.21809027777778
R,2015,145,240.532051723406,2.27921006386353,102.708721764144,6.13881944444444
R,2015,146,228.121527777778,1.87400004656361,102.322745814263,6.15309027777778
R,2015,147,221.779537508695,2.62305438729755,102.665287438555,6.15125
R,2015,148,290.685571539557,1.75667929989125,102.356978261427,6.10826388888889
R,2015,149,197.89302178128,1.8111063294819,101.870331234625,6.06475694444444
R,2015,150,353.703573703322,1.98486618544514,100.229186743636,6.05559027777778
R,2015,151,336.962495765677,1.6290572994718,102.000838655709,6.11125
R,2015,152,440.88299883119,1.4386408956596901,101.907382575835,6.07100694444444
R,2015,153,405.33330770788,1.26245684728652,102.313059065855,6.06680555555556
R,2015,154,220.669068290962,2.20550914061885,103.397529621421,6.19527777777778
R,2015,155,310.175625241692,2.65226434184208,103.402611208188,6.234375
R,2015,156,514.602171060792,3.24663409288871,104.934234995531,6.32020833333333
R,2015,157,415.604455836144,3.69713975436937,107.341231081025,6.50923611111111
R,2015,158,428.046621534924,4.14027821691649,106.066116809889,6.46600694444444
R,2015,159,432.119207463354,5.38108155199949,107.711084564989,6.64163194444444
R,2015,160,408.439772074772,4.03190117624167,109.196550247353,6.72909722222222
R,2015,161,456.616410312481,4.99395601007763,109.66714748463,6.89417784536152
R,2015,162,400.225075407395,5.21451607351087,108.986301669986,6.98010416666667
R,2015,163,399.605362646861,3.74694126844236,109.734272928561,6.9096875
R,2015,164,486.541053239369,5.40170986541288,108.523449644446,6.80954861111111
R,2015,165,546.784887802347,6.47460268621852,109.150193323335,6.9211458333333304
R,2015,166,599.527767312046,6.91257058095454,109.838460482376,6.97427083333333
R,2015,167,761.558421847989,6.46860554699538,111.222916503662,7.27663194444444
R,2015,168,916.471259129107,9.62427846668072,111.067987334973,7.23652777777778
R,2015,169,1090.24594616782,8.85526207444734,113.24317180544,7.75902777777778
R,2015,170,1154.6287512207,9.83487040732384,116.072154024765,8.06184027777778
R,2015,171,1670.25035776673,12.5932885708016,115.981673016426,8.30399305555556
R,2015,172,1697.27937120671,12.5623996675138,119.427872948131,8.51666666666667
R,2015,173,2583.16858376921,18.4624147947482,123.109310711224,8.90681323804909
R,2015,174,2335.24581846832,14.4394283905947,123.134693610452,9.01385416666667
R,2015,175,3067.50558652809,23.3276907617191,127.168675934699,9.13131944444445
R,2015,176,4457.60416666667,35.1816467853481,127.788396870989,9.19513888888889
R,2015,177,4030.9982037047,31.6731686322851,130.156311842192,9.23111111111111
R,2015,178,4236.93545937074,34.3422044756161,130.224459375153,9.20850694444444
R,2015,179,4433.10416666667,40.150491290049104,129.728785644092,9.18822916666667
R,2015,180,4921.78472222222,32.0591485477939,126.214299524271,9.12534722222222
R,2015,181,3870.30555555556,26.1221120924721,121.459992246991,9.08746527777778
R,2015,182,2480.46527777778,17.8635078939073,119.507400068847,9.06145833333333
R,2015,183,2335.05208333333,22.0409528904557,122.168153341531,9.10746527777778
R,2015,184,2193.50509987794,14.2722373140648,120.534917593296,9.01763888888889
R,2015,185,1828.89930555556,13.3060011393205,122.010507143368,9.00569444444444
R,2015,186,1533.82563003871,11.4252188279919,118.581486315378,8.82824647522494
R,2015,187,1537.26464599268,12.5613830706967,107.799434313294,7.73475694444444
R,2015,188,1461.74779801347,10.6877169370876,105.519072074269,7.32017361111111
R,2015,189,1348.61543252373,10.5947202242575,108.225877811265,7.51993288718726
R,2015,190,1232.39103164689,9.907949642515,109.717358169489,7.84246527777778
R,2015,191,1170.94777284736,9.25694450079205,110.62189526777,7.68260416666667
R,2015,192,1107.65277777778,8.28395421319465,109.74885294275,7.61246527777778
R,2015,193,1095.37203647912,8.33797069407071,107.911847652424,7.3390625
R,2015,194,1089.14557793884,5.64438012761977,106.294950653264,7.00319444444444
R,2015,195,1142.72916666667,8.29284943534398,105.921089340711,6.99892361111111
R,2015,196,1187.96211240454,8.66203047944951,108.893898344203,7.4659375
R,2015,197,1140.29465800919,8.64654692792803,108.228326536463,7.54517361111111
R,2015,198,1100.80902777778,9.06264782512894,107.055214702695,7.42628472222222
R,2015,199,1080.95251874876,8.51837752922247,108.452819376503,7.54628472222222
R,2015,200,1080.92565458054,7.80761995458253,106.375121183172,7.20399305555556
R,2015,201,1036.58680555556,8.00757672852403,105.378819802154,7.14368055555556
R,2015,202,1010.27673769736,7.8631417807454,104.303716934605,6.98833333333333
R,2015,203,985.363421760305,7.69149331817145,106.298856288881,7.35513888888889
R,2015,204,944.01054676132,8.51560769389474,108.224167237744,7.48503472222222
R,2015,205,982.329775819301,7.29009397494043,105.540986898252,7.03375
R,2015,206,946.756944444444,5.79483645654564,105.045743097774,6.87958333333333
R,2015,207,805.82178933044,5.36411220512999,105.478614568423,6.96684027777778
R,2015,208,650.975243201941,4.25665274655143,102.648807152397,6.56151679375848
R,2015,209,568.461416343258,3.8614257099951,99.3243095130193,6.64746527777778
R,2015,210,520.90137767081,3.27625694214048,95.7839278650963,6.55563825610779
R,2015,211,500.107313647091,3.19055001048624,93.9110734889477,6.56690972222222
R,2015,212,497.989904076027,3.56645623353544,93.6883851311593,6.52076388888889
R,2015,213,542.808186413774,3.54917408764531,94.2414175658241,6.53496527777778
R,2015,214,578.761177379851,4.47074647223057,94.8690274405705,6.571875
R,2015,215,570.371527777778,5.16860499725704,94.9167225471273,6.53016068262411
R,2015,216,627.889816941486,6.48291219220171,97.1557167584233,6.52264894421016
R,2015,217,652.110201063049,7.04016755745234,99.8031478436233,6.61853871158393
R,2015,218,657.520295285582,6.34692672796801,101.885334096431,6.65954565602837
R,2015,219,660.309027777778,5.45873390887235,99.5149310848592,6.54305260047281
R,2015,220,662.240576097026,6.49808685469031,98.6482866959636,6.48770537825059
R,2015,221,618.006944444444,4.90922422937023,98.7252541077881,6.47690676713948
R,2015,222,591.184673780485,4.17955247994999,100.117048245971,6.53132720749254
R,2015,223,596.445553080056,3.73280900869003,100.544298796911,6.52895537825059
R,2015,224,619.789403664809,4.15600418767897,100.320123211778,6.4725664893617
R,2015,225,592.258937266663,3.27139369936714,100.346307044391,6.46353871158392
R,2015,226,600.836117125785,3.24005045550187,100.872321970672,6.45578024398276
R,2015,227,551.588077964652,2.81503478621284,101.100544245405,6.49826093380615
R,2015,228,552.482638888889,3.28313852059447,99.8594104083572,6.40086510047281
R,2015,229,538.489583333333,3.50757181790073,98.8606124637981,6.44371232269504
R,2015,230,521.756944444444,2.51962426313408,96.6662676692485,6.35628702741645
R,2015,231,550.968098414232,3.16333649569092,94.0859014269737,6.2641289893617
R,2015,232,556.33107948204,3.19829178624698,92.4085804054047,6.25763593380615
R,2015,233,585.218731498067,2.51310553154403,92.2881299727671,6.21860815602837
R,2015,234,554.715890340067,2.93804300107791,93.790285207737,6.22353871158392
R,2015,235,477.510416666667,2.95243175602716,92.9151940696381,6.24690676713948
R,2015,236,506.611111111111,2.95837493741924,91.0850184285487,6.21645537825059
R,2015,237,565,2.66692444994173,89.6746931282127,6.2019414893617
R,2015,238,544.143530880138,3.20306197131168,90.7385226018731,6.24458037825059
R,2015,239,505.815972222222,3.62385485382213,91.6723519447932,6.27767065602837
R,2015,240,510.96169186528,3.1279120066039,95.0322740937655,6.28513593380615
R,2015,241,499.480000063942,2.65261389474764,96.3776652314917,6.36409426713948
R,2015,242,507.745157277727,3.01209816921346,97.3023598578636,6.35621232269504
R,2015,243,527.603021303407,2.44937273108946,98.6147470406666,6.3666289893617
R,2015,244,519.059249549546,2.39283430810952,98.8013760183635,6.3866289893617
R,2015,245,500.590277777778,2.46282308897681,98.6978324638686,6.43864287825059
R,2015,246,522.891918468436,2.5507196137755,96.0334977059692,6.29461510047281
R,2015,247,662.117556912414,NA,97.1944139280291,6.28649010047281
R,2016,140,182.8900983164135,NA,102.37272727272727,7.32
R,2016,141,190.35637352449712,NA,100.57013888888888,7.230208333333334
R,2016,142,200.2881238401838,NA,100.49027777777778,7.2590625
R,2016,143,203.5309813892132,NA,100.15416666666668,7.260590277777778
R,2016,144,214.1982526100012,NA,100.16284722222224,7.237048611111111
R,2016,145,213.36779716105687,NA,97.72291666666666,7.241180555555555
R,2016,146,222.68380379985535,NA,97.38055555555556,7.230173611111111
R,2016,147,220.4397288793311,NA,94.96284722222222,7.2220279720279725
R,2016,148,224.437874764132,NA,95.44826388888887,7.227083333333334
R,2016,149,241.92268836706543,NA,94.17881944444444,7.216423611111111
R,2016,150,250.3097560581666,NA,93.48333333333332,7.216458333333334
R,2016,151,246.477343885877,NA,94.7836236933798,7.216385964912281
R,2016,152,241.14546724177143,NA,94.47569444444444,7.225714285714286
R,2016,153,251.37266805371715,NA,94.43506944444444,7.2125
R,2016,154,259.1830305719403,NA,93.93784722222222,7.2127874564459935
R,2016,155,237.5849782282954,NA,93.93020833333334,7.235798611111111
R,2016,156,240.08876591731345,NA,92.75763888888888,7.212916666666667
R,2016,157,242.92171917423568,NA,92.31076388888889,7.226527777777778
R,2016,158,233.01665712312928,NA,93.14634146341464,7.209326241134752
R,2016,159,230.0878109808814,NA,93.52152777777778,7.200381944444445
R,2016,160,216.39239398312012,NA,95.26805555555556,7.223719298245614
R,2016,161,219.1126679216493,NA,98.14861111111112,7.225555555555555
R,2016,162,239.8187794816762,NA,100.39895470383276,7.206514084507043
R,2016,163,247.83436000842875,NA,98.08888888888887,7.185909090909091
R,2016,164,245.44946230889633,NA,98.41770833333334,7.183888888888889
R,2016,165,268.4882104164766,NA,97.40104895104896,7.182190812720848
R,2016,166,275.14001908611084,NA,96.76423611111112,7.189722222222223
R,2016,167,288.22679031680394,NA,96.60625,7.18625
R,2016,168,282.63030482339445,NA,96.84355400696865,7.193859649122807
R,2016,169,292.36309726443045,NA,99.72361111111113,7.204583333333334
R,2016,170,307.7073438745504,NA,101.05590277777776,7.202881944444444
R,2016,171,306.46664407684386,NA,101.30381944444444,7.184722222222223
R,2016,172,289.64343542788055,NA,98.06550522648084,7.166853146853147
R,2016,173,284.77010823444596,NA,96.26840277777778,7.167326388888889
R,2016,174,281.413684128296,NA,96.153125,7.183055555555556
R,2016,175,273.7222115995585,NA,96.11145833333332,7.188536585365854
R,2016,176,280.87069402706317,NA,96.69305555555556,7.182361111111111
R,2016,177,303.0800538539587,NA,96.55694444444444,7.1571428571428575
R,2016,178,300.74129256825654,NA,94.35868055555557,7.164146341463415
R,2016,179,311.9993051399923,NA,94.57508650519031,7.147700348432056
R,2016,180,281.4030372635659,NA,93.66284722222224,7.165590277777778
R,2016,181,265.0818975345254,NA,95.84965277777778,7.1599305555555555
R,2016,182,268.12993969563024,NA,95.12264808362367,7.167640845070423
R,2016,183,243.03262401517375,NA,92.91701388888887,7.159756944444444
R,2016,184,232.3302125762131,NA,94.08333333333331,7.157430555555556
R,2016,185,220.99006506904905,NA,93.77152777777778,7.162035087719298
R,2016,186,221.29083899767312,NA,94.1446366782007,7.156923076923077
R,2016,187,226.8023659729318,NA,93.90659722222222,7.140451388888889
R,2016,188,220.4852262330989,NA,94.10208333333334,7.140243902439025
R,2016,189,232.65547985827976,NA,92.6891304347826,7.125875912408759
R,2016,190,233.49832573516775,NA,89.34270833333333,7.111805555555556
R,2016,191,232.508198229514,NA,90.22361111111113,7.117177700348432
R,2016,192,230.48884288571347,NA,89.93472222222222,7.1067595818815334
R,2016,193,235.22111457859552,NA,87.76056910569106,7.111183673469387
R,2016,194,234.3828927112515,NA,91.50076923076924,7.103524590163935
R,2016,195,231.59345510145673,NA,92.63784722222222,7.090168067226891
R,2016,196,238.8324358791669,NA,89.91944444444445,7.085020080321285
R,2016,197,239.2654083781891,NA,87.77708333333334,7.102299651567944
R,2016,198,234.3873698543688,NA,89.22013888888888,7.103298611111111
R,2016,199,230.8951982229106,NA,90.18055555555556,7.094436090225564
R,2016,200,238.64703160572253,NA,90.60931899641577,7.099125475285171
R,2016,201,225.4413417649397,NA,90.7388888888889,7.083578947368421
R,2016,202,226.27534616879404,NA,91.99270833333334,7.082025862068965
R,2016,203,264.81123716842615,NA,93.36145833333332,7.079948717948718
R,2016,204,230.82468036072743,NA,93.38525179856116,7.0878070175438594
R,2016,205,227.06587587500067,NA,92.465625,7.070857142857143
R,2016,206,234.23032859960043,NA,91.48958333333331,7.0722564102564105
R,2016,207,233.086677879847,NA,91.115625,7.067342657342658
R,2016,208,230.58961712975247,NA,91.75261324041811,7.072387096774193
R,2016,209,243.2322527288623,NA,90.92013888888889,7.057668711656442
R,2016,210,255.63148972413595,NA,87.43462897526501,7.0648993288590605
R,2016,211,245.89219443392113,NA,88.40972222222223,7.0678125
R,2016,212,236.19556238102317,NA,91.08819444444444,7.0604545454545455
R,2016,213,229.94940173939068,NA,91.59270833333332,7.069634146341463
R,2016,214,226.91149633641487,NA,92.56909722222224,7.065853658536585
R,2016,215,232.21629668816496,NA,92.58958333333334,7.080657894736842
R,2016,216,232.34405906492563,NA,92.79375,7.06
R,2016,217,236.9370190381747,NA,93.52,7.086363636363636
R,2016,218,245.77685339934553,NA,91.41527777777776,7.05875
R,2016,219,245.58875878911456,NA,90.15069444444444,7.0540540540540535
R,2016,220,245.93123293793133,NA,91.20381944444443,7.062241379310345
R,2016,221,239.00234673262025,NA,92.14459930313588,7.07
R,2016,222,243.3680002541705,NA,92.71215277777776,7.05875
R,2016,223,244.6740156610573,NA,93.18402777777776,7.064
R,2016,224,262.76481331487645,NA,92.58611111111112,7.05125
R,2016,225,292.60734450269763,NA,90.8390243902439,NA
R,2016,226,248.58673844935265,NA,84.68576388888889,NA
R,2016,227,196.17932129310992,NA,79.31666666666666,7.14
R,2016,228,193.26208035707475,NA,78,NA
R,2016,229,NA,NA,NA,NA
R,2018,138,319.995453155572,NA,106.868055555556,NA
R,2018,139,367.054866830087,NA,105.343055555556,NA
R,2018,140,407.172305379507,NA,107.255260756439,NA
R,2018,141,424.806531220522,NA,106.528911304282,NA
R,2018,142,424.114298132516,NA,106.465625,NA
R,2018,143,412.757837490848,NA,107.306219637287,NA
R,2018,144,387.944734041794,NA,106.435069444444,NA
R,2018,145,360.457792788795,NA,101.721276833281,NA
R,2018,146,326.082782868979,NA,102.24494515853,NA
R,2018,147,284.93242083627,NA,103.076583143368,NA
R,2018,148,245.487817531849,1.21737040814066,102.123021338339,NA
R,2018,149,209.585578113647,1.78739916033684,101.917777092326,NA
R,2018,150,181.780775215062,1.82245890964768,100.630282510734,NA
R,2018,151,170.49626162141,3.14086101681902,99.6076124092087,NA
R,2018,152,160.575738070833,3.86823740547863,101.566227609296,6.79974789915966
R,2018,153,161.285329438259,1.53128801564843,103.057755841973,6.82001529989829
R,2018,154,190.545138888889,2.97469983893919,101.810981707451,6.80600559337463
R,2018,155,200.173761460881,4.30107301665625,103.441666666667,6.82135416666667
R,2018,156,175.436077852753,2.37259238820537,104.308333333333,6.86819444444444
R,2018,157,177.81937757526,3.23372722894921,103.809722222222,6.88239583333333
R,2018,158,173.802962194842,2.36209390504759,105.396941811411,6.92052225835446
R,2018,159,173.047213838603,2.29631637168252,105.695922438818,6.93435175174568
R,2018,160,187.006113760265,2.72033844144374,105.078477362044,6.89667420442386
R,2018,161,154.976770829502,2.47064303646285,105.935763888889,6.88512839780888
R,2018,162,160.861798927872,2.02329100412881,105.11505405398201,6.85074868539036
R,2018,163,159.85812529305,2.61140047731893,105.144097222222,6.87052083333333
R,2018,164,142.331071217405,2.82603613298898,105.036213048128,6.85483522599541
R,2018,165,150.226718067288,2.40220847958254,105.313541666667,6.8517084936783
R,2018,166,169.21875,3.79098930718192,101.557724780175,6.75363976589923
R,2018,167,208.907583060679,2.88565714845288,100.848611111111,6.7336458333333304
R,2018,168,204.956791587577,3.99253426163055,103.40887360375,6.82984905916626
R,2018,169,206.454104999693,4.19194063617667,105.093402777778,6.79756944444444
R,2018,170,205.029293168711,4.57325591333928,108.313577274391,6.93225849708045
R,2018,171,198.878070171645,3.54602470016719,108.678661510263,6.94240078986018
R,2018,172,195.425302637704,2.77386774445807,107.278823777284,6.86455959482044
R,2018,173,176.813171884172,2.21556877899989,106.11586020753,6.8093605769677
R,2018,174,172.599394140481,2.17921292065723,105.695381957703,6.79468847928309
R,2018,175,164.249291227799,2.19651597623208,104.133910544598,6.78681300793744
R,2018,176,142.62347962371,2.01622720990537,103.55901349902,6.77527016847262
R,2018,177,156.293228708878,2.10935264384192,102.103819444444,6.7615625
R,2018,178,149.938563621377,1.85181577921849,101.907638888889,6.78645833333333
R,2018,179,139.576667956463,1.96762312121197,102.5900280761,6.79523021571432
R,2018,180,139.115554567043,1.60186115243124,101.602541408412,6.7573966960204
R,2018,181,145.538589099114,3.75826255412837,99.1212002391148,6.76198775467528
R,2018,182,167.058793909248,1.3577390162872,97.6451388888889,6.76402777777778
R,2018,183,237.452788535134,2.46792120749602,97.6887655400717,6.77768078379541
R,2018,184,315.892267686123,2.26572819853148,99.5830928025209,6.82375715068757
R,2018,185,313.976452558038,2.18945218200864,100.272788402729,6.85776874859016
R,2018,186,317.290641427942,3.28077598680442,100.120561037743,6.85430220831647
R,2018,187,305.521704110965,2.44601696485819,100.712912781611,6.87118593765012
R,2018,188,288.403136512789,3.04008853959471,100.377354146508,6.84240943525001
R,2018,189,271.930094584826,2.6521631063698,99.4642361111111,6.8234375
R,2018,190,244.072525208888,2.27518979446379,99.4004669809608,6.82783182523378
R,2018,191,224.379663403556,2.1285998629645,99.9818433179608,6.85338105917313
R,2018,192,224.104550714815,2.29586273352139,97.3691942602908,6.79519152683254
R,2018,193,249.496527777778,2.55456609627345,95.634375,6.75128472222222
R,2018,194,275.616838612678,2.81573206618598,95.3548204859971,6.74534864257251
R,2018,195,262.872699755505,3.52988814272099,95.9625594743796,6.74260204298387
R,2018,196,260.9711852044,2.26086778966214,98.1486792198784,6.75981509410564
R,2018,197,236.470344036631,3.02434081485805,98.0902768688442,6.79303214291394
R,2018,198,267.407152179398,2.71392270173621,96.8615031666975,6.78743809184673
R,2018,199,236.546561546872,2.51931193060784,97.4914984203015,6.80581663710882
R,2018,200,228.372806687074,2.53272665908722,97.192113572382,6.79756678267593
R,2018,201,276.333333333333,3.12634459566259,95.226575156771,6.78696720080401
R,2018,202,328.384257458278,3.85119357171015,93.2241091285579,6.7361715123144
R,2018,203,341.227083647206,3.86869104363977,95.747980407664,6.7600619154543
R,2018,204,324.195363148259,3.42937488730304,99.3107638888889,6.84138888888889
R,2018,205,296.336427527326,3.16146915042502,101.761458333333,6.90815972222222
R,2018,206,297.777612681765,3.04352322852904,101.012152777778,6.92020833333333
R,2018,207,335.741277419068,4.17852590769729,98.0607638888889,6.85743055555556
R,2018,208,334.26841920038,4.50235874929851,97.1111111111111,6.85395833333333
R,2018,209,332.182893934611,3.18784496922264,98.2420429639427,6.86940101219126
R,2018,210,310.708377259338,3.6763484633171,100.234027777778,6.93208333333333
R,2018,211,302.220052312293,2.57770164249151,101.603948650858,6.96064075215981
R,2018,212,318.692644926854,2.61872349334874,103.289236111111,7.00836805555556
R,2018,213,320.503472222222,3.16036745774797,100.742013888889,6.95590277777778
R,2018,214,364.265226639576,3.93544065877871,96.8934101885712,6.8811207907328
R,2018,215,349.566712045129,3.88372590840893,96.5802083333333,6.85552083333333
R,2018,216,368.923611111111,3.34285960942879,96.4263888888889,6.85611111111111
R,2018,217,373.904732086526,2.91170893999254,96.9201388888889,6.86347222222222
R,2018,218,370.352186355003,3.64342729390877,99.6010577814052,6.91780940094789
R,2018,219,373.442253362032,2.55657506527278,98.5541666666667,6.87095860635871
R,2018,220,372.114583333333,2.71139528912415,99.2227224400698,6.87968009769332
R,2018,221,345.546857634651,2.67160474184715,99.6385416666667,6.89565972222222
R,2018,222,313.017794500273,2.10539951129485,100.014583333333,6.87982638888889
R,2018,223,303.483308745274,1.93288739915908,98.4826388888889,6.81146206133358
R,2018,224,295.017361111111,1.37270907560476,100.150347222222,6.87986111111111
R,2018,225,291.728215536779,1.62557994771362,99.9219501488424,6.84610372952055
R,2018,226,299.722222222222,1.90735405123215,98.4503233219127,6.83275598555158
R,2018,227,326.327482551123,1.8341238909341,97.2944444444444,6.82384158272677
R,2018,228,323.501018612151,2.57063784826807,96.1229552928763,6.79149501365699
R,2018,229,305.476859331464,1.73523077180593,95.7947916666667,6.79575244427559
R,2018,230,306.517361111111,2.07370964546676,95.0711805555556,6.79541968202427
R,2018,231,306.493083399474,2.20500549039053,94.7746527777778,6.79034722222222
R,2018,232,311.15625,NA,94.3555555555556,6.79277777777778
R,2018,233,342.194444444444,NA,92.396875,6.76072916666667
R,2018,234,336.178961205875,NA,92.5291666666667,6.75886261682147
R,2019,131,893.367518600541,NA,108.920280909978,7.03871505942674
R,2019,132,803.893545592169,NA,109.234562925689,6.97301852571173
R,2019,133,740.155824122733,2.92205303376297,108.459275194089,6.93922035837717
R,2019,134,672.258372782337,2.41024027396941,108.768079316154,6.87434055456507
R,2019,135,607.45367662189,2.23255900174144,109.010325728003,6.84282768596525
R,2019,136,577.832977317094,2.2052128507953,106.686933644479,6.80325342479975
R,2019,137,589.671047912245,2.35417379363762,104.471527777778,6.83631944444444
R,2019,138,653.953355824448,3.68582141043972,102.367708333333,6.82517361111111
R,2019,139,737.683308949242,5.65027819863378,100.436458333333,6.814375
R,2019,140,760.301016805066,3.79286991087714,104.052083333333,6.89149305555556
R,2019,141,727.581754779154,3.1323023350072,106.374583709439,6.88654551096223
R,2019,142,716.62703409296,3.50415502073719,103.862152777778,6.83642361111111
R,2019,143,715.458024412883,3.54599875422011,102.954693877434,6.8361116332441
R,2019,144,692.374960194406,4.23350022750435,102.448611111111,6.81559027777778
R,2019,145,635.350879882185,2.47997982977428,103.982817369562,6.81141215267321
R,2019,146,577.106477506462,2.00739986442858,103.916696690834,6.77394694269265
R,2019,147,559.537595427002,2.4368993356958,101.180555555556,6.74510416666667
R,2019,148,560.466388121071,3.56846657170602,99.5656695982335,6.71278966593625
R,2019,149,526.864877905468,2.40865996876398,101.630902777778,6.72979166666667
R,2019,150,476.656269138958,1.83543517450896,101.150515698974,6.68745923991154
R,2019,151,385.942885546232,1.86269887474873,101.421180555556,6.70532982931459
R,2019,152,328.430604974385,1.88722795989389,99.7461805555556,6.72326981948683
R,2019,153,325.862201511048,2.08957573511097,100.027777777778,6.74628472222222
R,2019,154,323.913358480319,2.43408226989482,98.9774305555556,6.73295138888889
R,2019,155,310.673853318836,1.98857361980737,100.1403093314,6.7265833051168
R,2019,156,302.739583333333,4.55210349870354,103.370486111111,6.78208333333333
R,2019,157,293.583333333333,3.78998413615418,103.658789401679,6.80663760520826
R,2019,158,292.16678693224,3.17758151458888,104.828819444444,6.74385416666667
R,2019,159,283.218990234444,3.05067613570061,104.582559949874,6.75687671085565
R,2019,160,252.928257653709,2.48877457178711,102.401736111111,6.77961805555556
R,2019,161,283.823008209632,4.3754528603052,100.035416666667,6.75236111111111
R,2019,162,298.245494393898,4.25253259889149,101.752907872629,6.79809227740749
R,2019,163,330.163194444444,4.90444285059256,101.836458333333,6.83975694444444
R,2019,164,326.64492423328,4.07148458948674,102.824509566807,6.85430413989061
R,2019,165,347.927083333333,4.91839076175354,99.0486111111111,6.75333333333333
R,2019,166,338.465105742375,5.26262246084949,101.324652777778,6.80621527777778
R,2019,167,317.631330847161,8.25785049651608,102.342708333333,6.84770833333333
R,2019,168,304.988827308497,4.66210648278589,101.916424992787,6.81520833333333
R,2019,169,354.202137014598,6.97924616747886,102.465906881199,6.8149548005985
R,2019,170,356.652253918585,5.39110814494318,103.7572745504,6.87809166916054
R,2019,171,373.373157952861,7.39156840825226,104.305260077074,6.93988634587129
R,2019,172,341.499852390541,7.69464346308504,104.635763888889,6.94381642955736
R,2019,173,363.027217026173,9.64364074383468,104.186957327625,6.87952293559633
R,2019,174,415.483130155487,7.76589461517337,101.611458333333,6.82024305555556
R,2019,175,441.840277777778,6.47011305564234,98.8583333333333,6.74371527777778
R,2019,176,419.14096768825,4.43076354249526,100.022916666667,6.75840277777778
R,2019,177,388.788959911984,5.32061279099659,101.676736111111,6.80763888888889
R,2019,178,393.916091363018,6.06184464126546,102.142361111111,6.79020833333333
R,2019,179,395.933632966228,7.43389310418901,102.620796049721,6.76793815054133
R,2019,180,394.926138964453,5.43178382675252,104.588155469647,6.77045543578368
R,2019,181,433.149305555556,5.72269740239568,103.149652777778,6.76826388888889
R,2019,182,458.600694444444,7.38366688222511,101.7375,6.74114583333333
R,2019,183,437.940436603922,4.06035374412675,101.682986111111,6.70092241974849
R,2019,184,415.779876720602,2.9821733404913,104.984375,6.80069444444444
R,2019,185,410.873250342795,3.28730966298334,104.190277777778,6.77944444444444
R,2019,186,434.864236562465,3.71818331269006,102.011805555556,6.72809027777778
R,2019,187,478.913206396564,2.70094772284665,101.178720416428,6.66425106872283
R,2019,188,547.939132742346,2.97461535907402,101.835763888889,6.73524305555556
R,2019,189,566.576490185334,2.93950509994468,101.360507318213,6.7055606286109
R,2019,190,574.061325010921,3.10440651268525,101.263126117431,6.66317602357609
R,2019,191,635.742728472479,3.50889593635348,99.7805555555556,6.64784722222222
R,2019,192,690.593313029909,3.35924790429141,98.935457232686,6.66030732967163
R,2019,193,789.439582901551,3.72402357105796,99.5763888888889,6.68114583333333
R,2019,194,838.938435740329,4.39510361199012,101.459375,6.75982638888889
R,2019,195,935.025844650212,4.36679553613632,103.414930555556,6.84326388888889
R,2019,196,996.512495889296,5.07456614140326,104.617013888889,6.9284375
R,2019,197,1095.26388888889,6.45101197533322,106.009375,7.128125
R,2019,198,1197.62627426761,7.65183780469447,107.762847222222,7.24138888888889
R,2019,199,1297.42655520025,10.9880682201242,106.976041666667,7.32086805555556
R,2019,200,1406.18358617187,11.1678794689334,110.13571071285,7.74026105186378
R,2019,201,1657.73468675391,15.1109470832484,109.620486111111,7.800625
R,2019,202,1767.8712254011,15.975099194931,112.501041666667,8.17513888888889
R,2019,203,1980.78301017044,16.6089390001526,116.220486111111,8.76822916666667
R,2019,204,2148.82234092082,18.5132754816183,121.644444444444,9.15586805555555
R,2019,205,2386.61458333333,22.9405348690928,128.9875,9.41229166666667
R,2019,206,3156.42708333333,32.8441014647598,129.880902777778,9.45024305555556
R,2019,207,3872.96527777778,37.2382431518423,125.055208333333,9.44576388888889
R,2019,208,4134.00723913755,41.3976064525353,125.338541666667,9.48579861111111
R,2019,209,4727.29581122298,49.0337786230195,125.948958333333,9.47166666666667
R,2019,210,4750.50227642932,43.7733548476732,121.334541986209,9.39136881906478
R,2019,211,4024.51000929201,33.7833524281613,118.902430555556,9.30326388888889
R,2019,212,3869.3125,35.2608003773949,119.830902777778,9.31232638888889
R,2019,213,3633.40354116037,30.1920744943595,121.716064081162,9.31901942111032
R,2019,214,3389.625,28.6764930934297,123.833680555556,9.300625
R,2019,215,3215.64699471085,25.7722356704583,121.951041666667,9.12897257000257
R,2019,216,2986.40277777778,23.8099775677675,122.861805555556,9.20899305555556
R,2019,217,3075.00390368291,23.356292555965,121.783264912335,9.20838614573905
R,2019,218,3179.21704477159,27.9656305866739,122.433333333333,9.28861111111111
R,2019,219,3580.27295253783,27.4537491179584,123.675879950379,9.31463027175976
R,2019,220,3533.96527777778,30.2087020534775,124.367418233791,9.28556398913298
R,2019,221,3128.76666315267,28.9505729831889,120.653472222222,9.195625
R,2019,222,2400.36111111111,28.4484481813939,118.605902777778,9.06322916666667
R,2019,223,1912.87152777778,14.7878090231988,109.923958333333,8.04541666666667
R,2019,224,1463.21599874327,9.01536636129309,100.54971984012,6.74016810520018
R,2019,225,1105.52777777778,5.2101288444604,92.5579861111111,6.47138888888889
R,2019,226,730.794209916261,2.73124835743773,87.5660257553322,6.33924472197951
R,2019,227,654.246002746356,4.40499769675455,88.1253472222222,6.35302083333333
R,2019,228,729.194444444444,7.27304551784498,89.1378472222222,6.36840277777778
R,2019,229,715.40934094484,7.92880346917666,91.9149873925275,6.40640200637814
R,2019,230,674.332215438042,4.85139956282768,93.1770833333333,6.41923611111111
R,2019,231,702.702653295198,3.98910259203843,88.9777777777778,6.33322916666667
R,2019,232,690.575773694101,2.50636405581277,87.7052083333333,6.3178125
R,2019,233,701.574009973171,2.43820480521333,89.3490144433654,6.34785932339999
R,2019,234,832.15625,4.31533255357686,88.3118055555556,6.33802083333333
R,2019,235,891.215277777778,4.36308525434965,89.7253472222222,6.37121527777778
R,2019,236,968.884468261148,5.979874897349,93.4076388888889,6.46177083333333
R,2019,237,1130.19842170477,7.20543593862134,97.2121527777778,6.58208333333333
R,2019,238,1370.73667322076,9.90514690087244,98.4010416666667,6.63506944444444
R,2019,239,1312.81404348738,13.7632902876261,99.4798611111111,6.70361111111111
R,2019,240,1484.35376537652,16.9704853475863,99.7083333333333,6.70847222222222
R,2019,241,1729.40230170051,13.5621792730045,101.105534598489,6.82321089317329
R,2019,242,1519.29166666667,16.9134569423468,105.049652777778,7.03302083333333
R,2019,243,1807.93350432366,17.9044457239957,108.213888888889,7.38378472222222
R,2019,244,1725.73662912331,15.2335925089742,108.449156889724,7.47121529378623
R,2019,245,1416.97569444444,15.8574695205094,109.473611111111,7.64951388888889
R,2019,246,1513.27430555556,14.4290797415661,106.428819444444,7.25277777777778
R,2019,247,1428.70239018867,15.0838070590682,105.438194444444,7.08541666666667
R,2019,248,1491.79513888889,14.1805595707817,105.098611111111,7.0621875
T,2013,137,554.80989679604,NA,105.272111256922,5.92017361111111
T,2013,138,671.024305555556,NA,102.926742308024,5.94635416666667
T,2013,139,876.662570307468,NA,105.586133211619,6.00489583333333
T,2013,140,1022.1742242888,NA,107.370576395847,6.05961805555556
T,2013,141,544.695791772015,NA,102.695416123453,6.07079861111111
T,2013,142,609.069444444444,NA,101.048459457974,6.07315972222222
T,2013,143,648.665671203948,NA,103.718214791225,6.05892155605421
T,2013,144,589.897292393003,8.927863586,105.981493093149,6.06763888888889
T,2013,145,453.016774935504,NA,107.56159881839,6.09454861111111
T,2013,146,521.05207095976,NA,106.291550904824,6.0821875
T,2013,147,369.818961150932,6.403399118,104.228516556875,6.07607638888889
T,2013,148,356.34375,7.726156222,102.366216263143,6.03319444444444
T,2013,149,471.674935083102,8.722245636,102.614718813162,6.01902777777778
T,2013,150,501.199418841456,5.087651064,104.395163648269,6.03576388888889
T,2013,151,530.076010474536,5.403805179,100.390688831089,6.02135416666667
T,2013,152,319.515076152134,6.207030816,97.6482118609541,6.01770833333333
T,2013,153,468.265745603249,9.472903399,99.2402750445756,5.95090116914755
T,2013,154,412.620202988105,7.984399498,103.413097046875,6.00510416666667
T,2013,155,394.229166666667,7.770680925,102.785079642319,6.03260416666667
T,2013,156,469.673611111111,9.920563378,100.911565126263,5.97225694444444
T,2013,157,557.559379096819,11.34161953,102.220080395465,5.89545138888889
T,2013,158,584.490973891254,11.6694937,104.372531236244,5.89555555555556
T,2013,159,473.733224860463,7.180829153,108.167316153954,5.92541666666667
T,2013,160,363.263888888889,7.184620935,104.390707830567,5.9121875
T,2013,161,359.047585368489,5.680317946,103.36422977578,5.90904730705605
T,2013,162,345.317620974924,5.337046851,106.14491165105,5.92586805555556
T,2013,163,305.057489853325,5.011987795,102.057875047843,5.83597222222222
T,2013,164,302.162354970127,4.901336728,100.396488823444,5.84836805555556
T,2013,165,313.03456354265097,5.134761072,100.717842772703,5.86625
T,2013,166,321.905282745876,7.891098702,98.798549516294,5.83413194444444
T,2013,167,357.94755254397,7.356572464,97.7688608883312,5.84010416666667
T,2013,168,336.344494924148,7.625329315,98.8115338955553,5.86205838728441
T,2013,169,368.499348115145,6.685599557,100.921340372662,5.8605269343515
T,2013,170,346.179782292903,6.087245003,100.610142130769,5.88833333333333
T,2013,171,293.734164995219,5.274482462,99.0557101106014,5.89944444444444
T,2013,172,372.0625,6.795159051,94.5827767345521,5.82184027777778
T,2013,173,448.559027777778,6.978141216,95.3902641526813,5.80677083333333
T,2013,174,460.021702222394,8.915626474,100.656133439003,5.87010416666667
T,2013,175,351.897726648874,11.72694493,103.900892916676,5.9483274615951
T,2013,176,289.957633292169,9.552013741,106.378062362103,5.97947916666667
T,2013,177,322.296680463086,7.07605,101.134285607293,5.88017361111111
T,2013,178,306.367714586773,4.600751896,95.8168597481626,5.89298611111111
T,2013,179,346.083333333333,4.69209935,91.6728884503777,5.81774305555556
T,2013,180,389.787055447058,5.050020509,91.7117050372331,5.79395833333333
T,2013,181,352.279264590219,5.809755566,96.5004593300605,5.79184027777778
T,2013,182,316.898487968285,7.01663354,98.6368820183276,5.81732638888889
T,2013,183,301.460868974067,6.582244795,97.9265004715701,5.82503472222222
T,2013,184,296.139886707563,5.966252714,97.6353024238761,5.79972222222222
T,2013,185,313.987304571586,4.332282301,96.6649056628357,5.80399305555556
T,2013,186,468.818016210683,4.780689146,95.3450344127467,5.83697916666667
T,2013,187,399.538051083363,4.123159826,93.8469182715537,5.84180555555556
T,2013,188,453.962217596845,4.82481169,94.4525636568788,5.83363807344469
T,2013,189,490.43914345276,6.791539624,98.7480039083562,5.86951388888889
T,2013,190,434.569444444444,8.047423497,97.1675175076717,5.88524305555556
T,2013,191,540.954966468346,10.93118795,91.6588245191914,5.7180208333333304
T,2013,192,484.448018270494,10.31806843,97.7227144791786,5.68423611111111
T,2013,193,419.223921031185,8.978650473,98.5988431826546,5.71107638888889
T,2013,194,362.691120615041,9.718507404,95.5580733306761,5.71378472222222
T,2013,195,384.210996652335,10.75624896,94.7659403167919,5.73930555555556
T,2013,196,363.437144307133,7.664970663,95.559072957139,5.77609431766145
T,2013,197,289.967738355333,6.493137938,96.1547221832565,5.76255944467554
T,2013,198,336.479185282838,5.54823757,97.0851696889601,5.80538194444444
T,2013,199,411.025937050496,6.591494443,94.3384275943165,5.81725694444444
T,2013,200,456.215752595772,8.49669211,93.3536952269876,5.86961805555556
T,2013,201,393.531542158563,8.168243432,94.4640691770783,5.84666666666667
T,2013,202,375.199569345276,11.72125726,93.354393976674,5.72981544926221
T,2013,203,400.046395664069,9.457046859,91.5868675337393,5.69892361111111
T,2013,204,489.175683432108,12.33627267,89.8227862891999,5.60822916666667
T,2013,205,497.017361111111,13.50649676,89.8962632342986,5.59847222222222
T,2013,206,579.785470966457,12.20557112,91.1021852294234,5.59350694444444
T,2013,207,556.377813942071,13.50873736,92.8388908480605,5.62701388888889
T,2013,208,730.152777777778,18.06214944,86.4758997763789,5.53572916666667
T,2013,209,896.428798843145,18.24220159,86.4692011294897,5.51222222222222
T,2013,210,975.428822436718,21.4884833,91.5998786763781,5.51239583333333
T,2013,211,899.822916666667,23.26366884,103.2759286649,5.59083333333333
T,2013,212,931.990962870767,20.73070159,110.205857240469,5.66486111111111
T,2013,213,877.774189963554,17.79006042,112.504391163494,5.80204861111111
T,2013,214,813.778871752229,22.24396697,113.442524236457,5.89100694444444
T,2013,215,783.833333333333,21.30383505,111.83013101738,5.89496527777778
T,2013,216,765.725694444444,18.53508796,110.919902320127,5.87069444444444
T,2013,217,834.951388888889,21.81032509,106.37082945838,5.82274305555556
T,2013,218,844.995847510151,30.52274657,107.745249257724,5.82983339151178
T,2013,219,756.559027777778,23.71810806,112.133953846243,5.86350694444444
T,2013,220,753.702510648349,22.85582256,109.128935892329,5.73826388888889
T,2013,221,846.637821867798,14.2959341,109.320706372543,5.70697916666667
T,2013,222,794.574584460488,14.50413736,109.719851927398,5.61951388888889
T,2013,223,724.209122855408,20.40041447,111.369647149014,5.84100452502919
T,2013,224,799.911537243971,22.38926113,111.349009425563,6.03628472222222
T,2013,225,707.878472222222,16.05646957,106.068057915715,5.93482638888889
T,2013,226,737.727674737953,28.84620479,103.860836378893,5.86725694444444
T,2013,227,618.347222222222,16.57467966,104.105788939973,5.86854166666667
T,2013,228,545.057778998311,18.56323906,105.138952710173,5.87597222222222
T,2013,229,537.641133776939,21.27510944,107.481793346486,5.92631944444444
T,2013,230,604.509257184515,22.19806344,108.496542872377,6.01270833333333
T,2013,231,656.712203817204,18.83343219,109.611114589096,6.04173611111111
T,2013,232,699.870731360591,22.25074622,111.199864633847,6.07479166666667
T,2013,233,629.578190094222,21.64699125,108.165437065617,6.03423611111111
T,2013,234,768.373578210589,15.68108324,106.371975940532,6.00635416666667
T,2013,235,710.434876935836,15.31735951,107.752009078034,6.014375
T,2013,236,747.266966691454,16.26944128,107.710080889174,6.02513888888889
T,2013,237,708.72260783599,15.93582199,106.073367513897,6.00788194444444
T,2013,238,697.697916666667,19.53157953,105.598438685924,5.98600694444444
T,2013,239,793.379330070476,15.12805771,105.047524447036,5.98229166666667
T,2013,240,671.528114481064,10.08901038,104.830586676333,5.93545138888889
T,2013,241,567.512153394532,11.80812352,102.617409514262,5.90375
T,2013,242,673.555831077516,14.60168954,96.7179060450584,5.86572916666667
T,2013,243,589.722222222222,11.41291651,96.8839209718002,5.87284722222222
T,2013,244,511.24547447544,13.36861381,95.3259747204563,5.85871527777778
T,2013,245,642.847222222222,NA,84.6901444039739,5.70243055555556
T,2013,246,667.209506716224,NA,82.4898250401949,5.63184027777778
T,2013,247,551.717476890782,NA,92.2859747676566,5.71819444444444
T,2013,248,539.673051233706,NA,91.9977910484267,5.71548611111111
T,2013,249,512.793551700326,NA,92.243718668048,5.72680555555556
T,2014,136,618.493055555556,NA,89.5014617229442,5.49892361111111
T,2014,137,600.918852664666,NA,94.8250683172981,5.55184027777778
T,2014,138,657.613770239287,NA,102.473669617355,5.68079861111111
T,2014,139,772.617328041726,NA,106.091118627339,5.74305555555556
T,2014,140,615.194444444444,NA,101.845423443205,5.71239583333333
T,2014,141,599.356892157193,NA,107.33557833157,5.801875
T,2014,142,543.53125,NA,107.744711955897,5.84645833333333
T,2014,143,444.626006104805,NA,111.517992653651,6.00003472222222
T,2014,144,457.903749558821,NA,116.492724804966,6.12347222222222
T,2014,145,443.269306085777,NA,120.288247649068,6.14114583333333
T,2014,146,430.747694797186,4.57676600743007,118.837410075388,6.09083333333333
T,2014,147,402.085017763591,4.8352965393981,110.557677693499,5.89236111111111
T,2014,148,330.727628907826,6.04375442266067,105.985468805387,5.81760416666667
T,2014,149,315.049709828068,1.77662181568432,103.42790958922,5.74402777777778
T,2014,150,295.406488206562,3.85219110316767,102.178487716276,5.72104166666667
T,2014,151,269.29303446109,3.75248449467199,106.753699915988,5.72277777777778
T,2014,152,305.217935866894,4.60192964587496,103.231101941327,5.74246527777778
T,2014,153,318.915275244266,8.94834494932151,101.854415565673,5.76496527777778
T,2014,154,382.182133205889,10.9136940533425,102.884504931201,5.71246527777778
T,2014,155,382.301479165115,8.72868017399268,107.682809870952,5.81767361111111
T,2014,156,358.154044120996,10.3294150510947,108.914118692169,5.89069444444444
T,2014,157,405.761878852808,8.89663884292791,109.895079955573,5.92496527777778
T,2014,158,463.881944444444,9.81993754942974,106.870770492898,5.84020833333333
T,2014,159,516.599178432137,12.0651028658841,110.121773356486,5.88788194444444
T,2014,160,486.719590571891,10.6488726117632,111.138428817153,5.95503472222222
T,2014,161,473.633337750202,7.45515877351815,113.237799042454,5.98920138888889
T,2014,162,424.062639352615,9.53391660422911,112.559486058149,5.93836663931517
T,2014,163,459.478567232787,10.7193652701465,107.852009740541,5.81902777777778
T,2014,164,547.154064301132,11.4961633418665,108.170323264281,5.66416666666667
T,2014,165,484.607638888889,12.7675303212413,110.118564379223,5.79833333333333
T,2014,166,578.220569592384,13.1218033268815,106.162958703732,5.67482638888889
T,2014,167,574.524342943882,12.0192567848818,111.360276676176,5.780625
T,2014,168,505.774116836532,12.6877305637071,115.012140445976,5.85451388888889
T,2014,169,476.659542018397,13.7368474624334,114.240855390062,5.7659375
T,2014,170,496.913432100003,14.8335339790418,108.713607279097,5.80642361111111
T,2014,171,535.020833333333,14.071299793956,104.36659882815,5.71722222222222
T,2014,172,605.091065476104,16.8816128532925,103.504538971374,5.70569444444444
T,2014,173,564.020833333333,13.5882785833958,108.859678334251,5.77097222222222
T,2014,174,509.971663305898,13.4956384761072,111.986979850034,5.72704861111111
T,2014,175,494.169453420556,14.4963239885115,113.138126003168,5.7663541666666696
T,2014,176,556.520833333333,12.0794082219863,105.412998837239,5.69125
T,2014,177,529.19680938371,8.92835192151598,106.683046616358,5.73861111111111
T,2014,178,523.974879683166,5.12795310158591,105.472675841186,5.77965277777778
T,2014,179,567.300336959606,13.5876753454878,103.577446590224,5.79430555555556
T,2014,180,552.10067475513,11.3163122684607,101.359228876481,5.75432141161588
T,2014,181,568.473711397585,10.5947535537379,100.802470862371,5.74034722222222
T,2014,182,535.844535616911,11.5713957266692,96.9969492195847,5.63358142156699
T,2014,183,618.702651150505,10.4393767040251,97.1388610474713,5.5710416666666696
T,2014,184,544.538188241334,11.4820303394522,100.77060369147,5.64416666666667
T,2014,185,439.920127057117,12.1448164465743,102.790303213748,5.66534722222222
T,2014,186,548.073090300525,10.2085089389777,102.794948232872,5.62822916666667
T,2014,187,543.534722222222,15.8599001909549,100.377838051999,5.62586805555556
T,2014,188,580.523955851123,16.3461099447428,102.434326573566,5.6647916666666696
T,2014,189,610.010416666667,9.62638435782967,94.9026194804789,5.55194444444444
T,2014,190,705.97105654541,19.813262908966,96.0073963266505,5.51350694444444
T,2014,191,604.761471074367,9.92766154738481,100.568892442042,5.57513888888889
T,2014,192,655.597222222222,11.5053661272092,102.321269904954,5.58659722222222
T,2014,193,697.513888888889,10.8806483269711,103.531324313897,5.63604166666667
T,2014,194,727.700888964577,10.9501385318742,104.710241501507,5.64902777777778
T,2014,195,732.858157654938,10.834625950896,102.277731676136,5.65670138888889
T,2014,196,835.135416666667,11.8694103129594,96.8467120366367,5.50006944444444
T,2014,197,802.138239523136,10.880392857367,98.2561698698863,5.4846875
T,2014,198,711.044676441282,13.8377605467449,103.869198652109,5.5653125
T,2014,199,684.192217245897,11.8066585107601,106.419345780282,5.60347222222222
T,2014,200,710.017108156355,12.3720647841742,106.205653188928,5.62506944444444
T,2014,201,688.145623986119,8.47351053894023,106.13657872193,5.7119737308561
T,2014,202,606.121925973098,11.7344223081334,108.516882780659,5.90164487819818
T,2014,203,722.466260292037,6.58115322177822,104.377334717066,5.83458333333333
T,2014,204,751.147094968407,7.65414110628954,104.059024412566,5.87732638888889
T,2014,205,664.074290877552,16.4348720940518,106.41852138564,5.89788837033305
T,2014,206,696.668584580464,14.5109740519897,104.339990950872,5.80736111111111
T,2014,207,811.545091338654,14.1499792525183,103.837448928599,5.79770833333333
T,2014,208,797.836376152085,13.7647687598859,101.799854355073,5.76260416666667
T,2014,209,921.276075479797,15.8318927166583,98.8823825610204,5.66899305555556
T,2014,210,840.978600871824,13.0170122845904,101.97830731282,5.74451388888889
T,2014,211,740.512518660466,9.67059307879621,103.767182700536,5.81579861111111
T,2014,212,737.366255165608,9.22083613001582,103.329517131292,5.81690972222222
T,2014,213,678.837880854726,9.88258811500999,104.795357531718,5.85236111111111
T,2014,214,749.343363773211,9.07390461101399,104.228528352087,5.8227073958371
T,2014,215,642.652123769144,8.31589309128372,105.375301044491,5.83798611111111
T,2014,216,677.037326481666,7.7588459717366,103.384998876893,5.78809027777778
T,2014,217,695.680315095827,10.4996143179737,102.604842307489,5.786875
T,2014,218,626.392361111111,10.4435993693806,103.551869795805,5.78854166666667
T,2014,219,592.468110892984,11.33811500999,104.940346104734,5.7975
T,2014,220,591.939392361386,11.0707082630911,104.892774006214,5.79868055555556
T,2014,221,630.771117836719,11.079239770646,106.277883646266,5.81756944444444
T,2014,222,671.989169728777,12.0604493163087,107.65175822292,5.85638888888889
T,2014,223,837.65625,15.8662410831356,100.681744622067,5.72913194444444
T,2014,224,933.97175464095,18.0874742282457,96.9253612687874,5.6375
T,2014,225,711.927005189075,11.6520572526432,101.854834929318,5.77851226805648
T,2014,226,667.26350710625,12.2817514516733,101.394753993437,5.73225694444444
T,2014,227,644.170722315502,9.76176817973693,102.502949028609,5.7496875
T,2014,228,626.013888888889,11.0365822328713,104.158304066849,5.8071875
T,2014,229,696.075120169974,12.0364921536797,100.892693304225,5.80097222222222
T,2014,230,810.364583333333,13.0340752997003,98.8205020567152,5.73586805555556
T,2014,231,1017.39168541985,19.5367231401411,99.4085409177246,5.74579861111111
T,2014,232,987.954861111111,15.4638926015391,99.9045894409215,5.72961805555556
T,2014,233,1029.19097222222,11.6904059482184,103.101132513877,5.7775
T,2014,234,1012.17708333333,17.8922948795996,103.655822197327,5.79548611111111
T,2014,235,1040.22569444444,20.3778074139402,106.530668798363,5.81378472222222
T,2014,236,1070.04413217823,18.2683706267691,106.561588478564,5.94989583333333
T,2014,237,996.892633025983,16.1206713208666,106.87454713465,5.94611111111111
T,2014,238,962.017361111111,16.1897851497461,105.884313561251,5.90680555555556
T,2014,239,896.638452837351,16.028462097798,106.779182724406,5.92673611111111
T,2014,240,888.410253044015,16.3971266363844,105.370948568673,5.86951388888889
T,2014,241,935.590277777778,16.3947998615967,102.820713884392,5.80746527777778
T,2014,242,1126.46527777778,NA,97.4600323112176,5.69621527777778
T,2014,243,1117.77164142932,NA,96.7207992148603,5.65961805555556
T,2014,244,904.041666666667,NA,101.171574436346,5.74427083333333
T,2014,245,878.840277777778,NA,101.695378505117,5.7659375
T,2014,246,759.030584448506,NA,102.707091187416,5.81253472222222
T,2014,247,826.118919432439,NA,98.6400322573183,5.74229166666667
T,2014,248,961.896787075308,NA,95.3002797419233,5.70663194444444
T,2014,249,869.315972222222,NA,92.203192693378,5.62333333333333
T,2014,250,819.298611111111,NA,98.5743497247701,5.69590277777778
T,2015,129,410.878472222222,NA,105.021290858799,6.24812084248113
T,2015,130,377.225177166707,NA,104.840080173598,6.21652362025891
T,2015,131,385.642361111111,NA,103.147959549161,6.17777362025891
T,2015,132,446.927083333333,NA,102.671990832198,6.13805139803669
T,2015,133,463.487175267654,NA,105.613761757552,6.16020417581447
T,2015,134,439.010350142366,NA,104.941098540498,6.18298195359225
T,2015,135,441.829861111111,NA,103.17689570347,6.16218334248113
T,2015,136,421.053072454677,NA,105.808571498652,6.16530834248114
T,2015,137,414.603011868079,NA,106.546934591286,6.15082917581447
T,2015,138,388.600694444444,NA,102.395852805102,6.11468334248114
T,2015,139,456.51026424213,NA,100.199254518649,6.11569028692558
T,2015,140,474.781502996859,NA,102.194483390682,6.12784306470336
T,2015,141,424.106153399642,NA,104.666281219462,6.15152362025891
T,2015,142,390.884682466276,NA,104.571581002565,6.13200973137002
T,2015,143,367.906749979961,NA,105.741910755343,6.16520417581447
T,2015,144,369.850694444444,NA,107.18563675754,6.15232223137002
T,2015,145,373.416666666667,6.70414320953422,101.244292065997,6.03968334248114
T,2015,146,386.645833333333,6.57529503695387,100.120157207999,6.04270417581447
T,2015,147,437.465009760831,7.05870089942501,99.8604685295955,6.02232223137002
T,2015,148,438.075019179758,5.65290390093209,101.7317118471,6.05336389803669
T,2015,149,344.027777777778,6.36100268389663,100.93694295366,6.01683612025891
T,2015,150,353.256944444444,6.23650867368353,97.4981732596897,5.98381528692558
T,2015,151,376.595776718112,5.54131285032023,100.486175666498,6.02423195359225
T,2015,152,377.460286071417,5.02042428120629,100.953348402332,6.01582917581447
T,2015,153,364.282054505442,5.95107956735327,102.24670214206,6.05968334248113
T,2015,154,366.379425211911,7.58083128065088,103.83943633776,6.10034306470336
T,2015,155,427.170138888889,9.67312046975791,104.218807033281,6.11426667581447
T,2015,156,459.044133610584,9.67788439884219,106.613374475555,6.18565556470336
T,2015,157,427.638507507581,9.86555129926291,108.147401617651,6.24544723137002
T,2015,158,474.71875,11.390333135218,105.287163157879,6.17246112025891
T,2015,159,501.899517341616,12.2111263673397,107.432574216841,6.2644750091478
T,2015,160,480.692172677929,12.0207099635276,109.398908906013,6.39298195359225
T,2015,161,498.574836425161,11.2407328590118,109.497749657937,6.40373860353162
T,2015,162,512.746527777778,9.81829205923014,109.170209879134,6.33729166666667
T,2015,163,489.058651058815,9.86122372481242,110.676287856961,6.32649305555556
T,2015,164,493.921517780538,10.1314046608842,108.879369294799,6.23979166666667
T,2015,165,539.722222222222,11.3679695692376,107.968450783462,6.23493055555556
T,2015,166,546.354166666667,12.1472793952426,108.595734565905,6.22739583333333
T,2015,167,549.396134303614,11.9676123297746,110.784310637262,6.26295138888889
T,2015,168,589.902777777778,13.3953834594672,108.002615761812,6.12809027777778
T,2015,169,648.201388888889,12.3136462463531,108.730581180434,6.16458333333333
T,2015,170,586.138276194854,11.9065383209954,110.928901909677,6.15829567127257
T,2015,171,609.111111111111,12.0916371414567,107.489011016575,6.04777777777778
T,2015,172,637.369450576911,13.9782844344222,108.15056770629,6.0465625
T,2015,173,604.138888888889,13.9841494160591,107.948432962328,5.99791666666667
T,2015,174,596.29984271558,14.5726025736304,107.081483142256,5.91697916666667
T,2015,175,524.364583333333,8.85799906587791,108.618024344827,5.96204861111111
T,2015,176,575.416666666667,14.6367826766845,108.345443414847,5.98934027777778
T,2015,177,500.099645943655,8.82054138315675,108.980989468997,5.99225694444444
T,2015,178,420.768861005266,7.17787732628729,107.930001896491,5.98204861111111
T,2015,179,439.957252151625,7.18726129690637,105.203153570247,5.9335898174051
T,2015,180,478.079861111111,10.5643106854688,102.810294173506,5.946875
T,2015,181,572.500159781186,11.426917326674,99.8492257838705,5.86923611111111
T,2015,182,582.211131313303,10.4429540494327,104.877458236991,5.89354166666667
T,2015,183,503.90362798984,8.44822452886935,107.139068612225,5.95791666666667
T,2015,184,550.368055555556,12.2018987962309,108.408323654038,6.02944444444444
T,2015,185,501.874740470926,7.40317082090031,107.612473915318,6.00243055555556
T,2015,186,452.089599849382,6.9805793440212,107.857117727852,5.98305555555556
T,2015,187,721.871527777778,11.7458378241437,98.9582215360654,5.8721875
T,2015,188,815.636593640445,10.7862486285879,97.0986732814966,5.81836805555556
T,2015,189,686.8800599542,8.50689702316758,101.906803299095,5.84635416666667
T,2015,190,616.550385525079,8.07914123445777,103.400715495031,5.87009350833133
T,2015,191,562.987674825766,7.02618153124215,105.780224930981,5.90270833333333
T,2015,192,534.122519114941,8.31741901641738,105.485892039241,5.86854166666667
T,2015,193,587.634992480598,8.65827689120188,104.207468216155,5.82315972222222
T,2015,194,663.725694444444,8.05363638431267,100.350103352667,5.86760416666667
T,2015,195,700.267361111111,9.18901862946585,99.4869152922607,5.83
T,2015,196,620.817135562819,7.82740449263775,100.771472553723,5.86777777777778
T,2015,197,608.904373120401,7.66498360117256,100.518991356865,5.86774305555556
T,2015,198,566.1618833869,7.54643277235155,98.2101153583456,5.83807176011592
T,2015,199,578.840131547492,7.64652845895504,101.693820415252,5.89211805555556
T,2015,200,579.184012330415,7.70768066748936,101.305447569073,5.87045138888889
T,2015,201,561.164403887458,7.59820101026679,100.272518868367,5.88736611836992
T,2015,202,572.416666666667,7.47832078560808,98.8511343973121,5.78454861111111
T,2015,203,553.32537262635,7.42107856483171,100.176239413209,5.79402777777778
T,2015,204,550.753472222222,7.14591865034892,101.575771102474,5.88947916666667
T,2015,205,556.21232503880594,7.88871310068239,100.450589343224,5.86006944444444
T,2015,206,526.378472222222,8.18188398277339,100.726684987924,5.81190972222222
T,2015,207,475.475694444444,6.86891009365418,101.894745123813,5.85371527777778
T,2015,208,485.501167808049,6.45632114745745,100.219700240502,5.91909722222222
T,2015,209,479.930555555556,5.68152501132028,97.385381087032,5.85645833333333
T,2015,210,515.777834702271,6.43122606402939,93.6501572429287,5.78802083333333
T,2015,211,447.704118502321,5.08611207553983,90.3854659615479,5.73085230644303
T,2015,212,527.182205125105,5.00806871989117,88.7321116146508,5.65190972222222
T,2015,213,589.278627912838,6.38102182121732,91.0220896114286,5.69548611111111
T,2015,214,620.545935521739,9.00522496291816,93.1871991891495,5.7628125
T,2015,215,680.427083333333,7.63565947498549,90.733782206928,5.76576388888889
T,2015,216,767.975588718484,11.2013298009816,91.9054647753868,5.75649305555556
T,2015,217,701.338286941429,8.20542210907625,93.8362314862526,5.78021426429625
T,2015,218,805.546943674793,11.3075281964777,97.8761639004708,5.88319444444444
T,2015,219,983.566406525748,11.2962674317348,96.1288251576403,5.8490625
T,2015,220,1040.52083333333,14.1389067315187,94.9005635654862,5.79927083333333
T,2015,221,1111.26010891861,16.738188393248,98.1929876549582,5.84416988630616
T,2015,222,1109.00657235923,14.588391104197,106.254633162459,6.08489583333333
T,2015,223,1157.40480582954,20.0662620571519,108.843973792031,6.18020833333333
T,2015,224,1188.66659156215,14.5573536213744,108.876060765107,6.18840277777778
T,2015,225,893.372749660802,18.157682078857,110.480503000167,6.2615625
T,2015,226,836.638888888889,29.2209807100099,110.165523301623,6.19461805555556
T,2015,227,1199.35112958758,26.6331944122891,109.433467064526,6.18756944444444
T,2015,228,1161.62269066038,29.7549286382354,111.215398708187,6.4115625
T,2015,229,2073.48670898833,27.5999779853195,108.783723704749,6.31284722222222
T,2015,230,2230.08019264194,26.7689093053699,108.968435180211,6.385625
T,2015,231,2552.18930756712,33.2113578162622,104.332884434492,6.2178125
T,2015,232,2485.98958333333,34.6427261346921,100.499474349979,6.01065972222222
T,2015,233,2637.26505238556,34.3951457098588,103.628263227963,6.1659375
T,2015,234,3397.22947853393,55.9282302904345,109.02476466376,6.47517361111111
T,2015,235,3420.27219867602,58.1951629927381,103.326347052051,6.16972222222222
T,2015,236,3303.15646476642,47.1127718913631,95.7681919317988,5.83961805555556
T,2015,237,2847.63164967201,49.8470263304967,90.0469378264999,5.68697916666667
T,2015,238,2180.70694131401,67.7405379064634,100.024619096134,5.8559375
T,2015,239,1993.22313634729,50.5432387506771,110.119989845779,6.09086805555556
T,2015,240,1473.68587559054,74.6591048446435,114.639925703503,6.27854166666667
T,2015,241,1646.93402777778,65.5012879174861,112.995731527998,6.28767361111111
T,2015,242,1323.2284399577,56.5944140046338,115.895792503414,6.3190625
T,2015,243,1503.73795453711,44.2173477568468,116.453429635846,6.30201388888889
T,2015,244,2126.53267139603,57.1683220077456,116.362101560646,6.20409722222222
T,2015,245,2785.74652777778,64.9390316778931,109.641860948647,5.93180555555556
T,2015,246,2204.46180555556,57.9718244920041,111.470494889527,5.95763888888889
T,2015,247,2595.28472222222,NA,113.154666161313,6.07975694444444
T,2016,141,NA,NA,66.875,NA
T,2016,142,NA,NA,NA,NA
T,2016,143,NA,NA,NA,NA
T,2016,144,NA,NA,NA,NA
T,2016,145,NA,NA,NA,NA
T,2016,146,NA,NA,NA,NA
T,2016,147,NA,NA,NA,NA
T,2016,148,NA,NA,NA,NA
T,2016,149,NA,NA,NA,NA
T,2016,150,NA,NA,NA,NA
T,2016,151,NA,NA,NA,NA
T,2016,152,NA,NA,NA,NA
T,2016,153,442.06666666666666,NA,95.535,5.677627118644068
T,2016,154,409.25347222222223,NA,92.590625,5.726979166666666
T,2016,155,386.1868131868132,NA,92.32881944444443,5.776423611111111
T,2016,156,415.5,NA,91.046875,5.718854166666667
T,2016,157,440.25475285171103,NA,88.86875,5.658715277777778
T,2016,158,435.02430555555554,NA,90.02543554006968,5.6598606271777
T,2016,159,442.5693950177936,NA,88.02708333333334,5.591006944444445
T,2016,160,413.92226148409895,NA,89.825,5.649340277777778
T,2016,161,365.574144486692,NA,94.45128205128204,5.685257352941177
T,2016,162,331.46527777777777,NA,96.97881944444444,5.709236111111111
T,2016,163,303.6532258064516,NA,94.28645833333331,5.700139372822299
T,2016,164,293.36785714285713,NA,96.65729166666668,5.802777777777778
T,2016,165,322.28472222222223,NA,94.62152777777776,5.742951388888889
T,2016,166,332.7773851590106,NA,92.26180555555555,5.735277777777778
T,2016,167,331.65972222222223,NA,91.83715277777776,5.740555555555556
T,2016,168,313.5,NA,91.02787456445994,5.737177700348432
T,2016,169,274.8455598455598,NA,95.87589928057554,5.834187725631769
T,2016,170,237.6232394366197,NA,97.0892361111111,5.825104166666667
T,2016,171,203.8987341772152,NA,97.18923611111111,5.779756944444444
T,2016,172,233.73853211009177,NA,91.384320557491293,5.647108013937282
T,2016,173,222.27727272727273,NA,89.37992565055762,5.69914498141264
T,2016,174,241.0344827586207,NA,87.69375,5.6707986111111115
T,2016,175,234.46969696969697,NA,88.04444444444445,5.6980208333333335
T,2016,176,218.82706766917292,NA,89.02222222222223,5.740208333333333
T,2016,177,232.61458333333337,NA,89.51180555555555,5.696770833333334
T,2016,178,290.19678714859435,NA,87.35034722222223,5.666701388888889
T,2016,179,321.9116607773852,NA,86.37889273356402,5.62159169550173
T,2016,180,363.6015625,NA,82.36006944444445,5.580277777777778
T,2016,181,300.46886446886447,NA,86.34756944444445,5.6270138888888885
T,2016,182,275.25087108013935,NA,88.29722222222222,5.668923611111111
T,2016,183,335.5511811023622,NA,83.35625,5.611423611111111
T,2016,184,286.7741935483871,NA,86.42951388888889,5.6951736111111115
T,2016,185,255.86021505376343,NA,88.59618055555555,5.747048611111111
T,2016,186,236.68727272727273,NA,89.38402777777777,5.757777777777778
T,2016,187,232.19140625,NA,89.67152777777778,5.785833333333334
T,2016,188,240.70384615384617,NA,89.06319444444445,5.795659722222222
T,2016,189,271.88581314878894,NA,87.76493055555555,5.776493055555555
T,2016,190,369.8491228070175,NA,83.22222222222223,5.7034722222222225
T,2016,191,394.8109090909091,NA,83.0670138888889,5.685208333333334
T,2016,192,363.78819444444446,NA,85.94722222222222,5.725347222222222
T,2016,193,462.25266903914593,NA,82.5409090909091,5.6687412587412584
T,2016,194,438.9921568627451,NA,88.725,5.7546180555555555
T,2016,195,372.79282868525894,NA,91.54409722222222,5.795694444444444
T,2016,196,367.90625,NA,89.29375,5.787534722222222
T,2016,197,440.15384615384613,NA,84.14618055555556,5.745902777777777
T,2016,198,417.2682926829268,NA,85.52534722222222,5.785138888888889
T,2016,199,368.494623655914,NA,86.70451388888888,5.7775
T,2016,200,337.2964285714286,NA,88.41602787456446,5.796620209059234
T,2016,201,289.1573033707865,NA,89.91666666666667,5.8603125
T,2016,202,285.244,NA,91.09756944444445,5.8575
T,2016,203,293.8125,NA,90.993006993007,5.821398601398601
T,2016,204,320.45887445887445,NA,91.66220472440943,5.892952755905512
T,2016,205,296.28125,NA,90.36111111111111,5.829722222222222
T,2016,206,317.49603174603175,NA,89.06805555555556,5.7643402777777775
T,2016,207,327.0444444444444,NA,88.53333333333333,5.7425
T,2016,208,286.59124087591243,NA,87.87212543554007,5.741951219512195
T,2016,209,312.69444444444446,NA,85.390625,5.739131944444445
T,2016,210,384.27430555555554,NA,79.35400696864112,5.627770034843206
T,2016,211,380.0071942446043,NA,78.38993055555555,5.587847222222222
T,2016,212,341.63120567375887,NA,82.565625,5.646631944444445
T,2016,213,336.8291814946619,NA,84.56909722222223,5.693229166666667
T,2016,214,328.13718411552344,NA,88.03472222222223,5.734652777777778
T,2016,215,331.6771929824561,NA,89.63135888501742,5.758501742160279
T,2016,216,332.30662020905925,NA,91.73090277777776,5.861770833333333
T,2016,217,324.87857142857143,NA,93.88885017421605,5.869756097560976
T,2016,218,359.2162162162162,NA,88.16180555555556,5.7953125
T,2016,219,353.86973180076626,NA,84.97256944444445,5.729826388888889
T,2016,220,283.2218309859155,NA,85.40104166666667,5.759861111111111
T,2016,221,260.4007352941176,NA,84.74895833333333,5.734618055555556
T,2016,222,259.4555555555556,NA,84.34201388888889,5.7048958333333335
T,2016,223,271.2439024390244,NA,85.40138888888889,5.7834375
T,2016,224,318.4773519163763,NA,85.00069444444445,5.7801736111111115
T,2016,225,389.43575418994413,NA,80.57039106145251,5.726983240223464
