#,"Christian, R.R. 2009. End of Year Biomass for the 2nd UPC Inundation"
#,"Experiment  in Upper Phillips Creek marsh 1999-2010. Virginia Coast Reserve"
#,"Long-Term Ecological Research Project Data Publication knb-lter-vcr.169.24"
#,"(DOI: 10.6073/pasta/d4d1465334c1de8c108b0d3eae6fdccc)"
#,
#,This dataset is distributed by the Virginia Coast Reserve Long-Term Ecological
#,Research Project and use is subject to the VCR/LTER Data Access Policy
#,(http://www.vcrlter.virginia.edu/data/docs/IMPolicy_VCRLTER06.pdf). Data users
#,working on scientific papers are encouraged to contact the data authors
#,regarding availability of updated data and/or possible collaborations.
#,
#,Full metadata descriptions are available at:
#,http://portal.lternet.edu/nis/mapbrowse?packageid=knb-lter-vcr.169.24
#,
#,For additional information about the data contact: Robert Christian
#,(christianr@ecu.edu)
#,
#,Collection and/or distribution of this data was supported by National Science
#,Foundation grants BSR-8702333-06; DEB-9211772; DEB-9411974; DEB-0080381,
#,DEB-0621014, DEB-1237733 and DEB-1832221. VCR/LTER:
#,http://www.vcrlter.virginia.edu
#,# # # # # # # # # # # # # # # # # # # # # # # # # # # # # # # # # # # #
EOYBYear,collectDate,sortDate,marshName,marshAbbrev,siteName,monitoringPurpose,marshRegion,isExperiment,transect,locationID,locationName,replicate,speciesName,ITISID,liveMass,deadMass,unknownMass,totalMass,sampleComment,latitude,longitude
1998, , ,"Upper Phillips Creek  InundExp2, Site 2, Intact Turf",UPE2,UPM,InundExp2,2,1,1,6,(B)Border Control,a,Distichlis spicata,40662,9.19,8.9,0,18.09, ,37.46,-75.833
1998, , ,"Upper Phillips Creek  InundExp2, Site 2, Intact Turf",UPE2,UPM,InundExp2,2,1,1,6,(B)Border Control,a,Spartina patens,41271,51.69,90.22,0,141.91, ,37.46,-75.833
1998, , ,"Upper Phillips Creek  InundExp2, Site 2, Intact Turf",UPE2,UPM,InundExp2,2,1,1,6,(B)Border Control,b,Distichlis spicata,40662,12.39,5.82,0,18.21, ,37.46,-75.833
1998, , ,"Upper Phillips Creek  InundExp2, Site 2, Intact Turf",UPE2,UPM,InundExp2,2,1,1,6,(B)Border Control,b,Spartina patens,41271,73.15,50.67,0,123.82, ,37.46,-75.833
1998, , ,"Upper Phillips Creek  InundExp2, Site 2, Intact Turf",UPE2,UPM,InundExp2,2,1,1,6,(B)Border Control,c,Distichlis spicata,40662,21.69,23.39,0,45.08, ,37.46,-75.833
1998, , ,"Upper Phillips Creek  InundExp2, Site 2, Intact Turf",UPE2,UPM,InundExp2,2,1,1,6,(B)Border Control,c,Spartina patens,41271,46.45,41.3,0,87.75, ,37.46,-75.833
1998, , ,"Upper Phillips Creek  InundExp2, Site 2, Intact Turf",UPE2,UPM,InundExp2,2,1,1,7,(P)Pumped Plot,a,Distichlis spicata,40662,7.22,9.93,0,17.15, ,37.46,-75.833
1998, , ,"Upper Phillips Creek  InundExp2, Site 2, Intact Turf",UPE2,UPM,InundExp2,2,1,1,7,(P)Pumped Plot,a,Spartina patens,41271,100.58,46.48,0,147.06, ,37.46,-75.833
1998, , ,"Upper Phillips Creek  InundExp2, Site 2, Intact Turf",UPE2,UPM,InundExp2,2,1,1,7,(P)Pumped Plot,b,Distichlis spicata,40662,8.49,12.58,0,21.07, ,37.46,-75.833
1998, , ,"Upper Phillips Creek  InundExp2, Site 2, Intact Turf",UPE2,UPM,InundExp2,2,1,1,7,(P)Pumped Plot,b,Spartina patens,41271,49.73,43.83,0,93.56, ,37.46,-75.833
1998, , ,"Upper Phillips Creek  InundExp2, Site 2, Intact Turf",UPE2,UPM,InundExp2,2,1,1,7,(P)Pumped Plot,c,Distichlis spicata,40662,10.16,7.35,0,17.51, ,37.46,-75.833
1998, , ,"Upper Phillips Creek  InundExp2, Site 2, Intact Turf",UPE2,UPM,InundExp2,2,1,1,7,(P)Pumped Plot,c,Spartina patens,41271,90.85,68.67,0,159.52, ,37.46,-75.833
1998, , ,"Upper Phillips Creek  InundExp2, Site 2, Intact Turf",UPE2,UPM,InundExp2,2,1,1,8,(C)Control Plot,a,Distichlis spicata,40662,27.82,29.18,0,57, ,37.46,-75.833
1998, , ,"Upper Phillips Creek  InundExp2, Site 2, Intact Turf",UPE2,UPM,InundExp2,2,1,1,8,(C)Control Plot,a,Spartina patens,41271,19.84,32.98,0,52.82, ,37.46,-75.833
1998, , ,"Upper Phillips Creek  InundExp2, Site 2, Intact Turf",UPE2,UPM,InundExp2,2,1,1,8,(C)Control Plot,b,Distichlis spicata,40662,17.99,22.43,0,40.42, ,37.46,-75.833
1998, , ,"Upper Phillips Creek  InundExp2, Site 2, Intact Turf",UPE2,UPM,InundExp2,2,1,1,8,(C)Control Plot,b,Spartina patens,41271,31.49,45.08,0,76.57, ,37.46,-75.833
1998, , ,"Upper Phillips Creek  InundExp2, Site 2, Intact Turf",UPE2,UPM,InundExp2,2,1,1,8,(C)Control Plot,c,Distichlis spicata,40662,13.35,11.35,0,24.7, ,37.46,-75.833
1998, , ,"Upper Phillips Creek  InundExp2, Site 2, Intact Turf",UPE2,UPM,InundExp2,2,1,1,8,(C)Control Plot,c,Spartina patens,41271,27.38,22.05,0,49.43, ,37.46,-75.833
1998, , ,"Upper Phillips Creek  InundExp2, Site 2, Intact Turf",UPE2,UPM,InundExp2,2,1,2,6,(B)Border Control,a,Distichlis spicata,40662,7.88,12.67,0,20.55, ,37.46,-75.833
1998, , ,"Upper Phillips Creek  InundExp2, Site 2, Intact Turf",UPE2,UPM,InundExp2,2,1,2,6,(B)Border Control,a,Spartina patens,41271,32.71,56.19,0,88.9, ,37.46,-75.833
1998, , ,"Upper Phillips Creek  InundExp2, Site 2, Intact Turf",UPE2,UPM,InundExp2,2,1,2,6,(B)Border Control,b,Distichlis spicata,40662,13.91,32.27,0,46.18, ,37.46,-75.833
1998, , ,"Upper Phillips Creek  InundExp2, Site 2, Intact Turf",UPE2,UPM,InundExp2,2,1,2,6,(B)Border Control,b,Spartina patens,41271,35.92,52.28,0,88.2, ,37.46,-75.833
1998, , ,"Upper Phillips Creek  InundExp2, Site 2, Intact Turf",UPE2,UPM,InundExp2,2,1,2,6,(B)Border Control,c,Distichlis spicata,40662,13.34,9.98,0,23.32, ,37.46,-75.833
1998, , ,"Upper Phillips Creek  InundExp2, Site 2, Intact Turf",UPE2,UPM,InundExp2,2,1,2,6,(B)Border Control,c,Spartina patens,41271,51.5,22.77,0,74.27, ,37.46,-75.833
1998, , ,"Upper Phillips Creek  InundExp2, Site 2, Intact Turf",UPE2,UPM,InundExp2,2,1,2,7,(P)Pumped Plot,a,Distichlis spicata,40662,19.82,17.01,0,36.83, ,37.46,-75.833
1998, , ,"Upper Phillips Creek  InundExp2, Site 2, Intact Turf",UPE2,UPM,InundExp2,2,1,2,7,(P)Pumped Plot,a,Spartina patens,41271,15.07,22.31,0,37.38, ,37.46,-75.833
1998, , ,"Upper Phillips Creek  InundExp2, Site 2, Intact Turf",UPE2,UPM,InundExp2,2,1,2,7,(P)Pumped Plot,b,Distichlis spicata,40662,27.25,36.13,0,63.38, ,37.46,-75.833
1998, , ,"Upper Phillips Creek  InundExp2, Site 2, Intact Turf",UPE2,UPM,InundExp2,2,1,2,7,(P)Pumped Plot,b,Spartina patens,41271,33.3,39.9,0,73.2, ,37.46,-75.833
1998, , ,"Upper Phillips Creek  InundExp2, Site 2, Intact Turf",UPE2,UPM,InundExp2,2,1,2,7,(P)Pumped Plot,c,Distichlis spicata,40662,20.47,20.46,0,40.93, ,37.46,-75.833
1998, , ,"Upper Phillips Creek  InundExp2, Site 2, Intact Turf",UPE2,UPM,InundExp2,2,1,2,7,(P)Pumped Plot,c,Spartina patens,41271,75.57,52.85,0,128.42, ,37.46,-75.833
1998, , ,"Upper Phillips Creek  InundExp2, Site 2, Intact Turf",UPE2,UPM,InundExp2,2,1,2,8,(C)Control Plot,a,Distichlis spicata,40662,9.45,20.13,0,29.58, ,37.46,-75.833
1998, , ,"Upper Phillips Creek  InundExp2, Site 2, Intact Turf",UPE2,UPM,InundExp2,2,1,2,8,(C)Control Plot,a,Spartina patens,41271,23.57,27.86,0,51.43, ,37.46,-75.833
1998, , ,"Upper Phillips Creek  InundExp2, Site 2, Intact Turf",UPE2,UPM,InundExp2,2,1,2,8,(C)Control Plot,b,Distichlis spicata,40662,6.32,9.71,0,16.03, ,37.46,-75.833
1998, , ,"Upper Phillips Creek  InundExp2, Site 2, Intact Turf",UPE2,UPM,InundExp2,2,1,2,8,(C)Control Plot,b,Spartina patens,41271,9.09,62.98,0,72.07, ,37.46,-75.833
1998, , ,"Upper Phillips Creek  InundExp2, Site 2, Intact Turf",UPE2,UPM,InundExp2,2,1,2,8,(C)Control Plot,c,Distichlis spicata,40662,9.94,8.38,0,18.32, ,37.46,-75.833
1998, , ,"Upper Phillips Creek  InundExp2, Site 2, Intact Turf",UPE2,UPM,InundExp2,2,1,2,8,(C)Control Plot,c,Spartina patens,41271,15.13,52.27,0,67.4, ,37.46,-75.833
1998, , ,"Upper Phillips Creek  InundExp2, Site 3, Hum./Hollow",UPE3,UPM,InundExp2,3,1,1,8,(C)Control Plot,a,Distichlis spicata,40662,31.32,30.92,0,62.24, ,37.46,-75.833
1998, , ,"Upper Phillips Creek  InundExp2, Site 3, Hum./Hollow",UPE3,UPM,InundExp2,3,1,1,8,(C)Control Plot,a,Spartina patens,41271,40.11,14.05,0,54.16, ,37.46,-75.833
1998, , ,"Upper Phillips Creek  InundExp2, Site 3, Hum./Hollow",UPE3,UPM,InundExp2,3,1,1,8,(C)Control Plot,b,Distichlis spicata,40662,28.33,23.76,0,52.09, ,37.46,-75.833
1998, , ,"Upper Phillips Creek  InundExp2, Site 3, Hum./Hollow",UPE3,UPM,InundExp2,3,1,1,8,(C)Control Plot,b,Spartina patens,41271,17.77,20.92,0,38.69, ,37.46,-75.833
1998, , ,"Upper Phillips Creek  InundExp2, Site 3, Hum./Hollow",UPE3,UPM,InundExp2,3,1,1,8,(C)Control Plot,c,Distichlis spicata,40662,17.98,39.67,0,57.65, ,37.46,-75.833
1998, , ,"Upper Phillips Creek  InundExp2, Site 3, Hum./Hollow",UPE3,UPM,InundExp2,3,1,1,8,(C)Control Plot,c,Spartina patens,41271,23.81,29.93,0,53.74, ,37.46,-75.833
1998, , ,"Upper Phillips Creek  InundExp2, Site 3, Hum./Hollow",UPE3,UPM,InundExp2,3,1,2,8,(C)Control Plot,a,Distichlis spicata,40662,34.89,54.49,0,89.38, ,37.46,-75.833
1998, , ,"Upper Phillips Creek  InundExp2, Site 3, Hum./Hollow",UPE3,UPM,InundExp2,3,1,2,8,(C)Control Plot,a,Spartina patens,41271,40.03,22.77,0,62.8, ,37.46,-75.833
1998, , ,"Upper Phillips Creek  InundExp2, Site 3, Hum./Hollow",UPE3,UPM,InundExp2,3,1,2,8,(C)Control Plot,b,Distichlis spicata,40662,39.33,36.49,0,75.82, ,37.46,-75.833
1998, , ,"Upper Phillips Creek  InundExp2, Site 3, Hum./Hollow",UPE3,UPM,InundExp2,3,1,2,8,(C)Control Plot,b,Spartina patens,41271,7.32,13.92,0,21.24, ,37.46,-75.833
1998, , ,"Upper Phillips Creek  InundExp2, Site 3, Hum./Hollow",UPE3,UPM,InundExp2,3,1,3,8,(C)Control Plot,a,Distichlis spicata,40662,35.17,32.96,0,68.13, ,37.46,-75.833
1998, , ,"Upper Phillips Creek  InundExp2, Site 3, Hum./Hollow",UPE3,UPM,InundExp2,3,1,3,8,(C)Control Plot,a,Spartina patens,41271,14.41,2.4,0,16.81, ,37.46,-75.833
1998, , ,"Upper Phillips Creek  InundExp2, Site 3, Hum./Hollow",UPE3,UPM,InundExp2,3,1,3,8,(C)Control Plot,b,Distichlis spicata,40662,33.67,42.17,0,75.84, ,37.46,-75.833
1998, , ,"Upper Phillips Creek  InundExp2, Site 3, Hum./Hollow",UPE3,UPM,InundExp2,3,1,3,8,(C)Control Plot,b,Spartina patens,41271,18.72,22.85,0,41.57, ,37.46,-75.833
1998, , ,"Upper Phillips Creek  InundExp2, Site 3, Hum./Hollow",UPE3,UPM,InundExp2,3,1,3,8,(C)Control Plot,c,Distichlis spicata,40662,.61,.79,0,1.4, ,37.46,-75.833
1998, , ,"Upper Phillips Creek  InundExp2, Site 3, Hum./Hollow",UPE3,UPM,InundExp2,3,1,3,8,(C)Control Plot,c,Spartina patens,41271,14.63,23.57,0,38.2, ,37.46,-75.833
1998, , ,"Upper Phillips Creek  InundExp2, Site 3, Hum./Hollow",UPE3,UPM,InundExp2,3,1,4,8,(C)Control Plot,a,Distichlis spicata,40662,14.86,16.56,0,31.42, ,37.46,-75.833
1998, , ,"Upper Phillips Creek  InundExp2, Site 3, Hum./Hollow",UPE3,UPM,InundExp2,3,1,4,8,(C)Control Plot,a,Spartina patens,41271,113.65,41.35,0,155, ,37.46,-75.833
1998, , ,"Upper Phillips Creek  InundExp2, Site 3, Hum./Hollow",UPE3,UPM,InundExp2,3,1,4,8,(C)Control Plot,b,Distichlis spicata,40662,25.03,42.66,0,67.69, ,37.46,-75.833
1998, , ,"Upper Phillips Creek  InundExp2, Site 3, Hum./Hollow",UPE3,UPM,InundExp2,3,1,4,8,(C)Control Plot,b,Spartina patens,41271,25.6,5.61,0,31.21, ,37.46,-75.833
1998, , ,"Upper Phillips Creek  InundExp2, Site 3, Hum./Hollow",UPE3,UPM,InundExp2,3,1,4,8,(C)Control Plot,c,Distichlis spicata,40662,21.77,16.55,0,38.32, ,37.46,-75.833
1998, , ,"Upper Phillips Creek  InundExp2, Site 3, Hum./Hollow",UPE3,UPM,InundExp2,3,1,4,8,(C)Control Plot,c,Spartina patens,41271,26.68,21.49,0,48.17, ,37.46,-75.833
1998, , ,"Upper Phillips Creek  InundExp2, Site 4, Intact Turf",UPE4,UPM,InundExp2,4,1,1,6,(B)Border Control,a,Distichlis spicata,40662,13.76,34.37,0,48.13, ,37.46,-75.833
1998, , ,"Upper Phillips Creek  InundExp2, Site 4, Intact Turf",UPE4,UPM,InundExp2,4,1,1,6,(B)Border Control,a,Spartina patens,41271,17.66,43.39,0,61.05, ,37.46,-75.833
1998, , ,"Upper Phillips Creek  InundExp2, Site 4, Intact Turf",UPE4,UPM,InundExp2,4,1,1,6,(B)Border Control,b,Distichlis spicata,40662,5.78,16.08,0,21.86, ,37.46,-75.833
1998, , ,"Upper Phillips Creek  InundExp2, Site 4, Intact Turf",UPE4,UPM,InundExp2,4,1,1,6,(B)Border Control,b,Spartina patens,41271,27.96,44.8,0,72.76, ,37.46,-75.833
1998, , ,"Upper Phillips Creek  InundExp2, Site 4, Intact Turf",UPE4,UPM,InundExp2,4,1,1,6,(B)Border Control,c,Distichlis spicata,40662,17.34,28.61,0,45.95, ,37.46,-75.833
1998, , ,"Upper Phillips Creek  InundExp2, Site 4, Intact Turf",UPE4,UPM,InundExp2,4,1,1,6,(B)Border Control,c,Spartina patens,41271,37.54,77.47,0,115.01, ,37.46,-75.833
1998, , ,"Upper Phillips Creek  InundExp2, Site 4, Intact Turf",UPE4,UPM,InundExp2,4,1,1,7,(P)Pumped Plot,a,Distichlis spicata,40662,9.5,12.72,0,22.22, ,37.46,-75.833
1998, , ,"Upper Phillips Creek  InundExp2, Site 4, Intact Turf",UPE4,UPM,InundExp2,4,1,1,7,(P)Pumped Plot,a,Spartina patens,41271,18.38,45.54,0,63.92, ,37.46,-75.833
1998, , ,"Upper Phillips Creek  InundExp2, Site 4, Intact Turf",UPE4,UPM,InundExp2,4,1,1,7,(P)Pumped Plot,b,Distichlis spicata,40662,5.43,6.33,0,11.76, ,37.46,-75.833
1998, , ,"Upper Phillips Creek  InundExp2, Site 4, Intact Turf",UPE4,UPM,InundExp2,4,1,1,7,(P)Pumped Plot,b,Spartina patens,41271,18.22,40.67,0,58.89, ,37.46,-75.833
1998, , ,"Upper Phillips Creek  InundExp2, Site 4, Intact Turf",UPE4,UPM,InundExp2,4,1,1,7,(P)Pumped Plot,c,Distichlis spicata,40662,5.96,10.56,0,16.52, ,37.46,-75.833
1998, , ,"Upper Phillips Creek  InundExp2, Site 4, Intact Turf",UPE4,UPM,InundExp2,4,1,1,7,(P)Pumped Plot,c,Spartina patens,41271,31.9,25.07,0,56.97, ,37.46,-75.833
1998, , ,"Upper Phillips Creek  InundExp2, Site 4, Intact Turf",UPE4,UPM,InundExp2,4,1,1,8,(C)Control Plot,a,Distichlis spicata,40662,8.09,12.21,0,20.3, ,37.46,-75.833
1998, , ,"Upper Phillips Creek  InundExp2, Site 4, Intact Turf",UPE4,UPM,InundExp2,4,1,1,8,(C)Control Plot,a,Spartina patens,41271,20.56,51.78,0,72.34, ,37.46,-75.833
1998, , ,"Upper Phillips Creek  InundExp2, Site 4, Intact Turf",UPE4,UPM,InundExp2,4,1,1,8,(C)Control Plot,b,Distichlis spicata,40662,8.3,19.16,0,27.46, ,37.46,-75.833
1998, , ,"Upper Phillips Creek  InundExp2, Site 4, Intact Turf",UPE4,UPM,InundExp2,4,1,1,8,(C)Control Plot,b,Spartina patens,41271,43.68,56.86,0,100.54, ,37.46,-75.833
1998, , ,"Upper Phillips Creek  InundExp2, Site 4, Intact Turf",UPE4,UPM,InundExp2,4,1,1,8,(C)Control Plot,c,Distichlis spicata,40662,7.32,18.03,0,25.35, ,37.46,-75.833
1998, , ,"Upper Phillips Creek  InundExp2, Site 4, Intact Turf",UPE4,UPM,InundExp2,4,1,1,8,(C)Control Plot,c,Spartina patens,41271,30.85,36.39,0,67.24, ,37.46,-75.833
1998, , ,"Upper Phillips Creek  InundExp2, Site 4, Intact Turf",UPE4,UPM,InundExp2,4,1,2,6,(B)Border Control,a,Distichlis spicata,40662,13.55,9.85,0,23.4, ,37.46,-75.833
1998, , ,"Upper Phillips Creek  InundExp2, Site 4, Intact Turf",UPE4,UPM,InundExp2,4,1,2,6,(B)Border Control,a,Spartina patens,41271,36.02,25.71,0,61.73, ,37.46,-75.833
1998, , ,"Upper Phillips Creek  InundExp2, Site 4, Intact Turf",UPE4,UPM,InundExp2,4,1,2,6,(B)Border Control,b,Distichlis spicata,40662,7.86,20.54,0,28.4, ,37.46,-75.833
1998, , ,"Upper Phillips Creek  InundExp2, Site 4, Intact Turf",UPE4,UPM,InundExp2,4,1,2,6,(B)Border Control,b,Spartina patens,41271,15.28,94.99,0,110.27, ,37.46,-75.833
1998, , ,"Upper Phillips Creek  InundExp2, Site 4, Intact Turf",UPE4,UPM,InundExp2,4,1,2,6,(B)Border Control,c,Distichlis spicata,40662,7.97,12.02,0,19.99, ,37.46,-75.833
1998, , ,"Upper Phillips Creek  InundExp2, Site 4, Intact Turf",UPE4,UPM,InundExp2,4,1,2,6,(B)Border Control,c,Spartina patens,41271,28.6,28.29,0,56.89, ,37.46,-75.833
1998, , ,"Upper Phillips Creek  InundExp2, Site 4, Intact Turf",UPE4,UPM,InundExp2,4,1,2,7,(P)Pumped Plot,a,Distichlis spicata,40662,11.27,14.91,0,26.18, ,37.46,-75.833
1998, , ,"Upper Phillips Creek  InundExp2, Site 4, Intact Turf",UPE4,UPM,InundExp2,4,1,2,7,(P)Pumped Plot,a,Spartina patens,41271,16.12,43.31,0,59.43, ,37.46,-75.833
1998, , ,"Upper Phillips Creek  InundExp2, Site 4, Intact Turf",UPE4,UPM,InundExp2,4,1,2,7,(P)Pumped Plot,b,Distichlis spicata,40662,3.847,4.2,0,8.047, ,37.46,-75.833
1998, , ,"Upper Phillips Creek  InundExp2, Site 4, Intact Turf",UPE4,UPM,InundExp2,4,1,2,7,(P)Pumped Plot,b,Spartina patens,41271,22.48,45.74,0,68.22, ,37.46,-75.833
1998, , ,"Upper Phillips Creek  InundExp2, Site 4, Intact Turf",UPE4,UPM,InundExp2,4,1,2,7,(P)Pumped Plot,c,Distichlis spicata,40662,11.52,8.14,0,19.66, ,37.46,-75.833
1998, , ,"Upper Phillips Creek  InundExp2, Site 4, Intact Turf",UPE4,UPM,InundExp2,4,1,2,7,(P)Pumped Plot,c,Spartina patens,41271,31.42,68.12,0,99.54, ,37.46,-75.833
1998, , ,"Upper Phillips Creek  InundExp2, Site 4, Intact Turf",UPE4,UPM,InundExp2,4,1,2,8,(C)Control Plot,a,Distichlis spicata,40662,12.35,23.94,0,36.29, ,37.46,-75.833
1998, , ,"Upper Phillips Creek  InundExp2, Site 4, Intact Turf",UPE4,UPM,InundExp2,4,1,2,8,(C)Control Plot,a,Spartina patens,41271,57.98,62.1,0,120.08, ,37.46,-75.833
1998, , ,"Upper Phillips Creek  InundExp2, Site 4, Intact Turf",UPE4,UPM,InundExp2,4,1,2,8,(C)Control Plot,b,Distichlis spicata,40662,14.14,29.05,0,43.19, ,37.46,-75.833
1998, , ,"Upper Phillips Creek  InundExp2, Site 4, Intact Turf",UPE4,UPM,InundExp2,4,1,2,8,(C)Control Plot,b,Spartina patens,41271,49.36,38.38,0,87.74, ,37.46,-75.833
1998, , ,"Upper Phillips Creek  InundExp2, Site 4, Intact Turf",UPE4,UPM,InundExp2,4,1,2,8,(C)Control Plot,c,Distichlis spicata,40662,7.58,13.02,0,20.6, ,37.46,-75.833
1998, , ,"Upper Phillips Creek  InundExp2, Site 4, Intact Turf",UPE4,UPM,InundExp2,4,1,2,8,(C)Control Plot,c,Spartina patens,41271,47.35,37.15,0,84.5, ,37.46,-75.833
1998, , ,"Upper Phillips Creek  InundExp2, Site 5, Hum./Hollow",UPE5,UPM,InundExp2,5,1,1,6,(B)Border Control,a,Distichlis spicata,40662,32.15,33.62,0,65.77, ,37.46,-75.833
1998, , ,"Upper Phillips Creek  InundExp2, Site 5, Hum./Hollow",UPE5,UPM,InundExp2,5,1,1,6,(B)Border Control,a,Spartina patens,41271,.12,.56,0,.68, ,37.46,-75.833
1998, , ,"Upper Phillips Creek  InundExp2, Site 5, Hum./Hollow",UPE5,UPM,InundExp2,5,1,1,6,(B)Border Control,b,Distichlis spicata,40662,27.59,40.93,0,68.52, ,37.46,-75.833
1998, , ,"Upper Phillips Creek  InundExp2, Site 5, Hum./Hollow",UPE5,UPM,InundExp2,5,1,1,6,(B)Border Control,b,Spartina patens,41271,2.88,5.2,0,8.08, ,37.46,-75.833
1998, , ,"Upper Phillips Creek  InundExp2, Site 5, Hum./Hollow",UPE5,UPM,InundExp2,5,1,1,6,(B)Border Control,c,Distichlis spicata,40662,28.84,15.08,0,43.92, ,37.46,-75.833
1998, , ,"Upper Phillips Creek  InundExp2, Site 5, Hum./Hollow",UPE5,UPM,InundExp2,5,1,1,6,(B)Border Control,c,Spartina patens,41271,4.67,2.11,0,6.78, ,37.46,-75.833
1998, , ,"Upper Phillips Creek  InundExp2, Site 5, Hum./Hollow",UPE5,UPM,InundExp2,5,1,1,7,(P)Pumped Plot,a,Distichlis spicata,40662,28.97,56.79,0,85.76, ,37.46,-75.833
1998, , ,"Upper Phillips Creek  InundExp2, Site 5, Hum./Hollow",UPE5,UPM,InundExp2,5,1,1,7,(P)Pumped Plot,a,Spartina patens,41271,12.4,11.42,0,23.82, ,37.46,-75.833
1998, , ,"Upper Phillips Creek  InundExp2, Site 5, Hum./Hollow",UPE5,UPM,InundExp2,5,1,1,7,(P)Pumped Plot,b,Distichlis spicata,40662,22.57,30.24,0,52.81, ,37.46,-75.833
1998, , ,"Upper Phillips Creek  InundExp2, Site 5, Hum./Hollow",UPE5,UPM,InundExp2,5,1,1,7,(P)Pumped Plot,c,Distichlis spicata,40662,26.65,14.69,0,41.34, ,37.46,-75.833
1998, , ,"Upper Phillips Creek  InundExp2, Site 5, Hum./Hollow",UPE5,UPM,InundExp2,5,1,1,7,(P)Pumped Plot,c,Spartina patens,41271,18.87,14.08,0,32.95, ,37.46,-75.833
1998, , ,"Upper Phillips Creek  InundExp2, Site 5, Hum./Hollow",UPE5,UPM,InundExp2,5,1,1,8,(C)Control Plot,a,Distichlis spicata,40662,4.4,8.63,0,13.03, ,37.46,-75.833
1998, , ,"Upper Phillips Creek  InundExp2, Site 5, Hum./Hollow",UPE5,UPM,InundExp2,5,1,1,8,(C)Control Plot,b,Distichlis spicata,40662,16.28,29.98,0,46.26, ,37.46,-75.833
1998, , ,"Upper Phillips Creek  InundExp2, Site 5, Hum./Hollow",UPE5,UPM,InundExp2,5,1,1,8,(C)Control Plot,b,Spartina patens,41271,16.46,22.94,0,39.4, ,37.46,-75.833
1998, , ,"Upper Phillips Creek  InundExp2, Site 5, Hum./Hollow",UPE5,UPM,InundExp2,5,1,1,8,(C)Control Plot,c,Distichlis spicata,40662,16.3,30.51,0,46.81, ,37.46,-75.833
1998, , ,"Upper Phillips Creek  InundExp2, Site 5, Hum./Hollow",UPE5,UPM,InundExp2,5,1,1,8,(C)Control Plot,c,Spartina patens,41271,11.72,12.95,0,24.67, ,37.46,-75.833
1998, , ,"Upper Phillips Creek  InundExp2, Site 5, Hum./Hollow",UPE5,UPM,InundExp2,5,1,2,6,(B)Border Control,a,Distichlis spicata,40662,12.34,17.91,0,30.25, ,37.46,-75.833
1998, , ,"Upper Phillips Creek  InundExp2, Site 5, Hum./Hollow",UPE5,UPM,InundExp2,5,1,2,6,(B)Border Control,a,Spartina patens,41271,21.79,11.57,0,33.36, ,37.46,-75.833
1998, , ,"Upper Phillips Creek  InundExp2, Site 5, Hum./Hollow",UPE5,UPM,InundExp2,5,1,2,6,(B)Border Control,b,Distichlis spicata,40662,4.05,2.51,0,6.56, ,37.46,-75.833
1998, , ,"Upper Phillips Creek  InundExp2, Site 5, Hum./Hollow",UPE5,UPM,InundExp2,5,1,2,6,(B)Border Control,b,Spartina patens,41271,.11,.1,0,.21, ,37.46,-75.833
1998, , ,"Upper Phillips Creek  InundExp2, Site 5, Hum./Hollow",UPE5,UPM,InundExp2,5,1,2,6,(B)Border Control,c,Distichlis spicata,40662,6.11,9.09,0,15.2, ,37.46,-75.833
1998, , ,"Upper Phillips Creek  InundExp2, Site 5, Hum./Hollow",UPE5,UPM,InundExp2,5,1,2,7,(P)Pumped Plot,a,Distichlis spicata,40662,30.92,19.45,0,50.37, ,37.46,-75.833
1998, , ,"Upper Phillips Creek  InundExp2, Site 5, Hum./Hollow",UPE5,UPM,InundExp2,5,1,2,7,(P)Pumped Plot,a,Spartina patens,41271,4.07,0,0,4.07, ,37.46,-75.833
1998, , ,"Upper Phillips Creek  InundExp2, Site 5, Hum./Hollow",UPE5,UPM,InundExp2,5,1,2,7,(P)Pumped Plot,b,Distichlis spicata,40662,20.24,17.39,0,37.63, ,37.46,-75.833
1998, , ,"Upper Phillips Creek  InundExp2, Site 5, Hum./Hollow",UPE5,UPM,InundExp2,5,1,2,7,(P)Pumped Plot,c,Distichlis spicata,40662,40.75,38.36,0,79.11, ,37.46,-75.833
1998, , ,"Upper Phillips Creek  InundExp2, Site 5, Hum./Hollow",UPE5,UPM,InundExp2,5,1,2,7,(P)Pumped Plot,c,Spartina patens,41271,9.44,6.96,0,16.4, ,37.46,-75.833
1998, , ,"Upper Phillips Creek  InundExp2, Site 5, Hum./Hollow",UPE5,UPM,InundExp2,5,1,2,8,(C)Control Plot,a,Distichlis spicata,40662,34.94,42.53,0,77.47, ,37.46,-75.833
1998, , ,"Upper Phillips Creek  InundExp2, Site 5, Hum./Hollow",UPE5,UPM,InundExp2,5,1,2,8,(C)Control Plot,a,Spartina patens,41271,13.54,31.88,0,45.42, ,37.46,-75.833
1998, , ,"Upper Phillips Creek  InundExp2, Site 5, Hum./Hollow",UPE5,UPM,InundExp2,5,1,2,8,(C)Control Plot,b,Distichlis spicata,40662,3.44,6.12,0,9.56, ,37.46,-75.833
1998, , ,"Upper Phillips Creek  InundExp2, Site 5, Hum./Hollow",UPE5,UPM,InundExp2,5,1,2,8,(C)Control Plot,b,Spartina patens,41271,.8,1.19,0,1.99, ,37.46,-75.833
1998, , ,"Upper Phillips Creek  InundExp2, Site 5, Hum./Hollow",UPE5,UPM,InundExp2,5,1,2,8,(C)Control Plot,c,Distichlis spicata,40662,13.73,24.81,0,38.54, ,37.46,-75.833
1998, , ,"Upper Phillips Creek  InundExp2, Site 5, Hum./Hollow",UPE5,UPM,InundExp2,5,1,2,8,(C)Control Plot,c,Spartina patens,41271,18,19.74,0,37.74, ,37.46,-75.833
1998, , ,"Upper Phillips Creek InundExp2, Site 1, Creekbank",UPE1,UPM,InundExp2,1,1,1,6,(B)Border Control,a,Distichlis spicata,40662,37.36,31.34,0,68.7, ,37.46,-75.833
1998, , ,"Upper Phillips Creek InundExp2, Site 1, Creekbank",UPE1,UPM,InundExp2,1,1,1,6,(B)Border Control,a,Spartina patens,41271,57.17,40.96,0,98.13, ,37.46,-75.833
1998, , ,"Upper Phillips Creek InundExp2, Site 1, Creekbank",UPE1,UPM,InundExp2,1,1,1,6,(B)Border Control,b,Distichlis spicata,40662,64.69,47.08,0,111.77, ,37.46,-75.833
1998, , ,"Upper Phillips Creek InundExp2, Site 1, Creekbank",UPE1,UPM,InundExp2,1,1,1,6,(B)Border Control,b,Spartina patens,41271,13.4,3.76,0,17.16, ,37.46,-75.833
1998, , ,"Upper Phillips Creek InundExp2, Site 1, Creekbank",UPE1,UPM,InundExp2,1,1,1,6,(B)Border Control,c,Distichlis spicata,40662,38.58,47.06,0,85.64, ,37.46,-75.833
1998, , ,"Upper Phillips Creek InundExp2, Site 1, Creekbank",UPE1,UPM,InundExp2,1,1,1,6,(B)Border Control,c,Spartina patens,41271,25.21,13.99,0,39.2, ,37.46,-75.833
1998, , ,"Upper Phillips Creek InundExp2, Site 1, Creekbank",UPE1,UPM,InundExp2,1,1,1,7,(P)Pumped Plot,a,Distichlis spicata,40662,31.7,31.11,0,62.81, ,37.46,-75.833
1998, , ,"Upper Phillips Creek InundExp2, Site 1, Creekbank",UPE1,UPM,InundExp2,1,1,1,7,(P)Pumped Plot,a,Spartina patens,41271,87.61,56.18,0,143.79, ,37.46,-75.833
1998, , ,"Upper Phillips Creek InundExp2, Site 1, Creekbank",UPE1,UPM,InundExp2,1,1,1,7,(P)Pumped Plot,b,Distichlis spicata,40662,50.78,50.5,0,101.28, ,37.46,-75.833
1998, , ,"Upper Phillips Creek InundExp2, Site 1, Creekbank",UPE1,UPM,InundExp2,1,1,1,7,(P)Pumped Plot,b,Spartina patens,41271,44.52,20.54,0,65.06, ,37.46,-75.833
1998, , ,"Upper Phillips Creek InundExp2, Site 1, Creekbank",UPE1,UPM,InundExp2,1,1,1,7,(P)Pumped Plot,c,Distichlis spicata,40662,26.83,11.24,0,38.07, ,37.46,-75.833
1998, , ,"Upper Phillips Creek InundExp2, Site 1, Creekbank",UPE1,UPM,InundExp2,1,1,1,7,(P)Pumped Plot,c,Spartina patens,41271,54.76,9.51,0,64.27, ,37.46,-75.833
1998, , ,"Upper Phillips Creek InundExp2, Site 1, Creekbank",UPE1,UPM,InundExp2,1,1,1,8,(C)Control Plot,a,Distichlis spicata,40662,5.8,.57,0,6.37, ,37.46,-75.833
1998, , ,"Upper Phillips Creek InundExp2, Site 1, Creekbank",UPE1,UPM,InundExp2,1,1,1,8,(C)Control Plot,a,Spartina patens,41271,15.33,7.67,0,23, ,37.46,-75.833
1998, , ,"Upper Phillips Creek InundExp2, Site 1, Creekbank",UPE1,UPM,InundExp2,1,1,1,8,(C)Control Plot,b,Distichlis spicata,40662,11.73,28.2,0,39.93, ,37.46,-75.833
1998, , ,"Upper Phillips Creek InundExp2, Site 1, Creekbank",UPE1,UPM,InundExp2,1,1,1,8,(C)Control Plot,b,Spartina patens,41271,42.36,6.36,0,48.72, ,37.46,-75.833
1998, , ,"Upper Phillips Creek InundExp2, Site 1, Creekbank",UPE1,UPM,InundExp2,1,1,1,8,(C)Control Plot,c,Distichlis spicata,40662,2.94,6.6,0,9.54, ,37.46,-75.833
1998, , ,"Upper Phillips Creek InundExp2, Site 1, Creekbank",UPE1,UPM,InundExp2,1,1,1,8,(C)Control Plot,c,Spartina patens,41271,27.04,31.41,0,58.45, ,37.46,-75.833
1998, , ,"Upper Phillips Creek InundExp2, Site 1, Creekbank",UPE1,UPM,InundExp2,1,1,2,6,(B)Border Control,a,Distichlis spicata,40662,21.24,19.96,0,41.2, ,37.46,-75.833
1998, , ,"Upper Phillips Creek InundExp2, Site 1, Creekbank",UPE1,UPM,InundExp2,1,1,2,6,(B)Border Control,a,Spartina patens,41271,50.02,42.79,0,92.81, ,37.46,-75.833
1998, , ,"Upper Phillips Creek InundExp2, Site 1, Creekbank",UPE1,UPM,InundExp2,1,1,2,6,(B)Border Control,b,Distichlis spicata,40662,24.55,25.42,0,49.97, ,37.46,-75.833
1998, , ,"Upper Phillips Creek InundExp2, Site 1, Creekbank",UPE1,UPM,InundExp2,1,1,2,6,(B)Border Control,b,Spartina patens,41271,30.08,1.26,0,31.34, ,37.46,-75.833
1998, , ,"Upper Phillips Creek InundExp2, Site 1, Creekbank",UPE1,UPM,InundExp2,1,1,2,6,(B)Border Control,c,Distichlis spicata,40662,50.71,47.17,0,97.88, ,37.46,-75.833
1998, , ,"Upper Phillips Creek InundExp2, Site 1, Creekbank",UPE1,UPM,InundExp2,1,1,2,6,(B)Border Control,c,Spartina patens,41271,11.64,1.09,0,12.73, ,37.46,-75.833
1998, , ,"Upper Phillips Creek InundExp2, Site 1, Creekbank",UPE1,UPM,InundExp2,1,1,2,7,(P)Pumped Plot,a,Distichlis spicata,40662,15.3,57.1,0,72.4, ,37.46,-75.833
1998, , ,"Upper Phillips Creek InundExp2, Site 1, Creekbank",UPE1,UPM,InundExp2,1,1,2,7,(P)Pumped Plot,a,Spartina patens,41271,4.19,1.21,0,5.4, ,37.46,-75.833
1998, , ,"Upper Phillips Creek InundExp2, Site 1, Creekbank",UPE1,UPM,InundExp2,1,1,2,7,(P)Pumped Plot,b,Distichlis spicata,40662,62.65,70.93,0,133.58, ,37.46,-75.833
1998, , ,"Upper Phillips Creek InundExp2, Site 1, Creekbank",UPE1,UPM,InundExp2,1,1,2,7,(P)Pumped Plot,b,Spartina patens,41271,49.55,11.99,0,61.54, ,37.46,-75.833
1998, , ,"Upper Phillips Creek InundExp2, Site 1, Creekbank",UPE1,UPM,InundExp2,1,1,2,7,(P)Pumped Plot,c,Distichlis spicata,40662,13.94,7.7,0,21.64, ,37.46,-75.833
1998, , ,"Upper Phillips Creek InundExp2, Site 1, Creekbank",UPE1,UPM,InundExp2,1,1,2,7,(P)Pumped Plot,c,Spartina patens,41271,88.04,39.78,0,127.82, ,37.46,-75.833
1998, , ,"Upper Phillips Creek InundExp2, Site 1, Creekbank",UPE1,UPM,InundExp2,1,1,2,8,(C)Control Plot,a,Distichlis spicata,40662,67.72,47.51,0,115.23, ,37.46,-75.833
1998, , ,"Upper Phillips Creek InundExp2, Site 1, Creekbank",UPE1,UPM,InundExp2,1,1,2,8,(C)Control Plot,a,Spartina patens,41271,1.55,.23,0,1.78, ,37.46,-75.833
1998, , ,"Upper Phillips Creek InundExp2, Site 1, Creekbank",UPE1,UPM,InundExp2,1,1,2,8,(C)Control Plot,b,Distichlis spicata,40662,98.65,74.05,0,172.7, ,37.46,-75.833
1998, , ,"Upper Phillips Creek InundExp2, Site 1, Creekbank",UPE1,UPM,InundExp2,1,1,2,8,(C)Control Plot,c,Distichlis spicata,40662,105.62,72.58,0,178.2, ,37.46,-75.833
1998, , ,"Upper Phillips Creek InundExp2, Site 1, Creekbank",UPE1,UPM,InundExp2,1,1,2,8,(C)Control Plot,c,Spartina patens,41271,2.38,.21,0,2.59, ,37.46,-75.833
1999, , ,"Upper Phillips Creek  InundExp2, Site 2, Intact Turf",UPE2,UPM,InundExp2,2,1,1,6,(B)Border Control,a,Distichlis spicata,40662,11.4,0,0,11.4, ,37.46,-75.833
1999, , ,"Upper Phillips Creek  InundExp2, Site 2, Intact Turf",UPE2,UPM,InundExp2,2,1,1,6,(B)Border Control,a,Spartina patens,41271,31.3,0,0,31.3, ,37.46,-75.833
1999, , ,"Upper Phillips Creek  InundExp2, Site 2, Intact Turf",UPE2,UPM,InundExp2,2,1,1,6,(B)Border Control,b,Distichlis spicata,40662,10.81,0,0,10.81, ,37.46,-75.833
1999, , ,"Upper Phillips Creek  InundExp2, Site 2, Intact Turf",UPE2,UPM,InundExp2,2,1,1,6,(B)Border Control,b,Spartina patens,41271,30.01,0,0,30.01, ,37.46,-75.833
1999, , ,"Upper Phillips Creek  InundExp2, Site 2, Intact Turf",UPE2,UPM,InundExp2,2,1,1,6,(B)Border Control,c,Distichlis spicata,40662,12.4,0,0,12.4, ,37.46,-75.833
1999, , ,"Upper Phillips Creek  InundExp2, Site 2, Intact Turf",UPE2,UPM,InundExp2,2,1,1,6,(B)Border Control,c,Spartina patens,41271,27.9,0,0,27.9, ,37.46,-75.833
1999, , ,"Upper Phillips Creek  InundExp2, Site 2, Intact Turf",UPE2,UPM,InundExp2,2,1,1,7,(P)Pumped Plot,a,Distichlis spicata,40662,11.3,0,0,11.3, ,37.46,-75.833
1999, , ,"Upper Phillips Creek  InundExp2, Site 2, Intact Turf",UPE2,UPM,InundExp2,2,1,1,7,(P)Pumped Plot,a,Spartina patens,41271,17.1,0,0,17.1, ,37.46,-75.833
1999, , ,"Upper Phillips Creek  InundExp2, Site 2, Intact Turf",UPE2,UPM,InundExp2,2,1,1,7,(P)Pumped Plot,b,Distichlis spicata,40662,12.6,0,0,12.6, ,37.46,-75.833
1999, , ,"Upper Phillips Creek  InundExp2, Site 2, Intact Turf",UPE2,UPM,InundExp2,2,1,1,7,(P)Pumped Plot,b,Spartina patens,41271,15.9,0,0,15.9, ,37.46,-75.833
1999, , ,"Upper Phillips Creek  InundExp2, Site 2, Intact Turf",UPE2,UPM,InundExp2,2,1,1,7,(P)Pumped Plot,c,Distichlis spicata,40662,3.04,0,0,3.04, ,37.46,-75.833
1999, , ,"Upper Phillips Creek  InundExp2, Site 2, Intact Turf",UPE2,UPM,InundExp2,2,1,1,7,(P)Pumped Plot,c,Spartina patens,41271,14.2,0,0,14.2, ,37.46,-75.833
1999, , ,"Upper Phillips Creek  InundExp2, Site 2, Intact Turf",UPE2,UPM,InundExp2,2,1,1,8,(C)Control Plot,a,Distichlis spicata,40662,8.1,0,0,8.1, ,37.46,-75.833
1999, , ,"Upper Phillips Creek  InundExp2, Site 2, Intact Turf",UPE2,UPM,InundExp2,2,1,1,8,(C)Control Plot,a,Spartina patens,41271,46.1,0,0,46.1, ,37.46,-75.833
1999, , ,"Upper Phillips Creek  InundExp2, Site 2, Intact Turf",UPE2,UPM,InundExp2,2,1,1,8,(C)Control Plot,b,Distichlis spicata,40662,4.87,0,0,4.87, ,37.46,-75.833
1999, , ,"Upper Phillips Creek  InundExp2, Site 2, Intact Turf",UPE2,UPM,InundExp2,2,1,1,8,(C)Control Plot,b,Spartina patens,41271,8.56,0,0,8.56, ,37.46,-75.833
1999, , ,"Upper Phillips Creek  InundExp2, Site 2, Intact Turf",UPE2,UPM,InundExp2,2,1,1,8,(C)Control Plot,c,Distichlis spicata,40662,11.9,0,0,11.9, ,37.46,-75.833
1999, , ,"Upper Phillips Creek  InundExp2, Site 2, Intact Turf",UPE2,UPM,InundExp2,2,1,1,8,(C)Control Plot,c,Spartina patens,41271,33.6,0,0,33.6, ,37.46,-75.833
1999, , ,"Upper Phillips Creek  InundExp2, Site 2, Intact Turf",UPE2,UPM,InundExp2,2,1,2,6,(B)Border Control,a,Distichlis spicata,40662,4.67,0,0,4.67, ,37.46,-75.833
1999, , ,"Upper Phillips Creek  InundExp2, Site 2, Intact Turf",UPE2,UPM,InundExp2,2,1,2,6,(B)Border Control,a,Spartina patens,41271,6.98,0,0,6.98, ,37.46,-75.833
1999, , ,"Upper Phillips Creek  InundExp2, Site 2, Intact Turf",UPE2,UPM,InundExp2,2,1,2,6,(B)Border Control,b,Distichlis spicata,40662,6.1,0,0,6.1, ,37.46,-75.833
1999, , ,"Upper Phillips Creek  InundExp2, Site 2, Intact Turf",UPE2,UPM,InundExp2,2,1,2,6,(B)Border Control,b,Spartina patens,41271,22.7,0,0,22.7, ,37.46,-75.833
1999, , ,"Upper Phillips Creek  InundExp2, Site 2, Intact Turf",UPE2,UPM,InundExp2,2,1,2,6,(B)Border Control,c,Distichlis spicata,40662,5.88,0,0,5.88, ,37.46,-75.833
1999, , ,"Upper Phillips Creek  InundExp2, Site 2, Intact Turf",UPE2,UPM,InundExp2,2,1,2,6,(B)Border Control,c,Spartina patens,41271,18.7,0,0,18.7, ,37.46,-75.833
1999, , ,"Upper Phillips Creek  InundExp2, Site 2, Intact Turf",UPE2,UPM,InundExp2,2,1,2,7,(P)Pumped Plot,a,Distichlis spicata,40662,5.1,0,0,5.1, ,37.46,-75.833
1999, , ,"Upper Phillips Creek  InundExp2, Site 2, Intact Turf",UPE2,UPM,InundExp2,2,1,2,7,(P)Pumped Plot,a,Spartina patens,41271,15.1,0,0,15.1, ,37.46,-75.833
1999, , ,"Upper Phillips Creek  InundExp2, Site 2, Intact Turf",UPE2,UPM,InundExp2,2,1,2,7,(P)Pumped Plot,b,Distichlis spicata,40662,6.9,0,0,6.9, ,37.46,-75.833
1999, , ,"Upper Phillips Creek  InundExp2, Site 2, Intact Turf",UPE2,UPM,InundExp2,2,1,2,7,(P)Pumped Plot,b,Spartina patens,41271,25.9,0,0,25.9, ,37.46,-75.833
1999, , ,"Upper Phillips Creek  InundExp2, Site 2, Intact Turf",UPE2,UPM,InundExp2,2,1,2,7,(P)Pumped Plot,c,Distichlis spicata,40662,7.7,0,0,7.7, ,37.46,-75.833
1999, , ,"Upper Phillips Creek  InundExp2, Site 2, Intact Turf",UPE2,UPM,InundExp2,2,1,2,7,(P)Pumped Plot,c,Spartina patens,41271,15.31,0,0,15.31, ,37.46,-75.833
1999, , ,"Upper Phillips Creek  InundExp2, Site 2, Intact Turf",UPE2,UPM,InundExp2,2,1,2,8,(C)Control Plot,a,Distichlis spicata,40662,16.9,0,0,16.9, ,37.46,-75.833
1999, , ,"Upper Phillips Creek  InundExp2, Site 2, Intact Turf",UPE2,UPM,InundExp2,2,1,2,8,(C)Control Plot,a,Spartina patens,41271,24.6,0,0,24.6, ,37.46,-75.833
1999, , ,"Upper Phillips Creek  InundExp2, Site 2, Intact Turf",UPE2,UPM,InundExp2,2,1,2,8,(C)Control Plot,b,Distichlis spicata,40662,1.59,0,0,1.59, ,37.46,-75.833
1999, , ,"Upper Phillips Creek  InundExp2, Site 2, Intact Turf",UPE2,UPM,InundExp2,2,1,2,8,(C)Control Plot,b,Spartina patens,41271,17.65,0,0,17.65, ,37.46,-75.833
1999, , ,"Upper Phillips Creek  InundExp2, Site 2, Intact Turf",UPE2,UPM,InundExp2,2,1,2,8,(C)Control Plot,c,Distichlis spicata,40662,13.9,0,0,13.9, ,37.46,-75.833
1999, , ,"Upper Phillips Creek  InundExp2, Site 2, Intact Turf",UPE2,UPM,InundExp2,2,1,2,8,(C)Control Plot,c,Spartina patens,41271,33.5,0,0,33.5, ,37.46,-75.833
1999, , ,"Upper Phillips Creek  InundExp2, Site 3, Hum./Hollow",UPE3,UPM,InundExp2,3,1,1,8,(C)Control Plot,a,Distichlis spicata,40662,23.85,0,0,23.85, ,37.46,-75.833
1999, , ,"Upper Phillips Creek  InundExp2, Site 3, Hum./Hollow",UPE3,UPM,InundExp2,3,1,1,8,(C)Control Plot,a,Spartina patens,41271,6.27,0,0,6.27, ,37.46,-75.833
1999, , ,"Upper Phillips Creek  InundExp2, Site 3, Hum./Hollow",UPE3,UPM,InundExp2,3,1,1,8,(C)Control Plot,b,Distichlis spicata,40662,54.16,0,0,54.16, ,37.46,-75.833
1999, , ,"Upper Phillips Creek  InundExp2, Site 3, Hum./Hollow",UPE3,UPM,InundExp2,3,1,1,8,(C)Control Plot,b,Spartina patens,41271,15.08,0,0,15.08, ,37.46,-75.833
1999, , ,"Upper Phillips Creek  InundExp2, Site 3, Hum./Hollow",UPE3,UPM,InundExp2,3,1,1,8,(C)Control Plot,c,Distichlis spicata,40662,25.9,0,0,25.9, ,37.46,-75.833
1999, , ,"Upper Phillips Creek  InundExp2, Site 3, Hum./Hollow",UPE3,UPM,InundExp2,3,1,1,8,(C)Control Plot,c,Spartina patens,41271,11.1,0,0,11.1, ,37.46,-75.833
1999, , ,"Upper Phillips Creek  InundExp2, Site 3, Hum./Hollow",UPE3,UPM,InundExp2,3,1,2,8,(C)Control Plot,a,Distichlis spicata,40662,20.78,0,0,20.78, ,37.46,-75.833
1999, , ,"Upper Phillips Creek  InundExp2, Site 3, Hum./Hollow",UPE3,UPM,InundExp2,3,1,2,8,(C)Control Plot,a,Spartina patens,41271,10.4,0,0,10.4, ,37.46,-75.833
1999, , ,"Upper Phillips Creek  InundExp2, Site 3, Hum./Hollow",UPE3,UPM,InundExp2,3,1,2,8,(C)Control Plot,b,Distichlis spicata,40662,25.83,0,0,25.83, ,37.46,-75.833
1999, , ,"Upper Phillips Creek  InundExp2, Site 3, Hum./Hollow",UPE3,UPM,InundExp2,3,1,2,8,(C)Control Plot,b,Spartina patens,41271,9.39,0,0,9.39, ,37.46,-75.833
1999, , ,"Upper Phillips Creek  InundExp2, Site 3, Hum./Hollow",UPE3,UPM,InundExp2,3,1,2,8,(C)Control Plot,c,Distichlis spicata,40662,4.71,0,0,4.71, ,37.46,-75.833
1999, , ,"Upper Phillips Creek  InundExp2, Site 3, Hum./Hollow",UPE3,UPM,InundExp2,3,1,2,8,(C)Control Plot,c,Spartina patens,41271,4.19,0,0,4.19, ,37.46,-75.833
1999, , ,"Upper Phillips Creek  InundExp2, Site 4, Intact Turf",UPE4,UPM,InundExp2,4,1,1,6,(B)Border Control,a,Distichlis spicata,40662,3.1,0,0,3.1, ,37.46,-75.833
1999, , ,"Upper Phillips Creek  InundExp2, Site 4, Intact Turf",UPE4,UPM,InundExp2,4,1,1,6,(B)Border Control,a,Spartina patens,41271,26.4,0,0,26.4, ,37.46,-75.833
1999, , ,"Upper Phillips Creek  InundExp2, Site 4, Intact Turf",UPE4,UPM,InundExp2,4,1,1,6,(B)Border Control,b,Distichlis spicata,40662,5.1,0,0,5.1, ,37.46,-75.833
1999, , ,"Upper Phillips Creek  InundExp2, Site 4, Intact Turf",UPE4,UPM,InundExp2,4,1,1,6,(B)Border Control,b,Spartina patens,41271,33.9,0,0,33.9, ,37.46,-75.833
1999, , ,"Upper Phillips Creek  InundExp2, Site 4, Intact Turf",UPE4,UPM,InundExp2,4,1,1,6,(B)Border Control,c,Distichlis spicata,40662,3.87,0,0,3.87, ,37.46,-75.833
1999, , ,"Upper Phillips Creek  InundExp2, Site 4, Intact Turf",UPE4,UPM,InundExp2,4,1,1,6,(B)Border Control,c,Spartina patens,41271,24.6,0,0,24.6, ,37.46,-75.833
1999, , ,"Upper Phillips Creek  InundExp2, Site 4, Intact Turf",UPE4,UPM,InundExp2,4,1,1,7,(P)Pumped Plot,a,Distichlis spicata,40662,3.43,0,0,3.43, ,37.46,-75.833
1999, , ,"Upper Phillips Creek  InundExp2, Site 4, Intact Turf",UPE4,UPM,InundExp2,4,1,1,7,(P)Pumped Plot,a,Spartina patens,41271,20.07,0,0,20.07, ,37.46,-75.833
1999, , ,"Upper Phillips Creek  InundExp2, Site 4, Intact Turf",UPE4,UPM,InundExp2,4,1,1,7,(P)Pumped Plot,b,Distichlis spicata,40662,4.05,0,0,4.05, ,37.46,-75.833
1999, , ,"Upper Phillips Creek  InundExp2, Site 4, Intact Turf",UPE4,UPM,InundExp2,4,1,1,7,(P)Pumped Plot,b,Spartina patens,41271,17.27,0,0,17.27, ,37.46,-75.833
1999, , ,"Upper Phillips Creek  InundExp2, Site 4, Intact Turf",UPE4,UPM,InundExp2,4,1,1,7,(P)Pumped Plot,c,Distichlis spicata,40662,3.33,0,0,3.33, ,37.46,-75.833
1999, , ,"Upper Phillips Creek  InundExp2, Site 4, Intact Turf",UPE4,UPM,InundExp2,4,1,1,7,(P)Pumped Plot,c,Spartina patens,41271,13.49,0,0,13.49, ,37.46,-75.833
1999, , ,"Upper Phillips Creek  InundExp2, Site 4, Intact Turf",UPE4,UPM,InundExp2,4,1,1,8,(C)Control Plot,a,Distichlis spicata,40662,10.36,0,0,10.36, ,37.46,-75.833
1999, , ,"Upper Phillips Creek  InundExp2, Site 4, Intact Turf",UPE4,UPM,InundExp2,4,1,1,8,(C)Control Plot,a,Spartina patens,41271,26.02,0,0,26.02, ,37.46,-75.833
1999, , ,"Upper Phillips Creek  InundExp2, Site 4, Intact Turf",UPE4,UPM,InundExp2,4,1,1,8,(C)Control Plot,b,Distichlis spicata,40662,6.89,0,0,6.89, ,37.46,-75.833
1999, , ,"Upper Phillips Creek  InundExp2, Site 4, Intact Turf",UPE4,UPM,InundExp2,4,1,1,8,(C)Control Plot,b,Spartina patens,41271,40,0,0,40, ,37.46,-75.833
1999, , ,"Upper Phillips Creek  InundExp2, Site 4, Intact Turf",UPE4,UPM,InundExp2,4,1,1,8,(C)Control Plot,c,Distichlis spicata,40662,5.1,0,0,5.1, ,37.46,-75.833
1999, , ,"Upper Phillips Creek  InundExp2, Site 4, Intact Turf",UPE4,UPM,InundExp2,4,1,1,8,(C)Control Plot,c,Spartina patens,41271,24,0,0,24, ,37.46,-75.833
1999, , ,"Upper Phillips Creek  InundExp2, Site 4, Intact Turf",UPE4,UPM,InundExp2,4,1,2,6,(B)Border Control,a,Distichlis spicata,40662,4,0,0,4, ,37.46,-75.833
1999, , ,"Upper Phillips Creek  InundExp2, Site 4, Intact Turf",UPE4,UPM,InundExp2,4,1,2,6,(B)Border Control,a,Spartina patens,41271,36.62,0,0,36.62, ,37.46,-75.833
1999, , ,"Upper Phillips Creek  InundExp2, Site 4, Intact Turf",UPE4,UPM,InundExp2,4,1,2,6,(B)Border Control,b,Distichlis spicata,40662,2.9,0,0,2.9, ,37.46,-75.833
1999, , ,"Upper Phillips Creek  InundExp2, Site 4, Intact Turf",UPE4,UPM,InundExp2,4,1,2,6,(B)Border Control,b,Spartina patens,41271,27.9,0,0,27.9, ,37.46,-75.833
1999, , ,"Upper Phillips Creek  InundExp2, Site 4, Intact Turf",UPE4,UPM,InundExp2,4,1,2,6,(B)Border Control,c,Distichlis spicata,40662,3.41,0,0,3.41, ,37.46,-75.833
1999, , ,"Upper Phillips Creek  InundExp2, Site 4, Intact Turf",UPE4,UPM,InundExp2,4,1,2,6,(B)Border Control,c,Spartina patens,41271,29.6,0,0,29.6, ,37.46,-75.833
1999, , ,"Upper Phillips Creek  InundExp2, Site 4, Intact Turf",UPE4,UPM,InundExp2,4,1,2,7,(P)Pumped Plot,a,Distichlis spicata,40662,3.9,0,0,3.9, ,37.46,-75.833
1999, , ,"Upper Phillips Creek  InundExp2, Site 4, Intact Turf",UPE4,UPM,InundExp2,4,1,2,7,(P)Pumped Plot,a,Spartina patens,41271,22.85,0,0,22.85, ,37.46,-75.833
1999, , ,"Upper Phillips Creek  InundExp2, Site 4, Intact Turf",UPE4,UPM,InundExp2,4,1,2,7,(P)Pumped Plot,b,Distichlis spicata,40662,4.1,0,0,4.1, ,37.46,-75.833
1999, , ,"Upper Phillips Creek  InundExp2, Site 4, Intact Turf",UPE4,UPM,InundExp2,4,1,2,7,(P)Pumped Plot,b,Spartina patens,41271,35.27,0,0,35.27, ,37.46,-75.833
1999, , ,"Upper Phillips Creek  InundExp2, Site 4, Intact Turf",UPE4,UPM,InundExp2,4,1,2,7,(P)Pumped Plot,c,Distichlis spicata,40662,5.2,0,0,5.2, ,37.46,-75.833
1999, , ,"Upper Phillips Creek  InundExp2, Site 4, Intact Turf",UPE4,UPM,InundExp2,4,1,2,7,(P)Pumped Plot,c,Spartina patens,41271,34.3,0,0,34.3, ,37.46,-75.833
1999, , ,"Upper Phillips Creek  InundExp2, Site 4, Intact Turf",UPE4,UPM,InundExp2,4,1,2,8,(C)Control Plot,a,Distichlis spicata,40662,8.9,0,0,8.9, ,37.46,-75.833
1999, , ,"Upper Phillips Creek  InundExp2, Site 4, Intact Turf",UPE4,UPM,InundExp2,4,1,2,8,(C)Control Plot,a,Spartina patens,41271,33.5,0,0,33.5, ,37.46,-75.833
1999, , ,"Upper Phillips Creek  InundExp2, Site 4, Intact Turf",UPE4,UPM,InundExp2,4,1,2,8,(C)Control Plot,b,Distichlis spicata,40662,9.23,0,0,9.23, ,37.46,-75.833
1999, , ,"Upper Phillips Creek  InundExp2, Site 4, Intact Turf",UPE4,UPM,InundExp2,4,1,2,8,(C)Control Plot,b,Spartina patens,41271,39.99,0,0,39.99, ,37.46,-75.833
1999, , ,"Upper Phillips Creek  InundExp2, Site 4, Intact Turf",UPE4,UPM,InundExp2,4,1,2,8,(C)Control Plot,c,Distichlis spicata,40662,8.5,0,0,8.5, ,37.46,-75.833
1999, , ,"Upper Phillips Creek  InundExp2, Site 4, Intact Turf",UPE4,UPM,InundExp2,4,1,2,8,(C)Control Plot,c,Spartina patens,41271,19.9,0,0,19.9, ,37.46,-75.833
1999, , ,"Upper Phillips Creek  InundExp2, Site 5, Hum./Hollow",UPE5,UPM,InundExp2,5,1,1,6,(B)Border Control,a,Distichlis spicata,40662,15.8,0,0,15.8, ,37.46,-75.833
1999, , ,"Upper Phillips Creek  InundExp2, Site 5, Hum./Hollow",UPE5,UPM,InundExp2,5,1,1,6,(B)Border Control,a,Spartina patens,41271,3.1,0,0,3.1, ,37.46,-75.833
1999, , ,"Upper Phillips Creek  InundExp2, Site 5, Hum./Hollow",UPE5,UPM,InundExp2,5,1,1,6,(B)Border Control,b,Distichlis spicata,40662,16.51,0,0,16.51, ,37.46,-75.833
1999, , ,"Upper Phillips Creek  InundExp2, Site 5, Hum./Hollow",UPE5,UPM,InundExp2,5,1,1,6,(B)Border Control,c,Distichlis spicata,40662,11.08,0,0,11.08, ,37.46,-75.833
1999, , ,"Upper Phillips Creek  InundExp2, Site 5, Hum./Hollow",UPE5,UPM,InundExp2,5,1,1,6,(B)Border Control,c,Spartina patens,41271,7.07,0,0,7.07, ,37.46,-75.833
1999, , ,"Upper Phillips Creek  InundExp2, Site 5, Hum./Hollow",UPE5,UPM,InundExp2,5,1,1,7,(P)Pumped Plot,a,Distichlis spicata,40662,3.79,0,0,3.79, ,37.46,-75.833
1999, , ,"Upper Phillips Creek  InundExp2, Site 5, Hum./Hollow",UPE5,UPM,InundExp2,5,1,1,7,(P)Pumped Plot,a,Spartina patens,41271,.16,0,0,.16, ,37.46,-75.833
1999, , ,"Upper Phillips Creek  InundExp2, Site 5, Hum./Hollow",UPE5,UPM,InundExp2,5,1,1,7,(P)Pumped Plot,b,Distichlis spicata,40662,7.99,0,0,7.99, ,37.46,-75.833
1999, , ,"Upper Phillips Creek  InundExp2, Site 5, Hum./Hollow",UPE5,UPM,InundExp2,5,1,1,7,(P)Pumped Plot,b,Spartina patens,41271,3.3,0,0,3.3, ,37.46,-75.833
1999, , ,"Upper Phillips Creek  InundExp2, Site 5, Hum./Hollow",UPE5,UPM,InundExp2,5,1,1,7,(P)Pumped Plot,c,Distichlis spicata,40662,13.34,0,0,13.34, ,37.46,-75.833
1999, , ,"Upper Phillips Creek  InundExp2, Site 5, Hum./Hollow",UPE5,UPM,InundExp2,5,1,1,7,(P)Pumped Plot,c,Spartina patens,41271,5.23,0,0,5.23, ,37.46,-75.833
1999, , ,"Upper Phillips Creek  InundExp2, Site 5, Hum./Hollow",UPE5,UPM,InundExp2,5,1,1,8,(C)Control Plot,a,Distichlis spicata,40662,15.4,0,0,15.4, ,37.46,-75.833
1999, , ,"Upper Phillips Creek  InundExp2, Site 5, Hum./Hollow",UPE5,UPM,InundExp2,5,1,1,8,(C)Control Plot,a,Spartina patens,41271,7.9,0,0,7.9, ,37.46,-75.833
1999, , ,"Upper Phillips Creek  InundExp2, Site 5, Hum./Hollow",UPE5,UPM,InundExp2,5,1,1,8,(C)Control Plot,b,Distichlis spicata,40662,19.3,0,0,19.3, ,37.46,-75.833
1999, , ,"Upper Phillips Creek  InundExp2, Site 5, Hum./Hollow",UPE5,UPM,InundExp2,5,1,1,8,(C)Control Plot,b,Spartina patens,41271,6.88,0,0,6.88, ,37.46,-75.833
1999, , ,"Upper Phillips Creek  InundExp2, Site 5, Hum./Hollow",UPE5,UPM,InundExp2,5,1,1,8,(C)Control Plot,c,Distichlis spicata,40662,18.18,0,0,18.18, ,37.46,-75.833
1999, , ,"Upper Phillips Creek  InundExp2, Site 5, Hum./Hollow",UPE5,UPM,InundExp2,5,1,1,8,(C)Control Plot,c,Spartina patens,41271,2.97,0,0,2.97, ,37.46,-75.833
1999, , ,"Upper Phillips Creek  InundExp2, Site 5, Hum./Hollow",UPE5,UPM,InundExp2,5,1,2,6,(B)Border Control,a,Distichlis spicata,40662,15.9,0,0,15.9, ,37.46,-75.833
1999, , ,"Upper Phillips Creek  InundExp2, Site 5, Hum./Hollow",UPE5,UPM,InundExp2,5,1,2,6,(B)Border Control,a,Spartina patens,41271,6.6,0,0,6.6, ,37.46,-75.833
1999, , ,"Upper Phillips Creek  InundExp2, Site 5, Hum./Hollow",UPE5,UPM,InundExp2,5,1,2,6,(B)Border Control,b,Distichlis spicata,40662,16.8,0,0,16.8, ,37.46,-75.833
1999, , ,"Upper Phillips Creek  InundExp2, Site 5, Hum./Hollow",UPE5,UPM,InundExp2,5,1,2,7,(P)Pumped Plot,a,Distichlis spicata,40662,7.2,0,0,7.2, ,37.46,-75.833
1999, , ,"Upper Phillips Creek  InundExp2, Site 5, Hum./Hollow",UPE5,UPM,InundExp2,5,1,2,7,(P)Pumped Plot,a,Spartina patens,41271,3.22,0,0,3.22, ,37.46,-75.833
1999, , ,"Upper Phillips Creek  InundExp2, Site 5, Hum./Hollow",UPE5,UPM,InundExp2,5,1,2,7,(P)Pumped Plot,b,Distichlis spicata,40662,18.3,0,0,18.3, ,37.46,-75.833
1999, , ,"Upper Phillips Creek  InundExp2, Site 5, Hum./Hollow",UPE5,UPM,InundExp2,5,1,2,7,(P)Pumped Plot,b,Spartina patens,41271,2.67,0,0,2.67, ,37.46,-75.833
1999, , ,"Upper Phillips Creek  InundExp2, Site 5, Hum./Hollow",UPE5,UPM,InundExp2,5,1,2,7,(P)Pumped Plot,c,Distichlis spicata,40662,17.36,0,0,17.36, ,37.46,-75.833
1999, , ,"Upper Phillips Creek  InundExp2, Site 5, Hum./Hollow",UPE5,UPM,InundExp2,5,1,2,7,(P)Pumped Plot,c,Spartina patens,41271,5.2,0,0,5.2, ,37.46,-75.833
1999, , ,"Upper Phillips Creek  InundExp2, Site 5, Hum./Hollow",UPE5,UPM,InundExp2,5,1,2,8,(C)Control Plot,a,Distichlis spicata,40662,13.82,0,0,13.82, ,37.46,-75.833
1999, , ,"Upper Phillips Creek  InundExp2, Site 5, Hum./Hollow",UPE5,UPM,InundExp2,5,1,2,8,(C)Control Plot,a,Spartina patens,41271,9.78,0,0,9.78, ,37.46,-75.833
1999, , ,"Upper Phillips Creek  InundExp2, Site 5, Hum./Hollow",UPE5,UPM,InundExp2,5,1,2,8,(C)Control Plot,b,Distichlis spicata,40662,17.9,0,0,17.9, ,37.46,-75.833
1999, , ,"Upper Phillips Creek  InundExp2, Site 5, Hum./Hollow",UPE5,UPM,InundExp2,5,1,2,8,(C)Control Plot,b,Spartina patens,41271,8.7,0,0,8.7, ,37.46,-75.833
1999, , ,"Upper Phillips Creek  InundExp2, Site 5, Hum./Hollow",UPE5,UPM,InundExp2,5,1,2,8,(C)Control Plot,c,Distichlis spicata,40662,11.7,0,0,11.7, ,37.46,-75.833
1999, , ,"Upper Phillips Creek  InundExp2, Site 5, Hum./Hollow",UPE5,UPM,InundExp2,5,1,2,8,(C)Control Plot,c,Spartina patens,41271,12.7,0,0,12.7, ,37.46,-75.833
1999, , ,"Upper Phillips Creek InundExp2, Site 1, Creekbank",UPE1,UPM,InundExp2,1,1,1,8,(C)Control Plot,a,Distichlis spicata,40662,8.6,0,0,8.6, ,37.46,-75.833
1999, , ,"Upper Phillips Creek InundExp2, Site 1, Creekbank",UPE1,UPM,InundExp2,1,1,1,8,(C)Control Plot,a,Spartina patens,41271,22.99,0,0,22.99, ,37.46,-75.833
1999, , ,"Upper Phillips Creek InundExp2, Site 1, Creekbank",UPE1,UPM,InundExp2,1,1,1,8,(C)Control Plot,b,Distichlis spicata,40662,10.34,0,0,10.34, ,37.46,-75.833
1999, , ,"Upper Phillips Creek InundExp2, Site 1, Creekbank",UPE1,UPM,InundExp2,1,1,1,8,(C)Control Plot,b,Spartina patens,41271,19.99,0,0,19.99, ,37.46,-75.833
1999, , ,"Upper Phillips Creek InundExp2, Site 1, Creekbank",UPE1,UPM,InundExp2,1,1,1,8,(C)Control Plot,c,Distichlis spicata,40662,11.06,0,0,11.06, ,37.46,-75.833
1999, , ,"Upper Phillips Creek InundExp2, Site 1, Creekbank",UPE1,UPM,InundExp2,1,1,1,8,(C)Control Plot,c,Spartina patens,41271,21.9,0,0,21.9, ,37.46,-75.833
1999, , ,"Upper Phillips Creek InundExp2, Site 1, Creekbank",UPE1,UPM,InundExp2,1,1,2,8,(C)Control Plot,a,Distichlis spicata,40662,10.5,0,0,10.5, ,37.46,-75.833
1999, , ,"Upper Phillips Creek InundExp2, Site 1, Creekbank",UPE1,UPM,InundExp2,1,1,2,8,(C)Control Plot,a,Spartina patens,41271,38.9,0,0,38.9, ,37.46,-75.833
1999, , ,"Upper Phillips Creek InundExp2, Site 1, Creekbank",UPE1,UPM,InundExp2,1,1,2,8,(C)Control Plot,b,Distichlis spicata,40662,7.9,0,0,7.9, ,37.46,-75.833
1999, , ,"Upper Phillips Creek InundExp2, Site 1, Creekbank",UPE1,UPM,InundExp2,1,1,2,8,(C)Control Plot,b,Spartina patens,41271,55.63,0,0,55.63, ,37.46,-75.833
1999, , ,"Upper Phillips Creek InundExp2, Site 1, Creekbank",UPE1,UPM,InundExp2,1,1,2,8,(C)Control Plot,c,Distichlis spicata,40662,6.08,0,0,6.08, ,37.46,-75.833
2000, , ,"Upper Phillips Creek  InundExp2, Site 2, Intact Turf",UPE2,UPM,InundExp2,2,1,1,6,(B)Border Control,a,Distichlis spicata,40662,7.94,1.79,0,9.73, ,37.46,-75.833
2000, , ,"Upper Phillips Creek  InundExp2, Site 2, Intact Turf",UPE2,UPM,InundExp2,2,1,1,6,(B)Border Control,a,Spartina patens,41271,28.47,12.71,0,41.18, ,37.46,-75.833
2000, , ,"Upper Phillips Creek  InundExp2, Site 2, Intact Turf",UPE2,UPM,InundExp2,2,1,1,6,(B)Border Control,b,Distichlis spicata,40662,13.7,12.62,0,26.32, ,37.46,-75.833
2000, , ,"Upper Phillips Creek  InundExp2, Site 2, Intact Turf",UPE2,UPM,InundExp2,2,1,1,6,(B)Border Control,b,Spartina patens,41271,40.09,42.77,0,82.86, ,37.46,-75.833
2000, , ,"Upper Phillips Creek  InundExp2, Site 2, Intact Turf",UPE2,UPM,InundExp2,2,1,1,7,(P)Pumped Plot,a,Distichlis spicata,40662,9.23,4.35,0,13.58, ,37.46,-75.833
2000, , ,"Upper Phillips Creek  InundExp2, Site 2, Intact Turf",UPE2,UPM,InundExp2,2,1,1,7,(P)Pumped Plot,a,Spartina patens,41271,40.38,21,0,61.38, ,37.46,-75.833
2000, , ,"Upper Phillips Creek  InundExp2, Site 2, Intact Turf",UPE2,UPM,InundExp2,2,1,1,7,(P)Pumped Plot,b,Distichlis spicata,40662,3.92,2.35,0,6.27, ,37.46,-75.833
2000, , ,"Upper Phillips Creek  InundExp2, Site 2, Intact Turf",UPE2,UPM,InundExp2,2,1,1,7,(P)Pumped Plot,b,Spartina patens,41271,64.49,57.96,0,122.45, ,37.46,-75.833
2000, , ,"Upper Phillips Creek  InundExp2, Site 2, Intact Turf",UPE2,UPM,InundExp2,2,1,1,8,(C)Control Plot,a,Distichlis spicata,40662,14.38,4.37,0,18.75, ,37.46,-75.833
2000, , ,"Upper Phillips Creek  InundExp2, Site 2, Intact Turf",UPE2,UPM,InundExp2,2,1,1,8,(C)Control Plot,a,Spartina patens,41271,40.45,31.25,0,71.7, ,37.46,-75.833
2000, , ,"Upper Phillips Creek  InundExp2, Site 2, Intact Turf",UPE2,UPM,InundExp2,2,1,1,8,(C)Control Plot,b,Distichlis spicata,40662,12.44,5.31,0,17.75, ,37.46,-75.833
2000, , ,"Upper Phillips Creek  InundExp2, Site 2, Intact Turf",UPE2,UPM,InundExp2,2,1,1,8,(C)Control Plot,b,Spartina patens,41271,24.67,14.79,0,39.46, ,37.46,-75.833
2000, , ,"Upper Phillips Creek  InundExp2, Site 2, Intact Turf",UPE2,UPM,InundExp2,2,1,2,6,(B)Border Control,a,Distichlis spicata,40662,14.51,20.22,0,34.73, ,37.46,-75.833
2000, , ,"Upper Phillips Creek  InundExp2, Site 2, Intact Turf",UPE2,UPM,InundExp2,2,1,2,6,(B)Border Control,a,Spartina patens,41271,18.71,63.53,0,82.24, ,37.46,-75.833
2000, , ,"Upper Phillips Creek  InundExp2, Site 2, Intact Turf",UPE2,UPM,InundExp2,2,1,2,6,(B)Border Control,b,Distichlis spicata,40662,7.36,2.99,0,10.35, ,37.46,-75.833
2000, , ,"Upper Phillips Creek  InundExp2, Site 2, Intact Turf",UPE2,UPM,InundExp2,2,1,2,6,(B)Border Control,b,Spartina patens,41271,31.28,11.86,0,43.14, ,37.46,-75.833
2000, , ,"Upper Phillips Creek  InundExp2, Site 2, Intact Turf",UPE2,UPM,InundExp2,2,1,2,7,(P)Pumped Plot,a,Distichlis spicata,40662,11.63,9.84,0,21.47, ,37.46,-75.833
2000, , ,"Upper Phillips Creek  InundExp2, Site 2, Intact Turf",UPE2,UPM,InundExp2,2,1,2,7,(P)Pumped Plot,a,Spartina patens,41271,54.57,33.09,0,87.66, ,37.46,-75.833
2000, , ,"Upper Phillips Creek  InundExp2, Site 2, Intact Turf",UPE2,UPM,InundExp2,2,1,2,7,(P)Pumped Plot,b,Distichlis spicata,40662,10.66,2.85,0,13.51, ,37.46,-75.833
2000, , ,"Upper Phillips Creek  InundExp2, Site 2, Intact Turf",UPE2,UPM,InundExp2,2,1,2,7,(P)Pumped Plot,b,Spartina patens,41271,33.31,29.73,0,63.04, ,37.46,-75.833
2000, , ,"Upper Phillips Creek  InundExp2, Site 2, Intact Turf",UPE2,UPM,InundExp2,2,1,2,8,(C)Control Plot,a,Distichlis spicata,40662,6.29,.76,0,7.05, ,37.46,-75.833
2000, , ,"Upper Phillips Creek  InundExp2, Site 2, Intact Turf",UPE2,UPM,InundExp2,2,1,2,8,(C)Control Plot,a,Spartina patens,41271,23.03,5.98,0,29.01, ,37.46,-75.833
2000, , ,"Upper Phillips Creek  InundExp2, Site 2, Intact Turf",UPE2,UPM,InundExp2,2,1,2,8,(C)Control Plot,b,Distichlis spicata,40662,7.03,6.07,0,13.1, ,37.46,-75.833
2000, , ,"Upper Phillips Creek  InundExp2, Site 2, Intact Turf",UPE2,UPM,InundExp2,2,1,2,8,(C)Control Plot,b,Spartina patens,41271,71.37,29.83,0,101.2, ,37.46,-75.833
2000, , ,"Upper Phillips Creek  InundExp2, Site 3, Hum./Hollow",UPE3,UPM,InundExp2,3,1,1,8,(C)Control Plot,a,Distichlis spicata,40662,18.79,13.88,0,32.67, ,37.46,-75.833
2000, , ,"Upper Phillips Creek  InundExp2, Site 3, Hum./Hollow",UPE3,UPM,InundExp2,3,1,1,8,(C)Control Plot,a,Spartina patens,41271,15.65,11.39,0,27.04, ,37.46,-75.833
2000, , ,"Upper Phillips Creek  InundExp2, Site 3, Hum./Hollow",UPE3,UPM,InundExp2,3,1,1,8,(C)Control Plot,b,Distichlis spicata,40662,43.9,17.86,0,61.76, ,37.46,-75.833
2000, , ,"Upper Phillips Creek  InundExp2, Site 3, Hum./Hollow",UPE3,UPM,InundExp2,3,1,1,8,(C)Control Plot,b,Spartina patens,41271,52.35,8.27,0,60.62, ,37.46,-75.833
2000, , ,"Upper Phillips Creek  InundExp2, Site 3, Hum./Hollow",UPE3,UPM,InundExp2,3,1,2,8,(C)Control Plot,a,Distichlis spicata,40662,28.66,27.14,0,55.8, ,37.46,-75.833
2000, , ,"Upper Phillips Creek  InundExp2, Site 3, Hum./Hollow",UPE3,UPM,InundExp2,3,1,2,8,(C)Control Plot,a,Spartina patens,41271,12.19,20.32,0,32.51, ,37.46,-75.833
2000, , ,"Upper Phillips Creek  InundExp2, Site 3, Hum./Hollow",UPE3,UPM,InundExp2,3,1,2,8,(C)Control Plot,b,Distichlis spicata,40662,15.73,12.95,0,28.68, ,37.46,-75.833
2000, , ,"Upper Phillips Creek  InundExp2, Site 3, Hum./Hollow",UPE3,UPM,InundExp2,3,1,2,8,(C)Control Plot,b,Spartina patens,41271,22.35,8.4,0,30.75, ,37.46,-75.833
2000, , ,"Upper Phillips Creek  InundExp2, Site 4, Intact Turf",UPE4,UPM,InundExp2,4,1,1,6,(B)Border Control,a,Distichlis spicata,40662,9.31,3.92,0,13.23, ,37.46,-75.833
2000, , ,"Upper Phillips Creek  InundExp2, Site 4, Intact Turf",UPE4,UPM,InundExp2,4,1,1,6,(B)Border Control,a,Spartina patens,41271,28.87,28.73,0,57.6, ,37.46,-75.833
2000, , ,"Upper Phillips Creek  InundExp2, Site 4, Intact Turf",UPE4,UPM,InundExp2,4,1,1,6,(B)Border Control,b,Distichlis spicata,40662,7.82,5.16,0,12.98, ,37.46,-75.833
2000, , ,"Upper Phillips Creek  InundExp2, Site 4, Intact Turf",UPE4,UPM,InundExp2,4,1,1,6,(B)Border Control,b,Spartina patens,41271,38.95,27.03,0,65.98, ,37.46,-75.833
2000, , ,"Upper Phillips Creek  InundExp2, Site 4, Intact Turf",UPE4,UPM,InundExp2,4,1,1,7,(P)Pumped Plot,a,Distichlis spicata,40662,6.3,4.63,0,10.93, ,37.46,-75.833
2000, , ,"Upper Phillips Creek  InundExp2, Site 4, Intact Turf",UPE4,UPM,InundExp2,4,1,1,7,(P)Pumped Plot,a,Spartina patens,41271,27.85,41.4,0,69.25, ,37.46,-75.833
2000, , ,"Upper Phillips Creek  InundExp2, Site 4, Intact Turf",UPE4,UPM,InundExp2,4,1,1,7,(P)Pumped Plot,b,Distichlis spicata,40662,8.13,2.71,0,10.84, ,37.46,-75.833
2000, , ,"Upper Phillips Creek  InundExp2, Site 4, Intact Turf",UPE4,UPM,InundExp2,4,1,1,7,(P)Pumped Plot,b,Spartina patens,41271,25.8,31.02,0,56.82, ,37.46,-75.833
2000, , ,"Upper Phillips Creek  InundExp2, Site 4, Intact Turf",UPE4,UPM,InundExp2,4,1,1,8,(C)Control Plot,a,Distichlis spicata,40662,10.96,4.27,0,15.23, ,37.46,-75.833
2000, , ,"Upper Phillips Creek  InundExp2, Site 4, Intact Turf",UPE4,UPM,InundExp2,4,1,1,8,(C)Control Plot,a,Spartina patens,41271,28.2,22.28,0,50.48, ,37.46,-75.833
2000, , ,"Upper Phillips Creek  InundExp2, Site 4, Intact Turf",UPE4,UPM,InundExp2,4,1,1,8,(C)Control Plot,b,Distichlis spicata,40662,6.48,3.39,0,9.87, ,37.46,-75.833
2000, , ,"Upper Phillips Creek  InundExp2, Site 4, Intact Turf",UPE4,UPM,InundExp2,4,1,1,8,(C)Control Plot,b,Spartina patens,41271,56.1,25.82,0,81.92, ,37.46,-75.833
2000, , ,"Upper Phillips Creek  InundExp2, Site 4, Intact Turf",UPE4,UPM,InundExp2,4,1,2,6,(B)Border Control,a,Distichlis spicata,40662,5.52,3.67,0,9.19, ,37.46,-75.833
2000, , ,"Upper Phillips Creek  InundExp2, Site 4, Intact Turf",UPE4,UPM,InundExp2,4,1,2,6,(B)Border Control,a,Spartina patens,41271,50.47,25.59,0,76.06, ,37.46,-75.833
2000, , ,"Upper Phillips Creek  InundExp2, Site 4, Intact Turf",UPE4,UPM,InundExp2,4,1,2,6,(B)Border Control,b,Distichlis spicata,40662,14.32,13.1,0,27.42, ,37.46,-75.833
2000, , ,"Upper Phillips Creek  InundExp2, Site 4, Intact Turf",UPE4,UPM,InundExp2,4,1,2,6,(B)Border Control,b,Spartina patens,41271,34.29,39.79,0,74.08, ,37.46,-75.833
2000, , ,"Upper Phillips Creek  InundExp2, Site 4, Intact Turf",UPE4,UPM,InundExp2,4,1,2,7,(P)Pumped Plot,a,Distichlis spicata,40662,9.75,3.92,0,13.67, ,37.46,-75.833
2000, , ,"Upper Phillips Creek  InundExp2, Site 4, Intact Turf",UPE4,UPM,InundExp2,4,1,2,7,(P)Pumped Plot,a,Spartina patens,41271,49.02,52.29,0,101.31, ,37.46,-75.833
2000, , ,"Upper Phillips Creek  InundExp2, Site 4, Intact Turf",UPE4,UPM,InundExp2,4,1,2,7,(P)Pumped Plot,b,Distichlis spicata,40662,5.94,4.65,0,10.59, ,37.46,-75.833
2000, , ,"Upper Phillips Creek  InundExp2, Site 4, Intact Turf",UPE4,UPM,InundExp2,4,1,2,7,(P)Pumped Plot,b,Spartina patens,41271,36.35,22.77,0,59.12, ,37.46,-75.833
2000, , ,"Upper Phillips Creek  InundExp2, Site 4, Intact Turf",UPE4,UPM,InundExp2,4,1,2,8,(C)Control Plot,a,Distichlis spicata,40662,5.5,5.1,0,10.6, ,37.46,-75.833
2000, , ,"Upper Phillips Creek  InundExp2, Site 4, Intact Turf",UPE4,UPM,InundExp2,4,1,2,8,(C)Control Plot,a,Spartina patens,41271,49.46,39.42,0,88.88, ,37.46,-75.833
2000, , ,"Upper Phillips Creek  InundExp2, Site 4, Intact Turf",UPE4,UPM,InundExp2,4,1,2,8,(C)Control Plot,b,Distichlis spicata,40662,6.22,2.76,0,8.98, ,37.46,-75.833
2000, , ,"Upper Phillips Creek  InundExp2, Site 4, Intact Turf",UPE4,UPM,InundExp2,4,1,2,8,(C)Control Plot,b,Spartina patens,41271,40.1,14.43,0,54.53, ,37.46,-75.833
2000, , ,"Upper Phillips Creek  InundExp2, Site 5, Hum./Hollow",UPE5,UPM,InundExp2,5,1,1,6,(B)Border Control,a,Distichlis spicata,40662,8.17,16.4,0,24.57, ,37.46,-75.833
2000, , ,"Upper Phillips Creek  InundExp2, Site 5, Hum./Hollow",UPE5,UPM,InundExp2,5,1,1,6,(B)Border Control,a,Spartina patens,41271,2.09,4.33,0,6.42, ,37.46,-75.833
2000, , ,"Upper Phillips Creek  InundExp2, Site 5, Hum./Hollow",UPE5,UPM,InundExp2,5,1,1,6,(B)Border Control,b,Distichlis spicata,40662,5.66,30.9,0,36.56, ,37.46,-75.833
2000, , ,"Upper Phillips Creek  InundExp2, Site 5, Hum./Hollow",UPE5,UPM,InundExp2,5,1,1,6,(B)Border Control,b,Spartina patens,41271,4.51,6.04,0,10.55, ,37.46,-75.833
2000, , ,"Upper Phillips Creek  InundExp2, Site 5, Hum./Hollow",UPE5,UPM,InundExp2,5,1,1,7,(P)Pumped Plot,a,Distichlis spicata,40662,27.62,70.89,0,98.51, ,37.46,-75.833
2000, , ,"Upper Phillips Creek  InundExp2, Site 5, Hum./Hollow",UPE5,UPM,InundExp2,5,1,1,7,(P)Pumped Plot,b,Distichlis spicata,40662,15.03,26.89,0,41.92, ,37.46,-75.833
2000, , ,"Upper Phillips Creek  InundExp2, Site 5, Hum./Hollow",UPE5,UPM,InundExp2,5,1,1,7,(P)Pumped Plot,b,Spartina patens,41271,9.48,6.8,0,16.28, ,37.46,-75.833
2000, , ,"Upper Phillips Creek  InundExp2, Site 5, Hum./Hollow",UPE5,UPM,InundExp2,5,1,1,8,(C)Control Plot,a,Distichlis spicata,40662,12.74,48.3,0,61.04, ,37.46,-75.833
2000, , ,"Upper Phillips Creek  InundExp2, Site 5, Hum./Hollow",UPE5,UPM,InundExp2,5,1,1,8,(C)Control Plot,a,Spartina patens,41271,12.36,3.9,0,16.26, ,37.46,-75.833
2000, , ,"Upper Phillips Creek  InundExp2, Site 5, Hum./Hollow",UPE5,UPM,InundExp2,5,1,1,8,(C)Control Plot,b,Distichlis spicata,40662,5.9,24.13,0,30.03, ,37.46,-75.833
2000, , ,"Upper Phillips Creek  InundExp2, Site 5, Hum./Hollow",UPE5,UPM,InundExp2,5,1,1,8,(C)Control Plot,b,Spartina patens,41271,7.68,17.92,0,25.6, ,37.46,-75.833
2000, , ,"Upper Phillips Creek  InundExp2, Site 5, Hum./Hollow",UPE5,UPM,InundExp2,5,1,2,6,(B)Border Control,a,Distichlis spicata,40662,1.55,5.84,0,7.39, ,37.46,-75.833
2000, , ,"Upper Phillips Creek  InundExp2, Site 5, Hum./Hollow",UPE5,UPM,InundExp2,5,1,2,6,(B)Border Control,a,Spartina patens,41271,0,.09,0,.09, ,37.46,-75.833
2000, , ,"Upper Phillips Creek  InundExp2, Site 5, Hum./Hollow",UPE5,UPM,InundExp2,5,1,2,6,(B)Border Control,b,Distichlis spicata,40662,10.82,23.29,0,34.11, ,37.46,-75.833
2000, , ,"Upper Phillips Creek  InundExp2, Site 5, Hum./Hollow",UPE5,UPM,InundExp2,5,1,2,7,(P)Pumped Plot,a,Distichlis spicata,40662,10.63,18.52,0,29.15, ,37.46,-75.833
2000, , ,"Upper Phillips Creek  InundExp2, Site 5, Hum./Hollow",UPE5,UPM,InundExp2,5,1,2,7,(P)Pumped Plot,a,Spartina patens,41271,.64,0,0,.64, ,37.46,-75.833
2000, , ,"Upper Phillips Creek  InundExp2, Site 5, Hum./Hollow",UPE5,UPM,InundExp2,5,1,2,7,(P)Pumped Plot,b,Distichlis spicata,40662,12.52,29.26,0,41.78, ,37.46,-75.833
2000, , ,"Upper Phillips Creek  InundExp2, Site 5, Hum./Hollow",UPE5,UPM,InundExp2,5,1,2,8,(C)Control Plot,a,Distichlis spicata,40662,9.65,32.6,0,42.25, ,37.46,-75.833
2000, , ,"Upper Phillips Creek  InundExp2, Site 5, Hum./Hollow",UPE5,UPM,InundExp2,5,1,2,8,(C)Control Plot,a,Spartina patens,41271,15.57,22.1,0,37.67, ,37.46,-75.833
2000, , ,"Upper Phillips Creek  InundExp2, Site 5, Hum./Hollow",UPE5,UPM,InundExp2,5,1,2,8,(C)Control Plot,b,Distichlis spicata,40662,1.57,3.23,0,4.8, ,37.46,-75.833
2000, , ,"Upper Phillips Creek  InundExp2, Site 5, Hum./Hollow",UPE5,UPM,InundExp2,5,1,2,8,(C)Control Plot,b,Spartina patens,41271,2.95,.31,0,3.26, ,37.46,-75.833
2000, , ,"Upper Phillips Creek InundExp2, Site 1, Creekbank",UPE1,UPM,InundExp2,1,1,1,8,(C)Control Plot,a,Distichlis spicata,40662,17.5,.62,0,18.12, ,37.46,-75.833
2000, , ,"Upper Phillips Creek InundExp2, Site 1, Creekbank",UPE1,UPM,InundExp2,1,1,1,8,(C)Control Plot,a,Spartina patens,41271,7.71,1.58,0,9.29, ,37.46,-75.833
2000, , ,"Upper Phillips Creek InundExp2, Site 1, Creekbank",UPE1,UPM,InundExp2,1,1,1,8,(C)Control Plot,a,Unidentified, ,.6,0,0,.6, ,37.46,-75.833
2000, , ,"Upper Phillips Creek InundExp2, Site 1, Creekbank",UPE1,UPM,InundExp2,1,1,1,8,(C)Control Plot,b,Distichlis spicata,40662,3.65,.67,0,4.32, ,37.46,-75.833
2000, , ,"Upper Phillips Creek InundExp2, Site 1, Creekbank",UPE1,UPM,InundExp2,1,1,1,8,(C)Control Plot,b,Spartina patens,41271,17.42,6.71,0,24.13, ,37.46,-75.833
2000, , ,"Upper Phillips Creek InundExp2, Site 1, Creekbank",UPE1,UPM,InundExp2,1,1,2,8,(C)Control Plot,a,Distichlis spicata,40662,17.86,3.42,0,21.28, ,37.46,-75.833
2000, , ,"Upper Phillips Creek InundExp2, Site 1, Creekbank",UPE1,UPM,InundExp2,1,1,2,8,(C)Control Plot,a,Spartina patens,41271,4.41,0,0,4.41, ,37.46,-75.833
2000, , ,"Upper Phillips Creek InundExp2, Site 1, Creekbank",UPE1,UPM,InundExp2,1,1,2,8,(C)Control Plot,b,Distichlis spicata,40662,23.18,14.39,0,37.57, ,37.46,-75.833
2000, , ,"Upper Phillips Creek InundExp2, Site 1, Creekbank",UPE1,UPM,InundExp2,1,1,2,8,(C)Control Plot,b,Spartina patens,41271,4.49,6.32,0,10.81, ,37.46,-75.833
2001, , ,"Upper Phillips Creek  InundExp2, Site 2, Intact Turf",UPE2,UPM,InundExp2,2,1,1,6,(B)Border Control,a,Distichlis spicata,40662,14.08,87.87,0,101.95, ,37.46,-75.833
2001, , ,"Upper Phillips Creek  InundExp2, Site 2, Intact Turf",UPE2,UPM,InundExp2,2,1,1,6,(B)Border Control,a,Spartina patens,41271,26.86,0,0,26.86, ,37.46,-75.833
2001, , ,"Upper Phillips Creek  InundExp2, Site 2, Intact Turf",UPE2,UPM,InundExp2,2,1,1,6,(B)Border Control,b,Distichlis spicata,40662,2.06,0,0,2.06, ,37.46,-75.833
2001, , ,"Upper Phillips Creek  InundExp2, Site 2, Intact Turf",UPE2,UPM,InundExp2,2,1,1,6,(B)Border Control,b,Spartina patens,41271,51.21,54.31,0,105.52, ,37.46,-75.833
2001, , ,"Upper Phillips Creek  InundExp2, Site 2, Intact Turf",UPE2,UPM,InundExp2,2,1,1,7,(P)Pumped Plot,a,Distichlis spicata,40662,5.88,1.34,0,7.22, ,37.46,-75.833
2001, , ,"Upper Phillips Creek  InundExp2, Site 2, Intact Turf",UPE2,UPM,InundExp2,2,1,1,7,(P)Pumped Plot,a,Spartina patens,41271,20.71,57.05,0,77.76, ,37.46,-75.833
2001, , ,"Upper Phillips Creek  InundExp2, Site 2, Intact Turf",UPE2,UPM,InundExp2,2,1,1,7,(P)Pumped Plot,b,Spartina patens,41271,27.18,0,0,27.18, ,37.46,-75.833
2001, , ,"Upper Phillips Creek  InundExp2, Site 2, Intact Turf",UPE2,UPM,InundExp2,2,1,1,8,(C)Control Plot,a,Distichlis spicata,40662,11.91,45.96,0,57.87, ,37.46,-75.833
2001, , ,"Upper Phillips Creek  InundExp2, Site 2, Intact Turf",UPE2,UPM,InundExp2,2,1,1,8,(C)Control Plot,a,Spartina patens,41271,37.91,0,0,37.91, ,37.46,-75.833
2001, , ,"Upper Phillips Creek  InundExp2, Site 2, Intact Turf",UPE2,UPM,InundExp2,2,1,1,8,(C)Control Plot,b,Distichlis spicata,40662,9.54,.87,0,10.41, ,37.46,-75.833
2001, , ,"Upper Phillips Creek  InundExp2, Site 2, Intact Turf",UPE2,UPM,InundExp2,2,1,1,8,(C)Control Plot,b,Spartina patens,41271,11.9,45.34,0,57.24, ,37.46,-75.833
2001, , ,"Upper Phillips Creek  InundExp2, Site 2, Intact Turf",UPE2,UPM,InundExp2,2,1,2,6,(B)Border Control,a,Distichlis spicata,40662,5.82,0,0,5.82, ,37.46,-75.833
2001, , ,"Upper Phillips Creek  InundExp2, Site 2, Intact Turf",UPE2,UPM,InundExp2,2,1,2,6,(B)Border Control,a,Spartina patens,41271,26.93,34.5,0,61.43, ,37.46,-75.833
2001, , ,"Upper Phillips Creek  InundExp2, Site 2, Intact Turf",UPE2,UPM,InundExp2,2,1,2,6,(B)Border Control,b,Distichlis spicata,40662,3.47,1.66,0,5.13, ,37.46,-75.833
2001, , ,"Upper Phillips Creek  InundExp2, Site 2, Intact Turf",UPE2,UPM,InundExp2,2,1,2,6,(B)Border Control,b,Spartina patens,41271,37.54,25.22,0,62.76, ,37.46,-75.833
2001, , ,"Upper Phillips Creek  InundExp2, Site 2, Intact Turf",UPE2,UPM,InundExp2,2,1,2,7,(P)Pumped Plot,a,Distichlis spicata,40662,3.1,2.07,0,5.17, ,37.46,-75.833
2001, , ,"Upper Phillips Creek  InundExp2, Site 2, Intact Turf",UPE2,UPM,InundExp2,2,1,2,7,(P)Pumped Plot,a,Spartina patens,41271,32,20.99,0,52.99, ,37.46,-75.833
2001, , ,"Upper Phillips Creek  InundExp2, Site 2, Intact Turf",UPE2,UPM,InundExp2,2,1,2,7,(P)Pumped Plot,b,Distichlis spicata,40662,2.08,0,0,2.08, ,37.46,-75.833
2001, , ,"Upper Phillips Creek  InundExp2, Site 2, Intact Turf",UPE2,UPM,InundExp2,2,1,2,7,(P)Pumped Plot,b,Spartina patens,41271,18.03,73.37,0,91.4, ,37.46,-75.833
2001, , ,"Upper Phillips Creek  InundExp2, Site 2, Intact Turf",UPE2,UPM,InundExp2,2,1,2,8,(C)Control Plot,a,Distichlis spicata,40662,7,0,0,7, ,37.46,-75.833
2001, , ,"Upper Phillips Creek  InundExp2, Site 2, Intact Turf",UPE2,UPM,InundExp2,2,1,2,8,(C)Control Plot,a,Spartina patens,41271,31.19,27.57,0,58.76, ,37.46,-75.833
2001, , ,"Upper Phillips Creek  InundExp2, Site 2, Intact Turf",UPE2,UPM,InundExp2,2,1,2,8,(C)Control Plot,b,Distichlis spicata,40662,4.59,0,0,4.59, ,37.46,-75.833
2001, , ,"Upper Phillips Creek  InundExp2, Site 2, Intact Turf",UPE2,UPM,InundExp2,2,1,2,8,(C)Control Plot,b,Spartina patens,41271,20.39,1.15,0,21.54, ,37.46,-75.833
2001, , ,"Upper Phillips Creek  InundExp2, Site 3, Hum./Hollow",UPE3,UPM,InundExp2,3,1,1,8,(C)Control Plot,a,Distichlis spicata,40662,29.47,2.14,0,31.61, ,37.46,-75.833
2001, , ,"Upper Phillips Creek  InundExp2, Site 3, Hum./Hollow",UPE3,UPM,InundExp2,3,1,1,8,(C)Control Plot,a,Spartina patens,41271,50.2,79.21,0,129.41, ,37.46,-75.833
2001, , ,"Upper Phillips Creek  InundExp2, Site 3, Hum./Hollow",UPE3,UPM,InundExp2,3,1,2,8,(C)Control Plot,a,Distichlis spicata,40662,7.52,23.59,0,31.11, ,37.46,-75.833
2001, , ,"Upper Phillips Creek  InundExp2, Site 3, Hum./Hollow",UPE3,UPM,InundExp2,3,1,2,8,(C)Control Plot,a,Spartina patens,41271,1.67,2.36,0,4.03, ,37.46,-75.833
2001, , ,"Upper Phillips Creek  InundExp2, Site 3, Hum./Hollow",UPE3,UPM,InundExp2,3,1,2,8,(C)Control Plot,b,Distichlis spicata,40662,22.62,29.79,0,52.41, ,37.46,-75.833
2001, , ,"Upper Phillips Creek  InundExp2, Site 3, Hum./Hollow",UPE3,UPM,InundExp2,3,1,2,8,(C)Control Plot,b,Spartina patens,41271,.49,.51,0,1, ,37.46,-75.833
2001, , ,"Upper Phillips Creek  InundExp2, Site 4, Intact Turf",UPE4,UPM,InundExp2,4,1,1,6,(B)Border Control,a,Distichlis spicata,40662,16.88,9.62,0,26.5, ,37.46,-75.833
2001, , ,"Upper Phillips Creek  InundExp2, Site 4, Intact Turf",UPE4,UPM,InundExp2,4,1,1,6,(B)Border Control,a,Spartina patens,41271,29.43,45.04,0,74.47, ,37.46,-75.833
2001, , ,"Upper Phillips Creek  InundExp2, Site 4, Intact Turf",UPE4,UPM,InundExp2,4,1,1,6,(B)Border Control,b,Distichlis spicata,40662,5.13,3.4,0,8.53, ,37.46,-75.833
2001, , ,"Upper Phillips Creek  InundExp2, Site 4, Intact Turf",UPE4,UPM,InundExp2,4,1,1,6,(B)Border Control,b,Spartina patens,41271,26.35,40.97,0,67.32, ,37.46,-75.833
2001, , ,"Upper Phillips Creek  InundExp2, Site 4, Intact Turf",UPE4,UPM,InundExp2,4,1,1,7,(P)Pumped Plot,a,Distichlis spicata,40662,2.07,.96,0,3.03, ,37.46,-75.833
2001, , ,"Upper Phillips Creek  InundExp2, Site 4, Intact Turf",UPE4,UPM,InundExp2,4,1,1,7,(P)Pumped Plot,a,Spartina patens,41271,5.17,61.92,0,67.09, ,37.46,-75.833
2001, , ,"Upper Phillips Creek  InundExp2, Site 4, Intact Turf",UPE4,UPM,InundExp2,4,1,1,7,(P)Pumped Plot,b,Distichlis spicata,40662,0,6.15,0,6.15, ,37.46,-75.833
2001, , ,"Upper Phillips Creek  InundExp2, Site 4, Intact Turf",UPE4,UPM,InundExp2,4,1,1,7,(P)Pumped Plot,b,Spartina patens,41271,35.73,93.64,0,129.37, ,37.46,-75.833
2001, , ,"Upper Phillips Creek  InundExp2, Site 4, Intact Turf",UPE4,UPM,InundExp2,4,1,1,8,(C)Control Plot,a,Distichlis spicata,40662,3.5,1.75,0,5.25, ,37.46,-75.833
2001, , ,"Upper Phillips Creek  InundExp2, Site 4, Intact Turf",UPE4,UPM,InundExp2,4,1,1,8,(C)Control Plot,a,Spartina patens,41271,0,49.94,0,49.94, ,37.46,-75.833
2001, , ,"Upper Phillips Creek  InundExp2, Site 4, Intact Turf",UPE4,UPM,InundExp2,4,1,1,8,(C)Control Plot,b,Spartina patens,41271,6,33,0,39, ,37.46,-75.833
2001, , ,"Upper Phillips Creek  InundExp2, Site 4, Intact Turf",UPE4,UPM,InundExp2,4,1,2,6,(B)Border Control,a,Distichlis spicata,40662,0,1.83,0,1.83, ,37.46,-75.833
2001, , ,"Upper Phillips Creek  InundExp2, Site 4, Intact Turf",UPE4,UPM,InundExp2,4,1,2,6,(B)Border Control,a,Spartina patens,41271,36.08,43.58,0,79.66, ,37.46,-75.833
2001, , ,"Upper Phillips Creek  InundExp2, Site 4, Intact Turf",UPE4,UPM,InundExp2,4,1,2,6,(B)Border Control,b,Distichlis spicata,40662,3.87,1.28,0,5.15, ,37.46,-75.833
2001, , ,"Upper Phillips Creek  InundExp2, Site 4, Intact Turf",UPE4,UPM,InundExp2,4,1,2,6,(B)Border Control,b,Spartina patens,41271,26.93,39.78,0,66.71, ,37.46,-75.833
2001, , ,"Upper Phillips Creek  InundExp2, Site 4, Intact Turf",UPE4,UPM,InundExp2,4,1,2,7,(P)Pumped Plot,a,Distichlis spicata,40662,3.83,0,0,3.83, ,37.46,-75.833
2001, , ,"Upper Phillips Creek  InundExp2, Site 4, Intact Turf",UPE4,UPM,InundExp2,4,1,2,7,(P)Pumped Plot,a,Spartina patens,41271,34.25,32.76,0,67.01, ,37.46,-75.833
2001, , ,"Upper Phillips Creek  InundExp2, Site 4, Intact Turf",UPE4,UPM,InundExp2,4,1,2,7,(P)Pumped Plot,b,Distichlis spicata,40662,4.01,1.59,0,5.6, ,37.46,-75.833
2001, , ,"Upper Phillips Creek  InundExp2, Site 4, Intact Turf",UPE4,UPM,InundExp2,4,1,2,7,(P)Pumped Plot,b,Spartina patens,41271,16,79.03,0,95.03, ,37.46,-75.833
2001, , ,"Upper Phillips Creek  InundExp2, Site 4, Intact Turf",UPE4,UPM,InundExp2,4,1,2,8,(C)Control Plot,a,Distichlis spicata,40662,3.76,1.42,0,5.18, ,37.46,-75.833
2001, , ,"Upper Phillips Creek  InundExp2, Site 4, Intact Turf",UPE4,UPM,InundExp2,4,1,2,8,(C)Control Plot,a,Spartina patens,41271,63.72,61.15,0,124.87, ,37.46,-75.833
2001, , ,"Upper Phillips Creek  InundExp2, Site 4, Intact Turf",UPE4,UPM,InundExp2,4,1,2,8,(C)Control Plot,b,Distichlis spicata,40662,2.08,4.83,0,6.91, ,37.46,-75.833
2001, , ,"Upper Phillips Creek  InundExp2, Site 5, Hum./Hollow",UPE5,UPM,InundExp2,5,1,1,6,(B)Border Control,a,Distichlis spicata,40662,0,25.9,0,25.9, ,37.46,-75.833
2001, , ,"Upper Phillips Creek  InundExp2, Site 5, Hum./Hollow",UPE5,UPM,InundExp2,5,1,1,6,(B)Border Control,a,Spartina patens,41271,0,4.6,0,4.6, ,37.46,-75.833
2001, , ,"Upper Phillips Creek  InundExp2, Site 5, Hum./Hollow",UPE5,UPM,InundExp2,5,1,1,6,(B)Border Control,b,Distichlis spicata,40662,0,34.03,0,34.03, ,37.46,-75.833
2001, , ,"Upper Phillips Creek  InundExp2, Site 5, Hum./Hollow",UPE5,UPM,InundExp2,5,1,1,6,(B)Border Control,b,Spartina patens,41271,0,23.5,0,23.5, ,37.46,-75.833
2001, , ,"Upper Phillips Creek  InundExp2, Site 5, Hum./Hollow",UPE5,UPM,InundExp2,5,1,1,7,(P)Pumped Plot,a,Distichlis spicata,40662,2.17,3.46,0,5.63, ,37.46,-75.833
2001, , ,"Upper Phillips Creek  InundExp2, Site 5, Hum./Hollow",UPE5,UPM,InundExp2,5,1,1,7,(P)Pumped Plot,a,Spartina patens,41271,13.37,45.28,0,58.65, ,37.46,-75.833
2001, , ,"Upper Phillips Creek  InundExp2, Site 5, Hum./Hollow",UPE5,UPM,InundExp2,5,1,1,7,(P)Pumped Plot,b,Distichlis spicata,40662,.78,2.59,0,3.37, ,37.46,-75.833
2001, , ,"Upper Phillips Creek  InundExp2, Site 5, Hum./Hollow",UPE5,UPM,InundExp2,5,1,1,7,(P)Pumped Plot,b,Spartina patens,41271,11.94,47.31,0,59.25, ,37.46,-75.833
2001, , ,"Upper Phillips Creek  InundExp2, Site 5, Hum./Hollow",UPE5,UPM,InundExp2,5,1,1,8,(C)Control Plot,a,Distichlis spicata,40662,7.84,26.16,0,34, ,37.46,-75.833
2001, , ,"Upper Phillips Creek  InundExp2, Site 5, Hum./Hollow",UPE5,UPM,InundExp2,5,1,1,8,(C)Control Plot,b,Distichlis spicata,40662,20.22,38.49,0,58.71, ,37.46,-75.833
2001, , ,"Upper Phillips Creek  InundExp2, Site 5, Hum./Hollow",UPE5,UPM,InundExp2,5,1,1,8,(C)Control Plot,b,Spartina patens,41271,2.3,1.96,0,4.26, ,37.46,-75.833
2001, , ,"Upper Phillips Creek  InundExp2, Site 5, Hum./Hollow",UPE5,UPM,InundExp2,5,1,2,6,(B)Border Control,a,Distichlis spicata,40662,0,42.86,0,42.86, ,37.46,-75.833
2001, , ,"Upper Phillips Creek  InundExp2, Site 5, Hum./Hollow",UPE5,UPM,InundExp2,5,1,2,6,(B)Border Control,a,Spartina patens,41271,0,17.12,0,17.12, ,37.46,-75.833
2001, , ,"Upper Phillips Creek  InundExp2, Site 5, Hum./Hollow",UPE5,UPM,InundExp2,5,1,2,6,(B)Border Control,b,Distichlis spicata,40662,0,30.41,0,30.41, ,37.46,-75.833
2001, , ,"Upper Phillips Creek  InundExp2, Site 5, Hum./Hollow",UPE5,UPM,InundExp2,5,1,2,6,(B)Border Control,b,Spartina patens,41271,0,15.27,0,15.27, ,37.46,-75.833
2001, , ,"Upper Phillips Creek  InundExp2, Site 5, Hum./Hollow",UPE5,UPM,InundExp2,5,1,2,7,(P)Pumped Plot,a,Distichlis spicata,40662,6.65,25.75,0,32.4, ,37.46,-75.833
2001, , ,"Upper Phillips Creek  InundExp2, Site 5, Hum./Hollow",UPE5,UPM,InundExp2,5,1,2,7,(P)Pumped Plot,b,Distichlis spicata,40662,17.99,17.57,0,35.56, ,37.46,-75.833
2001, , ,"Upper Phillips Creek  InundExp2, Site 5, Hum./Hollow",UPE5,UPM,InundExp2,5,1,2,8,(C)Control Plot,a,Distichlis spicata,40662,9.95,32.32,0,42.27, ,37.46,-75.833
2001, , ,"Upper Phillips Creek  InundExp2, Site 5, Hum./Hollow",UPE5,UPM,InundExp2,5,1,2,8,(C)Control Plot,a,Spartina patens,41271,5.29,45.58,0,50.87, ,37.46,-75.833
2001, , ,"Upper Phillips Creek  InundExp2, Site 5, Hum./Hollow",UPE5,UPM,InundExp2,5,1,2,8,(C)Control Plot,b,Distichlis spicata,40662,3.45,11.39,0,14.84, ,37.46,-75.833
2001, , ,"Upper Phillips Creek InundExp2, Site 1, Creekbank",UPE1,UPM,InundExp2,1,1,1,8,(C)Control Plot,a,Distichlis spicata,40662,2.43,1.5,0,3.93, ,37.46,-75.833
2001, , ,"Upper Phillips Creek InundExp2, Site 1, Creekbank",UPE1,UPM,InundExp2,1,1,1,8,(C)Control Plot,a,Spartina patens,41271,19.92,9.73,0,29.65, ,37.46,-75.833
2001, , ,"Upper Phillips Creek InundExp2, Site 1, Creekbank",UPE1,UPM,InundExp2,1,1,1,8,(C)Control Plot,a,Unidentified, ,1.93,0,0,1.93, ,37.46,-75.833
2001, , ,"Upper Phillips Creek InundExp2, Site 1, Creekbank",UPE1,UPM,InundExp2,1,1,1,8,(C)Control Plot,b,Distichlis spicata,40662,5.95,1.72,0,7.67, ,37.46,-75.833
2001, , ,"Upper Phillips Creek InundExp2, Site 1, Creekbank",UPE1,UPM,InundExp2,1,1,1,8,(C)Control Plot,b,Spartina patens,41271,38.99,29.72,0,68.71, ,37.46,-75.833
2001, , ,"Upper Phillips Creek InundExp2, Site 1, Creekbank",UPE1,UPM,InundExp2,1,1,1,8,(C)Control Plot,b,Unidentified, ,0,1.37,0,1.37, ,37.46,-75.833
2001, , ,"Upper Phillips Creek InundExp2, Site 1, Creekbank",UPE1,UPM,InundExp2,1,1,2,8,(C)Control Plot,a,Distichlis spicata,40662,15.54,5.7,0,21.24, ,37.46,-75.833
2001, , ,"Upper Phillips Creek InundExp2, Site 1, Creekbank",UPE1,UPM,InundExp2,1,1,2,8,(C)Control Plot,a,Spartina patens,41271,14.53,7.06,0,21.59, ,37.46,-75.833
2001, , ,"Upper Phillips Creek InundExp2, Site 1, Creekbank",UPE1,UPM,InundExp2,1,1,2,8,(C)Control Plot,b,Distichlis spicata,40662,2.56,5.12,0,7.68, ,37.46,-75.833
2001, , ,"Upper Phillips Creek InundExp2, Site 1, Creekbank",UPE1,UPM,InundExp2,1,1,2,8,(C)Control Plot,b,Spartina patens,41271,2.17,39.87,0,42.04, ,37.46,-75.833
2001, , ,"Upper Phillips Creek InundExp2, Site 1, Creekbank",UPE1,UPM,InundExp2,1,1,2,8,(C)Control Plot,b,Unidentified, ,0,.26,0,.26, ,37.46,-75.833
2002, , ,"Upper Phillips Creek  InundExp2, Site 2, Intact Turf",UPE2,UPM,InundExp2,2,1,1,6,(B)Border Control,a,Distichlis spicata,40662,1.95,0,0,1.95, ,37.46,-75.833
2002, , ,"Upper Phillips Creek  InundExp2, Site 2, Intact Turf",UPE2,UPM,InundExp2,2,1,1,6,(B)Border Control,a,Spartina patens,41271,0,47.83,0,47.83, ,37.46,-75.833
2002, , ,"Upper Phillips Creek  InundExp2, Site 2, Intact Turf",UPE2,UPM,InundExp2,2,1,1,6,(B)Border Control,b,Spartina patens,41271,20.96,0,0,20.96, ,37.46,-75.833
2002, , ,"Upper Phillips Creek  InundExp2, Site 2, Intact Turf",UPE2,UPM,InundExp2,2,1,1,6,(B)Border Control,c,Spartina patens,41271,29.63,88.69,0,118.32, ,37.46,-75.833
2002, , ,"Upper Phillips Creek  InundExp2, Site 2, Intact Turf",UPE2,UPM,InundExp2,2,1,1,7,(P)Pumped Plot,a,Distichlis spicata,40662,11.01,0,0,11.01, ,37.46,-75.833
2002, , ,"Upper Phillips Creek  InundExp2, Site 2, Intact Turf",UPE2,UPM,InundExp2,2,1,1,7,(P)Pumped Plot,a,Spartina patens,41271,4.75,35,0,39.75, ,37.46,-75.833
2002, , ,"Upper Phillips Creek  InundExp2, Site 2, Intact Turf",UPE2,UPM,InundExp2,2,1,1,7,(P)Pumped Plot,b,Distichlis spicata,40662,6.51,2.41,0,8.92, ,37.46,-75.833
2002, , ,"Upper Phillips Creek  InundExp2, Site 2, Intact Turf",UPE2,UPM,InundExp2,2,1,1,7,(P)Pumped Plot,b,Spartina patens,41271,20.44,26.41,0,46.85, ,37.46,-75.833
2002, , ,"Upper Phillips Creek  InundExp2, Site 2, Intact Turf",UPE2,UPM,InundExp2,2,1,1,7,(P)Pumped Plot,c,Distichlis spicata,40662,2.15,0,0,2.15, ,37.46,-75.833
2002, , ,"Upper Phillips Creek  InundExp2, Site 2, Intact Turf",UPE2,UPM,InundExp2,2,1,1,7,(P)Pumped Plot,c,Spartina patens,41271,27.72,67.21,0,94.93, ,37.46,-75.833
2002, , ,"Upper Phillips Creek  InundExp2, Site 2, Intact Turf",UPE2,UPM,InundExp2,2,1,1,8,(C)Control Plot,a,Distichlis spicata,40662,11.03,0,0,11.03, ,37.46,-75.833
2002, , ,"Upper Phillips Creek  InundExp2, Site 2, Intact Turf",UPE2,UPM,InundExp2,2,1,1,8,(C)Control Plot,a,Spartina patens,41271,20.88,.31,0,21.19, ,37.46,-75.833
2002, , ,"Upper Phillips Creek  InundExp2, Site 2, Intact Turf",UPE2,UPM,InundExp2,2,1,1,8,(C)Control Plot,b,Distichlis spicata,40662,18.96,.56,0,19.52, ,37.46,-75.833
2002, , ,"Upper Phillips Creek  InundExp2, Site 2, Intact Turf",UPE2,UPM,InundExp2,2,1,1,8,(C)Control Plot,b,Spartina patens,41271,20.79,49.58,0,70.37, ,37.46,-75.833
2002, , ,"Upper Phillips Creek  InundExp2, Site 2, Intact Turf",UPE2,UPM,InundExp2,2,1,2,6,(B)Border Control,a,Distichlis spicata,40662,8.17,51.47,0,59.64, ,37.46,-75.833
2002, , ,"Upper Phillips Creek  InundExp2, Site 2, Intact Turf",UPE2,UPM,InundExp2,2,1,2,6,(B)Border Control,a,Spartina patens,41271,39.28,0,0,39.28, ,37.46,-75.833
2002, , ,"Upper Phillips Creek  InundExp2, Site 2, Intact Turf",UPE2,UPM,InundExp2,2,1,2,6,(B)Border Control,b,Distichlis spicata,40662,0,.93,0,.93, ,37.46,-75.833
2002, , ,"Upper Phillips Creek  InundExp2, Site 2, Intact Turf",UPE2,UPM,InundExp2,2,1,2,6,(B)Border Control,b,Spartina patens,41271,26.87,20.12,0,46.99, ,37.46,-75.833
2002, , ,"Upper Phillips Creek  InundExp2, Site 2, Intact Turf",UPE2,UPM,InundExp2,2,1,2,6,(B)Border Control,c,Distichlis spicata,40662,3.41,21.01,0,24.42, ,37.46,-75.833
2002, , ,"Upper Phillips Creek  InundExp2, Site 2, Intact Turf",UPE2,UPM,InundExp2,2,1,2,6,(B)Border Control,c,Spartina patens,41271,0,39.72,0,39.72, ,37.46,-75.833
2002, , ,"Upper Phillips Creek  InundExp2, Site 2, Intact Turf",UPE2,UPM,InundExp2,2,1,2,7,(P)Pumped Plot,a,Distichlis spicata,40662,1.41,0,0,1.41, ,37.46,-75.833
2002, , ,"Upper Phillips Creek  InundExp2, Site 2, Intact Turf",UPE2,UPM,InundExp2,2,1,2,7,(P)Pumped Plot,a,Spartina patens,41271,13.16,90.92,0,104.08, ,37.46,-75.833
2002, , ,"Upper Phillips Creek  InundExp2, Site 2, Intact Turf",UPE2,UPM,InundExp2,2,1,2,7,(P)Pumped Plot,b,Distichlis spicata,40662,3.34,0,0,3.34, ,37.46,-75.833
2002, , ,"Upper Phillips Creek  InundExp2, Site 2, Intact Turf",UPE2,UPM,InundExp2,2,1,2,7,(P)Pumped Plot,b,Spartina patens,41271,27.8,78,0,105.8, ,37.46,-75.833
2002, , ,"Upper Phillips Creek  InundExp2, Site 2, Intact Turf",UPE2,UPM,InundExp2,2,1,2,7,(P)Pumped Plot,c,Distichlis spicata,40662,1.59,3.04,0,4.63, ,37.46,-75.833
2002, , ,"Upper Phillips Creek  InundExp2, Site 2, Intact Turf",UPE2,UPM,InundExp2,2,1,2,7,(P)Pumped Plot,c,Spartina patens,41271,54.66,98.7,0,153.36, ,37.46,-75.833
2002, , ,"Upper Phillips Creek  InundExp2, Site 2, Intact Turf",UPE2,UPM,InundExp2,2,1,2,8,(C)Control Plot,a,Distichlis spicata,40662,2.73,0,0,2.73, ,37.46,-75.833
2002, , ,"Upper Phillips Creek  InundExp2, Site 2, Intact Turf",UPE2,UPM,InundExp2,2,1,2,8,(C)Control Plot,a,Spartina patens,41271,22.57,28.18,0,50.75, ,37.46,-75.833
2002, , ,"Upper Phillips Creek  InundExp2, Site 2, Intact Turf",UPE2,UPM,InundExp2,2,1,2,8,(C)Control Plot,b,Distichlis spicata,40662,3.51,0,0,3.51, ,37.46,-75.833
2002, , ,"Upper Phillips Creek  InundExp2, Site 2, Intact Turf",UPE2,UPM,InundExp2,2,1,2,8,(C)Control Plot,b,Spartina patens,41271,28.37,15.42,0,43.79, ,37.46,-75.833
2002, , ,"Upper Phillips Creek  InundExp2, Site 3, Hum./Hollow",UPE3,UPM,InundExp2,3,1,1,8,(C)Control Plot,a,Distichlis spicata,40662,28.9,22.14,0,51.04, ,37.46,-75.833
2002, , ,"Upper Phillips Creek  InundExp2, Site 3, Hum./Hollow",UPE3,UPM,InundExp2,3,1,1,8,(C)Control Plot,a,Spartina patens,41271,14.1,9.6,0,23.7, ,37.46,-75.833
2002, , ,"Upper Phillips Creek  InundExp2, Site 3, Hum./Hollow",UPE3,UPM,InundExp2,3,1,1,8,(C)Control Plot,b,Distichlis spicata,40662,17.85,24.05,0,41.9, ,37.46,-75.833
2002, , ,"Upper Phillips Creek  InundExp2, Site 3, Hum./Hollow",UPE3,UPM,InundExp2,3,1,1,8,(C)Control Plot,b,Spartina patens,41271,16.47,7.59,0,24.06, ,37.46,-75.833
2002, , ,"Upper Phillips Creek  InundExp2, Site 3, Hum./Hollow",UPE3,UPM,InundExp2,3,1,2,8,(C)Control Plot,a,Distichlis spicata,40662,8.47,3.93,0,12.4, ,37.46,-75.833
2002, , ,"Upper Phillips Creek  InundExp2, Site 3, Hum./Hollow",UPE3,UPM,InundExp2,3,1,2,8,(C)Control Plot,b,Distichlis spicata,40662,28.03,37.84,0,65.87, ,37.46,-75.833
2002, , ,"Upper Phillips Creek  InundExp2, Site 3, Hum./Hollow",UPE3,UPM,InundExp2,3,1,2,8,(C)Control Plot,b,Spartina patens,41271,4.82,0,0,4.82, ,37.46,-75.833
2002, , ,"Upper Phillips Creek  InundExp2, Site 4, Intact Turf",UPE4,UPM,InundExp2,4,1,1,6,(B)Border Control,a,Distichlis spicata,40662,9.12,9.36,0,18.48, ,37.46,-75.833
2002, , ,"Upper Phillips Creek  InundExp2, Site 4, Intact Turf",UPE4,UPM,InundExp2,4,1,1,6,(B)Border Control,a,Spartina patens,41271,18.32,11.73,0,30.05, ,37.46,-75.833
2002, , ,"Upper Phillips Creek  InundExp2, Site 4, Intact Turf",UPE4,UPM,InundExp2,4,1,1,6,(B)Border Control,a,Unidentified, ,0,19.6,0,19.6, ,37.46,-75.833
2002, , ,"Upper Phillips Creek  InundExp2, Site 4, Intact Turf",UPE4,UPM,InundExp2,4,1,1,6,(B)Border Control,b,Distichlis spicata,40662,23.27,10.48,0,33.75, ,37.46,-75.833
2002, , ,"Upper Phillips Creek  InundExp2, Site 4, Intact Turf",UPE4,UPM,InundExp2,4,1,1,6,(B)Border Control,b,Spartina patens,41271,14.04,16.8,0,30.84, ,37.46,-75.833
2002, , ,"Upper Phillips Creek  InundExp2, Site 4, Intact Turf",UPE4,UPM,InundExp2,4,1,1,6,(B)Border Control,b,Unidentified, ,0,19.3,0,19.3, ,37.46,-75.833
2002, , ,"Upper Phillips Creek  InundExp2, Site 4, Intact Turf",UPE4,UPM,InundExp2,4,1,1,6,(B)Border Control,c,Distichlis spicata,40662,15.85,12.74,0,28.59, ,37.46,-75.833
2002, , ,"Upper Phillips Creek  InundExp2, Site 4, Intact Turf",UPE4,UPM,InundExp2,4,1,1,6,(B)Border Control,c,Spartina patens,41271,17.38,22.86,0,40.24, ,37.46,-75.833
2002, , ,"Upper Phillips Creek  InundExp2, Site 4, Intact Turf",UPE4,UPM,InundExp2,4,1,1,6,(B)Border Control,c,Unidentified, ,0,27.51,0,27.51, ,37.46,-75.833
2002, , ,"Upper Phillips Creek  InundExp2, Site 4, Intact Turf",UPE4,UPM,InundExp2,4,1,1,7,(P)Pumped Plot,a,Distichlis spicata,40662,12.24,8.33,0,20.57, ,37.46,-75.833
2002, , ,"Upper Phillips Creek  InundExp2, Site 4, Intact Turf",UPE4,UPM,InundExp2,4,1,1,7,(P)Pumped Plot,a,Spartina patens,41271,26.75,16.33,0,43.08, ,37.46,-75.833
2002, , ,"Upper Phillips Creek  InundExp2, Site 4, Intact Turf",UPE4,UPM,InundExp2,4,1,1,7,(P)Pumped Plot,a,Unidentified, ,0,13.26,0,13.26, ,37.46,-75.833
2002, , ,"Upper Phillips Creek  InundExp2, Site 4, Intact Turf",UPE4,UPM,InundExp2,4,1,1,7,(P)Pumped Plot,b,Distichlis spicata,40662,2.67,4.48,0,7.15, ,37.46,-75.833
2002, , ,"Upper Phillips Creek  InundExp2, Site 4, Intact Turf",UPE4,UPM,InundExp2,4,1,1,7,(P)Pumped Plot,b,Spartina patens,41271,9.4,3.46,0,12.86, ,37.46,-75.833
2002, , ,"Upper Phillips Creek  InundExp2, Site 4, Intact Turf",UPE4,UPM,InundExp2,4,1,1,7,(P)Pumped Plot,b,Unidentified, ,0,6.73,0,6.73, ,37.46,-75.833
2002, , ,"Upper Phillips Creek  InundExp2, Site 4, Intact Turf",UPE4,UPM,InundExp2,4,1,1,7,(P)Pumped Plot,c,Distichlis spicata,40662,7.6,6.94,0,14.54, ,37.46,-75.833
2002, , ,"Upper Phillips Creek  InundExp2, Site 4, Intact Turf",UPE4,UPM,InundExp2,4,1,1,7,(P)Pumped Plot,c,Spartina patens,41271,21.55,20.22,0,41.77, ,37.46,-75.833
2002, , ,"Upper Phillips Creek  InundExp2, Site 4, Intact Turf",UPE4,UPM,InundExp2,4,1,1,7,(P)Pumped Plot,c,Unidentified, ,0,18.19,0,18.19, ,37.46,-75.833
2002, , ,"Upper Phillips Creek  InundExp2, Site 4, Intact Turf",UPE4,UPM,InundExp2,4,1,1,8,(C)Control Plot,a,Distichlis spicata,40662,9.62,2.15,0,11.77, ,37.46,-75.833
2002, , ,"Upper Phillips Creek  InundExp2, Site 4, Intact Turf",UPE4,UPM,InundExp2,4,1,1,8,(C)Control Plot,a,Spartina patens,41271,30.61,27.03,0,57.64, ,37.46,-75.833
2002, , ,"Upper Phillips Creek  InundExp2, Site 4, Intact Turf",UPE4,UPM,InundExp2,4,1,1,8,(C)Control Plot,b,Distichlis spicata,40662,3.49,1.59,0,5.08, ,37.46,-75.833
2002, , ,"Upper Phillips Creek  InundExp2, Site 4, Intact Turf",UPE4,UPM,InundExp2,4,1,1,8,(C)Control Plot,b,Spartina patens,41271,29.66,34.81,0,64.47, ,37.46,-75.833
2002, , ,"Upper Phillips Creek  InundExp2, Site 4, Intact Turf",UPE4,UPM,InundExp2,4,1,1,8,(C)Control Plot,c,Distichlis spicata,40662,10.52,0,0,10.52, ,37.46,-75.833
2002, , ,"Upper Phillips Creek  InundExp2, Site 4, Intact Turf",UPE4,UPM,InundExp2,4,1,1,8,(C)Control Plot,c,Spartina patens,41271,33,32.46,0,65.46, ,37.46,-75.833
2002, , ,"Upper Phillips Creek  InundExp2, Site 4, Intact Turf",UPE4,UPM,InundExp2,4,1,2,6,(B)Border Control,a,Distichlis spicata,40662,11.42,13.27,0,24.69, ,37.46,-75.833
2002, , ,"Upper Phillips Creek  InundExp2, Site 4, Intact Turf",UPE4,UPM,InundExp2,4,1,2,6,(B)Border Control,a,Spartina patens,41271,19.94,22.29,0,42.23, ,37.46,-75.833
2002, , ,"Upper Phillips Creek  InundExp2, Site 4, Intact Turf",UPE4,UPM,InundExp2,4,1,2,6,(B)Border Control,a,Unidentified, ,0,34.08,0,34.08, ,37.46,-75.833
2002, , ,"Upper Phillips Creek  InundExp2, Site 4, Intact Turf",UPE4,UPM,InundExp2,4,1,2,6,(B)Border Control,b,Distichlis spicata,40662,8.02,6.35,0,14.37, ,37.46,-75.833
2002, , ,"Upper Phillips Creek  InundExp2, Site 4, Intact Turf",UPE4,UPM,InundExp2,4,1,2,6,(B)Border Control,b,Spartina patens,41271,26.3,16.44,0,42.74, ,37.46,-75.833
2002, , ,"Upper Phillips Creek  InundExp2, Site 4, Intact Turf",UPE4,UPM,InundExp2,4,1,2,6,(B)Border Control,b,Unidentified, ,0,29.72,0,29.72, ,37.46,-75.833
2002, , ,"Upper Phillips Creek  InundExp2, Site 4, Intact Turf",UPE4,UPM,InundExp2,4,1,2,6,(B)Border Control,c,Distichlis spicata,40662,21.04,8.96,0,30, ,37.46,-75.833
2002, , ,"Upper Phillips Creek  InundExp2, Site 4, Intact Turf",UPE4,UPM,InundExp2,4,1,2,6,(B)Border Control,c,Spartina patens,41271,25.74,14.16,0,39.9, ,37.46,-75.833
2002, , ,"Upper Phillips Creek  InundExp2, Site 4, Intact Turf",UPE4,UPM,InundExp2,4,1,2,6,(B)Border Control,c,Unidentified, ,0,27.11,0,27.11, ,37.46,-75.833
2002, , ,"Upper Phillips Creek  InundExp2, Site 4, Intact Turf",UPE4,UPM,InundExp2,4,1,2,7,(P)Pumped Plot,a,Distichlis spicata,40662,7.24,3.17,0,10.41, ,37.46,-75.833
2002, , ,"Upper Phillips Creek  InundExp2, Site 4, Intact Turf",UPE4,UPM,InundExp2,4,1,2,7,(P)Pumped Plot,a,Spartina patens,41271,23.27,18.91,0,42.18, ,37.46,-75.833
2002, , ,"Upper Phillips Creek  InundExp2, Site 4, Intact Turf",UPE4,UPM,InundExp2,4,1,2,7,(P)Pumped Plot,a,Unidentified, ,0,6.33,0,6.33, ,37.46,-75.833
2002, , ,"Upper Phillips Creek  InundExp2, Site 4, Intact Turf",UPE4,UPM,InundExp2,4,1,2,7,(P)Pumped Plot,b,Distichlis spicata,40662,13.2,12.33,0,25.53, ,37.46,-75.833
2002, , ,"Upper Phillips Creek  InundExp2, Site 4, Intact Turf",UPE4,UPM,InundExp2,4,1,2,7,(P)Pumped Plot,b,Spartina patens,41271,21.33,20.04,0,41.37, ,37.46,-75.833
2002, , ,"Upper Phillips Creek  InundExp2, Site 4, Intact Turf",UPE4,UPM,InundExp2,4,1,2,7,(P)Pumped Plot,b,Unidentified, ,0,17.45,0,17.45, ,37.46,-75.833
2002, , ,"Upper Phillips Creek  InundExp2, Site 4, Intact Turf",UPE4,UPM,InundExp2,4,1,2,7,(P)Pumped Plot,c,Distichlis spicata,40662,26.7,27.14,0,53.84, ,37.46,-75.833
2002, , ,"Upper Phillips Creek  InundExp2, Site 4, Intact Turf",UPE4,UPM,InundExp2,4,1,2,7,(P)Pumped Plot,c,Spartina patens,41271,18.29,20.27,0,38.56, ,37.46,-75.833
2002, , ,"Upper Phillips Creek  InundExp2, Site 4, Intact Turf",UPE4,UPM,InundExp2,4,1,2,7,(P)Pumped Plot,c,Unidentified, ,0,43.71,0,43.71, ,37.46,-75.833
2002, , ,"Upper Phillips Creek  InundExp2, Site 4, Intact Turf",UPE4,UPM,InundExp2,4,1,2,8,(C)Control Plot,a,Distichlis spicata,40662,17.64,6.04,0,23.68, ,37.46,-75.833
2002, , ,"Upper Phillips Creek  InundExp2, Site 4, Intact Turf",UPE4,UPM,InundExp2,4,1,2,8,(C)Control Plot,a,Spartina patens,41271,15.53,13.93,0,29.46, ,37.46,-75.833
2002, , ,"Upper Phillips Creek  InundExp2, Site 4, Intact Turf",UPE4,UPM,InundExp2,4,1,2,8,(C)Control Plot,b,Distichlis spicata,40662,10.76,2.21,0,12.97, ,37.46,-75.833
2002, , ,"Upper Phillips Creek  InundExp2, Site 4, Intact Turf",UPE4,UPM,InundExp2,4,1,2,8,(C)Control Plot,b,Spartina patens,41271,14.26,64.39,0,78.65, ,37.46,-75.833
2002, , ,"Upper Phillips Creek  InundExp2, Site 4, Intact Turf",UPE4,UPM,InundExp2,4,1,2,8,(C)Control Plot,c,Distichlis spicata,40662,13.9,9.12,0,23.02, ,37.46,-75.833
2002, , ,"Upper Phillips Creek  InundExp2, Site 4, Intact Turf",UPE4,UPM,InundExp2,4,1,2,8,(C)Control Plot,c,Spartina patens,41271,27.83,29.76,0,57.59, ,37.46,-75.833
2002, , ,"Upper Phillips Creek  InundExp2, Site 5, Hum./Hollow",UPE5,UPM,InundExp2,5,1,1,6,(B)Border Control,a,Distichlis spicata,40662,28.4,36.26,0,64.66, ,37.46,-75.833
2002, , ,"Upper Phillips Creek  InundExp2, Site 5, Hum./Hollow",UPE5,UPM,InundExp2,5,1,1,6,(B)Border Control,a,Spartina patens,41271,5.95,7.92,0,13.87, ,37.46,-75.833
2002, , ,"Upper Phillips Creek  InundExp2, Site 5, Hum./Hollow",UPE5,UPM,InundExp2,5,1,1,6,(B)Border Control,b,Distichlis spicata,40662,29.7,36.79,0,66.49, ,37.46,-75.833
2002, , ,"Upper Phillips Creek  InundExp2, Site 5, Hum./Hollow",UPE5,UPM,InundExp2,5,1,1,6,(B)Border Control,c,Distichlis spicata,40662,35.34,53.69,0,89.03, ,37.46,-75.833
2002, , ,"Upper Phillips Creek  InundExp2, Site 5, Hum./Hollow",UPE5,UPM,InundExp2,5,1,1,6,(B)Border Control,c,Spartina patens,41271,2.07,0,0,2.07, ,37.46,-75.833
2002, , ,"Upper Phillips Creek  InundExp2, Site 5, Hum./Hollow",UPE5,UPM,InundExp2,5,1,1,7,(P)Pumped Plot,a,Distichlis spicata,40662,15.93,7.69,0,23.62, ,37.46,-75.833
2002, , ,"Upper Phillips Creek  InundExp2, Site 5, Hum./Hollow",UPE5,UPM,InundExp2,5,1,1,7,(P)Pumped Plot,a,Spartina patens,41271,0,.11,0,.11, ,37.46,-75.833
2002, , ,"Upper Phillips Creek  InundExp2, Site 5, Hum./Hollow",UPE5,UPM,InundExp2,5,1,1,7,(P)Pumped Plot,b,Distichlis spicata,40662,10.98,8.78,0,19.76, ,37.46,-75.833
2002, , ,"Upper Phillips Creek  InundExp2, Site 5, Hum./Hollow",UPE5,UPM,InundExp2,5,1,1,7,(P)Pumped Plot,c,Distichlis spicata,40662,15,26.65,0,41.65, ,37.46,-75.833
2002, , ,"Upper Phillips Creek  InundExp2, Site 5, Hum./Hollow",UPE5,UPM,InundExp2,5,1,1,7,(P)Pumped Plot,c,Spartina patens,41271,.41,.25,0,.66, ,37.46,-75.833
2002, , ,"Upper Phillips Creek  InundExp2, Site 5, Hum./Hollow",UPE5,UPM,InundExp2,5,1,1,8,(C)Control Plot,a,Distichlis spicata,40662,0,42.88,0,42.88, ,37.46,-75.833
2002, , ,"Upper Phillips Creek  InundExp2, Site 5, Hum./Hollow",UPE5,UPM,InundExp2,5,1,1,8,(C)Control Plot,a,Spartina patens,41271,3.4,2.02,0,5.42, ,37.46,-75.833
2002, , ,"Upper Phillips Creek  InundExp2, Site 5, Hum./Hollow",UPE5,UPM,InundExp2,5,1,1,8,(C)Control Plot,b,Distichlis spicata,40662,38.04,10.34,0,48.38, ,37.46,-75.833
2002, , ,"Upper Phillips Creek  InundExp2, Site 5, Hum./Hollow",UPE5,UPM,InundExp2,5,1,1,8,(C)Control Plot,b,Spartina patens,41271,1.48,2.79,0,4.27, ,37.46,-75.833
2002, , ,"Upper Phillips Creek  InundExp2, Site 5, Hum./Hollow",UPE5,UPM,InundExp2,5,1,1,8,(C)Control Plot,c,Distichlis spicata,40662,14.96,14.55,0,29.51, ,37.46,-75.833
2002, , ,"Upper Phillips Creek  InundExp2, Site 5, Hum./Hollow",UPE5,UPM,InundExp2,5,1,1,8,(C)Control Plot,c,Spartina patens,41271,14.24,19.31,0,33.55, ,37.46,-75.833
2002, , ,"Upper Phillips Creek  InundExp2, Site 5, Hum./Hollow",UPE5,UPM,InundExp2,5,1,2,6,(B)Border Control,a,Distichlis spicata,40662,30.32,74.33,0,104.65, ,37.46,-75.833
2002, , ,"Upper Phillips Creek  InundExp2, Site 5, Hum./Hollow",UPE5,UPM,InundExp2,5,1,2,6,(B)Border Control,a,Spartina patens,41271,.12,.12,0,.24, ,37.46,-75.833
2002, , ,"Upper Phillips Creek  InundExp2, Site 5, Hum./Hollow",UPE5,UPM,InundExp2,5,1,2,6,(B)Border Control,b,Distichlis spicata,40662,0,19.58,0,19.58, ,37.46,-75.833
2002, , ,"Upper Phillips Creek  InundExp2, Site 5, Hum./Hollow",UPE5,UPM,InundExp2,5,1,2,6,(B)Border Control,b,Spartina patens,41271,.5,0,0,.5, ,37.46,-75.833
2002, , ,"Upper Phillips Creek  InundExp2, Site 5, Hum./Hollow",UPE5,UPM,InundExp2,5,1,2,6,(B)Border Control,c,Distichlis spicata,40662,19.99,0,0,19.99, ,37.46,-75.833
2002, , ,"Upper Phillips Creek  InundExp2, Site 5, Hum./Hollow",UPE5,UPM,InundExp2,5,1,2,7,(P)Pumped Plot,a,Distichlis spicata,40662,43.86,44.35,0,88.21, ,37.46,-75.833
2002, , ,"Upper Phillips Creek  InundExp2, Site 5, Hum./Hollow",UPE5,UPM,InundExp2,5,1,2,7,(P)Pumped Plot,a,Spartina patens,41271,.34,4.26,0,4.6, ,37.46,-75.833
2002, , ,"Upper Phillips Creek  InundExp2, Site 5, Hum./Hollow",UPE5,UPM,InundExp2,5,1,2,7,(P)Pumped Plot,b,Distichlis spicata,40662,19.31,29.23,0,48.54, ,37.46,-75.833
2002, , ,"Upper Phillips Creek  InundExp2, Site 5, Hum./Hollow",UPE5,UPM,InundExp2,5,1,2,7,(P)Pumped Plot,c,Distichlis spicata,40662,17.09,22.66,0,39.75, ,37.46,-75.833
2002, , ,"Upper Phillips Creek  InundExp2, Site 5, Hum./Hollow",UPE5,UPM,InundExp2,5,1,2,8,(C)Control Plot,a,Distichlis spicata,40662,45.23,48.55,0,93.78, ,37.46,-75.833
2002, , ,"Upper Phillips Creek  InundExp2, Site 5, Hum./Hollow",UPE5,UPM,InundExp2,5,1,2,8,(C)Control Plot,a,Spartina patens,41271,0,.85,0,.85, ,37.46,-75.833
2002, , ,"Upper Phillips Creek  InundExp2, Site 5, Hum./Hollow",UPE5,UPM,InundExp2,5,1,2,8,(C)Control Plot,b,Distichlis spicata,40662,17.49,12.06,0,29.55, ,37.46,-75.833
2002, , ,"Upper Phillips Creek  InundExp2, Site 5, Hum./Hollow",UPE5,UPM,InundExp2,5,1,2,8,(C)Control Plot,b,Spartina patens,41271,1.5,0,0,1.5, ,37.46,-75.833
2002, , ,"Upper Phillips Creek  InundExp2, Site 5, Hum./Hollow",UPE5,UPM,InundExp2,5,1,2,8,(C)Control Plot,c,Distichlis spicata,40662,118.52,0,0,118.52, ,37.46,-75.833
2002, , ,"Upper Phillips Creek  InundExp2, Site 5, Hum./Hollow",UPE5,UPM,InundExp2,5,1,2,8,(C)Control Plot,c,Spartina patens,41271,1.27,0,0,1.27, ,37.46,-75.833
2002, , ,"Upper Phillips Creek InundExp2, Site 1, Creekbank",UPE1,UPM,InundExp2,1,1,1,8,(C)Control Plot,a,Distichlis spicata,40662,14.63,0,0,14.63, ,37.46,-75.833
2002, , ,"Upper Phillips Creek InundExp2, Site 1, Creekbank",UPE1,UPM,InundExp2,1,1,1,8,(C)Control Plot,a,Spartina patens,41271,19.71,35.53,0,55.24, ,37.46,-75.833
2002, , ,"Upper Phillips Creek InundExp2, Site 1, Creekbank",UPE1,UPM,InundExp2,1,1,1,8,(C)Control Plot,a,Unidentified, ,11.5,3.29,0,14.79, ,37.46,-75.833
2002, , ,"Upper Phillips Creek InundExp2, Site 1, Creekbank",UPE1,UPM,InundExp2,1,1,1,8,(C)Control Plot,b,Distichlis spicata,40662,9.87,4.08,0,13.95, ,37.46,-75.833
2002, , ,"Upper Phillips Creek InundExp2, Site 1, Creekbank",UPE1,UPM,InundExp2,1,1,1,8,(C)Control Plot,b,Spartina patens,41271,24.28,24.22,0,48.5, ,37.46,-75.833
2002, , ,"Upper Phillips Creek InundExp2, Site 1, Creekbank",UPE1,UPM,InundExp2,1,1,1,8,(C)Control Plot,b,Unidentified, ,.86,1.17,0,2.03, ,37.46,-75.833
2002, , ,"Upper Phillips Creek InundExp2, Site 1, Creekbank",UPE1,UPM,InundExp2,1,1,2,8,(C)Control Plot,a,Distichlis spicata,40662,28.98,6.36,0,35.34, ,37.46,-75.833
2002, , ,"Upper Phillips Creek InundExp2, Site 1, Creekbank",UPE1,UPM,InundExp2,1,1,2,8,(C)Control Plot,a,Spartina patens,41271,27.18,15.74,0,42.92, ,37.46,-75.833
2002, , ,"Upper Phillips Creek InundExp2, Site 1, Creekbank",UPE1,UPM,InundExp2,1,1,2,8,(C)Control Plot,a,Unidentified, ,0,8.2,0,8.2, ,37.46,-75.833
2002, , ,"Upper Phillips Creek InundExp2, Site 1, Creekbank",UPE1,UPM,InundExp2,1,1,2,8,(C)Control Plot,b,Distichlis spicata,40662,10.78,0,0,10.78, ,37.46,-75.833
2002, , ,"Upper Phillips Creek InundExp2, Site 1, Creekbank",UPE1,UPM,InundExp2,1,1,2,8,(C)Control Plot,b,Spartina patens,41271,29.06,38.06,0,67.12, ,37.46,-75.833
2003, , ,"Upper Phillips Creek  InundExp2, Site 2, Intact Turf",UPE2,UPM,InundExp2,2,1,1,6,(B)Border Control,a,Distichlis spicata,40662,6.6,.2,0,6.8, ,37.46,-75.833
2003, , ,"Upper Phillips Creek  InundExp2, Site 2, Intact Turf",UPE2,UPM,InundExp2,2,1,1,6,(B)Border Control,a,Spartina patens,41271,24.1,.3,0,24.4, ,37.46,-75.833
2003, , ,"Upper Phillips Creek  InundExp2, Site 2, Intact Turf",UPE2,UPM,InundExp2,2,1,1,6,(B)Border Control,b,Distichlis spicata,40662,5.6,0,0,5.6, ,37.46,-75.833
2003, , ,"Upper Phillips Creek  InundExp2, Site 2, Intact Turf",UPE2,UPM,InundExp2,2,1,1,6,(B)Border Control,b,Spartina patens,41271,31.1,2.1,0,33.2, ,37.46,-75.833
2003, , ,"Upper Phillips Creek  InundExp2, Site 2, Intact Turf",UPE2,UPM,InundExp2,2,1,1,6,(B)Border Control,c,Distichlis spicata,40662,6.5,1.3,0,7.8, ,37.46,-75.833
2003, , ,"Upper Phillips Creek  InundExp2, Site 2, Intact Turf",UPE2,UPM,InundExp2,2,1,1,6,(B)Border Control,c,Spartina patens,41271,22.1,1.5,0,23.6, ,37.46,-75.833
2003, , ,"Upper Phillips Creek  InundExp2, Site 2, Intact Turf",UPE2,UPM,InundExp2,2,1,1,7,(P)Pumped Plot,a,Distichlis spicata,40662,11.9,1,0,12.9, ,37.46,-75.833
2003, , ,"Upper Phillips Creek  InundExp2, Site 2, Intact Turf",UPE2,UPM,InundExp2,2,1,1,7,(P)Pumped Plot,a,Spartina patens,41271,18.7,1.6,0,20.3, ,37.46,-75.833
2003, , ,"Upper Phillips Creek  InundExp2, Site 2, Intact Turf",UPE2,UPM,InundExp2,2,1,1,7,(P)Pumped Plot,b,Distichlis spicata,40662,17.5,5.3,0,22.8, ,37.46,-75.833
2003, , ,"Upper Phillips Creek  InundExp2, Site 2, Intact Turf",UPE2,UPM,InundExp2,2,1,1,7,(P)Pumped Plot,b,Spartina patens,41271,21.1,3,0,24.1, ,37.46,-75.833
2003, , ,"Upper Phillips Creek  InundExp2, Site 2, Intact Turf",UPE2,UPM,InundExp2,2,1,1,7,(P)Pumped Plot,c,Distichlis spicata,40662,8.8,1.1,0,9.9, ,37.46,-75.833
2003, , ,"Upper Phillips Creek  InundExp2, Site 2, Intact Turf",UPE2,UPM,InundExp2,2,1,1,7,(P)Pumped Plot,c,Spartina patens,41271,34,2.9,0,36.9, ,37.46,-75.833
2003, , ,"Upper Phillips Creek  InundExp2, Site 2, Intact Turf",UPE2,UPM,InundExp2,2,1,1,8,(C)Control Plot,a,Distichlis spicata,40662,17.5,3.8,0,21.3, ,37.46,-75.833
2003, , ,"Upper Phillips Creek  InundExp2, Site 2, Intact Turf",UPE2,UPM,InundExp2,2,1,1,8,(C)Control Plot,a,Spartina patens,41271,22.3,3.5,0,25.8, ,37.46,-75.833
2003, , ,"Upper Phillips Creek  InundExp2, Site 2, Intact Turf",UPE2,UPM,InundExp2,2,1,1,8,(C)Control Plot,b,Distichlis spicata,40662,14.4,0,0,14.4, ,37.46,-75.833
2003, , ,"Upper Phillips Creek  InundExp2, Site 2, Intact Turf",UPE2,UPM,InundExp2,2,1,1,8,(C)Control Plot,b,Spartina patens,41271,29.2,1.1,0,30.3, ,37.46,-75.833
2003, , ,"Upper Phillips Creek  InundExp2, Site 2, Intact Turf",UPE2,UPM,InundExp2,2,1,1,8,(C)Control Plot,c,Distichlis spicata,40662,13.6,.7,0,14.3, ,37.46,-75.833
2003, , ,"Upper Phillips Creek  InundExp2, Site 2, Intact Turf",UPE2,UPM,InundExp2,2,1,1,8,(C)Control Plot,c,Spartina patens,41271,24.5,1.1,0,25.6, ,37.46,-75.833
2003, , ,"Upper Phillips Creek  InundExp2, Site 2, Intact Turf",UPE2,UPM,InundExp2,2,1,2,6,(B)Border Control,a,Distichlis spicata,40662,7.8,2.6,0,10.4, ,37.46,-75.833
2003, , ,"Upper Phillips Creek  InundExp2, Site 2, Intact Turf",UPE2,UPM,InundExp2,2,1,2,6,(B)Border Control,a,Spartina patens,41271,19.1,3,0,22.1, ,37.46,-75.833
2003, , ,"Upper Phillips Creek  InundExp2, Site 2, Intact Turf",UPE2,UPM,InundExp2,2,1,2,6,(B)Border Control,b,Distichlis spicata,40662,7.4,10.6,0,18, ,37.46,-75.833
2003, , ,"Upper Phillips Creek  InundExp2, Site 2, Intact Turf",UPE2,UPM,InundExp2,2,1,2,6,(B)Border Control,b,Spartina patens,41271,20.3,23.8,0,44.1, ,37.46,-75.833
2003, , ,"Upper Phillips Creek  InundExp2, Site 2, Intact Turf",UPE2,UPM,InundExp2,2,1,2,6,(B)Border Control,c,Distichlis spicata,40662,3.1,7.6,0,10.7, ,37.46,-75.833
2003, , ,"Upper Phillips Creek  InundExp2, Site 2, Intact Turf",UPE2,UPM,InundExp2,2,1,2,6,(B)Border Control,c,Spartina patens,41271,14.1,7.5,0,21.6, ,37.46,-75.833
2003, , ,"Upper Phillips Creek  InundExp2, Site 2, Intact Turf",UPE2,UPM,InundExp2,2,1,2,7,(P)Pumped Plot,a,Distichlis spicata,40662,4.3,.6,0,4.9, ,37.46,-75.833
2003, , ,"Upper Phillips Creek  InundExp2, Site 2, Intact Turf",UPE2,UPM,InundExp2,2,1,2,7,(P)Pumped Plot,a,Spartina patens,41271,13,1.4,0,14.4, ,37.46,-75.833
2003, , ,"Upper Phillips Creek  InundExp2, Site 2, Intact Turf",UPE2,UPM,InundExp2,2,1,2,7,(P)Pumped Plot,b,Distichlis spicata,40662,20.6,2.8,0,23.4, ,37.46,-75.833
2003, , ,"Upper Phillips Creek  InundExp2, Site 2, Intact Turf",UPE2,UPM,InundExp2,2,1,2,7,(P)Pumped Plot,b,Spartina patens,41271,27.5,2,0,29.5, ,37.46,-75.833
2003, , ,"Upper Phillips Creek  InundExp2, Site 2, Intact Turf",UPE2,UPM,InundExp2,2,1,2,7,(P)Pumped Plot,c,Distichlis spicata,40662,7.5,.5,0,8, ,37.46,-75.833
2003, , ,"Upper Phillips Creek  InundExp2, Site 2, Intact Turf",UPE2,UPM,InundExp2,2,1,2,7,(P)Pumped Plot,c,Spartina patens,41271,19.3,1.5,0,20.8, ,37.46,-75.833
2003, , ,"Upper Phillips Creek  InundExp2, Site 2, Intact Turf",UPE2,UPM,InundExp2,2,1,2,8,(C)Control Plot,a,Distichlis spicata,40662,3.8,.5,0,4.3, ,37.46,-75.833
2003, , ,"Upper Phillips Creek  InundExp2, Site 2, Intact Turf",UPE2,UPM,InundExp2,2,1,2,8,(C)Control Plot,a,Spartina patens,41271,16.7,11.3,0,28, ,37.46,-75.833
2003, , ,"Upper Phillips Creek  InundExp2, Site 2, Intact Turf",UPE2,UPM,InundExp2,2,1,2,8,(C)Control Plot,b,Distichlis spicata,40662,8.1,.4,0,8.5, ,37.46,-75.833
2003, , ,"Upper Phillips Creek  InundExp2, Site 2, Intact Turf",UPE2,UPM,InundExp2,2,1,2,8,(C)Control Plot,b,Spartina patens,41271,26.7,6.7,0,33.4, ,37.46,-75.833
2003, , ,"Upper Phillips Creek  InundExp2, Site 2, Intact Turf",UPE2,UPM,InundExp2,2,1,2,8,(C)Control Plot,b,Unidentified, ,.4,0,0,.4, ,37.46,-75.833
2003, , ,"Upper Phillips Creek  InundExp2, Site 2, Intact Turf",UPE2,UPM,InundExp2,2,1,2,8,(C)Control Plot,c,Distichlis spicata,40662,1.6,3.6,0,5.2, ,37.46,-75.833
2003, , ,"Upper Phillips Creek  InundExp2, Site 2, Intact Turf",UPE2,UPM,InundExp2,2,1,2,8,(C)Control Plot,c,Spartina patens,41271,2.4,7.5,0,9.9, ,37.46,-75.833
2003, , ,"Upper Phillips Creek  InundExp2, Site 3, Hum./Hollow",UPE3,UPM,InundExp2,3,1,1,8,(C)Control Plot,a,Distichlis spicata,40662,41.2,7.6,0,48.8, ,37.46,-75.833
2003, , ,"Upper Phillips Creek  InundExp2, Site 3, Hum./Hollow",UPE3,UPM,InundExp2,3,1,1,8,(C)Control Plot,a,Spartina patens,41271,24.4,2.2,0,26.6, ,37.46,-75.833
2003, , ,"Upper Phillips Creek  InundExp2, Site 3, Hum./Hollow",UPE3,UPM,InundExp2,3,1,1,8,(C)Control Plot,b,Distichlis spicata,40662,5.6,1.5,0,7.1, ,37.46,-75.833
2003, , ,"Upper Phillips Creek  InundExp2, Site 3, Hum./Hollow",UPE3,UPM,InundExp2,3,1,1,8,(C)Control Plot,b,Spartina patens,41271,7.2,0,0,7.2, ,37.46,-75.833
2003, , ,"Upper Phillips Creek  InundExp2, Site 3, Hum./Hollow",UPE3,UPM,InundExp2,3,1,1,8,(C)Control Plot,c,Distichlis spicata,40662,9.8,6.7,0,16.5, ,37.46,-75.833
2003, , ,"Upper Phillips Creek  InundExp2, Site 3, Hum./Hollow",UPE3,UPM,InundExp2,3,1,1,8,(C)Control Plot,c,Spartina patens,41271,12.1,10.5,0,22.6, ,37.46,-75.833
2003, , ,"Upper Phillips Creek  InundExp2, Site 3, Hum./Hollow",UPE3,UPM,InundExp2,3,1,2,8,(C)Control Plot,a,Distichlis spicata,40662,30.9,2.6,0,33.5, ,37.46,-75.833
2003, , ,"Upper Phillips Creek  InundExp2, Site 3, Hum./Hollow",UPE3,UPM,InundExp2,3,1,2,8,(C)Control Plot,a,Spartina patens,41271,18.9,0,0,18.9, ,37.46,-75.833
2003, , ,"Upper Phillips Creek  InundExp2, Site 3, Hum./Hollow",UPE3,UPM,InundExp2,3,1,2,8,(C)Control Plot,b,Distichlis spicata,40662,23.3,12.4,0,35.7, ,37.46,-75.833
2003, , ,"Upper Phillips Creek  InundExp2, Site 3, Hum./Hollow",UPE3,UPM,InundExp2,3,1,2,8,(C)Control Plot,b,Spartina patens,41271,5,1.2,0,6.2, ,37.46,-75.833
2003, , ,"Upper Phillips Creek  InundExp2, Site 3, Hum./Hollow",UPE3,UPM,InundExp2,3,1,2,8,(C)Control Plot,c,Distichlis spicata,40662,23,3.2,0,26.2, ,37.46,-75.833
2003, , ,"Upper Phillips Creek  InundExp2, Site 3, Hum./Hollow",UPE3,UPM,InundExp2,3,1,2,8,(C)Control Plot,c,Spartina patens,41271,10.7,.7,0,11.4, ,37.46,-75.833
2003, , ,"Upper Phillips Creek  InundExp2, Site 4, Intact Turf",UPE4,UPM,InundExp2,4,1,1,6,(B)Border Control,a,Distichlis spicata,40662,3.1,14.9,0,18, ,37.46,-75.833
2003, , ,"Upper Phillips Creek  InundExp2, Site 4, Intact Turf",UPE4,UPM,InundExp2,4,1,1,6,(B)Border Control,a,Spartina patens,41271,2.2,8,0,10.2, ,37.46,-75.833
2003, , ,"Upper Phillips Creek  InundExp2, Site 4, Intact Turf",UPE4,UPM,InundExp2,4,1,1,6,(B)Border Control,b,Distichlis spicata,40662,21,6.9,0,27.9, ,37.46,-75.833
2003, , ,"Upper Phillips Creek  InundExp2, Site 4, Intact Turf",UPE4,UPM,InundExp2,4,1,1,6,(B)Border Control,b,Spartina patens,41271,19.8,2.5,0,22.3, ,37.46,-75.833
2003, , ,"Upper Phillips Creek  InundExp2, Site 4, Intact Turf",UPE4,UPM,InundExp2,4,1,1,6,(B)Border Control,c,Distichlis spicata,40662,21.5,6.9,0,28.4, ,37.46,-75.833
2003, , ,"Upper Phillips Creek  InundExp2, Site 4, Intact Turf",UPE4,UPM,InundExp2,4,1,1,6,(B)Border Control,c,Spartina patens,41271,21.9,3.1,0,25, ,37.46,-75.833
2003, , ,"Upper Phillips Creek  InundExp2, Site 4, Intact Turf",UPE4,UPM,InundExp2,4,1,1,7,(P)Pumped Plot,a,Distichlis spicata,40662,13.8,2.3,0,16.1, ,37.46,-75.833
2003, , ,"Upper Phillips Creek  InundExp2, Site 4, Intact Turf",UPE4,UPM,InundExp2,4,1,1,7,(P)Pumped Plot,a,Spartina patens,41271,36.5,1.4,0,37.9, ,37.46,-75.833
2003, , ,"Upper Phillips Creek  InundExp2, Site 4, Intact Turf",UPE4,UPM,InundExp2,4,1,1,7,(P)Pumped Plot,b,Distichlis spicata,40662,9.9,5.3,0,15.2, ,37.46,-75.833
2003, , ,"Upper Phillips Creek  InundExp2, Site 4, Intact Turf",UPE4,UPM,InundExp2,4,1,1,7,(P)Pumped Plot,b,Spartina patens,41271,27,20.4,0,47.4, ,37.46,-75.833
2003, , ,"Upper Phillips Creek  InundExp2, Site 4, Intact Turf",UPE4,UPM,InundExp2,4,1,1,7,(P)Pumped Plot,c,Distichlis spicata,40662,16.5,4.1,0,20.6, ,37.46,-75.833
2003, , ,"Upper Phillips Creek  InundExp2, Site 4, Intact Turf",UPE4,UPM,InundExp2,4,1,1,7,(P)Pumped Plot,c,Spartina patens,41271,17,3.1,0,20.1, ,37.46,-75.833
2003, , ,"Upper Phillips Creek  InundExp2, Site 4, Intact Turf",UPE4,UPM,InundExp2,4,1,1,8,(C)Control Plot,a,Distichlis spicata,40662,9.6,3.8,0,13.4, ,37.46,-75.833
2003, , ,"Upper Phillips Creek  InundExp2, Site 4, Intact Turf",UPE4,UPM,InundExp2,4,1,1,8,(C)Control Plot,a,Spartina patens,41271,9.3,6.3,0,15.6, ,37.46,-75.833
2003, , ,"Upper Phillips Creek  InundExp2, Site 4, Intact Turf",UPE4,UPM,InundExp2,4,1,1,8,(C)Control Plot,b,Distichlis spicata,40662,1.6,2.4,0,4, ,37.46,-75.833
2003, , ,"Upper Phillips Creek  InundExp2, Site 4, Intact Turf",UPE4,UPM,InundExp2,4,1,1,8,(C)Control Plot,b,Spartina patens,41271,2.7,11,0,13.7, ,37.46,-75.833
2003, , ,"Upper Phillips Creek  InundExp2, Site 4, Intact Turf",UPE4,UPM,InundExp2,4,1,1,8,(C)Control Plot,c,Distichlis spicata,40662,5.7,1,0,6.7, ,37.46,-75.833
2003, , ,"Upper Phillips Creek  InundExp2, Site 4, Intact Turf",UPE4,UPM,InundExp2,4,1,1,8,(C)Control Plot,c,Spartina patens,41271,9.9,13.2,0,23.1, ,37.46,-75.833
2003, , ,"Upper Phillips Creek  InundExp2, Site 4, Intact Turf",UPE4,UPM,InundExp2,4,1,2,6,(B)Border Control,a,Distichlis spicata,40662,18.2,3,0,21.2, ,37.46,-75.833
2003, , ,"Upper Phillips Creek  InundExp2, Site 4, Intact Turf",UPE4,UPM,InundExp2,4,1,2,6,(B)Border Control,a,Spartina patens,41271,7.4,3,0,10.4, ,37.46,-75.833
2003, , ,"Upper Phillips Creek  InundExp2, Site 4, Intact Turf",UPE4,UPM,InundExp2,4,1,2,6,(B)Border Control,b,Distichlis spicata,40662,9.3,5.1,0,14.4, ,37.46,-75.833
2003, , ,"Upper Phillips Creek  InundExp2, Site 4, Intact Turf",UPE4,UPM,InundExp2,4,1,2,6,(B)Border Control,b,Spartina patens,41271,20.4,8.9,0,29.3, ,37.46,-75.833
2003, , ,"Upper Phillips Creek  InundExp2, Site 4, Intact Turf",UPE4,UPM,InundExp2,4,1,2,6,(B)Border Control,c,Distichlis spicata,40662,8.9,2.6,0,11.5, ,37.46,-75.833
2003, , ,"Upper Phillips Creek  InundExp2, Site 4, Intact Turf",UPE4,UPM,InundExp2,4,1,2,6,(B)Border Control,c,Spartina patens,41271,30.4,4,0,34.4, ,37.46,-75.833
2003, , ,"Upper Phillips Creek  InundExp2, Site 4, Intact Turf",UPE4,UPM,InundExp2,4,1,2,7,(P)Pumped Plot,a,Distichlis spicata,40662,22.4,13.9,0,36.3, ,37.46,-75.833
2003, , ,"Upper Phillips Creek  InundExp2, Site 4, Intact Turf",UPE4,UPM,InundExp2,4,1,2,7,(P)Pumped Plot,a,Spartina patens,41271,19.8,7.2,0,27, ,37.46,-75.833
2003, , ,"Upper Phillips Creek  InundExp2, Site 4, Intact Turf",UPE4,UPM,InundExp2,4,1,2,7,(P)Pumped Plot,b,Distichlis spicata,40662,9,1.6,0,10.6, ,37.46,-75.833
2003, , ,"Upper Phillips Creek  InundExp2, Site 4, Intact Turf",UPE4,UPM,InundExp2,4,1,2,7,(P)Pumped Plot,b,Spartina patens,41271,24.3,3.1,0,27.4, ,37.46,-75.833
2003, , ,"Upper Phillips Creek  InundExp2, Site 4, Intact Turf",UPE4,UPM,InundExp2,4,1,2,7,(P)Pumped Plot,c,Distichlis spicata,40662,10.4,.8,0,11.2, ,37.46,-75.833
2003, , ,"Upper Phillips Creek  InundExp2, Site 4, Intact Turf",UPE4,UPM,InundExp2,4,1,2,7,(P)Pumped Plot,c,Spartina patens,41271,26,1.8,0,27.8, ,37.46,-75.833
2003, , ,"Upper Phillips Creek  InundExp2, Site 4, Intact Turf",UPE4,UPM,InundExp2,4,1,2,8,(C)Control Plot,a,Distichlis spicata,40662,18.8,13.3,0,32.1, ,37.46,-75.833
2003, , ,"Upper Phillips Creek  InundExp2, Site 4, Intact Turf",UPE4,UPM,InundExp2,4,1,2,8,(C)Control Plot,a,Spartina patens,41271,30.4,25.7,0,56.1, ,37.46,-75.833
2003, , ,"Upper Phillips Creek  InundExp2, Site 4, Intact Turf",UPE4,UPM,InundExp2,4,1,2,8,(C)Control Plot,b,Distichlis spicata,40662,12.8,7.4,0,20.2, ,37.46,-75.833
2003, , ,"Upper Phillips Creek  InundExp2, Site 4, Intact Turf",UPE4,UPM,InundExp2,4,1,2,8,(C)Control Plot,b,Spartina patens,41271,16.6,6.3,0,22.9, ,37.46,-75.833
2003, , ,"Upper Phillips Creek  InundExp2, Site 4, Intact Turf",UPE4,UPM,InundExp2,4,1,2,8,(C)Control Plot,c,Distichlis spicata,40662,10.2,5.5,0,15.7, ,37.46,-75.833
2003, , ,"Upper Phillips Creek  InundExp2, Site 4, Intact Turf",UPE4,UPM,InundExp2,4,1,2,8,(C)Control Plot,c,Spartina patens,41271,20.1,8.1,0,28.2, ,37.46,-75.833
2003, , ,"Upper Phillips Creek  InundExp2, Site 5, Hum./Hollow",UPE5,UPM,InundExp2,5,1,1,6,(B)Border Control,a,Distichlis spicata,40662,21.1,9.1,0,30.2, ,37.46,-75.833
2003, , ,"Upper Phillips Creek  InundExp2, Site 5, Hum./Hollow",UPE5,UPM,InundExp2,5,1,1,6,(B)Border Control,b,Distichlis spicata,40662,36.1,2.5,0,38.6, ,37.46,-75.833
2003, , ,"Upper Phillips Creek  InundExp2, Site 5, Hum./Hollow",UPE5,UPM,InundExp2,5,1,1,6,(B)Border Control,b,Spartina patens,41271,1.9,0,0,1.9, ,37.46,-75.833
2003, , ,"Upper Phillips Creek  InundExp2, Site 5, Hum./Hollow",UPE5,UPM,InundExp2,5,1,1,6,(B)Border Control,c,Distichlis spicata,40662,48,28.2,0,76.2, ,37.46,-75.833
2003, , ,"Upper Phillips Creek  InundExp2, Site 5, Hum./Hollow",UPE5,UPM,InundExp2,5,1,1,7,(P)Pumped Plot,a,Distichlis spicata,40662,19.5,4.7,0,24.2, ,37.46,-75.833
2003, , ,"Upper Phillips Creek  InundExp2, Site 5, Hum./Hollow",UPE5,UPM,InundExp2,5,1,1,7,(P)Pumped Plot,a,Spartina patens,41271,8.1,2.7,0,10.8, ,37.46,-75.833
2003, , ,"Upper Phillips Creek  InundExp2, Site 5, Hum./Hollow",UPE5,UPM,InundExp2,5,1,1,7,(P)Pumped Plot,b,Distichlis spicata,40662,28.8,7.2,0,36, ,37.46,-75.833
2003, , ,"Upper Phillips Creek  InundExp2, Site 5, Hum./Hollow",UPE5,UPM,InundExp2,5,1,1,7,(P)Pumped Plot,b,Spartina patens,41271,3.9,.1,0,4, ,37.46,-75.833
2003, , ,"Upper Phillips Creek  InundExp2, Site 5, Hum./Hollow",UPE5,UPM,InundExp2,5,1,1,7,(P)Pumped Plot,c,Distichlis spicata,40662,16.4,8.1,0,24.5, ,37.46,-75.833
2003, , ,"Upper Phillips Creek  InundExp2, Site 5, Hum./Hollow",UPE5,UPM,InundExp2,5,1,1,7,(P)Pumped Plot,c,Spartina patens,41271,2.4,0,0,2.4, ,37.46,-75.833
2003, , ,"Upper Phillips Creek  InundExp2, Site 5, Hum./Hollow",UPE5,UPM,InundExp2,5,1,1,8,(C)Control Plot,a,Distichlis spicata,40662,30.6,12,0,42.6, ,37.46,-75.833
2003, , ,"Upper Phillips Creek  InundExp2, Site 5, Hum./Hollow",UPE5,UPM,InundExp2,5,1,1,8,(C)Control Plot,a,Spartina patens,41271,5.4,0,0,5.4, ,37.46,-75.833
2003, , ,"Upper Phillips Creek  InundExp2, Site 5, Hum./Hollow",UPE5,UPM,InundExp2,5,1,1,8,(C)Control Plot,b,Distichlis spicata,40662,29.6,13.8,0,43.4, ,37.46,-75.833
2003, , ,"Upper Phillips Creek  InundExp2, Site 5, Hum./Hollow",UPE5,UPM,InundExp2,5,1,1,8,(C)Control Plot,b,Spartina patens,41271,1.3,0,0,1.3, ,37.46,-75.833
2003, , ,"Upper Phillips Creek  InundExp2, Site 5, Hum./Hollow",UPE5,UPM,InundExp2,5,1,1,8,(C)Control Plot,c,Distichlis spicata,40662,26.8,5.4,0,32.2, ,37.46,-75.833
2003, , ,"Upper Phillips Creek  InundExp2, Site 5, Hum./Hollow",UPE5,UPM,InundExp2,5,1,1,8,(C)Control Plot,c,Spartina patens,41271,.3,0,0,.3, ,37.46,-75.833
2003, , ,"Upper Phillips Creek  InundExp2, Site 5, Hum./Hollow",UPE5,UPM,InundExp2,5,1,2,6,(B)Border Control,a,Distichlis spicata,40662,20.9,15.2,0,36.1, ,37.46,-75.833
2003, , ,"Upper Phillips Creek  InundExp2, Site 5, Hum./Hollow",UPE5,UPM,InundExp2,5,1,2,6,(B)Border Control,a,Spartina patens,41271,.2,.6,0,.8, ,37.46,-75.833
2003, , ,"Upper Phillips Creek  InundExp2, Site 5, Hum./Hollow",UPE5,UPM,InundExp2,5,1,2,6,(B)Border Control,b,Distichlis spicata,40662,28.4,14.6,0,43, ,37.46,-75.833
2003, , ,"Upper Phillips Creek  InundExp2, Site 5, Hum./Hollow",UPE5,UPM,InundExp2,5,1,2,6,(B)Border Control,b,Spartina patens,41271,5.9,1.5,0,7.4, ,37.46,-75.833
2003, , ,"Upper Phillips Creek  InundExp2, Site 5, Hum./Hollow",UPE5,UPM,InundExp2,5,1,2,6,(B)Border Control,c,Distichlis spicata,40662,24.2,15.7,0,39.9, ,37.46,-75.833
2003, , ,"Upper Phillips Creek  InundExp2, Site 5, Hum./Hollow",UPE5,UPM,InundExp2,5,1,2,6,(B)Border Control,c,Spartina patens,41271,7.2,1.9,0,9.1, ,37.46,-75.833
2003, , ,"Upper Phillips Creek  InundExp2, Site 5, Hum./Hollow",UPE5,UPM,InundExp2,5,1,2,7,(P)Pumped Plot,a,Distichlis spicata,40662,23.6,21.1,0,44.7, ,37.46,-75.833
2003, , ,"Upper Phillips Creek  InundExp2, Site 5, Hum./Hollow",UPE5,UPM,InundExp2,5,1,2,7,(P)Pumped Plot,b,Distichlis spicata,40662,34.4,16.6,0,51, ,37.46,-75.833
2003, , ,"Upper Phillips Creek  InundExp2, Site 5, Hum./Hollow",UPE5,UPM,InundExp2,5,1,2,7,(P)Pumped Plot,b,Spartina patens,41271,1.8,0,0,1.8, ,37.46,-75.833
2003, , ,"Upper Phillips Creek  InundExp2, Site 5, Hum./Hollow",UPE5,UPM,InundExp2,5,1,2,7,(P)Pumped Plot,c,Distichlis spicata,40662,27.4,24.2,0,51.6, ,37.46,-75.833
2003, , ,"Upper Phillips Creek  InundExp2, Site 5, Hum./Hollow",UPE5,UPM,InundExp2,5,1,2,7,(P)Pumped Plot,c,Spartina patens,41271,1.7,.3,0,2, ,37.46,-75.833
2003, , ,"Upper Phillips Creek  InundExp2, Site 5, Hum./Hollow",UPE5,UPM,InundExp2,5,1,2,8,(C)Control Plot,a,Distichlis spicata,40662,24.8,22.6,0,47.4, ,37.46,-75.833
2003, , ,"Upper Phillips Creek  InundExp2, Site 5, Hum./Hollow",UPE5,UPM,InundExp2,5,1,2,8,(C)Control Plot,a,Spartina patens,41271,1.7,.4,0,2.1, ,37.46,-75.833
2003, , ,"Upper Phillips Creek  InundExp2, Site 5, Hum./Hollow",UPE5,UPM,InundExp2,5,1,2,8,(C)Control Plot,b,Distichlis spicata,40662,28.3,13.9,0,42.2, ,37.46,-75.833
2003, , ,"Upper Phillips Creek  InundExp2, Site 5, Hum./Hollow",UPE5,UPM,InundExp2,5,1,2,8,(C)Control Plot,b,Spartina patens,41271,5.2,.5,0,5.7, ,37.46,-75.833
2003, , ,"Upper Phillips Creek  InundExp2, Site 5, Hum./Hollow",UPE5,UPM,InundExp2,5,1,2,8,(C)Control Plot,c,Distichlis spicata,40662,19.5,9,0,28.5, ,37.46,-75.833
2003, , ,"Upper Phillips Creek  InundExp2, Site 5, Hum./Hollow",UPE5,UPM,InundExp2,5,1,2,8,(C)Control Plot,c,Spartina patens,41271,12.4,2.5,0,14.9, ,37.46,-75.833
2003, , ,"Upper Phillips Creek InundExp2, Site 1, Creekbank",UPE1,UPM,InundExp2,1,1,1,8,(C)Control Plot,a,Distichlis spicata,40662,30.9,7.6,0,38.5, ,37.46,-75.833
2003, , ,"Upper Phillips Creek InundExp2, Site 1, Creekbank",UPE1,UPM,InundExp2,1,1,1,8,(C)Control Plot,a,Spartina patens,41271,26.3,2.2,0,28.5, ,37.46,-75.833
2003, , ,"Upper Phillips Creek InundExp2, Site 1, Creekbank",UPE1,UPM,InundExp2,1,1,1,8,(C)Control Plot,b,Distichlis spicata,40662,10.7,.8,0,11.5, ,37.46,-75.833
2003, , ,"Upper Phillips Creek InundExp2, Site 1, Creekbank",UPE1,UPM,InundExp2,1,1,1,8,(C)Control Plot,b,Spartina patens,41271,38.5,4.4,0,42.9, ,37.46,-75.833
2003, , ,"Upper Phillips Creek InundExp2, Site 1, Creekbank",UPE1,UPM,InundExp2,1,1,1,8,(C)Control Plot,b,Unidentified, ,.2,0,0,.2, ,37.46,-75.833
2003, , ,"Upper Phillips Creek InundExp2, Site 1, Creekbank",UPE1,UPM,InundExp2,1,1,1,8,(C)Control Plot,c,Distichlis spicata,40662,9.7,.8,0,10.5, ,37.46,-75.833
2003, , ,"Upper Phillips Creek InundExp2, Site 1, Creekbank",UPE1,UPM,InundExp2,1,1,1,8,(C)Control Plot,c,Spartina patens,41271,19.6,2.9,0,22.5, ,37.46,-75.833
2003, , ,"Upper Phillips Creek InundExp2, Site 1, Creekbank",UPE1,UPM,InundExp2,1,1,2,8,(C)Control Plot,a,Distichlis spicata,40662,5.2,1.1,0,6.3, ,37.46,-75.833
2003, , ,"Upper Phillips Creek InundExp2, Site 1, Creekbank",UPE1,UPM,InundExp2,1,1,2,8,(C)Control Plot,a,Spartina patens,41271,25.6,2,0,27.6, ,37.46,-75.833
2003, , ,"Upper Phillips Creek InundExp2, Site 1, Creekbank",UPE1,UPM,InundExp2,1,1,2,8,(C)Control Plot,a,Unidentified, ,.2,0,0,.2, ,37.46,-75.833
2003, , ,"Upper Phillips Creek InundExp2, Site 1, Creekbank",UPE1,UPM,InundExp2,1,1,2,8,(C)Control Plot,b,Spartina patens,41271,30.7,1.7,0,32.4, ,37.46,-75.833
2003, , ,"Upper Phillips Creek InundExp2, Site 1, Creekbank",UPE1,UPM,InundExp2,1,1,2,8,(C)Control Plot,b,Unidentified, ,21.5,0,0,21.5, ,37.46,-75.833
2003, , ,"Upper Phillips Creek InundExp2, Site 1, Creekbank",UPE1,UPM,InundExp2,1,1,2,8,(C)Control Plot,c,Spartina patens,41271,30.2,4.6,0,34.8, ,37.46,-75.833
2003, , ,"Upper Phillips Creek InundExp2, Site 1, Creekbank",UPE1,UPM,InundExp2,1,1,2,8,(C)Control Plot,c,Unidentified, ,4.4,0,0,4.4, ,37.46,-75.833
2004, , ,"Upper Phillips Creek  InundExp2, Site 2, Intact Turf",UPE2,UPM,InundExp2,2,1,1,6,(B)Border Control,a,Distichlis spicata,40662,13.15,19.9,0,33.05, ,37.46,-75.833
2004, , ,"Upper Phillips Creek  InundExp2, Site 2, Intact Turf",UPE2,UPM,InundExp2,2,1,1,6,(B)Border Control,a,Spartina patens,41271,15.46,20.75,0,36.21, ,37.46,-75.833
2004, , ,"Upper Phillips Creek  InundExp2, Site 2, Intact Turf",UPE2,UPM,InundExp2,2,1,1,6,(B)Border Control,b,Distichlis spicata,40662,4.42,4.55,0,8.97, ,37.46,-75.833
2004, , ,"Upper Phillips Creek  InundExp2, Site 2, Intact Turf",UPE2,UPM,InundExp2,2,1,1,6,(B)Border Control,b,Spartina patens,41271,33.07,18.58,0,51.65, ,37.46,-75.833
2004, , ,"Upper Phillips Creek  InundExp2, Site 2, Intact Turf",UPE2,UPM,InundExp2,2,1,1,6,(B)Border Control,c,Distichlis spicata,40662,10.25,8.37,0,18.62, ,37.46,-75.833
2004, , ,"Upper Phillips Creek  InundExp2, Site 2, Intact Turf",UPE2,UPM,InundExp2,2,1,1,6,(B)Border Control,c,Spartina patens,41271,15.16,10.36,0,25.52, ,37.46,-75.833
2004, , ,"Upper Phillips Creek  InundExp2, Site 2, Intact Turf",UPE2,UPM,InundExp2,2,1,1,7,(P)Pumped Plot,a,Distichlis spicata,40662,5.85,7.26,0,13.11, ,37.46,-75.833
2004, , ,"Upper Phillips Creek  InundExp2, Site 2, Intact Turf",UPE2,UPM,InundExp2,2,1,1,7,(P)Pumped Plot,a,Spartina patens,41271,29.98,35.47,0,65.45, ,37.46,-75.833
2004, , ,"Upper Phillips Creek  InundExp2, Site 2, Intact Turf",UPE2,UPM,InundExp2,2,1,1,7,(P)Pumped Plot,b,Distichlis spicata,40662,10.53,13.28,0,23.81, ,37.46,-75.833
2004, , ,"Upper Phillips Creek  InundExp2, Site 2, Intact Turf",UPE2,UPM,InundExp2,2,1,1,7,(P)Pumped Plot,b,Spartina patens,41271,49.71,134.94,0,184.65, ,37.46,-75.833
2004, , ,"Upper Phillips Creek  InundExp2, Site 2, Intact Turf",UPE2,UPM,InundExp2,2,1,1,7,(P)Pumped Plot,c,Distichlis spicata,40662,4.54,6.18,0,10.72, ,37.46,-75.833
2004, , ,"Upper Phillips Creek  InundExp2, Site 2, Intact Turf",UPE2,UPM,InundExp2,2,1,1,7,(P)Pumped Plot,c,Spartina patens,41271,20.65,54.76,0,75.41, ,37.46,-75.833
2004, , ,"Upper Phillips Creek  InundExp2, Site 2, Intact Turf",UPE2,UPM,InundExp2,2,1,1,8,(C)Control Plot,a,Distichlis spicata,40662,10.94,1.54,0,12.48, ,37.46,-75.833
2004, , ,"Upper Phillips Creek  InundExp2, Site 2, Intact Turf",UPE2,UPM,InundExp2,2,1,1,8,(C)Control Plot,a,Spartina patens,41271,20.47,25.49,0,45.96, ,37.46,-75.833
2004, , ,"Upper Phillips Creek  InundExp2, Site 2, Intact Turf",UPE2,UPM,InundExp2,2,1,1,8,(C)Control Plot,b,Distichlis spicata,40662,10.59,3.07,0,13.66, ,37.46,-75.833
2004, , ,"Upper Phillips Creek  InundExp2, Site 2, Intact Turf",UPE2,UPM,InundExp2,2,1,1,8,(C)Control Plot,b,Spartina patens,41271,19.14,15.58,0,34.72, ,37.46,-75.833
2004, , ,"Upper Phillips Creek  InundExp2, Site 2, Intact Turf",UPE2,UPM,InundExp2,2,1,1,8,(C)Control Plot,c,Distichlis spicata,40662,9.67,4.73,0,14.4, ,37.46,-75.833
2004, , ,"Upper Phillips Creek  InundExp2, Site 2, Intact Turf",UPE2,UPM,InundExp2,2,1,1,8,(C)Control Plot,c,Spartina patens,41271,23.23,9.3,0,32.53, ,37.46,-75.833
2004, , ,"Upper Phillips Creek  InundExp2, Site 2, Intact Turf",UPE2,UPM,InundExp2,2,1,2,6,(B)Border Control,a,Distichlis spicata,40662,8.14,9.62,0,17.76, ,37.46,-75.833
2004, , ,"Upper Phillips Creek  InundExp2, Site 2, Intact Turf",UPE2,UPM,InundExp2,2,1,2,6,(B)Border Control,a,Spartina patens,41271,12.14,53.08,0,65.22, ,37.46,-75.833
2004, , ,"Upper Phillips Creek  InundExp2, Site 2, Intact Turf",UPE2,UPM,InundExp2,2,1,2,6,(B)Border Control,b,Distichlis spicata,40662,1.59,1.59,0,3.18, ,37.46,-75.833
2004, , ,"Upper Phillips Creek  InundExp2, Site 2, Intact Turf",UPE2,UPM,InundExp2,2,1,2,6,(B)Border Control,b,Spartina patens,41271,15.84,40.79,0,56.63, ,37.46,-75.833
2004, , ,"Upper Phillips Creek  InundExp2, Site 2, Intact Turf",UPE2,UPM,InundExp2,2,1,2,6,(B)Border Control,c,Distichlis spicata,40662,3.65,3,0,6.65, ,37.46,-75.833
2004, , ,"Upper Phillips Creek  InundExp2, Site 2, Intact Turf",UPE2,UPM,InundExp2,2,1,2,6,(B)Border Control,c,Spartina patens,41271,23.79,37.66,0,61.45, ,37.46,-75.833
2004, , ,"Upper Phillips Creek  InundExp2, Site 2, Intact Turf",UPE2,UPM,InundExp2,2,1,2,7,(P)Pumped Plot,a,Distichlis spicata,40662,9.68,4.09,0,13.77, ,37.46,-75.833
2004, , ,"Upper Phillips Creek  InundExp2, Site 2, Intact Turf",UPE2,UPM,InundExp2,2,1,2,7,(P)Pumped Plot,a,Spartina patens,41271,12.15,18.63,0,30.78, ,37.46,-75.833
2004, , ,"Upper Phillips Creek  InundExp2, Site 2, Intact Turf",UPE2,UPM,InundExp2,2,1,2,7,(P)Pumped Plot,b,Distichlis spicata,40662,9.44,10.71,0,20.15, ,37.46,-75.833
2004, , ,"Upper Phillips Creek  InundExp2, Site 2, Intact Turf",UPE2,UPM,InundExp2,2,1,2,7,(P)Pumped Plot,b,Spartina patens,41271,28.83,49.34,0,78.17, ,37.46,-75.833
2004, , ,"Upper Phillips Creek  InundExp2, Site 2, Intact Turf",UPE2,UPM,InundExp2,2,1,2,7,(P)Pumped Plot,c,Distichlis spicata,40662,10.69,8.23,0,18.92, ,37.46,-75.833
2004, , ,"Upper Phillips Creek  InundExp2, Site 2, Intact Turf",UPE2,UPM,InundExp2,2,1,2,7,(P)Pumped Plot,c,Spartina patens,41271,19.61,43.8,0,63.41, ,37.46,-75.833
2004, , ,"Upper Phillips Creek  InundExp2, Site 2, Intact Turf",UPE2,UPM,InundExp2,2,1,2,8,(C)Control Plot,a,Distichlis spicata,40662,8.11,3.8,0,11.91, ,37.46,-75.833
2004, , ,"Upper Phillips Creek  InundExp2, Site 2, Intact Turf",UPE2,UPM,InundExp2,2,1,2,8,(C)Control Plot,a,Spartina patens,41271,48.34,33.7,0,82.04, ,37.46,-75.833
2004, , ,"Upper Phillips Creek  InundExp2, Site 2, Intact Turf",UPE2,UPM,InundExp2,2,1,2,8,(C)Control Plot,b,Distichlis spicata,40662,2.88,1.41,0,4.29, ,37.46,-75.833
2004, , ,"Upper Phillips Creek  InundExp2, Site 2, Intact Turf",UPE2,UPM,InundExp2,2,1,2,8,(C)Control Plot,b,Spartina patens,41271,30.75,24.94,0,55.69, ,37.46,-75.833
2004, , ,"Upper Phillips Creek  InundExp2, Site 2, Intact Turf",UPE2,UPM,InundExp2,2,1,2,8,(C)Control Plot,c,Distichlis spicata,40662,3.9,3.92,0,7.82, ,37.46,-75.833
2004, , ,"Upper Phillips Creek  InundExp2, Site 2, Intact Turf",UPE2,UPM,InundExp2,2,1,2,8,(C)Control Plot,c,Spartina patens,41271,21.91,38.89,0,60.8, ,37.46,-75.833
2004, , ,"Upper Phillips Creek  InundExp2, Site 4, Intact Turf",UPE4,UPM,InundExp2,4,1,1,6,(B)Border Control,a,Distichlis spicata,40662,5.59,4.45,0,10.04, ,37.46,-75.833
2004, , ,"Upper Phillips Creek  InundExp2, Site 4, Intact Turf",UPE4,UPM,InundExp2,4,1,1,6,(B)Border Control,a,Spartina patens,41271,16.42,46.26,0,62.68, ,37.46,-75.833
2004, , ,"Upper Phillips Creek  InundExp2, Site 4, Intact Turf",UPE4,UPM,InundExp2,4,1,1,6,(B)Border Control,b,Distichlis spicata,40662,13.3,14.48,0,27.78, ,37.46,-75.833
2004, , ,"Upper Phillips Creek  InundExp2, Site 4, Intact Turf",UPE4,UPM,InundExp2,4,1,1,6,(B)Border Control,b,Spartina patens,41271,16.42,26.09,0,42.51, ,37.46,-75.833
2004, , ,"Upper Phillips Creek  InundExp2, Site 4, Intact Turf",UPE4,UPM,InundExp2,4,1,1,6,(B)Border Control,c,Distichlis spicata,40662,2.32,8.08,0,10.4, ,37.46,-75.833
2004, , ,"Upper Phillips Creek  InundExp2, Site 4, Intact Turf",UPE4,UPM,InundExp2,4,1,1,6,(B)Border Control,c,Spartina patens,41271,10.88,19.38,0,30.26, ,37.46,-75.833
2004, , ,"Upper Phillips Creek  InundExp2, Site 4, Intact Turf",UPE4,UPM,InundExp2,4,1,1,7,(P)Pumped Plot,a,Distichlis spicata,40662,10.13,8.98,0,19.11, ,37.46,-75.833
2004, , ,"Upper Phillips Creek  InundExp2, Site 4, Intact Turf",UPE4,UPM,InundExp2,4,1,1,7,(P)Pumped Plot,a,Spartina patens,41271,24.46,14.78,0,39.24, ,37.46,-75.833
2004, , ,"Upper Phillips Creek  InundExp2, Site 4, Intact Turf",UPE4,UPM,InundExp2,4,1,1,7,(P)Pumped Plot,b,Distichlis spicata,40662,13.36,8.18,0,21.54, ,37.46,-75.833
2004, , ,"Upper Phillips Creek  InundExp2, Site 4, Intact Turf",UPE4,UPM,InundExp2,4,1,1,7,(P)Pumped Plot,b,Spartina patens,41271,21.59,18.53,0,40.12, ,37.46,-75.833
2004, , ,"Upper Phillips Creek  InundExp2, Site 4, Intact Turf",UPE4,UPM,InundExp2,4,1,1,7,(P)Pumped Plot,c,Distichlis spicata,40662,5.58,6.86,0,12.44, ,37.46,-75.833
2004, , ,"Upper Phillips Creek  InundExp2, Site 4, Intact Turf",UPE4,UPM,InundExp2,4,1,1,7,(P)Pumped Plot,c,Spartina patens,41271,26.13,9.67,0,35.8, ,37.46,-75.833
2004, , ,"Upper Phillips Creek  InundExp2, Site 4, Intact Turf",UPE4,UPM,InundExp2,4,1,1,8,(C)Control Plot,a,Distichlis spicata,40662,10.45,15.75,0,26.2, ,37.46,-75.833
2004, , ,"Upper Phillips Creek  InundExp2, Site 4, Intact Turf",UPE4,UPM,InundExp2,4,1,1,8,(C)Control Plot,a,Spartina patens,41271,2.39,17.24,0,19.63, ,37.46,-75.833
2004, , ,"Upper Phillips Creek  InundExp2, Site 4, Intact Turf",UPE4,UPM,InundExp2,4,1,1,8,(C)Control Plot,b,Distichlis spicata,40662,12.29,9.92,0,22.21, ,37.46,-75.833
2004, , ,"Upper Phillips Creek  InundExp2, Site 4, Intact Turf",UPE4,UPM,InundExp2,4,1,1,8,(C)Control Plot,b,Spartina patens,41271,18.52,15.91,0,34.43, ,37.46,-75.833
2004, , ,"Upper Phillips Creek  InundExp2, Site 4, Intact Turf",UPE4,UPM,InundExp2,4,1,1,8,(C)Control Plot,c,Distichlis spicata,40662,7.62,9.14,0,16.76, ,37.46,-75.833
2004, , ,"Upper Phillips Creek  InundExp2, Site 4, Intact Turf",UPE4,UPM,InundExp2,4,1,1,8,(C)Control Plot,c,Spartina patens,41271,13.05,19.63,0,32.68, ,37.46,-75.833
2004, , ,"Upper Phillips Creek  InundExp2, Site 4, Intact Turf",UPE4,UPM,InundExp2,4,1,2,6,(B)Border Control,a,Distichlis spicata,40662,12.68,9.53,0,22.21, ,37.46,-75.833
2004, , ,"Upper Phillips Creek  InundExp2, Site 4, Intact Turf",UPE4,UPM,InundExp2,4,1,2,6,(B)Border Control,a,Spartina patens,41271,14.43,4.34,0,18.77, ,37.46,-75.833
2004, , ,"Upper Phillips Creek  InundExp2, Site 4, Intact Turf",UPE4,UPM,InundExp2,4,1,2,6,(B)Border Control,b,Distichlis spicata,40662,7.62,7,0,14.62, ,37.46,-75.833
2004, , ,"Upper Phillips Creek  InundExp2, Site 4, Intact Turf",UPE4,UPM,InundExp2,4,1,2,6,(B)Border Control,b,Spartina patens,41271,14.97,18.61,0,33.58, ,37.46,-75.833
2004, , ,"Upper Phillips Creek  InundExp2, Site 4, Intact Turf",UPE4,UPM,InundExp2,4,1,2,6,(B)Border Control,c,Distichlis spicata,40662,6.67,12.38,0,19.05, ,37.46,-75.833
2004, , ,"Upper Phillips Creek  InundExp2, Site 4, Intact Turf",UPE4,UPM,InundExp2,4,1,2,6,(B)Border Control,c,Spartina patens,41271,19.68,22.42,0,42.1, ,37.46,-75.833
2004, , ,"Upper Phillips Creek  InundExp2, Site 4, Intact Turf",UPE4,UPM,InundExp2,4,1,2,7,(P)Pumped Plot,a,Distichlis spicata,40662,26.26,42.13,0,68.39, ,37.46,-75.833
2004, , ,"Upper Phillips Creek  InundExp2, Site 4, Intact Turf",UPE4,UPM,InundExp2,4,1,2,7,(P)Pumped Plot,a,Spartina patens,41271,.82,.48,0,1.3, ,37.46,-75.833
2004, , ,"Upper Phillips Creek  InundExp2, Site 4, Intact Turf",UPE4,UPM,InundExp2,4,1,2,7,(P)Pumped Plot,b,Distichlis spicata,40662,14.24,17.75,0,31.99, ,37.46,-75.833
2004, , ,"Upper Phillips Creek  InundExp2, Site 4, Intact Turf",UPE4,UPM,InundExp2,4,1,2,7,(P)Pumped Plot,b,Spartina patens,41271,12.75,7.34,0,20.09, ,37.46,-75.833
2004, , ,"Upper Phillips Creek  InundExp2, Site 4, Intact Turf",UPE4,UPM,InundExp2,4,1,2,7,(P)Pumped Plot,c,Distichlis spicata,40662,10.82,11.97,0,22.79, ,37.46,-75.833
2004, , ,"Upper Phillips Creek  InundExp2, Site 4, Intact Turf",UPE4,UPM,InundExp2,4,1,2,7,(P)Pumped Plot,c,Spartina patens,41271,11.86,13.55,0,25.41, ,37.46,-75.833
2004, , ,"Upper Phillips Creek  InundExp2, Site 4, Intact Turf",UPE4,UPM,InundExp2,4,1,2,8,(C)Control Plot,a,Distichlis spicata,40662,13.94,14.65,0,28.59, ,37.46,-75.833
2004, , ,"Upper Phillips Creek  InundExp2, Site 4, Intact Turf",UPE4,UPM,InundExp2,4,1,2,8,(C)Control Plot,a,Spartina patens,41271,13.02,18.29,0,31.31, ,37.46,-75.833
2004, , ,"Upper Phillips Creek  InundExp2, Site 4, Intact Turf",UPE4,UPM,InundExp2,4,1,2,8,(C)Control Plot,b,Distichlis spicata,40662,6.23,4.39,0,10.62, ,37.46,-75.833
2004, , ,"Upper Phillips Creek  InundExp2, Site 4, Intact Turf",UPE4,UPM,InundExp2,4,1,2,8,(C)Control Plot,b,Spartina patens,41271,30.88,25.34,0,56.22, ,37.46,-75.833
2004, , ,"Upper Phillips Creek  InundExp2, Site 4, Intact Turf",UPE4,UPM,InundExp2,4,1,2,8,(C)Control Plot,c,Distichlis spicata,40662,1.84,3.46,0,5.3, ,37.46,-75.833
2004, , ,"Upper Phillips Creek  InundExp2, Site 4, Intact Turf",UPE4,UPM,InundExp2,4,1,2,8,(C)Control Plot,c,Spartina patens,41271,24.37,53.42,0,77.79, ,37.46,-75.833
2004, , ,"Upper Phillips Creek  InundExp2, Site 5, Hum./Hollow",UPE5,UPM,InundExp2,5,1,1,8,(C)Control Plot,a,Distichlis spicata,40662,17.8,25.17,0,42.97, ,37.46,-75.833
2004, , ,"Upper Phillips Creek  InundExp2, Site 5, Hum./Hollow",UPE5,UPM,InundExp2,5,1,1,8,(C)Control Plot,a,Spartina patens,41271,5.91,4.63,0,10.54, ,37.46,-75.833
2004, , ,"Upper Phillips Creek  InundExp2, Site 5, Hum./Hollow",UPE5,UPM,InundExp2,5,1,1,8,(C)Control Plot,b,Distichlis spicata,40662,12.73,22.53,0,35.26, ,37.46,-75.833
2004, , ,"Upper Phillips Creek  InundExp2, Site 5, Hum./Hollow",UPE5,UPM,InundExp2,5,1,1,8,(C)Control Plot,b,Spartina patens,41271,3.83,4.54,0,8.37, ,37.46,-75.833
2004, , ,"Upper Phillips Creek  InundExp2, Site 5, Hum./Hollow",UPE5,UPM,InundExp2,5,1,1,8,(C)Control Plot,c,Distichlis spicata,40662,14.49,20.34,0,34.83, ,37.46,-75.833
2004, , ,"Upper Phillips Creek  InundExp2, Site 5, Hum./Hollow",UPE5,UPM,InundExp2,5,1,2,8,(C)Control Plot,a,Distichlis spicata,40662,15.42,14.18,0,29.6, ,37.46,-75.833
2004, , ,"Upper Phillips Creek  InundExp2, Site 5, Hum./Hollow",UPE5,UPM,InundExp2,5,1,2,8,(C)Control Plot,a,Spartina patens,41271,13.73,10.13,0,23.86, ,37.46,-75.833
2004, , ,"Upper Phillips Creek  InundExp2, Site 5, Hum./Hollow",UPE5,UPM,InundExp2,5,1,2,8,(C)Control Plot,b,Distichlis spicata,40662,19.96,44.14,0,64.1, ,37.46,-75.833
2004, , ,"Upper Phillips Creek  InundExp2, Site 5, Hum./Hollow",UPE5,UPM,InundExp2,5,1,2,8,(C)Control Plot,b,Spartina patens,41271,.43,0,0,.43, ,37.46,-75.833
2004, , ,"Upper Phillips Creek  InundExp2, Site 5, Hum./Hollow",UPE5,UPM,InundExp2,5,1,2,8,(C)Control Plot,c,Distichlis spicata,40662,10.53,13.1,0,23.63, ,37.46,-75.833
2004, , ,"Upper Phillips Creek  InundExp2, Site 5, Hum./Hollow",UPE5,UPM,InundExp2,5,1,2,8,(C)Control Plot,c,Spartina patens,41271,13.8,10.15,0,23.95, ,37.46,-75.833
2005, , ,"Upper Phillips Creek  InundExp2, Site 2, Intact Turf",UPE2,UPM,InundExp2,2,1,1,6,(B)Border Control,a,Distichlis spicata,40662,9.07,1.12,0,10.19, ,37.46,-75.833
2005, , ,"Upper Phillips Creek  InundExp2, Site 2, Intact Turf",UPE2,UPM,InundExp2,2,1,1,6,(B)Border Control,a,Spartina patens,41271,40.48,5.15,0,45.63, ,37.46,-75.833
2005, , ,"Upper Phillips Creek  InundExp2, Site 2, Intact Turf",UPE2,UPM,InundExp2,2,1,1,6,(B)Border Control,b,Distichlis spicata,40662,6.5,1.74,0,8.24, ,37.46,-75.833
2005, , ,"Upper Phillips Creek  InundExp2, Site 2, Intact Turf",UPE2,UPM,InundExp2,2,1,1,6,(B)Border Control,b,Spartina patens,41271,20.27,5.5,0,25.77, ,37.46,-75.833
2005, , ,"Upper Phillips Creek  InundExp2, Site 2, Intact Turf",UPE2,UPM,InundExp2,2,1,1,6,(B)Border Control,c,Distichlis spicata,40662,10.07,3.21,0,13.28, ,37.46,-75.833
2005, , ,"Upper Phillips Creek  InundExp2, Site 2, Intact Turf",UPE2,UPM,InundExp2,2,1,1,6,(B)Border Control,c,Spartina patens,41271,32.77,5.93,0,38.7, ,37.46,-75.833
2005, , ,"Upper Phillips Creek  InundExp2, Site 2, Intact Turf",UPE2,UPM,InundExp2,2,1,1,7,(P)Pumped Plot,a,Distichlis spicata,40662,6.6,.34,0,6.94, ,37.46,-75.833
2005, , ,"Upper Phillips Creek  InundExp2, Site 2, Intact Turf",UPE2,UPM,InundExp2,2,1,1,7,(P)Pumped Plot,a,Spartina patens,41271,18.27,.92,0,19.19, ,37.46,-75.833
2005, , ,"Upper Phillips Creek  InundExp2, Site 2, Intact Turf",UPE2,UPM,InundExp2,2,1,1,7,(P)Pumped Plot,b,Distichlis spicata,40662,5.1,.9,0,6, ,37.46,-75.833
2005, , ,"Upper Phillips Creek  InundExp2, Site 2, Intact Turf",UPE2,UPM,InundExp2,2,1,1,7,(P)Pumped Plot,b,Spartina patens,41271,13.24,1.93,0,15.17, ,37.46,-75.833
2005, , ,"Upper Phillips Creek  InundExp2, Site 2, Intact Turf",UPE2,UPM,InundExp2,2,1,1,7,(P)Pumped Plot,c,Distichlis spicata,40662,5.2,.19,0,5.39, ,37.46,-75.833
2005, , ,"Upper Phillips Creek  InundExp2, Site 2, Intact Turf",UPE2,UPM,InundExp2,2,1,1,7,(P)Pumped Plot,c,Spartina alterniflora,41267,0,.1,0,.1, ,37.46,-75.833
2005, , ,"Upper Phillips Creek  InundExp2, Site 2, Intact Turf",UPE2,UPM,InundExp2,2,1,1,7,(P)Pumped Plot,c,Spartina patens,41271,25.44,5.43,0,30.87, ,37.46,-75.833
2005, , ,"Upper Phillips Creek  InundExp2, Site 2, Intact Turf",UPE2,UPM,InundExp2,2,1,1,8,(C)Control Plot,a,Aster tenuifolius,35517,7.37,.11,0,7.48, ,37.46,-75.833
2005, , ,"Upper Phillips Creek  InundExp2, Site 2, Intact Turf",UPE2,UPM,InundExp2,2,1,1,8,(C)Control Plot,a,Distichlis spicata,40662,19.66,2.19,0,21.85, ,37.46,-75.833
2005, , ,"Upper Phillips Creek  InundExp2, Site 2, Intact Turf",UPE2,UPM,InundExp2,2,1,1,8,(C)Control Plot,a,Distichlis spicata,40662,6.92,.4,0,7.32, ,37.46,-75.833
2005, , ,"Upper Phillips Creek  InundExp2, Site 2, Intact Turf",UPE2,UPM,InundExp2,2,1,1,8,(C)Control Plot,a,Spartina alterniflora,41267,0,.01,0,.01, ,37.46,-75.833
2005, , ,"Upper Phillips Creek  InundExp2, Site 2, Intact Turf",UPE2,UPM,InundExp2,2,1,1,8,(C)Control Plot,a,Spartina patens,41271,23.81,.91,0,24.72, ,37.46,-75.833
2005, , ,"Upper Phillips Creek  InundExp2, Site 2, Intact Turf",UPE2,UPM,InundExp2,2,1,1,8,(C)Control Plot,a,Spartina patens,41271,16.94,3.15,0,20.09, ,37.46,-75.833
2005, , ,"Upper Phillips Creek  InundExp2, Site 2, Intact Turf",UPE2,UPM,InundExp2,2,1,1,8,(C)Control Plot,a,Unidentified, ,0,.81,0,.81, ,37.46,-75.833
2005, , ,"Upper Phillips Creek  InundExp2, Site 2, Intact Turf",UPE2,UPM,InundExp2,2,1,1,8,(C)Control Plot,b,Distichlis spicata,40662,15.72,5.5,0,21.22, ,37.46,-75.833
2005, , ,"Upper Phillips Creek  InundExp2, Site 2, Intact Turf",UPE2,UPM,InundExp2,2,1,1,8,(C)Control Plot,b,Spartina alterniflora,41267,0,.44,0,.44, ,37.46,-75.833
2005, , ,"Upper Phillips Creek  InundExp2, Site 2, Intact Turf",UPE2,UPM,InundExp2,2,1,1,8,(C)Control Plot,b,Spartina patens,41271,19.6,12.87,0,32.47, ,37.46,-75.833
2005, , ,"Upper Phillips Creek  InundExp2, Site 2, Intact Turf",UPE2,UPM,InundExp2,2,1,1,8,(C)Control Plot,b,Unidentified, ,0,.86,0,.86, ,37.46,-75.833
2005, , ,"Upper Phillips Creek  InundExp2, Site 2, Intact Turf",UPE2,UPM,InundExp2,2,1,1,8,(C)Control Plot,c,Distichlis spicata,40662,6.8,.76,0,7.56, ,37.46,-75.833
2005, , ,"Upper Phillips Creek  InundExp2, Site 2, Intact Turf",UPE2,UPM,InundExp2,2,1,1,8,(C)Control Plot,c,Spartina alterniflora,41267,0,2.02,0,2.02, ,37.46,-75.833
2005, , ,"Upper Phillips Creek  InundExp2, Site 2, Intact Turf",UPE2,UPM,InundExp2,2,1,1,8,(C)Control Plot,c,Spartina patens,41271,20.84,2.47,0,23.31, ,37.46,-75.833
2005, , ,"Upper Phillips Creek  InundExp2, Site 2, Intact Turf",UPE2,UPM,InundExp2,2,1,1,8,(C)Control Plot,c,Unidentified, ,0,.71,0,.71, ,37.46,-75.833
2005, , ,"Upper Phillips Creek  InundExp2, Site 2, Intact Turf",UPE2,UPM,InundExp2,2,1,2,6,(B)Border Control,a,Distichlis spicata,40662,12.05,1.9,0,13.95, ,37.46,-75.833
2005, , ,"Upper Phillips Creek  InundExp2, Site 2, Intact Turf",UPE2,UPM,InundExp2,2,1,2,6,(B)Border Control,a,Spartina alterniflora,41267,0,.73,0,.73, ,37.46,-75.833
2005, , ,"Upper Phillips Creek  InundExp2, Site 2, Intact Turf",UPE2,UPM,InundExp2,2,1,2,6,(B)Border Control,a,Spartina patens,41271,32.01,8.1,0,40.11, ,37.46,-75.833
2005, , ,"Upper Phillips Creek  InundExp2, Site 2, Intact Turf",UPE2,UPM,InundExp2,2,1,2,6,(B)Border Control,a,Unidentified, ,0,.65,0,.65, ,37.46,-75.833
2005, , ,"Upper Phillips Creek  InundExp2, Site 2, Intact Turf",UPE2,UPM,InundExp2,2,1,2,6,(B)Border Control,b,Distichlis spicata,40662,5.44,.54,0,5.98, ,37.46,-75.833
2005, , ,"Upper Phillips Creek  InundExp2, Site 2, Intact Turf",UPE2,UPM,InundExp2,2,1,2,6,(B)Border Control,b,Spartina patens,41271,39.08,7.94,0,47.02, ,37.46,-75.833
2005, , ,"Upper Phillips Creek  InundExp2, Site 2, Intact Turf",UPE2,UPM,InundExp2,2,1,2,6,(B)Border Control,c,Distichlis spicata,40662,4.6,.17,0,4.77, ,37.46,-75.833
2005, , ,"Upper Phillips Creek  InundExp2, Site 2, Intact Turf",UPE2,UPM,InundExp2,2,1,2,6,(B)Border Control,c,Spartina patens,41271,31.92,1.92,0,33.84, ,37.46,-75.833
2005, , ,"Upper Phillips Creek  InundExp2, Site 2, Intact Turf",UPE2,UPM,InundExp2,2,1,2,7,(P)Pumped Plot,a,Distichlis spicata,40662,3.73,1.76,0,5.49, ,37.46,-75.833
2005, , ,"Upper Phillips Creek  InundExp2, Site 2, Intact Turf",UPE2,UPM,InundExp2,2,1,2,7,(P)Pumped Plot,a,Spartina patens,41271,32.65,18.89,0,51.54, ,37.46,-75.833
2005, , ,"Upper Phillips Creek  InundExp2, Site 2, Intact Turf",UPE2,UPM,InundExp2,2,1,2,7,(P)Pumped Plot,b,Distichlis spicata,40662,4.99,1.07,0,6.06, ,37.46,-75.833
2005, , ,"Upper Phillips Creek  InundExp2, Site 2, Intact Turf",UPE2,UPM,InundExp2,2,1,2,7,(P)Pumped Plot,b,Spartina alterniflora,41267,0,.29,0,.29, ,37.46,-75.833
2005, , ,"Upper Phillips Creek  InundExp2, Site 2, Intact Turf",UPE2,UPM,InundExp2,2,1,2,7,(P)Pumped Plot,b,Spartina patens,41271,27.76,3.39,0,31.15, ,37.46,-75.833
2005, , ,"Upper Phillips Creek  InundExp2, Site 2, Intact Turf",UPE2,UPM,InundExp2,2,1,2,7,(P)Pumped Plot,c,Distichlis spicata,40662,12.92,1.39,0,14.31, ,37.46,-75.833
2005, , ,"Upper Phillips Creek  InundExp2, Site 2, Intact Turf",UPE2,UPM,InundExp2,2,1,2,7,(P)Pumped Plot,c,Spartina alterniflora,41267,0,1.1,0,1.1, ,37.46,-75.833
2005, , ,"Upper Phillips Creek  InundExp2, Site 2, Intact Turf",UPE2,UPM,InundExp2,2,1,2,7,(P)Pumped Plot,c,Spartina patens,41271,28.69,3.86,0,32.55, ,37.46,-75.833
2005, , ,"Upper Phillips Creek  InundExp2, Site 2, Intact Turf",UPE2,UPM,InundExp2,2,1,2,8,(C)Control Plot,a,Distichlis spicata,40662,5.95,.09,0,6.04, ,37.46,-75.833
2005, , ,"Upper Phillips Creek  InundExp2, Site 2, Intact Turf",UPE2,UPM,InundExp2,2,1,2,8,(C)Control Plot,a,Juncus gerardi,39235,5.01,0,0,6.42, ,37.46,-75.833
2005, , ,"Upper Phillips Creek  InundExp2, Site 2, Intact Turf",UPE2,UPM,InundExp2,2,1,2,8,(C)Control Plot,a,Spartina patens,41271,44.87,3.73,0,48.6, ,37.46,-75.833
2005, , ,"Upper Phillips Creek  InundExp2, Site 2, Intact Turf",UPE2,UPM,InundExp2,2,1,2,8,(C)Control Plot,a,Unidentified, ,0,1.96,0,1.96, ,37.46,-75.833
2005, , ,"Upper Phillips Creek  InundExp2, Site 2, Intact Turf",UPE2,UPM,InundExp2,2,1,2,8,(C)Control Plot,b,Distichlis spicata,40662,4.93,.16,0,5.09, ,37.46,-75.833
2005, , ,"Upper Phillips Creek  InundExp2, Site 2, Intact Turf",UPE2,UPM,InundExp2,2,1,2,8,(C)Control Plot,b,Juncus gerardi,39235,1.22,0,0,1.67, ,37.46,-75.833
2005, , ,"Upper Phillips Creek  InundExp2, Site 2, Intact Turf",UPE2,UPM,InundExp2,2,1,2,8,(C)Control Plot,b,Spartina patens,41271,44.21,1.85,0,46.06, ,37.46,-75.833
2005, , ,"Upper Phillips Creek  InundExp2, Site 2, Intact Turf",UPE2,UPM,InundExp2,2,1,2,8,(C)Control Plot,c,Distichlis spicata,40662,4.44,1.43,0,5.87, ,37.46,-75.833
2005, , ,"Upper Phillips Creek  InundExp2, Site 2, Intact Turf",UPE2,UPM,InundExp2,2,1,2,8,(C)Control Plot,c,Juncus gerardi,39235,4.34,0,0,5.54, ,37.46,-75.833
2005, , ,"Upper Phillips Creek  InundExp2, Site 2, Intact Turf",UPE2,UPM,InundExp2,2,1,2,8,(C)Control Plot,c,Spartina patens,41271,14.54,7.36,0,21.9, ,37.46,-75.833
2005, , ,"Upper Phillips Creek  InundExp2, Site 2, Intact Turf",UPE2,UPM,InundExp2,2,1,2,8,(C)Control Plot,c,Unidentified, ,0,2.46,0,2.46, ,37.46,-75.833
2005, , ,"Upper Phillips Creek  InundExp2, Site 3, Hum./Hollow",UPE3,UPM,InundExp2,3,1,1,8,(C)Control Plot,a,Distichlis spicata,40662,15.34,4.45,0,19.79, ,37.46,-75.833
2005, , ,"Upper Phillips Creek  InundExp2, Site 3, Hum./Hollow",UPE3,UPM,InundExp2,3,1,1,8,(C)Control Plot,a,Fimbristylis spadicea,40108,.17,0,0,.17, ,37.46,-75.833
2005, , ,"Upper Phillips Creek  InundExp2, Site 3, Hum./Hollow",UPE3,UPM,InundExp2,3,1,1,8,(C)Control Plot,a,Spartina patens,41271,12.55,1.76,0,14.31, ,37.46,-75.833
2005, , ,"Upper Phillips Creek  InundExp2, Site 3, Hum./Hollow",UPE3,UPM,InundExp2,3,1,1,8,(C)Control Plot,a,Unidentified, ,0,.81,0,.81, ,37.46,-75.833
2005, , ,"Upper Phillips Creek  InundExp2, Site 3, Hum./Hollow",UPE3,UPM,InundExp2,3,1,1,8,(C)Control Plot,b,Distichlis spicata,40662,17.95,8.65,0,26.6, ,37.46,-75.833
2005, , ,"Upper Phillips Creek  InundExp2, Site 3, Hum./Hollow",UPE3,UPM,InundExp2,3,1,1,8,(C)Control Plot,b,Spartina patens,41271,19.39,5.82,0,25.21, ,37.46,-75.833
2005, , ,"Upper Phillips Creek  InundExp2, Site 3, Hum./Hollow",UPE3,UPM,InundExp2,3,1,1,8,(C)Control Plot,b,Unidentified, ,0,3.11,0,3.11, ,37.46,-75.833
2005, , ,"Upper Phillips Creek  InundExp2, Site 3, Hum./Hollow",UPE3,UPM,InundExp2,3,1,1,8,(C)Control Plot,c,Distichlis spicata,40662,16.92,1.64,0,18.56, ,37.46,-75.833
2005, , ,"Upper Phillips Creek  InundExp2, Site 3, Hum./Hollow",UPE3,UPM,InundExp2,3,1,1,8,(C)Control Plot,c,Spartina patens,41271,25.09,1.17,0,26.26, ,37.46,-75.833
2005, , ,"Upper Phillips Creek  InundExp2, Site 3, Hum./Hollow",UPE3,UPM,InundExp2,3,1,1,8,(C)Control Plot,c,Unidentified, ,0,1.35,0,1.35, ,37.46,-75.833
2005, , ,"Upper Phillips Creek  InundExp2, Site 3, Hum./Hollow",UPE3,UPM,InundExp2,3,1,2,8,(C)Control Plot,a,Distichlis spicata,40662,6.29,4.17,0,10.46, ,37.46,-75.833
2005, , ,"Upper Phillips Creek  InundExp2, Site 3, Hum./Hollow",UPE3,UPM,InundExp2,3,1,2,8,(C)Control Plot,b,Distichlis spicata,40662,29.58,2.31,0,31.89, ,37.46,-75.833
2005, , ,"Upper Phillips Creek  InundExp2, Site 3, Hum./Hollow",UPE3,UPM,InundExp2,3,1,2,8,(C)Control Plot,b,Spartina patens,41271,7.37,.13,0,7.5, ,37.46,-75.833
2005, , ,"Upper Phillips Creek  InundExp2, Site 3, Hum./Hollow",UPE3,UPM,InundExp2,3,1,2,8,(C)Control Plot,b,Unidentified, ,0,.75,0,.75, ,37.46,-75.833
2005, , ,"Upper Phillips Creek  InundExp2, Site 3, Hum./Hollow",UPE3,UPM,InundExp2,3,1,2,8,(C)Control Plot,c,Distichlis spicata,40662,8.47,3.7,0,12.17, ,37.46,-75.833
2005, , ,"Upper Phillips Creek  InundExp2, Site 3, Hum./Hollow",UPE3,UPM,InundExp2,3,1,2,8,(C)Control Plot,c,Spartina patens,41271,1.94,.54,0,2.48, ,37.46,-75.833
2005, , ,"Upper Phillips Creek  InundExp2, Site 3, Hum./Hollow",UPE3,UPM,InundExp2,3,1,2,8,(C)Control Plot,c,Unidentified, ,0,1.64,0,1.64, ,37.46,-75.833
2005, , ,"Upper Phillips Creek  InundExp2, Site 4, Intact Turf",UPE4,UPM,InundExp2,4,1,1,6,(B)Border Control,a,Distichlis spicata,40662,4.76,1.87,0,6.63, ,37.46,-75.833
2005, , ,"Upper Phillips Creek  InundExp2, Site 4, Intact Turf",UPE4,UPM,InundExp2,4,1,1,6,(B)Border Control,a,Spartina patens,41271,12.53,3.28,0,15.81, ,37.46,-75.833
2005, , ,"Upper Phillips Creek  InundExp2, Site 4, Intact Turf",UPE4,UPM,InundExp2,4,1,1,6,(B)Border Control,b,Distichlis spicata,40662,9.82,8.27,0,18.09, ,37.46,-75.833
2005, , ,"Upper Phillips Creek  InundExp2, Site 4, Intact Turf",UPE4,UPM,InundExp2,4,1,1,6,(B)Border Control,b,Spartina patens,41271,13.54,11.27,0,24.81, ,37.46,-75.833
2005, , ,"Upper Phillips Creek  InundExp2, Site 4, Intact Turf",UPE4,UPM,InundExp2,4,1,1,6,(B)Border Control,b,Unidentified, ,0,1.3,0,1.3, ,37.46,-75.833
2005, , ,"Upper Phillips Creek  InundExp2, Site 4, Intact Turf",UPE4,UPM,InundExp2,4,1,1,6,(B)Border Control,c,Distichlis spicata,40662,11.43,16.67,0,28.1, ,37.46,-75.833
2005, , ,"Upper Phillips Creek  InundExp2, Site 4, Intact Turf",UPE4,UPM,InundExp2,4,1,1,6,(B)Border Control,c,Spartina patens,41271,14.34,22.58,0,36.92, ,37.46,-75.833
2005, , ,"Upper Phillips Creek  InundExp2, Site 4, Intact Turf",UPE4,UPM,InundExp2,4,1,1,6,(B)Border Control,c,Unidentified, ,0,3.82,0,3.82, ,37.46,-75.833
2005, , ,"Upper Phillips Creek  InundExp2, Site 4, Intact Turf",UPE4,UPM,InundExp2,4,1,1,7,(P)Pumped Plot,a,Distichlis spicata,40662,10.34,.63,0,10.97, ,37.46,-75.833
2005, , ,"Upper Phillips Creek  InundExp2, Site 4, Intact Turf",UPE4,UPM,InundExp2,4,1,1,7,(P)Pumped Plot,a,Spartina patens,41271,29.47,29.47,0,58.94, ,37.46,-75.833
2005, , ,"Upper Phillips Creek  InundExp2, Site 4, Intact Turf",UPE4,UPM,InundExp2,4,1,1,7,(P)Pumped Plot,b,Distichlis spicata,40662,7.17,.84,0,8.01, ,37.46,-75.833
2005, , ,"Upper Phillips Creek  InundExp2, Site 4, Intact Turf",UPE4,UPM,InundExp2,4,1,1,7,(P)Pumped Plot,b,Spartina patens,41271,24.51,6.47,0,30.98, ,37.46,-75.833
2005, , ,"Upper Phillips Creek  InundExp2, Site 4, Intact Turf",UPE4,UPM,InundExp2,4,1,1,7,(P)Pumped Plot,c,Distichlis spicata,40662,8.38,1.82,0,10.2, ,37.46,-75.833
2005, , ,"Upper Phillips Creek  InundExp2, Site 4, Intact Turf",UPE4,UPM,InundExp2,4,1,1,7,(P)Pumped Plot,c,Spartina patens,41271,11.5,4.12,0,15.62, ,37.46,-75.833
2005, , ,"Upper Phillips Creek  InundExp2, Site 4, Intact Turf",UPE4,UPM,InundExp2,4,1,1,8,(C)Control Plot,a,Distichlis spicata,40662,7.29,.96,0,8.25, ,37.46,-75.833
2005, , ,"Upper Phillips Creek  InundExp2, Site 4, Intact Turf",UPE4,UPM,InundExp2,4,1,1,8,(C)Control Plot,a,Spartina patens,41271,40,6.21,0,46.21, ,37.46,-75.833
2005, , ,"Upper Phillips Creek  InundExp2, Site 4, Intact Turf",UPE4,UPM,InundExp2,4,1,1,8,(C)Control Plot,b,Distichlis spicata,40662,16.88,5.77,0,22.65, ,37.46,-75.833
2005, , ,"Upper Phillips Creek  InundExp2, Site 4, Intact Turf",UPE4,UPM,InundExp2,4,1,1,8,(C)Control Plot,b,Spartina patens,41271,22.33,13.74,0,36.07, ,37.46,-75.833
2005, , ,"Upper Phillips Creek  InundExp2, Site 4, Intact Turf",UPE4,UPM,InundExp2,4,1,1,8,(C)Control Plot,b,Unidentified, ,0,1.42,0,1.42, ,37.46,-75.833
2005, , ,"Upper Phillips Creek  InundExp2, Site 4, Intact Turf",UPE4,UPM,InundExp2,4,1,1,8,(C)Control Plot,c,Distichlis spicata,40662,2.85,2.85,0,5.7, ,37.46,-75.833
2005, , ,"Upper Phillips Creek  InundExp2, Site 4, Intact Turf",UPE4,UPM,InundExp2,4,1,1,8,(C)Control Plot,c,Spartina patens,41271,11.48,1.53,0,13.01, ,37.46,-75.833
2005, , ,"Upper Phillips Creek  InundExp2, Site 4, Intact Turf",UPE4,UPM,InundExp2,4,1,2,6,(B)Border Control,a,Distichlis spicata,40662,7.7,3.71,0,11.41, ,37.46,-75.833
2005, , ,"Upper Phillips Creek  InundExp2, Site 4, Intact Turf",UPE4,UPM,InundExp2,4,1,2,6,(B)Border Control,a,Spartina patens,41271,19.22,15.07,0,34.29, ,37.46,-75.833
2005, , ,"Upper Phillips Creek  InundExp2, Site 4, Intact Turf",UPE4,UPM,InundExp2,4,1,2,6,(B)Border Control,a,Unidentified, ,0,1.23,0,1.23, ,37.46,-75.833
2005, , ,"Upper Phillips Creek  InundExp2, Site 4, Intact Turf",UPE4,UPM,InundExp2,4,1,2,6,(B)Border Control,b,Distichlis spicata,40662,17.34,7.44,0,24.78, ,37.46,-75.833
2005, , ,"Upper Phillips Creek  InundExp2, Site 4, Intact Turf",UPE4,UPM,InundExp2,4,1,2,6,(B)Border Control,b,Spartina patens,41271,5.23,2.85,0,8.08, ,37.46,-75.833
2005, , ,"Upper Phillips Creek  InundExp2, Site 4, Intact Turf",UPE4,UPM,InundExp2,4,1,2,6,(B)Border Control,c,Distichlis spicata,40662,4.74,1.77,0,6.51, ,37.46,-75.833
2005, , ,"Upper Phillips Creek  InundExp2, Site 4, Intact Turf",UPE4,UPM,InundExp2,4,1,2,6,(B)Border Control,c,Spartina patens,41271,24.01,12.82,0,36.83, ,37.46,-75.833
2005, , ,"Upper Phillips Creek  InundExp2, Site 4, Intact Turf",UPE4,UPM,InundExp2,4,1,2,7,(P)Pumped Plot,a,Distichlis spicata,40662,5.38,1.36,0,6.74, ,37.46,-75.833
2005, , ,"Upper Phillips Creek  InundExp2, Site 4, Intact Turf",UPE4,UPM,InundExp2,4,1,2,7,(P)Pumped Plot,a,Spartina patens,41271,35.46,9.35,0,44.81, ,37.46,-75.833
2005, , ,"Upper Phillips Creek  InundExp2, Site 4, Intact Turf",UPE4,UPM,InundExp2,4,1,2,7,(P)Pumped Plot,b,Distichlis spicata,40662,19.42,3.89,0,23.31, ,37.46,-75.833
2005, , ,"Upper Phillips Creek  InundExp2, Site 4, Intact Turf",UPE4,UPM,InundExp2,4,1,2,7,(P)Pumped Plot,b,Spartina patens,41271,6,1.53,0,7.53, ,37.46,-75.833
2005, , ,"Upper Phillips Creek  InundExp2, Site 4, Intact Turf",UPE4,UPM,InundExp2,4,1,2,7,(P)Pumped Plot,c,Distichlis spicata,40662,16.35,5.56,0,21.91, ,37.46,-75.833
2005, , ,"Upper Phillips Creek  InundExp2, Site 4, Intact Turf",UPE4,UPM,InundExp2,4,1,2,7,(P)Pumped Plot,c,Spartina patens,41271,17.04,6.26,0,23.3, ,37.46,-75.833
2005, , ,"Upper Phillips Creek  InundExp2, Site 4, Intact Turf",UPE4,UPM,InundExp2,4,1,2,7,(P)Pumped Plot,c,Unidentified, ,0,.76,0,.76, ,37.46,-75.833
2005, , ,"Upper Phillips Creek  InundExp2, Site 4, Intact Turf",UPE4,UPM,InundExp2,4,1,2,8,(C)Control Plot,a,Distichlis spicata,40662,7.26,3.44,0,10.7, ,37.46,-75.833
2005, , ,"Upper Phillips Creek  InundExp2, Site 4, Intact Turf",UPE4,UPM,InundExp2,4,1,2,8,(C)Control Plot,a,Spartina patens,41271,14.33,10.21,0,24.54, ,37.46,-75.833
2005, , ,"Upper Phillips Creek  InundExp2, Site 4, Intact Turf",UPE4,UPM,InundExp2,4,1,2,8,(C)Control Plot,a,Unidentified, ,0,1.06,0,1.06, ,37.46,-75.833
2005, , ,"Upper Phillips Creek  InundExp2, Site 4, Intact Turf",UPE4,UPM,InundExp2,4,1,2,8,(C)Control Plot,b,Distichlis spicata,40662,13.68,5.94,0,19.62, ,37.46,-75.833
2005, , ,"Upper Phillips Creek  InundExp2, Site 4, Intact Turf",UPE4,UPM,InundExp2,4,1,2,8,(C)Control Plot,b,Spartina patens,41271,11.43,5.44,0,16.87, ,37.46,-75.833
2005, , ,"Upper Phillips Creek  InundExp2, Site 4, Intact Turf",UPE4,UPM,InundExp2,4,1,2,8,(C)Control Plot,b,Unidentified, ,0,1.8,0,1.8, ,37.46,-75.833
2005, , ,"Upper Phillips Creek  InundExp2, Site 4, Intact Turf",UPE4,UPM,InundExp2,4,1,2,8,(C)Control Plot,c,Distichlis spicata,40662,8.84,2.06,0,10.9, ,37.46,-75.833
2005, , ,"Upper Phillips Creek  InundExp2, Site 4, Intact Turf",UPE4,UPM,InundExp2,4,1,2,8,(C)Control Plot,c,Spartina patens,41271,32.62,6.79,0,39.41, ,37.46,-75.833
2005, , ,"Upper Phillips Creek  InundExp2, Site 5, Hum./Hollow",UPE5,UPM,InundExp2,5,1,1,8,(C)Control Plot,a,Distichlis spicata,40662,.95,.4,0,1.35, ,37.46,-75.833
2005, , ,"Upper Phillips Creek  InundExp2, Site 5, Hum./Hollow",UPE5,UPM,InundExp2,5,1,1,8,(C)Control Plot,b,Distichlis spicata,40662,.11,.05,0,.16, ,37.46,-75.833
2005, , ,"Upper Phillips Creek  InundExp2, Site 5, Hum./Hollow",UPE5,UPM,InundExp2,5,1,1,8,(C)Control Plot,b,Spartina patens,41271,.07,0,0,.07, ,37.46,-75.833
2005, , ,"Upper Phillips Creek  InundExp2, Site 5, Hum./Hollow",UPE5,UPM,InundExp2,5,1,1,8,(C)Control Plot,c,Distichlis spicata,40662,3.13,4.15,0,7.28, ,37.46,-75.833
2005, , ,"Upper Phillips Creek  InundExp2, Site 5, Hum./Hollow",UPE5,UPM,InundExp2,5,1,1,8,(C)Control Plot,c,Spartina patens,41271,.83,.36,0,1.19, ,37.46,-75.833
2005, , ,"Upper Phillips Creek  InundExp2, Site 5, Hum./Hollow",UPE5,UPM,InundExp2,5,1,1,8,(C)Control Plot,c,Unidentified, ,0,.27,0,.27, ,37.46,-75.833
2005, , ,"Upper Phillips Creek  InundExp2, Site 5, Hum./Hollow",UPE5,UPM,InundExp2,5,1,2,8,(C)Control Plot,a,Distichlis spicata,40662,13.41,1.46,0,14.87, ,37.46,-75.833
2005, , ,"Upper Phillips Creek  InundExp2, Site 5, Hum./Hollow",UPE5,UPM,InundExp2,5,1,2,8,(C)Control Plot,a,Spartina patens,41271,6.53,1.53,0,8.06, ,37.46,-75.833
2005, , ,"Upper Phillips Creek  InundExp2, Site 5, Hum./Hollow",UPE5,UPM,InundExp2,5,1,2,8,(C)Control Plot,a,Unidentified, ,0,1.63,0,1.63, ,37.46,-75.833
2005, , ,"Upper Phillips Creek  InundExp2, Site 5, Hum./Hollow",UPE5,UPM,InundExp2,5,1,2,8,(C)Control Plot,b,Distichlis spicata,40662,13.01,11.62,0,24.63, ,37.46,-75.833
2005, , ,"Upper Phillips Creek  InundExp2, Site 5, Hum./Hollow",UPE5,UPM,InundExp2,5,1,2,8,(C)Control Plot,b,Juncus roemerianus,39238,0,.02,0,.02, ,37.46,-75.833
2005, , ,"Upper Phillips Creek  InundExp2, Site 5, Hum./Hollow",UPE5,UPM,InundExp2,5,1,2,8,(C)Control Plot,b,Spartina patens,41271,5.33,3.53,0,8.86, ,37.46,-75.833
2005, , ,"Upper Phillips Creek  InundExp2, Site 5, Hum./Hollow",UPE5,UPM,InundExp2,5,1,2,8,(C)Control Plot,b,Unidentified, ,0,3.63,0,3.63, ,37.46,-75.833
2005, , ,"Upper Phillips Creek  InundExp2, Site 5, Hum./Hollow",UPE5,UPM,InundExp2,5,1,2,8,(C)Control Plot,c,Distichlis spicata,40662,5.93,2.92,0,8.85, ,37.46,-75.833
2005, , ,"Upper Phillips Creek  InundExp2, Site 5, Hum./Hollow",UPE5,UPM,InundExp2,5,1,2,8,(C)Control Plot,c,Spartina patens,41271,17.82,8.94,0,26.76, ,37.46,-75.833
2005, , ,"Upper Phillips Creek  InundExp2, Site 5, Hum./Hollow",UPE5,UPM,InundExp2,5,1,2,8,(C)Control Plot,c,Unidentified, ,0,1.65,0,1.65, ,37.46,-75.833
2005, , ,"Upper Phillips Creek InundExp2, Site 1, Creekbank",UPE1,UPM,InundExp2,1,1,1,8,(C)Control Plot,b,Aster tenuifolius,35517,5.5,.01,0,5.51, ,37.46,-75.833
2005, , ,"Upper Phillips Creek InundExp2, Site 1, Creekbank",UPE1,UPM,InundExp2,1,1,1,8,(C)Control Plot,b,Distichlis spicata,40662,11.72,1.57,0,13.29, ,37.46,-75.833
2005, , ,"Upper Phillips Creek InundExp2, Site 1, Creekbank",UPE1,UPM,InundExp2,1,1,1,8,(C)Control Plot,b,Spartina patens,41271,10.39,2.3,0,12.69, ,37.46,-75.833
2005, , ,"Upper Phillips Creek InundExp2, Site 1, Creekbank",UPE1,UPM,InundExp2,1,1,1,8,(C)Control Plot,b,Unidentified, ,0,.08,0,.08, ,37.46,-75.833
2005, , ,"Upper Phillips Creek InundExp2, Site 1, Creekbank",UPE1,UPM,InundExp2,1,1,1,8,(C)Control Plot,c,Aster tenuifolius,35517,23.32,.01,0,23.33, ,37.46,-75.833
2005, , ,"Upper Phillips Creek InundExp2, Site 1, Creekbank",UPE1,UPM,InundExp2,1,1,1,8,(C)Control Plot,c,Distichlis spicata,40662,.1,.01,0,.11, ,37.46,-75.833
2005, , ,"Upper Phillips Creek InundExp2, Site 1, Creekbank",UPE1,UPM,InundExp2,1,1,1,8,(C)Control Plot,c,Spartina patens,41271,6.08,.47,0,6.55, ,37.46,-75.833
2005, , ,"Upper Phillips Creek InundExp2, Site 1, Creekbank",UPE1,UPM,InundExp2,1,1,2,8,(C)Control Plot,a,Aster tenuifolius,35517,2.23,.22,0,2.45, ,37.46,-75.833
2005, , ,"Upper Phillips Creek InundExp2, Site 1, Creekbank",UPE1,UPM,InundExp2,1,1,2,8,(C)Control Plot,a,Atriplex arenaria,20511,.01,0,0,.01, ,37.46,-75.833
2005, , ,"Upper Phillips Creek InundExp2, Site 1, Creekbank",UPE1,UPM,InundExp2,1,1,2,8,(C)Control Plot,a,Distichlis spicata,40662,7.23,1.82,0,9.05, ,37.46,-75.833
2005, , ,"Upper Phillips Creek InundExp2, Site 1, Creekbank",UPE1,UPM,InundExp2,1,1,2,8,(C)Control Plot,a,Spartina patens,41271,4.23,2.82,0,7.05, ,37.46,-75.833
2005, , ,"Upper Phillips Creek InundExp2, Site 1, Creekbank",UPE1,UPM,InundExp2,1,1,2,8,(C)Control Plot,a,Unidentified, ,0,.9,0,.9, ,37.46,-75.833
2005, , ,"Upper Phillips Creek InundExp2, Site 1, Creekbank",UPE1,UPM,InundExp2,1,1,2,8,(C)Control Plot,b,Aster tenuifolius,35517,2.51,.39,0,2.9, ,37.46,-75.833
2005, , ,"Upper Phillips Creek InundExp2, Site 1, Creekbank",UPE1,UPM,InundExp2,1,1,2,8,(C)Control Plot,b,Distichlis spicata,40662,16.76,3.08,0,19.84, ,37.46,-75.833
2005, , ,"Upper Phillips Creek InundExp2, Site 1, Creekbank",UPE1,UPM,InundExp2,1,1,2,8,(C)Control Plot,b,Spartina patens,41271,35.58,3.61,0,39.19, ,37.46,-75.833
2005, , ,"Upper Phillips Creek InundExp2, Site 1, Creekbank",UPE1,UPM,InundExp2,1,1,2,8,(C)Control Plot,b,Unidentified, ,0,1.11,0,1.11, ,37.46,-75.833
2005, , ,"Upper Phillips Creek InundExp2, Site 1, Creekbank",UPE1,UPM,InundExp2,1,1,2,8,(C)Control Plot,c,Aster tenuifolius,35517,.66,.02,0,.68, ,37.46,-75.833
2005, , ,"Upper Phillips Creek InundExp2, Site 1, Creekbank",UPE1,UPM,InundExp2,1,1,2,8,(C)Control Plot,c,Distichlis spicata,40662,11.82,.46,0,12.28, ,37.46,-75.833
2005, , ,"Upper Phillips Creek InundExp2, Site 1, Creekbank",UPE1,UPM,InundExp2,1,1,2,8,(C)Control Plot,c,Spartina patens,41271,31.09,4.72,0,35.81, ,37.46,-75.833
2005, , ,"Upper Phillips Creek InundExp2, Site 1, Creekbank",UPE1,UPM,InundExp2,1,1,2,8,(C)Control Plot,c,Unidentified, ,0,.73,0,.73, ,37.46,-75.833
2006, , ,"Upper Phillips Creek  InundExp2, Site 2, Intact Turf",UPE2,UPM,InundExp2,2,1,1,6,(B)Border Control,a,Distichlis spicata,40662,10.56,61.92,0,72.48, ,37.46,-75.833
2006, , ,"Upper Phillips Creek  InundExp2, Site 2, Intact Turf",UPE2,UPM,InundExp2,2,1,1,6,(B)Border Control,a,Spartina patens,41271,11.28,42.55,0,53.83, ,37.46,-75.833
2006, , ,"Upper Phillips Creek  InundExp2, Site 2, Intact Turf",UPE2,UPM,InundExp2,2,1,1,6,(B)Border Control,b,Distichlis spicata,40662,39.29,57.49,0,96.78, ,37.46,-75.833
2006, , ,"Upper Phillips Creek  InundExp2, Site 2, Intact Turf",UPE2,UPM,InundExp2,2,1,1,6,(B)Border Control,b,Spartina patens,41271,5.39,7.08,0,12.47, ,37.46,-75.833
2006, , ,"Upper Phillips Creek  InundExp2, Site 2, Intact Turf",UPE2,UPM,InundExp2,2,1,1,6,(B)Border Control,c,Distichlis spicata,40662,9.42,37.98,0,47.4, ,37.46,-75.833
2006, , ,"Upper Phillips Creek  InundExp2, Site 2, Intact Turf",UPE2,UPM,InundExp2,2,1,1,6,(B)Border Control,c,Spartina patens,41271,22.05,35.49,0,57.54, ,37.46,-75.833
2006, , ,"Upper Phillips Creek  InundExp2, Site 2, Intact Turf",UPE2,UPM,InundExp2,2,1,1,7,(P)Pumped Plot,a,Distichlis spicata,40662,14.1,40.46,0,54.56, ,37.46,-75.833
2006, , ,"Upper Phillips Creek  InundExp2, Site 2, Intact Turf",UPE2,UPM,InundExp2,2,1,1,7,(P)Pumped Plot,a,Spartina patens,41271,9.02,12.43,0,21.45, ,37.46,-75.833
2006, , ,"Upper Phillips Creek  InundExp2, Site 2, Intact Turf",UPE2,UPM,InundExp2,2,1,1,7,(P)Pumped Plot,b,Distichlis spicata,40662,10.48,61.06,0,71.54, ,37.46,-75.833
2006, , ,"Upper Phillips Creek  InundExp2, Site 2, Intact Turf",UPE2,UPM,InundExp2,2,1,1,7,(P)Pumped Plot,b,Spartina patens,41271,3.77,4.65,0,8.42, ,37.46,-75.833
2006, , ,"Upper Phillips Creek  InundExp2, Site 2, Intact Turf",UPE2,UPM,InundExp2,2,1,1,7,(P)Pumped Plot,c,Distichlis spicata,40662,27.43,31.92,0,59.35, ,37.46,-75.833
2006, , ,"Upper Phillips Creek  InundExp2, Site 2, Intact Turf",UPE2,UPM,InundExp2,2,1,1,7,(P)Pumped Plot,c,Spartina patens,41271,4.17,.81,0,4.98, ,37.46,-75.833
2006, , ,"Upper Phillips Creek  InundExp2, Site 2, Intact Turf",UPE2,UPM,InundExp2,2,1,1,8,(C)Control Plot,a,Distichlis spicata,40662,17.27,41.35,0,58.62, ,37.46,-75.833
2006, , ,"Upper Phillips Creek  InundExp2, Site 2, Intact Turf",UPE2,UPM,InundExp2,2,1,1,8,(C)Control Plot,a,Spartina patens,41271,10.1,34.44,0,44.54, ,37.46,-75.833
2006, , ,"Upper Phillips Creek  InundExp2, Site 2, Intact Turf",UPE2,UPM,InundExp2,2,1,1,8,(C)Control Plot,b,Distichlis spicata,40662,23.61,44.31,0,67.92, ,37.46,-75.833
2006, , ,"Upper Phillips Creek  InundExp2, Site 2, Intact Turf",UPE2,UPM,InundExp2,2,1,1,8,(C)Control Plot,b,Spartina patens,41271,8.52,21.28,0,29.8, ,37.46,-75.833
2006, , ,"Upper Phillips Creek  InundExp2, Site 2, Intact Turf",UPE2,UPM,InundExp2,2,1,1,8,(C)Control Plot,c,Distichlis spicata,40662,21,35.63,0,56.63, ,37.46,-75.833
2006, , ,"Upper Phillips Creek  InundExp2, Site 2, Intact Turf",UPE2,UPM,InundExp2,2,1,1,8,(C)Control Plot,c,Spartina patens,41271,13.58,21.48,0,35.06, ,37.46,-75.833
2006, , ,"Upper Phillips Creek  InundExp2, Site 2, Intact Turf",UPE2,UPM,InundExp2,2,1,2,6,(B)Border Control,a,Distichlis spicata,40662,26.79,44.48,0,71.27, ,37.46,-75.833
2006, , ,"Upper Phillips Creek  InundExp2, Site 2, Intact Turf",UPE2,UPM,InundExp2,2,1,2,6,(B)Border Control,a,Spartina patens,41271,3.84,16.77,0,20.61, ,37.46,-75.833
2006, , ,"Upper Phillips Creek  InundExp2, Site 2, Intact Turf",UPE2,UPM,InundExp2,2,1,2,6,(B)Border Control,b,Distichlis spicata,40662,30.37,64.9,0,95.27, ,37.46,-75.833
2006, , ,"Upper Phillips Creek  InundExp2, Site 2, Intact Turf",UPE2,UPM,InundExp2,2,1,2,6,(B)Border Control,b,Spartina alterniflora,41267,0,1.37,0,1.37, ,37.46,-75.833
2006, , ,"Upper Phillips Creek  InundExp2, Site 2, Intact Turf",UPE2,UPM,InundExp2,2,1,2,6,(B)Border Control,b,Spartina patens,41271,17.17,18.17,0,35.34, ,37.46,-75.833
2006, , ,"Upper Phillips Creek  InundExp2, Site 2, Intact Turf",UPE2,UPM,InundExp2,2,1,2,6,(B)Border Control,c,Distichlis spicata,40662,10.93,101.92,0,112.85, ,37.46,-75.833
2006, , ,"Upper Phillips Creek  InundExp2, Site 2, Intact Turf",UPE2,UPM,InundExp2,2,1,2,6,(B)Border Control,c,Spartina patens,41271,2.9,6.14,0,9.04, ,37.46,-75.833
2006, , ,"Upper Phillips Creek  InundExp2, Site 2, Intact Turf",UPE2,UPM,InundExp2,2,1,2,7,(P)Pumped Plot,a,Distichlis spicata,40662,29.77,49.06,0,78.83, ,37.46,-75.833
2006, , ,"Upper Phillips Creek  InundExp2, Site 2, Intact Turf",UPE2,UPM,InundExp2,2,1,2,7,(P)Pumped Plot,a,Spartina patens,41271,9.56,13.82,0,23.38, ,37.46,-75.833
2006, , ,"Upper Phillips Creek  InundExp2, Site 2, Intact Turf",UPE2,UPM,InundExp2,2,1,2,7,(P)Pumped Plot,b,Distichlis spicata,40662,22.39,55.77,0,78.16, ,37.46,-75.833
2006, , ,"Upper Phillips Creek  InundExp2, Site 2, Intact Turf",UPE2,UPM,InundExp2,2,1,2,7,(P)Pumped Plot,b,Spartina patens,41271,6.99,16.66,0,23.65, ,37.46,-75.833
2006, , ,"Upper Phillips Creek  InundExp2, Site 2, Intact Turf",UPE2,UPM,InundExp2,2,1,2,7,(P)Pumped Plot,c,Distichlis spicata,40662,33.85,72.32,0,106.17, ,37.46,-75.833
2006, , ,"Upper Phillips Creek  InundExp2, Site 2, Intact Turf",UPE2,UPM,InundExp2,2,1,2,7,(P)Pumped Plot,c,Spartina alterniflora,41267,0,1.75,0,1.75, ,37.46,-75.833
2006, , ,"Upper Phillips Creek  InundExp2, Site 2, Intact Turf",UPE2,UPM,InundExp2,2,1,2,7,(P)Pumped Plot,c,Spartina patens,41271,12.11,11.14,0,23.25, ,37.46,-75.833
2006, , ,"Upper Phillips Creek  InundExp2, Site 2, Intact Turf",UPE2,UPM,InundExp2,2,1,2,8,(C)Control Plot,a,Distichlis spicata,40662,22.35,18.56,0,40.91, ,37.46,-75.833
2006, , ,"Upper Phillips Creek  InundExp2, Site 2, Intact Turf",UPE2,UPM,InundExp2,2,1,2,8,(C)Control Plot,a,Spartina patens,41271,12.23,38.2,0,50.43, ,37.46,-75.833
2006, , ,"Upper Phillips Creek  InundExp2, Site 2, Intact Turf",UPE2,UPM,InundExp2,2,1,2,8,(C)Control Plot,b,Distichlis spicata,40662,22.84,32.55,0,55.39, ,37.46,-75.833
2006, , ,"Upper Phillips Creek  InundExp2, Site 2, Intact Turf",UPE2,UPM,InundExp2,2,1,2,8,(C)Control Plot,b,Spartina patens,41271,17.46,3.37,0,20.83, ,37.46,-75.833
2006, , ,"Upper Phillips Creek  InundExp2, Site 2, Intact Turf",UPE2,UPM,InundExp2,2,1,2,8,(C)Control Plot,c,Distichlis spicata,40662,23.74,65.7,0,89.44, ,37.46,-75.833
2006, , ,"Upper Phillips Creek  InundExp2, Site 2, Intact Turf",UPE2,UPM,InundExp2,2,1,2,8,(C)Control Plot,c,Spartina patens,41271,6.36,16.67,0,23.03, ,37.46,-75.833
2006, , ,"Upper Phillips Creek  InundExp2, Site 3, Hum./Hollow",UPE3,UPM,InundExp2,3,1,1,8,(C)Control Plot,a,Distichlis spicata,40662,20.2,29.96,0,50.16, ,37.46,-75.833
2006, , ,"Upper Phillips Creek  InundExp2, Site 3, Hum./Hollow",UPE3,UPM,InundExp2,3,1,1,8,(C)Control Plot,a,Spartina patens,41271,11.86,2.81,0,14.67, ,37.46,-75.833
2006, , ,"Upper Phillips Creek  InundExp2, Site 3, Hum./Hollow",UPE3,UPM,InundExp2,3,1,1,8,(C)Control Plot,a,Unidentified, ,0,29.06,0,29.06, ,37.46,-75.833
2006, , ,"Upper Phillips Creek  InundExp2, Site 3, Hum./Hollow",UPE3,UPM,InundExp2,3,1,1,8,(C)Control Plot,b,Distichlis spicata,40662,31.82,42.58,0,74.4, ,37.46,-75.833
2006, , ,"Upper Phillips Creek  InundExp2, Site 3, Hum./Hollow",UPE3,UPM,InundExp2,3,1,1,8,(C)Control Plot,b,Spartina patens,41271,12.61,16.94,0,29.55, ,37.46,-75.833
2006, , ,"Upper Phillips Creek  InundExp2, Site 3, Hum./Hollow",UPE3,UPM,InundExp2,3,1,1,8,(C)Control Plot,b,Unidentified, ,0,39.53,0,39.53, ,37.46,-75.833
2006, , ,"Upper Phillips Creek  InundExp2, Site 3, Hum./Hollow",UPE3,UPM,InundExp2,3,1,1,8,(C)Control Plot,c,Distichlis spicata,40662,28.02,47.72,0,75.74, ,37.46,-75.833
2006, , ,"Upper Phillips Creek  InundExp2, Site 3, Hum./Hollow",UPE3,UPM,InundExp2,3,1,1,8,(C)Control Plot,c,Spartina patens,41271,4.95,3.99,0,8.94, ,37.46,-75.833
2006, , ,"Upper Phillips Creek  InundExp2, Site 3, Hum./Hollow",UPE3,UPM,InundExp2,3,1,1,8,(C)Control Plot,c,Unidentified, ,0,25.65,0,25.65, ,37.46,-75.833
2006, , ,"Upper Phillips Creek  InundExp2, Site 3, Hum./Hollow",UPE3,UPM,InundExp2,3,1,2,8,(C)Control Plot,a,Distichlis spicata,40662,35.46,23.8,0,59.26, ,37.46,-75.833
2006, , ,"Upper Phillips Creek  InundExp2, Site 3, Hum./Hollow",UPE3,UPM,InundExp2,3,1,2,8,(C)Control Plot,a,Spartina patens,41271,19.7,9.05,0,28.75, ,37.46,-75.833
2006, , ,"Upper Phillips Creek  InundExp2, Site 3, Hum./Hollow",UPE3,UPM,InundExp2,3,1,2,8,(C)Control Plot,a,Unidentified, ,0,12.45,0,12.45, ,37.46,-75.833
2006, , ,"Upper Phillips Creek  InundExp2, Site 3, Hum./Hollow",UPE3,UPM,InundExp2,3,1,2,8,(C)Control Plot,b,Distichlis spicata,40662,13.18,9.29,0,22.47, ,37.46,-75.833
2006, , ,"Upper Phillips Creek  InundExp2, Site 3, Hum./Hollow",UPE3,UPM,InundExp2,3,1,2,8,(C)Control Plot,b,Spartina patens,41271,29.26,13.12,0,42.38, ,37.46,-75.833
2006, , ,"Upper Phillips Creek  InundExp2, Site 3, Hum./Hollow",UPE3,UPM,InundExp2,3,1,2,8,(C)Control Plot,b,Unidentified, ,0,69.25,0,69.25, ,37.46,-75.833
2006, , ,"Upper Phillips Creek  InundExp2, Site 3, Hum./Hollow",UPE3,UPM,InundExp2,3,1,2,8,(C)Control Plot,c,Distichlis spicata,40662,65.42,72.42,0,137.84, ,37.46,-75.833
2006, , ,"Upper Phillips Creek  InundExp2, Site 3, Hum./Hollow",UPE3,UPM,InundExp2,3,1,2,8,(C)Control Plot,c,Spartina patens,41271,11.32,21.72,0,33.04, ,37.46,-75.833
2006, , ,"Upper Phillips Creek  InundExp2, Site 3, Hum./Hollow",UPE3,UPM,InundExp2,3,1,2,8,(C)Control Plot,c,Unidentified, ,0,38.6,0,38.6, ,37.46,-75.833
2006, , ,"Upper Phillips Creek  InundExp2, Site 4, Intact Turf",UPE4,UPM,InundExp2,4,1,1,6,(B)Border Control,a,Distichlis spicata,40662,11.44,43.54,0,54.98, ,37.46,-75.833
2006, , ,"Upper Phillips Creek  InundExp2, Site 4, Intact Turf",UPE4,UPM,InundExp2,4,1,1,6,(B)Border Control,a,Spartina patens,41271,7.49,14.68,0,22.17, ,37.46,-75.833
2006, , ,"Upper Phillips Creek  InundExp2, Site 4, Intact Turf",UPE4,UPM,InundExp2,4,1,1,6,(B)Border Control,b,Distichlis spicata,40662,3.37,11.9,0,15.27, ,37.46,-75.833
2006, , ,"Upper Phillips Creek  InundExp2, Site 4, Intact Turf",UPE4,UPM,InundExp2,4,1,1,6,(B)Border Control,b,Spartina patens,41271,8.8,20.03,0,28.83, ,37.46,-75.833
2006, , ,"Upper Phillips Creek  InundExp2, Site 4, Intact Turf",UPE4,UPM,InundExp2,4,1,1,6,(B)Border Control,b,Unidentified, ,0,15.92,0,15.92, ,37.46,-75.833
2006, , ,"Upper Phillips Creek  InundExp2, Site 4, Intact Turf",UPE4,UPM,InundExp2,4,1,1,6,(B)Border Control,c,Distichlis spicata,40662,23.11,19.51,0,42.62, ,37.46,-75.833
2006, , ,"Upper Phillips Creek  InundExp2, Site 4, Intact Turf",UPE4,UPM,InundExp2,4,1,1,6,(B)Border Control,c,Spartina patens,41271,13.33,5.4,0,18.73, ,37.46,-75.833
2006, , ,"Upper Phillips Creek  InundExp2, Site 4, Intact Turf",UPE4,UPM,InundExp2,4,1,1,6,(B)Border Control,c,Unidentified, ,0,11.84,0,11.84, ,37.46,-75.833
2006, , ,"Upper Phillips Creek  InundExp2, Site 4, Intact Turf",UPE4,UPM,InundExp2,4,1,1,7,(P)Pumped Plot,a,Distichlis spicata,40662,19.99,45.25,0,65.24, ,37.46,-75.833
2006, , ,"Upper Phillips Creek  InundExp2, Site 4, Intact Turf",UPE4,UPM,InundExp2,4,1,1,7,(P)Pumped Plot,a,Spartina patens,41271,5.7,7.43,0,13.13, ,37.46,-75.833
2006, , ,"Upper Phillips Creek  InundExp2, Site 4, Intact Turf",UPE4,UPM,InundExp2,4,1,1,7,(P)Pumped Plot,b,Distichlis spicata,40662,3.26,33.17,0,36.43, ,37.46,-75.833
2006, , ,"Upper Phillips Creek  InundExp2, Site 4, Intact Turf",UPE4,UPM,InundExp2,4,1,1,7,(P)Pumped Plot,b,Spartina patens,41271,1.51,9.07,0,10.58, ,37.46,-75.833
2006, , ,"Upper Phillips Creek  InundExp2, Site 4, Intact Turf",UPE4,UPM,InundExp2,4,1,1,7,(P)Pumped Plot,c,Distichlis spicata,40662,8.92,25.35,0,34.27, ,37.46,-75.833
2006, , ,"Upper Phillips Creek  InundExp2, Site 4, Intact Turf",UPE4,UPM,InundExp2,4,1,1,7,(P)Pumped Plot,c,Spartina patens,41271,8.83,11.57,0,20.4, ,37.46,-75.833
2006, , ,"Upper Phillips Creek  InundExp2, Site 4, Intact Turf",UPE4,UPM,InundExp2,4,1,1,7,(P)Pumped Plot,c,Unidentified, ,0,16.25,0,16.25, ,37.46,-75.833
2006, , ,"Upper Phillips Creek  InundExp2, Site 4, Intact Turf",UPE4,UPM,InundExp2,4,1,1,8,(C)Control Plot,a,Distichlis spicata,40662,7.61,41.56,0,49.17, ,37.46,-75.833
2006, , ,"Upper Phillips Creek  InundExp2, Site 4, Intact Turf",UPE4,UPM,InundExp2,4,1,1,8,(C)Control Plot,a,Spartina patens,41271,.79,3.05,0,3.84, ,37.46,-75.833
2006, , ,"Upper Phillips Creek  InundExp2, Site 4, Intact Turf",UPE4,UPM,InundExp2,4,1,1,8,(C)Control Plot,b,Distichlis spicata,40662,23,47.02,0,70.02, ,37.46,-75.833
2006, , ,"Upper Phillips Creek  InundExp2, Site 4, Intact Turf",UPE4,UPM,InundExp2,4,1,1,8,(C)Control Plot,b,Spartina patens,41271,20.06,12,0,32.06, ,37.46,-75.833
2006, , ,"Upper Phillips Creek  InundExp2, Site 4, Intact Turf",UPE4,UPM,InundExp2,4,1,1,8,(C)Control Plot,c,Distichlis spicata,40662,8.96,13.35,0,22.31, ,37.46,-75.833
2006, , ,"Upper Phillips Creek  InundExp2, Site 4, Intact Turf",UPE4,UPM,InundExp2,4,1,1,8,(C)Control Plot,c,Spartina patens,41271,.06,.02,0,.08, ,37.46,-75.833
2006, , ,"Upper Phillips Creek  InundExp2, Site 4, Intact Turf",UPE4,UPM,InundExp2,4,1,2,6,(B)Border Control,a,Distichlis spicata,40662,19.77,41.8,0,61.57, ,37.46,-75.833
2006, , ,"Upper Phillips Creek  InundExp2, Site 4, Intact Turf",UPE4,UPM,InundExp2,4,1,2,6,(B)Border Control,a,Spartina patens,41271,5.96,5.73,0,11.69, ,37.46,-75.833
2006, , ,"Upper Phillips Creek  InundExp2, Site 4, Intact Turf",UPE4,UPM,InundExp2,4,1,2,6,(B)Border Control,a,Unidentified, ,0,20.16,0,20.16, ,37.46,-75.833
2006, , ,"Upper Phillips Creek  InundExp2, Site 4, Intact Turf",UPE4,UPM,InundExp2,4,1,2,6,(B)Border Control,b,Distichlis spicata,40662,29.7,25.74,0,55.44, ,37.46,-75.833
2006, , ,"Upper Phillips Creek  InundExp2, Site 4, Intact Turf",UPE4,UPM,InundExp2,4,1,2,6,(B)Border Control,b,Spartina patens,41271,12.48,5.63,0,18.11, ,37.46,-75.833
2006, , ,"Upper Phillips Creek  InundExp2, Site 4, Intact Turf",UPE4,UPM,InundExp2,4,1,2,6,(B)Border Control,b,Unidentified, ,0,42.01,0,42.01, ,37.46,-75.833
2006, , ,"Upper Phillips Creek  InundExp2, Site 4, Intact Turf",UPE4,UPM,InundExp2,4,1,2,6,(B)Border Control,c,Distichlis spicata,40662,18.9,23.88,0,42.78, ,37.46,-75.833
2006, , ,"Upper Phillips Creek  InundExp2, Site 4, Intact Turf",UPE4,UPM,InundExp2,4,1,2,6,(B)Border Control,c,Spartina patens,41271,9.54,33.71,0,43.25, ,37.46,-75.833
2006, , ,"Upper Phillips Creek  InundExp2, Site 4, Intact Turf",UPE4,UPM,InundExp2,4,1,2,6,(B)Border Control,c,Unidentified, ,0,28.06,0,28.06, ,37.46,-75.833
2006, , ,"Upper Phillips Creek  InundExp2, Site 4, Intact Turf",UPE4,UPM,InundExp2,4,1,2,7,(P)Pumped Plot,a,Distichlis spicata,40662,12.1,15.16,0,27.26, ,37.46,-75.833
2006, , ,"Upper Phillips Creek  InundExp2, Site 4, Intact Turf",UPE4,UPM,InundExp2,4,1,2,7,(P)Pumped Plot,a,Spartina patens,41271,16.22,5.85,0,22.07, ,37.46,-75.833
2006, , ,"Upper Phillips Creek  InundExp2, Site 4, Intact Turf",UPE4,UPM,InundExp2,4,1,2,7,(P)Pumped Plot,a,Unidentified, ,0,28.22,0,28.22, ,37.46,-75.833
2006, , ,"Upper Phillips Creek  InundExp2, Site 4, Intact Turf",UPE4,UPM,InundExp2,4,1,2,7,(P)Pumped Plot,b,Distichlis spicata,40662,25,46.78,0,71.78, ,37.46,-75.833
2006, , ,"Upper Phillips Creek  InundExp2, Site 4, Intact Turf",UPE4,UPM,InundExp2,4,1,2,7,(P)Pumped Plot,b,Spartina patens,41271,4.55,1.73,0,6.28, ,37.46,-75.833
2006, , ,"Upper Phillips Creek  InundExp2, Site 4, Intact Turf",UPE4,UPM,InundExp2,4,1,2,7,(P)Pumped Plot,b,Unidentified, ,0,14.19,0,14.19, ,37.46,-75.833
2006, , ,"Upper Phillips Creek  InundExp2, Site 4, Intact Turf",UPE4,UPM,InundExp2,4,1,2,7,(P)Pumped Plot,c,Distichlis spicata,40662,30.04,45.85,0,75.89, ,37.46,-75.833
2006, , ,"Upper Phillips Creek  InundExp2, Site 4, Intact Turf",UPE4,UPM,InundExp2,4,1,2,7,(P)Pumped Plot,c,Spartina patens,41271,10.22,4.7,0,14.92, ,37.46,-75.833
2006, , ,"Upper Phillips Creek  InundExp2, Site 4, Intact Turf",UPE4,UPM,InundExp2,4,1,2,7,(P)Pumped Plot,c,Unidentified, ,0,25.15,0,25.15, ,37.46,-75.833
2006, , ,"Upper Phillips Creek  InundExp2, Site 4, Intact Turf",UPE4,UPM,InundExp2,4,1,2,8,(C)Control Plot,a,Distichlis spicata,40662,26.63,60.34,0,86.97, ,37.46,-75.833
2006, , ,"Upper Phillips Creek  InundExp2, Site 4, Intact Turf",UPE4,UPM,InundExp2,4,1,2,8,(C)Control Plot,a,Spartina patens,41271,10,58.15,0,68.15, ,37.46,-75.833
2006, , ,"Upper Phillips Creek  InundExp2, Site 4, Intact Turf",UPE4,UPM,InundExp2,4,1,2,8,(C)Control Plot,a,Unidentified, ,0,45.94,0,45.94, ,37.46,-75.833
2006, , ,"Upper Phillips Creek  InundExp2, Site 4, Intact Turf",UPE4,UPM,InundExp2,4,1,2,8,(C)Control Plot,b,Distichlis spicata,40662,33.27,48.48,0,81.75, ,37.46,-75.833
2006, , ,"Upper Phillips Creek  InundExp2, Site 4, Intact Turf",UPE4,UPM,InundExp2,4,1,2,8,(C)Control Plot,b,Spartina patens,41271,12.17,25.03,0,37.2, ,37.46,-75.833
2006, , ,"Upper Phillips Creek  InundExp2, Site 4, Intact Turf",UPE4,UPM,InundExp2,4,1,2,8,(C)Control Plot,b,Unidentified, ,0,20.33,0,20.33, ,37.46,-75.833
2006, , ,"Upper Phillips Creek  InundExp2, Site 4, Intact Turf",UPE4,UPM,InundExp2,4,1,2,8,(C)Control Plot,c,Distichlis spicata,40662,28.72,56.41,0,85.13, ,37.46,-75.833
2006, , ,"Upper Phillips Creek  InundExp2, Site 4, Intact Turf",UPE4,UPM,InundExp2,4,1,2,8,(C)Control Plot,c,Spartina patens,41271,7.98,11.04,0,19.02, ,37.46,-75.833
2006, , ,"Upper Phillips Creek  InundExp2, Site 5, Hum./Hollow",UPE5,UPM,InundExp2,5,1,1,6,(B)Border Control,a,Distichlis spicata,40662,12.47,10.25,0,22.72, ,37.46,-75.833
2006, , ,"Upper Phillips Creek  InundExp2, Site 5, Hum./Hollow",UPE5,UPM,InundExp2,5,1,1,6,(B)Border Control,a,Spartina patens,41271,.76,.85,0,1.61, ,37.46,-75.833
2006, , ,"Upper Phillips Creek  InundExp2, Site 5, Hum./Hollow",UPE5,UPM,InundExp2,5,1,1,6,(B)Border Control,a,Unidentified, ,0,14.12,0,14.12, ,37.46,-75.833
2006, , ,"Upper Phillips Creek  InundExp2, Site 5, Hum./Hollow",UPE5,UPM,InundExp2,5,1,1,6,(B)Border Control,b,Distichlis spicata,40662,14.45,33.96,0,48.41, ,37.46,-75.833
2006, , ,"Upper Phillips Creek  InundExp2, Site 5, Hum./Hollow",UPE5,UPM,InundExp2,5,1,1,6,(B)Border Control,b,Spartina patens,41271,2.19,2.05,0,4.24, ,37.46,-75.833
2006, , ,"Upper Phillips Creek  InundExp2, Site 5, Hum./Hollow",UPE5,UPM,InundExp2,5,1,1,6,(B)Border Control,b,Unidentified, ,0,38.91,0,38.91, ,37.46,-75.833
2006, , ,"Upper Phillips Creek  InundExp2, Site 5, Hum./Hollow",UPE5,UPM,InundExp2,5,1,1,6,(B)Border Control,c,Distichlis spicata,40662,12.8,22.98,0,35.78, ,37.46,-75.833
2006, , ,"Upper Phillips Creek  InundExp2, Site 5, Hum./Hollow",UPE5,UPM,InundExp2,5,1,1,6,(B)Border Control,c,Spartina patens,41271,2.21,1.12,0,3.33, ,37.46,-75.833
2006, , ,"Upper Phillips Creek  InundExp2, Site 5, Hum./Hollow",UPE5,UPM,InundExp2,5,1,1,6,(B)Border Control,c,Unidentified, ,0,24.87,0,24.87, ,37.46,-75.833
2006, , ,"Upper Phillips Creek  InundExp2, Site 5, Hum./Hollow",UPE5,UPM,InundExp2,5,1,1,7,(P)Pumped Plot,a,Distichlis spicata,40662,27.8,23.96,0,51.76, ,37.46,-75.833
2006, , ,"Upper Phillips Creek  InundExp2, Site 5, Hum./Hollow",UPE5,UPM,InundExp2,5,1,1,7,(P)Pumped Plot,a,Spartina patens,41271,1.31,.51,0,1.82, ,37.46,-75.833
2006, , ,"Upper Phillips Creek  InundExp2, Site 5, Hum./Hollow",UPE5,UPM,InundExp2,5,1,1,7,(P)Pumped Plot,a,Unidentified, ,0,7.24,0,7.24, ,37.46,-75.833
2006, , ,"Upper Phillips Creek  InundExp2, Site 5, Hum./Hollow",UPE5,UPM,InundExp2,5,1,1,7,(P)Pumped Plot,b,Distichlis spicata,40662,17.02,19.21,0,36.23, ,37.46,-75.833
2006, , ,"Upper Phillips Creek  InundExp2, Site 5, Hum./Hollow",UPE5,UPM,InundExp2,5,1,1,7,(P)Pumped Plot,b,Spartina patens,41271,.01,.13,0,.14, ,37.46,-75.833
2006, , ,"Upper Phillips Creek  InundExp2, Site 5, Hum./Hollow",UPE5,UPM,InundExp2,5,1,1,7,(P)Pumped Plot,b,Unidentified, ,0,5.09,0,5.09, ,37.46,-75.833
2006, , ,"Upper Phillips Creek  InundExp2, Site 5, Hum./Hollow",UPE5,UPM,InundExp2,5,1,1,7,(P)Pumped Plot,c,Distichlis spicata,40662,3.13,19.74,0,22.87, ,37.46,-75.833
2006, , ,"Upper Phillips Creek  InundExp2, Site 5, Hum./Hollow",UPE5,UPM,InundExp2,5,1,1,7,(P)Pumped Plot,c,Unidentified, ,0,4.6,0,4.6, ,37.46,-75.833
2006, , ,"Upper Phillips Creek  InundExp2, Site 5, Hum./Hollow",UPE5,UPM,InundExp2,5,1,1,8,(C)Control Plot,a,Distichlis spicata,40662,7.92,25.03,0,32.95, ,37.46,-75.833
2006, , ,"Upper Phillips Creek  InundExp2, Site 5, Hum./Hollow",UPE5,UPM,InundExp2,5,1,1,8,(C)Control Plot,a,Unidentified, ,0,24.02,0,24.02, ,37.46,-75.833
2006, , ,"Upper Phillips Creek  InundExp2, Site 5, Hum./Hollow",UPE5,UPM,InundExp2,5,1,1,8,(C)Control Plot,b,Distichlis spicata,40662,9.39,14.83,0,24.22, ,37.46,-75.833
2006, , ,"Upper Phillips Creek  InundExp2, Site 5, Hum./Hollow",UPE5,UPM,InundExp2,5,1,1,8,(C)Control Plot,b,Spartina patens,41271,10.13,7.94,0,18.07, ,37.46,-75.833
2006, , ,"Upper Phillips Creek  InundExp2, Site 5, Hum./Hollow",UPE5,UPM,InundExp2,5,1,1,8,(C)Control Plot,b,Unidentified, ,0,29.3,0,29.3, ,37.46,-75.833
2006, , ,"Upper Phillips Creek  InundExp2, Site 5, Hum./Hollow",UPE5,UPM,InundExp2,5,1,1,8,(C)Control Plot,c,Distichlis spicata,40662,18.92,20.53,0,39.45, ,37.46,-75.833
2006, , ,"Upper Phillips Creek  InundExp2, Site 5, Hum./Hollow",UPE5,UPM,InundExp2,5,1,1,8,(C)Control Plot,c,Spartina patens,41271,2.77,1.45,0,4.22, ,37.46,-75.833
2006, , ,"Upper Phillips Creek  InundExp2, Site 5, Hum./Hollow",UPE5,UPM,InundExp2,5,1,1,8,(C)Control Plot,c,Unidentified, ,0,42.64,0,42.64, ,37.46,-75.833
2006, , ,"Upper Phillips Creek  InundExp2, Site 5, Hum./Hollow",UPE5,UPM,InundExp2,5,1,2,6,(B)Border Control,a,Distichlis spicata,40662,6.94,7.64,0,14.58, ,37.46,-75.833
2006, , ,"Upper Phillips Creek  InundExp2, Site 5, Hum./Hollow",UPE5,UPM,InundExp2,5,1,2,6,(B)Border Control,a,Spartina patens,41271,2.31,1.45,0,3.76, ,37.46,-75.833
2006, , ,"Upper Phillips Creek  InundExp2, Site 5, Hum./Hollow",UPE5,UPM,InundExp2,5,1,2,6,(B)Border Control,a,Unidentified, ,0,31.01,0,31.01, ,37.46,-75.833
2006, , ,"Upper Phillips Creek  InundExp2, Site 5, Hum./Hollow",UPE5,UPM,InundExp2,5,1,2,6,(B)Border Control,b,Distichlis spicata,40662,2.34,19.82,0,22.16, ,37.46,-75.833
2006, , ,"Upper Phillips Creek  InundExp2, Site 5, Hum./Hollow",UPE5,UPM,InundExp2,5,1,2,6,(B)Border Control,b,Spartina patens,41271,.08,2.03,0,2.11, ,37.46,-75.833
2006, , ,"Upper Phillips Creek  InundExp2, Site 5, Hum./Hollow",UPE5,UPM,InundExp2,5,1,2,6,(B)Border Control,b,Unidentified, ,0,27.36,0,27.36, ,37.46,-75.833
2006, , ,"Upper Phillips Creek  InundExp2, Site 5, Hum./Hollow",UPE5,UPM,InundExp2,5,1,2,6,(B)Border Control,c,Distichlis spicata,40662,5.55,16.9,0,22.45, ,37.46,-75.833
2006, , ,"Upper Phillips Creek  InundExp2, Site 5, Hum./Hollow",UPE5,UPM,InundExp2,5,1,2,6,(B)Border Control,c,Spartina patens,41271,6.77,21.01,0,27.78, ,37.46,-75.833
2006, , ,"Upper Phillips Creek  InundExp2, Site 5, Hum./Hollow",UPE5,UPM,InundExp2,5,1,2,6,(B)Border Control,c,Unidentified, ,0,62.37,0,62.37, ,37.46,-75.833
2006, , ,"Upper Phillips Creek  InundExp2, Site 5, Hum./Hollow",UPE5,UPM,InundExp2,5,1,2,7,(P)Pumped Plot,a,Distichlis spicata,40662,5.33,20.81,0,26.14, ,37.46,-75.833
2006, , ,"Upper Phillips Creek  InundExp2, Site 5, Hum./Hollow",UPE5,UPM,InundExp2,5,1,2,7,(P)Pumped Plot,a,Spartina patens,41271,3.33,10.07,0,13.4, ,37.46,-75.833
2006, , ,"Upper Phillips Creek  InundExp2, Site 5, Hum./Hollow",UPE5,UPM,InundExp2,5,1,2,7,(P)Pumped Plot,a,Unidentified, ,0,31.35,0,31.35, ,37.46,-75.833
2006, , ,"Upper Phillips Creek  InundExp2, Site 5, Hum./Hollow",UPE5,UPM,InundExp2,5,1,2,7,(P)Pumped Plot,b,Distichlis spicata,40662,4.64,30.26,0,34.9, ,37.46,-75.833
2006, , ,"Upper Phillips Creek  InundExp2, Site 5, Hum./Hollow",UPE5,UPM,InundExp2,5,1,2,7,(P)Pumped Plot,b,Spartina patens,41271,.1,1.22,0,1.32, ,37.46,-75.833
2006, , ,"Upper Phillips Creek  InundExp2, Site 5, Hum./Hollow",UPE5,UPM,InundExp2,5,1,2,7,(P)Pumped Plot,b,Unidentified, ,0,19.65,0,19.65, ,37.46,-75.833
2006, , ,"Upper Phillips Creek  InundExp2, Site 5, Hum./Hollow",UPE5,UPM,InundExp2,5,1,2,7,(P)Pumped Plot,c,Distichlis spicata,40662,.6,4.18,0,4.78, ,37.46,-75.833
2006, , ,"Upper Phillips Creek  InundExp2, Site 5, Hum./Hollow",UPE5,UPM,InundExp2,5,1,2,7,(P)Pumped Plot,c,Spartina patens,41271,.72,10.28,0,11, ,37.46,-75.833
2006, , ,"Upper Phillips Creek  InundExp2, Site 5, Hum./Hollow",UPE5,UPM,InundExp2,5,1,2,7,(P)Pumped Plot,c,Unidentified, ,0,7.31,0,7.31, ,37.46,-75.833
2006, , ,"Upper Phillips Creek  InundExp2, Site 5, Hum./Hollow",UPE5,UPM,InundExp2,5,1,2,8,(C)Control Plot,a,Distichlis spicata,40662,5.87,28.45,0,34.32, ,37.46,-75.833
2006, , ,"Upper Phillips Creek  InundExp2, Site 5, Hum./Hollow",UPE5,UPM,InundExp2,5,1,2,8,(C)Control Plot,a,Spartina patens,41271,0,.14,0,.14, ,37.46,-75.833
2006, , ,"Upper Phillips Creek  InundExp2, Site 5, Hum./Hollow",UPE5,UPM,InundExp2,5,1,2,8,(C)Control Plot,a,Unidentified, ,0,10.49,0,10.49, ,37.46,-75.833
2006, , ,"Upper Phillips Creek  InundExp2, Site 5, Hum./Hollow",UPE5,UPM,InundExp2,5,1,2,8,(C)Control Plot,b,Distichlis spicata,40662,10.83,25.41,0,36.24, ,37.46,-75.833
2006, , ,"Upper Phillips Creek  InundExp2, Site 5, Hum./Hollow",UPE5,UPM,InundExp2,5,1,2,8,(C)Control Plot,b,Spartina patens,41271,3.9,6.89,0,10.79, ,37.46,-75.833
2006, , ,"Upper Phillips Creek  InundExp2, Site 5, Hum./Hollow",UPE5,UPM,InundExp2,5,1,2,8,(C)Control Plot,b,Unidentified, ,0,11.3,0,11.3, ,37.46,-75.833
2006, , ,"Upper Phillips Creek  InundExp2, Site 5, Hum./Hollow",UPE5,UPM,InundExp2,5,1,2,8,(C)Control Plot,c,Distichlis spicata,40662,16.3,25.71,0,42.01, ,37.46,-75.833
2006, , ,"Upper Phillips Creek  InundExp2, Site 5, Hum./Hollow",UPE5,UPM,InundExp2,5,1,2,8,(C)Control Plot,c,Spartina patens,41271,6.69,4.81,0,11.5, ,37.46,-75.833
2006, , ,"Upper Phillips Creek  InundExp2, Site 5, Hum./Hollow",UPE5,UPM,InundExp2,5,1,2,8,(C)Control Plot,c,Unidentified, ,0,16.3,0,16.3, ,37.46,-75.833
2006, , ,"Upper Phillips Creek InundExp2, Site 1, Creekbank",UPE1,UPM,InundExp2,1,1,1,8,(C)Control Plot,a,Aster tenuifolius,35517,9.8,1.75,0,11.55, ,37.46,-75.833
2006, , ,"Upper Phillips Creek InundExp2, Site 1, Creekbank",UPE1,UPM,InundExp2,1,1,1,8,(C)Control Plot,a,Unidentified, ,0,1.44,0,1.44, ,37.46,-75.833
2006, , ,"Upper Phillips Creek InundExp2, Site 1, Creekbank",UPE1,UPM,InundExp2,1,1,1,8,(C)Control Plot,b,Aster tenuifolius,35517,9.12,0,0,9.12, ,37.46,-75.833
2006, , ,"Upper Phillips Creek InundExp2, Site 1, Creekbank",UPE1,UPM,InundExp2,1,1,1,8,(C)Control Plot,b,Distichlis spicata,40662,6.29,1.13,0,7.42, ,37.46,-75.833
2006, , ,"Upper Phillips Creek InundExp2, Site 1, Creekbank",UPE1,UPM,InundExp2,1,1,1,8,(C)Control Plot,c,Aster tenuifolius,35517,10.67,0,0,10.67, ,37.46,-75.833
2006, , ,"Upper Phillips Creek InundExp2, Site 1, Creekbank",UPE1,UPM,InundExp2,1,1,1,8,(C)Control Plot,c,Distichlis spicata,40662,.47,.83,0,1.3, ,37.46,-75.833
2006, , ,"Upper Phillips Creek InundExp2, Site 1, Creekbank",UPE1,UPM,InundExp2,1,1,1,8,(C)Control Plot,c,Spartina patens,41271,.24,0,0,.24, ,37.46,-75.833
2006, , ,"Upper Phillips Creek InundExp2, Site 1, Creekbank",UPE1,UPM,InundExp2,1,1,1,8,(C)Control Plot,c,Unidentified, ,0,.96,0,.96, ,37.46,-75.833
2006, , ,"Upper Phillips Creek InundExp2, Site 1, Creekbank",UPE1,UPM,InundExp2,1,1,2,8,(C)Control Plot,a,Distichlis spicata,40662,70.18,36.99,0,107.17, ,37.46,-75.833
2006, , ,"Upper Phillips Creek InundExp2, Site 1, Creekbank",UPE1,UPM,InundExp2,1,1,2,8,(C)Control Plot,a,Spartina patens,41271,8.87,3.43,0,12.3, ,37.46,-75.833
2006, , ,"Upper Phillips Creek InundExp2, Site 1, Creekbank",UPE1,UPM,InundExp2,1,1,2,8,(C)Control Plot,a,Unidentified, ,0,19.26,0,19.26, ,37.46,-75.833
2006, , ,"Upper Phillips Creek InundExp2, Site 1, Creekbank",UPE1,UPM,InundExp2,1,1,2,8,(C)Control Plot,b,Distichlis spicata,40662,64.45,23.82,0,88.27, ,37.46,-75.833
2006, , ,"Upper Phillips Creek InundExp2, Site 1, Creekbank",UPE1,UPM,InundExp2,1,1,2,8,(C)Control Plot,b,Spartina patens,41271,5.46,14.79,0,20.25, ,37.46,-75.833
2006, , ,"Upper Phillips Creek InundExp2, Site 1, Creekbank",UPE1,UPM,InundExp2,1,1,2,8,(C)Control Plot,b,Unidentified, ,0,26.56,0,26.56, ,37.46,-75.833
2006, , ,"Upper Phillips Creek InundExp2, Site 1, Creekbank",UPE1,UPM,InundExp2,1,1,2,8,(C)Control Plot,c,Distichlis spicata,40662,102.7,68.65,0,171.35, ,37.46,-75.833
2006, , ,"Upper Phillips Creek InundExp2, Site 1, Creekbank",UPE1,UPM,InundExp2,1,1,2,8,(C)Control Plot,c,Spartina patens,41271,12.41,23.51,0,35.92, ,37.46,-75.833
2006, , ,"Upper Phillips Creek InundExp2, Site 1, Creekbank",UPE1,UPM,InundExp2,1,1,2,8,(C)Control Plot,c,Unidentified, ,0,44.34,0,44.34, ,37.46,-75.833
2007,8/15/2007,2/14/2008,"Upper Phillips Creek  InundExp2, Site 2, Intact Turf",UPE2,UPM,InundExp2,2,1,1,6,(B)Border Control,a,Distichlis spicata,40662,6.84,5.3,0,12.14,0,37.46,-75.833
2007,8/15/2007,2/14/2008,"Upper Phillips Creek  InundExp2, Site 2, Intact Turf",UPE2,UPM,InundExp2,2,1,1,6,(B)Border Control,a,Spartina patens,41271,31.68,14.67,0,46.35,0,37.46,-75.833
2007,8/15/2007,2/14/2008,"Upper Phillips Creek  InundExp2, Site 2, Intact Turf",UPE2,UPM,InundExp2,2,1,1,6,(B)Border Control,a,Unidentified, ,0,33.3,0,33.3,0,37.46,-75.833
2007,8/15/2007,2/14/2008,"Upper Phillips Creek  InundExp2, Site 2, Intact Turf",UPE2,UPM,InundExp2,2,1,1,6,(B)Border Control,b,Distichlis spicata,40662,3.72,1.04,0,4.76,0,37.46,-75.833
2007,8/15/2007,2/14/2008,"Upper Phillips Creek  InundExp2, Site 2, Intact Turf",UPE2,UPM,InundExp2,2,1,1,6,(B)Border Control,b,Spartina patens,41271,24.85,19.38,0,44.23,0,37.46,-75.833
2007,8/15/2007,2/14/2008,"Upper Phillips Creek  InundExp2, Site 2, Intact Turf",UPE2,UPM,InundExp2,2,1,1,6,(B)Border Control,b,Unidentified, ,0,32.28,0,32.28,0,37.46,-75.833
2007,8/15/2007,2/14/2008,"Upper Phillips Creek  InundExp2, Site 2, Intact Turf",UPE2,UPM,InundExp2,2,1,1,6,(B)Border Control,c,Distichlis spicata,40662,4.53,11.71,0,16.24,0,37.46,-75.833
2007,8/15/2007,2/14/2008,"Upper Phillips Creek  InundExp2, Site 2, Intact Turf",UPE2,UPM,InundExp2,2,1,1,6,(B)Border Control,c,Spartina patens,41271,18.52,29.41,0,47.93,0,37.46,-75.833
2007,8/15/2007,2/14/2008,"Upper Phillips Creek  InundExp2, Site 2, Intact Turf",UPE2,UPM,InundExp2,2,1,1,6,(B)Border Control,c,Unidentified, ,0,47.96,0,47.96,0,37.46,-75.833
2007,8/15/2007,2/13/2008,"Upper Phillips Creek  InundExp2, Site 2, Intact Turf",UPE2,UPM,InundExp2,2,1,1,7,(P)Pumped Plot,a,Distichlis spicata,40662,11.76,6.28,0,18.04,0,37.46,-75.833
2007,8/15/2007,2/13/2008,"Upper Phillips Creek  InundExp2, Site 2, Intact Turf",UPE2,UPM,InundExp2,2,1,1,7,(P)Pumped Plot,a,Spartina patens,41271,30.85,25.01,0,55.86,0,37.46,-75.833
2007,8/15/2007,2/13/2008,"Upper Phillips Creek  InundExp2, Site 2, Intact Turf",UPE2,UPM,InundExp2,2,1,1,7,(P)Pumped Plot,a,Unidentified, ,0,31.78,0,31.78,0,37.46,-75.833
2007,8/15/2007,2/13/2008,"Upper Phillips Creek  InundExp2, Site 2, Intact Turf",UPE2,UPM,InundExp2,2,1,1,7,(P)Pumped Plot,b,Distichlis spicata,40662,5.6,10.26,0,15.86,0,37.46,-75.833
2007,8/15/2007,2/13/2008,"Upper Phillips Creek  InundExp2, Site 2, Intact Turf",UPE2,UPM,InundExp2,2,1,1,7,(P)Pumped Plot,b,Spartina patens,41271,29.61,26.82,0,56.43,0,37.46,-75.833
2007,8/15/2007,2/13/2008,"Upper Phillips Creek  InundExp2, Site 2, Intact Turf",UPE2,UPM,InundExp2,2,1,1,7,(P)Pumped Plot,b,Unidentified, ,0,25.34,0,25.34,0,37.46,-75.833
2007,8/15/2007,2/13/2008,"Upper Phillips Creek  InundExp2, Site 2, Intact Turf",UPE2,UPM,InundExp2,2,1,1,7,(P)Pumped Plot,c,Distichlis spicata,40662,15.09,7.02,0,14.81,0,37.46,-75.833
2007,8/15/2007,2/13/2008,"Upper Phillips Creek  InundExp2, Site 2, Intact Turf",UPE2,UPM,InundExp2,2,1,1,7,(P)Pumped Plot,c,Spartina patens,41271,12.96,12.53,0,25.49,0,37.46,-75.833
2007,8/15/2007,2/13/2008,"Upper Phillips Creek  InundExp2, Site 2, Intact Turf",UPE2,UPM,InundExp2,2,1,1,7,(P)Pumped Plot,c,Unidentified, ,0,35.81,0,35.81,0,37.46,-75.833
2007,8/15/2007,2/14/2008,"Upper Phillips Creek  InundExp2, Site 2, Intact Turf",UPE2,UPM,InundExp2,2,1,1,8,(C)Control Plot,a,Distichlis spicata,40662,13.42,11.29,0,24.71,0,37.46,-75.833
2007,8/15/2007,2/14/2008,"Upper Phillips Creek  InundExp2, Site 2, Intact Turf",UPE2,UPM,InundExp2,2,1,1,8,(C)Control Plot,a,Spartina alterniflora,41267,0,1.58,0,1.58,0,37.46,-75.833
2007,8/15/2007,2/14/2008,"Upper Phillips Creek  InundExp2, Site 2, Intact Turf",UPE2,UPM,InundExp2,2,1,1,8,(C)Control Plot,a,Spartina patens,41271,37.11,9.48,0,46.59,0,37.46,-75.833
2007,8/15/2007,2/14/2008,"Upper Phillips Creek  InundExp2, Site 2, Intact Turf",UPE2,UPM,InundExp2,2,1,1,8,(C)Control Plot,a,Unidentified, ,0,42.05,0,42.05,0,37.46,-75.833
2007,8/15/2007,2/14/2008,"Upper Phillips Creek  InundExp2, Site 2, Intact Turf",UPE2,UPM,InundExp2,2,1,1,8,(C)Control Plot,b,Distichlis spicata,40662,8.01,10.48,0,18.49,0,37.46,-75.833
2007,8/15/2007,2/14/2008,"Upper Phillips Creek  InundExp2, Site 2, Intact Turf",UPE2,UPM,InundExp2,2,1,1,8,(C)Control Plot,b,Spartina alterniflora,41267,0,.07,0,.07,0,37.46,-75.833
2007,8/15/2007,2/14/2008,"Upper Phillips Creek  InundExp2, Site 2, Intact Turf",UPE2,UPM,InundExp2,2,1,1,8,(C)Control Plot,b,Spartina patens,41271,16.47,15.24,0,31.71,0,37.46,-75.833
2007,8/15/2007,2/14/2008,"Upper Phillips Creek  InundExp2, Site 2, Intact Turf",UPE2,UPM,InundExp2,2,1,1,8,(C)Control Plot,b,Unidentified, ,0,21.01,0,21.01,0,37.46,-75.833
2007,8/15/2007,2/14/2008,"Upper Phillips Creek  InundExp2, Site 2, Intact Turf",UPE2,UPM,InundExp2,2,1,1,8,(C)Control Plot,c,Distichlis spicata,40662,15.26,6.89,0,22.15,0,37.46,-75.833
2007,8/15/2007,2/14/2008,"Upper Phillips Creek  InundExp2, Site 2, Intact Turf",UPE2,UPM,InundExp2,2,1,1,8,(C)Control Plot,c,Spartina patens,41271,46.57,11.22,0,57.79,0,37.46,-75.833
2007,8/15/2007,2/14/2008,"Upper Phillips Creek  InundExp2, Site 2, Intact Turf",UPE2,UPM,InundExp2,2,1,1,8,(C)Control Plot,c,Unidentified, ,0,36.07,0,36.07,0,37.46,-75.833
2007,8/15/2007,2/14/2008,"Upper Phillips Creek  InundExp2, Site 2, Intact Turf",UPE2,UPM,InundExp2,2,1,2,6,(B)Border Control,a,Distichlis spicata,40662,8.66,7.88,0,16.54,0,37.46,-75.833
2007,8/15/2007,2/14/2008,"Upper Phillips Creek  InundExp2, Site 2, Intact Turf",UPE2,UPM,InundExp2,2,1,2,6,(B)Border Control,a,Spartina alterniflora,41267,0,.6,0,.6,0,37.46,-75.833
2007,8/15/2007,2/14/2008,"Upper Phillips Creek  InundExp2, Site 2, Intact Turf",UPE2,UPM,InundExp2,2,1,2,6,(B)Border Control,a,Spartina patens,41271,29.64,28.53,0,58.17,0,37.46,-75.833
2007,8/15/2007,2/14/2008,"Upper Phillips Creek  InundExp2, Site 2, Intact Turf",UPE2,UPM,InundExp2,2,1,2,6,(B)Border Control,a,Unidentified, ,0,82.18,0,82.18,0,37.46,-75.833
2007,8/15/2007,2/14/2008,"Upper Phillips Creek  InundExp2, Site 2, Intact Turf",UPE2,UPM,InundExp2,2,1,2,6,(B)Border Control,b,Distichlis spicata,40662,7.53,.81,0,8.34,0,37.46,-75.833
2007,8/15/2007,2/14/2008,"Upper Phillips Creek  InundExp2, Site 2, Intact Turf",UPE2,UPM,InundExp2,2,1,2,6,(B)Border Control,b,Spartina patens,41271,25.02,12.65,0,37.67,0,37.46,-75.833
2007,8/15/2007,2/14/2008,"Upper Phillips Creek  InundExp2, Site 2, Intact Turf",UPE2,UPM,InundExp2,2,1,2,6,(B)Border Control,b,Unidentified, ,0,47.92,0,47.92,0,37.46,-75.833
2007,8/15/2007,2/14/2008,"Upper Phillips Creek  InundExp2, Site 2, Intact Turf",UPE2,UPM,InundExp2,2,1,2,6,(B)Border Control,c,Distichlis spicata,40662,13.94,18.3,0,32.24,0,37.46,-75.833
2007,8/15/2007,2/14/2008,"Upper Phillips Creek  InundExp2, Site 2, Intact Turf",UPE2,UPM,InundExp2,2,1,2,6,(B)Border Control,c,Spartina patens,41271,23.36,22.54,0,45.9,0,37.46,-75.833
2007,8/15/2007,2/14/2008,"Upper Phillips Creek  InundExp2, Site 2, Intact Turf",UPE2,UPM,InundExp2,2,1,2,6,(B)Border Control,c,Unidentified, ,0,26.15,0,26.15,0,37.46,-75.833
2007,8/15/2007,2/13/2008,"Upper Phillips Creek  InundExp2, Site 2, Intact Turf",UPE2,UPM,InundExp2,2,1,2,7,(P)Pumped Plot,a,Distichlis spicata,40662,5.57,6.1,0,11.67,0,37.46,-75.833
2007,8/15/2007,2/13/2008,"Upper Phillips Creek  InundExp2, Site 2, Intact Turf",UPE2,UPM,InundExp2,2,1,2,7,(P)Pumped Plot,a,Spartina patens,41271,25.76,28.15,0,53.91,0,37.46,-75.833
2007,8/15/2007,2/13/2008,"Upper Phillips Creek  InundExp2, Site 2, Intact Turf",UPE2,UPM,InundExp2,2,1,2,7,(P)Pumped Plot,a,Unidentified, ,0,24.49,0,24.49,0,37.46,-75.833
2007,8/15/2007,2/13/2008,"Upper Phillips Creek  InundExp2, Site 2, Intact Turf",UPE2,UPM,InundExp2,2,1,2,7,(P)Pumped Plot,b,Distichlis spicata,40662,6.13,2.55,0,8.68,0,37.46,-75.833
2007,8/15/2007,2/13/2008,"Upper Phillips Creek  InundExp2, Site 2, Intact Turf",UPE2,UPM,InundExp2,2,1,2,7,(P)Pumped Plot,b,Spartina patens,41271,42.26,55.08,0,97.34,0,37.46,-75.833
2007,8/15/2007,2/13/2008,"Upper Phillips Creek  InundExp2, Site 2, Intact Turf",UPE2,UPM,InundExp2,2,1,2,7,(P)Pumped Plot,b,Unidentified, ,0,24.68,0,24.68,0,37.46,-75.833
2007,8/15/2007,2/13/2008,"Upper Phillips Creek  InundExp2, Site 2, Intact Turf",UPE2,UPM,InundExp2,2,1,2,7,(P)Pumped Plot,c,Distichlis spicata,40662,11.04,9.81,0,20.85,0,37.46,-75.833
2007,8/15/2007,2/13/2008,"Upper Phillips Creek  InundExp2, Site 2, Intact Turf",UPE2,UPM,InundExp2,2,1,2,7,(P)Pumped Plot,c,Spartina alterniflora,41267,0,.39,0,.39,0,37.46,-75.833
2007,8/15/2007,2/13/2008,"Upper Phillips Creek  InundExp2, Site 2, Intact Turf",UPE2,UPM,InundExp2,2,1,2,7,(P)Pumped Plot,c,Spartina patens,41271,33.86,29.64,0,63.5,0,37.46,-75.833
2007,8/15/2007,2/13/2008,"Upper Phillips Creek  InundExp2, Site 2, Intact Turf",UPE2,UPM,InundExp2,2,1,2,7,(P)Pumped Plot,c,Unidentified, ,0,22.71,0,22.71,0,37.46,-75.833
2007,8/15/2007,2/14/2008,"Upper Phillips Creek  InundExp2, Site 2, Intact Turf",UPE2,UPM,InundExp2,2,1,2,8,(C)Control Plot,a,Distichlis spicata,40662,14.12,10.15,0,24.27,0,37.46,-75.833
2007,8/15/2007,2/14/2008,"Upper Phillips Creek  InundExp2, Site 2, Intact Turf",UPE2,UPM,InundExp2,2,1,2,8,(C)Control Plot,a,Fimbristylis spadicea,40108,6.46,1.08,0,7.54,0,37.46,-75.833
2007,8/15/2007,2/14/2008,"Upper Phillips Creek  InundExp2, Site 2, Intact Turf",UPE2,UPM,InundExp2,2,1,2,8,(C)Control Plot,a,Spartina patens,41271,22.8,11.02,0,33.82,0,37.46,-75.833
2007,8/15/2007,2/14/2008,"Upper Phillips Creek  InundExp2, Site 2, Intact Turf",UPE2,UPM,InundExp2,2,1,2,8,(C)Control Plot,a,Unidentified, ,0,9.39,0,9.39,0,37.46,-75.833
2007,8/15/2007,2/14/2008,"Upper Phillips Creek  InundExp2, Site 2, Intact Turf",UPE2,UPM,InundExp2,2,1,2,8,(C)Control Plot,b,Distichlis spicata,40662,3.28,1.24,0,4.52,0,37.46,-75.833
2007,8/15/2007,2/14/2008,"Upper Phillips Creek  InundExp2, Site 2, Intact Turf",UPE2,UPM,InundExp2,2,1,2,8,(C)Control Plot,b,Fimbristylis spadicea,40108,6.4,0,0,6.4,0,37.46,-75.833
2007,8/15/2007,2/14/2008,"Upper Phillips Creek  InundExp2, Site 2, Intact Turf",UPE2,UPM,InundExp2,2,1,2,8,(C)Control Plot,b,Spartina patens,41271,18.08,16.9,0,34.98,0,37.46,-75.833
2007,8/15/2007,2/14/2008,"Upper Phillips Creek  InundExp2, Site 2, Intact Turf",UPE2,UPM,InundExp2,2,1,2,8,(C)Control Plot,b,Unidentified, ,0,34.55,0,34.55,0,37.46,-75.833
2007,8/15/2007,2/14/2008,"Upper Phillips Creek  InundExp2, Site 2, Intact Turf",UPE2,UPM,InundExp2,2,1,2,8,(C)Control Plot,c,Distichlis spicata,40662,5.92,3.76,0,9.68,0,37.46,-75.833
2007,8/15/2007,2/14/2008,"Upper Phillips Creek  InundExp2, Site 2, Intact Turf",UPE2,UPM,InundExp2,2,1,2,8,(C)Control Plot,c,Fimbristylis spadicea,40108,.08,0,0,.08,0,37.46,-75.833
2007,8/15/2007,2/14/2008,"Upper Phillips Creek  InundExp2, Site 2, Intact Turf",UPE2,UPM,InundExp2,2,1,2,8,(C)Control Plot,c,Spartina patens,41271,38.54,22.76,0,61.3,0,37.46,-75.833
2007,8/15/2007,2/14/2008,"Upper Phillips Creek  InundExp2, Site 2, Intact Turf",UPE2,UPM,InundExp2,2,1,2,8,(C)Control Plot,c,Unidentified, ,0,11.26,0,11.26,0,37.46,-75.833
2007,8/15/2007,2/15/2008,"Upper Phillips Creek  InundExp2, Site 3, Hum./Hollow",UPE3,UPM,InundExp2,3,1,1,8,(C)Control Plot,a,Distichlis spicata,40662,17.18,6.95,0,24.13,0,37.46,-75.833
2007,8/15/2007,2/15/2008,"Upper Phillips Creek  InundExp2, Site 3, Hum./Hollow",UPE3,UPM,InundExp2,3,1,1,8,(C)Control Plot,a,Spartina patens,41271,15.55,7.54,0,23.09,0,37.46,-75.833
2007,8/15/2007,2/15/2008,"Upper Phillips Creek  InundExp2, Site 3, Hum./Hollow",UPE3,UPM,InundExp2,3,1,1,8,(C)Control Plot,a,Unidentified, ,0,18.18,0,18.18,0,37.46,-75.833
2007,8/15/2007,2/15/2008,"Upper Phillips Creek  InundExp2, Site 3, Hum./Hollow",UPE3,UPM,InundExp2,3,1,1,8,(C)Control Plot,b,Distichlis spicata,40662,7.69,.84,0,8.53,0,37.46,-75.833
2007,8/15/2007,2/15/2008,"Upper Phillips Creek  InundExp2, Site 3, Hum./Hollow",UPE3,UPM,InundExp2,3,1,1,8,(C)Control Plot,b,Spartina patens,41271,11.54,4.54,0,16.08,0,37.46,-75.833
2007,8/15/2007,2/15/2008,"Upper Phillips Creek  InundExp2, Site 3, Hum./Hollow",UPE3,UPM,InundExp2,3,1,1,8,(C)Control Plot,b,Unidentified, ,0,29.47,0,29.47,0,37.46,-75.833
2007,8/15/2007,2/15/2008,"Upper Phillips Creek  InundExp2, Site 3, Hum./Hollow",UPE3,UPM,InundExp2,3,1,1,8,(C)Control Plot,c,Distichlis spicata,40662,6.36,3.28,0,9.64,0,37.46,-75.833
2007,8/15/2007,2/15/2008,"Upper Phillips Creek  InundExp2, Site 3, Hum./Hollow",UPE3,UPM,InundExp2,3,1,1,8,(C)Control Plot,c,Unidentified, ,0,41.61,0,41.61,0,37.46,-75.833
2007,8/15/2007,2/15/2008,"Upper Phillips Creek  InundExp2, Site 3, Hum./Hollow",UPE3,UPM,InundExp2,3,1,2,8,(C)Control Plot,a,Distichlis spicata,40662,19.03,6.07,0,25.1,0,37.46,-75.833
2007,8/15/2007,2/15/2008,"Upper Phillips Creek  InundExp2, Site 3, Hum./Hollow",UPE3,UPM,InundExp2,3,1,2,8,(C)Control Plot,a,Spartina patens,41271,1.02,6.72,0,7.74,0,37.46,-75.833
2007,8/15/2007,2/15/2008,"Upper Phillips Creek  InundExp2, Site 3, Hum./Hollow",UPE3,UPM,InundExp2,3,1,2,8,(C)Control Plot,a,Unidentified, ,0,13.8,0,13.8,0,37.46,-75.833
2007,8/15/2007,2/15/2008,"Upper Phillips Creek  InundExp2, Site 3, Hum./Hollow",UPE3,UPM,InundExp2,3,1,2,8,(C)Control Plot,b,Distichlis spicata,40662,16.05,3.36,0,19.41,0,37.46,-75.833
2007,8/15/2007,2/15/2008,"Upper Phillips Creek  InundExp2, Site 3, Hum./Hollow",UPE3,UPM,InundExp2,3,1,2,8,(C)Control Plot,b,Spartina patens,41271,11.37,2.5,0,13.87,0,37.46,-75.833
2007,8/15/2007,2/15/2008,"Upper Phillips Creek  InundExp2, Site 3, Hum./Hollow",UPE3,UPM,InundExp2,3,1,2,8,(C)Control Plot,b,Unidentified, ,0,47.69,0,47.69,0,37.46,-75.833
2007,8/15/2007,2/15/2008,"Upper Phillips Creek  InundExp2, Site 3, Hum./Hollow",UPE3,UPM,InundExp2,3,1,2,8,(C)Control Plot,c,Distichlis spicata,40662,19.05,24.43,0,43.48,0,37.46,-75.833
2007,8/15/2007,2/15/2008,"Upper Phillips Creek  InundExp2, Site 3, Hum./Hollow",UPE3,UPM,InundExp2,3,1,2,8,(C)Control Plot,c,Spartina patens,41271,13.17,10.63,0,23.8,0,37.46,-75.833
2007,8/15/2007,2/15/2008,"Upper Phillips Creek  InundExp2, Site 3, Hum./Hollow",UPE3,UPM,InundExp2,3,1,2,8,(C)Control Plot,c,Unidentified, ,0,59.51,0,59.51,0,37.46,-75.833
2007,8/15/2007,2/13/2008,"Upper Phillips Creek  InundExp2, Site 4, Intact Turf",UPE4,UPM,InundExp2,4,1,1,6,(B)Border Control,a,Distichlis spicata,40662,12.37,3.31,0,15.68,0,37.46,-75.833
2007,8/15/2007,2/13/2008,"Upper Phillips Creek  InundExp2, Site 4, Intact Turf",UPE4,UPM,InundExp2,4,1,1,6,(B)Border Control,a,Spartina patens,41271,20.43,15.76,0,36.19,0,37.46,-75.833
2007,8/15/2007,2/13/2008,"Upper Phillips Creek  InundExp2, Site 4, Intact Turf",UPE4,UPM,InundExp2,4,1,1,6,(B)Border Control,a,Unidentified, ,0,10.24,0,10.24,0,37.46,-75.833
2007,8/15/2007,2/13/2008,"Upper Phillips Creek  InundExp2, Site 4, Intact Turf",UPE4,UPM,InundExp2,4,1,1,6,(B)Border Control,b,Distichlis spicata,40662,16.46,8.75,0,25.21,0,37.46,-75.833
2007,8/15/2007,2/13/2008,"Upper Phillips Creek  InundExp2, Site 4, Intact Turf",UPE4,UPM,InundExp2,4,1,1,6,(B)Border Control,b,Spartina patens,41271,17,10.79,0,27.79,0,37.46,-75.833
2007,8/15/2007,2/13/2008,"Upper Phillips Creek  InundExp2, Site 4, Intact Turf",UPE4,UPM,InundExp2,4,1,1,6,(B)Border Control,b,Unidentified, ,0,14.31,0,14.31,0,37.46,-75.833
2007,8/15/2007,2/13/2008,"Upper Phillips Creek  InundExp2, Site 4, Intact Turf",UPE4,UPM,InundExp2,4,1,1,6,(B)Border Control,c,Distichlis spicata,40662,8.46,3.89,0,12.35,0,37.46,-75.833
2007,8/15/2007,2/13/2008,"Upper Phillips Creek  InundExp2, Site 4, Intact Turf",UPE4,UPM,InundExp2,4,1,1,6,(B)Border Control,c,Spartina patens,41271,15.05,4.26,0,19.31,0,37.46,-75.833
2007,8/15/2007,2/13/2008,"Upper Phillips Creek  InundExp2, Site 4, Intact Turf",UPE4,UPM,InundExp2,4,1,1,6,(B)Border Control,c,Unidentified, ,0,9.37,0,9.37,0,37.46,-75.833
2007,8/15/2007,2/13/2008,"Upper Phillips Creek  InundExp2, Site 4, Intact Turf",UPE4,UPM,InundExp2,4,1,1,7,(P)Pumped Plot,a,Distichlis spicata,40662,4.36,.34,0,4.7,0,37.46,-75.833
2007,8/15/2007,2/13/2008,"Upper Phillips Creek  InundExp2, Site 4, Intact Turf",UPE4,UPM,InundExp2,4,1,1,7,(P)Pumped Plot,a,Spartina patens,41271,28.67,11.31,0,39.98,0,37.46,-75.833
2007,8/15/2007,2/13/2008,"Upper Phillips Creek  InundExp2, Site 4, Intact Turf",UPE4,UPM,InundExp2,4,1,1,7,(P)Pumped Plot,a,Unidentified, ,0,5.55,0,5.55,0,37.46,-75.833
2007,8/15/2007,2/13/2008,"Upper Phillips Creek  InundExp2, Site 4, Intact Turf",UPE4,UPM,InundExp2,4,1,1,7,(P)Pumped Plot,b,Distichlis spicata,40662,11.02,5.18,0,16.2,0,37.46,-75.833
2007,8/15/2007,2/13/2008,"Upper Phillips Creek  InundExp2, Site 4, Intact Turf",UPE4,UPM,InundExp2,4,1,1,7,(P)Pumped Plot,b,Spartina patens,41271,18.41,15.82,0,34.23,0,37.46,-75.833
2007,8/15/2007,2/13/2008,"Upper Phillips Creek  InundExp2, Site 4, Intact Turf",UPE4,UPM,InundExp2,4,1,1,7,(P)Pumped Plot,b,Unidentified, ,0,22.78,0,22.78,0,37.46,-75.833
2007,8/15/2007,2/13/2008,"Upper Phillips Creek  InundExp2, Site 4, Intact Turf",UPE4,UPM,InundExp2,4,1,1,7,(P)Pumped Plot,c,Distichlis spicata,40662,9.81,1.09,0,10.9,0,37.46,-75.833
2007,8/15/2007,2/13/2008,"Upper Phillips Creek  InundExp2, Site 4, Intact Turf",UPE4,UPM,InundExp2,4,1,1,7,(P)Pumped Plot,c,Spartina patens,41271,13.88,8.16,0,22.04,0,37.46,-75.833
2007,8/15/2007,2/13/2008,"Upper Phillips Creek  InundExp2, Site 4, Intact Turf",UPE4,UPM,InundExp2,4,1,1,7,(P)Pumped Plot,c,Unidentified, ,0,19.55,0,19.55,0,37.46,-75.833
2007,8/15/2007,2/13/2008,"Upper Phillips Creek  InundExp2, Site 4, Intact Turf",UPE4,UPM,InundExp2,4,1,1,8,(C)Control Plot,a,Distichlis spicata,40662,30.22,17.01,0,47.23,0,37.46,-75.833
2007,8/15/2007,2/13/2008,"Upper Phillips Creek  InundExp2, Site 4, Intact Turf",UPE4,UPM,InundExp2,4,1,1,8,(C)Control Plot,a,Spartina patens,41271,3.02,.96,0,3.98,0,37.46,-75.833
2007,8/15/2007,2/13/2008,"Upper Phillips Creek  InundExp2, Site 4, Intact Turf",UPE4,UPM,InundExp2,4,1,1,8,(C)Control Plot,a,Unidentified, ,0,27.15,0,27.15,0,37.46,-75.833
2007,8/15/2007,2/13/2008,"Upper Phillips Creek  InundExp2, Site 4, Intact Turf",UPE4,UPM,InundExp2,4,1,1,8,(C)Control Plot,b,Distichlis spicata,40662,13.49,3.48,0,16.97,0,37.46,-75.833
2007,8/15/2007,2/13/2008,"Upper Phillips Creek  InundExp2, Site 4, Intact Turf",UPE4,UPM,InundExp2,4,1,1,8,(C)Control Plot,b,Spartina patens,41271,21.25,14.19,0,35.44,0,37.46,-75.833
2007,8/15/2007,2/13/2008,"Upper Phillips Creek  InundExp2, Site 4, Intact Turf",UPE4,UPM,InundExp2,4,1,1,8,(C)Control Plot,b,Unidentified, ,0,24.3,0,24.3,0,37.46,-75.833
2007,8/15/2007,2/13/2008,"Upper Phillips Creek  InundExp2, Site 4, Intact Turf",UPE4,UPM,InundExp2,4,1,1,8,(C)Control Plot,c,Distichlis spicata,40662,24.31,8.33,0,32.64,0,37.46,-75.833
2007,8/15/2007,2/13/2008,"Upper Phillips Creek  InundExp2, Site 4, Intact Turf",UPE4,UPM,InundExp2,4,1,1,8,(C)Control Plot,c,Spartina patens,41271,24.05,7.05,0,31.1,0,37.46,-75.833
2007,8/15/2007,2/13/2008,"Upper Phillips Creek  InundExp2, Site 4, Intact Turf",UPE4,UPM,InundExp2,4,1,1,8,(C)Control Plot,c,Unidentified, ,0,11.12,0,11.12,0,37.46,-75.833
2007,8/15/2007,2/13/2008,"Upper Phillips Creek  InundExp2, Site 4, Intact Turf",UPE4,UPM,InundExp2,4,1,2,6,(B)Border Control,a,Distichlis spicata,40662,12.27,11.31,0,23.58,0,37.46,-75.833
2007,8/15/2007,2/13/2008,"Upper Phillips Creek  InundExp2, Site 4, Intact Turf",UPE4,UPM,InundExp2,4,1,2,6,(B)Border Control,a,Spartina patens,41271,33.29,26.7,0,59.99,0,37.46,-75.833
2007,8/15/2007,2/13/2008,"Upper Phillips Creek  InundExp2, Site 4, Intact Turf",UPE4,UPM,InundExp2,4,1,2,6,(B)Border Control,a,Unidentified, ,0,32.12,0,32.12,0,37.46,-75.833
2007,8/15/2007,2/13/2008,"Upper Phillips Creek  InundExp2, Site 4, Intact Turf",UPE4,UPM,InundExp2,4,1,2,6,(B)Border Control,b,Distichlis spicata,40662,7.55,8.29,0,15.84,0,37.46,-75.833
2007,8/15/2007,2/13/2008,"Upper Phillips Creek  InundExp2, Site 4, Intact Turf",UPE4,UPM,InundExp2,4,1,2,6,(B)Border Control,b,Spartina patens,41271,17.1,20.41,0,37.51,0,37.46,-75.833
2007,8/15/2007,2/13/2008,"Upper Phillips Creek  InundExp2, Site 4, Intact Turf",UPE4,UPM,InundExp2,4,1,2,6,(B)Border Control,b,Unidentified, ,0,28.75,0,28.75,0,37.46,-75.833
2007,8/15/2007,2/12/2008,"Upper Phillips Creek  InundExp2, Site 4, Intact Turf",UPE4,UPM,InundExp2,4,1,2,6,(B)Border Control,c,Distichlis spicata,40662,17.04,20.42,0,37.46,0,37.46,-75.833
2007,8/15/2007,2/12/2008,"Upper Phillips Creek  InundExp2, Site 4, Intact Turf",UPE4,UPM,InundExp2,4,1,2,6,(B)Border Control,c,Spartina patens,41271,26.49,25.21,0,51.7,0,37.46,-75.833
2007,8/15/2007,2/12/2008,"Upper Phillips Creek  InundExp2, Site 4, Intact Turf",UPE4,UPM,InundExp2,4,1,2,6,(B)Border Control,c,Unidentified, ,0,17.48,0,17.48,0,37.46,-75.833
2007,8/15/2007,2/13/2008,"Upper Phillips Creek  InundExp2, Site 4, Intact Turf",UPE4,UPM,InundExp2,4,1,2,7,(P)Pumped Plot,a,Distichlis spicata,40662,12.73,13.25,0,25.98,0,37.46,-75.833
2007,8/15/2007,2/13/2008,"Upper Phillips Creek  InundExp2, Site 4, Intact Turf",UPE4,UPM,InundExp2,4,1,2,7,(P)Pumped Plot,a,Spartina patens,41271,18.07,41.07,0,59.14,0,37.46,-75.833
2007,8/15/2007,2/13/2008,"Upper Phillips Creek  InundExp2, Site 4, Intact Turf",UPE4,UPM,InundExp2,4,1,2,7,(P)Pumped Plot,a,Unidentified, ,0,26.94,0,26.94,0,37.46,-75.833
2007,8/15/2007,2/13/2008,"Upper Phillips Creek  InundExp2, Site 4, Intact Turf",UPE4,UPM,InundExp2,4,1,2,7,(P)Pumped Plot,b,Distichlis spicata,40662,14.09,5.9,0,19.99,0,37.46,-75.833
2007,8/15/2007,2/13/2008,"Upper Phillips Creek  InundExp2, Site 4, Intact Turf",UPE4,UPM,InundExp2,4,1,2,7,(P)Pumped Plot,b,Spartina patens,41271,23.63,7.38,0,31.01,0,37.46,-75.833
2007,8/15/2007,2/13/2008,"Upper Phillips Creek  InundExp2, Site 4, Intact Turf",UPE4,UPM,InundExp2,4,1,2,7,(P)Pumped Plot,b,Unidentified, ,0,42.19,0,42.19,0,37.46,-75.833
2007,8/15/2007,2/13/2008,"Upper Phillips Creek  InundExp2, Site 4, Intact Turf",UPE4,UPM,InundExp2,4,1,2,7,(P)Pumped Plot,c,Distichlis spicata,40662,11.75,9.34,0,21.09,0,37.46,-75.833
2007,8/15/2007,2/13/2008,"Upper Phillips Creek  InundExp2, Site 4, Intact Turf",UPE4,UPM,InundExp2,4,1,2,7,(P)Pumped Plot,c,Spartina alterniflora,41267,0,.09,0,.09,0,37.46,-75.833
2007,8/15/2007,2/13/2008,"Upper Phillips Creek  InundExp2, Site 4, Intact Turf",UPE4,UPM,InundExp2,4,1,2,7,(P)Pumped Plot,c,Spartina patens,41271,30.23,36.06,0,66.29,0,37.46,-75.833
2007,8/15/2007,2/13/2008,"Upper Phillips Creek  InundExp2, Site 4, Intact Turf",UPE4,UPM,InundExp2,4,1,2,7,(P)Pumped Plot,c,Unidentified, ,0,26.65,0,26.65,0,37.46,-75.833
2007,8/15/2007,2/13/2008,"Upper Phillips Creek  InundExp2, Site 4, Intact Turf",UPE4,UPM,InundExp2,4,1,2,8,(C)Control Plot,a,Distichlis spicata,40662,9.87,5.62,0,15.49,0,37.46,-75.833
2007,8/15/2007,2/13/2008,"Upper Phillips Creek  InundExp2, Site 4, Intact Turf",UPE4,UPM,InundExp2,4,1,2,8,(C)Control Plot,a,Spartina patens,41271,17.37,19.6,0,36.97,0,37.46,-75.833
2007,8/15/2007,2/13/2008,"Upper Phillips Creek  InundExp2, Site 4, Intact Turf",UPE4,UPM,InundExp2,4,1,2,8,(C)Control Plot,a,Unidentified, ,0,11.85,0,11.85,0,37.46,-75.833
2007,8/15/2007,2/13/2008,"Upper Phillips Creek  InundExp2, Site 4, Intact Turf",UPE4,UPM,InundExp2,4,1,2,8,(C)Control Plot,b,Distichlis spicata,40662,15.1,6.56,0,21.66,0,37.46,-75.833
2007,8/15/2007,2/13/2008,"Upper Phillips Creek  InundExp2, Site 4, Intact Turf",UPE4,UPM,InundExp2,4,1,2,8,(C)Control Plot,b,Spartina patens,41271,18.94,5.85,0,24.79,0,37.46,-75.833
2007,8/15/2007,2/13/2008,"Upper Phillips Creek  InundExp2, Site 4, Intact Turf",UPE4,UPM,InundExp2,4,1,2,8,(C)Control Plot,b,Unidentified, ,0,12.67,0,12.67,0,37.46,-75.833
2007,8/15/2007,2/13/2008,"Upper Phillips Creek  InundExp2, Site 4, Intact Turf",UPE4,UPM,InundExp2,4,1,2,8,(C)Control Plot,c,Distichlis spicata,40662,21.43,9.5,0,30.93,0,37.46,-75.833
2007,8/15/2007,2/13/2008,"Upper Phillips Creek  InundExp2, Site 4, Intact Turf",UPE4,UPM,InundExp2,4,1,2,8,(C)Control Plot,c,Spartina patens,41271,11.78,8.9,0,20.68,0,37.46,-75.833
2007,8/15/2007,2/13/2008,"Upper Phillips Creek  InundExp2, Site 4, Intact Turf",UPE4,UPM,InundExp2,4,1,2,8,(C)Control Plot,c,Unidentified, ,0,18.18,0,18.18,0,37.46,-75.833
2007,8/15/2007,2/15/2008,"Upper Phillips Creek  InundExp2, Site 5, Hum./Hollow",UPE5,UPM,InundExp2,5,1,1,8,(C)Control Plot,a,Distichlis spicata,40662,13.01,5.78,0,18.79,0,37.46,-75.833
2007,8/15/2007,2/15/2008,"Upper Phillips Creek  InundExp2, Site 5, Hum./Hollow",UPE5,UPM,InundExp2,5,1,1,8,(C)Control Plot,a,Spartina patens,41271,9.15,.42,0,9.57,0,37.46,-75.833
2007,8/15/2007,2/15/2008,"Upper Phillips Creek  InundExp2, Site 5, Hum./Hollow",UPE5,UPM,InundExp2,5,1,1,8,(C)Control Plot,a,Unidentified, ,0,9.51,0,9.51,0,37.46,-75.833
2007,8/15/2007,2/15/2008,"Upper Phillips Creek  InundExp2, Site 5, Hum./Hollow",UPE5,UPM,InundExp2,5,1,1,8,(C)Control Plot,b,Distichlis spicata,40662,7.8,8.77,0,16.57,0,37.46,-75.833
2007,8/15/2007,2/15/2008,"Upper Phillips Creek  InundExp2, Site 5, Hum./Hollow",UPE5,UPM,InundExp2,5,1,1,8,(C)Control Plot,b,Spartina patens,41271,18.2,5.06,0,23.26,0,37.46,-75.833
2007,8/15/2007,2/15/2008,"Upper Phillips Creek  InundExp2, Site 5, Hum./Hollow",UPE5,UPM,InundExp2,5,1,1,8,(C)Control Plot,b,Unidentified, ,0,9.89,0,9.89,0,37.46,-75.833
2007,8/15/2007,2/15/2008,"Upper Phillips Creek  InundExp2, Site 5, Hum./Hollow",UPE5,UPM,InundExp2,5,1,1,8,(C)Control Plot,c,Distichlis spicata,40662,20.19,18.98,0,39.17,0,37.46,-75.833
2007,8/15/2007,2/15/2008,"Upper Phillips Creek  InundExp2, Site 5, Hum./Hollow",UPE5,UPM,InundExp2,5,1,1,8,(C)Control Plot,c,Spartina patens,41271,11.89,4.61,0,16.5,0,37.46,-75.833
2007,8/15/2007,2/15/2008,"Upper Phillips Creek  InundExp2, Site 5, Hum./Hollow",UPE5,UPM,InundExp2,5,1,1,8,(C)Control Plot,c,Unidentified, ,0,24.87,0,24.87,0,37.46,-75.833
2007,8/15/2007,2/14/2008,"Upper Phillips Creek  InundExp2, Site 5, Hum./Hollow",UPE5,UPM,InundExp2,5,1,2,8,(C)Control Plot,a,Distichlis spicata,40662,4.34,3.89,0,8.23,0,37.46,-75.833
2007,8/15/2007,2/14/2008,"Upper Phillips Creek  InundExp2, Site 5, Hum./Hollow",UPE5,UPM,InundExp2,5,1,2,8,(C)Control Plot,a,Spartina patens,41271,12.99,4.28,0,17.27,0,37.46,-75.833
2007,8/15/2007,2/14/2008,"Upper Phillips Creek  InundExp2, Site 5, Hum./Hollow",UPE5,UPM,InundExp2,5,1,2,8,(C)Control Plot,a,Unidentified, ,0,8.53,0,8.53,0,37.46,-75.833
2007,8/15/2007,2/15/2008,"Upper Phillips Creek  InundExp2, Site 5, Hum./Hollow",UPE5,UPM,InundExp2,5,1,2,8,(C)Control Plot,b,Distichlis spicata,40662,2.26,37.77,0,40.03,0,37.46,-75.833
2007,8/15/2007,2/14/2008,"Upper Phillips Creek  InundExp2, Site 5, Hum./Hollow",UPE5,UPM,InundExp2,5,1,2,8,(C)Control Plot,c,Distichlis spicata,40662,15.1,4.7,0,19.8,0,37.46,-75.833
2007,8/15/2007,2/14/2008,"Upper Phillips Creek  InundExp2, Site 5, Hum./Hollow",UPE5,UPM,InundExp2,5,1,2,8,(C)Control Plot,c,Spartina patens,41271,3.13,6.18,0,9.37,0,37.46,-75.833
2007,8/15/2007,2/14/2008,"Upper Phillips Creek  InundExp2, Site 5, Hum./Hollow",UPE5,UPM,InundExp2,5,1,2,8,(C)Control Plot,c,Unidentified, ,0,39.98,0,39.98,0,37.46,-75.833
2007,8/15/2007,2/15/2008,"Upper Phillips Creek InundExp2, Site 1, Creekbank",UPE1,UPM,InundExp2,1,1,1,8,(C)Control Plot,a,No vegetation, ,0,0,0,0,Bare mud only,37.46,-75.833
2007,8/15/2007,2/15/2008,"Upper Phillips Creek InundExp2, Site 1, Creekbank",UPE1,UPM,InundExp2,1,1,1,8,(C)Control Plot,b,No vegetation, ,0,0,0,0,Bare mud only.,37.46,-75.833
2007,8/15/2007,2/15/2008,"Upper Phillips Creek InundExp2, Site 1, Creekbank",UPE1,UPM,InundExp2,1,1,1,8,(C)Control Plot,c,No vegetation, ,0,0,0,0,Bare mud only.,37.46,-75.833
2007,8/15/2007,2/15/2008,"Upper Phillips Creek InundExp2, Site 1, Creekbank",UPE1,UPM,InundExp2,1,1,2,8,(C)Control Plot,a,Distichlis spicata,40662,15.28,9.13,0,24.41,0,37.46,-75.833
2007,8/15/2007,2/15/2008,"Upper Phillips Creek InundExp2, Site 1, Creekbank",UPE1,UPM,InundExp2,1,1,2,8,(C)Control Plot,a,Spartina alterniflora,41267,0,.29,0,.29,0,37.46,-75.833
2007,8/15/2007,2/15/2008,"Upper Phillips Creek InundExp2, Site 1, Creekbank",UPE1,UPM,InundExp2,1,1,2,8,(C)Control Plot,a,Spartina patens,41271,2.53,.78,0,3.31,0,37.46,-75.833
2007,8/15/2007,2/15/2008,"Upper Phillips Creek InundExp2, Site 1, Creekbank",UPE1,UPM,InundExp2,1,1,2,8,(C)Control Plot,a,Unidentified, ,0,5.27,0,5.27,0,37.46,-75.833
2007,8/15/2007,2/15/2008,"Upper Phillips Creek InundExp2, Site 1, Creekbank",UPE1,UPM,InundExp2,1,1,2,8,(C)Control Plot,b,Atriplex patula,20509,.11,0,0,.11,0,37.46,-75.833
2007,8/15/2007,2/15/2008,"Upper Phillips Creek InundExp2, Site 1, Creekbank",UPE1,UPM,InundExp2,1,1,2,8,(C)Control Plot,b,Distichlis spicata,40662,10.74,5.54,0,16.28,0,37.46,-75.833
2007,8/15/2007,2/15/2008,"Upper Phillips Creek InundExp2, Site 1, Creekbank",UPE1,UPM,InundExp2,1,1,2,8,(C)Control Plot,b,Spartina patens,41271,44.15,28.77,0,72.92,0,37.46,-75.833
2007,8/15/2007,2/15/2008,"Upper Phillips Creek InundExp2, Site 1, Creekbank",UPE1,UPM,InundExp2,1,1,2,8,(C)Control Plot,b,Unidentified, ,0,35.91,0,35.91,0,37.46,-75.833
2007,8/15/2007,2/15/2008,"Upper Phillips Creek InundExp2, Site 1, Creekbank",UPE1,UPM,InundExp2,1,1,2,8,(C)Control Plot,c,Aster tenuifolius,35517,.89,0,0,.89,0,37.46,-75.833
2007,8/15/2007,2/15/2008,"Upper Phillips Creek InundExp2, Site 1, Creekbank",UPE1,UPM,InundExp2,1,1,2,8,(C)Control Plot,c,Distichlis spicata,40662,24.62,12.74,0,37.36,0,37.46,-75.833
2007,8/15/2007,2/15/2008,"Upper Phillips Creek InundExp2, Site 1, Creekbank",UPE1,UPM,InundExp2,1,1,2,8,(C)Control Plot,c,Spartina patens,41271,17.17,12.84,0,30.01,0,37.46,-75.833
2007,8/15/2007,2/15/2008,"Upper Phillips Creek InundExp2, Site 1, Creekbank",UPE1,UPM,InundExp2,1,1,2,8,(C)Control Plot,c,Unidentified, ,0,21.36,0,21.36,0,37.46,-75.833
2008,8/12/2008,2/25/2009,"Upper Phillips Creek  InundExp2, Site 2, Intact Turf",UPE2,UPM,InundExp2,2,1,1,6,(B)Border Control,a,Distichlis spicata,40662,5.97,0,0,0,0,37.46,-75.833
2008,8/12/2008,2/25/2009,"Upper Phillips Creek  InundExp2, Site 2, Intact Turf",UPE2,UPM,InundExp2,2,1,1,6,(B)Border Control,a,Spartina patens,41271,32.22,0,0,0,0,37.46,-75.833
2008,8/12/2008,2/25/2009,"Upper Phillips Creek  InundExp2, Site 2, Intact Turf",UPE2,UPM,InundExp2,2,1,1,6,(B)Border Control,a,Unidentified, ,0,118.17,0,0,mix of dead patens and distichlis,37.46,-75.833
2008,8/12/2008,2/25/2009,"Upper Phillips Creek  InundExp2, Site 2, Intact Turf",UPE2,UPM,InundExp2,2,1,1,6,(B)Border Control,b,Distichlis spicata,40662,6.96,0,0,0,0,37.46,-75.833
2008,8/12/2008,2/25/2009,"Upper Phillips Creek  InundExp2, Site 2, Intact Turf",UPE2,UPM,InundExp2,2,1,1,6,(B)Border Control,b,Spartina patens,41271,40.92,0,0,0,0,37.46,-75.833
2008,8/12/2008,2/25/2009,"Upper Phillips Creek  InundExp2, Site 2, Intact Turf",UPE2,UPM,InundExp2,2,1,1,6,(B)Border Control,b,Unidentified, ,0,65.88,0,0,mix of dead patens and distichlis,37.46,-75.833
2008,8/12/2008,2/25/2009,"Upper Phillips Creek  InundExp2, Site 2, Intact Turf",UPE2,UPM,InundExp2,2,1,1,6,(B)Border Control,c,Distichlis spicata,40662,5.93,0,0,0,0,37.46,-75.833
2008,8/12/2008,2/25/2009,"Upper Phillips Creek  InundExp2, Site 2, Intact Turf",UPE2,UPM,InundExp2,2,1,1,6,(B)Border Control,c,Spartina patens,41271,35.08,0,0,0,0,37.46,-75.833
2008,8/12/2008,2/25/2009,"Upper Phillips Creek  InundExp2, Site 2, Intact Turf",UPE2,UPM,InundExp2,2,1,1,6,(B)Border Control,c,Unidentified, ,0,66.03,0,0,mix of dead patens and distichlis,37.46,-75.833
2008,8/12/2008,2/25/2009,"Upper Phillips Creek  InundExp2, Site 2, Intact Turf",UPE2,UPM,InundExp2,2,1,1,6,(B)Border Control,c,Wrack, ,0,.11,0,0,0,37.46,-75.833
2008,8/12/2008,2/23/2009,"Upper Phillips Creek  InundExp2, Site 2, Intact Turf",UPE2,UPM,InundExp2,2,1,2,6,(B)Border Control,a,Distichlis spicata,40662,10.17,0,0,0,0,37.46,-75.833
2008,8/12/2008,2/23/2009,"Upper Phillips Creek  InundExp2, Site 2, Intact Turf",UPE2,UPM,InundExp2,2,1,2,6,(B)Border Control,a,Spartina patens,41271,32.79,0,0,0,0,37.46,-75.833
2008,8/12/2008,2/23/2009,"Upper Phillips Creek  InundExp2, Site 2, Intact Turf",UPE2,UPM,InundExp2,2,1,2,6,(B)Border Control,a,Unidentified, ,0,34.05,0,0,mix of dead patens and distichlis,37.46,-75.833
2008,8/12/2008,2/23/2009,"Upper Phillips Creek  InundExp2, Site 2, Intact Turf",UPE2,UPM,InundExp2,2,1,2,6,(B)Border Control,b,Distichlis spicata,40662,7.14,0,0,0,0,37.46,-75.833
2008,8/12/2008,2/23/2009,"Upper Phillips Creek  InundExp2, Site 2, Intact Turf",UPE2,UPM,InundExp2,2,1,2,6,(B)Border Control,b,Spartina patens,41271,38.12,0,0,0,0,37.46,-75.833
2008,8/12/2008,2/23/2009,"Upper Phillips Creek  InundExp2, Site 2, Intact Turf",UPE2,UPM,InundExp2,2,1,2,6,(B)Border Control,b,Unidentified, ,0,6.73,0,0,mix of dead patens and distichlis,37.46,-75.833
2008,8/12/2008,2/23/2009,"Upper Phillips Creek  InundExp2, Site 2, Intact Turf",UPE2,UPM,InundExp2,2,1,2,6,(B)Border Control,c,Distichlis spicata,40662,6.45,0,0,0,0,37.46,-75.833
2008,8/12/2008,2/23/2009,"Upper Phillips Creek  InundExp2, Site 2, Intact Turf",UPE2,UPM,InundExp2,2,1,2,6,(B)Border Control,c,Fimbristylis spadicea,40108,.12,0,0,0,0,37.46,-75.833
2008,8/12/2008,2/23/2009,"Upper Phillips Creek  InundExp2, Site 2, Intact Turf",UPE2,UPM,InundExp2,2,1,2,6,(B)Border Control,c,Spartina patens,41271,26,0,0,0,0,37.46,-75.833
2008,8/12/2008,2/23/2009,"Upper Phillips Creek  InundExp2, Site 2, Intact Turf",UPE2,UPM,InundExp2,2,1,2,6,(B)Border Control,c,Unidentified, ,0,4.23,0,0,mix of mostly dead patens and distichlis with small amount of fimbristylis,37.46,-75.833
2008,8/12/2008,7/14/2009,"Upper Phillips Creek  InundExp2, Site 4, Intact Turf",UPE4,UPM,InundExp2,4,1,1,6,(B)Border Control,a,Distichlis spicata,40662,8.74,0,0,0,0,37.46,-75.833
2008,8/12/2008,7/14/2009,"Upper Phillips Creek  InundExp2, Site 4, Intact Turf",UPE4,UPM,InundExp2,4,1,1,6,(B)Border Control,a,Spartina patens,41271,13.08,0,0,0,0,37.46,-75.833
2008,8/12/2008,7/14/2009,"Upper Phillips Creek  InundExp2, Site 4, Intact Turf",UPE4,UPM,InundExp2,4,1,1,6,(B)Border Control,a,Unidentified, ,0,3.82,0,0,mix of dead patens and distichlis,37.46,-75.833
2008,8/12/2008,7/14/2009,"Upper Phillips Creek  InundExp2, Site 4, Intact Turf",UPE4,UPM,InundExp2,4,1,1,6,(B)Border Control,b,Distichlis spicata,40662,6.78,0,0,0,0,37.46,-75.833
2008,8/12/2008,7/14/2009,"Upper Phillips Creek  InundExp2, Site 4, Intact Turf",UPE4,UPM,InundExp2,4,1,1,6,(B)Border Control,b,Spartina patens,41271,25.3,0,0,0,0,37.46,-75.833
2008,8/12/2008,7/14/2009,"Upper Phillips Creek  InundExp2, Site 4, Intact Turf",UPE4,UPM,InundExp2,4,1,1,6,(B)Border Control,b,Unidentified, ,0,19.86,0,0,mix of dead patens and distichlis,37.46,-75.833
2008,8/12/2008,7/14/2009,"Upper Phillips Creek  InundExp2, Site 4, Intact Turf",UPE4,UPM,InundExp2,4,1,1,6,(B)Border Control,c,Distichlis spicata,40662,14.99,0,0,0,0,37.46,-75.833
2008,8/12/2008,7/14/2009,"Upper Phillips Creek  InundExp2, Site 4, Intact Turf",UPE4,UPM,InundExp2,4,1,1,6,(B)Border Control,c,Spartina patens,41271,13.24,0,0,0,0,37.46,-75.833
2008,8/12/2008,7/14/2009,"Upper Phillips Creek  InundExp2, Site 4, Intact Turf",UPE4,UPM,InundExp2,4,1,1,6,(B)Border Control,c,Unidentified, ,0,19.18,0,0,mix of dead patens and distichlis,37.46,-75.833
2008,8/12/2008,6/7/2009,"Upper Phillips Creek  InundExp2, Site 4, Intact Turf",UPE4,UPM,InundExp2,4,1,1,7,(P)Pumped Plot,a,Distichlis spicata,40662,21.99,0,0,0,0,37.46,-75.833
2008,8/12/2008,6/7/2009,"Upper Phillips Creek  InundExp2, Site 4, Intact Turf",UPE4,UPM,InundExp2,4,1,1,7,(P)Pumped Plot,a,Spartina patens,41271,13.66,0,0,0,0,37.46,-75.833
2008,8/12/2008,6/7/2009,"Upper Phillips Creek  InundExp2, Site 4, Intact Turf",UPE4,UPM,InundExp2,4,1,1,7,(P)Pumped Plot,a,Unidentified, , ,22.88,0,0,mix of dead patens and distichlis,37.46,-75.833
2008,8/12/2008,6/7/2009,"Upper Phillips Creek  InundExp2, Site 4, Intact Turf",UPE4,UPM,InundExp2,4,1,1,7,(P)Pumped Plot,b,Distichlis spicata,40662,27.82,0,0,0,0,37.46,-75.833
2008,8/12/2008,6/7/2009,"Upper Phillips Creek  InundExp2, Site 4, Intact Turf",UPE4,UPM,InundExp2,4,1,1,7,(P)Pumped Plot,b,Spartina patens,41271,31.26,0,0,0,0,37.46,-75.833
2008,8/12/2008,6/7/2009,"Upper Phillips Creek  InundExp2, Site 4, Intact Turf",UPE4,UPM,InundExp2,4,1,1,7,(P)Pumped Plot,b,Unidentified, , ,48.9,0,0,mix of dead patens and distichlis,37.46,-75.833
2008,8/12/2008,6/7/2009,"Upper Phillips Creek  InundExp2, Site 4, Intact Turf",UPE4,UPM,InundExp2,4,1,1,7,(P)Pumped Plot,c,Distichlis spicata,40662,3.77,0,0,0,0,37.46,-75.833
2008,8/12/2008,6/7/2009,"Upper Phillips Creek  InundExp2, Site 4, Intact Turf",UPE4,UPM,InundExp2,4,1,1,7,(P)Pumped Plot,c,Spartina patens,41271,13.62,0,0,0,0,37.46,-75.833
2008,8/12/2008,6/7/2009,"Upper Phillips Creek  InundExp2, Site 4, Intact Turf",UPE4,UPM,InundExp2,4,1,1,7,(P)Pumped Plot,c,Unidentified, ,0,9.62,0,0,mix of dead patens and distichlis,37.46,-75.833
2008,8/12/2008,6/9/2009,"Upper Phillips Creek  InundExp2, Site 4, Intact Turf",UPE4,UPM,InundExp2,4,1,1,8,(C)Control Plot,a,Distichlis spicata,40662,12.09,0,0,0,0,37.46,-75.833
2008,8/12/2008,6/9/2009,"Upper Phillips Creek  InundExp2, Site 4, Intact Turf",UPE4,UPM,InundExp2,4,1,1,8,(C)Control Plot,a,Spartina patens,41271,25.24,0,0,0,0,37.46,-75.833
2008,8/12/2008,6/9/2009,"Upper Phillips Creek  InundExp2, Site 4, Intact Turf",UPE4,UPM,InundExp2,4,1,1,8,(C)Control Plot,a,Unidentified, ,0,38.36,0,0,mix of dead patens and distichlis with some detrital matter,37.46,-75.833
2008,8/12/2008,6/9/2009,"Upper Phillips Creek  InundExp2, Site 4, Intact Turf",UPE4,UPM,InundExp2,4,1,1,8,(C)Control Plot,b,Distichlis spicata,40662,15.73,0,0,0,0,37.46,-75.833
2008,8/12/2008,6/9/2009,"Upper Phillips Creek  InundExp2, Site 4, Intact Turf",UPE4,UPM,InundExp2,4,1,1,8,(C)Control Plot,b,Spartina patens,41271,11.12,0,0,0,0,37.46,-75.833
2008,8/12/2008,6/9/2009,"Upper Phillips Creek  InundExp2, Site 4, Intact Turf",UPE4,UPM,InundExp2,4,1,1,8,(C)Control Plot,b,Unidentified, ,0,27.55,0,0,mix of dead patens and distichlis with some detrital matter,37.46,-75.833
2008,8/12/2008,6/9/2009,"Upper Phillips Creek  InundExp2, Site 4, Intact Turf",UPE4,UPM,InundExp2,4,1,1,8,(C)Control Plot,c,Distichlis spicata,40662,12.13,0,0,0,0,37.46,-75.833
2008,8/12/2008,6/9/2009,"Upper Phillips Creek  InundExp2, Site 4, Intact Turf",UPE4,UPM,InundExp2,4,1,1,8,(C)Control Plot,c,Spartina patens,41271,25.56,0,0,0,0,37.46,-75.833
2008,8/12/2008,6/9/2009,"Upper Phillips Creek  InundExp2, Site 4, Intact Turf",UPE4,UPM,InundExp2,4,1,1,8,(C)Control Plot,c,Unidentified, ,0,73.19,0,0,mix of dead patens and distichlis with some detrital matter,37.46,-75.833
2008,8/12/2008,7/14/2009,"Upper Phillips Creek  InundExp2, Site 4, Intact Turf",UPE4,UPM,InundExp2,4,1,2,6,(B)Border Control,a,Distichlis spicata,40662,19.34,0,0,0,0,37.46,-75.833
2008,8/12/2008,7/14/2009,"Upper Phillips Creek  InundExp2, Site 4, Intact Turf",UPE4,UPM,InundExp2,4,1,2,6,(B)Border Control,a,Spartina patens,41271,18.1,0,0,0,0,37.46,-75.833
2008,8/12/2008,7/14/2009,"Upper Phillips Creek  InundExp2, Site 4, Intact Turf",UPE4,UPM,InundExp2,4,1,2,6,(B)Border Control,a,Unidentified, ,0,57.11,0,0,mix of dead patens and distichlis,37.46,-75.833
2008,8/12/2008,7/14/2009,"Upper Phillips Creek  InundExp2, Site 4, Intact Turf",UPE4,UPM,InundExp2,4,1,2,6,(B)Border Control,b,Distichlis spicata,40662,8.95,0,0,0,0,37.46,-75.833
2008,8/12/2008,7/14/2009,"Upper Phillips Creek  InundExp2, Site 4, Intact Turf",UPE4,UPM,InundExp2,4,1,2,6,(B)Border Control,b,Spartina patens,41271,17.47,0,0,0,0,37.46,-75.833
2008,8/12/2008,7/14/2009,"Upper Phillips Creek  InundExp2, Site 4, Intact Turf",UPE4,UPM,InundExp2,4,1,2,6,(B)Border Control,b,Unidentified, ,0,21.63,0,0,mix of dead patens and distichlis,37.46,-75.833
2008,8/12/2008,6/10/2009,"Upper Phillips Creek  InundExp2, Site 4, Intact Turf",UPE4,UPM,InundExp2,4,1,2,6,(B)Border Control,c,Distichlis spicata,40662,26.05,0,0,0,0,37.46,-75.833
2008,8/12/2008,6/10/2009,"Upper Phillips Creek  InundExp2, Site 4, Intact Turf",UPE4,UPM,InundExp2,4,1,2,6,(B)Border Control,c,Spartina patens,41271,37.81,0,0,0,0,37.46,-75.833
2008,8/12/2008,6/10/2009,"Upper Phillips Creek  InundExp2, Site 4, Intact Turf",UPE4,UPM,InundExp2,4,1,2,6,(B)Border Control,c,Unidentified, ,0,52.65,0,0,mix of dead patens and distichlis,37.46,-75.833
2008,8/12/2008,6/7/2009,"Upper Phillips Creek  InundExp2, Site 4, Intact Turf",UPE4,UPM,InundExp2,4,1,2,7,(P)Pumped Plot,a,Distichlis spicata,40662,19.53,0,0,0,0,37.46,-75.833
2008,8/12/2008,6/7/2009,"Upper Phillips Creek  InundExp2, Site 4, Intact Turf",UPE4,UPM,InundExp2,4,1,2,7,(P)Pumped Plot,a,Spartina patens,41271,17.02,0,0,0,0,37.46,-75.833
2008,8/12/2008,6/7/2009,"Upper Phillips Creek  InundExp2, Site 4, Intact Turf",UPE4,UPM,InundExp2,4,1,2,7,(P)Pumped Plot,a,Unidentified, ,0,47.76,0,0,mix of dead patens and distichlis,37.46,-75.833
2008,8/12/2008,6/4/2009,"Upper Phillips Creek  InundExp2, Site 4, Intact Turf",UPE4,UPM,InundExp2,4,1,2,7,(P)Pumped Plot,b,Distichlis spicata,40662,6.9,0,0,0,0,37.46,-75.833
2008,8/12/2008,6/4/2009,"Upper Phillips Creek  InundExp2, Site 4, Intact Turf",UPE4,UPM,InundExp2,4,1,2,7,(P)Pumped Plot,b,Spartina patens,41271,11.16,0,0,0,0,37.46,-75.833
2008,8/12/2008,6/4/2009,"Upper Phillips Creek  InundExp2, Site 4, Intact Turf",UPE4,UPM,InundExp2,4,1,2,7,(P)Pumped Plot,b,Unidentified, ,0,8.44,0,0,mix of dead patens and distichlis,37.46,-75.833
2008,8/12/2008,6/4/2009,"Upper Phillips Creek  InundExp2, Site 4, Intact Turf",UPE4,UPM,InundExp2,4,1,2,7,(P)Pumped Plot,c,Distichlis spicata,40662,12.75,0,0,0,0,37.46,-75.833
2008,8/12/2008,6/4/2009,"Upper Phillips Creek  InundExp2, Site 4, Intact Turf",UPE4,UPM,InundExp2,4,1,2,7,(P)Pumped Plot,c,Spartina patens,41271,20.09,0,0,0,0,37.46,-75.833
2008,8/12/2008,6/4/2009,"Upper Phillips Creek  InundExp2, Site 4, Intact Turf",UPE4,UPM,InundExp2,4,1,2,7,(P)Pumped Plot,c,Unidentified, ,0,84.18,0,0,mix of dead patens and distichlis,37.46,-75.833
2008,8/12/2008,6/9/2009,"Upper Phillips Creek  InundExp2, Site 4, Intact Turf",UPE4,UPM,InundExp2,4,1,2,8,(C)Control Plot,a,Distichlis spicata,40662,9.98,0,0,0,0,37.46,-75.833
2008,8/12/2008,6/9/2009,"Upper Phillips Creek  InundExp2, Site 4, Intact Turf",UPE4,UPM,InundExp2,4,1,2,8,(C)Control Plot,a,Spartina patens,41271,15.36,0,0,0,0,37.46,-75.833
2008,8/12/2008,6/9/2009,"Upper Phillips Creek  InundExp2, Site 4, Intact Turf",UPE4,UPM,InundExp2,4,1,2,8,(C)Control Plot,a,Unidentified, ,0,18.34,0,0,mix of dead patens and distichlis,37.46,-75.833
2008,8/12/2008,6/9/2009,"Upper Phillips Creek  InundExp2, Site 4, Intact Turf",UPE4,UPM,InundExp2,4,1,2,8,(C)Control Plot,b,Distichlis spicata,40662,16.84,0,0,0,0,37.46,-75.833
2008,8/12/2008,6/9/2009,"Upper Phillips Creek  InundExp2, Site 4, Intact Turf",UPE4,UPM,InundExp2,4,1,2,8,(C)Control Plot,b,Spartina patens,41271,13.11,0,0,0,0,37.46,-75.833
2008,8/12/2008,6/9/2009,"Upper Phillips Creek  InundExp2, Site 4, Intact Turf",UPE4,UPM,InundExp2,4,1,2,8,(C)Control Plot,b,Unidentified, ,0,5.92,0,0,mix of dead patens and distichlis,37.46,-75.833
2008,8/12/2008,6/8/2009,"Upper Phillips Creek  InundExp2, Site 4, Intact Turf",UPE4,UPM,InundExp2,4,1,2,8,(C)Control Plot,c,Distichlis spicata,40662,18.53,0,0,0,0,37.46,-75.833
2008,8/12/2008,6/8/2009,"Upper Phillips Creek  InundExp2, Site 4, Intact Turf",UPE4,UPM,InundExp2,4,1,2,8,(C)Control Plot,c,Spartina patens,41271,16.25,0,0,0,0,37.46,-75.833
2008,8/12/2008,6/8/2009,"Upper Phillips Creek  InundExp2, Site 4, Intact Turf",UPE4,UPM,InundExp2,4,1,2,8,(C)Control Plot,c,Unidentified, ,0,16.04,0,0,mix of dead patens and distichlis,37.46,-75.833
2008,8/12/2008,2/18/2009,"Upper Phillips Creek InundExp2, Site 1, Creekbank",UPE1,UPM,InundExp2,1,1,1,8,(C)Control Plot,a,Spartina alterniflora,41267,15.99,.85,0,0,0,37.46,-75.833
2008,8/12/2008,2/18/2009,"Upper Phillips Creek InundExp2, Site 1, Creekbank",UPE1,UPM,InundExp2,1,1,1,8,(C)Control Plot,b,Spartina alterniflora,41267,4.48,.14,0,0,0,37.46,-75.833
2008,8/12/2008,2/18/2009,"Upper Phillips Creek InundExp2, Site 1, Creekbank",UPE1,UPM,InundExp2,1,1,1,8,(C)Control Plot,c,Spartina alterniflora,41267,14.96,.3,0,0,0,37.46,-75.833
2008,8/12/2008,2/18/2009,"Upper Phillips Creek InundExp2, Site 1, Creekbank",UPE1,UPM,InundExp2,1,1,2,8,(C)Control Plot,a,Distichlis spicata,40662,24.75,0,0,0,0,37.46,-75.833
2008,8/12/2008,2/18/2009,"Upper Phillips Creek InundExp2, Site 1, Creekbank",UPE1,UPM,InundExp2,1,1,2,8,(C)Control Plot,a,Spartina patens,41271,22.33,0,0,0,0,37.46,-75.833
2008,8/12/2008,2/18/2009,"Upper Phillips Creek InundExp2, Site 1, Creekbank",UPE1,UPM,InundExp2,1,1,2,8,(C)Control Plot,a,Unidentified, ,0,32.58,0,0,mix of dead patens and distichlis,37.46,-75.833
2008,8/12/2008,2/18/2009,"Upper Phillips Creek InundExp2, Site 1, Creekbank",UPE1,UPM,InundExp2,1,1,2,8,(C)Control Plot,b,Aster tenuifolius,35517,0,0,0,0,small amount contained: total (17.98g)-bag(18.02g),37.46,-75.833
2008,8/12/2008,2/18/2009,"Upper Phillips Creek InundExp2, Site 1, Creekbank",UPE1,UPM,InundExp2,1,1,2,8,(C)Control Plot,b,Distichlis spicata,40662,3.75,0,0,0,0,37.46,-75.833
2008,8/12/2008,2/18/2009,"Upper Phillips Creek InundExp2, Site 1, Creekbank",UPE1,UPM,InundExp2,1,1,2,8,(C)Control Plot,b,Spartina patens,41271,4.23,0,0,0,0,37.46,-75.833
2008,8/12/2008,2/18/2009,"Upper Phillips Creek InundExp2, Site 1, Creekbank",UPE1,UPM,InundExp2,1,1,2,8,(C)Control Plot,b,Unidentified, ,0,8.68,0,0,mix of dead patens and distichlis,37.46,-75.833
2008,8/12/2008,2/18/2009,"Upper Phillips Creek InundExp2, Site 1, Creekbank",UPE1,UPM,InundExp2,1,1,2,8,(C)Control Plot,c,Aster tenuifolius,35517,2.93,0,0,0,0,37.46,-75.833
2008,8/12/2008,2/18/2009,"Upper Phillips Creek InundExp2, Site 1, Creekbank",UPE1,UPM,InundExp2,1,1,2,8,(C)Control Plot,c,Distichlis spicata,40662,12.28,0,0,0,0,37.46,-75.833
2008,8/12/2008,2/18/2009,"Upper Phillips Creek InundExp2, Site 1, Creekbank",UPE1,UPM,InundExp2,1,1,2,8,(C)Control Plot,c,Spartina patens,41271,27.35,0,0,0,0,37.46,-75.833
2008,8/12/2008,2/18/2009,"Upper Phillips Creek InundExp2, Site 1, Creekbank",UPE1,UPM,InundExp2,1,1,2,8,(C)Control Plot,c,Unidentified, ,0,13.78,0,0,mix of  mostly dead patens and distichlis with very small amount of Aster,37.46,-75.833
2009,8/19/2009,6/17/2010,"Upper Phillips Creek  InundExp2, Site 2, Intact Turf",UPE2,UPM,InundExp2,2,1,1,6,(B)Border Control,a,Distichlis spicata,40662,12.65,0,0,12.65,0,37.46,-75.833
2009,8/19/2009,6/17/2010,"Upper Phillips Creek  InundExp2, Site 2, Intact Turf",UPE2,UPM,InundExp2,2,1,1,6,(B)Border Control,a,Spartina patens,41271,17.66,0,0,17.66,0,37.46,-75.833
2009,8/19/2009,6/17/2010,"Upper Phillips Creek  InundExp2, Site 2, Intact Turf",UPE2,UPM,InundExp2,2,1,1,6,(B)Border Control,a,Unidentified, ,0,9.97,0,9.97,mixture of dead patens and spicata,37.46,-75.833
2009,8/18/2009,6/17/2010,"Upper Phillips Creek  InundExp2, Site 2, Intact Turf",UPE2,UPM,InundExp2,2,1,1,6,(B)Border Control,b,Aster tenuifolius,35517,0,.02,0,.02,0,37.46,-75.833
2009,8/18/2009,6/17/2010,"Upper Phillips Creek  InundExp2, Site 2, Intact Turf",UPE2,UPM,InundExp2,2,1,1,6,(B)Border Control,b,Distichlis spicata,40662,7.07,0,0,7.07,0,37.46,-75.833
2009,8/18/2009,6/17/2010,"Upper Phillips Creek  InundExp2, Site 2, Intact Turf",UPE2,UPM,InundExp2,2,1,1,6,(B)Border Control,b,Spartina patens,41271,19.82,0,0,19.82,0,37.46,-75.833
2009,8/18/2009,6/17/2010,"Upper Phillips Creek  InundExp2, Site 2, Intact Turf",UPE2,UPM,InundExp2,2,1,1,6,(B)Border Control,b,Unidentified, ,0,34.74,0,34.74,mixture of dead patens and spicata,37.46,-75.833
2009,8/19/2009,6/17/2010,"Upper Phillips Creek  InundExp2, Site 2, Intact Turf",UPE2,UPM,InundExp2,2,1,1,6,(B)Border Control,c,Distichlis spicata,40662,6.82,0,0,6.82,0,37.46,-75.833
2009,8/19/2009,6/17/2010,"Upper Phillips Creek  InundExp2, Site 2, Intact Turf",UPE2,UPM,InundExp2,2,1,1,6,(B)Border Control,c,Spartina patens,41271,27.92,0,0,27.92,0,37.46,-75.833
2009,8/19/2009,6/17/2010,"Upper Phillips Creek  InundExp2, Site 2, Intact Turf",UPE2,UPM,InundExp2,2,1,1,6,(B)Border Control,c,Unidentified, ,0,31.71,0,31.71,mixture of dead patens and spicata,37.46,-75.833
2009,8/19/2009,6/17/2010,"Upper Phillips Creek  InundExp2, Site 2, Intact Turf",UPE2,UPM,InundExp2,2,1,1,7,(P)Pumped Plot,a,Distichlis spicata,40662,3.33,0,0,3.33,0,37.46,-75.833
2009,8/19/2009,6/17/2010,"Upper Phillips Creek  InundExp2, Site 2, Intact Turf",UPE2,UPM,InundExp2,2,1,1,7,(P)Pumped Plot,a,Spartina patens,41271,21.93,0,0,21.93,0,37.46,-75.833
2009,8/19/2009,6/17/2010,"Upper Phillips Creek  InundExp2, Site 2, Intact Turf",UPE2,UPM,InundExp2,2,1,1,7,(P)Pumped Plot,a,Unidentified, ,0,45.02,0,45.02,mixture of dead patens and spicata,37.46,-75.833
2009,8/19/2009,6/17/2010,"Upper Phillips Creek  InundExp2, Site 2, Intact Turf",UPE2,UPM,InundExp2,2,1,1,7,(P)Pumped Plot,b,Distichlis spicata,40662,5.97,0,0,5.97,0,37.46,-75.833
2009,8/19/2009,6/17/2010,"Upper Phillips Creek  InundExp2, Site 2, Intact Turf",UPE2,UPM,InundExp2,2,1,1,7,(P)Pumped Plot,b,Spartina patens,41271,32.26,0,0,32.26,0,37.46,-75.833
2009,8/19/2009,6/17/2010,"Upper Phillips Creek  InundExp2, Site 2, Intact Turf",UPE2,UPM,InundExp2,2,1,1,7,(P)Pumped Plot,b,Unidentified, ,0,24.06,0,24.06,mixture of dead patens and spicata,37.46,-75.833
2009,8/19/2009,6/17/2010,"Upper Phillips Creek  InundExp2, Site 2, Intact Turf",UPE2,UPM,InundExp2,2,1,1,7,(P)Pumped Plot,c,Distichlis spicata,40662,1.95,0,0,1.95,0,37.46,-75.833
2009,8/19/2009,6/17/2010,"Upper Phillips Creek  InundExp2, Site 2, Intact Turf",UPE2,UPM,InundExp2,2,1,1,7,(P)Pumped Plot,c,Distichlis spicata,40662,1.95,0,0,1.95,0,37.46,-75.833
2009,8/19/2009,6/17/2010,"Upper Phillips Creek  InundExp2, Site 2, Intact Turf",UPE2,UPM,InundExp2,2,1,1,7,(P)Pumped Plot,c,Spartina patens,41271,27.06,0,0,27.06,0,37.46,-75.833
2009,8/19/2009,6/17/2010,"Upper Phillips Creek  InundExp2, Site 2, Intact Turf",UPE2,UPM,InundExp2,2,1,1,7,(P)Pumped Plot,c,Spartina patens,41271,27.06,0,0,27.06,0,37.46,-75.833
2009,8/19/2009,6/17/2010,"Upper Phillips Creek  InundExp2, Site 2, Intact Turf",UPE2,UPM,InundExp2,2,1,1,7,(P)Pumped Plot,c,Unidentified, ,0,38.59,0,38.59,mixture of dead patens and spicata,37.46,-75.833
2009,8/18/2009,6/17/2010,"Upper Phillips Creek  InundExp2, Site 2, Intact Turf",UPE2,UPM,InundExp2,2,1,1,8,(C)Control Plot,a,Distichlis spicata,40662,7.02,0,0,7.02,0,37.46,-75.833
2009,8/18/2009,6/17/2010,"Upper Phillips Creek  InundExp2, Site 2, Intact Turf",UPE2,UPM,InundExp2,2,1,1,8,(C)Control Plot,a,Fimbristylis spadicea,40108,7.08,0,0,7.08,0,37.46,-75.833
2009,8/18/2009,6/17/2010,"Upper Phillips Creek  InundExp2, Site 2, Intact Turf",UPE2,UPM,InundExp2,2,1,1,8,(C)Control Plot,a,Spartina patens,41271,14.44,0,0,14.44,0,37.46,-75.833
2009,8/18/2009,6/17/2010,"Upper Phillips Creek  InundExp2, Site 2, Intact Turf",UPE2,UPM,InundExp2,2,1,1,8,(C)Control Plot,a,Unidentified, ,0,30.54,0,30.54,mixture of dead patens and spicata,37.46,-75.833
2009,8/19/2009,6/17/2010,"Upper Phillips Creek  InundExp2, Site 2, Intact Turf",UPE2,UPM,InundExp2,2,1,1,8,(C)Control Plot,b,Distichlis spicata,40662,.93,0,0,.93,0,37.46,-75.833
2009,8/19/2009,6/17/2010,"Upper Phillips Creek  InundExp2, Site 2, Intact Turf",UPE2,UPM,InundExp2,2,1,1,8,(C)Control Plot,b,Fimbristylis spadicea,40108,5.14,0,0,5.14,0,37.46,-75.833
2009,8/19/2009,6/17/2010,"Upper Phillips Creek  InundExp2, Site 2, Intact Turf",UPE2,UPM,InundExp2,2,1,1,8,(C)Control Plot,b,Spartina patens,41271,29.5,0,0,29.5,0,37.46,-75.833
2009,8/19/2009,6/17/2010,"Upper Phillips Creek  InundExp2, Site 2, Intact Turf",UPE2,UPM,InundExp2,2,1,1,8,(C)Control Plot,b,Unidentified, ,0,5.55,0,5.55,"mixture of dead patens and spicata, mostly patens",37.46,-75.833
2009,8/19/2009,6/17/2010,"Upper Phillips Creek  InundExp2, Site 2, Intact Turf",UPE2,UPM,InundExp2,2,1,1,8,(C)Control Plot,c,Distichlis spicata,40662,8.46,0,0,8.46,0,37.46,-75.833
2009,8/19/2009,6/17/2010,"Upper Phillips Creek  InundExp2, Site 2, Intact Turf",UPE2,UPM,InundExp2,2,1,1,8,(C)Control Plot,c,Fimbristylis spadicea,40108,1.06,0,0,1.06,0,37.46,-75.833
2009,8/19/2009,6/17/2010,"Upper Phillips Creek  InundExp2, Site 2, Intact Turf",UPE2,UPM,InundExp2,2,1,1,8,(C)Control Plot,c,Spartina patens,41271,13.91,0,0,13.91,0,37.46,-75.833
2009,8/19/2009,6/17/2010,"Upper Phillips Creek  InundExp2, Site 2, Intact Turf",UPE2,UPM,InundExp2,2,1,1,8,(C)Control Plot,c,Unidentified, ,0,13.53,0,13.53,mixture of dead patens and spicata,37.46,-75.833
2009,8/19/2009,6/17/2010,"Upper Phillips Creek  InundExp2, Site 2, Intact Turf",UPE2,UPM,InundExp2,2,1,2,6,(B)Border Control,a,Distichlis spicata,40662,1.9,0,0,1.9,0,37.46,-75.833
2009,8/19/2009,6/17/2010,"Upper Phillips Creek  InundExp2, Site 2, Intact Turf",UPE2,UPM,InundExp2,2,1,2,6,(B)Border Control,a,Spartina patens,41271,17.13,0,0,17.13,0,37.46,-75.833
2009,8/19/2009,6/17/2010,"Upper Phillips Creek  InundExp2, Site 2, Intact Turf",UPE2,UPM,InundExp2,2,1,2,6,(B)Border Control,a,Unidentified, ,0,27.1,0,27.1,mixture of dead patens and spicata,37.46,-75.833
2009,8/19/2009,6/17/2010,"Upper Phillips Creek  InundExp2, Site 2, Intact Turf",UPE2,UPM,InundExp2,2,1,2,6,(B)Border Control,b,Distichlis spicata,40662,4.03,0,0,4.03,0,37.46,-75.833
2009,8/19/2009,6/17/2010,"Upper Phillips Creek  InundExp2, Site 2, Intact Turf",UPE2,UPM,InundExp2,2,1,2,6,(B)Border Control,b,Spartina patens,41271,30.38,0,0,30.38,0,37.46,-75.833
2009,8/19/2009,6/17/2010,"Upper Phillips Creek  InundExp2, Site 2, Intact Turf",UPE2,UPM,InundExp2,2,1,2,6,(B)Border Control,b,Unidentified, ,0,48.37,0,48.37,"mixture of dead patens and spicata, mostly patens",37.46,-75.833
2009,8/19/2009,6/17/2010,"Upper Phillips Creek  InundExp2, Site 2, Intact Turf",UPE2,UPM,InundExp2,2,1,2,6,(B)Border Control,c,Distichlis spicata,40662,5.76,0,0,5.76,0,37.46,-75.833
2009,8/19/2009,6/17/2010,"Upper Phillips Creek  InundExp2, Site 2, Intact Turf",UPE2,UPM,InundExp2,2,1,2,6,(B)Border Control,c,Spartina patens,41271,33.29,0,0,33.29,0,37.46,-75.833
2009,8/19/2009,6/17/2010,"Upper Phillips Creek  InundExp2, Site 2, Intact Turf",UPE2,UPM,InundExp2,2,1,2,6,(B)Border Control,c,Unidentified, ,0,28.64,0,28.64,mixture of dead patens and spicata,37.46,-75.833
2009,8/19/2009,6/17/2010,"Upper Phillips Creek  InundExp2, Site 2, Intact Turf",UPE2,UPM,InundExp2,2,1,2,7,(P)Pumped Plot,a,Distichlis spicata,40662,7.62,0,0,7.62,0,37.46,-75.833
2009,8/19/2009,6/17/2010,"Upper Phillips Creek  InundExp2, Site 2, Intact Turf",UPE2,UPM,InundExp2,2,1,2,7,(P)Pumped Plot,a,Spartina patens,41271,18.71,0,0,18.71,0,37.46,-75.833
2009,8/19/2009,6/17/2010,"Upper Phillips Creek  InundExp2, Site 2, Intact Turf",UPE2,UPM,InundExp2,2,1,2,7,(P)Pumped Plot,a,Unidentified, ,0,38.29,0,38.29,mixture of dead patens and spicata,37.46,-75.833
2009,8/19/2009,6/17/2010,"Upper Phillips Creek  InundExp2, Site 2, Intact Turf",UPE2,UPM,InundExp2,2,1,2,7,(P)Pumped Plot,b,Distichlis spicata,40662,3.8,0,0,3.8,0,37.46,-75.833
2009,8/19/2009,6/17/2010,"Upper Phillips Creek  InundExp2, Site 2, Intact Turf",UPE2,UPM,InundExp2,2,1,2,7,(P)Pumped Plot,b,Spartina patens,41271,21.01,0,0,21.01,0,37.46,-75.833
2009,8/19/2009,6/17/2010,"Upper Phillips Creek  InundExp2, Site 2, Intact Turf",UPE2,UPM,InundExp2,2,1,2,7,(P)Pumped Plot,b,Unidentified, ,0,30.41,0,30.41,mixutre of dead patens and spicata,37.46,-75.833
2009,8/19/2009,6/17/2010,"Upper Phillips Creek  InundExp2, Site 2, Intact Turf",UPE2,UPM,InundExp2,2,1,2,7,(P)Pumped Plot,c,Distichlis spicata,40662,15.21,0,0,15.21,0,37.46,-75.833
2009,8/19/2009,6/17/2010,"Upper Phillips Creek  InundExp2, Site 2, Intact Turf",UPE2,UPM,InundExp2,2,1,2,7,(P)Pumped Plot,c,Spartina patens,41271,20.77,0,0,20.77,0,37.46,-75.833
2009,8/19/2009,6/17/2010,"Upper Phillips Creek  InundExp2, Site 2, Intact Turf",UPE2,UPM,InundExp2,2,1,2,7,(P)Pumped Plot,c,Unidentified, ,0,19.76,0,19.76,mixture of dead patens and spicata,37.46,-75.833
2009,8/18/2009,6/17/2010,"Upper Phillips Creek  InundExp2, Site 2, Intact Turf",UPE2,UPM,InundExp2,2,1,2,8,(C)Control Plot,a,Distichlis spicata,40662,4.39,0,0,4.39,0,37.46,-75.833
2009,8/18/2009,6/17/2010,"Upper Phillips Creek  InundExp2, Site 2, Intact Turf",UPE2,UPM,InundExp2,2,1,2,8,(C)Control Plot,a,Spartina patens,41271,27.28,0,0,27.28,0,37.46,-75.833
2009,8/18/2009,6/17/2010,"Upper Phillips Creek  InundExp2, Site 2, Intact Turf",UPE2,UPM,InundExp2,2,1,2,8,(C)Control Plot,a,Unidentified, ,0,26.62,0,26.62,mixture of dead patens and spicata,37.46,-75.833
2009,8/19/2009,6/17/2010,"Upper Phillips Creek  InundExp2, Site 2, Intact Turf",UPE2,UPM,InundExp2,2,1,2,8,(C)Control Plot,b,Distichlis spicata,40662,3.23,0,0,3.23,0,37.46,-75.833
2009,8/19/2009,6/17/2010,"Upper Phillips Creek  InundExp2, Site 2, Intact Turf",UPE2,UPM,InundExp2,2,1,2,8,(C)Control Plot,b,Spartina patens,41271,23.82,0,0,23.82,0,37.46,-75.833
2009,8/19/2009,6/17/2010,"Upper Phillips Creek  InundExp2, Site 2, Intact Turf",UPE2,UPM,InundExp2,2,1,2,8,(C)Control Plot,b,Unidentified, ,0,19.38,0,19.38,mixture of dead patens and spicata,37.46,-75.833
2009,8/18/2009,6/17/2010,"Upper Phillips Creek  InundExp2, Site 2, Intact Turf",UPE2,UPM,InundExp2,2,1,2,8,(C)Control Plot,c,Distichlis spicata,40662,2.19,0,0,2.19,0,37.46,-75.833
2009,8/18/2009,6/17/2010,"Upper Phillips Creek  InundExp2, Site 2, Intact Turf",UPE2,UPM,InundExp2,2,1,2,8,(C)Control Plot,c,Spartina patens,41271,29.1,0,0,29.1,0,37.46,-75.833
2009,8/18/2009,6/17/2010,"Upper Phillips Creek  InundExp2, Site 2, Intact Turf",UPE2,UPM,InundExp2,2,1,2,8,(C)Control Plot,c,Unidentified, ,0,1.57,0,1.57,mixture of dead patens and spicata,37.46,-75.833
2009,8/18/2009,6/22/2010,"Upper Phillips Creek  InundExp2, Site 3, Hum./Hollow",UPE3,UPM,InundExp2,3,1,1,8,(C)Control Plot,a,Distichlis spicata,40662,16.96,9.31,0,26.27,0,37.46,-75.833
2009,8/18/2009,6/22/2010,"Upper Phillips Creek  InundExp2, Site 3, Hum./Hollow",UPE3,UPM,InundExp2,3,1,1,8,(C)Control Plot,a,Spartina patens,41271,30.11,7.22,0,37.33,0,37.46,-75.833
2009,8/18/2009,6/22/2010,"Upper Phillips Creek  InundExp2, Site 3, Hum./Hollow",UPE3,UPM,InundExp2,3,1,1,8,(C)Control Plot,a,Unidentified, ,0,8.72,0,8.72,mixture of dead patens and spicata,37.46,-75.833
2009,8/19/2009,6/22/2010,"Upper Phillips Creek  InundExp2, Site 3, Hum./Hollow",UPE3,UPM,InundExp2,3,1,1,8,(C)Control Plot,b,Distichlis spicata,40662,11.89,17.22,0,29.11,0,37.46,-75.833
2009,8/19/2009,6/22/2010,"Upper Phillips Creek  InundExp2, Site 3, Hum./Hollow",UPE3,UPM,InundExp2,3,1,1,8,(C)Control Plot,b,Spartina patens,41271,25.62,2.83,0,28.45,0,37.46,-75.833
2009,8/19/2009,6/22/2010,"Upper Phillips Creek  InundExp2, Site 3, Hum./Hollow",UPE3,UPM,InundExp2,3,1,1,8,(C)Control Plot,b,Unidentified, ,0,40.37,0,40.37,mixture of dead patens and spicata,37.46,-75.833
2009,8/19/2009,6/22/2010,"Upper Phillips Creek  InundExp2, Site 3, Hum./Hollow",UPE3,UPM,InundExp2,3,1,1,8,(C)Control Plot,c,Distichlis spicata,40662,23.44,5.05,0,28.49,0,37.46,-75.833
2009,8/19/2009,6/22/2010,"Upper Phillips Creek  InundExp2, Site 3, Hum./Hollow",UPE3,UPM,InundExp2,3,1,1,8,(C)Control Plot,c,Spartina patens,41271,22.46,4.65,0,27.11,0,37.46,-75.833
2009,8/19/2009,6/22/2010,"Upper Phillips Creek  InundExp2, Site 3, Hum./Hollow",UPE3,UPM,InundExp2,3,1,1,8,(C)Control Plot,c,Unidentified, ,0,25.93,0,25.93,mixture of dead patens and spicata,37.46,-75.833
2009,8/19/2009,6/22/2010,"Upper Phillips Creek  InundExp2, Site 3, Hum./Hollow",UPE3,UPM,InundExp2,3,1,2,8,(C)Control Plot,a,Distichlis spicata,40662,12.62,9.31,0,21.93,0,37.46,-75.833
2009,8/19/2009,6/22/2010,"Upper Phillips Creek  InundExp2, Site 3, Hum./Hollow",UPE3,UPM,InundExp2,3,1,2,8,(C)Control Plot,a,Spartina patens,41271,20.52,7.52,0,28.04,0,37.46,-75.833
2009,8/19/2009,6/22/2010,"Upper Phillips Creek  InundExp2, Site 3, Hum./Hollow",UPE3,UPM,InundExp2,3,1,2,8,(C)Control Plot,a,Unidentified, ,0,10.19,0,10.19,mixture of dead patens and spicata,37.46,-75.833
2009,8/19/2009,6/22/2010,"Upper Phillips Creek  InundExp2, Site 3, Hum./Hollow",UPE3,UPM,InundExp2,3,1,2,8,(C)Control Plot,b,Distichlis spicata,40662,18.08,9.3,0,27.38,0,37.46,-75.833
2009,8/19/2009,6/22/2010,"Upper Phillips Creek  InundExp2, Site 3, Hum./Hollow",UPE3,UPM,InundExp2,3,1,2,8,(C)Control Plot,b,Spartina patens,41271,9.05,3.29,0,12.34,0,37.46,-75.833
2009,8/19/2009,6/22/2010,"Upper Phillips Creek  InundExp2, Site 3, Hum./Hollow",UPE3,UPM,InundExp2,3,1,2,8,(C)Control Plot,b,Unidentified, ,0,11.64,0,11.64,mixture of dead patens and spicata,37.46,-75.833
2009,8/18/2009,6/22/2010,"Upper Phillips Creek  InundExp2, Site 3, Hum./Hollow",UPE3,UPM,InundExp2,3,1,2,8,(C)Control Plot,c,Distichlis spicata,40662,13.44,5.98,0,19.42,0,37.46,-75.833
2009,8/18/2009,6/22/2010,"Upper Phillips Creek  InundExp2, Site 3, Hum./Hollow",UPE3,UPM,InundExp2,3,1,2,8,(C)Control Plot,c,Spartina patens,41271,22.04,.73,0,22.77,0,37.46,-75.833
2009,8/18/2009,6/22/2010,"Upper Phillips Creek  InundExp2, Site 3, Hum./Hollow",UPE3,UPM,InundExp2,3,1,2,8,(C)Control Plot,c,Unidentified, ,0,20.02,0,20.02,mixture of dead patens and spicata,37.46,-75.833
2009,8/19/2009,6/23/2010,"Upper Phillips Creek  InundExp2, Site 4, Intact Turf",UPE4,UPM,InundExp2,4,1,1,6,(B)Border Control,a,Distichlis spicata,40662,11.36,8.58,0,19.94,0,37.46,-75.833
2009,8/19/2009,6/23/2010,"Upper Phillips Creek  InundExp2, Site 4, Intact Turf",UPE4,UPM,InundExp2,4,1,1,6,(B)Border Control,a,Spartina patens,41271,21.39,6.38,0,27.77,0,37.46,-75.833
2009,8/19/2009,6/23/2010,"Upper Phillips Creek  InundExp2, Site 4, Intact Turf",UPE4,UPM,InundExp2,4,1,1,6,(B)Border Control,a,Unidentified, ,0,18.62,0,18.62,detritus,37.46,-75.833
2009,8/19/2009,6/23/2010,"Upper Phillips Creek  InundExp2, Site 4, Intact Turf",UPE4,UPM,InundExp2,4,1,1,6,(B)Border Control,b,Distichlis spicata,40662,11.25,5.32,0,16.57,0,37.46,-75.833
2009,8/19/2009,6/23/2010,"Upper Phillips Creek  InundExp2, Site 4, Intact Turf",UPE4,UPM,InundExp2,4,1,1,6,(B)Border Control,b,Spartina patens,41271,11.14,5.47,0,16.61,0,37.46,-75.833
2009,8/19/2009,6/23/2010,"Upper Phillips Creek  InundExp2, Site 4, Intact Turf",UPE4,UPM,InundExp2,4,1,1,6,(B)Border Control,b,Unidentified, ,0,4.41,0,4.41,detritus,37.46,-75.833
2009,8/19/2009,6/23/2010,"Upper Phillips Creek  InundExp2, Site 4, Intact Turf",UPE4,UPM,InundExp2,4,1,1,6,(B)Border Control,c,Distichlis spicata,40662,17.28,10.71,0,27.99,0,37.46,-75.833
2009,8/19/2009,6/23/2010,"Upper Phillips Creek  InundExp2, Site 4, Intact Turf",UPE4,UPM,InundExp2,4,1,1,6,(B)Border Control,c,Spartina patens,41271,18.56,6.13,0,24.69,0,37.46,-75.833
2009,8/19/2009,6/23/2010,"Upper Phillips Creek  InundExp2, Site 4, Intact Turf",UPE4,UPM,InundExp2,4,1,1,6,(B)Border Control,c,Unidentified, ,0,9.94,0,9.94,detritus,37.46,-75.833
2009,8/19/2009,6/23/2010,"Upper Phillips Creek  InundExp2, Site 4, Intact Turf",UPE4,UPM,InundExp2,4,1,1,7,(P)Pumped Plot,a,Distichlis spicata,40662,11.17,7.85,0,19.02,0,37.46,-75.833
2009,8/19/2009,6/23/2010,"Upper Phillips Creek  InundExp2, Site 4, Intact Turf",UPE4,UPM,InundExp2,4,1,1,7,(P)Pumped Plot,a,Spartina patens,41271,19.2,11.76,0,30.96,0,37.46,-75.833
2009,8/19/2009,6/23/2010,"Upper Phillips Creek  InundExp2, Site 4, Intact Turf",UPE4,UPM,InundExp2,4,1,1,7,(P)Pumped Plot,a,Unidentified, ,0,11.8,0,11.8,detritus,37.46,-75.833
2009,8/19/2009,6/23/2010,"Upper Phillips Creek  InundExp2, Site 4, Intact Turf",UPE4,UPM,InundExp2,4,1,1,7,(P)Pumped Plot,b,Distichlis spicata,40662,8.56,5.07,0,13.63,0,37.46,-75.833
2009,8/19/2009,6/23/2010,"Upper Phillips Creek  InundExp2, Site 4, Intact Turf",UPE4,UPM,InundExp2,4,1,1,7,(P)Pumped Plot,b,Spartina patens,41271,18.05,10.22,0,28.27,0,37.46,-75.833
2009,8/19/2009,6/23/2010,"Upper Phillips Creek  InundExp2, Site 4, Intact Turf",UPE4,UPM,InundExp2,4,1,1,7,(P)Pumped Plot,b,Unidentified, ,0,10.54,0,10.54,detritus,37.46,-75.833
2009,8/19/2009,6/24/2010,"Upper Phillips Creek  InundExp2, Site 4, Intact Turf",UPE4,UPM,InundExp2,4,1,1,7,(P)Pumped Plot,c,Distichlis spicata,40662,7.72,5.36,0,13.08,0,37.46,-75.833
2009,8/19/2009,6/24/2010,"Upper Phillips Creek  InundExp2, Site 4, Intact Turf",UPE4,UPM,InundExp2,4,1,1,7,(P)Pumped Plot,c,Spartina patens,41271,23.16,16.83,0,39.99,0,37.46,-75.833
2009,8/19/2009,6/24/2010,"Upper Phillips Creek  InundExp2, Site 4, Intact Turf",UPE4,UPM,InundExp2,4,1,1,7,(P)Pumped Plot,c,Unidentified, ,0,3.78,0,3.78,detritus,37.46,-75.833
2009,8/19/2009,6/25/2010,"Upper Phillips Creek  InundExp2, Site 4, Intact Turf",UPE4,UPM,InundExp2,4,1,1,8,(C)Control Plot,a,Distichlis spicata,40662,10.04,3.16,0,13.2,0,37.46,-75.833
2009,8/19/2009,6/25/2010,"Upper Phillips Creek  InundExp2, Site 4, Intact Turf",UPE4,UPM,InundExp2,4,1,1,8,(C)Control Plot,a,Spartina patens,41271,14.46,1.45,0,15.91,0,37.46,-75.833
2009,8/19/2009,6/25/2010,"Upper Phillips Creek  InundExp2, Site 4, Intact Turf",UPE4,UPM,InundExp2,4,1,1,8,(C)Control Plot,a,Unidentified, ,0,3.7,0,3.7,detritus,37.46,-75.833
2009,8/19/2009,6/25/2010,"Upper Phillips Creek  InundExp2, Site 4, Intact Turf",UPE4,UPM,InundExp2,4,1,1,8,(C)Control Plot,b,Distichlis spicata,40662,15.41,11.69,0,27.1,0,37.46,-75.833
2009,8/19/2009,6/25/2010,"Upper Phillips Creek  InundExp2, Site 4, Intact Turf",UPE4,UPM,InundExp2,4,1,1,8,(C)Control Plot,b,Spartina patens,41271,20.86,7.52,0,28.38,0,37.46,-75.833
2009,8/19/2009,6/25/2010,"Upper Phillips Creek  InundExp2, Site 4, Intact Turf",UPE4,UPM,InundExp2,4,1,1,8,(C)Control Plot,b,Unidentified, ,0,7.12,0,7.12,detritus,37.46,-75.833
2009,8/19/2009,6/25/2010,"Upper Phillips Creek  InundExp2, Site 4, Intact Turf",UPE4,UPM,InundExp2,4,1,1,8,(C)Control Plot,c,Distichlis spicata,40662,15.26,7.08,0,22.34,0,37.46,-75.833
2009,8/19/2009,6/25/2010,"Upper Phillips Creek  InundExp2, Site 4, Intact Turf",UPE4,UPM,InundExp2,4,1,1,8,(C)Control Plot,c,Spartina patens,41271,16.46,7.27,0,23.73,0,37.46,-75.833
2009,8/19/2009,6/25/2010,"Upper Phillips Creek  InundExp2, Site 4, Intact Turf",UPE4,UPM,InundExp2,4,1,1,8,(C)Control Plot,c,Unidentified, ,0,9.82,0,9.82,detritus,37.46,-75.833
2009,8/19/2009,6/23/2010,"Upper Phillips Creek  InundExp2, Site 4, Intact Turf",UPE4,UPM,InundExp2,4,1,2,6,(B)Border Control,a,Distichlis spicata,40662,11.14,7.52,0,18.66,0,37.46,-75.833
2009,8/19/2009,6/23/2010,"Upper Phillips Creek  InundExp2, Site 4, Intact Turf",UPE4,UPM,InundExp2,4,1,2,6,(B)Border Control,a,Salicornia sp.,20646,.05,0,0,.05,0,37.46,-75.833
2009,8/19/2009,6/23/2010,"Upper Phillips Creek  InundExp2, Site 4, Intact Turf",UPE4,UPM,InundExp2,4,1,2,6,(B)Border Control,a,Spartina patens,41271,11.25,2.82,0,14.07,0,37.46,-75.833
2009,8/19/2009,6/23/2010,"Upper Phillips Creek  InundExp2, Site 4, Intact Turf",UPE4,UPM,InundExp2,4,1,2,6,(B)Border Control,a,Unidentified, ,0,14.05,0,14.05,detritus,37.46,-75.833
2009,8/19/2009,6/23/2010,"Upper Phillips Creek  InundExp2, Site 4, Intact Turf",UPE4,UPM,InundExp2,4,1,2,6,(B)Border Control,b,Distichlis spicata,40662,10.67,6.28,0,16.95,0,37.46,-75.833
2009,8/19/2009,6/23/2010,"Upper Phillips Creek  InundExp2, Site 4, Intact Turf",UPE4,UPM,InundExp2,4,1,2,6,(B)Border Control,b,Spartina patens,41271,16.52,14.61,0,31.13,0,37.46,-75.833
2009,8/19/2009,6/23/2010,"Upper Phillips Creek  InundExp2, Site 4, Intact Turf",UPE4,UPM,InundExp2,4,1,2,6,(B)Border Control,b,Unidentified, ,0,19.03,0,19.03,detritus,37.46,-75.833
2009,8/19/2009,6/23/2010,"Upper Phillips Creek  InundExp2, Site 4, Intact Turf",UPE4,UPM,InundExp2,4,1,2,6,(B)Border Control,c,Distichlis spicata,40662,8.33,14.42,0,22.75,0,37.46,-75.833
2009,8/19/2009,6/23/2010,"Upper Phillips Creek  InundExp2, Site 4, Intact Turf",UPE4,UPM,InundExp2,4,1,2,6,(B)Border Control,c,Spartina patens,41271,.75,0,0,.75,0,37.46,-75.833
2009,8/19/2009,6/25/2010,"Upper Phillips Creek  InundExp2, Site 4, Intact Turf",UPE4,UPM,InundExp2,4,1,2,7,(P)Pumped Plot,a,Distichlis spicata,40662,27.06,31.89,0,58.95,0,37.46,-75.833
2009,8/19/2009,6/25/2010,"Upper Phillips Creek  InundExp2, Site 4, Intact Turf",UPE4,UPM,InundExp2,4,1,2,7,(P)Pumped Plot,a,Spartina patens,41271,13.14,12.44,0,25.58,0,37.46,-75.833
2009,8/19/2009,6/25/2010,"Upper Phillips Creek  InundExp2, Site 4, Intact Turf",UPE4,UPM,InundExp2,4,1,2,7,(P)Pumped Plot,a,Unidentified, ,0,3.64,0,3.64,detritus,37.46,-75.833
2009,8/19/2009,6/24/2010,"Upper Phillips Creek  InundExp2, Site 4, Intact Turf",UPE4,UPM,InundExp2,4,1,2,7,(P)Pumped Plot,b,Distichlis spicata,40662,11.69,14.82,0,26.51,0,37.46,-75.833
2009,8/19/2009,6/24/2010,"Upper Phillips Creek  InundExp2, Site 4, Intact Turf",UPE4,UPM,InundExp2,4,1,2,7,(P)Pumped Plot,b,Spartina patens,41271,28.49,56.5,0,84.99,0,37.46,-75.833
2009,8/19/2009,6/24/2010,"Upper Phillips Creek  InundExp2, Site 4, Intact Turf",UPE4,UPM,InundExp2,4,1,2,7,(P)Pumped Plot,b,Unidentified, ,0,18.28,0,18.28,detritus,37.46,-75.833
2009,8/19/2009,6/23/2010,"Upper Phillips Creek  InundExp2, Site 4, Intact Turf",UPE4,UPM,InundExp2,4,1,2,7,(P)Pumped Plot,c,Distichlis spicata,40662,29.01,10.69,0,39.7,0,37.46,-75.833
2009,8/19/2009,6/23/2010,"Upper Phillips Creek  InundExp2, Site 4, Intact Turf",UPE4,UPM,InundExp2,4,1,2,7,(P)Pumped Plot,c,Spartina patens,41271,26.36,29.03,0,55.39,0,37.46,-75.833
2009,8/19/2009,6/23/2010,"Upper Phillips Creek  InundExp2, Site 4, Intact Turf",UPE4,UPM,InundExp2,4,1,2,7,(P)Pumped Plot,c,Unidentified, ,0,8.62,0,8.62,detritus,37.46,-75.833
2009,8/19/2009,6/25/2010,"Upper Phillips Creek  InundExp2, Site 4, Intact Turf",UPE4,UPM,InundExp2,4,1,2,8,(C)Control Plot,a,Distichlis spicata,40662,28.7,17.47,0,46.17,0,37.46,-75.833
2009,8/19/2009,6/25/2010,"Upper Phillips Creek  InundExp2, Site 4, Intact Turf",UPE4,UPM,InundExp2,4,1,2,8,(C)Control Plot,a,Spartina patens,41271,12.67,2.21,0,14.88,0,37.46,-75.833
2009,8/19/2009,6/25/2010,"Upper Phillips Creek  InundExp2, Site 4, Intact Turf",UPE4,UPM,InundExp2,4,1,2,8,(C)Control Plot,a,Unidentified, ,0,13.4,0,13.4,detritus,37.46,-75.833
2009,8/19/2009,6/25/2010,"Upper Phillips Creek  InundExp2, Site 4, Intact Turf",UPE4,UPM,InundExp2,4,1,2,8,(C)Control Plot,b,Distichlis spicata,40662,23.27,16.98,0,40.25,0,37.46,-75.833
2009,8/19/2009,6/25/2010,"Upper Phillips Creek  InundExp2, Site 4, Intact Turf",UPE4,UPM,InundExp2,4,1,2,8,(C)Control Plot,b,Spartina patens,41271,32,24.86,0,56.86,0,37.46,-75.833
2009,8/19/2009,6/25/2010,"Upper Phillips Creek  InundExp2, Site 4, Intact Turf",UPE4,UPM,InundExp2,4,1,2,8,(C)Control Plot,b,Unidentified, ,0,41.97,0,41.97,detritus,37.46,-75.833
2009,8/19/2009,6/25/2010,"Upper Phillips Creek  InundExp2, Site 4, Intact Turf",UPE4,UPM,InundExp2,4,1,2,8,(C)Control Plot,c,Distichlis spicata,40662,12.07,8.23,0,20.3,0,37.46,-75.833
2009,8/19/2009,6/25/2010,"Upper Phillips Creek  InundExp2, Site 4, Intact Turf",UPE4,UPM,InundExp2,4,1,2,8,(C)Control Plot,c,Spartina patens,41271,20.41,33.93,0,54.34,0,37.46,-75.833
2009,8/19/2009,6/25/2010,"Upper Phillips Creek  InundExp2, Site 4, Intact Turf",UPE4,UPM,InundExp2,4,1,2,8,(C)Control Plot,c,Unidentified, ,0,48.38,0,48.38,detritus,37.46,-75.833
2009,8/19/2009,6/25/2010,"Upper Phillips Creek  InundExp2, Site 5, Hum./Hollow",UPE5,UPM,InundExp2,5,1,1,8,(C)Control Plot,a,Distichlis spicata,40662,18.2,6.76,0,24.96,0,37.46,-75.833
2009,8/19/2009,6/25/2010,"Upper Phillips Creek  InundExp2, Site 5, Hum./Hollow",UPE5,UPM,InundExp2,5,1,1,8,(C)Control Plot,a,Spartina patens,41271,7.48,1.33,0,8.81,0,37.46,-75.833
2009,8/19/2009,6/25/2010,"Upper Phillips Creek  InundExp2, Site 5, Hum./Hollow",UPE5,UPM,InundExp2,5,1,1,8,(C)Control Plot,a,Unidentified, ,0,5.55,0,5.55,detritus,37.46,-75.833
2009,8/19/2009,6/25/2010,"Upper Phillips Creek  InundExp2, Site 5, Hum./Hollow",UPE5,UPM,InundExp2,5,1,1,8,(C)Control Plot,b,Distichlis spicata,40662,16.42,4.91,0,21.33,0,37.46,-75.833
2009,8/19/2009,6/25/2010,"Upper Phillips Creek  InundExp2, Site 5, Hum./Hollow",UPE5,UPM,InundExp2,5,1,1,8,(C)Control Plot,b,Spartina patens,41271,6.98,1.59,0,8.57,0,37.46,-75.833
2009,8/19/2009,6/30/2010,"Upper Phillips Creek  InundExp2, Site 5, Hum./Hollow",UPE5,UPM,InundExp2,5,1,1,8,(C)Control Plot,c,Distichlis spicata,40662,15.13,19.38,0,34.51,0,37.46,-75.833
2009,8/19/2009,6/30/2010,"Upper Phillips Creek  InundExp2, Site 5, Hum./Hollow",UPE5,UPM,InundExp2,5,1,1,8,(C)Control Plot,c,Spartina patens,41271,9.98,7.5,0,17.48,0,37.46,-75.833
2009,8/19/2009,6/30/2010,"Upper Phillips Creek  InundExp2, Site 5, Hum./Hollow",UPE5,UPM,InundExp2,5,1,1,8,(C)Control Plot,c,Unidentified, ,0,2.74,0,2.74,0,37.46,-75.833
2009,8/19/2009,6/30/2010,"Upper Phillips Creek  InundExp2, Site 5, Hum./Hollow",UPE5,UPM,InundExp2,5,1,2,8,(C)Control Plot,a,Distichlis spicata,40662,27.53,25.02,0,52.55,0,37.46,-75.833
2009,8/19/2009,6/30/2010,"Upper Phillips Creek  InundExp2, Site 5, Hum./Hollow",UPE5,UPM,InundExp2,5,1,2,8,(C)Control Plot,a,Spartina patens,41271,3.88,.83,0,4.71,0,37.46,-75.833
2009,8/19/2009,6/30/2010,"Upper Phillips Creek  InundExp2, Site 5, Hum./Hollow",UPE5,UPM,InundExp2,5,1,2,8,(C)Control Plot,a,Unidentified, ,0,5.2,0,5.2,detritus,37.46,-75.833
2009,8/19/2009,6/30/2010,"Upper Phillips Creek  InundExp2, Site 5, Hum./Hollow",UPE5,UPM,InundExp2,5,1,2,8,(C)Control Plot,b,Distichlis spicata,40662,17.02,29,0,46.02,0,37.46,-75.833
2009,8/19/2009,6/30/2010,"Upper Phillips Creek  InundExp2, Site 5, Hum./Hollow",UPE5,UPM,InundExp2,5,1,2,8,(C)Control Plot,b,Spartina patens,41271,6.91,3.87,0,10.78,0,37.46,-75.833
2009,8/19/2009,6/30/2010,"Upper Phillips Creek  InundExp2, Site 5, Hum./Hollow",UPE5,UPM,InundExp2,5,1,2,8,(C)Control Plot,b,Unidentified, ,0,4.58,0,4.58,0,37.46,-75.833
2009,8/19/2009,6/30/2010,"Upper Phillips Creek  InundExp2, Site 5, Hum./Hollow",UPE5,UPM,InundExp2,5,1,2,8,(C)Control Plot,c,Distichlis spicata,40662,20.68,11.34,0,32.02,0,37.46,-75.833
2009,8/19/2009,6/7/2010,"Upper Phillips Creek InundExp2, Site 1, Creekbank",UPE1,UPM,InundExp2,1,1,1,8,(C)Control Plot,a,Spartina alterniflora,41267,9.8,7.67,0,17.47,0,37.46,-75.833
2009,8/19/2009,6/7/2010,"Upper Phillips Creek InundExp2, Site 1, Creekbank",UPE1,UPM,InundExp2,1,1,1,8,(C)Control Plot,b,Spartina alterniflora,41267,33.73,3.61,0,37.34,0,37.46,-75.833
2009,8/19/2009,6/7/2010,"Upper Phillips Creek InundExp2, Site 1, Creekbank",UPE1,UPM,InundExp2,1,1,1,8,(C)Control Plot,c,Spartina alterniflora,41267,26.52,19.83,0,46.35,0,37.46,-75.833
2009,8/19/2009,6/7/2010,"Upper Phillips Creek InundExp2, Site 1, Creekbank",UPE1,UPM,InundExp2,1,1,2,8,(C)Control Plot,a,Aster tenuifolius,35517,.72,.12,0,.84,0,37.46,-75.833
2009,8/19/2009,6/7/2010,"Upper Phillips Creek InundExp2, Site 1, Creekbank",UPE1,UPM,InundExp2,1,1,2,8,(C)Control Plot,a,Spartina alterniflora,41267,77.48,3.9,0,81.38,0,37.46,-75.833
2009,8/19/2009,6/7/2010,"Upper Phillips Creek InundExp2, Site 1, Creekbank",UPE1,UPM,InundExp2,1,1,2,8,(C)Control Plot,b,Aster tenuifolius,35517,.01,0,0,.01,0,37.46,-75.833
2009,8/19/2009,6/7/2010,"Upper Phillips Creek InundExp2, Site 1, Creekbank",UPE1,UPM,InundExp2,1,1,2,8,(C)Control Plot,b,Distichlis spicata,40662,5.6,0,0,5.6,0,37.46,-75.833
2009,8/19/2009,6/7/2010,"Upper Phillips Creek InundExp2, Site 1, Creekbank",UPE1,UPM,InundExp2,1,1,2,8,(C)Control Plot,b,Spartina patens,41271,55.3,0,0,55.3,0,37.46,-75.833
2009,8/19/2009,6/7/2010,"Upper Phillips Creek InundExp2, Site 1, Creekbank",UPE1,UPM,InundExp2,1,1,2,8,(C)Control Plot,b,Unidentified, ,0,17.4,0,17.4,"mixture of dead, mostly patens, few spicata",37.46,-75.833
2009,8/19/2009,6/7/2010,"Upper Phillips Creek InundExp2, Site 1, Creekbank",UPE1,UPM,InundExp2,1,1,2,8,(C)Control Plot,c,Aster tenuifolius,35517,15.92,.33,0,16.25,0,37.46,-75.833
2009,8/19/2009,6/7/2010,"Upper Phillips Creek InundExp2, Site 1, Creekbank",UPE1,UPM,InundExp2,1,1,2,8,(C)Control Plot,c,Distichlis spicata,40662,2.73,0,0,2.73,0,37.46,-75.833
2009,8/19/2009,6/7/2010,"Upper Phillips Creek InundExp2, Site 1, Creekbank",UPE1,UPM,InundExp2,1,1,2,8,(C)Control Plot,c,Spartina patens,41271,.54,0,0,.54,0,37.46,-75.833
2009,8/19/2009,6/7/2010,"Upper Phillips Creek InundExp2, Site 1, Creekbank",UPE1,UPM,InundExp2,1,1,2,8,(C)Control Plot,c,Unidentified, ,0,4.35,0,4.35,mixture of dead patens and spicata,37.46,-75.833
2010,8/12/2010,10/28/2010,"Upper Phillips Creek  InundExp2, Site 2, Intact Turf",UPE2,UPM,InundExp2,2,1,1,8,(C)Control Plot,a,Distichlis spicata,40662,1.02,.21,0,1.23,0,37.46,-75.833
2010,8/12/2010,10/28/2010,"Upper Phillips Creek  InundExp2, Site 2, Intact Turf",UPE2,UPM,InundExp2,2,1,1,8,(C)Control Plot,a,Spartina patens,41271,32.41,19.55,0,51.96,0,37.46,-75.833
2010,8/12/2010,10/28/2010,"Upper Phillips Creek  InundExp2, Site 2, Intact Turf",UPE2,UPM,InundExp2,2,1,1,8,(C)Control Plot,b,Distichlis spicata,40662,4.36,3.39,0,7.75,0,37.46,-75.833
2010,8/12/2010,10/28/2010,"Upper Phillips Creek  InundExp2, Site 2, Intact Turf",UPE2,UPM,InundExp2,2,1,1,8,(C)Control Plot,b,Spartina patens,41271,35.93,20.51,0,56.44,0,37.46,-75.833
2010,8/12/2010,11/2/2010,"Upper Phillips Creek  InundExp2, Site 2, Intact Turf",UPE2,UPM,InundExp2,2,1,1,8,(C)Control Plot,c,Distichlis spicata,40662,.71,.46,0,1.17,0,37.46,-75.833
2010,8/12/2010,11/2/2010,"Upper Phillips Creek  InundExp2, Site 2, Intact Turf",UPE2,UPM,InundExp2,2,1,1,8,(C)Control Plot,c,Spartina patens,41271,18.39,31.56,0,49.95,0,37.46,-75.833
2010,8/12/2010,11/2/2010,"Upper Phillips Creek  InundExp2, Site 2, Intact Turf",UPE2,UPM,InundExp2,2,1,2,8,(C)Control Plot,a,Distichlis spicata,40662,6.08,1.2,0,7.28,0,37.46,-75.833
2010,8/12/2010,11/2/2010,"Upper Phillips Creek  InundExp2, Site 2, Intact Turf",UPE2,UPM,InundExp2,2,1,2,8,(C)Control Plot,a,Fimbristylis spadicea,40108,10.75,0,0,10.75,0,37.46,-75.833
2010,8/12/2010,11/2/2010,"Upper Phillips Creek  InundExp2, Site 2, Intact Turf",UPE2,UPM,InundExp2,2,1,2,8,(C)Control Plot,a,Spartina patens,41271,4.58,16.77,0,21.35,0,37.46,-75.833
2010,8/12/2010,11/2/2010,"Upper Phillips Creek  InundExp2, Site 2, Intact Turf",UPE2,UPM,InundExp2,2,1,2,8,(C)Control Plot,b,Distichlis spicata,40662,.99,1.09,0,2.08,0,37.46,-75.833
2010,8/12/2010,11/2/2010,"Upper Phillips Creek  InundExp2, Site 2, Intact Turf",UPE2,UPM,InundExp2,2,1,2,8,(C)Control Plot,b,Fimbristylis spadicea,40108,13.73,5.12,0,18.85,0,37.46,-75.833
2010,8/12/2010,11/2/2010,"Upper Phillips Creek  InundExp2, Site 2, Intact Turf",UPE2,UPM,InundExp2,2,1,2,8,(C)Control Plot,b,Spartina patens,41271,5.01,11.2,0,16.21,0,37.46,-75.833
2010,8/12/2010,11/2/2010,"Upper Phillips Creek  InundExp2, Site 2, Intact Turf",UPE2,UPM,InundExp2,2,1,2,8,(C)Control Plot,c,Distichlis spicata,40662,2.86,2.63,0,5.49,0,37.46,-75.833
2010,8/12/2010,11/2/2010,"Upper Phillips Creek  InundExp2, Site 2, Intact Turf",UPE2,UPM,InundExp2,2,1,2,8,(C)Control Plot,c,Fimbristylis spadicea,40108,2.51,.22,0,2.73,0,37.46,-75.833
2010,8/12/2010,11/2/2010,"Upper Phillips Creek  InundExp2, Site 2, Intact Turf",UPE2,UPM,InundExp2,2,1,2,8,(C)Control Plot,c,Spartina patens,41271,32.48,41.68,0,74.16,0,37.46,-75.833
2010,8/12/2010,11/2/2010,"Upper Phillips Creek  InundExp2, Site 3, Hum./Hollow",UPE3,UPM,InundExp2,3,1,1,8,(C)Control Plot,a,Distichlis spicata,40662,16.4,16.82,0,33.22,0,37.46,-75.833
2010,8/12/2010,11/2/2010,"Upper Phillips Creek  InundExp2, Site 3, Hum./Hollow",UPE3,UPM,InundExp2,3,1,1,8,(C)Control Plot,a,Spartina patens,41271,33.57,24.48,0,58.05,0,37.46,-75.833
2010,8/12/2010,11/2/2010,"Upper Phillips Creek  InundExp2, Site 3, Hum./Hollow",UPE3,UPM,InundExp2,3,1,1,8,(C)Control Plot,b,Distichlis spicata,40662,14.05,4.35,0,18.4,0,37.46,-75.833
2010,8/12/2010,11/2/2010,"Upper Phillips Creek  InundExp2, Site 3, Hum./Hollow",UPE3,UPM,InundExp2,3,1,1,8,(C)Control Plot,b,Spartina patens,41271,21.03,3.09,0,24.12,0,37.46,-75.833
2010,8/12/2010,11/4/2010,"Upper Phillips Creek  InundExp2, Site 3, Hum./Hollow",UPE3,UPM,InundExp2,3,1,1,8,(C)Control Plot,c,Distichlis spicata,40662,14.95,6.8,0,21.75,0,37.46,-75.833
2010,8/12/2010,11/4/2010,"Upper Phillips Creek  InundExp2, Site 3, Hum./Hollow",UPE3,UPM,InundExp2,3,1,1,8,(C)Control Plot,c,Spartina patens,41271,18.21,1.56,0,19.77,0,37.46,-75.833
2010,8/12/2010,11/4/2010,"Upper Phillips Creek  InundExp2, Site 3, Hum./Hollow",UPE3,UPM,InundExp2,3,1,2,8,(C)Control Plot,a,Distichlis spicata,40662,19.23,33.97,0,53.2,0,37.46,-75.833
2010,8/12/2010,11/4/2010,"Upper Phillips Creek  InundExp2, Site 3, Hum./Hollow",UPE3,UPM,InundExp2,3,1,2,8,(C)Control Plot,a,Spartina patens,41271,1.56,1.8,0,3.36,0,37.46,-75.833
2010,8/12/2010,11/4/2010,"Upper Phillips Creek  InundExp2, Site 3, Hum./Hollow",UPE3,UPM,InundExp2,3,1,2,8,(C)Control Plot,b,Distichlis spicata,40662,25.1,20.8,0,45.9,0,37.46,-75.833
2010,8/12/2010,11/4/2010,"Upper Phillips Creek  InundExp2, Site 3, Hum./Hollow",UPE3,UPM,InundExp2,3,1,2,8,(C)Control Plot,b,Spartina patens,41271,11.7,6.93,0,18.63,0,37.46,-75.833
2010,8/12/2010,11/5/2010,"Upper Phillips Creek  InundExp2, Site 3, Hum./Hollow",UPE3,UPM,InundExp2,3,1,2,8,(C)Control Plot,c,Distichlis spicata,40662,15.24,14.2,0,29.44,0,37.46,-75.833
2010,8/12/2010,11/5/2010,"Upper Phillips Creek  InundExp2, Site 3, Hum./Hollow",UPE3,UPM,InundExp2,3,1,2,8,(C)Control Plot,c,Spartina patens,41271,32.55,27.34,0,59.89,0,37.46,-75.833
2010,8/12/2010,11/9/2010,"Upper Phillips Creek  InundExp2, Site 4, Intact Turf",UPE4,UPM,InundExp2,4,1,1,8,(C)Control Plot,a,Distichlis spicata,40662,21.46,23.03,0,44.49,0,37.46,-75.833
2010,8/12/2010,11/9/2010,"Upper Phillips Creek  InundExp2, Site 4, Intact Turf",UPE4,UPM,InundExp2,4,1,1,8,(C)Control Plot,a,Spartina patens,41271,23.5,43.15,0,66.65,0,37.46,-75.833
2010,8/12/2010,11/9/2010,"Upper Phillips Creek  InundExp2, Site 4, Intact Turf",UPE4,UPM,InundExp2,4,1,1,8,(C)Control Plot,b,Distichlis spicata,40662,13.97,7.04,0,21.01,0,37.46,-75.833
2010,8/12/2010,11/9/2010,"Upper Phillips Creek  InundExp2, Site 4, Intact Turf",UPE4,UPM,InundExp2,4,1,1,8,(C)Control Plot,b,Spartina patens,41271,16.5,21.69,0,38.19,0,37.46,-75.833
2010,8/12/2010,11/9/2010,"Upper Phillips Creek  InundExp2, Site 4, Intact Turf",UPE4,UPM,InundExp2,4,1,1,8,(C)Control Plot,c,Distichlis spicata,40662,6.46,5.02,0,11.48,0,37.46,-75.833
2010,8/12/2010,11/9/2010,"Upper Phillips Creek  InundExp2, Site 4, Intact Turf",UPE4,UPM,InundExp2,4,1,1,8,(C)Control Plot,c,Spartina patens,41271,27.08,28.23,0,55.31,0,37.46,-75.833
2010,8/12/2010,11/9/2010,"Upper Phillips Creek  InundExp2, Site 4, Intact Turf",UPE4,UPM,InundExp2,4,1,2,8,(C)Control Plot,a,Distichlis spicata,40662,8.27,11.27,0,19.54,0,37.46,-75.833
2010,8/12/2010,11/9/2010,"Upper Phillips Creek  InundExp2, Site 4, Intact Turf",UPE4,UPM,InundExp2,4,1,2,8,(C)Control Plot,a,Spartina patens,41271,13.65,31.86,0,45.51,0,37.46,-75.833
2010,8/12/2010,11/9/2010,"Upper Phillips Creek  InundExp2, Site 4, Intact Turf",UPE4,UPM,InundExp2,4,1,2,8,(C)Control Plot,b,Distichlis spicata,40662,13.02,14.49,0,27.51,0,37.46,-75.833
2010,8/12/2010,11/9/2010,"Upper Phillips Creek  InundExp2, Site 4, Intact Turf",UPE4,UPM,InundExp2,4,1,2,8,(C)Control Plot,b,Spartina patens,41271,23.47,34.1,0,57.57,0,37.46,-75.833
2010,8/12/2010,11/9/2010,"Upper Phillips Creek  InundExp2, Site 4, Intact Turf",UPE4,UPM,InundExp2,4,1,2,8,(C)Control Plot,c,Distichlis spicata,40662,15.49,12.14,0,27.63,0,37.46,-75.833
2010,8/12/2010,11/9/2010,"Upper Phillips Creek  InundExp2, Site 4, Intact Turf",UPE4,UPM,InundExp2,4,1,2,8,(C)Control Plot,c,Spartina patens,41271,26.46,46.05,0,72.51,0,37.46,-75.833
2010,8/12/2010,11/11/2010,"Upper Phillips Creek  InundExp2, Site 5, Hum./Hollow",UPE5,UPM,InundExp2,5,1,1,8,(C)Control Plot,a,Distichlis spicata,40662,15.72,23.07,0,38.79,0,37.46,-75.833
2010,8/12/2010,11/11/2010,"Upper Phillips Creek  InundExp2, Site 5, Hum./Hollow",UPE5,UPM,InundExp2,5,1,1,8,(C)Control Plot,a,Spartina patens,41271,.58,.17,0,.75,0,37.46,-75.833
2010,8/12/2010,11/11/2010,"Upper Phillips Creek  InundExp2, Site 5, Hum./Hollow",UPE5,UPM,InundExp2,5,1,1,8,(C)Control Plot,a,Woody debris, ,0,.25,0,.25,0,37.46,-75.833
2010,8/12/2010,11/11/2010,"Upper Phillips Creek  InundExp2, Site 5, Hum./Hollow",UPE5,UPM,InundExp2,5,1,1,8,(C)Control Plot,b,Distichlis spicata,40662,4.27,10.21,0,14.48,0,37.46,-75.833
2010,8/12/2010,11/11/2010,"Upper Phillips Creek  InundExp2, Site 5, Hum./Hollow",UPE5,UPM,InundExp2,5,1,1,8,(C)Control Plot,b,Spartina patens,41271,.18,0,0,.18,0,37.46,-75.833
2010,8/12/2010,11/11/2010,"Upper Phillips Creek  InundExp2, Site 5, Hum./Hollow",UPE5,UPM,InundExp2,5,1,1,8,(C)Control Plot,c,Distichlis spicata,40662,6.99,16.26,0,23.25,0,37.46,-75.833
2010,8/12/2010,11/11/2010,"Upper Phillips Creek  InundExp2, Site 5, Hum./Hollow",UPE5,UPM,InundExp2,5,1,1,8,(C)Control Plot,c,Spartina patens,41271,1.48,7.85,0,9.33,0,37.46,-75.833
2010,8/12/2010,11/11/2010,"Upper Phillips Creek  InundExp2, Site 5, Hum./Hollow",UPE5,UPM,InundExp2,5,1,2,8,(C)Control Plot,a,Distichlis spicata,40662,6.68,13.07,0,19.75,0,37.46,-75.833
2010,8/12/2010,11/11/2010,"Upper Phillips Creek  InundExp2, Site 5, Hum./Hollow",UPE5,UPM,InundExp2,5,1,2,8,(C)Control Plot,a,Spartina patens,41271,1.34,.74,0,2.08,0,37.46,-75.833
2010,8/12/2010,11/11/2010,"Upper Phillips Creek  InundExp2, Site 5, Hum./Hollow",UPE5,UPM,InundExp2,5,1,2,8,(C)Control Plot,b,Distichlis spicata,40662,5.99,12.44,0,18.43,0,37.46,-75.833
2010,8/12/2010,11/11/2010,"Upper Phillips Creek  InundExp2, Site 5, Hum./Hollow",UPE5,UPM,InundExp2,5,1,2,8,(C)Control Plot,b,Spartina patens,41271,11.04,8.31,0,19.35,0,37.46,-75.833
2010,8/12/2010,11/11/2010,"Upper Phillips Creek  InundExp2, Site 5, Hum./Hollow",UPE5,UPM,InundExp2,5,1,2,8,(C)Control Plot,c,Distichlis spicata,40662,6.98,13.36,0,20.34,0,37.46,-75.833
2010,8/12/2010,11/11/2010,"Upper Phillips Creek  InundExp2, Site 5, Hum./Hollow",UPE5,UPM,InundExp2,5,1,2,8,(C)Control Plot,c,Spartina patens,41271,2.81,1.58,0,4.39,0,37.46,-75.833
2010,8/12/2010,10/28/2010,"Upper Phillips Creek InundExp2, Site 1, Creekbank",UPE1,UPM,InundExp2,1,1,1,8,(C)Control Plot,a,Spartina alterniflora,41267,11.8,0,0,11.8,0,37.46,-75.833
2010,8/12/2010,10/28/2010,"Upper Phillips Creek InundExp2, Site 1, Creekbank",UPE1,UPM,InundExp2,1,1,1,8,(C)Control Plot,b,Distichlis spicata,40662,.75,.81,0,1.56,0,37.46,-75.833
2010,8/12/2010,10/28/2010,"Upper Phillips Creek InundExp2, Site 1, Creekbank",UPE1,UPM,InundExp2,1,1,1,8,(C)Control Plot,c,Distichlis spicata,40662,2.3,4.54,0,6.84,0,37.46,-75.833
2010,8/12/2010,10/28/2010,"Upper Phillips Creek InundExp2, Site 1, Creekbank",UPE1,UPM,InundExp2,1,1,1,8,(C)Control Plot,c,Spartina patens,41271,5.43,23.15,0,28.58,0,37.46,-75.833
2010,8/12/2010,10/28/2010,"Upper Phillips Creek InundExp2, Site 1, Creekbank",UPE1,UPM,InundExp2,1,1,2,8,(C)Control Plot,a,Distichlis spicata,40662,19.58,10.57,0,30.15,0,37.46,-75.833
2010,8/12/2010,10/28/2010,"Upper Phillips Creek InundExp2, Site 1, Creekbank",UPE1,UPM,InundExp2,1,1,2,8,(C)Control Plot,a,Limonium carolinianum,21330,2.79,0,0,2.79,0,37.46,-75.833
2010,8/12/2010,10/28/2010,"Upper Phillips Creek InundExp2, Site 1, Creekbank",UPE1,UPM,InundExp2,1,1,2,8,(C)Control Plot,a,Spartina patens,41271,16.59,7.36,0,23.95,0,37.46,-75.833
2010,8/12/2010,10/28/2010,"Upper Phillips Creek InundExp2, Site 1, Creekbank",UPE1,UPM,InundExp2,1,1,2,8,(C)Control Plot,b,Distichlis spicata,40662,10.11,9.49,0,19.6,0,37.46,-75.833
2010,8/12/2010,10/28/2010,"Upper Phillips Creek InundExp2, Site 1, Creekbank",UPE1,UPM,InundExp2,1,1,2,8,(C)Control Plot,b,Limonium carolinianum,21330,.37,0,0,.37,0,37.46,-75.833
2010,8/12/2010,10/28/2010,"Upper Phillips Creek InundExp2, Site 1, Creekbank",UPE1,UPM,InundExp2,1,1,2,8,(C)Control Plot,b,Spartina patens,41271,34.82,19.24,0,54.06,0,37.46,-75.833
2010,8/12/2010,10/28/2010,"Upper Phillips Creek InundExp2, Site 1, Creekbank",UPE1,UPM,InundExp2,1,1,2,8,(C)Control Plot,c,Distichlis spicata,40662,7.48,7.89,0,15.37,0,37.46,-75.833
2010,8/12/2010,10/28/2010,"Upper Phillips Creek InundExp2, Site 1, Creekbank",UPE1,UPM,InundExp2,1,1,2,8,(C)Control Plot,c,Limonium carolinianum,21330,1.29,0,0,1.29,0,37.46,-75.833
2010,8/12/2010,10/28/2010,"Upper Phillips Creek InundExp2, Site 1, Creekbank",UPE1,UPM,InundExp2,1,1,2,8,(C)Control Plot,c,Spartina patens,41271,9.12,5.92,0,15.04,0,37.46,-75.833
