"","source","Date","Treatment","means","response_sd","sample_size","CV"
"1","AND_plant_biomass_2002-2021_processed.csv","2002","1",1.73333333333333,NA,1,NA
"2","AND_plant_biomass_2002-2021_processed.csv","2002","14",0.38,0.254558441227157,2,0.669890634808308
"3","AND_plant_biomass_2002-2021_processed.csv","2002","18",0.49375,0.291681547239451,2,0.590747437446989
"4","AND_plant_biomass_2002-2021_processed.csv","2002","19",0.777777777777778,NA,1,NA
"5","AND_plant_biomass_2002-2021_processed.csv","2002","20",2.39,NA,1,NA
"6","AND_plant_biomass_2002-2021_processed.csv","2002","21",4.7,NA,1,NA
"7","AND_plant_biomass_2002-2021_processed.csv","2002","22",3.53,NA,1,NA
"8","AND_plant_biomass_2002-2021_processed.csv","2002","23",0.6,NA,1,NA
"9","AND_plant_biomass_2002-2021_processed.csv","2002","24",0.342857142857143,NA,1,NA
"10","AND_plant_biomass_2002-2021_processed.csv","2002","26",0.442857142857143,NA,1,NA
"11","AND_plant_biomass_2002-2021_processed.csv","2002","3",0.4,NA,1,NA
"12","AND_plant_biomass_2002-2021_processed.csv","2002","39",1.775,0.247487373415292,2,0.13942950614946
"13","AND_plant_biomass_2002-2021_processed.csv","2002","4",0.233333333333333,NA,1,NA
"14","AND_plant_biomass_2002-2021_processed.csv","2002","41",0.480952380952381,0.356920565741781,2,0.7421120673839
"15","AND_plant_biomass_2002-2021_processed.csv","2002","43",1.45420168067227,1.18782055091757,2,0.816819679625488
"16","AND_plant_biomass_2002-2021_processed.csv","2002","45",1.6,NA,1,NA
"17","AND_plant_biomass_2002-2021_processed.csv","2002","47",0.7,NA,1,NA
"18","AND_plant_biomass_2002-2021_processed.csv","2002","49",1.55714285714286,NA,1,NA
"19","AND_plant_biomass_2002-2021_processed.csv","2002","54",1.12666666666667,NA,1,NA
"20","AND_plant_biomass_2002-2021_processed.csv","2002","56",0.333333333333333,NA,1,NA
"21","AND_plant_biomass_2002-2021_processed.csv","2002","58",0.873684210526316,NA,1,NA
"22","AND_plant_biomass_2002-2021_processed.csv","2002","59",1.96666666666667,NA,1,NA
"23","AND_plant_biomass_2002-2021_processed.csv","2002","6",0.827272727272727,NA,1,NA
"24","AND_plant_biomass_2002-2021_processed.csv","2002","60",1.12857142857143,NA,1,NA
"25","AND_plant_biomass_2002-2021_processed.csv","2002","61",0.325,NA,1,NA
"26","AND_plant_biomass_2002-2021_processed.csv","2002","63",0.55,NA,1,NA
"27","AND_plant_biomass_2002-2021_processed.csv","2002","65",0.625,0.106066017177982,2,0.169705627484771
"28","AND_plant_biomass_2002-2021_processed.csv","2002","66",1.77106227106227,0.727827859023516,2,0.410955543978117
"29","AND_plant_biomass_2002-2021_processed.csv","2002","67",1.32261904761905,0.361971328464541,2,0.273677692088401
"30","AND_plant_biomass_2002-2021_processed.csv","2002","68",1.20516666666666,0.0751890210661672,2,0.0623888986857978
"31","AND_plant_biomass_2002-2021_processed.csv","2002","69",1.283125,0.53298173631936,2,0.415377875358488
"32","AND_plant_biomass_2002-2021_processed.csv","2002","70",0.623529411764706,NA,1,NA
"33","AND_plant_biomass_2002-2021_processed.csv","2008","1",0.3,NA,1,NA
"34","AND_plant_biomass_2002-2021_processed.csv","2008","14",0.983870967741935,NA,1,NA
"35","AND_plant_biomass_2002-2021_processed.csv","2008","18",0.21,0.0141421356237309,2,0.0673435029701474
"36","AND_plant_biomass_2002-2021_processed.csv","2008","19",0.256944444444444,0.0451762665758073,2,0.175821145592331
"37","AND_plant_biomass_2002-2021_processed.csv","2008","20",0.477777777777778,NA,1,NA
"38","AND_plant_biomass_2002-2021_processed.csv","2008","21",5.5,NA,1,NA
"39","AND_plant_biomass_2002-2021_processed.csv","2008","22",2.16666666666667,NA,1,NA
"40","AND_plant_biomass_2002-2021_processed.csv","2008","24",0.35,NA,1,NA
"41","AND_plant_biomass_2002-2021_processed.csv","2008","26",0.3,NA,1,NA
"42","AND_plant_biomass_2002-2021_processed.csv","2008","3",0.625,NA,1,NA
"43","AND_plant_biomass_2002-2021_processed.csv","2008","38",1.675,NA,1,NA
"44","AND_plant_biomass_2002-2021_processed.csv","2008","39",1.53272727272727,0.971950411958237,2,0.634131348252705
"45","AND_plant_biomass_2002-2021_processed.csv","2008","4",0.34,NA,1,NA
"46","AND_plant_biomass_2002-2021_processed.csv","2008","41",0.48125,0.256326208180123,2,0.532625887127529
"47","AND_plant_biomass_2002-2021_processed.csv","2008","43",0.925939849624059,0.945821777241252,2,1.02147215893696
"48","AND_plant_biomass_2002-2021_processed.csv","2008","45",0.683333333333334,0.188561808316413,2,0.275944109731336
"49","AND_plant_biomass_2002-2021_processed.csv","2008","47",0.516666666666667,NA,1,NA
"50","AND_plant_biomass_2002-2021_processed.csv","2008","49",1.71666666666667,NA,1,NA
"51","AND_plant_biomass_2002-2021_processed.csv","2008","54",1.34285714285714,NA,1,NA
"52","AND_plant_biomass_2002-2021_processed.csv","2008","56",0.16,NA,1,NA
"53","AND_plant_biomass_2002-2021_processed.csv","2008","58",0.5375,NA,1,NA
"54","AND_plant_biomass_2002-2021_processed.csv","2008","59",0.8875,NA,1,NA
"55","AND_plant_biomass_2002-2021_processed.csv","2008","6",0.752941176470588,NA,1,NA
"56","AND_plant_biomass_2002-2021_processed.csv","2008","60",0.935294117647059,NA,1,NA
"57","AND_plant_biomass_2002-2021_processed.csv","2008","61",0.563636363636364,NA,1,NA
"58","AND_plant_biomass_2002-2021_processed.csv","2008","63",0.4,NA,1,NA
"59","AND_plant_biomass_2002-2021_processed.csv","2008","65",0.529230769230769,0.154475635274599,2,0.291887101536307
"60","AND_plant_biomass_2002-2021_processed.csv","2008","66",1.02899853264857,0.0199473629762419,2,0.0193852200400119
"61","AND_plant_biomass_2002-2021_processed.csv","2008","67",0.946428571428572,0.323248814256707,2,0.341545916950483
"62","AND_plant_biomass_2002-2021_processed.csv","2008","68",1.085,0.190918830920368,2,0.175962056147804
"63","AND_plant_biomass_2002-2021_processed.csv","2008","69",1.1776836158192,0.220121941488017,2,0.186910931366654
"64","AND_plant_biomass_2002-2021_processed.csv","2008","70",0.881818181818182,NA,1,NA
"65","AND_plant_biomass_2002-2021_processed.csv","2014","14",0.991666666666667,NA,1,NA
"66","AND_plant_biomass_2002-2021_processed.csv","2014","18",0.171428571428571,0.0404061017820883,2,0.235702260395515
"67","AND_plant_biomass_2002-2021_processed.csv","2014","19",0.3,0.282842712474619,2,0.942809041582063
"68","AND_plant_biomass_2002-2021_processed.csv","2014","20",1,NA,1,NA
"69","AND_plant_biomass_2002-2021_processed.csv","2014","21",6.7,NA,1,NA
"70","AND_plant_biomass_2002-2021_processed.csv","2014","22",3.01666666666667,NA,1,NA
"71","AND_plant_biomass_2002-2021_processed.csv","2014","24",0.314285714285714,NA,1,NA
"72","AND_plant_biomass_2002-2021_processed.csv","2014","26",0.1,NA,1,NA
"73","AND_plant_biomass_2002-2021_processed.csv","2014","3",0.583333333333333,NA,1,NA
"74","AND_plant_biomass_2002-2021_processed.csv","2014","39",1.40555555555556,0.557828682936055,2,0.396874161772688
"75","AND_plant_biomass_2002-2021_processed.csv","2014","4",0.35,NA,1,NA
"76","AND_plant_biomass_2002-2021_processed.csv","2014","41",0.486111111111111,0.192490179323004,2,0.395979797464466
"77","AND_plant_biomass_2002-2021_processed.csv","2014","43",0.441666666666667,0.388908729652601,2,0.880548067137964
"78","AND_plant_biomass_2002-2021_processed.csv","2014","45",0.79,0.975807358037436,2,1.23519918738916
"79","AND_plant_biomass_2002-2021_processed.csv","2014","47",0.6,NA,1,NA
"80","AND_plant_biomass_2002-2021_processed.csv","2014","49",1.6,NA,1,NA
"81","AND_plant_biomass_2002-2021_processed.csv","2014","54",1.6375,NA,1,NA
"82","AND_plant_biomass_2002-2021_processed.csv","2014","56",0.18,NA,1,NA
"83","AND_plant_biomass_2002-2021_processed.csv","2014","58",0.29375,NA,1,NA
"84","AND_plant_biomass_2002-2021_processed.csv","2014","59",0.990909090909091,NA,1,NA
"85","AND_plant_biomass_2002-2021_processed.csv","2014","6",1.09230769230769,NA,1,NA
"86","AND_plant_biomass_2002-2021_processed.csv","2014","60",0.721428571428571,NA,1,NA
"87","AND_plant_biomass_2002-2021_processed.csv","2014","61",0.4125,NA,1,NA
"88","AND_plant_biomass_2002-2021_processed.csv","2014","63",0.15,NA,1,NA
"89","AND_plant_biomass_2002-2021_processed.csv","2014","65",0.389583333333333,0.0795495128834866,2,0.204191263016436
"90","AND_plant_biomass_2002-2021_processed.csv","2014","66",1.14439393939394,0.0722106015939045,2,0.0630994267866768
"91","AND_plant_biomass_2002-2021_processed.csv","2014","67",0.732565789473684,0.537308113335831,2,0.733460558841907
"92","AND_plant_biomass_2002-2021_processed.csv","2014","68",0.742857142857143,0.886038247205055,3,1.1927437943145
"93","AND_plant_biomass_2002-2021_processed.csv","2014","69",1.28888888888889,0.345696648580091,2,0.268212917001795
"94","AND_plant_biomass_2002-2021_processed.csv","2014","70",0.820289855072464,NA,1,NA
"95","AND_plant_biomass_2002-2021_processed.csv","2021","1",8.65,NA,1,NA
"96","AND_plant_biomass_2002-2021_processed.csv","2021","14",2.89285714285714,2.91934085375589,2,1.00915486302673
"97","AND_plant_biomass_2002-2021_processed.csv","2021","18",0.116666666666667,0.0235702260395513,2,0.20203050891044
"98","AND_plant_biomass_2002-2021_processed.csv","2021","19",6.26666666666668,8.34386001800128,2,1.33146702414914
"99","AND_plant_biomass_2002-2021_processed.csv","2021","20",0.925,NA,1,NA
"100","AND_plant_biomass_2002-2021_processed.csv","2021","21",7.5,NA,1,NA
"101","AND_plant_biomass_2002-2021_processed.csv","2021","22",3.52,NA,1,NA
"102","AND_plant_biomass_2002-2021_processed.csv","2021","23",0.1,NA,1,NA
"103","AND_plant_biomass_2002-2021_processed.csv","2021","24",0.3,NA,1,NA
"104","AND_plant_biomass_2002-2021_processed.csv","2021","25",0.2,NA,1,NA
"105","AND_plant_biomass_2002-2021_processed.csv","2021","26",0.1,NA,1,NA
"106","AND_plant_biomass_2002-2021_processed.csv","2021","3",0.26,NA,1,NA
"107","AND_plant_biomass_2002-2021_processed.csv","2021","38",0.1,NA,1,NA
"108","AND_plant_biomass_2002-2021_processed.csv","2021","39",1.35416666666666,0.312305495024061,2,0.230625596325461
"109","AND_plant_biomass_2002-2021_processed.csv","2021","4",0.166666666666667,NA,1,NA
"110","AND_plant_biomass_2002-2021_processed.csv","2021","41",0.383333333333334,0.164991582276861,2,0.430412823330941
"111","AND_plant_biomass_2002-2021_processed.csv","2021","43",0.316666666666666,0.30641293851417,2,0.967619805834223
"112","AND_plant_biomass_2002-2021_processed.csv","2021","45",4.61666666666667,3.55910413197229,2,0.77092508273768
"113","AND_plant_biomass_2002-2021_processed.csv","2021","47",0.3,NA,1,NA
"114","AND_plant_biomass_2002-2021_processed.csv","2021","54",2.65,NA,1,NA
"115","AND_plant_biomass_2002-2021_processed.csv","2021","56",0.1,NA,1,NA
"116","AND_plant_biomass_2002-2021_processed.csv","2021","58",0.4,NA,1,NA
"117","AND_plant_biomass_2002-2021_processed.csv","2021","59",3.87,NA,1,NA
"118","AND_plant_biomass_2002-2021_processed.csv","2021","6",0.890909090909091,NA,1,NA
"119","AND_plant_biomass_2002-2021_processed.csv","2021","60",0.183333333333333,NA,1,NA
"120","AND_plant_biomass_2002-2021_processed.csv","2021","61",0.4,NA,1,NA
"121","AND_plant_biomass_2002-2021_processed.csv","2021","63",0.133333333333333,NA,1,NA
"122","AND_plant_biomass_2002-2021_processed.csv","2021","65",0.55,NA,1,NA
"123","AND_plant_biomass_2002-2021_processed.csv","2021","66",0.945,0.346482322781408,2,0.366647960615247
"124","AND_plant_biomass_2002-2021_processed.csv","2021","67",0.781666666666667,0.775460436701247,2,0.992060260172172
"125","AND_plant_biomass_2002-2021_processed.csv","2021","68",0.534375,0.472877659918504,2,0.884917258327024
"126","AND_plant_biomass_2002-2021_processed.csv","2021","69",0.748,0.633567675943147,2,0.847015609549661
"127","AND_plant_biomass_2002-2021_processed.csv","2021","70",0.83,NA,1,NA
"128","ARC_Biomass_1982-2015_processed.csv","1982","Control",984.1234375,328.209444031448,4,0.333504346634818
"129","ARC_Biomass_1982-2015_processed.csv","1983","Control",957.02521875,162.617049021568,4,0.169919293489431
"130","ARC_Biomass_1982-2015_processed.csv","1983","GH",699.0171875,175.777720841239,4,0.251464089845773
"131","ARC_Biomass_1982-2015_processed.csv","1983","GHNP",796.1478125,151.931821155271,4,0.19083368536577
"132","ARC_Biomass_1982-2015_processed.csv","1983","NP",1196.5309375,168.227544462896,4,0.140596067506943
"133","ARC_Biomass_1982-2015_processed.csv","1983","SH",648.8259375,77.0088402215331,4,0.118689521751021
"134","ARC_Biomass_1982-2015_processed.csv","1984","Control",260.93125,23.4003636679362,4,0.0896801884325322
"135","ARC_Biomass_1982-2015_processed.csv","1984","NP",333.015,116.203706324461,4,0.348944360837984
"136","ARC_Biomass_1982-2015_processed.csv","1989","Control",1006.34125,148.522731800416,4,0.147586846708724
"137","ARC_Biomass_1982-2015_processed.csv","1989","GH",981.6634375,209.645869144491,4,0.213561859529367
"138","ARC_Biomass_1982-2015_processed.csv","1989","GHNP",835.858125,171.799301719635,4,0.205536438040409
"139","ARC_Biomass_1982-2015_processed.csv","1989","NP",1045.015,228.913007332571,4,0.219052365116837
"140","ARC_Biomass_1982-2015_processed.csv","1989","SH",613.455625,36.0367620386345,4,0.0587438774216708
"141","ARC_Biomass_1982-2015_processed.csv","1995","Control",439.628125,34.239741415313,4,0.0778834188902564
"142","ARC_Biomass_1982-2015_processed.csv","1995","NP",837.86125,244.244068594818,4,0.291508968334337
"143","ARC_Biomass_1982-2015_processed.csv","2000","Control",1500.83234375,442.430942335677,4,0.294790383601551
"144","ARC_Biomass_1982-2015_processed.csv","2000","NP",2238.88578125,232.472965133726,4,0.103834222844514
"145","BNZ_NEE_2009-2021.csv","2009","C C",10.70655159,35.2103111465837,6,3.28866963845487
"146","BNZ_NEE_2009-2021.csv","2009","C S",25.8695676233333,48.8074447551397,6,1.88667415960664
"147","BNZ_NEE_2009-2021.csv","2009","W C",-2.55609195666667,40.9207425259228,6,-16.0091042183343
"148","BNZ_NEE_2009-2021.csv","2009","W S",5.96181001333333,67.1703768922967,6,11.2667758184298
"149","BNZ_NEE_2009-2021.csv","2010","C C",45.8194532765,63.6500357426921,6,1.38914873904305
"150","BNZ_NEE_2009-2021.csv","2010","C S",89.5925231266667,74.6959114836393,6,0.83372929879465
"151","BNZ_NEE_2009-2021.csv","2010","W C",96.29823017,90.7295140205053,6,0.942172185930479
"152","BNZ_NEE_2009-2021.csv","2010","W S",93.0829111933333,93.5151103972026,6,1.00464316380234
"153","BNZ_NEE_2009-2021.csv","2011","C C",97.6067834176667,58.8169107904886,6,0.60259040131265
"154","BNZ_NEE_2009-2021.csv","2011","C S",151.532999186667,72.8825402725361,6,0.480968110337177
"155","BNZ_NEE_2009-2021.csv","2011","W C",204.470011183333,80.5558891789251,6,0.393974102670227
"156","BNZ_NEE_2009-2021.csv","2011","W S",186.309148983333,161.206222164278,6,0.865261974755189
"157","BNZ_NEE_2009-2021.csv","2012","C C",152.643709536667,51.0972350327214,6,0.334748383590922
"158","BNZ_NEE_2009-2021.csv","2012","C SW",196.657984096667,116.579963228056,6,0.592805645616462
"159","BNZ_NEE_2009-2021.csv","2012","WW C",252.794339966667,114.592306948359,6,0.453302502593487
"160","BNZ_NEE_2009-2021.csv","2012","WW SW",225.959431966667,143.82633111011,6,0.636513952342237
"161","BNZ_NEE_2009-2021.csv","2013","C C",180.455509366667,38.8438026969386,6,0.215254180009611
"162","BNZ_NEE_2009-2021.csv","2013","C S",229.089345215,110.970403203094,6,0.484397923870917
"163","BNZ_NEE_2009-2021.csv","2013","W C",279.2579346,144.562928999395,6,0.51766811641883
"164","BNZ_NEE_2009-2021.csv","2013","W S",241.863034083333,76.5023147180884,6,0.316304287705783
"165","BNZ_NEE_2009-2021.csv","2014","C C",210.848428366667,51.3561130706607,6,0.243568868255219
"166","BNZ_NEE_2009-2021.csv","2014","C S",237.093072348333,109.565966519448,6,0.462122176047704
"167","BNZ_NEE_2009-2021.csv","2014","W C",166.953380585,97.4913321934798,6,0.583943444881876
"168","BNZ_NEE_2009-2021.csv","2014","W S",218.4995006,121.282317765873,6,0.555069084518871
"169","BNZ_NEE_2009-2021.csv","2015","C C",207.918499275,128.518227728924,6,0.618118292393703
"170","BNZ_NEE_2009-2021.csv","2015","C S",257.20428735,122.353446572491,6,0.475705315152832
"171","BNZ_NEE_2009-2021.csv","2015","W C",161.360492416667,140.432886505547,6,0.870305267431384
"172","BNZ_NEE_2009-2021.csv","2015","W S",326.557687316667,168.511380491289,6,0.516023315439155
"173","BNZ_NEE_2009-2021.csv","2016","C C",167.456102181667,64.803414972934,6,0.386987479874763
"174","BNZ_NEE_2009-2021.csv","2016","C S",188.10827215,95.9330779368495,6,0.509988619003162
"175","BNZ_NEE_2009-2021.csv","2016","W C",-8.05202957833333,92.7497289045642,6,-11.5188013161475
"176","BNZ_NEE_2009-2021.csv","2016","W S",198.705451508333,139.730733364933,6,0.703205333845976
"177","BNZ_NEE_2009-2021.csv","2017","C C",196.523770811667,71.7445845787525,6,0.365068227026373
"178","BNZ_NEE_2009-2021.csv","2017","C S",254.13872495,145.053608919596,6,0.570765470504877
"179","BNZ_NEE_2009-2021.csv","2017","W C",101.794227876667,132.296294222391,6,1.29964436080482
"180","BNZ_NEE_2009-2021.csv","2017","W S",312.284827016667,60.826755241677,6,0.194779733049376
"181","BNZ_NEE_2009-2021.csv","2018","C C",150.406580115,95.7769939179855,6,0.636787259206047
"182","BNZ_NEE_2009-2021.csv","2018","C S",249.713425533333,91.1667681411268,6,0.365085569373831
"183","BNZ_NEE_2009-2021.csv","2018","W C",37.63432119,120.343693327385,6,3.19771127848488
"184","BNZ_NEE_2009-2021.csv","2018","W S",201.753588183333,47.7577735090521,6,0.236713378627272
"185","BNZ_NEE_2009-2021.csv","2019","C C",29.51948283,89.2793042573653,2,3.02441966112742
"186","BNZ_NEE_2009-2021.csv","2019","C S",62.91449016,NA,1,NA
"187","BNZ_NEE_2009-2021.csv","2019","W C",76.2754606575,87.1036935342336,4,1.14196220885975
"188","BNZ_NEE_2009-2021.csv","2019","W S",155.3087599625,112.461175139361,4,0.724113534655197
"189","BNZ_NEE_2009-2021.csv","2020","C C",209.254407433333,109.16505519714,6,0.521685810760853
"190","BNZ_NEE_2009-2021.csv","2020","C S",293.806837333333,110.655100224062,6,0.376625340745627
"191","BNZ_NEE_2009-2021.csv","2020","W C",4.65451217,135.541950181074,6,29.1205490995792
"192","BNZ_NEE_2009-2021.csv","2020","W S",250.160263106667,145.242598272921,6,0.580598199207166
"193","BNZ_NEE_2009-2021.csv","2021","C C",118.630279596667,121.564471435765,6,1.02473391994923
"194","BNZ_NEE_2009-2021.csv","2021","C S",191.653665126667,70.2292777193433,6,0.366438479915987
"195","BNZ_NEE_2009-2021.csv","2021","W C",0.455311806666667,96.0951987446455,6,211.05360620485
"196","BNZ_NEE_2009-2021.csv","2021","W S",141.36573895,60.0790035088242,6,0.424989845170856
"197","CAP_Biomass_2006-2024_Processed.csv","2008","C1",19.6266666666667,11.9799247130753,15,0.610390185788483
"198","CAP_Biomass_2006-2024_Processed.csv","2008","N",28.353,13.9610612572459,15,0.492401553883041
"199","CAP_Biomass_2006-2024_Processed.csv","2008","NP",38.7355,15.8164277222405,15,0.408318666913825
"200","CAP_Biomass_2006-2024_Processed.csv","2008","P",25.5743333333333,10.0480346988615,15,0.392895273862914
"201","CAP_Biomass_2006-2024_Processed.csv","2009","C1",7.41666666666667,4.61431184571695,15,0.622154406164084
"202","CAP_Biomass_2006-2024_Processed.csv","2009","N",9.53533333333333,6.00332927474017,15,0.62958777264282
"203","CAP_Biomass_2006-2024_Processed.csv","2009","NP",15.4881666666667,13.1806766527295,15,0.851015935998205
"204","CAP_Biomass_2006-2024_Processed.csv","2009","P",9.1845,7.48905208096649,15,0.815401173821819
"205","CAP_Biomass_2006-2024_Processed.csv","2010","C1",11.522,5.37684247491034,15,0.466658781019818
"206","CAP_Biomass_2006-2024_Processed.csv","2010","N",25.1205,16.2239193784979,15,0.645843807985427
"207","CAP_Biomass_2006-2024_Processed.csv","2010","NP",38.591,17.6422237979149,15,0.457159021479487
"208","CAP_Biomass_2006-2024_Processed.csv","2010","P",15.1885,5.50223410793938,15,0.362263166734001
"209","CAP_Biomass_2006-2024_Processed.csv","2013","C1",6.8885,5.19394322745253,15,0.754002065391962
"210","CAP_Biomass_2006-2024_Processed.csv","2013","N",10.763,8.95656130203678,15,0.832162157580301
"211","CAP_Biomass_2006-2024_Processed.csv","2013","NP",15.3885714285714,13.5457436443748,14,0.880246987658965
"212","CAP_Biomass_2006-2024_Processed.csv","2013","P",9.09916666666667,8.09985332024746,15,0.890175289339404
"213","CAP_Biomass_2006-2024_Processed.csv","2015","C1",3.35986363636364,1.93691035015704,11,0.576484810036322
"214","CAP_Biomass_2006-2024_Processed.csv","2015","N",5.39259090909091,1.99916397299198,11,0.370724204133817
"215","CAP_Biomass_2006-2024_Processed.csv","2015","NP",7.84031818181818,6.01756326212167,11,0.767515185299047
"216","CAP_Biomass_2006-2024_Processed.csv","2015","P",4.59554545454546,2.91749310585771,11,0.634852409733434
"217","CAP_Biomass_2006-2024_Processed.csv","2016","C1",2.39833333333333,3.19516074750253,15,1.3322421462832
"218","CAP_Biomass_2006-2024_Processed.csv","2016","N",2.736,3.0857624086856,15,1.12783713767748
"219","CAP_Biomass_2006-2024_Processed.csv","2016","NP",5.0095,5.24340565445235,15,1.0466924153014
"220","CAP_Biomass_2006-2024_Processed.csv","2016","P",3.48016666666667,5.35916828457373,15,1.53991713555109
"221","CAP_Biomass_2006-2024_Processed.csv","2017","C1",10.7323333333333,6.61250282653644,15,0.616129095245188
"222","CAP_Biomass_2006-2024_Processed.csv","2017","N",17.136,12.9528428967213,15,0.755884856251242
"223","CAP_Biomass_2006-2024_Processed.csv","2017","NP",25.2237857142857,18.6641863303394,14,0.739943898261423
"224","CAP_Biomass_2006-2024_Processed.csv","2017","P",17.147,15.3055285296336,15,0.892606784255766
"225","CAP_Biomass_2006-2024_Processed.csv","2018","C1",0.163,NA,1,NA
"226","CAP_Biomass_2006-2024_Processed.csv","2018","NP",0.203,NA,1,NA
"227","CAP_Biomass_2006-2024_Processed.csv","2018","P",0.333,NA,1,NA
"228","CAP_Biomass_2006-2024_Processed.csv","2019","C1",26.7223333333333,8.7953797068404,9,0.329139659966335
"229","CAP_Biomass_2006-2024_Processed.csv","2019","N",34.0051111111111,13.8733815132112,9,0.407979302519559
"230","CAP_Biomass_2006-2024_Processed.csv","2019","NP",42.3721111111111,20.0411602969641,9,0.472979980733336
"231","CAP_Biomass_2006-2024_Processed.csv","2019","P",26.6417222222222,9.01543069586497,9,0.338395191597076
"232","CAP_Biomass_2006-2024_Processed.csv","2021","C1",0.715388888888889,0.356596566319856,9,0.498465340821418
"233","CAP_Biomass_2006-2024_Processed.csv","2021","N",0.916222222222222,0.578232009615902,9,0.631104546027542
"234","CAP_Biomass_2006-2024_Processed.csv","2021","NP",1.38705555555556,1.08478884594089,9,0.782080315093367
"235","CAP_Biomass_2006-2024_Processed.csv","2021","P",0.770388888888889,0.494456948187717,9,0.641827725346428
"236","CAP_Biomass_2006-2024_Processed.csv","2023","C1",88.1068888888889,44.7730765875108,9,0.50816771710069
"237","CAP_Biomass_2006-2024_Processed.csv","2023","N",161.006,110.240959402574,9,0.684700939111425
"238","CAP_Biomass_2006-2024_Processed.csv","2023","NP",163.76,85.7535729518018,9,0.523653962822434
"239","CAP_Biomass_2006-2024_Processed.csv","2023","P",90.7408888888889,62.3197085849341,9,0.686787503936002
"240","CAP_Biomass_2006-2024_Processed.csv","2024","C1",51.6544444444444,20.627979852079,9,0.399345691816798
"241","CAP_Biomass_2006-2024_Processed.csv","2024","N",62.0966666666667,27.7334202722996,9,0.446616892033383
"242","CAP_Biomass_2006-2024_Processed.csv","2024","NP",69.3166666666667,42.7754059010549,9,0.617101311388144
"243","CAP_Biomass_2006-2024_Processed.csv","2024","P",69.5722222222222,44.5668295309914,9,0.6405836712911
"244","CDR_AbovegroundBiomass_1995-2005_gm2_processed.csv","01-09-2004","g",83.9480606060606,38.483282953397,33,0.458417772555649
"245","CDR_AbovegroundBiomass_1995-2005_gm2_processed.csv","01-09-2004","ug",115.200952380952,47.5778095421274,42,0.412998404603415
"246","CDR_AbovegroundBiomass_1995-2005_gm2_processed.csv","02-09-2004","g",95.2709047619048,50.8147826642033,42,0.533371471502203
"247","CDR_AbovegroundBiomass_1995-2005_gm2_processed.csv","03-09-2004","g",90.4767619047619,51.6885148228354,21,0.571290503049214
"248","CDR_AbovegroundBiomass_1995-2005_gm2_processed.csv","10-09-2004","g",73.3736,38.9330661269369,10,0.530614091811455
"249","CDR_AbovegroundBiomass_1995-2005_gm2_processed.csv","10-11-2004","g",39.6926315789474,60.5133804489282,19,1.52454947031086
"250","CDR_AbovegroundBiomass_1995-2005_gm2_processed.csv","11-11-2004","g",0.404,0.303531594025117,8,0.751315826794845
"251","CDR_AbovegroundBiomass_1995-2005_gm2_processed.csv","15-09-2004","g",116.023,66.4779369264721,2,0.572972056630772
"252","CDR_AbovegroundBiomass_1995-2005_gm2_processed.csv","16-11-2004","g",88.904,NA,1,NA
"253","CDR_AbovegroundBiomass_1995-2005_gm2_processed.csv","18-07-2005","g",301.690714285714,140.08448329652,42,0.464331438334737
"254","CDR_AbovegroundBiomass_1995-2005_gm2_processed.csv","19-07-2005","g",279.306960784314,144.504366289778,102,0.517367579683655
"255","CDR_AbovegroundBiomass_1995-2005_gm2_processed.csv","19-07-2005","ug",344.42,190.468696290668,34,0.55301288046765
"256","CDR_AbovegroundBiomass_1995-2005_gm2_processed.csv","19-08-1996","pre",475.797183098592,339.979531304809,71,0.71454717131934
"257","CDR_AbovegroundBiomass_1995-2005_gm2_processed.csv","19-10-2004","g",87.7774,57.1569433834012,10,0.651157853654827
"258","CDR_AbovegroundBiomass_1995-2005_gm2_processed.csv","20-07-1998","pre",814.978338461538,478.758924305669,65,0.587449876532225
"259","CDR_AbovegroundBiomass_1995-2005_gm2_processed.csv","20-07-2005","g",315.12,133.787552485274,3,0.424560651451111
"260","CDR_AbovegroundBiomass_1995-2005_gm2_processed.csv","20-08-1996","pre",567.93552631579,360.140658707658,76,0.634122434713494
"261","CDR_AbovegroundBiomass_1995-2005_gm2_processed.csv","20-08-2004","ug",113.221125,57.3438037058059,16,0.506476187246911
"262","CDR_AbovegroundBiomass_1995-2005_gm2_processed.csv","20-10-2004","g",124.8665,27.9407846857804,8,0.223765258782623
"263","CDR_AbovegroundBiomass_1995-2005_gm2_processed.csv","21-07-1997","pre",597.22,353.574107228071,48,0.592033266180087
"264","CDR_AbovegroundBiomass_1995-2005_gm2_processed.csv","21-07-1998","pre",1099.311125,655.54593867814,32,0.596324301437539
"265","CDR_AbovegroundBiomass_1995-2005_gm2_processed.csv","21-07-1999","pre",786.376119402985,455.190373540018,67,0.578845621463679
"266","CDR_AbovegroundBiomass_1995-2005_gm2_processed.csv","21-07-2005","ug",320.112920353982,143.050092304618,113,0.446873847348718
"267","CDR_AbovegroundBiomass_1995-2005_gm2_processed.csv","22-07-1997","pre",718.907954545455,430.172719354812,44,0.5983696753318
"268","CDR_AbovegroundBiomass_1995-2005_gm2_processed.csv","22-07-1998","pre",871.561265306122,397.400664131657,49,0.455964118589043
"269","CDR_AbovegroundBiomass_1995-2005_gm2_processed.csv","22-07-1999","pre",828.93929113924,417.173037742108,79,0.503261266779588
"270","CDR_AbovegroundBiomass_1995-2005_gm2_processed.csv","23-07-1996","pre",455.424193548387,344.887319058993,62,0.757288093045391
"271","CDR_AbovegroundBiomass_1995-2005_gm2_processed.csv","23-07-1997","pre",585.807818181818,335.074842605355,55,0.571987659101806
"272","CDR_AbovegroundBiomass_1995-2005_gm2_processed.csv","23-07-1998","pre",566.75,NA,1,NA
"273","CDR_AbovegroundBiomass_1995-2005_gm2_processed.csv","23-07-2001","pre",96.2,NA,1,NA
"274","CDR_AbovegroundBiomass_1995-2005_gm2_processed.csv","24-07-1996","pre",703.661818181818,438.805447268136,55,0.623602753382241
"275","CDR_AbovegroundBiomass_1995-2005_gm2_processed.csv","24-07-1999","pre",944.55,NA,1,NA
"276","CDR_AbovegroundBiomass_1995-2005_gm2_processed.csv","24-07-2001","pre",518.747142857143,260.11146639305,7,0.501422455958821
"277","CDR_AbovegroundBiomass_1995-2005_gm2_processed.csv","24-08-2004","ug",110.7,38.2037234020164,10,0.345110419169073
"278","CDR_AbovegroundBiomass_1995-2005_gm2_processed.csv","25-07-1996","pre",591.346666666667,432.317678320591,30,0.731073163492239
"279","CDR_AbovegroundBiomass_1995-2005_gm2_processed.csv","25-07-2001","pre",361.117384615385,185.894565062908,52,0.51477600631412
"280","CDR_AbovegroundBiomass_1995-2005_gm2_processed.csv","25-08-2003","g",77.0076326530612,48.3586919064735,147,0.627972711800421
"281","CDR_AbovegroundBiomass_1995-2005_gm2_processed.csv","25-08-2003","ug",117.71825,53.5480225850763,104,0.454882930939564
"282","CDR_AbovegroundBiomass_1995-2005_gm2_processed.csv","26-06-1996","pre",407.175,282.753753523413,20,0.694428080121355
"283","CDR_AbovegroundBiomass_1995-2005_gm2_processed.csv","26-07-2001","pre",320.564231884058,135.167020571952,69,0.42165346950136
"284","CDR_AbovegroundBiomass_1995-2005_gm2_processed.csv","26-08-2003","ug",123.490930232558,56.2605686957678,43,0.455584621395417
"285","CDR_AbovegroundBiomass_1995-2005_gm2_processed.csv","27-06-1996","pre",456.711153846154,286.813097904925,78,0.627996700955414
"286","CDR_AbovegroundBiomass_1995-2005_gm2_processed.csv","27-07-2001","pre",325.744111111111,183.0455852018,18,0.561930604293758
"287","CDR_AbovegroundBiomass_1995-2005_gm2_processed.csv","27-10-2004","g",102.944666666667,87.7510923540746,3,0.852410282100494
"288","CDR_AbovegroundBiomass_1995-2005_gm2_processed.csv","28-06-1996","pre",441.541666666667,329.516728554353,48,0.746286825073556
"289","CDR_AbovegroundBiomass_1995-2005_gm2_processed.csv","28-10-2004","g",61.3245454545455,33.5204619072102,11,0.546607588507214
"290","CDR_AbovegroundBiomass_1995-2005_gm2_processed.csv","29-06-1996","pre",199.9,NA,1,NA
"291","CDR_AbovegroundBiomass_1995-2005_gm2_processed.csv","30-08-2004","ug",110.928933333333,46.4024560370598,30,0.418307962068145
"292","CDR_AbovegroundBiomass_1995-2005_gm2_processed.csv","31-08-2004","ug",104.440693877551,51.9602126672435,49,0.497509263277808
"293","CDR_AbovegroundBiomass_1995-2005_gm2_processed.csv",NA,"Grazed",0,NA,1,NA
"294","CDR_AbovegroundBiomass_2016-2020_gm2_processed.csv","01/08/2019","control",356.41,101.868956262445,5,0.285819579311594
"295","CDR_AbovegroundBiomass_2016-2020_gm2_processed.csv","01/08/2019","control_NPK",575.23,106.504580887397,5,0.185151297546019
"296","CDR_AbovegroundBiomass_2016-2020_gm2_processed.csv","01/08/2019","control_infra",393.09,76.2336490665376,5,0.193934338361539
"297","CDR_AbovegroundBiomass_2016-2020_gm2_processed.csv","01/08/2019","control_infra_NPK",860.26,338.927365743753,5,0.393982477092685
"298","CDR_AbovegroundBiomass_2016-2020_gm2_processed.csv","01/08/2019","drought",435.21,86.5247898003803,5,0.198811584753062
"299","CDR_AbovegroundBiomass_2016-2020_gm2_processed.csv","01/08/2019","drought_NPK",534.01,142.122840352985,5,0.266142657165568
"300","CDR_AbovegroundBiomass_2016-2020_gm2_processed.csv","11/08/2020","control",494.47,178.014471321856,5,0.360010660549389
"301","CDR_AbovegroundBiomass_2016-2020_gm2_processed.csv","11/08/2020","control_NPK",535.86,233.942552777386,5,0.436574017051816
"302","CDR_AbovegroundBiomass_2016-2020_gm2_processed.csv","11/08/2020","control_infra",511.7,91.2772425087436,5,0.178380384031158
"303","CDR_AbovegroundBiomass_2016-2020_gm2_processed.csv","11/08/2020","control_infra_NPK",743.9,175.617809461341,5,0.23607717362729
"304","CDR_AbovegroundBiomass_2016-2020_gm2_processed.csv","11/08/2020","drought",604.16,248.526646961649,5,0.411358989277093
"305","CDR_AbovegroundBiomass_2016-2020_gm2_processed.csv","11/08/2020","drought_NPK",655.37,375.303964474131,5,0.572659664730048
"306","CDR_AbovegroundBiomass_2016-2020_gm2_processed.csv","16/08/2018","control",290.89,84.8867804784703,5,0.29181745841545
"307","CDR_AbovegroundBiomass_2016-2020_gm2_processed.csv","16/08/2018","control_NPK",540.89,102.502843862988,5,0.189507744389779
"308","CDR_AbovegroundBiomass_2016-2020_gm2_processed.csv","16/08/2018","control_infra",258.32,67.4651724966297,5,0.261168986128173
"309","CDR_AbovegroundBiomass_2016-2020_gm2_processed.csv","16/08/2018","control_infra_NPK",543.4,107.377203120588,5,0.197602508503106
"310","CDR_AbovegroundBiomass_2016-2020_gm2_processed.csv","16/08/2018","drought",258,92.2083510317802,5,0.357396709425505
"311","CDR_AbovegroundBiomass_2016-2020_gm2_processed.csv","16/08/2018","drought_NPK",389.11,49.4021431721337,5,0.12696189553631
"312","CDR_AbovegroundBiomass_2016-2020_gm2_processed.csv","21/08/2017","control",308.84,91.5832026083386,5,0.296539316825342
"313","CDR_AbovegroundBiomass_2016-2020_gm2_processed.csv","21/08/2017","control_NPK",232.5,62.2979534174278,5,0.267948186741625
"314","CDR_AbovegroundBiomass_2016-2020_gm2_processed.csv","21/08/2017","control_infra",275.3,119.440257032543,5,0.433854911124385
"315","CDR_AbovegroundBiomass_2016-2020_gm2_processed.csv","21/08/2017","control_infra_NPK",412.42,211.823976452148,5,0.513612279841297
"316","CDR_AbovegroundBiomass_2016-2020_gm2_processed.csv","21/08/2017","drought",267.46,95.1515265248015,5,0.355759838947138
"317","CDR_AbovegroundBiomass_2016-2020_gm2_processed.csv","21/08/2017","drought_NPK",201.46,87.3309109078796,5,0.433490076977462
"318","CDR_AbovegroundBiomass_2016-2020_gm2_processed.csv","25/07/2016","control",632.8,110.55182042825,5,0.174702623938448
"319","CDR_AbovegroundBiomass_2016-2020_gm2_processed.csv","25/07/2016","control_NPK",852.18,183.433085892377,5,0.215251573484917
"320","CDR_AbovegroundBiomass_2016-2020_gm2_processed.csv","25/07/2016","control_infra",782.66,189.035255970943,5,0.241529215714286
"321","CDR_AbovegroundBiomass_2016-2020_gm2_processed.csv","25/07/2016","control_infra_NPK",834.8,218.454652044766,5,0.261685016824109
"322","CDR_AbovegroundBiomass_2016-2020_gm2_processed.csv","25/07/2016","drought",825.8,243.512494545968,5,0.294880715119845
"323","CDR_AbovegroundBiomass_2016-2020_gm2_processed.csv","25/07/2016","drought_NPK",672.22,119.582302202291,5,0.177891616140982
"324","CDR_Biomass_1998-2021_gm2_processed.csv","6/1/1999","Camb Namb M    ",453.903230766667,23.10772186689,3,0.0509089169245608
"325","CDR_Biomass_1998-2021_gm2_processed.csv","6/1/1999","Camb Namb S    ",465.7411111,33.3100235704154,3,0.0715204708722038
"326","CDR_Biomass_1998-2021_gm2_processed.csv","6/1/1999","Camb Nenrich M    ",529.973902566667,61.638212076388,3,0.116304240223667
"327","CDR_Biomass_1998-2021_gm2_processed.csv","6/1/1999","Camb Nenrich S    ",547.947333333333,16.0326629520281,3,0.0292594962630741
"328","CDR_Biomass_1998-2021_gm2_processed.csv","6/1/1999","Cenrich Namb M    ",461.445374366667,63.3694843264637,3,0.137328246953257
"329","CDR_Biomass_1998-2021_gm2_processed.csv","6/1/1999","Cenrich Namb S    ",424.556666666667,33.612060831394,3,0.0791697869104102
"330","CDR_Biomass_1998-2021_gm2_processed.csv","6/1/1999","Cenrich Nenrich M    ",552.235497433333,22.2808105427284,3,0.0403465743261427
"331","CDR_Biomass_1998-2021_gm2_processed.csv","6/1/1999","Cenrich Nenrich S    ",658.453333333333,45.3284252245027,3,0.0688407559500588
"332","CDR_Biomass_1998-2021_gm2_processed.csv","6/1/2002","Camb Namb M    ",708.1206923,38.3208690910029,3,0.0541162961451323
"333","CDR_Biomass_1998-2021_gm2_processed.csv","6/1/2002","Camb Namb S    ",297.3801111,49.2886700791108,3,0.165742994367692
"334","CDR_Biomass_1998-2021_gm2_processed.csv","6/1/2002","Camb Nenrich M    ",720.224594866667,76.1059224897758,3,0.10566970779978
"335","CDR_Biomass_1998-2021_gm2_processed.csv","6/1/2002","Camb Nenrich S    ",357.4998889,120.420127018823,3,0.336839620815957
"336","CDR_Biomass_1998-2021_gm2_processed.csv","6/1/2002","Cenrich Namb M    ",710.8944769,22.7548019658891,3,0.0320086914518116
"337","CDR_Biomass_1998-2021_gm2_processed.csv","6/1/2002","Cenrich Namb S    ",252.96,106.701437347395,3,0.421811501215191
"338","CDR_Biomass_1998-2021_gm2_processed.csv","6/1/2002","Cenrich Nenrich M    ",722.575841033333,44.7183098506606,3,0.0618873581307539
"339","CDR_Biomass_1998-2021_gm2_processed.csv","6/1/2002","Cenrich Nenrich S    ",404.025333333333,96.5349031248975,3,0.238932797427465
"340","CDR_Biomass_1998-2021_gm2_processed.csv","6/1/2004","Camb Namb M    ",382.875555566667,15.048228763608,3,0.0393031849247629
"341","CDR_Biomass_1998-2021_gm2_processed.csv","6/1/2004","Camb Namb S    ",405.613,40.3653827710377,3,0.0995169848378571
"342","CDR_Biomass_1998-2021_gm2_processed.csv","6/1/2004","Camb Nenrich M    ",596.856613666667,302.621348473586,3,0.507025207636544
"343","CDR_Biomass_1998-2021_gm2_processed.csv","6/1/2004","Camb Nenrich S    ",440.3328889,64.0485979804931,3,0.145454949187406
"344","CDR_Biomass_1998-2021_gm2_processed.csv","6/1/2004","Cenrich Namb M    ",486.6113175,33.9768473121396,3,0.0698233807768755
"345","CDR_Biomass_1998-2021_gm2_processed.csv","6/1/2004","Cenrich Namb S    ",471.304,118.357639922398,3,0.251128019118017
"346","CDR_Biomass_1998-2021_gm2_processed.csv","6/1/2004","Cenrich Nenrich M    ",659.608338466667,215.484471848468,3,0.326685487859941
"347","CDR_Biomass_1998-2021_gm2_processed.csv","6/1/2004","Cenrich Nenrich S    ",555.008666666667,23.9228952539891,3,0.0431036426830375
"348","CDR_Biomass_1998-2021_gm2_processed.csv","6/1/2005","Camb Namb M    ",266.391944433333,7.2989633722969,3,0.0273993396753163
"349","CDR_Biomass_1998-2021_gm2_processed.csv","6/1/2005","Camb Namb S    ",282.3338889,52.9439747441683,3,0.187522563977152
"350","CDR_Biomass_1998-2021_gm2_processed.csv","6/1/2005","Camb Nenrich M    ",281.6822087,21.3144642301276,3,0.0756684787743485
"351","CDR_Biomass_1998-2021_gm2_processed.csv","6/1/2005","Camb Nenrich S    ",319.13,48.4796689345132,3,0.15191197610539
"352","CDR_Biomass_1998-2021_gm2_processed.csv","6/1/2005","Cenrich Namb M    ",316.657905566667,51.4437947081895,3,0.162458583233946
"353","CDR_Biomass_1998-2021_gm2_processed.csv","6/1/2005","Cenrich Namb S    ",229.957333333333,79.1651849068347,3,0.344260318900469
"354","CDR_Biomass_1998-2021_gm2_processed.csv","6/1/2005","Cenrich Nenrich M    ",349.8952233,23.173638910224,3,0.0662302236985812
"355","CDR_Biomass_1998-2021_gm2_processed.csv","6/1/2005","Cenrich Nenrich S    ",354.02,58.8605844347472,3,0.166263443971378
"356","CDR_Biomass_1998-2021_gm2_processed.csv","6/1/2006","Camb Namb M    ",534.4541889,17.6996736834432,3,0.0331172887237953
"357","CDR_Biomass_1998-2021_gm2_processed.csv","6/1/2006","Camb Namb S    ",466.7438889,146.685445144742,3,0.314273949018258
"358","CDR_Biomass_1998-2021_gm2_processed.csv","6/1/2006","Camb Nenrich M    ",584.806933333333,77.1103062801162,3,0.131856005606151
"359","CDR_Biomass_1998-2021_gm2_processed.csv","6/1/2006","Camb Nenrich S    ",620.7828889,356.498572552163,3,0.574272549914935
"360","CDR_Biomass_1998-2021_gm2_processed.csv","6/1/2006","Cenrich Namb M    ",601.324846133333,41.2723785329253,3,0.0686357445535751
"361","CDR_Biomass_1998-2021_gm2_processed.csv","6/1/2006","Cenrich Namb S    ",560.907333333333,134.972121274481,3,0.240631764381427
"362","CDR_Biomass_1998-2021_gm2_processed.csv","6/1/2006","Cenrich Nenrich M    ",719.8740245,71.1168189975135,3,0.0987906447199686
"363","CDR_Biomass_1998-2021_gm2_processed.csv","6/1/2006","Cenrich Nenrich S    ",656.74,84.9043249781776,3,0.129281488836035
"364","CDR_Biomass_1998-2021_gm2_processed.csv","6/1/2007","Camb Namb M    ",254.067997366667,32.8943753577118,3,0.129470754674542
"365","CDR_Biomass_1998-2021_gm2_processed.csv","6/1/2007","Camb Namb M H2Oamb  ",349.4111111,128.013698622334,3,0.366369856468865
"366","CDR_Biomass_1998-2021_gm2_processed.csv","6/1/2007","Camb Namb M H2Oneg  ",298.033333333333,77.870571035105,3,0.261281414948345
"367","CDR_Biomass_1998-2021_gm2_processed.csv","6/1/2007","Camb Namb S    ",256.992666666667,13.0029293585031,3,0.0505964996089504
"368","CDR_Biomass_1998-2021_gm2_processed.csv","6/1/2007","Camb Nenrich M    ",277.698395233333,10.0305431454609,3,0.0361202776740314
"369","CDR_Biomass_1998-2021_gm2_processed.csv","6/1/2007","Camb Nenrich M H2Oamb  ",466.9388889,106.606345338702,3,0.228308988334302
"370","CDR_Biomass_1998-2021_gm2_processed.csv","6/1/2007","Camb Nenrich M H2Oneg  ",311.783333333333,106.558262623474,3,0.341770233463862
"371","CDR_Biomass_1998-2021_gm2_processed.csv","6/1/2007","Camb Nenrich S    ",250.383333333333,64.0565050040457,3,0.255833741612377
"372","CDR_Biomass_1998-2021_gm2_processed.csv","6/1/2007","Cenrich Namb M    ",313.478051966667,11.7216012573329,3,0.037392095503322
"373","CDR_Biomass_1998-2021_gm2_processed.csv","6/1/2007","Cenrich Namb M H2Oamb  ",527.933333333333,161.630089504811,3,0.306156249851265
"374","CDR_Biomass_1998-2021_gm2_processed.csv","6/1/2007","Cenrich Namb M H2Oneg  ",478.583333333333,35.0036545711064,3,0.0731401453688449
"375","CDR_Biomass_1998-2021_gm2_processed.csv","6/1/2007","Cenrich Namb S    ",290.546666666667,110.75079473003,3,0.38118074456208
"376","CDR_Biomass_1998-2021_gm2_processed.csv","6/1/2007","Cenrich Nenrich M    ",330.5892857,33.8463970966634,3,0.102382014665103
"377","CDR_Biomass_1998-2021_gm2_processed.csv","6/1/2007","Cenrich Nenrich M H2Oamb  ",387.95,158.906607792124,3,0.409605897131394
"378","CDR_Biomass_1998-2021_gm2_processed.csv","6/1/2007","Cenrich Nenrich M H2Oneg  ",528.966666666667,222.482119131703,3,0.420597616355857
"379","CDR_Biomass_1998-2021_gm2_processed.csv","6/1/2007","Cenrich Nenrich S    ",417.734,77.9471951259312,3,0.186595285818083
"380","CDR_Biomass_1998-2021_gm2_processed.csv","6/1/2008","Camb Namb M    ",291.8449745,66.7683714426684,3,0.228780267870154
"381","CDR_Biomass_1998-2021_gm2_processed.csv","6/1/2008","Camb Namb M H2Oamb  ",380.816666666667,30.8651232515494,3,0.081049822534595
"382","CDR_Biomass_1998-2021_gm2_processed.csv","6/1/2008","Camb Namb M H2Oneg  ",534.513333333333,33.2153960285488,3,0.0621413797508303
"383","CDR_Biomass_1998-2021_gm2_processed.csv","6/1/2008","Camb Namb S    ",332.908,138.837760727609,3,0.417045432154257
"384","CDR_Biomass_1998-2021_gm2_processed.csv","6/1/2008","Camb Nenrich M    ",361.779814233333,45.258120863793,3,0.125098524249347
"385","CDR_Biomass_1998-2021_gm2_processed.csv","6/1/2008","Camb Nenrich M H2Oamb  ",446.49,90.8707450173047,3,0.203522464147696
"386","CDR_Biomass_1998-2021_gm2_processed.csv","6/1/2008","Camb Nenrich M H2Oneg  ",482.533333333333,102.350004070998,3,0.212109707248545
"387","CDR_Biomass_1998-2021_gm2_processed.csv","6/1/2008","Camb Nenrich S    ",315.285,12.9840479435344,3,0.0411819399702948
"388","CDR_Biomass_1998-2021_gm2_processed.csv","6/1/2008","Cenrich Namb M    ",352.153138533333,44.7200600833355,3,0.126990377736197
"389","CDR_Biomass_1998-2021_gm2_processed.csv","6/1/2008","Cenrich Namb M H2Oamb  ",580.848333333333,171.380907799945,3,0.295052766729029
"390","CDR_Biomass_1998-2021_gm2_processed.csv","6/1/2008","Cenrich Namb M H2Oneg  ",502.733333333333,94.9087763767574,3,0.188785525215669
"391","CDR_Biomass_1998-2021_gm2_processed.csv","6/1/2008","Cenrich Namb S    ",312.244,33.5390243745998,3,0.107412870622333
"392","CDR_Biomass_1998-2021_gm2_processed.csv","6/1/2008","Cenrich Nenrich M    ",409.9311472,68.6312625060706,3,0.167421438880287
"393","CDR_Biomass_1998-2021_gm2_processed.csv","6/1/2008","Cenrich Nenrich M H2Oamb  ",656.785,267.448703352624,3,0.407208909083831
"394","CDR_Biomass_1998-2021_gm2_processed.csv","6/1/2008","Cenrich Nenrich M H2Oneg  ",719.316666666667,154.833445461029,3,0.215250740926845
"395","CDR_Biomass_1998-2021_gm2_processed.csv","6/1/2008","Cenrich Nenrich S    ",341.279333333333,147.627049693927,3,0.432569556005718
"396","CDR_Biomass_1998-2021_gm2_processed.csv","6/1/2009","Camb Namb M    ",263.580395233333,72.4815722456684,3,0.274988480010072
"397","CDR_Biomass_1998-2021_gm2_processed.csv","6/1/2009","Camb Namb M H2Oamb  ",390.277777766667,209.802299359237,3,0.537571727910859
"398","CDR_Biomass_1998-2021_gm2_processed.csv","6/1/2009","Camb Namb M H2Oneg  ",429.566666666667,173.899542360908,3,0.404825504060468
"399","CDR_Biomass_1998-2021_gm2_processed.csv","6/1/2009","Camb Namb S    ",301.4838889,107.60882994807,3,0.356930615233516
"400","CDR_Biomass_1998-2021_gm2_processed.csv","6/1/2009","Camb Nenrich M    ",239.034655466667,43.9413386851637,3,0.183828318113025
"401","CDR_Biomass_1998-2021_gm2_processed.csv","6/1/2009","Camb Nenrich M H2Oamb  ",445.8111111,286.554521341366,3,0.642771151742535
"402","CDR_Biomass_1998-2021_gm2_processed.csv","6/1/2009","Camb Nenrich M H2Oneg  ",345.066666666667,188.232172683984,3,0.545495090853896
"403","CDR_Biomass_1998-2021_gm2_processed.csv","6/1/2009","Camb Nenrich S    ",227.842666666667,6.40400666249914,3,0.0281071440928498
"404","CDR_Biomass_1998-2021_gm2_processed.csv","6/1/2009","Cenrich Namb M    ",228.307186133333,43.9186956570781,3,0.19236668105326
"405","CDR_Biomass_1998-2021_gm2_processed.csv","6/1/2009","Cenrich Namb M H2Oamb  ",360.083333333333,143.718912580541,3,0.399126811147072
"406","CDR_Biomass_1998-2021_gm2_processed.csv","6/1/2009","Cenrich Namb M H2Oneg  ",261.4,61.9925600374755,3,0.237155929753158
"407","CDR_Biomass_1998-2021_gm2_processed.csv","6/1/2009","Cenrich Namb S    ",180.436,24.3015459590537,3,0.134682358060773
"408","CDR_Biomass_1998-2021_gm2_processed.csv","6/1/2009","Cenrich Nenrich M    ",217.648499266667,40.3828861482666,3,0.185541762448767
"409","CDR_Biomass_1998-2021_gm2_processed.csv","6/1/2009","Cenrich Nenrich M H2Oamb  ",254.4,138.823205913133,3,0.545688702488729
"410","CDR_Biomass_1998-2021_gm2_processed.csv","6/1/2009","Cenrich Nenrich M H2Oneg  ",312.218333333333,131.007817546639,3,0.419603218516866
"411","CDR_Biomass_1998-2021_gm2_processed.csv","6/1/2009","Cenrich Nenrich S    ",289.666,57.8802569793881,3,0.199817227356293
"412","CDR_Biomass_1998-2021_gm2_processed.csv","6/1/2010","Camb Namb M    ",273.861278,28.7451389794115,3,0.104962407206073
"413","CDR_Biomass_1998-2021_gm2_processed.csv","6/1/2010","Camb Namb M H2Oamb  ",519.578333333333,250.829713966135,3,0.482756300396415
"414","CDR_Biomass_1998-2021_gm2_processed.csv","6/1/2010","Camb Namb M H2Oneg  ",408.298333333333,75.7938850325891,3,0.185633589081323
"415","CDR_Biomass_1998-2021_gm2_processed.csv","6/1/2010","Camb Namb S    ",336.534,22.4796738235876,3,0.0667976306215348
"416","CDR_Biomass_1998-2021_gm2_processed.csv","6/1/2010","Camb Nenrich M    ",348.303681166667,32.1068748696438,3,0.0921806934744406
"417","CDR_Biomass_1998-2021_gm2_processed.csv","6/1/2010","Camb Nenrich M H2Oamb  ",568.756666666667,296.613658878571,3,0.521512408139224
"418","CDR_Biomass_1998-2021_gm2_processed.csv","6/1/2010","Camb Nenrich M H2Oneg  ",331.4,188.752403958201,3,0.569560663724204
"419","CDR_Biomass_1998-2021_gm2_processed.csv","6/1/2010","Camb Nenrich S    ",314.6788889,60.7021149048501,3,0.192901770808465
"420","CDR_Biomass_1998-2021_gm2_processed.csv","6/1/2010","Cenrich Namb M    ",278.7491342,52.9919227216337,3,0.19010614283599
"421","CDR_Biomass_1998-2021_gm2_processed.csv","6/1/2010","Cenrich Namb M H2Oamb  ",389.33,58.4028792098472,3,0.150008679551658
"422","CDR_Biomass_1998-2021_gm2_processed.csv","6/1/2010","Cenrich Namb M H2Oneg  ",458.64,180.12668403099,3,0.392740894887035
"423","CDR_Biomass_1998-2021_gm2_processed.csv","6/1/2010","Cenrich Namb S    ",281.58,109.410049922299,3,0.388557603247032
"424","CDR_Biomass_1998-2021_gm2_processed.csv","6/1/2010","Cenrich Nenrich M    ",305.699069233333,52.9067942491101,3,0.173068221574229
"425","CDR_Biomass_1998-2021_gm2_processed.csv","6/1/2010","Cenrich Nenrich M H2Oamb  ",305.223333333333,95.3262910132002,3,0.31231652564745
"426","CDR_Biomass_1998-2021_gm2_processed.csv","6/1/2010","Cenrich Nenrich M H2Oneg  ",572.9,36.0745408841194,3,0.062968303166555
"427","CDR_Biomass_1998-2021_gm2_processed.csv","6/1/2010","Cenrich Nenrich S    ",439.692,97.7442818583266,3,0.222301706326989
"428","CDR_Biomass_1998-2021_gm2_processed.csv","6/1/2011","Camb Namb M    ",257.6336232,42.5986775334486,3,0.165345955253594
"429","CDR_Biomass_1998-2021_gm2_processed.csv","6/1/2011","Camb Namb M H2Oamb  ",402.977777766667,202.641024507263,3,0.502859054983911
"430","CDR_Biomass_1998-2021_gm2_processed.csv","6/1/2011","Camb Namb M H2Oneg  ",299.766666666667,134.733183861042,3,0.449460193020267
"431","CDR_Biomass_1998-2021_gm2_processed.csv","6/1/2011","Camb Namb S    ",298.429444433333,80.8106767774096,3,0.270786540285444
"432","CDR_Biomass_1998-2021_gm2_processed.csv","6/1/2011","Camb Nenrich M    ",322.2766232,53.3164793736977,3,0.165437005155072
"433","CDR_Biomass_1998-2021_gm2_processed.csv","6/1/2011","Camb Nenrich M H2Oamb  ",518.654444433333,45.5591105952472,3,0.0878409721235952
"434","CDR_Biomass_1998-2021_gm2_processed.csv","6/1/2011","Camb Nenrich M H2Oneg  ",454.941666666667,120.632790767408,3,0.265161007676607
"435","CDR_Biomass_1998-2021_gm2_processed.csv","6/1/2011","Camb Nenrich S    ",226.559555566667,31.319599825607,3,0.138240030296983
"436","CDR_Biomass_1998-2021_gm2_processed.csv","6/1/2011","Cenrich Namb M    ",244.8137518,30.8928942643222,3,0.126189374727446
"437","CDR_Biomass_1998-2021_gm2_processed.csv","6/1/2011","Cenrich Namb M H2Oamb  ",357.033333333333,42.2087767334394,3,0.118220829241264
"438","CDR_Biomass_1998-2021_gm2_processed.csv","6/1/2011","Cenrich Namb M H2Oneg  ",362.218333333333,58.9644342662027,3,0.162786995687323
"439","CDR_Biomass_1998-2021_gm2_processed.csv","6/1/2011","Cenrich Namb S    ",222.68,46.4714923367003,3,0.208691810385757
"440","CDR_Biomass_1998-2021_gm2_processed.csv","6/1/2011","Cenrich Nenrich M    ",265.9100072,29.2600189787502,3,0.110037299035319
"441","CDR_Biomass_1998-2021_gm2_processed.csv","6/1/2011","Cenrich Nenrich M H2Oamb  ",346.96,117.274929972266,3,0.338007061252785
"442","CDR_Biomass_1998-2021_gm2_processed.csv","6/1/2011","Cenrich Nenrich M H2Oneg  ",386.7,123.679555707481,3,0.319833348092789
"443","CDR_Biomass_1998-2021_gm2_processed.csv","6/1/2011","Cenrich Nenrich S    ",316.442666666667,52.2511694159407,3,0.165120493915509
"444","CDR_Biomass_1998-2021_gm2_processed.csv","6/16/2003","Camb Namb M    ",605.689882066667,42.5217046505773,3,0.0702037559311534
"445","CDR_Biomass_1998-2021_gm2_processed.csv","6/16/2003","Camb Namb S    ",161.0902222,53.0453161670644,3,0.329289484132728
"446","CDR_Biomass_1998-2021_gm2_processed.csv","6/16/2003","Camb Nenrich M    ",600.310594866667,11.3672734902729,3,0.0189356536224347
"447","CDR_Biomass_1998-2021_gm2_processed.csv","6/16/2003","Camb Nenrich S    ",188.502222233333,40.1673085997427,3,0.213086658204074
"448","CDR_Biomass_1998-2021_gm2_processed.csv","6/16/2003","Cenrich Namb M    ",638.400538433333,12.924837783634,3,0.0202456561445768
"449","CDR_Biomass_1998-2021_gm2_processed.csv","6/16/2003","Cenrich Namb S    ",230.214666666667,40.4900916933184,3,0.175879722519786
"450","CDR_Biomass_1998-2021_gm2_processed.csv","6/16/2003","Cenrich Nenrich M    ",652.727974366667,10.5596510932258,3,0.016177721053662
"451","CDR_Biomass_1998-2021_gm2_processed.csv","6/16/2003","Cenrich Nenrich S    ",259.087333333333,61.5553159469865,3,0.237585200152535
"452","CDR_Biomass_1998-2021_gm2_processed.csv","6/18/2001","Camb Namb M    ",586.791123066667,227.921993115365,3,0.388420997107468
"453","CDR_Biomass_1998-2021_gm2_processed.csv","6/18/2001","Camb Namb S    ",241.685,73.4312632670854,3,0.303830453967294
"454","CDR_Biomass_1998-2021_gm2_processed.csv","6/18/2001","Camb Nenrich M    ",771.719553866667,25.2088230133823,3,0.0326657823908629
"455","CDR_Biomass_1998-2021_gm2_processed.csv","6/18/2001","Camb Nenrich S    ",361.797666666667,18.7985641561618,3,0.0519587766536964
"456","CDR_Biomass_1998-2021_gm2_processed.csv","6/18/2001","Cenrich Namb M    ",734.479430766667,54.1936609696059,3,0.0737851309369376
"457","CDR_Biomass_1998-2021_gm2_processed.csv","6/18/2001","Cenrich Namb S    ",328.75,72.7021409588466,3,0.221147196832993
"458","CDR_Biomass_1998-2021_gm2_processed.csv","6/18/2001","Cenrich Nenrich M    ",543.6256359,190.720806442077,3,0.350831148951114
"459","CDR_Biomass_1998-2021_gm2_processed.csv","6/18/2001","Cenrich Nenrich S    ",399.081333333333,44.7543339726259,3,0.112143390919376
"460","CDR_Biomass_1998-2021_gm2_processed.csv","6/19/2000","Camb Namb M    ",693.738261566667,202.817194410857,3,0.292354055768577
"461","CDR_Biomass_1998-2021_gm2_processed.csv","6/19/2000","Camb Namb S    ",140.2168889,19.8497380784994,3,0.141564530736778
"462","CDR_Biomass_1998-2021_gm2_processed.csv","6/19/2000","Camb Nenrich M    ",724.664641,223.309048445705,3,0.308155022076901
"463","CDR_Biomass_1998-2021_gm2_processed.csv","6/19/2000","Camb Nenrich S    ",197.673777766667,110.701465594974,3,0.560020994416596
"464","CDR_Biomass_1998-2021_gm2_processed.csv","6/19/2000","Cenrich Namb M    ",838.243087166667,212.527342872376,3,0.253539034351881
"465","CDR_Biomass_1998-2021_gm2_processed.csv","6/19/2000","Cenrich Namb S    ",112.791333333333,36.2541244734076,3,0.321426508597655
"466","CDR_Biomass_1998-2021_gm2_processed.csv","6/19/2000","Cenrich Nenrich M    ",747.523420566667,236.193814110459,3,0.315968446756371
"467","CDR_Biomass_1998-2021_gm2_processed.csv","6/19/2000","Cenrich Nenrich S    ",198.56,33.0334821658268,3,0.166365240561175
"468","CDR_Biomass_1998-2021_gm2_processed.csv","6/22/1998","Camb Namb M    ",425.145738466667,34.9817239051164,3,0.0822817230422719
"469","CDR_Biomass_1998-2021_gm2_processed.csv","6/22/1998","Camb Namb S    ",472.420555533333,145.964202245658,3,0.308970895817338
"470","CDR_Biomass_1998-2021_gm2_processed.csv","6/22/1998","Camb Nenrich M    ",450.634261533333,16.3691172630341,3,0.0363246176785057
"471","CDR_Biomass_1998-2021_gm2_processed.csv","6/22/1998","Camb Nenrich S    ",589.015777766667,63.711543905391,3,0.108166107446157
"472","CDR_Biomass_1998-2021_gm2_processed.csv","6/22/1998","Cenrich Namb M    ",403.719682066667,49.1859821332327,3,0.121832014434983
"473","CDR_Biomass_1998-2021_gm2_processed.csv","6/22/1998","Cenrich Namb S    ",569.528,36.6339967243542,3,0.0643234340091343
"474","CDR_Biomass_1998-2021_gm2_processed.csv","6/22/1998","Cenrich Nenrich M    ",472.7837436,14.895706366755,3,0.0315063844059697
"475","CDR_Biomass_1998-2021_gm2_processed.csv","6/22/1998","Cenrich Nenrich S    ",537.447333333333,118.557530378012,3,0.220593764309332
"476","CDR_Biomass_1998-2021_gm2_processed.csv","8/1/1999","Camb Namb M    ",454.602358966667,50.5416000703042,3,0.111177601861081
"477","CDR_Biomass_1998-2021_gm2_processed.csv","8/1/1999","Camb Namb S    ",362.772777766667,5.89035989333104,3,0.0162370504468218
"478","CDR_Biomass_1998-2021_gm2_processed.csv","8/1/1999","Camb Nenrich M    ",588.483866666667,97.3220778424574,3,0.165377648148141
"479","CDR_Biomass_1998-2021_gm2_processed.csv","8/1/1999","Camb Nenrich S    ",612.605666666667,87.4139115148918,3,0.142691973436243
"480","CDR_Biomass_1998-2021_gm2_processed.csv","8/1/1999","Cenrich Namb M    ",496.6388,4.21652032842246,3,0.00849011460325383
"481","CDR_Biomass_1998-2021_gm2_processed.csv","8/1/1999","Cenrich Namb S    ",485.204,119.328909640539,3,0.245935543896051
"482","CDR_Biomass_1998-2021_gm2_processed.csv","8/1/1999","Cenrich Nenrich M    ",611.9238359,83.0006996507126,3,0.135638938673859
"483","CDR_Biomass_1998-2021_gm2_processed.csv","8/1/1999","Cenrich Nenrich S    ",703.595333333333,89.9539741052797,3,0.12784902037243
"484","CDR_Biomass_1998-2021_gm2_processed.csv","8/1/2002","Camb Namb M    ",731.936266666667,23.3077397101438,3,0.031843947036933
"485","CDR_Biomass_1998-2021_gm2_processed.csv","8/1/2002","Camb Namb S    ",278.7138889,88.3233562481359,3,0.316896142480454
"486","CDR_Biomass_1998-2021_gm2_processed.csv","8/1/2002","Camb Nenrich M    ",906.263107833333,241.329777474177,3,0.266291075282918
"487","CDR_Biomass_1998-2021_gm2_processed.csv","8/1/2002","Camb Nenrich S    ",454.627555566667,100.356461097079,3,0.220744343074389
"488","CDR_Biomass_1998-2021_gm2_processed.csv","8/1/2002","Cenrich Namb M    ",786.152733333333,65.999776119932,3,0.0839528673265424
"489","CDR_Biomass_1998-2021_gm2_processed.csv","8/1/2002","Cenrich Namb S    ",409.881333333333,108.178036224242,3,0.263925256962767
"490","CDR_Biomass_1998-2021_gm2_processed.csv","8/1/2002","Cenrich Nenrich M    ",882.609323066667,59.432671876291,3,0.0673374621398621
"491","CDR_Biomass_1998-2021_gm2_processed.csv","8/1/2002","Cenrich Nenrich S    ",467.413333333333,34.1313013718102,3,0.0730216682703608
"492","CDR_Biomass_1998-2021_gm2_processed.csv","8/1/2004","Camb Namb M    ",634.425974366667,246.92496555356,3,0.38921005055012
"493","CDR_Biomass_1998-2021_gm2_processed.csv","8/1/2004","Camb Namb S    ",431.6822222,34.5856781877937,3,0.0801183750665786
"494","CDR_Biomass_1998-2021_gm2_processed.csv","8/1/2004","Camb Nenrich M    ",830.753302566667,29.942833496735,3,0.0360429906257666
"495","CDR_Biomass_1998-2021_gm2_processed.csv","8/1/2004","Camb Nenrich S    ",514.750666666667,110.749453313925,3,0.215151646196201
"496","CDR_Biomass_1998-2021_gm2_processed.csv","8/1/2004","Cenrich Namb M    ",724.4486154,203.449195029017,3,0.280833161530281
"497","CDR_Biomass_1998-2021_gm2_processed.csv","8/1/2004","Cenrich Namb S    ",653.595333333333,148.626509833654,3,0.227398364482898
"498","CDR_Biomass_1998-2021_gm2_processed.csv","8/1/2004","Cenrich Nenrich M    ",964.111820533333,32.6376133132029,3,0.0338525185752294
"499","CDR_Biomass_1998-2021_gm2_processed.csv","8/1/2004","Cenrich Nenrich S    ",621.798,43.1746904100076,3,0.0694352352532616
"500","CDR_Biomass_1998-2021_gm2_processed.csv","8/1/2005","Camb Namb M    ",375.521366666667,60.4908854324627,3,0.161085069457999
"501","CDR_Biomass_1998-2021_gm2_processed.csv","8/1/2005","Camb Namb S    ",323.1927778,111.138457335875,3,0.343876673520998
"502","CDR_Biomass_1998-2021_gm2_processed.csv","8/1/2005","Camb Nenrich M    ",386.194944433333,26.218248814615,3,0.0678886380894635
"503","CDR_Biomass_1998-2021_gm2_processed.csv","8/1/2005","Camb Nenrich S    ",429.472222233333,107.314574551889,3,0.249875472722855
"504","CDR_Biomass_1998-2021_gm2_processed.csv","8/1/2005","Cenrich Namb M    ",420.045794866667,27.3549723362726,3,0.0651237857171164
"505","CDR_Biomass_1998-2021_gm2_processed.csv","8/1/2005","Cenrich Namb S    ",473.42,105.92118390577,3,0.223736183316654
"506","CDR_Biomass_1998-2021_gm2_processed.csv","8/1/2005","Cenrich Nenrich M    ",484.787730766667,60.6563779327831,3,0.125119457616756
"507","CDR_Biomass_1998-2021_gm2_processed.csv","8/1/2005","Cenrich Nenrich S    ",440.666666666667,53.9809312010578,3,0.122498331016016
"508","CDR_Biomass_1998-2021_gm2_processed.csv","8/1/2006","Camb Namb M    ",446.856649266667,75.8538993253383,3,0.169749962207839
"509","CDR_Biomass_1998-2021_gm2_processed.csv","8/1/2006","Camb Namb S    ",472.865555566667,203.810439788736,3,0.431011388732885
"510","CDR_Biomass_1998-2021_gm2_processed.csv","8/1/2006","Camb Nenrich M    ",566.990927533333,110.750356312208,3,0.195330032517491
"511","CDR_Biomass_1998-2021_gm2_processed.csv","8/1/2006","Camb Nenrich S    ",657.514444433333,175.034143995613,3,0.266205777648676
"512","CDR_Biomass_1998-2021_gm2_processed.csv","8/1/2006","Cenrich Namb M    ",494.250827766667,54.8298969949267,3,0.110935367053774
"513","CDR_Biomass_1998-2021_gm2_processed.csv","8/1/2006","Cenrich Namb S    ",509.841333333333,46.6449826383646,3,0.0914892135821954
"514","CDR_Biomass_1998-2021_gm2_processed.csv","8/1/2006","Cenrich Nenrich M    ",706.826423233333,100.595923234432,3,0.142320547064812
"515","CDR_Biomass_1998-2021_gm2_processed.csv","8/1/2006","Cenrich Nenrich S    ",755.573333333333,145.358035668254,3,0.192381108828952
"516","CDR_Biomass_1998-2021_gm2_processed.csv","8/1/2007","Camb Namb M    ",237.198473633333,16.1331403499588,3,0.0680153632645112
"517","CDR_Biomass_1998-2021_gm2_processed.csv","8/1/2007","Camb Namb M H2Oamb  ",323.1011111,39.1099962232372,3,0.121045687803694
"518","CDR_Biomass_1998-2021_gm2_processed.csv","8/1/2007","Camb Namb M H2Oneg  ",276.916666666667,68.623781106358,3,0.247813834870989
"519","CDR_Biomass_1998-2021_gm2_processed.csv","8/1/2007","Camb Namb S    ",361.087777766667,8.0583403016355,3,0.0223168459244909
"520","CDR_Biomass_1998-2021_gm2_processed.csv","8/1/2007","Camb Nenrich M    ",247.250660733333,17.2056776532061,3,0.0695879946374053
"521","CDR_Biomass_1998-2021_gm2_processed.csv","8/1/2007","Camb Nenrich M H2Oamb  ",366.713333333333,216.457531708493,3,0.590263598383369
"522","CDR_Biomass_1998-2021_gm2_processed.csv","8/1/2007","Camb Nenrich M H2Oneg  ",313.925,117.362347560877,3,0.373854734605006
"523","CDR_Biomass_1998-2021_gm2_processed.csv","8/1/2007","Camb Nenrich S    ",297.5471111,28.2795888314492,3,0.0950423908567037
"524","CDR_Biomass_1998-2021_gm2_processed.csv","8/1/2007","Cenrich Namb M    ",288.719119766667,70.2526149319933,3,0.243325121622597
"525","CDR_Biomass_1998-2021_gm2_processed.csv","8/1/2007","Cenrich Namb M H2Oamb  ",520.8,143.544078596088,3,0.275622270729816
"526","CDR_Biomass_1998-2021_gm2_processed.csv","8/1/2007","Cenrich Namb M H2Oneg  ",408.995,114.235116426605,3,0.27930687765524
"527","CDR_Biomass_1998-2021_gm2_processed.csv","8/1/2007","Cenrich Namb S    ",429.02,43.8849085677525,3,0.102291055353486
"528","CDR_Biomass_1998-2021_gm2_processed.csv","8/1/2007","Cenrich Nenrich M    ",340.8709091,52.3933744105971,3,0.153704446498327
"529","CDR_Biomass_1998-2021_gm2_processed.csv","8/1/2007","Cenrich Nenrich M H2Oamb  ",413.933333333333,94.6301528759905,3,0.228612062029289
"530","CDR_Biomass_1998-2021_gm2_processed.csv","8/1/2007","Cenrich Nenrich M H2Oneg  ",445.723333333333,57.1644831458602,3,0.12825104469707
"531","CDR_Biomass_1998-2021_gm2_processed.csv","8/1/2007","Cenrich Nenrich S    ",348.246666666667,78.7047453037829,3,0.226002867614286
"532","CDR_Biomass_1998-2021_gm2_processed.csv","8/1/2008","Camb Namb M    ",281.205634366667,22.3565317661764,3,0.0795024317934735
"533","CDR_Biomass_1998-2021_gm2_processed.csv","8/1/2008","Camb Namb M H2Oamb  ",342.633333333333,85.8199471762441,3,0.250471681611764
"534","CDR_Biomass_1998-2021_gm2_processed.csv","8/1/2008","Camb Namb M H2Oneg  ",368.883333333333,66.7261255681261,3,0.18088679953407
"535","CDR_Biomass_1998-2021_gm2_processed.csv","8/1/2008","Camb Namb S    ",315.282,58.024868048105,3,0.184041169645286
"536","CDR_Biomass_1998-2021_gm2_processed.csv","8/1/2008","Camb Nenrich M    ",318.2185718,52.781934794633,3,0.165866921267582
"537","CDR_Biomass_1998-2021_gm2_processed.csv","8/1/2008","Camb Nenrich M H2Oamb  ",541.625555566667,315.326269471297,3,0.58218499151391
"538","CDR_Biomass_1998-2021_gm2_processed.csv","8/1/2008","Camb Nenrich M H2Oneg  ",406.17,194.316658318323,3,0.478412138558543
"539","CDR_Biomass_1998-2021_gm2_processed.csv","8/1/2008","Camb Nenrich S    ",363.679333333333,75.1620018449039,3,0.206671083440459
"540","CDR_Biomass_1998-2021_gm2_processed.csv","8/1/2008","Cenrich Namb M    ",319.681386,29.6409505212308,3,0.0927202890731675
"541","CDR_Biomass_1998-2021_gm2_processed.csv","8/1/2008","Cenrich Namb M H2Oamb  ",461.273333333333,79.0526948201852,3,0.17137928665618
"542","CDR_Biomass_1998-2021_gm2_processed.csv","8/1/2008","Cenrich Namb M H2Oneg  ",504.201666666667,40.2945065527961,3,0.0799174402163079
"543","CDR_Biomass_1998-2021_gm2_processed.csv","8/1/2008","Cenrich Namb S    ",391.694666666667,133.79929807489,3,0.341590809018479
"544","CDR_Biomass_1998-2021_gm2_processed.csv","8/1/2008","Cenrich Nenrich M    ",428.389004333333,42.4804035140636,3,0.0991631509780985
"545","CDR_Biomass_1998-2021_gm2_processed.csv","8/1/2008","Cenrich Nenrich M H2Oamb  ",402.485,115.243784756489,3,0.286330632834737
"546","CDR_Biomass_1998-2021_gm2_processed.csv","8/1/2008","Cenrich Nenrich M H2Oneg  ",568.783333333333,80.2427151418329,3,0.141077824259676
"547","CDR_Biomass_1998-2021_gm2_processed.csv","8/1/2008","Cenrich Nenrich S    ",433.511333333333,106.378361978991,3,0.245387729914769
"548","CDR_Biomass_1998-2021_gm2_processed.csv","8/1/2009","Camb Namb M    ",260.6329183,5.60135883769714,3,0.0214913713671798
"549","CDR_Biomass_1998-2021_gm2_processed.csv","8/1/2009","Camb Namb M H2Oamb  ",338.344444433333,134.881686157769,3,0.39865199023342
"550","CDR_Biomass_1998-2021_gm2_processed.csv","8/1/2009","Camb Namb M H2Oneg  ",257.291666666667,40.0185433059892,3,0.155537658193318
"551","CDR_Biomass_1998-2021_gm2_processed.csv","8/1/2009","Camb Namb S    ",359.482222233333,54.151578446671,3,0.150637709175844
"552","CDR_Biomass_1998-2021_gm2_processed.csv","8/1/2009","Camb Nenrich M    ",267.179637666667,42.6517421957047,3,0.159636949013746
"553","CDR_Biomass_1998-2021_gm2_processed.csv","8/1/2009","Camb Nenrich M H2Oamb  ",460.7111111,114.709170110674,3,0.248982860076444
"554","CDR_Biomass_1998-2021_gm2_processed.csv","8/1/2009","Camb Nenrich M H2Oneg  ",323.963333333333,169.454241709475,3,0.523066113581194
"555","CDR_Biomass_1998-2021_gm2_processed.csv","8/1/2009","Camb Nenrich S    ",344.734444433333,62.2636675179913,3,0.180613421499957
"556","CDR_Biomass_1998-2021_gm2_processed.csv","8/1/2009","Cenrich Namb M    ",267.420692633333,31.7042606346955,3,0.11855574945416
"557","CDR_Biomass_1998-2021_gm2_processed.csv","8/1/2009","Cenrich Namb M H2Oamb  ",475.133333333333,89.02924145096,3,0.187377384841364
"558","CDR_Biomass_1998-2021_gm2_processed.csv","8/1/2009","Cenrich Namb M H2Oneg  ",320.49,105.402783644456,3,0.328880101233911
"559","CDR_Biomass_1998-2021_gm2_processed.csv","8/1/2009","Cenrich Namb S    ",308.960666666667,67.0926252380493,3,0.217155879296553
"560","CDR_Biomass_1998-2021_gm2_processed.csv","8/1/2009","Cenrich Nenrich M    ",340.590274133333,88.0229588343678,3,0.258442373489235
"561","CDR_Biomass_1998-2021_gm2_processed.csv","8/1/2009","Cenrich Nenrich M H2Oamb  ",291.35,90.246703540905,3,0.309753573162536
"562","CDR_Biomass_1998-2021_gm2_processed.csv","8/1/2009","Cenrich Nenrich M H2Oneg  ",382.95,138.31573482435,3,0.361184840904427
"563","CDR_Biomass_1998-2021_gm2_processed.csv","8/1/2009","Cenrich Nenrich S    ",357.12,67.9671950281899,3,0.190320326579833
"564","CDR_Biomass_1998-2021_gm2_processed.csv","8/1/2010","Camb Namb M    ",409.767168666667,48.952627775321,3,0.119464494763226
"565","CDR_Biomass_1998-2021_gm2_processed.csv","8/1/2010","Camb Namb M H2Oamb  ",454.12,151.083113550125,3,0.332694251629801
"566","CDR_Biomass_1998-2021_gm2_processed.csv","8/1/2010","Camb Namb M H2Oneg  ",552.403333333333,86.1614068671893,3,0.155975537561062
"567","CDR_Biomass_1998-2021_gm2_processed.csv","8/1/2010","Camb Namb S    ",415.621333333333,60.7502234851957,3,0.146167240738033
"568","CDR_Biomass_1998-2021_gm2_processed.csv","8/1/2010","Camb Nenrich M    ",450.1025527,61.9164760123715,3,0.137560819508704
"569","CDR_Biomass_1998-2021_gm2_processed.csv","8/1/2010","Camb Nenrich M H2Oamb  ",519.823333333333,111.026196158084,3,0.213584479646452
"570","CDR_Biomass_1998-2021_gm2_processed.csv","8/1/2010","Camb Nenrich M H2Oneg  ",492.238333333333,197.537833359418,3,0.401305262070376
"571","CDR_Biomass_1998-2021_gm2_processed.csv","8/1/2010","Camb Nenrich S    ",471.675444433333,113.569808900276,3,0.240779566205143
"572","CDR_Biomass_1998-2021_gm2_processed.csv","8/1/2010","Cenrich Namb M    ",371.026839833333,70.9309722021743,3,0.19117477386282
"573","CDR_Biomass_1998-2021_gm2_processed.csv","8/1/2010","Cenrich Namb M H2Oamb  ",638.185,184.548752298681,3,0.289177514825139
"574","CDR_Biomass_1998-2021_gm2_processed.csv","8/1/2010","Cenrich Namb M H2Oneg  ",550.048333333333,234.723343019678,3,0.426732213871529
"575","CDR_Biomass_1998-2021_gm2_processed.csv","8/1/2010","Cenrich Namb S    ",438.010666666667,108.2227526786,3,0.247077893107473
"576","CDR_Biomass_1998-2021_gm2_processed.csv","8/1/2010","Cenrich Nenrich M    ",468.512243866667,97.840929213032,3,0.208833238605556
"577","CDR_Biomass_1998-2021_gm2_processed.csv","8/1/2010","Cenrich Nenrich M H2Oamb  ",714.971666666667,335.041082344141,3,0.468607495883251
"578","CDR_Biomass_1998-2021_gm2_processed.csv","8/1/2010","Cenrich Nenrich M H2Oneg  ",625.521666666667,112.857939722172,3,0.180422111233299
"579","CDR_Biomass_1998-2021_gm2_processed.csv","8/1/2010","Cenrich Nenrich S    ",562.844666666667,158.853923267048,3,0.282234038403222
"580","CDR_Biomass_1998-2021_gm2_processed.csv","8/1/2011","Camb Namb M    ",280.2702319,36.2122345159331,3,0.129204711718559
"581","CDR_Biomass_1998-2021_gm2_processed.csv","8/1/2011","Camb Namb M H2Oamb  ",428.4,117.737515261704,3,0.274830801264482
"582","CDR_Biomass_1998-2021_gm2_processed.csv","8/1/2011","Camb Namb M H2Oneg  ",413.116666666667,116.330824949079,3,0.281593153546002
"583","CDR_Biomass_1998-2021_gm2_processed.csv","8/1/2011","Camb Namb S    ",409.733333333333,135.527208586487,3,0.330769301789344
"584","CDR_Biomass_1998-2021_gm2_processed.csv","8/1/2011","Camb Nenrich M    ",329.436738466667,68.6663087919769,3,0.208435492384905
"585","CDR_Biomass_1998-2021_gm2_processed.csv","8/1/2011","Camb Nenrich M H2Oamb  ",538.405555566667,112.55650473237,3,0.209055243893063
"586","CDR_Biomass_1998-2021_gm2_processed.csv","8/1/2011","Camb Nenrich M H2Oneg  ",414.018333333333,51.05076648135,3,0.123305569756613
"587","CDR_Biomass_1998-2021_gm2_processed.csv","8/1/2011","Camb Nenrich S    ",475.866,97.5409158045997,3,0.204975593559111
"588","CDR_Biomass_1998-2021_gm2_processed.csv","8/1/2011","Cenrich Namb M    ",307.061139966667,38.1776393690787,3,0.124332370332577
"589","CDR_Biomass_1998-2021_gm2_processed.csv","8/1/2011","Cenrich Namb M H2Oamb  ",352.781666666667,122.553227245688,3,0.347391145360979
"590","CDR_Biomass_1998-2021_gm2_processed.csv","8/1/2011","Cenrich Namb M H2Oneg  ",391.723333333333,100.555748882564,3,0.25670094254252
"591","CDR_Biomass_1998-2021_gm2_processed.csv","8/1/2011","Cenrich Namb S    ",396.132,78.4673606284804,3,0.198083872619431
"592","CDR_Biomass_1998-2021_gm2_processed.csv","8/1/2011","Cenrich Nenrich M    ",392.881507933333,137.179179843751,3,0.349161711797921
"593","CDR_Biomass_1998-2021_gm2_processed.csv","8/1/2011","Cenrich Nenrich M H2Oamb  ",523.35,153.999602272214,3,0.294257384679877
"594","CDR_Biomass_1998-2021_gm2_processed.csv","8/1/2011","Cenrich Nenrich M H2Oneg  ",521.566666666667,121.658583064794,3,0.233256054959022
"595","CDR_Biomass_1998-2021_gm2_processed.csv","8/1/2011","Cenrich Nenrich S    ",618.897333333333,64.3057131313644,3,0.103903684291252
"596","CDR_Biomass_1998-2021_gm2_processed.csv","8/1/2012","Camb Namb M    ",257.699896833333,20.1294396817918,3,0.0781119431134677
"597","CDR_Biomass_1998-2021_gm2_processed.csv","8/1/2012","Camb Namb M H2Oamb HTamb",367.633333333333,170.552171881021,3,0.463919227167525
"598","CDR_Biomass_1998-2021_gm2_processed.csv","8/1/2012","Camb Namb M H2Oamb HTelv",418.766666666667,107.104870726468,3,0.255762646007644
"599","CDR_Biomass_1998-2021_gm2_processed.csv","8/1/2012","Camb Namb M H2Oneg HTamb",328.566666666667,41.8557443289847,3,0.127388894173637
"600","CDR_Biomass_1998-2021_gm2_processed.csv","8/1/2012","Camb Namb M H2Oneg HTelv",327.1,179.260508757506,3,0.548029681313073
"601","CDR_Biomass_1998-2021_gm2_processed.csv","8/1/2012","Camb Namb S    ",326.757222233333,139.879490909922,3,0.428083853675423
"602","CDR_Biomass_1998-2021_gm2_processed.csv","8/1/2012","Camb Nenrich M    ",284.198186133333,10.1485981010805,3,0.035709580835675
"603","CDR_Biomass_1998-2021_gm2_processed.csv","8/1/2012","Camb Nenrich M H2Oamb HTamb",213.2,131.194512080346,3,0.615358874673292
"604","CDR_Biomass_1998-2021_gm2_processed.csv","8/1/2012","Camb Nenrich M H2Oamb HTelv",535.066666666667,107.576499912078,3,0.201052516656014
"605","CDR_Biomass_1998-2021_gm2_processed.csv","8/1/2012","Camb Nenrich M H2Oneg HTamb",377.866666666667,93.762270308122,3,0.248135860025023
"606","CDR_Biomass_1998-2021_gm2_processed.csv","8/1/2012","Camb Nenrich M H2Oneg HTelv",393.733333333333,133.625197224675,3,0.339379945541843
"607","CDR_Biomass_1998-2021_gm2_processed.csv","8/1/2012","Camb Nenrich S    ",380.3888889,9.27150312676587,3,0.0243737485434367
"608","CDR_Biomass_1998-2021_gm2_processed.csv","8/1/2012","Cenrich Namb M    ",253.059193366667,44.895941598446,3,0.177412806075749
"609","CDR_Biomass_1998-2021_gm2_processed.csv","8/1/2012","Cenrich Namb M H2Oamb HTamb",251.133333333333,47.1699409935325,3,0.187828275790546
"610","CDR_Biomass_1998-2021_gm2_processed.csv","8/1/2012","Cenrich Namb M H2Oamb HTelv",596.793333333333,163.762987678331,3,0.274404854296291
"611","CDR_Biomass_1998-2021_gm2_processed.csv","8/1/2012","Cenrich Namb M H2Oneg HTamb",482.956666666667,251.704059628234,3,0.52117317556765
"612","CDR_Biomass_1998-2021_gm2_processed.csv","8/1/2012","Cenrich Namb M H2Oneg HTelv",278.686666666667,131.795125984739,3,0.472915075418293
"613","CDR_Biomass_1998-2021_gm2_processed.csv","8/1/2012","Cenrich Namb S    ",352.249333333333,41.3716701298526,3,0.117449960056284
"614","CDR_Biomass_1998-2021_gm2_processed.csv","8/1/2012","Cenrich Nenrich M    ",376.0537374,58.9613096209624,3,0.156789585522046
"615","CDR_Biomass_1998-2021_gm2_processed.csv","8/1/2012","Cenrich Nenrich M H2Oamb HTamb",599.49,273.781579548369,3,0.456690819777426
"616","CDR_Biomass_1998-2021_gm2_processed.csv","8/1/2012","Cenrich Nenrich M H2Oamb HTelv",829.1,823.08884696611,3,0.992749785268496
"617","CDR_Biomass_1998-2021_gm2_processed.csv","8/1/2012","Cenrich Nenrich M H2Oneg HTamb",445.47,159.660560878384,3,0.358409232671972
"618","CDR_Biomass_1998-2021_gm2_processed.csv","8/1/2012","Cenrich Nenrich M H2Oneg HTelv",472.053333333333,161.500657996596,3,0.342123752958555
"619","CDR_Biomass_1998-2021_gm2_processed.csv","8/1/2012","Cenrich Nenrich S    ",374.887333333333,50.0269616240416,3,0.133445323903648
"620","CDR_Biomass_1998-2021_gm2_processed.csv","8/1/2013","Camb Namb M    ",387.338126266667,51.935917359552,3,0.134084185980174
"621","CDR_Biomass_1998-2021_gm2_processed.csv","8/1/2013","Camb Namb M   HTelv",1190.9,NA,1,NA
"622","CDR_Biomass_1998-2021_gm2_processed.csv","8/1/2013","Camb Namb M H2Oamb  ",347.1,NA,1,NA
"623","CDR_Biomass_1998-2021_gm2_processed.csv","8/1/2013","Camb Namb M H2Oamb HTamb",669.433333333333,130.138746472115,3,0.194401354088704
"624","CDR_Biomass_1998-2021_gm2_processed.csv","8/1/2013","Camb Namb M H2Oamb HTelv",562.65,13.5057395206631,2,0.024003802578269
"625","CDR_Biomass_1998-2021_gm2_processed.csv","8/1/2013","Camb Namb M H2Oneg HTamb",414.186666666667,177.603437560576,3,0.428800470546072
"626","CDR_Biomass_1998-2021_gm2_processed.csv","8/1/2013","Camb Namb M H2Oneg HTelv",615.5,75.9799973677283,3,0.123444349906951
"627","CDR_Biomass_1998-2021_gm2_processed.csv","8/1/2013","Camb Namb S    ",403.910555566667,53.1623621723251,3,0.131619145475762
"628","CDR_Biomass_1998-2021_gm2_processed.csv","8/1/2013","Camb Nenrich M    ",422.329495566667,31.6505672339361,3,0.0749428291563404
"629","CDR_Biomass_1998-2021_gm2_processed.csv","8/1/2013","Camb Nenrich M   HTamb",546.31,NA,1,NA
"630","CDR_Biomass_1998-2021_gm2_processed.csv","8/1/2013","Camb Nenrich M H2Oamb  ",779.4,NA,1,NA
"631","CDR_Biomass_1998-2021_gm2_processed.csv","8/1/2013","Camb Nenrich M H2Oamb HTamb",374.6,98.4292639411674,2,0.262758312710004
"632","CDR_Biomass_1998-2021_gm2_processed.csv","8/1/2013","Camb Nenrich M H2Oamb HTelv",576.706666666667,213.198405560017,3,0.369682575012167
"633","CDR_Biomass_1998-2021_gm2_processed.csv","8/1/2013","Camb Nenrich M H2Oneg HTamb",426.549,160.487039984542,3,0.376245261352253
"634","CDR_Biomass_1998-2021_gm2_processed.csv","8/1/2013","Camb Nenrich M H2Oneg HTelv",619.1,343.223207257318,3,0.554390578674395
"635","CDR_Biomass_1998-2021_gm2_processed.csv","8/1/2013","Camb Nenrich S    ",512.408577766667,52.8480090173445,3,0.103136464357569
"636","CDR_Biomass_1998-2021_gm2_processed.csv","8/1/2013","Cenriched  Namb M    ",386.6497648,22.9761524388826,3,0.0594236814052306
"637","CDR_Biomass_1998-2021_gm2_processed.csv","8/1/2013","Cenriched  Namb M H2Oamb HTamb",522.983333333333,279.154850993733,3,0.5337738952683
"638","CDR_Biomass_1998-2021_gm2_processed.csv","8/1/2013","Cenriched  Namb M H2Oamb HTelv",779.135,197.209373953167,3,0.253113226787613
"639","CDR_Biomass_1998-2021_gm2_processed.csv","8/1/2013","Cenriched  Namb M H2Oneg HTamb",589.95,282.758823911828,3,0.479292861957501
"640","CDR_Biomass_1998-2021_gm2_processed.csv","8/1/2013","Cenriched  Namb M H2Oneg HTelv",553.333333333333,225.823124000474,3,0.408114079518928
"641","CDR_Biomass_1998-2021_gm2_processed.csv","8/1/2013","Cenriched  Namb S    ",409.706666666667,77.5998900342863,3,0.189403532692381
"642","CDR_Biomass_1998-2021_gm2_processed.csv","8/1/2013","Cenriched  Nenrich M    ",475.1569437,23.1825501848853,3,0.0487892484625502
"643","CDR_Biomass_1998-2021_gm2_processed.csv","8/1/2013","Cenriched  Nenrich M H2Oamb HTamb",707,338.462538547474,3,0.478730606149185
"644","CDR_Biomass_1998-2021_gm2_processed.csv","8/1/2013","Cenriched  Nenrich M H2Oamb HTelv",979.3,139.428153541528,3,0.142375322721871
"645","CDR_Biomass_1998-2021_gm2_processed.csv","8/1/2013","Cenriched  Nenrich M H2Oneg HTamb",413.733333333333,138.331931719807,3,0.334350463389801
"646","CDR_Biomass_1998-2021_gm2_processed.csv","8/1/2013","Cenriched  Nenrich M H2Oneg HTelv",979.4,195.564516208846,3,0.199677880548138
"647","CDR_Biomass_1998-2021_gm2_processed.csv","8/1/2013","Cenriched  Nenrich S    ",541.608666666667,81.7495662210714,3,0.150938438123968
"648","CDR_Biomass_1998-2021_gm2_processed.csv","8/1/2014","Camb Namb M    ",266.932075766667,57.9508411321824,3,0.217099578481677
"649","CDR_Biomass_1998-2021_gm2_processed.csv","8/1/2014","Camb Namb M   HTelv",718.2,NA,1,NA
"650","CDR_Biomass_1998-2021_gm2_processed.csv","8/1/2014","Camb Namb M H2Oamb  ",606.91,NA,1,NA
"651","CDR_Biomass_1998-2021_gm2_processed.csv","8/1/2014","Camb Namb M H2Oamb HTamb",402,141.70783323444,3,0.352507047846867
"652","CDR_Biomass_1998-2021_gm2_processed.csv","8/1/2014","Camb Namb M H2Oamb HTelv",757.75,168.927810025466,2,0.22293343454367
"653","CDR_Biomass_1998-2021_gm2_processed.csv","8/1/2014","Camb Namb M H2Oneg HTamb",422.59,343.465012337501,3,0.812761807751015
"654","CDR_Biomass_1998-2021_gm2_processed.csv","8/1/2014","Camb Namb M H2Oneg HTelv",540.433333333333,86.6946557368638,3,0.160416929137477
"655","CDR_Biomass_1998-2021_gm2_processed.csv","8/1/2014","Camb Namb S    ",358.431444433333,37.9224185811423,3,0.105801037186054
"656","CDR_Biomass_1998-2021_gm2_processed.csv","8/1/2014","Camb Nenrich M    ",334.957590933333,26.9515076168943,3,0.0804624476244771
"657","CDR_Biomass_1998-2021_gm2_processed.csv","8/1/2014","Camb Nenrich M   HTamb",265.09,NA,1,NA
"658","CDR_Biomass_1998-2021_gm2_processed.csv","8/1/2014","Camb Nenrich M H2Oamb  ",373.2,NA,1,NA
"659","CDR_Biomass_1998-2021_gm2_processed.csv","8/1/2014","Camb Nenrich M H2Oamb HTamb",273.2,195.02005025125,2,0.713836201505307
"660","CDR_Biomass_1998-2021_gm2_processed.csv","8/1/2014","Camb Nenrich M H2Oamb HTelv",771.833333333333,190.226636760821,3,0.246460768854443
"661","CDR_Biomass_1998-2021_gm2_processed.csv","8/1/2014","Camb Nenrich M H2Oneg HTamb",343.733333333333,79.6168533247411,3,0.231623894466857
"662","CDR_Biomass_1998-2021_gm2_processed.csv","8/1/2014","Camb Nenrich M H2Oneg HTelv",419.033333333333,252.090783911934,3,0.601600788907646
"663","CDR_Biomass_1998-2021_gm2_processed.csv","8/1/2014","Camb Nenrich S    ",469.188,107.113845174188,3,0.22829621638701
"664","CDR_Biomass_1998-2021_gm2_processed.csv","8/1/2014","Cenriched  Namb M    ",299.036284266667,67.7594119585674,3,0.226592609404358
"665","CDR_Biomass_1998-2021_gm2_processed.csv","8/1/2014","Cenriched  Namb M H2Oamb HTamb",165.1,32.2305755455902,3,0.195218507241613
"666","CDR_Biomass_1998-2021_gm2_processed.csv","8/1/2014","Cenriched  Namb M H2Oamb HTelv",607.766666666667,286.806072692566,3,0.471901616891185
"667","CDR_Biomass_1998-2021_gm2_processed.csv","8/1/2014","Cenriched  Namb M H2Oneg HTamb",455.01,149.400964856322,3,0.328346552507246
"668","CDR_Biomass_1998-2021_gm2_processed.csv","8/1/2014","Cenriched  Namb M H2Oneg HTelv",491.033333333333,172.803134616631,3,0.351917319835647
"669","CDR_Biomass_1998-2021_gm2_processed.csv","8/1/2014","Cenriched  Namb S    ",381.202666666667,65.3606262311901,3,0.171458995296964
"670","CDR_Biomass_1998-2021_gm2_processed.csv","8/1/2014","Cenriched  Nenrich M    ",421.979090933333,75.08842127745,3,0.177943464239826
"671","CDR_Biomass_1998-2021_gm2_processed.csv","8/1/2014","Cenriched  Nenrich M H2Oamb HTamb",295.5,96.9571039171447,3,0.328112026792368
"672","CDR_Biomass_1998-2021_gm2_processed.csv","8/1/2014","Cenriched  Nenrich M H2Oamb HTelv",781.166666666667,520.698034693174,3,0.666564584629623
"673","CDR_Biomass_1998-2021_gm2_processed.csv","8/1/2014","Cenriched  Nenrich M H2Oneg HTamb",522.733333333333,291.439982386311,3,0.557530893482294
"674","CDR_Biomass_1998-2021_gm2_processed.csv","8/1/2014","Cenriched  Nenrich M H2Oneg HTelv",499.7,92.2502574522153,3,0.184611281673435
"675","CDR_Biomass_1998-2021_gm2_processed.csv","8/1/2014","Cenriched  Nenrich S    ",386.316,149.888841852888,3,0.387995428232037
"676","CDR_Biomass_1998-2021_gm2_processed.csv","8/1/2015","Camb Namb M    ",432.919772733333,132.336277695884,3,0.305683145078706
"677","CDR_Biomass_1998-2021_gm2_processed.csv","8/1/2015","Camb Namb M   HTelv",944.2,NA,1,NA
"678","CDR_Biomass_1998-2021_gm2_processed.csv","8/1/2015","Camb Namb M H2Oamb  ",390.8,NA,1,NA
"679","CDR_Biomass_1998-2021_gm2_processed.csv","8/1/2015","Camb Namb M H2Oamb HTamb",806.916666666667,272.888495238134,3,0.338186713090738
"680","CDR_Biomass_1998-2021_gm2_processed.csv","8/1/2015","Camb Namb M H2Oamb HTelv",437.38,236.343370543792,2,0.540361631861977
"681","CDR_Biomass_1998-2021_gm2_processed.csv","8/1/2015","Camb Namb M H2Oneg HTamb",412.056666666667,150.029105953923,3,0.364098237185636
"682","CDR_Biomass_1998-2021_gm2_processed.csv","8/1/2015","Camb Namb M H2Oneg HTelv",460.55,179.300982986709,3,0.389319255209442
"683","CDR_Biomass_1998-2021_gm2_processed.csv","8/1/2015","Camb Namb S    ",491.339611133333,57.2784797824324,3,0.116576149133005
"684","CDR_Biomass_1998-2021_gm2_processed.csv","8/1/2015","Camb Nenrich M    ",447.4016212,77.1600350212186,3,0.172462573591628
"685","CDR_Biomass_1998-2021_gm2_processed.csv","8/1/2015","Camb Nenrich M   HTamb",294.3,NA,1,NA
"686","CDR_Biomass_1998-2021_gm2_processed.csv","8/1/2015","Camb Nenrich M H2Oamb  ",250.1,NA,1,NA
"687","CDR_Biomass_1998-2021_gm2_processed.csv","8/1/2015","Camb Nenrich M H2Oamb HTamb",599.85,262.407326498328,2,0.437454907890852
"688","CDR_Biomass_1998-2021_gm2_processed.csv","8/1/2015","Camb Nenrich M H2Oamb HTelv",670.633333333333,167.512308005511,3,0.249782257575692
"689","CDR_Biomass_1998-2021_gm2_processed.csv","8/1/2015","Camb Nenrich M H2Oneg HTamb",285.313333333333,34.6827973689167,3,0.121560380525212
"690","CDR_Biomass_1998-2021_gm2_processed.csv","8/1/2015","Camb Nenrich M H2Oneg HTelv",435.783333333333,215.675081623569,3,0.494913561686395
"691","CDR_Biomass_1998-2021_gm2_processed.csv","8/1/2015","Camb Nenrich S    ",540.008444433333,166.285245934688,3,0.307930825246969
"692","CDR_Biomass_1998-2021_gm2_processed.csv","8/1/2015","Cenrich Namb M    ",432.3589466,66.9318933003035,3,0.154806310420184
"693","CDR_Biomass_1998-2021_gm2_processed.csv","8/1/2015","Cenrich Namb M H2Oamb HTamb",505.566666666667,363.677897779523,3,0.719347064903125
"694","CDR_Biomass_1998-2021_gm2_processed.csv","8/1/2015","Cenrich Namb M H2Oamb HTelv",834.133333333333,457.077502545611,3,0.547966954778147
"695","CDR_Biomass_1998-2021_gm2_processed.csv","8/1/2015","Cenrich Namb M H2Oneg HTamb",789.51,221.035332695929,3,0.279965209681865
"696","CDR_Biomass_1998-2021_gm2_processed.csv","8/1/2015","Cenrich Namb M H2Oneg HTelv",601.266666666667,122.603928702686,3,0.203909405758986
"697","CDR_Biomass_1998-2021_gm2_processed.csv","8/1/2015","Cenrich Namb S    ",400.996,43.7185602233194,3,0.109024928486367
"698","CDR_Biomass_1998-2021_gm2_processed.csv","8/1/2015","Cenrich Nenrich M    ",498.308940133333,80.2624683071053,3,0.161069693603388
"699","CDR_Biomass_1998-2021_gm2_processed.csv","8/1/2015","Cenrich Nenrich M H2Oamb HTamb",529.786666666667,347.369298777732,3,0.655677691859111
"700","CDR_Biomass_1998-2021_gm2_processed.csv","8/1/2015","Cenrich Nenrich M H2Oamb HTelv",610.663333333333,281.056602899369,3,0.460248041036308
"701","CDR_Biomass_1998-2021_gm2_processed.csv","8/1/2015","Cenrich Nenrich M H2Oneg HTamb",637.166666666667,329.504086975159,3,0.517139555807208
"702","CDR_Biomass_1998-2021_gm2_processed.csv","8/1/2015","Cenrich Nenrich M H2Oneg HTelv",789.29,106.865374654282,3,0.135394309638133
"703","CDR_Biomass_1998-2021_gm2_processed.csv","8/1/2015","Cenrich Nenrich S    ",583.192,94.2623990358828,3,0.161631845148567
"704","CDR_Biomass_1998-2021_gm2_processed.csv","8/1/2016","Camb Namb M    ",336.3776515,61.6036274635979,3,0.183138288732591
"705","CDR_Biomass_1998-2021_gm2_processed.csv","8/1/2016","Camb Namb M   HTelv",647.4,NA,1,NA
"706","CDR_Biomass_1998-2021_gm2_processed.csv","8/1/2016","Camb Namb M H2Oamb  ",671.38,NA,1,NA
"707","CDR_Biomass_1998-2021_gm2_processed.csv","8/1/2016","Camb Namb M H2Oamb HTamb",517.766666666667,214.9222262432,3,0.415094752288419
"708","CDR_Biomass_1998-2021_gm2_processed.csv","8/1/2016","Camb Namb M H2Oamb HTelv",690.75,314.450385593658,2,0.455230380881155
"709","CDR_Biomass_1998-2021_gm2_processed.csv","8/1/2016","Camb Namb M H2Oneg HTamb",512.466666666667,363.483181637519,3,0.709281608503028
"710","CDR_Biomass_1998-2021_gm2_processed.csv","8/1/2016","Camb Namb M H2Oneg HTelv",349.593333333333,169.047827946216,3,0.483555639732496
"711","CDR_Biomass_1998-2021_gm2_processed.csv","8/1/2016","Camb Namb S    ",428.746222233333,46.3250212200185,3,0.108047648743614
"712","CDR_Biomass_1998-2021_gm2_processed.csv","8/1/2016","Camb Nenrich M    ",420.3085909,32.8903897456018,3,0.0782529561795874
"713","CDR_Biomass_1998-2021_gm2_processed.csv","8/1/2016","Camb Nenrich M   HTamb",311.6,NA,1,NA
"714","CDR_Biomass_1998-2021_gm2_processed.csv","8/1/2016","Camb Nenrich M H2Oamb  ",282,NA,1,NA
"715","CDR_Biomass_1998-2021_gm2_processed.csv","8/1/2016","Camb Nenrich M H2Oamb HTamb",466.7,91.6410388417766,2,0.196359628973166
"716","CDR_Biomass_1998-2021_gm2_processed.csv","8/1/2016","Camb Nenrich M H2Oamb HTelv",942.44,279.300552810051,3,0.296358975436156
"717","CDR_Biomass_1998-2021_gm2_processed.csv","8/1/2016","Camb Nenrich M H2Oneg HTamb",521.066666666667,475.956818769658,3,0.913427876349139
"718","CDR_Biomass_1998-2021_gm2_processed.csv","8/1/2016","Camb Nenrich M H2Oneg HTelv",604.25,234.476454041765,3,0.388045434905693
"719","CDR_Biomass_1998-2021_gm2_processed.csv","8/1/2016","Camb Nenrich S    ",582.1161111,137.893246210308,3,0.236882717349529
"720","CDR_Biomass_1998-2021_gm2_processed.csv","8/1/2016","Cenrich Namb M    ",427.815923533333,93.618367165424,3,0.218828617673296
"721","CDR_Biomass_1998-2021_gm2_processed.csv","8/1/2016","Cenrich Namb M H2Oamb HTamb",587.616666666667,182.62895672191,3,0.310796080305035
"722","CDR_Biomass_1998-2021_gm2_processed.csv","8/1/2016","Cenrich Namb M H2Oamb HTelv",902.453333333333,237.20185609167,3,0.262841132422364
"723","CDR_Biomass_1998-2021_gm2_processed.csv","8/1/2016","Cenrich Namb M H2Oneg HTamb",487.166666666667,151.39723687483,3,0.310770927556955
"724","CDR_Biomass_1998-2021_gm2_processed.csv","8/1/2016","Cenrich Namb M H2Oneg HTelv",599.833333333333,389.541503993263,3,0.649416233386935
"725","CDR_Biomass_1998-2021_gm2_processed.csv","8/1/2016","Cenrich Namb S    ",381.731333333333,86.0578007233123,3,0.225440756911001
"726","CDR_Biomass_1998-2021_gm2_processed.csv","8/1/2016","Cenrich Nenrich M    ",467.508557,24.9826722454125,3,0.053437892999705
"727","CDR_Biomass_1998-2021_gm2_processed.csv","8/1/2016","Cenrich Nenrich M H2Oamb HTamb",876.15,204.17614331748,3,0.2330378854277
"728","CDR_Biomass_1998-2021_gm2_processed.csv","8/1/2016","Cenrich Nenrich M H2Oamb HTelv",629.133333333333,116.889235318456,3,0.185794058469518
"729","CDR_Biomass_1998-2021_gm2_processed.csv","8/1/2016","Cenrich Nenrich M H2Oneg HTamb",1037.87,458.362823208864,3,0.441637992435337
"730","CDR_Biomass_1998-2021_gm2_processed.csv","8/1/2016","Cenrich Nenrich M H2Oneg HTelv",1287.63666666667,741.35127573461,3,0.575745701350492
"731","CDR_Biomass_1998-2021_gm2_processed.csv","8/1/2016","Cenrich Nenrich S    ",495.389333333333,84.7689563539232,3,0.171115828803856
"732","CDR_Biomass_1998-2021_gm2_processed.csv","8/1/2017","Camb Namb M    ",208.489696966667,19.6266091849622,3,0.0941370699392409
"733","CDR_Biomass_1998-2021_gm2_processed.csv","8/1/2017","Camb Namb M   HTelv",657.3,NA,1,NA
"734","CDR_Biomass_1998-2021_gm2_processed.csv","8/1/2017","Camb Namb M H2Oamb  ",434.5,NA,1,NA
"735","CDR_Biomass_1998-2021_gm2_processed.csv","8/1/2017","Camb Namb M H2Oamb HTamb",537.366666666667,287.678802370514,3,0.535349176298953
"736","CDR_Biomass_1998-2021_gm2_processed.csv","8/1/2017","Camb Namb M H2Oamb HTelv",295.45,11.9501046020526,2,0.0404471301474112
"737","CDR_Biomass_1998-2021_gm2_processed.csv","8/1/2017","Camb Namb M H2Oneg HTamb",357.333333333333,214.487116940233,3,0.600243797407369
"738","CDR_Biomass_1998-2021_gm2_processed.csv","8/1/2017","Camb Namb M H2Oneg HTelv",453.233333333333,247.316484152054,3,0.545671436681741
"739","CDR_Biomass_1998-2021_gm2_processed.csv","8/1/2017","Camb Namb S    ",213.536666666667,56.533174831016,3,0.264746920112156
"740","CDR_Biomass_1998-2021_gm2_processed.csv","8/1/2017","Camb Nenrich M    ",223.3306985,36.1458459889778,3,0.161848981048066
"741","CDR_Biomass_1998-2021_gm2_processed.csv","8/1/2017","Camb Nenrich M   HTamb",261.2,NA,1,NA
"742","CDR_Biomass_1998-2021_gm2_processed.csv","8/1/2017","Camb Nenrich M H2Oamb  ",151.7,NA,1,NA
"743","CDR_Biomass_1998-2021_gm2_processed.csv","8/1/2017","Camb Nenrich M H2Oamb HTamb",261.55,106.419570568575,2,0.406880407450107
"744","CDR_Biomass_1998-2021_gm2_processed.csv","8/1/2017","Camb Nenrich M H2Oamb HTelv",443.2,122.734632439259,3,0.276928322290747
"745","CDR_Biomass_1998-2021_gm2_processed.csv","8/1/2017","Camb Nenrich M H2Oneg HTamb",232.933333333333,116.757583622364,3,0.50124892797237
"746","CDR_Biomass_1998-2021_gm2_processed.csv","8/1/2017","Camb Nenrich M H2Oneg HTelv",389.1,93.6567669738818,3,0.240701020236139
"747","CDR_Biomass_1998-2021_gm2_processed.csv","8/1/2017","Camb Nenrich S    ",304.437777766667,109.410053242629,3,0.359383957028111
"748","CDR_Biomass_1998-2021_gm2_processed.csv","8/1/2017","Cenrich Namb M    ",251.713852833333,37.9611677308403,3,0.150810800850025
"749","CDR_Biomass_1998-2021_gm2_processed.csv","8/1/2017","Cenrich Namb M H2Oamb HTamb",926.006666666667,777.659278947621,3,0.839798790808872
"750","CDR_Biomass_1998-2021_gm2_processed.csv","8/1/2017","Cenrich Namb M H2Oamb HTelv",718.37,362.470825998452,3,0.50457400225295
"751","CDR_Biomass_1998-2021_gm2_processed.csv","8/1/2017","Cenrich Namb M H2Oneg HTamb",478.333333333333,26.5151529004329,3,0.0554323754016018
"752","CDR_Biomass_1998-2021_gm2_processed.csv","8/1/2017","Cenrich Namb M H2Oneg HTelv",427.11,215.63878616798,3,0.504878804448457
"753","CDR_Biomass_1998-2021_gm2_processed.csv","8/1/2017","Cenrich Namb S    ",271.624,109.886737543709,3,0.40455459585202
"754","CDR_Biomass_1998-2021_gm2_processed.csv","8/1/2017","Cenrich Nenrich M    ",282.979754666667,74.9012800338138,3,0.264687769349589
"755","CDR_Biomass_1998-2021_gm2_processed.csv","8/1/2017","Cenrich Nenrich M H2Oamb HTamb",356.483333333333,50.0061579541293,3,0.140276285812696
"756","CDR_Biomass_1998-2021_gm2_processed.csv","8/1/2017","Cenrich Nenrich M H2Oamb HTelv",728.9,321.979673271466,3,0.441733671657931
"757","CDR_Biomass_1998-2021_gm2_processed.csv","8/1/2017","Cenrich Nenrich M H2Oneg HTamb",496.833333333333,247.863860482591,3,0.498887340790186
"758","CDR_Biomass_1998-2021_gm2_processed.csv","8/1/2017","Cenrich Nenrich M H2Oneg HTelv",798.8,469.620091137507,3,0.587906974383459
"759","CDR_Biomass_1998-2021_gm2_processed.csv","8/1/2017","Cenrich Nenrich S    ",272.872,93.1672540756676,3,0.341432078321219
"760","CDR_Biomass_1998-2021_gm2_processed.csv","8/1/2018","Camb Namb M    ",314.0818773,45.9612618005354,3,0.146335287459565
"761","CDR_Biomass_1998-2021_gm2_processed.csv","8/1/2018","Camb Namb M   HTelv",509.29,NA,1,NA
"762","CDR_Biomass_1998-2021_gm2_processed.csv","8/1/2018","Camb Namb M H2Oamb  ",570.12,NA,1,NA
"763","CDR_Biomass_1998-2021_gm2_processed.csv","8/1/2018","Camb Namb M H2Oamb HTamb",555.643333333333,291.532872303165,3,0.524676271294832
"764","CDR_Biomass_1998-2021_gm2_processed.csv","8/1/2018","Camb Namb M H2Oamb HTelv",597.74,133.869455814237,2,0.223959339870574
"765","CDR_Biomass_1998-2021_gm2_processed.csv","8/1/2018","Camb Namb M H2Oneg HTamb",342.89,193.625104519016,3,0.564685772460603
"766","CDR_Biomass_1998-2021_gm2_processed.csv","8/1/2018","Camb Namb M H2Oneg HTelv",441.706666666667,182.710693812194,3,0.41364712738211
"767","CDR_Biomass_1998-2021_gm2_processed.csv","8/1/2018","Camb Namb S    ",321.423444433333,85.3500102641573,3,0.265537600764091
"768","CDR_Biomass_1998-2021_gm2_processed.csv","8/1/2018","Camb Nenrich M    ",371.9593182,70.4057149997444,3,0.189283374699294
"769","CDR_Biomass_1998-2021_gm2_processed.csv","8/1/2018","Camb Nenrich M   HTamb",285.2,NA,1,NA
"770","CDR_Biomass_1998-2021_gm2_processed.csv","8/1/2018","Camb Nenrich M H2Oamb  ",149.7,NA,1,NA
"771","CDR_Biomass_1998-2021_gm2_processed.csv","8/1/2018","Camb Nenrich M H2Oamb HTamb",419.125,110.556145238517,2,0.263778455683905
"772","CDR_Biomass_1998-2021_gm2_processed.csv","8/1/2018","Camb Nenrich M H2Oamb HTelv",713.61,164.875511523088,3,0.231044284025011
"773","CDR_Biomass_1998-2021_gm2_processed.csv","8/1/2018","Camb Nenrich M H2Oneg HTamb",321.833333333333,198.971543777831,3,0.618244051096316
"774","CDR_Biomass_1998-2021_gm2_processed.csv","8/1/2018","Camb Nenrich M H2Oneg HTelv",652.726666666667,260.68513466121,3,0.399378710835383
"775","CDR_Biomass_1998-2021_gm2_processed.csv","8/1/2018","Camb Nenrich S    ",356.646,41.9625693684264,3,0.117658881267213
"776","CDR_Biomass_1998-2021_gm2_processed.csv","8/1/2018","Cenrich Namb M    ",336.418290066667,38.0090265682809,3,0.112981451040456
"777","CDR_Biomass_1998-2021_gm2_processed.csv","8/1/2018","Cenrich Namb M H2Oamb HTamb",245.876666666667,77.3970066173966,3,0.314779794547659
"778","CDR_Biomass_1998-2021_gm2_processed.csv","8/1/2018","Cenrich Namb M H2Oamb HTelv",625.613333333333,399.85130515397,3,0.639134883880304
"779","CDR_Biomass_1998-2021_gm2_processed.csv","8/1/2018","Cenrich Namb M H2Oneg HTamb",482.85,181.748266841805,3,0.376407304218298
"780","CDR_Biomass_1998-2021_gm2_processed.csv","8/1/2018","Cenrich Namb M H2Oneg HTelv",567.086666666667,173.560002400707,3,0.306055516030542
"781","CDR_Biomass_1998-2021_gm2_processed.csv","8/1/2018","Cenrich Namb S    ",391.202,115.758193956195,3,0.295903890972425
"782","CDR_Biomass_1998-2021_gm2_processed.csv","8/1/2018","Cenrich Nenrich M    ",443.8057352,56.123896085354,3,0.126460502048406
"783","CDR_Biomass_1998-2021_gm2_processed.csv","8/1/2018","Cenrich Nenrich M H2Oamb HTamb",560.323333333333,131.381986715582,3,0.234475308986327
"784","CDR_Biomass_1998-2021_gm2_processed.csv","8/1/2018","Cenrich Nenrich M H2Oamb HTelv",673.133333333333,84.0897243028739,3,0.124922834955245
"785","CDR_Biomass_1998-2021_gm2_processed.csv","8/1/2018","Cenrich Nenrich M H2Oneg HTamb",559.593333333333,231.22752784505,3,0.413206366251176
"786","CDR_Biomass_1998-2021_gm2_processed.csv","8/1/2018","Cenrich Nenrich M H2Oneg HTelv",710.786666666667,142.982805026805,3,0.201161349434624
"787","CDR_Biomass_1998-2021_gm2_processed.csv","8/1/2018","Cenrich Nenrich S    ",286.474,62.9075029865278,3,0.219592364356025
"788","CDR_Biomass_1998-2021_gm2_processed.csv","8/1/2019","Camb Namb M    ",251.7275909,22.7537584134471,3,0.0903904031024001
"789","CDR_Biomass_1998-2021_gm2_processed.csv","8/1/2019","Camb Namb M   HTelv",520.1,NA,1,NA
"790","CDR_Biomass_1998-2021_gm2_processed.csv","8/1/2019","Camb Namb M H2Oamb  ",785.53,NA,1,NA
"791","CDR_Biomass_1998-2021_gm2_processed.csv","8/1/2019","Camb Namb M H2Oamb HTamb",548.06,290.432926507998,3,0.529929070736776
"792","CDR_Biomass_1998-2021_gm2_processed.csv","8/1/2019","Camb Namb M H2Oamb HTelv",490.045,42.4617622102522,2,0.0866487000382663
"793","CDR_Biomass_1998-2021_gm2_processed.csv","8/1/2019","Camb Namb M H2Oneg HTamb",472.87,246.609518672739,3,0.521516523934145
"794","CDR_Biomass_1998-2021_gm2_processed.csv","8/1/2019","Camb Namb M H2Oneg HTelv",371.266666666667,135.684204435643,3,0.365462931681566
"795","CDR_Biomass_1998-2021_gm2_processed.csv","8/1/2019","Camb Namb S    ",357.649555566667,72.8234865697438,3,0.203616879809513
"796","CDR_Biomass_1998-2021_gm2_processed.csv","8/1/2019","Camb Nenrich M    ",262.556197,48.5430194042599,3,0.184886207063168
"797","CDR_Biomass_1998-2021_gm2_processed.csv","8/1/2019","Camb Nenrich M   HTamb",178,NA,1,NA
"798","CDR_Biomass_1998-2021_gm2_processed.csv","8/1/2019","Camb Nenrich M H2Oamb  ",657.2,NA,1,NA
"799","CDR_Biomass_1998-2021_gm2_processed.csv","8/1/2019","Camb Nenrich M H2Oamb HTamb",353.25,167.513596463093,2,0.474206925585543
"800","CDR_Biomass_1998-2021_gm2_processed.csv","8/1/2019","Camb Nenrich M H2Oamb HTelv",519.9,40.109724506658,3,0.0771489219208655
"801","CDR_Biomass_1998-2021_gm2_processed.csv","8/1/2019","Camb Nenrich M H2Oneg HTamb",334.89,30.1022474244034,3,0.089886970122737
"802","CDR_Biomass_1998-2021_gm2_processed.csv","8/1/2019","Camb Nenrich M H2Oneg HTelv",536.783333333333,338.546209302856,3,0.630694338441065
"803","CDR_Biomass_1998-2021_gm2_processed.csv","8/1/2019","Camb Nenrich S    ",320.7261111,93.0474686498973,3,0.290115040308913
"804","CDR_Biomass_1998-2021_gm2_processed.csv","8/1/2019","Cenrich Namb M    ",308.139561333333,23.4716387592205,3,0.0761721041519553
"805","CDR_Biomass_1998-2021_gm2_processed.csv","8/1/2019","Cenrich Namb M H2Oamb HTamb",462.62,377.732399854712,3,0.816506851962111
"806","CDR_Biomass_1998-2021_gm2_processed.csv","8/1/2019","Cenrich Namb M H2Oamb HTelv",421.476666666667,197.575611939666,3,0.46876998791471
"807","CDR_Biomass_1998-2021_gm2_processed.csv","8/1/2019","Cenrich Namb M H2Oneg HTamb",455.933333333333,105.273421780302,3,0.2308965238638
"808","CDR_Biomass_1998-2021_gm2_processed.csv","8/1/2019","Cenrich Namb M H2Oneg HTelv",377.92,108.282792723498,3,0.286523054412304
"809","CDR_Biomass_1998-2021_gm2_processed.csv","8/1/2019","Cenrich Namb S    ",392.253333333333,32.7558381564773,3,0.0835068446152417
"810","CDR_Biomass_1998-2021_gm2_processed.csv","8/1/2019","Cenrich Nenrich M    ",319.495397566667,27.4924474184015,3,0.0860495882813613
"811","CDR_Biomass_1998-2021_gm2_processed.csv","8/1/2019","Cenrich Nenrich M H2Oamb HTamb",557.2,132.847619474344,3,0.23841999187786
"812","CDR_Biomass_1998-2021_gm2_processed.csv","8/1/2019","Cenrich Nenrich M H2Oamb HTelv",385.203333333333,152.602992216186,3,0.396162179843163
"813","CDR_Biomass_1998-2021_gm2_processed.csv","8/1/2019","Cenrich Nenrich M H2Oneg HTamb",492.576666666667,217.112103838854,3,0.440768145409894
"814","CDR_Biomass_1998-2021_gm2_processed.csv","8/1/2019","Cenrich Nenrich M H2Oneg HTelv",782.85,372.196121016864,3,0.475437339230841
"815","CDR_Biomass_1998-2021_gm2_processed.csv","8/1/2019","Cenrich Nenrich S    ",354.522666666667,49.0715354287323,3,0.13841579126694
"816","CDR_Biomass_1998-2021_gm2_processed.csv","8/1/2020","Camb Namb M    ",341.7553412,110.916524972922,3,0.324549499602443
"817","CDR_Biomass_1998-2021_gm2_processed.csv","8/1/2020","Camb Namb M   HTelv",491.4,NA,1,NA
"818","CDR_Biomass_1998-2021_gm2_processed.csv","8/1/2020","Camb Namb M H2Oamb  ",291.6,NA,1,NA
"819","CDR_Biomass_1998-2021_gm2_processed.csv","8/1/2020","Camb Namb M H2Oamb HTamb",466.526666666667,158.031085971505,3,0.338739663266492
"820","CDR_Biomass_1998-2021_gm2_processed.csv","8/1/2020","Camb Namb M H2Oamb HTelv",326.67865,66.5792653282161,2,0.203806601160547
"821","CDR_Biomass_1998-2021_gm2_processed.csv","8/1/2020","Camb Nenrich M    ",327.5268347,59.2889105341839,3,0.181020008905499
"822","CDR_Biomass_1998-2021_gm2_processed.csv","8/1/2020","Camb Nenrich M   HTamb",437.9,NA,1,NA
"823","CDR_Biomass_1998-2021_gm2_processed.csv","8/1/2020","Camb Nenrich M H2Oamb  ",484.4,NA,1,NA
"824","CDR_Biomass_1998-2021_gm2_processed.csv","8/1/2020","Camb Nenrich M H2Oamb HTamb",277.25,54.5179328294828,2,0.196638170710488
"825","CDR_Biomass_1998-2021_gm2_processed.csv","8/1/2020","Camb Nenrich M H2Oamb HTelv",571.396833333333,86.1248932079648,3,0.150726934739105
"826","CDR_Biomass_1998-2021_gm2_processed.csv","8/1/2020","Cenrich Namb M    ",281.439566466667,61.9142231305139,3,0.219991182859667
"827","CDR_Biomass_1998-2021_gm2_processed.csv","8/1/2020","Cenrich Namb M H2Oamb HTamb",461.20705,60.3968893189459,2,0.130953959439575
"828","CDR_Biomass_1998-2021_gm2_processed.csv","8/1/2020","Cenrich Namb M H2Oamb HTelv",578.917133333333,317.762084040644,3,0.548890446912513
"829","CDR_Biomass_1998-2021_gm2_processed.csv","8/1/2020","Cenrich Nenrich M    ",268.315541733333,91.8796577886457,3,0.342431367169781
"830","CDR_Biomass_1998-2021_gm2_processed.csv","8/1/2020","Cenrich Nenrich M H2Oamb HTamb",479.95,288.711698758467,2,0.601545366722507
"831","CDR_Biomass_1998-2021_gm2_processed.csv","8/1/2020","Cenrich Nenrich M H2Oamb HTelv",467.7,284.115504680755,2,0.607473818004607
"832","CDR_Biomass_1998-2021_gm2_processed.csv","8/1/2021","Camb Namb M  ",196.2990129,45.4764263507657,3,0.231669154515477
"833","CDR_Biomass_1998-2021_gm2_processed.csv","8/1/2021","Camb Namb M  HTelv",241.2,NA,1,NA
"834","CDR_Biomass_1998-2021_gm2_processed.csv","8/1/2021","Camb Namb M H2Oamb ",244.6,NA,1,NA
"835","CDR_Biomass_1998-2021_gm2_processed.csv","8/1/2021","Camb Namb M H2Oamb HTamb",238.1615,44.9033450507866,3,0.188541578092121
"836","CDR_Biomass_1998-2021_gm2_processed.csv","8/1/2021","Camb Namb M H2Oamb HTelv",209.15,35.1432070249714,2,0.168028721133021
"837","CDR_Biomass_1998-2021_gm2_processed.csv","8/1/2021","Camb Namb M H2Oneg HTamb",111.3,25.8835855321476,3,0.232556923020194
"838","CDR_Biomass_1998-2021_gm2_processed.csv","8/1/2021","Camb Namb M H2Oneg HTelv",247.672266666667,126.82352111266,3,0.512061858275587
"839","CDR_Biomass_1998-2021_gm2_processed.csv","8/1/2021","Camb Namb S  ",208.426988866667,34.2084575225732,3,0.164126813463955
"840","CDR_Biomass_1998-2021_gm2_processed.csv","8/1/2021","Camb Nenrich M  ",202.6841212,15.4200078435665,3,0.0760790127626757
"841","CDR_Biomass_1998-2021_gm2_processed.csv","8/1/2021","Camb Nenrich M  HTamb",334.5,NA,1,NA
"842","CDR_Biomass_1998-2021_gm2_processed.csv","8/1/2021","Camb Nenrich M H2Oamb ",316.4,NA,1,NA
"843","CDR_Biomass_1998-2021_gm2_processed.csv","8/1/2021","Camb Nenrich M H2Oamb HTamb",167.57665,1.6640343881663,2,0.00992998957889596
"844","CDR_Biomass_1998-2021_gm2_processed.csv","8/1/2021","Camb Nenrich M H2Oamb HTelv",366.006133333333,125.727962881983,3,0.343513267761223
"845","CDR_Biomass_1998-2021_gm2_processed.csv","8/1/2021","Camb Nenrich M H2Oneg HTamb",159.1,49.8133516238368,3,0.313094604800985
"846","CDR_Biomass_1998-2021_gm2_processed.csv","8/1/2021","Camb Nenrich M H2Oneg HTelv",251.9,116.036718326571,3,0.460645963980036
"847","CDR_Biomass_1998-2021_gm2_processed.csv","8/1/2021","Camb Nenrich S  ",181.5617489,105.521301016608,3,0.581186850511817
"848","CDR_Biomass_1998-2021_gm2_processed.csv","8/1/2021","Cenrich Namb M  ",218.837274,29.8397812496689,3,0.136356027034357
"849","CDR_Biomass_1998-2021_gm2_processed.csv","8/1/2021","Cenrich Namb M H2Oamb HTamb",186.514533333333,32.1244103082583,3,0.172235427095896
"850","CDR_Biomass_1998-2021_gm2_processed.csv","8/1/2021","Cenrich Namb M H2Oamb HTelv",345.7783,182.588477245061,3,0.528050711236247
"851","CDR_Biomass_1998-2021_gm2_processed.csv","8/1/2021","Cenrich Namb M H2Oneg HTamb",442.366666666667,199.147943331919,3,0.4501874990549
"852","CDR_Biomass_1998-2021_gm2_processed.csv","8/1/2021","Cenrich Namb M H2Oneg HTelv",186,64.8468195056627,3,0.348638814546574
"853","CDR_Biomass_1998-2021_gm2_processed.csv","8/1/2021","Cenrich Namb S  ",238.573313333333,36.1748445944269,3,0.151629887219966
"854","CDR_Biomass_1998-2021_gm2_processed.csv","8/1/2021","Cenrich Nenrich M  ",182.319112033333,14.6535207924365,3,0.0803729276048545
"855","CDR_Biomass_1998-2021_gm2_processed.csv","8/1/2021","Cenrich Nenrich M H2Oamb HTamb",223.933333333333,17.433970670313,3,0.0778533968605819
"856","CDR_Biomass_1998-2021_gm2_processed.csv","8/1/2021","Cenrich Nenrich M H2Oamb HTelv",232.933333333333,64.523974872394,3,0.277006188633632
"857","CDR_Biomass_1998-2021_gm2_processed.csv","8/1/2021","Cenrich Nenrich M H2Oneg HTamb",251.233333333333,47.7435161391925,3,0.190036550905635
"858","CDR_Biomass_1998-2021_gm2_processed.csv","8/1/2021","Cenrich Nenrich M H2Oneg HTelv",488.141933333333,125.003637489328,3,0.256080514607148
"859","CDR_Biomass_1998-2021_gm2_processed.csv","8/1/2021","Cenrich Nenrich S  ",225.33884,59.7526395674266,3,0.265167955810133
"860","CDR_Biomass_1998-2021_gm2_processed.csv","8/10/1998","Camb Namb M    ",357.1218718,67.9361895787253,3,0.190232508684799
"861","CDR_Biomass_1998-2021_gm2_processed.csv","8/10/1998","Camb Namb S    ",344.304444433333,42.9197475166731,3,0.124656385389714
"862","CDR_Biomass_1998-2021_gm2_processed.csv","8/10/1998","Camb Nenrich M    ",448.743523066667,51.1185855473509,3,0.113914926722534
"863","CDR_Biomass_1998-2021_gm2_processed.csv","8/10/1998","Camb Nenrich S    ",468.2611111,90.8677768617106,3,0.194053648077355
"864","CDR_Biomass_1998-2021_gm2_processed.csv","8/10/1998","Cenrich Namb M    ",375.874222233333,38.9542260736183,3,0.103636333032268
"865","CDR_Biomass_1998-2021_gm2_processed.csv","8/10/1998","Cenrich Namb S    ",359.348,59.5721675952789,3,0.165778486579246
"866","CDR_Biomass_1998-2021_gm2_processed.csv","8/10/1998","Cenrich Nenrich M    ",470.5428205,38.0941672182325,3,0.0809579182990265
"867","CDR_Biomass_1998-2021_gm2_processed.csv","8/10/1998","Cenrich Nenrich S    ",549.571333333333,43.6596466469134,3,0.0794430931870174
"868","CDR_Biomass_1998-2021_gm2_processed.csv","8/4/2003","Camb Namb M    ",661.803646166667,3.09033679803973,3,0.00466956750078326
"869","CDR_Biomass_1998-2021_gm2_processed.csv","8/4/2003","Camb Namb S    ",305.226333333333,58.115151985806,3,0.190400190413254
"870","CDR_Biomass_1998-2021_gm2_processed.csv","8/4/2003","Camb Nenrich M    ",701.6664205,40.53980774787,3,0.0577764683665235
"871","CDR_Biomass_1998-2021_gm2_processed.csv","8/4/2003","Camb Nenrich S    ",365.062222233333,64.6041506398077,3,0.176967505003887
"872","CDR_Biomass_1998-2021_gm2_processed.csv","8/4/2003","Cenrich Namb M    ",714.6672205,16.7898997693448,3,0.0234933116949146
"873","CDR_Biomass_1998-2021_gm2_processed.csv","8/4/2003","Cenrich Namb S    ",279.436666666667,29.8824904138416,3,0.106938329784358
"874","CDR_Biomass_1998-2021_gm2_processed.csv","8/4/2003","Cenrich Nenrich M    ",781.242938033333,79.8387941464684,3,0.10219458027672
"875","CDR_Biomass_1998-2021_gm2_processed.csv","8/4/2003","Cenrich Nenrich S    ",581.340666666667,145.434062823444,3,0.250170117389764
"876","CDR_Biomass_1998-2021_gm2_processed.csv","8/7/2000","Camb Namb M    ",615.0282718,26.1520895801039,3,0.0425217681515107
"877","CDR_Biomass_1998-2021_gm2_processed.csv","8/7/2000","Camb Namb S    ",214.782333333333,31.4922202916009,3,0.146623885693272
"878","CDR_Biomass_1998-2021_gm2_processed.csv","8/7/2000","Camb Nenrich M    ",425.3608,184.900961020326,3,0.434692056767633
"879","CDR_Biomass_1998-2021_gm2_processed.csv","8/7/2000","Camb Nenrich S    ",280.046333333333,27.7000463958697,3,0.0989123694860125
"880","CDR_Biomass_1998-2021_gm2_processed.csv","8/7/2000","Cenrich Namb M    ",433.373474366667,205.56441913278,3,0.474335489575574
"881","CDR_Biomass_1998-2021_gm2_processed.csv","8/7/2000","Cenrich Namb S    ",216.839333333333,73.6668108264049,3,0.339729926734102
"882","CDR_Biomass_1998-2021_gm2_processed.csv","8/7/2000","Cenrich Nenrich M    ",854.3342205,207.47866531868,3,0.242854213655696
"883","CDR_Biomass_1998-2021_gm2_processed.csv","8/7/2000","Cenrich Nenrich S    ",301.495333333333,51.2004053239165,3,0.169821551656686
"884","CDR_Biomass_1998-2021_gm2_processed.csv","8/7/2001","Camb Namb M    ",725.360630766667,24.9367749000828,3,0.0343784509971626
"885","CDR_Biomass_1998-2021_gm2_processed.csv","8/7/2001","Camb Namb S    ",252.37,50.082553286388,3,0.198448917408519
"886","CDR_Biomass_1998-2021_gm2_processed.csv","8/7/2001","Camb Nenrich M    ",821.3182564,40.6468760874562,3,0.0494897998074698
"887","CDR_Biomass_1998-2021_gm2_processed.csv","8/7/2001","Camb Nenrich S    ",449.068333333333,31.8411914716352,3,0.0709050028873895
"888","CDR_Biomass_1998-2021_gm2_processed.csv","8/7/2001","Cenrich Namb M    ",760.430169233333,36.1226817202743,3,0.047502957117934
"889","CDR_Biomass_1998-2021_gm2_processed.csv","8/7/2001","Cenrich Namb S    ",322.953333333333,63.5761097687908,3,0.196858503092678
"890","CDR_Biomass_1998-2021_gm2_processed.csv","8/7/2001","Cenrich Nenrich M    ",922.833046133333,41.0134288718853,3,0.0444429564412885
"891","CDR_Biomass_1998-2021_gm2_processed.csv","8/7/2001","Cenrich Nenrich S    ",455.569333333333,59.1718017414827,3,0.129885392654794
"892","CDR_PercentCarbon_1982-2011_processed.csv","1982","0",1.1715,0.208278004774213,12,0.177787456059935
"893","CDR_PercentCarbon_1982-2011_processed.csv","1982","1.02",1.268,0.241199502487049,6,0.190220427828903
"894","CDR_PercentCarbon_1982-2011_processed.csv","1982","17",1.478,0.582560898104224,6,0.394154870165239
"895","CDR_PercentCarbon_1982-2011_processed.csv","1982","2.04",1.46116666666667,0.549232343063176,6,0.375886170683137
"896","CDR_PercentCarbon_1982-2011_processed.csv","1982","27.2",1.12083333333333,0.1434969221505,6,0.128026993740223
"897","CDR_PercentCarbon_1982-2011_processed.csv","1982","3.4",1.4205,0.647294291647934,6,0.45568059954096
"898","CDR_PercentCarbon_1982-2011_processed.csv","1982","5.44",1.41233333333333,0.553456291559385,6,0.391873701835769
"899","CDR_PercentCarbon_1982-2011_processed.csv","1982","9.52",1.25483333333333,0.126809174221216,6,0.101056587239646
"900","CDR_PercentCarbon_1982-2011_processed.csv","1989","0",2.01858333333333,1.00492048155186,12,0.497834528283959
"901","CDR_PercentCarbon_1982-2011_processed.csv","1989","1.02",1.95766666666667,0.457670041259712,6,0.233783436706817
"902","CDR_PercentCarbon_1982-2011_processed.csv","1989","17",1.8475,0.397964194369293,6,0.215406871106518
"903","CDR_PercentCarbon_1982-2011_processed.csv","1989","2.04",2.04266666666667,0.704768803698537,6,0.345023892150067
"904","CDR_PercentCarbon_1982-2011_processed.csv","1989","27.2",2.08216666666667,0.519816666399478,6,0.249651804882484
"905","CDR_PercentCarbon_1982-2011_processed.csv","1989","3.4",2.0055,0.346136822658324,6,0.172593778438456
"906","CDR_PercentCarbon_1982-2011_processed.csv","1989","5.44",2.52683333333333,0.539686359533634,6,0.213582095983233
"907","CDR_PercentCarbon_1982-2011_processed.csv","1989","9.52",2.75033333333333,1.55304908701131,6,0.564676676891763
"908","CDR_PercentCarbon_1982-2011_processed.csv","1993","0",2.23408333333333,0.703046029572012,12,0.314691049828943
"909","CDR_PercentCarbon_1982-2011_processed.csv","1993","1.02",1.942,0.304053284803832,6,0.156567087952539
"910","CDR_PercentCarbon_1982-2011_processed.csv","1993","17",2.415,0.358881596073134,6,0.148605215765273
"911","CDR_PercentCarbon_1982-2011_processed.csv","1993","2.04",2.46133333333333,0.949326638553173,6,0.385696088252914
"912","CDR_PercentCarbon_1982-2011_processed.csv","1993","27.2",2.11616666666667,0.376804148950972,6,0.178059769528695
"913","CDR_PercentCarbon_1982-2011_processed.csv","1993","3.4",2.8355,1.27051717816014,6,0.448075181858627
"914","CDR_PercentCarbon_1982-2011_processed.csv","1993","5.44",2.05633333333333,0.716343399960289,6,0.348359572034506
"915","CDR_PercentCarbon_1982-2011_processed.csv","1993","9.52",2.883,1.19920857235095,6,0.415958575217117
"916","CDR_PercentCarbon_1982-2011_processed.csv","2009","0",0.751083333333333,0.154135983842682,12,0.205218218807521
"917","CDR_PercentCarbon_1982-2011_processed.csv","2009","1.02",0.889666666666667,0.193988315799346,6,0.218046064967417
"918","CDR_PercentCarbon_1982-2011_processed.csv","2009","17",1.02983333333333,0.283920704892522,6,0.275695780766327
"919","CDR_PercentCarbon_1982-2011_processed.csv","2009","2.04",0.756333333333333,0.0638331157524577,6,0.084398125719424
"920","CDR_PercentCarbon_1982-2011_processed.csv","2009","27.2",1.0175,0.209331077482537,6,0.205730788680626
"921","CDR_PercentCarbon_1982-2011_processed.csv","2009","3.4",0.952,0.0745171121286916,6,0.0782742774461046
"922","CDR_PercentCarbon_1982-2011_processed.csv","2009","5.44",0.904666666666667,0.108520351393951,6,0.11995617324313
"923","CDR_PercentCarbon_1982-2011_processed.csv","2009","9.52",0.989666666666667,0.124200912503358,6,0.125497722300462
"924","CDR_PercentCarbon_1982-2011_processed.csv","2011","0",0.668181818181818,0.190181922475202,11,0.284626006425472
"925","CDR_PercentCarbon_1982-2011_processed.csv","2011","1.02",0.773166666666667,0.310776715129475,6,0.401953069794535
"926","CDR_PercentCarbon_1982-2011_processed.csv","2011","17",0.86275,0.131940327421149,4,0.152929965136075
"927","CDR_PercentCarbon_1982-2011_processed.csv","2011","2.04",0.691333333333333,0.232870493336246,6,0.336842565095824
"928","CDR_PercentCarbon_1982-2011_processed.csv","2011","28.2",0.9274,0.375826821820902,5,0.405247813048201
"929","CDR_PercentCarbon_1982-2011_processed.csv","2011","3.4",0.5722,0.0265273443827308,5,0.04636026631026
"930","CDR_PercentCarbon_1982-2011_processed.csv","2011","5.44",0.842166666666667,0.362493816039207,6,0.430430021024192
"931","CDR_PercentCarbon_1982-2011_processed.csv","2011","9.52",0.7045,0.0858131691525258,6,0.121807195390384
"932","CDR_SoilBiomass_1982-2018_%C_processed.csv","1982","0",0.378145833333333,0.104381645587747,12,0.276035424396004
"933","CDR_SoilBiomass_1982-2018_%C_processed.csv","1982","10",0.430583333333333,0.107337512858584,6,0.249283947029806
"934","CDR_SoilBiomass_1982-2018_%C_processed.csv","1982","16",0.377083333333333,0.101785763575594,6,0.269929096775055
"935","CDR_SoilBiomass_1982-2018_%C_processed.csv","1982","28",0.381958333333333,0.099025806821589,6,0.259258139382365
"936","CDR_SoilBiomass_1982-2018_%C_processed.csv","1982","3",0.357541666666667,0.0963042595977284,6,0.269351151421219
"937","CDR_SoilBiomass_1982-2018_%C_processed.csv","1982","50",0.364083333333333,0.0728020718569648,6,0.199959913546253
"938","CDR_SoilBiomass_1982-2018_%C_processed.csv","1982","6",0.397,0.142961533287804,6,0.360104617853411
"939","CDR_SoilBiomass_1982-2018_%C_processed.csv","1982","80",0.357833333333333,0.0691365798016265,6,0.193208886264443
"940","CDR_SoilBiomass_1982-2018_%C_processed.csv","1985","0",0.6915,0.185312267169868,12,0.267985925046808
"941","CDR_SoilBiomass_1982-2018_%C_processed.csv","1985","10",0.7245,0.145704838629333,6,0.201110888377271
"942","CDR_SoilBiomass_1982-2018_%C_processed.csv","1985","16",0.655166666666667,0.0994714364361281,6,0.151826155842475
"943","CDR_SoilBiomass_1982-2018_%C_processed.csv","1985","28",0.8115,0.123024794248964,6,0.151601718113326
"944","CDR_SoilBiomass_1982-2018_%C_processed.csv","1985","3",0.6225,0.0702388781231591,6,0.112833539153669
"945","CDR_SoilBiomass_1982-2018_%C_processed.csv","1985","50",0.864166666666667,0.120761610897945,6,0.139743426304276
"946","CDR_SoilBiomass_1982-2018_%C_processed.csv","1985","6",0.730833333333333,0.141328576963991,6,0.193380036894856
"947","CDR_SoilBiomass_1982-2018_%C_processed.csv","1985","80",0.812666666666667,0.123099417816116,6,0.151475903793416
"948","CDR_SoilBiomass_1982-2018_%C_processed.csv","1989","0",0.632958333333333,0.167786045894674,12,0.265082292243577
"949","CDR_SoilBiomass_1982-2018_%C_processed.csv","1989","10",0.790583333333333,0.19660300523305,6,0.248680938420639
"950","CDR_SoilBiomass_1982-2018_%C_processed.csv","1989","16",0.741291666666667,0.20052221925928,6,0.270503808792238
"951","CDR_SoilBiomass_1982-2018_%C_processed.csv","1989","28",0.730583333333333,0.0693393226579743,6,0.0949095325534038
"952","CDR_SoilBiomass_1982-2018_%C_processed.csv","1989","3",0.70675,0.215660323193674,6,0.305143718703465
"953","CDR_SoilBiomass_1982-2018_%C_processed.csv","1989","50",0.86175,0.24165859181912,6,0.280427724768343
"954","CDR_SoilBiomass_1982-2018_%C_processed.csv","1989","6",0.585083333333333,0.12440957224694,6,0.212635645486866
"955","CDR_SoilBiomass_1982-2018_%C_processed.csv","1989","80",0.901291666666667,0.157751261220526,6,0.175027981567779
"956","CDR_SoilBiomass_1982-2018_%C_processed.csv","2009","0",0.57325,0.135655395630385,12,0.236642643925661
"957","CDR_SoilBiomass_1982-2018_%C_processed.csv","2009","10",0.704166666666667,0.194751551127755,6,0.276570250122256
"958","CDR_SoilBiomass_1982-2018_%C_processed.csv","2009","16",0.696166666666667,0.154219864695397,6,0.221527217661571
"959","CDR_SoilBiomass_1982-2018_%C_processed.csv","2009","28",0.919166666666667,0.210748586393045,6,0.22928223360984
"960","CDR_SoilBiomass_1982-2018_%C_processed.csv","2009","3",0.675166666666667,0.227275530285745,6,0.336621372923839
"961","CDR_SoilBiomass_1982-2018_%C_processed.csv","2009","50",0.945833333333333,0.340748245287729,6,0.360262461978216
"962","CDR_SoilBiomass_1982-2018_%C_processed.csv","2009","6",0.683,0.190176759884062,6,0.27844327947886
"963","CDR_SoilBiomass_1982-2018_%C_processed.csv","2009","80",1.09733333333333,0.429957982443246,6,0.391820761643298
"964","CDR_SoilBiomass_1982-2018_%C_processed.csv","2011","0",0.768916666666667,0.228262790474382,12,0.296862846612396
"965","CDR_SoilBiomass_1982-2018_%C_processed.csv","2011","10",0.778,0.182281101598602,6,0.234294475062471
"966","CDR_SoilBiomass_1982-2018_%C_processed.csv","2011","16",0.793333333333333,0.257960978961289,6,0.325160897850365
"967","CDR_SoilBiomass_1982-2018_%C_processed.csv","2011","28",1.046,0.50524291187507,6,0.483023816324159
"968","CDR_SoilBiomass_1982-2018_%C_processed.csv","2011","3",0.679833333333333,0.0983817394980729,6,0.144714497913321
"969","CDR_SoilBiomass_1982-2018_%C_processed.csv","2011","50",0.938833333333333,0.199538885099287,6,0.212539199466665
"970","CDR_SoilBiomass_1982-2018_%C_processed.csv","2011","6",0.939666666666667,0.253928073805687,6,0.270232075706656
"971","CDR_SoilBiomass_1982-2018_%C_processed.csv","2011","80",0.847666666666667,0.171120620226397,6,0.201872536641443
"972","CDR_SoilBiomass_1982-2018_%C_processed.csv","2016","0",0.6814848485,0.190216619124392,22,0.279120833783867
"973","CDR_SoilBiomass_1982-2018_%C_processed.csv","2016","10",0.857136363636364,0.209742233576012,11,0.244701126301759
"974","CDR_SoilBiomass_1982-2018_%C_processed.csv","2016","16",0.771666666666667,0.146735125207624,12,0.190153509988281
"975","CDR_SoilBiomass_1982-2018_%C_processed.csv","2016","28",0.886954545454545,0.200135635825489,11,0.225643621593848
"976","CDR_SoilBiomass_1982-2018_%C_processed.csv","2016","3",0.713625,0.143609021779147,12,0.201238776358938
"977","CDR_SoilBiomass_1982-2018_%C_processed.csv","2016","50",0.961090909090909,0.192130661033295,11,0.199908935997564
"978","CDR_SoilBiomass_1982-2018_%C_processed.csv","2016","6",0.742909090909091,0.155211761503731,11,0.208924299625677
"979","CDR_SoilBiomass_1982-2018_%C_processed.csv","2016","80",0.988727272727273,0.151165697768436,11,0.152889175749614
"980","CDR_SoilBiomass_1982-2018_%C_processed.csv","2018","0",0.7285,0.154692470841653,30,0.212343817215722
"981","CDR_SoilBiomass_1982-2018_%C_processed.csv","2018","10",0.896568627470588,0.211224497610434,17,0.235592113239946
"982","CDR_SoilBiomass_1982-2018_%C_processed.csv","2018","16",0.8366666666875,0.141161845665022,16,0.168719337444033
"983","CDR_SoilBiomass_1982-2018_%C_processed.csv","2018","28",0.943823529411765,0.219939831344313,17,0.233030672038225
"984","CDR_SoilBiomass_1982-2018_%C_processed.csv","2018","3",0.765,0.135032443109561,14,0.176512997528838
"985","CDR_SoilBiomass_1982-2018_%C_processed.csv","2018","50",1.0354166666875,0.208658413026463,16,0.201521203723717
"986","CDR_SoilBiomass_1982-2018_%C_processed.csv","2018","6",0.799142857142857,0.128213678103185,14,0.160438996553861
"987","CDR_SoilBiomass_1982-2018_%C_processed.csv","2018","80",1.01055555553333,0.202974572879678,15,0.200854442656105
"988","CDR_SoilCarbonFlux_1999-2005_processed.csv","10/10/2000","shaded_0",4.33933333333333,1.24990612980869,3,0.288041050040411
"989","CDR_SoilCarbonFlux_1999-2005_processed.csv","10/10/2000","shaded_16",4.354,1.72243896843981,3,0.395599211860315
"990","CDR_SoilCarbonFlux_1999-2005_processed.csv","10/10/2000","shaded_50",4.38633333333333,1.60361477086404,3,0.365593457906537
"991","CDR_SoilCarbonFlux_1999-2005_processed.csv","10/10/2000","unshaded_0",2.024,1.20424291569434,3,0.594981677714594
"992","CDR_SoilCarbonFlux_1999-2005_processed.csv","10/10/2000","unshaded_16",4.73333333333333,3.45582194757388,3,0.730103228360679
"993","CDR_SoilCarbonFlux_1999-2005_processed.csv","10/10/2000","unshaded_50",2.738,0.467551066729614,3,0.170763720500224
"994","CDR_SoilCarbonFlux_1999-2005_processed.csv","10/10/2002","shaded_0",10.0396666666667,0.8679725418084,3,0.0864543187165975
"995","CDR_SoilCarbonFlux_1999-2005_processed.csv","10/10/2002","shaded_16",8.419,1.8025889714519,3,0.214109629582123
"996","CDR_SoilCarbonFlux_1999-2005_processed.csv","10/10/2002","shaded_50",9.343,2.64577946926799,3,0.283183074951085
"997","CDR_SoilCarbonFlux_1999-2005_processed.csv","10/10/2002","unshaded_0",6.321,1.01503251179457,3,0.160581001707732
"998","CDR_SoilCarbonFlux_1999-2005_processed.csv","10/10/2002","unshaded_16",9.28033333333333,2.39592869955125,3,0.258172698489772
"999","CDR_SoilCarbonFlux_1999-2005_processed.csv","10/10/2002","unshaded_50",8.57366666666667,1.32351589840596,3,0.154369880456354
"1000","CDR_SoilCarbonFlux_1999-2005_processed.csv","10/2/2003","shaded_0",6.71333333333333,0.625655123317418,3,0.0931958972170931
"1001","CDR_SoilCarbonFlux_1999-2005_processed.csv","10/2/2003","shaded_16",7.70766666666667,1.03995400539319,3,0.134924621207437
"1002","CDR_SoilCarbonFlux_1999-2005_processed.csv","10/2/2003","shaded_50",7.03033333333333,2.61869611320851,3,0.372485341597151
"1003","CDR_SoilCarbonFlux_1999-2005_processed.csv","10/2/2003","unshaded_0",3.40466666666667,1.48100990318544,3,0.434994097273968
"1004","CDR_SoilCarbonFlux_1999-2005_processed.csv","10/2/2003","unshaded_16",5.68533333333333,1.25838163262713,3,0.221338232755711
"1005","CDR_SoilCarbonFlux_1999-2005_processed.csv","10/2/2003","unshaded_50",3.646,1.2493074081266,3,0.342651510731377
"1006","CDR_SoilCarbonFlux_1999-2005_processed.csv","10/9/2001","shaded_0",8.77466666666667,3.05594278960411,3,0.348268818143607
"1007","CDR_SoilCarbonFlux_1999-2005_processed.csv","10/9/2001","shaded_16",8.08466666666667,0.935004991074022,3,0.115651643985407
"1008","CDR_SoilCarbonFlux_1999-2005_processed.csv","10/9/2001","shaded_50",9.07833333333333,2.15219360963026,3,0.237069242845265
"1009","CDR_SoilCarbonFlux_1999-2005_processed.csv","10/9/2001","unshaded_0",6.16966666666667,1.23624646949277,3,0.200374920767103
"1010","CDR_SoilCarbonFlux_1999-2005_processed.csv","10/9/2001","unshaded_16",8.82433333333333,0.220386781212788,3,0.0249748930471939
"1011","CDR_SoilCarbonFlux_1999-2005_processed.csv","10/9/2001","unshaded_50",6.98633333333333,0.293363824172875,3,0.0419911003635013
"1012","CDR_SoilCarbonFlux_1999-2005_processed.csv","4/14/2003","shaded_0",8.19366666666667,1.14961138361332,3,0.140304875751188
"1013","CDR_SoilCarbonFlux_1999-2005_processed.csv","4/14/2003","shaded_16",7.601,1.15451981360217,3,0.151890516195524
"1014","CDR_SoilCarbonFlux_1999-2005_processed.csv","4/14/2003","shaded_50",6.366,1.06490046483228,3,0.16727936927934
"1015","CDR_SoilCarbonFlux_1999-2005_processed.csv","4/14/2003","unshaded_0",5.748,1.37575688259227,3,0.239345317082858
"1016","CDR_SoilCarbonFlux_1999-2005_processed.csv","4/14/2003","unshaded_16",6.732,1.31723498283336,3,0.195667703926524
"1017","CDR_SoilCarbonFlux_1999-2005_processed.csv","4/14/2003","unshaded_50",4.70866666666667,1.04211771567963,3,0.221319067467004
"1018","CDR_SoilCarbonFlux_1999-2005_processed.csv","4/15/2004","shaded_0",5.361,0.491616720626953,3,0.0917024287683181
"1019","CDR_SoilCarbonFlux_1999-2005_processed.csv","4/15/2004","shaded_16",5.89166666666667,0.339385228513754,3,0.0576042820673982
"1020","CDR_SoilCarbonFlux_1999-2005_processed.csv","4/15/2004","shaded_50",4.656,1.52960811974832,3,0.328524080701959
"1021","CDR_SoilCarbonFlux_1999-2005_processed.csv","4/15/2004","unshaded_0",3.514,0.455316373525047,3,0.129572104019649
"1022","CDR_SoilCarbonFlux_1999-2005_processed.csv","4/15/2004","unshaded_16",5.01266666666667,1.06395974234617,3,0.212254237733643
"1023","CDR_SoilCarbonFlux_1999-2005_processed.csv","4/15/2004","unshaded_50",2.922,0.368674653319156,3,0.126172023723188
"1024","CDR_SoilCarbonFlux_1999-2005_processed.csv","4/19/2002","shaded_0",7.57666666666667,1.9568856209123,3,0.258277908611391
"1025","CDR_SoilCarbonFlux_1999-2005_processed.csv","4/19/2002","shaded_16",7.203,1.75504102516152,3,0.243654175366031
"1026","CDR_SoilCarbonFlux_1999-2005_processed.csv","4/19/2002","shaded_50",7.58766666666667,2.15737904257303,3,0.2843270714633
"1027","CDR_SoilCarbonFlux_1999-2005_processed.csv","4/19/2002","unshaded_0",5.87966666666667,1.11889067085812,3,0.190298316943951
"1028","CDR_SoilCarbonFlux_1999-2005_processed.csv","4/19/2002","unshaded_16",7.38766666666667,2.18757430349996,3,0.296111668569232
"1029","CDR_SoilCarbonFlux_1999-2005_processed.csv","4/19/2002","unshaded_50",6.59566666666667,1.56677258507204,3,0.237545749998288
"1030","CDR_SoilCarbonFlux_1999-2005_processed.csv","4/24/2001","shaded_0",6.943,0.975186136078647,3,0.140456018447162
"1031","CDR_SoilCarbonFlux_1999-2005_processed.csv","4/24/2001","shaded_16",8.16433333333333,1.54341385679063,3,0.189043464270277
"1032","CDR_SoilCarbonFlux_1999-2005_processed.csv","4/24/2001","shaded_50",5.45933333333333,0.508116456467741,3,0.0930729862866786
"1033","CDR_SoilCarbonFlux_1999-2005_processed.csv","4/24/2001","unshaded_0",5.873,1.11319180737194,3,0.189543982184903
"1034","CDR_SoilCarbonFlux_1999-2005_processed.csv","4/24/2001","unshaded_16",6.889,0.969509669884731,3,0.140733004773513
"1035","CDR_SoilCarbonFlux_1999-2005_processed.csv","4/24/2001","unshaded_50",7.30233333333333,1.81781031280311,3,0.24893554290452
"1036","CDR_SoilCarbonFlux_1999-2005_processed.csv","4/25/1999","shaded_0",10.274,3.34372412139518,3,0.325454946602607
"1037","CDR_SoilCarbonFlux_1999-2005_processed.csv","4/25/1999","shaded_16",8.50533333333333,0.298289009742788,3,0.0350708194555716
"1038","CDR_SoilCarbonFlux_1999-2005_processed.csv","4/25/1999","shaded_50",8.59366666666667,1.13597725916205,3,0.132187726522872
"1039","CDR_SoilCarbonFlux_1999-2005_processed.csv","4/25/1999","unshaded_0",7.921,0.96962724796697,3,0.122412226734878
"1040","CDR_SoilCarbonFlux_1999-2005_processed.csv","4/25/1999","unshaded_16",7.68233333333333,0.61039440801283,3,0.0794542987824224
"1041","CDR_SoilCarbonFlux_1999-2005_processed.csv","4/25/1999","unshaded_50",8.39133333333333,0.494944778064517,3,0.0589828527128605
"1042","CDR_SoilCarbonFlux_1999-2005_processed.csv","4/29/2005","shaded_0",5.28433333333333,1.60988270794283,3,0.304651997970635
"1043","CDR_SoilCarbonFlux_1999-2005_processed.csv","4/29/2005","shaded_16",4.49866666666667,0.567989729954101,3,0.12625734957486
"1044","CDR_SoilCarbonFlux_1999-2005_processed.csv","4/29/2005","shaded_50",5.67333333333333,2.53851616763284,3,0.447447033072769
"1045","CDR_SoilCarbonFlux_1999-2005_processed.csv","4/29/2005","unshaded_0",4.056,0.516351624380131,3,0.127305627312656
"1046","CDR_SoilCarbonFlux_1999-2005_processed.csv","4/29/2005","unshaded_16",4.61133333333333,0.945850058589274,3,0.205114224068803
"1047","CDR_SoilCarbonFlux_1999-2005_processed.csv","4/29/2005","unshaded_50",4.956,0.496237846198776,3,0.100128701815734
"1048","CDR_SoilCarbonFlux_1999-2005_processed.csv","5/12/2003","shaded_0",17.0386666666667,4.09149023380642,3,0.240129718706848
"1049","CDR_SoilCarbonFlux_1999-2005_processed.csv","5/12/2003","shaded_16",14.434,6.54852265782138,3,0.453687311751516
"1050","CDR_SoilCarbonFlux_1999-2005_processed.csv","5/12/2003","shaded_50",14.5513333333333,3.36605263377347,3,0.231322625677382
"1051","CDR_SoilCarbonFlux_1999-2005_processed.csv","5/12/2003","unshaded_0",15.529,1.7525019258192,3,0.112853495126486
"1052","CDR_SoilCarbonFlux_1999-2005_processed.csv","5/12/2003","unshaded_16",19.0796666666667,5.08391151903073,3,0.266457040778004
"1053","CDR_SoilCarbonFlux_1999-2005_processed.csv","5/12/2003","unshaded_50",15.1766666666667,4.32857393760732,3,0.285212427252843
"1054","CDR_SoilCarbonFlux_1999-2005_processed.csv","5/13/1999","shaded_0",15.0086666666667,2.90586171958222,3,0.193612249783384
"1055","CDR_SoilCarbonFlux_1999-2005_processed.csv","5/13/1999","shaded_16",11.8156666666667,2.33865053681249,3,0.197927937778584
"1056","CDR_SoilCarbonFlux_1999-2005_processed.csv","5/13/1999","shaded_50",9.896,2.49185894464354,3,0.251804662959129
"1057","CDR_SoilCarbonFlux_1999-2005_processed.csv","5/13/1999","unshaded_0",12.6326666666667,2.53445306394365,3,0.200626924688135
"1058","CDR_SoilCarbonFlux_1999-2005_processed.csv","5/13/1999","unshaded_16",10.4973333333333,1.51398954201584,3,0.144226109045076
"1059","CDR_SoilCarbonFlux_1999-2005_processed.csv","5/13/1999","unshaded_50",10.8003333333333,1.45900731092525,3,0.135089100113446
"1060","CDR_SoilCarbonFlux_1999-2005_processed.csv","5/16/2000","shaded_0",13.0753333333333,2.64493484481817,3,0.202284314853784
"1061","CDR_SoilCarbonFlux_1999-2005_processed.csv","5/16/2000","shaded_16",9.61366666666667,2.88916343139902,3,0.300526690967617
"1062","CDR_SoilCarbonFlux_1999-2005_processed.csv","5/16/2000","shaded_50",9.11266666666667,0.972823382394426,3,0.106755071592043
"1063","CDR_SoilCarbonFlux_1999-2005_processed.csv","5/16/2000","unshaded_0",11.1666666666667,2.76782682502597,3,0.247865088808296
"1064","CDR_SoilCarbonFlux_1999-2005_processed.csv","5/16/2000","unshaded_16",10.375,1.34936688858146,3,0.130059459140381
"1065","CDR_SoilCarbonFlux_1999-2005_processed.csv","5/16/2000","unshaded_50",13.0113333333333,4.82733263131238,3,0.371009834860305
"1066","CDR_SoilCarbonFlux_1999-2005_processed.csv","5/16/2002","shaded_0",12.4186666666667,2.80640452061589,3,0.225982756115731
"1067","CDR_SoilCarbonFlux_1999-2005_processed.csv","5/16/2002","shaded_16",12.0986666666667,3.89831147207779,3,0.322210007059549
"1068","CDR_SoilCarbonFlux_1999-2005_processed.csv","5/16/2002","shaded_50",7.44533333333333,1.50626170811494,3,0.20230950592518
"1069","CDR_SoilCarbonFlux_1999-2005_processed.csv","5/16/2002","unshaded_0",12.185,1.058474846182,3,0.0868670370276566
"1070","CDR_SoilCarbonFlux_1999-2005_processed.csv","5/16/2002","unshaded_16",12.2176666666667,1.18237064126835,3,0.0967754869670984
"1071","CDR_SoilCarbonFlux_1999-2005_processed.csv","5/16/2002","unshaded_50",9.52966666666667,1.28350392805528,3,0.134685081120915
"1072","CDR_SoilCarbonFlux_1999-2005_processed.csv","5/19/2004","shaded_0",12.389,3.31953596154643,3,0.267942203692504
"1073","CDR_SoilCarbonFlux_1999-2005_processed.csv","5/19/2004","shaded_16",13.3976666666667,1.86898938823454,3,0.139501111255782
"1074","CDR_SoilCarbonFlux_1999-2005_processed.csv","5/19/2004","shaded_50",12.232,4.45921596247592,3,0.364553299744597
"1075","CDR_SoilCarbonFlux_1999-2005_processed.csv","5/19/2004","unshaded_0",8.00733333333333,1.37456332459925,3,0.171663057771948
"1076","CDR_SoilCarbonFlux_1999-2005_processed.csv","5/19/2004","unshaded_16",13.0363333333333,3.37201458083048,3,0.258662807601612
"1077","CDR_SoilCarbonFlux_1999-2005_processed.csv","5/19/2004","unshaded_50",8.80966666666667,1.32936726803895,3,0.150898702338978
"1078","CDR_SoilCarbonFlux_1999-2005_processed.csv","5/31/2005","shaded_0",12.84,0.735304698747397,3,0.0572667210862459
"1079","CDR_SoilCarbonFlux_1999-2005_processed.csv","5/31/2005","shaded_16",13.865,1.75105996470709,3,0.126293542351756
"1080","CDR_SoilCarbonFlux_1999-2005_processed.csv","5/31/2005","shaded_50",12.4613333333333,3.66358094401275,3,0.29399590284716
"1081","CDR_SoilCarbonFlux_1999-2005_processed.csv","5/31/2005","unshaded_0",13.004,4.35881967968394,3,0.335190685918482
"1082","CDR_SoilCarbonFlux_1999-2005_processed.csv","5/31/2005","unshaded_16",14.1876666666667,2.42366753770672,3,0.170829185281116
"1083","CDR_SoilCarbonFlux_1999-2005_processed.csv","5/31/2005","unshaded_50",12.1553333333333,3.92167697972861,3,0.322630146963907
"1084","CDR_SoilCarbonFlux_1999-2005_processed.csv","6/1/2001","shaded_0",12.5803333333333,3.63771361342991,3,0.289158762096652
"1085","CDR_SoilCarbonFlux_1999-2005_processed.csv","6/1/2001","shaded_16",12.3363333333333,0.855336386068858,3,0.0693347336649618
"1086","CDR_SoilCarbonFlux_1999-2005_processed.csv","6/1/2001","shaded_50",9.18333333333333,5.34047678895184,3,0.581540122208912
"1087","CDR_SoilCarbonFlux_1999-2005_processed.csv","6/1/2001","unshaded_0",9.669,1.15180770964602,3,0.119123767674632
"1088","CDR_SoilCarbonFlux_1999-2005_processed.csv","6/1/2001","unshaded_16",10.3253333333333,0.722385861803326,3,0.0699624737025432
"1089","CDR_SoilCarbonFlux_1999-2005_processed.csv","6/1/2001","unshaded_50",9.56333333333333,1.77123299803649,3,0.185210839808626
"1090","CDR_SoilCarbonFlux_1999-2005_processed.csv","6/13/2002","shaded_0",21.8733333333333,5.58708800121614,3,0.255429198470716
"1091","CDR_SoilCarbonFlux_1999-2005_processed.csv","6/13/2002","shaded_16",18.3673333333333,1.24218611058623,3,0.067630182783904
"1092","CDR_SoilCarbonFlux_1999-2005_processed.csv","6/13/2002","shaded_50",15.927,2.86483577190735,3,0.179872905877275
"1093","CDR_SoilCarbonFlux_1999-2005_processed.csv","6/13/2002","unshaded_0",23.549,2.92070060088329,3,0.124026523456762
"1094","CDR_SoilCarbonFlux_1999-2005_processed.csv","6/13/2002","unshaded_16",19.9643333333333,1.01301645264691,3,0.0507413113041714
"1095","CDR_SoilCarbonFlux_1999-2005_processed.csv","6/13/2002","unshaded_50",16.7393333333333,0.686195550359614,3,0.0409930035262026
"1096","CDR_SoilCarbonFlux_1999-2005_processed.csv","6/14/2000","shaded_0",25.2196666666667,10.0923260120417,3,0.400176820155237
"1097","CDR_SoilCarbonFlux_1999-2005_processed.csv","6/14/2000","shaded_16",16.44,2.05414434741086,3,0.124947953005527
"1098","CDR_SoilCarbonFlux_1999-2005_processed.csv","6/14/2000","shaded_50",15.7323333333333,5.78957142915893,3,0.368004625028641
"1099","CDR_SoilCarbonFlux_1999-2005_processed.csv","6/14/2000","unshaded_0",19.4986666666667,1.3113551514877,3,0.0672535806630043
"1100","CDR_SoilCarbonFlux_1999-2005_processed.csv","6/14/2000","unshaded_16",17.9213333333333,1.96317659249833,3,0.109544114602615
"1101","CDR_SoilCarbonFlux_1999-2005_processed.csv","6/14/2000","unshaded_50",18.3503333333333,2.38759760707983,3,0.13011194748941
"1102","CDR_SoilCarbonFlux_1999-2005_processed.csv","6/28/2001","shaded_0",22.9266666666667,6.82849107294821,3,0.297840552760172
"1103","CDR_SoilCarbonFlux_1999-2005_processed.csv","6/28/2001","shaded_16",17.2423333333333,1.82919280922852,3,0.106087312770614
"1104","CDR_SoilCarbonFlux_1999-2005_processed.csv","6/28/2001","shaded_50",18.1373333333333,4.62592415992019,3,0.255049850763813
"1105","CDR_SoilCarbonFlux_1999-2005_processed.csv","6/28/2001","unshaded_0",21.3466666666667,7.44818483479924,3,0.348915591886285
"1106","CDR_SoilCarbonFlux_1999-2005_processed.csv","6/28/2001","unshaded_16",17.688,1.31437095220489,3,0.0743086246158352
"1107","CDR_SoilCarbonFlux_1999-2005_processed.csv","6/28/2001","unshaded_50",14.4616666666667,2.9536601587409,3,0.20424064714124
"1108","CDR_SoilCarbonFlux_1999-2005_processed.csv","6/28/2005","shaded_0",25.3043333333333,8.94288400536054,3,0.353413144205625
"1109","CDR_SoilCarbonFlux_1999-2005_processed.csv","6/28/2005","shaded_16",24.8706666666667,2.86118687494077,3,0.115042628864289
"1110","CDR_SoilCarbonFlux_1999-2005_processed.csv","6/28/2005","shaded_50",26.4123333333333,7.30615201958824,3,0.276618954008414
"1111","CDR_SoilCarbonFlux_1999-2005_processed.csv","6/28/2005","unshaded_0",21.8523333333333,3.36990524100209,3,0.154212604649485
"1112","CDR_SoilCarbonFlux_1999-2005_processed.csv","6/28/2005","unshaded_16",27.8913333333333,4.06502796218345,3,0.145745200259942
"1113","CDR_SoilCarbonFlux_1999-2005_processed.csv","6/28/2005","unshaded_50",18.906,2.52174998760781,3,0.133383581276199
"1114","CDR_SoilCarbonFlux_1999-2005_processed.csv","6/7/2004","shaded_0",18.3633333333333,3.62381530066494,3,0.197339733200124
"1115","CDR_SoilCarbonFlux_1999-2005_processed.csv","6/7/2004","shaded_16",18.6576666666667,1.46493185279498,3,0.0785163482104754
"1116","CDR_SoilCarbonFlux_1999-2005_processed.csv","6/7/2004","shaded_50",16.3153333333333,3.80046317352679,3,0.232938126110006
"1117","CDR_SoilCarbonFlux_1999-2005_processed.csv","6/7/2004","unshaded_0",12.1466666666667,3.01738451864083,3,0.248412556419388
"1118","CDR_SoilCarbonFlux_1999-2005_processed.csv","6/7/2004","unshaded_16",15.9383333333333,7.76916883156321,3,0.487451772345282
"1119","CDR_SoilCarbonFlux_1999-2005_processed.csv","6/7/2004","unshaded_50",14.9103333333333,10.1551822402817,3,0.681083515254413
"1120","CDR_SoilCarbonFlux_1999-2005_processed.csv","6/8/1999","shaded_0",27.543,4.20749628639171,3,0.152761002301554
"1121","CDR_SoilCarbonFlux_1999-2005_processed.csv","6/8/1999","shaded_16",23.894,2.67960762052954,3,0.11214562737631
"1122","CDR_SoilCarbonFlux_1999-2005_processed.csv","6/8/1999","shaded_50",19.4156666666667,4.50232743515322,3,0.231891467465443
"1123","CDR_SoilCarbonFlux_1999-2005_processed.csv","6/8/1999","unshaded_0",27.4623333333333,2.34362973469218,3,0.0853397890938684
"1124","CDR_SoilCarbonFlux_1999-2005_processed.csv","6/8/1999","unshaded_16",24.8533333333333,1.59019380370235,3,0.0639831197841609
"1125","CDR_SoilCarbonFlux_1999-2005_processed.csv","6/8/1999","unshaded_50",24.359,5.26719878113595,3,0.216232143402272
"1126","CDR_SoilCarbonFlux_1999-2005_processed.csv","6/8/2004","shaded_50",9.093,NA,1,NA
"1127","CDR_SoilCarbonFlux_1999-2005_processed.csv","6/8/2004","unshaded_0",6.954,NA,1,NA
"1128","CDR_SoilCarbonFlux_1999-2005_processed.csv","6/8/2004","unshaded_16",7.3735,5.04662109732839,2,0.684426811870671
"1129","CDR_SoilCarbonFlux_1999-2005_processed.csv","6/8/2004","unshaded_50",11.276,NA,1,NA
"1130","CDR_SoilCarbonFlux_1999-2005_processed.csv","6/9/2003","shaded_0",18.947,3.32955447470078,3,0.175729903135102
"1131","CDR_SoilCarbonFlux_1999-2005_processed.csv","6/9/2003","shaded_16",18.4673333333333,1.48446769359705,3,0.0803834352693249
"1132","CDR_SoilCarbonFlux_1999-2005_processed.csv","6/9/2003","shaded_50",17.4886666666667,3.61318036269065,3,0.206601248200205
"1133","CDR_SoilCarbonFlux_1999-2005_processed.csv","6/9/2003","unshaded_0",22.6836666666667,5.67218126767237,3,0.250055749408783
"1134","CDR_SoilCarbonFlux_1999-2005_processed.csv","6/9/2003","unshaded_16",18.112,2.8976707887543,3,0.15998624054518
"1135","CDR_SoilCarbonFlux_1999-2005_processed.csv","6/9/2003","unshaded_50",19.312,3.71608988050612,3,0.192423875336895
"1136","CDR_SoilCarbonFlux_1999-2005_processed.csv","7/12/2000","shaded_0",36.954,6.93137071581083,3,0.187567535742026
"1137","CDR_SoilCarbonFlux_1999-2005_processed.csv","7/12/2000","shaded_16",30.818,1.87530344211277,3,0.0608509131712886
"1138","CDR_SoilCarbonFlux_1999-2005_processed.csv","7/12/2000","shaded_50",30.721,12.6618894324662,3,0.412157463378999
"1139","CDR_SoilCarbonFlux_1999-2005_processed.csv","7/12/2000","unshaded_0",32.2903333333333,3.83797346699184,3,0.118858279577743
"1140","CDR_SoilCarbonFlux_1999-2005_processed.csv","7/12/2000","unshaded_16",29.602,3.78228542021884,3,0.12777127965066
"1141","CDR_SoilCarbonFlux_1999-2005_processed.csv","7/12/2000","unshaded_50",25.168,5.33356831774001,3,0.21191863945248
"1142","CDR_SoilCarbonFlux_1999-2005_processed.csv","7/16/2002","shaded_0",27.91,6.38786380568653,3,0.228873658390775
"1143","CDR_SoilCarbonFlux_1999-2005_processed.csv","7/16/2002","shaded_16",21.2776666666667,6.42819246237489,3,0.302109839536363
"1144","CDR_SoilCarbonFlux_1999-2005_processed.csv","7/16/2002","shaded_50",24.1066666666667,4.34799957835018,3,0.180365026756783
"1145","CDR_SoilCarbonFlux_1999-2005_processed.csv","7/16/2002","unshaded_0",23.5306666666667,0.864154114341495,3,0.0367245912146488
"1146","CDR_SoilCarbonFlux_1999-2005_processed.csv","7/16/2002","unshaded_16",23.86,4.54078550473373,3,0.190309534984649
"1147","CDR_SoilCarbonFlux_1999-2005_processed.csv","7/16/2002","unshaded_50",21.7243333333333,2.7829524489889,3,0.128103008101004
"1148","CDR_SoilCarbonFlux_1999-2005_processed.csv","7/16/2003","shaded_0",25.6693333333333,3.17691758365453,3,0.123763151243554
"1149","CDR_SoilCarbonFlux_1999-2005_processed.csv","7/16/2003","shaded_16",23.713,3.55187119698899,3,0.149785821995909
"1150","CDR_SoilCarbonFlux_1999-2005_processed.csv","7/16/2003","shaded_50",23.22,2.98497587929953,3,0.128551932786371
"1151","CDR_SoilCarbonFlux_1999-2005_processed.csv","7/16/2003","unshaded_0",30.4586666666667,7.79987694347375,3,0.256080708615186
"1152","CDR_SoilCarbonFlux_1999-2005_processed.csv","7/16/2003","unshaded_16",24.2753333333333,5.60185989947386,3,0.230763459457084
"1153","CDR_SoilCarbonFlux_1999-2005_processed.csv","7/16/2003","unshaded_50",21.9616666666667,6.96677402628601,3,0.317224285935464
"1154","CDR_SoilCarbonFlux_1999-2005_processed.csv","7/17/2001","shaded_0",45.6216666666667,20.7966771945264,3,0.455850886520141
"1155","CDR_SoilCarbonFlux_1999-2005_processed.csv","7/17/2001","shaded_16",44.074,NA,1,NA
"1156","CDR_SoilCarbonFlux_1999-2005_processed.csv","7/17/2001","shaded_50",54.187,NA,1,NA
"1157","CDR_SoilCarbonFlux_1999-2005_processed.csv","7/17/2001","unshaded_0",31.015,1.93040151263928,2,0.0622408999722482
"1158","CDR_SoilCarbonFlux_1999-2005_processed.csv","7/17/2001","unshaded_16",47.648,NA,1,NA
"1159","CDR_SoilCarbonFlux_1999-2005_processed.csv","7/17/2001","unshaded_50",34.46,NA,1,NA
"1160","CDR_SoilCarbonFlux_1999-2005_processed.csv","7/18/2001","shaded_0",17.796,NA,1,NA
"1161","CDR_SoilCarbonFlux_1999-2005_processed.csv","7/18/2001","shaded_16",40.7495,5.32239274199114,2,0.130612467441101
"1162","CDR_SoilCarbonFlux_1999-2005_processed.csv","7/18/2001","shaded_50",40.3775,12.394874767419,2,0.306974794561798
"1163","CDR_SoilCarbonFlux_1999-2005_processed.csv","7/18/2001","unshaded_0",30.361,NA,1,NA
"1164","CDR_SoilCarbonFlux_1999-2005_processed.csv","7/18/2001","unshaded_16",28.875,0.790545381366562,2,0.0273781950256818
"1165","CDR_SoilCarbonFlux_1999-2005_processed.csv","7/18/2001","unshaded_50",26.893,4.4731574977861,2,0.166331666150526
"1166","CDR_SoilCarbonFlux_1999-2005_processed.csv","7/19/2000","shaded_0",31.489,3.61042005866354,3,0.114656548593589
"1167","CDR_SoilCarbonFlux_1999-2005_processed.csv","7/19/2000","shaded_16",29.35,6.78144770679536,3,0.231054436347372
"1168","CDR_SoilCarbonFlux_1999-2005_processed.csv","7/19/2000","shaded_50",26.918,3.86316929476304,3,0.143516208290476
"1169","CDR_SoilCarbonFlux_1999-2005_processed.csv","7/19/2000","unshaded_0",16.848,0.743812476367533,3,0.0441484138394785
"1170","CDR_SoilCarbonFlux_1999-2005_processed.csv","7/19/2000","unshaded_16",18.6983333333333,3.35407339414828,3,0.179378200952756
"1171","CDR_SoilCarbonFlux_1999-2005_processed.csv","7/19/2000","unshaded_50",18.239,5.82564219635913,3,0.319405789591487
"1172","CDR_SoilCarbonFlux_1999-2005_processed.csv","7/25/2001","shaded_0",31.3306666666667,5.80170839781985,3,0.185176666029657
"1173","CDR_SoilCarbonFlux_1999-2005_processed.csv","7/25/2001","shaded_16",28.3376666666667,6.76665606731518,3,0.238786635008123
"1174","CDR_SoilCarbonFlux_1999-2005_processed.csv","7/25/2001","shaded_50",23.6,8.52004266421243,3,0.361018756958154
"1175","CDR_SoilCarbonFlux_1999-2005_processed.csv","7/25/2001","unshaded_0",35.406,5.98988622596456,3,0.169177151498745
"1176","CDR_SoilCarbonFlux_1999-2005_processed.csv","7/25/2001","unshaded_16",29.547,2.9735831920429,3,0.100639089993668
"1177","CDR_SoilCarbonFlux_1999-2005_processed.csv","7/25/2001","unshaded_50",19.279,2.89882510683208,3,0.150361798165469
"1178","CDR_SoilCarbonFlux_1999-2005_processed.csv","7/27/2005","shaded_0",26.9016666666667,10.6665725204179,3,0.396502293058095
"1179","CDR_SoilCarbonFlux_1999-2005_processed.csv","7/27/2005","shaded_16",21.4606666666667,2.48237735514432,3,0.115671027079509
"1180","CDR_SoilCarbonFlux_1999-2005_processed.csv","7/27/2005","shaded_50",21.193,11.0384673302049,3,0.520854401462976
"1181","CDR_SoilCarbonFlux_1999-2005_processed.csv","7/27/2005","unshaded_0",26.205,1.94497275045179,3,0.0742214367659527
"1182","CDR_SoilCarbonFlux_1999-2005_processed.csv","7/27/2005","unshaded_16",21.6003333333333,3.88584358065702,3,0.179897389576875
"1183","CDR_SoilCarbonFlux_1999-2005_processed.csv","7/27/2005","unshaded_50",15.243,1.24363941719455,3,0.0815875757524471
"1184","CDR_SoilCarbonFlux_1999-2005_processed.csv","7/29/1999","shaded_0",26.0906666666667,8.27931798720966,3,0.317328724979929
"1185","CDR_SoilCarbonFlux_1999-2005_processed.csv","7/29/1999","shaded_16",22.4533333333333,3.0747203666892,3,0.136938258611455
"1186","CDR_SoilCarbonFlux_1999-2005_processed.csv","7/29/1999","shaded_50",20.6233333333333,2.35449194802899,3,0.114166410927541
"1187","CDR_SoilCarbonFlux_1999-2005_processed.csv","7/29/1999","unshaded_0",36.1703333333333,6.39123535267896,3,0.1766982707563
"1188","CDR_SoilCarbonFlux_1999-2005_processed.csv","7/29/1999","unshaded_16",27.5486666666667,0.762218691277859,3,0.0276680792032715
"1189","CDR_SoilCarbonFlux_1999-2005_processed.csv","7/29/1999","unshaded_50",25.1133333333333,3.04284116137095,3,0.121164367986632
"1190","CDR_SoilCarbonFlux_1999-2005_processed.csv","7/6/1999","shaded_0",27.692,5.56003318335421,3,0.200781206967868
"1191","CDR_SoilCarbonFlux_1999-2005_processed.csv","7/6/1999","shaded_16",21.481,2.44647992021189,3,0.113890411070802
"1192","CDR_SoilCarbonFlux_1999-2005_processed.csv","7/6/1999","shaded_50",20.5073333333333,1.59608970090447,3,0.0778301924955857
"1193","CDR_SoilCarbonFlux_1999-2005_processed.csv","7/6/1999","unshaded_0",28.6063333333333,3.87011502843692,3,0.135288748241191
"1194","CDR_SoilCarbonFlux_1999-2005_processed.csv","7/6/1999","unshaded_16",22.6666666666667,1.76803855538654,3,0.0780017009729358
"1195","CDR_SoilCarbonFlux_1999-2005_processed.csv","7/6/1999","unshaded_50",28.481,2.9684965891845,3,0.104227259899038
"1196","CDR_SoilCarbonFlux_1999-2005_processed.csv","8/17/2004","shaded_0",23.7873333333333,9.64430175457681,3,0.405438542413756
"1197","CDR_SoilCarbonFlux_1999-2005_processed.csv","8/17/2004","shaded_16",20.8536666666667,3.13463320554947,3,0.150315685757076
"1198","CDR_SoilCarbonFlux_1999-2005_processed.csv","8/17/2004","shaded_50",22.8106666666667,6.04452978595799,3,0.264986985005173
"1199","CDR_SoilCarbonFlux_1999-2005_processed.csv","8/17/2004","unshaded_0",18.211,0.635682310592328,3,0.0349065021466327
"1200","CDR_SoilCarbonFlux_1999-2005_processed.csv","8/17/2004","unshaded_16",20.298,5.79719320016161,3,0.285604158053089
"1201","CDR_SoilCarbonFlux_1999-2005_processed.csv","8/17/2004","unshaded_50",18.2643333333333,3.36660130299585,3,0.184326536400408
"1202","CDR_SoilCarbonFlux_1999-2005_processed.csv","8/18/2003","shaded_0",21.158,9.06949458349251,3,0.428655571580136
"1203","CDR_SoilCarbonFlux_1999-2005_processed.csv","8/18/2003","shaded_16",17.8693333333333,1.35071548941046,3,0.0755884656810807
"1204","CDR_SoilCarbonFlux_1999-2005_processed.csv","8/18/2003","shaded_50",17.705,6.79204394862106,3,0.383622928473373
"1205","CDR_SoilCarbonFlux_1999-2005_processed.csv","8/18/2003","unshaded_0",14.4646666666667,2.14791464759039,3,0.148493891846134
"1206","CDR_SoilCarbonFlux_1999-2005_processed.csv","8/18/2003","unshaded_16",18.6293333333333,0.814654732591256,3,0.0437296771717322
"1207","CDR_SoilCarbonFlux_1999-2005_processed.csv","8/18/2003","unshaded_50",10.984,0.84704958532544,3,0.0771166774695411
"1208","CDR_SoilCarbonFlux_1999-2005_processed.csv","8/18/2004","shaded_0",4.948,NA,1,NA
"1209","CDR_SoilCarbonFlux_1999-2005_processed.csv","8/20/2002","shaded_0",23.406,4.965355677089,3,0.212140292108391
"1210","CDR_SoilCarbonFlux_1999-2005_processed.csv","8/20/2002","shaded_16",15.859,5.09356191677298,3,0.32117800093152
"1211","CDR_SoilCarbonFlux_1999-2005_processed.csv","8/20/2002","shaded_50",16.432,3.21427814602283,3,0.195610890093892
"1212","CDR_SoilCarbonFlux_1999-2005_processed.csv","8/20/2002","unshaded_0",23.0743333333333,0.935634722171711,3,0.0405487217617718
"1213","CDR_SoilCarbonFlux_1999-2005_processed.csv","8/20/2002","unshaded_16",17.893,4.24393072516506,3,0.237183855427545
"1214","CDR_SoilCarbonFlux_1999-2005_processed.csv","8/20/2002","unshaded_50",15.1313333333333,3.33785445059148,3,0.220592222579513
"1215","CDR_SoilCarbonFlux_1999-2005_processed.csv","8/25/1999","shaded_0",31.6836666666667,3.03900137106473,3,0.0959169720801906
"1216","CDR_SoilCarbonFlux_1999-2005_processed.csv","8/25/1999","shaded_16",22.8126666666667,4.37349932357755,3,0.191713638194171
"1217","CDR_SoilCarbonFlux_1999-2005_processed.csv","8/25/1999","shaded_50",19.2286666666667,1.83090615088085,3,0.0952175302957833
"1218","CDR_SoilCarbonFlux_1999-2005_processed.csv","8/25/1999","unshaded_0",24.6576666666667,3.05149493418117,3,0.123754407723676
"1219","CDR_SoilCarbonFlux_1999-2005_processed.csv","8/25/1999","unshaded_16",22.9216666666667,5.29579779951362,3,0.231038950026043
"1220","CDR_SoilCarbonFlux_1999-2005_processed.csv","8/25/1999","unshaded_50",22.7176666666667,1.44280779500713,3,0.0635103867037605
"1221","CDR_SoilCarbonFlux_1999-2005_processed.csv","8/30/2001","shaded_0",22.7773333333333,4.2655921433411,3,0.18727355309406
"1222","CDR_SoilCarbonFlux_1999-2005_processed.csv","8/30/2001","shaded_16",22.3023333333333,0.752745198146979,3,0.0337518584668411
"1223","CDR_SoilCarbonFlux_1999-2005_processed.csv","8/30/2001","shaded_50",18.9043333333333,6.95684887958143,3,0.368002867750679
"1224","CDR_SoilCarbonFlux_1999-2005_processed.csv","8/30/2001","unshaded_0",17.4946666666667,2.97603836220794,3,0.170111178390058
"1225","CDR_SoilCarbonFlux_1999-2005_processed.csv","8/30/2001","unshaded_16",18.567,1.06005047049657,3,0.0570932552645322
"1226","CDR_SoilCarbonFlux_1999-2005_processed.csv","8/30/2001","unshaded_50",15.281,1.49922513319381,3,0.0981104072504294
"1227","CDR_SoilCarbonFlux_1999-2005_processed.csv","8/30/2005","shaded_0",20.448,8.73338943366205,3,0.427102378406791
"1228","CDR_SoilCarbonFlux_1999-2005_processed.csv","8/30/2005","shaded_16",18.378,3.16328689814882,3,0.172123566119753
"1229","CDR_SoilCarbonFlux_1999-2005_processed.csv","8/30/2005","shaded_50",18.1693333333333,6.15021595826792,3,0.338494310464588
"1230","CDR_SoilCarbonFlux_1999-2005_processed.csv","8/30/2005","unshaded_0",13.755,0.590370222826321,3,0.0429204087841745
"1231","CDR_SoilCarbonFlux_1999-2005_processed.csv","8/30/2005","unshaded_16",16.095,1.38420699319141,3,0.0860022984275495
"1232","CDR_SoilCarbonFlux_1999-2005_processed.csv","8/30/2005","unshaded_50",11.4113333333333,2.28088279693046,3,0.199878728480207
"1233","CDR_SoilCarbonFlux_1999-2005_processed.csv","8/4/2000","shaded_0",14.842,2.06584679974097,3,0.139189246714794
"1234","CDR_SoilCarbonFlux_1999-2005_processed.csv","8/4/2000","shaded_16",14.6033333333333,2.96463494098908,3,0.203010838232532
"1235","CDR_SoilCarbonFlux_1999-2005_processed.csv","8/4/2000","shaded_50",14.5756666666667,2.68317206554729,3,0.184085718129345
"1236","CDR_SoilCarbonFlux_1999-2005_processed.csv","8/4/2000","unshaded_0",11.3526666666667,3.62663016219373,3,0.319451831774655
"1237","CDR_SoilCarbonFlux_1999-2005_processed.csv","8/4/2000","unshaded_16",14.926,3.86928533452884,3,0.259231229701785
"1238","CDR_SoilCarbonFlux_1999-2005_processed.csv","8/4/2000","unshaded_50",10.0483333333333,2.03816224411437,3,0.202835851130971
"1239","CDR_SoilCarbonFlux_1999-2005_processed.csv","9/26/1999","shaded_0",14.841,1.56357570971156,3,0.105355145186413
"1240","CDR_SoilCarbonFlux_1999-2005_processed.csv","9/26/1999","shaded_16",11.7973333333333,1.33807411354279,3,0.113421743349581
"1241","CDR_SoilCarbonFlux_1999-2005_processed.csv","9/26/1999","shaded_50",11.3396666666667,2.78900991990587,3,0.245951667001311
"1242","CDR_SoilCarbonFlux_1999-2005_processed.csv","9/26/1999","unshaded_0",14.2106666666667,4.32352175122704,3,0.304244822051068
"1243","CDR_SoilCarbonFlux_1999-2005_processed.csv","9/26/1999","unshaded_16",10.0063333333333,0.930318404275296,3,0.0929729575544118
"1244","CDR_SoilCarbonFlux_1999-2005_processed.csv","9/26/1999","unshaded_50",12.134,2.93132000982492,3,0.241579034928706
"1245","CDR_SoilCarbonFlux_1999-2005_processed.csv","9/30/2004","shaded_0",18.835,4.42471840911939,3,0.234920011102702
"1246","CDR_SoilCarbonFlux_1999-2005_processed.csv","9/30/2004","shaded_16",17.629,3.11489791164975,3,0.176691696162559
"1247","CDR_SoilCarbonFlux_1999-2005_processed.csv","9/30/2004","shaded_50",19.7143333333333,6.38592861949876,3,0.323923133058794
"1248","CDR_SoilCarbonFlux_1999-2005_processed.csv","9/30/2004","unshaded_0",9.89833333333333,2.51098234428945,3,0.253677286845204
"1249","CDR_SoilCarbonFlux_1999-2005_processed.csv","9/30/2004","unshaded_16",14.3876666666667,2.83346172258129,3,0.19693684794254
"1250","CDR_SoilCarbonFlux_1999-2005_processed.csv","9/30/2004","unshaded_50",13.69,5.2893584677161,3,0.386366579088101
"1251","CDR_sIDEPercentCover_2016-2020_processed.csv","01/08/2019","control",356.41,101.868956262445,5,0.285819579311594
"1252","CDR_sIDEPercentCover_2016-2020_processed.csv","01/08/2019","control_NPK",575.23,106.504580887397,5,0.185151297546019
"1253","CDR_sIDEPercentCover_2016-2020_processed.csv","01/08/2019","control_infra",393.09,76.2336490665376,5,0.193934338361539
"1254","CDR_sIDEPercentCover_2016-2020_processed.csv","01/08/2019","control_infra_NPK",860.26,338.927365743753,5,0.393982477092685
"1255","CDR_sIDEPercentCover_2016-2020_processed.csv","01/08/2019","drought",435.21,86.5247898003803,5,0.198811584753062
"1256","CDR_sIDEPercentCover_2016-2020_processed.csv","01/08/2019","drought_NPK",534.01,142.122840352985,5,0.266142657165568
"1257","CDR_sIDEPercentCover_2016-2020_processed.csv","11/08/2020","control",494.47,178.014471321856,5,0.360010660549389
"1258","CDR_sIDEPercentCover_2016-2020_processed.csv","11/08/2020","control_NPK",535.86,233.942552777386,5,0.436574017051816
"1259","CDR_sIDEPercentCover_2016-2020_processed.csv","11/08/2020","control_infra",511.7,91.2772425087436,5,0.178380384031158
"1260","CDR_sIDEPercentCover_2016-2020_processed.csv","11/08/2020","control_infra_NPK",743.9,175.617809461341,5,0.23607717362729
"1261","CDR_sIDEPercentCover_2016-2020_processed.csv","11/08/2020","drought",604.16,248.526646961649,5,0.411358989277093
"1262","CDR_sIDEPercentCover_2016-2020_processed.csv","11/08/2020","drought_NPK",655.37,375.303964474131,5,0.572659664730048
"1263","CDR_sIDEPercentCover_2016-2020_processed.csv","16/08/2018","control",290.89,84.8867804784703,5,0.29181745841545
"1264","CDR_sIDEPercentCover_2016-2020_processed.csv","16/08/2018","control_NPK",540.89,102.502843862988,5,0.189507744389779
"1265","CDR_sIDEPercentCover_2016-2020_processed.csv","16/08/2018","control_infra",258.32,67.4651724966297,5,0.261168986128173
"1266","CDR_sIDEPercentCover_2016-2020_processed.csv","16/08/2018","control_infra_NPK",543.4,107.377203120588,5,0.197602508503106
"1267","CDR_sIDEPercentCover_2016-2020_processed.csv","16/08/2018","drought",258,92.2083510317802,5,0.357396709425505
"1268","CDR_sIDEPercentCover_2016-2020_processed.csv","16/08/2018","drought_NPK",389.11,49.4021431721337,5,0.12696189553631
"1269","CDR_sIDEPercentCover_2016-2020_processed.csv","21/08/2017","control",308.84,91.5832026083386,5,0.296539316825342
"1270","CDR_sIDEPercentCover_2016-2020_processed.csv","21/08/2017","control_NPK",232.5,62.2979534174278,5,0.267948186741625
"1271","CDR_sIDEPercentCover_2016-2020_processed.csv","21/08/2017","control_infra",275.3,119.440257032543,5,0.433854911124385
"1272","CDR_sIDEPercentCover_2016-2020_processed.csv","21/08/2017","control_infra_NPK",412.42,211.823976452148,5,0.513612279841297
"1273","CDR_sIDEPercentCover_2016-2020_processed.csv","21/08/2017","drought",267.46,95.1515265248015,5,0.355759838947138
"1274","CDR_sIDEPercentCover_2016-2020_processed.csv","21/08/2017","drought_NPK",201.46,87.3309109078796,5,0.433490076977462
"1275","CDR_sIDEPercentCover_2016-2020_processed.csv","25/07/2016","control",632.8,110.55182042825,5,0.174702623938448
"1276","CDR_sIDEPercentCover_2016-2020_processed.csv","25/07/2016","control_NPK",852.18,183.433085892377,5,0.215251573484917
"1277","CDR_sIDEPercentCover_2016-2020_processed.csv","25/07/2016","control_infra",782.66,189.035255970943,5,0.241529215714286
"1278","CDR_sIDEPercentCover_2016-2020_processed.csv","25/07/2016","control_infra_NPK",834.8,218.454652044766,5,0.261685016824109
"1279","CDR_sIDEPercentCover_2016-2020_processed.csv","25/07/2016","drought",825.8,243.512494545968,5,0.294880715119845
"1280","CDR_sIDEPercentCover_2016-2020_processed.csv","25/07/2016","drought_NPK",672.22,119.582302202291,5,0.177891616140982
"1281","CDR_tIDEPercentCover_2016-2020_processed.csv","01/08/2019","control",356.41,101.868956262445,5,0.285819579311594
"1282","CDR_tIDEPercentCover_2016-2020_processed.csv","01/08/2019","control_NPK",575.23,106.504580887397,5,0.185151297546019
"1283","CDR_tIDEPercentCover_2016-2020_processed.csv","01/08/2019","control_infra",393.09,76.2336490665376,5,0.193934338361539
"1284","CDR_tIDEPercentCover_2016-2020_processed.csv","01/08/2019","control_infra_NPK",860.26,338.927365743753,5,0.393982477092685
"1285","CDR_tIDEPercentCover_2016-2020_processed.csv","01/08/2019","drought",435.21,86.5247898003803,5,0.198811584753062
"1286","CDR_tIDEPercentCover_2016-2020_processed.csv","01/08/2019","drought_NPK",534.01,142.122840352985,5,0.266142657165568
"1287","CDR_tIDEPercentCover_2016-2020_processed.csv","11/08/2020","control",494.47,178.014471321856,5,0.360010660549389
"1288","CDR_tIDEPercentCover_2016-2020_processed.csv","11/08/2020","control_NPK",535.86,233.942552777386,5,0.436574017051816
"1289","CDR_tIDEPercentCover_2016-2020_processed.csv","11/08/2020","control_infra",511.7,91.2772425087436,5,0.178380384031158
"1290","CDR_tIDEPercentCover_2016-2020_processed.csv","11/08/2020","control_infra_NPK",743.9,175.617809461341,5,0.23607717362729
"1291","CDR_tIDEPercentCover_2016-2020_processed.csv","11/08/2020","drought",604.16,248.526646961649,5,0.411358989277093
"1292","CDR_tIDEPercentCover_2016-2020_processed.csv","11/08/2020","drought_NPK",655.37,375.303964474131,5,0.572659664730048
"1293","CDR_tIDEPercentCover_2016-2020_processed.csv","16/08/2018","control",290.89,84.8867804784703,5,0.29181745841545
"1294","CDR_tIDEPercentCover_2016-2020_processed.csv","16/08/2018","control_NPK",540.89,102.502843862988,5,0.189507744389779
"1295","CDR_tIDEPercentCover_2016-2020_processed.csv","16/08/2018","control_infra",258.32,67.4651724966297,5,0.261168986128173
"1296","CDR_tIDEPercentCover_2016-2020_processed.csv","16/08/2018","control_infra_NPK",543.4,107.377203120588,5,0.197602508503106
"1297","CDR_tIDEPercentCover_2016-2020_processed.csv","16/08/2018","drought",258,92.2083510317802,5,0.357396709425505
"1298","CDR_tIDEPercentCover_2016-2020_processed.csv","16/08/2018","drought_NPK",389.11,49.4021431721337,5,0.12696189553631
"1299","CDR_tIDEPercentCover_2016-2020_processed.csv","21/08/2017","control",308.84,91.5832026083386,5,0.296539316825342
"1300","CDR_tIDEPercentCover_2016-2020_processed.csv","21/08/2017","control_NPK",232.5,62.2979534174278,5,0.267948186741625
"1301","CDR_tIDEPercentCover_2016-2020_processed.csv","21/08/2017","control_infra",275.3,119.440257032543,5,0.433854911124385
"1302","CDR_tIDEPercentCover_2016-2020_processed.csv","21/08/2017","control_infra_NPK",412.42,211.823976452148,5,0.513612279841297
"1303","CDR_tIDEPercentCover_2016-2020_processed.csv","21/08/2017","drought",267.46,95.1515265248015,5,0.355759838947138
"1304","CDR_tIDEPercentCover_2016-2020_processed.csv","21/08/2017","drought_NPK",201.46,87.3309109078796,5,0.433490076977462
"1305","CDR_tIDEPercentCover_2016-2020_processed.csv","25/07/2016","control",632.8,110.55182042825,5,0.174702623938448
"1306","CDR_tIDEPercentCover_2016-2020_processed.csv","25/07/2016","control_NPK",852.18,183.433085892377,5,0.215251573484917
"1307","CDR_tIDEPercentCover_2016-2020_processed.csv","25/07/2016","control_infra",782.66,189.035255970943,5,0.241529215714286
"1308","CDR_tIDEPercentCover_2016-2020_processed.csv","25/07/2016","control_infra_NPK",834.8,218.454652044766,5,0.261685016824109
"1309","CDR_tIDEPercentCover_2016-2020_processed.csv","25/07/2016","drought",825.8,243.512494545968,5,0.294880715119845
"1310","CDR_tIDEPercentCover_2016-2020_processed.csv","25/07/2016","drought_NPK",672.22,119.582302202291,5,0.177891616140982
"1311","GCE1.csv","2010-10","Control",762.25,40.9947335863789,12,0.0537812182176174
"1312","GCE1.csv","2010-10","Disturbed (March-2010)",389.25,261.348991684578,12,0.671416805869178
"1313","GCE1.csv","2011-10","Control",745.416666666667,54.6001304249747,12,0.0732477993403796
"1314","GCE1.csv","2011-10","Disturbed (March-2010)",553.333333333333,183.694575232087,12,0.331978148009796
"1315","GCE1.csv","2012-10","Control",759.333333333333,39.7819816073315,12,0.0523906693687421
"1316","GCE1.csv","2012-10","Disturbed (March-2010)",679.416666666667,109.462702932704,12,0.161112772622647
"1317","GCE1.csv","2013-10","Control",783.166666666667,16.9964345637192,12,0.0217021935267749
"1318","GCE1.csv","2013-10","Disturbed (March-2010)",747.916666666667,66.0928524994583,12,0.0883692735368802
"1319","GCE1.csv","2014-10","Control",799,0,12,0
"1320","GCE1.csv","2014-10","Disturbed (March-2010)",783.666666666667,49.6521231503078,12,0.0633587279672154
"1321","GCE1.csv","2015-10","Control",799,0,2,0
"1322","GCE1.csv","2015-10","Disturbed (March-2010)",716.5,115.258405333407,2,0.160863091881936
"1323","GCE1.csv","2016-10","Control",799,0,2,0
"1324","GCE1.csv","2016-10","Disturbed (March-2010)",723,106.066017177982,2,0.146702651698454
"1325","GCE1.csv","2017-10","Control",799,0,2,0
"1326","GCE1.csv","2017-10","Disturbed (March-2010)",740.5,82.7314933988261,2,0.111723826331973
"1327","GCE1.csv","2018-10","Control",783,NA,1,NA
"1328","GCE1.csv","2018-10","Disturbed (March-2010)",661,NA,1,NA
"1329","GCE1.csv","2019-10","Control",796,NA,1,NA
"1330","GCE1.csv","2019-10","Disturbed (March-2010)",700,NA,1,NA
"1331","GCE1.csv","2020-10","Control",796,NA,1,NA
"1332","GCE1.csv","2020-10","Disturbed (March-2010)",692,NA,1,NA
"1333","HBR_litterfall_2009-2022_processed.csv","2009","C",308.6312,62.1322171198915,10,0.201315411792105
"1334","HBR_litterfall_2009-2022_processed.csv","2009","N",294.093,65.9859475494593,10,0.22437102395997
"1335","HBR_litterfall_2009-2022_processed.csv","2009","NP",305.75445,41.3063150569081,10,0.135096365913589
"1336","HBR_litterfall_2009-2022_processed.csv","2009","P",303.2242,56.0069403750801,10,0.184704718076856
"1337","HBR_litterfall_2009-2022_processed.csv","2010","C",253.377636363636,58.4282984439436,11,0.230597693160615
"1338","HBR_litterfall_2009-2022_processed.csv","2010","N",243.209727272727,52.0449355078684,11,0.213991998146961
"1339","HBR_litterfall_2009-2022_processed.csv","2010","NP",237.175590909091,60.6413303790485,11,0.255681160724049
"1340","HBR_litterfall_2009-2022_processed.csv","2010","P",250.546,43.4320895652051,11,0.173349762379783
"1341","HBR_litterfall_2009-2022_processed.csv","2011","C",292.589151518182,36.9669633177027,11,0.126344271911276
"1342","HBR_litterfall_2009-2022_processed.csv","2011","N",277.686015154545,32.3243354165031,11,0.116406061711509
"1343","HBR_litterfall_2009-2022_processed.csv","2011","NP",284.189348481818,34.1321935996936,11,0.12010370473782
"1344","HBR_litterfall_2009-2022_processed.csv","2011","P",274.922227272727,25.1824097649169,11,0.0915983040539517
"1345","HBR_litterfall_2009-2022_processed.csv","2012","C",304.997818181818,29.7164465904596,11,0.0974316694054012
"1346","HBR_litterfall_2009-2022_processed.csv","2012","N",301.311636363636,31.4300658964398,11,0.104310826743208
"1347","HBR_litterfall_2009-2022_processed.csv","2012","NP",299.020545454545,46.9110214861361,11,0.156882268456925
"1348","HBR_litterfall_2009-2022_processed.csv","2012","P",292.018363636364,35.5012955010736,11,0.121572133543223
"1349","HBR_litterfall_2009-2022_processed.csv","2013","C",304.081090909091,51.4339583416531,11,0.169145533475575
"1350","HBR_litterfall_2009-2022_processed.csv","2013","N",295.154363636364,41.5662263749615,11,0.140828771300742
"1351","HBR_litterfall_2009-2022_processed.csv","2013","NP",289.664090909091,56.6560105804398,11,0.195592109476286
"1352","HBR_litterfall_2009-2022_processed.csv","2013","P",281.351636363636,44.6509557865735,11,0.158701603316299
"1353","HBR_litterfall_2009-2022_processed.csv","2014","C",300.007863636364,29.9130419065755,11,0.0997075261428241
"1354","HBR_litterfall_2009-2022_processed.csv","2014","N",283.631909090909,37.4599230176853,11,0.132072315621155
"1355","HBR_litterfall_2009-2022_processed.csv","2014","NP",273.888636363636,43.7817449681319,11,0.15985236024909
"1356","HBR_litterfall_2009-2022_processed.csv","2014","P",273.350545454545,26.3444833404022,11,0.0963761872016564
"1357","HBR_litterfall_2009-2022_processed.csv","2015","C",325.022909090909,41.8776099830316,11,0.128845102334982
"1358","HBR_litterfall_2009-2022_processed.csv","2015","Ca",311.266,8.99722668381762,2,0.0289052665045897
"1359","HBR_litterfall_2009-2022_processed.csv","2015","N",323.031318181818,52.3073654250875,11,0.161926607362715
"1360","HBR_litterfall_2009-2022_processed.csv","2015","NP",321.992545454545,64.5199754845174,11,0.200377233558115
"1361","HBR_litterfall_2009-2022_processed.csv","2015","P",322.953318181818,32.7565788981944,11,0.101428215949628
"1362","HBR_litterfall_2009-2022_processed.csv","2016","C",346.29350595,26.727605329517,12,0.0771819421106213
"1363","HBR_litterfall_2009-2022_processed.csv","2016","Ca",342.039,3.61897250611275,2,0.0105805843956764
"1364","HBR_litterfall_2009-2022_processed.csv","2016","N",346.305166666667,33.6693198620004,12,0.097224422569498
"1365","HBR_litterfall_2009-2022_processed.csv","2016","NP",335.134444441667,43.9109679773808,12,0.131024932547701
"1366","HBR_litterfall_2009-2022_processed.csv","2016","P",331.3825,30.0432144834736,12,0.0906602324608983
"1367","HBR_litterfall_2009-2022_processed.csv","2017","C",330.602732141667,23.9917160432817,12,0.0725696242371069
"1368","HBR_litterfall_2009-2022_processed.csv","2017","Ca",316.183,34.5082251354659,2,0.109140039582982
"1369","HBR_litterfall_2009-2022_processed.csv","2017","N",346.253083333333,47.4361810617138,12,0.136998580936961
"1370","HBR_litterfall_2009-2022_processed.csv","2017","NP",337.346319441667,63.8337462418236,12,0.189223188643271
"1371","HBR_litterfall_2009-2022_processed.csv","2017","P",314.976069441667,46.3727684833179,12,0.147226322829919
"1372","HBR_litterfall_2009-2022_processed.csv","2018","C",275.914241761538,44.7530721312683,13,0.162199210325455
"1373","HBR_litterfall_2009-2022_processed.csv","2018","N",287.674615384615,56.5934033869945,13,0.196727136703842
"1374","HBR_litterfall_2009-2022_processed.csv","2018","NP",277.055384615385,61.1889925524987,13,0.220854731401243
"1375","HBR_litterfall_2009-2022_processed.csv","2018","P",268.131076923077,50.7008928692936,13,0.189089953507474
"1376","HBR_litterfall_2009-2022_processed.csv","2019","C",292.464492676923,34.2234205769733,13,0.117017352307375
"1377","HBR_litterfall_2009-2022_processed.csv","2019","Ca",286.489,44.8885526832844,2,0.156685082789512
"1378","HBR_litterfall_2009-2022_processed.csv","2019","N",310.008972216667,46.9172138327925,12,0.151341470852662
"1379","HBR_litterfall_2009-2022_processed.csv","2019","NP",302.751820515385,59.2749763346903,13,0.195787348970468
"1380","HBR_litterfall_2009-2022_processed.csv","2019","P",289.082692307692,44.1390883545689,13,0.152686720890189
"1381","HBR_litterfall_2009-2022_processed.csv","2020","C",275.833959707692,22.751530331418,13,0.0824827021137221
"1382","HBR_litterfall_2009-2022_processed.csv","2020","Ca",286.262,31.7123249226543,2,0.110780770492256
"1383","HBR_litterfall_2009-2022_processed.csv","2020","N",299.339115384615,64.3636395264418,13,0.215019141229646
"1384","HBR_litterfall_2009-2022_processed.csv","2020","NP",273.289230769231,29.6670882998704,13,0.10855564347108
"1385","HBR_litterfall_2009-2022_processed.csv","2020","P",265.016,30.6605071930217,13,0.115693041903212
"1386","HBR_litterfall_2009-2022_processed.csv","2021","C",248.273846153846,25.0023149409111,13,0.100704586198814
"1387","HBR_litterfall_2009-2022_processed.csv","2021","Ca",239.796,51.2143299477793,2,0.213574579841946
"1388","HBR_litterfall_2009-2022_processed.csv","2021","N",265.084038461538,26.4743192204426,13,0.0998714195471404
"1389","HBR_litterfall_2009-2022_processed.csv","2021","NP",266.009846153846,34.9804728142387,13,0.13150066931736
"1390","HBR_litterfall_2009-2022_processed.csv","2021","P",239.504115384615,34.1400784832101,13,0.142544851174624
"1391","HFR_soil-respiration_1991-2021_Processed.csv","1991","C",128.405277777778,12.1351868709764,6,0.0945069165457351
"1392","HFR_soil-respiration_1991-2021_Processed.csv","1991","DC",144.948125,13.3641522929968,6,0.0921995527227196
"1393","HFR_soil-respiration_1991-2021_Processed.csv","1991","H",192.391704545455,39.4380957410994,6,0.20498854581218
"1394","HFR_soil-respiration_1991-2021_Processed.csv","1992","C",93.2977083333333,9.63937422734441,6,0.103318445860481
"1395","HFR_soil-respiration_1991-2021_Processed.csv","1992","DC",103.178333333333,7.81479534697513,6,0.0757406627390292
"1396","HFR_soil-respiration_1991-2021_Processed.csv","1992","H",117.354427083333,19.5688404046305,6,0.166749912133564
"1397","HFR_soil-respiration_1991-2021_Processed.csv","1993","C",100.632121212121,6.8838277939252,6,0.0684058699251194
"1398","HFR_soil-respiration_1991-2021_Processed.csv","1993","DC",107.371060606061,9.64864528523173,6,0.0898626243493314
"1399","HFR_soil-respiration_1991-2021_Processed.csv","1993","H",129.633863636364,27.0101030451248,6,0.208356846640712
"1400","HFR_soil-respiration_1991-2021_Processed.csv","1994","C",128.695,7.12855985631039,6,0.0553911174195609
"1401","HFR_soil-respiration_1991-2021_Processed.csv","1994","DC",124.777916666667,9.99894738730866,6,0.0801339504170435
"1402","HFR_soil-respiration_1991-2021_Processed.csv","1994","H",148.4565625,22.276160308409,6,0.150051704911388
"1403","HFR_soil-respiration_1991-2021_Processed.csv","1995","C",84.2118055555555,21.9244245484895,6,0.260348586565166
"1404","HFR_soil-respiration_1991-2021_Processed.csv","1995","DC",85.7168055555555,10.9946912494755,6,0.128267627079845
"1405","HFR_soil-respiration_1991-2021_Processed.csv","1995","H",100.93125,23.9227215549825,6,0.237019967106149
"1406","HFR_soil-respiration_1991-2021_Processed.csv","1996","C",94.4316666666667,20.7398174201757,6,0.219627781148722
"1407","HFR_soil-respiration_1991-2021_Processed.csv","1996","DC",90.2938888888888,8.56367094096824,6,0.0948421985845162
"1408","HFR_soil-respiration_1991-2021_Processed.csv","1996","H",107.880555555555,16.7276805879311,6,0.155057419771229
"1409","HFR_soil-respiration_1991-2021_Processed.csv","1997","C",100.5503125,15.0031872850717,6,0.149210747456123
"1410","HFR_soil-respiration_1991-2021_Processed.csv","1997","DC",101.135416666667,8.44261648263835,6,0.0834783378652056
"1411","HFR_soil-respiration_1991-2021_Processed.csv","1997","H",107.4471875,15.2892640169397,6,0.142295618644645
"1412","HFR_soil-respiration_1991-2021_Processed.csv","1998","C",146.544444444445,26.4175975685963,6,0.180270208596077
"1413","HFR_soil-respiration_1991-2021_Processed.csv","1998","DC",151.6925,23.6153438055758,6,0.15567904679253
"1414","HFR_soil-respiration_1991-2021_Processed.csv","1998","H",152.053611111111,28.8238858350091,6,0.189563967763623
"1415","HFR_soil-respiration_1991-2021_Processed.csv","1999","C",102.461354166667,12.2879928653484,6,0.119928074006912
"1416","HFR_soil-respiration_1991-2021_Processed.csv","1999","DC",108.059375,23.9568122585988,6,0.221700451798826
"1417","HFR_soil-respiration_1991-2021_Processed.csv","1999","H",98.4441666666667,16.5489646469323,6,0.168105081360152
"1418","HFR_soil-respiration_1991-2021_Processed.csv","2000","C",110.500625,19.490383455093,6,0.176382563040643
"1419","HFR_soil-respiration_1991-2021_Processed.csv","2000","DC",111.993333333333,25.6634694179315,6,0.229151759788661
"1420","HFR_soil-respiration_1991-2021_Processed.csv","2000","H",111.928177083333,21.8452725885808,6,0.195172235962679
"1421","HFR_soil-respiration_1991-2021_Processed.csv","2001","C",95.6233333333333,18.9083151792186,6,0.197737461350631
"1422","HFR_soil-respiration_1991-2021_Processed.csv","2001","DC",104.541145833333,21.4354064918619,6,0.205042773550958
"1423","HFR_soil-respiration_1991-2021_Processed.csv","2001","H",97.1401041666667,16.6480410231611,6,0.171381749751858
"1424","HFR_soil-respiration_1991-2021_Processed.csv","2002","C",110.418214285714,26.9077640367829,6,0.243689541719605
"1425","HFR_soil-respiration_1991-2021_Processed.csv","2002","DC",109.227619047619,24.8359783611691,6,0.227378190403854
"1426","HFR_soil-respiration_1991-2021_Processed.csv","2002","H",95.9836904761905,15.4895597717227,6,0.161376997434423
"1427","HFR_soil-respiration_1991-2021_Processed.csv","2003","DC",90.9723015873016,17.0592014375991,6,0.1875208293068
"1428","HFR_soil-respiration_1991-2021_Processed.csv","2003","H",100.858333333333,16.3097081748356,6,0.161709078821802
"1429","HFR_soil-respiration_1991-2021_Processed.csv","2004","DC",108.929087301587,27.6809017236832,6,0.254118550053066
"1430","HFR_soil-respiration_1991-2021_Processed.csv","2004","H",106.155019047619,17.5588442703571,5,0.165407574958661
"1431","HFR_soil-respiration_1991-2021_Processed.csv","2005","DC",110.797222222222,20.7590725190663,6,0.187360947347854
"1432","HFR_soil-respiration_1991-2021_Processed.csv","2005","H",105.568055555556,21.0914278905664,6,0.199789868057833
"1433","HFR_soil-respiration_1991-2021_Processed.csv","2006","DC",77.8477777777778,12.0023040689262,6,0.154176579107854
"1434","HFR_soil-respiration_1991-2021_Processed.csv","2006","H",80.1069444444445,22.4349215984731,6,0.2800621313678
"1435","HFR_soil-respiration_1991-2021_Processed.csv","2007","DC",94.608125,17.0353861995773,6,0.180062613011064
"1436","HFR_soil-respiration_1991-2021_Processed.csv","2007","H",110.707916666667,31.8324599334809,6,0.287535533970223
"1437","HFR_soil-respiration_1991-2021_Processed.csv","2008","DC",116.795059523809,20.5441817607245,6,0.17589940742773
"1438","HFR_soil-respiration_1991-2021_Processed.csv","2008","H",141.009226190476,30.6779958154604,6,0.217560202578662
"1439","HFR_soil-respiration_1991-2021_Processed.csv","2009","DC",101.853541666667,15.4658711445692,6,0.151844215640374
"1440","HFR_soil-respiration_1991-2021_Processed.csv","2009","H",102.156458333333,18.0824365652258,6,0.177007277466721
"1441","HFR_soil-respiration_1991-2021_Processed.csv","2010","DC",89.2395833333333,22.7333049410258,6,0.254744633400079
"1442","HFR_soil-respiration_1991-2021_Processed.csv","2010","H",79.4966666666667,11.6377561912366,6,0.146393008401652
"1443","HFR_soil-respiration_1991-2021_Processed.csv","2011","DC",108.789722222222,24.9435036168774,6,0.229281802612989
"1444","HFR_soil-respiration_1991-2021_Processed.csv","2011","H",119.916111111111,16.4101841233718,6,0.136847200691545
"1445","HFR_soil-respiration_1991-2021_Processed.csv","2012","DC",87.2968518518518,17.479932358779,6,0.200235541007178
"1446","HFR_soil-respiration_1991-2021_Processed.csv","2012","H",88.0348379629629,11.5618701151141,6,0.131332894824868
"1447","HFR_soil-respiration_1991-2021_Processed.csv","2013","DC",89.9020833333333,21.3910100811455,6,0.237936756168744
"1448","HFR_soil-respiration_1991-2021_Processed.csv","2013","H",92.8591666666667,17.9690097053696,6,0.193508194725377
"1449","HFR_soil-respiration_1991-2021_Processed.csv","2014","DC",90.5267261904762,21.2496144213718,6,0.234733048632077
"1450","HFR_soil-respiration_1991-2021_Processed.csv","2014","H",90.5010416666667,20.5912072165625,6,0.227524532727524
"1451","HFR_soil-respiration_1991-2021_Processed.csv","2015","DC",149.431148989899,46.3450805123983,6,0.310143372554346
"1452","HFR_soil-respiration_1991-2021_Processed.csv","2015","H",139.931616161616,50.37385239699,6,0.359989070224201
"1453","HFR_soil-respiration_1991-2021_Processed.csv","2016","DC",123.731296296296,43.421087045418,6,0.350930511076507
"1454","HFR_soil-respiration_1991-2021_Processed.csv","2016","H",100.695185185185,30.8952393445394,6,0.306819430221227
"1455","HFR_soil-respiration_1991-2021_Processed.csv","2017","DC",112.633333333333,39.7021461531573,6,0.352490199643303
"1456","HFR_soil-respiration_1991-2021_Processed.csv","2017","H",105.234761904762,20.8472553430934,6,0.19810236623104
"1457","HFR_soil-respiration_1991-2021_Processed.csv","2018","DC",121.980555555556,46.9877912709091,6,0.385207224683517
"1458","HFR_soil-respiration_1991-2021_Processed.csv","2018","H",111.088888888889,16.9103614412606,6,0.152223697710888
"1459","HFR_soil-respiration_1991-2021_Processed.csv","2019","DC",184.678981481482,48.5545281726635,6,0.262913125160008
"1460","HFR_soil-respiration_1991-2021_Processed.csv","2019","DC ",129.455,64.7356258176284,2,0.500062769438248
"1461","HFR_soil-respiration_1991-2021_Processed.csv","2019","H",171.470439814815,30.8167109520855,6,0.179720253738003
"1462","HFR_soil-respiration_1991-2021_Processed.csv","2019","H ",184.57,144.8720373295,2,0.784916494172942
"1463","HFR_soil-respiration_1991-2021_Processed.csv","2020","DC",333.154555555556,102.303850250487,6,0.307076245978053
"1464","HFR_soil-respiration_1991-2021_Processed.csv","2020","DC ",160.455,69.7136575571817,2,0.434474821957444
"1465","HFR_soil-respiration_1991-2021_Processed.csv","2020","H",312.003555555555,142.605940749195,6,0.457065114194837
"1466","HFR_soil-respiration_1991-2021_Processed.csv","2020","H ",221.88,110.181378644488,2,0.496580938545556
"1467","HFR_soil-respiration_1991-2021_Processed.csv","2021","DC",274.793333333333,78.8747851625882,6,0.287033110322624
"1468","HFR_soil-respiration_1991-2021_Processed.csv","2021","H",246.573611111111,17.7708568985123,6,0.0720712034772627
"1469","KBS_Biomass_1990-2022_processed.csv","1990","T1",2044.34333333333,282.79407275731,6,0.138330029083818
"1470","KBS_Biomass_1990-2022_processed.csv","1990","T2",2392.92666666667,226.39102443928,6,0.0946084255706178
"1471","KBS_Biomass_1990-2022_processed.csv","1990","T3",2266.965,752.765455151869,6,0.332058701899619
"1472","KBS_Biomass_1990-2022_processed.csv","1990","T4",2170,455.826359746779,6,0.210058230298055
"1473","KBS_Biomass_1990-2022_processed.csv","1990","T6",493.067222216667,133.052283087475,6,0.269846132722666
"1474","KBS_Biomass_1990-2022_processed.csv","1991","T1",2791.4905,511.710045509825,4,0.183310688504877
"1475","KBS_Biomass_1990-2022_processed.csv","1991","T2",2924.969,395.691542901791,4,0.135280593709469
"1476","KBS_Biomass_1990-2022_processed.csv","1991","T3",1172.17433333333,101.337282532475,6,0.0864523984621813
"1477","KBS_Biomass_1990-2022_processed.csv","1991","T4",1310.4076,117.085004841782,5,0.0893500654619078
"1478","KBS_Biomass_1990-2022_processed.csv","1991","T6",436.176111116667,38.9245890309968,6,0.0892405339011915
"1479","KBS_Biomass_1990-2022_processed.csv","1992","T1",1067.176,55.006979571687,6,0.0515444308827101
"1480","KBS_Biomass_1990-2022_processed.csv","1992","T2",1086.692,81.0674259218831,6,0.0746001865495312
"1481","KBS_Biomass_1990-2022_processed.csv","1992","T3",1162.43933333333,268.435192547227,6,0.230924044678942
"1482","KBS_Biomass_1990-2022_processed.csv","1992","T4",748.794666666667,195.690779403289,6,0.26134104329886
"1483","KBS_Biomass_1990-2022_processed.csv","1992","T6",889.154333333333,92.1814358353496,6,0.103673155918582
"1484","KBS_Biomass_1990-2022_processed.csv","1993","T1",3164.06133333333,436.154678987474,6,0.137846467890047
"1485","KBS_Biomass_1990-2022_processed.csv","1993","T2",3031.33133333333,579.95892196695,6,0.191321521204088
"1486","KBS_Biomass_1990-2022_processed.csv","1993","T3",2402.787,314.246133959354,6,0.130784016210906
"1487","KBS_Biomass_1990-2022_processed.csv","1993","T4",1766.66633333333,212.938822998219,6,0.120531431986054
"1488","KBS_Biomass_1990-2022_processed.csv","1993","T6",593.190555566667,81.1518675817899,6,0.136805731008759
"1489","KBS_Biomass_1990-2022_processed.csv","1994","T1",1387.92466666667,142.56507940259,6,0.102718168230977
"1490","KBS_Biomass_1990-2022_processed.csv","1994","T2",1169.2016,223.430046298165,5,0.191096254314196
"1491","KBS_Biomass_1990-2022_processed.csv","1994","T21",1231.096,NA,1,NA
"1492","KBS_Biomass_1990-2022_processed.csv","1994","T3",1242.67666666667,326.365170903187,6,0.262630803054042
"1493","KBS_Biomass_1990-2022_processed.csv","1994","T4",1298.71333333333,70.2720793791295,6,0.0541089997118657
"1494","KBS_Biomass_1990-2022_processed.csv","1994","T6",369.342222216667,60.6282402461443,6,0.164151934437049
"1495","KBS_Biomass_1990-2022_processed.csv","1995","T1",2050.182,266.236299394354,6,0.129859836538587
"1496","KBS_Biomass_1990-2022_processed.csv","1995","T2",2051.1624,220.259688088402,5,0.107382861585412
"1497","KBS_Biomass_1990-2022_processed.csv","1995","T21",1613.5,NA,1,NA
"1498","KBS_Biomass_1990-2022_processed.csv","1995","T3",1511.13716666667,91.214566004376,6,0.0603615396513482
"1499","KBS_Biomass_1990-2022_processed.csv","1995","T4",1157.14066666667,107.177573427778,6,0.0926227696555858
"1500","KBS_Biomass_1990-2022_processed.csv","1995","T6",1011.75044445,207.962243165852,6,0.205546974855942
"1501","KBS_Biomass_1990-2022_processed.csv","1996","T1",1850.66066666667,474.175335985611,6,0.256219492058301
"1502","KBS_Biomass_1990-2022_processed.csv","1996","T2",2035.55066666667,701.458627506617,6,0.344603865181748
"1503","KBS_Biomass_1990-2022_processed.csv","1996","T3",2027.66933333333,237.630473165936,6,0.117193898067832
"1504","KBS_Biomass_1990-2022_processed.csv","1996","T4",1764.546,231.665610447472,6,0.131289074043676
"1505","KBS_Biomass_1990-2022_processed.csv","1996","T6",854.814444466667,48.5837996542255,6,0.0568354921570585
"1506","KBS_Biomass_1990-2022_processed.csv","1997","T1",1046.32933333333,121.516537743085,6,0.116136032768923
"1507","KBS_Biomass_1990-2022_processed.csv","1997","T2",1053.60216666667,123.771647342058,6,0.117474746406075
"1508","KBS_Biomass_1990-2022_processed.csv","1997","T3",935.23,169.219720812912,6,0.18093914952783
"1509","KBS_Biomass_1990-2022_processed.csv","1997","T4",912.568,168.075990661367,6,0.184179141347677
"1510","KBS_Biomass_1990-2022_processed.csv","1997","T6",594.1575,47.858039580618,6,0.0805477328496535
"1511","KBS_Biomass_1990-2022_processed.csv","1998","T1",1297.722,217.276239742867,6,0.16742895608063
"1512","KBS_Biomass_1990-2022_processed.csv","1998","T2",1256.25333333333,147.590384308283,6,0.117484571297947
"1513","KBS_Biomass_1990-2022_processed.csv","1998","T3",950.034,128.997902463567,6,0.135782406170271
"1514","KBS_Biomass_1990-2022_processed.csv","1998","T4",486.354,73.948712334969,6,0.152047093958247
"1515","KBS_Biomass_1990-2022_processed.csv","1998","T6",861.123333333333,62.2286214766853,6,0.072264470219154
"1516","KBS_Biomass_1990-2022_processed.csv","1999","T1",2422.56866666667,614.938520788759,6,0.253837395509157
"1517","KBS_Biomass_1990-2022_processed.csv","1999","T2",2191.26266666667,322.330748090012,6,0.147098179051414
"1518","KBS_Biomass_1990-2022_processed.csv","1999","T3",2730.74533333333,563.626360285843,6,0.206400191700719
"1519","KBS_Biomass_1990-2022_processed.csv","1999","T4",2985.71333333333,793.004782225849,6,0.26559977254766
"1520","KBS_Biomass_1990-2022_processed.csv","1999","T6",190.62,33.7255660886515,6,0.176925643104876
"1521","KBS_Biomass_1990-2022_processed.csv","2000","T1",874.164,103.375908930466,6,0.118256881924291
"1522","KBS_Biomass_1990-2022_processed.csv","2000","T2",1115.71266666667,130.199405157883,6,0.116696179086028
"1523","KBS_Biomass_1990-2022_processed.csv","2000","T3",995.954333333333,112.264449435548,6,0.112720478919764
"1524","KBS_Biomass_1990-2022_processed.csv","2000","T4",1021.09333333333,95.5469835393388,6,0.0935732125754147
"1525","KBS_Biomass_1990-2022_processed.csv","2000","T6",28.178,9.19068424003349,6,0.326165243808414
"1526","KBS_Biomass_1990-2022_processed.csv","2001","T1",1742.192,293.543311126655,6,0.168490792706346
"1527","KBS_Biomass_1990-2022_processed.csv","2001","T2",1432.40866666667,226.054101636459,6,0.157813972295006
"1528","KBS_Biomass_1990-2022_processed.csv","2001","T3",1466.53666666667,100.129953557698,6,0.068276474658684
"1529","KBS_Biomass_1990-2022_processed.csv","2001","T4",1115.84666666667,128.79349572811,6,0.115422216667861
"1530","KBS_Biomass_1990-2022_processed.csv","2001","T6",17.1733333338333,9.80247633119702,6,0.570796370200599
"1531","KBS_Biomass_1990-2022_processed.csv","2002","T1",2252.54433333333,620.551085401248,6,0.275488955408461
"1532","KBS_Biomass_1990-2022_processed.csv","2002","T2",2141.88933333333,337.51765038686,6,0.157579406710801
"1533","KBS_Biomass_1990-2022_processed.csv","2002","T3",2540.30108333333,233.988053773353,6,0.0921103625505363
"1534","KBS_Biomass_1990-2022_processed.csv","2002","T4",1982.57733333333,728.752740345494,6,0.367578468740098
"1535","KBS_Biomass_1990-2022_processed.csv","2002","T6",1200.93333333333,90.4071152126129,6,0.0752807110130562
"1536","KBS_Biomass_1990-2022_processed.csv","2003","T1",515.929666666667,23.3186580888924,6,0.0451973584685491
"1537","KBS_Biomass_1990-2022_processed.csv","2003","T2",462.268333333333,34.5746576652129,6,0.0747934806952951
"1538","KBS_Biomass_1990-2022_processed.csv","2003","T3",384.934666666667,32.0816515701213,6,0.0833431081901032
"1539","KBS_Biomass_1990-2022_processed.csv","2003","T4",322.201333333333,54.797697552604,6,0.170072845402887
"1540","KBS_Biomass_1990-2022_processed.csv","2003","T6",1056.913,87.8385945128905,6,0.0831086328892638
"1541","KBS_Biomass_1990-2022_processed.csv","2004","T1",1168.73666666667,120.63458194509,6,0.103217932136201
"1542","KBS_Biomass_1990-2022_processed.csv","2004","T2",1167.3684,74.8061251689993,5,0.0640809920578622
"1543","KBS_Biomass_1990-2022_processed.csv","2004","T21",913.66,NA,1,NA
"1544","KBS_Biomass_1990-2022_processed.csv","2004","T3",1058.66366666667,45.1264048896726,6,0.0426258181049687
"1545","KBS_Biomass_1990-2022_processed.csv","2004","T4",724.136,74.1696249633231,6,0.102424993320762
"1546","KBS_Biomass_1990-2022_processed.csv","2004","T6",1028.52233333333,112.122606244533,6,0.109013292770373
"1547","KBS_Biomass_1990-2022_processed.csv","2005","T1",2311.15566666667,327.234583469209,6,0.14158915740244
"1548","KBS_Biomass_1990-2022_processed.csv","2005","T2",2476.70766666667,195.083454562058,6,0.0787672510517221
"1549","KBS_Biomass_1990-2022_processed.csv","2005","T3",2231.42233333333,243.045072835198,6,0.108919351215838
"1550","KBS_Biomass_1990-2022_processed.csv","2005","T4",1826.61266666667,344.709073710958,6,0.188714925720956
"1551","KBS_Biomass_1990-2022_processed.csv","2005","T6",919.532666666667,140.751135911106,6,0.153068119288609
"1552","KBS_Biomass_1990-2022_processed.csv","2006","T1",829.989666666667,92.095792202829,6,0.110960167218342
"1553","KBS_Biomass_1990-2022_processed.csv","2006","T2",966.435,41.2393048389519,6,0.0426715762973732
"1554","KBS_Biomass_1990-2022_processed.csv","2006","T3",876.279333333333,84.2376757197554,6,0.0961310766046695
"1555","KBS_Biomass_1990-2022_processed.csv","2006","T4",837.615,68.757411350341,6,0.0820871299467428
"1556","KBS_Biomass_1990-2022_processed.csv","2006","T6",878.024333333333,138.724022279729,6,0.157995646604778
"1557","KBS_Biomass_1990-2022_processed.csv","2007","T1",839.963,152.835431063612,6,0.181954956424999
"1558","KBS_Biomass_1990-2022_processed.csv","2007","T2",1091.65533333333,106.96449294727,6,0.0979837588670573
"1559","KBS_Biomass_1990-2022_processed.csv","2007","T3",745.307,77.9856107830156,6,0.104635553916729
"1560","KBS_Biomass_1990-2022_processed.csv","2007","T4",607.610666666667,82.0723847799409,6,0.135073969701993
"1561","KBS_Biomass_1990-2022_processed.csv","2007","T6",356.973666666667,55.3848539933678,6,0.155151091425141
"1562","KBS_Biomass_1990-2022_processed.csv","2008","T1",1710.58266666667,546.90031259039,6,0.319715804005023
"1563","KBS_Biomass_1990-2022_processed.csv","2008","T2",1926.86533333333,254.195894143605,6,0.131921982167724
"1564","KBS_Biomass_1990-2022_processed.csv","2008","T3",1578.45266666667,314.220245246335,6,0.199068525703654
"1565","KBS_Biomass_1990-2022_processed.csv","2008","T4",1173.54033333333,155.229701654892,6,0.132274705219527
"1566","KBS_Biomass_1990-2022_processed.csv","2008","T6",534.188,54.1589175667313,6,0.101385500173593
"1567","KBS_Biomass_1990-2022_processed.csv","2009","T1",736.191,121.613462299204,6,0.165192813141161
"1568","KBS_Biomass_1990-2022_processed.csv","2009","T2",770.787666666667,28.2603951116517,6,0.0366643063113166
"1569","KBS_Biomass_1990-2022_processed.csv","2009","T3",695.209333333333,49.9079577569216,6,0.0717883885672635
"1570","KBS_Biomass_1990-2022_processed.csv","2009","T4",586.072,121.437199915018,6,0.207205257912028
"1571","KBS_Biomass_1990-2022_processed.csv","2009","T6",251.049666666667,30.8185197156948,6,0.12275865618501
"1572","KBS_Biomass_1990-2022_processed.csv","2010","T1",703.823,163.12996668301,6,0.231776976147426
"1573","KBS_Biomass_1990-2022_processed.csv","2010","T2",1034.43966666667,100.280029959442,6,0.0969414004420194
"1574","KBS_Biomass_1990-2022_processed.csv","2010","T3",834.086,96.3502854629917,6,0.115516008496716
"1575","KBS_Biomass_1990-2022_processed.csv","2010","T4",527.185,72.5762013527851,6,0.137667424818204
"1576","KBS_Biomass_1990-2022_processed.csv","2010","T6",1084.455,64.2854877651248,6,0.0592790736039068
"1577","KBS_Biomass_1990-2022_processed.csv","2011","T1",2878.41533333333,268.254562955911,6,0.0931952244172004
"1578","KBS_Biomass_1990-2022_processed.csv","2011","T2",2853.837,350.332230224397,6,0.122758318090486
"1579","KBS_Biomass_1990-2022_processed.csv","2011","T3",3351.872,437.201529651487,6,0.130435031424675
"1580","KBS_Biomass_1990-2022_processed.csv","2011","T4",1841.83966666667,71.7676806303971,6,0.0389652160984681
"1581","KBS_Biomass_1990-2022_processed.csv","2011","T6",1179.71566666667,59.4050643688454,6,0.050355408550856
"1582","KBS_Biomass_1990-2022_processed.csv","2012","T1",485.163333333333,128.031965100387,6,0.263894561488681
"1583","KBS_Biomass_1990-2022_processed.csv","2012","T2",576.209333333333,103.910945338144,6,0.180335408204906
"1584","KBS_Biomass_1990-2022_processed.csv","2012","T3",504.346,69.4305639095636,6,0.137664547571635
"1585","KBS_Biomass_1990-2022_processed.csv","2012","T4",444.436,64.374390025848,6,0.144845129615621
"1586","KBS_Biomass_1990-2022_processed.csv","2012","T6",912.918,38.7330344383189,6,0.04242772564274
"1587","KBS_Biomass_1990-2022_processed.csv","2013","T1",1162.901,135.274220531482,6,0.116324795087013
"1588","KBS_Biomass_1990-2022_processed.csv","2013","T2",984.885666666667,177.995613983791,6,0.180727184898745
"1589","KBS_Biomass_1990-2022_processed.csv","2013","T3",1004.182,46.4574115680157,6,0.046263935788548
"1590","KBS_Biomass_1990-2022_processed.csv","2013","T4",579.521333333333,62.1007645642682,6,0.107158720468619
"1591","KBS_Biomass_1990-2022_processed.csv","2013","T6",870.273333333333,88.9626622503321,6,0.102223817325973
"1592","KBS_Biomass_1990-2022_processed.csv","2014","T1",2784.861,199.508485977915,6,0.071640374861767
"1593","KBS_Biomass_1990-2022_processed.csv","2014","T2",3231.58066666667,176.62111033358,6,0.0546547119047356
"1594","KBS_Biomass_1990-2022_processed.csv","2014","T3",2804.322,241.740940059395,6,0.0862029895494864
"1595","KBS_Biomass_1990-2022_processed.csv","2014","T4",1693.40966666667,298.271131168718,6,0.176136428792118
"1596","KBS_Biomass_1990-2022_processed.csv","2014","T6",519.265333333333,132.369392387616,6,0.254916675330305
"1597","KBS_Biomass_1990-2022_processed.csv","2015","T1",968.998666666667,52.6153700534992,6,0.0542987022206077
"1598","KBS_Biomass_1990-2022_processed.csv","2015","T2",1022.81066666667,30.8961702394757,6,0.0302071255672041
"1599","KBS_Biomass_1990-2022_processed.csv","2015","T3",1099.39333333333,49.0887680459254,6,0.0446507783498099
"1600","KBS_Biomass_1990-2022_processed.csv","2015","T4",699.183333333333,88.6706444110263,6,0.126820306182489
"1601","KBS_Biomass_1990-2022_processed.csv","2015","T6",372.007,79.0073405475719,6,0.212381327629781
"1602","KBS_Biomass_1990-2022_processed.csv","2016","T1",1781.76733333333,97.4894079060216,6,0.0547150046373553
"1603","KBS_Biomass_1990-2022_processed.csv","2016","T2",1917.11766666667,136.743879514466,6,0.0713278490371564
"1604","KBS_Biomass_1990-2022_processed.csv","2016","T3",1381.82633333333,197.418022777726,6,0.142867463164854
"1605","KBS_Biomass_1990-2022_processed.csv","2016","T4",829.778666666667,83.9095410800623,6,0.101122798706236
"1606","KBS_Biomass_1990-2022_processed.csv","2016","T6",1791.55566666667,98.125345092217,6,0.054771027726304
"1607","KBS_Biomass_1990-2022_processed.csv","2017","T1",2439.26,303.110383325943,6,0.124263253333365
"1608","KBS_Biomass_1990-2022_processed.csv","2017","T2",2513.088,152.796195921234,6,0.0608001772803951
"1609","KBS_Biomass_1990-2022_processed.csv","2017","T3",2310.27933333333,238.208216424763,6,0.103107971831731
"1610","KBS_Biomass_1990-2022_processed.csv","2017","T4",845.77,250.635623996271,6,0.296340168126406
"1611","KBS_Biomass_1990-2022_processed.csv","2017","T6",668.661666666667,75.7949785188087,6,0.11335325815319
"1612","KBS_Biomass_1990-2022_processed.csv","2018","T1",981.302,80.249266174838,6,0.0817783579110589
"1613","KBS_Biomass_1990-2022_processed.csv","2018","T2",942.634,100.238601730072,6,0.106338835359293
"1614","KBS_Biomass_1990-2022_processed.csv","2018","T3",1035.894,174.678474758626,6,0.168625819590254
"1615","KBS_Biomass_1990-2022_processed.csv","2018","T4",1047.32366666667,119.143855290429,6,0.113760300738386
"1616","KBS_Biomass_1990-2022_processed.csv","2019","T1",1572.93666666667,57.9888579458732,6,0.0368666197277745
"1617","KBS_Biomass_1990-2022_processed.csv","2019","T2",1574.187,73.9180282718634,6,0.0469563198475552
"1618","KBS_Biomass_1990-2022_processed.csv","2019","T3",1325.56333333333,54.9048520940241,6,0.0414200142032878
"1619","KBS_Biomass_1990-2022_processed.csv","2019","T4",641.098666666667,69.8581827609813,6,0.10896635166035
"1620","KBS_Biomass_1990-2022_processed.csv","2020","T1",2006.34233333333,511.463575789192,6,0.254923383358735
"1621","KBS_Biomass_1990-2022_processed.csv","2020","T2",2558.346,333.857894818739,6,0.130497553817482
"1622","KBS_Biomass_1990-2022_processed.csv","2020","T3",2514.60933333333,280.453983224818,6,0.111529842630884
"1623","KBS_Biomass_1990-2022_processed.csv","2020","T4",1846.15266666667,335.098380256704,6,0.181511738604881
"1624","KBS_Biomass_1990-2022_processed.csv","2020","T6",664.778,126.9179584393,6,0.190917807808472
"1625","KBS_Biomass_1990-2022_processed.csv","2021","T1",1334.01366666667,86.5477268139762,6,0.0648776912685124
"1626","KBS_Biomass_1990-2022_processed.csv","2021","T2",1175.972,61.8590870802342,6,0.0526025169648888
"1627","KBS_Biomass_1990-2022_processed.csv","2021","T3",1055.503,99.7678308534369,6,0.0945215985681111
"1628","KBS_Biomass_1990-2022_processed.csv","2021","T4",675.078,165.082938466699,6,0.244539058400213
"1629","KBS_Biomass_1990-2022_processed.csv","2021","T6",435.338666666667,73.1313612034308,6,0.167987286227958
"1630","KBS_Biomass_1990-2022_processed.csv","2022","T1",385.558,61.7736959684298,6,0.160218944927689
"1631","KBS_Biomass_1990-2022_processed.csv","2022","T2",427.366666666667,23.6244625984734,6,0.0552791418730365
"1632","KBS_Biomass_1990-2022_processed.csv","2022","T3",359.870666666667,18.0753377912189,6,0.0502273162707128
"1633","KBS_Biomass_1990-2022_processed.csv","2022","T4",176.042333333333,27.9491141445783,6,0.15876359745617
"1634","KBS_Biomass_1990-2022_processed.csv","2022","T6",1207.64566666667,143.299265189556,6,0.118660025158778
"1635","KNZ_Biomass_1986-2021_processed.csv","1986","b m c",16.2925,6.39731909995638,4,0.392654233540364
"1636","KNZ_Biomass_1986-2021_processed.csv","1986","b m n",24.96,5.89443240128626,4,0.236155144282302
"1637","KNZ_Biomass_1986-2021_processed.csv","1986","b m n+p",21.4575,10.6693341716654,4,0.497230999495066
"1638","KNZ_Biomass_1986-2021_processed.csv","1986","b m p",15.1775,8.10803870653481,4,0.534214376974786
"1639","KNZ_Biomass_1986-2021_processed.csv","1986","b u c",35.2375,24.2696289973017,4,0.688744348983375
"1640","KNZ_Biomass_1986-2021_processed.csv","1986","b u n",63.1475,54.1701420679941,4,0.857835101437018
"1641","KNZ_Biomass_1986-2021_processed.csv","1986","b u n+p",37.31,22.9993739045218,4,0.616439933115032
"1642","KNZ_Biomass_1986-2021_processed.csv","1986","b u p",30.96,14.9028520760289,4,0.481358271189565
"1643","KNZ_Biomass_1986-2021_processed.csv","1986","u m c",14.47,7.3762095053399,4,0.509758777148576
"1644","KNZ_Biomass_1986-2021_processed.csv","1986","u m n",17.5575,10.1238575487147,4,0.576611564785115
"1645","KNZ_Biomass_1986-2021_processed.csv","1986","u m n+p",13.19,9.33795837786112,4,0.707957420611154
"1646","KNZ_Biomass_1986-2021_processed.csv","1986","u m p",15.2425,8.98177552974169,4,0.589258686550218
"1647","KNZ_Biomass_1986-2021_processed.csv","1986","u u c",36.9975,14.243897816258,4,0.38499622450863
"1648","KNZ_Biomass_1986-2021_processed.csv","1986","u u n",34.905,8.94715410992046,4,0.256328723962769
"1649","KNZ_Biomass_1986-2021_processed.csv","1986","u u n+p",35.525,28.1523018597059,4,0.792464513995944
"1650","KNZ_Biomass_1986-2021_processed.csv","1986","u u p",38.705,22.7280069517765,4,0.587211134266283
"1651","KNZ_Biomass_1986-2021_processed.csv","1987","b m c",14.2858333333333,5.98973357782576,12,0.419277856465666
"1652","KNZ_Biomass_1986-2021_processed.csv","1987","b m n",23.96875,12.8858585499059,12,0.537610786958262
"1653","KNZ_Biomass_1986-2021_processed.csv","1987","b m n+p",20.8516666666667,6.08515045505089,12,0.291830411080692
"1654","KNZ_Biomass_1986-2021_processed.csv","1987","b m p",13.4358333333333,3.56107097867362,12,0.265042806823069
"1655","KNZ_Biomass_1986-2021_processed.csv","1987","b u c",36.785625,14.0464933187458,8,0.38184734712937
"1656","KNZ_Biomass_1986-2021_processed.csv","1987","b u n",45.6875,22.038130430169,8,0.482366739921621
"1657","KNZ_Biomass_1986-2021_processed.csv","1987","b u n+p",44.3475,17.1666042070061,8,0.387092941135489
"1658","KNZ_Biomass_1986-2021_processed.csv","1987","b u p",33.528125,20.7201299529674,8,0.61799250488858
"1659","KNZ_Biomass_1986-2021_processed.csv","1987","u m c",12.6708333333333,3.75041987548384,12,0.295988415033253
"1660","KNZ_Biomass_1986-2021_processed.csv","1987","u m n",21.8333333333333,10.5538044267832,12,0.483380355425183
"1661","KNZ_Biomass_1986-2021_processed.csv","1987","u m n+p",23.73625,9.52084104502041,12,0.401109739112978
"1662","KNZ_Biomass_1986-2021_processed.csv","1987","u m p",12.1820833333333,3.4186643180776,12,0.280630514874516
"1663","KNZ_Biomass_1986-2021_processed.csv","1987","u u c",21.740625,10.7116080017028,8,0.4927000949468
"1664","KNZ_Biomass_1986-2021_processed.csv","1987","u u n",36.079375,18.4497252084647,8,0.511364878367895
"1665","KNZ_Biomass_1986-2021_processed.csv","1987","u u n+p",34.60625,19.9231064255265,8,0.575708330880305
"1666","KNZ_Biomass_1986-2021_processed.csv","1987","u u p",24.799375,11.4084950921608,8,0.460031556930802
"1667","KNZ_Biomass_1986-2021_processed.csv","1988","b m c",11.35375,3.33747003731869,4,0.293953102483205
"1668","KNZ_Biomass_1986-2021_processed.csv","1988","b m n",35.2275,10.0473002178031,4,0.285211843525743
"1669","KNZ_Biomass_1986-2021_processed.csv","1988","b m n+p",26.97875,12.8012449752618,4,0.47449362832829
"1670","KNZ_Biomass_1986-2021_processed.csv","1988","b m p",15.6675,4.21273960742888,4,0.268883970475754
"1671","KNZ_Biomass_1986-2021_processed.csv","1988","b u c",26.8775,12.4391267780339,4,0.462808177026654
"1672","KNZ_Biomass_1986-2021_processed.csv","1988","b u n",48.945,9.04757241842621,4,0.184851821808687
"1673","KNZ_Biomass_1986-2021_processed.csv","1988","b u n+p",48.46875,8.16226109910728,4,0.168402550078293
"1674","KNZ_Biomass_1986-2021_processed.csv","1988","b u p",23.205,16.9680680495257,4,0.73122465199421
"1675","KNZ_Biomass_1986-2021_processed.csv","1988","u m c",11.5375,4.19533173102358,4,0.363625718831947
"1676","KNZ_Biomass_1986-2021_processed.csv","1988","u m n",21.74625,18.5756185966982,4,0.854198705372108
"1677","KNZ_Biomass_1986-2021_processed.csv","1988","u m n+p",25.98375,2.18128927853842,4,0.0839482091129425
"1678","KNZ_Biomass_1986-2021_processed.csv","1988","u m p",13.47125,7.31004830695393,4,0.542640683452087
"1679","KNZ_Biomass_1986-2021_processed.csv","1988","u u c",26.29125,19.0718432840143,4,0.725406486341055
"1680","KNZ_Biomass_1986-2021_processed.csv","1988","u u n",39.1525,23.3659012594564,4,0.596792063328176
"1681","KNZ_Biomass_1986-2021_processed.csv","1988","u u n+p",38.7075,13.299082988437,4,0.343578970185028
"1682","KNZ_Biomass_1986-2021_processed.csv","1988","u u p",25.72,7.51675018431059,4,0.292253117585948
"1683","KNZ_Biomass_1986-2021_processed.csv","1989","b m c",8.543,4.63302648864049,10,0.542318446522357
"1684","KNZ_Biomass_1986-2021_processed.csv","1989","b m n",15.315,8.33361232866303,10,0.54414706684055
"1685","KNZ_Biomass_1986-2021_processed.csv","1989","b m n+p",22.396,17.5092795714476,10,0.781803874417198
"1686","KNZ_Biomass_1986-2021_processed.csv","1989","b m p",7.574,4.84341064402624,10,0.63947856403832
"1687","KNZ_Biomass_1986-2021_processed.csv","1989","b u c",17.576,13.795833670593,10,0.784924537471152
"1688","KNZ_Biomass_1986-2021_processed.csv","1989","b u n",20.528,6.74814838801479,10,0.32872897447461
"1689","KNZ_Biomass_1986-2021_processed.csv","1989","b u n+p",29.4288888888889,14.2251137468602,9,0.483372437218688
"1690","KNZ_Biomass_1986-2021_processed.csv","1989","b u p",14.258,4.82040523884317,10,0.338084250164341
"1691","KNZ_Biomass_1986-2021_processed.csv","1989","u m c",9.127,5.55875695537131,10,0.609045355031369
"1692","KNZ_Biomass_1986-2021_processed.csv","1989","u m n",25.893,28.4603869146808,10,1.09915370620171
"1693","KNZ_Biomass_1986-2021_processed.csv","1989","u m n+p",18.821,10.1042251338515,10,0.536859100677512
"1694","KNZ_Biomass_1986-2021_processed.csv","1989","u m p",10.048,4.65318242353195,10,0.463095384507559
"1695","KNZ_Biomass_1986-2021_processed.csv","1989","u u c",17.366,7.14939033919832,10,0.41168895192896
"1696","KNZ_Biomass_1986-2021_processed.csv","1989","u u n",19.766,8.49182378003166,10,0.429617716282083
"1697","KNZ_Biomass_1986-2021_processed.csv","1989","u u n+p",38.083,14.4691872228156,10,0.379938219752004
"1698","KNZ_Biomass_1986-2021_processed.csv","1989","u u p",19.642,15.3331020272409,10,0.780628348805664
"1699","KNZ_Biomass_1986-2021_processed.csv","1990","b m c",14.4775,4.82011188370442,8,0.332938137365182
"1700","KNZ_Biomass_1986-2021_processed.csv","1990","b m n",29.28625,15.4445570047,8,0.527365470304325
"1701","KNZ_Biomass_1986-2021_processed.csv","1990","b m n+p",39.90875,31.5060150436162,8,0.789451311895667
"1702","KNZ_Biomass_1986-2021_processed.csv","1990","b m p",12.46625,4.13172028336866,8,0.331432490393555
"1703","KNZ_Biomass_1986-2021_processed.csv","1990","b u c",27.02,13.6184017662377,4,0.504011908446992
"1704","KNZ_Biomass_1986-2021_processed.csv","1990","b u n",59.1025,25.888910592504,4,0.43803410333749
"1705","KNZ_Biomass_1986-2021_processed.csv","1990","b u n+p",69.4825,28.8701199339386,4,0.415502031935216
"1706","KNZ_Biomass_1986-2021_processed.csv","1990","b u p",35.7,13.5878695901896,4,0.380612593562735
"1707","KNZ_Biomass_1986-2021_processed.csv","1990","u m c",15.03875,5.52278510872394,8,0.367236978387428
"1708","KNZ_Biomass_1986-2021_processed.csv","1990","u m n",25.8125,13.7612662934775,8,0.533124117907119
"1709","KNZ_Biomass_1986-2021_processed.csv","1990","u m n+p",30.1575,12.0047106825374,8,0.39806717010818
"1710","KNZ_Biomass_1986-2021_processed.csv","1990","u m p",14.79,6.20876339194391,8,0.419794685053679
"1711","KNZ_Biomass_1986-2021_processed.csv","1990","u u c",22.95,13.259580184405,4,0.577759485159261
"1712","KNZ_Biomass_1986-2021_processed.csv","1990","u u n",44.6575,18.3308271771898,4,0.410475892676254
"1713","KNZ_Biomass_1986-2021_processed.csv","1990","u u n+p",78.5075,51.7329768297424,4,0.658955855551921
"1714","KNZ_Biomass_1986-2021_processed.csv","1990","u u p",19.8275,11.0541707815044,4,0.557517124272069
"1715","KNZ_Biomass_1986-2021_processed.csv","1991","b m c",13.0885714285714,5.75181834602887,7,0.439453486380726
"1716","KNZ_Biomass_1986-2021_processed.csv","1991","b m n",29.29,17.327913071936,8,0.591598261247389
"1717","KNZ_Biomass_1986-2021_processed.csv","1991","b m n+p",36.5925,23.6185167975105,8,0.645446930313876
"1718","KNZ_Biomass_1986-2021_processed.csv","1991","b m p",12.87375,7.61326462263632,8,0.591378939519279
"1719","KNZ_Biomass_1986-2021_processed.csv","1991","b u c",27.255,28.2671652864827,4,1.03713686613402
"1720","KNZ_Biomass_1986-2021_processed.csv","1991","b u n",52.4775,50.0221180245965,4,0.953210766987691
"1721","KNZ_Biomass_1986-2021_processed.csv","1991","b u n+p",72.94,48.5615053308688,4,0.665773311363707
"1722","KNZ_Biomass_1986-2021_processed.csv","1991","b u p",18.3075,8.88967331608236,4,0.48557549179748
"1723","KNZ_Biomass_1986-2021_processed.csv","1991","u m c",13.3177777777778,9.67641433819596,9,0.7265787505737
"1724","KNZ_Biomass_1986-2021_processed.csv","1991","u m n",32.1025,19.2697325580077,8,0.600256446009118
"1725","KNZ_Biomass_1986-2021_processed.csv","1991","u m n+p",29.11,11.0884547422726,8,0.38091565586646
"1726","KNZ_Biomass_1986-2021_processed.csv","1991","u m p",20.865,10.8321017614971,8,0.5191517738556
"1727","KNZ_Biomass_1986-2021_processed.csv","1991","u u c",22.715,23.7143789011365,4,1.04399642972205
"1728","KNZ_Biomass_1986-2021_processed.csv","1991","u u n",49.3075,31.0227372261056,4,0.629168731452733
"1729","KNZ_Biomass_1986-2021_processed.csv","1991","u u n+p",47.845,15.6491842172896,4,0.327080869835712
"1730","KNZ_Biomass_1986-2021_processed.csv","1991","u u p",25.27,16.4914563739329,4,0.652610066241905
"1731","KNZ_Biomass_1986-2021_processed.csv","1992","b m c",16.9625,2.85291204611308,8,0.168189361598413
"1732","KNZ_Biomass_1986-2021_processed.csv","1992","b m n",38.8625,11.9086328230526,8,0.306429921468063
"1733","KNZ_Biomass_1986-2021_processed.csv","1992","b m n+p",37.228125,13.3780833395254,8,0.359354207055159
"1734","KNZ_Biomass_1986-2021_processed.csv","1992","b m p",17.95625,5.68233085349414,8,0.316454206947115
"1735","KNZ_Biomass_1986-2021_processed.csv","1992","b u c",30.6125,5.8465623802938,4,0.19098611287199
"1736","KNZ_Biomass_1986-2021_processed.csv","1992","b u n",110.3125,39.9056465302844,4,0.36175090339068
"1737","KNZ_Biomass_1986-2021_processed.csv","1992","b u n+p",89.225,19.097752921919,4,0.214040380184018
"1738","KNZ_Biomass_1986-2021_processed.csv","1992","b u p",34.50375,12.4564396832856,4,0.361016981727657
"1739","KNZ_Biomass_1986-2021_processed.csv","1992","u m c",17.6875,6.99452592082858,8,0.395450228739425
"1740","KNZ_Biomass_1986-2021_processed.csv","1992","u m n",35.01875,13.5668960946437,8,0.387418057316256
"1741","KNZ_Biomass_1986-2021_processed.csv","1992","u m n+p",30.479375,9.30107537465427,8,0.305159648931589
"1742","KNZ_Biomass_1986-2021_processed.csv","1992","u m p",20.151875,4.98539576986049,8,0.247391161857668
"1743","KNZ_Biomass_1986-2021_processed.csv","1992","u u c",20.85,4.93305179376823,4,0.236597208334208
"1744","KNZ_Biomass_1986-2021_processed.csv","1992","u u n",67.5875,26.2914236650154,4,0.388998315739085
"1745","KNZ_Biomass_1986-2021_processed.csv","1992","u u n+p",49.6625,14.6761356743979,4,0.295517456318104
"1746","KNZ_Biomass_1986-2021_processed.csv","1992","u u p",23.2,10.3772989420819,4,0.447297368193184
"1747","KNZ_Biomass_1986-2021_processed.csv","1993","b m c",23.068125,5.548022773604,8,0.240506013107004
"1748","KNZ_Biomass_1986-2021_processed.csv","1993","b m n",40.828125,15.9616580631525,8,0.39094761425249
"1749","KNZ_Biomass_1986-2021_processed.csv","1993","b m n+p",45.656875,16.094235644545,8,0.352504100303514
"1750","KNZ_Biomass_1986-2021_processed.csv","1993","b m p",22.040625,4.79181850173516,8,0.217408467397597
"1751","KNZ_Biomass_1986-2021_processed.csv","1993","b u c",30.39875,12.6151650636578,4,0.414989598705797
"1752","KNZ_Biomass_1986-2021_processed.csv","1993","b u n",126.20625,26.6079773047483,4,0.210829315542996
"1753","KNZ_Biomass_1986-2021_processed.csv","1993","b u n+p",158.96625,78.8205725445458,4,0.495832118733038
"1754","KNZ_Biomass_1986-2021_processed.csv","1993","b u p",37.0125,14.1241740171476,4,0.381605512114761
"1755","KNZ_Biomass_1986-2021_processed.csv","1993","u m c",16.9525,3.72569073173974,8,0.219772348133888
"1756","KNZ_Biomass_1986-2021_processed.csv","1993","u m n",30.96625,11.0159237826754,8,0.35573967731564
"1757","KNZ_Biomass_1986-2021_processed.csv","1993","u m n+p",30.015,6.24148219576088,8,0.207945433808458
"1758","KNZ_Biomass_1986-2021_processed.csv","1993","u m p",21.678125,5.43007428093102,8,0.250486344226312
"1759","KNZ_Biomass_1986-2021_processed.csv","1993","u u c",24.48125,9.26744424945015,4,0.378552739318873
"1760","KNZ_Biomass_1986-2021_processed.csv","1993","u u n",30.13375,11.6367137220953,4,0.386168788222351
"1761","KNZ_Biomass_1986-2021_processed.csv","1993","u u n+p",57.15125,28.2559820731233,4,0.494407070241216
"1762","KNZ_Biomass_1986-2021_processed.csv","1993","u u p",36.57875,20.8689930978154,4,0.570522314125425
"1763","KNZ_Biomass_1986-2021_processed.csv","1994","b m c",17.325625,2.57874476316898,8,0.148839927169668
"1764","KNZ_Biomass_1986-2021_processed.csv","1994","b m n",38.21375,14.6583162037313,8,0.383587483660496
"1765","KNZ_Biomass_1986-2021_processed.csv","1994","b m n+p",35.265625,11.0563932498997,8,0.313517575539913
"1766","KNZ_Biomass_1986-2021_processed.csv","1994","b m p",15.2725,5.59844110955388,8,0.366570051370364
"1767","KNZ_Biomass_1986-2021_processed.csv","1994","b u c",28.07625,15.3574479080998,4,0.546990709517825
"1768","KNZ_Biomass_1986-2021_processed.csv","1994","b u n",75.74125,28.5679153874295,4,0.377177764922411
"1769","KNZ_Biomass_1986-2021_processed.csv","1994","b u n+p",87.6125,14.6839336805004,4,0.167600898051081
"1770","KNZ_Biomass_1986-2021_processed.csv","1994","b u p",26.2625,2.06680308689531,4,0.0786978805100548
"1771","KNZ_Biomass_1986-2021_processed.csv","1994","u m c",17.4422222222222,7.11765766909623,9,0.40807057600883
"1772","KNZ_Biomass_1986-2021_processed.csv","1994","u m n",26.645625,8.86618553731777,8,0.33274451386739
"1773","KNZ_Biomass_1986-2021_processed.csv","1994","u m n+p",26.35,3.84282819957236,8,0.145837882336712
"1774","KNZ_Biomass_1986-2021_processed.csv","1994","u m p",19.88875,6.03710417217678,8,0.303543670274742
"1775","KNZ_Biomass_1986-2021_processed.csv","1994","u u c",27.97625,13.462690032704,4,0.481218534746578
"1776","KNZ_Biomass_1986-2021_processed.csv","1994","u u n",68.52625,49.2726545822664,4,0.719033284066564
"1777","KNZ_Biomass_1986-2021_processed.csv","1994","u u n+p",74.355,36.2262927075534,4,0.487207218177034
"1778","KNZ_Biomass_1986-2021_processed.csv","1994","u u p",41.005,14.2957295488315,4,0.348633814140507
"1779","KNZ_Biomass_1986-2021_processed.csv","1995","b m c",21.894375,10.7871416303658,8,0.492690091878203
"1780","KNZ_Biomass_1986-2021_processed.csv","1995","b m n",39.38625,12.8477123450052,8,0.326197907772516
"1781","KNZ_Biomass_1986-2021_processed.csv","1995","b m n+p",41.794375,11.7588244788754,8,0.281349451424395
"1782","KNZ_Biomass_1986-2021_processed.csv","1995","b m p",17.67,6.55333502882311,8,0.370873516062428
"1783","KNZ_Biomass_1986-2021_processed.csv","1995","b u c",35.9325,7.88762374440701,4,0.219512245026286
"1784","KNZ_Biomass_1986-2021_processed.csv","1995","b u n",101.5775,25.3996182714098,4,0.250051618433312
"1785","KNZ_Biomass_1986-2021_processed.csv","1995","b u n+p",142.61875,34.7133339834998,4,0.243399510818176
"1786","KNZ_Biomass_1986-2021_processed.csv","1995","b u p",34.26625,9.33396876557163,4,0.27239539679923
"1787","KNZ_Biomass_1986-2021_processed.csv","1995","u m c",20.056875,6.77632693252241,8,0.337855569849361
"1788","KNZ_Biomass_1986-2021_processed.csv","1995","u m n",31.349375,17.1350573048148,8,0.546583697595718
"1789","KNZ_Biomass_1986-2021_processed.csv","1995","u m n+p",31.31125,6.53821827520967,8,0.208813709935236
"1790","KNZ_Biomass_1986-2021_processed.csv","1995","u m p",20.730625,8.85625986742065,8,0.427206602184963
"1791","KNZ_Biomass_1986-2021_processed.csv","1995","u u c",32.04125,12.4491220406635,4,0.38853421887921
"1792","KNZ_Biomass_1986-2021_processed.csv","1995","u u n",63.2925,30.2031589131556,4,0.477199651035362
"1793","KNZ_Biomass_1986-2021_processed.csv","1995","u u n+p",64.45875,22.6714417917491,4,0.351720158888422
"1794","KNZ_Biomass_1986-2021_processed.csv","1995","u u p",32.9225,10.149041416147,4,0.308270678598131
"1795","KNZ_Biomass_1986-2021_processed.csv","1996","b m c",18.691875,10.4008845563044,8,0.55643880329311
"1796","KNZ_Biomass_1986-2021_processed.csv","1996","b m n",35.639375,12.9845692589044,8,0.364332125883364
"1797","KNZ_Biomass_1986-2021_processed.csv","1996","b m n+p",42.255,16.6928808606715,8,0.395051020250182
"1798","KNZ_Biomass_1986-2021_processed.csv","1996","b m p",26.564375,13.8738820495563,8,0.522273987231255
"1799","KNZ_Biomass_1986-2021_processed.csv","1996","b u c",33.48875,7.11682791581568,4,0.212513990991473
"1800","KNZ_Biomass_1986-2021_processed.csv","1996","b u n",90.725,19.8500856421326,4,0.218793999913283
"1801","KNZ_Biomass_1986-2021_processed.csv","1996","b u n+p",99.67,8.05536570657513,4,0.0808203642678352
"1802","KNZ_Biomass_1986-2021_processed.csv","1996","b u p",32.01375,5.16656296938948,4,0.161385747355105
"1803","KNZ_Biomass_1986-2021_processed.csv","1996","u m c",17.929375,2.63164456661609,8,0.146778377194748
"1804","KNZ_Biomass_1986-2021_processed.csv","1996","u m n",35.04875,27.9616373358214,8,0.797792712602343
"1805","KNZ_Biomass_1986-2021_processed.csv","1996","u m n+p",35.835625,8.47496626099479,8,0.236495561637192
"1806","KNZ_Biomass_1986-2021_processed.csv","1996","u m p",20.86625,3.18418384923269,8,0.152599717209977
"1807","KNZ_Biomass_1986-2021_processed.csv","1996","u u c",34.735,17.3890909288937,4,0.500621590007016
"1808","KNZ_Biomass_1986-2021_processed.csv","1996","u u n",49.91125,23.4328453155679,4,0.469490251507785
"1809","KNZ_Biomass_1986-2021_processed.csv","1996","u u n+p",76.405,21.5762624196129,4,0.282393330536129
"1810","KNZ_Biomass_1986-2021_processed.csv","1996","u u p",31.295,27.8951384653312,4,0.891360871236018
"1811","KNZ_Biomass_1986-2021_processed.csv","1997","b m c",21.00125,7.85918377713978,8,0.374224571258367
"1812","KNZ_Biomass_1986-2021_processed.csv","1997","b m n",40.040625,18.4692552323933,8,0.461262910666186
"1813","KNZ_Biomass_1986-2021_processed.csv","1997","b m n+p",40.48375,19.9494304877536,8,0.492776249427329
"1814","KNZ_Biomass_1986-2021_processed.csv","1997","b m p",18.501875,7.65825415459872,8,0.413917732910784
"1815","KNZ_Biomass_1986-2021_processed.csv","1997","b u c",29.46,17.6595191516266,4,0.599440568622763
"1816","KNZ_Biomass_1986-2021_processed.csv","1997","b u n",59.38875,11.9641745606066,4,0.201455234545375
"1817","KNZ_Biomass_1986-2021_processed.csv","1997","b u n+p",50.53625,24.8989197807857,4,0.492694249786751
"1818","KNZ_Biomass_1986-2021_processed.csv","1997","b u p",17.68375,1.82241769361472,4,0.103056065235865
"1819","KNZ_Biomass_1986-2021_processed.csv","1997","u m c",16.97,2.33035711548987,8,0.137322163552733
"1820","KNZ_Biomass_1986-2021_processed.csv","1997","u m n",33.17,23.1420334950435,8,0.697679635063114
"1821","KNZ_Biomass_1986-2021_processed.csv","1997","u m n+p",29.955625,7.17214126100826,8,0.239425525623594
"1822","KNZ_Biomass_1986-2021_processed.csv","1997","u m p",18.488125,5.30574078408069,8,0.286981009922893
"1823","KNZ_Biomass_1986-2021_processed.csv","1997","u u c",23.6525,6.4567722844571,4,0.272984770508703
"1824","KNZ_Biomass_1986-2021_processed.csv","1997","u u n",35.7775,18.0021593612174,4,0.503169851476973
"1825","KNZ_Biomass_1986-2021_processed.csv","1997","u u n+p",72.44875,37.2517890789601,4,0.514181253354407
"1826","KNZ_Biomass_1986-2021_processed.csv","1997","u u p",27.0025,7.47416717768608,4,0.276795377379357
"1827","KNZ_Biomass_1986-2021_processed.csv","1998","b m c",17.885,8.14641463642574,8,0.4554886573344
"1828","KNZ_Biomass_1986-2021_processed.csv","1998","b m n",35.39375,13.497538333764,8,0.381353723009401
"1829","KNZ_Biomass_1986-2021_processed.csv","1998","b m n+p",41.720625,11.8755671857029,8,0.284644997185514
"1830","KNZ_Biomass_1986-2021_processed.csv","1998","b m p",20.264375,5.77800845416728,8,0.285131342771108
"1831","KNZ_Biomass_1986-2021_processed.csv","1998","b u c",21.68,6.83321666567071,4,0.315185270556767
"1832","KNZ_Biomass_1986-2021_processed.csv","1998","b u n",65.14,16.754252693968,4,0.257203756431808
"1833","KNZ_Biomass_1986-2021_processed.csv","1998","b u n+p",42.4675,7.19619633324902,4,0.169451847489233
"1834","KNZ_Biomass_1986-2021_processed.csv","1998","b u p",20.97375,5.76958313774343,4,0.275085911567718
"1835","KNZ_Biomass_1986-2021_processed.csv","1998","u m c",16.931875,3.40985225643492,8,0.20138657156605
"1836","KNZ_Biomass_1986-2021_processed.csv","1998","u m n",27.63,18.2323239252237,8,0.659874192009545
"1837","KNZ_Biomass_1986-2021_processed.csv","1998","u m n+p",27.0475,8.89848662895631,8,0.328994791716658
"1838","KNZ_Biomass_1986-2021_processed.csv","1998","u m p",17.205,4.00994834309442,8,0.233068779023216
"1839","KNZ_Biomass_1986-2021_processed.csv","1998","u u c",21.28,5.33154605469495,4,0.250542577758222
"1840","KNZ_Biomass_1986-2021_processed.csv","1998","u u n",46.7925,23.7354006005095,4,0.507247969236726
"1841","KNZ_Biomass_1986-2021_processed.csv","1998","u u n+p",30.54875,8.72652028302232,4,0.285658833275415
"1842","KNZ_Biomass_1986-2021_processed.csv","1998","u u p",22.20875,7.97082009059712,4,0.358904489923887
"1843","KNZ_Biomass_1986-2021_processed.csv","1999","b m c",22.493125,7.45362037512165,8,0.331373269615567
"1844","KNZ_Biomass_1986-2021_processed.csv","1999","b m n",38.849375,14.5327655507674,8,0.374079777364948
"1845","KNZ_Biomass_1986-2021_processed.csv","1999","b m n+p",51.724375,19.8633843752591,8,0.384023671146516
"1846","KNZ_Biomass_1986-2021_processed.csv","1999","b m p",20.41875,7.41969230686633,8,0.363376421517788
"1847","KNZ_Biomass_1986-2021_processed.csv","1999","b u c",22.945,9.17771122520933,4,0.399987414478506
"1848","KNZ_Biomass_1986-2021_processed.csv","1999","b u n",86.395,34.2934221097866,4,0.396937578676852
"1849","KNZ_Biomass_1986-2021_processed.csv","1999","b u n+p",57.0725,33.9974777250705,4,0.595689302642613
"1850","KNZ_Biomass_1986-2021_processed.csv","1999","b u p",22.7125,6.44609765672224,4,0.283812775199658
"1851","KNZ_Biomass_1986-2021_processed.csv","1999","u m c",16.288125,3.66509884635755,8,0.22501662078094
"1852","KNZ_Biomass_1986-2021_processed.csv","1999","u m n",27.611875,12.1898927504657,8,0.441472835526951
"1853","KNZ_Biomass_1986-2021_processed.csv","1999","u m n+p",27.771875,3.09208082677114,8,0.111338569209718
"1854","KNZ_Biomass_1986-2021_processed.csv","1999","u m p",21.738125,5.49981878759915,8,0.253003365635221
"1855","KNZ_Biomass_1986-2021_processed.csv","1999","u u c",18.43,3.99910615012905,4,0.216988939236519
"1856","KNZ_Biomass_1986-2021_processed.csv","1999","u u n",30.565,13.8675081876065,4,0.453705486262277
"1857","KNZ_Biomass_1986-2021_processed.csv","1999","u u n+p",26.37,7.39047698054733,4,0.280260788037441
"1858","KNZ_Biomass_1986-2021_processed.csv","1999","u u p",16.53125,7.17662568690886,4,0.434124805257246
"1859","KNZ_Biomass_1986-2021_processed.csv","2000","b m c",14.855,9.07408555014931,8,0.61084386066303
"1860","KNZ_Biomass_1986-2021_processed.csv","2000","b m n",35.9375,21.0034947772304,8,0.584445072062062
"1861","KNZ_Biomass_1986-2021_processed.csv","2000","b m n+p",43.07375,34.0208283629308,8,0.789827409104869
"1862","KNZ_Biomass_1986-2021_processed.csv","2000","b m p",15.733125,7.08676227579079,8,0.45043577012137
"1863","KNZ_Biomass_1986-2021_processed.csv","2000","b u c",17.2575,6.65173473614214,4,0.385440228082987
"1864","KNZ_Biomass_1986-2021_processed.csv","2000","b u n",83.99625,35.1520524234835,4,0.418495497399985
"1865","KNZ_Biomass_1986-2021_processed.csv","2000","b u n+p",70.2025,25.121134030931,4,0.357838168597002
"1866","KNZ_Biomass_1986-2021_processed.csv","2000","b u p",23.23125,10.6065949413561,4,0.456565830136392
"1867","KNZ_Biomass_1986-2021_processed.csv","2000","u m c",13.3875,7.91748246423246,8,0.591408587430996
"1868","KNZ_Biomass_1986-2021_processed.csv","2000","u m n",28.745625,11.4269554242527,8,0.39751981124963
"1869","KNZ_Biomass_1986-2021_processed.csv","2000","u m n+p",29.828125,14.590321385254,8,0.489146447698405
"1870","KNZ_Biomass_1986-2021_processed.csv","2000","u m p",16.335,11.3029563136629,8,0.691947126639907
"1871","KNZ_Biomass_1986-2021_processed.csv","2000","u u c",91.395,156.715092072631,4,1.71470093629445
"1872","KNZ_Biomass_1986-2021_processed.csv","2000","u u n",46.15,23.5848793368407,4,0.511048306323741
"1873","KNZ_Biomass_1986-2021_processed.csv","2000","u u n+p",31.71875,18.2332769842213,4,0.574842230044415
"1874","KNZ_Biomass_1986-2021_processed.csv","2000","u u p",14.07875,7.16977379350283,4,0.509262100222167
"1875","KNZ_Biomass_1986-2021_processed.csv","2001","b m c",21.773125,11.6023762767744,8,0.532876023849328
"1876","KNZ_Biomass_1986-2021_processed.csv","2001","b m n",44.51375,7.32344559323976,8,0.164520975951021
"1877","KNZ_Biomass_1986-2021_processed.csv","2001","b m n+p",44.73625,7.25490117585543,8,0.162170525599607
"1878","KNZ_Biomass_1986-2021_processed.csv","2001","b m p",18.399375,8.08323902436393,8,0.439321391317038
"1879","KNZ_Biomass_1986-2021_processed.csv","2001","b u c",18.75375,9.33516860676156,4,0.497776103806522
"1880","KNZ_Biomass_1986-2021_processed.csv","2001","b u n",96.32875,21.1909895848055,4,0.219986136898958
"1881","KNZ_Biomass_1986-2021_processed.csv","2001","b u n+p",95.10375,19.3297768460132,4,0.203249365519374
"1882","KNZ_Biomass_1986-2021_processed.csv","2001","b u p",17.63375,9.68363944582132,4,0.549153722028571
"1883","KNZ_Biomass_1986-2021_processed.csv","2001","u m c",18.55375,4.50746345361937,8,0.242940831563397
"1884","KNZ_Biomass_1986-2021_processed.csv","2001","u m n",33.6575,15.1148755961045,8,0.449078974852692
"1885","KNZ_Biomass_1986-2021_processed.csv","2001","u m n+p",38.32,7.53281914595819,8,0.196576700051101
"1886","KNZ_Biomass_1986-2021_processed.csv","2001","u m p",23.544375,6.1039064994126,8,0.259251158691305
"1887","KNZ_Biomass_1986-2021_processed.csv","2001","u u c",22.69625,6.68019258080683,4,0.294330234325355
"1888","KNZ_Biomass_1986-2021_processed.csv","2001","u u n",64.255,35.6743166250829,4,0.555199075948687
"1889","KNZ_Biomass_1986-2021_processed.csv","2001","u u n+p",57.00875,31.5983339157304,4,0.554271649803415
"1890","KNZ_Biomass_1986-2021_processed.csv","2001","u u p",32.3875,15.2206967098531,4,0.46995589995687
"1891","KNZ_Biomass_1986-2021_processed.csv","2002","b m c",25.680625,8.4332020005537,8,0.328387724229986
"1892","KNZ_Biomass_1986-2021_processed.csv","2002","b m n",50.920625,13.7652093641646,8,0.270326795167275
"1893","KNZ_Biomass_1986-2021_processed.csv","2002","b m n+p",39.239375,9.35445556081623,8,0.238394611555771
"1894","KNZ_Biomass_1986-2021_processed.csv","2002","b m p",25.38125,8.64885283474883,8,0.340757560590941
"1895","KNZ_Biomass_1986-2021_processed.csv","2002","b u c",30.9125,8.92739463673473,4,0.28879562108321
"1896","KNZ_Biomass_1986-2021_processed.csv","2002","b u n",61.41375,18.9617950868758,4,0.308754881225715
"1897","KNZ_Biomass_1986-2021_processed.csv","2002","b u n+p",51.065,25.2062518699892,4,0.493611120532443
"1898","KNZ_Biomass_1986-2021_processed.csv","2002","b u p",34.71125,5.35379363162235,4,0.154237995797396
"1899","KNZ_Biomass_1986-2021_processed.csv","2002","u m c",22.22125,3.13450013103024,8,0.141058677213489
"1900","KNZ_Biomass_1986-2021_processed.csv","2002","u m n",38.54375,9.70490109981255,8,0.251789229117887
"1901","KNZ_Biomass_1986-2021_processed.csv","2002","u m n+p",40.138125,10.6987779467363,8,0.26654902157827
"1902","KNZ_Biomass_1986-2021_processed.csv","2002","u m p",29.345,4.03579431020533,8,0.137529197826046
"1903","KNZ_Biomass_1986-2021_processed.csv","2002","u u c",25.06125,7.9780306414971,4,0.318341289500608
"1904","KNZ_Biomass_1986-2021_processed.csv","2002","u u n",28.61375,31.17200303023,4,1.08940642279429
"1905","KNZ_Biomass_1986-2021_processed.csv","2002","u u n+p",67.57875,45.2584248832929,4,0.669713850630456
"1906","KNZ_Biomass_1986-2021_processed.csv","2002","u u p",36.31375,9.23274460367374,4,0.254249274824928
"1907","KNZ_Biomass_1986-2021_processed.csv","2003","b m c",20.868125,4.77831406124139,8,0.228976683877511
"1908","KNZ_Biomass_1986-2021_processed.csv","2003","b m n",41.705,6.6124482174586,8,0.15855288856153
"1909","KNZ_Biomass_1986-2021_processed.csv","2003","b m n+p",40.814375,14.6810449797155,8,0.359702800293168
"1910","KNZ_Biomass_1986-2021_processed.csv","2003","b m p",18.441875,5.5586187502575,8,0.30141288509208
"1911","KNZ_Biomass_1986-2021_processed.csv","2003","b u c",28.97125,10.6049331091714,4,0.366050243229802
"1912","KNZ_Biomass_1986-2021_processed.csv","2003","b u n",121.92,32.2570263663593,4,0.264575347493105
"1913","KNZ_Biomass_1986-2021_processed.csv","2003","b u n+p",89.92625,32.9311436624461,4,0.366201678180132
"1914","KNZ_Biomass_1986-2021_processed.csv","2003","b u p",47.6725,15.1116436895528,4,0.316988697667476
"1915","KNZ_Biomass_1986-2021_processed.csv","2003","u m c",22.610625,6.33732674460274,8,0.280280918577118
"1916","KNZ_Biomass_1986-2021_processed.csv","2003","u m n",27.436875,6.2957683846828,8,0.229463755791532
"1917","KNZ_Biomass_1986-2021_processed.csv","2003","u m n+p",38.516875,8.69284350054687,8,0.225689220648011
"1918","KNZ_Biomass_1986-2021_processed.csv","2003","u m p",29.020625,17.8604078175924,8,0.615438427587013
"1919","KNZ_Biomass_1986-2021_processed.csv","2003","u u c",36.2775,7.64616843044061,4,0.210768890646837
"1920","KNZ_Biomass_1986-2021_processed.csv","2003","u u n",64.40625,27.1735215405855,4,0.421908146190557
"1921","KNZ_Biomass_1986-2021_processed.csv","2003","u u n+p",92.73375,45.3016646815177,4,0.488513240125819
"1922","KNZ_Biomass_1986-2021_processed.csv","2003","u u p",39.59125,16.0804324024573,4,0.406161270544813
"1923","KNZ_Biomass_1986-2021_processed.csv","2004","b m c",45.6875,3.99784421073825,4,0.0875041140517264
"1924","KNZ_Biomass_1986-2021_processed.csv","2004","b m n",158.4725,7.71345199418955,4,0.0486737572398337
"1925","KNZ_Biomass_1986-2021_processed.csv","2004","b m n+p",123.82375,44.2300776951236,4,0.357201891358674
"1926","KNZ_Biomass_1986-2021_processed.csv","2004","b m p",46.27125,14.2025569147484,4,0.30694128459353
"1927","KNZ_Biomass_1986-2021_processed.csv","2004","b u c",59.41,9.95930553134437,4,0.167636854592566
"1928","KNZ_Biomass_1986-2021_processed.csv","2004","b u n",103.56,14.0270910502974,4,0.135448928643273
"1929","KNZ_Biomass_1986-2021_processed.csv","2004","b u n+p",111.82875,22.3251194005766,4,0.199636671254723
"1930","KNZ_Biomass_1986-2021_processed.csv","2004","b u p",69.84625,29.4042186244877,4,0.420984929391165
"1931","KNZ_Biomass_1986-2021_processed.csv","2004","u m c",43.76875,14.5555615802574,4,0.332556026394573
"1932","KNZ_Biomass_1986-2021_processed.csv","2004","u m n",70.4525,27.0532094522381,4,0.383992185546831
"1933","KNZ_Biomass_1986-2021_processed.csv","2004","u m n+p",97.40875,39.9390538560526,4,0.410015053637918
"1934","KNZ_Biomass_1986-2021_processed.csv","2004","u m p",70.05375,18.6775638021486,4,0.266617615789999
"1935","KNZ_Biomass_1986-2021_processed.csv","2004","u u c",59.45875,6.56847442333454,4,0.110471115240979
"1936","KNZ_Biomass_1986-2021_processed.csv","2004","u u n",66.30375,30.52376652572,4,0.460362596771978
"1937","KNZ_Biomass_1986-2021_processed.csv","2004","u u n+p",80.615,25.7667172272035,4,0.31962683405326
"1938","KNZ_Biomass_1986-2021_processed.csv","2004","u u p",46.44125,7.78263491691599,4,0.167580220534891
"1939","KNZ_Biomass_1986-2021_processed.csv","2005","b m c",42.38875,21.7632570230193,4,0.513420589732401
"1940","KNZ_Biomass_1986-2021_processed.csv","2005","b m n",69.38625,6.98234007454999,4,0.100630025034499
"1941","KNZ_Biomass_1986-2021_processed.csv","2005","b m n+p",84.5875,31.0021583926023,4,0.36650992632011
"1942","KNZ_Biomass_1986-2021_processed.csv","2005","b m p",46.8275,19.735153702636,4,0.421443675247151
"1943","KNZ_Biomass_1986-2021_processed.csv","2005","b u c",36.93875,10.0354856841444,4,0.271679081835319
"1944","KNZ_Biomass_1986-2021_processed.csv","2005","b u n",73.34875,12.6313692679509,4,0.172209741378699
"1945","KNZ_Biomass_1986-2021_processed.csv","2005","b u n+p",93.38,38.5452753265559,4,0.412778703432811
"1946","KNZ_Biomass_1986-2021_processed.csv","2005","b u p",39.2775,5.29075372702227,4,0.134701896175222
"1947","KNZ_Biomass_1986-2021_processed.csv","2005","u m c",35.60625,5.32239040125143,4,0.149479105529266
"1948","KNZ_Biomass_1986-2021_processed.csv","2005","u m n",48.0225,25.1463385340027,4,0.523636598136345
"1949","KNZ_Biomass_1986-2021_processed.csv","2005","u m n+p",50.575,10.5477683263649,4,0.208556961470389
"1950","KNZ_Biomass_1986-2021_processed.csv","2005","u m p",44.9825,8.00526337272339,4,0.177963949818783
"1951","KNZ_Biomass_1986-2021_processed.csv","2005","u u c",22.9575,5.73625676436007,4,0.249864173553744
"1952","KNZ_Biomass_1986-2021_processed.csv","2005","u u n",63.15125,44.3572499476316,4,0.702397022190877
"1953","KNZ_Biomass_1986-2021_processed.csv","2005","u u n+p",40.1075,25.5398608388273,4,0.636785160850897
"1954","KNZ_Biomass_1986-2021_processed.csv","2005","u u p",38.465,14.5543229545955,4,0.378378342768635
"1955","KNZ_Biomass_1986-2021_processed.csv","2006","b m c",41.875,18.8660828826053,4,0.450533322569679
"1956","KNZ_Biomass_1986-2021_processed.csv","2006","b m n",85.04625,16.8685567328684,4,0.198345685234427
"1957","KNZ_Biomass_1986-2021_processed.csv","2006","b m n+p",78.99125,23.9106191105542,4,0.302699591544053
"1958","KNZ_Biomass_1986-2021_processed.csv","2006","b m p",33.70875,10.7441273687846,4,0.318734078504383
"1959","KNZ_Biomass_1986-2021_processed.csv","2006","b u c",28.83,2.87107122865317,4,0.0995862375530061
"1960","KNZ_Biomass_1986-2021_processed.csv","2006","b u n",80.66125,16.3506765277975,4,0.202707948708921
"1961","KNZ_Biomass_1986-2021_processed.csv","2006","b u n+p",56.18125,13.2631207834607,4,0.236077352915086
"1962","KNZ_Biomass_1986-2021_processed.csv","2006","b u p",41.775,5.21405792066026,4,0.124812876616643
"1963","KNZ_Biomass_1986-2021_processed.csv","2006","u m c",33.63,13.1907701316741,4,0.392232237040563
"1964","KNZ_Biomass_1986-2021_processed.csv","2006","u m n",44.47375,23.1815578190221,4,0.521241357407957
"1965","KNZ_Biomass_1986-2021_processed.csv","2006","u m n+p",46.32,18.6595690375385,4,0.402840436907136
"1966","KNZ_Biomass_1986-2021_processed.csv","2006","u m p",54.22875,11.1235900791966,4,0.205123483008488
"1967","KNZ_Biomass_1986-2021_processed.csv","2006","u u c",102.91375,112.469229004722,4,1.09284939091931
"1968","KNZ_Biomass_1986-2021_processed.csv","2006","u u n",42.7675,41.3330381373867,4,0.96645906675365
"1969","KNZ_Biomass_1986-2021_processed.csv","2006","u u n+p",39.8075,21.3654208555164,4,0.536718479068426
"1970","KNZ_Biomass_1986-2021_processed.csv","2006","u u p",38.18125,18.577992524759,4,0.486573711566776
"1971","KNZ_Biomass_1986-2021_processed.csv","2007","b m c",74.3275,50.3507223549639,4,0.677417138407237
"1972","KNZ_Biomass_1986-2021_processed.csv","2007","b m n",86.405,13.7112563246407,4,0.158685913137442
"1973","KNZ_Biomass_1986-2021_processed.csv","2007","b m n+p",109.92,25.3340939578795,4,0.230477565118991
"1974","KNZ_Biomass_1986-2021_processed.csv","2007","b m p",60.9025,34.5199240777458,4,0.56680635569551
"1975","KNZ_Biomass_1986-2021_processed.csv","2007","b u c",45.055,7.17005927451092,4,0.159140145921894
"1976","KNZ_Biomass_1986-2021_processed.csv","2007","b u n",83.7775,50.1700628695374,4,0.59884888985154
"1977","KNZ_Biomass_1986-2021_processed.csv","2007","b u n+p",94.78375,21.5359762471235,4,0.227211692374732
"1978","KNZ_Biomass_1986-2021_processed.csv","2007","b u p",47.50125,5.5578778549011,4,0.117004875764345
"1979","KNZ_Biomass_1986-2021_processed.csv","2007","u m c",28.29625,7.28633810062823,4,0.257501898683685
"1980","KNZ_Biomass_1986-2021_processed.csv","2007","u m n",43.8575,32.2964184030779,4,0.736394422916898
"1981","KNZ_Biomass_1986-2021_processed.csv","2007","u m n+p",58.8525,28.4499731985814,4,0.483411464229751
"1982","KNZ_Biomass_1986-2021_processed.csv","2007","u m p",51.0825,19.9408268384237,4,0.390365131667865
"1983","KNZ_Biomass_1986-2021_processed.csv","2007","u u c",20.875,9.22672477101165,4,0.441998791425708
"1984","KNZ_Biomass_1986-2021_processed.csv","2007","u u n",38.04,13.6591867742312,4,0.359074310573902
"1985","KNZ_Biomass_1986-2021_processed.csv","2007","u u n+p",47.64125,32.2248091214931,4,0.676405617432228
"1986","KNZ_Biomass_1986-2021_processed.csv","2007","u u p",34.52,15.629871507256,4,0.45277727425423
"1987","KNZ_Biomass_1986-2021_processed.csv","2008","b m c",59.16,24.4539829748312,4,0.413353329527234
"1988","KNZ_Biomass_1986-2021_processed.csv","2008","b m n",164.3875,26.9415616040843,4,0.163890573213196
"1989","KNZ_Biomass_1986-2021_processed.csv","2008","b m n+p",132.4375,18.7588043773228,4,0.141642694684835
"1990","KNZ_Biomass_1986-2021_processed.csv","2008","b m p",52.61375,26.4069515390045,4,0.501902098576979
"1991","KNZ_Biomass_1986-2021_processed.csv","2008","b u c",54.95625,10.323055406064,4,0.187841335718212
"1992","KNZ_Biomass_1986-2021_processed.csv","2008","b u n",155.51375,34.6317006452662,4,0.222692209822387
"1993","KNZ_Biomass_1986-2021_processed.csv","2008","b u n+p",168.77,39.3795909492891,4,0.233332884690935
"1994","KNZ_Biomass_1986-2021_processed.csv","2008","b u p",52.53375,15.2039448691231,4,0.289412898738869
"1995","KNZ_Biomass_1986-2021_processed.csv","2008","u m c",36.6975,12.2501200674388,4,0.333813476870054
"1996","KNZ_Biomass_1986-2021_processed.csv","2008","u m n",62.34875,18.5092172421382,4,0.296865891331233
"1997","KNZ_Biomass_1986-2021_processed.csv","2008","u m n+p",62.6725,21.7781383119249,4,0.347491137451433
"1998","KNZ_Biomass_1986-2021_processed.csv","2008","u m p",38.935,17.181014715862,4,0.441274296028304
"1999","KNZ_Biomass_1986-2021_processed.csv","2008","u u c",33.095,6.35056559160941,4,0.191888973911751
"2000","KNZ_Biomass_1986-2021_processed.csv","2008","u u n",115.07125,116.90581838778,4,1.01594289092871
"2001","KNZ_Biomass_1986-2021_processed.csv","2008","u u n+p",55.90125,30.3808545455303,4,0.543473617236292
"2002","KNZ_Biomass_1986-2021_processed.csv","2008","u u p",53.19625,32.3698322452146,4,0.608498385604522
"2003","KNZ_Biomass_1986-2021_processed.csv","2009","b m c",52.905,14.0818979544662,4,0.266173290888691
"2004","KNZ_Biomass_1986-2021_processed.csv","2009","b m n",131.035,37.7174203783875,4,0.287842335089003
"2005","KNZ_Biomass_1986-2021_processed.csv","2009","b m n+p",133.57125,48.560647369209,4,0.36355613479105
"2006","KNZ_Biomass_1986-2021_processed.csv","2009","b m p",54.455,14.4200283171243,4,0.264806322966198
"2007","KNZ_Biomass_1986-2021_processed.csv","2009","b u c",54.1525,14.3129553784907,4,0.26430830300523
"2008","KNZ_Biomass_1986-2021_processed.csv","2009","b u n",117.06875,46.4108362660776,4,0.396440862878246
"2009","KNZ_Biomass_1986-2021_processed.csv","2009","b u n+p",132.63875,43.6244989226237,4,0.328897090198933
"2010","KNZ_Biomass_1986-2021_processed.csv","2009","b u p",56.18625,16.1052928023678,4,0.286641176486557
"2011","KNZ_Biomass_1986-2021_processed.csv","2009","u m c",34.635,6.34760453504575,4,0.18327138833682
"2012","KNZ_Biomass_1986-2021_processed.csv","2009","u m n",52.83625,38.7179569396854,4,0.732791538757679
"2013","KNZ_Biomass_1986-2021_processed.csv","2009","u m n+p",55.82625,18.5596283974114,4,0.332453431806926
"2014","KNZ_Biomass_1986-2021_processed.csv","2009","u m p",31.61875,15.9706681007193,4,0.505101185237219
"2015","KNZ_Biomass_1986-2021_processed.csv","2009","u u c",35.73,20.4236378574762,4,0.571610351454692
"2016","KNZ_Biomass_1986-2021_processed.csv","2009","u u n",25.85125,9.24489622710823,4,0.35761892469835
"2017","KNZ_Biomass_1986-2021_processed.csv","2009","u u n+p",35.62375,14.584282850041,4,0.409397743079855
"2018","KNZ_Biomass_1986-2021_processed.csv","2009","u u p",26.255,7.19231881940727,4,0.27394091865958
"2019","KNZ_Biomass_1986-2021_processed.csv","2010","b m c",54.34625,15.7445436977386,4,0.289708005570552
"2020","KNZ_Biomass_1986-2021_processed.csv","2010","b m n",108.43875,35.0441382105006,4,0.323169883556391
"2021","KNZ_Biomass_1986-2021_processed.csv","2010","b m n+p",153.93375,44.1849782873094,4,0.287038926078975
"2022","KNZ_Biomass_1986-2021_processed.csv","2010","b m p",79.57625,16.5025085845557,4,0.207379822303208
"2023","KNZ_Biomass_1986-2021_processed.csv","2010","b u c",61.94125,10.8975435878917,4,0.17593354328322
"2024","KNZ_Biomass_1986-2021_processed.csv","2010","b u n",107.815,31.3362715820926,4,0.29064853296937
"2025","KNZ_Biomass_1986-2021_processed.csv","2010","b u n+p",123.00125,30.8013969853641,4,0.250415316798522
"2026","KNZ_Biomass_1986-2021_processed.csv","2010","b u p",56.045,13.0949691357661,4,0.233650979316016
"2027","KNZ_Biomass_1986-2021_processed.csv","2010","u m c",46.40875,20.6624685420208,4,0.445227862030777
"2028","KNZ_Biomass_1986-2021_processed.csv","2010","u m n",65.83375,20.789354797989,4,0.315785669174078
"2029","KNZ_Biomass_1986-2021_processed.csv","2010","u m n+p",30.29125,2.98152191282685,4,0.0984284871976841
"2030","KNZ_Biomass_1986-2021_processed.csv","2010","u m p",49.275,16.642667554612,4,0.337750736775484
"2031","KNZ_Biomass_1986-2021_processed.csv","2010","u u c",58.4875,59.2733068786729,4,1.01343546704292
"2032","KNZ_Biomass_1986-2021_processed.csv","2010","u u n",51.10375,22.3062496380872,4,0.436489487328958
"2033","KNZ_Biomass_1986-2021_processed.csv","2010","u u n+p",41.82875,23.6852824819549,4,0.566244090056598
"2034","KNZ_Biomass_1986-2021_processed.csv","2010","u u p",23.625,14.6320806221581,4,0.619347327922034
"2035","KNZ_Biomass_1986-2021_processed.csv","2011","b m c",48.8425,28.2986576536768,4,0.579385937527293
"2036","KNZ_Biomass_1986-2021_processed.csv","2011","b m n",101.58625,33.1336798376415,4,0.326163037198849
"2037","KNZ_Biomass_1986-2021_processed.csv","2011","b m n+p",89.1875,33.6450037152621,4,0.377239004515903
"2038","KNZ_Biomass_1986-2021_processed.csv","2011","b m p",36.895,15.9355551100885,4,0.431916387317752
"2039","KNZ_Biomass_1986-2021_processed.csv","2011","b u c",57.81,20.4325300277115,4,0.35344283043957
"2040","KNZ_Biomass_1986-2021_processed.csv","2011","b u n",97.38625,13.8236526618932,4,0.1419466573761
"2041","KNZ_Biomass_1986-2021_processed.csv","2011","b u n+p",102.6075,18.5673811203052,4,0.180955399169702
"2042","KNZ_Biomass_1986-2021_processed.csv","2011","b u p",41.455,11.7504170138766,4,0.283449933997746
"2043","KNZ_Biomass_1986-2021_processed.csv","2011","u m c",26.0125,6.83524871529925,4,0.262767850660231
"2044","KNZ_Biomass_1986-2021_processed.csv","2011","u m n",31.38375,5.43960227559577,4,0.173325439936138
"2045","KNZ_Biomass_1986-2021_processed.csv","2011","u m n+p",56.365,32.9716203726781,4,0.584966209042457
"2046","KNZ_Biomass_1986-2021_processed.csv","2011","u m p",40.37,6.53158607588284,4,0.161793066036236
"2047","KNZ_Biomass_1986-2021_processed.csv","2011","u u c",53.015,50.4111133580682,4,0.950883964124647
"2048","KNZ_Biomass_1986-2021_processed.csv","2011","u u n",38.65375,38.2754682912785,4,0.990213583191243
"2049","KNZ_Biomass_1986-2021_processed.csv","2011","u u n+p",38.57625,36.0293605676907,4,0.933977786013174
"2050","KNZ_Biomass_1986-2021_processed.csv","2011","u u p",25.2775,11.2433999158025,4,0.444798730721094
"2051","KNZ_Biomass_1986-2021_processed.csv","2012","b m c",43.0375,19.9048857067806,4,0.462500974888891
"2052","KNZ_Biomass_1986-2021_processed.csv","2012","b m n",60.3625,27.001373576172,4,0.447320332593448
"2053","KNZ_Biomass_1986-2021_processed.csv","2012","b m n+p",58.6525,16.4269643675675,4,0.280072705640297
"2054","KNZ_Biomass_1986-2021_processed.csv","2012","b m p",31.9425,9.74127002329094,4,0.304962668021944
"2055","KNZ_Biomass_1986-2021_processed.csv","2012","b u c",34.52375,8.38285986900254,4,0.242814290712989
"2056","KNZ_Biomass_1986-2021_processed.csv","2012","b u n",80.8375,26.975434967145,4,0.333699520236833
"2057","KNZ_Biomass_1986-2021_processed.csv","2012","b u n+p",84.39875,21.8591164715472,4,0.258998106862332
"2058","KNZ_Biomass_1986-2021_processed.csv","2012","b u p",32.67,7.67804337054695,4,0.235018162551177
"2059","KNZ_Biomass_1986-2021_processed.csv","2012","u m c",48.40625,44.347808546947,4,0.91615873047276
"2060","KNZ_Biomass_1986-2021_processed.csv","2012","u m n",29.67625,14.1079028532474,4,0.475393718992373
"2061","KNZ_Biomass_1986-2021_processed.csv","2012","u m n+p",41.20875,16.0977774734071,4,0.390639790661137
"2062","KNZ_Biomass_1986-2021_processed.csv","2012","u m p",27.9375,10.3447140285913,4,0.370280591627429
"2063","KNZ_Biomass_1986-2021_processed.csv","2012","u u c",18.025,11.1376141969454,4,0.617898152396417
"2064","KNZ_Biomass_1986-2021_processed.csv","2012","u u n",34.55,25.6881775660841,4,0.743507310161624
"2065","KNZ_Biomass_1986-2021_processed.csv","2012","u u n+p",24.87375,19.9869000326881,4,0.803533847236065
"2066","KNZ_Biomass_1986-2021_processed.csv","2012","u u p",69.09125,103.883961576928,4,1.50357623544122
"2067","KNZ_Biomass_1986-2021_processed.csv","2013","b m c",48.8275,24.7314261955648,4,0.506506091763141
"2068","KNZ_Biomass_1986-2021_processed.csv","2013","b m n",106.75,15.170528995391,4,0.142112683797574
"2069","KNZ_Biomass_1986-2021_processed.csv","2013","b m n+p",122.58875,49.5839838682815,4,0.404474177836722
"2070","KNZ_Biomass_1986-2021_processed.csv","2013","b m p",51.05375,21.1988468141548,4,0.4152260473355
"2071","KNZ_Biomass_1986-2021_processed.csv","2013","b u c",46.14125,13.4560193315111,4,0.291626675296206
"2072","KNZ_Biomass_1986-2021_processed.csv","2013","b u n",92.79875,17.95811254698,4,0.193516750462479
"2073","KNZ_Biomass_1986-2021_processed.csv","2013","b u n+p",118.45875,30.7240235470009,4,0.259364745508465
"2074","KNZ_Biomass_1986-2021_processed.csv","2013","b u p",46.64375,13.039617437512,4,0.279557656438687
"2075","KNZ_Biomass_1986-2021_processed.csv","2013","u m c",37.235,15.9127637448685,4,0.427360379880985
"2076","KNZ_Biomass_1986-2021_processed.csv","2013","u m n",55.39125,18.607438196861,4,0.335927392807726
"2077","KNZ_Biomass_1986-2021_processed.csv","2013","u m n+p",53.9725,38.5341442749155,4,0.713958854507675
"2078","KNZ_Biomass_1986-2021_processed.csv","2013","u m p",44.21375,20.7668053934639,4,0.46969111178002
"2079","KNZ_Biomass_1986-2021_processed.csv","2013","u u c",66.65375,68.3673839603603,4,1.02570949061921
"2080","KNZ_Biomass_1986-2021_processed.csv","2013","u u n",62.83,64.7095748968677,4,1.02991524585179
"2081","KNZ_Biomass_1986-2021_processed.csv","2013","u u n+p",30.225,22.6983835694674,4,0.750980432405869
"2082","KNZ_Biomass_1986-2021_processed.csv","2013","u u p",127.055,141.033644685704,4,1.11002042175203
"2083","KNZ_Biomass_1986-2021_processed.csv","2014","b m c",37.17875,13.8581157780077,4,0.372742918414625
"2084","KNZ_Biomass_1986-2021_processed.csv","2014","b m n",97.12375,19.2647404061583,4,0.198352518371235
"2085","KNZ_Biomass_1986-2021_processed.csv","2014","b m n+p",97.1225,21.2348885484871,4,0.218640258935747
"2086","KNZ_Biomass_1986-2021_processed.csv","2014","b m p",39.53625,16.6266765445373,4,0.420542579140341
"2087","KNZ_Biomass_1986-2021_processed.csv","2014","b u c",44.76875,16.9734151812965,4,0.379135338406735
"2088","KNZ_Biomass_1986-2021_processed.csv","2014","b u n",85.02625,36.4196250609933,4,0.428333897602133
"2089","KNZ_Biomass_1986-2021_processed.csv","2014","b u n+p",93.92375,18.695579858619,4,0.199050611358884
"2090","KNZ_Biomass_1986-2021_processed.csv","2014","b u p",36.81,4.58280299962079,4,0.124498858995403
"2091","KNZ_Biomass_1986-2021_processed.csv","2014","u m c",34.08375,18.8082873467168,4,0.551825645555926
"2092","KNZ_Biomass_1986-2021_processed.csv","2014","u m n",32.28875,15.4029528419066,4,0.477037755933774
"2093","KNZ_Biomass_1986-2021_processed.csv","2014","u m n+p",49.135,25.6518092279408,4,0.522067960271512
"2094","KNZ_Biomass_1986-2021_processed.csv","2014","u m p",29.9475,7.52489479439192,4,0.251269548189062
"2095","KNZ_Biomass_1986-2021_processed.csv","2014","u u c",14.31,12.7907433977336,4,0.893832522553015
"2096","KNZ_Biomass_1986-2021_processed.csv","2014","u u n",19.83125,15.2022999219416,4,0.766583040501312
"2097","KNZ_Biomass_1986-2021_processed.csv","2014","u u n+p",24.30625,20.1870112427934,4,0.830527590343775
"2098","KNZ_Biomass_1986-2021_processed.csv","2014","u u p",87.76,122.368443848894,4,1.3943532799555
"2099","KNZ_Biomass_1986-2021_processed.csv","2015","b m c",62.74125,5.02214491859139,4,0.0800453436708926
"2100","KNZ_Biomass_1986-2021_processed.csv","2015","b m n",114.415,25.1522619923802,4,0.219833605666916
"2101","KNZ_Biomass_1986-2021_processed.csv","2015","b m n+p",115.785,20.1859460186206,4,0.17433990602082
"2102","KNZ_Biomass_1986-2021_processed.csv","2015","b m p",70.065,16.9154076707204,4,0.241424501116398
"2103","KNZ_Biomass_1986-2021_processed.csv","2015","b u c",50.12,12.8284995225474,4,0.25595569677868
"2104","KNZ_Biomass_1986-2021_processed.csv","2015","b u n",149.22125,59.6581940970112,4,0.399796906251698
"2105","KNZ_Biomass_1986-2021_processed.csv","2015","b u n+p",119.31375,41.0180300548836,4,0.343782925730552
"2106","KNZ_Biomass_1986-2021_processed.csv","2015","b u p",45.79625,12.3992912263833,4,0.270749050989619
"2107","KNZ_Biomass_1986-2021_processed.csv","2015","u m c",34.52875,14.419551180602,4,0.417609996904087
"2108","KNZ_Biomass_1986-2021_processed.csv","2015","u m n",53.83,25.682251004666,4,0.47709921985261
"2109","KNZ_Biomass_1986-2021_processed.csv","2015","u m n+p",49.515,28.7373453308872,4,0.580376559242396
"2110","KNZ_Biomass_1986-2021_processed.csv","2015","u m p",35.805,19.3918466543717,4,0.54159605234944
"2111","KNZ_Biomass_1986-2021_processed.csv","2015","u u c",18.17625,7.463262663429,4,0.410605194329358
"2112","KNZ_Biomass_1986-2021_processed.csv","2015","u u n",80.3675,94.1810094534278,4,1.17187929764429
"2113","KNZ_Biomass_1986-2021_processed.csv","2015","u u n+p",34.6,14.580837310205,4,0.421411482953902
"2114","KNZ_Biomass_1986-2021_processed.csv","2015","u u p",154.85125,201.460045392587,4,1.30099075979424
"2115","KNZ_Biomass_1986-2021_processed.csv","2016","b m n",53.7925,3.34107954110644,2,0.0621105087346087
"2116","KNZ_Biomass_1986-2021_processed.csv","2016","b m n+p",65.595,28.6873221127382,2,0.437340073370504
"2117","KNZ_Biomass_1986-2021_processed.csv","2016","b u c",55.7775,11.8857004421279,4,0.213091308182115
"2118","KNZ_Biomass_1986-2021_processed.csv","2016","b u n",128.445,31.5496925500075,4,0.245628031842481
"2119","KNZ_Biomass_1986-2021_processed.csv","2016","b u n+p",105.2275,30.7532395312537,4,0.292254776852569
"2120","KNZ_Biomass_1986-2021_processed.csv","2016","b u p",65.31625,14.5468939267689,4,0.222714775063923
"2121","KNZ_Biomass_1986-2021_processed.csv","2016","u m c",28.725,5.84387428566586,4,0.203442098717697
"2122","KNZ_Biomass_1986-2021_processed.csv","2016","u m n",43.19125,15.9824270033267,4,0.370038537975324
"2123","KNZ_Biomass_1986-2021_processed.csv","2016","u m n+p",69.63375,68.447326874393,4,0.982961952708176
"2124","KNZ_Biomass_1986-2021_processed.csv","2016","u m p",28.54375,16.4536031388265,4,0.576434530810649
"2125","KNZ_Biomass_1986-2021_processed.csv","2016","u u c",153.79875,158.813166140542,4,1.03260375094428
"2126","KNZ_Biomass_1986-2021_processed.csv","2016","u u n",87.77,71.5914318662972,4,0.815670865515519
"2127","KNZ_Biomass_1986-2021_processed.csv","2016","u u n+p",62.18,37.609532701165,4,0.60484935190037
"2128","KNZ_Biomass_1986-2021_processed.csv","2016","u u p",81.87125,55.5747875052168,4,0.678807121000556
"2129","KNZ_Biomass_1986-2021_processed.csv","2017","b m c",85.405,32.1676081900204,4,0.376647833148181
"2130","KNZ_Biomass_1986-2021_processed.csv","2017","b m n",87.22375,25.6165634486101,4,0.293687939908684
"2131","KNZ_Biomass_1986-2021_processed.csv","2017","b m n+p",78.92875,22.1351772732153,4,0.280445050418451
"2132","KNZ_Biomass_1986-2021_processed.csv","2017","b m p",76.86,28.4006992284815,4,0.369512089883964
"2133","KNZ_Biomass_1986-2021_processed.csv","2017","b u c",41.71,10.1098574009066,4,0.242384497744105
"2134","KNZ_Biomass_1986-2021_processed.csv","2017","b u n",94.9,10.3368007623249,4,0.108923084956005
"2135","KNZ_Biomass_1986-2021_processed.csv","2017","b u n+p",93.66375,43.1684787344887,4,0.460887789934619
"2136","KNZ_Biomass_1986-2021_processed.csv","2017","b u p",43.98625,8.17746739013166,4,0.185909628352762
"2137","KNZ_Biomass_1986-2021_processed.csv","2017","u m c",55.89125,44.0856362426206,4,0.788775277751359
"2138","KNZ_Biomass_1986-2021_processed.csv","2017","u m n",33.83625,24.9055664377129,4,0.736061662793984
"2139","KNZ_Biomass_1986-2021_processed.csv","2017","u m n+p",34.195,8.54399886860167,4,0.249861057716089
"2140","KNZ_Biomass_1986-2021_processed.csv","2017","u m p",51.08,35.0316380814067,4,0.685819069722137
"2141","KNZ_Biomass_1986-2021_processed.csv","2017","u u c",9.4325,6.25716189657899,4,0.663361982144606
"2142","KNZ_Biomass_1986-2021_processed.csv","2017","u u n",24.57375,19.1367414393534,4,0.77874729902247
"2143","KNZ_Biomass_1986-2021_processed.csv","2017","u u n+p",64.1325,34.1876241009326,4,0.533077988553894
"2144","KNZ_Biomass_1986-2021_processed.csv","2017","u u p",33.995,28.6488222561882,4,0.842736351115995
"2145","KNZ_Biomass_1986-2021_processed.csv","2018","b m c",132.9925,81.841000065167,4,0.615380567063308
"2146","KNZ_Biomass_1986-2021_processed.csv","2018","b m n",78.996,20.6705845950229,5,0.261666218479707
"2147","KNZ_Biomass_1986-2021_processed.csv","2018","b m n+p",67.20125,32.2746010496902,4,0.480267867780588
"2148","KNZ_Biomass_1986-2021_processed.csv","2018","b m p",48.305,28.1770707609337,4,0.583315821569894
"2149","KNZ_Biomass_1986-2021_processed.csv","2018","b u c",36.445,15.1579995381976,4,0.415914378877696
"2150","KNZ_Biomass_1986-2021_processed.csv","2018","b u n",72.03875,9.57177132248781,4,0.132869758601972
"2151","KNZ_Biomass_1986-2021_processed.csv","2018","b u n+p",52.0175,22.9152432891296,4,0.440529500439845
"2152","KNZ_Biomass_1986-2021_processed.csv","2018","b u p",45.47375,10.4822408347007,4,0.230511907082673
"2153","KNZ_Biomass_1986-2021_processed.csv","2018","u m c",53.21,32.4328609078303,4,0.609525670134003
"2154","KNZ_Biomass_1986-2021_processed.csv","2018","u m n",14.25375,4.97778795416867,4,0.349226551200117
"2155","KNZ_Biomass_1986-2021_processed.csv","2018","u m n+p",21.73375,8.97786293706173,4,0.413083933378351
"2156","KNZ_Biomass_1986-2021_processed.csv","2018","u m p",39.77625,27.3164551674749,4,0.686752903239368
"2157","KNZ_Biomass_1986-2021_processed.csv","2018","u u c",17.19625,12.8793118184423,4,0.748960489551051
"2158","KNZ_Biomass_1986-2021_processed.csv","2018","u u n",24.655,7.89562326017818,4,0.320244301771575
"2159","KNZ_Biomass_1986-2021_processed.csv","2018","u u n+p",33.5875,18.96604707541,4,0.564675759595384
"2160","KNZ_Biomass_1986-2021_processed.csv","2018","u u p",22.40125,22.3487551387096,4,0.997656610176201
"2161","KNZ_Biomass_1986-2021_processed.csv","2019","b m c",136.5475,81.0061280089352,4,0.593245046660944
"2162","KNZ_Biomass_1986-2021_processed.csv","2019","b m n",138.1825,83.5808771490226,4,0.604858626447072
"2163","KNZ_Biomass_1986-2021_processed.csv","2019","b m n+p",107.31375,41.205405263347,4,0.383971348157594
"2164","KNZ_Biomass_1986-2021_processed.csv","2019","b m p",117.11375,48.0832057262894,4,0.410568406581545
"2165","KNZ_Biomass_1986-2021_processed.csv","2019","b u c",52.67,3.40162951147436,4,0.0645838145334035
"2166","KNZ_Biomass_1986-2021_processed.csv","2019","b u n",134.005,32.7286164286444,4,0.244234292964027
"2167","KNZ_Biomass_1986-2021_processed.csv","2019","b u n+p",123.79125,32.4561258663137,4,0.262184329395767
"2168","KNZ_Biomass_1986-2021_processed.csv","2019","b u p",72.01375,23.0603575337273,4,0.320221590095326
"2169","KNZ_Biomass_1986-2021_processed.csv","2019","u m c",36.84625,23.8158988825392,4,0.646358825729599
"2170","KNZ_Biomass_1986-2021_processed.csv","2019","u m n",64.29875,49.786415378595,4,0.774298339837011
"2171","KNZ_Biomass_1986-2021_processed.csv","2019","u m n+p",53.355,37.6859480885559,4,0.706324582298865
"2172","KNZ_Biomass_1986-2021_processed.csv","2019","u m p",57.89625,54.978230142333,4,0.949599156116899
"2173","KNZ_Biomass_1986-2021_processed.csv","2019","u u c",107.34125,185.823154117699,4,1.73114393690868
"2174","KNZ_Biomass_1986-2021_processed.csv","2019","u u n",23.0925,17.9217003006597,4,0.776083156897682
"2175","KNZ_Biomass_1986-2021_processed.csv","2019","u u n+p",36.6625,17.3765658766819,4,0.473960201205099
"2176","KNZ_Biomass_1986-2021_processed.csv","2019","u u p",65.28625,65.6604498379098,4,1.00573167915005
"2177","KNZ_Biomass_1986-2021_processed.csv","2020","b m c",101.13625,22.0232136524925,4,0.217757862808761
"2178","KNZ_Biomass_1986-2021_processed.csv","2020","b m n",152.525,115.207063874863,4,0.755332331584085
"2179","KNZ_Biomass_1986-2021_processed.csv","2020","b m n+p",98.65875,24.7033477404042,4,0.250391858202179
"2180","KNZ_Biomass_1986-2021_processed.csv","2020","b m p",86.215,7.4492695391338,4,0.0864034047339071
"2181","KNZ_Biomass_1986-2021_processed.csv","2020","b u c",59.96,15.5455979835665,4,0.25926614382199
"2182","KNZ_Biomass_1986-2021_processed.csv","2020","b u n",74.275,10.5378705945113,4,0.141876413254949
"2183","KNZ_Biomass_1986-2021_processed.csv","2020","b u n+p",131.74125,44.3931832933466,4,0.336972537404546
"2184","KNZ_Biomass_1986-2021_processed.csv","2020","b u p",63.60875,10.8209252338544,4,0.170116929413868
"2185","KNZ_Biomass_1986-2021_processed.csv","2020","u m c",38.76375,28.146906394546,4,0.726114124524742
"2186","KNZ_Biomass_1986-2021_processed.csv","2020","u m n",65.02875,72.3136419097393,4,1.11202571031643
"2187","KNZ_Biomass_1986-2021_processed.csv","2020","u m n+p",43.44375,24.4200605292043,4,0.562107565051458
"2188","KNZ_Biomass_1986-2021_processed.csv","2020","u m p",76.94875,41.5002322031656,4,0.539323019583367
"2189","KNZ_Biomass_1986-2021_processed.csv","2020","u u c",34.03125,31.2849941066001,4,0.919301938853261
"2190","KNZ_Biomass_1986-2021_processed.csv","2020","u u n",23.95125,6.8730892799381,4,0.286961610769296
"2191","KNZ_Biomass_1986-2021_processed.csv","2020","u u n+p",22.8225,16.498047611763,4,0.722885205904832
"2192","KNZ_Biomass_1986-2021_processed.csv","2020","u u p",1.96625,2.42267887196522,4,1.23213165770641
"2193","KNZ_Biomass_1986-2021_processed.csv","2021","b m n",75.09,0.0848528137423889,2,0.0011300148321
"2194","KNZ_Biomass_1986-2021_processed.csv","2021","b m n+p",47.615,3.3587572106361,2,0.0705398973146299
"2195","KNZ_Biomass_1986-2021_processed.csv","2021","b u c",38.7975,11.3641164050122,4,0.292908471035819
"2196","KNZ_Biomass_1986-2021_processed.csv","2021","b u n",77.34875,31.9780918168986,4,0.413427389801369
"2197","KNZ_Biomass_1986-2021_processed.csv","2021","b u n+p",63.18625,10.8822250903327,4,0.172224575605178
"2198","KNZ_Biomass_1986-2021_processed.csv","2021","b u p",50.0125,9.40137711543722,4,0.187980547171951
"2199","KNZ_Biomass_1986-2021_processed.csv","2021","u m c",25.8475,3.41728571627639,4,0.132209525728848
"2200","KNZ_Biomass_1986-2021_processed.csv","2021","u m n",32.3625,34.1367491373544,4,1.05482422981396
"2201","KNZ_Biomass_1986-2021_processed.csv","2021","u m n+p",37.1525,27.1676604623954,4,0.731247169433964
"2202","KNZ_Biomass_1986-2021_processed.csv","2021","u m p",30.55375,15.1045017434097,4,0.494358360051048
"2203","KNZ_Biomass_1986-2021_processed.csv","2021","u u c",25.4575,41.1094714350193,4,1.61482751389647
"2204","KNZ_Biomass_1986-2021_processed.csv","2021","u u n",17.50375,14.6908108325125,4,0.839295055774477
"2205","KNZ_Biomass_1986-2021_processed.csv","2021","u u n+p",20.38,13.1474471539789,4,0.645115169478845
"2206","KNZ_Biomass_1986-2021_processed.csv","2021","u u p",80.4925,103.850893311838,4,1.29019341319797
"2207","MCM_SoilOC_2007-2016_processed.csv","2001","C",5649.2927072625,4330.74926551038,8,0.766600261293408
"2208","MCM_SoilOC_2007-2016_processed.csv","2001","CN",11619.153511725,13955.3620458783,8,1.20106529548782
"2209","MCM_SoilOC_2007-2016_processed.csv","2001","CP",3773.476589025,2880.62099764328,8,0.763386476550947
"2210","MCM_SoilOC_2007-2016_processed.csv","2001","N",5086.894338375,4086.44986667973,8,0.803329024519337
"2211","MCM_SoilOC_2007-2016_processed.csv","2001","P",5632.2516896675,4466.05391256749,8,0.792942886547591
"2212","MCM_SoilOC_2007-2016_processed.csv","2001","U",3543.898652075,2713.61392760544,8,0.765714314662068
"2213","MCM_SoilOC_2007-2016_processed.csv","2001","W",3464.7015769625,2268.75718838603,8,0.654820375720511
"2214","MCM_SoilOC_2007-2016_processed.csv","2007","C",402.629375,400.077135111267,8,0.993661068845927
"2215","MCM_SoilOC_2007-2016_processed.csv","2007","CN",1088.374375,1186.48041600067,8,1.09013997688127
"2216","MCM_SoilOC_2007-2016_processed.csv","2007","CP",721.053125,727.797101307076,8,1.00935295344164
"2217","MCM_SoilOC_2007-2016_processed.csv","2007","N",799.075625,787.333269149899,8,0.985305075661517
"2218","MCM_SoilOC_2007-2016_processed.csv","2007","P",916.9675,502.537514214469,8,0.548042885068957
"2219","MCM_SoilOC_2007-2016_processed.csv","2007","U",1073.56375,973.748119685513,8,0.90702403065073
"2220","MCM_SoilOC_2007-2016_processed.csv","2007","W",744.91,643.819892072753,8,0.864292185730831
"2221","MCM_SoilOC_2007-2016_processed.csv","2010","C",1082.7247926,587.480110844406,8,0.542594124434577
"2222","MCM_SoilOC_2007-2016_processed.csv","2010","CN",1036.01148337,1225.82955451562,8,1.18322004552321
"2223","MCM_SoilOC_2007-2016_processed.csv","2010","CP",1684.51303725875,2669.78032592147,8,1.58489739578749
"2224","MCM_SoilOC_2007-2016_processed.csv","2010","N",599.2734471325,383.502568813552,8,0.639945872203411
"2225","MCM_SoilOC_2007-2016_processed.csv","2010","P",675.9935452375,677.98193019507,8,1.00294142595233
"2226","MCM_SoilOC_2007-2016_processed.csv","2010","U",541.8096807875,277.742356383992,8,0.51261977449407
"2227","MCM_SoilOC_2007-2016_processed.csv","2010","W",576.6710437525,558.007511934631,8,0.967635739612618
"2228","MCM_SoilOC_2007-2016_processed.csv","2011","C",1722.8375,930.156201072087,8,0.539897814548434
"2229","MCM_SoilOC_2007-2016_processed.csv","2011","CN",1899.59375,2321.52214066509,8,1.22211506574239
"2230","MCM_SoilOC_2007-2016_processed.csv","2011","CP",1423.85625,1236.11971202443,8,0.868149233480858
"2231","MCM_SoilOC_2007-2016_processed.csv","2011","N",1221.6875,569.373786183433,8,0.466055178745328
"2232","MCM_SoilOC_2007-2016_processed.csv","2011","P",1767.46875,1238.2292437006,8,0.700566413805392
"2233","MCM_SoilOC_2007-2016_processed.csv","2011","U",1326.4125,1226.7978573011,8,0.924899197874794
"2234","MCM_SoilOC_2007-2016_processed.csv","2011","W",1464.95625,1395.37878893088,8,0.952505434159472
"2235","MCM_SoilOC_2007-2016_processed.csv","2014","C",1082.725,587.497143458101,8,0.542609751744996
"2236","MCM_SoilOC_2007-2016_processed.csv","2014","CN",1036.0125,1225.83418062675,8,1.18322334974409
"2237","MCM_SoilOC_2007-2016_processed.csv","2014","CP",1684.5125,2669.77953206279,8,1.58489743000589
"2238","MCM_SoilOC_2007-2016_processed.csv","2014","N",599.2875,383.522029307686,8,0.639963338644117
"2239","MCM_SoilOC_2007-2016_processed.csv","2014","P",675.975,677.968416352435,8,1.00294894981683
"2240","MCM_SoilOC_2007-2016_processed.csv","2014","U",541.825,277.740705129288,8,0.512602233431991
"2241","MCM_SoilOC_2007-2016_processed.csv","2014","W",576.675,557.998668073167,8,0.967613765245879
"2242","MCM_SoilOC_2007-2016_processed.csv","2016","C",2961.15625,2348.84545885808,8,0.793219020056128
"2243","MCM_SoilOC_2007-2016_processed.csv","2016","CN",8382.3875,9126.65500583515,8,1.08878944165193
"2244","MCM_SoilOC_2007-2016_processed.csv","2016","CP",2584,3656.05130747055,8,1.41488053694681
"2245","MCM_SoilOC_2007-2016_processed.csv","2016","N",1619.8125,1634.3488685428,8,1.00897410567137
"2246","MCM_SoilOC_2007-2016_processed.csv","2016","P",2844.40625,2442.39357429164,8,0.858665520894435
"2247","MCM_SoilOC_2007-2016_processed.csv","2016","U",1640.6625,2182.33027089164,8,1.33015185688199
"2248","MCM_SoilOC_2007-2016_processed.csv","2016","W",1719.15,1553.57420072002,8,0.90368740407761
"2249","NTL_NutrientAddition1.csv","2011","none",3.23892268096396,0.61215454076619,2,0.188999430077165
"2250","NTL_NutrientAddition1.csv","2013","added",7.86606337290909,5.66909254687681,2,0.720702628255107
"2251","NTL_NutrientAddition1.csv","2013","none",2.38892976387879,NA,1,NA
"2252","NTL_NutrientAddition1.csv","2014","added",8.75252449628889,4.2003129954748,2,0.479897313884211
"2253","NTL_NutrientAddition1.csv","2014","none",2.13500942450833,NA,1,NA
"2254","NTL_NutrientAddition1.csv","2015","added",12.5351709907826,6.76306715755785,2,0.539527315784594
"2255","NTL_NutrientAddition1.csv","2015","none",2.15404458608612,NA,1,NA
"2256","NTL_NutrientAddition1.csv","2018","none",2.68799319191175,0.0601723131813877,2,0.0223855898751708
"2257","NTL_NutrientAddition1.csv","2019","added",10.2597111187332,NA,1,NA
"2258","NTL_NutrientAddition1.csv","2019","none",4.01152326458456,NA,1,NA
"2259","NWT_AbovegroundBiomass_2006-2019_gm2_processed.csv","2006","N",502.220833333333,135.102305054579,12,0.269009758432123
"2260","NWT_AbovegroundBiomass_2006-2019_gm2_processed.csv","2006","X",444.553333333333,130.43807568298,12,0.293413783909647
"2261","NWT_AbovegroundBiomass_2006-2019_gm2_processed.csv","2007","N",217.197916666667,77.2190188377523,12,0.355523754660411
"2262","NWT_AbovegroundBiomass_2006-2019_gm2_processed.csv","2007","X",206.885416666667,57.7164394399792,12,0.278977805057047
"2263","NWT_AbovegroundBiomass_2006-2019_gm2_processed.csv","2008","N",237.692708333333,93.1628486933348,12,0.391946599231332
"2264","NWT_AbovegroundBiomass_2006-2019_gm2_processed.csv","2008","X",201.90625,93.581877661781,12,0.46349173273131
"2265","NWT_AbovegroundBiomass_2006-2019_gm2_processed.csv","2009","N",290.072916666667,78.3951095763787,12,0.270260010749178
"2266","NWT_AbovegroundBiomass_2006-2019_gm2_processed.csv","2009","X",205.3125,69.4374309589707,12,0.338203621109142
"2267","NWT_AbovegroundBiomass_2006-2019_gm2_processed.csv","2010","N",193.802083333333,89.809318336339,12,0.463407393726877
"2268","NWT_AbovegroundBiomass_2006-2019_gm2_processed.csv","2010","X",174.442708333333,86.2172593421722,12,0.494243985122177
"2269","NWT_AbovegroundBiomass_2006-2019_gm2_processed.csv","2011","N",216.567708333333,73.3741746233455,12,0.338804779290597
"2270","NWT_AbovegroundBiomass_2006-2019_gm2_processed.csv","2011","X",161.354166666667,95.1909539207026,12,0.58995039227808
"2271","NWT_AbovegroundBiomass_2006-2019_gm2_processed.csv","2012","N",183.255208333333,45.9069932588303,12,0.250508532206776
"2272","NWT_AbovegroundBiomass_2006-2019_gm2_processed.csv","2012","X",152.177083333333,35.2648344161931,12,0.231735512626089
"2273","NWT_AbovegroundBiomass_2006-2019_gm2_processed.csv","2013","N",207.286458333333,76.1655058040349,12,0.367440817969665
"2274","NWT_AbovegroundBiomass_2006-2019_gm2_processed.csv","2013","X",129.911458333333,40.2478247782966,12,0.309809660322854
"2275","NWT_AbovegroundBiomass_2006-2019_gm2_processed.csv","2014","N",437.541666666667,140.027894779176,12,0.320033280135246
"2276","NWT_AbovegroundBiomass_2006-2019_gm2_processed.csv","2014","X",285.802083333333,134.712113689937,12,0.471347556738491
"2277","NWT_AbovegroundBiomass_2006-2019_gm2_processed.csv","2015","N",277.098958333333,97.8405890481735,12,0.353088981772631
"2278","NWT_AbovegroundBiomass_2006-2019_gm2_processed.csv","2015","X",214.958333333333,76.1550980455894,12,0.354278416959516
"2279","NWT_AbovegroundBiomass_2006-2019_gm2_processed.csv","2016","N",499.453125,201.560397496082,12,0.403562191138721
"2280","NWT_AbovegroundBiomass_2006-2019_gm2_processed.csv","2016","X",376.244791666667,124.531230276414,12,0.330984595759513
"2281","NWT_AbovegroundBiomass_2006-2019_gm2_processed.csv","2017","N",456.782986111111,157.066812856637,12,0.343854341410235
"2282","NWT_AbovegroundBiomass_2006-2019_gm2_processed.csv","2017","X",297.161458333333,115.523258241962,12,0.388755859827477
"2283","NWT_AbovegroundBiomass_2006-2019_gm2_processed.csv","2019","N",524.5,162.462799500658,12,0.309747949476945
"2284","NWT_AbovegroundBiomass_2006-2019_gm2_processed.csv","2019","X",478,333.183013454386,12,0.697035593000807
"2285","PIE-PlantShoot_2004-2020_Processed.csv","2004","Control",6.48257098241667,1.45398747766927,12,0.224291794353362
"2286","PIE-PlantShoot_2004-2020_Processed.csv","2004","Enriched",8.06502892091667,1.4180482031373,12,0.175826797032257
"2287","PIE-PlantShoot_2004-2020_Processed.csv","2005","Control",8.46735904066667,1.36307222503423,12,0.160979618141586
"2288","PIE-PlantShoot_2004-2020_Processed.csv","2005","Enriched",8.60091718466667,1.39660223706593,12,0.162378291417075
"2289","PIE-PlantShoot_2004-2020_Processed.csv","2006","Control",8.07992271083333,1.52165789174151,12,0.188325797931373
"2290","PIE-PlantShoot_2004-2020_Processed.csv","2006","Enriched",8.072009251,2.66239317850664,12,0.329830293266427
"2291","PIE-PlantShoot_2004-2020_Processed.csv","2007","Control",7.34645300483333,1.35891758072552,6,0.184976012210447
"2292","PIE-PlantShoot_2004-2020_Processed.csv","2007","Enriched",8.4377890035,0.558232071184856,6,0.0661585719853034
"2293","PIE-PlantShoot_2004-2020_Processed.csv","2008","Control",5.42693613883333,0.939829070209685,6,0.173178575565794
"2294","PIE-PlantShoot_2004-2020_Processed.csv","2008","Enriched",7.5751185015,1.5283392285505,6,0.201757798013042
"2295","PIE-PlantShoot_2004-2020_Processed.csv","2009","Control",6.59032280308333,0.585870470562824,12,0.0888985999727843
"2296","PIE-PlantShoot_2004-2020_Processed.csv","2009","Enriched",7.51490253333333,1.11955896215435,12,0.148978507331053
"2297","PIE-PlantShoot_2004-2020_Processed.csv","2010","Control",6.94075272933333,2.42158745377544,9,0.348894067864025
"2298","PIE-PlantShoot_2004-2020_Processed.csv","2010","Enriched",7.78261487933333,1.42950054876426,9,0.1836786955192
"2299","PIE-PlantShoot_2004-2020_Processed.csv","2011","Control",7.13115407411111,0.68198013957037,9,0.0956339089694087
"2300","PIE-PlantShoot_2004-2020_Processed.csv","2011","Enriched",7.78062144922222,0.784803680421427,9,0.100866452062114
"2301","PIE-PlantShoot_2004-2020_Processed.csv","2012","Control",5.627612037,0.567721050530579,9,0.100881341286139
"2302","PIE-PlantShoot_2004-2020_Processed.csv","2012","Enriched",5.76087629633333,0.64209052557051,9,0.111457093077868
"2303","PIE-PlantShoot_2004-2020_Processed.csv","2013","Control",6.14236720488889,0.962665655861569,9,0.156725513755569
"2304","PIE-PlantShoot_2004-2020_Processed.csv","2013","Enriched",5.83626784866667,1.39786701025067,9,0.239513854829336
"2305","PIE-PlantShoot_2004-2020_Processed.csv","2014","Control",6.03243222222222,0.879423480749999,9,0.145782571333398
"2306","PIE-PlantShoot_2004-2020_Processed.csv","2014","Enriched",6.57747129633333,1.13760868091739,9,0.172955324267483
"2307","PIE-PlantShoot_2004-2020_Processed.csv","2015","Control",6.45359111111111,1.01285835787197,9,0.156944922669201
"2308","PIE-PlantShoot_2004-2020_Processed.csv","2015","Enriched",6.38218222222222,1.25246284577406,9,0.196243667473656
"2309","PIE-PlantShoot_2004-2020_Processed.csv","2016","Control",3.55527077773333,3.10093748799686,15,0.872208526961725
"2310","PIE-PlantShoot_2004-2020_Processed.csv","2016","Enriched",6.49270555166667,2.34275206677981,9,0.360828324669432
"2311","PIE-PlantShoot_2004-2020_Processed.csv","2017","Control",5.92587111111111,0.984749064843989,9,0.166177941838385
"2312","PIE-PlantShoot_2004-2020_Processed.csv","2017","Enriched",6.96418222222222,1.56479522840672,9,0.224691884628402
"2313","PIE-PlantShoot_2004-2020_Processed.csv","2018","Control",5.32505333333333,1.33265996728348,9,0.250262276049219
"2314","PIE-PlantShoot_2004-2020_Processed.csv","2018","Enriched",5.03564175088889,1.78046408508293,9,0.353572428929966
"2315","PIE-PlantShoot_2004-2020_Processed.csv","2019","Control",5.60027555555556,0.507054168484766,9,0.0905409320407031
"2316","PIE-PlantShoot_2004-2020_Processed.csv","2019","Enriched",6.43817777777778,1.09064919549984,9,0.169403398468486
"2317","PIE-PlantShoot_2004-2020_Processed.csv","2020","Control",5.46684666666667,0.71536043230435,6,0.130854307048003
"2318","PIE-PlantShoot_2004-2020_Processed.csv","2020","Enriched",5.55018666666667,1.001092496226,9,0.180370959816246
"2319","SBC_algal_biomass_2008-2024_processed_corrected.csv","2008","ANNUAL",-13707.7126419219,36828.8969636976,32,-2.68672811618949
"2320","SBC_algal_biomass_2008-2024_processed_corrected.csv","2008","CONTROL",-13854.5457834281,36899.7747324022,32,-2.66336950407564
"2321","SBC_algal_biomass_2008-2024_processed_corrected.csv","2009","ANNUAL",1375.31197973437,1321.60803235301,32,0.960951443619551
"2322","SBC_algal_biomass_2008-2024_processed_corrected.csv","2009","CONTROL",2753.5584421125,5883.46892671277,32,2.13667842916711
"2323","SBC_algal_biomass_2008-2024_processed_corrected.csv","2010","ANNUAL",1588.42244668125,1909.38230108453,32,1.20206202391176
"2324","SBC_algal_biomass_2008-2024_processed_corrected.csv","2010","CONTINUAL",-2283.6950417625,20854.5383409268,24,-9.13192784481057
"2325","SBC_algal_biomass_2008-2024_processed_corrected.csv","2010","CONTROL",1606.5850538125,1537.0419304514,32,0.9567136995355
"2326","SBC_algal_biomass_2008-2024_processed_corrected.csv","2011","ANNUAL",1035.88797147879,945.901552006485,33,0.913131128123979
"2327","SBC_algal_biomass_2008-2024_processed_corrected.csv","2011","CONTINUAL",1485.45746999062,1461.08428133352,32,0.983592132962745
"2328","SBC_algal_biomass_2008-2024_processed_corrected.csv","2011","CONTROL",1497.54899576061,1052.20693020451,33,0.702619368837472
"2329","SBC_algal_biomass_2008-2024_processed_corrected.csv","2012","ANNUAL",963.18382178,952.305367252565,35,0.988705733753573
"2330","SBC_algal_biomass_2008-2024_processed_corrected.csv","2012","CONTINUAL",1285.54660771786,1385.15929528673,28,1.07748664029048
"2331","SBC_algal_biomass_2008-2024_processed_corrected.csv","2012","CONTROL",1232.23324112571,918.58652476462,35,0.745464814701346
"2332","SBC_algal_biomass_2008-2024_processed_corrected.csv","2013","ANNUAL",991.04053131,849.195304831462,20,0.856872426508085
"2333","SBC_algal_biomass_2008-2024_processed_corrected.csv","2013","CONTINUAL",1297.16893829375,648.339741440068,16,0.49981133705905
"2334","SBC_algal_biomass_2008-2024_processed_corrected.csv","2013","CONTROL",1112.66133039,330.112525953609,20,0.296687335973023
"2335","SBC_algal_biomass_2008-2024_processed_corrected.csv","2014","ANNUAL",981.459158686667,547.293806152229,15,0.557632787170265
"2336","SBC_algal_biomass_2008-2024_processed_corrected.csv","2014","CONTINUAL",5565.37630283333,14525.8593400377,12,2.61004082197328
"2337","SBC_algal_biomass_2008-2024_processed_corrected.csv","2014","CONTROL",1382.79811193333,643.087505154357,15,0.465062469788331
"2338","SBC_algal_biomass_2008-2024_processed_corrected.csv","2015","ANNUAL",788.87296873,748.91323166661,20,0.949345789946737
"2339","SBC_algal_biomass_2008-2024_processed_corrected.csv","2015","CONTINUAL",1136.6599042625,1522.85035510786,16,1.33975901621685
"2340","SBC_algal_biomass_2008-2024_processed_corrected.csv","2015","CONTROL",1187.555440525,924.486488634829,20,0.778478593156146
"2341","SBC_algal_biomass_2008-2024_processed_corrected.csv","2016","ANNUAL",1142.34529449,1371.91472397361,20,1.20096325567315
"2342","SBC_algal_biomass_2008-2024_processed_corrected.csv","2016","CONTINUAL",1610.25317343125,1756.76239546057,16,1.09098520931161
"2343","SBC_algal_biomass_2008-2024_processed_corrected.csv","2016","CONTROL",1654.04242996,1357.02631075143,20,0.820430169245568
"2344","SBC_algal_biomass_2008-2024_processed_corrected.csv","2017","ANNUAL",1322.83364535,1245.05769307678,20,0.941205039237836
"2345","SBC_algal_biomass_2008-2024_processed_corrected.csv","2017","CONTINUAL",1922.7556281875,2330.78141038786,16,1.21220886118793
"2346","SBC_algal_biomass_2008-2024_processed_corrected.csv","2017","CONTROL",2336.018005775,1918.37788711376,20,0.821217080677986
"2347","SBC_algal_biomass_2008-2024_processed_corrected.csv","2018","ANNUAL",2000.760839615,1607.23000188813,20,0.80330940613442
"2348","SBC_algal_biomass_2008-2024_processed_corrected.csv","2018","CONTINUAL",2338.83195748125,2525.00168323142,16,1.07959944499418
"2349","SBC_algal_biomass_2008-2024_processed_corrected.csv","2018","CONTROL",2244.171624645,1777.14633279191,20,0.79189412845064
"2350","SBC_algal_biomass_2008-2024_processed_corrected.csv","2019","ANNUAL",1695.56227402,1558.50333428932,20,0.919166083233422
"2351","SBC_algal_biomass_2008-2024_processed_corrected.csv","2019","CONTINUAL",2278.1602218,2325.69049783756,16,1.02086344743567
"2352","SBC_algal_biomass_2008-2024_processed_corrected.csv","2019","CONTROL",2150.922203545,1743.77580608148,20,0.810710774758616
"2353","SBC_algal_biomass_2008-2024_processed_corrected.csv","2020","ANNUAL",1479.40720386,1598.95876236805,15,1.08081044772266
"2354","SBC_algal_biomass_2008-2024_processed_corrected.csv","2020","CONTINUAL",2090.41731416667,2103.83024945788,12,1.00641639121544
"2355","SBC_algal_biomass_2008-2024_processed_corrected.csv","2020","CONTROL",2193.61760172,1924.44043890761,15,0.877290753592909
"2356","SBC_algal_biomass_2008-2024_processed_corrected.csv","2021","ANNUAL",1377.377544235,1223.54227732751,20,0.888312926581848
"2357","SBC_algal_biomass_2008-2024_processed_corrected.csv","2021","CONTINUAL",1754.85164895,1560.42299262283,16,0.889205075287418
"2358","SBC_algal_biomass_2008-2024_processed_corrected.csv","2021","CONTROL",1814.982584195,1448.68612479141,20,0.79818183238047
"2359","SBC_algal_biomass_2008-2024_processed_corrected.csv","2022","ANNUAL",1250.66528168,1056.49065649575,20,0.844742931599239
"2360","SBC_algal_biomass_2008-2024_processed_corrected.csv","2022","CONTINUAL",2016.57818153125,2100.7080308241,16,1.04171911114746
"2361","SBC_algal_biomass_2008-2024_processed_corrected.csv","2022","CONTROL",2048.930469845,2105.19851730347,20,1.02746215564002
"2362","SBC_algal_biomass_2008-2024_processed_corrected.csv","2023","ANNUAL",1487.85517222,1896.19483752032,10,1.27444853029011
"2363","SBC_algal_biomass_2008-2024_processed_corrected.csv","2023","CONTINUAL",2386.4186368125,2756.74682509389,8,1.15518156897066
"2364","SBC_algal_biomass_2008-2024_processed_corrected.csv","2023","CONTROL",2399.44026804,2366.18527346016,10,0.98614051992759
"2365","SEV_Aboveground_Biomass_2004-2023_gm2_processed_compactv.csv","2004","C",9.82419757515,4.15801015682865,20,0.423241707531026
"2366","SEV_Aboveground_Biomass_2004-2023_gm2_processed_compactv.csv","2004","F",10.2599845381,5.50722876782754,20,0.53676774534861
"2367","SEV_Aboveground_Biomass_2004-2023_gm2_processed_compactv.csv","2005","C",12.14463122,6.52059909273549,20,0.536912070413242
"2368","SEV_Aboveground_Biomass_2004-2023_gm2_processed_compactv.csv","2005","F",12.96975713565,8.46501180624737,20,0.65267311621276
"2369","SEV_Aboveground_Biomass_2004-2023_gm2_processed_compactv.csv","2006","C",9.952708677,4.48996704413358,20,0.451130158617982
"2370","SEV_Aboveground_Biomass_2004-2023_gm2_processed_compactv.csv","2006","F",18.73366808735,15.7567344754217,20,0.841091792699237
"2371","SEV_Aboveground_Biomass_2004-2023_gm2_processed_compactv.csv","2007","C",14.16558043845,9.04930695900253,20,0.63882359062674
"2372","SEV_Aboveground_Biomass_2004-2023_gm2_processed_compactv.csv","2007","F",25.4963625402,24.2357736657345,20,0.950558089512652
"2373","SEV_Aboveground_Biomass_2004-2023_gm2_processed_compactv.csv","2008","C",11.64826857805,4.86595090031704,20,0.417740273390197
"2374","SEV_Aboveground_Biomass_2004-2023_gm2_processed_compactv.csv","2008","F",16.9802976994,11.8231887499104,20,0.696288661083258
"2375","SEV_Aboveground_Biomass_2004-2023_gm2_processed_compactv.csv","2009","C",11.2950877407,7.55496579608516,20,0.668871811315115
"2376","SEV_Aboveground_Biomass_2004-2023_gm2_processed_compactv.csv","2009","F",16.04382629555,17.7894730431816,20,1.10880488952413
"2377","SEV_Aboveground_Biomass_2004-2023_gm2_processed_compactv.csv","2010","C",17.79596474375,14.0657785291756,20,0.790391458497103
"2378","SEV_Aboveground_Biomass_2004-2023_gm2_processed_compactv.csv","2010","F",28.81351048155,33.6551689100471,20,1.16803431263946
"2379","SEV_Aboveground_Biomass_2004-2023_gm2_processed_compactv.csv","2011","C",10.55789447925,7.51468060362143,20,0.711759396571962
"2380","SEV_Aboveground_Biomass_2004-2023_gm2_processed_compactv.csv","2011","F",11.5604335225,9.45372931008423,20,0.817765985305352
"2381","SEV_Aboveground_Biomass_2004-2023_gm2_processed_compactv.csv","2012","C",10.20997370745,5.23074225056073,20,0.512316916814778
"2382","SEV_Aboveground_Biomass_2004-2023_gm2_processed_compactv.csv","2012","F",13.47247120195,9.0074434483422,20,0.668581384463339
"2383","SEV_Aboveground_Biomass_2004-2023_gm2_processed_compactv.csv","2013","C",14.03908962675,10.6013053468637,20,0.755127691945495
"2384","SEV_Aboveground_Biomass_2004-2023_gm2_processed_compactv.csv","2013","F",15.9667566676,14.1874576402206,20,0.888562275706878
"2385","SEV_Aboveground_Biomass_2004-2023_gm2_processed_compactv.csv","2014","C",11.19610880575,7.29745437672276,20,0.651784874846428
"2386","SEV_Aboveground_Biomass_2004-2023_gm2_processed_compactv.csv","2014","F",17.48665539345,10.8007172203733,20,0.617654833206067
"2387","SEV_Aboveground_Biomass_2004-2023_gm2_processed_compactv.csv","2015","C",18.6970850205,13.8972893640876,20,0.743286418650297
"2388","SEV_Aboveground_Biomass_2004-2023_gm2_processed_compactv.csv","2015","F",31.28929473765,35.4378800601734,20,1.1325880099666
"2389","SEV_Aboveground_Biomass_2004-2023_gm2_processed_compactv.csv","2016","C",19.44507624335,20.3474987872105,20,1.04640879431723
"2390","SEV_Aboveground_Biomass_2004-2023_gm2_processed_compactv.csv","2016","F",30.8212344864,21.6518586469351,20,0.702498099370065
"2391","SEV_Aboveground_Biomass_2004-2023_gm2_processed_compactv.csv","2017","C",21.54847803695,14.1517432403843,20,0.656739803902519
"2392","SEV_Aboveground_Biomass_2004-2023_gm2_processed_compactv.csv","2017","F",30.3281145285,16.3810850403936,20,0.540128698900814
"2393","SEV_Aboveground_Biomass_2004-2023_gm2_processed_compactv.csv","2018","C",8.4340166234,4.91147118103148,20,0.582340704357247
"2394","SEV_Aboveground_Biomass_2004-2023_gm2_processed_compactv.csv","2018","F",8.0290609145,5.20644691440294,20,0.648450294479696
"2395","SEV_Aboveground_Biomass_2004-2023_gm2_processed_compactv.csv","2019","C",12.3206365607,8.27001576604183,20,0.671232831623431
"2396","SEV_Aboveground_Biomass_2004-2023_gm2_processed_compactv.csv","2019","F",10.98866226095,6.2247838490438,20,0.566473306870536
"2397","SEV_Aboveground_Biomass_2004-2023_gm2_processed_compactv.csv","2020","C",13.67723422245,22.5931435614979,20,1.65187955357328
"2398","SEV_Aboveground_Biomass_2004-2023_gm2_processed_compactv.csv","2020","F",10.6768129812,13.9391315901867,20,1.30555172360245
"2399","SEV_Aboveground_Biomass_2004-2023_gm2_processed_compactv.csv","2021","C",6.0190886143,5.45066741250027,20,0.905563576444233
"2400","SEV_Aboveground_Biomass_2004-2023_gm2_processed_compactv.csv","2021","F",4.5966465008,3.43535434053615,20,0.74736100327451
"2401","SEV_Aboveground_Biomass_2004-2023_gm2_processed_compactv.csv","2022","C",5.5031489226,4.60130183561647,20,0.836121627877472
"2402","SEV_Aboveground_Biomass_2004-2023_gm2_processed_compactv.csv","2022","F",11.15153688635,11.8579202679735,20,1.06334403847851
"2403","SEV_Aboveground_Biomass_2004-2023_gm2_processed_compactv.csv","2023","C",3.27601217835,1.98904012829626,20,0.607152849260184
"2404","SEV_Aboveground_Biomass_2004-2023_gm2_processed_compactv.csv","2023","F",3.66369924585,1.82551686179624,20,0.498271484446783
"2405","VCR_flora manipulation and inundation_live_dead_biomass_1998-2010_gm2_processed.csv","1998","(B)Border Control",52.4768194444444,3.0290285646916,3,0.0577212681095952
"2406","VCR_flora manipulation and inundation_live_dead_biomass_1998-2010_gm2_processed.csv","1998","(C)Control Plot",51.0933465085639,5.27189464752527,3,0.103181627506854
"2407","VCR_flora manipulation and inundation_live_dead_biomass_1998-2010_gm2_processed.csv","1998","(P)Pumped Plot",58.1399880952381,3.89278897943,3,0.066955448512533
"2408","VCR_flora manipulation and inundation_live_dead_biomass_1998-2010_gm2_processed.csv","1999","(B)Border Control",15.1821666666667,1.837781565729,3,0.121048701814344
"2409","VCR_flora manipulation and inundation_live_dead_biomass_1998-2010_gm2_processed.csv","1999","(C)Control Plot",17.3203947368421,2.23392094382076,3,0.128976329798593
"2410","VCR_flora manipulation and inundation_live_dead_biomass_1998-2010_gm2_processed.csv","1999","(P)Pumped Plot",11.2547222222222,1.72019385481643,3,0.152841964541776
"2411","VCR_flora manipulation and inundation_live_dead_biomass_1998-2010_gm2_processed.csv","2000","(B)Border Control",34.3898863636364,5.92185858635068,2,0.172197678228225
"2412","VCR_flora manipulation and inundation_live_dead_biomass_1998-2010_gm2_processed.csv","2000","(C)Control Plot",31.7199285714286,1.04237641072346,2,0.0328618776166592
"2413","VCR_flora manipulation and inundation_live_dead_biomass_1998-2010_gm2_processed.csv","2000","(P)Pumped Plot",43.1895454545455,4.17385848204025,2,0.0966404818136601
"2414","VCR_flora manipulation and inundation_live_dead_biomass_1998-2010_gm2_processed.csv","2001","(B)Border Control",37.3079166666666,2.51081832886321,2,0.0672998803791835
"2415","VCR_flora manipulation and inundation_live_dead_biomass_1998-2010_gm2_processed.csv","2001","(C)Control Plot",30.4352058823529,9.87940478512265,2,0.324604499910775
"2416","VCR_flora manipulation and inundation_live_dead_biomass_1998-2010_gm2_processed.csv","2001","(P)Pumped Plot",40.0576818181818,7.69518596991461,2,0.192102628525594
"2417","VCR_flora manipulation and inundation_live_dead_biomass_1998-2010_gm2_processed.csv","2002","(B)Border Control",34.5198015873016,6.78873875823977,3,0.196662160443502
"2418","VCR_flora manipulation and inundation_live_dead_biomass_1998-2010_gm2_processed.csv","2002","(C)Control Plot",34.3104761904762,7.13843922103925,3,0.20805421590216
"2419","VCR_flora manipulation and inundation_live_dead_biomass_1998-2010_gm2_processed.csv","2002","(P)Pumped Plot",33.3375518925519,7.62184155649349,3,0.22862631248566
"2420","VCR_flora manipulation and inundation_live_dead_biomass_1998-2010_gm2_processed.csv","2003","(B)Border Control",22.445202020202,4.59074259207364,3,0.20453113266442
"2421","VCR_flora manipulation and inundation_live_dead_biomass_1998-2010_gm2_processed.csv","2003","(C)Control Plot",20.3311327561328,3.9780596540668,3,0.195663453767318
"2422","VCR_flora manipulation and inundation_live_dead_biomass_1998-2010_gm2_processed.csv","2003","(P)Pumped Plot",22.2550505050505,2.4200552538929,3,0.108741845063156
"2423","VCR_flora manipulation and inundation_live_dead_biomass_1998-2010_gm2_processed.csv","2004","(B)Border Control",29.9545833333333,3.24405281181323,3,0.108299046450206
"2424","VCR_flora manipulation and inundation_live_dead_biomass_1998-2010_gm2_processed.csv","2004","(C)Control Plot",29.6006818181818,1.11384792620402,3,0.0376291307425173
"2425","VCR_flora manipulation and inundation_live_dead_biomass_1998-2010_gm2_processed.csv","2004","(P)Pumped Plot",39.02375,11.7585124085702,3,0.301316823948755
"2426","VCR_flora manipulation and inundation_live_dead_biomass_1998-2010_gm2_processed.csv","2005","(B)Border Control",19.060303030303,3.13804083394115,3,0.164637510167185
"2427","VCR_flora manipulation and inundation_live_dead_biomass_1998-2010_gm2_processed.csv","2005","(C)Control Plot",11.5185979146302,1.40758947362832,3,0.122201459245356
"2428","VCR_flora manipulation and inundation_live_dead_biomass_1998-2010_gm2_processed.csv","2005","(P)Pumped Plot",18.0156986531987,6.54885310336087,3,0.363508139730019
"2429","VCR_flora manipulation and inundation_live_dead_biomass_1998-2010_gm2_processed.csv","2006","(B)Border Control",33.8766560457516,2.6982259634826,3,0.0796485331916629
"2430","VCR_flora manipulation and inundation_live_dead_biomass_1998-2010_gm2_processed.csv","2006","(C)Control Plot",37.6739813865147,1.91727675727905,3,0.0508912699618556
"2431","VCR_flora manipulation and inundation_live_dead_biomass_1998-2010_gm2_processed.csv","2006","(P)Pumped Plot",28.6686944444445,2.10946197776784,3,0.0735806781106009
"2432","VCR_flora manipulation and inundation_live_dead_biomass_1998-2010_gm2_processed.csv","2007","(B)Border Control",30.0813247863248,2.90943030487709,3,0.0967188222441501
"2433","VCR_flora manipulation and inundation_live_dead_biomass_1998-2010_gm2_processed.csv","2007","(C)Control Plot",21.9801890989989,4.24075334464354,3,0.192935252992736
"2434","VCR_flora manipulation and inundation_live_dead_biomass_1998-2010_gm2_processed.csv","2007","(P)Pumped Plot",29.2476587301588,3.97388633398428,3,0.135870237363191
"2435","VCR_flora manipulation and inundation_live_dead_biomass_1998-2010_gm2_processed.csv","2008","(B)Border Control",0,0,3,NA
"2436","VCR_flora manipulation and inundation_live_dead_biomass_1998-2010_gm2_processed.csv","2008","(C)Control Plot",0,0,3,NA
"2437","VCR_flora manipulation and inundation_live_dead_biomass_1998-2010_gm2_processed.csv","2008","(P)Pumped Plot",0,0,3,NA
"2438","VCR_flora manipulation and inundation_live_dead_biomass_1998-2010_gm2_processed.csv","2009","(B)Border Control",18.1796736596737,2.48667877407018,3,0.136783466008312
"2439","VCR_flora manipulation and inundation_live_dead_biomass_1998-2010_gm2_processed.csv","2009","(C)Control Plot",20.6096798029556,1.43583814064425,3,0.0696681440164025
"2440","VCR_flora manipulation and inundation_live_dead_biomass_1998-2010_gm2_processed.csv","2009","(P)Pumped Plot",23.6885714285714,1.31407621583392,3,0.0554730039249633
"2441","VCR_flora manipulation and inundation_live_dead_biomass_1998-2010_gm2_processed.csv","2010","(C)Control Plot",24.3362121212121,1.2683603925539,3,0.0521182337759277
"2442","VCR_flora maniupulation and inundation_live_dead_biomass_1994-2014_gm2_processed.csv","1994","Inside Juncus",8.43290476190476,3.9868027193357,2,0.472767430903037
"2443","VCR_flora maniupulation and inundation_live_dead_biomass_1994-2014_gm2_processed.csv","1994","Outside Juncus",21.2745210084033,0.78920247268966,2,0.0370961335570342
"2444","VCR_flora maniupulation and inundation_live_dead_biomass_1994-2014_gm2_processed.csv","1995","Inside Juncus",7.53881944444444,0.108324830506777,2,0.0143689381746109
"2445","VCR_flora maniupulation and inundation_live_dead_biomass_1994-2014_gm2_processed.csv","1995","Outside Juncus",23.8527932816537,0.215095670529321,2,0.00901763026197693
"2446","VCR_flora maniupulation and inundation_live_dead_biomass_1994-2014_gm2_processed.csv","1996","Inside Juncus",10.7996794871795,0.0349020654816621,2,0.00323176863934666
"2447","VCR_flora maniupulation and inundation_live_dead_biomass_1994-2014_gm2_processed.csv","1996","Outside Juncus",18.7266805555556,2.18792587397645,2,0.116834687679198
"2448","VCR_flora maniupulation and inundation_live_dead_biomass_1994-2014_gm2_processed.csv","1997","Inside Juncus",25.6379813664596,5.14857184087922,2,0.200818144271481
"2449","VCR_flora maniupulation and inundation_live_dead_biomass_1994-2014_gm2_processed.csv","1997","Outside Juncus",21.6176652735562,0.360895802572675,2,0.0166944856443004
"2450","VCR_flora maniupulation and inundation_live_dead_biomass_1994-2014_gm2_processed.csv","1998","Inside Juncus",18.7975609756097,0.663990514041023,2,0.0353232270347502
"2451","VCR_flora maniupulation and inundation_live_dead_biomass_1994-2014_gm2_processed.csv","1998","Outside Juncus",31.8278880266075,3.62061405999278,2,0.113756026066386
"2452","VCR_flora maniupulation and inundation_live_dead_biomass_1994-2014_gm2_processed.csv","2000","Inside Juncus",159.29,NA,1,NA
"2453","VCR_flora maniupulation and inundation_live_dead_biomass_1994-2014_gm2_processed.csv","2000","Outside Juncus",65.395,NA,1,NA
"2454","VCR_flora maniupulation and inundation_live_dead_biomass_1994-2014_gm2_processed.csv","2002","Inside Juncus",15.68,16.2634559672906,2,1.03721020199557
"2455","VCR_flora maniupulation and inundation_live_dead_biomass_1994-2014_gm2_processed.csv","2002","Outside Juncus",36.9547619047619,4.82516198781111,2,0.130569424320641
"2456","VCR_flora maniupulation and inundation_live_dead_biomass_1994-2014_gm2_processed.csv","2003","Inside Juncus",11.0805555555555,7.3971226054126,2,0.66757687088206
"2457","VCR_flora maniupulation and inundation_live_dead_biomass_1994-2014_gm2_processed.csv","2003","Outside Juncus",15.0711111111111,0.351982042190653,2,0.0233547506614264
"2458","VCR_flora maniupulation and inundation_live_dead_biomass_1994-2014_gm2_processed.csv","2004","Inside Juncus",42.0404166666666,3.20613999703003,2,0.0762632783221708
"2459","VCR_flora maniupulation and inundation_live_dead_biomass_1994-2014_gm2_processed.csv","2004","Outside Juncus",23.2360714285714,4.05727769519393,2,0.17461117330725
"2460","VCR_flora maniupulation and inundation_live_dead_biomass_1994-2014_gm2_processed.csv","2005","Inside Juncus",41.2597727272727,18.1093260783607,2,0.438909981353107
"2461","VCR_flora maniupulation and inundation_live_dead_biomass_1994-2014_gm2_processed.csv","2005","Outside Juncus",13.2419230769231,9.48665336205737,2,0.716410547542745
"2462","VCR_flora maniupulation and inundation_live_dead_biomass_1994-2014_gm2_processed.csv","2006","Inside Juncus",40.6973214285714,8.01884343679156,2,0.197036147719588
"2463","VCR_flora maniupulation and inundation_live_dead_biomass_1994-2014_gm2_processed.csv","2006","Outside Juncus",21.375,1.88797510576808,2,0.0883263207376881
"2464","VCR_flora maniupulation and inundation_live_dead_biomass_1994-2014_gm2_processed.csv","2007","Inside Juncus",107.966666666667,16.7772868949528,2,0.155393209894593
"2465","VCR_flora maniupulation and inundation_live_dead_biomass_1994-2014_gm2_processed.csv","2007","Outside Juncus",21.3177972027972,1.59603395638864,2,0.0748686152328729
"2466","VCR_flora maniupulation and inundation_live_dead_biomass_1994-2014_gm2_processed.csv","2008","Inside Juncus",93.4175,17.1720881811153,2,0.183820892028959
"2467","VCR_flora maniupulation and inundation_live_dead_biomass_1994-2014_gm2_processed.csv","2008","Outside Juncus",18.4246153846154,4.88665178629224,2,0.265224086597358
"2468","VCR_flora maniupulation and inundation_live_dead_biomass_1994-2014_gm2_processed.csv","2009","Inside Juncus",61.95925,7.06647161778777,2,0.114050309159452
"2469","VCR_flora maniupulation and inundation_live_dead_biomass_1994-2014_gm2_processed.csv","2009","Outside Juncus",11.4742857142857,1.18591908730425,2,0.1033545021306
"2470","VCR_flora maniupulation and inundation_live_dead_biomass_1994-2014_gm2_processed.csv","2010","Inside Juncus",58.006,20.9190470146228,2,0.360635917226198
"2471","VCR_flora maniupulation and inundation_live_dead_biomass_1994-2014_gm2_processed.csv","2010","Outside Juncus",29.319126984127,7.66223152877179,2,0.261339006885165
"2472","VCR_flora maniupulation and inundation_live_dead_biomass_1994-2014_gm2_processed.csv","2013","Inside Juncus",38.9571428571429,8.72367737475292,2,0.223930112296555
"2473","VCR_flora maniupulation and inundation_live_dead_biomass_1994-2014_gm2_processed.csv","2013","Outside Juncus",16.2472159090909,7.94651421880043,2,0.489100056481312
